# F34 BrakeDataPreprocessor optimizer-compatible export
# Source session: autox527
# Segment type: autocross_run | source time 1538.900 to 1816.800 s
# Source files: AutoX 5-27.txt
# Format: drs_22_column | estimated: none | missing-as-NaN: tempFLRaw, tempRLRaw | startup-cleaning: trimmed 0.00 s, start 21.5 C, spikes 3981
Time_s	FL_RotorTemp_RAW	FR_RotorTemp_RAW	RL_RotorTemp_RAW	RR_RotorTemp_RAW	DRS_State	Steering_pct	FrontBrakePressure_RAW	AccelPedalA_pct	AccelPedalB_pct	Reserved	RearBrakePressure_RAW	FL_FeedbackTorque_pctMn	FL_FeedbackVelocity_rpm	FR_FeedbackTorque_pctMn	FR_FeedbackVelocity_rpm	RL_FeedbackTorque_pctMn	RL_FeedbackVelocity_rpm	RR_FeedbackTorque_pctMn	RR_FeedbackVelocity_rpm	Velocity_mps	AccelX_mps2
0	NaN	679	NaN	573	0	-1	361	0	0	0	408	-0	-0	-0	-0	0	0	0	0	-0.012	0.119
0.1	NaN	680	NaN	573	0	0	359	0	0	0	408	-0	0	0	-0	0	-0	-0	-0	-0.013	0.102
0.2	NaN	681	NaN	573	0	1	361	0	0	0	405	-0	0	-0	-0	0	0	-0	0	-0.01	0.139
0.3	NaN	683	NaN	574	0	0	361	0	0	0	406	-0	0	0	0	0	0	0	-0	-0.01	0.126
0.4	NaN	675	NaN	574	0	3	364	0	0	0	406	0	-0	0	0	0	-0	-0	-0	-0.01	0.09
0.5	NaN	684	NaN	573	0	1	360	0	0	0	408	-0	-0	-0	-0	0	-0	0	-0	-0.011	0.11
0.6	NaN	679	NaN	574	0	0	361	0	0	0	406	-0	0	0	0	0	0	0	0	-0.009	0.092
0.7	NaN	677	NaN	572	0	4	364	0	0	0	408	-0	-0	0	0	-0	-0	0	0	-0.01	0.158
0.8	NaN	678	NaN	572	0	0	362	0	0	0	407	-0	0	0	-0	-0	-0	-0	0	-0.013	0.094
0.9	NaN	684	NaN	573	0	0	359	0	0	0	406	-0	0	-0	0	0	0	0	1	-0.009	0.139
1	NaN	679	NaN	573	0	0	360	0	0	0	406	-0	-0	-0	-1	0	-0	-0	-1	-0.018	0.088
1.1	NaN	681	NaN	574	0	2	361	0	0	0	408	-0	0	0	1	0	0	0	1	-0.012	0.117
1.2	NaN	681	NaN	574	0	1	362	0	0	0	407	0	-0	-0	-1	0	-0	0	-1	-0.017	0.103
1.3	NaN	678	NaN	573	0	2	360	0	0	0	408	-0	-0	-0	0	0	0	-0	0	-0.013	0.153
1.4	NaN	683	NaN	573	0	0	359	0	0	0	405	-0	0	0	0	0	0	0	0	-0.014	0.07
1.5	NaN	678	NaN	572	0	1	362	0	0	0	407	0	-0	0	-0	0	0	-0	-0	-0.014	0.05
1.6	NaN	678	NaN	574	0	2	361	0	0	0	407	-0	0	0	-0	-0	0	0	0	-0.013	0.067
1.7	NaN	677	NaN	572	0	2	361	0	0	0	406	-0	-0	0	0	0	0	-0	0	-0.013	0.105
1.8	NaN	682	NaN	570	0	1	361	0	0	0	405	-0	-0	-0	-1	-0	-0	0	-1	-0.01	0.137
1.9	NaN	677	NaN	571	0	3	362	0	0	0	408	-0	-0	0	0	0	0	-0	0	-0.007	0.07
2	NaN	681	NaN	573	0	2	363	0	0	0	405	-0	0	-0	-0	0	0	-0	-0	-0.009	0.143
2.1	NaN	682	NaN	571	0	3	360	0	0	0	407	0	-0	-0	0	0	0	-0	0	-0.009	0.117
2.2	NaN	679	NaN	573	0	2	362	0	0	0	408	-0	-0	0	-0	0	-0	-0	-0	-0.007	0.075
2.3	NaN	676	NaN	572	0	2	363	0	0	0	408	-0	-0	-0	-0	-0	0	0	-0	-0.005	0.13
2.4	NaN	677	NaN	574	0	3	365	0	0	0	407	-0	-0	0	0	-0	-0	0	-0	-0.006	0.08
2.5	NaN	674	NaN	573	0	2	364	0	0	0	408	-0	-0	-0	0	0	0	-0	0	-0.002	0.126
2.6	NaN	680	NaN	573	0	3	362	0	0	0	408	-0	-0	-0	0	-0	-0	-0	-0	-0.003	0.102
2.7	NaN	683	NaN	571	0	1	359	0	0	0	408	-0	0	-0	0	-0	0	0	0	-0.003	0.137
2.8	NaN	684	NaN	572	0	0	358	0	0	0	408	-0	-0	0	-0	0	-0	0	-0	-0.006	0.06
2.9	NaN	678	NaN	570	0	2	362	0	0	0	407	0	-0	0	-0	0	-0	-0	0	-0.004	0.125
3	NaN	680	NaN	570	0	1	361	0	0	0	408	-0	0	-0	-0	-0	-0	0	-0	-0.005	0.098
3.1	NaN	679	NaN	572	0	3	361	0	0	0	407	-0	-0	0	0	0	-0	0	0	-0.003	0.06
3.2	NaN	679	NaN	571	0	3	363	0	0	0	407	-0	-0	-0	0	0	0	-0	0	-0.002	0.118
3.3	NaN	681	NaN	571	0	3	361	0	0	0	408	-0	-0	0	-1	0	0	-0	-1	-0.003	0.152
3.4	NaN	680	NaN	570	0	3	363	0	0	0	408	-0	0	0	-0	0	0	0	-0	-0.002	0.093
3.5	NaN	680	NaN	572	0	1	363	0	0	0	408	0	0	0	-0	0	0	0	-0	-0.003	0.155
3.6	NaN	680	NaN	571	0	0	361	0	0	0	406	-0	-0	0	-0	0	-0	0	-0	-0.004	0.078
3.7	NaN	678	NaN	573	0	1	362	0	0	0	406	0	-0	-0	0	-0	-0	-0	0	-0.004	0.149
3.8	NaN	678	NaN	571	0	2	361	0	0	0	408	-0	-0	0	-0	0	-0	0	-0	-0.005	0.095
3.9	NaN	676	NaN	572	0	0	363	0	0	0	408	-0	0	0	-0	0	0	-0	0	-0.005	0.109
4	NaN	682	NaN	572	0	1	361	0	0	0	407	-0	0	0	-0	0	-0	-0	-0	-0.006	0.065
4.1	NaN	683	NaN	572	0	0	362	0	0	0	409	-0	-0	0	0	-0	0	0	0	-0.004	0.125
4.2	NaN	680	NaN	572	0	3	363	0	0	0	407	-0	0	0	0	0	-0	0	0	-0.001	0.09
4.3	NaN	675	NaN	571	0	0	362	0	0	0	408	-0	0	-0	0	0	-0	0	0	-0.001	0.139
4.4	NaN	678	NaN	572	0	3	361	0	0	0	407	0	-0	0	-0	-0	-0	-0	-0	-0.003	0.098
4.5	NaN	676	NaN	571	0	1	358	0	0	0	408	-0	-0	-0	0	0	0	-0	0	-0.003	0.133
4.6	NaN	678	NaN	572	0	3	362	0	0	0	407	-0	0	0	0	0	-0	-0	0	-0.002	0.084
4.7	NaN	679	NaN	572	0	2	360	0	0	0	407	0	0	-0	-0	0	-0	-0	-0	-0.002	0.13
4.8	NaN	675	NaN	572	0	3	358	0	0	0	407	-0	-0	-0	0	0	-0	0	-0	-0.003	0.106
4.9	NaN	678	NaN	570	0	3	359	0	0	0	408	0	0	-0	-0	0	0	-0	0	-0.002	0.104
5	NaN	680	NaN	571	0	2	363	0	0	0	405	-0	0	-0	-0	0	-0	-0	0	-0.002	0.102
5.1	NaN	679	NaN	572	0	2	358	0	0	0	409	-0	0	0	0	0	0	-0	0	-0.001	0.112
5.2	NaN	674	NaN	571	0	1	363	0	0	0	408	-0	-0	0	-0	0	-0	0	-0	-0.002	0.106
5.3	NaN	678	NaN	571	0	3	362	0	0	0	407	0	-0	0	0	0	0	0	0	-0.001	0.113
5.4	NaN	674	NaN	572	0	2	363	0	0	0	409	-0	0	0	0	0	-0	0	-0	-0.005	0.114
5.5	NaN	676	NaN	570	0	0	362	0	0	0	407	-0	0	0	-0	-0	-0	0	0	-0.008	0.115
5.6	NaN	674	NaN	570	0	1	360	0	0	0	409	-0	-0	0	0	-0	0	-0	1	-0.008	0.077
5.7	NaN	677	NaN	572	0	2	361	0	0	0	408	-0	0	0	-0	0	-0	-0	-0	-0.01	0.168
5.8	NaN	678	NaN	572	0	1	360	0	0	0	408	-0	-0	-0	0	0	0	-0	0	-0.008	0.053
5.9	NaN	678	NaN	571	0	1	359	0	0	0	408	-0	0	-0	-0	-0	0	-0	0	-0.007	0.163
6	NaN	674	NaN	570	0	2	361	0	0	0	408	0	-0	0	0	0	0	-0	-0	-0.013	0.073
6.1	NaN	679	NaN	570	0	0	357	0	0	0	406	-0	0	0	0	-0	0	-0	-0	-0.012	0.107
6.2	NaN	674	NaN	571	0	1	358	0	0	0	407	0	-0	-0	-0	0	-0	-0	-0	-0.014	0.119
6.3	NaN	676	NaN	570	0	2	360	0	0	0	408	0	-0	0	0	0	0	0	0	-0.013	0.146
6.4	NaN	677	NaN	570	0	2	361	0	0	0	407	-0	0	0	0	-0	0	-0	0	-0.006	0.034
6.5	NaN	669	NaN	571	0	3	363	0	0	0	407	-0	0	0	-0	0	-0	0	-0	-0.007	0.137
6.6	NaN	673	NaN	570	0	4	364	0	0	0	406	0	-0	-0	0	0	-0	0	0	-0	0.098
6.7	NaN	672	NaN	570	0	3	363	0	0	0	407	-0	0	0	-0	0	-0	-0	-1	-0.003	0.132
6.8	NaN	668	NaN	571	0	3	361	0	0	0	407	0	-0	-0	0	0	0	0	0	-0.004	0.092
6.9	NaN	674	NaN	571	0	1	359	0	0	0	406	-0	-0	0	0	0	0	-0	-0	-0.006	0.127
7	NaN	677	NaN	570	0	2	364	0	0	0	407	-0	0	0	0	0	-0	0	-0	-0.005	0.08
7.1	NaN	676	NaN	570	0	0	359	0	0	0	407	-0	-0	0	-0	0	0	-0	-0	-0.005	0.153
7.2	NaN	670	NaN	571	0	3	360	0	0	0	408	-0	0	0	0	0	0	0	0	-0.013	0.107
7.3	NaN	669	NaN	571	0	2	362	0	0	0	406	-0	0	0	-0	-0	0	0	-0	-0.013	0.11
7.4	NaN	671	NaN	571	0	3	361	0	0	0	407	-0	-0	0	0	-0	0	-0	0	-0.013	0.096
7.5	NaN	670	NaN	571	0	0	362	0	0	0	406	-0	-0	-0	-0	0	-0	0	-0	-0.015	0.119
7.6	NaN	675	NaN	570	0	2	358	0	0	0	406	-0	0	0	0	0	-0	0	0	-0.008	0.111
7.7	NaN	672	NaN	571	0	1	359	0	0	0	407	-0	0	0	0	0	0	-0	0	-0.008	0.088
7.8	NaN	669	NaN	571	0	3	363	0	0	0	409	-0	0	0	0	0	0	0	0	-0.009	0.124
7.9	NaN	673	NaN	571	0	2	362	0	0	0	407	-0	-0	0	-0	0	-0	-0	0	-0.009	0.081
8	NaN	676	NaN	570	0	2	364	0	0	0	406	-0	0	-0	-0	0	0	-0	-0	-0.008	0.149
8.1	NaN	670	NaN	571	0	2	363	0	0	0	408	-0	0	-0	-0	0	-0	0	-0	-0.008	0.057
8.2	NaN	670	NaN	571	0	0	362	0	0	0	406	0	-0	-0	0	0	-0	-0	-0	-0.01	0.156
8.3	NaN	670	NaN	570	0	3	363	0	0	0	407	-0	0	-0	0	0	-0	-0	0	-0.01	0.108
8.4	NaN	671	NaN	571	0	0	362	0	0	0	409	0	0	-0	-0	-0	-0	-0	-0	-0.002	0.111
8.5	NaN	673	NaN	571	0	1	361	0	0	0	407	-0	0	0	0	-0	0	-0	-0	-0.002	0.08
8.6	NaN	674	NaN	569	0	1	361	0	0	0	406	-0	-0	0	0	-0	-0	0	0	0.003	0.132
8.7	NaN	672	NaN	569	0	1	362	0	0	0	407	-0	-0	0	0	-0	-0	-0	0	0.003	0.113
8.8	NaN	675	NaN	570	0	0	362	0	0	0	407	-0	-0	-0	0	-0	0	-0	0	-0.002	0.154
8.9	NaN	678	NaN	571	0	1	359	0	0	0	407	-0	-0	0	1	-0	0	0	1	0	0.051
9	NaN	678	NaN	571	0	0	360	0	0	0	408	-0	-0	0	-1	0	-0	0	-1	-0.001	0.158
9.1	NaN	678	NaN	573	0	0	362	0	0	0	405	-0	-0	0	0	0	0	-0	1	0.003	0.1
9.2	NaN	672	NaN	574	0	2	361	0	0	0	408	-0	-0	0	-0	0	0	-0	-0	-0.003	0.046
9.3	NaN	673	NaN	574	0	0	361	0	0	0	406	-0	0	0	-0	0	-0	-0	-0	-0.001	0.163
9.4	NaN	674	NaN	571	0	3	362	0	0	0	408	-0	0	-0	0	0	0	-0	0	-0.001	0.094
9.5	NaN	678	NaN	571	0	0	360	0	0	0	408	0	0	-0	-0	0	-0	0	-0	-0.002	0.101
9.6	NaN	673	NaN	570	0	1	361	0	0	0	407	-0	0	0	0	-0	-0	-0	0	0.001	0.127
9.7	NaN	677	NaN	572	0	0	360	0	0	0	408	0	-0	0	-0	0	-0	-0	-0	-0	0.063
9.8	NaN	669	NaN	571	0	3	369	0	0	0	407	-0	0	-0	-0	0	0	-0	-0	-0	0.118
9.9	NaN	675	NaN	571	0	3	430	0	0	0	466	-0	0	0	0	0	0	-0	0	0	0.112
10	NaN	670	NaN	570	0	3	534	0	0	0	551	-0	0	0	-0	0	-0	-0	-0	0	0.066
10.1	NaN	673	NaN	570	0	1	570	0	0	0	576	-0	-0	0	0	0	0	-0	0	0.003	0.155
10.2	NaN	675	NaN	569	0	2	583	0	0	0	589	-0	0	0	0	0	-0	0	-0	0.001	0.054
10.3	NaN	675	NaN	571	0	3	627	0	0	0	623	-0	-0	0	0	0	0	-0	0	0.002	0.07
10.4	NaN	676	NaN	571	0	3	638	0	0	0	629	-0	0	0	-0	-0	-0	0	0	0	0.168
10.5	NaN	679	NaN	572	0	0	631	0	0	0	627	-0	0	-0	0	-0	-0	-0	0	0.001	0.021
10.6	NaN	677	NaN	571	0	3	632	0	0	0	621	0	0	0	-0	0	-0	0	-0	-0.003	0.123
10.7	NaN	669	NaN	571	0	3	631	0	0	0	618	-0	0	-0	0	-0	0	-0	0	-0.003	0.15
10.8	NaN	671	NaN	571	0	3	628	0	0	0	618	-0	0	0	-0	-0	0	-0	-0	-0.002	0.046
10.9	NaN	1078	NaN	1302	0	2	613	0	0	0	604	-0	-0	-0	0	0	-0	-0	-0	-0.002	0.066
11	NaN	1455	NaN	1383	0	3	585	0	0	0	574	-0	0	-0	1	0	0	0	0	0.003	0.093
11.1	NaN	1466	NaN	1426	0	1	553	0	0	0	550	-0	0	0	-0	0	-0	0	-0	0.002	0.101
11.2	NaN	1439	NaN	1437	0	3	433	0	0	0	458	0	-0	-0	0	-0	-0	-0	0	0	0.103
11.3	NaN	1454	NaN	1475	0	1	356	0	0	0	402	-0	-0	-0	1	-0	0	0	1	0.001	0.128
11.4	NaN	1440	NaN	1302	0	3	358	0	0	0	403	0	0	-0	-0	-0	-0	-0	-1	-0.001	0.197
11.5	NaN	1435	NaN	1452	0	3	357	0	0	0	403	0	0	-0	-0	-0	0	-0	0	0	0.027
11.6	NaN	1407	NaN	1414	0	3	358	0	0	0	407	0	0	-0	0	-0	0	0	0	0.004	0.184
11.7	NaN	1453	NaN	1428	0	1	358	0	0	0	406	0	0	-0	0	-0	-0	0	-0	0.001	0.092
11.8	NaN	1438	NaN	1501	0	2	359	0	0	0	406	0	-0	-0	-0	-0	0	0	0	0.004	0.117
11.9	NaN	1454	NaN	1449	0	1	357	0	0	0	406	-0	-0	-0	0	-0	-0	0	0	0.004	0.147
12	NaN	1418	NaN	1505	0	-1	360	0	0	0	404	0	0	0	0	-0	-0	0	0	0.001	0.113
12.1	NaN	1448	NaN	1523	0	2	358	0	0	0	405	-0	0	-0	0	0	0	-0	-0	0.001	0.185
12.2	NaN	1482	NaN	1502	0	0	358	0	0	0	405	0	0	-0	-0	-0	0	-0	-0	0.004	0.071
12.3	NaN	1455	NaN	1523	0	2	361	0	0	0	404	0	-0	-0	-0	-0	-0	0	0	0.005	0.08
12.4	NaN	1450	NaN	1485	0	2	362	0	0	0	406	0	0	0	0	-0	-0	-0	-0	0.003	0.06
12.5	NaN	1453	NaN	1514	0	2	358	0	0	0	404	0	0	-0	0	0	0	0	0	0.004	0.092
12.6	NaN	1497	NaN	1487	0	0	359	0	0	0	405	-0	-0	0	0	0	0	-0	-0	0.003	0.099
12.7	NaN	1492	NaN	1517	0	1	359	0	0	0	404	0	0	-0	1	-0	0	-0	0	0.003	0.072
12.8	NaN	1498	NaN	1527	0	2	360	0	0	0	403	-0	-0	-0	-0	-0	-0	0	-1	0.001	-0.05
12.9	NaN	1511	NaN	1514	0	0	357	0	0	0	405	0	-1	-0	-2	-0	-1	-0	-3	-0.002	0.199
13	NaN	1514	NaN	1728	0	3	359	0	0	0	404	0	0	-0	2	-0	0	0	2	0.007	0.055
13.1	NaN	1211	NaN	1327	0	1	357	0	0	0	406	0	0	0	0	-0	1	0	0	0.002	-0.047
13.2	NaN	1395	NaN	1502	0	2	360	0	0	0	404	0	-0	0	-4	-0	-3	-0	-3	-0.007	0.193
13.3	NaN	1380	NaN	1446	0	1	360	0	0	0	406	0	0	0	0	-0	0	-0	1	0.001	0.166
13.4	NaN	1429	NaN	1402	0	3	358	0	0	0	405	0	0	-0	0	0	-0	-0	-0	-0.004	0.024
13.5	NaN	1482	NaN	1484	0	1	356	0	0	0	406	-0	0	-0	-0	-0	-0	-0	-0	-0.005	0.212
13.6	NaN	1458	NaN	1478	0	2	359	0	0	0	407	-0	-0	-0	-0	-0	0	0	0	-0.004	-0.011
13.7	NaN	1451	NaN	1415	0	2	359	0	0	0	407	-0	-0	0	-0	0	-0	-0	-0	-0.007	0.083
13.8	NaN	1491	NaN	1424	0	-1	358	0	0	0	406	0	-0	-0	0	0	-0	0	0	-0.004	0.088
13.9	NaN	1486	NaN	1453	0	0	358	0	0	0	406	0	-0	-0	0	-0	0	-0	-0	-0.006	0.085
14	NaN	1491	NaN	1459	0	2	358	1	0	0	407	0	-0	0	-0	-0	-0	0	-0	-0.006	0.034
14.1	NaN	1467	NaN	1439	0	0	356	17	12	0	406	0	0	0	0	0	0	0	0	-0.006	0.132
14.2	NaN	1210	NaN	898	0	2	360	31	27	0	407	4	12	4	9	11	12	12	15	0.002	0.735
14.3	NaN	1066	NaN	856	0	2	362	32	27	0	406	6	58	6	56	16	56	16	61	0.083	0.734
14.4	NaN	1049	NaN	1048	0	0	360	33	28	0	406	6	106	6	107	17	112	17	107	0.158	0.955
14.5	NaN	948	NaN	839	0	3	359	35	30	0	407	9	171	9	175	24	197	26	180	0.262	1.422
14.6	NaN	886	NaN	864	0	1	357	37	32	0	408	11	268	12	267	30	279	32	273	0.416	1.806
14.7	NaN	862	NaN	794	0	3	359	38	33	0	407	12	378	13	377	33	387	35	399	0.596	1.897
14.8	NaN	853	NaN	747	0	2	362	38	33	0	406	13	490	14	495	34	498	35	505	0.783	2.109
14.9	NaN	858	NaN	880	0	5	356	38	33	0	407	12	607	14	615	32	617	37	622	0.974	2.14
15	NaN	800	NaN	835	0	9	361	37	33	0	407	12	719	14	736	30	726	36	738	1.168	2.222
15.1	NaN	802	NaN	818	0	12	359	38	33	0	406	11	832	15	858	30	836	40	881	1.357	2.197
15.2	NaN	844	NaN	839	0	18	358	37	33	0	405	10	937	16	995	27	942	41	1000	1.545	1.901
15.3	NaN	735	NaN	783	0	22	361	38	33	0	406	9	1036	16	1136	25	1041	43	1136	1.727	1.944
15.4	NaN	735	NaN	857	0	32	359	38	33	0	406	8	1122	18	1264	21	1126	48	1281	1.907	1.88
15.5	NaN	768	NaN	762	0	45	361	38	33	0	406	6	1207	20	1427	16	1193	52	1438	2.081	1.781
15.6	NaN	757	NaN	725	0	58	361	38	33	0	407	4	1292	22	1562	11	1261	58	1559	2.232	1.376
15.7	NaN	755	NaN	701	0	72	361	38	32	0	407	2	1354	24	1707	5	1317	61	1663	2.393	1.372
15.8	NaN	734	NaN	743	0	85	360	38	31	0	407	-0	1427	24	1867	-0	1323	64	1810	2.497	0.939
15.9	NaN	737	NaN	723	0	99	357	38	32	0	407	-2	1478	27	2021	-6	1335	71	1945	2.599	0.807
16	NaN	733	NaN	743	0	99	357	38	33	0	407	-3	1552	29	2155	-6	1343	75	2045	2.699	1.072
16.1	NaN	711	NaN	756	0	99	360	38	33	0	408	-3	1631	30	2259	-7	1398	78	2132	2.832	0.888
16.2	NaN	703	NaN	715	0	99	359	39	33	0	407	-3	1687	31	2411	-7	1429	80	2241	2.947	1.129
16.3	NaN	746	NaN	679	0	99	358	41	34	0	407	-3	1701	35	2648	-7	1416	89	2434	3.07	0.839
16.4	NaN	753	NaN	708	0	99	363	41	35	0	407	-3	1844	36	2745	-8	1520	92	2510	3.256	1.805
16.5	NaN	692	NaN	758	0	99	358	39	31	0	404	-2	1978	29	2849	-6	1666	73	2631	3.492	1.108
16.6	NaN	714	NaN	710	0	99	358	38	31	0	407	-2	2089	26	2845	-6	1846	68	2718	3.657	0.715
16.7	NaN	750	NaN	718	0	99	358	37	32	0	407	-2	2147	27	2897	-6	1902	68	2761	3.817	0.1
16.8	NaN	730	NaN	712	0	99	360	37	31	0	407	-2	2217	26	3021	-6	1975	68	2845	3.884	0.363
16.9	NaN	729	NaN	733	0	99	358	37	30	0	405	-2	2275	24	3119	-5	1989	61	2947	3.989	-0.507
17	NaN	728	NaN	733	0	99	360	34	28	0	407	-1	2280	17	3086	-4	2034	46	2952	4.086	-0.76
17.1	NaN	739	NaN	748	0	99	357	34	28	0	406	-2	2298	18	3088	-4	2066	45	2960	4.134	-0.675
17.2	NaN	770	NaN	753	0	99	359	33	27	0	407	-2	2338	19	3128	-4	2100	48	2992	4.119	-0.184
17.3	NaN	746	NaN	772	0	99	360	30	25	0	405	-1	2289	6	3052	-1	2050	16	2926	4.087	-0.593
17.4	NaN	766	NaN	795	0	99	361	32	27	0	405	-1	2240	10	3023	-2	1992	24	2901	3.985	-1.499
17.5	NaN	758	NaN	765	0	99	358	32	27	0	406	-1	2232	11	2990	-2	1987	29	2845	4.004	-0.723
17.6	NaN	749	NaN	765	0	99	361	34	29	0	406	-2	2258	17	3003	-3	1986	44	2887	3.951	0.054
17.7	NaN	760	NaN	746	0	99	360	34	29	0	407	-1	2248	18	3032	-4	2025	46	2921	4.029	0.457
17.8	NaN	756	NaN	752	0	99	359	34	29	0	405	-2	2282	18	3082	-4	2071	45	2885	4.069	0.585
17.9	NaN	754	NaN	781	0	99	362	34	29	0	405	-2	2327	18	3072	-4	2087	46	2963	4.117	-0.528
18	NaN	743	NaN	768	0	100	359	36	30	0	407	-2	2342	23	3167	-5	2134	59	3016	4.186	0.788
18.1	NaN	721	NaN	730	0	100	359	36	30	0	406	-2	2414	24	3250	-5	2173	60	3106	4.291	0.362
18.2	NaN	713	NaN	714	0	97	361	41	34	0	406	-3	2462	35	3341	-7	2249	90	3390	4.415	0.854
18.3	NaN	703	NaN	686	0	91	359	43	36	0	407	-2	2590	36	3475	-5	2379	91	3315	4.621	1.136
18.4	NaN	717	NaN	694	0	74	358	42	35	0	407	1	2775	33	3635	4	2582	85	3534	4.921	2.666
18.5	NaN	664	NaN	694	0	42	358	42	36	0	406	8	3012	28	3578	21	2940	71	3564	5.237	2.753
18.6	NaN	707	NaN	680	0	25	359	42	36	0	407	12	3259	24	3592	31	3265	60	3663	5.531	2.535
18.7	NaN	680	NaN	687	0	5	361	41	36	0	406	16	3503	20	3654	41	3531	50	3696	5.824	2.397
18.8	NaN	720	NaN	688	0	3	359	46	39	0	407	21	3723	24	3814	54	3783	59	3881	6.097	3.04
18.9	NaN	674	NaN	657	0	0	358	47	41	0	406	26	3975	26	3980	64	4036	65	4037	6.499	3.363
19	NaN	684	NaN	648	0	-1	360	47	41	0	407	26	4239	25	4214	63	4285	62	4298	6.877	3.696
19.1	NaN	660	NaN	654	0	-3	358	47	41	0	407	25	4497	25	4440	62	4601	64	4484	7.248	3.379
19.2	NaN	695	NaN	661	0	-1	361	47	40	0	406	26	4770	25	4631	64	4812	60	4768	7.626	3.255
19.3	NaN	662	NaN	640	0	-4	359	47	40	0	407	26	4985	25	4871	63	5047	60	4926	8.019	3.991
19.4	NaN	667	NaN	641	0	-3	360	47	40	0	407	26	5194	24	5107	63	5277	59	5143	8.364	4.627
19.5	NaN	663	NaN	665	0	-1	362	46	38	0	406	23	5448	23	5315	55	5517	55	5440	8.705	3.142
19.6	NaN	663	NaN	637	0	-5	356	46	42	0	406	27	5638	24	5499	63	5708	57	5577	9.065	3.883
19.7	NaN	692	NaN	658	0	-7	361	43	38	0	407	20	5814	18	5655	48	5851	45	5702	9.312	2.403
19.8	NaN	695	NaN	663	0	-6	361	41	34	0	407	20	6064	18	5826	47	6085	39	5922	9.64	3.429
19.9	NaN	668	NaN	656	0	-4	360	46	43	0	405	27	6218	22	5985	64	6324	53	6086	9.848	2.441
20	NaN	660	NaN	697	0	-6	356	39	32	0	405	16	6341	14	6141	38	6365	32	6189	10.164	1.071
20.1	NaN	657	NaN	624	0	-4	362	48	43	0	404	31	6566	26	6353	70	6595	62	6375	10.403	4.906
20.2	NaN	695	NaN	670	0	-5	360	40	36	0	407	16	6587	14	6406	40	6676	35	6481	10.602	1.596
20.3	NaN	663	NaN	685	0	-2	357	40	33	0	407	19	6780	19	6646	43	6851	42	6766	10.93	2.999
20.4	NaN	638	NaN	616	0	0	359	48	43	0	407	26	6848	26	6845	60	6912	61	7073	11.055	3.386
20.5	NaN	617	NaN	662	0	0	357	33	26	0	404	7	7011	7	6954	15	6975	15	7055	11.358	-2.892
20.6	NaN	635	NaN	663.8333333	0	4	360	38	31	0	406	26	7268	29	7251	55	7904	61	7597	11.652	9.788
20.7	NaN	642	NaN	668.1666667	0	1	361	50	47	0	404	24	7144	23	7167	60	7311	62	7324	11.637	3.078
20.8	NaN	620	NaN	672.5	0	2	360	31	24	0	407	4	7316	3	7270	9	7356	9	7318	11.926	-1.059
20.9	NaN	589	NaN	676.8333333	0	1	361	45	42	0	407	6	7317	7	7275	15	7338	15	7319	11.85	0.792
21	NaN	659	NaN	681.1666667	0	2	360	46	39	0	407	15	7304	15	7334	34	7358	35	7461	11.955	1.521
21.1	NaN	646	NaN	672	0	-2	359	40	34	0	407	17	7489	16	7432	38	7490	37	7499	12.065	2.238
21.2	NaN	666	NaN	691	0	-2	361	39	34	0	407	16	7597	16	7445	37	7599	34	7523	12.232	2.036
21.3	NaN	660	NaN	672	0	-1	359	39	34	0	407	16	7675	16	7562	36	7674	36	7649	12.351	1.881
21.4	NaN	658	NaN	665.6	0	-3	358	39	33	0	406	15	7746	16	7638	35	7749	35	7696	12.45	2.236
21.5	NaN	656	NaN	664.6166667	0	-4	360	37	30	0	407	12	7809	11	7683	26	7793	25	7732	12.576	0.74
21.6	NaN	658	NaN	663.6333333	0	-7	360	38	33	0	406	18	7931	14	7664	39	7927	33	7733	12.66	2.218
21.7	NaN	666	NaN	662.65	0	-14	357	37	34	0	407	17	8063	13	7604	38	8058	28	7675	12.752	1.119
21.8	NaN	639	NaN	661.6666667	0	-14	360	36	29	0	407	12	8049	9	7635	26	8071	21	7687	12.836	0.935
21.9	NaN	607	NaN	660.6833333	0	-10	358	34	27	0	407	9	8027	7	7684	20	8048	15	7705	12.875	-0.405
22	NaN	603	NaN	659.7	0	-12	358	33	27	0	407	8	8022	7	7708	19	8062	15	7740	12.837	0.087
22.1	NaN	673	NaN	658.7166667	0	-12	360	26	19	0	403	0	7842	-0	7586	-0	7859	-0	7577	12.822	-0.483
22.2	NaN	680	NaN	657.7333333	0	-9	362	24	19	0	408	0	7877	-0	7541	-0	7878	-0	7562	12.6	-1.52
22.3	NaN	671	NaN	656.75	0	-10	361	25	19	0	406	-0	7707	-0	7469	-0	7743	-0	7477	12.511	-1.097
22.4	NaN	675	NaN	655.7666667	0	-6	361	22	15	0	407	-2	7681	-2	7293	-2	7656	-2	7438	12.349	-0.815
22.5	NaN	660	NaN	654.7833333	0	-3	358	19	12	0	405	-12	7546	-13	7235	-11	7569	-11	7313	12.154	-3.085
22.6	NaN	665	NaN	653.8	0	-5	359	6	0	0	405	-21	7200	-23	7107	-19	7215	-20	7164	11.954	-3.833
22.7	NaN	632	NaN	652.8166667	0	0	361	8	6	0	405	-34	7092	-36	6939	-31	6899	-32	6877	11.464	-6.305
22.8	NaN	631	NaN	651.8333333	0	4	360	10	6	0	404	-33	6724	-31	6627	-29	6686	-28	6700	11.004	-3.85
22.9	NaN	629	NaN	650.85	0	0	361	18	14	0	405	-12	6466	-11	6484	-10	6473	-10	6517	10.634	-2.872
23	NaN	639	NaN	649.8666667	0	1	361	19	15	0	407	-8	6289	-8	6333	-8	6315	-7	6366	10.422	-2.013
23.1	NaN	667	NaN	648.8833333	0	4	361	24	21	0	406	0	6260	-0	6207	0	6246	-0	6262	10.219	-0.552
23.2	NaN	686	NaN	647.9	0	4	361	23	17	0	408	0	6195	-0	6161	-0	6186	0	6208	10.084	-1.227
23.3	NaN	664	NaN	646.9166667	0	9	361	21	15	0	406	-3	6048	-2	6101	-2	6067	-2	6190	10.008	-0.634
23.4	NaN	644	NaN	645.9333333	0	16	363	28	23	0	406	0	5849	0	6168	-0	5871	1	6190	9.828	-0.965
23.5	NaN	651	NaN	644.95	0	21	361	27	22	0	408	0	5788	0	6135	0	5783	0	6177	9.654	-2.515
23.6	NaN	662	NaN	643.9666667	0	29	360	35	29	0	404	6	5641	13	6267	15	5663	30	6316	9.67	-0.481
23.7	NaN	666	NaN	642.9833333	0	29	360	36	32	0	406	8	5710	18	6209	20	5695	42	6283	9.701	-0.132
23.8	NaN	731	NaN	635	0	39	359	36	30	0	405	6	5679	16	6414	15	5711	38	6433	9.719	0.156
23.9	NaN	635	NaN	660	0	42	362	37	30	0	407	6	5662	17	6474	15	5659	40	6578	9.777	-0.07
24	NaN	649	NaN	643	0	41	360	36	29	0	407	5	5686	15	6503	12	5660	37	6559	9.798	-0.93
24.1	NaN	642	NaN	664	0	43	362	36	28	0	406	5	5674	15	6547	12	5652	35	6583	9.768	-0.119
24.2	NaN	650	NaN	661	0	47	362	36	29	0	406	4	5676	15	6490	11	5684	36	6542	9.806	-0.263
24.3	NaN	668	NaN	641	0	48	361	36	29	0	406	5	5626	15	6497	11	5618	38	6545	9.778	-0.871
24.4	NaN	695	NaN	648	0	46	362	38	31	0	407	6	5673	19	6624	14	5650	46	6665	9.827	0.318
24.5	NaN	679	NaN	646	0	45	361	38	31	0	404	7	5722	20	6665	16	5748	47	6701	9.9	0.587
24.6	NaN	684	NaN	658	0	44	360	38	30	0	407	6	5708	18	6676	14	5828	43	6787	9.909	-0.409
24.7	NaN	644	NaN	677	0	47	359	34	25	0	405	3	5657	12	6681	8	5684	28	6707	9.911	-0.738
24.8	NaN	669	NaN	558	0	54	362	26	18	0	407	0	5580	0	6445	0	5499	-0	6513	9.757	-1.833
24.9	NaN	679	NaN	558	0	55	362	31	24	0	407	0	5427	1	6315	1	5395	0	6342	9.51	-2.956
25	NaN	651	NaN	678	0	53	361	32	26	0	407	2	5409	9	6418	5	5354	21	6318	9.424	-4.742
25.1	NaN	639	NaN	612	0	53	360	28	23	0	406	1	5379	4	6279	2	5372	9	6267	9.414	-0.52
25.2	NaN	667	NaN	676	0	59	362	34	27	0	405	2	5270	12	6181	6	5261	29	6220	9.323	-1.007
25.3	NaN	645	NaN	639	0	59	362	31	23	0	407	1	5185	4	6168	1	5120	9	6199	9.164	-2.747
25.4	NaN	664	NaN	600	0	58	358	42	35	0	406	6	5190	31	6188	15	5166	73	6403	9.146	0.481
25.5	NaN	647	NaN	598	0	56	359	42	35	0	407	6	5193	31	6325	16	5235	72	6415	9.314	1.529
25.6	NaN	657	NaN	589	0	48	359	47	39	0	407	11	5325	38	6577	27	5407	92	6724	9.488	2.011
25.7	NaN	631	NaN	575	0	45	357	47	41	0	407	12	5442	40	6714	29	5742	92	6909	9.747	2.135
25.8	NaN	618	NaN	562	0	32	361	54	47	0	405	21	5504	50	6885	51	6401	118	7627	9.973	4.228
25.9	NaN	678	NaN	564	0	-3	360	52	47	0	407	35	5879	32	6850	81	7248	76	7664	10.328	6.476
26	NaN	644	NaN	577	0	-6	360	57	51	0	407	43	6265	38	6904	102	9479	87	7642	10.559	3.833
26.1	NaN	609	NaN	534	0	39	358	55	50	0	407	24	9169	54	8420	49	9425	134	8046	11.01	7.159
26.2	NaN	607	NaN	554	0	22	362	65	57	0	408	31	6894	50	7292	79	9067	141	8121	11.311	2.19
26.3	NaN	655	NaN	588	0	26	361	46	39	0	407	17	7268	30	7622	40	10109	72	7863	11.754	3.778
26.4	NaN	578	NaN	559	0	47	360	64	55	0	407	19	7059	61	7961	49	7676	173	8458	11.986	2.918
26.5	NaN	639	NaN	577	0	17	358	57	52	0	406	32	7418	49	7938	75	8309	113	8349	12.35	4.492
26.6	NaN	618	NaN	553	0	14	359	69	62	0	410	50	9130	65	8423	110	10888	148	8781	12.897	7.187
26.7	NaN	622	NaN	558	0	19	357	70	63	0	408	48	13239	73	8929	105	9679	159	9160	13.529	6.367
26.8	NaN	616	NaN	548	0	7	359	70	62	0	408	54	13665	66	9184	120	10478	136	9358	14.205	9.172
26.9	NaN	646	NaN	525	0	5	362	68	60	0	407	55	15403	61	9351	115	9568	129	9591	14.949	6.938
27	NaN	625	NaN	548	0	-1	359	57	53	0	407	45	14338	46	9667	97	9750	93	9881	15.657	6.411
27.1	NaN	631	NaN	558	0	-4	359	53	49	0	407	42	10107	38	9881	85	10218	76	10013	16.201	4.269
27.2	NaN	650	NaN	586	0	-13	358	47	43	0	406	37	10477	27	10052	71	10517	53	10197	16.598	3.513
27.3	NaN	621	NaN	609	0	-21	358	44	40	0	405	32	10725	21	10148	66	10759	42	10299	16.789	2.331
27.4	NaN	662	NaN	582	0	-19	361	47	44	0	407	37	10812	25	10134	74	11000	51	10248	16.967	1.927
27.5	NaN	644	NaN	555	0	-6	358	57	53	0	404	49	10917	42	10544	97	11121	85	10719	17.333	4.544
27.6	NaN	581	NaN	541	0	2	357	65	61	0	407	60	11162	59	11148	115	11369	119	11305	17.957	6.377
27.7	NaN	584	NaN	523	0	9	360	69	64	0	407	60	12156	73	11792	114	11553	143	11858	18.633	8.49
27.8	NaN	535	NaN	527	0	6	360	84	77	0	407	86	12387	98	12275	164	12201	175	12461	19.332	7.982
27.9	NaN	548	NaN	528	0	9	362	100	100	0	406	77	18245	92	13142	137	12571	163	13226	20.144	7.655
28	NaN	563	NaN	513	0	9	363	100	100	0	409	58	21541	89	13275	135	13885	157	13405	20.843	7.218
28.1	NaN	559	NaN	512	0	-6	361	100	100	0	406	139	22470	78	13409	148	13638	137	13741	21.626	8
28.2	NaN	571	NaN	529	0	-6	361	100	100	0	406	110	18262	74	14084	136	14211	127	14125	22.41	7.495
28.3	NaN	546	NaN	519	0	-10	361	100	100	0	407	122	15459	75	14406	137	14700	115	14706	23.322	8.474
28.4	NaN	550	NaN	512	0	-12	359	100	100	0	406	70	15083	74	14849	147	15384	109	14955	24.076	7.246
28.5	NaN	592	NaN	558	0	-1	380	17	10	0	435	36	15353	22	15083	39	15339	31	15096	24.632	2.328
28.6	NaN	640	NaN	535	0	-0	559	0	0	0	564	-10	14745	-9	14682	-9	14692	-7	14259	24.257	-4.459
28.7	NaN	651	NaN	534	0	0	592	0	0	0	678	-14	14427	-17	14197	-9	14563	-9	14342	23.495	-5.945
28.8	NaN	614	NaN	682	0	2	613	0	0	0	518	-41	13798	-44	13308	-25	13990	-25	13841	22.749	-8.474
28.9	NaN	656	NaN	674	0	4	620	0	0	0	659	-44	13378	-41	13245	-26	13203	-26	13262	21.938	-9.866
29	NaN	661	NaN	665	0	5	925	0	0	0	808	-46	12480	-39	12652	-30	11837	-27	12601	20.85	-12.286
29.1	NaN	663	NaN	647	0	3	626	0	0	0	571	-47	11817	-47	12001	-32	11770	-31	12116	19.682	-11.046
29.2	NaN	673	NaN	679	0	7	554	0	0	0	552	-46	11431	-46	11403	-35	11405	-33	11598	18.771	-8.446
29.3	NaN	672	NaN	643	0	8	561	0	0	0	541	-50	10812	-45	10948	-37	10629	-33	11065	17.925	-8.933
29.4	NaN	671	NaN	676	0	7	552	0	0	0	517	-51	10257	-47	10289	-39	10226	-37	10538	17.061	-8.037
29.5	NaN	648	NaN	662	0	9	601	0	0	0	621	-55	9640	-51	9964	-43	9223	-38	9875	16.207	-10.016
29.6	NaN	650	NaN	667	0	10	688	0	0	0	635	-57	8442	-52	9358	-46	8422	-42	9387	15.208	-10.983
29.7	NaN	688	NaN	694	0	-20	657	0	0	0	601	-49	8204	-60	8290	-41	8166	-49	6777	14.184	-11.899
29.8	NaN	682	NaN	701	0	-23	569	0	0	0	537	-48	8152	-60	7561	-41	8226	-51	2826	13.119	-9.555
29.9	NaN	654	NaN	788	0	-25	361	0	0	0	400	-48	7876	-60	7111	-41	7772	-14	587	12.305	-6.227
30	NaN	729	NaN	605	0	-24	366	24	23	0	404	0	7695	-1	6823	-2	7653	-3	1887	11.633	-4.233
30.1	NaN	719	NaN	665	0	-28	362	47	47	0	406	42	7834	21	6755	96	8120	48	7226	11.402	3.669
30.2	NaN	740	NaN	599	0	-12	361	47	41	0	404	32	7793	24	7017	75	8134	55	7764	11.608	4.213
30.3	NaN	738	NaN	618	0	6	360	45	42	0	406	25	7695	27	7352	56	7855	63	7861	11.779	3.862
30.4	NaN	695	NaN	703	0	6	362	34	28	0	408	8	7500	9	7669	19	7543	21	7728	12.012	0.688
30.5	NaN	753	NaN	633	0	26	364	39	33	0	405	8	7332	14	7825	17	7408	31	7898	12.026	-0.684
30.6	NaN	734	NaN	623	0	33	359	25	18	0	405	3	7356	6	7951	7	7348	11	8013	12.246	0.899
30.7	NaN	726	NaN	563	0	50	391	0	0	0	421	-21	6802	-13	7702	-18	6949	-11	7841	12.012	-5.544
30.8	NaN	711	NaN	687	0	54	392	0	0	0	428	-44	6122	-26	7266	-39	5409	-23	7515	11.502	-6.259
30.9	NaN	701	NaN	690	0	54	384	0	0	0	418	-67	4447	-38	6723	-61	2589	-35	6821	10.863	-7.966
31	NaN	699	NaN	676	0	48	359	0	0	0	402	-65	3057	-39	6336	-0	375	-35	6374	10.181	-8.062
31.1	NaN	718	NaN	674	0	26	360	7	1	0	404	-57	2707	-43	6076	-0	-304	-40	5917	9.356	-4.405
31.2	NaN	745	NaN	582	0	8	361	28	23	0	407	0	4413	0	6021	0	3003	1	6024	8.716	0.046
31.3	NaN	749	NaN	657	0	-21	360	41	37	0	407	23	4339	14	5738	56	5826	35	6286	8.362	3.461
31.4	NaN	762	NaN	672	0	-33	359	42	38	0	407	26	4421	12	5499	62	7506	29	5852	8.149	3.331
31.5	NaN	734	NaN	651	0	-36	361	48	46	0	407	43	6688	17	5412	104	11271	42	5826	8.062	5.981
31.6	NaN	706	NaN	625	0	-39	359	54	52	0	406	55	7290	22	5440	133	16381	51	5989	8.018	6.031
31.7	NaN	737	NaN	620	0	-39	359	54	52	0	407	54	9444	21	5448	141	21326	51	6302	8.112	5.07
31.8	NaN	728	NaN	647	0	-52	360	54	51	0	406	57	12468	15	5380	110	23186	37	5781	8.192	5.243
31.9	NaN	720	NaN	628	0	-53	361	59	57	0	407	71	15169	14	5370	149	24577	36	5408	8.44	4.181
32	NaN	715	NaN	556	0	-53	361	77	75	0	407	93	16320	25	5455	-0	20026	0	5211	8.741	3.436
32.1	NaN	714	NaN	566	0	5	363	100	100	0	408	86	19829	71	5760	0	10981	-0	5350	9.13	3.704
32.2	NaN	678	NaN	552	0	18	363	100	100	0	406	83	22322	86	6281	-0	5952	0	5501	9.48	3.479
32.3	NaN	687	NaN	604	0	11	363	55	45	0	407	76	17912	78	6107	0	5837	2	6058	9.858	3.168
32.4	NaN	715	NaN	674	0	2	358	0	0	0	407	-15	6087	-14	6004	-14	5896	-14	6067	9.864	-3.386
32.5	NaN	618	NaN	630.1612903	0	2	360	100	100	0	405	105	7470	102	6753	202	6479	207	6922	10.117	12.574
32.6	NaN	692	NaN	628.3361082	0	6	362	75	66	0	407	53	9308	60	6843	123	6766	146	7016	11.05	7.351
32.7	NaN	587	NaN	627.5915713	0	2	358	100	100	0	408	94	14089	98	11972	200	9838	209	7982	11.993	13.482
32.8	NaN	606	NaN	626.8470343	0	-1	361	100	100	0	406	97	18690	94	13224	200	8842	201	9558	13.025	11.152
32.9	NaN	615	NaN	626.1024974	0	-2	360	100	100	0	407	127	20071	88	17361	199	9109	197	8836	14.062	10.952
33	NaN	649	NaN	625.3579605	0	-1	364	100	100	0	410	123	18363	83	19255	176	9527	181	9503	15.044	10.881
33.1	NaN	624	NaN	624.6134235	1	2	360	100	100	0	407	131	17663	73	19566	172	10109	181	10090	16.069	9.49
33.2	NaN	628	NaN	623.8688866	1	5	358	100	100	0	407	61	15860	86	18040	178	10767	203	10811	17.085	10.428
33.3	NaN	615	NaN	623.1243496	1	-4	361	100	100	0	408	96	17766	95	18357	177	11302	162	11412	18.005	7.742
33.4	NaN	591	NaN	622.3798127	1	5	362	100	100	0	407	75	17033	93	17696	155	11930	164	11937	18.963	12.19
33.5	NaN	607	NaN	621.6352758	1	2	358	100	100	0	409	84	14608	97	13138	162	12533	164	12789	20.046	9.972
33.6	NaN	712	NaN	620.8907388	0	2	729	0	0	0	662	-8	11959	-10	12456	-9	12350	-8	12447	20.512	-5.617
33.7	NaN	772	NaN	620.1462019	0	-2	960	0	0	0	879	-10	11936	-8	11848	-6	11990	-8	11954	19.584	-10.261
33.8	NaN	761	NaN	619.4016649	0	1	953	0	0	0	858	-15	11145	-16	10111	-11	11229	-10	10545	18.758	-9.708
33.9	NaN	750	NaN	618.657128	0	5	970	0	0	0	888	-24	10674	-23	10695	-14	10453	-18	9993	17.622	-13.654
34	NaN	719	NaN	617.9125911	0	6	999	0	0	0	899	-54	9738	-49	9891	-43	8998	-38	9813	16.379	-13.101
34.1	NaN	723	NaN	617.1680541	0	7	923	0	0	0	827	-57	8967	-54	8695	-46	3416	-43	6030	15.095	-11.638
34.2	NaN	754	NaN	616.4235172	0	0	808	0	0	0	747	-52	8097	-56	8386	-44	979	-46	3083	13.884	-12.952
34.3	NaN	736	NaN	615.6789802	0	4	464	0	0	0	479	-54	7535	-53	8009	-46	692	-46	3743	12.837	-7.939
34.4	NaN	723	NaN	614.9344433	0	-8	400	0	0	0	428	-52	6927	-56	7636	-44	768	-49	6518	11.956	-7.039
34.5	NaN	749	NaN	614.1899063	0	-19	544	0	0	0	541	-48	6478	-59	7094	-44	302	-52	5316	11.065	-10.152
34.6	NaN	759	NaN	613.4453694	0	-32	438	0	0	0	458	-44	6031	-62	6405	-1	1171	-56	4322	10.115	-7.572
34.7	NaN	774	NaN	612.7008325	0	-31	360	0	0	0	401	-44	5506	-61	5935	-41	3056	-56	4991	9.304	-6.515
34.8	NaN	777	NaN	611.9562955	0	-9	373	0	0	0	406	-50	4756	-54	5504	-46	2998	-51	4918	8.622	-5.114
34.9	NaN	787	NaN	611.2117586	0	-27	371	0	0	0	406	-45	4611	-58	4967	-41	2003	-55	4534	7.955	-6.51
35	NaN	827	NaN	610.4672216	0	-23	357	5	4	0	404	-36	4312	-46	4699	-33	2534	-44	3335	7.271	-6.522
35.1	NaN	849	NaN	609.7226847	0	10	366	10	5	0	404	-34	3900	-31	4291	-32	3356	-30	4346	6.693	-5.069
35.2	NaN	884	NaN	608.9781478	0	54	363	34	30	0	407	0	3650	4	4157	1	3450	6	4243	6.273	-3.617
35.3	NaN	815	NaN	608.2336108	0	61	362	53	48	0	407	11	3802	58	4614	26	3740	144	4583	6.532	3.57
35.4	NaN	760	NaN	607.4890739	0	65	360	55	49	0	407	9	3959	65	5169	22	3899	159	5136	6.942	4.432
35.5	NaN	759	NaN	606.7445369	0	62	362	64	59	0	407	11	4219	83	5403	26	4137	195	5453	7.423	5.241
35.6	NaN	772	NaN	578	0	27	361	67	60	0	406	35	5486	70	5694	82	5003	168	5777	8.211	8.654
35.7	NaN	806	NaN	569	0	17	361	61	52	0	411	35	5409	52	5997	85	5456	123	5770	8.994	7.863
35.8	NaN	792	NaN	592	0	5	360	57	49	0	407	38	5922	46	6099	99	5963	113	6349	9.583	7.384
35.9	NaN	766.8333333	NaN	620	0	-16	362	0	0	0	407	-9	6052	-10	5753	-8	6049	-9	5837	9.63	-1.959
36	NaN	767.6666667	NaN	686	0	-14	359	24	20	0	404	-5	5959	-8	5619	-9	5924	-10	5588	9.321	-2.894
36.1	NaN	768.5	NaN	620	0	-35	361	13	7	0	406	-3	5879	-2	5424	-1	5944	-3	5521	9.213	-1.46
36.2	NaN	769.3333333	NaN	603.5630203	0	-71	362	0	0	0	403	-13	5688	-28	4836	-12	5880	-26	4751	8.834	-5.513
36.3	NaN	770.1666667	NaN	595.5420135	0	-72	360	44	43	0	402	38	5901	2	4768	44	5884	3	4050	8.279	-2.837
36.4	NaN	771	NaN	587.5210068	0	-66	363	58	54	0	404	75	7398	10	4874	190	6601	24	4870	8.708	7.309
36.5	NaN	771.8333333	NaN	649	0	-38	361	45	43	0	405	41	6555	15	5042	118	7863	37	5538	9.091	5.44
36.6	NaN	772.6666667	NaN	641	0	-10	362	64	58	0	405	7	6152	5	5151	15	6229	11	5190	9.02	1.589
36.7	NaN	771	NaN	641	0	2	361	88	84	0	407	29	6070	29	5527	64	6421	70	6371	9.129	5.451
36.8	NaN	787	NaN	630	0	-21	363	65	60	0	406	63	6483	40	7348	151	6412	95	7227	9.823	6.772
36.9	NaN	790	NaN	584	0	-33	361	64	58	0	407	69	8026	33	6539	159	6925	75	6585	10.558	7.272
37	NaN	788	NaN	578	0	-39	360	68	67	0	407	86	7867	33	6785	200	7970	77	7275	11.213	6.025
37.1	NaN	776	NaN	575	0	-36	357	77	75	0	406	102	8641	40	8134	197	8279	89	7542	11.906	7.419
37.2	NaN	704	NaN	581	0	-4	357	88	82	0	407	89	8628	82	9022	204	8941	182	9039	12.925	9.544
37.3	NaN	692	NaN	563	0	-8	359	100	98	0	408	109	9718	90	14837	197	9246	198	11185	13.887	11.631
37.4	NaN	683	NaN	563	0	-20	362	100	100	0	406	115	10996	76	18312	202	9713	150	11119	14.929	11.619
37.5	NaN	689	NaN	564	0	-9	359	100	100	0	407	111	14796	96	18564	201	10222	187	10164	15.93	10.095
37.6	NaN	712	NaN	547	0	-12	357	100	100	0	406	98	17458	78	18822	192	10978	147	10599	16.907	8.695
37.7	NaN	713	NaN	560	0	-13	359	100	100	0	409	90	16999	63	17038	172	11444	137	11300	17.89	12.915
37.8	NaN	690	NaN	563	0	0	356	100	100	0	408	82	15432	89	16556	154	12074	158	11939	18.868	7.9
37.9	NaN	725	NaN	558	0	-3	362	100	100	0	406	99	15723	82	15548	176	12811	168	12622	19.817	10.95
38	NaN	693	NaN	552	0	3	365	100	100	0	406	79	15258	90	14939	148	13123	153	13032	20.805	8.567
38.1	NaN	809	NaN	637	0	-2	399	6	0	0	415	-9	12992	-13	13034	-15	13160	-12	13190	21.346	-3.722
38.2	NaN	778	NaN	721	0	1	693	0	0	0	684	-29	12590	-25	12755	-18	12601	-18	12602	20.762	-9.595
38.3	NaN	796	NaN	730	0	3	660	0	0	0	622	-46	11907	-47	11974	-32	11780	-31	11823	19.845	-9.488
38.4	NaN	785	NaN	700	0	5	580	0	0	0	584	-47	11418	-45	11539	-33	11357	-32	11661	18.884	-8.646
38.5	NaN	797	NaN	692	0	3	419	0	0	0	444	-46	11026	-45	11012	-34	11022	-33	11016	18.028	-7.055
38.6	NaN	816	NaN	770	0	6	426	0	0	0	441	-49	10535	-46	10540	-38	10515	-35	10675	17.362	-6.166
38.7	NaN	800	NaN	747	0	9	376	0	0	0	419	-52	9942	-47	10370	-40	9798	-36	10397	16.613	-7.512
38.8	NaN	780.0625	NaN	722	0	13	362	15	9	0	405	-25	9658	-23	10005	-19	9663	-17	10068	16.061	-4.389
38.9	NaN	783.125	NaN	623	0	25	363	29	22	0	408	0	9386	0	10026	0	9451	1	10138	15.769	-2.279
39	NaN	786.1875	NaN	620	0	22	360	23	17	0	408	-3	9110	-3	9875	-2	9200	-2	10046	15.535	-2.235
39.1	NaN	789.25	NaN	635	0	20	362	41	34	0	408	14	9268	23	9991	32	9370	48	10031	15.407	0.292
39.2	NaN	792.3125	NaN	610	0	17	362	42	35	0	407	17	9669	23	9785	35	9542	49	10008	15.55	0.515
39.3	NaN	795.375	NaN	625	0	40	362	17	9	0	408	-13	8964	-9	9848	-11	8883	-7	9965	15.378	-4.257
39.4	NaN	798.4375	NaN	604	0	31	363	4	0	0	407	-19	8701	-15	9763	-17	8819	-11	9763	15.056	-3.598
39.5	NaN	793	NaN	621.4583333	0	7	360	0	0	0	407	-32	8432	-29	9375	-26	8327	-24	9270	14.511	-3.055
39.6	NaN	753	NaN	618.9166667	0	-2	361	0	0	0	404	-48	8268	-50	8733	-41	6482	-41	8271	14.009	-5.384
39.7	NaN	775	NaN	616.375	0	0	361	0	0	0	404	-54	7058	-53	8286	-46	5844	-47	7957	13.284	-5.685
39.8	NaN	915	NaN	613.8333333	0	21	359	24	19	0	405	-2	6776	-1	8043	-1	5620	-1	8084	12.687	-4.557
39.9	NaN	814	NaN	611.2916667	0	-13	362	35	30	0	405	10	7140	9	8035	26	7521	20	8128	12.366	-0.045
40	NaN	822	NaN	608.75	0	-3	361	31	25	0	406	9	7304	7	7764	17	7633	16	7926	12.356	3.13
40.1	NaN	819	NaN	606.2083333	0	39	361	33	26	0	405	6	7214	10	7501	12	8030	24	7803	12.17	-0.319
40.2	NaN	840	NaN	603.6666667	0	65	363	0	0	0	407	-22	5638	-11	6908	-19	6841	-10	7473	11.905	-3.442
40.3	NaN	783	NaN	601.125	0	68	359	0	0	0	407	-48	5907	-23	6897	-43	5619	-21	7197	11.372	-7.25
40.4	NaN	756	NaN	598.5833333	0	73	357	0	0	0	405	-70	4944	-35	6375	-64	773	-30	6796	10.77	-10.127
40.5	NaN	810	NaN	596.0416667	0	70	358	17	12	0	405	-21	4978	-11	6380	-0	-376	-10	6494	10.117	-6.905
40.6	NaN	891	NaN	635	0	55	361	22	18	0	407	-4	5094	-2	6308	-5	3212	-2	6408	9.735	-2.648
40.7	NaN	897	NaN	616	0	31	360	28	24	0	407	0	5184	1	6340	1	5083	3	6378	9.468	-1.339
40.8	NaN	781	NaN	652	0	30	362	50	46	0	407	20	5405	42	6257	48	5941	99	6634	9.52	2.111
40.9	NaN	842	NaN	620	0	39	360	44	41	0	406	16	5669	35	6415	34	5914	82	6644	9.868	3.623
41	NaN	855	NaN	659	0	73	362	37	30	0	408	2	5501	23	6488	6	5604	54	6574	10.004	0.999
41.1	NaN	756	NaN	597	0	70	358	53	47	0	407	7	5547	63	6803	16	5634	148	6901	10.013	0.787
41.2	NaN	723	NaN	613	0	62	359	62	56	0	407	14	5947	80	7308	31	5881	188	7334	10.416	4.315
41.3	NaN	722	NaN	606	0	28	363	63	56	0	408	30	6166	66	7359	69	6651	147	7838	10.953	7.139
41.4	NaN	739	NaN	563	0	-3	361	61	56	0	406	50	6667	46	7343	113	8420	101	8088	11.48	7.323
41.5	NaN	740	NaN	560	0	-2	357	72	69	0	405	67	9864	62	7529	153	10631	143	7945	12.008	6.144
41.6	NaN	678	NaN	609	0	33	358	73	68	0	405	41	11980	88	8326	94	12018	187	8164	12.724	6.72
41.7	NaN	701	NaN	579	0	32	363	66	61	0	409	36	10932	76	8826	80	9323	167	8600	13.483	7.512
41.8	NaN	672	NaN	572	0	13	363	92	88	0	410	78	10397	106	9157	166	8804	199	9276	14.312	9.541
41.9	NaN	664	NaN	597	0	18	358	100	100	0	407	78	16643	119	9850	162	9460	198	9888	15.307	10.999
42	NaN	691	NaN	578	0	4	358	100	100	0	407	98	20918	101	10249	185	10684	203	10505	16.168	7.515
42.1	NaN	676	NaN	590	0	0	357	100	100	0	408	116	24513	97	10808	187	10701	184	10902	17.233	9.556
42.2	NaN	683	NaN	557	0	-0	358	100	100	0	409	74	21992	95	11209	175	11414	184	11475	18.145	8.744
42.3	NaN	686	NaN	574	0	0	363	100	100	0	407	1	20587	85	11758	161	11844	159	11932	19.065	7.789
42.4	NaN	678	NaN	552	0	1	362	100	100	0	408	78	18897	91	12287	165	12539	170	12600	19.99	9.422
42.5	NaN	687	NaN	556	1	-1	361	100	100	0	409	37	15847	91	13187	156	13040	149	13092	20.909	11.065
42.6	NaN	687	NaN	544	1	-2	361	100	100	0	407	100	15434	87	13482	157	13583	146	13512	21.732	9.077
42.7	NaN	714	NaN	549	1	-5	360	100	100	0	408	83	14084	79	13776	139	14188	137	13968	22.538	7.523
42.8	NaN	694	NaN	555	1	-4	358	100	100	0	407	84	14502	80	14728	136	14724	139	14559	23.413	8.198
42.9	NaN	688	NaN	547	1	1	358	100	100	0	408	80	14879	82	15019	127	15130	127	15320	24.126	9.869
43	NaN	697	NaN	538	1	-1	356	100	100	0	408	79	15282	81	15396	123	15685	111	15783	25.197	5.734
43.1	NaN	682	NaN	522	1	-3	358	100	100	0	407	83	15888	79	15911	126	16021	115	16034	25.895	8.551
43.2	NaN	681	NaN	544	1	-2	359	100	100	0	408	78	16381	76	16231	115	16515	117	16420	26.58	7.441
43.3	NaN	689	NaN	545	1	0	359	100	100	0	408	80	16780	79	16785	111	16865	115	16759	27.259	8.551
43.4	NaN	697	NaN	541	1	0	363	100	100	0	409	78	17170	75	16980	105	17164	93	17147	27.907	7.448
43.5	NaN	791	NaN	644	0	0	564	0	0	0	610	-3	16865	-4	16801	5	16912	16	16950	27.853	-5.536
43.6	NaN	770	NaN	680	0	-1	843	0	0	0	752	-29	16225	-29	16281	-14	16180	-17	15975	27.032	-11.303
43.7	NaN	795	NaN	676	0	2	869	0	0	0	799	-39	15542	-38	15381	-21	15542	-20	15344	25.875	-10.948
43.8	NaN	815	NaN	689	0	-1	878	0	0	0	781	-39	14777	-39	14847	-22	14828	-22	14650	24.73	-11.344
43.9	NaN	842	NaN	681	0	0	818	0	0	0	776	-41	14221	-38	14060	-23	14003	-23	13669	23.588	-12.166
44	NaN	862	NaN	707	0	3	810	0	0	0	744	-40	13513	-41	13532	-25	13336	-24	13532	22.354	-11.36
44.1	NaN	869	NaN	710	0	2	703	0	0	0	648	-42	12843	-42	12739	-28	12726	-28	12799	21.376	-11.077
44.2	NaN	866	NaN	723	0	9	395	0	0	0	421	-47	12296	-41	12585	-31	12297	-28	12560	20.472	-8.232
44.3	NaN	852	NaN	686	0	24	367	0	0	0	406	-56	11372	-40	12239	-35	11731	-28	12234	19.858	-8.051
44.4	NaN	993	NaN	650	0	12	363	23	16	0	407	0	11457	0	12127	0	11548	-1	12168	19.53	-4.466
44.5	NaN	908	NaN	613	0	5	363	40	35	0	407	13	11368	15	11792	29	11523	35	11968	19.38	0.562
44.6	NaN	843	NaN	584	0	3	360	58	51	0	407	47	11792	51	11979	91	11876	88	12247	19.586	5.367
44.7	NaN	842	NaN	592	0	3	361	61	56	0	406	51	12029	54	12123	98	12151	97	12401	20.087	5.597
44.8	NaN	977	NaN	659	0	-10	367	0	0	0	409	-6	12168	-8	12002	-4	12119	-4	12112	20.234	-5.674
44.9	NaN	894	NaN	648.0277778	0	-4	508	0	0	0	543	-27	11935	-29	11502	-19	11840	-21	11556	19.671	-7.076
45	NaN	845	NaN	649.0555556	0	-15	755	0	0	0	755	-47	10840	-52	10547	-32	11269	-37	10323	18.726	-10.902
45.1	NaN	860	NaN	650.0833333	0	-15	798	0	0	0	718	-50	10424	-58	9172	-36	10576	-44	6365	17.434	-11.657
45.2	NaN	875	NaN	651.1111111	0	-5	466	0	0	0	471	-54	10094	-59	9347	-42	9958	-45	1861	16.326	-8.903
45.3	NaN	884	NaN	652.1388889	0	7	409	0	0	0	433	-55	9539	-52	9175	-43	9121	-42	1401	15.389	-9.284
45.4	NaN	853	NaN	653.1666667	0	-1	441	0	0	0	469	-55	8717	-55	8713	-45	8731	-45	2586	14.614	-8.039
45.5	NaN	878	NaN	654.1944444	0	-1	442	0	0	0	469	-54	8468	-55	8191	-46	8424	-2	839	13.8	-8.399
45.6	NaN	867	NaN	655.2222222	0	-10	498	0	0	0	507	-52	7767	-55	7798	-45	7786	-48	1686	12.964	-8.883
45.7	NaN	869	NaN	656.25	0	-27	406	0	0	0	429	-46	7607	-61	7030	-40	7645	-3	1061	12.081	-8.259
45.8	NaN	867.2777778	NaN	657.2777778	0	-25	360	17	12	0	403	-24	7412	-27	6679	-20	7300	0	348	11.346	-4.082
45.9	NaN	868.0555556	NaN	658.3055556	0	-29	359	42	42	0	405	31	7331	16	6535	73	7420	38	6728	10.988	2.261
46	NaN	868.8333333	NaN	659.3333333	0	-44	362	35	35	0	406	17	7287	6	6515	40	7354	13	6694	11.041	-0.308
46.1	NaN	869.6111111	NaN	660.3611111	0	-64	360	0	0	0	406	-4	7053	-8	6250	-3	7223	-7	6465	10.881	-2.829
46.2	NaN	870.3888889	NaN	661.3888889	0	-74	361	0	0	0	403	-15	6804	-34	5678	-14	7072	-30	5713	10.35	-6.138
46.3	NaN	871.1666667	NaN	662.4166667	0	-77	362	39	38	0	403	35	7153	2	5796	83	7226	7	5900	9.988	0.915
46.4	NaN	871.9444444	NaN	663.4444444	0	-66	362	39	38	0	407	33	7091	4	5824	80	7244	9	6042	9.965	0.155
46.5	NaN	872.7222222	NaN	664.4722222	0	-53	361	35	32	0	405	19	7071	5	5883	45	7193	11	6041	9.908	1.099
46.6	NaN	891	NaN	685	0	-50	360	51	52	0	405	58	7516	16	6027	138	8497	37	6343	10.015	4.161
46.7	NaN	898	NaN	667	0	-28	359	54	54	0	407	54	7485	26	6427	125	8053	60	7399	10.282	5.062
46.8	NaN	902	NaN	664	0	3	359	51	47	0	409	32	7505	35	7028	74	7960	83	8056	10.67	5.279
46.9	NaN	875	NaN	605	0	18	360	55	54	0	407	33	7572	48	7111	77	8116	109	9535	11.039	4.564
47	NaN	870	NaN	613	0	21	358	55	48	0	406	28	7625	46	7653	63	7768	103	10564	11.636	3.905
47.1	NaN	862	NaN	607	0	6	359	62	58	0	406	50	7969	56	8340	113	7981	126	13192	12.322	7.556
47.2	NaN	867	NaN	623	0	-13	361	58	56	0	406	53	8497	40	8437	116	8568	89	8820	13.095	6.523
47.3	NaN	874	NaN	618	0	-13	361	58	52	0	407	49	9027	38	9074	105	9199	84	8681	13.677	6.446
47.4	NaN	877	NaN	626	0	-12	360	50	46	0	407	39	9358	30	8874	83	9448	63	8962	14.14	3.884
47.5	NaN	867	NaN	659	0	-8	363	19	11	0	404	-1	9246	-1	8843	-1	9236	-1	8953	14.277	-0.043
47.6	NaN	921	NaN	656.3375	0	-20	385	0	0	0	423	-18	9103	-22	8574	-15	9157	-18	8578	14.044	-3.862
47.7	NaN	865	NaN	654.0222222	0	-47	381	0	0	0	417	-30	8482	-48	7521	-26	8806	-39	8099	13.574	-6.822
47.8	NaN	872.9930556	NaN	651.7069444	0	-42	415	0	0	0	455	-42	8367	-66	7129	-37	8400	-54	1990	12.898	-8.426
47.9	NaN	875.2083333	NaN	649.3916667	0	-40	502	0	0	0	527	-43	7332	-63	3942	-37	7745	-55	1309	12.054	-7.406
48	NaN	877.4236111	NaN	647.0763889	0	-26	379	0	0	0	420	-46	7305	-61	4728	-42	6430	-0	285	11.076	-8.726
48.1	NaN	879.6388889	NaN	644.7611111	0	-7	358	1	0	0	403	-49	6818	-54	4940	-46	6251	-47	1517	10.106	-6.527
48.2	NaN	881.8541667	NaN	642.4458333	0	26	360	26	27	0	404	1	6784	1	4978	3	6630	5	1809	9.157	1.162
48.3	NaN	884.0694444	NaN	640.1305556	0	52	362	32	25	0	403	2	6286	8	4912	4	6102	19	5277	8.411	1.978
48.4	NaN	886.2847222	NaN	637.8152778	0	68	359	43	39	0	406	4	5948	40	5120	10	5714	94	9016	8.017	4.961
48.5	NaN	873	NaN	641	0	71	360	50	48	0	408	5	5687	59	5627	13	5333	141	14318	7.969	5.528
48.6	NaN	907	NaN	597	0	71	360	50	48	0	407	5	5640	60	7155	13	5291	102	20044	8.073	5.373
48.7	NaN	904	NaN	646	0	-20	359	43	39	0	408	16	5070	12	6197	42	5615	3	18751	8.34	2.343
48.8	NaN	897	NaN	620	0	-43	360	63	62	0	407	42	5720	13	5153	102	6675	46	15107	8.541	0.556
48.9	NaN	902	NaN	656	0	-53	360	54	50	0	407	58	6048	15	5493	142	6470	36	9703	8.964	5.676
49	NaN	928	NaN	660	0	-57	361	55	55	0	406	66	6688	14	5366	163	7450	35	6012	9.331	6.818
49.1	NaN	896	NaN	632	0	-50	359	63	62	0	406	83	7941	20	5769	198	8319	52	6585	9.809	7.537
49.2	NaN	848	NaN	598	0	-11	359	62	62	0	406	59	6890	45	6582	139	7754	106	8093	10.375	8.476
49.3	NaN	843	NaN	624	0	1	362	58	56	0	407	45	7235	44	7553	103	7763	105	10120	10.874	6.003
49.4	NaN	901	NaN	659	0	32	364	41	32	0	408	11	7080	22	6924	24	7195	50	8098	11.39	3.857
49.5	NaN	954	NaN	634	0	41	385	0	0	0	417	-14	6486	-9	7365	-13	6431	-8	7302	11.332	-3.63
49.6	NaN	881	NaN	705	0	35	368	0	0	0	405	-37	6100	-25	7156	-33	5495	-23	7116	10.94	-5.278
49.7	NaN	957	NaN	653	0	24	364	20	16	0	404	-12	5929	-12	6806	-9	4393	-7	6851	10.37	-3.878
49.8	NaN	916	NaN	692	0	31	361	35	29	0	405	5	5903	10	6611	14	5937	31	6767	10.154	-1.414
49.9	NaN	878	NaN	604	0	47	360	48	40	0	407	12	5946	38	6736	28	6015	95	6872	10.203	1.521
50	NaN	846	NaN	602	0	51	361	64	56	0	407	21	6287	77	7396	48	6217	182	7446	10.552	5.672
50.1	NaN	835	NaN	644	0	51	361	65	56	0	409	21	6717	79	7701	49	6566	180	7819	11.073	5.55
50.2	NaN	822	NaN	595	0	41	360	65	56	0	409	25	7218	74	8126	60	7069	172	8391	11.598	6.886
50.3	NaN	837	NaN	590	0	-1	362	64	55	0	410	49	8198	50	7961	113	8723	112	8591	12.138	7.449
50.4	NaN	873	NaN	637	0	-45	357	54	52	0	407	60	8727	21	7611	132	8418	46	7694	12.745	4.793
50.5	NaN	907	NaN	661	0	-50	357	31	25	0	407	18	8598	4	7499	28	8635	8	7871	13.02	1.926
50.6	NaN	939	NaN	636	0	-33	360	56	52	0	405	8	8292	4	7222	19	8409	9	7341	12.725	-0.293
50.7	NaN	866	NaN	635	0	-4	359	90	86	0	405	30	8248	29	7581	69	8529	64	8677	12.734	2.816
50.8	NaN	851	NaN	629	0	-10	360	93	89	0	406	104	8435	86	11599	-0	8250	0	7976	13.157	2.11
50.9	NaN	868	NaN	629	0	-21	364	100	100	0	407	106	8853	67	11610	-0	8472	-0	8271	13.503	3.372
51	NaN	876	NaN	625	0	-25	360	100	100	0	408	131	9265	74	8735	-0	8800	-0	8400	13.861	2.638
51.1	NaN	848	NaN	626	0	-15	358	100	100	0	407	115	9213	86	9067	-0	9016	-0	8583	14.215	2.428
51.2	NaN	835	NaN	625	0	0	360	100	100	0	407	98	9314	100	9215	-0	9086	-0	8929	14.586	4.015
51.3	NaN	830	NaN	615	0	2	360	100	100	0	408	99	9471	100	9362	-0	9207	-0	9232	14.947	4
51.4	NaN	830	NaN	620	0	5	360	100	100	0	407	91	9913	104	9701	-0	9351	-0	9527	15.316	3.779
51.5	NaN	830	NaN	621	0	5	360	100	100	0	407	89	9812	99	9906	-0	9573	0	9811	15.659	3.519
51.6	NaN	836	NaN	611	1	2	360	100	100	0	407	89	10175	94	10104	-0	9728	-0	9991	15.999	3.644
51.7	NaN	834	NaN	616	1	2	359	100	100	0	407	92	10280	96	10221	-0	10045	-0	10052	16.304	3.01
51.8	NaN	836	NaN	628	1	2	364	100	100	0	407	92	10388	94	10417	0	10176	0	10318	16.65	3.665
51.9	NaN	786	NaN	682	1	0	357	100	100	0	406	89	10684	86	10572	15	10482	169	11004	16.97	3.4
52	NaN	837	NaN	651	1	0	361	100	100	0	408	90	10850	90	10809	-0	10720	0	10651	17.322	3.542
52.1	NaN	861	NaN	661	1	-1	358	100	100	0	408	91	10993	88	11048	0	10845	-0	10952	17.648	4.231
52.2	NaN	838	NaN	653	1	0	358	100	100	0	408	88	11224	89	11160	0	11036	0	11062	17.971	2.718
52.3	NaN	826	NaN	658	1	1	362	100	100	0	407	89	11409	90	11449	0	11252	-0	11245	18.255	3.896
52.4	NaN	838	NaN	658	1	0	362	100	100	0	407	90	11583	88	11542	0	11410	0	11502	18.575	1.148
52.5	NaN	826	NaN	658	1	1	360	100	100	0	408	89	11694	88	11758	0	11585	0	11593	18.91	2.784
52.6	NaN	825	NaN	658	1	0	359	100	100	0	408	90	12046	94	11894	0	11807	0	11902	19.183	2.9
52.7	NaN	826	NaN	658	1	-3	361	100	100	0	408	89	12164	82	12113	-0	11970	0	11891	19.468	3.021
52.8	NaN	836	NaN	655	1	-1	359	100	100	0	407	86	12417	83	12215	0	12152	0	12208	19.781	2.485
52.9	NaN	828	NaN	656	1	0	362	100	100	0	408	85	12561	86	12579	0	12306	0	12373	20.034	3.728
53	NaN	839	NaN	649	1	-2	360	100	100	0	407	86	12715	83	12655	0	12454	-0	12423	20.299	2.355
53.1	NaN	817	NaN	656	1	-2	360	100	100	0	408	84	12812	85	12749	1	12617	0	12705	20.611	2.391
53.2	NaN	762	NaN	598	1	-2	359	100	100	0	407	98	13300	95	13076	175	13559	94	13247	20.929	6.681
53.3	NaN	758	NaN	600	1	-3	361	100	98	0	407	97	13786	92	13710	177	13968	145	13668	22.025	12.583
53.4	NaN	792	NaN	558	1	-0	359	100	100	0	406	84	14405	84	14094	131	14263	147	14418	23.011	10.28
53.5	NaN	773	NaN	571	1	-0	360	100	100	0	408	81	14858	83	14693	131	14763	134	14970	23.931	9.533
53.6	NaN	814	NaN	555	1	-2	360	100	100	0	409	81	15308	81	15273	127	15313	120	15502	24.787	10.443
53.7	NaN	785	NaN	589	1	-2	362	100	100	0	406	85	15756	77	15653	117	15833	115	15930	25.732	9.284
53.8	NaN	768	NaN	565	1	2	360	100	100	0	409	76	16226	81	16182	105	16250	106	16391	26.484	8.438
53.9	NaN	770	NaN	570	1	5	359	100	100	0	409	76	16606	80	16620	106	16571	110	16892	27.222	6.452
54	NaN	786	NaN	566	1	3	362	100	100	0	409	76	17169	79	17070	103	16983	108	17295	27.908	6.396
54.1	NaN	775	NaN	558	1	-4	360	100	100	0	408	81	17524	77	17374	106	17530	100	17666	28.597	6.185
54.2	NaN	779	NaN	574	0	-9	360	100	100	0	407	87	18175	74	17801	98	18103	96	18005	29.168	6.529
54.3	NaN	778	NaN	571	0	-14	361	100	100	0	407	68	18515	68	18246	116	18612	93	18797	29.676	2.659
54.4	NaN	774	NaN	569	0	-11	361	100	100	0	407	81	18881	67	18632	110	18917	86	18524	30.123	6.572
54.5	NaN	778	NaN	588	0	-8	368	29	25	0	418	74	18973	68	18976	65	18806	66	19390	30.605	4.072
54.6	NaN	866	NaN	681	0	-4	697	0	0	0	676	-12	18270	-19	17747	-6	18314	-15	17724	30.043	-8.333
54.7	NaN	860	NaN	699	0	-1	773	0	0	0	734	-37	17398	-33	17312	-18	17478	-16	17377	29.075	-7.846
54.8	NaN	878	NaN	717	0	-4	715	0	0	0	687	-39	16824	-41	16763	-18	16958	-18	16870	28.048	-10.455
54.9	NaN	897	NaN	711	0	0	791	0	0	0	742	-41	16281	-46	16038	-20	16307	-20	16240	27.036	-12.063
55	NaN	916	NaN	728	0	2	739	0	0	0	699	-42	15637	-44	15515	-20	15660	-21	15624	25.974	-11.362
55.1	NaN	938	NaN	738	0	-1	730	0	0	0	695	-39	14965	-41	14906	-21	15054	-21	15114	24.985	-10.102
55.2	NaN	967	NaN	765	0	-1	847	0	0	0	809	-41	14349	-41	14289	-23	14304	-24	14204	23.967	-12.648
55.3	NaN	990	NaN	762	0	1	932	0	0	0	869	-42	13459	-43	13018	-26	13450	-26	13383	22.77	-10.014
55.4	NaN	1014	NaN	763	0	3	857	0	0	0	797	-46	12887	-43	12881	-30	10164	-27	12918	21.568	-12.433
55.5	NaN	1017	NaN	782	0	2	893	0	0	0	848	-44	11871	-45	12187	-30	11959	-31	12143	20.321	-11.38
55.6	NaN	1032	NaN	772	0	5	839	0	0	0	789	-48	11282	-46	11400	-34	10689	-32	11261	19.08	-12.563
55.7	NaN	1055	NaN	799	0	0	720	0	0	0	669	-50	10539	-47	10682	-36	9869	-35	10724	17.995	-8.78
55.8	NaN	1045	NaN	778	0	3	608	0	0	0	563	-54	10128	-52	10075	-40	8639	-42	9462	16.969	-12.083
55.9	NaN	1062	NaN	782	0	8	580	0	0	0	574	-55	9467	-51	9575	-42	9334	-40	9711	15.927	-10.007
56	NaN	1059	NaN	795	0	10	530	0	0	0	516	-57	8838	-54	9141	-46	8728	-43	9077	15.109	-8.228
56.1	NaN	1074	NaN	747	0	36	544	0	0	0	541	-64	6941	-46	8562	-53	4794	-38	8795	14.238	-8.584
56.2	NaN	1072	NaN	794	0	48	398	0	0	0	427	-66	5184	-41	7894	-58	279	-35	8389	13.389	-9.26
56.3	NaN	1076	NaN	828	0	43	358	0	0	0	402	-66	4805	-42	7607	-1	1107	-36	7810	12.724	-9.167
56.4	NaN	1072	NaN	773	0	49	360	0	0	0	406	-67	3534	-40	7121	-0	-661	-35	7332	12.116	-7.17
56.5	NaN	1070	NaN	790	0	46	359	0	0	0	405	-66	3798	-41	6715	-1	-171	-36	6758	11.365	-5.226
56.6	NaN	1160	NaN	746	0	24	363	33	29	0	405	-2	4966	-3	6681	-3	2013	1	6698	10.627	-4.168
56.7	NaN	1086	NaN	721	0	-12	359	42	37	0	406	23	5531	18	6698	53	6408	42	7233	10.467	4.072
56.8	NaN	1097	NaN	704	0	1	360	41	37	0	407	20	6776	19	6489	49	8028	44	6841	10.44	2.775
56.9	NaN	1095	NaN	757	0	56	361	39	32	0	407	6	5743	23	6157	13	6681	54	6689	10.396	1.686
57	NaN	1114	NaN	755	0	66	361	34	26	0	410	2	5191	16	6039	6	5735	35	6465	10.192	-1.239
57.1	NaN	1156	NaN	769	0	83	363	27	19	0	407	0	4738	6	5519	0	5273	10	6149	9.892	-2.733
57.2	NaN	1083	NaN	680	0	80	359	54	48	0	407	2	4624	59	5727	6	4762	159	6708	9.391	-0.53
57.3	NaN	1054	NaN	687	0	72	361	53	48	0	405	5	4722	62	6363	12	5106	143	7121	9.526	1.976
57.4	NaN	1034	NaN	688	0	63	359	59	54	0	407	11	5090	75	6496	27	5397	176	7104	9.711	4.582
57.5	NaN	1042	NaN	713	0	58	361	59	53	0	406	14	5687	71	7002	33	5920	168	7686	9.912	4.548
57.6	NaN	1055	NaN	689	0	42	361	59	53	0	410	22	5565	64	6814	50	6414	150	7611	10.018	6.076
57.7	NaN	1057	NaN	696	0	13	361	55	49	0	408	30	6223	46	6767	70	8585	105	7524	10.162	4.883
57.8	NaN	1144	NaN	744	0	-16	363	8	0	0	408	-3	5440	-4	6471	-5	8413	-4	6427	10.04	0.892
57.9	NaN	1082	NaN	746.4285714	0	3	363	0	0	0	407	-22	4749	-22	6109	-21	4973	-21	6048	9.46	-1.931
58	NaN	1047	NaN	746.3571429	0	37	362	50	45	0	407	17	4742	44	6056	41	5297	104	7043	8.757	2.596
58.1	NaN	1048	NaN	746.2857143	0	7	358	64	61	0	406	45	6083	57	6117	109	7265	136	7359	8.647	6.052
58.2	NaN	1043	NaN	746.2142857	0	-21	363	66	64	0	407	69	8791	40	6099	165	13421	98	7377	8.778	8.446
58.3	NaN	1010	NaN	746.1428571	0	-17	362	70	68	0	406	74	15193	48	6251	154	19582	115	7402	8.912	7.697
58.4	NaN	1060	NaN	746.0714286	0	-31	361	62	57	0	408	60	18935	31	6302	136	21118	74	7054	9.108	5.648
58.5	NaN	1062	NaN	728	0	-42	362	51	45	0	408	55	20043	20	6260	62	20384	48	6587	9.371	5.196
58.6	NaN	1058.0625	NaN	777	0	-45	362	0	0	0	407	-11	12335	-16	6124	8	13326	-14	5846	9.628	2.012
58.7	NaN	1055.125	NaN	736	0	-16	361	100	100	0	407	14	6560	9	5981	34	6627	23	5964	9.833	3.49
58.8	NaN	1052.1875	NaN	746.9464286	0	6	359	100	100	0	406	41	6473	51	6573	98	6568	117	6728	10.224	4.377
58.9	NaN	1049.25	NaN	748.8571429	0	34	363	100	97	0	407	64	9549	144	9002	147	7175	197	7545	11.265	8.336
59	NaN	1046.3125	NaN	750.7678571	0	39	364	100	100	0	407	56	10508	151	12813	127	7671	213	8162	12.168	8.345
59.1	NaN	1043.375	NaN	752.6785714	0	19	359	100	100	0	409	76	13772	116	13048	171	8407	198	8708	13.168	11.99
59.2	NaN	1040.4375	NaN	754.5892857	0	20	362	100	100	0	411	73	14320	115	13609	161	9155	196	9300	14.225	10.32
59.3	NaN	1050	NaN	737	0	15	361	8	0	0	411	-3	13513	-9	10073	-4	9260	-3	9494	15.137	1.466
59.4	NaN	1062	NaN	790	0	5	510	0	0	0	521	-20	9160	-19	9238	-16	9048	-16	9165	14.878	-4.253
59.5	NaN	1016	NaN	763	0	-1	486	0	0	0	502	-39	8817	-39	8831	-32	8817	-32	8924	14.205	-6.548
59.6	NaN	998	NaN	742	0	-1	610	0	0	0	610	-54	8329	-54	8178	-46	8237	-46	8052	13.379	-10.774
59.7	NaN	1007	NaN	743.2755102	0	-14	617	0	0	0	600	-51	7601	-58	7404	-44	7811	-49	5695	12.322	-11.57
59.8	NaN	1033	NaN	740.2295918	0	-29	447	0	0	0	463	-46	7375	-60	6615	-41	7418	-53	1046	11.444	-8.451
59.9	NaN	1012	NaN	737.1836735	0	-17	361	0	0	0	402	-48	7070	-57	6295	-43	6964	-52	1195	10.737	-7.752
60	NaN	1005	NaN	734.1377551	0	-24	361	0	0	0	402	-47	6489	-59	5944	-43	6470	-53	1473	10.115	-7.087
60.1	NaN	1020	NaN	731.0918367	0	-53	364	0	0	0	402	-39	6006	-66	4933	-35	6208	-0	64	9.42	-6.627
60.2	NaN	1031	NaN	728.0459184	0	-75	364	8	9	0	403	-28	5488	-68	4131	-29	5803	-63	422	8.762	-6.661
60.3	NaN	1089	NaN	701	0	-77	360	44	45	0	404	45	6148	2	4743	107	6165	5	4879	8.547	-0.102
60.4	NaN	1055	NaN	750	0	-64	360	46	47	0	404	52	6403	7	4943	125	6533	17	4961	9.013	2.331
60.5	NaN	1041	NaN	698	0	-37	362	58	58	0	407	63	6497	27	5285	150	6804	64	5605	9.585	7.468
60.6	NaN	1045	NaN	719	0	-33	358	55	53	0	407	56	6812	27	5658	136	7499	61	6037	10.156	6.314
60.7	NaN	1072	NaN	735	0	-55	359	31	28	0	406	19	6840	6	5751	55	7073	14	6707	10.597	1.517
60.8	NaN	1056	NaN	731	0	-62	362	40	41	0	407	33	6579	4	5533	69	6796	9	5772	10.454	0.394
60.9	NaN	1040	NaN	716	0	-59	361	54	55	0	404	70	7326	12	5860	164	7354	28	6067	10.641	4.802
61	NaN	1035	NaN	783	0	-52	360	55	57	0	408	67	7360	14	6016	155	7616	33	6321	11.042	1.388
61.1	NaN	1026	NaN	659	0	-11	359	48	42	0	407	40	7721	33	6337	109	9789	77	7735	11.667	12.906
61.2	NaN	1072	NaN	773	0	16	362	69	64	0	407	5	6995	6	6637	11	7076	15	6693	11.69	0.84
61.3	NaN	1040	NaN	686	0	26	361	48	36	0	406	15	6740	27	7317	36	6755	62	7389	11.794	3.315
61.4	NaN	1030.875	NaN	672	0	1	359	49	43	0	406	28	6996	28	7369	62	7036	65	7532	12.075	3.428
61.5	NaN	1024.25	NaN	731	0	25	372	0	0	0	409	-11	6865	-9	7229	-9	6963	-7	7310	12.118	-3.222
61.6	NaN	1017.625	NaN	747	0	55	374	0	0	0	408	-36	6034	-21	7028	-31	6373	-19	7271	11.638	-6.369
61.7	NaN	1009	NaN	774	0	70	361	0	0	0	402	-63	5038	-30	6558	-56	2483	-28	6840	10.964	-7.6
61.8	NaN	1025	NaN	803	0	69	359	0	0	0	404	-72	3821	-35	6147	-1	869	-32	6356	10.187	-7.235
61.9	NaN	1012	NaN	747	0	42	361	8	3	0	404	-55	4401	-36	5987	0	269	-33	5921	9.358	-5.781
62	NaN	1044	NaN	682	0	25	359	44	39	0	407	14	4840	25	5927	32	4982	58	6140	8.936	1.879
62.1	NaN	1019	NaN	647	0	16	360	52	46	0	408	27	5169	39	5980	64	5681	94	6274	9.184	4.296
62.2	NaN	1016	NaN	643	0	40	357	54	45	0	407	21	5538	53	6448	46	5714	129	6448	9.548	6.043
62.3	NaN	1033	NaN	682	0	65	361	43	36	0	406	5	5394	34	6208	12	6209	79	6337	9.556	-0.697
62.4	NaN	1074	NaN	703	0	72	360	39	29	0	407	2	5301	22	6359	4	5243	52	6422	9.582	0.268
62.5	NaN	1022	NaN	671	0	69	360	51	44	0	406	6	5387	57	6740	15	5441	134	6807	9.59	2.031
62.6	NaN	1010	NaN	659	0	41	360	57	50	0	405	18	5717	56	6834	47	6065	137	7048	9.839	4.106
62.7	NaN	1007	NaN	666	0	23	359	59	52	0	407	31	6177	53	6953	72	6549	125	7212	10.313	4.842
62.8	NaN	991	NaN	689	0	38	361	59	53	0	405	25	6564	62	7284	58	6630	144	7419	10.812	4.722
62.9	NaN	993	NaN	666	0	43	358	60	54	0	409	23	6829	67	7761	54	6823	154	7749	11.241	5.431
63	NaN	973	NaN	653	0	38	359	68	62	0	408	32	7275	82	8143	72	7206	178	8238	11.794	6.589
63.1	NaN	985	NaN	645	0	15	359	68	62	0	405	47	8567	69	8266	107	7883	151	8619	12.417	9.112
63.2	NaN	984	NaN	646	0	0	360	71	66	0	406	62	9863	64	8488	138	8399	141	8705	13.178	8.876
63.3	NaN	981	NaN	643	0	-5	362	72	66	0	407	68	10759	62	8888	149	9023	131	8951	14.019	8.13
63.4	NaN	982	NaN	668	0	-26	361	55	51	0	405	53	9693	32	9156	110	9566	64	9274	14.736	4.585
63.5	NaN	1070	NaN	663.6	0	-44	361	27	22	0	406	14	9824	8	9091	19	9688	7	9138	15.111	2.243
63.6	NaN	1046	NaN	657.7	0	-45	358	0	0	0	406	-14	9321	-22	8441	-12	9502	-19	8468	14.765	-5.001
63.7	NaN	1016	NaN	651.8	0	-45	359	41	39	0	403	35	9448	10	8412	74	9636	25	8810	14.406	0.818
63.8	NaN	994	NaN	645.9	0	-48	360	60	61	0	405	79	10022	26	8913	174	9974	55	9157	14.636	3.983
63.9	NaN	983	NaN	667	0	-40	360	61	62	0	405	78	10392	31	9904	163	10249	66	9307	15.163	5.944
64	NaN	967	NaN	655	0	-21	362	65	68	0	407	77	10450	49	10101	157	10569	102	10046	15.776	7.239
64.1	NaN	981	NaN	647	0	-20	358	66	67	0	406	78	10791	51	14235	156	10740	103	10215	16.428	7.443
64.2	NaN	980	NaN	637	0	7	363	61	59	0	407	52	10679	57	17103	102	10983	122	10591	16.985	6.996
64.3	NaN	978	NaN	663	0	9	361	58	49	0	406	41	10726	50	14587	80	10887	97	11110	17.653	6.043
64.4	NaN	953	NaN	621	0	38	362	68	56	0	408	34	11352	72	11689	66	11015	155	11852	18.002	3.189
64.5	NaN	1010	NaN	655	0	44	360	46	33	0	404	12	11615	31	11527	23	10969	59	11698	18.255	0.885
64.6	NaN	1006	NaN	651	0	32	360	46	34	0	407	16	11014	31	11563	30	10967	58	11817	18.214	0.682
64.7	NaN	995	NaN	644	0	33	364	50	40	0	405	21	11125	41	11648	39	11230	82	11856	18.228	0.692
64.8	NaN	987	NaN	641	0	34	360	50	41	0	407	23	11485	44	11705	44	11186	82	11982	18.362	0.879
64.9	NaN	984	NaN	639	0	27	362	52	43	0	407	27	11683	46	11872	51	11352	86	12062	18.503	3.061
65	NaN	973	NaN	622	0	8	362	61	52	0	407	46	11589	57	11910	83	11680	105	12217	18.82	4.089
65.1	NaN	968	NaN	636	0	-2	360	62	53	0	404	53	12085	49	11959	99	12223	92	12223	19.324	5.078
65.2	NaN	959	NaN	639	0	-7	359	62	54	0	406	57	12575	50	12169	105	12613	89	12304	19.84	4.69
65.3	NaN	977	NaN	674	0	-19	361	47	43	0	406	41	12875	30	12512	72	12881	51	12612	20.305	2.273
65.4	NaN	977	NaN	650	0	-11	362	46	47	0	405	38	12963	32	12453	70	13133	58	12650	20.452	1.978
65.5	NaN	960	NaN	637	0	-20	361	55	55	0	406	59	13376	39	12781	109	13328	73	12808	20.711	2.076
65.6	NaN	949	NaN	626	0	-24	358	70	71	0	405	95	14081	61	14081	169	13810	102	13369	21.255	5.788
65.7	NaN	938	NaN	621	0	-21	360	82	82	0	407	104	14659	68	15498	182	14178	118	13744	21.919	7.249
65.8	NaN	934	NaN	626	0	-17	362	100	100	0	406	97	14788	71	16860	157	14507	116	14095	22.663	8.633
65.9	NaN	936	NaN	614	0	-18	362	100	100	0	406	92	15161	68	17077	149	14954	110	14490	23.413	4.244
66	NaN	924	NaN	620	0	-15	359	100	100	0	406	89	15547	71	17881	144	15349	117	14956	24.088	5.607
66.1	NaN	943	NaN	620	0	-7	358	100	100	0	404	84	15559	79	19896	125	15585	115	15392	24.741	5.195
66.2	NaN	933	NaN	621	0	-4	356	100	100	0	406	82	15794	77	17930	124	15963	124	15810	25.435	5.894
66.3	NaN	921	NaN	614	0	5	362	100	100	0	407	77	16052	77	16059	105	16193	108	16414	26.107	5.174
66.4	NaN	933	NaN	609	0	1	360	100	100	0	407	76	16494	81	16368	109	16557	112	16678	26.686	4.165
66.5	NaN	929	NaN	607	0	2	361	100	100	0	407	76	16835	82	16776	107	16909	116	16990	27.295	4.987
66.6	NaN	921	NaN	618	1	1	358	100	100	0	406	76	17176	79	17193	101	17200	105	17395	27.834	6.3
66.7	NaN	920	NaN	612	1	2	360	100	100	0	407	74	17474	77	17490	103	17544	98	17772	28.386	7.014
66.8	NaN	932	NaN	694	0	3	461	0	0	0	493	-26	17126	-34	17245	-40	17250	-56	17343	28.635	-10.171
66.9	NaN	992	NaN	679	0	2	534	0	0	0	521	21	17118	19	16915	11	17257	10	17112	28.036	-4.439
67	NaN	1027	NaN	679	0	4	640	0	0	0	682	15	16679	14	16719	8	16724	7	16785	27.645	-4.717
67.1	NaN	1110	NaN	732	0	4	868	0	0	0	836	5	15974	3	16234	-0	16002	2	16446	26.922	-7.751
67.2	NaN	1133	NaN	744	0	3	891	0	0	0	783	-4	15516	-3	15721	-3	15560	-3	15865	25.961	-8.952
67.3	NaN	1115	NaN	727	0	4	833	0	0	0	768	-15	15027	-14	15024	-8	14986	-8	15278	25.021	-8.533
67.4	NaN	1080	NaN	778	0	4	822	0	0	0	733	-47	14130	-44	14123	-28	14345	-27	14646	23.991	-11.378
67.5	NaN	1109	NaN	762	0	7	832	0	0	0	792	-44	13364	-40	13699	-29	12916	-24	13746	22.792	-12.2
67.6	NaN	1135	NaN	780	0	6	738	0	0	0	657	-45	12457	-40	13050	-28	12400	-27	13209	21.563	-12.28
67.7	NaN	1130	NaN	803	0	3	505	0	0	0	474	-44	12312	-44	12477	-29	12151	-29	12647	20.574	-9.2
67.8	NaN	1129	NaN	776	0	5	632	0	0	0	602	-44	11403	-46	11731	-34	11790	-31	11875	19.754	-9.955
67.9	NaN	1150	NaN	785	0	14	702	0	0	0	645	-52	11018	-45	11504	-34	10257	-31	11632	18.645	-12.953
68	NaN	1163	NaN	790	0	5	563	0	0	0	554	-49	10363	-48	10776	-36	9952	-36	10716	17.593	-8.994
68.1	NaN	1164	NaN	775	0	6	486	0	0	0	494	-52	9443	-50	10199	-42	9125	-38	10275	16.791	-6.114
68.2	NaN	1157	NaN	798	0	8	377	0	0	0	412	-53	9586	-49	9882	-42	9072	-39	9877	15.938	-7.238
68.3	NaN	1211	NaN	765	0	24	362	20	13	0	404	-18	8980	-13	9566	-14	9160	-11	9580	15.284	-3.975
68.4	NaN	1249	NaN	817	0	49	362	25	20	0	406	0	8553	1	9258	0	8890	0	9437	14.991	-2.82
68.5	NaN	1142	NaN	715	0	41	362	48	39	0	411	18	8880	47	9927	39	9763	106	10022	14.706	5.505
68.6	NaN	1142	NaN	706	0	41	364	51	45	0	404	16	9189	45	9649	34	9089	95	9899	14.902	0.217
68.7	NaN	1233	NaN	802	0	5	361	14	7	0	406	-5	8809	-4	9465	-3	8761	-5	9516	14.998	2.842
68.8	NaN	1111	NaN	691	0	42	359	67	58	0	407	36	9380	85	10032	83	12534	186	10594	14.789	3.218
68.9	NaN	1186	NaN	805	0	60	364	48	43	0	406	2	8481	10	9130	5	8791	21	9736	14.722	-2.802
69	NaN	1230	NaN	793	0	53	363	9	0	0	406	-3	8209	-4	8944	-5	8568	-8	9313	14.407	-3.092
69.1	NaN	1132	NaN	696	0	36	361	52	46	0	406	14	8224	41	9197	38	8624	91	9508	13.907	-0.061
69.2	NaN	1099	NaN	703	0	29	363	64	59	0	410	36	9406	71	9943	81	9995	153	10164	14.08	5.163
69.3	NaN	1107	NaN	698	0	27	359	51	47	0	405	22	12977	44	9344	47	9972	90	9702	14.563	0.889
69.4	NaN	1122	NaN	739	0	12	361	43	35	0	408	21	9876	27	9809	43	12193	46	9759	14.899	5.317
69.5	NaN	1088	NaN	743	0	57	361	86	82	0	405	35	9891	126	10099	60	9966	223	10412	15.035	3.702
69.6	NaN	1150	NaN	795	0	47	365	49	44	0	407	4	9297	14	9584	8	9241	31	10014	15.177	-2.845
69.7	NaN	1101	NaN	694	0	48	364	84	75	0	407	15	9274	49	9939	31	9326	96	10077	15.127	1.199
69.8	NaN	1080	NaN	707	0	44	362	61	55	0	408	25	9910	69	10585	51	9591	141	10516	15.591	4.106
69.9	NaN	1071	NaN	682	0	27	363	71	64	0	408	46	10318	85	10821	93	10217	170	10992	16.118	5.823
70	NaN	1088	NaN	682	0	-13	361	66	62	0	407	63	12990	55	10674	127	10710	110	10928	16.815	7.712
70.1	NaN	1097	NaN	685	0	-20	364	61	59	0	407	64	11505	44	10874	127	11510	89	10875	17.422	5.879
70.2	NaN	1080	NaN	675	0	-15	362	76	74	0	407	96	12033	67	11703	191	12097	126	11859	18.066	7.809
70.3	NaN	1080	NaN	688	0	-14	359	65	67	0	405	73	12133	55	13649	140	12258	115	12010	18.701	7.107
70.4	NaN	1074	NaN	676	0	-16	358	82	82	0	405	97	12874	72	12768	182	12694	128	12264	19.479	8.087
70.5	NaN	1073	NaN	674	0	-23	359	100	100	0	407	107	14345	72	15309	190	13446	128	12877	20.371	10.156
70.6	NaN	1071	NaN	676	0	-12	359	100	100	0	405	92	15356	73	18357	156	13705	125	13338	21.148	8.095
70.7	NaN	1063	NaN	670	0	20	360	100	100	0	407	70	14215	91	16265	117	13814	157	14047	21.991	11.05
70.8	NaN	1055	NaN	652	0	8	360	100	100	0	410	77	16963	86	14556	122	14175	140	14810	22.814	7.143
70.9	NaN	1064	NaN	697	0	1	360	100	100	0	410	64	18815	81	14833	121	14880	133	15222	23.46	8.361
71	NaN	1066	NaN	680	0	-8	363	100	100	0	407	93	17369	73	14995	135	15414	111	15226	24.24	6.824
71.1	NaN	1065	NaN	669	0	-5	360	100	100	0	407	83	15668	83	15607	127	15840	126	15697	25.04	9.088
71.2	NaN	1062	NaN	677	0	-3	361	100	100	0	408	84	16084	78	16009	114	16166	102	16143	25.709	7.491
71.3	NaN	1058	NaN	670	0	-2	375	60	55	0	415	76	16522	75	16337	102	16599	105	16495	26.299	4.747
71.4	NaN	1152	NaN	756	0	1	948	0	0	0	918	-12	15615	-14	15240	-6	15575	-8	15299	25.861	-8.12
71.5	NaN	1203	NaN	787	0	1	933	0	0	0	829	-14	14929	-14	15053	-9	15111	-10	14599	24.652	-15.766
71.6	NaN	1219	NaN	803	0	1	792	0	0	0	743	-23	14285	-22	13744	-13	14433	-13	14381	23.518	-10.152
71.7	NaN	1199	NaN	880	0	4	637	0	0	0	616	-44	13737	-43	13606	-28	13196	-28	13392	22.511	-9.557
71.8	NaN	1223	NaN	825	0	4	975	0	0	0	860	-43	12851	-41	12952	-30	12529	-27	12757	21.388	-14.261
71.9	NaN	1269	NaN	825	0	1	793	0	0	0	712	-41	12105	-44	12155	-31	12217	-28	12257	20.01	-13.675
72	NaN	1260	NaN	833	0	7	636	0	0	0	572	-48	11515	-45	11507	-33	11537	-31	11751	18.947	-11.183
72.1	NaN	1271	NaN	830	0	11	509	0	0	0	474	-49	10868	-44	11179	-36	10635	-33	11283	18.055	-8.516
72.2	NaN	1260	NaN	836	0	9	539	0	0	0	546	-51	10301	-46	10621	-38	10190	-34	10769	17.142	-7.969
72.3	NaN	1279	NaN	855	0	10	680	0	0	0	672	-54	9652	-49	10130	-43	8827	-38	10031	16.197	-10.931
72.4	NaN	1287	NaN	833	0	6	644	0	0	0	604	-57	8913	-54	9497	-46	7667	-43	9316	15.117	-10.319
72.5	NaN	1298	NaN	839	0	-21	639	0	0	0	594	-50	8451	-58	8534	-41	8258	-50	7439	14.049	-11.254
72.6	NaN	1295	NaN	878	0	-31	559	0	0	0	568	-45	8119	-62	7466	-39	8346	-53	3203	13	-10.568
72.7	NaN	1311	NaN	839	0	-28	358	0	0	0	401	-46	8006	-61	7062	-40	7856	-1	-231	12.361	-5.018
72.8	NaN	1285	NaN	800	0	-17	366	48	49	0	405	37	8129	25	7017	84	8445	56	5187	11.961	2.905
72.9	NaN	1275	NaN	786	0	-18	362	50	51	0	406	44	8213	26	7449	100	8533	60	8072	12.235	3.258
73	NaN	1282	NaN	850	0	-9	364	34	31	0	405	16	8236	14	7431	32	8430	25	8463	12.666	3.613
73.1	NaN	1279	NaN	825	0	18	363	48	47	0	406	13	8112	19	7618	30	8289	43	8048	12.683	1.794
73.2	NaN	1336	NaN	895	0	35	374	9	1	0	411	-11	7432	-8	8044	-9	7420	-7	8062	12.71	-2.216
73.3	NaN	1344	NaN	890	0	35	373	16	7	0	406	-2	7145	-2	8100	-2	7062	-2	8099	12.396	-3.144
73.4	NaN	1266	NaN	850	0	39	373	0	0	0	405	-25	6287	-16	7723	-22	6620	-15	7801	12.046	-2.83
73.5	NaN	1245	NaN	868	0	38	371	0	0	0	406	-46	6042	-32	7489	-41	3668	-28	7467	11.456	-5.567
73.6	NaN	1299	NaN	852	0	39	362	32	26	0	403	-3	5826	-3	7311	0	389	0	7258	10.754	-3.177
73.7	NaN	1254	NaN	807	0	2	364	42	38	0	406	21	6056	23	7195	50	6829	54	7593	10.612	4.635
73.8	NaN	1298	NaN	829	0	5	365	0	0	0	405	-11	5953	-10	6880	-10	5716	-9	6737	10.403	-1.391
73.9	NaN	1247	NaN	814	0	15	363	4	0	0	407	-31	5042	-28	6437	-29	4241	-25	6396	9.848	-3.509
74	NaN	1203	NaN	838.2105263	0	36	363	58	53	0	407	25	6103	57	6905	60	7928	135	7442	9.612	3.828
74.1	NaN	1212	NaN	838.9210526	0	18	358	68	64	0	407	45	7340	71	6994	106	8560	160	7955	9.926	6.197
74.2	NaN	1191	NaN	839.6315789	0	-0	360	65	59	0	410	57	11917	56	7201	128	10971	127	8804	10.28	7.952
74.3	NaN	1205	NaN	840.3421053	0	-17	364	68	66	0	406	69	13232	47	7274	146	16259	111	8310	10.451	6.882
74.4	NaN	1212	NaN	841.0526316	0	-40	360	59	54	0	407	60	17598	23	7241	151	19707	56	7743	10.717	4.762
74.5	NaN	1268	NaN	841.7631579	0	-38	364	30	26	0	408	-6	16571	2	7103	-53	16439	4	6972	10.915	1.837
74.6	NaN	1256	NaN	842.4736842	0	-31	363	73	67	0	408	10	7084	5	7186	32	14469	11	7029	11.132	0.517
74.7	NaN	1266.416667	NaN	843.1842105	0	4	360	100	100	0	410	108	10303	104	8044	195	13996	197	7616	11.52	9.849
74.8	NaN	1265.833333	NaN	843.8947368	0	28	358	100	100	0	404	58	19120	119	11979	150	12731	190	7860	12.491	9.009
74.9	NaN	1265.25	NaN	844.6052632	0	13	360	100	100	0	407	81	13687	103	11375	156	14076	200	8674	13.463	10.304
75	NaN	1264.666667	NaN	845.3157895	0	34	358	100	100	0	410	51	14349	135	16442	124	9229	200	9599	14.603	10.847
75.1	NaN	1264.083333	NaN	846.0263158	0	38	358	100	100	0	407	50	15363	126	17601	98	9471	209	11275	15.442	9.054
75.2	NaN	1263.5	NaN	846.7368421	0	35	360	100	100	0	408	56	15758	121	14536	114	10413	202	10735	16.361	9.007
75.3	NaN	1262.916667	NaN	847.4473684	0	39	363	100	100	0	408	52	16125	130	13480	107	10885	209	11490	17.264	6.424
75.4	NaN	1262.333333	NaN	848.1578947	0	39	361	100	100	0	407	57	14066	132	14195	111	11485	197	11955	18.085	8.242
75.5	NaN	1261.75	NaN	848.8684211	0	42	362	100	93	0	408	51	15974	121	14463	96	11956	193	12497	18.924	8.212
75.6	NaN	1261.166667	NaN	849.5789474	0	23	363	100	95	0	409	68	15456	108	13876	121	12375	184	13232	19.614	11.633
75.7	NaN	1260.583333	NaN	850.2894737	0	16	363	86	77	0	409	64	17818	94	13995	118	13037	177	13474	20.443	9.63
75.8	NaN	1259	NaN	834	0	2	643	0	0	0	582	-7	12479	-8	11962	-4	12743	-5	12728	20.434	-5.924
75.9	NaN	1284	NaN	856	0	5	551	0	0	0	543	-11	12306	-10	12422	-7	12340	-7	11797	19.709	-7.72
76	NaN	1251	NaN	827	0	7	521	0	0	0	534	-19	11587	-16	11928	-13	11842	-11	12305	19.202	-4.649
76.1	NaN	1199	NaN	861	0	6	658	0	0	0	631	-43	10717	-42	11587	-33	10141	-28	11352	18.583	-4.999
76.2	NaN	1231	NaN	837	0	-4	844	0	0	0	775	-52	10654	-52	10676	-39	6271	-40	9633	17.362	-11.564
76.3	NaN	1255	NaN	852	0	-2	770	0	0	0	696	-53	10023	-53	9815	-41	7591	-40	9593	16.098	-11.465
76.4	NaN	1284	NaN	828	0	-1	518	0	0	0	514	-56	9396	-56	9269	-45	4932	-44	9261	14.986	-10.647
76.5	NaN	1257	NaN	842	0	8	362	0	0	0	401	-56	8780	-52	8741	-48	8847	-43	8849	14.166	-5.42
76.6	NaN	1238	NaN	852	0	9	385	0	0	0	412	-56	8299	-52	8454	-48	8098	-44	8475	13.496	-6.773
76.7	NaN	1253	NaN	861	0	10	633	0	0	0	620	-57	7662	-50	8004	-49	7147	-44	7744	12.624	-10.154
76.8	NaN	1263	NaN	877	0	13	635	0	0	0	610	-57	6993	-50	7307	-50	4432	-44	7369	11.583	-11.093
76.9	NaN	1283	NaN	856	0	10	363	0	0	0	397	-56	6645	-50	6948	-50	1451	-45	6960	10.804	-6.796
77	NaN	1250	NaN	835	0	13	387	0	0	0	412	-57	6288	-49	6470	-50	3145	-44	6427	10.113	-8.148
77.1	NaN	1261	NaN	850	0	33	362	9	4	0	399	-52	5635	-40	6238	-55	1174	-39	6213	9.423	-8.032
77.2	NaN	1319	NaN	869	0	42	364	41	35	0	403	2	5447	6	6252	5	5577	14	6304	9.19	-0.521
77.3	NaN	1358	NaN	885	0	77	365	0	0	0	407	-4	5211	-2	6104	-2	5273	-4	6265	9.025	-3.223
77.4	NaN	1297	NaN	865	0	89	361	0	0	0	405	-31	4598	-11	5791	-28	4342	-10	5982	8.637	-6.287
77.5	NaN	1274	NaN	774	0	91	361	50	43	0	405	-2	4665	62	6264	-4	4608	146	6277	8.35	1.005
77.6	NaN	1271	NaN	779	0	85	361	54	47	0	407	0	4619	69	6579	1	4602	167	6877	8.559	2.845
77.7	NaN	1252	NaN	773	0	26	365	49	40	0	406	17	4816	36	6387	43	5387	84	6825	8.861	4.049
77.8	NaN	1255	NaN	845	0	-14	362	41	34	0	405	20	5241	15	6091	46	6084	33	6538	9.102	2.871
77.9	NaN	1264	NaN	808	0	-20	362	43	36	0	405	24	5727	15	5878	58	6257	36	6053	9.255	1.206
78	NaN	1239	NaN	785	0	-30	362	56	49	0	406	50	6497	27	5863	116	6305	62	5951	9.685	7.81
78.1	NaN	1266	NaN	850	0	-50	361	32	27	0	406	17	6652	6	5724	33	6559	9	5743	9.952	1.38
78.2	NaN	1259	NaN	908	0	-51	360	0	0	0	405	-11	6584	-19	5446	-11	6518	-18	5075	9.541	-5.789
78.3	NaN	1217	NaN	864	0	-68	359	0	0	0	405	-22	5898	-44	4664	-20	6133	-42	4364	9.04	-6.309
78.4	NaN	1246	NaN	832	0	-70	360	55	52	0	404	75	6877	7	5004	171	7015	17	5079	8.87	3.801
78.5	NaN	1298	NaN	836	0	-66	362	31	26	0	405	12	6390	1	4937	23	6554	3	5093	8.931	-0.206
78.6	NaN	1218	NaN	835	0	-20	363	45	45	0	404	32	6239	17	4997	81	6723	49	5504	8.676	1.391
78.7	NaN	1243	NaN	847.3235294	0	-3	360	56	50	0	405	39	6206	37	5631	96	6474	87	6621	9.007	4.87
78.8	NaN	1203	NaN	847.1470588	0	-31	359	68	66	0	404	87	8269	40	6064	188	9253	91	11711	9.527	8.287
78.9	NaN	1225	NaN	846.9705882	0	-40	361	59	55	0	405	41	6696	15	6576	100	6968	36	6449	10.055	0.655
79	NaN	1225	NaN	846.7941176	0	-40	359	58	54	0	405	67	8364	27	6615	140	7414	57	7777	10.658	13.39
79.1	NaN	1176	NaN	846.6176471	0	-36	362	100	100	0	405	177	8188	69	7204	211	8484	159	9331	10.997	3.698
79.2	NaN	1169	NaN	846.4411765	0	-7	360	100	100	0	407	112	13365	92	10345	202	8227	195	10349	12.003	9.454
79.3	NaN	1185	NaN	846.2647059	0	-20	358	100	100	0	407	116	13622	78	12282	196	8753	153	10408	13.149	11.834
79.4	NaN	1176	NaN	846.0882353	0	-19	363	100	100	0	406	123	15475	78	14858	202	9168	161	9200	14.201	9.606
79.5	NaN	1182	NaN	845.9117647	0	-20	361	100	100	0	408	112	19271	71	13070	202	10288	146	9779	15.2	10.876
79.6	NaN	1177	NaN	845.7352941	0	-24	361	100	100	0	406	100	20632	72	11892	193	10599	140	10237	16.219	11.266
79.7	NaN	1168	NaN	845.5588235	0	-21	361	100	100	0	407	128	18302	67	12118	201	11134	141	10911	17.187	10.745
79.8	NaN	1170	NaN	845.3823529	0	-8	358	100	100	0	406	47	14126	83	12633	199	11853	162	11643	18.262	11.949
79.9	NaN	1166	NaN	845.2058824	0	-12	359	100	100	0	407	136	14535	91	12914	200	12481	156	12248	19.272	8.922
80	NaN	1163	NaN	845.0294118	0	-2	363	100	100	0	407	95	12934	84	13434	168	13019	158	12821	20.321	9.01
80.1	NaN	1160	NaN	844.8529412	0	1	360	100	100	0	406	85	13362	89	13829	154	13635	153	13698	21.363	9.243
80.2	NaN	1167	NaN	844.6764706	0	10	382	93	87	0	420	78	14477	92	13937	129	13871	157	14237	22.339	10.128
80.3	NaN	1249	NaN	830	0	6	616	0	0	0	583	-11	13213	-9	13423	-9	13205	-9	13411	22.182	-3.954
80.4	NaN	1263	NaN	849	0	3	497	0	0	0	542	-14	13030	-13	13110	-9	13110	-9	13253	21.602	-5.089
80.5	NaN	1241	NaN	835	0	7	503	0	0	0	497	-21	12687	-20	12822	-13	12670	-14	12951	21.128	-6.662
80.6	NaN	1214	NaN	864	0	9	734	0	0	0	686	-46	11960	-38	12157	-31	11989	-28	12138	20.193	-10.302
80.7	NaN	1231	NaN	860	0	14	661	0	0	0	619	-49	10926	-42	11713	-34	10619	-30	11699	19.2	-8.675
80.8	NaN	1237	NaN	868	0	23	487	0	0	0	514	-58	9677	-46	10926	-44	6002	-34	11178	18.274	-7.441
80.9	NaN	1237	NaN	844	0	4	363	0	0	0	402	-56	9982	-53	10922	-42	4835	-39	10808	17.435	-5.662
81	NaN	1219	NaN	839	0	1	359	0	0	0	403	-58	8945	-56	10402	-45	3587	-43	10072	16.653	-5.261
81.1	NaN	1214	NaN	828	0	-1	363	0	0	0	405	-55	8339	-56	10030	-45	1708	-44	9415	15.748	-5.13
81.2	NaN	1214	NaN	810	0	-20	362	8	5	0	405	-51	6251	-56	9496	-4	-237	-46	8722	14.64	-2.633
81.3	NaN	1200.928571	NaN	878	0	-70	360	25	20	0	404	5	8147	0	9211	6	6452	1	8721	13.401	-1.104
81.4	NaN	1202.357143	NaN	875	0	-74	363	0	0	0	406	-11	7977	-26	8458	-10	6074	-22	7460	12.607	-0.485
81.5	NaN	1203.785714	NaN	845	0	-64	362	0	0	0	406	-24	6584	-49	7820	-23	4375	-44	6492	11.815	-0.087
81.6	NaN	1205.214286	NaN	797	0	-88	362	0	0	0	404	-31	4561	-75	7593	-27	3488	-69	5330	10.772	-2.506
81.7	NaN	1206.642857	NaN	914	0	-100	364	18	17	0	406	-3	6695	-9	7214	-3	4321	-9	5177	9.843	-1.604
81.8	NaN	1208.071429	NaN	872	0	-100	363	0	0	0	405	-8	6315	-27	6761	-8	4688	-24	5176	9.324	1.427
81.9	NaN	1208	NaN	844	0	-100	362	0	0	0	406	-18	6119	-53	6218	-17	4228	-49	2517	8.955	-1.847
82	NaN	1271	NaN	1077	0	-100	358	31	28	0	405	13	5882	-1	6081	29	4554	0	347	8.693	1.439
82.1	NaN	1222	NaN	808	0	-19	362	52	49	0	407	35	5943	19	5588	89	7243	44	5442	8.402	-1.642
82.2	NaN	1212	NaN	772	0	-15	360	65	62	0	407	60	11207	47	6256	146	11024	117	7146	8.799	8.881
82.3	NaN	1228	NaN	785	0	-60	362	74	68	0	407	42	9447	10	5849	105	12944	24	5692	9.202	1.087
82.4	NaN	1217	NaN	774	0	-6	362	65	55	0	408	81	19177	47	6370	161	17927	112	6662	9.87	4.118
82.5	NaN	1235	NaN	828	0	73	361	48	37	0	406	3	17320	46	6056	6	10500	108	6374	10.441	2.996
82.6	NaN	1263	NaN	853	0	77	361	0	0	0	407	-17	7096	-8	5832	-16	6365	-7	6371	10.582	-2.636
82.7	NaN	1262	NaN	875	0	84	361	45	40	0	406	1	5288	7	6223	0	5526	16	6561	10.112	-4.57
82.8	NaN	1236	NaN	794	0	87	361	75	67	0	407	0	5291	49	6774	0	5402	118	6791	9.954	0.754
82.9	NaN	1189	NaN	753	0	68	360	69	63	0	404	9	5514	74	7074	20	5678	167	7116	10.232	3.576
83	NaN	1166	NaN	730	0	56	362	69	61	0	408	24	6623	100	7744	57	6546	214	7843	10.72	6.893
83.1	NaN	1211	NaN	758	0	63	358	51	43	0	407	7	6201	53	7432	18	6262	125	8058	11.053	2.224
83.2	NaN	1205	NaN	781	0	36	360	51	43	0	407	16	6063	46	7508	36	6702	103	8066	10.992	2.515
83.3	NaN	1197	NaN	790	0	-21	361	50	46	0	407	42	6274	26	7247	98	8483	59	7990	11.04	4.472
83.4	NaN	1197	NaN	772	0	-16	363	50	47	0	404	38	6722	25	7145	88	10784	58	7645	11.124	5.806
83.5	NaN	1198	NaN	769	0	13	362	50	43	0	408	26	8622	34	7143	61	11276	77	7655	11.278	2.638
83.6	NaN	1190	NaN	762	0	26	363	55	51	0	406	21	7747	36	7227	48	9310	84	7628	11.516	1.558
83.7	NaN	1154	NaN	737	0	25	361	90	86	0	409	62	9271	116	8446	141	9880	200	8167	11.998	9.012
83.8	NaN	1165	NaN	761	0	26	359	100	100	0	407	63	16047	122	10459	144	12548	202	8973	12.72	9.814
83.9	NaN	1164	NaN	737	0	20	362	100	100	0	408	69	18103	111	9227	147	13572	200	8982	13.619	10.438
84	NaN	1156	NaN	726	0	24	359	100	100	0	407	66	20861	117	9669	151	13261	197	9321	14.534	9.995
84.1	NaN	1157	NaN	740	0	19	359	100	100	0	409	64	21327	119	10640	157	9693	210	9921	15.487	10.033
84.2	NaN	1146	NaN	748	0	20	362	100	100	0	407	49	20948	144	10807	190	11072	203	10597	16.4	9.093
84.3	NaN	1139	NaN	722	0	16	364	100	100	0	410	94	24042	105	11403	158	10886	199	11215	17.325	10.121
84.4	NaN	1161	NaN	730	0	4	360	100	100	0	410	94	21600	90	11513	163	11495	166	11629	18.21	9.958
84.5	NaN	1156	NaN	730	0	-1	359	100	100	0	409	59	19598	95	12065	171	12054	165	12194	19.18	10.655
84.6	NaN	1156	NaN	744	0	-1	362	100	100	0	407	17	17799	94	12582	161	12638	167	12747	20.076	9.739
84.7	NaN	1149	NaN	731	0	-4	360	100	100	0	406	61	15141	86	12969	165	13237	156	13195	20.974	9.407
84.8	NaN	1160	NaN	731	0	-2	359	100	100	0	408	66	13624	69	13719	169	13806	166	13851	-1.127	10.923
84.9	NaN	1149	NaN	732	1	0	361	100	100	0	408	64	14064	67	13968	158	14260	162	14329	-1.134	8.543
85	NaN	1145	NaN	744	1	4	360	100	100	0	406	61	14555	64	14486	159	14695	153	14745	-1.161	8.235
85.1	NaN	1162	NaN	763	1	1	360	100	100	0	407	59	14903	61	14843	149	15089	139	15364	-1.147	5.029
85.2	NaN	1155	NaN	732	1	0	362	100	100	0	406	62	15306	57	15135	156	15730	129	15714	-1.149	5.192
85.3	NaN	1154	NaN	745	1	1	359	100	100	0	407	56	15736	58	15622	161	15964	129	15947	-1.145	8.612
85.4	NaN	1161	NaN	735	1	2	362	100	100	0	407	66	16234	63	16006	135	16299	117	16424	13.654	6.799
85.5	NaN	1159	NaN	738	1	1	361	100	100	0	406	60	16541	61	16453	120	16705	118	16868	13.72	6.346
85.6	NaN	1150	NaN	736	1	-4	359	100	100	0	405	63	16934	63	16840	113	17080	117	17327	18.451	6.838
85.7	NaN	1141	NaN	732	1	-1	363	100	100	0	407	61	17380	63	17223	117	17557	110	17485	19.05	4.616
85.8	NaN	1155	NaN	815	0	-0	628	0	0	0	549	-17	17101	-12	17059	-26	17143	-48	16930	24.486	-9.034
85.9	NaN	1236	NaN	834	0	-2	1013	0	0	0	959	-24	16595	-25	16369	-14	16501	-15	16259	23.56	-10.677
86	NaN	1259	NaN	856	0	-2	1008	0	0	0	977	-30	15562	-38	15620	-27	15190	-26	15175	15.101	-11.959
86.1	NaN	1278	NaN	863	0	3	1005	0	0	0	938	-35	14993	-32	14727	-30	14681	-28	12868	13.656	-12.764
86.2	NaN	1293	NaN	877	0	2	914	0	0	0	797	-39	14103	-37	14018	-26	14264	-25	14165	22.017	-9.672
86.3	NaN	1295	NaN	894	0	0	665	0	0	0	645	-41	13339	-42	13549	-26	12849	-27	13434	21.18	-11.238
86.4	NaN	1309	NaN	883	0	10	359	0	0	0	405	-43	13008	-38	13442	-29	12987	-26	13453	20.903	-6.47
86.5	NaN	1293	NaN	867	0	16	362	0	0	0	407	-47	12150	-41	13002	-33	11821	-26	13143	20.572	-5.629
86.6	NaN	1272	NaN	864	0	29	364	0	0	0	405	-51	11054	-39	12697	-36	11118	-26	12926	19.629	-7.292
86.7	NaN	1370	NaN	925	0	-0	365	28	24	0	407	0	11605	1	12585	2	11613	2	12582	18.925	-0.749
86.8	NaN	1283	NaN	836	0	-4	364	44	38	0	405	15	11956	13	12033	34	12107	33	12138	19.35	-0.864
86.9	NaN	1259	NaN	785	0	-3	360	68	64	0	406	71	12615	67	12336	131	12808	126	12506	20.065	7.653
87	NaN	1350	NaN	890	0	-6	658	0	0	0	636	-8	12160	-9	11836	-2	12271	-3	12057	19.763	-5.721
87.1	NaN	1317	NaN	884	0	-5	685	0	0	0	654	-29	11826	-31	11445	-24	11927	-23	11228	18.879	-9.829
87.2	NaN	1311	NaN	887	0	-8	654	0	0	0	638	-46	11148	-49	10822	-34	11159	-36	10784	18.251	-10.941
87.3	NaN	1316	NaN	944	0	-7	591	0	0	0	615	-48	10516	-51	10055	-37	10560	-39	10136	17.304	-8.138
87.4	NaN	1323	NaN	922	0	-2	547	0	0	0	543	-51	9920	-52	9844	-39	9819	-41	9244	16.242	-10.825
87.5	NaN	1328	NaN	941	0	-10	645	0	0	0	644	-52	9280	-57	9106	-41	9293	-44	8789	15.282	-11.523
87.6	NaN	1343	NaN	1009	0	-21	588	0	0	0	555	-49	8796	-63	8306	-40	8950	-50	4192	14.118	-9.685
87.7	NaN	1326	NaN	951	0	-16	508	0	0	0	493	-49	8424	-58	7725	-43	8397	-49	640	13.305	-8.486
87.8	NaN	1326	NaN	1201	0	-15	360	0	0	0	400	-51	8106	-58	7367	-43	7942	-1	267	12.434	-8.716
87.9	NaN	1325	NaN	1176	0	-16	362	0	0	0	405	-50	7591	-57	6947	-43	7432	-46	-36	11.779	-6.075
88	NaN	1329	NaN	1507	0	-28	361	6	7	0	404	-38	7146	-47	6107	-33	7165	-1	-180	11.271	-4.684
88.1	NaN	1320	NaN	864	0	-35	362	47	48	0	405	45	7478	19	6549	102	7668	46	6753	10.956	4.477
88.2	NaN	1357	NaN	880	0	-61	362	35	35	0	406	24	7207	5	6281	55	7457	12	6776	10.955	-0.186
88.3	NaN	1363	NaN	1027	0	-77	360	0	0	0	406	-8	6733	-19	5603	-7	7116	-17	5878	10.59	-4.205
88.4	NaN	1377	NaN	883	0	-77	361	41	41	0	403	28	6742	2	5676	77	7187	5	5820	10.233	-3.177
88.5	NaN	1421	NaN	927	0	-80	359	28	24	0	404	0	6378	0	5554	-1	6703	0	5822	10.2	-3.135
88.6	NaN	1348	NaN	872	0	-74	360	41	40	0	406	38	7023	3	5525	90	7102	7	5743	10.188	1.905
88.7	NaN	1302	NaN	836	0	-68	359	70	71	0	405	110	7750	10	5743	194	7891	24	5997	10.523	4.263
88.8	NaN	1294	NaN	794	0	-17	361	72	68	0	404	85	7595	48	6394	189	8161	108	7596	11.172	9.172
88.9	NaN	1284	NaN	823	0	-5	360	76	75	0	406	79	8292	66	9294	185	9528	151	10347	11.848	11.797
89	NaN	1281	NaN	786	0	8	358	90	90	0	408	85	8202	102	14924	191	9564	155	13504	12.317	6.97
89.1	NaN	1297	NaN	801	0	16	359	61	60	0	407	42	8382	53	16671	92	8786	113	14293	12.987	4.906
89.2	NaN	1285	NaN	812	0	25	359	54	48	0	409	30	8552	46	18651	64	8847	128	16417	13.714	7.726
89.3	NaN	1284	NaN	836	0	20	360	53	50	0	407	30	8536	48	14519	65	8565	99	12379	14.274	8.805
89.4	NaN	1294	NaN	822	0	2	364	57	54	0	405	28	9087	30	9350	63	9327	64	9555	14.568	2.123
89.5	NaN	1285	NaN	933	0	-11	460	0	0	0	498	-5	9457	-6	9090	-3	9464	-4	9111	14.545	-4.131
89.6	NaN	1307	NaN	913	0	-19	535	0	0	0	514	-23	9065	-28	8469	-19	9136	-23	8547	14.377	-4.601
89.7	NaN	1276	NaN	892	0	-26	490	0	0	0	498	-39	8550	-50	7369	-33	8682	-43	6085	13.621	-7.412
89.8	NaN	1267	NaN	896	0	-50	454	0	0	0	495	-40	7634	-67	5836	-35	8134	-57	2608	12.932	-7.573
89.9	NaN	1285	NaN	1209	0	-51	367	0	0	0	407	-41	7566	-65	6090	-36	7774	-0	-404	11.995	-6.978
90	NaN	1262	NaN	977	0	-50	358	0	0	0	404	-39	6919	-67	4688	-35	7235	-58	1875	11.184	-7.354
90.1	NaN	1284	NaN	1145	0	-42	356	0	0	0	404	-42	6520	-64	4977	-38	6238	-0	-461	10.16	-7.492
90.2	NaN	1274	NaN	930	0	-3	360	23	20	0	406	-4	6556	-5	4848	-6	6395	-5	2116	9.439	-2.547
90.3	NaN	1300	NaN	858	0	38	358	44	39	0	405	11	6297	29	5029	28	6575	66	6145	8.937	3.576
90.4	NaN	1276	NaN	843	0	41	357	50	44	0	406	16	6062	45	6142	38	6280	109	10175	8.895	4.891
90.5	NaN	1306	NaN	871	0	-5	361	32	25	0	407	9	5861	9	5741	25	6000	25	11408	9.017	3.515
90.6	NaN	1323	NaN	928	0	-53	363	0	0	0	406	-11	4916	-19	4165	-10	5511	-17	6181	8.527	-1.738
90.7	NaN	1306	NaN	848	0	-56	355	47	48	0	404	48	5355	9	4499	114	6083	23	4463	8.08	-1.057
90.8	NaN	1264	NaN	848	0	-50	356	66	67	0	405	86	6057	21	5087	204	6257	50	5508	8.668	4.374
90.9	NaN	1260	NaN	773	0	-32	360	73	71	0	407	91	6774	39	5929	194	6492	94	6113	9.414	9.222
91	NaN	1259	NaN	781	0	-28	358	71	68	0	408	82	6944	42	6448	188	6845	99	6360	9.849	9.976
91.1	NaN	1264	NaN	765	0	-32	357	70	67	0	407	86	7604	39	6797	188	7680	90	6719	10.601	11.063
91.2	NaN	1260	NaN	806	0	-28	357	67	68	0	407	79	7863	42	7628	179	7810	94	6994	11.467	8.967
91.3	NaN	1256	NaN	812	0	-5	358	64	61	0	408	58	7857	51	7503	130	8010	115	7648	12.248	8.134
91.4	NaN	1253	NaN	809	0	6	357	64	55	0	407	47	8058	54	8126	104	8194	117	8266	12.956	6.628
91.5	NaN	1268	NaN	815	0	21	359	39	30	0	409	20	8305	38	8568	38	8248	51	8595	13.609	5.003
91.6	NaN	1302	NaN	837	0	49	379	0	0	0	421	-22	7429	-14	8397	-19	6944	-12	8517	13.229	-5.303
91.7	NaN	1259	NaN	857	0	68	362	0	0	0	403	-50	5968	-24	7895	-43	6612	-21	8210	12.572	-6.276
91.8	NaN	1338	NaN	884	0	55	365	42	36	0	406	0	6865	2	7911	2	6513	6	8100	12.043	-3.942
91.9	NaN	1279	NaN	848	0	12	362	52	47	0	406	8	6972	11	7843	20	7134	28	7994	11.785	-0.12
92	NaN	1262	NaN	818	0	13	361	61	57	0	407	18	7391	24	7760	43	7562	57	8023	11.782	1.953
92.1	NaN	1218	NaN	769	0	8	360	90	85	0	409	84	8953	102	8112	195	10202	187	8494	12.042	6.689
92.2	NaN	1216	NaN	782	0	11	360	88	78	0	408	74	14134	95	8575	161	11158	203	8840	13.114	7.086
92.3	NaN	1260	NaN	833	0	-25	364	18	10	0	406	26	17487	10	8687	9	9705	3	8684	13.995	8.701
92.4	NaN	1273	NaN	909	0	-62	363	0	0	0	405	-13	8623	-25	7497	-11	9005	-22	7679	13.842	-5.826
92.5	NaN	1293	NaN	856	0	-65	360	73	72	0	403	30	8798	5	7157	68	9074	10	7623	13.229	-0.554
92.6	NaN	1229	NaN	781	0	-42	360	100	100	0	406	145	10632	52	8493	191	10239	126	10340	13.554	6.622
92.7	NaN	1230	NaN	775	0	-15	360	100	100	0	407	109	11314	78	12888	201	10072	171	11091	14.363	10.58
92.8	NaN	1215	NaN	773	0	-12	360	100	100	0	407	102	11266	77	16052	202	10733	168	12785	15.145	8.519
92.9	NaN	1216	NaN	781	0	-3	359	100	100	0	407	85	10713	82	19126	179	10516	164	13530	16.072	11.253
93	NaN	1226	NaN	770	0	-4	358	100	100	0	407	86	10965	81	20464	168	10811	147	14824	17.105	9.746
93.1	NaN	1203	NaN	768	0	-1	362	100	100	0	408	95	11956	94	18421	178	11625	168	11681	18.144	8.892
93.2	NaN	1211	NaN	761	0	6	359	100	100	0	408	79	13433	90	15145	144	12166	170	12215	19.17	10.675
93.3	NaN	1217	NaN	760	1	2	362	100	100	0	407	91	13005	93	12645	164	12845	171	12920	20.17	9.372
93.4	NaN	1212	NaN	752	1	5	360	100	100	0	409	79	13261	89	13485	143	13381	155	13703	21.149	9.233
93.5	NaN	1206	NaN	760	1	2	361	100	100	0	407	83	14839	87	13897	141	13845	145	14121	21.981	9.036
93.6	NaN	1213	NaN	762	1	2	360	100	100	0	407	84	14470	83	14352	135	14388	133	14587	22.812	7.126
93.7	NaN	1214	NaN	754	1	3	358	100	100	0	407	81	14984	83	14771	128	14918	133	15028	23.569	7.102
93.8	NaN	1203	NaN	748	1	2	363	100	100	0	408	78	15449	81	15218	119	15419	130	15464	24.408	9.325
93.9	NaN	1209	NaN	769	1	0	362	100	100	0	408	78	16126	79	15764	118	15847	129	15945	25.391	8.622
94	NaN	1204	NaN	776	1	1	359	100	100	0	407	78	16461	82	16235	121	16290	120	16469	25.983	8.722
94.1	NaN	1217	NaN	774	1	1	356	100	100	0	408	76	16685	80	16721	112	16758	109	16965	26.641	6.655
94.2	NaN	1210	NaN	777	1	0	363	100	100	0	408	76	17081	77	17101	111	17161	108	17402	27.103	7.185
94.3	NaN	1192	NaN	775	1	-1	361	100	100	0	407	76	17474	77	17479	101	17619	103	17677	27.667	5.67
94.4	NaN	1202	NaN	778	1	2	359	100	100	0	407	73	17954	76	17746	87	17937	102	17993	28.115	7.529
94.5	NaN	1212	NaN	776	1	-0	358	100	100	0	408	77	18249	73	18254	115	18334	97	18591	28.634	4.668
94.6	NaN	1195	NaN	770	1	0	360	100	100	0	407	81	18552	85	18638	117	18744	97	18787	29.109	6.954
94.7	NaN	1195	NaN	777	1	0	358	100	100	0	407	54	18927	85	18843	89	18934	94	19216	29.568	5.418
94.8	NaN	1190	NaN	775	1	2	360	100	100	0	406	37	19170	76	19181	69	19168	97	19470	30.024	3.554
94.9	NaN	1192	NaN	772	1	-1	358	100	100	0	408	22	19290	71	19419	153	19687	101	19787	30.364	4.149
95	NaN	1197	NaN	762	1	-3	359	100	100	0	407	98	19753	80	19783	88	19955	81	19985	30.793	5.003
95.1	NaN	1185	NaN	768	0	9	360	100	100	0	405	102	20154	85	20122	42	19877	80	20464	31.1	4.463
95.2	NaN	1192	NaN	760	0	-5	362	100	100	0	407	90	20301	75	20332	46	19978	91	20579	31.593	4.334
95.3	NaN	1183	NaN	768	0	-10	359	100	100	0	405	56	20684	73	20263	123	20807	84	20570	31.852	2.443
95.4	NaN	1191	NaN	769	0	-11	360	100	100	0	406	18	20510	61	20453	68	21038	72	21022	32.245	3.655
95.5	NaN	1195	NaN	821	0	-5	445	0	0	0	454	-42	20398	-39	19961	-34	20684	-50	19789	31.88	-10.736
95.6	NaN	1202	NaN	857	0	-2	656	0	0	0	620	-35	19823	-35	19226	-4	19974	-41	18110	31.078	-12.655
95.7	NaN	1241	NaN	859	0	3	747	0	0	0	710	-25	19337	-30	18828	-10	19164	-11	18984	29.764	-10.103
95.8	NaN	1273	NaN	883	0	4	844	0	0	0	787	-29	18239	-27	18394	-12	18345	-11	18399	29.072	-11.61
95.9	NaN	1300	NaN	899	0	-5	987	0	0	0	923	-31	17766	-37	17399	-16	17804	-17	17652	27.767	-13.701
96	NaN	1327	NaN	919	0	-1	1068	0	0	0	924	-38	16982	-32	16268	-18	17040	-21	16699	26.712	-14.011
96.1	NaN	1381	NaN	934	0	2	1031	0	0	0	931	-39	15957	-39	15802	-18	16048	-21	16065	25.262	-12.629
96.2	NaN	1427	NaN	941	0	0	1060	0	0	0	918	-38	15139	-37	15183	-22	15050	-21	15191	24.177	-12.336
96.3	NaN	1465	NaN	941	0	2	1021	0	0	0	911	-40	14109	-40	14374	-24	14447	-24	14548	22.755	-12.164
96.4	NaN	1519	NaN	978	0	-3	986	0	0	0	908	-41	13735	-41	13591	-26	12224	-27	12947	21.712	-15.07
96.5	NaN	1545	NaN	983	0	-2	843	0	0	0	740	-40	12997	-40	12842	-27	12870	-28	12777	20.329	-13.251
96.6	NaN	1565	NaN	982	0	-2	721	0	0	0	637	-43	12319	-44	12252	-31	12318	-31	12271	19.373	-10.23
96.7	NaN	1568	NaN	975	0	2	626	0	0	0	573	-48	11670	-44	11622	-34	11653	-32	11767	18.366	-9.353
96.8	NaN	1579	NaN	973	0	6	696	0	0	0	622	-47	10956	-46	11095	-37	10293	-34	11189	17.67	-8.02
96.9	NaN	1581	NaN	988	0	10	781	0	0	0	732	-52	10221	-50	10536	-40	7674	-39	10508	16.512	-12.591
97	NaN	1629	NaN	990	0	8	745	0	0	0	710	-56	9441	-50	9916	-44	8489	-40	9702	15.578	-12.331
97.1	NaN	1615	NaN	980	0	14	613	0	0	0	602	-61	7030	-53	7990	-49	4653	-43	9278	14.581	-3.888
97.2	NaN	1613	NaN	963	0	13	487	0	0	0	491	-58	8203	-51	8849	-0	-19	-42	8657	13.79	-6.791
97.3	NaN	1583	NaN	995	0	16	432	0	0	0	460	-58	6229	-49	8306	-50	4950	-42	8302	13.013	-4.511
97.4	NaN	1591	NaN	1003	0	36	456	0	0	0	469	-63	6186	-45	7550	-21	-297	-38	7703	12.38	-8.69
97.5	NaN	1595	NaN	1006	0	46	408	0	0	0	435	-66	2315	-41	6687	-0	233	-36	7127	11.633	-7.381
97.6	NaN	1548	NaN	951	0	20	365	0	0	0	409	-58	2730	-47	6992	0	-29	-42	6656	10.954	-7.32
97.7	NaN	1558	NaN	950	0	23	364	0	0	0	404	-59	3052	-47	6377	-22	-8	-42	6261	10.089	-2.824
97.8	NaN	1561	NaN	961	0	13	445	0	0	0	468	-56	3448	-48	5889	-52	537	-44	4976	9.059	-4.978
97.9	NaN	1554	NaN	1016	0	-31	536	0	0	0	548	-45	2301	-58	5363	-2	1	-55	3838	7.8	-5.106
98	NaN	1540	NaN	955	0	-77	495	0	0	0	512	-32	2986	-69	4666	-31	157	-67	363	6.247	-5.281
98.1	NaN	1518	NaN	1044	0	-89	386	0	0	0	417	-28	2382	-73	3965	-0	54	-71	1205	4.964	-4.984
98.2	NaN	1519	NaN	1071	0	-100	372	0	0	0	415	-26	1755	-76	3178	-2	139	-74	574	3.805	-1.767
98.3	NaN	1575	NaN	1154	0	-100	560	0	0	0	577	-2	105	-75	2482	0	-16	-72	513	2.733	-3.356
98.4	NaN	1556	NaN	1025	0	-100	582	0	0	0	585	0	0	-75	1772	-0	-0	-70	466	1.687	-2.36
98.5	NaN	1584	NaN	1133	0	-100	355	25	22	0	403	0	34	-17	1337	0	-72	-1	354	0.993	-2.347
98.6	NaN	1525	NaN	983	0	-100	360	62	61	0	404	94	1516	-8	918	205	6042	-22	497	0.864	3.885
98.7	NaN	1568	NaN	1073	0	-100	359	77	77	0	405	147	7379	-13	753	165	15474	-34	415	1.107	3.542
98.8	NaN	1540	NaN	1092	0	-100	357	100	100	0	407	120	14688	-11	695	156	21276	-28	591	1.298	3.015
98.9	NaN	1510	NaN	1003	0	-100	360	100	99	0	406	109	16683	-10	809	171	20179	-26	660	1.668	6.547
99	NaN	1582	NaN	1034	0	-100	358	99	97	0	407	119	16481	-11	1119	176	16189	-27	928	2.16	6.803
99.1	NaN	1492	NaN	1001	0	-100	362	99	98	0	407	128	17126	-12	1370	203	15477	-30	1090	2.607	6.312
99.2	NaN	1486	NaN	954	0	-100	359	56	51	0	408	128	17746	-12	1654	197	14148	-29	1275	3.122	6.243
99.3	NaN	1543	NaN	1027	0	-68	358	0	0	0	407	-4	5647	-8	1913	-4	2686	-8	1720	3.53	3.036
99.4	NaN	1458	NaN	904	0	-23	358	83	83	0	407	101	3285	50	2492	202	3437	129	2441	3.912	7.892
99.5	NaN	1500	NaN	968	0	-6	360	85	82	0	409	82	5349	73	3223	204	3431	189	3287	4.891	10.711
99.6	NaN	1476	NaN	945	0	-5	358	86	82	0	409	84	8949	73	3835	196	4051	196	3888	5.865	11.421
99.7	NaN	1472	NaN	972	0	9	364	86	82	0	408	72	9950	86	4809	173	5905	201	4639	6.97	10.501
99.8	NaN	1581	NaN	1016	0	38	371	0	0	0	409	-7	4445	-4	4807	-6	4758	-4	4873	7.729	-2.364
99.9	NaN	1484	NaN	978	0	49	371	8	4	0	416	-29	4299	-18	5073	-28	2344	-17	5075	7.322	-5.586
100	NaN	1497	NaN	965	0	49	357	72	66	0	405	9	4343	34	5196	22	4240	86	5239	7.437	1.8
100.1	NaN	1472	NaN	901	0	51	362	79	72	0	407	17	4591	66	5582	42	4526	161	5579	7.843	5.061
100.2	NaN	1468	NaN	918	0	58	361	75	66	0	408	22	5165	104	6239	52	4955	208	6211	8.557	6.879
100.3	NaN	1462	NaN	916	0	60	359	77	72	0	407	20	5331	115	6865	49	5367	199	6823	9.226	7.893
100.4	NaN	1452	NaN	905	0	40	360	77	71	0	407	33	6135	103	7176	81	6220	197	7603	9.958	8.084
100.5	NaN	1437	NaN	882	0	7	362	74	66	0	409	59	7245	68	7102	137	7308	156	7629	10.814	9.988
100.6	NaN	1437	NaN	885	0	16	363	72	67	0	406	53	8814	74	7539	123	9345	166	7850	11.605	8.948
100.7	NaN	1431	NaN	893	0	39	361	74	70	0	409	41	9286	91	8234	92	7811	198	8280	12.373	7.469
100.8	NaN	1440	NaN	884	0	62	361	76	71	0	409	22	8278	115	9209	49	7814	203	8748	13.054	4.774
100.9	NaN	1426	NaN	882	0	38	361	99	94	0	408	59	9410	151	10021	135	8666	193	9287	13.869	9.836
101	NaN	1414	NaN	869	0	24	363	100	100	0	407	85	15345	133	9960	180	9572	195	9687	14.857	9.831
101.1	NaN	1431	NaN	874	0	18	361	100	100	0	406	76	19525	117	10187	163	9867	194	10139	15.78	7.691
101.2	NaN	1431	NaN	873	0	2	359	59	48	0	409	56	19841	80	10469	147	10335	147	10726	16.734	9.406
101.3	NaN	1486	NaN	970	0	1	539	0	0	0	520	-15	9660	-16	9933	-12	10203	-12	10097	16.75	-4.522
101.4	NaN	1448	NaN	983	0	-3	764	0	0	0	768	-34	9617	-37	9407	-27	9548	-28	9434	15.815	-10.347
101.5	NaN	1484	NaN	970	0	-6	748	0	0	0	703	-52	8998	-57	8551	-42	8964	-46	8048	14.686	-11.533
101.6	NaN	1483	NaN	952	0	-16	710	0	0	0	656	-51	8191	-59	7778	-44	8412	-48	3166	13.587	-10.622
101.7	NaN	1473	NaN	914.4166667	0	-27	631	0	0	0	601	-46	7840	-61	6852	-40	7878	-0	18	12.888	-11.211
101.8	NaN	1479	NaN	918.3333333	0	-21	387	0	0	0	413	-48	7570	-59	6578	-42	7450	-1	171	11.523	-7.397
101.9	NaN	1467	NaN	922.25	0	-19	362	0	0	0	404	-49	7057	-57	6248	-43	6959	-51	324	10.794	-7.93
102	NaN	1454	NaN	926.1666667	0	-45	362	0	0	0	405	-42	6476	-64	5254	-38	6547	-54	-17	10.173	-8.09
102.1	NaN	1455	NaN	930.0833333	0	-78	362	0	0	0	403	-32	5635	-71	3942	-30	6153	-1	794	9.303	-7.87
102.2	NaN	1498	NaN	943	0	-79	363	52	53	0	402	73	6569	3	4828	176	7300	6	2015	8.699	0.838
102.3	NaN	1515	NaN	946	0	-74	360	46	44	0	404	54	6807	3	4737	129	7248	8	5014	8.694	3.831
102.4	NaN	1456	NaN	923	0	-50	361	45	46	0	406	41	6551	10	4781	100	7161	23	5470	8.522	2.517
102.5	NaN	1505	NaN	932	0	-10	358	48	46	0	405	34	6497	27	4854	82	7650	63	6518	8.366	6.56
102.6	NaN	1464	NaN	937	0	26	358	51	48	0	405	23	6273	43	5174	55	6805	102	9304	8.479	6.432
102.7	NaN	1441	NaN	924	0	33	363	53	52	0	405	22	6213	50	7253	55	6756	125	14011	8.464	5.116
102.8	NaN	1454	NaN	918	0	8	359	69	70	0	409	48	6355	64	6665	116	6847	107	17537	8.804	5.574
102.9	NaN	1462	NaN	904	0	-17	362	50	45	0	406	40	7563	29	7947	104	9023	79	20858	9.208	11.767
103	NaN	1470	NaN	931	0	11	358	86	86	0	407	24	6708	27	5999	57	7070	50	16468	9.321	6.16
103.1	NaN	1511	NaN	974	0	21	358	32	27	0	408	4	6579	6	7364	9	6620	3	10233	9.709	4.76
103.2	NaN	1465	NaN	936	0	47	362	65	61	0	405	7	6489	24	6577	16	6546	57	7760	9.91	2.149
103.3	NaN	1443	NaN	927	0	45	360	61	50	0	405	13	6084	42	7286	30	6090	98	7423	10.329	4.401
103.4	NaN	1435	NaN	888	0	31	362	94	84	0	408	64	6411	128	7994	140	7351	222	8538	10.833	7.904
103.5	NaN	1490	NaN	959	0	41	366	0	0	0	407	-14	5630	-9	7157	-12	5898	-8	7354	10.991	-1.701
103.6	NaN	1463	NaN	970	0	34	363	0	0	0	405	-36	5463	-25	6986	-32	4346	-22	7037	10.493	-5.482
103.7	NaN	1458	NaN	988	0	17	362	60	55	0	405	4	5519	8	6894	11	3618	18	7071	10.009	-0.286
103.8	NaN	1441	NaN	929	0	-18	364	66	65	0	404	28	5794	17	6531	64	6599	43	6799	9.96	2.846
103.9	NaN	1425	NaN	870	0	-5	361	59	51	0	407	42	6578	35	6537	96	8677	89	6823	10.235	4.827
104	NaN	1519	NaN	997	0	70	361	9	0	0	405	-3	6863	-1	6205	-3	6280	-5	6465	10.578	-0.507
104.1	NaN	1460	NaN	961	0	85	362	0	0	0	405	-30	5207	-12	5890	-28	5661	-11	6415	10.064	-5.984
104.2	NaN	1431	NaN	956	0	87	362	4	1	0	404	-56	4679	-21	5705	-54	2206	-20	6183	9.509	-5.802
104.3	NaN	1464	NaN	1014	0	86	364	51	44	0	407	0	5021	13	6083	0	601	34	6245	9.143	-3.079
104.4	NaN	1469	NaN	936	0	80	361	60	54	0	405	1	4858	34	6197	3	5022	85	6360	9.026	1.085
104.5	NaN	1417	NaN	886	0	40	361	65	59	0	407	17	5029	49	6464	41	5290	116	6842	9.191	5.214
104.6	NaN	1386	NaN	898	0	32	365	76	71	0	407	42	5840	90	6626	102	6727	200	7164	9.668	5.62
104.7	NaN	1394	NaN	859	0	18	365	76	70	0	409	53	7173	82	6956	124	8063	186	7458	10.423	7.44
104.8	NaN	1383	NaN	886	0	23	363	76	68	0	408	53	11141	86	7503	118	10569	206	8170	11.102	8.34
104.9	NaN	1398	NaN	865	0	37	360	75	69	0	409	39	13636	95	8331	89	10030	196	8565	11.685	8.213
105	NaN	1404	NaN	867	0	22	362	74	66	0	409	47	14421	82	8189	105	9138	174	8681	12.284	6.823
105.1	NaN	1398	NaN	882	0	0	360	76	69	0	409	64	17889	66	8270	155	11866	152	9001	12.908	8.058
105.2	NaN	1399	NaN	877	0	-8	358	76	69	0	406	71	21952	66	8677	162	15328	140	9321	13.546	7.599
105.3	NaN	1414	NaN	868	0	-34	359	71	67	0	407	57	22124	43	8694	188	15849	89	9074	14.254	6.194
105.4	NaN	1411	NaN	879	0	-33	359	59	56	0	404	10	20312	31	8790	139	9989	67	9013	15.007	5.964
105.5	NaN	1405	NaN	882	0	-41	359	6	0	0	405	-6	9513	-9	8662	-4	9735	-8	8795	15.203	-3.991
105.6	NaN	1440	NaN	951	0	-28	360	39	39	0	404	16	9648	7	8597	40	9744	21	8088	14.709	-2.271
105.7	NaN	1409	NaN	891	0	-36	357	56	52	0	405	58	9996	25	9382	125	10222	54	9329	14.854	4.301
105.8	NaN	1386	NaN	895	0	-24	361	57	58	0	405	61	10159	36	9729	126	10447	77	10446	15.168	8.088
105.9	NaN	1405	NaN	894	0	-29	360	55	55	0	404	56	10068	28	10002	120	10340	63	10171	15.483	4.377
106	NaN	1395	NaN	876	0	-27	362	60	61	0	406	71	10579	38	10647	145	10506	79	9928	15.976	4.966
106.1	NaN	1391	NaN	888	0	-28	357	63	61	0	408	74	10812	42	12096	147	10711	85	10311	16.538	5.378
106.2	NaN	1386	NaN	871	0	-11	360	63	61	0	406	66	11012	47	13209	131	11172	99	10678	17.067	4.997
106.3	NaN	1365	NaN	884	0	23	363	63	54	0	407	44	11035	66	13653	84	11117	124	11184	17.73	6.876
106.4	NaN	1364	NaN	867	0	34	360	82	72	0	409	56	11586	111	12027	109	11426	178	12066	18.149	4.412
106.5	NaN	1386	NaN	845	0	51	359	65	52	0	409	26	13115	77	12405	48	11475	145	12293	18.693	3.688
106.6	NaN	1376	NaN	867	0	41	358	59	46	0	409	26	12412	63	12427	47	11653	118	12488	19.042	1.718
106.7	NaN	1371	NaN	867	0	39	362	59	50	0	406	28	12537	66	12507	53	11898	125	12594	19.272	4.37
106.8	NaN	1372	NaN	851	0	40	364	59	50	0	407	31	12484	67	12621	55	12061	126	12693	19.532	3.634
106.9	NaN	1364	NaN	861	0	40	364	60	51	0	409	30	13337	69	12802	55	12264	127	12930	19.801	3.719
107	NaN	1372	NaN	862	0	28	360	63	54	0	407	39	13456	71	12979	72	12434	124	13118	20.039	3.982
107.1	NaN	1362	NaN	845	0	7	361	69	60	0	409	62	14376	68	13074	109	12897	125	13299	20.517	6.72
107.2	NaN	1375	NaN	884	0	-18	360	53	47	0	405	49	13403	36	12949	88	13460	63	13150	20.988	3.169
107.3	NaN	1393	NaN	911	0	-29	361	48	46	0	406	22	13446	13	12666	40	13569	22	13043	21.094	-1.463
107.4	NaN	1361	NaN	865	0	-22	359	62	63	0	405	73	13828	51	13179	133	14040	95	13291	21.04	4.201
107.5	NaN	1366	NaN	873	0	-34	358	64	64	0	406	86	14513	44	14654	139	14076	78	13883	21.524	6.362
107.6	NaN	1353	NaN	866	0	-21	359	71	72	0	408	97	14691	68	16076	170	14316	114	14217	22.205	7.427
107.7	NaN	1357	NaN	861	0	-27	361	64	61	0	406	80	14942	50	15647	132	14598	83	14334	22.918	8.3
107.8	NaN	1364	NaN	881	0	-28	359	54	52	0	405	58	14872	35	14713	93	14858	56	14327	23.382	4.109
107.9	NaN	1341	NaN	857	0	-26	361	100	100	0	404	96	16025	63	16514	166	15408	99	14791	23.848	5.602
108	NaN	1346	NaN	860	0	-6	359	100	100	0	407	85	15493	84	20336	125	15499	122	15303	24.438	4.823
108.1	NaN	1350	NaN	858	0	-6	360	100	100	0	408	79	15786	74	20864	114	15739	104	15553	25.314	5.954
108.2	NaN	1328	NaN	860	0	2	361	100	100	0	407	69	15966	71	15919	103	16140	110	16057	25.971	7.558
108.3	NaN	1344	NaN	857	0	3	362	100	100	0	409	78	16338	83	16396	115	16390	109	16649	26.619	7.818
108.4	NaN	1327	NaN	856	0	-1	360	100	100	0	408	79	17008	80	16625	108	16820	108	16988	27.19	7.528
108.5	NaN	1350	NaN	855	1	3	359	100	100	0	406	77	17071	78	17066	101	17158	108	17316	27.747	6.895
108.6	NaN	1338	NaN	852	1	2	360	100	100	0	405	74	17412	75	17402	109	17494	103	17675	28.239	4.24
108.7	NaN	1329	NaN	853	1	1	360	100	100	0	407	77	17764	80	17736	106	17790	101	17961	28.794	6.764
108.8	NaN	1329	NaN	845	0	2	377	73	65	0	414	81	18112	79	18054	75	18042	99	18403	29.262	6.786
108.9	NaN	1403	NaN	922	0	0	1002	0	0	0	937	-19	17278	-19	17117	3	17181	10	17401	28.655	-11.557
109	NaN	1417	NaN	950	0	5	1010	0	0	0	879	-40	16212	-33	16366	-23	16444	-22	16663	27.402	-12.96
109.1	NaN	1460	NaN	952	0	7	989	0	0	0	861	-43	15437	-33	15842	-20	13918	-21	15616	26.155	-15.354
109.2	NaN	1493	NaN	967	0	-0	788	0	0	0	679	-40	14928	-37	15068	-20	14919	-21	15143	24.902	-12.09
109.3	NaN	1506	NaN	965	0	0	535	0	0	0	521	-40	14474	-40	14218	-22	14604	-23	14554	23.892	-9.388
109.4	NaN	1489	NaN	981	0	11	682	0	0	0	706	-44	13583	-38	13680	-27	13582	-24	14057	22.968	-9.944
109.5	NaN	1519	NaN	980	0	7	717	0	0	0	623	-44	12761	-39	13402	-27	12748	-25	13618	21.902	-10.057
109.6	NaN	1549	NaN	998	0	7	542	0	0	0	552	-47	12326	-40	12833	-27	11846	-27	12743	20.92	-8.826
109.7	NaN	1517	NaN	977	0	2	375	0	0	0	411	-39	11932	-48	12158	-29	12100	-29	12376	20.165	-5.492
109.8	NaN	1508	NaN	990	0	10	486	0	0	0	458	-44	11759	-43	11849	-35	11891	-30	12041	19.435	-6.642
109.9	NaN	1538	NaN	983	0	12	713	0	0	0	657	-50	10406	-42	11411	-35	10846	-31	11537	18.513	-9.044
110	NaN	1548	NaN	976	0	22	571	0	0	0	544	-63	7061	-50	10336	-47	6734	-38	10696	17.636	-6.258
110.1	NaN	1545	NaN	1007	0	13	421	0	0	0	451	-60	9290	-52	10613	-47	1581	-41	10441	16.631	-7.537
110.2	NaN	1534	NaN	931	0	14	361	0	0	0	401	-60	8175	-52	9891	-48	3752	-41	9753	15.818	-5.561
110.3	NaN	1528	NaN	1031	0	10	367	0	0	0	403	-59	7043	-50	9436	-1	907	-43	8711	14.996	-4.874
110.4	NaN	1536	NaN	961	0	-27	361	0	0	0	403	-50	6085	-60	9117	-42	201	-50	8532	13.818	-3.086
110.5	NaN	1621	NaN	1039	0	-57	362	22	20	0	403	0	7496	-0	8605	0	5899	0	8033	12.684	-0.795
110.6	NaN	1603	NaN	1030	0	-73	362	27	23	0	406	3	7509	0	8125	7	7117	1	7541	11.959	1.706
110.7	NaN	1614	NaN	1053	0	-78	366	26	24	0	408	0	7520	0	7810	0	6659	0	7115	11.582	-1.716
110.8	NaN	1533	NaN	974	0	-43	360	44	42	0	405	35	8020	7	7528	81	8801	22	7030	11.381	2.47
110.9	NaN	1495	NaN	945	0	39	364	60	58	0	407	31	9714	65	7786	67	10345	146	8190	11.774	6.592
111	NaN	1504	NaN	962	0	63	359	62	58	0	410	15	8930	85	8205	34	8088	193	8639	12.269	3.556
111.1	NaN	1519	NaN	967	0	80	361	58	51	0	409	6	8135	78	8892	13	7899	174	8332	12.693	3.826
111.2	NaN	1511	NaN	984	0	79	363	68	62	0	410	7	7521	116	9664	16	7773	198	8987	12.896	5.236
111.3	NaN	1529	NaN	972	0	86	362	51	47	0	409	1	7365	52	9697	3	7903	121	8928	13.347	1.144
111.4	NaN	1474	NaN	951	0	19	361	81	76	0	409	63	9083	111	9846	149	13526	196	10631	13.49	5.061
111.5	NaN	1486	NaN	923	0	19	363	79	77	0	407	26	10296	38	9051	58	9624	90	9417	14.015	-0.132
111.6	NaN	1506	NaN	918	0	14	363	46	37	0	410	39	10261	57	10935	85	15497	102	11069	14.655	11.486
111.7	NaN	1496	NaN	947	0	-8	363	100	100	0	407	28	9313	22	9398	62	9660	49	9677	14.745	4.108
111.8	NaN	1512	NaN	982	0	16	362	93	88	0	407	41	12288	57	9542	0	9299	4	9397	15.105	1.087
111.9	NaN	1506	NaN	1005	0	17	362	100	100	0	408	67	9697	93	9881	0	9388	-1	9724	15.223	3.436
112	NaN	1508	NaN	978	0	5	360	100	100	0	408	90	9918	100	10045	-0	9670	-0	9892	15.528	4.308
112.1	NaN	1483	NaN	989	0	5	364	100	100	0	406	93	10012	98	10133	-0	9789	0	10017	15.804	2.064
112.2	NaN	1494	NaN	981	0	-13	360	67	63	0	406	101	10472	83	10088	-0	10190	0	9994	16.14	3.869
112.3	NaN	1537	NaN	1015	0	-17	362	0	0	0	405	-14	10268	-17	9524	0	10273	-0	9587	15.875	-4.284
112.4	NaN	1518	NaN	988	0	-11	360	100	100	0	406	27	10088	20	9617	-0	10055	-0	9643	15.645	-0.872
112.5	NaN	1503	NaN	993	0	-11	361	100	100	0	407	65	10190	51	9756	0	10081	-0	9658	15.607	1.4
112.6	NaN	1482	NaN	976	0	-11	363	100	100	0	405	104	10451	81	10337	-0	10155	-0	9754	15.839	2.852
112.7	NaN	1480	NaN	975	0	-6	361	100	100	0	407	99	10489	84	10529	-0	10344	-0	9943	16.068	3.162
112.8	NaN	1481	NaN	989	0	5	359	100	100	0	407	90	10493	95	10527	-0	10301	-0	10384	16.406	2.317
112.9	NaN	1464	NaN	979	0	10	362	100	100	0	409	83	10969	97	10746	-0	10395	-0	10598	16.603	3.274
113	NaN	1477	NaN	1025	0	8	361	100	100	0	408	78	11927	99	11108	0	10446	0	10873	16.993	2.535
113.1	NaN	1466	NaN	1029	0	7	359	100	100	0	406	76	14052	86	11091	-0	10573	-0	11010	17.146	1.001
113.2	NaN	1471	NaN	1033	0	-5	361	100	100	0	406	92	11243	88	11181	0	10967	0	11076	17.48	2.658
113.3	NaN	1472	NaN	1034	0	-4	363	100	100	0	406	91	11452	86	11241	-0	11228	-0	11121	17.703	1.666
113.4	NaN	1473	NaN	1035	0	-2	361	100	100	0	407	87	11688	87	11479	0	11341	-0	11284	18.013	3.341
113.5	NaN	1463	NaN	1028	1	-3	361	100	100	0	408	87	11773	86	11651	0	11519	-0	11570	18.207	2.83
113.6	NaN	1458	NaN	1029	1	-4	362	100	100	0	406	92	11893	84	11697	-0	11713	-0	11523	18.469	1.886
113.7	NaN	1454	NaN	1027	1	-6	360	100	100	0	407	95	12061	82	11875	-0	11900	0	11783	18.661	1.781
113.8	NaN	1453	NaN	1023	1	-3	360	100	100	0	405	87	12510	83	12858	0	12002	0	11866	18.908	6.393
113.9	NaN	1456	NaN	1029	1	-4	362	100	100	0	406	87	12356	81	12174	0	12075	0	11951	19.073	1.84
114	NaN	1452	NaN	1030	1	0	363	100	100	0	406	91	12348	84	12296	-0	12262	-0	12157	19.372	2.927
114.1	NaN	1447	NaN	1026	1	-3	360	100	100	0	408	87	12674	82	12860	0	12384	-0	12381	19.568	2.674
114.2	NaN	1451	NaN	1025	1	-2	362	86	79	0	408	81	12717	82	12608	-5	12540	0	12383	19.824	0.979
114.3	NaN	1506	NaN	1003	0	4	514	0	0	0	526	-8	12311	-8	12339	-4	12296	-5	12362	19.693	-5.428
114.4	NaN	1497	NaN	999	0	2	576	0	0	0	582	-12	11894	-9	12047	-8	12000	-8	12194	19.201	-3.459
114.5	NaN	1483	NaN	981	0	2	571	0	0	0	593	-17	11540	-18	11714	-13	11476	-12	11635	18.544	-6.363
114.6	NaN	1429	NaN	970	0	11	543	0	0	0	540	-52	10980	-48	11226	-39	11005	-35	11389	17.974	-7.97
114.7	NaN	1431	NaN	972	0	8	721	0	0	0	688	-52	10448	-49	10533	-39	7814	-35	10719	16.998	-10.272
114.8	NaN	1451	NaN	1001	0	1	836	0	0	0	774	-57	9677	-56	9886	-45	4189	-43	9254	15.907	-11.932
114.9	NaN	1470	NaN	1002	0	2	727	0	0	0	681	-56	8952	-55	9139	-45	-60	-44	6454	14.698	-10.197
115	NaN	1478	NaN	997	0	2	580	0	0	0	572	-56	8254	-53	8578	-48	503	-45	7717	13.635	-9.923
115.1	NaN	1466	NaN	992	0	-6	531	0	0	0	537	-53	7677	-54	8057	-46	733	-47	7730	12.725	-8.137
115.2	NaN	1462	NaN	967	0	-37	474	0	0	0	488	-44	7492	-64	7161	-38	2174	-55	5623	11.805	-9.769
115.3	NaN	1494	NaN	984	0	-43	372	0	0	0	418	-41	7299	-64	6403	-38	7295	-58	2009	10.854	-6.776
115.4	NaN	1519	NaN	1116	0	-44	362	46	48	0	406	7	7289	2	6105	16	7288	5	1668	10.396	-1.497
115.5	NaN	1496	NaN	1012	0	-32	360	68	69	0	406	27	7287	11	6014	60	7462	27	6401	10.215	1.432
115.6	NaN	1479	NaN	950	0	-30	362	68	69	0	404	57	7415	25	6428	120	7752	56	7123	10.472	3.822
115.7	NaN	1494	NaN	1002	0	5	365	38	31	0	406	11	7436	12	6494	26	7576	28	7117	10.957	1.789
115.8	NaN	1480	NaN	977	0	27	362	42	31	0	407	14	7013	27	7250	32	7094	62	7478	11.116	2.601
115.9	NaN	1528	NaN	1010	0	28	360	47	41	0	408	2	6661	4	7478	4	6667	9	7461	11.092	-1.511
116	NaN	1501	NaN	961	0	31	367	42	31	0	408	8	6735	16	7383	18	6771	36	7435	11.103	0.679
116.1	NaN	1486	NaN	954	0	42	365	38	26	0	407	8	6693	21	7505	19	6722	51	7520	11.098	0.325
116.2	NaN	1531	NaN	962	0	54	399	0	0	0	425	-20	6166	-11	7210	-16	6259	-10	7318	10.82	-4.677
116.3	NaN	1458	NaN	966	0	60	409	0	0	0	431	-44	5238	-24	6827	-39	5148	-21	6941	10.229	-6.214
116.4	NaN	1468	NaN	966	0	59	362	0	0	0	402	-67	3683	-36	6398	-62	1156	-34	6502	9.629	-7.253
116.5	NaN	1498	NaN	964	0	26	360	37	31	0	404	7	5105	16	6652	19	2489	38	6876	9.006	0.474
116.6	NaN	1456	NaN	975.475	0	4	362	44	41	0	405	23	5304	24	6224	57	6413	59	6705	9.003	2.994
116.7	NaN	1442	NaN	976.45	0	1	358	45	41	0	407	24	5616	26	6217	59	7277	61	6584	9.209	4.813
116.8	NaN	1460	NaN	977.425	0	52	362	46	40	0	407	11	6058	39	6228	24	6070	93	6638	9.447	3.757
116.9	NaN	1475	NaN	978.4	0	68	363	48	41	0	407	5	5774	45	6478	14	5833	113	6690	9.569	1.895
117	NaN	1432	NaN	979.375	0	64	361	76	70	0	407	17	6036	112	7355	41	6189	197	7165	9.925	4.776
117.1	NaN	1434	NaN	980.35	0	50	362	70	63	0	409	25	7201	95	7588	58	6506	198	7555	10.61	6.348
117.2	NaN	1432	NaN	981.325	0	19	364	69	63	0	408	45	7054	70	8072	104	7375	170	7965	11.363	9.223
117.3	NaN	1429	NaN	982.3	0	6	362	95	89	0	408	84	7449	93	7958	187	14075	197	8564	12.024	6.993
117.4	NaN	1429	NaN	983.275	0	27	363	100	100	0	408	71	12598	125	9185	145	14896	199	8860	13.014	8.537
117.5	NaN	1418	NaN	984.25	0	30	361	100	100	0	409	56	18154	127	10340	132	11318	196	9659	13.973	10.929
117.6	NaN	1414	NaN	985.225	0	0	361	100	100	0	409	93	17875	93	9568	189	13360	193	9820	14.912	9.959
117.7	NaN	1408	NaN	986.2	0	27	362	100	100	0	409	45	20601	125	10984	147	10685	196	10304	15.945	6.874
117.8	NaN	1410	NaN	987.175	0	18	362	100	100	0	407	113	21645	98	13453	155	10808	200	10827	16.878	10.706
117.9	NaN	1427	NaN	988.15	0	21	360	100	100	0	408	98	20998	111	13222	129	11188	193	11516	17.847	9.14
118	NaN	1413	NaN	989.125	0	13	361	100	100	0	410	92	18604	96	12035	136	11864	206	12195	18.757	8.8
118.1	NaN	1423	NaN	990.1	0	8	362	100	100	0	408	64	18837	94	12703	150	12434	177	12677	19.725	10.922
118.2	NaN	1406	NaN	991.075	0	2	358	100	100	0	409	64	16130	89	12871	165	13103	161	13196	20.592	9.864
118.3	NaN	1415	NaN	992.05	0	2	361	100	100	0	409	81	16490	88	13430	139	13536	144	13553	21.516	7.721
118.4	NaN	1403	NaN	993.025	0	0	367	69	61	0	412	96	14207	86	13877	153	14038	148	14205	22.267	10.709
118.5	NaN	1491	NaN	983	0	1	1027	0	0	0	916	-10	13120	-11	13149	-10	12983	-10	13084	21.847	-11.155
118.6	NaN	1542	NaN	1025	0	5	1045	0	0	0	946	-15	12345	-11	12392	-10	12472	-8	12464	20.606	-9.028
118.7	NaN	1552	NaN	1002	0	5	974	0	0	0	867	-21	11287	-21	11174	-17	10023	-14	11543	19.578	-14.061
118.8	NaN	1542	NaN	986	0	1	976	0	0	0	893	-49	10909	-51	10635	-35	9442	-38	11065	18.358	-12.87
118.9	NaN	1585	NaN	996	0	0	985	0	0	0	858	-54	10322	-53	10059	-41	7008	-40	8772	17.021	-12.59
119	NaN	1595	NaN	989	0	5	895	0	0	0	800	-58	9331	-55	9266	-46	2466	-43	5641	15.67	-11.996
119.1	NaN	1628	NaN	993	0	8	515	0	0	0	520	-57	8908	-53	8599	-46	1087	-44	4084	14.508	-10.78
119.2	NaN	1601	NaN	1003	0	14	453	0	0	0	464	-58	8266	-50	8052	-48	4241	-43	6674	13.558	-8.432
119.3	NaN	1608	NaN	995	0	24	702	0	0	0	667	-60	7490	-47	7553	-52	4897	-41	6672	12.511	-10.772
119.4	NaN	1622	NaN	979	0	37	495	0	0	0	495	-64	6363	-43	7096	-1	205	-39	7429	11.516	-7.485
119.5	NaN	1597	NaN	989	0	7	368	0	0	0	407	-57	6146	-51	6818	-49	1603	-45	6787	10.808	-8.727
119.6	NaN	1610	NaN	1012	0	8	375	0	0	0	405	-55	5897	-51	6297	-49	4538	-46	6175	10.135	-7.655
119.7	NaN	1622	NaN	980	0	49	387	7	1	0	418	-62	3620	-35	5717	-56	986	-35	5928	9.452	-6.047
119.8	NaN	1630	NaN	987.47	0	58	361	43	37	0	403	6	5238	34	6176	16	4928	79	6241	9.156	0.682
119.9	NaN	1686	NaN	984.3525	0	82	365	15	6	0	405	-3	5025	-2	5904	-3	5071	-3	6078	9.21	-5.491
120	NaN	1597	NaN	981.235	0	92	364	0	0	0	406	-30	4422	-11	5597	-29	4087	-10	5835	8.787	-5.653
120.1	NaN	1649	NaN	978.1175	0	93	366	27	21	0	403	-31	3980	-7	5331	-23	2077	-10	5482	8.262	-6.841
120.2	NaN	1596	NaN	980	0	77	360	62	55	0	408	3	4274	87	6716	9	4176	206	6784	8.337	4.69
120.3	NaN	1574	NaN	982	0	45	361	63	58	0	407	20	4409	74	6299	49	5154	182	7163	8.748	5.263
120.4	NaN	1557	NaN	981	0	-9	362	54	49	0	405	44	5976	35	6088	103	7393	87	7522	9.077	9.274
120.5	NaN	1589	NaN	965	0	-39	362	55	53	0	405	44	5408	17	5891	106	7309	42	6269	9.238	4.231
120.6	NaN	1587	NaN	987	0	-54	364	55	53	0	406	68	6679	16	5804	150	9410	39	5909	9.684	6.02
120.7	NaN	1594	NaN	994	0	-58	360	49	46	0	406	63	7429	11	5582	139	8076	27	5500	10.324	7.249
120.8	NaN	1589	NaN	1076	0	-66	359	0	0	0	405	-8	6781	-19	5204	-8	6747	-16	4687	10.05	-5.674
120.9	NaN	1584	NaN	1064	0	-58	361	4	1	0	403	-23	6137	-41	4056	-21	6294	-38	3333	9.439	-2.696
121	NaN	1570	NaN	1017	0	-29	361	48	50	0	405	44	6518	21	4624	106	7235	47	4922	8.859	3.507
121.1	NaN	1544	NaN	965	0	9	358	52	45	0	405	31	6203	35	5274	72	7088	87	7235	8.859	6.607
121.2	NaN	1565	NaN	961	0	27	361	46	43	0	405	19	6059	35	5106	43	6374	84	9108	8.802	4.466
121.3	NaN	1564	NaN	980	0	27	361	46	45	0	406	19	6006	37	6019	46	6554	86	10641	8.816	4.601
121.4	NaN	1593.088235	NaN	970	0	35	362	62	61	0	406	31	5998	71	5856	71	6394	170	13248	9.001	6.767
121.5	NaN	1594.676471	NaN	969	0	11	361	54	49	0	407	33	6252	42	7416	76	6820	99	19020	9.404	6.495
121.6	NaN	1596.264706	NaN	990	0	-17	360	69	69	0	406	30	6130	20	6401	68	6414	41	15533	9.843	3.099
121.7	NaN	1597.852941	NaN	953	0	-19	360	92	92	0	408	113	7662	72	8724	198	6990	105	16769	10.337	10.1
121.8	NaN	1599.441176	NaN	946	0	-29	359	100	100	0	408	115	10441	59	9622	204	7406	122	16219	11.332	11.202
121.9	NaN	1601.029412	NaN	946	0	-18	360	100	100	0	407	99	12124	68	9782	194	8018	131	15658	12.48	12.286
122	NaN	1602.617647	NaN	927	0	-17	360	100	100	0	409	110	15219	76	9411	197	8641	163	12162	13.658	11.596
122.1	NaN	1604.205882	NaN	929	0	-22	361	100	100	0	406	116	18698	73	9851	202	9641	159	9411	14.713	10.356
122.2	NaN	1605.794118	NaN	933	0	-25	360	100	100	0	407	94	18813	71	10747	198	10203	141	9809	15.604	11.083
122.3	NaN	1607.382353	NaN	942	0	-5	359	100	100	0	407	74	16574	93	11826	194	10749	186	10622	16.592	11.425
122.4	NaN	1608.970588	NaN	921	0	-8	363	100	100	0	408	112	16023	90	12928	197	11389	155	11230	17.662	11.441
122.5	NaN	1610.558824	NaN	920	0	-10	360	100	100	0	406	100	16427	85	12032	206	12263	149	11759	18.631	9.684
122.6	NaN	1612.147059	NaN	923	0	0	358	100	100	0	406	85	14059	90	13244	170	12566	159	12549	19.653	11.709
122.7	NaN	1613.735294	NaN	931	0	2	358	100	100	0	409	89	14045	91	13426	154	13091	158	13339	20.624	9.898
122.8	NaN	1615.323529	NaN	924	0	3	360	100	100	0	408	85	13693	88	13557	146	13721	144	13927	21.599	8.235
122.9	NaN	1616.911765	NaN	979	0	5	397	0	0	0	429	-14	13463	-9	13519	-21	13509	-34	13661	22.531	0.064
123	NaN	1582	NaN	1034	0	6	752	0	0	0	746	8	13294	9	13420	5	13238	6	13459	21.994	-5.628
123.1	NaN	1634	NaN	1061	0	4	597	0	0	0	543	4	12836	3	13065	2	12991	1	13200	21.415	-4.069
123.2	NaN	1644	NaN	1084	0	7	823	0	0	0	776	-5	12502	-5	12420	-4	12566	-3	12692	20.837	-8.685
123.3	NaN	1644	NaN	1054	0	9	793	0	0	0	719	-15	11739	-13	12184	-10	11755	-9	12294	19.993	-9.194
123.4	NaN	1642	NaN	1033	0	14	710	0	0	0	694	-25	11175	-21	11543	-16	11165	-14	11494	19.147	-9.271
123.5	NaN	1631	NaN	1009	0	13	566	0	0	0	552	-54	10437	-47	11123	-39	7979	-35	11083	18.304	-8.738
123.6	NaN	1623	NaN	1002	0	6	481	0	0	0	465	-54	10067	-50	10539	-40	6816	-38	10508	17.385	-9.017
123.7	NaN	1624	NaN	1017	0	8	447	0	0	0	458	-56	9466	-54	10171	-45	5681	-42	9986	16.652	-8.296
123.8	NaN	1611	NaN	990	0	12	438	0	0	0	454	-57	8771	-54	9610	-46	3059	-43	9419	15.82	-8.269
123.9	NaN	1603	NaN	1008	0	11	396	0	0	0	433	-58	7784	-52	9151	-0	432	-42	8694	15.019	-8.507
124	NaN	1599	NaN	1029	0	-23	361	0	0	0	402	-48	7750	-59	8700	-41	3389	-50	7767	13.979	-6.3
124.1	NaN	1575	NaN	1006	0	-36	362	0	0	0	402	-46	7340	-64	7925	-1	-132	-53	6580	13.116	-3.918
124.2	NaN	1611	NaN	1003	0	-59	359	15	15	0	404	-14	6952	-28	7712	-12	4370	-23	6416	11.98	-3.961
124.3	NaN	1677	NaN	1040	0	-66	362	30	30	0	406	9	6890	1	7383	24	6530	3	6959	11.427	2.024
124.4	NaN	1625	NaN	1051	0	-19	364	30	24	0	406	11	6840	7	7018	26	9283	14	6955	11.348	0.542
124.5	NaN	1631	NaN	1062	0	24	362	37	34	0	405	4	5978	6	6340	11	6533	22	6682	11.134	-0.887
124.6	NaN	1614	NaN	985	0	13	358	51	47	0	405	28	7959	38	6889	65	9111	87	7295	11.134	3.749
124.7	NaN	1593	NaN	980	0	20	360	56	49	0	404	25	9267	41	6975	60	7711	95	7222	11.504	1.94
124.8	NaN	1586	NaN	975	0	17	360	58	50	0	407	38	8319	55	7588	86	9985	123	7567	11.964	8.75
124.9	NaN	1600	NaN	993	0	30	360	64	56	0	405	12	7049	23	7575	27	7191	53	7625	12.089	1.088
125	NaN	1663	NaN	1073	0	45	364	0	0	0	406	-4	6880	-4	7653	-5	6983	-5	7867	12.236	-0.969
125.1	NaN	1603	NaN	1029	0	38	368	0	0	0	406	-27	6679	-19	7630	-24	5326	-15	7512	11.835	-4.575
125.2	NaN	1578	NaN	1007	0	24	366	0	0	0	404	-46	6265	-36	7289	-41	3870	-31	7247	11.294	-5.808
125.3	NaN	1601	NaN	1007	0	7	368	36	34	0	405	13	6299	16	7178	30	6488	36	7399	10.968	1.174
125.4	NaN	1643	NaN	1071	0	24	370	17	14	0	406	-8	6170	-7	6758	-7	6252	-6	6835	10.861	-2.286
125.5	NaN	1614	NaN	1065	0	51	360	33	25	0	403	3	6202	10	6836	7	6293	23	6996	10.61	-1.659
125.6	NaN	1615	NaN	1041	0	78	364	35	28	0	406	0	5889	4	6583	0	5989	7	6847	10.329	-5.035
125.7	NaN	1604	NaN	1032	0	80	362	36	27	0	407	0	5778	15	6827	2	5833	34	7045	10.249	-1.898
125.8	NaN	1566	NaN	995	0	78	361	45	34	0	405	2	5750	43	7095	5	5847	103	7497	10.286	1.377
125.9	NaN	1561	NaN	988	0	68	362	49	42	0	408	6	5789	51	7257	16	5999	121	7731	10.335	2.476
126	NaN	1562	NaN	978	0	49	357	58	52	0	407	15	6003	62	7476	37	6228	145	8012	10.515	5.719
126.1	NaN	1534	NaN	945	0	18	359	70	63	0	405	42	7723	72	7656	99	8836	169	8425	10.903	6.697
126.2	NaN	1506	NaN	926	0	2	359	80	74	0	408	68	9058	74	7843	169	11884	173	8926	11.425	9.13
126.3	NaN	1533	NaN	947	0	-8	361	94	88	0	409	90	16624	80	8259	159	16253	184	9592	11.903	9.007
126.4	NaN	1556	NaN	940	0	-31	361	96	90	0	408	92	21826	56	8158	165	18569	126	9481	12.255	8.759
126.5	NaN	1556	NaN	993	0	-45	362	91	87	0	407	-12	24054	3	7997	175	17935	106	8984	12.642	6.818
126.6	NaN	1577	NaN	1019	0	-54	361	92	92	0	406	-0	13506	-0	8167	177	17781	71	8700	13.172	5.969
126.7	NaN	1568	NaN	1000	0	-24	362	100	100	0	408	-0	8999	-0	8083	178	16143	138	8551	13.862	4.827
126.8	NaN	1570	NaN	975	0	7	361	100	100	0	408	0	8959	0	8571	179	14843	198	9106	14.407	7.774
126.9	NaN	1508	NaN	944	0	4	359	100	100	0	409	99	9754	118	11397	203	10025	200	9745	15.321	10.458
127	NaN	1492	NaN	925	0	2	360	100	100	0	410	104	10631	107	13080	201	10441	200	10382	16.42	11.477
127.1	NaN	1509	NaN	949	0	3	361	100	100	0	408	92	12137	99	15100	184	11034	199	11145	17.442	11.707
127.2	NaN	1512	NaN	945	0	2	358	100	100	0	408	95	11638	100	14841	177	11696	195	11725	18.452	9.892
127.3	NaN	1501	NaN	948	1	2	357	100	100	0	407	93	12881	99	13036	165	12278	195	12398	19.48	12.109
127.4	NaN	1490	NaN	949	1	3	361	100	100	0	410	89	13774	95	12850	160	12812	170	12934	20.41	8.986
127.5	NaN	1506	NaN	951	1	-2	361	100	100	0	408	86	13527	87	13317	150	13444	155	13562	21.361	10.133
127.6	NaN	1501	NaN	951	1	-1	359	100	100	0	405	82	14242	88	14035	138	13955	148	14114	22.445	11.989
127.7	NaN	1496	NaN	958	1	2	360	100	100	0	407	84	14387	84	14295	138	14574	134	14581	23.271	7.983
127.8	NaN	1486	NaN	956	1	1	358	100	100	0	407	83	15845	80	14815	124	14944	128	15118	24.049	6.235
127.9	NaN	1488	NaN	959	1	1	358	100	100	0	409	83	15565	79	15253	117	15530	111	15528	24.777	10.083
128	NaN	1481	NaN	958	1	-1	360	100	100	0	407	80	15837	76	15592	120	16002	121	16047	25.883	6.962
128.1	NaN	1472	NaN	952	1	2	361	100	100	0	407	81	16242	79	16092	115	16616	116	16505	26.57	6.927
128.2	NaN	1490	NaN	945	1	1	362	100	100	0	407	79	16625	84	16555	111	16777	117	16979	27.21	5.923
128.3	NaN	1476	NaN	947	1	-4	366	99	99	0	407	81	17116	77	16924	106	17232	100	17261	27.854	5.109
128.4	NaN	1565	NaN	1017	0	2	1000	0	0	0	882	-6	16348	-1	16214	9	16485	15	16505	27.507	-7.468
128.5	NaN	1575	NaN	1023	0	1	938	0	0	0	859	-37	15755	-33	15677	-24	15811	-20	15763	26.362	-11.407
128.6	NaN	1597	NaN	1040	0	3	910	0	0	0	840	-40	14950	-38	15083	-22	14614	-21	14945	25.16	-13.379
128.7	NaN	1615	NaN	1049	0	1	918	0	0	0	834	-42	14237	-39	14312	-24	14420	-23	14408	24.023	-11.821
128.8	NaN	1627	NaN	1048	0	-1	883	0	0	0	830	-41	13735	-43	13436	-25	13636	-26	13349	22.688	-12.204
128.9	NaN	1656	NaN	1073	0	1	748	0	0	0	688	-43	12873	-42	12792	-28	13110	-27	12967	21.473	-9.209
129	NaN	1661	NaN	1071	0	5	591	0	0	0	577	-43	12339	-44	12292	-27	12380	-29	12373	20.393	-10.499
129.1	NaN	1676	NaN	1064	0	21	362	22	14	0	405	-37	11436	-34	12006	-28	11435	-22	12401	19.639	-4.683
129.2	NaN	1652	NaN	1024	0	12	362	40	36	0	411	17	11595	24	12201	35	11801	49	12364	19.447	1.172
129.3	NaN	1639	NaN	1016	0	14	363	49	43	0	406	23	11765	28	12188	45	12108	61	12445	19.548	-0.196
129.4	NaN	1628	NaN	1017	0	10	361	57	48	0	407	39	12172	51	12432	71	12168	90	12579	19.948	2.796
129.5	NaN	1632	NaN	1006	0	0	362	66	59	0	409	63	12722	64	12652	112	12699	112	12916	20.433	6.171
129.6	NaN	1623	NaN	995	0	-8	360	53	48	0	408	59	13004	48	12712	102	13142	88	13042	21.054	6.238
129.7	NaN	1663	NaN	1066	0	-5	658	0	0	0	637	-18	12533	-20	12057	-14	12635	-13	12285	20.64	-5.655
129.8	NaN	1684	NaN	1056	0	-8	683	0	0	0	706	-39	12084	-41	11547	-24	12074	-28	11166	19.618	-10.538
129.9	NaN	1676	NaN	1052	0	-6	682	0	0	0	664	-46	11338	-49	10937	-34	11369	-36	10949	18.55	-10.891
130	NaN	1689	NaN	1065	0	-1	555	0	0	0	549	-46	10614	-49	10335	-36	10752	-35	10575	17.539	-7.664
130.1	NaN	1709	NaN	1054	0	-6	686	0	0	0	668	-50	10038	-52	10015	-38	9816	-40	9498	16.549	-12.17
130.2	NaN	1718	NaN	1050	0	-12	753	0	0	0	704	-50	9273	-57	9063	-40	9435	-46	8344	15.414	-11.624
130.3	NaN	1720	NaN	1047.166667	0	-12	650	0	0	0	608	-52	8870	-58	8371	-42	8879	-48	3549	14.29	-11.494
130.4	NaN	1740	NaN	1045.833333	0	-9	489	0	0	0	482	-51	8403	-57	7872	-44	8343	-48	916	13.312	-8.298
130.5	NaN	1733	NaN	1044.5	0	-16	469	0	0	0	475	-50	7855	-58	7415	-43	7821	-1	515	12.467	-9.524
130.6	NaN	1730	NaN	1043.166667	0	-19	391	0	0	0	423	-48	7451	-57	6921	-42	7437	-4	534	11.634	-6.57
130.7	NaN	1713	NaN	1041.833333	0	-38	361	0	0	0	404	-44	6971	-63	6133	-39	7040	-1	-189	11.005	-7.116
130.8	NaN	1716	NaN	1040.5	0	-73	358	0	0	0	404	-35	6243	-70	4015	-31	6691	-1	414	10.262	-6.603
130.9	NaN	1711	NaN	1039.166667	0	-91	361	0	0	0	402	-28	5682	-76	3293	-26	6319	0	431	9.449	-7.108
131	NaN	1750	NaN	1037.833333	0	-78	361	45	45	0	405	53	6629	2	4817	127	6953	3	2787	8.899	1.381
131.1	NaN	1735	NaN	1044	0	-37	357	44	43	0	406	37	6454	14	5047	88	6935	33	5484	8.929	3.767
131.2	NaN	1693	NaN	1066	0	-5	360	53	48	0	407	34	6360	32	5240	84	6746	73	5995	9.051	5.521
131.3	NaN	1691	NaN	1031	0	-8	361	68	68	0	407	66	7019	53	5776	152	7965	126	10615	9.484	8.079
131.4	NaN	1697	NaN	1033	0	-26	360	64	60	0	405	67	7107	36	8408	159	7567	84	10888	10.2	7.496
131.5	NaN	1687	NaN	1011	0	-44	360	58	57	0	407	67	7589	23	6943	157	7913	52	7488	10.829	5.668
131.6	NaN	1667	NaN	1005	0	-31	359	76	77	0	407	101	8430	47	7533	202	8838	106	9004	11.393	8.119
131.7	NaN	1678	NaN	1010	0	-12	358	75	73	0	409	83	8255	58	11266	181	8608	135	9108	12.231	7.239
131.8	NaN	1672	NaN	1013	0	-13	357	79	77	0	407	91	9172	66	14476	186	9125	154	11306	13.052	11.671
131.9	NaN	1686	NaN	1020	0	-6	357	70	71	0	407	73	8961	63	15556	157	9152	139	11559	13.861	7.901
132	NaN	1668	NaN	1011	0	-2	360	54	52	0	408	43	9023	41	13366	92	9167	84	9241	14.679	5.61
132.1	NaN	1682	NaN	1038	0	-6	363	43	38	0	407	32	9480	25	9243	63	9543	55	9430	15.304	4.075
132.2	NaN	1695	NaN	1071	0	-6	558	0	0	0	529	-13	9447	-16	9018	-11	9328	-11	9087	15.088	-6.29
132.3	NaN	1691	NaN	1067	0	-10	570	0	0	0	574	-32	8902	-36	8294	-27	8953	-29	8550	14.449	-5.807
132.4	NaN	1665	NaN	1050	0	-14	533	0	0	0	549	-49	8329	-56	7906	-41	8169	-47	6659	13.692	-9.193
132.5	NaN	1680	NaN	1034.785714	0	-17	466	0	0	0	494	-49	7841	-58	7279	-42	7872	-50	4726	12.906	-7.461
132.6	NaN	1684	NaN	1030.988095	0	-16	359	0	0	0	405	-49	7465	-58	6976	-43	7463	-50	1404	12.193	-6.301
132.7	NaN	1669	NaN	1027.190476	0	-37	359	0	0	0	406	-45	7058	-62	6243	-40	7159	-54	628	11.554	-6.545
132.8	NaN	1680	NaN	1023.392857	0	-81	360	0	0	0	405	-32	6138	-74	4126	-29	6812	-66	961	10.862	-7.414
132.9	NaN	1668	NaN	1019.595238	0	-90	360	9	9	0	403	-25	5730	-66	3746	-25	6345	-53	-115	10.051	-7.285
133	NaN	1655	NaN	1015.797619	0	-60	362	46	46	0	406	49	6555	5	5037	116	6944	16	4769	9.649	0.837
133.1	NaN	1648	NaN	1012	0	-8	359	55	54	0	406	46	6521	37	5494	107	7148	86	6321	9.873	7.837
133.2	NaN	1669	NaN	1061	0	-28	360	48	49	0	406	33	6530	18	5730	78	6727	42	7009	10.189	1.455
133.3	NaN	1660	NaN	1036	0	-55	359	46	44	0	405	45	6897	11	5826	105	6942	23	7063	10.483	3.11
133.4	NaN	1673	NaN	1009	0	-57	358	52	53	0	405	52	6918	11	5948	122	7028	26	6182	10.688	2.287
133.5	NaN	1648	NaN	1047	0	-54	359	50	48	0	404	55	7256	13	6142	128	7352	31	6283	10.986	2.468
133.6	NaN	1650	NaN	1003	0	-53	358	50	51	0	405	57	7639	14	6283	133	7875	33	6490	11.3	1.811
133.7	NaN	1659	NaN	1017	0	-46	358	52	52	0	406	58	7720	18	6613	135	8067	42	7070	11.62	2.583
133.8	NaN	1638	NaN	1012	0	-5	361	56	56	0	405	45	7710	36	7288	101	8112	85	8022	11.945	4.507
133.9	NaN	1633	NaN	1003	0	-8	359	59	60	0	407	50	7828	43	7562	109	8035	96	9248	12.522	4.744
134	NaN	1624	NaN	1009	0	-5	360	61	58	0	407	57	8196	49	7968	125	8322	106	8455	13.262	7.616
134.1	NaN	1650	NaN	1029	0	1	359	37	34	0	406	18	8297	19	8245	40	8385	39	8400	13.747	2.521
134.2	NaN	1671	NaN	1078	0	14	368	0	0	0	405	-14	8050	-12	8271	-12	8065	-10	8355	13.616	-3.121
134.3	NaN	1638	NaN	1045	0	34	363	0	0	0	406	-37	7467	-27	8040	-32	7613	-23	8234	13.26	-5.033
134.4	NaN	1617	NaN	1015	0	57	363	12	6	0	405	-44	6421	-25	7766	-38	4698	-22	7954	12.715	-5.866
134.5	NaN	1706	NaN	1086	0	56	365	30	23	0	405	1	6358	0	7632	0	5931	1	7799	12.184	-3.931
134.6	NaN	1623	NaN	989	0	32	361	47	41	0	406	14	6826	35	7906	31	7127	81	8145	12.032	1.387
134.7	NaN	1607	NaN	974	0	1	362	57	52	0	409	41	7191	43	7896	94	8286	95	8310	12.374	5.315
134.8	NaN	1592	NaN	981	0	-4	363	62	56	0	407	51	7825	47	7999	115	9758	105	8399	12.834	6.37
134.9	NaN	1593	NaN	990	0	-11	363	65	58	0	407	60	8745	48	8176	132	8947	103	8352	13.487	8.109
135	NaN	1606	NaN	1006	0	-19	359	54	51	0	407	49	8938	32	8431	105	9024	69	8584	14.155	4.583
135.1	NaN	1607	NaN	1016	0	-37	359	53	51	0	407	55	9448	24	8711	119	9498	52	8790	14.529	3.683
135.2	NaN	1605	NaN	999	0	-30	357	54	54	0	406	57	9681	29	9304	120	9688	61	9294	14.945	5.376
135.3	NaN	1605	NaN	1005	0	-30	358	57	57	0	406	61	9971	34	9459	128	10050	73	9763	15.386	5.23
135.4	NaN	1570	NaN	988	0	-26	359	67	66	0	405	80	10441	44	10403	165	10421	92	9794	15.92	7.063
135.5	NaN	1573	NaN	994	0	-16	359	92	92	0	407	124	11422	78	11442	200	10889	165	11150	16.649	9.109
135.6	NaN	1568	NaN	983	0	-9	361	100	100	0	409	106	11973	92	14473	210	11395	177	11200	17.663	9.661
135.7	NaN	1580	NaN	968	0	-3	360	100	100	0	404	95	11931	91	16025	181	11818	165	11687	18.664	10.478
135.8	NaN	1564	NaN	961	0	1	360	100	100	0	407	100	12839	101	14568	178	12424	175	12379	19.683	8.815
135.9	NaN	1547	NaN	971	0	6	361	100	100	0	410	87	12913	98	13008	155	12949	169	13170	20.688	9.887
136	NaN	1561	NaN	970	0	4	360	100	100	0	407	84	14130	93	13485	143	13473	156	13678	21.701	10.628
136.1	NaN	1555	NaN	963	1	-2	360	100	100	0	407	84	14365	84	13918	142	14019	144	14212	22.513	7.78
136.2	NaN	1563	NaN	971	1	0	359	100	100	0	410	82	14534	84	14404	134	14564	139	14691	23.38	8.129
136.3	NaN	1546	NaN	971	1	4	361	100	100	0	407	81	14987	83	14960	127	15004	132	15207	24.063	8.078
136.4	NaN	1557	NaN	964	1	0	359	100	100	0	407	78	15499	84	15420	116	15423	123	15686	25.013	11.194
136.5	NaN	1553	NaN	965	1	3	362	100	100	0	407	75	15948	82	15872	118	15895	121	16162	25.976	8.41
136.6	NaN	1542	NaN	964	1	-1	362	100	100	0	407	81	16444	81	16255	117	16381	107	16521	26.697	7.885
136.7	NaN	1559	NaN	970	1	-1	358	100	100	0	407	80	16709	79	16562	109	16856	106	16857	27.398	5.524
136.8	NaN	1555	NaN	985	1	0	358	100	100	0	407	79	17105	78	17014	106	17227	105	17269	28.011	5.077
136.9	NaN	1541	NaN	976	1	1	363	100	100	0	405	79	17502	81	17454	97	17590	102	17859	28.642	6.068
137	NaN	1539	NaN	967	1	2	358	100	100	0	407	80	17928	77	17829	111	17987	97	18151	29.247	7.092
137.1	NaN	1530	NaN	976	1	1	363	100	100	0	408	79	18244	79	18197	111	18325	97	18374	29.825	5.37
137.2	NaN	1535	NaN	965	1	1	363	100	100	0	408	67	18565	86	18583	100	18658	97	18913	30.337	6.376
137.3	NaN	1522	NaN	964	1	1	361	100	100	0	407	79	18968	78	18838	94	18885	96	19093	30.91	3.372
137.4	NaN	1531	NaN	968	1	0	359	100	100	0	408	72	19188	81	19148	140	19428	94	19507	31.388	7.311
137.5	NaN	1533	NaN	968	1	2	362	100	100	0	404	46	19372	78	19440	85	19497	96	19692	31.776	2.264
137.6	NaN	1523	NaN	964	1	7	361	100	100	0	405	27	19248	88	19872	48	19671	90	20114	32.237	4.017
137.7	NaN	1508	NaN	957	1	-4	361	100	100	0	407	132	20379	88	20005	52	19772	87	20228	32.626	4.285
137.8	NaN	1514	NaN	971	1	-3	361	100	100	0	407	90	20290	94	20217	142	20483	78	20442	32.886	5.941
137.9	NaN	1531	NaN	965	1	-8	358	100	100	0	405	55	20514	65	20090	87	20640	71	20423	33.227	4.211
138	NaN	1518	NaN	971	0	-11	426	0	0	0	452	-5	20219	-8	19821	-67	20295	31	20485	33.501	-6.224
138.1	NaN	1574	NaN	1019	0	-8	779	0	0	0	683	10	20135	6	19403	6	20025	8	19478	32.608	-6.653
138.2	NaN	1598	NaN	1036	0	1	754	0	0	0	733	-4	19357	-5	18917	-5	19149	-8	18376	31.802	-10.781
138.3	NaN	1638	NaN	1062	0	6	814	0	0	0	772	-14	18704	-14	18552	-6	18799	-7	18675	30.934	-8.024
138.4	NaN	1622	NaN	1058	0	-2	953	0	0	0	895	-29	18031	-30	17921	-14	17961	-13	17731	29.896	-13.447
138.5	NaN	1672	NaN	1074	0	-6	1056	0	0	0	1008	-35	17108	-38	16905	-18	17385	-17	17192	28.595	-14.103
138.6	NaN	1739	NaN	1094	0	-2	1120	0	0	0	978	-42	16579	-45	16112	-17	16543	-20	15964	27.252	-16.161
138.7	NaN	1774	NaN	1107	0	1	1103	0	0	0	946	-42	15512	-39	15283	-23	15659	-21	15492	25.849	-14.646
138.8	NaN	1826	NaN	1117	0	-5	1118	0	0	0	964	-40	14560	-43	14425	-22	14751	-23	14420	24.424	-14.978
138.9	NaN	1855	NaN	1114	0	-3	1060	0	0	0	965	-42	13843	-42	13634	-23	13741	-25	13295	22.997	-15.145
139	NaN	1897	NaN	1131	0	0	878	0	0	0	763	-41	13023	-43	12906	-27	13076	-27	12975	21.673	-13.225
139.1	NaN	1915	NaN	1125	0	1	719	0	0	0	660	-42	12199	-43	12356	-27	12637	-27	12525	20.556	-8.59
139.2	NaN	1935	NaN	1128	0	0	794	0	0	0	749	-46	11624	-44	11725	-30	11601	-32	11502	19.433	-12.099
139.3	NaN	1964	NaN	1145	0	-2	682	0	0	0	636	-47	11059	-47	11044	-33	10827	-34	11144	18.314	-9.69
139.4	NaN	1967	NaN	1144	0	1	775	0	0	0	702	-49	10280	-48	10287	-37	10147	-36	10365	17.312	-9.063
139.5	NaN	1993	NaN	1160	0	3	874	0	0	0	817	-53	9624	-52	9662	-43	7694	-41	9685	16.083	-11.784
139.6	NaN	2008	NaN	1141	0	4	797	0	0	0	718	-57	8774	-54	9012	-46	3198	-44	8834	14.791	-12.901
139.7	NaN	2024	NaN	1136	0	8	568	0	0	0	536	-57	8236	-53	8361	-48	4164	-44	8420	13.682	-9.335
139.8	NaN	2008	NaN	1144	0	13	491	0	0	0	495	-58	7486	-51	7967	-49	1263	-43	7992	12.761	-9.269
139.9	NaN	1991	NaN	1132	0	18	381	0	0	0	421	-57	7181	-48	7574	-49	56	-42	7563	11.955	-11.278
140	NaN	2000	NaN	1142	0	17	355	11	5	0	404	-35	6777	-29	7366	-31	421	-27	7621	11.427	-6.636
140.1	NaN	1990	NaN	1138	0	27	361	37	28	0	407	13	6909	22	7340	29	6934	51	7407	11.446	2.28
140.2	NaN	2037	NaN	1209	0	47	360	29	20	0	407	2	6568	6	7323	5	6610	13	7361	11.24	-2.739
140.3	NaN	1986	NaN	1169	0	55	361	0	0	0	408	-21	6110	-13	7124	-18	6178	-11	7299	10.938	-3.738
140.4	NaN	1986	NaN	1183	0	66	361	40	34	0	406	3	5960	18	7068	5	4422	41	7299	10.491	-2.791
140.5	NaN	1988	NaN	1174	0	68	363	36	27	0	405	2	5752	16	6912	5	5900	39	7221	10.49	-0.783
140.6	NaN	2027	NaN	1184	0	66	364	11	1	0	406	-8	5512	-4	6673	-6	5561	-3	6921	10.185	-3.847
140.7	NaN	1966	NaN	1141	0	68	363	17	10	0	404	-30	4922	-16	6237	-30	4638	-14	6510	9.708	-5.247
140.8	NaN	1919	NaN	1165	0	71	363	45	40	0	404	3	4994	35	6418	8	4230	97	7189	9.339	-1.742
140.9	NaN	1960	NaN	1154	0	67	360	46	40	0	407	5	5008	43	6432	13	5280	107	7129	9.331	2.757
141	NaN	1937	NaN	1124	0	37	359	52	44	0	405	18	5167	49	6664	41	6206	116	7827	9.26	4.221
141.1	NaN	1924	NaN	1124	0	35	362	44	38	0	406	15	5877	33	6354	35	6312	76	7022	9.188	3.594
141.2	NaN	1957	NaN	1135	0	29	363	33	26	0	405	5	4701	12	6110	10	5899	25	6537	8.761	1.974
141.3	NaN	1964	NaN	1181	0	-30	360	30	24	0	407	3	4572	2	5802	9	4981	4	5846	8.273	1.106
141.4	NaN	1938	NaN	1186	0	-27	361	36	32	0	405	13	4606	5	5545	34	5139	16	5584	7.903	0.984
141.5	NaN	1907	NaN	1109	0	20	364	45	41	0	406	20	5018	27	5370	47	6677	69	6109	7.759	4.271
141.6	NaN	1894	NaN	1109	0	48	361	56	52	0	404	18	5193	61	5746	44	6872	152	7110	7.765	5.805
141.7	NaN	1891	NaN	1085	0	37	358	66	62	0	407	28	6045	74	5796	69	7113	179	6785	7.933	4.925
141.8	NaN	1888	NaN	1085	0	24	358	68	60	0	409	36	6422	69	5999	90	7702	165	6683	8.313	3.559
141.9	NaN	1889	NaN	1083	0	10	359	68	61	0	409	50	9070	68	6587	119	9807	149	7614	8.798	9.865
142	NaN	1885	NaN	1089	0	-17	362	67	63	0	409	63	12259	46	6252	151	13556	107	7342	9.083	8.126
142.1	NaN	1881	NaN	1087	0	-22	362	65	59	0	407	64	16210	38	6285	152	17607	92	6970	9.511	6.584
142.2	NaN	1857	NaN	1095	0	-27	361	64	57	0	407	72	19077	35	6435	166	19556	82	6979	9.989	6.065
142.3	NaN	1899	NaN	1086	0	-24	359	59	54	0	408	53	18532	33	6553	139	18484	76	6735	10.578	6.554
142.4	NaN	1847	NaN	1103	0	18	359	80	76	0	407	75	19865	88	7439	141	17104	198	7106	11.258	10.908
142.5	NaN	1860	NaN	1082	0	27	361	100	99	0	408	70	17113	131	10004	158	11837	202	8073	12.26	9.917
142.6	NaN	1848	NaN	1082	0	25	360	100	100	0	409	69	17495	118	13005	155	8382	203	8821	13.366	10.392
142.7	NaN	1823	NaN	1076	0	28	360	100	100	0	406	74	17890	120	12848	141	9114	199	9404	14.43	10.585
142.8	NaN	1836	NaN	1088	0	20	364	100	100	0	408	68	17409	122	10463	163	9772	197	10133	15.429	11.403
142.9	NaN	1862	NaN	1113	0	3	371	0	0	0	411	8	19372	-8	9886	-19	9864	-14	10047	16.35	0.876
143	NaN	1863	NaN	1137	0	-1	796	0	0	0	746	-22	9771	-22	9379	-18	9688	-17	8508	15.891	-6.814
143.1	NaN	1858	NaN	1118	0	-3	787	0	0	0	719	-41	9068	-41	8894	-33	9159	-34	8960	14.921	-9.85
143.2	NaN	1903	NaN	1147	0	-4	610	0	0	0	598	-54	8467	-55	8275	-45	8143	-46	6101	13.843	-9.843
143.3	NaN	1884	NaN	1166	0	-11	545	0	0	0	544	-51	7844	-57	7601	-43	7917	-49	5370	12.878	-8.472
143.4	NaN	1885	NaN	1136	0	-16	443	0	0	0	456	-49	7517	-58	7072	-43	7500	-51	4372	12.014	-9.203
143.5	NaN	1866	NaN	1108	0	-26	467	0	0	0	481	-47	7009	-60	6498	-41	7061	-53	3847	11.199	-8.531
143.6	NaN	1879	NaN	1136	0	-69	518	0	0	0	511	-35	6173	-71	4874	-31	6607	-1	-16	10.332	-11.051
143.7	NaN	1856	NaN	1136	0	-77	360	0	0	0	400	-32	5709	-72	3245	-30	6231	-2	13	9.517	-8.109
143.8	NaN	1924	NaN	1116	0	-76	359	28	29	0	401	-1	5681	-3	4600	4	5903	-1	-165	8.794	-7.102
143.9	NaN	1908	NaN	1107	0	-65	363	61	62	0	403	19	5857	3	4580	47	5926	6	4451	8.457	-0.054
144	NaN	1906	NaN	1091	0	-54	361	73	74	0	402	49	6115	11	4704	122	6382	26	4831	8.574	3.673
144.1	NaN	1879	NaN	1105	0	-56	356	73	73	0	405	109	6876	23	4976	204	7115	54	5572	9.139	6.345
144.2	NaN	1855	NaN	1069	0	-32	361	66	66	0	405	77	6849	36	6285	181	7476	84	6267	9.71	7.395
144.3	NaN	1865	NaN	1116	0	-13	360	62	63	0	407	61	6951	43	6065	140	7546	100	8328	10.226	5.672
144.4	NaN	1857	NaN	1089	0	-14	361	57	54	0	404	50	7465	36	6258	117	8466	86	9927	10.718	9.103
144.5	NaN	1860	NaN	1104	0	-19	359	68	69	0	406	74	7546	49	6552	172	8679	114	11273	10.985	6.705
144.6	NaN	1861	NaN	1107	0	-9	361	51	47	0	405	40	7671	31	6812	88	8275	67	12012	11.362	6.968
144.7	NaN	1844	NaN	1105	0	24	361	66	62	0	406	44	7792	71	8497	97	9232	132	14847	11.47	10.779
144.8	NaN	1878	NaN	1106	0	39	361	37	28	0	405	6	7386	15	7694	13	7337	33	8119	11.771	4.193
144.9	NaN	1906	NaN	1101.5	0	56	396	10	0	0	427	-3	7048	-3	7550	-3	6869	-5	7380	11.789	-0.902
145	NaN	1857	NaN	1097	0	46	530	0	0	0	525	-26	6327	-17	7619	-24	5826	-14	7507	11.516	-5.188
145.1	NaN	1847	NaN	1088	0	33	383	0	0	0	411	-46	5865	-34	7072	-42	5530	-30	7026	10.926	-3.659
145.2	NaN	1905	NaN	1150	0	35	378	30	25	0	412	0	5649	2	6781	2	5013	3	6813	10.401	-3.222
145.3	NaN	1846	NaN	1099	0	41	357	44	38	0	404	11	5654	31	6786	26	6081	72	7100	10.274	1.788
145.4	NaN	1818	NaN	1104	0	49	360	52	46	0	404	15	5846	53	7033	34	6447	122	7338	10.371	3.615
145.5	NaN	1799	NaN	1100	0	34	358	58	52	0	406	24	6028	59	7164	56	7382	140	7730	10.579	2.728
145.6	NaN	1794	NaN	1091	0	44	361	57	48	0	409	22	6667	62	7347	51	7102	142	7837	10.889	3.946
145.7	NaN	1835	NaN	1110	0	41	360	47	39	0	406	10	6139	31	7142	24	6548	71	7587	10.878	-0.123
145.8	NaN	1819	NaN	1097	0	23	363	47	40	0	405	20	6287	32	7207	46	7415	76	7556	10.937	3.216
145.9	NaN	1812	NaN	1108	0	23	362	51	44	0	407	25	6363	39	7331	60	12703	90	7777	10.961	2.054
146	NaN	1872	NaN	1135	0	70	361	32	22	0	407	0	6138	6	6798	2	8170	11	7324	11.052	-1.226
146.1	NaN	1848	NaN	1118	0	60	362	40	30	0	407	2	5789	12	6791	4	6226	27	7270	10.619	-1.328
146.2	NaN	1825	NaN	1094	0	31	364	54	47	0	405	8	5925	17	6804	18	6193	40	7156	10.341	-0.606
146.3	NaN	1818	NaN	1081	0	19	359	69	63	0	407	21	6048	30	6862	49	6520	73	7298	10.374	4.079
146.4	NaN	1785	NaN	1070	0	30	362	76	69	0	406	43	7602	89	7548	99	7977	212	8081	10.636	7.494
146.5	NaN	1790	NaN	1070	0	31	361	75	69	0	407	39	9191	87	7603	92	7962	207	8023	11.214	5.758
146.6	NaN	1785	NaN	1052	0	24	361	77	70	0	409	51	10539	88	7931	113	8353	192	8264	11.934	5.254
146.7	NaN	1777	NaN	1048	0	0	362	79	72	0	410	73	13703	75	8232	163	8928	159	8565	12.737	10.436
146.8	NaN	1787	NaN	1063	0	-9	361	79	72	0	407	81	18173	64	8473	176	8719	141	8758	13.564	9.801
146.9	NaN	1785	NaN	1079	0	-27	360	73	69	0	407	93	20120	48	9019	187	9373	100	9039	14.383	7.362
147	NaN	1795	NaN	1074	0	-40	359	64	60	0	408	55	15875	35	9456	176	10008	72	9382	15.194	8.914
147.1	NaN	1856	NaN	1162	0	-52	359	0	0	0	405	-7	9441	-11	8788	-5	9769	-9	9075	15.385	-2.884
147.2	NaN	1802	NaN	1106	0	-50	357	0	0	0	401	-22	9136	-36	7986	-17	9538	-30	8513	14.873	-4.925
147.3	NaN	1814	NaN	1104	0	-49	360	57	54	0	402	22	9312	6	8451	46	9539	13	8769	14.591	-1.2
147.4	NaN	1776	NaN	1104	0	-51	360	67	67	0	403	46	9607	13	8594	98	9650	29	8834	14.612	1.162
147.5	NaN	1806	NaN	1133	0	-43	363	77	79	0	406	104	9980	35	9010	-0	9424	-0	8678	14.693	0.081
147.6	NaN	1794	NaN	1117	0	-28	360	95	95	0	405	129	10364	66	9852	-0	9501	-0	8821	14.842	2.967
147.7	NaN	1801	NaN	1109	0	-19	364	82	78	0	407	106	9861	66	11646	-0	9528	-0	8970	15.076	2.993
147.8	NaN	1782	NaN	1132	0	2	361	82	81	0	407	83	9677	85	13482	-0	9541	-0	9283	15.297	2.628
147.9	NaN	1784	NaN	1119	0	24	363	76	68	0	406	60	9703	92	11376	0	9516	-0	9757	15.636	3.351
148	NaN	1753	NaN	1109	0	45	364	100	100	0	408	51	10379	139	10896	-0	9309	-0	10073	15.713	1.706
148.1	NaN	1756	NaN	1098	0	42	361	100	100	0	408	45	12110	131	10933	0	9382	-0	10061	15.831	1.294
148.2	NaN	1746	NaN	1117	0	30	365	100	100	0	405	59	12413	116	10777	-0	9507	-0	10152	15.955	2.95
148.3	NaN	1761	NaN	1099	0	37	364	100	100	0	407	53	12647	115	10715	0	9625	0	10288	16.123	2.16
148.4	NaN	1765	NaN	1099	0	35	361	100	100	0	404	55	12746	117	10845	-0	9700	0	10364	16.256	1.463
148.5	NaN	1765	NaN	1114	0	20	361	100	100	0	406	70	12675	102	10631	0	9845	-0	10505	16.406	1.993
148.6	NaN	1758	NaN	1098	0	12	361	100	100	0	405	73	13817	97	10627	0	10013	-0	10573	16.623	3.391
148.7	NaN	1745	NaN	1136	0	6	360	100	100	0	406	67	14559	86	10686	9	10236	-0	10617	16.881	3.836
148.8	NaN	1745	NaN	1151	0	-4	359	100	100	0	408	82	12059	86	10821	-0	10607	-0	10744	17.142	2.902
148.9	NaN	1744	NaN	1150	0	-7	362	100	100	0	405	90	11263	81	10878	-0	10898	0	10771	17.439	2.288
149	NaN	1749	NaN	1149	0	-13	362	100	100	0	405	104	11545	77	11094	-0	11127	-0	10782	17.671	2.189
149.1	NaN	1745	NaN	1142	0	-21	360	100	100	0	405	116	12007	73	11339	0	11435	0	10900	17.91	1.844
149.2	NaN	1754	NaN	1150	0	-29	361	100	100	0	406	112	12227	59	11646	0	11517	-0	10830	18.071	1.147
149.3	NaN	1765	NaN	1158	0	-25	359	100	100	0	405	103	12063	62	12283	-0	11550	-0	10992	18.245	3.565
149.4	NaN	1732	NaN	1153	0	-16	362	100	100	0	405	97	11957	70	11554	-0	11720	0	11183	18.445	2.677
149.5	NaN	1747	NaN	1149	0	-17	361	100	100	0	406	109	12133	76	12218	0	11759	0	11249	18.642	2.322
149.6	NaN	1741	NaN	1143	0	-11	361	100	100	0	407	96	12039	76	11887	1	11886	0	11471	18.832	1.372
149.7	NaN	1728	NaN	1144	0	-2	362	100	100	0	405	85	12017	75	11985	-0	11892	-0	11552	19.056	1.981
149.8	NaN	1729	NaN	1149	0	0	362	100	100	0	406	86	12037	83	12126	0	11924	0	11919	19.29	1.419
149.9	NaN	1703	NaN	1099	0	0	359	100	100	0	406	112	12323	126	12302	224	12562	-4	11985	19.589	8.952
150	NaN	1713	NaN	1100	0	3	362	100	100	0	406	82	12386	85	12365	0	12122	0	12341	19.838	0.779
150.1	NaN	1709	NaN	1101	0	4	361	100	100	0	407	80	12447	86	12497	-0	12289	-1	12502	20.033	1.603
150.2	NaN	1715	NaN	1092	1	0	362	100	100	0	405	85	12631	84	12642	0	12467	-0	12523	20.223	1.661
150.3	NaN	1734	NaN	1095	1	-1	361	100	100	0	406	81	12760	82	12760	0	12610	-0	12687	20.409	0.965
150.4	NaN	1698	NaN	1106	1	3	363	100	100	0	405	82	12902	88	12833	-0	12696	-0	12747	20.613	2.714
150.5	NaN	1720	NaN	1093	1	-0	363	100	100	0	404	81	13049	81	13021	-0	12824	-0	12913	20.814	1.722
150.6	NaN	1711	NaN	1093	1	-1	361	100	100	0	405	82	13192	84	13174	-0	13047	-0	13082	21.032	3.29
150.7	NaN	1708	NaN	1100	1	0	361	100	100	0	406	85	13336	82	13171	0	13139	-0	13114	21.262	3.258
150.8	NaN	1704	NaN	1087	1	-1	359	100	100	0	406	80	13427	83	13440	-0	13238	-0	13316	21.472	1.935
150.9	NaN	1711	NaN	1094	1	-2	363	100	100	0	406	82	13617	82	13527	0	13404	-0	13493	21.674	1.12
151	NaN	1705	NaN	1093	1	2	360	100	100	0	405	80	13717	81	13760	-0	13541	-0	13576	21.925	3.947
151.1	NaN	1688	NaN	1098	1	3	362	100	100	0	408	82	13879	81	13762	0	13678	0	13707	22.118	2.915
151.2	NaN	1655	NaN	1026	1	3	360	100	100	0	406	85	14355	82	14293	153	14309	119	14428	22.832	8.944
151.3	NaN	1663	NaN	1031	1	5	361	100	100	0	407	76	15012	84	14776	119	14886	136	15067	23.581	7.52
151.4	NaN	1701	NaN	1079	0	1	583	0	0	0	626	-1	14515	-3	14617	-3	14476	8	14783	23.834	-4.749
151.5	NaN	1738	NaN	1115	0	3	741	0	0	0	683	-13	14190	-13	14263	-8	14173	-8	14322	23.232	-8.302
151.6	NaN	1735	NaN	1088	0	6	777	0	0	0	721	-19	13663	-17	13650	-12	13556	-11	13547	22.457	-8.18
151.7	NaN	1708	NaN	1097	0	8	780	0	0	0	739	-39	12920	-36	13107	-26	12919	-22	12996	21.446	-10.792
151.8	NaN	1738	NaN	1081	0	7	657	0	0	0	638	-44	12076	-41	12475	-29	12120	-28	12602	20.422	-9.76
151.9	NaN	1739	NaN	1081	0	4	445	0	0	0	441	-46	11807	-44	12138	-31	11047	-29	12359	19.603	-6.689
152	NaN	1728	NaN	1080	0	4	549	0	0	0	499	-45	11452	-44	11669	-34	10699	-32	11569	18.827	-9.576
152.1	NaN	1747	NaN	1094	0	9	615	0	0	0	588	-47	10770	-44	10951	-35	10777	-32	11213	17.897	-8.223
152.2	NaN	1740	NaN	1078	0	15	511	0	0	0	510	-53	9793	-44	10611	-41	10013	-35	10775	16.955	-8.088
152.3	NaN	1721	NaN	1064	0	14	414	0	0	0	451	-59	7772	-51	10009	-48	8143	-41	9842	16.243	-9.83
152.4	NaN	1712.125	NaN	1140	0	0	361	28	24	0	404	0	9349	0	9910	1	9540	0	10052	15.589	-2.722
152.5	NaN	1713.25	NaN	1107	0	34	363	30	23	0	404	5	9443	11	9520	9	9460	17	9729	15.576	-0.944
152.6	NaN	1714.375	NaN	1090	0	38	364	35	28	0	406	5	9183	12	9751	11	9176	25	9831	15.299	-3.486
152.7	NaN	1734	NaN	1084	0	39	362	46	39	0	405	15	9057	35	10070	30	9455	74	10261	15.357	5.855
152.8	NaN	1742	NaN	1077	0	48	365	46	38	0	404	13	9821	40	9958	26	9533	83	10442	15.413	1.019
152.9	NaN	1715.15	NaN	1138	0	40	364	29	24	0	405	-2	8781	-2	9421	-1	8904	1	9713	15.3	-2.44
153	NaN	1712.6125	NaN	1086	0	32	363	53	44	0	406	24	9180	49	10218	49	10712	98	10509	15.321	4.306
153.1	NaN	1710.075	NaN	1065	0	42	361	54	48	0	405	23	10308	57	10302	47	9986	118	10575	15.532	5.386
153.2	NaN	1707.5375	NaN	1140	0	40	364	26	20	0	407	0	8855	0	9565	0	8865	0	9804	15.3	-2.541
153.3	NaN	1741	NaN	1087	0	41	361	45	38	0	410	11	8750	27	9566	26	9077	71	9953	14.957	-2.68
153.4	NaN	1732	NaN	1072	0	49	363	42	36	0	407	10	9696	32	10361	20	9087	65	9790	15.15	4.397
153.5	NaN	1727	NaN	1083	0	36	364	75	69	0	406	10	8876	25	9490	24	9851	55	9796	14.834	-1.399
153.6	NaN	1713	NaN	1056	0	39	362	60	52	0	408	26	9706	58	10120	54	9347	145	10146	15.113	4.709
153.7	NaN	1696	NaN	1067	0	44	361	68	61	0	407	32	9699	87	10502	65	10101	185	10711	15.528	4.518
153.8	NaN	1705	NaN	1062	0	44	363	67	58	0	409	30	11824	86	10818	62	9829	172	10836	15.982	5.828
153.9	NaN	1712	NaN	1050	0	41	361	68	60	0	407	32	12216	87	10872	68	10496	171	11017	16.497	5.537
154	NaN	1708	NaN	1047	0	28	361	68	60	0	405	42	13037	76	11157	86	10879	157	11240	17.039	6.105
154.1	NaN	1685	NaN	1038	0	11	359	73	65	0	411	60	12335	80	11326	111	10856	153	11532	17.698	7.022
154.2	NaN	1705	NaN	1061	0	-19	362	64	61	0	407	72	11920	49	11383	145	11747	96	11495	18.446	7.182
154.3	NaN	1704	NaN	1062	0	-35	362	62	61	0	408	78	12473	39	11601	144	12382	73	11568	18.895	3.423
154.4	NaN	1718	NaN	1069	0	-22	362	50	43	0	404	44	12277	26	12213	82	12379	49	11939	19.207	3.803
154.5	NaN	1705	NaN	1056	0	-21	360	50	46	0	403	48	12468	34	12101	89	12504	56	11975	19.512	1.915
154.6	NaN	1722	NaN	1060	0	-23	359	43	42	0	405	34	12426	19	11938	63	12518	38	12102	19.605	0.417
154.7	NaN	1712	NaN	1063	0	-20	358	48	47	0	404	39	12547	25	12111	73	12628	49	12081	19.738	3.12
154.8	NaN	1673	NaN	1048	0	22	361	97	91	0	408	72	13301	109	13325	126	12852	176	13088	20.372	5.469
154.9	NaN	1674	NaN	1032	0	23	361	100	100	0	410	74	15203	111	13813	127	13243	166	13910	21.1	7.733
155	NaN	1669	NaN	1035	0	19	363	100	100	0	407	68	20615	93	13966	113	14550	157	14268	21.774	6.151
155.1	NaN	1655	NaN	1035	0	4	364	100	100	0	405	60	20865	86	14328	132	14203	143	14527	22.513	10.686
155.2	NaN	1673	NaN	1049	0	-5	360	100	100	0	407	131	19054	77	14349	131	14676	124	14600	23.273	5.657
155.3	NaN	1688	NaN	1061	0	-2	367	0	0	0	405	-13	14021	-24	14311	-41	14570	-47	14374	23.632	-7.345
155.4	NaN	1745	NaN	1110	0	-3	752	0	0	0	714	-11	14225	-13	14023	-7	14238	-6	14098	23.173	-7.781
155.5	NaN	1733	NaN	1098	0	-1	794	0	0	0	731	-19	13766	-20	13565	-12	13722	-12	13666	22.289	-13.264
155.6	NaN	1743	NaN	1099	0	-8	976	0	0	0	949	-40	12543	-43	12201	-28	12785	-27	12660	21.231	-12.012
155.7	NaN	1749	NaN	1098	0	-3	971	0	0	0	879	-51	12077	-50	11834	-36	10305	-37	3381	19.881	-14.041
155.8	NaN	1776	NaN	1294	0	5	1036	0	0	0	911	-58	11267	-57	10817	-42	11221	-5	79	18.363	-15.479
155.9	NaN	1791	NaN	1183	0	8	919	0	0	0	827	-54	10109	-50	7068	-41	10324	-0	452	17.192	-10.112
156	NaN	1770	NaN	1124	0	8	891	0	0	0	790	-59	9598	-54	4263	-46	4457	0	8	15.932	-12.934
156.1	NaN	1776	NaN	1211	0	-1	820	0	0	0	737	-55	8764	-55	1620	-44	4464	-1	252	14.642	-10.25
156.2	NaN	1817	NaN	1377	0	-1	637	0	0	0	596	-55	8218	-46	306	-46	217	-0	219	13.529	-9.44
156.3	NaN	1849	NaN	1056	0	3	601	0	0	0	569	-55	7605	-53	933	-47	1484	-45	2451	12.417	-10.833
156.4	NaN	1818	NaN	1124	0	1	538	0	0	0	532	-54	6992	-53	5080	-47	1729	-46	1827	11.33	-11.182
156.5	NaN	1777	NaN	1050	0	8	423	0	0	0	439	-55	6420	-51	6158	-49	2925	-46	2242	10.327	-9.446
156.6	NaN	1810	NaN	1075	0	14	371	0	0	0	409	-56	5765	-48	5783	-52	5741	-44	5771	9.48	-6.616
156.7	NaN	1799	NaN	1104	0	15	359	0	0	0	404	-56	5244	-48	5545	-51	5140	-44	5596	8.804	-6.228
156.8	NaN	1811	NaN	1072	0	14	361	0	0	0	405	-56	4913	-48	5123	-52	4643	-44	5173	8.147	-5.883
156.9	NaN	1801	NaN	1075	0	12	436	0	0	0	455	-55	4519	-48	4641	-52	4459	-46	4631	7.488	-7.233
157	NaN	1826	NaN	1069	0	11	392	0	0	0	417	-53	4054	-47	4229	-52	4040	-45	4239	6.713	-6.681
157.1	NaN	1827	NaN	1099	0	10	357	0	0	0	403	-55	3691	-47	3841	-53	3646	-46	3809	6.092	-6.638
157.2	NaN	1820	NaN	1048	0	11	359	0	0	0	405	-54	3304	-48	3471	-52	3267	-46	3452	5.464	-6.132
157.3	NaN	1777	NaN	1052	0	13	361	0	0	0	402	-54	2947	-47	3053	-53	2940	-46	3056	4.831	-5.856
157.4	NaN	1831	NaN	1045	0	13	362	0	0	0	403	-53	2572	-48	2685	-53	2560	-47	2701	4.209	-6.108
157.5	NaN	1775	NaN	1098	0	9	363	0	0	0	405	-54	2205	-48	2312	-52	2205	-48	2305	3.601	-5.922
157.6	NaN	1743	NaN	1073	0	4	364	0	0	0	404	-51	1876	-51	1877	-50	1881	-50	1882	3.001	-5.71
157.7	NaN	1743	NaN	1124	0	-3	360	0	0	0	406	-50	1510	-50	1516	-50	1527	-50	1505	2.398	-5.943
157.8	NaN	1835	NaN	1061	0	0	363	0	0	0	403	-50	1152	-50	1140	-50	1160	-50	1125	1.799	-6.019
157.9	NaN	1767	NaN	1117	0	-1	362	0	0	0	403	-50	781	-51	794	-50	800	-50	771	1.21	-5.997
158	NaN	1812	NaN	1139	0	-1	362	0	0	0	406	-50	415	-51	425	-50	433	-51	400	0.607	-5.799
158.1	NaN	1870	NaN	1364	0	-2	361	0	0	0	405	-0	269	-3	488	0	194	-0	182	0.14	-2.367
158.2	NaN	1895	NaN	1320	0	1	362	0	0	0	403	-0	117	0	94	-0	88	0	100	0.079	-0.788
158.3	NaN	1762	NaN	1383	0	-3	362	0	0	0	404	-0	78	0	80	0	73	0	77	-0.001	-0.532
158.4	NaN	1835	NaN	1295	0	0	360	0	0	0	405	0	53	-0	50	-0	54	-0	51	-0.051	-0.292
158.5	NaN	1811.522727	NaN	1355	0	-3	358	0	0	0	404	0	25	-0	29	0	27	0	29	-0.075	-0.376
158.6	NaN	1812.545455	NaN	1609	0	-2	360	0	0	0	404	-0	-0	0	-0	0	-0	-0	-1	-0.124	-0.3
158.7	NaN	1813.568182	NaN	1666	0	-3	359	0	0	0	404	-0	-7	0	-10	0	-8	-0	-9	-0.136	0.104
158.8	NaN	1814.590909	NaN	1690	0	-1	360	0	0	0	404	-0	-5	-0	-4	-0	-6	-0	-4	-0.134	0.216
158.9	NaN	1815.613636	NaN	1652	0	0	360	0	0	0	405	-0	0	0	0	0	0	0	1	-0.113	0.212
159	NaN	1816.636364	NaN	1633	0	-0	358	0	0	0	405	0	-0	-0	0	0	-0	-0	0	-0.12	-0.065
159.1	NaN	1817.659091	NaN	1740	0	-3	358	0	0	0	404	-0	-0	-0	-0	0	0	-0	0	-0.119	0.151
159.2	NaN	1818.681818	NaN	1667	0	0	362	0	0	0	406	0	-0	0	-0	0	-0	0	0	-0.124	0.11
159.3	NaN	1819.704545	NaN	1659	0	1	361	0	0	0	404	0	-0	0	-0	0	0	0	0	-0.122	0.139
159.4	NaN	1820.727273	NaN	1649	0	0	360	0	0	0	404	0	-0	0	0	0	-0	-0	-0	-0.127	0.114
159.5	NaN	1821.75	NaN	1670	0	-2	358	0	0	0	406	-0	0	0	0	0	0	0	0	-0.126	0.236
159.6	NaN	1822.772727	NaN	1611	0	0	360	0	0	0	405	0	-0	0	-1	0	-0	0	-0	-0.133	0.128
159.7	NaN	1823.795455	NaN	1630	0	-2	357	0	0	0	405	0	-0	-0	0	0	0	0	-0	-0.13	0.221
159.8	NaN	1824.818182	NaN	1600	0	-3	359	0	0	0	405	-0	0	-0	0	0	0	0	0	-0.136	-0.055
159.9	NaN	1825.840909	NaN	1606	0	-2	361	0	0	0	405	-0	-0	-0	0	-0	-0	0	0	-0.128	0.09
160	NaN	1826.863636	NaN	1660	0	-2	360	0	0	0	402	-0	0	-0	1	0	0	0	0	-0.132	-0.038
160.1	NaN	1827.886364	NaN	1592	0	-1	357	0	0	0	402	-0	0	0	0	0	0	0	0	-0.123	-0.021
160.2	NaN	1828.909091	NaN	1627	0	-0	359	0	0	0	405	-0	0	0	1	0	0	0	0	-0.129	0.104
160.3	NaN	1829.931818	NaN	1644	0	-1	359	0	0	0	407	0	-0	0	0	-0	-0	0	-0	-0.126	0.107
160.4	NaN	1830.954545	NaN	1686	0	-3	360	0	0	0	407	0	-0	-0	-0	0	-0	0	0	-0.13	0.005
160.5	NaN	1831.977273	NaN	1569	0	-1	362	0	0	0	407	-0	-0	0	-0	-0	0	-0	0	-0.126	0.078
160.6	NaN	1840	NaN	1248	0	-4	363	0	0	0	404	0	-0	0	-0	0	0	0	-0	-0.133	0.12
160.7	NaN	1842	NaN	1248	0	-3	362	0	0	0	407	0	0	0	-0	0	0	0	-0	-0.127	0.219
160.8	NaN	1851	NaN	1245	0	-4	360	0	0	0	405	0	-0	0	-0	0	0	0	-0	-0.133	0.087
160.9	NaN	1834	NaN	1246	0	-4	362	0	0	0	406	0	0	-0	0	0	1	0	0	-0.111	0.165
161	NaN	1850	NaN	1247	0	-3	360	0	0	0	404	0	-0	-0	-0	0	-0	0	-0	-0.118	0.176
161.1	NaN	1852	NaN	1247	0	-3	362	0	0	0	406	0	-0	0	0	0	0	0	-0	-0.11	0.02
161.2	NaN	1841	NaN	1246	0	-2	363	0	0	0	406	-0	0	-0	0	0	0	0	0	-0.115	0.204
161.3	NaN	1830	NaN	1244	0	-1	363	0	0	0	407	-0	-0	0	-0	0	-0	0	-0	-0.111	0.093
161.4	NaN	1833	NaN	1246	0	-3	362	0	0	0	406	0	0	0	0	0	0	-0	0	-0.113	0.078
161.5	NaN	1841	NaN	1244	0	-2	362	0	0	0	406	0	-0	-0	0	0	-0	0	0	-0.104	0.15
161.6	NaN	1829	NaN	1244	0	-3	362	0	0	0	406	0	0	0	-0	0	-0	0	0	-0.107	-0.044
161.7	NaN	1833	NaN	1243	0	-1	361	0	0	0	406	-0	0	0	0	0	0	0	0	-0.103	0.085
161.8	NaN	1831	NaN	1244	0	-1	364	0	0	0	406	0	-0	-0	-0	0	-0	0	-0	-0.109	0.086
161.9	NaN	1833	NaN	1244	0	-2	362	0	0	0	406	0	0	0	0	0	0	0	0	-0.106	-0.001
162	NaN	1830	NaN	1244	0	-1	362	0	0	0	405	0	-0	0	-0	0	-0	0	-0	-0.112	0.142
162.1	NaN	1814	NaN	1242	0	-2	361	0	0	0	407	0	0	-0	0	0	0	0	0	-0.105	0.033
162.2	NaN	1823	NaN	1243	0	-4	361	0	0	0	405	0	-0	0	-0	0	-0	0	-0	-0.111	0.178
162.3	NaN	1814	NaN	1242	0	-2	361	0	0	0	407	0	0	-0	-0	0	0	-0	0	-0.108	0.034
162.4	NaN	1828	NaN	1243	0	-3	360	0	0	0	406	0	-0	-0	-0	0	-0	0	0	-0.113	0.122
162.5	NaN	1825	NaN	1242	0	-3	362	0	0	0	407	0	0	-0	-0	0	0	0	-0	-0.106	0.162
162.6	NaN	1830	NaN	1243	0	-3	363	0	0	0	405	0	0	-0	-0	0	0	-0	-0	-0.111	0.036
162.7	NaN	1819	NaN	1243	0	-2	362	0	0	0	405	-0	0	-0	0	0	0	0	-0	-0.105	0.128
162.8	NaN	1823	NaN	1241	0	-2	361	0	0	0	405	0	0	-0	-0	0	-0	0	-0	-0.11	0.033
162.9	NaN	1811	NaN	1240	0	-4	362	0	0	0	405	-0	-0	0	-0	0	-0	0	-0	-0.109	0.016
163	NaN	1824	NaN	1243	0	-3	360	0	0	0	406	0	0	0	0	-0	0	0	0	-0.113	0.107
163.1	NaN	1814	NaN	1240	0	-4	362	0	0	0	406	0	-0	-0	-0	0	0	0	0	-0.108	-0.022
163.2	NaN	1813	NaN	1239	0	-3	363	0	0	0	405	0	0	0	0	0	0	0	0	-0.111	0.138
163.3	NaN	1808	NaN	1240	0	-2	364	0	0	0	405	0	-0	0	0	0	0	-0	0	-0.102	0.13
163.4	NaN	1824	NaN	1240	0	-3	361	0	0	0	406	0	-0	0	-0	0	0	0	0	-0.108	0.156
163.5	NaN	1817	NaN	1240	0	-1	362	0	0	0	406	0	-0	-0	-0	0	0	0	0	-0.102	0.287
163.6	NaN	1806	NaN	1239	0	-3	364	0	0	0	406	0	-0	-0	-0	0	0	0	0	-0.108	0.279
163.7	NaN	1804	NaN	1238	0	-1	366	0	0	0	406	0	-0	0	-0	0	0	0	0	-0.105	0.285
163.8	NaN	1807	NaN	1238	0	-1	363	0	0	0	404	0	-0	0	0	0	-0	0	-0	-0.111	0.27
163.9	NaN	1823	NaN	1240	0	-3	364	0	0	0	406	0	-0	0	0	0	-0	0	0	-0.108	0.11
164	NaN	1807	NaN	1237	0	-1	364	0	0	0	407	0	-0	0	0	0	-0	0	0	-0.113	0.167
164.1	NaN	1802	NaN	1238	0	-2	364	0	0	0	406	-0	-0	-0	0	0	-0	0	-0	-0.113	-0.104
164.2	NaN	1820	NaN	1236	0	-3	360	0	0	0	405	-0	0	-0	0	0	-0	0	0	-0.117	-0.054
164.3	NaN	1809	NaN	1237	0	-2	362	0	0	0	406	0	-0	0	0	0	-0	0	-0	-0.111	-0.117
164.4	NaN	1797	NaN	1237	0	-1	365	0	0	0	406	0	0	0	0	0	-0	0	0	-0.115	-0.176
164.5	NaN	1811	NaN	1237	0	-1	361	0	0	0	406	0	0	-0	-0	0	-0	0	-0	-0.111	0.019
164.6	NaN	1814	NaN	1237	0	-2	360	0	0	0	406	-0	0	-0	0	0	-0	0	-0	-0.115	-0.014
164.7	NaN	1804	NaN	1237	0	-1	364	0	0	0	406	0	-0	0	-0	0	-0	0	-0	-0.107	0.149
164.8	NaN	1812	NaN	1236	0	-2	364	0	0	0	407	0	0	-0	0	0	-0	0	-0	-0.112	0.143
164.9	NaN	1816	NaN	1236	0	-1	360	0	0	0	406	-0	0	-0	-0	0	0	0	-0	-0.108	0.17
165	NaN	1814	NaN	1235	0	-3	360	0	0	0	406	-0	-0	0	0	0	0	0	-0	-0.113	0.184
165.1	NaN	1809	NaN	1235	0	-1	361	0	0	0	406	-0	-0	-0	0	0	-0	0	0	-0.11	0.09
165.2	NaN	1810	NaN	1234	0	-3	361	0	0	0	408	0	-0	0	0	0	0	0	0	-0.114	0.117
165.3	NaN	1811	NaN	1232	0	-3	359	0	0	0	405	0	-0	0	0	0	0	0	0	-0.107	0.122
165.4	NaN	1791	NaN	1233	0	-1	363	0	0	0	405	-0	-0	-0	-0	0	0	0	-0	-0.113	0.017
165.5	NaN	1793	NaN	1232	0	-1	361	0	0	0	407	0	-0	-0	0	0	0	0	0	-0.11	0.126
165.6	NaN	1808	NaN	1232	0	-3	359	0	0	0	406	0	-0	-0	-0	0	0	0	-0	-0.115	0.055
165.7	NaN	1800	NaN	1231	0	-4	361	0	0	0	407	-0	0	0	-0	0	-0	0	-0	-0.113	0.14
165.8	NaN	1809	NaN	1232	0	-3	361	0	0	0	407	0	0	-0	0	0	-0	0	0	-0.117	0.192
165.9	NaN	1813	NaN	1233	0	-1	364	0	0	0	405	-0	-0	-0	0	0	-0	0	0	-0.102	0.152
166	NaN	1801	NaN	1233	0	-1	362	0	0	0	406	0	-0	-0	0	0	-0	0	0	-0.106	0.341
166.1	NaN	1788	NaN	1231	0	-2	362	0	0	0	406	0	0	-0	-0	0	0	0	0	-0.105	0.182
166.2	NaN	1801	NaN	1230	0	-4	362	0	0	0	405	-0	-0	0	-0	0	0	0	0	-0.109	0.292
166.3	NaN	1786	NaN	1231	0	-2	363	0	0	0	406	0	-0	-0	-0	0	0	0	-0	-0.107	0.162
166.4	NaN	1800	NaN	1230	0	-1	362	0	0	0	407	-0	-0	-0	0	0	0	0	0	-0.111	0.05
166.5	NaN	1796	NaN	1229	0	-1	365	0	0	0	405	-0	-0	-0	0	0	0	0	-0	-0.108	0.032
166.6	NaN	1790	NaN	1229	0	-0	363	0	0	0	406	-0	-0	0	-0	0	0	0	-0	-0.112	-0.088
166.7	NaN	1797	NaN	1231	0	-2	363	0	0	0	405	-0	-0	-0	-0	0	-0	0	-0	-0.107	-0.115
166.8	NaN	1786	NaN	1232	0	-1	362	0	0	0	406	0	0	-0	0	0	-0	0	-0	-0.111	-0.146
166.9	NaN	1786	NaN	1232	0	-1	364	0	0	0	405	0	0	0	-0	0	-0	0	-0	-0.108	-0.15
167	NaN	1800	NaN	1229	0	-1	364	0	0	0	405	-0	-0	0	-0	0	-0	0	-0	-0.111	0.064
167.1	NaN	1794	NaN	1230	0	-2	362	0	0	0	406	-0	0	0	0	0	-0	0	-0	-0.109	0.001
167.2	NaN	1797	NaN	1230	0	-3	361	0	0	0	406	0	0	-0	-0	0	-0	0	-0	-0.112	0.164
167.3	NaN	1784	NaN	1229	0	-4	363	0	0	0	407	0	-0	0	0	-0	-0	0	-0	-0.109	0.257
167.4	NaN	1790	NaN	1227	0	-2	361	0	0	0	405	0	-0	0	0	0	-0	-0	-0	-0.114	0.218
167.5	NaN	1786	NaN	1225	0	-4	361	0	0	0	405	0	-0	0	0	0	0	0	0	-0.111	0.351
167.6	NaN	1786	NaN	1226	0	-2	363	0	0	0	406	0	-0	-0	0	0	0	0	0	-0.116	0.215
167.7	NaN	1772	NaN	1226	0	-1	364	0	0	0	406	-0	-0	-0	0	0	0	0	0	-0.112	0.195
167.8	NaN	1780	NaN	1226	0	-1	363	0	0	0	406	0	-0	-0	-0	0	0	0	0	-0.115	0.173
167.9	NaN	1790	NaN	1226	0	-3	361	0	0	0	407	0	0	-0	-0	0	0	0	0	-0.112	0.018
168	NaN	1798	NaN	1226	0	-4	361	0	0	0	404	0	-0	0	0	0	0	0	-0	-0.116	0.059
168.1	NaN	1787	NaN	1226	0	-1	361	0	0	0	405	-0	0	-0	-0	0	-0	0	-0	-0.113	0.026
168.2	NaN	1775	NaN	1224	0	-2	362	0	0	0	406	0	0	-0	-0	0	0	0	0	-0.117	0.002
168.3	NaN	1777	NaN	1224	0	-4	360	0	0	0	407	-0	-0	0	-0	0	-0	0	0	-0.112	0.168
168.4	NaN	1781	NaN	1224	0	-3	361	0	0	0	406	0	0	-0	0	0	0	0	0	-0.115	0.039
168.5	NaN	1781	NaN	1225	0	-1	363	0	0	0	405	0	0	0	-0	0	-0	0	-0	-0.11	0.16
168.6	NaN	1783	NaN	1224	0	-4	361	0	0	0	405	0	-0	-0	0	0	-0	0	0	-0.114	0.128
168.7	NaN	1790	NaN	1225	0	-4	360	0	0	0	405	0	0	0	-0	0	0	0	-0	-0.112	0.085
168.8	NaN	1790	NaN	1223	0	-4	360	0	0	0	405	0	0	-0	-0	0	0	0	0	-0.116	0.135
168.9	NaN	1766	NaN	1222	0	-0	364	0	0	0	405	0	-0	0	-0	0	-0	0	-0	-0.106	0.017
169	NaN	1780	NaN	1223	0	-3	361	0	0	0	407	-0	0	-0	-0	0	-0	0	-0	-0.109	-0.051
169.1	NaN	1774	NaN	1223	0	-1	360	0	0	0	406	0	0	0	-0	0	-0	-0	-0	-0.107	0.001
169.2	NaN	1776	NaN	1222	0	-3	361	0	0	0	406	0	0	0	0	0	-0	0	-0	-0.111	-0.187
169.3	NaN	1787	NaN	1223	0	-4	359	0	0	0	406	0	0	-0	0	0	-0	0	-0	-0.102	0.026
169.4	NaN	1784	NaN	1223	0	-4	361	0	0	0	405	-0	0	0	0	0	-0	0	-0	-0.106	0.014
169.5	NaN	1768	NaN	1223	0	-3	362	0	0	0	406	0	0	-0	0	0	-0	0	-0	-0.101	0.045
169.6	NaN	1769	NaN	1222	0	-2	364	0	0	0	405	0	0	-0	0	-0	0	0	0	-0.103	0.24
169.7	NaN	1777	NaN	1221	0	-1	363	0	0	0	406	-0	0	-0	0	0	0	0	0	-0.1	0.258
169.8	NaN	1767	NaN	1221	0	-2	363	0	0	0	406	0	-0	0	0	0	0	0	-0	-0.103	0.313
169.9	NaN	1767	NaN	1221	0	-2	361	0	0	0	405	-0	-0	0	0	-0	0	0	-0	-0.096	0.371
170	NaN	1780	NaN	1222	0	-2	360	0	0	0	405	-0	-0	0	-0	0	0	0	-0	-0.1	0.18
170.1	NaN	1757	NaN	1221	0	-0	363	0	0	0	406	0	0	0	-0	0	0	0	-0	-0.096	0.227
170.2	NaN	1783	NaN	1221	0	-4	360	0	0	0	406	0	-0	0	-0	-0	0	0	-0	-0.1	0.129
170.3	NaN	1779	NaN	1220	0	-4	359	0	0	0	406	0	-0	0	-0	0	0	0	-0	-0.093	-0.046
170.4	NaN	1779	NaN	1221	0	-1	363	0	0	0	406	0	-0	0	0	0	0	0	-0	-0.096	-0.017
170.5	NaN	1755	NaN	1218	0	-2	363	0	0	0	405	0	-0	-0	0	0	0	0	0	-0.091	-0.179
170.6	NaN	1762	NaN	1219	0	-1	364	0	0	0	406	0	-0	0	0	0	0	0	0	-0.094	-0.08
170.7	NaN	1779	NaN	1219	0	-4	359	0	0	0	406	0	-0	0	0	0	0	0	0	-0.093	-0.003
170.8	NaN	1766	NaN	1219	0	-1	362	0	0	0	404	0	-0	0	0	0	0	0	-0	-0.096	0.019
170.9	NaN	1761	NaN	1219	0	-2	360	0	0	0	404	0	0	-0	0	0	0	0	0	-0.09	0.151
171	NaN	1777	NaN	1219	0	-3	361	0	0	0	406	-0	-0	0	0	0	-0	-0	-0	-0.093	0.168
171.1	NaN	1765	NaN	1218	0	-2	363	0	0	0	404	0	0	0	-0	0	0	0	0	-0.089	0.163
171.2	NaN	1779	NaN	1219	0	-2	360	0	0	0	407	0	0	0	0	0	-0	0	0	-0.091	0.25
171.3	NaN	1762	NaN	1217	0	-3	361	0	0	0	404	-0	0	0	-0	0	-0	0	0	-0.09	0.082
171.4	NaN	1753	NaN	1217	0	-1	361	0	0	0	404	-0	0	-0	-0	0	-0	0	0	-0.088	0.174
171.5	NaN	1772	NaN	1218	0	-3	364	0	0	0	405	-0	-0	0	0	0	-0	0	-0	-0.086	0.058
171.6	NaN	1758	NaN	1218	0	-1	362	0	0	0	407	0	0	-0	-0	0	0	-0	-0	-0.087	0.066
171.7	NaN	1754	NaN	1217	0	-1	362	0	0	0	407	0	-0	0	0	0	-0	0	-0	-0.084	0.116
171.8	NaN	1760	NaN	1217	0	-2	362	0	0	0	405	0	-0	-0	0	0	0	-0	0	-0.086	0.026
171.9	NaN	1757	NaN	1218	0	-3	360	0	0	0	405	0	-0	-0	-0	0	-0	0	-0	-0.083	0.077
172	NaN	1763	NaN	1217	0	-1	364	0	0	0	405	0	-0	0	0	0	0	0	-0	-0.085	0.142
172.1	NaN	1749	NaN	1216	0	-3	362	0	0	0	405	0	0	0	0	0	-0	0	0	-0.081	0.114
172.2	NaN	1770	NaN	1215	0	-3	362	0	0	0	405	0	0	0	-0	0	-0	0	-0	-0.083	0.258
172.3	NaN	1763	NaN	1216	0	-2	362	0	0	0	406	0	0	-0	0	0	-0	0	-0	-0.079	0.094
172.4	NaN	1751	NaN	1214	0	-2	362	0	0	0	405	-0	0	0	0	0	0	-0	-0	-0.08	0.224
172.5	NaN	1760	NaN	1214	0	-3	360	0	0	0	405	-0	-0	0	-0	0	0	0	-0	-0.071	0.15
172.6	NaN	1764	NaN	1215	0	-2	363	0	0	0	405	0	0	-0	-0	0	0	0	-0	-0.072	-0.107
172.7	NaN	1760	NaN	1214	0	-2	361	0	0	0	406	0	0	-0	-0	0	0	0	0	-0.07	-0.017
172.8	NaN	1758	NaN	1213	0	-4	361	0	0	0	405	-0	-0	0	-0	0	0	-0	0	-0.073	-0.138
172.9	NaN	1747	NaN	1213	0	-2	363	0	0	0	407	0	-0	0	-0	0	0	0	0	-0.066	-0.159
173	NaN	1757	NaN	1214	0	-3	361	0	0	0	406	0	-0	-0	-0	0	0	0	0	-0.066	-0.006
173.1	NaN	1750	NaN	1214	0	-2	361	0	0	0	406	0	-0	-0	0	0	0	0	0	-0.063	-0.047
173.2	NaN	1750	NaN	1211	0	-3	360	0	0	0	404	0	-0	-0	0	0	0	-0	0	-0.063	0.116
173.3	NaN	1764	NaN	1212	0	-2	363	0	0	0	405	0	0	-0	-0	0	-0	-0	-0	-0.06	0.185
173.4	NaN	1757	NaN	1214	0	-4	361	0	0	0	406	0	0	-0	0	0	-0	0	-0	-0.062	0.191
173.5	NaN	1749	NaN	1212	0	-3	362	0	0	0	405	0	0	-0	0	0	-0	0	-0	-0.059	0.397
173.6	NaN	1754	NaN	1211	0	-3	360	0	0	0	406	0	-0	0	0	0	-0	0	-0	-0.06	0.283
173.7	NaN	1737	NaN	1212	0	-1	364	0	0	0	406	-0	0	-0	-0	0	-0	0	-0	-0.057	0.285
173.8	NaN	1745	NaN	1211	0	-1	362	0	0	0	406	0	0	0	0	0	-0	0	0	-0.058	0.241
173.9	NaN	1759	NaN	1212	0	-3	360	0	0	0	406	-0	0	-0	0	0	-0	0	0	-0.058	0.097
174	NaN	1746	NaN	1211	0	-3	362	0	0	0	406	0	-0	0	-0	0	-0	0	-0	-0.06	0.08
174.1	NaN	1756	NaN	1211	0	-3	361	0	0	0	405	0	-0	-0	-0	0	0	0	0	-0.056	0.015
174.2	NaN	1743	NaN	1210	0	-2	362	0	0	0	404	0	0	0	-0	0	0	0	0	-0.057	-0.09
174.3	NaN	1750	NaN	1210	0	-3	360	0	0	0	405	0	-0	-0	0	0	0	0	0	-0.056	0.07
174.4	NaN	1756	NaN	1209	0	-3	361	0	0	0	405	0	-0	-0	-0	-0	0	0	-0	-0.059	-0.084
174.5	NaN	1735	NaN	1209	0	-1	366	0	0	0	404	0	-0	0	-0	0	0	0	0	-0.057	0.104
174.6	NaN	1746	NaN	1209	0	-3	361	0	0	0	407	0	-0	-0	-0	0	0	0	-0	-0.058	0.11
174.7	NaN	1749	NaN	1210	0	-3	360	0	0	0	404	0	0	0	0	0	0	0	0	-0.057	0.084
174.8	NaN	1746	NaN	1207	0	-2	360	0	0	0	404	0	-0	-0	0	0	0	0	-0	-0.058	0.177
174.9	NaN	1742	NaN	1207	0	-1	364	0	0	0	407	0	-0	-0	-0	0	0	0	0	-0.053	0.084
175	NaN	1753	NaN	1207	0	-1	360	0	0	0	404	-0	0	0	-0	0	-0	0	-0	-0.053	0.121
175.1	NaN	1740	NaN	1207	0	-3	361	0	0	0	405	0	0	-0	0	-0	-0	0	0	-0.049	0.04
175.2	NaN	1746	NaN	1208	0	-1	361	0	0	0	406	-0	0	0	-0	0	-0	-0	0	-0.051	0.041
175.3	NaN	1745	NaN	1209	0	-3	361	0	0	0	405	0	0	-0	-0	-0	0	0	0	-0.048	0.167
175.4	NaN	1732	NaN	1208	0	-1	361	0	0	0	402	0	-0	0	0	0	0	0	0	-0.049	0.084
175.5	NaN	1745	NaN	1207	0	-2	360	0	0	0	406	-0	-0	0	0	0	0	0	-0	-0.047	0.298
175.6	NaN	1743	NaN	1207	0	-1	361	0	0	0	406	0	0	0	0	0	-0	0	-0	-0.048	0.222
175.7	NaN	1738	NaN	1206	0	-1	363	0	0	0	405	0	0	-0	-0	0	0	0	-0	-0.048	0.245
175.8	NaN	1738	NaN	1206	0	-3	362	0	0	0	406	-0	-0	-0	-0	0	-0	0	-0	-0.05	0.281
175.9	NaN	1733	NaN	1206	0	-4	363	0	0	0	406	0	0	0	0	0	-0	0	0	-0.047	0.082
176	NaN	1730	NaN	1206	0	-1	363	0	0	0	405	0	0	0	-0	0	-0	-0	-0	-0.049	0.012
176.1	NaN	1728	NaN	1207	0	-1	364	0	0	0	406	-0	-0	0	0	0	-0	0	-0	-0.051	0.05
176.2	NaN	1726	NaN	1207	0	-2	363	0	0	0	405	0	-0	0	-1	0	-0	0	-1	-0.054	-0.078
176.3	NaN	1737	NaN	1205	0	-3	363	0	0	0	405	0	0	-0	0	0	0	0	0	-0.046	-0.161
176.4	NaN	1735	NaN	1205	0	-1	363	0	0	0	407	0	1	-0	1	0	1	-0	1	-0.045	-0.152
176.5	NaN	1735	NaN	1205	0	-1	364	0	0	0	406	0	0	0	-0	0	0	0	0	-0.046	0.018
176.6	NaN	1723	NaN	1204	0	-1	362	0	0	0	404	0	0	-0	0	0	0	0	1	-0.045	0.13
176.7	NaN	1732	NaN	1204	0	-1	362	0	0	0	406	0	-0	0	-0	0	-0	0	-0	-0.046	0.141
176.8	NaN	1729	NaN	1205	0	-2	364	0	0	0	406	0	-0	0	0	-0	0	-0	0	-0.045	0.277
176.9	NaN	1726	NaN	1206	0	-2	363	0	0	0	405	0	-0	0	0	0	0	0	0	-0.045	0.259
177	NaN	1720	NaN	1205	0	-0	363	0	0	0	407	-0	-0	0	0	0	0	0	0	-0.045	0.258
177.1	NaN	1726	NaN	1206	0	-3	359	0	0	0	405	-0	-0	-0	0	0	0	0	0	-0.044	0.275
177.2	NaN	1736	NaN	1206	0	-2	362	0	0	0	406	-0	0	0	0	0	0	0	-0	-0.046	0.115
177.3	NaN	1737	NaN	1205	0	-4	361	0	0	0	404	-0	-0	-0	-0	0	0	0	-0	-0.046	0.09
177.4	NaN	1725	NaN	1203	0	-1	361	0	0	0	405	0	-0	0	0	0	-0	0	-0	-0.047	0.06
177.5	NaN	1719	NaN	1202	0	-1	364	0	0	0	406	0	0	-0	0	0	-0	0	0	-0.048	-0.048
177.6	NaN	1720	NaN	1201	0	-1	364	0	0	0	404	0	-0	0	-0	0	-0	0	0	-0.049	0.14
177.7	NaN	1721	NaN	1201	0	-4	361	0	0	0	404	0	0	-0	-0	0	-0	0	0	-0.05	0.016
177.8	NaN	1725	NaN	1201	0	-2	364	0	0	0	406	-0	-0	0	-0	0	-0	0	-0	-0.051	0.097
177.9	NaN	1716	NaN	1200	0	-1	364	0	0	0	406	0	-0	-0	-0	0	0	0	-0	-0.05	0.149
178	NaN	1719	NaN	1200	0	-1	363	0	0	0	405	0	-0	0	0	0	0	0	0	-0.051	0.106
178.1	NaN	1730	NaN	1199	0	-4	360	0	0	0	406	-0	-0	-0	0	0	-0	0	0	-0.05	0.158
178.2	NaN	1721	NaN	1199	0	-2	361	0	0	0	406	0	-0	-0	-0	0	-0	0	-0	-0.051	0.089
178.3	NaN	1723	NaN	1201	0	-3	361	0	0	0	407	0	0	-0	-0	0	-0	0	-0	-0.049	0.029
178.4	NaN	1726	NaN	1198	0	-1	364	0	0	0	406	0	-0	-0	-0	0	-0	0	-0	-0.05	0.089
178.5	NaN	1720	NaN	1199	0	-4	360	0	0	0	405	0	0	-0	0	0	-0	0	-0	-0.049	-0.105
178.6	NaN	1717	NaN	1199	0	-2	361	0	0	0	405	-0	0	-0	0	0	-0	0	-0	-0.05	0.049
178.7	NaN	1711	NaN	1199	0	-2	364	0	0	0	405	0	0	-0	-0	0	0	0	-0	-0.05	0.037
178.8	NaN	1731	NaN	1199	0	-1	363	0	0	0	405	-0	0	-0	0	0	0	0	-0	-0.051	0.082
178.9	NaN	1712	NaN	1199	0	-2	362	0	0	0	405	0	0	-0	0	0	0	0	-0	-0.05	0.232
179	NaN	1708	NaN	1197	0	-3	360	0	0	0	405	-0	0	0	-0	0	0	0	-0	-0.051	0.201
179.1	NaN	1726	NaN	1196	0	-3	360	0	0	0	405	0	-0	0	-0	0	0	0	0	-0.049	0.298
179.2	NaN	1721	NaN	1197	0	-4	361	0	0	0	405	-0	-0	0	-0	0	0	0	-0	-0.05	0.297
179.3	NaN	1715	NaN	1198	0	-1	365	0	0	0	404	0	0	-0	-0	0	0	0	0	-0.051	0.155
179.4	NaN	1711	NaN	1197	0	-2	363	0	0	0	405	0	-0	0	-0	0	-0	0	-0	-0.052	0.137
179.5	NaN	1718	NaN	1196	0	-1	361	0	0	0	406	0	0	-0	0	0	-0	0	-0	-0.047	-0.023
179.6	NaN	1708	NaN	1197	0	-1	363	0	0	0	406	0	0	-0	0	0	-0	0	-0	-0.048	-0.135
179.7	NaN	1722	NaN	1199	0	-3	359	0	0	0	406	-0	0	0	0	0	-1	0	-0	-0.049	-0.066
179.8	NaN	1720	NaN	1195	0	-2	361	0	0	0	406	0	0	-0	0	0	-0	0	-0	-0.049	-0.18
179.9	NaN	1709	NaN	1196	0	-2	362	0	0	0	405	-0	0	0	-0	0	-0	0	-0	-0.05	0.063
180	NaN	1712	NaN	1196	0	-0	363	0	0	0	406	0	0	0	0	0	0	0	-0	-0.051	0.06
180.1	NaN	1720	NaN	1196	0	-3	360	0	0	0	405	0	0	0	0	0	0	0	0	-0.049	0.166
180.2	NaN	1705	NaN	1198	0	-2	364	0	0	0	405	-0	-0	0	0	0	0	0	-0	-0.05	0.289
180.3	NaN	1701	NaN	1196	0	-2	364	0	0	0	406	-0	-0	0	-0	0	0	0	-0	-0.051	0.233
180.4	NaN	1706	NaN	1197	0	-2	361	0	0	0	405	-0	-0	0	0	0	0	0	0	-0.052	0.226
180.5	NaN	1706	NaN	1196	0	-1	362	0	0	0	405	0	-0	0	-0	0	0	0	0	-0.044	0.224
180.6	NaN	1713	NaN	1195	0	-1	362	0	0	0	405	0	-0	0	0	-0	0	0	-0	-0.046	0.032
180.7	NaN	1709	NaN	1194	0	-3	360	0	0	0	406	0	-0	-0	0	-0	-0	0	0	-0.041	0.138
180.8	NaN	1706	NaN	1194	0	-2	363	0	0	0	406	0	0	0	0	0	-0	0	-0	-0.042	-0.033
180.9	NaN	1703	NaN	1192	0	-2	361	0	0	0	405	0	-0	-0	-0	0	-0	0	0	-0.042	0.06
181	NaN	1710	NaN	1193	0	-2	362	0	0	0	406	-0	-0	0	0	0	0	0	0	-0.042	0.121
181.1	NaN	1694	NaN	1192	0	-1	364	0	0	0	406	-0	0	-0	0	0	-0	0	-0	-0.04	0.053
181.2	NaN	1708	NaN	1191	0	-1	363	0	0	0	406	0	0	0	-0	0	0	0	0	-0.04	0.133
181.3	NaN	1713	NaN	1192	0	-3	361	0	0	0	405	0	0	-0	-0	0	-0	0	-0	-0.036	0.127
181.4	NaN	1700	NaN	1192	0	-2	362	0	0	0	406	-0	0	0	0	0	-0	0	0	-0.036	0.114
181.5	NaN	1697	NaN	1192	0	-2	364	0	0	0	406	0	-0	-0	-0	0	-0	0	-0	-0.042	0.154
181.6	NaN	1715	NaN	1188	0	-4	364	0	0	0	405	0	0	0	0	0	0	0	0	-0.042	-0.029
181.7	NaN	1701	NaN	1192	0	-3	363	0	0	0	405	0	0	0	-0	0	0	0	0	-0.044	0.035
181.8	NaN	1699	NaN	1192	0	-4	363	0	0	0	405	0	0	0	0	0	-0	0	0	-0.045	-0.028
181.9	NaN	1692	NaN	1191	0	-2	363	0	0	0	407	0	-0	-0	0	0	-0	0	-0	-0.044	-0.111
182	NaN	1698	NaN	1190	0	-3	364	0	0	0	406	0	-0	0	-0	0	-0	0	-0	-0.044	0.027
182.1	NaN	1703	NaN	1190	0	-4	361	0	0	0	404	0	0	-0	0	0	0	0	-0	-0.044	0.002
182.2	NaN	1714	NaN	1192	0	-4	359	0	0	0	406	0	0	0	0	-0	0	0	0	-0.044	0.136
182.3	NaN	1699	NaN	1191	0	-4	361	0	0	0	406	0	-0	-0	0	0	0	0	-0	-0.041	0.303
182.4	NaN	1701	NaN	1190	0	-3	360	0	0	0	405	-0	-0	0	0	0	0	0	-0	-0.041	0.227
182.5	NaN	1702	NaN	1190	0	-2	362	0	0	0	404	0	-0	0	0	-0	0	0	0	-0.039	0.379
182.6	NaN	1704	NaN	1190	0	-3	361	0	0	0	405	-0	-0	0	-0	0	0	0	-0	-0.041	0.272
182.7	NaN	1696	NaN	1188	0	-1	361	0	0	0	404	-0	-0	0	0	0	0	0	0	-0.042	0.159
182.8	NaN	1697	NaN	1191	0	-1	361	0	0	0	406	-0	-0	0	-0	0	-0	0	-0	-0.042	0.168
182.9	NaN	1687	NaN	1189	0	-1	364	0	0	0	405	0	-0	-0	0	0	-0	0	0	-0.04	-0.035
183	NaN	1688	NaN	1189	0	-2	363	0	0	0	405	0	-0	-0	-0	0	0	0	0	-0.041	-0.05
183.1	NaN	1703	NaN	1188	0	-4	360	0	0	0	407	0	-0	-0	-0	0	0	0	0	-0.043	-0.126
183.2	NaN	1692	NaN	1190	0	-1	364	0	0	0	406	0	-0	0	0	0	0	-0	0	-0.043	-0.14
183.3	NaN	1687	NaN	1188	0	-2	361	0	0	0	406	-0	-0	-0	0	0	-0	0	-0	-0.039	0.033
183.4	NaN	1686	NaN	1187	0	-0	364	0	0	0	406	0	0	-0	0	0	-0	0	0	-0.039	0.027
183.5	NaN	1687	NaN	1188	0	-1	363	0	0	0	405	0	-0	-0	0	0	-0	0	-0	-0.036	0.116
183.6	NaN	1686	NaN	1187	0	-2	363	0	0	0	405	0	0	-0	1	-0	0	0	0	-0.035	0.226
183.7	NaN	1687	NaN	1187	0	-1	363	0	0	0	404	-0	-0	0	-0	0	-0	0	-1	-0.033	0.183
183.8	NaN	1692	NaN	1187	0	-1	362	0	0	0	404	0	-0	0	0	0	-0	0	0	-0.031	0.315
183.9	NaN	1694	NaN	1188	0	-1	364	0	0	0	407	0	0	0	0	0	0	0	0	-0.03	0.13
184	NaN	1700	NaN	1187	0	-3	360	0	0	0	406	0	-1	0	-0	0	-1	0	-1	-0.03	0.18
184.1	NaN	1689	NaN	1185	0	-2	362	0	0	0	405	0	-0	0	-0	0	-0	0	0	-0.034	0.112
184.2	NaN	1679	NaN	1186	0	-1	366	0	0	0	406	-0	0	0	0	0	0	0	0	-0.035	0.131
184.3	NaN	1682	NaN	1185	0	-1	363	0	0	0	406	-0	-0	0	-0	0	-0	0	-0	-0.038	0.1
184.4	NaN	1700	NaN	1186	0	-4	361	0	0	0	406	-0	-0	-0	0	0	0	0	0	-0.038	0.143
184.5	NaN	1699	NaN	1186	0	-3	359	0	0	0	405	0	0	-0	0	0	-0	-0	-0	-0.04	0.083
184.6	NaN	1686	NaN	1185	0	-4	362	0	0	0	405	0	0	-0	-0	0	-0	0	-0	-0.041	0.356
184.7	NaN	1685	NaN	1184	0	-1	363	0	0	0	405	0	-0	-0	-0	0	0	-0	-0	-0.048	0.077
184.8	NaN	1683	NaN	1186	0	-4	363	0	0	0	405	0	0	0	-0	0	0	-0	-0	-0.048	0.304
184.9	NaN	1696	NaN	1185	0	-1	359	0	0	0	405	-0	-0	-0	0	0	0	-0	0	-0.046	0.157
185	NaN	1684	NaN	1185	0	-0	362	0	0	0	406	-0	-0	0	-0	0	0	0	-0	-0.047	0.018
185.1	NaN	1691	NaN	1184	0	-2	359	0	0	0	405	0	0	-0	0	0	0	0	0	-0.049	0.023
185.2	NaN	1678	NaN	1183	0	-2	362	0	0	0	405	0	-0	-0	0	0	0	0	0	-0.051	-0.078
185.3	NaN	1679	NaN	1184	0	-2	362	0	0	0	406	0	-0	-0	-0	0	0	0	0	-0.05	-0.163
185.4	NaN	1674	NaN	1181	0	-0	362	0	0	0	405	0	0	0	-0	0	0	0	0	-0.05	-0.047
185.5	NaN	1680	NaN	1184	0	-1	362	0	0	0	406	0	-0	0	-0	0	0	0	-0	-0.049	-0.084
185.6	NaN	1681	NaN	1183	0	-2	363	0	0	0	407	0	-0	0	0	0	-0	0	-0	-0.05	0.122
185.7	NaN	1677	NaN	1180	0	-1	363	0	0	0	405	0	-0	-0	0	0	-0	0	-0	-0.048	0.141
185.8	NaN	1684	NaN	1181	0	-0	365	0	0	0	406	0	-0	-0	0	0	-0	0	-0	-0.048	0.245
185.9	NaN	1691	NaN	1182	0	-1	363	0	0	0	407	0	0	0	0	0	-0	0	0	-0.048	0.374
186	NaN	1668	NaN	1181	0	0	364	0	0	0	406	0	-0	0	0	0	-0	0	0	-0.05	0.205
186.1	NaN	1674	NaN	1183	0	-1	363	0	0	0	403	0	0	0	0	0	0	0	0	-0.047	0.267
186.2	NaN	1690	NaN	1182	0	-0	359	0	0	0	407	-0	0	0	0	0	0	0	0	-0.049	0.191
186.3	NaN	1672	NaN	1182	0	-2	363	0	0	0	405	0	-0	-0	0	0	0	0	0	-0.049	0.005
186.4	NaN	1683	NaN	1182	0	-0	362	0	0	0	405	0	-0	-0	-0	0	0	0	-0	-0.05	0.045
186.5	NaN	1665	NaN	1182	0	-1	362	0	0	0	406	0	-0	-0	0	0	0	0	0	-0.047	-0.083
186.6	NaN	1681	NaN	1183	0	-2	360	0	0	0	407	0	-0	0	-0	0	0	-0	-0	-0.049	-0.023
186.7	NaN	1675	NaN	1181	0	-1	364	0	0	0	406	-0	-0	0	-0	0	0	0	0	-0.048	0.019
186.8	NaN	1673	NaN	1177	0	-1	360	0	0	0	405	0	-0	0	-0	0	0	0	0	-0.049	0.021
186.9	NaN	1678	NaN	1180	0	-2	363	0	0	0	405	0	-0	0	0	-0	-0	0	-0	-0.043	0.204
187	NaN	1679	NaN	1181	0	-0	363	0	0	0	406	0	0	-0	0	0	-0	0	0	-0.044	0.077
187.1	NaN	1668	NaN	1178	0	-0	365	0	0	0	405	0	0	-0	0	0	0	0	0	-0.048	0.113
187.2	NaN	1678	NaN	1180	0	-3	360	0	0	0	406	0	0	0	0	0	-0	0	0	-0.05	0.16
187.3	NaN	1676	NaN	1178	0	-1	361	0	0	0	406	-0	0	-0	-0	0	-0	0	0	-0.042	0.072
187.4	NaN	1682	NaN	1179	0	-2	360	0	0	0	406	-0	0	0	-0	0	-0	0	0	-0.042	0.146
187.5	NaN	1679	NaN	1179	0	-2	360	0	0	0	406	0	0	0	0	0	-0	0	-0	-0.041	0.051
187.6	NaN	1675	NaN	1180	0	-1	362	0	0	0	407	-0	-0	-0	-0	0	-0	0	-0	-0.04	0.172
187.7	NaN	1676	NaN	1179	0	-2	361	0	0	0	405	0	-0	0	-0	0	0	0	0	-0.04	0.067
187.8	NaN	1665	NaN	1178	0	-0	362	0	0	0	406	0	-0	0	-0	-0	0	0	0	-0.04	0.118
187.9	NaN	1672	NaN	1179	0	-1	361	0	0	0	405	0	-0	-0	0	0	-0	0	-0	-0.04	0.251
188	NaN	1670	NaN	1178	0	-1	362	0	0	0	405	-0	-0	0	-0	0	-0	0	-0	-0.043	0.074
188.1	NaN	1668	NaN	1175	0	-1	362	0	0	0	406	0	0	0	0	0	0	0	0	-0.038	0.167
188.2	NaN	1666	NaN	1177	0	-2	361	0	0	0	407	0	0	-0	-0	0	-0	0	-0	-0.039	0.03
188.3	NaN	1662	NaN	1177	0	-1	362	0	0	0	405	0	0	-0	0	0	0	-0	0	-0.038	-0.037
188.4	NaN	1673	NaN	1177	0	-0	361	0	0	0	406	0	-0	-0	-0	0	0	0	-0	-0.041	0.062
188.5	NaN	1665	NaN	1177	0	-3	360	0	0	0	405	0	-0	0	-0	-0	0	0	-0	-0.048	-0.108
188.6	NaN	1674	NaN	1177	0	-3	360	0	0	0	404	0	-0	0	0	0	-0	-0	-0	-0.047	-0.012
188.7	NaN	1664	NaN	1176	0	-3	362	0	0	0	405	0	0	-0	0	0	0	0	-0	-0.046	0.094
188.8	NaN	1662	NaN	1176	0	-2	363	0	0	0	406	-0	0	0	-0	0	0	0	0	-0.046	0.193
188.9	NaN	1660	NaN	1175	0	0	364	0	0	0	407	-0	-0	-0	-0	0	0	0	-0	-0.046	0.36
189	NaN	1665	NaN	1176	0	-1	360	0	0	0	405	0	0	0	0	0	0	0	0	-0.047	0.254
189.1	NaN	1660	NaN	1175	0	-2	361	0	0	0	405	0	-0	-0	-0	-0	0	0	-0	-0.05	0.279
189.2	NaN	1672	NaN	1176	0	-3	361	0	0	0	405	0	0	-0	0	0	0	0	0	-0.05	0.153
189.3	NaN	1673	NaN	1174	0	-2	359	0	0	0	406	0	-0	0	0	0	0	-0	0	-0.052	0.07
189.4	NaN	1668	NaN	1174	0	-1	361	0	0	0	405	0	-0	-0	-0	0	-1	0	-0	-0.055	-0.015
189.5	NaN	1673	NaN	1175	0	-0	361	0	0	0	406	0	-0	0	0	0	-0	0	-0	-0.054	-0.198
189.6	NaN	1670	NaN	1174	0	-0	363	0	0	0	405	0	0	0	0	0	-0	0	0	-0.054	-0.056
189.7	NaN	1666	NaN	1175	0	-3	363	0	0	0	405	0	0	0	-0	0	-0	0	-0	-0.055	-0.005
189.8	NaN	1653	NaN	1175	0	-0	361	0	0	0	405	0	0	0	-0	0	-0	0	0	-0.056	0.041
189.9	NaN	1657	NaN	1175	0	-3	359	0	0	0	404	0	0	-0	0	0	0	0	0	-0.045	0.263
190	NaN	1672	NaN	1175	0	-0	362	0	0	0	406	0	-0	-0	-0	0	0	0	-0	-0.047	0.254
190.1	NaN	1665	NaN	1174	0	-1	362	0	0	0	403	-0	-0	-0	0	0	0	0	0	-0.044	0.311
190.2	NaN	1668	NaN	1174	0	0	362	0	0	0	406	-0	0	-0	0	0	0	0	0	-0.044	0.251
190.3	NaN	1648	NaN	1173	0	-0	363	0	0	0	405	0	-1	0	0	0	-0	0	-0	-0.046	0.209
190.4	NaN	1658	NaN	1172	0	-2	360	0	0	0	405	0	-0	0	-0	0	-0	0	-0	-0.045	0.1
190.5	NaN	1648	NaN	1173	0	-1	364	0	0	0	407	-0	0	-0	0	0	-0	0	0	-0.046	-0.08
190.6	NaN	1653	NaN	1171	0	-3	362	0	0	0	405	-0	-0	-0	0	0	-0	0	-0	-0.048	-0.027
190.7	NaN	1668	NaN	1173	0	-3	359	0	0	0	406	0	0	-0	0	0	-0	0	-0	-0.048	-0.153
190.8	NaN	1654	NaN	1172	0	0	360	0	0	0	406	-0	0	-0	0	-0	-0	0	0	-0.048	0.036
190.9	NaN	1655	NaN	1170	0	-1	362	0	0	0	405	-0	0	0	-0	0	-0	0	-0	-0.046	0.104
191	NaN	1655	NaN	1172	0	-0	361	0	0	0	406	0	-0	-0	0	0	0	0	-0	-0.047	0.103
191.1	NaN	1649	NaN	1171	0	-0	364	0	0	0	406	0	0	0	0	0	1	-0	0	-0.046	0.241
191.2	NaN	1652	NaN	1173	0	-2	363	0	0	0	406	-0	-0	-0	-0	0	-0	0	-0	-0.049	0.245
191.3	NaN	1657	NaN	1172	0	-3	361	0	0	0	406	-0	-0	-0	-0	0	0	0	-0	-0.046	0.143
191.4	NaN	1657	NaN	1171	0	-2	363	0	0	0	405	0	-0	-0	0	0	0	0	-0	-0.046	0.141
191.5	NaN	1649	NaN	1170	0	-1	362	0	0	0	404	0	0	0	-0	0	0	0	0	-0.043	0.057
191.6	NaN	1650	NaN	1170	0	-3	363	0	0	0	403	0	-0	0	-0	0	-0	0	-0	-0.044	0.115
191.7	NaN	1645	NaN	1171	0	-2	363	0	0	0	406	0	0	0	-0	0	-0	0	-0	-0.043	-0.019
191.8	NaN	1651	NaN	1171	0	-0	360	0	0	0	406	0	-0	-0	0	0	-0	0	0	-0.044	0.137
191.9	NaN	1654	NaN	1170	0	-1	362	0	0	0	407	-0	0	-0	0	0	-0	0	0	-0.042	0.079
192	NaN	1638	NaN	1171	0	0	365	0	0	0	406	0	0	0	-0	0	-0	0	0	-0.042	0.093
192.1	NaN	1652	NaN	1172	0	-1	360	0	0	0	405	-0	0	0	-0	0	-0	0	0	-0.041	0.178
192.2	NaN	1660	NaN	1168	0	-3	359	0	0	0	407	0	0	0	0	0	-0	0	0	-0.042	0.054
192.3	NaN	1653	NaN	1168	0	-2	361	0	0	0	406	0	0	-0	0	0	0	0	0	-0.042	0.166
192.4	NaN	1654	NaN	1169	0	-3	359	0	0	0	406	0	-0	0	-0	0	0	0	0	-0.042	0.096
192.5	NaN	1643	NaN	1170	0	-0	364	0	0	0	406	0	-0	-0	-0	0	-0	-0	-0	-0.044	0.111
192.6	NaN	1640	NaN	1169	0	-1	362	0	0	0	404	-0	0	-0	0	-0	0	0	0	-0.043	0.092
192.7	NaN	1653	NaN	1167	0	-2	360	0	0	0	406	0	-0	0	-0	-0	-0	0	-0	-0.045	0.043
192.8	NaN	1655	NaN	1169	0	-3	360	0	0	0	405	0	-0	-0	-0	0	0	0	-0	-0.045	0.114
192.9	NaN	1642	NaN	1166	0	-2	362	0	0	0	405	0	0	0	0	0	0	0	0	-0.047	0.036
193	NaN	1646	NaN	1167	0	-1	362	0	0	0	406	-0	-0	0	0	0	-0	0	0	-0.047	0.151
193.1	NaN	1655	NaN	1167	0	-2	361	0	0	0	407	-0	0	0	0	0	0	-0	0	-0.042	0.135
193.2	NaN	1648	NaN	1169	0	-0	362	0	0	0	406	0	-0	-0	0	0	0	0	-0	-0.043	0.111
193.3	NaN	1638	NaN	1166	0	-3	362	0	0	0	405	0	0	-0	0	0	-0	-0	0	-0.04	0.205
193.4	NaN	1652	NaN	1165	0	-2	361	0	0	0	406	0	-0	0	-0	0	-0	0	-0	-0.042	0.043
193.5	NaN	1646	NaN	1167	0	-2	360	0	0	0	406	0	0	-0	0	0	0	0	0	-0.043	0.177
193.6	NaN	1640	NaN	1167	0	-3	362	0	0	0	407	0	-0	0	-0	0	-0	0	-0	-0.045	0.054
193.7	NaN	1655	NaN	1166	0	-3	360	0	0	0	406	0	0	-0	-0	0	0	0	0	-0.041	0.034
193.8	NaN	1637	NaN	1166	0	-1	362	0	0	0	406	0	0	-0	0	0	0	0	0	-0.041	0.139
193.9	NaN	1644	NaN	1166	0	0	364	0	0	0	405	0	-0	-0	-0	0	-0	0	-0	-0.042	-0.008
194	NaN	1635	NaN	1166	0	0	364	0	0	0	406	-0	0	0	0	-0	0	0	-0	-0.04	0.099
194.1	NaN	1635	NaN	1165	0	0	364	0	0	0	406	0	-0	-0	0	0	0	0	0	-0.039	0.085
194.2	NaN	1643	NaN	1164	0	-0	361	0	0	0	406	0	-0	-0	-0	0	0	0	-0	-0.04	0.128
194.3	NaN	1636	NaN	1164	0	0	363	0	0	0	406	0	-0	-0	0	0	-0	0	-0	-0.041	0.122
194.4	NaN	1641	NaN	1165	0	-2	364	0	0	0	406	-0	0	0	-0	0	0	0	0	-0.041	0.041
194.5	NaN	1633	NaN	1164	0	-0	361	0	0	0	405	0	0	0	-0	0	-0	0	0	-0.041	0.201
194.6	NaN	1625	NaN	1164	0	-0	364	0	0	0	403	0	0	-0	-0	0	-0	-0	0	-0.042	0.105
194.7	NaN	1634	NaN	1164	0	-3	361	0	0	0	405	0	-0	0	-0	0	-0	0	-0	-0.044	0.122
194.8	NaN	1637	NaN	1164	0	-0	361	0	0	0	406	0	-0	-0	-0	0	-0	0	-0	-0.045	0.016
194.9	NaN	1631	NaN	1163	0	-3	359	0	0	0	405	-0	0	0	-0	0	0	0	-0	-0.04	0.111
195	NaN	1643	NaN	1163	0	0	359	0	0	0	406	0	0	0	0	0	-0	0	-0	-0.041	0.098
195.1	NaN	1625	NaN	1164	0	0	364	0	0	0	406	0	-0	-0	0	0	0	0	0	-0.043	0.046
195.2	NaN	1633	NaN	1161	0	-1	363	0	0	0	406	0	0	0	-0	0	0	0	-0	-0.044	0.154
195.3	NaN	1627	NaN	1163	0	-1	362	0	0	0	405	0	-0	-0	0	0	0	0	-0	-0.042	0.149
195.4	NaN	1627	NaN	1162	0	0	362	0	0	0	406	0	-0	-0	-0	0	-0	0	-0	-0.043	0.163
195.5	NaN	1641	NaN	1161	0	-1	361	0	0	0	405	-0	0	0	-0	-0	0	0	-0	-0.045	0.186
195.6	NaN	1628	NaN	1162	0	-0	362	0	0	0	406	-0	-0	-0	-0	0	0	-0	0	-0.046	0.106
195.7	NaN	1642	NaN	1161	0	-3	359	0	0	0	405	0	-0	-0	-0	0	-0	0	-0	-0.05	0.142
195.8	NaN	1630	NaN	1160	0	-0	363	0	0	0	406	-0	-0	-0	-0	0	0	0	0	-0.051	-0.06
195.9	NaN	1637	NaN	1162	0	-0	365	0	0	0	406	-0	0	0	0	0	0	0	0	-0.049	0.112
196	NaN	1629	NaN	1159	0	-2	361	0	0	0	406	-0	-0	-0	-0	0	0	-0	0	-0.05	-0.048
196.1	NaN	1632	NaN	1159	0	-1	364	0	0	0	404	0	0	0	0	0	0	0	0	-0.048	0.098
196.2	NaN	1629	NaN	1158	0	-3	360	0	0	0	407	0	0	-0	0	0	-0	0	0	-0.049	0.116
196.3	NaN	1631	NaN	1159	0	-1	361	0	0	0	406	0	0	0	-0	0	-0	0	0	-0.052	0.081
196.4	NaN	1643	NaN	1159	0	0	364	0	0	0	404	-0	0	0	0	0	0	0	0	-0.052	0.208
196.5	NaN	1624	NaN	1158	0	-3	359	0	0	0	406	0	0	0	-0	0	-0	0	-0	-0.044	0.114
196.6	NaN	1629	NaN	1159	0	0	362	0	0	0	406	0	0	0	0	0	0	0	-0	-0.044	0.199
196.7	NaN	1632	NaN	1160	0	-3	360	0	0	0	406	-0	0	-0	0	0	0	0	0	-0.05	0.15
196.8	NaN	1632	NaN	1161	0	-2	361	0	0	0	407	0	0	-0	0	0	0	0	0	-0.05	0.136
196.9	NaN	1640	NaN	1161	0	-2	359	0	0	0	406	0	-0	0	-0	0	-0	0	0	-0.051	0.069
197	NaN	1629	NaN	1160	0	-2	362	0	0	0	405	0	0	0	0	0	0	0	0	-0.05	-0.027
197.1	NaN	1624	NaN	1160	0	0	362	0	0	0	406	-0	-0	0	-0	0	-0	0	-0	-0.052	0.086
197.2	NaN	1617	NaN	1161	0	1	363	0	0	0	407	0	-0	0	-0	0	-0	0	0	-0.052	-0.054
197.3	NaN	1630	NaN	1160	0	0	363	0	0	0	406	0	0	-0	-0	0	0	-0	-0	-0.048	0.065
197.4	NaN	1631	NaN	1162	0	-2	360	0	0	0	405	-0	-0	-0	0	0	-0	0	-0	-0.05	0.122
197.5	NaN	1625	NaN	1161	0	-3	361	0	0	0	405	0	-0	0	-0	0	-0	0	-0	-0.05	0.223
197.6	NaN	1621	NaN	1158	0	-2	362	0	0	0	406	0	0	0	0	0	0	0	0	-0.05	0.164
197.7	NaN	1614	NaN	1158	0	-2	362	0	0	0	404	0	0	-0	0	0	-0	0	-0	-0.053	0.169
197.8	NaN	1617	NaN	1157	0	-2	363	0	0	0	406	-0	0	-0	0	0	0	0	-0	-0.054	0.073
197.9	NaN	1623	NaN	1155	0	-3	361	0	0	0	406	-0	0	0	0	0	0	0	0	-0.052	0.004
198	NaN	1624	NaN	1158	0	-1	361	0	0	0	405	-0	-0	-0	0	0	-0	0	-0	-0.054	0.075
198.1	NaN	1615	NaN	1157	0	-1	358	0	0	0	406	0	0	-0	0	0	0	0	0	-0.046	-0.13
198.2	NaN	1630	NaN	1156	0	-3	357	0	0	0	406	-0	-0	-0	0	0	0	0	-0	-0.047	0.09
198.3	NaN	1611	NaN	1155	0	-0	362	0	0	0	405	0	0	-0	0	0	0	0	-0	-0.044	-0.045
198.4	NaN	1623	NaN	1153	0	-2	360	0	0	0	405	-0	0	-0	-0	0	0	0	-0	-0.043	0.042
198.5	NaN	1623	NaN	1153	0	-2	360	0	0	0	405	0	0	-0	-0	0	-0	0	-0	-0.042	0.125
198.6	NaN	1623	NaN	1154	0	-1	361	0	0	0	405	0	-0	0	-0	0	0	0	0	-0.042	0.142
198.7	NaN	1612	NaN	1153	0	-1	361	0	0	0	405	0	-0	0	0	0	0	0	0	-0.039	0.294
198.8	NaN	1618	NaN	1151	0	0	363	0	0	0	405	0	-0	0	-0	0	0	0	0	-0.041	0.224
198.9	NaN	1610	NaN	1151	0	-1	360	0	0	0	406	-0	-0	-0	0	0	0	0	0	-0.037	0.286
199	NaN	1622	NaN	1152	0	-0	364	0	0	0	406	0	-0	0	0	0	-0	0	-0	-0.038	0.148
199.1	NaN	1618	NaN	1152	0	-3	362	0	0	0	405	0	-0	-0	0	0	0	0	0	-0.034	0.138
199.2	NaN	1611	NaN	1152	0	-0	362	0	0	0	405	0	0	-0	0	0	-0	0	0	-0.034	0.047
199.3	NaN	1613	NaN	1152	0	-2	363	0	0	0	405	0	0	-0	0	0	-0	0	-0	-0.035	-0.098
199.4	NaN	1624	NaN	1150	0	-3	360	0	0	0	406	0	-0	-0	-0	0	-0	0	-0	-0.035	-0.096
199.5	NaN	1613	NaN	1150	0	0	362	0	0	0	406	0	0	-0	0	0	-0	0	-0	-0.035	-0.134
199.6	NaN	1623	NaN	1151	0	-3	360	0	0	0	405	0	-0	0	-0	0	-0	0	-0	-0.037	-0.026
199.7	NaN	1614	NaN	1150	0	-1	361	0	0	0	406	0	-0	0	-0	0	-0	0	-0	-0.035	-0.002
199.8	NaN	1604	NaN	1150	0	-0	362	0	0	0	406	0	0	0	0	0	0	0	0	-0.035	0.153
199.9	NaN	1612	NaN	1151	0	-1	361	0	0	0	406	0	0	-0	0	0	0	0	0	-0.037	0.35
200	NaN	1608	NaN	1150	0	0	363	0	0	0	405	0	-0	-0	-0	0	0	0	0	-0.037	0.285
200.1	NaN	1610	NaN	1149	0	-1	360	0	0	0	406	0	-0	0	0	0	0	0	0	-0.039	0.358
200.2	NaN	1610	NaN	1148	0	-3	361	0	0	0	406	0	-0	0	0	0	0	0	-0	-0.041	0.118
200.3	NaN	1611	NaN	1151	0	0	361	0	0	0	406	0	-0	0	0	-0	0	0	-0	-0.04	0.148
200.4	NaN	1603	NaN	1151	0	0	363	0	0	0	405	0	0	0	0	0	0	0	-0	-0.042	-0.043
200.5	NaN	1612	NaN	1149	0	-2	362	0	0	0	403	0	0	0	0	-0	-0	0	-0	-0.044	-0.103
200.6	NaN	1612	NaN	1148	0	-3	361	0	0	0	404	-0	0	0	0	0	-0	0	0	-0.043	-0.062
200.7	NaN	1600	NaN	1148	0	-0	362	0	0	0	406	0	0	-0	-0	-0	-0	0	-0	-0.045	-0.1
200.8	NaN	1604	NaN	1148	0	-3	363	0	0	0	405	0	0	-0	0	0	-0	0	-0	-0.046	0.041
200.9	NaN	1613	NaN	1148	0	-1	361	0	0	0	405	0	0	-0	0	0	0	0	0	-0.046	0.073
201	NaN	1601	NaN	1148	0	-1	364	0	0	0	406	-0	-0	-0	-0	0	0	0	-0	-0.047	0.223
201.1	NaN	1605	NaN	1148	0	-0	362	0	0	0	405	0	-0	-0	-0	0	0	-0	0	-0.046	0.26
201.2	NaN	1603	NaN	1147	0	-0	364	0	0	0	405	0	-0	-0	-0	-0	0	0	0	-0.047	0.225
201.3	NaN	1601	NaN	1148	0	-3	362	0	0	0	405	0	-0	-0	-0	0	0	0	-0	-0.048	0.201
201.4	NaN	1596	NaN	1147	0	-0	364	0	0	0	405	0	0	0	0	0	0	0	-0	-0.048	0.033
201.5	NaN	1606	NaN	1148	0	-2	360	0	0	0	406	0	-0	0	-0	0	-0	0	-0	-0.05	0.064
201.6	NaN	1601	NaN	1145	0	-1	362	0	0	0	404	0	0	-0	-0	0	0	0	-0	-0.05	-0.037
201.7	NaN	1597	NaN	1146	0	-3	362	0	0	0	404	0	0	-0	0	0	-0	-0	-0	-0.047	-0.035
201.8	NaN	1602	NaN	1145	0	0	362	0	0	0	406	-0	0	-0	-0	0	-0	0	-0	-0.048	0.101
201.9	NaN	1607	NaN	1146	0	-3	360	0	0	0	407	0	-0	0	0	0	-0	0	0	-0.048	0.023
202	NaN	1604	NaN	1145	0	-1	362	0	0	0	405	0	0	-0	0	0	0	0	-0	-0.048	0.205
202.1	NaN	1599	NaN	1144	0	-1	362	0	0	0	406	0	-0	0	-0	0	-0	0	0	-0.046	0.096
202.2	NaN	1609	NaN	1147	0	-3	359	0	0	0	406	0	-0	0	-0	-0	0	0	-0	-0.047	0.214
202.3	NaN	1591	NaN	1145	0	-1	360	0	0	0	406	0	0	0	0	-0	0	0	-0	-0.043	0.125
202.4	NaN	1599	NaN	1146	0	-3	362	0	0	0	406	0	-0	-0	0	-0	0	0	0	-0.043	0.103
202.5	NaN	1596	NaN	1146	0	-2	361	0	0	0	405	0	0	-0	0	0	0	0	-0	-0.043	0.097
202.6	NaN	1609	NaN	1145	0	-3	360	0	0	0	405	-0	-0	0	-0	0	-0	0	-0	-0.043	0.003
202.7	NaN	1587	NaN	1144	0	-1	363	0	0	0	406	0	-0	-0	-0	0	-0	0	-0	-0.043	0.038
202.8	NaN	1602	NaN	1145	0	-1	361	0	0	0	406	0	-0	0	-0	0	-0	-0	-0	-0.044	-0.018
202.9	NaN	1601	NaN	1142	0	-0	362	0	0	0	405	0	0	-0	0	0	0	0	0	-0.04	0.027
203	NaN	1603	NaN	1146	0	-2	359	0	0	0	406	0	0	0	-0	0	0	0	-0	-0.041	0.137
203.1	NaN	1592	NaN	1144	0	-1	364	0	0	0	407	0	-0	-0	-0	-0	-0	0	-0	-0.041	0.096
203.2	NaN	1591	NaN	1145	0	0	363	0	0	0	405	0	-0	0	-0	-0	-0	0	-1	-0.042	0.235
203.3	NaN	1600	NaN	1145	0	-0	364	0	0	0	405	0	-0	-0	-0	0	-0	-0	0	-0.041	0.17
203.4	NaN	1586	NaN	1144	0	-0	361	0	0	0	407	0	0	-0	-0	0	0	-0	0	-0.041	0.225
203.5	NaN	1594	NaN	1145	0	-0	362	0	0	0	406	0	0	0	-0	0	0	0	0	-0.048	0.063
203.6	NaN	1594	NaN	1143	0	-3	363	0	0	0	405	0	-0	0	-0	0	0	0	0	-0.047	0.111
203.7	NaN	1596	NaN	1144	0	-1	364	0	0	0	406	0	0	0	-0	0	-0	-0	0	-0.047	0.045
203.8	NaN	1585	NaN	1143	0	-3	361	0	0	0	407	-0	-0	0	-0	0	-0	0	-0	-0.048	-0.049
203.9	NaN	1598	NaN	1143	0	-1	364	0	0	0	406	-0	0	0	0	0	0	0	0	-0.043	0.067
204	NaN	1588	NaN	1140	0	-1	363	0	0	0	405	0	-0	-0	-0	0	-0	0	-0	-0.045	0.041
204.1	NaN	1588	NaN	1140	0	-3	364	0	0	0	406	0	0	0	0	0	-0	0	0	-0.045	0.103
204.2	NaN	1594	NaN	1142	0	-1	364	0	0	0	406	-0	0	-0	0	0	-0	0	-0	-0.047	0.137
204.3	NaN	1594	NaN	1142	0	-0	362	0	0	0	406	0	0	-0	-0	-0	0	0	0	-0.052	0.152
204.4	NaN	1590	NaN	1141	0	-0	363	0	0	0	403	0	0	-0	-0	0	0	0	-0	-0.053	0.233
204.5	NaN	1589	NaN	1140	0	-2	363	0	0	0	404	0	0	-0	0	-0	0	0	-0	-0.044	0.099
204.6	NaN	1590	NaN	1141	0	-2	363	0	0	0	405	0	-0	-0	-0	-0	-0	0	-0	-0.045	0.213
204.7	NaN	1591	NaN	1141	0	-2	361	0	0	0	406	0	-0	0	-0	0	0	-0	-0	-0.045	-0.024
204.8	NaN	1579	NaN	1141	0	-0	363	0	0	0	406	0	0	0	0	0	0	0	0	-0.043	0.101
204.9	NaN	1586	NaN	1142	0	-1	361	0	0	0	406	-0	-0	0	0	0	0	0	0	-0.048	0.02
205	NaN	1592	NaN	1141	0	-0	362	0	0	0	406	0	0	0	0	-0	-0	-0	0	-0.048	0.019
205.1	NaN	1591	NaN	1141	0	-2	363	0	0	0	405	-0	0	0	0	0	-0	0	0	-0.045	0.07
205.2	NaN	1595	NaN	1140	0	-2	360	0	0	0	406	0	0	-0	0	0	-0	0	-0	-0.046	0.033
205.3	NaN	1595	NaN	1139	0	-3	360	0	0	0	406	0	-0	-0	-0	0	-0	-0	-0	-0.043	0.129
205.4	NaN	1585	NaN	1138	0	-3	361	0	0	0	405	0	0	0	0	0	0	0	-0	-0.043	0.126
205.5	NaN	1588	NaN	1139	0	-2	361	0	0	0	406	0	0	0	-0	0	-0	0	-0	-0.045	0.248
205.6	NaN	1597	NaN	1138	0	-2	362	0	0	0	405	0	0	0	0	0	0	0	0	-0.045	0.202
205.7	NaN	1585	NaN	1140	0	-3	359	0	0	0	407	-0	0	0	0	-0	0	0	0	-0.04	0.084
205.8	NaN	1589	NaN	1138	0	-2	359	0	0	0	406	0	0	-0	0	0	0	0	1	-0.04	0.107
205.9	NaN	1588	NaN	1137	0	-1	362	0	0	0	405	0	-0	-0	-0	0	0	0	-0	-0.042	0.001
206	NaN	1584	NaN	1139	0	-2	362	0	0	0	405	0	0	-0	0	0	-0	0	0	-0.042	0.057
206.1	NaN	1582	NaN	1139	0	-1	364	0	0	0	405	-0	-0	-0	0	0	0	-0	-0	-0.042	-0.022
206.2	NaN	1588	NaN	1138	0	-1	362	0	0	0	407	0	-0	0	-0	0	-0	0	-0	-0.042	0.123
206.3	NaN	1584	NaN	1137	0	-3	363	0	0	0	406	0	-0	-0	0	0	-0	0	0	-0.043	0.119
206.4	NaN	1579	NaN	1138	0	-1	361	0	0	0	406	-0	-0	-0	0	0	0	0	-0	-0.043	0.144
206.5	NaN	1586	NaN	1136	0	-1	361	0	0	0	405	0	-0	0	-0	0	-0	0	-0	-0.044	0.147
206.6	NaN	1579	NaN	1137	0	0	362	0	0	0	406	0	0	0	0	0	-0	0	0	-0.044	0.117
206.7	NaN	1578	NaN	1138	0	-1	362	0	0	0	406	0	0	-0	-0	0	-0	0	-0	-0.043	0.194
206.8	NaN	1581	NaN	1137	0	-0	362	0	0	0	407	0	-0	-0	-0	0	0	0	0	-0.045	0.069
206.9	NaN	1583	NaN	1134	0	-3	361	0	0	0	404	0	-0	0	-0	0	-0	0	-0	-0.044	0.068
207	NaN	1581	NaN	1136	0	-2	362	0	0	0	406	0	-0	-0	-0	0	0	0	0	-0.043	0.066
207.1	NaN	1574	NaN	1134	0	-3	363	0	0	0	406	-0	-0	-0	-0	-0	-0	0	-0	-0.046	0.019
207.2	NaN	1583	NaN	1135	0	-1	361	0	0	0	405	0	-0	-0	-0	0	-0	0	-0	-0.046	0.111
207.3	NaN	1583	NaN	1136	0	-0	362	0	0	0	406	-0	0	-0	0	0	-0	0	0	-0.035	-0.001
207.4	NaN	1582	NaN	1136	0	-3	361	0	0	0	406	0	-0	-0	-0	-0	-0	0	-0	-0.037	0.217
207.5	NaN	1569	NaN	1137	0	-0	364	0	0	0	406	0	-0	0	-0	-0	0	0	-0	-0.041	-0.007
207.6	NaN	1574	NaN	1135	0	-3	362	0	0	0	406	-0	-0	0	-1	0	-0	0	-1	-0.04	0.264
207.7	NaN	1584	NaN	1136	0	-0	360	0	0	0	406	0	0	-0	-0	0	0	0	-0	-0.041	0.159
207.8	NaN	1581	NaN	1135	0	-2	363	0	0	0	407	0	0	-0	0	0	0	0	0	-0.042	0.145
207.9	NaN	1573	NaN	1134	0	-1	362	0	0	0	406	0	0	-0	0	0	0	0	0	-0.035	0.101
208	NaN	1584	NaN	1134	0	-3	360	0	0	0	405	0	-0	0	0	-0	0	-0	0	-0.035	0.01
208.1	NaN	1581	NaN	1135	0	-1	360	0	0	0	405	0	-0	0	-0	0	0	0	-0	-0.031	0
208.2	NaN	1578	NaN	1135	0	-1	361	0	0	0	406	0	0	0	0	0	0	0	0	-0.03	0.046
208.3	NaN	1570	NaN	1134	0	0	362	0	0	0	406	-0	-0	0	-0	-0	-0	0	-0	-0.031	0.019
208.4	NaN	1561	NaN	1133	0	-2	364	0	0	0	406	0	-0	-0	-0	-0	-0	0	-0	-0.03	0.077
208.5	NaN	1575	NaN	1132	0	-1	361	0	0	0	406	0	0	-0	0	0	-0	0	-0	-0.029	0.083
208.6	NaN	1566	NaN	1134	0	-2	362	0	0	0	406	0	-0	-0	-0	0	-0	0	-0	-0.031	0.217
208.7	NaN	1571	NaN	1132	0	-1	360	0	0	0	406	0	0	0	-0	-0	0	-0	0	-0.029	0.189
208.8	NaN	1574	NaN	1134	0	-3	361	0	0	0	406	0	0	-0	-0	-0	-0	0	-0	-0.031	0.148
208.9	NaN	1572	NaN	1132	0	-0	361	0	0	0	405	-0	0	0	-0	-0	-0	0	-0	-0.031	0.009
209	NaN	1563	NaN	1133	0	-0	363	0	0	0	406	0	-0	0	-0	0	-0	0	0	-0.032	0.077
209.1	NaN	1574	NaN	1131	0	-3	363	0	0	0	407	-0	-0	0	-0	0	0	0	-0	-0.036	0.009
209.2	NaN	1573	NaN	1132	0	-2	363	0	0	0	406	0	0	-0	0	0	0	-0	0	-0.036	0.053
209.3	NaN	1565	NaN	1131	0	-1	365	0	0	0	406	0	0	0	0	-0	0	0	0	-0.032	0.122
209.4	NaN	1573	NaN	1131	0	-1	362	0	0	0	405	0	0	-0	-0	-0	0	0	0	-0.032	0.129
209.5	NaN	1563	NaN	1131	0	-0	362	0	0	0	405	0	-0	0	0	0	0	-0	0	-0.032	0.201
209.6	NaN	1578	NaN	1132	0	-3	364	0	0	0	405	-0	0	0	0	0	0	0	0	-0.032	0.12
209.7	NaN	1564	NaN	1132	0	-1	364	0	0	0	406	-0	-0	-0	0	0	-0	-0	0	-0.032	0.117
209.8	NaN	1559	NaN	1131	0	-2	361	0	0	0	406	0	-0	0	0	0	-0	0	-0	-0.032	0.095
209.9	NaN	1563	NaN	1130	0	-0	363	0	0	0	405	-0	-0	0	0	-0	-0	0	0	-0.03	0.014
210	NaN	1564	NaN	1132	0	0	361	0	0	0	406	-0	0	-0	0	0	-0	-0	0	-0.031	0.107
210.1	NaN	1568	NaN	1131	0	0	362	0	0	0	405	0	-0	0	-0	0	0	0	-0	-0.032	0.013
210.2	NaN	1571	NaN	1129	0	-3	361	0	0	0	405	0	0	-0	-0	0	0	0	-0	-0.032	0.147
210.3	NaN	1554	NaN	1131	0	0	362	0	0	0	407	0	0	-0	-0	0	-0	0	-0	-0.034	0.104
210.4	NaN	1559	NaN	1129	0	0	361	0	0	0	405	0	0	-0	-0	0	-0	0	0	-0.033	0.175
210.5	NaN	1559	NaN	1130	0	-2	362	0	0	0	407	-0	0	-0	-0	-0	0	-0	0	-0.032	0.172
210.6	NaN	1567	NaN	1130	0	-3	362	0	0	0	405	-0	-0	-0	-0	0	-0	0	-0	-0.034	0.11
210.7	NaN	1554	NaN	1130	0	0	364	0	0	0	406	0	0	-0	0	-0	0	0	0	-0.03	0.155
210.8	NaN	1556	NaN	1130	0	-2	361	0	0	0	405	0	-0	-0	-0	0	-0	0	-0	-0.031	0.064
210.9	NaN	1561	NaN	1127	0	0	363	0	0	0	404	-0	0	0	-0	0	-0	0	0	-0.028	0.13
211	NaN	1559	NaN	1128	0	-2	362	0	0	0	407	-0	-0	0	-0	0	-0	0	-0	-0.029	0.003
211.1	NaN	1565	NaN	1128	0	-2	360	0	0	0	406	-0	-0	-0	0	0	-0	0	0	-0.028	-0.028
211.2	NaN	1550	NaN	1128	0	-3	361	0	0	0	407	0	-0	-0	0	0	-0	0	0	-0.028	0.057
211.3	NaN	1559	NaN	1129	0	-4	360	0	0	0	405	0	0	-0	-0	0	-0	0	0	-0.03	0.002
211.4	NaN	1557	NaN	1127	0	0	362	0	0	0	406	0	0	0	-0	0	0	0	0	-0.03	0.215
211.5	NaN	1569	NaN	1127	0	-3	360	0	0	0	406	0	0	-0	0	0	0	0	0	-0.03	0.114
211.6	NaN	1558	NaN	1129	0	0	362	0	0	0	405	0	-0	0	-0	0	0	0	0	-0.029	0.236
211.7	NaN	1562	NaN	1128	0	-0	362	0	0	0	405	-0	-0	0	0	0	0	0	0	-0.03	0.183
211.8	NaN	1562	NaN	1126	0	-0	364	0	0	0	406	0	-0	-0	0	0	-0	0	-0	-0.031	0.142
211.9	NaN	1560	NaN	1126	0	-2	361	0	0	0	406	0	-0	-0	0	0	0	0	0	-0.031	0.14
212	NaN	1552	NaN	1127	0	0	362	0	0	0	405	0	-0	-0	-0	-0	-0	-0	0	-0.031	0.01
212.1	NaN	1556	NaN	1126	0	-2	360	0	0	0	405	0	-0	-0	-0	0	-0	-0	-0	-0.033	0.057
212.2	NaN	1555	NaN	1126	0	-1	362	0	0	0	406	0	0	-0	-0	0	-0	0	-0	-0.034	-0.004
212.3	NaN	1564	NaN	1126	0	-1	363	0	0	0	406	-0	0	0	0	0	-0	0	-0	-0.032	0.05
212.4	NaN	1553	NaN	1124	0	-0	361	0	0	0	405	0	0	0	-0	0	0	0	-0	-0.031	0.151
212.5	NaN	1555	NaN	1125	0	-2	362	0	0	0	405	0	-0	0	-0	-0	0	0	0	-0.031	0.072
212.6	NaN	1556	NaN	1126	0	-1	360	0	0	0	407	-0	0	0	0	0	0	0	0	-0.029	0.241
212.7	NaN	1549	NaN	1125	0	-1	363	0	0	0	404	0	-0	-0	0	0	-0	0	0	-0.03	0.17
212.8	NaN	1561	NaN	1125	0	-0	362	0	0	0	405	0	-0	0	-0	0	0	0	0	-0.03	0.19
212.9	NaN	1548	NaN	1124	0	-0	364	0	0	0	405	0	-0	-0	-0	-0	0	0	-0	-0.031	0.058
213	NaN	1551	NaN	1126	0	-1	362	0	0	0	406	0	0	0	0	0	-0	0	0	-0.032	0.07
213.1	NaN	1550	NaN	1126	0	-0	362	0	0	0	406	-0	-0	-0	-0	0	-0	0	-0	-0.034	0.056
213.2	NaN	1542	NaN	1125	0	-3	361	0	0	0	405	0	0	0	0	0	-0	0	0	-0.033	-0.002
213.3	NaN	1551	NaN	1124	0	-2	362	0	0	0	406	0	0	0	-0	0	0	-0	0	-0.031	0.082
213.4	NaN	1555	NaN	1124	0	-2	360	0	0	0	406	0	0	0	-0	0	0	0	-0	-0.032	0.064
213.5	NaN	1552	NaN	1124	0	-2	362	0	0	0	406	0	0	-0	0	0	0	0	-0	-0.029	0.147
213.6	NaN	1545	NaN	1126	0	-2	359	0	0	0	407	-0	-0	0	-0	-0	0	0	-0	-0.029	0.158
213.7	NaN	1549	NaN	1125	0	-0	362	0	0	0	404	0	-0	-0	-0	0	0	-0	0	-0.03	0.124
213.8	NaN	1542	NaN	1122	0	-0	360	0	0	0	405	0	-0	-0	-0	-0	0	0	-0	-0.031	0.183
213.9	NaN	1545	NaN	1124	0	-0	363	0	0	0	406	0	-0	0	0	0	0	0	-0	-0.031	0.048
214	NaN	1546	NaN	1123	0	-2	361	0	0	0	406	0	-0	-0	-0	0	-0	0	-0	-0.031	0.148
214.1	NaN	1551	NaN	1121	0	-3	362	0	0	0	405	0	-0	0	0	-0	-0	0	-0	-0.032	-0.005
214.2	NaN	1538	NaN	1123	0	-2	363	0	0	0	406	-0	0	0	0	0	-0	0	0	-0.032	0.029
214.3	NaN	1551	NaN	1123	0	-2	361	0	0	0	407	-0	0	-0	-0	0	-0	0	0	-0.03	0.037
214.4	NaN	1541	NaN	1122	0	-0	361	0	0	0	405	0	0	0	0	0	-0	0	-0	-0.031	0.036
214.5	NaN	1550	NaN	1122	0	-0	361	0	0	0	405	-0	-0	0	0	0	0	0	0	-0.033	0.182
214.6	NaN	1544	NaN	1123	0	-1	364	0	0	0	405	0	0	0	0	0	0	0	0	-0.034	0.148
214.7	NaN	1542	NaN	1120	0	-1	360	0	0	0	407	0	-0	-0	0	-0	0	0	0	-0.031	0.244
214.8	NaN	1539	NaN	1120	0	-0	365	0	0	0	407	0	-0	0	0	0	0	-0	0	-0.032	0.204
214.9	NaN	1551	NaN	1121	0	-1	361	0	0	0	405	0	-0	-0	-0	0	-0	0	-0	-0.028	0.104
215	NaN	1556	NaN	1120	0	-1	360	0	0	0	405	0	-0	0	-0	0	-0	0	0	-0.027	0.127
215.1	NaN	1536	NaN	1118	0	-2	361	0	0	0	405	0	0	-0	0	-0	-0	0	-0	-0.029	-0.016
215.2	NaN	1554	NaN	1121	0	-1	359	0	0	0	405	0	0	0	-0	-0	-0	0	-0	-0.029	0.024
215.3	NaN	1537	NaN	1120	0	-1	363	0	0	0	405	0	0	0	0	0	-0	0	0	-0.026	-0.02
215.4	NaN	1545	NaN	1121	0	-1	363	0	0	0	406	0	-0	0	-0	0	-0	0	-0	-0.029	0.095
215.5	NaN	1547	NaN	1120	0	-2	362	0	0	0	405	0	0	0	0	0	0	0	0	-0.03	0.088
215.6	NaN	1532	NaN	1118	0	-1	363	0	0	0	404	0	0	-0	-0	0	-0	-0	-0	-0.03	0.142
215.7	NaN	1539	NaN	1119	0	-2	362	0	0	0	406	0	0	0	0	0	-0	0	0	-0.029	0.234
215.8	NaN	1544	NaN	1118	0	-3	362	0	0	0	405	0	0	-0	0	0	0	0	-0	-0.029	0.067
215.9	NaN	1543	NaN	1118	0	-3	361	0	0	0	404	-0	0	0	-0	0	0	0	0	-0.028	0.153
216	NaN	1541	NaN	1117	0	-3	361	0	0	0	405	0	-0	0	0	0	0	0	0	-0.029	0.045
216.1	NaN	1541	NaN	1119	0	0	366	0	0	0	405	0	0	-0	-0	0	0	0	0	-0.026	0.055
216.2	NaN	1535	NaN	1117	0	-2	362	0	0	0	407	0	-0	0	-0	0	-0	0	0	-0.026	0.077
216.3	NaN	1547	NaN	1117	0	-3	361	0	0	0	405	0	-0	0	0	0	0	0	-0	-0.028	-0.003
216.4	NaN	1541	NaN	1117	0	-0	363	0	0	0	406	-0	-0	0	0	0	0	0	0	-0.027	0.134
216.5	NaN	1534	NaN	1116	0	-2	362	0	0	0	406	0	-0	0	0	0	-0	0	0	-0.029	0.059
216.6	NaN	1539	NaN	1117	0	-3	361	0	0	0	405	0	0	0	-0	0	-0	0	-0	-0.029	0.183
216.7	NaN	1544	NaN	1117	0	-0	362	0	0	0	407	0	0	0	0	-0	-0	0	0	-0.029	0.133
216.8	NaN	1540	NaN	1117	0	-2	360	0	0	0	406	0	0	-0	-0	0	0	0	-0	-0.031	0.191
216.9	NaN	1535	NaN	1117	0	-3	362	0	0	0	405	-0	0	-0	0	0	0	0	0	-0.03	0.152
217	NaN	1540	NaN	1116	0	-2	360	0	0	0	405	-0	0	0	-0	0	0	0	0	-0.031	0.092
217.1	NaN	1538	NaN	1115	0	-2	363	0	0	0	406	0	-0	0	-0	0	0	0	0	-0.031	0.104
217.2	NaN	1530	NaN	1115	0	-2	362	0	0	0	406	0	-0	0	0	0	0	0	0	-0.031	0.008
217.3	NaN	1537	NaN	1118	0	-2	363	0	0	0	405	0	0	-0	-0	0	0	0	0	-0.028	0.074
217.4	NaN	1531	NaN	1119	0	-2	362	0	0	0	406	0	-0	0	0	0	0	0	-0	-0.028	0.065
217.5	NaN	1529	NaN	1117	0	-0	362	0	0	0	406	0	0	0	0	0	0	-0	0	-0.027	0.092
217.6	NaN	1532	NaN	1118	0	-2	362	0	0	0	405	0	-0	-0	-0	0	-0	0	-1	-0.031	0.156
217.7	NaN	1535	NaN	1118	0	-1	361	0	0	0	405	-0	0	-0	0	-0	0	0	0	-0.025	0.171
217.8	NaN	1533	NaN	1117	0	-3	361	0	0	0	406	-0	-0	-0	-0	0	-0	0	0	-0.028	0.262
217.9	NaN	1537	NaN	1117	0	-0	362	0	0	0	406	0	0	0	-0	-0	0	0	0	-0.029	0.099
218	NaN	1541	NaN	1116	0	-0	362	0	0	0	406	-0	-0	0	-0	-0	-0	0	-0	-0.03	0.107
218.1	NaN	1543	NaN	1116	0	-3	359	0	0	0	406	0	0	0	0	0	0	0	0	-0.032	0.047
218.2	NaN	1531	NaN	1116	0	-2	363	0	0	0	406	-0	-0	-0	-0	0	-0	0	-0	-0.034	0.054
218.3	NaN	1528	NaN	1117	0	-2	363	0	0	0	405	0	0	0	-0	0	0	0	0	-0.03	0.109
218.4	NaN	1525	NaN	1117	0	-3	364	0	0	0	406	-0	0	-0	0	0	1	-0	0	-0.03	0.014
218.5	NaN	1527	NaN	1114	0	-1	362	0	0	0	405	-0	-0	-0	-0	0	-0	0	-0	-0.032	0.137
218.6	NaN	1528	NaN	1114	0	-0	361	0	0	0	406	-0	0	-0	0	0	-0	0	0	-0.031	0.103
218.7	NaN	1533	NaN	1113	0	-1	361	0	0	0	407	0	0	-0	0	-0	-0	0	0	-0.029	0.179
218.8	NaN	1534	NaN	1113	0	-1	361	0	0	0	405	-0	0	-0	-0	0	-0	0	-0	-0.031	0.219
218.9	NaN	1528	NaN	1114	0	-3	362	0	0	0	405	0	0	0	0	0	0	0	0	-0.032	0.124
219	NaN	1533	NaN	1112	0	-1	364	0	0	0	406	0	0	-0	0	0	0	0	0	-0.033	0.181
219.1	NaN	1532	NaN	1112	0	-3	361	0	0	0	404	0	-0	-0	-0	0	-0	-0	-0	-0.036	-0.016
219.2	NaN	1529	NaN	1110	0	-1	363	0	0	0	404	0	0	-0	-0	0	0	0	0	-0.034	0.085
219.3	NaN	1523	NaN	1109	0	-3	360	0	0	0	406	0	-0	-0	-0	0	0	-0	0	-0.03	0.013
219.4	NaN	1524	NaN	1108	0	-3	361	0	0	0	406	-0	-0	0	-0	0	-0	0	-0	-0.031	0.005
219.5	NaN	1531	NaN	1110	0	-3	358	0	0	0	406	0	-0	0	0	0	-0	0	0	-0.027	0.159
219.6	NaN	1519	NaN	1109	0	-2	359	0	0	0	405	0	-0	0	0	-0	-0	0	-0	-0.028	0.113
219.7	NaN	1533	NaN	1110	0	-3	362	0	0	0	406	0	0	0	-0	0	-0	0	0	-0.027	0.187
219.8	NaN	1517	NaN	1110	0	-1	363	0	0	0	406	-0	0	-0	-0	0	0	0	0	-0.027	0.208
219.9	NaN	1526	NaN	1110	0	-3	365	0	0	0	406	-0	-0	0	-0	0	-0	0	-0	-0.027	0.167
220	NaN	1526	NaN	1108	0	-1	360	0	0	0	406	0	-0	0	0	0	0	0	0	-0.026	0.084
220.1	NaN	1521	NaN	1109	0	-0	363	0	0	0	406	0	0	-0	-0	0	0	0	-0	-0.028	0.111
220.2	NaN	1521	NaN	1110	0	0	365	0	0	0	406	0	-0	0	-0	0	0	-0	-0	-0.028	0.014
220.3	NaN	1531	NaN	1109	0	-1	364	0	0	0	407	-0	-0	0	0	0	0	0	0	-0.028	-0.072
220.4	NaN	1527	NaN	1110	0	-3	361	0	0	0	406	-0	-0	-0	-0	0	-0	0	-0	-0.028	0.097
220.5	NaN	1525	NaN	1108	0	-1	362	0	0	0	405	0	-0	0	-0	0	-0	0	-0	-0.029	0.001
220.6	NaN	1518	NaN	1109	0	-1	360	0	0	0	405	0	0	-0	0	0	0	0	0	-0.029	0.245
220.7	NaN	1526	NaN	1109	0	0	362	0	0	0	406	0	-0	-0	-0	0	-0	0	-0	-0.029	0.126
220.8	NaN	1519	NaN	1108	0	-3	360	0	0	0	406	-0	0	0	0	0	0	0	0	-0.027	0.209
220.9	NaN	1515	NaN	1108	0	-1	364	0	0	0	406	0	0	0	-0	0	0	0	-0	-0.026	0.075
221	NaN	1522	NaN	1106	0	-1	362	0	0	0	405	0	-0	-0	-0	0	-0	0	-0	-0.027	0.153
221.1	NaN	1520	NaN	1107	0	-3	362	0	0	0	405	0	0	0	-0	0	-0	0	0	-0.026	-0.035
221.2	NaN	1518	NaN	1107	0	-2	362	0	0	0	406	0	0	-0	0	0	0	0	1	-0.023	-0.004
221.3	NaN	1522	NaN	1107	0	-2	360	0	0	0	406	0	-0	-0	-0	0	-0	0	-0	-0.024	0.163
221.4	NaN	1532	NaN	1108	0	-1	362	0	0	0	405	0	0	-0	0	0	0	0	0	-0.023	0.084
221.5	NaN	1525	NaN	1108	0	-2	361	0	0	0	405	0	-0	-0	-0	0	0	0	-0	-0.027	0.28
221.6	NaN	1512	NaN	1108	0	0	365	0	0	0	405	0	-0	0	-0	0	-0	0	-0	-0.028	0.084
221.7	NaN	1525	NaN	1107	0	-1	361	0	0	0	406	0	0	0	0	0	0	0	0	-0.024	0.218
221.8	NaN	1521	NaN	1108	0	-0	361	0	0	0	405	0	-0	0	-0	0	-0	-0	-0	-0.027	0.118
221.9	NaN	1533	NaN	1106	0	-3	360	0	0	0	406	0	-0	0	-0	0	-0	0	-0	-0.029	0.059
222	NaN	1519	NaN	1105	0	-0	360	0	0	0	406	-0	0	0	0	0	-0	0	-0	-0.029	0.013
222.1	NaN	1512	NaN	1106	0	-0	365	0	0	0	405	-0	0	-0	-0	-0	-0	0	-0	-0.028	0.016
222.2	NaN	1528	NaN	1107	0	-2	360	0	0	0	406	0	0	-0	0	0	-0	0	-0	-0.027	0.108
222.3	NaN	1509	NaN	1105	0	-3	361	0	0	0	406	-0	-0	0	-0	-0	-0	0	0	-0.03	0.067
222.4	NaN	1517	NaN	1106	0	-2	362	0	0	0	406	0	0	0	0	0	0	0	0	-0.03	0.178
222.5	NaN	1514	NaN	1104	0	-1	363	0	0	0	406	0	-0	0	0	0	0	-0	0	-0.033	0.192
222.6	NaN	1514	NaN	1103	0	0	362	0	0	0	406	0	-0	-0	0	0	-0	0	-0	-0.034	0.187
222.7	NaN	1507	NaN	1105	0	-0	364	0	0	0	406	0	-0	-0	-0	0	0	0	0	-0.032	0.14
222.8	NaN	1510	NaN	1105	0	-1	362	0	0	0	406	0	-0	-0	-0	-0	-0	0	-0	-0.034	0.08
222.9	NaN	1513	NaN	1105	0	-1	363	0	0	0	406	0	-0	-0	0	0	-0	0	-0	-0.034	0.054
223	NaN	1513	NaN	1103	0	-0	363	0	0	0	405	0	0	-0	-0	0	-0	0	0	-0.035	-0.017
223.1	NaN	1525	NaN	1104	0	-1	361	0	0	0	406	0	0	0	0	0	-0	0	-0	-0.035	0.057
223.2	NaN	1515	NaN	1102	0	-1	363	0	0	0	405	0	0	-0	0	-0	0	0	0	-0.034	0.015
223.3	NaN	1507	NaN	1103	0	-1	363	0	0	0	406	-0	0	0	0	0	0	0	-0	-0.036	0.261
223.4	NaN	1511	NaN	1102	0	-1	362	0	0	0	406	0	-0	0	0	-0	0	0	0	-0.037	0.149
223.5	NaN	1512	NaN	1103	0	-1	362	0	0	0	406	-0	0	0	-0	0	0	-0	0	-0.032	0.237
223.6	NaN	1515	NaN	1102	0	-4	360	0	0	0	405	0	-0	0	-0	0	-0	0	-0	-0.034	0.112
223.7	NaN	1515	NaN	1103	0	-1	364	0	0	0	405	0	-0	-0	-0	0	-0	0	-0	-0.037	0.086
223.8	NaN	1506	NaN	1102	0	-1	364	0	0	0	406	0	-0	-0	0	-0	-0	0	0	-0.037	0.058
223.9	NaN	1505	NaN	1103	0	-1	361	0	0	0	406	0	-0	0	0	-0	-0	0	-0	-0.033	-0.017
224	NaN	1510	NaN	1101	0	-3	363	0	0	0	407	0	-0	-0	-0	0	-0	0	-0	-0.032	0.082
224.1	NaN	1515	NaN	1102	0	-1	362	0	0	0	406	-0	0	-0	0	-0	0	0	0	-0.031	0.044
224.2	NaN	1513	NaN	1101	0	-1	364	0	0	0	405	0	0	-0	0	0	0	0	-0	-0.032	0.153
224.3	NaN	1511	NaN	1102	0	-2	361	0	0	0	407	0	-0	0	-0	0	0	0	-0	-0.028	0.189
224.4	NaN	1505	NaN	1100	0	-4	362	0	0	0	406	-0	-0	-0	0	0	0	0	-0	-0.028	0.161
224.5	NaN	1500	NaN	1101	0	-3	362	0	0	0	404	0	-0	-0	-0	0	0	0	0	-0.033	0.204
224.6	NaN	1512	NaN	1101	0	-2	363	0	0	0	406	0	-0	0	0	0	-0	0	-0	-0.034	0.027
224.7	NaN	1499	NaN	1101	0	-1	361	0	0	0	407	0	0	-0	0	0	-0	0	0	-0.032	0.139
224.8	NaN	1507	NaN	1100	0	-2	361	0	0	0	406	0	-0	0	-0	0	-0	0	-0	-0.033	0.007
224.9	NaN	1507	NaN	1100	0	-1	362	0	0	0	406	0	0	0	-0	-0	-0	0	0	-0.033	0.065
225	NaN	1499	NaN	1098	0	-1	362	0	0	0	403	0	-0	-0	0	0	-0	-0	0	-0.034	0.062
225.1	NaN	1507	NaN	1101	0	-2	362	0	0	0	403	0	-0	-0	-0	0	-0	0	-0	-0.037	0.099
225.2	NaN	1499	NaN	1099	0	-2	363	0	0	0	407	0	0	0	0	-0	0	0	0	-0.037	0.173
225.3	NaN	1502	NaN	1099	0	-1	365	0	0	0	406	0	-0	-0	-0	0	0	0	0	-0.035	0.158
225.4	NaN	1499	NaN	1099	0	-2	363	0	0	0	405	0	-0	0	-0	0	0	0	0	-0.034	0.236
225.5	NaN	1497	NaN	1098	0	-0	362	0	0	0	405	0	0	-0	0	0	-0	0	0	-0.033	0.13
225.6	NaN	1501	NaN	1099	0	-3	362	0	0	0	403	0	-0	0	-0	0	-0	0	-0	-0.034	0.116
225.7	NaN	1504	NaN	1097	0	-3	361	0	0	0	405	0	-0	-0	0	0	-0	0	-0	-0.034	0.022
225.8	NaN	1508	NaN	1099	0	-3	361	0	0	0	406	0	-0	0	0	0	-0	-0	-0	-0.035	0.014
225.9	NaN	1511	NaN	1098	0	-4	360	0	0	0	405	0	0	0	0	0	0	0	-0	-0.034	-0.005
226	NaN	1501	NaN	1099	0	-1	362	0	0	0	405	0	0	-0	0	0	0	0	-0	-0.035	0.018
226.1	NaN	1491	NaN	1099	0	-1	363	0	0	0	405	0	0	0	-0	-0	0	0	0	-0.034	0.161
226.2	NaN	1501	NaN	1097	0	-3	361	0	0	0	406	-0	-0	-0	-0	0	0	0	0	-0.034	0.177
226.3	NaN	1498	NaN	1095	0	-2	363	0	0	0	405	0	-0	0	0	0	0	0	0	-0.031	0.289
226.4	NaN	1492	NaN	1097	0	-2	362	0	0	0	405	0	-0	-0	0	0	-0	0	-0	-0.033	0.144
226.5	NaN	1493	NaN	1097	0	-1	364	0	0	0	403	0	-0	0	0	0	-0	0	0	-0.033	0.116
226.6	NaN	1507	NaN	1097	0	-3	360	0	0	0	404	0	0	0	0	0	-0	0	0	-0.034	-0.034
226.7	NaN	1504	NaN	1097	0	-3	362	0	0	0	406	0	0	0	0	0	-0	0	0	-0.03	-0.08
226.8	NaN	1497	NaN	1097	0	-1	362	0	0	0	404	0	0	0	-0	-0	-0	-0	-0	-0.03	0.018
226.9	NaN	1496	NaN	1096	0	-3	362	0	0	0	406	0	0	-0	0	0	0	0	-0	-0.029	0.026
227	NaN	1498	NaN	1096	0	-3	362	0	0	0	406	0	-0	-0	0	0	0	0	-0	-0.028	0.28
227.1	NaN	1508	NaN	1096	0	-3	360	0	0	0	405	0	-0	0	0	-0	0	0	-0	-0.029	0.24
227.2	NaN	1488	NaN	1096	0	-2	364	0	0	0	406	0	0	-0	0	0	0	0	0	-0.03	0.297
227.3	NaN	1498	NaN	1096	0	-2	362	0	0	0	405	-0	-0	0	0	0	0	-0	0	-0.029	0.152
227.4	NaN	1509	NaN	1096	0	-4	359	0	0	0	406	0	-0	0	-0	0	-1	0	-0	-0.033	-0.007
227.5	NaN	1492	NaN	1095	0	-2	362	0	0	0	406	0	0	0	0	0	-0	0	0	-0.029	-0.101
227.6	NaN	1490	NaN	1095	0	-3	361	0	0	0	405	-0	-0	-0	-0	0	-0	-0	-0	-0.032	-0.116
227.7	NaN	1487	NaN	1095	0	-0	364	0	0	0	405	0	0	-0	0	0	-0	0	0	-0.029	0.042
227.8	NaN	1489	NaN	1094	0	-1	364	0	0	0	407	0	0	-0	-0	-0	-0	0	-0	-0.03	0.159
227.9	NaN	1503	NaN	1093	0	-3	362	0	0	0	406	0	-0	-0	-0	0	-0	0	0	-0.028	0.309
228	NaN	1495	NaN	1093	0	-1	362	0	0	0	406	0	0	0	-0	0	0	-0	-0	-0.029	0.27
228.1	NaN	1502	NaN	1095	0	-4	360	0	0	0	405	0	0	0	0	-0	0	0	0	-0.032	0.211
228.2	NaN	1496	NaN	1094	0	-1	361	0	0	0	406	0	-0	0	-0	0	0	-0	0	-0.033	0.074
228.3	NaN	1494	NaN	1093	0	-3	364	0	0	0	406	0	-0	0	0	0	0	0	0	-0.031	-0.15
228.4	NaN	1489	NaN	1094	0	-4	361	0	0	0	405	0	-0	-0	-0	0	0	0	0	-0.032	-0.029
228.5	NaN	1501	NaN	1093	0	-1	361	0	0	0	404	-0	0	0	0	0	-0	0	-0	-0.029	-0.032
228.6	NaN	1495	NaN	1093	0	-4	362	0	0	0	405	0	0	0	0	0	-0	0	-0	-0.029	0.234
228.7	NaN	1494	NaN	1093	0	-1	362	0	0	0	405	0	-0	0	-0	-0	-0	-0	-0	-0.028	0.188
228.8	NaN	1498	NaN	1092	0	-4	364	0	0	0	404	0	0	-0	-0	0	-0	0	0	-0.028	0.305
228.9	NaN	1484	NaN	1093	0	-1	362	0	0	0	406	0	0	-0	-0	0	0	0	-0	-0.029	0.175
229	NaN	1491	NaN	1093	0	-2	359	0	0	0	406	0	0	0	-0	-0	0	0	0	-0.03	0.093
229.1	NaN	1482	NaN	1093	0	-3	364	0	0	0	406	0	0	0	0	0	0	-0	0	-0.03	-0.046
229.2	NaN	1502	NaN	1092	0	-1	360	0	0	0	406	-0	-0	0	0	-0	-0	0	-0	-0.031	-0.063
229.3	NaN	1495	NaN	1092	0	-4	362	0	0	0	406	0	0	-0	0	0	-0	0	0	-0.029	0.073
229.4	NaN	1496	NaN	1090	0	-2	360	0	0	0	406	0	0	0	0	-0	-0	0	-0	-0.028	0.105
229.5	NaN	1493	NaN	1091	0	-3	362	0	0	0	407	-0	0	-0	-0	-0	-0	0	-0	-0.027	0.288
229.6	NaN	1480	NaN	1091	0	-1	365	0	0	0	405	-0	0	0	-0	-0	0	0	0	-0.028	0.202
229.7	NaN	1485	NaN	1091	0	-2	362	0	0	0	405	-0	-0	-0	-0	0	0	0	-0	-0.028	0.164
229.8	NaN	1497	NaN	1090	0	-0	364	0	0	0	402	0	0	0	0	0	0	0	0	-0.028	0.077
229.9	NaN	1481	NaN	1091	0	-2	361	0	0	0	405	-0	-0	0	-0	-0	0	0	-0	-0.027	-0.061
230	NaN	1486	NaN	1089	0	-1	361	0	0	0	405	0	-0	-0	-0	-0	-0	0	0	-0.028	0.027
230.1	NaN	1490	NaN	1091	0	1	362	0	0	0	406	0	0	0	0	-0	-0	0	-0	-0.028	-0.018
230.2	NaN	1497	NaN	1091	0	-1	360	0	0	0	406	-0	0	0	-0	-0	-0	0	-0	-0.028	0.186
230.3	NaN	1489	NaN	1089	0	-3	361	0	0	0	406	0	0	-0	0	-0	-0	-0	-0	-0.027	0.205
230.4	NaN	1487	NaN	1089	0	-3	359	0	0	0	405	0	0	-0	-0	0	0	0	0	-0.027	0.249
230.5	NaN	1483	NaN	1090	0	-0	364	0	0	0	406	0	-0	-0	0	0	0	0	0	-0.025	0.194
230.6	NaN	1493	NaN	1087	0	-3	360	0	0	0	406	0	0	0	0	0	0	0	0	-0.025	0.071
230.7	NaN	1479	NaN	1089	0	0	364	0	0	0	405	0	-0	0	-0	0	-0	0	-0	-0.028	0.124
230.8	NaN	1491	NaN	1087	0	-1	361	0	0	0	405	0	0	-0	0	0	-0	0	-0	-0.029	-0.02
230.9	NaN	1489	NaN	1088	0	-3	359	0	0	0	405	0	-0	0	-0	0	-0	0	0	-0.025	0.111
231	NaN	1490	NaN	1088	0	-2	360	0	0	0	406	0	-0	0	-0	-0	-0	0	-0	-0.026	-0.002
231.1	NaN	1478	NaN	1088	0	-1	361	0	0	0	405	0	-0	0	0	0	0	0	0	-0.025	0.133
231.2	NaN	1483	NaN	1088	0	-2	361	0	0	0	407	0	0	-0	0	0	0	0	-0	-0.026	0.075
231.3	NaN	1477	NaN	1089	0	-1	362	0	0	0	406	0	0	0	0	-0	0	0	-0	-0.024	0.14
231.4	NaN	1480	NaN	1089	0	-0	363	0	0	0	407	0	0	-0	0	0	-0	-0	-0	-0.025	0.171
231.5	NaN	1486	NaN	1090	0	-0	361	0	0	0	406	0	-0	0	-0	0	-0	0	-0	-0.025	0.045
231.6	NaN	1480	NaN	1088	0	-2	363	0	0	0	406	-0	0	-0	-0	-0	-0	-0	0	-0.025	0.136
231.7	NaN	1478	NaN	1090	0	0	361	0	0	0	406	0	-0	0	-0	0	0	-0	-0	-0.027	0.078
231.8	NaN	1487	NaN	1089	0	-3	361	0	0	0	406	0	-0	0	-0	0	0	0	0	-0.028	0.067
231.9	NaN	1479	NaN	1089	0	-2	362	0	0	0	407	-0	-0	-0	0	0	0	-0	0	-0.03	0.02
232	NaN	1488	NaN	1089	0	-3	360	0	0	0	405	0	-0	-0	0	-0	0	0	0	-0.031	-0.004
232.1	NaN	1479	NaN	1090	0	-2	361	0	0	0	406	0	-0	-0	0	0	-0	0	0	-0.033	0.128
232.2	NaN	1479	NaN	1087	0	0	362	0	0	0	406	0	-0	0	-0	0	-0	0	-0	-0.033	0.099
232.3	NaN	1473	NaN	1087	0	-1	365	0	0	0	407	0	0	0	0	-0	-0	0	-0	-0.035	0.308
232.4	NaN	1479	NaN	1087	0	-2	363	0	0	0	406	0	-0	-0	-0	-0	0	0	-0	-0.037	0.197
232.5	NaN	1480	NaN	1086	0	-1	361	0	0	0	405	0	0	-0	0	0	0	-0	-0	-0.037	0.157
232.6	NaN	1470	NaN	1085	0	-1	362	0	0	0	406	0	-0	-0	-0	-0	0	0	-0	-0.038	0.046
232.7	NaN	1479	NaN	1085	0	-1	361	0	0	0	410	0	-0	-0	0	-0	0	0	0	-0.036	-0.139
232.8	NaN	1481	NaN	1085	0	0	362	0	0	0	406	-0	-0	0	0	0	-0	0	0	-0.037	-0.027
232.9	NaN	1471	NaN	1085	0	-3	363	0	0	0	405	0	-0	0	-0	-0	-0	0	0	-0.033	-0.029
233	NaN	1466	NaN	1085	0	-0	363	0	0	0	406	0	0	-0	-0	0	0	0	0	-0.033	0.254
233.1	NaN	1474	NaN	1085	0	-3	363	0	0	0	406	0	0	-0	-0	-0	-0	0	-0	-0.037	0.229
233.2	NaN	1475	NaN	1084	0	-3	361	0	0	0	405	0	-0	0	0	0	-0	0	-0	-0.038	0.126
233.3	NaN	1468	NaN	1084	0	-2	362	0	0	0	405	0	0	-0	-0	0	-0	0	-0	-0.036	-0.099
233.4	NaN	1474	NaN	1084	0	-1	361	0	0	0	406	0	0	-0	0	-0	-0	0	-0	-0.037	-0.02
233.5	NaN	1476	NaN	1083	0	-2	361	0	0	0	407	0	0	0	0	0	0	0	0	-0.038	-0.046
233.6	NaN	1466	NaN	1084	0	-2	361	0	0	0	405	0	0	0	0	0	0	0	-0	-0.039	0.125
233.7	NaN	1473	NaN	1083	0	-0	361	0	0	0	405	0	0	0	0	0	0	0	-0	-0.038	0.213
233.8	NaN	1463	NaN	1083	0	-1	364	0	0	0	406	-0	-0	0	0	-0	0	0	0	-0.039	0.196
233.9	NaN	1474	NaN	1082	0	-0	361	0	0	0	405	0	-0	0	0	0	-0	0	0	-0.036	0.226
234	NaN	1476	NaN	1083	0	-1	363	0	0	0	405	0	0	0	-0	0	-0	0	-0	-0.037	0.102
234.1	NaN	1465	NaN	1082	0	0	362	0	0	0	404	0	0	0	0	0	-0	0	0	-0.037	0.131
234.2	NaN	1472	NaN	1084	0	-1	361	0	0	0	406	0	0	-0	-0	-0	0	0	-0	-0.038	0.034
234.3	NaN	1475	NaN	1082	0	-0	363	0	0	0	406	0	0	-0	0	-0	0	0	0	-0.037	0.125
234.4	NaN	1470	NaN	1082	0	-3	361	0	0	0	407	0	-0	-0	-0	-0	0	0	-0	-0.039	0.078
234.5	NaN	1479	NaN	1082	0	-3	360	0	0	0	405	0	0	-0	-0	-0	-0	0	-0	-0.039	0.065
234.6	NaN	1463	NaN	1081	0	0	362	0	0	0	406	0	0	-0	-0	-0	0	0	-0	-0.039	0.104
234.7	NaN	1469	NaN	1082	0	-2	362	0	0	0	405	0	0	-0	0	0	0	0	0	-0.037	0.071
234.8	NaN	1471	NaN	1082	0	-2	362	0	0	0	406	0	-1	-0	-1	0	-2	-0	-1	-0.042	0.197
234.9	NaN	1469	NaN	1081	0	0	360	0	0	0	405	-0	0	0	0	0	0	0	1	-0.036	0.124
235	NaN	1468	NaN	1083	0	-3	362	0	0	0	405	0	-0	0	0	-0	-0	0	-0	-0.039	0.228
235.1	NaN	1467	NaN	1081	0	-2	361	0	0	0	405	0	0	0	0	-0	-0	0	0	-0.04	0.124
235.2	NaN	1465	NaN	1079	0	-0	362	0	0	0	405	0	-0	-0	-0	0	-0	0	-0	-0.042	0.063
235.3	NaN	1465	NaN	1080	0	-3	361	0	0	0	407	-0	0	0	0	-0	-0	0	0	-0.04	-0.04
235.4	NaN	1456	NaN	1081	0	-2	362	0	0	0	406	-0	0	0	-0	0	0	0	-0	-0.04	-0.059
235.5	NaN	1474	NaN	1080	0	-2	362	0	0	0	405	0	0	-0	0	0	0	0	0	-0.041	0.073
235.6	NaN	1470	NaN	1079	0	-0	362	0	0	0	404	0	0	0	-0	0	0	0	0	-0.04	0.126
235.7	NaN	1462	NaN	1079	0	-0	362	0	0	0	403	-0	-0	0	-0	0	0	0	0	-0.041	0.315
235.8	NaN	1463	NaN	1080	0	-1	361	0	0	0	406	0	-0	0	0	-0	0	-0	0	-0.041	0.222
235.9	NaN	1465	NaN	1079	0	-2	362	0	0	0	405	0	-0	0	0	0	-0	0	-0	-0.042	0.233
236	NaN	1462	NaN	1079	0	-0	361	0	0	0	406	0	0	0	-0	-0	-0	0	-0	-0.041	0.035
236.1	NaN	1472	NaN	1079	0	-1	362	0	0	0	405	-0	0	0	0	0	-0	-0	-0	-0.04	-0.033
236.2	NaN	1458	NaN	1079	0	-2	361	0	0	0	405	0	-0	0	0	-0	-0	0	0	-0.041	-0.075
236.3	NaN	1464	NaN	1077	0	-0	361	0	0	0	405	0	0	0	1	-0	0	-0	1	-0.038	-0.072
236.4	NaN	1455	NaN	1077	0	0	365	0	0	0	404	0	-1	0	-0	0	-0	0	-0	-0.04	0.329
236.5	NaN	1457	NaN	1078	0	-0	363	0	0	0	406	0	-0	0	-0	-0	0	0	0	-0.035	0.198
236.6	NaN	1456	NaN	1079	0	-0	364	0	0	0	405	0	-0	-0	-0	0	0	0	0	-0.036	0.291
236.7	NaN	1460	NaN	1076	0	-0	362	0	0	0	405	-0	0	0	0	0	0	0	0	-0.036	0.15
236.8	NaN	1464	NaN	1076	0	-2	362	0	0	0	404	0	-0	-0	-0	-0	-0	0	-0	-0.04	0.054
236.9	NaN	1464	NaN	1077	0	-2	364	0	0	0	406	0	0	0	0	-0	-0	0	-0	-0.038	-0.062
237	NaN	1457	NaN	1077	0	-2	362	0	0	0	404	0	0	0	0	-0	-0	0	-0	-0.04	-0.083
237.1	NaN	1465	NaN	1077	0	-0	361	0	0	0	405	-0	-0	0	0	0	0	0	-0	-0.037	0.037
237.2	NaN	1461	NaN	1076	0	-1	362	0	0	0	405	0	0	0	0	0	0	-0	0	-0.037	0.128
237.3	NaN	1457	NaN	1075	0	-1	362	0	0	0	406	0	-0	0	-0	0	0	0	0	-0.033	0.331
237.4	NaN	1463	NaN	1076	0	-2	362	0	0	0	406	0	-0	-0	-0	-0	0	-0	0	-0.033	0.258
237.5	NaN	1462	NaN	1074	0	-1	360	0	0	0	406	0	-0	-0	-0	-0	-0	0	0	-0.032	0.213
237.6	NaN	1456	NaN	1076	0	-2	361	0	0	0	405	0	0	0	-0	0	-0	0	-0	-0.033	0.044
237.7	NaN	1461	NaN	1076	0	0	364	0	0	0	405	0	0	0	-0	-0	-0	0	-0	-0.029	-0.074
237.8	NaN	1451	NaN	1076	0	-1	362	0	0	0	406	0	0	0	0	0	-0	0	-0	-0.029	-0.033
237.9	NaN	1458	NaN	1077	0	-0	362	0	0	0	406	0	-0	-0	0	0	0	0	0	-0.033	0.011
238	NaN	1459	NaN	1075	0	-2	359	0	0	0	406	0	-0	0	0	0	0	0	0	-0.033	0.191
238.1	NaN	1459	NaN	1075	0	0	362	0	0	0	406	0	0	-0	-0	0	0	0	0	-0.034	0.205
238.2	NaN	1457	NaN	1076	0	-2	363	0	0	0	406	-0	-0	-0	-0	0	0	0	-0	-0.035	0.242
238.3	NaN	1459	NaN	1074	0	-2	361	0	0	0	405	0	-0	-0	0	0	-0	0	0	-0.034	0.157
238.4	NaN	1453	NaN	1075	0	-1	361	0	0	0	406	0	-0	-0	-0	0	-0	-0	-0	-0.035	0.097
238.5	NaN	1455	NaN	1075	0	-2	361	0	0	0	403	0	-0	0	0	0	0	0	0	-0.032	0.12
238.6	NaN	1462	NaN	1073	0	-2	361	0	0	0	405	0	-0	0	0	-0	-0	0	-0	-0.033	0.018
238.7	NaN	1456	NaN	1074	0	-3	361	0	0	0	406	0	-0	0	-0	-0	0	0	0	-0.032	0.124
238.8	NaN	1461	NaN	1073	0	-0	360	0	0	0	405	-0	0	0	0	0	-0	0	0	-0.032	0.024
238.9	NaN	1463	NaN	1074	0	-2	360	0	0	0	407	0	-0	-0	-0	0	0	-0	0	-0.032	0.111
239	NaN	1449	NaN	1074	0	-2	363	0	0	0	406	-0	-0	-0	0	0	-0	0	0	-0.033	0.063
239.1	NaN	1445	NaN	1075	0	-2	363	0	0	0	405	0	-0	0	0	-0	-0	0	0	-0.032	0.154
239.2	NaN	1450	NaN	1074	0	-1	363	0	0	0	405	0	0	-0	-0	0	0	-0	0	-0.032	0.166
239.3	NaN	1453	NaN	1073	0	-1	361	0	0	0	406	0	-0	0	-0	0	0	0	-0	-0.031	0.183
239.4	NaN	1453	NaN	1072	0	-2	362	0	0	0	407	-0	0	0	0	0	-0	0	-0	-0.032	0.219
239.5	NaN	1450	NaN	1072	0	-3	362	0	0	0	406	0	-0	0	-0	-0	0	-0	-0	-0.034	0.072
239.6	NaN	1461	NaN	1073	0	-3	363	0	0	0	406	0	0	-0	0	0	0	0	0	-0.034	0.032
239.7	NaN	1451	NaN	1071	0	0	362	0	0	0	405	0	-0	-0	0	0	-0	0	-0	-0.033	-0.129
239.8	NaN	1450	NaN	1072	0	-0	363	0	0	0	405	0	0	0	-0	-0	-0	0	-0	-0.033	-0.033
239.9	NaN	1441	NaN	1072	0	-3	362	0	0	0	406	0	0	0	0	0	-0	-0	0	-0.03	0.089
240	NaN	1460	NaN	1072	0	-0	360	0	0	0	406	0	0	-0	-0	0	-0	-0	-0	-0.031	0.194
240.1	NaN	1447	NaN	1069	0	-2	363	0	0	0	404	0	-0	-0	0	0	0	0	0	-0.025	0.348
240.2	NaN	1450	NaN	1070	0	-1	361	0	0	0	406	0	0	-0	-0	0	0	0	-0	-0.025	0.209
240.3	NaN	1449	NaN	1071	0	-1	361	0	0	0	405	0	0	0	-0	-0	0	0	0	-0.023	0.162
240.4	NaN	1446	NaN	1069	0	-0	361	0	0	0	406	-0	-0	-0	-0	-0	0	0	-0	-0.024	-0.019
240.5	NaN	1442	NaN	1070	0	-1	364	0	0	0	406	0	-0	0	0	-0	-0	0	0	-0.023	-0.032
240.6	NaN	1443	NaN	1069	0	0	363	0	0	0	405	0	0	-0	0	-0	-0	-0	0	-0.023	-0.022
240.7	NaN	1450	NaN	1069	0	1	361	0	0	0	406	-0	0	0	0	0	-0	0	0	-0.017	0.088
240.8	NaN	1455	NaN	1070	0	-3	361	0	0	0	404	0	0	-0	0	0	-0	0	-0	-0.018	0.173
240.9	NaN	1441	NaN	1068	0	0	362	0	0	0	406	0	0	0	0	0	0	-0	-0	-0.019	0.144
241	NaN	1439	NaN	1069	0	0	363	0	0	0	406	0	0	0	0	-0	-0	-0	-0	-0.019	0.199
241.1	NaN	1447	NaN	1068	0	-0	362	0	0	0	406	0	-0	-0	-0	0	-0	0	0	-0.02	0.06
241.2	NaN	1456	NaN	1068	0	-3	358	0	0	0	407	0	0	-0	0	0	-0	0	0	-0.02	0.196
241.3	NaN	1447	NaN	1068	0	-3	359	0	0	0	405	-0	0	-0	0	-0	0	0	-0	-0.021	0.075
241.4	NaN	1446	NaN	1067	0	-0	364	0	0	0	405	0	0	-0	-0	0	0	0	0	-0.021	0.134
241.5	NaN	1446	NaN	1068	0	0	362	0	0	0	406	0	-0	0	0	0	0	0	0	-0.024	0.045
241.6	NaN	1441	NaN	1069	0	-1	361	0	0	0	406	0	0	-0	0	0	-0	0	0	-0.024	-0.053
241.7	NaN	1447	NaN	1071	0	-2	361	0	0	0	406	0	-0	0	0	-0	-0	0	0	-0.02	0.029
241.8	NaN	1448	NaN	1068	0	-1	363	0	0	0	406	-0	-0	0	-0	0	-0	0	-0	-0.021	0.05
241.9	NaN	1445	NaN	1070	0	-2	363	0	0	0	405	0	0	-0	-0	0	-0	0	-0	-0.019	0.257
242	NaN	1443	NaN	1071	0	0	362	0	0	0	406	0	0	-0	0	0	0	0	0	-0.019	0.258
242.1	NaN	1447	NaN	1071	0	-3	361	0	0	0	406	-0	-0	0	-0	0	0	0	-0	-0.02	0.294
242.2	NaN	1435	NaN	1072	0	-1	362	0	0	0	405	-0	-0	0	-0	0	0	0	0	-0.021	0.14
242.3	NaN	1444	NaN	1071	0	-2	362	0	0	0	406	-0	-0	0	-0	0	0	-0	0	-0.02	-0.008
242.4	NaN	1440	NaN	1071	0	-1	360	0	0	0	405	0	-0	-0	0	-0	0	0	0	-0.021	-0.065
242.5	NaN	1444	NaN	1070	0	-1	361	0	0	0	405	0	-0	-0	-0	0	-0	0	-0	-0.027	-0.097
242.6	NaN	1445	NaN	1068	0	-2	361	0	0	0	406	0	-0	0	-0	-0	-0	0	-0	-0.027	0.125
242.7	NaN	1441	NaN	1067	0	-3	361	0	0	0	405	0	0	-0	0	-0	-0	0	0	-0.021	0.179
242.8	NaN	1442	NaN	1068	0	-2	362	0	0	0	407	-0	0	0	-0	-0	-0	0	-0	-0.021	0.269
242.9	NaN	1437	NaN	1068	0	-1	363	0	0	0	405	0	0	0	-0	0	0	0	-0	-0.023	0.232
243	NaN	1441	NaN	1067	0	-1	362	0	0	0	407	-0	-0	0	-0	0	0	0	-0	-0.024	0.102
243.1	NaN	1447	NaN	1065	0	-3	359	0	0	0	405	-0	-0	0	-0	-0	-0	0	0	-0.025	0.099
243.2	NaN	1442	NaN	1066	0	-2	361	0	0	0	404	0	-0	0	-0	0	-0	-0	-0	-0.026	-0.043
243.3	NaN	1440	NaN	1065	0	-0	363	0	0	0	404	0	0	-0	0	0	-0	0	0	-0.024	0.124
243.4	NaN	1435	NaN	1064	0	-3	361	0	0	0	404	0	0	0	0	0	-0	0	-0	-0.025	0.004
243.5	NaN	1438	NaN	1065	0	-2	363	0	0	0	406	-0	-0	0	-0	0	0	0	0	-0.024	0.097
243.6	NaN	1440	NaN	1062	0	-0	363	0	0	0	405	0	-0	-0	0	0	0	0	0	-0.025	0.102
243.7	NaN	1440	NaN	1064	0	-1	361	0	0	0	406	0	0	-0	-0	-0	-0	-0	-0	-0.023	0.111
243.8	NaN	1447	NaN	1065	0	-2	360	0	0	0	406	-0	-0	-0	-0	0	0	0	0	-0.023	0.162
243.9	NaN	1434	NaN	1063	0	-1	364	0	0	0	406	0	0	0	-0	0	-0	0	-0	-0.025	0.103
244	NaN	1437	NaN	1062	0	-0	363	0	0	0	407	-0	0	-0	0	-0	-0	-0	-0	-0.025	0.222
244.1	NaN	1450	NaN	1062	0	0	363	0	0	0	405	-0	0	0	0	0	0	-0	-0	-0.023	0.147
244.2	NaN	1426	NaN	1063	0	-3	359	0	0	0	405	0	-0	0	0	0	0	0	-0	-0.024	0.097
244.3	NaN	1450	NaN	1062	0	-3	359	0	0	0	405	0	-0	0	0	0	0	0	0	-0.025	0.003
244.4	NaN	1436	NaN	1063	0	-2	361	0	0	0	405	0	0	0	-0	-0	0	0	0	-0.025	-0.059
244.5	NaN	1428	NaN	1062	0	0	364	0	0	0	405	0	-0	0	-0	0	-0	0	-0	-0.026	0.032
244.6	NaN	1427	NaN	1061	0	0	362	0	0	0	406	0	0	0	-0	-0	-0	0	-0	-0.026	0.055
244.7	NaN	1436	NaN	1062	0	-2	360	0	0	0	405	0	0	0	0	-0	-0	0	-0	-0.023	0.204
244.8	NaN	1433	NaN	1061	0	-2	363	0	0	0	405	-0	0	0	0	0	0	-0	-0	-0.024	0.249
244.9	NaN	1439	NaN	1062	0	-3	363	0	0	0	406	-0	0	0	-0	0	-0	0	-0	-0.025	0.189
245	NaN	1434	NaN	1064	0	0	362	0	0	0	405	0	0	0	0	-0	0	-0	0	-0.025	0.21
245.1	NaN	1433	NaN	1062	0	-3	360	0	0	0	405	-0	-0	-0	-0	0	0	0	0	-0.029	-0.012
245.2	NaN	1441	NaN	1060	0	-2	362	0	0	0	406	0	-0	0	-0	0	0	-0	0	-0.028	0.081
245.3	NaN	1439	NaN	1061	0	0	364	0	0	0	404	0	-0	-0	0	0	-0	0	-0	-0.029	-0.056
245.4	NaN	1423	NaN	1060	0	-0	363	0	0	0	406	0	-0	0	-0	0	-0	0	0	-0.029	0.211
245.5	NaN	1433	NaN	1061	0	-0	362	0	0	0	406	0	-0	-0	-0	0	0	0	0	-0.026	0.148
245.6	NaN	1436	NaN	1061	0	-1	363	0	0	0	406	0	0	0	0	0	-0	0	-0	-0.026	0.147
245.7	NaN	1425	NaN	1061	0	-2	363	0	0	0	405	0	0	0	-0	-0	0	-0	0	-0.021	0.218
245.8	NaN	1429	NaN	1061	0	-3	364	0	0	0	406	-0	-0	-0	-0	0	0	0	-0	-0.023	0.084
245.9	NaN	1433	NaN	1061	0	-3	360	0	0	0	406	-0	-0	-0	0	0	0	0	-0	-0.025	0.135
246	NaN	1427	NaN	1059	0	-1	363	0	0	0	406	0	0	0	0	0	0	0	-0	-0.026	-0.017
246.1	NaN	1433	NaN	1059	0	0	362	0	0	0	405	0	-0	-0	-0	0	-0	-0	-0	-0.025	0.085
246.2	NaN	1427	NaN	1058	0	-3	362	0	0	0	405	0	-0	0	-0	-0	0	0	-0	-0.025	0.058
246.3	NaN	1426	NaN	1059	0	-1	363	0	0	0	406	-0	0	-0	-0	-0	-0	0	0	-0.024	0.127
246.4	NaN	1429	NaN	1060	0	-0	362	0	0	0	406	0	-0	0	-0	-0	-0	0	0	-0.025	0.172
246.5	NaN	1432	NaN	1059	0	-0	361	0	0	0	406	0	-0	0	-0	0	-0	0	-0	-0.02	0.11
246.6	NaN	1438	NaN	1059	0	-3	360	0	0	0	406	0	0	-0	-0	0	-0	-0	0	-0.02	0.199
246.7	NaN	1429	NaN	1058	0	-2	362	0	0	0	406	-0	-0	0	0	-0	0	0	-0	-0.02	0.06
246.8	NaN	1424	NaN	1057	0	-0	360	0	0	0	403	-0	0	0	-0	0	-0	0	-0	-0.02	0.072
246.9	NaN	1421	NaN	1057	0	-2	361	0	0	0	405	0	0	0	0	-0	-0	0	0	-0.024	0.046
247	NaN	1433	NaN	1058	0	-1	361	0	0	0	405	0	0	0	0	0	0	0	0	-0.024	0.044
247.1	NaN	1424	NaN	1059	0	-1	364	0	0	0	405	0	-0	0	0	-0	-0	0	-0	-0.023	0.148
247.2	NaN	1425	NaN	1057	0	-0	362	0	0	0	404	0	0	0	0	-0	0	0	0	-0.023	0.088
247.3	NaN	1425	NaN	1057	0	0	362	0	0	0	406	-0	0	0	0	-0	-0	0	-0	-0.023	0.235
247.4	NaN	1435	NaN	1058	0	-3	359	0	0	0	407	0	-0	-0	-0	-0	-0	0	-0	-0.024	0.14
247.5	NaN	1434	NaN	1056	0	-2	360	0	0	0	407	0	-0	0	-0	0	0	0	-0	-0.025	0.114
247.6	NaN	1416	NaN	1058	0	-0	364	0	0	0	407	0	0	0	-0	0	0	0	-0	-0.025	0.094
247.7	NaN	1414	NaN	1058	0	-0	362	0	0	0	407	0	-0	-0	-0	0	-0	0	-0	-0.024	0.094
247.8	NaN	1418	NaN	1056	0	-0	363	0	0	0	407	0	0	-0	-0	-0	-0	-0	0	-0.024	0.153
247.9	NaN	1434	NaN	1057	0	-2	359	0	0	0	406	0	-0	-0	-0	-0	0	0	-0	-0.026	0.052
248	NaN	1416	NaN	1056	0	-0	364	0	0	0	407	0	-0	0	0	-0	0	0	-0	-0.026	0.149
248.1	NaN	1424	NaN	1057	0	-1	362	0	0	0	406	0	0	0	-0	0	-0	0	-0	-0.024	0.076
248.2	NaN	1419	NaN	1055	0	-0	361	0	0	0	407	0	-0	-0	0	0	-0	0	0	-0.024	0.178
248.3	NaN	1428	NaN	1056	0	-3	358	0	0	0	407	0	-0	0	0	0	-0	0	0	-0.025	0.028
248.4	NaN	1433	NaN	1056	0	0	362	0	0	0	407	0	-0	-0	0	0	-0	0	0	-0.025	0.164
248.5	NaN	1420	NaN	1056	0	-1	363	0	0	0	407	0	-0	0	0	0	-0	0	0	-0.027	0.053
248.6	NaN	1434	NaN	1054	0	0	363	0	0	0	408	-0	0	-0	0	-0	-0	0	-0	-0.027	0.096
248.7	NaN	1414	NaN	1056	0	-1	363	0	0	0	407	0	-0	-0	0	-0	0	0	0	-0.025	0.117
248.8	NaN	1424	NaN	1054	0	-2	361	0	0	0	407	0	-0	0	-0	-0	0	0	-0	-0.026	0.077
248.9	NaN	1418	NaN	1056	0	-1	363	0	0	0	406	-0	-0	0	-0	0	0	-0	0	-0.024	0.149
249	NaN	1424	NaN	1056	0	-1	362	0	0	0	404	-0	0	0	-0	-0	-0	0	-0	-0.025	0.033
249.1	NaN	1423	NaN	1053	0	-3	362	0	0	0	406	0	-0	-0	0	0	0	0	-0	-0.025	0.146
249.2	NaN	1415	NaN	1055	0	-1	362	0	0	0	407	-0	-0	0	-0	0	-0	0	-0	-0.027	0.104
249.3	NaN	1414	NaN	1054	0	-2	364	0	0	0	406	0	-0	0	0	0	0	0	0	-0.02	0.087
249.4	NaN	1410	NaN	1054	0	0	364	0	0	0	408	0	0	-0	-0	0	-0	0	-0	-0.02	0.136
249.5	NaN	1422	NaN	1055	0	-2	359	0	0	0	406	0	-0	-0	-0	0	-0	-0	0	-0.02	0.028
249.6	NaN	1411	NaN	1055	0	-1	361	0	0	0	407	0	-0	-0	-0	0	0	0	0	-0.024	0.161
249.7	NaN	1429	NaN	1053	0	-1	358	0	0	0	407	0	-0	0	-0	0	-0	-0	-0	-0.025	0.088
249.8	NaN	1425	NaN	1054	0	0	364	0	0	0	407	0	-0	-0	-0	-0	-0	-0	0	-0.026	0.121
249.9	NaN	1415	NaN	1052	0	-1	362	0	0	0	407	0	0	-0	0	-0	0	0	-0	-0.027	0.111
250	NaN	1413	NaN	1052	0	-1	362	0	0	0	406	0	-0	0	0	0	0	-0	-0	-0.028	0.084
250.1	NaN	1415	NaN	1052	0	-2	361	0	0	0	406	0	0	-0	-0	0	0	-0	0	-0.028	0.157
250.2	NaN	1411	NaN	1051	0	-2	359	0	0	0	405	0	0	-0	0	0	-0	0	-0	-0.029	0.043
250.3	NaN	1417	NaN	1053	0	-0	361	0	0	0	407	0	-0	0	-0	-0	-0	0	0	-0.029	0.149
250.4	NaN	1419	NaN	1052	0	-3	361	0	0	0	405	-0	-0	0	0	0	0	-0	0	-0.029	0.1
250.5	NaN	1420	NaN	1051	0	-2	362	0	0	0	407	-0	0	0	-0	0	0	0	-0	-0.03	0.088
250.6	NaN	1418	NaN	1053	0	-0	360	0	0	0	407	-0	0	-0	0	0	0	0	0	-0.029	0.131
250.7	NaN	1412	NaN	1052	0	-2	361	0	0	0	407	0	0	-0	-0	0	-0	0	0	-0.03	0.073
250.8	NaN	1411	NaN	1050	0	-3	364	0	0	0	407	0	-0	0	0	0	-0	-0	-0	-0.031	0.155
250.9	NaN	1416	NaN	1051	0	-2	363	0	0	0	406	0	0	0	-0	-0	-0	0	0	-0.027	0.088
251	NaN	1415	NaN	1050	0	-0	359	0	0	0	407	0	0	-0	0	0	0	0	0	-0.028	0.122
251.1	NaN	1409	NaN	1050	0	-1	361	0	0	0	407	0	0	-0	0	0	0	0	0	-0.022	0.137
251.2	NaN	1424	NaN	1052	0	-3	359	0	0	0	407	0	0	0	-0	0	0	0	0	-0.022	0.073
251.3	NaN	1409	NaN	1054	0	-2	363	0	0	0	407	0	0	-0	-0	-0	0	0	0	-0.025	0.167
251.4	NaN	1419	NaN	1053	0	-2	361	0	0	0	407	0	-0	-0	-0	-0	-0	0	-0	-0.027	0.063
251.5	NaN	1417	NaN	1051	0	-2	359	0	0	0	407	-0	-0	0	0	-0	0	0	0	-0.028	0.149
251.6	NaN	1404	NaN	1052	0	0	364	0	0	0	407	0	-0	-0	0	0	0	0	0	-0.028	0.081
251.7	NaN	1408	NaN	1050	0	-2	363	0	0	0	407	0	-0	-0	-0	0	0	-0	0	-0.027	0.103
251.8	NaN	1413	NaN	1049	0	-0	361	0	0	0	407	0	-0	-0	-0	-0	0	0	-0	-0.029	0.119
251.9	NaN	1416	NaN	1049	0	-2	360	0	0	0	407	0	-0	0	0	-0	-0	0	-0	-0.03	0.041
252	NaN	1411	NaN	1050	0	0	365	0	0	0	406	-0	0	-0	-0	-0	-0	0	-0	-0.03	0.159
252.1	NaN	1407	NaN	1049	0	-0	362	0	0	0	407	0	-0	0	-0	0	-0	0	-0	-0.031	0.061
252.2	NaN	1418	NaN	1048	0	-2	360	0	0	0	406	0	0	-0	0	0	0	0	0	-0.031	0.145
252.3	NaN	1405	NaN	1048	0	-0	362	0	0	0	407	0	-0	-0	-0	0	-0	0	-0	-0.033	0.091
252.4	NaN	1413	NaN	1049	0	-2	361	0	0	0	407	0	0	-0	-0	0	-0	0	-0	-0.03	0.087
252.5	NaN	1407	NaN	1047	0	-0	362	0	0	0	407	0	-0	0	0	0	0	0	-0	-0.03	0.139
252.6	NaN	1418	NaN	1049	0	-2	360	0	0	0	408	0	0	-0	-0	-0	-0	0	-0	-0.031	0.087
252.7	NaN	1417	NaN	1047	0	-1	362	0	0	0	407	0	-0	-0	-0	0	0	0	0	-0.032	0.142
252.8	NaN	1408	NaN	1048	0	-2	360	0	0	0	407	-0	0	-0	0	-0	0	0	0	-0.032	0.065
252.9	NaN	1419	NaN	1049	0	-3	360	0	0	0	408	0	-0	0	-0	0	-0	0	-0	-0.033	0.112
253	NaN	1405	NaN	1047	0	-2	363	0	0	0	408	0	0	0	0	0	0	0	0	-0.03	0.097
253.1	NaN	1409	NaN	1049	0	-2	362	0	0	0	407	0	-1	0	-1	0	-1	0	-1	-0.033	0.148
253.2	NaN	1418	NaN	1048	0	-3	358	0	0	0	407	-0	0	-0	0	0	0	-0	1	-0.03	0.098
253.3	NaN	1410	NaN	1047	0	-2	362	0	0	0	407	0	-0	-0	-0	0	-0	-0	-0	-0.031	0.053
253.4	NaN	1399	NaN	1047	0	-1	363	0	0	0	408	-0	-0	-0	-0	-0	-0	0	-0	-0.032	0.176
253.5	NaN	1401	NaN	1047	0	0	361	0	0	0	407	0	0	-0	-0	-0	0	0	-0	-0.031	0.059
253.6	NaN	1409	NaN	1048	0	-3	359	0	0	0	407	0	-0	-0	-0	0	-0	0	-0	-0.033	0.17
253.7	NaN	1397	NaN	1047	0	0	361	0	0	0	407	0	0	0	-0	-0	0	-0	-0	-0.031	0.101
253.8	NaN	1412	NaN	1047	0	-3	360	0	0	0	407	-0	0	0	0	0	0	0	-0	-0.032	0.094
253.9	NaN	1397	NaN	1045	0	-0	364	0	0	0	407	0	0	-0	-0	0	-0	0	-0	-0.033	0.074
254	NaN	1407	NaN	1047	0	0	362	0	0	0	407	0	-0	0	0	0	0	0	-0	-0.033	0.064
254.1	NaN	1396	NaN	1046	0	1	364	0	0	0	407	-0	0	0	0	0	-0	0	0	-0.031	0.154
254.2	NaN	1406	NaN	1044	0	0	363	0	0	0	407	0	0	0	0	0	0	0	0	-0.032	0.021
254.3	NaN	1402	NaN	1046	0	0	362	0	0	0	407	0	-0	0	0	0	-0	-0	0	-0.031	0.172
254.4	NaN	1406	NaN	1046	0	-0	361	0	0	0	407	0	-0	0	0	0	-0	0	-0	-0.03	0.101
254.5	NaN	1398	NaN	1044	0	-1	362	0	0	0	407	0	-0	0	-0	-0	0	-0	-0	-0.028	0.082
254.6	NaN	1404	NaN	1044	0	-2	361	0	0	0	407	0	0	0	-0	-0	0	0	-0	-0.027	0.145
254.7	NaN	1403	NaN	1045	0	-2	361	0	0	0	407	-0	0	0	-0	0	0	-0	-0	-0.027	0.037
254.8	NaN	1404	NaN	1046	0	-3	364	0	0	0	407	0	0	-0	0	0	0	0	0	-0.026	0.162
254.9	NaN	1404	NaN	1046	0	-0	362	0	0	0	407	0	-0	-0	-0	0	0	0	-0	-0.027	0.087
255	NaN	1404	NaN	1044	0	-0	359	0	0	0	407	0	0	-0	0	0	0	-0	0	-0.024	0.082
255.1	NaN	1405	NaN	1044	0	-2	360	0	0	0	410	0	-0	-0	-0	-0	-0	0	-0	-0.024	0.145
255.2	NaN	1406	NaN	1044	0	-3	361	0	0	0	406	0	-0	-0	0	0	0	0	0	-0.024	0.056
255.3	NaN	1397	NaN	1042	0	1	362	0	0	0	406	0	-0	0	-0	0	-0	-0	-0	-0.024	0.173
255.4	NaN	1412	NaN	1043	0	-2	360	0	0	0	407	0	-0	-0	0	-0	0	-0	0	-0.025	0.039
255.5	NaN	1399	NaN	1044	0	-2	360	0	0	0	407	0	0	0	-0	0	-0	0	-0	-0.026	0.184
255.6	NaN	1397	NaN	1043	0	-3	359	0	0	0	407	-0	-0	0	-0	-0	-0	-0	-0	-0.026	0.066
255.7	NaN	1401	NaN	1042	0	-2	360	0	0	0	407	0	0	-0	0	0	0	0	0	-0.024	0.091
255.8	NaN	1389	NaN	1044	0	-3	361	0	0	0	406	0	-0	-0	0	-0	-0	0	-0	-0.027	0.11
255.9	NaN	1403	NaN	1042	0	-2	360	0	0	0	407	0	-0	0	-0	0	-0	0	0	-0.027	0.059
256	NaN	1403	NaN	1042	0	0	362	0	0	0	407	0	0	0	0	0	0	0	0	-0.026	0.147
256.1	NaN	1397	NaN	1044	0	-0	363	0	0	0	407	-0	-0	-0	0	-0	-0	-0	0	-0.027	0.072
256.2	NaN	1402	NaN	1041	0	-2	361	0	0	0	407	0	-0	0	-0	-0	0	0	-0	-0.027	0.123
256.3	NaN	1388	NaN	1041	0	-0	362	0	0	0	407	0	-0	0	-0	0	-0	0	-0	-0.026	0.101
256.4	NaN	1396	NaN	1042	0	0	363	0	0	0	407	0	0	0	0	-0	0	0	0	-0.024	0.103
256.5	NaN	1399	NaN	1042	0	-2	362	0	0	0	406	0	0	-0	-0	-0	0	-0	0	-0.024	0.173
256.6	NaN	1405	NaN	1042	0	-3	361	0	0	0	406	-0	-0	-0	-0	0	-0	0	-0	-0.029	0.014
256.7	NaN	1401	NaN	1042	0	-3	360	0	0	0	407	0	0	0	-0	0	0	0	0	-0.03	0.228
256.8	NaN	1387	NaN	1041	0	-0	365	0	0	0	406	-0	-0	-0	0	0	-0	0	0	-0.032	0.052
256.9	NaN	1390	NaN	1041	0	0	365	0	0	0	405	0	0	0	0	0	0	-0	1	-0.029	0.147
257	NaN	1402	NaN	1044	0	-3	360	0	0	0	407	-0	-0	-0	-0	0	-0	-0	-0	-0.032	0.104
257.1	NaN	1391	NaN	1043	0	-0	363	0	0	0	407	-0	-0	0	0	0	-0	0	-0	-0.032	0.055
257.2	NaN	1387	NaN	1043	0	0	364	0	0	0	407	0	-0	0	-0	-0	-0	0	-0	-0.033	0.079
257.3	NaN	1404	NaN	1043	0	-1	363	0	0	0	407	0	0	0	0	-0	0	0	0	-0.03	0.081
257.4	NaN	1388	NaN	1041	0	-1	361	0	0	0	407	-0	-0	0	-0	0	-0	0	-0	-0.031	0.128
257.5	NaN	1401	NaN	1042	0	-3	360	0	0	0	408	-0	-0	0	0	0	-0	0	0	-0.031	0.089
257.6	NaN	1388	NaN	1042	0	-3	360	0	0	0	407	0	-0	0	-0	-0	-0	-0	0	-0.029	0.123
257.7	NaN	1393	NaN	1041	0	-2	363	0	0	0	407	0	0	0	0	0	0	0	0	-0.028	0.122
257.8	NaN	1395	NaN	1039	0	-0	360	0	0	0	407	0	-0	-0	-0	0	-0	0	-0	-0.03	0.064
257.9	NaN	1396	NaN	1039	0	-2	361	0	0	0	408	0	-0	0	0	0	-0	-0	0	-0.031	0.192
258	NaN	1395	NaN	1038	0	-1	361	0	0	0	407	-0	0	0	-0	0	-0	0	-0	-0.032	0.026
258.1	NaN	1393	NaN	1038	0	-1	361	0	0	0	407	0	0	-0	0	0	0	0	0	-0.032	0.159
258.2	NaN	1388	NaN	1037	0	-1	363	0	0	0	405	0	0	0	-0	0	-0	0	-0	-0.033	0.079
258.3	NaN	1390	NaN	1036	0	-1	363	0	0	0	407	0	0	0	-0	0	-0	0	0	-0.032	0.081
258.4	NaN	1390	NaN	1038	0	-3	362	0	0	0	405	0	0	0	0	0	0	0	0	-0.032	0.131
258.5	NaN	1397	NaN	1036	0	-3	360	0	0	0	406	0	-0	0	-0	-0	-0	-0	-0	-0.033	0.061
258.6	NaN	1398	NaN	1038	0	-3	362	0	0	0	407	-0	-0	-0	0	-0	0	0	-0	-0.032	0.109
258.7	NaN	1397	NaN	1036	0	-2	361	0	0	0	407	-0	0	0	0	-0	0	-0	0	-0.03	0.084
258.8	NaN	1388	NaN	1037	0	-1	364	0	0	0	407	-0	0	0	-0	-0	-0	-0	0	-0.032	0.134
258.9	NaN	1385	NaN	1037	0	-0	364	0	0	0	407	0	-0	0	-0	0	-0	-0	0	-0.029	0.11
259	NaN	1397	NaN	1036	0	-2	361	0	0	0	407	-0	-0	0	0	0	-0	-0	0	-0.029	0.099
259.1	NaN	1398	NaN	1037	0	-2	360	0	0	0	407	0	-0	0	0	0	0	0	0	-0.03	0.143
259.2	NaN	1393	NaN	1036	0	-3	359	0	0	0	407	-0	0	0	-0	0	-0	-0	-0	-0.032	0.093
259.3	NaN	1387	NaN	1037	0	-2	361	0	0	0	407	-0	-0	-0	0	-0	-0	0	-0	-0.032	0.143
259.4	NaN	1384	NaN	1036	0	-0	364	0	0	0	407	-0	-0	-0	-0	-0	-0	-0	0	-0.033	0.059
259.5	NaN	1395	NaN	1035	0	-3	360	0	0	0	407	-0	0	-0	0	-0	0	0	0	-0.03	0.129
259.6	NaN	1384	NaN	1038	0	0	364	0	0	0	407	0	-0	0	-0	0	-0	0	-0	-0.032	0.148
259.7	NaN	1379	NaN	1037	0	0	364	0	0	0	408	0	-0	-0	-0	0	-0	0	-0	-0.027	0.028
259.8	NaN	1386	NaN	1038	0	-0	363	0	0	0	407	0	-0	0	0	0	0	0	0	-0.027	0.18
259.9	NaN	1386	NaN	1036	0	-2	362	0	0	0	407	0	0	0	-0	-0	0	0	-0	-0.028	0.032
260	NaN	1387	NaN	1038	0	0	365	0	0	0	407	0	-0	0	-0	-0	-0	0	-0	-0.027	0.177
260.1	NaN	1380	NaN	1035	0	0	363	0	0	0	407	0	0	0	0	0	0	0	0	-0.024	0.023
260.2	NaN	1390	NaN	1036	0	-1	364	0	0	0	407	0	0	0	0	0	0	0	0	-0.024	0.175
260.3	NaN	1381	NaN	1032	0	-2	362	0	0	0	407	0	-0	0	-0	0	-0	-0	-0	-0.023	0.104
260.4	NaN	1395	NaN	1033	0	-1	359	0	0	0	406	0	0	-0	0	0	0	0	0	-0.021	0.068
260.5	NaN	1386	NaN	1034	0	0	367	0	0	0	406	0	-0	-0	-0	-0	-0	0	-0	-0.021	0.141
260.6	NaN	1382	NaN	1034	0	0	363	0	0	0	407	0	0	0	-0	-0	-0	0	-0	-0.021	0.061
260.7	NaN	1385	NaN	1032	0	-1	364	0	0	0	408	-0	0	-0	0	-0	-0	0	-0	-0.021	0.126
260.8	NaN	1385	NaN	1033	0	-0	362	0	0	0	406	0	0	0	0	-0	-0	-0	-0	-0.022	0.071
260.9	NaN	1379	NaN	1033	0	-2	362	0	0	0	407	0	0	0	-0	0	0	0	0	-0.02	0.099
261	NaN	1383	NaN	1032	0	-0	360	0	0	0	407	0	0	-0	0	0	0	0	0	-0.021	0.133
261.1	NaN	1382	NaN	1033	0	-2	362	0	0	0	407	-0	-0	0	0	0	-0	-0	-0	-0.02	0.065
261.2	NaN	1389	NaN	1034	0	-0	363	0	0	0	407	0	-0	0	0	0	0	0	0	-0.02	0.134
261.3	NaN	1373	NaN	1033	0	0	364	0	0	0	407	-0	-0	-0	-0	0	-0	0	-0	-0.018	0.081
261.4	NaN	1380	NaN	1033	0	-3	361	0	0	0	408	-0	-0	0	0	-0	0	0	-0	-0.018	0.126
261.5	NaN	1386	NaN	1034	0	-1	361	0	0	0	408	-0	0	0	0	-0	0	0	0	-0.019	0.102
261.6	NaN	1379	NaN	1034	0	-1	361	0	0	0	407	0	-0	0	0	0	0	0	-0	-0.02	0.065
261.7	NaN	1386	NaN	1033	0	-1	362	0	0	0	406	0	0	0	-0	-0	0	0	-0	-0.022	0.165
261.8	NaN	1375	NaN	1032	0	-0	362	0	0	0	408	0	-0	-0	-0	-0	-0	0	-0	-0.023	0.021
261.9	NaN	1376	NaN	1031	0	0	364	0	0	0	407	-0	-0	0	-0	-0	0	0	-0	-0.022	0.095
262	NaN	1378	NaN	1033	0	-0	362	0	0	0	408	0	0	-0	0	-0	-0	0	-0	-0.023	0.049
262.1	NaN	1379	NaN	1032	0	0	362	0	0	0	407	-0	0	-0	0	0	-0	0	0	-0.024	0.155
262.2	NaN	1381	NaN	1031	0	-2	359	0	0	0	407	0	-0	0	0	0	0	0	0	-0.025	0.054
262.3	NaN	1383	NaN	1031	0	-1	362	0	0	0	407	0	-0	-0	0	0	0	0	0	-0.023	0.144
262.4	NaN	1376	NaN	1031	0	-1	362	0	0	0	407	0	0	0	0	-0	-0	0	0	-0.023	0.094
262.5	NaN	1382	NaN	1031	0	-2	361	0	0	0	406	0	-0	-0	0	-0	-0	0	0	-0.024	0.102
262.6	NaN	1380	NaN	1031	0	-2	360	0	0	0	408	-0	-0	0	0	0	-0	0	-0	-0.024	0.146
262.7	NaN	1388	NaN	1030	0	-0	361	0	0	0	407	0	-0	0	-0	-0	-0	0	0	-0.025	0.059
262.8	NaN	1380	NaN	1028	0	-1	360	0	0	0	407	0	-0	-0	0	-0	-0	0	-0	-0.024	0.176
262.9	NaN	1380	NaN	1030	0	-0	361	0	0	0	407	0	0	-0	-0	-0	-0	-0	0	-0.025	0.045
263	NaN	1383	NaN	1028	0	-2	360	0	0	0	407	0	-0	-0	0	0	-0	0	0	-0.022	0.163
263.1	NaN	1368	NaN	1029	0	0	364	0	0	0	407	0	0	0	-0	0	0	-0	0	-0.023	0.056
263.2	NaN	1386	NaN	1029	0	-2	361	0	0	0	407	0	-0	0	-0	0	0	0	0	-0.024	0.116
263.3	NaN	1367	NaN	1029	0	0	362	0	0	0	407	0	-0	0	0	-0	-0	-0	-0	-0.025	0.108
263.4	NaN	1388	NaN	1029	0	-3	359	0	0	0	406	0	0	-0	0	0	0	0	-0	-0.024	0.06
263.5	NaN	1367	NaN	1028	0	0	363	0	0	0	406	0	-0	-0	-0	0	0	-0	0	-0.026	0.138
263.6	NaN	1377	NaN	1028	0	-1	360	0	0	0	407	0	0	0	0	-0	-0	0	-0	-0.025	0.06
263.7	NaN	1378	NaN	1028	0	-1	362	0	0	0	407	0	-0	-0	0	0	0	-0	0	-0.025	0.145
263.8	NaN	1370	NaN	1028	0	0	363	0	0	0	407	0	-0	0	0	0	-0	0	-0	-0.026	0.094
263.9	NaN	1381	NaN	1028	0	0	361	0	0	0	407	0	0	0	-0	-0	0	0	0	-0.026	0.122
264	NaN	1375	NaN	1028	0	0	362	0	0	0	407	0	0	0	-0	0	-0	-0	-0	-0.024	0.129
264.1	NaN	1384	NaN	1028	0	-2	361	0	0	0	407	0	-0	0	0	-0	0	0	-0	-0.025	0.082
264.2	NaN	1369	NaN	1027	0	-1	364	0	0	0	408	0	-0	0	-0	-0	0	-0	-0	-0.025	0.139
264.3	NaN	1374	NaN	1027	0	-1	363	0	0	0	406	0	0	-0	0	0	0	0	0	-0.026	0.048
264.4	NaN	1375	NaN	1025	0	-2	361	0	0	0	407	0	0	0	0	0	-0	0	-0	-0.025	0.171
264.5	NaN	1373	NaN	1027	0	-1	363	0	0	0	407	0	0	0	0	0	-0	0	0	-0.025	0.075
264.6	NaN	1372	NaN	1027	0	0	364	0	0	0	407	0	0	0	0	0	0	0	-0	-0.027	0.128
264.7	NaN	1364	NaN	1026	0	1	365	0	0	0	407	0	0	0	-0	-0	0	0	-0	-0.028	0.068
264.8	NaN	1365	NaN	1026	0	0	364	0	0	0	407	0	-0	-0	-0	0	-0	0	-0	-0.028	0.107
264.9	NaN	1374	NaN	1028	0	-3	362	0	0	0	407	-0	0	0	0	0	-0	0	-0	-0.028	0.133
265	NaN	1374	NaN	1026	0	-1	362	0	0	0	407	0	0	-0	0	0	0	0	0	-0.03	0.075
265.1	NaN	1364	NaN	1026	0	-0	362	0	0	0	408	0	-0	0	0	-0	-0	0	-0	-0.031	0.157
265.2	NaN	1379	NaN	1026	0	-1	360	0	0	0	407	0	0	0	0	0	-0	0	0	-0.032	0.044
265.3	NaN	1365	NaN	1026	0	0	364	0	0	0	407	0	-0	-0	0	0	-0	0	-0	-0.027	0.16
265.4	NaN	1370	NaN	1025	0	-2	361	0	0	0	406	0	-0	-0	-0	0	0	0	-0	-0.028	0.092
265.5	NaN	1368	NaN	1025	0	-1	363	0	0	0	405	0	-0	0	-0	-0	-0	0	-0	-0.028	0.129
265.6	NaN	1361	NaN	1025	0	0	363	0	0	0	407	0	0	0	0	-0	0	0	0	-0.029	0.109
265.7	NaN	1367	NaN	1026	0	-2	359	0	0	0	408	-0	0	-0	0	0	0	0	-0	-0.03	0.094
265.8	NaN	1361	NaN	1024	0	-1	361	0	0	0	408	0	-0	0	0	-0	0	0	0	-0.026	0.138
265.9	NaN	1360	NaN	1025	0	-3	361	0	0	0	407	0	0	0	-0	-0	0	-0	-0	-0.026	0.074
266	NaN	1370	NaN	1024	0	-1	361	0	0	0	407	0	-0	0	-0	0	-0	0	-0	-0.027	0.128
266.1	NaN	1369	NaN	1025	0	-1	363	0	0	0	407	0	0	-0	0	0	-0	-0	0	-0.028	0.08
266.2	NaN	1371	NaN	1024	0	-0	363	0	0	0	407	-0	-0	0	-0	0	0	-0	-0	-0.026	0.088
266.3	NaN	1377	NaN	1024	0	-2	362	0	0	0	407	-0	-0	-0	-0	0	-0	-0	0	-0.027	0.126
266.4	NaN	1374	NaN	1022	0	-2	361	0	0	0	407	-0	-0	0	0	-0	-0	0	0	-0.029	0.049
266.5	NaN	1369	NaN	1023	0	-1	364	0	0	0	407	0	0	-0	0	0	0	0	0	-0.03	0.164
266.6	NaN	1368	NaN	1024	0	-1	361	0	0	0	408	0	0	0	-0	0	0	0	0	-0.03	0.036
266.7	NaN	1361	NaN	1023	0	-1	363	0	0	0	406	0	-0	0	0	0	0	0	-0	-0.031	0.175
266.8	NaN	1371	NaN	1024	0	-1	361	0	0	0	406	0	-0	0	0	0	-0	0	-0	-0.03	0.073
266.9	NaN	1375	NaN	1023	0	-3	357	0	0	0	408	0	0	-0	0	0	0	0	0	-0.03	0.128
267	NaN	1356	NaN	1024	0	0	364	0	0	0	407	0	-0	-0	-0	-0	0	0	-0	-0.031	0.106
267.1	NaN	1368	NaN	1022	0	-3	360	0	0	0	408	0	0	-0	0	0	-0	-0	0	-0.032	0.062
267.2	NaN	1363	NaN	1022	0	-0	363	0	0	0	407	0	-0	0	0	-0	-0	0	0	-0.033	0.151
267.3	NaN	1361	NaN	1022	0	-2	363	0	0	0	407	0	0	0	-0	0	0	0	-0	-0.034	0.041
267.4	NaN	1358	NaN	1020	0	0	363	0	0	0	407	-0	-0	0	-0	-0	-0	0	0	-0.033	0.179
267.5	NaN	1366	NaN	1023	0	-3	360	0	0	0	407	0	-0	0	0	0	-0	0	0	-0.034	0.065
267.6	NaN	1368	NaN	1024	0	-0	363	0	0	0	407	0	0	0	-0	0	0	0	0	-0.034	0.119
267.7	NaN	1363	NaN	1024	0	-1	361	0	0	0	407	0	0	-0	-0	-0	0	-0	-0	-0.034	0.119
267.8	NaN	1359	NaN	1023	0	0	365	0	0	0	406	0	-0	0	-0	0	-0	0	0	-0.031	0.095
267.9	NaN	1356	NaN	1023	0	1	364	0	0	0	407	0	-0	0	-0	0	0	0	-0	-0.029	0.144
268	NaN	1368	NaN	1019	0	-2	360	0	0	0	406	0	0	-0	0	0	0	0	-0	-0.029	0.078
268.1	NaN	1355	NaN	1019	0	-2	360	0	0	0	407	-0	0	-0	-0	0	-0	0	0	-0.029	0.153
268.2	NaN	1357	NaN	1018	0	-1	363	0	0	0	408	0	-0	0	0	-0	-0	0	-0	-0.03	0.044
268.3	NaN	1362	NaN	1020	0	0	363	0	0	0	407	0	-0	-0	0	0	-0	0	0	-0.029	0.118
268.4	NaN	1369	NaN	1019	0	-1	360	0	0	0	406	0	-0	-0	0	-0	0	0	0	-0.028	0.117
268.5	NaN	1363	NaN	1019	0	0	361	0	0	0	407	-0	0	0	0	-0	-0	0	0	-0.029	0.08
268.6	NaN	1357	NaN	1019	0	-0	362	0	0	0	407	0	0	-0	0	-0	0	0	-0	-0.029	0.164
268.7	NaN	1352	NaN	1018	0	-1	361	0	0	0	408	0	-0	0	0	-0	-0	0	-0	-0.03	0.049
268.8	NaN	1368	NaN	1020	0	-1	361	0	0	0	407	0	0	-0	0	0	-0	-0	-0	-0.028	0.18
268.9	NaN	1368	NaN	1021	0	-2	362	0	0	0	407	0	-0	-0	0	-0	0	0	0	-0.029	0.074
269	NaN	1371	NaN	1019	0	-2	359	0	0	0	405	0	0	0	-0	0	-0	0	-0	-0.028	0.125
269.1	NaN	1357	NaN	1019	0	0	365	0	0	0	406	0	-0	0	-0	0	0	0	0	-0.028	0.088
269.2	NaN	1366	NaN	1018	0	-2	360	0	0	0	407	0	0	0	0	-0	0	0	-0	-0.029	0.05
269.3	NaN	1361	NaN	1018	0	0	361	0	0	0	407	0	0	-0	-0	-0	0	0	-0	-0.032	0.057
269.4	NaN	1351	NaN	1015	0	-1	365	0	0	0	406	0	-0	0	-0	-0	0	0	0	-0.032	0.049
269.5	NaN	1351	NaN	1018	0	0	363	0	0	0	407	0	-0	-0	-0	-0	0	0	-0	-0.032	0.136
269.6	NaN	1350	NaN	1017	0	-0	363	0	0	0	407	-0	-0	-0	0	0	0	0	-0	-0.033	0.078
269.7	NaN	1356	NaN	1016	0	-2	359	0	0	0	407	0	-0	-0	0	-0	-0	0	-0	-0.034	0.147
269.8	NaN	1358	NaN	1016	0	-3	362	0	0	0	408	0	-0	0	-0	0	0	-0	-0	-0.032	0.072
269.9	NaN	1355	NaN	1017	0	-3	362	0	0	0	407	0	-0	-0	-0	-0	-0	0	0	-0.031	0.093
270	NaN	1367	NaN	1016	0	0	359	0	0	0	407	0	0	-0	-0	0	0	0	0	-0.031	0.136
270.1	NaN	1351	NaN	1013	0	-0	364	0	0	0	407	0	-0	0	0	0	0	0	-0	-0.032	0.068
270.2	NaN	1347	NaN	1016	0	-3	364	0	0	0	407	0	-0	0	-0	0	0	0	0	-0.032	0.124
270.3	NaN	1351	NaN	1016	0	-3	362	0	0	0	407	0	-0	0	-0	-0	-0	0	-0	-0.032	0.076
270.4	NaN	1365	NaN	1016	0	-1	362	0	0	0	408	0	0	0	-0	-0	-0	0	0	-0.031	0.127
270.5	NaN	1352	NaN	1015	0	-0	361	0	0	0	407	0	-0	-0	-0	-0	0	0	0	-0.031	0.108
270.6	NaN	1354	NaN	1014	0	-1	360	0	0	0	407	0	-0	-0	0	0	0	0	-0	-0.033	0.092
270.7	NaN	1353	NaN	1014	0	-0	362	0	0	0	406	0	-0	0	0	0	-0	0	0	-0.034	0.126
270.8	NaN	1360	NaN	1015	0	0	360	0	0	0	407	0	-0	0	0	0	-0	0	-0	-0.036	0.062
270.9	NaN	1350	NaN	1016	0	-1	360	0	0	0	407	0	-0	-0	0	0	0	-0	0	-0.035	0.142
271	NaN	1354	NaN	1015	0	-3	361	0	0	0	407	0	0	-0	0	-0	-0	0	0	-0.035	0.056
271.1	NaN	1354	NaN	1015	0	-0	363	0	0	0	407	0	-0	-0	0	-0	-0	0	-0	-0.035	0.163
271.2	NaN	1350	NaN	1015	0	-2	362	0	0	0	407	0	0	0	0	-0	0	0	0	-0.035	0.077
271.3	NaN	1360	NaN	1013	0	-1	361	0	0	0	407	0	-0	-0	0	-0	-0	0	-0	-0.034	0.115
271.4	NaN	1355	NaN	1016	0	-2	360	0	0	0	407	-0	-0	0	-0	0	0	0	-0	-0.033	0.126
271.5	NaN	1356	NaN	1014	0	-1	362	0	0	0	407	0	-0	0	0	0	0	0	0	-0.034	0.035
271.6	NaN	1356	NaN	1015	0	0	363	0	0	0	407	0	0	-0	-0	-0	-0	0	-0	-0.038	0.161
271.7	NaN	1344	NaN	1012	0	0	361	0	0	0	407	0	0	0	-0	0	0	0	0	-0.038	0.053
271.8	NaN	1342	NaN	1013	0	-3	361	0	0	0	407	-0	-0	-0	0	-0	-0	-0	-0	-0.037	0.174
271.9	NaN	1351	NaN	1013	0	-2	359	0	0	0	407	-0	-0	-0	-0	-0	0	-0	-0	-0.038	0.038
272	NaN	1349	NaN	1013	0	-1	363	0	0	0	407	-0	-0	0	-0	-0	0	0	-0	-0.036	0.124
272.1	NaN	1342	NaN	1013	0	-2	361	0	0	0	407	0	0	0	0	0	-0	0	-0	-0.037	0.105
272.2	NaN	1351	NaN	1014	0	-3	360	0	0	0	407	0	0	0	0	0	0	0	-0	-0.036	0.07
272.3	NaN	1357	NaN	1012	0	-2	360	0	0	0	408	-0	0	0	0	-0	0	0	-0	-0.034	0.162
272.4	NaN	1354	NaN	1013	0	-2	361	0	0	0	407	0	-0	0	0	-0	0	-0	-0	-0.034	0.045
272.5	NaN	1343	NaN	1012	0	-1	364	0	0	0	406	-0	0	0	0	0	0	0	0	-0.034	0.155
272.6	NaN	1343	NaN	1012	0	-0	363	0	0	0	407	0	-0	-0	-0	0	0	-0	0	-0.036	0.051
272.7	NaN	1350	NaN	1011	0	-0	363	0	0	0	407	0	-0	0	0	-0	-0	0	-0	-0.037	0.111
272.8	NaN	1342	NaN	1011	0	-3	361	0	0	0	407	0	0	-0	-0	0	-0	0	0	-0.036	0.096
272.9	NaN	1346	NaN	1012	0	-0	363	0	0	0	407	0	-0	0	0	-0	0	0	0	-0.036	0.092
273	NaN	1341	NaN	1013	0	0	365	0	0	0	407	0	0	0	-0	0	-0	0	0	-0.036	0.145
273.1	NaN	1339	NaN	1013	0	-1	363	0	0	0	407	-0	0	0	0	0	0	-0	-0	-0.038	0.048
273.2	NaN	1355	NaN	1012	0	-3	362	0	0	0	407	0	-0	0	0	-0	-0	0	-0	-0.038	0.156
273.3	NaN	1344	NaN	1010	0	0	362	0	0	0	407	0	-0	-0	-0	0	-0	-0	-0	-0.032	0.039
273.4	NaN	1352	NaN	1012	0	-1	361	0	0	0	407	-0	0	-0	0	0	0	0	-0	-0.032	0.187
273.5	NaN	1349	NaN	1013	0	-2	361	0	0	0	407	0	-0	0	-0	-0	-0	0	0	-0.034	0.017
273.6	NaN	1343	NaN	1013	0	-0	362	0	0	0	407	0	0	0	0	-0	0	0	0	-0.033	0.149
273.7	NaN	1342	NaN	1011	0	-1	363	0	0	0	406	0	-0	0	-0	-0	-0	0	-0	-0.033	0.097
273.8	NaN	1341	NaN	1011	0	-2	362	0	0	0	407	-0	-0	0	-0	-0	-0	0	0	-0.033	0.098
273.9	NaN	1350	NaN	1010	0	1	362	0	0	0	407	-0	-0	0	-0	-0	0	0	-0	-0.033	0.161
274	NaN	1341	NaN	1012	0	-1	363	0	0	0	406	-0	0	-0	-0	-0	0	0	-0	-0.032	0.028
274.1	NaN	1345	NaN	1011	0	-3	361	0	0	0	406	0	0	-0	0	-0	0	0	-0	-0.032	0.197
274.2	NaN	1337	NaN	1010	0	-0	364	0	0	0	408	0	-0	0	0	-0	0	0	0	-0.032	0.032
274.3	NaN	1338	NaN	1010	0	-1	363	0	0	0	406	0	-0	-0	0	0	0	0	0	-0.032	0.145
274.4	NaN	1341	NaN	1010	0	-1	364	0	0	0	406	0	-0	0	-0	-0	0	0	-0	-0.033	0.076
274.5	NaN	1346	NaN	1009	0	-1	362	0	0	0	406	0	-0	0	-0	-0	0	0	-0	-0.033	0.122
274.6	NaN	1349	NaN	1010	0	-1	361	0	0	0	407	0	0	0	0	-0	-0	-0	0	-0.032	0.105
274.7	NaN	1342	NaN	1011	0	-3	360	0	0	0	407	-0	0	0	-0	-0	-0	0	-0	-0.033	0.073
274.8	NaN	1344	NaN	1010	0	-2	362	0	0	0	407	0	0	-0	0	0	-0	0	-0	-0.03	0.155
274.9	NaN	1339	NaN	1010	0	-0	362	0	0	0	407	0	-0	0	-0	-0	-0	0	0	-0.031	0.051
275	NaN	1338	NaN	1009	0	-0	363	0	0	0	407	-0	0	0	0	-0	-0	0	-0	-0.031	0.15
275.1	NaN	1343	NaN	1010	0	0	363	0	0	0	407	-0	0	0	0	-0	0	0	-0	-0.032	0.122
275.2	NaN	1339	NaN	1008	0	-0	362	0	0	0	406	0	0	0	0	0	0	0	-0	-0.032	0.11
275.3	NaN	1345	NaN	1008	0	-1	362	0	0	0	407	0	-0	-0	0	0	0	0	-0	-0.032	0.145
275.4	NaN	1344	NaN	1008	0	-2	361	0	0	0	408	-0	0	0	0	0	-0	0	-0	-0.031	0.09
275.5	NaN	1342	NaN	1007	0	-0	363	0	0	0	409	0	0	0	-0	-0	-0	0	0	-0.03	0.157
275.6	NaN	1349	NaN	1007	0	-2	362	0	0	0	407	0	-0	-0	-0	-0	-0	-0	0	-0.03	0.067
275.7	NaN	1344	NaN	1004	0	-0	363	0	0	0	407	0	0	0	-0	-0	-0	0	0	-0.03	0.111
275.8	NaN	1343	NaN	1005	0	-0	364	0	0	0	407	0	0	0	-0	-0	0	0	0	-0.036	0.123
275.9	NaN	1350	NaN	1006	0	-3	359	0	0	0	407	0	0	-0	0	-0	0	0	-0	-0.037	0.108
276	NaN	1333	NaN	1004	0	0	363	0	0	0	407	0	-0	0	0	-0	0	0	0	-0.038	0.116
276.1	NaN	1341	NaN	1004	0	-3	360	0	0	0	407	0	-0	0	0	-0	0	0	0	-0.038	0.069
276.2	NaN	1343	NaN	1006	0	0	361	0	0	0	407	0	0	0	-0	0	-0	0	0	-0.037	0.147
276.3	NaN	1345	NaN	1006	0	-3	360	0	0	0	407	0	0	-0	0	0	0	0	-0	-0.037	0.055
276.4	NaN	1334	NaN	1006	0	0	364	0	0	0	407	0	-0	0	-0	0	0	0	0	-0.032	0.155
276.5	NaN	1340	NaN	1005	0	0	363	0	0	0	407	-0	0	0	-0	0	-0	0	-0	-0.032	0.069
276.6	NaN	1331	NaN	1005	0	-3	361	0	0	0	408	0	-0	0	-0	0	-0	-0	-0	-0.034	0.129
276.7	NaN	1343	NaN	1005	0	-3	360	0	0	0	405	0	0	-0	0	0	0	0	0	-0.035	0.096
276.8	NaN	1346	NaN	1004	0	-2	362	0	0	0	407	0	0	0	-0	0	0	0	-0	-0.032	0.083
276.9	NaN	1329	NaN	1004	0	0	365	0	0	0	407	0	-0	-0	-0	0	-0	0	-0	-0.033	0.12
277	NaN	1329	NaN	1005	0	-2	363	0	0	0	407	0	0	0	0	0	-0	0	0	-0.03	0.055
277.1	NaN	1330	NaN	1005	0	-3	362	0	0	0	407	0	0	0	0	-0	-0	0	0	-0.03	0.16
277.2	NaN	1337	NaN	1004	0	0	362	0	0	0	406	-0	0	-0	0	0	-0	0	0	-0.032	0.052
277.3	NaN	1332	NaN	1003	0	-2	362	0	0	0	407	0	-0	0	0	-0	-0	-0	-0	-0.034	0.156
277.4	NaN	1343	NaN	1003	0	-0	362	0	0	0	406	-0	0	-0	-0	-0	0	0	0	-0.03	0.045
277.5	NaN	1334	NaN	1003	0	-2	364	0	0	0	407	-0	-0	-0	-0	0	-0	0	-0	-0.031	0.162
277.6	NaN	1327	NaN	1004	0	0	365	0	0	0	407	0	0	0	0	0	0	0	-0	-0.033	0.076
277.7	NaN	1326	NaN	1000	0	-0	364	0	0	0	406	0	-0	0	-0	0	0	0	0	-0.034	0.099
277.8	NaN	1330	NaN	1003	0	-0	363	0	0	0	406	0	0	0	0	0	0	-0	-0	-0.032	0.146
277.9	NaN	1330	NaN	1002	0	0	365	0	0	0	407	0	-0	-0	-0	0	-0	-0	-0	-0.033	0.051
