# F34 BrakeDataPreprocessor optimizer-compatible export
# Source session: endurance65
# Segment type: endurance_stint | source time 1024.600 to 1844.500 s
# Source files: Endurance 6-5.txt
# Format: drs_22_column | estimated: none | missing-as-NaN: tempFLRaw, tempRLRaw | startup-cleaning: trimmed 0.00 s, start 26.6 C, spikes 4880
Time_s	FL_RotorTemp_RAW	FR_RotorTemp_RAW	RL_RotorTemp_RAW	RR_RotorTemp_RAW	DRS_State	Steering_pct	FrontBrakePressure_RAW	AccelPedalA_pct	AccelPedalB_pct	Reserved	RearBrakePressure_RAW	FL_FeedbackTorque_pctMn	FL_FeedbackVelocity_rpm	FR_FeedbackTorque_pctMn	FR_FeedbackVelocity_rpm	RL_FeedbackTorque_pctMn	RL_FeedbackVelocity_rpm	RR_FeedbackTorque_pctMn	RR_FeedbackVelocity_rpm	Velocity_mps	AccelX_mps2
0	NaN	618	NaN	800	0	-4	362	48	43	0	409	28	728	25	716	75	748	65	760	1.187	4.324
0.1	NaN	593	NaN	636	0	-4	360	48	43	0	411	28	998	25	984	73	1013	66	1021	1.611	4.39
0.2	NaN	607	NaN	708	0	-6	359	49	43	0	409	30	1271	25	1250	76	1288	64	1288	2.05	4.288
0.3	NaN	627	NaN	669	0	-4	361	48	43	0	409	29	1518	26	1547	74	1568	66	1555	2.498	4.278
0.4	NaN	633	NaN	658	0	-5	356	48	43	0	409	29	1805	25	1804	74	1840	63	1836	2.924	4.416
0.5	NaN	615	NaN	640	0	-6	362	49	43	0	410	29	2090	25	2077	74	2105	63	2125	3.369	4
0.6	NaN	586	NaN	715	0	-5	358	48	42	0	408	29	2353	25	2326	73	2399	62	2344	3.804	4.346
0.7	NaN	582	NaN	656	0	-6	357	48	40	0	411	27	2603	23	2601	70	2637	60	2645	4.213	3.918
0.8	NaN	596	NaN	694	0	-6	363	48	39	0	409	26	2886	21	2834	66	2935	55	2880	4.604	4.105
0.9	NaN	576	NaN	676	0	-7	363	46	37	0	408	24	3072	19	3020	61	3119	48	3082	4.951	3.433
1	NaN	576	NaN	688	0	-6	360	45	35	0	409	22	3264	17	3224	56	3301	44	3264	5.28	3.129
1.1	NaN	576	NaN	669	0	-10	360	47	35	0	410	23	3470	18	3398	61	3528	45	3463	5.563	2.839
1.2	NaN	575	NaN	747	0	-11	361	45	35	0	410	22	3667	17	3604	56	3671	43	3647	5.871	2.574
1.3	NaN	571	NaN	683	0	-14	364	45	35	0	411	23	3880	17	3742	57	3928	43	3780	6.163	2.671
1.4	NaN	567	NaN	689	0	-14	360	45	35	0	411	23	4050	17	3928	56	4076	42	3990	6.46	2.301
1.5	NaN	560	NaN	710	0	-11	360	45	35	0	410	23	4241	17	4100	57	4276	43	4153	6.747	2.366
1.6	NaN	586	NaN	702	0	-5	362	44	34	0	411	21	4383	18	4338	52	4406	45	4357	7.039	3.294
1.7	NaN	601	NaN	700	0	-3	359	43	33	0	410	18	4490	16	4476	44	4544	40	4542	7.239	1.852
1.8	NaN	577	NaN	762	0	-3	356	43	33	0	409	17	4627	16	4660	42	4667	41	4715	7.469	1.616
1.9	NaN	577	NaN	685	0	-2	360	43	32	0	409	17	4714	16	4781	43	4783	39	4864	7.7	2.736
2	NaN	582	NaN	784	0	-2	359	42	32	0	410	17	4889	17	4915	42	4933	40	4981	7.91	2.294
2.1	NaN	591	NaN	688	0	-4	357	41	31	0	408	16	4985	16	5048	39	5018	38	5078	8.131	1.476
2.2	NaN	591	NaN	699	0	-2	360	39	29	0	409	12	5055	11	5087	29	5133	28	5156	8.254	1.708
2.3	NaN	550	NaN	663	0	-1	357	39	30	0	410	12	5171	12	5190	31	5209	29	5246	8.4	1.621
2.4	NaN	578	NaN	773	0	-4	357	39	31	0	409	14	5238	14	5321	34	5253	33	5323	8.55	2.365
2.5	NaN	577	NaN	777	0	-3	360	39	31	0	408	14	5319	13	5372	35	5400	32	5423	8.715	1.502
2.6	NaN	582	NaN	662	0	-7	356	39	31	0	408	15	5511	13	5473	37	5538	29	5508	8.849	1.216
2.7	NaN	590	NaN	698	0	-12	356	39	29	0	408	14	5613	11	5523	34	5658	27	5572	9.009	1.961
2.8	NaN	555	NaN	734	0	-18	357	38	30	0	409	15	5729	9	5530	36	5763	21	5540	9.14	1.561
2.9	NaN	537	NaN	751	0	-21	361	36	27	0	409	11	5836	7	5480	28	5901	17	5546	9.24	0.504
3	NaN	523	NaN	682	0	-30	363	34	25	0	407	9	5947	4	5494	21	5947	10	5469	9.261	-0.37
3.1	NaN	531	NaN	625	0	-28	358	32	24	0	408	7	5946	3	5477	16	5958	7	5455	9.266	-0.517
3.2	NaN	558	NaN	559	0	-33	359	29	21	0	410	-0	5914	-0	5336	-1	5864	-0	5318	9.151	-1.66
3.3	NaN	550	NaN	555	0	-32	359	26	18	0	408	-0	5849	-0	5306	-0	5851	-0	5251	9.049	-1.291
3.4	NaN	549	NaN	560	0	-30	360	26	17	0	408	-0	5762	-0	5285	0	5765	-0	5177	8.968	-1.177
3.5	NaN	552	NaN	559	0	-18	362	25	16	0	409	-0	5591	-0	5279	-0	5616	0	5274	8.836	-0.264
3.6	NaN	553	NaN	556	0	-1	358	25	15	0	410	-0	5367	-1	5363	-1	5387	-1	5371	8.77	-1.414
3.7	NaN	553	NaN	565	0	18	359	26	19	0	410	-0	5094	-0	5463	-0	5176	0	5434	8.659	-1.296
3.8	NaN	551	NaN	558	0	45	362	26	19	0	411	-0	4838	-0	5451	-0	4899	0	5499	8.511	-1.572
3.9	NaN	543	NaN	552	0	60	365	26	19	0	411	-0	4628	-0	5441	-0	4643	-0	5489	8.3	-3.566
4	NaN	548	NaN	560	0	71	362	26	19	0	409	-0	4468	-0	5411	-0	4459	-0	5431	8.104	-2.423
4.1	NaN	554	NaN	564	0	82	359	27	20	0	410	-0	4265	-0	5309	-0	4238	-0	5353	7.866	-1.407
4.2	NaN	544	NaN	555	0	82	359	27	20	0	410	-0	4178	0	5183	-0	4083	-0	5224	7.614	-2.844
4.3	NaN	555	NaN	557	0	85	362	27	20	0	410	-0	4029	-0	5096	-0	3927	-0	5086	7.376	-2.736
4.4	NaN	549	NaN	560	0	87	361	27	20	0	409	-0	3904	-0	4977	-0	3791	0	4971	7.15	-2.034
4.5	NaN	551	NaN	550	0	90	361	28	20	0	409	-0	3732	-0	4842	-0	3599	0	4806	6.901	-3.402
4.6	NaN	549	NaN	562	0	94	360	27	20	0	407	-0	3623	0	4717	-0	3457	0	4640	6.714	-4.042
4.7	NaN	538	NaN	712	0	94	362	30	23	0	408	-1	3496	5	4646	-2	3287	12	4551	6.459	-3.492
4.8	NaN	522	NaN	717	0	97	362	31	23	0	408	-1	3454	5	4570	-2	3197	14	4479	6.322	-2.189
4.9	NaN	576	NaN	665	0	97	359	35	27	0	409	-3	3330	18	4644	-6	3049	45	4499	6.185	-0.861
5	NaN	595	NaN	706	0	98	358	34	27	0	408	-3	3290	17	4528	-6	3066	43	4447	6.176	-2.044
5.1	NaN	575	NaN	698	0	98	360	34	27	0	408	-2	3311	17	4620	-6	2982	43	4460	6.115	-1.001
5.2	NaN	574	NaN	715	0	97	360	34	27	0	410	-2	3282	17	4557	-6	2962	42	4420	6.084	-0.944
5.3	NaN	550.5	NaN	675	0	95	361	35	27	0	409	-2	3301	17	4565	-5	2923	45	4452	6.023	-2.261
5.4	NaN	550	NaN	688	0	95	362	34	27	0	407	-2	3279	17	4472	-6	3011	43	4338	6.066	0.149
5.5	NaN	549.5	NaN	709	0	94	362	34	27	0	408	-2	3288	17	4491	-5	2995	41	4355	6.042	-0.187
5.6	NaN	549	NaN	687	0	89	363	34	27	0	409	-2	3287	16	4466	-4	3005	41	4300	6.05	-1.337
5.7	NaN	548.5	NaN	694	0	87	359	35	27	0	408	-2	3304	17	4379	-3	3103	42	4282	6.087	0.137
5.8	NaN	548	NaN	738	0	69	362	34	27	0	409	-0	3351	14	4441	0	3150	36	4316	6.09	-1.445
5.9	NaN	547.5	NaN	698	0	68	362	34	27	0	408	0	3364	14	4304	1	3239	35	4225	6.168	0.105
6	NaN	547	NaN	687	0	68	360	34	27	0	408	0	3396	14	4387	1	3231	36	4287	6.196	-0.921
6.1	NaN	546.5	NaN	624	0	69	357	40	33	0	409	1	3455	29	4432	3	3309	73	4391	6.261	1.142
6.2	NaN	563	NaN	622	0	67	362	41	34	0	407	1	3532	31	4557	4	3399	78	4529	6.416	1.43
6.3	NaN	561	NaN	605	0	61	358	44	37	0	407	3	3655	38	4747	9	3563	94	4742	6.631	2.423
6.4	NaN	568	NaN	598	0	46	362	45	39	0	410	8	3866	38	4789	19	3784	95	4852	6.941	2.954
6.5	NaN	546	NaN	620	0	38	360	47	41	0	409	12	4143	37	4933	31	4117	91	4990	7.29	2.393
6.6	NaN	570	NaN	599	0	27	358	50	44	0	409	19	4461	41	5044	46	4472	99	5128	7.712	4.454
6.7	NaN	557	NaN	551	0	15	360	55	49	0	411	28	4829	46	5288	69	4862	112	5487	8.146	5.53
6.8	NaN	527	NaN	568	0	9	358	58	51	0	410	34	5206	46	5572	81	5261	112	5670	8.697	4.727
6.9	NaN	539	NaN	563	0	7	361	57	48	0	411	35	5630	41	5884	83	5683	98	6001	9.263	5.802
7	NaN	548	NaN	597	0	2	361	56	48	0	410	37	6001	38	6081	89	6097	87	6198	9.766	4.468
7.1	NaN	556	NaN	586	0	-2	362	55	46	0	409	35	6293	34	6366	83	6396	84	6516	10.338	3.224
7.2	NaN	539	NaN	578	0	-3	359	55	46	0	411	36	6593	34	6658	85	6701	79	6775	10.809	4.195
7.3	NaN	548	NaN	580	0	-6	357	55	46	0	409	38	6918	34	6955	88	6956	80	7029	11.299	5.045
7.4	NaN	554	NaN	593	0	-9	358	54	45	0	409	38	7241	32	7216	86	7277	71	7276	11.76	4.824
7.5	NaN	546	NaN	606	0	-12	355	53	45	0	409	39	7585	29	7462	89	7616	65	7481	12.195	5.152
7.6	NaN	546	NaN	581	0	-15	356	54	48	0	408	45	7923	31	7686	99	7954	69	7762	12.62	4.819
7.7	NaN	546	NaN	625	0	-12	362	54	48	0	411	44	8198	31	7987	98	8209	67	7999	13.102	5.929
7.8	NaN	538	NaN	608	0	-13	359	53	45	0	411	41	8453	30	8221	90	8500	64	8260	13.537	4.713
7.9	NaN	538	NaN	586	0	-15	358	55	49	0	410	46	8738	33	8482	99	8862	71	8542	13.942	4.109
8	NaN	539	NaN	588	0	-16	358	55	49	0	408	46	9027	32	8733	100	9156	67	8821	14.412	4.51
8.1	NaN	540	NaN	587	0	-15	357	55	49	0	409	44	9288	32	8976	92	9433	67	9066	14.833	4.691
8.2	NaN	531	NaN	582	0	-9	361	56	49	0	408	41	9577	33	9276	86	9665	68	9365	15.191	2.598
8.3	NaN	530	NaN	562	0	-8	360	59	51	0	409	40	9717	33	9547	82	9676	69	9674	15.688	5.109
8.4	NaN	535	NaN	587	0	-6	357	59	51	0	411	38	9943	34	9869	78	10052	69	9951	15.996	4.087
8.5	NaN	544	NaN	582	0	-3	362	59	51	0	411	38	10069	33	10080	76	10206	67	10176	16.35	3.098
8.6	NaN	532	NaN	580	0	-3	360	59	51	0	410	37	10315	34	10273	74	10369	69	10427	16.691	3.658
8.7	NaN	568	NaN	574	0	-2	360	58	49	0	408	36	10431	34	10550	72	10570	69	10572	17.074	3.865
8.8	NaN	514	NaN	580	0	-2	360	56	47	0	411	33	10667	31	10735	63	10786	62	10843	17.311	2.839
8.9	NaN	541	NaN	579	0	2	362	33	23	0	410	5	10604	5	10687	8	10583	9	10791	17.541	-1.597
9	NaN	548	NaN	556	0	-0	359	26	16	0	409	-1	10525	-1	10745	-1	10567	-2	10715	17.394	-1.386
9.1	NaN	555	NaN	594	0	-1	358	2	0	0	408	-19	10361	-19	10505	-14	10367	-14	10486	17.124	-4.105
9.2	NaN	553	NaN	581.7058824	0	1	358	0	0	0	408	-39	10069	-38	10161	-31	9985	-29	10251	16.68	-4.672
9.3	NaN	527	NaN	581.4117647	0	7	362	0	0	0	407	-55	9596	-53	9888	-43	9481	-42	9837	16.06	-7.085
9.4	NaN	538	NaN	581.1176471	0	6	362	0	0	0	407	-57	9078	-55	9461	-46	9060	-43	9383	15.375	-6.489
9.5	NaN	535	NaN	580.8235294	0	8	363	0	0	0	407	-57	8666	-54	9058	-46	8558	-43	9020	14.678	-7.3
9.6	NaN	545	NaN	580.5294118	0	12	357	0	0	0	407	-57	8111	-52	8660	-47	8061	-43	8626	13.997	-7.456
9.7	NaN	548	NaN	580.2352941	0	10	358	13	6	0	408	-31	7820	-28	8361	-26	7817	-23	8387	13.393	-4.694
9.8	NaN	534	NaN	579.9411765	0	2	362	14	7	0	407	-26	7683	-25	8022	-22	7714	-22	7994	12.947	-3.366
9.9	NaN	543	NaN	579.6470588	0	-15	358	14	8	0	408	-23	7710	-26	7587	-20	7716	-23	7542	12.545	-3.662
10	NaN	536	NaN	579.3529412	0	-33	360	11	7	0	406	-24	7662	-34	6857	-21	7704	-30	6746	12.09	-5.511
10.1	NaN	547	NaN	579.0588235	0	-47	363	12	10	0	406	-19	7478	-29	6408	-16	7541	-26	5754	11.619	-4.419
10.2	NaN	550	NaN	578.7647059	0	-55	360	12	9	0	405	-18	7228	-32	6053	-16	7313	-28	4101	11.138	-4.086
10.3	NaN	545	NaN	578.4705882	0	-59	358	11	8	0	406	-20	6932	-36	5712	-18	6984	-32	1646	10.619	-5.424
10.4	NaN	546	NaN	578.1764706	0	-56	358	11	7	0	406	-20	6591	-36	5107	-18	6670	-0	850	10.146	-3.497
10.5	NaN	555	NaN	577.8823529	0	-18	360	15	8	0	406	-19	6369	-24	5384	-19	6261	-22	2155	9.629	-4.557
10.6	NaN	549	NaN	577.5882353	0	19	360	26	18	0	408	0	5631	0	5763	0	5546	0	5737	9.267	-1.16
10.7	NaN	540	NaN	577.2941176	0	37	358	36	28	0	409	3	5212	13	6052	10	5243	30	6029	9.163	-0.784
10.8	NaN	543.875	NaN	601	0	50	358	43	35	0	410	7	5188	31	6175	15	5193	74	6241	9.171	0.444
10.9	NaN	542.75	NaN	610	0	61	358	42	32	0	409	4	5152	31	6289	10	5132	71	6327	9.277	0.723
11	NaN	541.625	NaN	595	0	68	358	41	31	0	408	2	5051	29	6366	4	5055	69	6451	9.271	-0.411
11.1	NaN	557	NaN	607	0	67	365	41	31	0	409	2	5019	29	6475	4	5011	68	6495	9.287	-0.025
11.2	NaN	565	NaN	615	0	67	363	41	32	0	408	1	5006	29	6430	4	5018	69	6457	9.342	-0.907
11.3	NaN	534	NaN	565	0	61	364	46	39	0	408	5	5084	43	6648	12	5125	103	6743	9.416	3.121
11.4	NaN	531	NaN	601	0	50	357	50	42	0	410	9	5233	47	6686	23	5414	114	6886	9.602	2.286
11.5	NaN	540	NaN	589	0	42	363	50	42	0	409	13	5534	45	6669	32	5624	103	6917	9.896	4.892
11.6	NaN	614	NaN	578	0	25	358	50	42	0	410	19	5812	39	6739	47	5924	88	6952	10.186	3.323
11.7	NaN	548	NaN	580	0	18	361	50	42	0	410	22	6218	36	6724	52	6356	84	6856	10.582	4.249
11.8	NaN	547	NaN	578	0	19	362	50	41	0	411	22	6451	36	6978	51	6527	82	7061	10.881	3.292
11.9	NaN	549	NaN	564	0	32	362	51	44	0	411	19	6656	42	7334	44	6638	97	7334	11.271	3.732
12	NaN	539	NaN	554	0	30	361	54	48	0	409	23	6833	49	7614	52	7059	112	7657	11.697	5.934
12.1	NaN	521	NaN	563	0	23	358	66	59	0	412	30	7135	55	8027	67	7188	126	8152	12.165	8.676
12.2	NaN	526	NaN	562	0	20	357	77	72	0	411	32	9518	52	8103	71	7655	116	8106	12.714	6.071
12.3	NaN	541	NaN	562	0	7	362	88	81	0	410	37	7950	45	8423	82	8040	97	8652	13.196	4.535
12.4	NaN	538	NaN	563	0	10	357	89	84	0	409	36	9103	46	8569	79	8361	100	8676	13.768	6.434
12.5	NaN	555	NaN	576	0	5	356	96	89	0	411	35	8570	43	8952	76	8790	93	9128	14.246	5.412
12.6	NaN	538	NaN	570	0	6	361	100	100	0	410	36	8889	41	9112	76	8987	86	9329	14.71	4.08
12.7	NaN	546	NaN	557	1	3	357	100	100	0	409	36	9209	39	9434	76	9330	84	9555	15.167	4.96
12.8	NaN	550	NaN	564	1	3	362	100	100	0	408	36	9492	37	9728	75	9640	76	9775	15.579	3.281
12.9	NaN	530	NaN	564	1	-2	357	100	100	0	410	35	9806	37	9956	73	9793	76	10015	15.994	4.294
13	NaN	529	NaN	570	1	-3	357	100	100	0	410	36	10052	34	10082	74	10155	69	10225	16.361	4.789
13.1	NaN	528	NaN	560	1	-4	358	100	100	0	409	36	10272	33	10347	73	10426	68	10463	16.764	4.274
13.2	NaN	514	NaN	601	1	-3	356	95	87	0	410	36	10607	34	10655	70	10575	68	10708	17.128	3.879
13.3	NaN	582	NaN	576	1	0	361	85	78	0	409	30	10688	29	10733	59	10817	57	11008	17.428	4.987
13.4	NaN	557	NaN	594	1	1	356	71	62	0	408	27	10816	27	11012	53	10965	53	11037	17.764	1.952
13.5	NaN	550	NaN	568.5789474	0	-0	358	13	2	0	409	-4	10841	-3	10982	-7	10805	-7	10953	17.911	-2.614
13.6	NaN	536	NaN	570.1578947	0	0	357	0	0	0	407	-24	10615	-22	10727	-17	10709	-17	10758	17.673	-2.008
13.7	NaN	515	NaN	571.7368421	0	-3	362	0	0	0	408	-42	10395	-44	10491	-32	10358	-33	10327	17.238	-7.892
13.8	NaN	526	NaN	573.3157895	0	-4	356	0	0	0	408	-53	10039	-52	10009	-40	9934	-41	9906	16.637	-6.603
13.9	NaN	510	NaN	574.8947368	0	1	366	0	0	0	411	-54	9605	-54	9693	-44	9593	-43	9515	16.059	-5.675
14	NaN	520	NaN	576.4736842	0	2	376	0	0	0	420	-55	9163	-55	9206	-45	9063	-44	9298	15.401	-6.472
14.1	NaN	518	NaN	578.0526316	0	0	355	0	0	0	402	-55	8880	-55	9064	-46	8618	-45	8797	14.734	-7.131
14.2	NaN	517	NaN	579.6315789	0	1	361	0	0	0	405	-56	8432	-54	8622	-46	8400	-46	8515	14.111	-6.167
14.3	NaN	516	NaN	581.2105263	0	1	468	0	0	0	475	-56	8010	-54	8165	-46	7910	-45	8067	13.442	-7.851
14.4	NaN	514	NaN	582.7894737	0	3	578	0	0	0	564	-54	7613	-53	7727	-47	7378	-46	7572	12.695	-9.594
14.5	NaN	512	NaN	584.3684211	0	10	627	0	0	0	608	-56	6609	-51	7310	-49	6522	-45	7129	11.838	-8.47
14.6	NaN	511	NaN	585.9473684	0	27	381	0	0	0	415	-60	6051	-47	6930	-53	5880	-41	6966	11.012	-6.192
14.7	NaN	531	NaN	587.5263158	0	49	368	2	0	0	405	-56	5260	-38	6705	-57	2511	-34	6706	10.377	-5.705
14.8	NaN	521	NaN	589.1052632	0	59	367	0	0	0	406	-47	4808	-37	6438	-23	1274	-33	6518	9.697	-6.339
14.9	NaN	529	NaN	590.6842105	0	72	364	0	0	0	406	-40	4304	-33	5911	-11	807	-31	6023	9.055	-5.819
15	NaN	544	NaN	592.2631579	0	84	364	0	0	0	406	-35	3921	-30	5342	-11	1187	-28	5643	8.405	-6.22
15.1	NaN	532	NaN	593.8421053	0	86	363	15	7	0	406	-33	3685	-13	5101	-1	608	-12	5310	7.787	-5.869
15.2	NaN	597	NaN	595.4210526	0	85	365	39	31	0	408	-2	3732	28	5129	-3	3521	70	5234	7.348	-0.737
15.3	NaN	601	NaN	589	0	81	362	42	34	0	408	-2	3764	36	5247	-4	3340	90	5412	7.21	-2.03
15.4	NaN	577	NaN	586	0	75	363	49	42	0	409	0	3521	48	5416	0	3745	131	5546	7.417	2.027
15.5	NaN	543	NaN	583.625731	0	37	361	52	45	0	410	15	4194	47	5426	39	4350	112	5609	7.698	4.164
15.6	NaN	561	NaN	583.6725146	0	-4	362	52	44	0	408	31	4895	31	5167	76	4914	73	5308	8.144	6.226
15.7	NaN	530.3333333	NaN	583.7192982	0	-44	363	43	36	0	407	30	5454	8	4895	73	5452	20	4954	8.429	1.248
15.8	NaN	537.1666667	NaN	583.7660819	0	-60	363	57	57	0	408	58	5980	9	4951	196	6062	22	4969	8.697	4.14
15.9	NaN	536	NaN	583.8128655	0	-71	364	58	54	0	407	54	6408	3	4899	181	6558	7	4908	9.06	3.414
16	NaN	532	NaN	583.8596491	0	-74	359	64	59	0	408	56	6638	2	5021	165	6731	4	5037	9.351	2.96
16.1	NaN	522	NaN	583.9064327	0	-70	358	64	59	0	408	52	6772	3	5010	158	7199	9	5181	9.519	3.451
16.2	NaN	563	NaN	583.9532164	0	-59	362	64	58	0	409	42	6914	11	5011	140	7477	25	5359	9.586	5.687
16.3	NaN	565	NaN	604	0	-26	361	64	59	0	407	53	6839	29	5496	140	7679	69	7279	9.63	6.077
16.4	NaN	542	NaN	607	0	9	358	64	53	0	410	37	6718	49	5873	87	7413	115	8990	9.749	8.214
16.5	NaN	533	NaN	604	0	10	359	95	88	0	408	36	6631	46	6458	83	7184	37	10637	9.897	4.054
16.6	NaN	560	NaN	602	0	-11	362	92	87	0	409	46	6831	39	6930	111	7170	81	8560	10.121	-0.041
16.7	NaN	529	NaN	610	0	-15	362	100	100	0	409	49	6829	4	7360	115	7322	39	10364	10.535	8.552
16.8	NaN	545	NaN	586	0	10	361	100	100	0	408	37	6862	45	7497	85	7102	84	9634	11.021	6.663
16.9	NaN	569	NaN	581	0	-6	362	100	100	0	408	49	7253	42	7451	111	7264	95	7580	11.729	6.447
17	NaN	560	NaN	592	0	-8	360	100	100	0	408	48	7737	39	7590	107	7795	89	7712	12.297	6.402
17.1	NaN	544	NaN	562	0	-15	357	100	100	0	409	47	8148	36	7907	107	8219	78	7979	12.858	4.064
17.2	NaN	551	NaN	591	0	-11	361	100	100	0	407	46	8435	34	8223	102	8536	75	8337	13.418	5.235
17.3	NaN	551	NaN	593	0	-9	358	100	100	0	409	43	8697	36	8560	92	8787	79	8690	13.931	4.209
17.4	NaN	542	NaN	582	0	-6	359	100	100	0	407	41	8942	35	8851	89	9032	76	9011	14.424	4.515
17.5	NaN	548	NaN	578	1	-4	356	100	100	0	411	40	9213	36	9225	84	9278	76	9375	14.897	3.7
17.6	NaN	538	NaN	569	1	-1	361	100	100	0	408	37	9430	37	9581	78	9575	77	9664	15.357	6.202
17.7	NaN	544	NaN	566	1	1	358	100	100	0	410	36	9773	37	9843	75	9805	75	9914	15.769	5.075
17.8	NaN	541	NaN	566	1	-0	357	100	100	0	409	36	9932	35	10035	74	10055	72	10164	16.203	4.415
17.9	NaN	542	NaN	579	1	-2	361	100	99	0	411	35	10166	35	10313	70	10247	71	10457	16.617	4.277
18	NaN	530	NaN	562	1	-3	361	77	67	0	408	35	10488	33	10577	72	10610	67	10652	16.968	3.613
18.1	NaN	540	NaN	574	1	-5	356	68	58	0	409	30	10653	28	10668	60	10774	56	10799	17.39	3.076
18.2	NaN	553	NaN	587	0	-1	358	65	55	0	410	28	10814	27	10918	55	10917	53	11032	17.66	4.118
18.3	NaN	571	NaN	605	0	-1	359	55	45	0	410	22	10990	21	11098	43	11077	43	11145	17.91	1.123
18.4	NaN	547	NaN	582.45	0	-1	357	25	16	0	408	5	10923	5	11056	8	10902	9	11189	18.095	0.751
18.5	NaN	545	NaN	580.9	0	2	361	0	0	0	408	-19	10783	-19	11055	-14	10792	-14	10986	17.878	-2.689
18.6	NaN	533	NaN	579.35	0	3	358	0	0	0	406	-39	10456	-38	10647	-30	10507	-29	10729	17.54	-3.936
18.7	NaN	516	NaN	577.8	0	7	358	0	0	0	409	-53	9906	-51	10557	-41	9751	-39	10431	16.983	-6.504
18.8	NaN	542	NaN	576.25	0	10	362	15	8	0	408	-30	9568	-28	10171	-23	9230	-21	10225	16.356	-4.669
18.9	NaN	560	NaN	574.7	0	12	359	23	16	0	409	-1	9477	-1	10079	-1	9553	-1	10123	16.129	-1.89
19	NaN	548	NaN	573.15	0	20	363	16	5	0	408	-12	9115	-10	9940	-10	9271	-8	10014	15.882	-2.317
19.1	NaN	548	NaN	571.6	0	21	357	15	5	0	409	-32	8554	-26	9873	-25	8590	-21	9809	15.491	-5.034
19.2	NaN	546	NaN	570.05	0	22	360	16	9	0	407	-23	7692	-18	9484	-19	8391	-15	9576	15.057	-2.925
19.3	NaN	556	NaN	556	0	25	357	20	12	0	409	-13	7821	-10	9322	-11	7947	-8	9376	14.671	-1.594
19.4	NaN	566	NaN	565	0	24	359	26	18	0	409	-0	8092	-0	9194	-0	8081	-0	9304	14.326	-0.89
19.5	NaN	566	NaN	570	0	21	358	28	19	0	411	-0	8045	0	9151	-0	8024	-0	9077	14.042	-1.7
19.6	NaN	560	NaN	570	0	13	362	28	20	0	408	0	7847	-0	8755	-0	8113	-0	8767	13.896	-0.698
19.7	NaN	560	NaN	565	0	18	362	28	17	0	410	-0	8005	-0	8649	-0	7985	-0	8645	13.698	-2.381
19.8	NaN	565	NaN	563	0	26	362	27	19	0	409	-0	7667	-0	8523	-0	7797	-0	8556	13.542	-2.207
19.9	NaN	559	NaN	568	0	28	362	28	20	0	409	-0	7618	0	8562	-0	7677	-0	8518	13.359	-2.348
20	NaN	567	NaN	569	0	26	358	29	20	0	410	-0	7444	-0	8410	-0	7500	-0	8461	13.144	-1.015
20.1	NaN	559	NaN	569	0	32	364	27	18	0	409	-0	7371	0	8313	-0	7248	0	8352	12.915	-3.768
20.2	NaN	569	NaN	568	0	33	361	25	16	0	409	-0	7162	-0	8117	-0	7265	-0	8223	12.759	-0.523
20.3	NaN	569	NaN	568	0	43	362	25	15	0	410	-0	7123	-0	8023	-0	7092	0	8037	12.549	-3.823
20.4	NaN	538	NaN	629	0	43	359	17	7	0	409	-22	6571	-14	7728	-19	6808	-13	7904	12.186	-3.403
20.5	NaN	545	NaN	569	0	45	356	12	2	0	408	-37	6115	-24	7480	-33	4461	-21	7599	11.747	-5.48
20.6	NaN	561	NaN	572	0	45	360	23	16	0	407	-9	5601	-3	7281	-8	4010	-3	7428	11.213	-2.995
20.7	NaN	567	NaN	567	0	50	358	27	21	0	409	-0	5859	0	7059	0	5619	0	7201	10.821	-2.124
20.8	NaN	559	NaN	562	0	52	366	30	22	0	408	0	5694	2	6827	1	5659	4	6967	10.444	-2.693
20.9	NaN	547	NaN	569.5	0	50	362	33	26	0	409	2	5536	9	6668	4	5633	23	6798	10.177	-1.541
21	NaN	579	NaN	590	0	50	362	43	36	0	409	7	5685	33	6750	17	5767	79	6847	10.136	0.19
21.1	NaN	540	NaN	575	0	50	359	53	46	0	410	13	5909	55	7071	29	5981	129	7098	10.363	3.107
21.2	NaN	574	NaN	554	0	51	360	53	46	0	411	12	6023	56	7193	28	6125	130	7321	10.669	2.239
21.3	NaN	519	NaN	552	0	49	366	75	69	0	409	18	6846	63	7577	43	6357	171	7697	11.031	5.184
21.4	NaN	516	NaN	626	0	43	360	100	100	0	409	22	7252	67	7738	51	6927	161	7876	11.441	3.852
21.5	NaN	510	NaN	520	0	31	358	100	100	0	411	27	7734	62	7860	61	7165	142	7991	11.916	4.587
21.6	NaN	526	NaN	605	0	15	362	100	100	0	410	35	7527	52	8042	79	7462	119	8149	12.404	5.231
21.7	NaN	538	NaN	556	0	11	360	100	100	0	410	37	7859	49	8242	83	7826	109	8300	12.942	5.507
21.8	NaN	531	NaN	561	0	5	359	100	100	0	409	38	8206	45	8503	82	8184	99	8581	13.389	4.588
21.9	NaN	531	NaN	563	0	4	357	100	100	0	409	36	8450	44	8713	79	8489	94	8785	13.891	4.252
22	NaN	538	NaN	570	1	1	357	100	100	0	409	38	8779	39	8929	83	8837	85	9006	14.305	4.729
22.1	NaN	528	NaN	565	1	-0	360	100	100	0	411	39	9037	38	9097	83	9143	82	9253	14.749	4.344
22.2	NaN	543	NaN	575	1	-4	359	100	100	0	410	39	9293	36	9312	81	9441	77	9465	15.093	3.42
22.3	NaN	554	NaN	568	1	-3	361	100	100	0	410	39	9521	34	9545	82	9637	72	9659	15.515	4.181
22.4	NaN	535	NaN	570	1	-5	360	100	100	0	411	38	9824	35	9824	78	9863	72	9868	15.886	4.458
22.5	NaN	533	NaN	577	1	-3	357	100	100	0	410	37	10047	33	9998	76	10119	68	10118	16.259	5.028
22.6	NaN	564	NaN	576	1	-4	357	100	100	0	410	36	10234	34	10198	72	10357	69	10427	16.606	2.171
22.7	NaN	543	NaN	566	1	-2	356	100	100	0	409	35	10437	35	10515	71	10469	69	10559	17.01	4.203
22.8	NaN	530	NaN	574	1	-1	357	100	97	0	410	30	10670	31	10705	60	10740	61	10814	17.297	3.113
22.9	NaN	527	NaN	580	1	2	359	100	98	0	410	29	10744	29	10845	56	10853	58	11011	17.61	1.958
23	NaN	599	NaN	603	1	-2	357	100	100	0	408	23	10925	23	11097	46	11000	46	11065	17.808	1.454
23.1	NaN	544	NaN	611	1	-2	360	100	100	0	408	20	10967	20	11092	39	11091	39	11178	17.953	0.711
23.2	NaN	543	NaN	647	1	-1	359	100	100	0	410	19	11028	18	11241	36	11039	35	11231	18.109	0.511
23.3	NaN	557	NaN	650	1	-4	359	100	100	0	408	15	11155	15	11133	30	11219	28	11220	18.181	0.461
23.4	NaN	542	NaN	632	1	-2	359	100	100	0	408	17	11166	15	11242	32	11191	29	11274	18.246	1.569
23.5	NaN	536	NaN	661	1	-4	361	100	100	0	406	14	11244	13	11212	28	11264	24	11274	18.285	0.934
23.6	NaN	536	NaN	624	1	-2	357	100	100	0	408	15	11191	13	11224	28	11281	25	11310	18.31	0.851
23.7	NaN	546	NaN	624	1	-1	359	100	100	0	409	14	11221	13	11287	27	11264	27	11347	18.354	0.939
23.8	NaN	538	NaN	636	1	-2	355	100	100	0	408	11	11211	11	11236	21	11283	21	11348	18.365	-0.087
23.9	NaN	530	NaN	629	1	0	361	100	100	0	410	13	11219	13	11403	25	11276	24	11380	18.377	0.651
24	NaN	531	NaN	648	1	-2	355	100	100	0	408	12	11251	11	11225	22	11295	22	11337	18.425	-0.478
24.1	NaN	530	NaN	717	1	-2	360	100	100	0	410	11	11255	11	11387	22	11255	22	11371	18.408	1.083
24.2	NaN	527	NaN	644	1	-7	358	100	100	0	408	10	11359	9	11212	19	11376	16	11273	18.408	-1.073
24.3	NaN	535	NaN	657	1	-7	358	100	100	0	408	13	11317	12	11327	26	11301	23	11319	18.429	1.572
24.4	NaN	525	NaN	636	1	-8	362	100	100	0	409	11	11383	9	11228	21	11391	18	11259	18.42	0.289
24.5	NaN	539	NaN	643	1	-6	356	100	100	0	409	15	11364	13	11256	29	11397	26	11304	18.41	0.507
24.6	NaN	537	NaN	660	1	-7	362	100	100	0	406	10	11362	8	11315	17	11382	16	11281	18.408	-1.876
24.7	NaN	535	NaN	659	1	3	357	100	100	0	408	11	11187	11	11286	20	11264	21	11392	18.43	0.829
24.8	NaN	563	NaN	631	1	5	360	100	100	0	408	15	11151	17	11536	29	11206	34	11596	18.476	1.006
24.9	NaN	551	NaN	660	1	9	359	100	100	0	407	13	11114	15	11500	24	11192	28	11655	18.472	-0.089
25	NaN	565	NaN	642	0	18	361	100	100	0	410	15	11034	21	11740	31	11272	41	11842	18.528	-0.373
25.1	NaN	567	NaN	655	0	18	359	100	100	0	408	14	11054	22	11698	27	11279	42	11872	18.543	-1.797
25.2	NaN	562	NaN	647	0	20	356	100	100	0	411	15	11008	22	11755	29	11088	45	11869	18.569	-0.618
25.3	NaN	556	NaN	623	0	10	362	100	100	0	410	17	11040	22	11772	33	11119	44	11946	18.526	2.317
25.4	NaN	558	NaN	683	0	2	358	100	97	0	409	14	11115	14	11526	27	11174	28	11612	18.58	0.412
25.5	NaN	564	NaN	670	0	-11	362	0	0	0	408	-6	11358	-6	11198	-6	11317	-6	11236	18.474	-2.756
25.6	NaN	554	NaN	677	0	-9	359	0	0	0	406	-24	11176	-26	10997	-18	11156	-20	10869	18.144	-5.124
25.7	NaN	538	NaN	704	0	-11	546	0	0	0	572	-42	10672	-47	10364	-33	10698	-37	10348	17.556	-6.213
25.8	NaN	520	NaN	670	0	-11	555	0	0	0	544	-51	10262	-56	9849	-38	10231	-43	8725	16.713	-7.755
25.9	NaN	526	NaN	675	0	-10	611	0	0	0	638	-52	9652	-57	9347	-42	9632	-46	9111	15.812	-10.182
26	NaN	518	NaN	671	0	-10	628	0	0	0	625	-51	9138	-59	8922	-42	9055	-47	7454	14.852	-11.488
26.1	NaN	525	NaN	674	0	-12	674	0	0	0	673	-51	8487	-58	8205	-43	8427	-48	7648	13.911	-9.533
26.2	NaN	528	NaN	692	0	-16	540	0	0	0	556	-49	7974	-58	7704	-43	7875	-51	7120	12.916	-11.008
26.3	NaN	527	NaN	677	0	-22	360	3	0	0	405	-46	7572	-58	7212	-40	7545	-47	6740	12.174	-7.748
26.4	NaN	544	NaN	655	0	-36	359	36	34	0	405	19	7739	8	7113	45	7800	19	7143	11.972	0.948
26.5	NaN	549	NaN	644	0	-42	359	45	44	0	406	40	7884	13	7053	95	8026	30	7146	12.023	2.043
26.6	NaN	585	NaN	639	0	-40	362	45	44	0	409	43	8114	13	7183	96	8215	29	7297	12.256	3.843
26.7	NaN	551	NaN	654	0	-42	357	43	40	0	407	35	8192	11	7311	78	8274	24	7383	12.464	3.136
26.8	NaN	543	NaN	712	0	-39	359	39	37	0	408	25	8196	9	7331	55	8251	20	7563	12.603	1.05
26.9	NaN	532	NaN	652	0	-40	358	36	33	0	409	24	8374	8	7393	51	8404	17	7479	12.689	2.013
27	NaN	539	NaN	680	0	-43	362	34	31	0	408	17	8292	5	7329	38	8349	12	7469	12.644	-1.086
27.1	NaN	576	NaN	577	0	-47	359	22	14	0	407	-1	8036	0	7154	-1	8083	-0	7262	12.563	-1.863
27.2	NaN	566	NaN	621	0	-48	359	22	16	0	406	-10	7887	-15	6578	-8	7954	-12	6493	12.243	-3.644
27.3	NaN	553	NaN	586	0	-47	360	34	31	0	407	17	7906	4	6791	37	7946	8	6958	12.01	-0.827
27.4	NaN	535	NaN	663	0	-48	361	40	36	0	407	30	7980	7	6802	69	8119	14	7014	11.972	0.315
27.5	NaN	560	NaN	646	0	-49	357	43	37	0	407	35	7843	8	6887	80	8196	18	7031	12.066	3.036
27.6	NaN	555	NaN	605	0	-23	357	50	48	0	405	47	8102	23	7165	102	8414	51	7609	12.192	4.651
27.7	NaN	562	NaN	574	0	-2	357	50	41	0	408	30	7841	29	7765	69	7965	65	7909	12.588	3.673
27.8	NaN	554	NaN	581	0	1	360	51	41	0	410	29	7860	30	8156	64	7894	67	8208	12.96	3.807
27.9	NaN	561	NaN	585	0	-0	359	48	38	0	409	25	8093	27	8378	57	8111	59	8400	13.286	1.734
28	NaN	571	NaN	611	0	-9	362	29	20	0	409	3	8244	3	8366	6	8225	6	8340	13.556	-1.266
28.1	NaN	575	NaN	573	0	-15	359	28	19	0	408	-0	8280	0	8171	0	8328	0	8112	13.345	-0.696
28.2	NaN	572	NaN	574	0	-28	361	28	20	0	408	0	8248	0	7845	0	8295	0	7867	13.302	-1.89
28.3	NaN	531	NaN	640	0	-30	361	36	32	0	408	18	8429	8	7724	39	8475	18	7799	13.147	-0.401
28.4	NaN	540	NaN	666	0	-44	361	36	31	0	408	19	8335	6	7607	43	8445	12	7746	13.176	0.008
28.5	NaN	552	NaN	633	0	-46	357	36	33	0	407	20	8514	5	7539	44	8592	13	7850	13.086	-1.664
28.6	NaN	556	NaN	646	0	-50	362	28	22	0	406	10	8448	3	7359	21	8576	8	7554	13.054	3.116
28.7	NaN	561	NaN	626.3	0	-52	363	9	1	0	408	-12	7930	-22	6992	-10	8045	-19	6547	12.799	-4.392
28.8	NaN	572	NaN	625.6	0	-52	357	18	14	0	409	-8	7854	-14	6294	-7	7986	-12	4113	12.266	-2.551
28.9	NaN	577	NaN	624.9	0	-50	361	23	18	0	407	0	7638	0	6333	0	7717	-1	6074	11.799	-2.642
29	NaN	574	NaN	624.2	0	-52	358	30	29	0	411	5	7497	1	6226	12	7686	2	5669	11.344	-1.429
29.1	NaN	539	NaN	631	0	-51	356	36	33	0	409	22	7332	5	6207	50	7558	11	6410	11.233	0.717
29.2	NaN	549	NaN	648	0	-34	363	39	35	0	409	24	7258	8	6306	55	7588	20	6960	11.139	-0.322
29.3	NaN	569	NaN	644	0	-39	361	44	40	0	408	36	7276	11	6528	82	7516	27	7082	11.128	2.906
29.4	NaN	543	NaN	643	0	-61	359	40	35	0	409	30	7185	4	6187	70	7425	11	6619	11.214	1.416
29.5	NaN	531	NaN	652	0	-53	360	42	41	0	409	38	7409	6	6264	87	7567	14	6527	11.179	0.953
29.6	NaN	573	NaN	655	0	-42	356	44	40	0	407	37	7427	11	6479	85	7567	24	6689	11.398	2.591
29.7	NaN	585	NaN	691	0	-20	356	51	45	0	408	42	7541	25	6828	94	7740	57	7188	11.67	4.452
29.8	NaN	548	NaN	577	0	2	362	51	40	0	408	28	7360	30	7414	64	7483	68	7478	12.073	4.497
29.9	NaN	547	NaN	596	0	24	358	51	40	0	410	20	7349	38	7898	46	7418	87	7934	12.417	2.568
30	NaN	576	NaN	554	0	42	361	51	40	0	411	14	7383	44	8239	32	7553	99	8318	12.671	1.799
30.1	NaN	542	NaN	562	0	45	360	49	39	0	411	13	7499	44	8394	29	7527	97	8519	12.933	4.406
30.2	NaN	599	NaN	568	0	44	362	49	40	0	411	13	7539	43	8527	29	7684	95	8818	13.088	0.635
30.3	NaN	553	NaN	565	0	45	358	49	42	0	409	14	8085	45	8620	30	7902	100	8860	13.261	1.603
30.4	NaN	547	NaN	559	0	39	360	50	45	0	411	17	8229	48	8789	37	8080	104	9013	13.461	2.677
30.5	NaN	541	NaN	569	0	36	357	51	46	0	410	20	8375	49	8908	44	8330	108	9105	13.713	2.914
30.6	NaN	576	NaN	583	0	-2	356	51	46	0	410	35	8435	34	8931	77	8668	72	9123	14.035	3.848
30.7	NaN	553	NaN	655	0	-23	362	40	36	0	409	25	8920	14	8565	54	9001	29	8597	14.307	2.343
30.8	NaN	563	NaN	651	0	-26	360	42	38	0	409	28	9158	15	8571	60	9260	32	8648	14.426	1.828
30.9	NaN	551	NaN	638	0	-34	358	42	39	0	409	32	9287	14	8635	66	9330	30	8748	14.579	0.773
31	NaN	561	NaN	616	0	-31	361	49	50	0	409	45	9513	20	8695	97	9544	45	9036	14.734	2.783
31.1	NaN	569	NaN	589	0	-29	361	63	61	0	406	50	9682	25	9072	105	9830	53	9155	15.074	4.08
31.2	NaN	567	NaN	592	0	-18	360	97	94	0	409	45	9806	28	9197	93	9998	57	9676	15.403	3.844
31.3	NaN	564	NaN	575	0	-7	356	100	100	0	408	39	9816	33	9717	80	9928	70	9832	15.796	4.606
31.4	NaN	559	NaN	579	0	-1	359	100	100	0	411	36	9984	36	10071	74	10056	70	10148	16.206	4.456
31.5	NaN	553	NaN	576	1	-0	356	100	100	0	409	35	10135	35	10269	71	10262	71	10400	16.594	3.902
31.6	NaN	569	NaN	575	1	0	357	100	100	0	410	35	10351	35	10570	69	10438	69	10658	16.951	3.301
31.7	NaN	617	NaN	576	1	2	361	100	100	0	409	34	10608	33	10802	67	10662	66	10886	17.292	3.427
31.8	NaN	546	NaN	589	1	1	361	100	100	0	409	29	10709	30	10859	57	10846	58	11029	17.648	1.769
31.9	NaN	565	NaN	612	1	-1	360	100	100	0	408	24	10869	23	11107	46	10908	46	11146	17.893	3.933
32	NaN	571	NaN	625	1	-1	359	100	100	0	409	19	10999	19	11110	37	11091	36	11201	18.072	1.492
32.1	NaN	565	NaN	629	1	-4	357	100	100	0	409	18	11058	17	11292	34	11126	34	11320	18.205	1.841
32.2	NaN	568	NaN	646	1	-3	360	100	100	0	408	15	11173	13	11239	28	11209	26	11305	18.31	1.13
32.3	NaN	546	NaN	635	1	-5	362	100	100	0	409	14	11194	13	11300	28	11289	24	11353	18.368	0.947
32.4	NaN	536	NaN	724	1	-5	361	100	100	0	410	13	11291	12	11356	24	11281	20	11345	18.392	-1.192
32.5	NaN	539	NaN	648	1	-1	360	100	100	0	408	12	11242	11	11314	23	11336	21	11401	18.467	-0.471
32.6	NaN	548	NaN	640	1	-5	357	100	100	0	409	12	11250	12	11395	25	11303	24	11457	18.485	1.781
32.7	NaN	546	NaN	656	1	-3	360	100	100	0	412	9	11327	8	11329	16	11336	15	11408	18.498	-1.017
32.8	NaN	539	NaN	652	1	-2	358	100	100	0	407	11	11258	11	11444	21	11277	21	11424	18.53	0.578
32.9	NaN	548	NaN	659	1	-2	358	100	100	0	410	8	11349	8	11318	15	11412	15	11418	18.521	0.356
33	NaN	539	NaN	659	1	-5	359	100	100	0	407	10	11302	9	11462	19	11320	18	11437	18.528	-0.568
33.1	NaN	551	NaN	657	1	-5	358	100	100	0	411	8	11338	8	11346	16	11365	15	11405	18.539	-0.245
33.2	NaN	537	NaN	646	1	-3	359	100	100	0	408	10	11270	9	11467	19	11348	19	11450	18.542	1.535
33.3	NaN	538	NaN	658	1	-3	359	100	100	0	410	10	11336	9	11406	20	11349	19	11439	18.56	0.343
33.4	NaN	538	NaN	647	1	-2	359	100	100	0	409	9	11296	9	11474	18	11357	17	11475	18.566	-0.772
33.5	NaN	534	NaN	655	1	-1	361	100	100	0	408	10	11344	10	11433	19	11350	18	11482	18.564	-0.005
33.6	NaN	545	NaN	642	1	-3	357	100	100	0	409	8	11289	7	11436	15	11362	14	11447	18.58	-0.216
33.7	NaN	532	NaN	650	1	-4	357	100	100	0	408	11	11325	9	11482	21	11349	19	11507	18.573	0.699
33.8	NaN	546	NaN	651	1	-1	360	100	100	0	409	8	11323	7	11422	13	11374	13	11468	18.585	-0.525
33.9	NaN	537	NaN	682	1	-3	360	100	100	0	409	10	11335	9	11487	20	11324	21	11489	18.585	0.319
34	NaN	541	NaN	662	1	-4	357	100	100	0	409	7	11359	8	11396	15	11398	14	11474	18.572	-0.052
34.1	NaN	534	NaN	625	1	-1	361	100	100	0	410	10	11291	9	11479	19	11303	19	11514	18.561	-0.212
34.2	NaN	539	NaN	654	1	-1	361	100	100	0	409	9	11335	9	11381	16	11374	16	11491	18.581	0.828
34.3	NaN	535	NaN	633	1	1	358	100	100	0	409	10	11265	9	11545	18	11323	18	11545	18.578	-0.015
34.4	NaN	532	NaN	642	1	1	360	100	100	0	408	10	11371	11	11426	18	11346	18	11541	18.612	0.149
34.5	NaN	549	NaN	634	1	-2	358	100	100	0	409	9	11281	8	11552	17	11348	17	11529	18.616	-0.587
34.6	NaN	533	NaN	656	1	-3	361	100	100	0	410	9	11356	9	11422	19	11371	17	11535	18.612	0.814
34.7	NaN	552	NaN	647	1	-5	358	100	100	0	409	7	11337	6	11512	13	11386	11	11470	18.596	-1.591
34.8	NaN	545	NaN	634	1	-7	360	100	100	0	409	9	11412	7	11319	18	11424	14	11415	18.583	-0.147
34.9	NaN	543	NaN	651	0	-10	357	100	100	0	408	10	11435	9	11372	21	11501	18	11383	18.568	-0.439
35	NaN	546	NaN	628	0	-8	363	100	100	0	408	9	11445	7	11285	17	11486	14	11335	18.542	-0.403
35.1	NaN	538	NaN	640	0	-10	356	100	100	0	408	11	11471	10	11350	23	11560	19	11349	18.537	0.563
35.2	NaN	548	NaN	673	0	-10	357	100	100	0	410	9	11433	7	11311	17	11399	13	11297	18.565	-1.173
35.3	NaN	530	NaN	645	0	-10	358	100	100	0	409	12	11550	10	11299	24	11537	20	11364	18.559	-1.06
35.4	NaN	539	NaN	648	0	-9	360	100	100	0	410	8	11404	6	11329	12	11382	11	11335	18.548	-0.325
35.5	NaN	533	NaN	631	0	-9	359	100	100	0	408	12	11477	10	11240	26	11537	22	11358	18.547	0.514
35.6	NaN	543	NaN	663	0	-7	362	100	100	0	409	10	11387	8	11347	16	11371	14	11342	18.533	0.403
35.7	NaN	539	NaN	624	0	-8	356	100	100	0	407	10	11448	8	11232	20	11505	17	11361	18.503	0.194
35.8	NaN	537	NaN	664	1	-4	361	100	100	0	408	11	11299	9	11390	21	11331	19	11394	18.513	0.514
35.9	NaN	546	NaN	657	1	-4	358	100	100	0	407	10	11344	9	11261	20	11383	17	11424	18.482	0.999
36	NaN	538	NaN	624	1	-3	356	100	100	0	409	9	11249	9	11481	18	11317	19	11480	18.478	-0.102
36.1	NaN	537	NaN	672	1	-3	359	100	100	0	408	11	11313	11	11393	22	11336	19	11440	18.489	0.212
36.2	NaN	544	NaN	626	1	-4	357	100	100	0	409	10	11266	9	11450	17	11335	18	11446	18.526	-0.419
36.3	NaN	538	NaN	654	1	-2	358	100	100	0	409	11	11295	10	11408	21	11347	20	11518	18.521	-0.373
36.4	NaN	569	NaN	666	0	-2	359	0	0	0	410	-8	11237	-8	11379	-9	11231	-9	11304	18.534	-3.586
36.5	NaN	547	NaN	674	0	-2	356	0	0	0	408	-26	10951	-26	11222	-19	10944	-20	11207	18.234	-2.964
36.6	NaN	529	NaN	673	0	1	363	0	0	0	409	-46	10763	-46	10897	-34	10650	-36	10749	17.796	-6.094
36.7	NaN	514	NaN	673	0	1	362	0	0	0	407	-51	10321	-51	10678	-39	10292	-38	10483	17.208	-6.382
36.8	NaN	519	NaN	666	0	-0	359	0	0	0	407	-52	9950	-52	10100	-41	9866	-40	10156	16.633	-5.691
36.9	NaN	525	NaN	670	0	-1	357	0	0	0	406	-55	9585	-55	9751	-43	9511	-43	9732	16.039	-5.338
37	NaN	520	NaN	683	0	-1	358	0	0	0	406	-56	9292	-56	9568	-43	9191	-45	9208	15.336	-8.626
37.1	NaN	515	NaN	668	0	3	362	0	0	0	405	-55	8729	-54	9015	-46	8852	-45	9018	14.745	-6.48
37.2	NaN	520	NaN	679	0	8	362	0	0	0	409	-57	8311	-52	8669	-47	8307	-44	8537	14.085	-6.087
37.3	NaN	517	NaN	682	0	25	365	0	0	0	410	-50	8574	-53	8391	-52	7528	-40	8125	13.482	-5.814
37.4	NaN	518	NaN	683	0	16	360	0	0	0	407	-58	7360	-50	8224	-44	2387	-43	7542	12.834	-4.762
37.5	NaN	522	NaN	682	0	21	358	3	0	0	406	-21	5465	-47	7585	-50	6105	-40	7567	12.215	-3.354
37.6	NaN	534	NaN	707	0	31	360	15	7	0	407	-32	6378	-22	7506	-26	5010	-19	7516	11.608	-4.232
37.7	NaN	571	NaN	572	0	37	361	26	19	0	411	0	6350	-0	7360	-0	4301	-0	7465	11.31	-2.292
37.8	NaN	575	NaN	574	0	49	358	25	14	0	410	-1	6083	-0	7169	-1	6038	-0	7235	10.992	-3.644
37.9	NaN	546	NaN	602	0	60	360	16	5	0	410	-24	5376	-13	6867	-21	5715	-11	7034	10.639	-2.035
38	NaN	580	NaN	651	0	68	357	36	28	0	409	1	5598	18	6820	3	5626	43	6938	10.262	-2.931
38.1	NaN	589	NaN	640	0	70	358	39	31	0	409	1	5515	24	6766	3	5614	57	6892	10.162	-1.055
38.2	NaN	552	NaN	626	0	72	361	48	39	0	408	2	5432	49	7004	5	5566	115	7164	10.171	0.428
38.3	NaN	579	NaN	579	0	77	358	20	12	0	410	-4	5252	-2	6522	-3	5526	-2	6784	10.193	-1.954
38.4	NaN	554	NaN	664	0	76	362	34	26	0	409	-0	5187	10	6378	0	4631	29	6632	9.735	-4.746
38.5	NaN	560	NaN	623	0	74	357	41	35	0	408	0	4866	32	6333	1	5103	79	6603	9.556	-0.447
38.6	NaN	603	NaN	576	0	74	362	46	39	0	411	0	4936	46	6612	2	5075	110	6805	9.523	1.94
38.7	NaN	571	NaN	581	0	75	360	46	37	0	410	0	4754	44	6513	1	5208	106	6646	9.677	0.52
38.8	NaN	561	NaN	571	0	74	362	46	37	0	412	1	4968	44	6636	2	5046	103	6888	9.581	-0.023
38.9	NaN	564	NaN	577	0	75	362	46	38	0	410	0	4828	45	6713	2	5078	109	7087	9.601	2.721
39	NaN	540	NaN	565	0	70	357	74	68	0	411	5	4813	59	6678	11	5222	155	7301	9.568	2.298
39.1	NaN	539	NaN	595	0	67	358	74	67	0	408	6	5011	60	6656	15	5385	158	7196	9.632	2.714
39.2	NaN	528	NaN	557	0	43	358	74	68	0	410	21	5391	58	6693	49	5932	148	7380	9.7	3.646
39.3	NaN	547	NaN	547	0	-1	361	86	81	0	408	43	8543	42	6660	103	8123	100	7282	9.904	6.949
39.4	NaN	545	NaN	562	0	-2	357	100	97	0	410	45	7767	43	6698	104	8862	100	6966	10.308	3.01
39.5	NaN	549	NaN	600	0	15	358	100	100	0	410	40	7754	55	6819	87	8567	129	6882	10.811	5.745
39.6	NaN	520	NaN	555	0	17	357	100	100	0	410	37	7201	57	7274	85	6951	129	7306	11.408	6.773
39.7	NaN	546	NaN	567	0	19	360	100	100	0	411	34	7159	55	7693	78	7190	128	7794	11.97	5.225
39.8	NaN	555	NaN	557	0	17	356	100	100	0	410	35	7536	51	8051	78	7540	118	8137	12.496	5.607
39.9	NaN	524	NaN	566	0	12	359	100	100	0	410	35	7904	49	8346	77	7899	109	8423	13.015	5.413
40	NaN	535	NaN	555	0	6	360	100	100	0	411	39	8196	45	8545	84	8275	98	8598	13.491	4.678
40.1	NaN	525	NaN	580	0	4	362	100	98	0	410	38	8554	41	8781	82	8584	89	8843	13.945	3.909
40.2	NaN	537	NaN	576	0	-1	359	56	50	0	410	41	8900	37	8917	86	8865	80	9007	14.411	5.989
40.3	NaN	559	NaN	554	0	-10	364	0	0	0	407	-11	8716	-11	8666	-9	8689	-10	8680	14.367	-2.962
40.4	NaN	534	NaN	576	0	-20	357	0	0	0	407	-28	8645	-33	8228	-24	8667	-27	8277	14.003	-3.952
40.5	NaN	518	NaN	570.9166667	0	-27	360	0	0	0	406	-43	8384	-55	7702	-37	8363	-47	7443	13.442	-7.136
40.6	NaN	543	NaN	572.8333333	0	-35	362	14	14	0	405	-24	8190	-35	7249	-22	8141	-31	6055	12.716	-6.251
40.7	NaN	555	NaN	574.75	0	-34	359	30	29	0	408	9	8016	3	7231	21	8103	8	7251	12.472	-1.008
40.8	NaN	545	NaN	576.6666667	0	-36	359	30	29	0	410	9	7953	3	7157	20	8018	8	7138	12.298	-1.173
40.9	NaN	548	NaN	578.5833333	0	-36	356	31	29	0	409	11	7870	4	7121	24	7904	9	7107	12.229	-0.991
41	NaN	545	NaN	573	0	-36	363	31	29	0	407	10	7868	3	7040	24	7885	8	7059	12.121	-0.913
41.1	NaN	545	NaN	580	0	-43	357	31	29	0	409	10	7789	4	6934	24	7842	8	6999	12.039	-0.39
41.2	NaN	568	NaN	571	0	-49	362	28	24	0	408	2	7718	0	6749	4	7748	1	6690	11.88	-2.2
41.3	NaN	571	NaN	570	0	-49	359	28	24	0	409	2	7614	0	6554	5	7675	1	6572	11.66	-0.508
41.4	NaN	557	NaN	558	0	-48	358	29	27	0	406	7	7560	1	6414	16	7603	4	6463	11.453	-0.958
41.5	NaN	555	NaN	572.8787879	0	-49	363	31	27	0	408	9	7419	2	6372	22	7474	5	6431	11.312	-2.069
41.6	NaN	551	NaN	573.8409091	0	-48	362	31	29	0	406	11	7320	3	6346	26	7409	6	6358	11.209	-0.926
41.7	NaN	531	NaN	574.8030303	0	-47	361	35	36	0	406	24	7407	6	6322	55	7519	14	6749	11.088	-1.398
41.8	NaN	531	NaN	575.7651515	0	-48	358	36	35	0	407	22	7503	5	6251	51	7537	13	6476	11.042	0.515
41.9	NaN	544	NaN	576.7272727	0	-31	360	47	42	0	407	47	7723	20	6449	106	7880	43	6703	11.21	9.073
42	NaN	548	NaN	577.6893939	0	-17	355	37	29	0	406	13	7179	8	6684	30	7214	19	6796	11.387	0.188
42.1	NaN	567	NaN	578.6515152	0	23	363	31	19	0	410	0	6747	0	6995	1	6838	1	7041	11.341	-0.109
42.2	NaN	559	NaN	579.6136364	0	35	358	32	23	0	411	2	6374	5	7201	4	6384	12	7231	11.15	-2.206
42.3	NaN	555	NaN	580.5757576	0	44	358	32	23	0	409	1	6200	6	7236	4	6257	14	7254	11.019	-1.481
42.4	NaN	574	NaN	581.5378788	0	49	358	38	29	0	409	4	6139	18	7190	8	6177	41	7219	10.902	-1.274
42.5	NaN	555	NaN	580	0	51	363	45	37	0	409	8	6123	37	7393	18	6208	88	7462	10.914	1.585
42.6	NaN	576	NaN	581	0	49	357	46	37	0	410	8	6228	37	7349	19	6345	84	7457	11.074	1.207
42.7	NaN	548	NaN	577	0	50	359	45	36	0	409	8	6245	36	7531	19	6384	83	7602	11.121	1.269
42.8	NaN	577	NaN	589	0	50	358	44	32	0	411	6	6246	30	7423	15	6359	69	7548	11.212	1.441
42.9	NaN	574	NaN	595	0	50	360	44	32	0	410	7	6253	30	7515	15	6396	69	7581	11.201	2.174
43	NaN	578	NaN	582	0	52	356	44	34	0	411	7	6269	33	7425	16	7104	74	7521	11.259	0.033
43.1	NaN	546	NaN	599	0	51	359	45	37	0	411	8	6304	37	7587	19	8483	85	7750	11.24	0.66
43.2	NaN	550	NaN	576	0	50	362	45	35	0	409	8	6495	35	7520	18	6652	79	7657	11.357	0.784
43.3	NaN	550	NaN	568	0	50	357	45	35	0	409	7	6425	35	7552	18	6735	81	7712	11.364	1
43.4	NaN	547	NaN	590	0	48	362	49	41	0	409	11	6521	45	7627	26	6747	105	7775	11.443	1.611
43.5	NaN	541	NaN	585	0	44	357	52	44	0	411	14	6685	50	7757	32	6763	113	7856	11.636	1.854
43.6	NaN	554	NaN	583	0	43	357	54	46	0	410	17	6970	54	7907	38	6919	124	8010	11.916	2.926
43.7	NaN	538	NaN	579.1707989	0	37	362	55	47	0	410	21	7119	54	8105	46	7135	121	8238	12.203	3.796
43.8	NaN	543	NaN	578.053719	0	27	359	55	47	0	411	24	7472	50	8233	55	7437	113	8351	12.586	4.734
43.9	NaN	537	NaN	576.9366391	0	17	356	55	47	0	410	30	7723	46	8387	65	7785	102	8465	12.99	4.653
44	NaN	551	NaN	575.8195592	0	4	362	55	45	0	408	35	8194	38	8479	77	8156	84	8597	13.425	4.91
44.1	NaN	537	NaN	574.7024793	0	-16	362	44	36	0	406	26	8404	18	8343	57	8431	40	8447	13.663	2.232
44.2	NaN	538	NaN	573.5853994	0	-31	357	39	34	0	409	23	8710	10	8202	49	8746	23	8280	13.771	0.429
44.3	NaN	523	NaN	572.4683196	0	-37	359	37	34	0	407	22	8786	9	8113	48	8870	20	8190	13.786	-0.541
44.4	NaN	529	NaN	571.3512397	0	-40	358	38	36	0	409	25	8855	9	8032	55	8966	20	8109	13.793	-0.047
44.5	NaN	581	NaN	570.2341598	0	-38	359	37	38	0	406	30	8911	11	8093	64	9061	24	8182	13.802	-0.042
44.6	NaN	556	NaN	569.1170799	0	-37	357	49	49	0	408	51	9120	20	8218	109	9225	44	8313	13.925	2.31
44.7	NaN	545	NaN	596	0	-34	361	54	52	0	406	53	9232	22	8431	116	9348	47	8638	14.219	3.457
44.8	NaN	565	NaN	590	0	-29	359	56	54	0	409	51	9428	24	8605	109	9492	52	8841	14.506	4.395
44.9	NaN	550	NaN	575	0	-18	359	56	51	0	409	46	9444	28	8912	99	9628	61	9117	14.883	4.283
45	NaN	559	NaN	569	0	-7	357	56	48	0	410	40	9547	33	9389	83	9665	70	9448	15.278	4.401
45.1	NaN	589	NaN	560	0	-2	357	56	48	0	410	37	9700	36	9739	77	9810	74	9777	15.664	4.283
45.2	NaN	548	NaN	556	0	13	361	56	48	0	410	32	9721	39	10091	65	9778	80	10169	16.044	2.809
45.3	NaN	534	NaN	552	0	20	359	55	45	0	409	27	9923	43	10365	54	9929	87	10515	16.361	3.175
45.4	NaN	515	NaN	552	0	24	355	54	44	0	411	27	10154	43	10702	54	10147	87	10783	16.643	3.334
45.5	NaN	523	NaN	552	0	22	361	54	45	0	411	25	10362	42	10788	50	10234	85	10944	16.901	2.863
45.6	NaN	609	NaN	548	0	25	361	56	50	0	407	25	10471	43	10885	50	10352	87	11080	17.149	2.597
45.7	NaN	534	NaN	551	0	23	362	57	53	0	411	24	10566	43	11132	48	10515	86	11238	17.346	1.74
45.8	NaN	540	NaN	552	0	24	361	57	53	0	410	24	10718	41	11107	49	10543	82	11319	17.53	1.788
45.9	NaN	541	NaN	551	0	25	359	57	51	0	410	25	10778	42	11361	48	10687	82	11414	17.682	3.021
46	NaN	542	NaN	571	0	24	356	57	50	0	408	19	10907	32	11283	38	10775	62	11428	17.821	0.646
46.1	NaN	549	NaN	567	0	4	361	54	46	0	409	26	10762	30	11382	50	10803	58	11470	17.943	2.031
46.2	NaN	554	NaN	616	0	-14	361	43	36	0	408	21	11100	17	11023	41	11187	31	11067	18.076	1.049
46.3	NaN	534	NaN	644	0	-16	359	38	30	0	408	17	11234	12	10908	34	11266	22	11001	18.108	-0.152
46.4	NaN	533	NaN	648	0	-21	361	37	34	0	407	19	11261	13	10916	37	11373	24	10941	18.043	-0.172
46.5	NaN	532	NaN	656	0	-24	361	37	36	0	406	23	11386	13	10763	45	11410	26	10955	18.024	-0.232
46.6	NaN	571	NaN	632	0	-24	359	40	39	0	407	26	11353	16	10817	51	11492	31	10911	18.028	0.277
46.7	NaN	544	NaN	624	0	-25	357	49	48	0	407	28	11443	17	10874	53	11523	33	10965	18.097	1.559
46.8	NaN	540	NaN	619	0	-24	360	69	69	0	407	32	11523	19	10884	60	11600	37	11069	18.126	1.333
46.9	NaN	536	NaN	618	0	-19	359	81	81	0	406	23	11454	16	11032	43	11525	30	11061	18.201	0.493
47	NaN	536	NaN	607	0	-16	359	100	100	0	409	23	11400	16	11000	44	11497	32	11156	18.239	0.955
47.1	NaN	538	NaN	674	0	-6	362	100	100	0	408	17	11365	16	11196	33	11420	26	11240	18.295	0.863
47.2	NaN	525	NaN	617	0	-4	360	100	100	0	409	12	11165	12	11206	24	11255	24	11295	18.308	-1.067
47.3	NaN	546	NaN	689	0	0	363	100	100	0	410	15	11161	15	11380	29	11253	29	11411	18.305	-0.491
47.4	NaN	540	NaN	622	1	2	358	100	100	0	409	13	11117	15	11379	27	11144	29	11458	18.297	-0.773
47.5	NaN	549	NaN	636	1	4	360	100	100	0	408	17	11125	16	11429	30	11230	31	11501	18.341	1.093
47.6	NaN	539	NaN	624	1	3	358	100	100	0	408	14	11137	15	11409	27	11127	29	11477	18.355	-0.162
47.7	NaN	612	NaN	619	1	5	361	100	100	0	409	15	11140	17	11432	29	11248	31	11508	18.411	1.058
47.8	NaN	532	NaN	689	1	3	362	100	100	0	408	12	11218	13	11488	23	11218	23	11502	18.443	-0.226
47.9	NaN	532	NaN	620	1	1	362	100	100	0	408	12	11211	14	11440	25	11296	25	11521	18.46	0.824
48	NaN	537	NaN	645	1	0	358	100	100	0	408	12	11254	12	11475	22	11316	22	11496	18.487	0.541
48.1	NaN	544	NaN	640	1	-1	359	100	100	0	408	11	11256	11	11393	21	11312	20	11477	18.464	-1.275
48.2	NaN	544	NaN	645	1	0	355	100	100	0	409	11	11307	11	11488	21	11339	21	11448	18.477	-0.271
48.3	NaN	539	NaN	648	1	-2	360	100	100	0	410	10	11256	10	11376	19	11322	19	11464	18.453	-0.305
48.4	NaN	538	NaN	649	1	0	356	100	100	0	410	11	11261	11	11501	21	11332	21	11491	18.459	-0.297
48.5	NaN	534	NaN	635	1	-1	359	100	100	0	410	10	11281	10	11366	20	11244	20	11489	18.448	-0.515
48.6	NaN	544	NaN	644	1	2	356	100	100	0	410	12	11225	12	11518	23	11319	24	11502	18.482	0.358
48.7	NaN	543	NaN	658	1	-1	358	100	100	0	409	10	11287	11	11393	18	11232	18	11490	18.494	-0.55
48.8	NaN	535	NaN	601	1	0	362	100	100	0	410	10	11244	10	11478	20	11347	20	11516	18.49	0.588
48.9	NaN	529	NaN	713	1	-1	361	100	100	0	408	9	11327	9	11423	17	11329	17	11475	18.468	-0.092
49	NaN	535	NaN	642	1	-3	357	100	100	0	408	10	11270	9	11496	20	11349	19	11491	18.458	0.62
49.1	NaN	528	NaN	647	0	0	362	30	21	0	407	10	11337	9	11411	18	11345	18	11423	18.456	-1.887
49.2	NaN	543	NaN	630	0	1	364	0	0	0	410	-18	11060	-18	11237	-13	11084	-13	11216	18.256	-2.564
49.3	NaN	536	NaN	683	0	0	358	0	0	0	408	-38	10812	-39	11054	-27	10738	-28	10957	17.862	-5.808
49.4	NaN	520	NaN	685	0	2	360	0	0	0	406	-52	10435	-50	10603	-39	10330	-37	10537	17.322	-5.43
49.5	NaN	525	NaN	670	0	4	360	0	0	0	408	-53	9934	-51	10335	-40	9958	-39	10294	16.743	-5.166
49.6	NaN	518	NaN	648	0	2	357	0	0	0	406	-56	9620	-52	9971	-43	9289	-42	9888	16.085	-8.028
49.7	NaN	509	NaN	660	0	2	358	0	0	0	406	-56	9263	-55	9522	-44	9192	-43	9541	15.416	-6.972
49.8	NaN	512	NaN	663	0	4	361	0	0	0	407	-55	8826	-54	9082	-45	8810	-44	9048	14.806	-6.702
49.9	NaN	516	NaN	662	0	2	358	0	0	0	409	-56	8414	-53	8741	-46	8385	-44	8672	14.143	-6.658
50	NaN	521	NaN	675	0	5	362	6	0	0	409	-51	8051	-49	8447	-43	8003	-40	8366	13.498	-6.823
50.1	NaN	532	NaN	674	0	10	359	13	6	0	406	-35	7741	-32	8132	-30	7715	-27	8073	12.988	-4.778
50.2	NaN	544	NaN	627	0	23	362	18	12	0	410	-20	7012	-15	8250	-17	7463	-14	7926	12.69	-2.855
50.3	NaN	530	NaN	634	0	25	363	34	26	0	410	3	7335	6	8139	8	7288	14	8048	12.289	-2.221
50.4	NaN	545	NaN	717	0	47	360	34	23	0	409	2	6985	8	7754	5	7208	17	7880	12.296	-0.688
50.5	NaN	544	NaN	721	0	49	360	34	23	0	410	2	6923	8	7893	4	6890	19	7901	12.038	-4.495
50.6	NaN	542	NaN	561	0	36	358	47	39	0	410	12	6906	33	7944	29	7035	76	8027	11.991	1.929
50.7	NaN	542	NaN	552	0	31	358	51	43	0	411	19	7152	45	8124	42	7461	101	8247	12.236	3.174
50.8	NaN	537	NaN	578	0	35	358	51	43	0	410	19	7642	45	8233	42	7539	100	8332	12.516	3.574
50.9	NaN	542	NaN	560	0	31	363	51	43	0	411	19	7524	45	8399	41	7801	97	8544	12.812	1.642
51	NaN	537	NaN	558	0	30	360	51	43	0	409	21	8158	42	8536	46	7895	95	8701	13.129	2.913
51.1	NaN	542	NaN	570	0	15	360	51	43	0	409	25	8079	39	8697	55	8317	84	8913	13.393	3.599
51.2	NaN	610	NaN	599	0	25	359	42	31	0	410	12	8580	24	8623	27	8264	47	8755	13.862	1.723
51.3	NaN	543	NaN	578	0	22	364	64	52	0	410	27	8368	47	9244	57	8500	107	9368	13.984	7.618
51.4	NaN	524	NaN	575	0	21	358	58	50	0	410	28	8993	49	9258	61	8758	104	9303	14.503	6.214
51.5	NaN	534	NaN	572	0	13	357	56	45	0	411	32	8959	43	9496	67	8965	95	9640	14.846	3.6
51.6	NaN	535	NaN	572	0	22	359	56	45	0	411	28	9350	46	9657	60	9219	96	9774	15.232	3.625
51.7	NaN	535	NaN	556	0	40	363	55	42	0	411	19	9250	53	10054	40	9274	107	10207	15.495	2.743
51.8	NaN	539	NaN	572	0	36	363	47	35	0	410	13	9425	34	10099	29	9366	68	10172	15.749	2.522
51.9	NaN	557	NaN	632	0	8	363	41	30	0	411	18	9384	18	10024	37	9432	38	10158	15.817	0.765
52	NaN	545	NaN	621	0	7	359	39	31	0	411	14	9580	16	9826	29	9563	33	9951	15.869	0.111
52.1	NaN	556	NaN	616	0	2	361	39	31	0	409	14	9576	16	9890	30	9659	33	9952	15.915	1.254
52.2	NaN	549	NaN	643	0	-11	363	39	31	0	409	18	9753	14	9803	37	9866	28	9864	15.969	0.809
52.3	NaN	520	NaN	691	0	-37	362	36	32	0	407	19	10014	8	9411	40	10094	17	9544	15.977	-1.203
52.4	NaN	527	NaN	641	0	-48	361	35	32	0	407	20	10097	6	9159	41	10184	13	9386	15.854	-0.702
52.5	NaN	539	NaN	630	0	-49	360	35	31	0	407	18	9923	6	9016	38	10111	11	9307	15.712	-1.398
52.6	NaN	532	NaN	634	0	-45	361	35	31	0	406	19	9821	6	8951	37	9961	12	9205	15.594	0.491
52.7	NaN	525	NaN	653	0	-11	358	35	30	0	406	13	9755	9	9230	26	9759	20	9275	15.541	1.312
52.8	NaN	563	NaN	604	0	21	360	41	30	0	408	11	9179	18	9817	23	9273	39	9810	15.488	-0.649
52.9	NaN	526	NaN	549	0	24	357	52	45	0	411	27	9548	45	10088	54	9474	94	10283	15.729	2.376
53	NaN	562	NaN	555	0	35	359	67	60	0	411	22	10201	49	10266	46	9711	99	10366	16.016	1.697
53.1	NaN	532	NaN	563	0	4	363	100	96	0	410	33	9854	38	10351	66	9843	78	10488	16.303	3.6
53.2	NaN	536	NaN	559	0	-4	360	100	100	0	407	36	10207	34	10213	74	10329	67	10396	16.686	2.005
53.3	NaN	522	NaN	572	0	-6	356	100	100	0	410	36	10470	32	10482	71	10598	65	10575	17.016	3.685
53.4	NaN	513	NaN	583	1	-8	360	100	100	0	409	34	10710	28	10647	66	10704	56	10712	17.374	2.339
53.5	NaN	531	NaN	587	1	-7	358	100	100	0	410	31	10850	27	10721	62	10965	55	10871	17.622	3.183
53.6	NaN	546	NaN	597	1	-6	360	100	100	0	408	25	10977	23	10956	50	11084	44	10979	17.842	1.541
53.7	NaN	539	NaN	600	1	-4	362	100	100	0	408	20	11125	18	11044	39	11138	33	11056	17.941	-0.841
53.8	NaN	528	NaN	605	1	-2	362	100	100	0	408	21	11022	20	11046	41	11172	39	11156	18.117	3.715
53.9	NaN	528	NaN	627	1	-1	361	100	100	0	410	16	11149	16	11261	32	11105	30	11268	18.155	0.655
54	NaN	535	NaN	623	1	-2	360	100	100	0	408	15	11101	15	11146	30	11235	29	11258	18.234	1.346
54.1	NaN	525	NaN	603.34375	1	-0	361	100	100	0	407	14	11157	14	11273	28	11173	26	11291	18.255	1.646
54.2	NaN	528	NaN	602.1875	1	-0	361	100	100	0	408	14	11173	13	11160	27	11214	26	11273	18.322	-0.552
54.3	NaN	534	NaN	601.03125	1	0	362	100	100	0	408	15	11130	15	11304	29	11257	28	11370	18.36	2.038
54.4	NaN	529	NaN	599.875	1	0	361	85	76	0	410	13	11213	13	11314	25	11232	23	11392	18.385	0.086
54.5	NaN	562	NaN	598.71875	0	0	361	0	0	0	409	-7	11054	-8	11302	-5	11119	-6	11244	18.338	-3.596
54.6	NaN	525	NaN	597.5625	0	3	364	0	0	0	406	-28	10885	-28	11011	-21	10786	-21	11059	18.003	-3.976
54.7	NaN	512	NaN	596.40625	0	4	363	0	0	0	408	-48	10500	-47	10704	-37	10362	-36	10661	17.512	-6.157
54.8	NaN	509	NaN	595.25	0	7	361	0	0	0	407	-53	9960	-51	10455	-41	9949	-38	10411	16.921	-6.488
54.9	NaN	517	NaN	594.09375	0	7	362	0	0	0	407	-56	9542	-52	10102	-43	9426	-40	10038	16.267	-7.189
55	NaN	507	NaN	592.9375	0	7	358	0	0	0	407	-57	9066	-54	9687	-46	9018	-42	9653	15.612	-6.32
55.1	NaN	507	NaN	591.78125	0	-4	358	0	0	0	407	-54	8900	-57	9160	-44	8828	-46	9031	14.946	-6.733
55.2	NaN	514	NaN	590.625	0	-25	356	0	0	0	407	-49	8763	-60	8463	-40	8794	-50	8260	14.268	-6.812
55.3	NaN	512	NaN	589.46875	0	-36	357	0	0	0	406	-45	8592	-64	7683	-38	8620	-53	5351	13.602	-6.823
55.4	NaN	527	NaN	588.3125	0	-44	361	0	0	0	405	-43	8094	-42	6387	-37	8263	-0	1926	12.975	-6.986
55.5	NaN	525	NaN	587.15625	0	-46	356	0	0	0	404	-41	7844	-51	6108	-35	7931	-3	2251	12.278	-5.438
55.6	NaN	519	NaN	588	0	-46	361	0	0	0	406	-41	7444	-58	6006	-36	7526	-0	2053	11.605	-5.66
55.7	NaN	533	NaN	591.4869792	0	-16	362	13	10	0	407	-21	7215	-26	6235	-19	7173	-22	2771	11.02	-3.653
55.8	NaN	526.35	NaN	585.9895833	0	19	362	27	18	0	409	-0	6558	-0	6538	0	6628	-1	6494	10.697	-0.382
55.9	NaN	527.7	NaN	580.4921875	0	35	359	27	17	0	411	0	6040	0	6960	0	6017	0	6863	10.561	-2.663
56	NaN	529.05	NaN	574.9947917	0	57	364	36	28	0	409	3	5854	17	6839	7	5939	40	6899	10.44	-0.868
56.1	NaN	530.4	NaN	569.4973958	0	58	362	36	28	0	411	2	5735	16	6897	6	5743	39	6914	10.297	-0.226
56.2	NaN	531.75	NaN	606	0	52	359	43	35	0	409	5	5690	30	6959	13	5744	75	7083	10.25	1.899
56.3	NaN	533.1	NaN	600	0	49	358	44	36	0	410	7	5803	35	6984	18	5853	81	7169	10.379	0.496
56.4	NaN	534.45	NaN	647	0	39	357	44	33	0	406	10	6071	29	6969	21	6008	67	7118	10.557	1.57
56.5	NaN	535.8	NaN	613	0	33	358	45	33	0	410	11	6107	28	7074	25	6138	65	7134	10.671	1.76
56.6	NaN	537.15	NaN	628	0	39	361	45	33	0	411	9	6214	29	7134	22	6311	67	7227	10.84	1.594
56.7	NaN	540	NaN	590	0	42	358	47	39	0	410	11	6270	38	7327	25	6353	90	7405	10.989	0.862
56.8	NaN	541	NaN	584	0	42	360	50	42	0	409	14	6963	45	7490	33	6522	104	7581	11.276	3.072
56.9	NaN	531	NaN	540	0	43	364	71	63	0	411	22	6811	70	7807	52	7030	157	7906	11.639	3.15
57	NaN	531	NaN	543	0	41	360	100	92	0	410	22	7759	65	8095	49	7116	152	8195	12.107	4.375
57.1	NaN	524	NaN	570	0	39	357	100	100	0	409	22	8518	63	8412	50	7599	143	8321	12.609	6.104
57.2	NaN	546	NaN	549	0	29	358	100	100	0	410	27	7568	55	8534	60	8924	120	8704	12.974	2.434
57.3	NaN	560	NaN	563	0	18	362	100	100	0	408	31	8874	49	8716	66	7999	106	8928	13.404	6.228
57.4	NaN	530	NaN	565	0	29	361	100	100	0	409	24	10114	52	8801	55	8547	114	8988	13.853	7.047
57.5	NaN	538	NaN	555	0	13	360	100	100	0	412	33	8792	45	9132	70	8671	96	9309	14.247	5.854
57.6	NaN	530	NaN	556	0	14	361	100	100	0	406	32	8922	43	9335	68	9243	93	9454	14.758	4.333
57.7	NaN	526	NaN	554	0	13	359	100	100	0	409	31	9278	44	9613	66	9264	91	9690	15.17	3.147
57.8	NaN	535	NaN	572	0	10	362	100	100	0	411	33	9495	41	9751	68	9429	83	9902	15.577	3.549
57.9	NaN	587	NaN	562	0	4	360	100	100	0	408	34	9673	38	9983	70	9807	78	10113	15.979	3.036
58	NaN	529	NaN	559	0	2	358	100	100	0	410	34	9996	36	10210	70	10090	73	10292	16.328	4.284
58.1	NaN	558	NaN	556	1	-2	361	100	100	0	410	35	10305	34	10361	71	10367	68	10453	16.705	3.279
58.2	NaN	563	NaN	579	1	-1	359	100	100	0	410	34	10481	34	10491	69	10538	69	10679	17.054	3.228
58.3	NaN	574	NaN	568	1	0	357	100	100	0	409	33	10920	31	10765	64	10801	63	10846	17.403	4.45
58.4	NaN	526	NaN	584	1	-2	363	100	100	0	410	26	10878	25	10855	49	10923	49	11019	17.597	1.788
58.5	NaN	586	NaN	610	1	-1	362	100	100	0	411	24	10868	23	11005	46	10983	45	11064	17.897	2.341
58.6	NaN	539	NaN	565.5	1	-2	362	100	100	0	408	18	11042	19	11136	36	11131	36	11172	18.036	1.853
58.7	NaN	542	NaN	567	1	-2	361	99	91	0	408	18	11114	17	11082	35	11171	32	11217	18.181	1.928
58.8	NaN	552	NaN	568.5	0	-5	363	0	0	0	407	-9	10959	-10	11120	-6	11028	-6	11043	18.149	-3.051
58.9	NaN	529	NaN	570	0	-2	359	0	0	0	407	-30	10860	-29	10761	-22	10824	-23	10907	17.827	-2.674
59	NaN	517	NaN	571.5	0	-2	359	0	0	0	408	-49	10474	-49	10542	-38	10387	-38	10187	17.408	-4.957
59.1	NaN	512	NaN	573	0	-1	382	0	0	0	423	-52	10107	-52	10155	-40	10154	-40	10103	16.771	-7.154
59.2	NaN	520	NaN	574.5	0	4	509	0	0	0	520	-55	9492	-53	9756	-43	9438	-41	9703	16.077	-9.496
59.3	NaN	513	NaN	576	0	5	697	0	0	0	705	-57	8786	-53	9323	-47	8406	-44	9176	15.257	-9.249
59.4	NaN	514	NaN	577.5	0	8	774	0	0	0	742	-57	8112	-53	8738	-48	7698	-43	8736	14.264	-8.643
59.5	NaN	517	NaN	579	0	9	813	0	0	0	764	-57	7432	-52	8231	-49	6607	-44	8015	13.269	-11.8
59.6	NaN	520	NaN	580.5	0	23	775	0	0	0	712	-60	6559	-48	7565	-52	3073	-42	7428	12.304	-9.843
59.7	NaN	523	NaN	582	0	43	661	0	0	0	626	-1	5131	-43	7171	-0	455	-37	7076	11.474	-10.346
59.8	NaN	543	NaN	583.5	0	48	358	0	0	0	403	-54	5530	-40	6871	-11	1942	-36	6839	10.663	-5.692
59.9	NaN	539	NaN	585	0	64	362	0	0	0	407	-27	4607	-36	6272	-24	2196	-33	6525	10.011	-4.895
60	NaN	550	NaN	586.5	0	70	361	0	0	0	408	-29	4353	-34	5901	-17	1335	-31	6136	9.331	-5.833
60.1	NaN	552	NaN	588	0	74	362	0	0	0	408	-33	4107	-32	5426	-1	886	-30	5568	8.666	-5.773
60.2	NaN	567	NaN	590	0	80	365	44	35	0	408	-0	3787	33	5459	-1	1854	94	5786	8.065	-1.386
60.3	NaN	578	NaN	596	0	78	362	43	30	0	409	-1	3984	33	5552	-2	3864	79	5866	7.901	1.336
60.4	NaN	570	NaN	577	0	71	364	53	44	0	409	1	3882	57	5470	2	4123	126	5754	7.894	1.238
60.5	NaN	539	NaN	594	0	8	362	77	68	0	411	46	4690	51	5739	109	6022	147	6273	8.152	8.176
60.6	NaN	565	NaN	576.9375	0	-10	363	48	43	0	410	5	7513	28	5557	84	5743	71	5660	8.911	4.257
60.7	NaN	582	NaN	575.625	0	-40	360	45	41	0	408	37	5944	12	5246	89	6016	30	5379	9.147	1.694
60.8	NaN	558	NaN	574.3125	0	-63	359	34	31	0	411	25	6342	4	5312	59	6285	9	5343	9.488	2.833
60.9	NaN	572	NaN	581	0	-78	362	31	24	0	407	2	5919	-0	5083	5	6010	0	4998	9.282	-3
61	NaN	568	NaN	570	0	-81	358	50	51	0	407	59	6535	-2	4954	164	6540	-5	4843	9.34	1.926
61.1	NaN	562	NaN	574	0	-76	365	83	80	0	409	52	6752	-1	4923	158	6968	-1	4838	9.551	3.848
61.2	NaN	579	NaN	654	0	-62	361	100	100	0	408	52	6822	9	5007	156	7124	22	5288	9.639	3.585
61.3	NaN	571	NaN	646	0	-41	360	100	100	0	407	49	7005	21	5344	134	7763	51	6299	9.764	6.415
61.4	NaN	576	NaN	558	0	-4	360	100	100	0	405	48	6751	41	5581	116	7428	99	9028	9.935	5.395
61.5	NaN	566	NaN	628	0	11	359	100	100	0	408	35	6694	45	6487	83	7442	46	10584	10.047	2.811
61.6	NaN	543	NaN	609	0	6	362	100	100	0	406	37	6640	44	7839	88	7051	50	10295	10.423	5.782
61.7	NaN	547	NaN	589	0	-1	361	100	100	0	408	41	6850	41	7530	95	7009	61	9805	10.849	6.368
61.8	NaN	612	NaN	566	0	-12	363	100	100	0	409	51	7167	37	7138	117	7281	84	7999	11.443	5.779
61.9	NaN	559	NaN	563	0	-15	356	100	100	0	408	54	7627	36	7304	119	7706	81	7455	12.071	4.913
62	NaN	556	NaN	574	0	-17	359	100	100	0	409	52	7998	34	7653	116	8097	76	7784	12.625	5.89
62.1	NaN	560.75	NaN	572	0	-10	362	100	100	0	410	48	8282	36	7996	104	8437	80	8141	13.183	6.505
62.2	NaN	541	NaN	575	0	-3	359	100	100	0	409	42	8465	39	8489	91	8631	85	8593	13.686	5.879
62.3	NaN	554	NaN	567	0	-3	356	100	100	0	409	40	8689	38	8771	86	8817	82	8907	14.18	4.235
62.4	NaN	549	NaN	569	1	-3	357	100	100	0	411	39	9004	37	9140	83	9041	80	9242	14.679	6.46
62.5	NaN	571	NaN	561	1	-3	357	100	100	0	410	39	9281	36	9423	82	9454	78	9496	15.132	4.98
62.6	NaN	568	NaN	567	1	-4	356	100	100	0	410	38	9549	36	9630	78	9633	75	9776	15.579	4.719
62.7	NaN	553	NaN	576	1	-1	361	100	100	0	410	36	9802	36	9880	74	9921	74	10031	15.993	4.363
62.8	NaN	549	NaN	563	1	-4	358	100	100	0	411	36	10056	35	10185	73	10090	71	10289	16.399	3.632
62.9	NaN	537	NaN	567	1	-1	362	100	100	0	408	35	10348	34	10474	70	10539	69	10495	16.826	2.891
63	NaN	539	NaN	591	1	-3	359	100	91	0	409	33	10532	32	10590	66	10669	61	10761	17.245	3.3
63.1	NaN	563	NaN	578	0	-0	364	64	53	0	410	31	10716	30	10957	61	10799	59	11015	17.583	2.329
63.2	NaN	557	NaN	573.0625	0	-1	355	63	52	0	410	25	10918	23	10986	48	11016	45	11102	17.86	2.932
63.3	NaN	547	NaN	573.125	0	-1	360	63	53	0	411	20	10948	20	11142	39	11019	39	11259	18.072	2.798
63.4	NaN	548	NaN	573.1875	0	-1	364	37	26	0	408	12	11005	13	11293	23	11116	24	11291	18.215	-0.951
63.5	NaN	586	NaN	573.25	0	1	362	27	15	0	409	-1	10985	-1	11144	-2	11005	-2	11205	18.145	-1.502
63.6	NaN	562	NaN	573.3125	0	11	359	14	3	0	409	-18	10519	-16	11167	-13	10598	-11	11184	17.961	-1.837
63.7	NaN	552	NaN	573.375	0	13	357	14	4	0	409	-33	10175	-28	10912	-24	10027	-22	10919	17.543	-6.012
63.8	NaN	556	NaN	573.4375	0	15	359	19	11	0	408	-21	9904	-20	10846	-17	9915	-15	10831	17.09	-4.55
63.9	NaN	583	NaN	571	0	15	363	30	23	0	410	2	9944	2	10560	3	9927	5	10677	16.862	-0.471
64	NaN	580	NaN	566	0	18	361	30	23	0	409	2	9800	3	10459	4	9877	6	10506	16.679	-1.198
64.1	NaN	586	NaN	573	0	26	360	30	21	0	409	1	9499	1	10423	1	9732	3	10477	16.512	-1.618
64.2	NaN	584	NaN	576	0	34	365	29	16	0	411	-0	9422	-0	10448	-0	9401	-0	10388	16.2	-4.403
64.3	NaN	587	NaN	575	0	27	365	28	16	0	408	-0	9159	-0	9938	0	9323	0	10210	15.995	-0.107
64.4	NaN	573	NaN	574	0	34	361	23	10	0	409	-11	8739	-8	9969	-9	8840	-6	9873	15.584	-3.679
64.5	NaN	579	NaN	574	0	38	360	23	11	0	408	-11	8104	-8	9481	-9	8559	-6	9601	15.258	-4.484
64.6	NaN	570	NaN	572	0	41	362	23	10	0	410	-12	7864	-8	9299	-10	8250	-6	9500	14.796	-2.197
64.7	NaN	573	NaN	574	0	48	362	22	10	0	409	-11	6158	-8	8827	-10	8113	-6	9095	14.413	-4.543
64.8	NaN	572	NaN	574	0	43	362	22	12	0	411	-12	7294	-8	8794	-11	7311	-7	8953	13.886	-6.395
64.9	NaN	571	NaN	566	0	47	363	21	9	0	411	-15	7343	-9	8443	-13	7549	-8	8761	13.434	0.503
65	NaN	559	NaN	558	0	47	364	21	10	0	409	-16	6734	-10	8188	-13	6402	-9	8327	12.967	-6.244
65.1	NaN	559	NaN	559	0	49	361	21	11	0	408	-15	5561	-9	7927	-14	6551	-8	8018	12.585	-5.475
65.2	NaN	580	NaN	576	0	48	357	29	20	0	409	0	6611	0	7806	0	5926	0	7964	12.139	-1.434
65.3	NaN	566	NaN	630	0	55	361	39	31	0	408	5	6537	24	7719	11	6843	54	7865	11.83	-2.283
65.4	NaN	569	NaN	635	0	56	359	39	31	0	408	4	6482	24	7704	10	6700	53	7829	11.731	0.241
65.5	NaN	544	NaN	548	0	56	359	52	43	0	410	9	6585	55	7849	21	6896	126	7962	11.728	1.163
65.6	NaN	556	NaN	532	0	58	361	52	43	0	410	9	6858	55	7951	20	6868	127	8049	11.927	0.964
65.7	NaN	552	NaN	573	0	58	360	52	42	0	410	9	6867	54	8193	20	7046	122	8322	12.056	2.806
65.8	NaN	544	NaN	576	0	58	362	49	37	0	408	8	6979	44	8000	17	7034	99	8231	12.193	1.589
65.9	NaN	541	NaN	572	0	58	357	49	37	0	410	7	6866	45	8157	16	7019	101	8278	12.231	2.231
66	NaN	607	NaN	555	0	56	359	49	41	0	411	9	6923	48	8127	20	7084	110	8246	12.311	1.451
66.1	NaN	516	NaN	552	0	55	361	79	70	0	410	14	7118	71	8479	33	7216	161	8578	12.483	3.258
66.2	NaN	530	NaN	557	0	43	359	100	100	0	409	19	8363	65	8590	43	7568	143	8676	12.761	3.981
66.3	NaN	560	NaN	548	0	27	357	100	100	0	410	28	7851	54	8555	62	8157	119	8708	13.103	4.811
66.4	NaN	562	NaN	560	0	8	359	100	100	0	410	37	8359	44	8533	82	8288	96	8685	13.56	5.042
66.5	NaN	532	NaN	559	0	9	363	100	100	0	407	35	8501	44	8759	75	8501	95	8919	14.013	5.328
66.6	NaN	561	NaN	547	0	8	358	100	100	0	407	36	8777	42	9034	76	8769	90	9191	14.436	4.504
66.7	NaN	549	NaN	559	0	7	359	100	100	0	408	34	9016	41	9351	71	9041	86	9456	14.857	5.315
66.8	NaN	541	NaN	563	0	9	361	100	100	0	408	34	9226	41	9573	70	9324	85	9657	15.252	3.271
66.9	NaN	549	NaN	567	0	1	357	100	100	0	411	36	9514	37	9738	75	9637	76	9837	15.598	3.312
67	NaN	539	NaN	570	1	-2	360	100	100	0	409	37	9772	35	9830	76	9877	70	9995	15.977	3.119
67.1	NaN	542	NaN	577	1	-2	359	100	100	0	410	35	10055	34	10089	72	10098	71	10173	16.322	3.209
67.2	NaN	536	NaN	568	1	-2	359	100	100	0	411	35	10244	34	10290	71	10338	69	10378	16.655	3.679
67.3	NaN	574	NaN	576	1	-2	357	100	100	0	408	35	10419	34	10439	70	10555	68	10580	16.98	3.813
67.4	NaN	524	NaN	581	1	-2	362	100	100	0	411	34	10656	32	10740	66	10701	62	10791	17.333	4.305
67.5	NaN	561	NaN	594	1	-3	358	100	100	0	409	27	10789	27	10911	53	10891	52	10953	17.588	1.727
67.6	NaN	540	NaN	605	1	-2	358	100	100	0	410	25	10886	24	10937	48	10923	47	11104	17.842	3.504
67.7	NaN	554	NaN	605	1	-1	358	100	100	0	410	19	11036	18	11119	36	11105	36	11157	17.988	0.624
67.8	NaN	546	NaN	610	1	0	363	100	100	0	408	19	11031	18	11084	36	11116	36	11230	18.083	1.628
67.9	NaN	558	NaN	624	1	-0	359	100	100	0	410	18	11116	17	11278	32	11181	32	11256	18.231	0.716
68	NaN	548	NaN	624	1	-2	359	100	100	0	408	15	11136	15	11222	29	11236	28	11296	18.253	-0.343
68.1	NaN	547	NaN	638	1	-3	359	100	100	0	411	13	11226	13	11290	26	11228	24	11299	18.31	-0.023
68.2	NaN	539	NaN	661	1	-3	363	100	100	0	409	12	11198	10	11221	22	11269	20	11257	18.347	-0.968
68.3	NaN	540	NaN	633	1	-3	362	100	100	0	410	13	11257	13	11227	28	11279	25	11329	18.336	1.288
68.4	NaN	539	NaN	649	1	-2	357	100	100	0	407	10	11258	9	11299	20	11293	18	11277	18.355	-0.894
68.5	NaN	548	NaN	635	1	0	361	100	100	0	408	13	11202	13	11212	26	11205	26	11334	18.369	0.396
68.6	NaN	536	NaN	649	1	-3	361	100	100	0	408	11	11289	11	11365	21	11323	20	11340	18.362	-0.235
68.7	NaN	548	NaN	638	1	-0	357	100	100	0	407	12	11206	11	11239	24	11241	23	11360	18.386	-0.09
68.8	NaN	543	NaN	645	1	-1	359	100	100	0	408	11	11288	11	11384	21	11304	21	11349	18.4	0.83
68.9	NaN	555	NaN	645	1	-2	359	100	100	0	408	10	11260	11	11254	20	11336	20	11327	18.368	0.082
69	NaN	545	NaN	650	1	-2	362	100	100	0	407	12	11291	12	11353	24	11296	22	11321	18.41	1.39
69.1	NaN	547	NaN	657	1	-4	360	100	100	0	407	11	11239	9	11255	20	11331	19	11293	18.416	0.177
69.2	NaN	538	NaN	646	1	-3	356	100	100	0	408	11	11268	11	11299	23	11295	22	11363	18.408	0.961
69.3	NaN	548	NaN	653	1	-3	362	100	100	0	408	9	11376	8	11339	16	11350	15	11312	18.356	-2.387
69.4	NaN	544	NaN	638	1	-2	362	100	100	0	410	13	11200	13	11284	27	11208	26	11366	18.421	1.849
69.5	NaN	550	NaN	635	1	6	361	100	100	0	408	12	11184	13	11447	23	11279	25	11430	18.45	0.472
69.6	NaN	557	NaN	599	0	14	362	100	100	0	410	16	11067	21	11591	31	11114	41	11718	18.434	1.489
69.7	NaN	569	NaN	624	0	21	354	100	100	0	410	14	11125	22	11775	29	11653	47	11823	18.53	1.85
69.8	NaN	553	NaN	583	0	19	361	100	100	0	410	17	11051	23	11778	32	11314	50	11933	18.498	0.07
69.9	NaN	553	NaN	605	0	6	361	100	100	0	411	17	11102	19	11678	32	11260	39	11796	18.563	1.335
70	NaN	547	NaN	642	0	-4	362	100	100	0	411	10	11258	9	11386	17	11341	17	11507	18.549	0.39
70.1	NaN	546	NaN	657	0	-9	360	76	69	0	411	10	11350	9	11316	18	11426	15	11300	18.557	0.48
70.2	NaN	566	NaN	648.6666667	0	-7	357	0	0	0	409	-15	11276	-15	11003	-10	11328	-11	11066	18.322	-3.585
70.3	NaN	539	NaN	653.8333333	0	-9	362	0	0	0	405	-33	10889	-36	10852	-25	10919	-27	10633	17.888	-4.507
70.4	NaN	534	NaN	655	0	-9	375	0	0	0	429	-49	10558	-54	10295	-36	10604	-40	10361	17.289	-6.288
70.5	NaN	525	NaN	663	0	-10	473	0	0	0	506	-50	10105	-55	9846	-39	10060	-44	9238	16.554	-8.321
70.6	NaN	518	NaN	648	0	-12	497	0	0	0	507	-53	9594	-58	9447	-41	9595	-45	9131	15.767	-7.591
70.7	NaN	515	NaN	653	0	-11	502	0	0	0	530	-52	9120	-58	8950	-42	9131	-48	8842	14.934	-7.105
70.8	NaN	518	NaN	667	0	-11	562	0	0	0	575	-51	8665	-58	8466	-42	8519	-48	7920	14.149	-8.883
70.9	NaN	521	NaN	674	0	-14	538	0	0	0	541	-51	8229	-58	7923	-43	8032	-49	7768	13.257	-8.548
71	NaN	520	NaN	674	0	-21	402	0	0	0	439	-48	7807	-60	7396	-42	7745	-51	6963	12.497	-7.924
71.1	NaN	557	NaN	706	0	-35	358	14	14	0	401	-18	7596	-25	6962	-16	7548	-22	6135	11.828	-6.263
71.2	NaN	585	NaN	655	0	-43	358	43	44	0	406	41	7761	12	6924	93	7833	28	7022	11.784	3.083
71.3	NaN	556	NaN	681	0	-46	361	42	41	0	409	37	7867	11	6974	85	7966	25	7240	11.954	1.925
71.4	NaN	576	NaN	673	0	-39	358	42	39	0	409	33	7924	11	7049	73	8021	25	7173	12.105	1.813
71.5	NaN	560	NaN	667	0	-37	361	42	39	0	410	33	8069	11	7119	74	8169	26	7428	12.252	1.3
71.6	NaN	537	NaN	647	0	-49	353	38	35	0	408	25	8146	7	7112	56	8245	15	7261	12.35	0.397
71.7	NaN	587	NaN	580	0	-60	358	23	20	0	410	-0	7938	-0	6951	-2	8054	-0	7011	12.247	-3.667
71.8	NaN	582	NaN	577	0	-56	363	23	21	0	407	0	7778	0	6755	0	7855	0	6598	11.931	-4.002
71.9	NaN	556	NaN	612	0	-56	357	36	33	0	406	23	7720	4	6588	52	7854	9	6693	11.695	-0.881
72	NaN	552	NaN	676	0	-55	362	48	48	0	406	54	7950	11	6630	125	8160	25	7305	11.718	1.94
72.1	NaN	550	NaN	666	0	-54	362	51	48	0	406	58	8028	11	6840	130	8314	26	7089	11.949	3.732
72.2	NaN	569	NaN	592	0	-16	359	53	51	0	408	46	8015	30	7300	103	8423	72	8220	12.178	5.365
72.3	NaN	567	NaN	633	0	7	361	47	35	0	410	21	7673	24	7775	46	7774	54	8017	12.544	1.803
72.4	NaN	546	NaN	571	0	4	361	52	43	0	409	31	7841	35	8183	69	7915	75	8278	12.902	3.442
72.5	NaN	568	NaN	586	0	-4	357	52	43	0	409	34	8188	31	8288	75	8261	68	8390	13.288	4.46
72.6	NaN	559	NaN	589	0	-10	356	51	42	0	410	35	8494	27	8408	76	8529	61	8498	13.707	5.622
72.7	NaN	553	NaN	642	0	-11	359	48	41	0	410	32	8786	24	8580	71	8853	53	8780	13.921	1.757
72.8	NaN	556	NaN	674	0	-23	360	42	32	0	407	22	8890	12	8545	49	8969	27	8609	14.201	2.448
72.9	NaN	579	NaN	635	0	-34	360	41	35	0	406	27	9210	11	8439	59	9302	25	8578	14.271	0.883
73	NaN	561	NaN	565	0	-46	363	33	22	0	408	8	9074	2	8298	15	9111	4	8435	14.39	-0.492
73.1	NaN	587	NaN	574	0	-45	362	20	17	0	408	-0	9068	-0	8064	-0	9085	-0	7922	14.064	-4.583
73.2	NaN	565	NaN	737	0	-48	361	0	0	0	407	-15	8682	-24	7227	-12	8827	-20	7002	13.662	-3.703
73.3	NaN	549	NaN	708	0	-56	356	0	0	0	407	-28	8136	-43	6731	-23	8247	-40	5572	13.161	-6.833
73.4	NaN	569	NaN	553	0	-54	357	0	0	0	406	-38	7703	-17	5798	-33	7805	-2	1888	12.436	-5.747
73.5	NaN	553	NaN	778	0	-55	356	3	0	0	407	-37	7274	-33	5376	-32	7454	-24	2221	11.646	-3.426
73.6	NaN	571	NaN	602	0	-48	359	28	28	0	407	-1	7200	0	5647	0	7243	0	1613	10.804	-3.146
73.7	NaN	574	NaN	736	0	-16	364	34	30	0	407	11	7085	7	5670	26	7316	15	3167	10.427	0.56
73.8	NaN	586	NaN	571	0	-8	360	60	56	0	408	49	6891	38	5995	119	7523	90	7582	10.119	3.905
73.9	NaN	572	NaN	568	0	-17	358	63	58	0	408	48	7054	32	6987	112	7624	76	10228	10.134	8.068
74	NaN	564	NaN	590	0	-15	357	58	47	0	410	48	7220	30	6531	108	8262	55	9871	10.16	8.546
74.1	NaN	580	NaN	572	0	34	355	60	53	0	411	22	6924	60	6362	52	7254	84	9128	10.252	5.636
74.2	NaN	563	NaN	594	0	-2	360	60	53	0	410	39	6898	28	7749	89	7317	49	10106	10.458	3.556
74.3	NaN	571	NaN	571	0	-12	359	56	50	0	408	44	7001	33	7255	102	7363	72	9475	10.831	5.337
74.4	NaN	563	NaN	578	0	14	363	51	41	0	410	27	7039	38	7065	62	7197	82	9050	11.358	5.313
74.5	NaN	559	NaN	571	0	19	362	49	36	0	411	19	6842	31	7545	43	6933	71	7621	11.788	2.459
74.6	NaN	571	NaN	572	0	37	360	47	34	0	411	12	6882	33	7753	28	7013	75	7853	11.973	0.936
74.7	NaN	583	NaN	577	0	43	360	30	17	0	409	-0	6703	-0	7672	-0	6723	-1	7734	11.947	-3.692
74.8	NaN	587	NaN	577	0	43	362	30	20	0	411	0	6548	0	7584	0	6481	0	7630	11.682	-3.59
74.9	NaN	563	NaN	572	0	46	362	45	35	0	411	9	6622	32	7721	20	6713	73	7844	11.69	1.817
75	NaN	564	NaN	529	0	48	361	51	42	0	410	11	6726	49	7870	27	6876	112	8049	11.854	1.508
75.1	NaN	554	NaN	554	0	45	363	51	42	0	410	13	7001	48	8001	30	7007	109	8216	12.071	2.923
75.2	NaN	542	NaN	574	0	19	356	54	44	0	410	25	7121	41	8029	54	7409	92	8320	12.323	4.27
75.3	NaN	602	NaN	553	0	-13	358	58	56	0	409	48	7955	38	7901	107	8029	86	8084	12.84	5.404
75.4	NaN	577	NaN	582	0	-28	360	64	63	0	410	56	8515	27	7908	124	8554	59	8093	13.319	5.072
75.5	NaN	563	NaN	596	0	-32	356	87	86	0	410	54	8852	25	8156	117	8938	55	8478	13.742	4.147
75.6	NaN	558	NaN	586	0	-26	360	100	100	0	410	51	9096	27	8461	109	9207	58	8636	14.187	5.563
75.7	NaN	574	NaN	579	0	-19	362	100	100	0	408	46	9261	29	8791	100	9394	62	8979	14.638	3.737
75.8	NaN	559	NaN	582	0	-18	358	100	100	0	410	46	9459	30	9204	96	9594	62	9235	15.062	4.187
75.9	NaN	565	NaN	583	0	-16	359	100	100	0	408	43	9683	30	9433	89	9747	62	9524	15.484	4.142
76	NaN	550	NaN	577	0	-14	362	100	100	0	410	41	9927	30	9620	85	10051	62	9711	15.876	4.429
76.1	NaN	547	NaN	570	0	-11	360	100	100	0	410	39	10167	31	9857	79	10249	63	10035	16.285	4.237
76.2	NaN	551	NaN	570	0	-3	356	100	100	0	410	37	10241	33	10283	74	10360	68	10359	16.668	3.551
76.3	NaN	546	NaN	560	0	-2	355	100	100	0	411	36	10415	33	10562	72	10513	68	10617	17.028	3.557
76.4	NaN	551	NaN	571	1	-1	357	100	100	0	410	34	10666	33	10719	66	10765	65	10892	17.403	4.437
76.5	NaN	543	NaN	587	1	-2	359	100	100	0	408	27	10754	26	10992	53	10838	53	11055	17.709	2.687
76.6	NaN	551	NaN	610	1	-3	360	100	100	0	408	24	10917	23	11049	46	11033	45	11150	17.9	1.929
76.7	NaN	551	NaN	614	1	-2	361	100	100	0	408	19	11027	18	11159	36	11094	35	11214	18.091	0.223
76.8	NaN	555	NaN	612	1	-1	357	100	100	0	408	19	11077	18	11257	37	11158	34	11295	18.212	1.102
76.9	NaN	549	NaN	623	1	-2	356	100	100	0	409	14	11209	13	11222	27	11256	26	11346	18.316	0.595
77	NaN	540	NaN	632	1	-2	359	100	100	0	408	13	11174	12	11373	26	11191	26	11367	18.367	0.045
77.1	NaN	551	NaN	645	1	-3	356	100	100	0	408	13	11249	12	11227	25	11329	23	11341	18.45	1.678
77.2	NaN	549	NaN	635	1	-6	358	100	100	0	410	10	11208	9	11373	20	11286	18	11394	18.448	0.887
77.3	NaN	545	NaN	630	1	-5	356	100	100	0	410	12	11299	11	11319	23	11366	21	11391	18.444	1.407
77.4	NaN	550	NaN	638	1	-7	358	100	100	0	410	11	11294	9	11357	20	11328	18	11371	18.502	-0.237
77.5	NaN	547	NaN	617	1	-5	360	100	100	0	411	11	11283	9	11310	21	11374	19	11398	18.497	0.944
77.6	NaN	550	NaN	632	1	-2	362	100	100	0	411	9	11340	8	11432	16	11327	14	11413	18.506	-0.062
77.7	NaN	546	NaN	620	1	-3	359	100	100	0	410	11	11256	11	11418	23	11303	22	11487	18.529	0.616
77.8	NaN	545	NaN	643	1	-1	362	100	100	0	409	9	11335	9	11432	16	11366	15	11479	18.549	0.189
77.9	NaN	545	NaN	633	1	-2	358	100	100	0	408	10	11273	10	11436	19	11328	21	11504	18.541	0.262
78	NaN	538	NaN	652	1	-1	360	100	100	0	411	10	11345	10	11461	19	11376	17	11493	18.587	-0.259
78.1	NaN	553	NaN	634	1	-3	358	100	100	0	410	9	11288	9	11475	19	11317	18	11523	18.579	-0.241
78.2	NaN	543	NaN	652	1	-3	357	100	100	0	410	10	11366	9	11453	17	11404	16	11530	18.583	0.294
78.3	NaN	557	NaN	625	1	-3	358	100	100	0	412	8	11285	7	11498	16	11281	14	11485	18.599	-1.112
78.4	NaN	539	NaN	648	1	-0	363	100	100	0	409	10	11316	9	11452	18	11413	16	11539	18.596	0.696
78.5	NaN	553	NaN	633	1	-3	357	100	100	0	409	8	11335	7	11490	14	11328	13	11498	18.602	-0.445
78.6	NaN	548	NaN	650	1	-2	359	100	100	0	408	9	11344	9	11434	19	11415	19	11529	18.593	0.11
78.7	NaN	551	NaN	640	1	0	358	100	100	0	407	8	11360	7	11522	13	11329	13	11496	18.589	-0.717
78.8	NaN	548	NaN	635	1	-1	359	100	100	0	410	10	11308	10	11468	20	11372	19	11572	18.584	0.7
78.9	NaN	543	NaN	648	1	-1	362	100	100	0	407	8	11316	8	11560	15	11352	16	11543	18.602	0.453
79	NaN	541	NaN	623	1	1	357	100	100	0	407	10	11288	10	11530	21	11345	22	11613	18.591	0.592
79.1	NaN	550	NaN	647	1	0	357	100	100	0	407	9	11336	9	11590	17	11356	17	11571	18.64	-0.303
79.2	NaN	545	NaN	631	1	1	357	100	100	0	408	9	11298	9	11480	18	11342	17	11590	18.632	-0.102
79.3	NaN	552	NaN	638	1	-4	362	100	100	0	409	7	11381	7	11562	14	11422	13	11525	18.631	0.468
79.4	NaN	557	NaN	596	1	-5	363	100	100	0	411	7	11410	6	11390	13	11398	11	11446	18.611	-0.29
79.5	NaN	558	NaN	630	1	-8	359	100	100	0	409	8	11462	6	11417	15	11487	13	11408	18.606	0.569
79.6	NaN	547	NaN	630	0	-12	361	100	100	0	407	8	11413	7	11306	18	11459	15	11360	18.561	0.46
79.7	NaN	541	NaN	647	0	-12	358	100	100	0	407	12	11523	9	11349	20	11555	16	11352	18.565	0.912
79.8	NaN	554	NaN	668	0	-11	360	100	100	0	408	10	11551	7	11314	18	11508	15	11323	18.558	-1.21
79.9	NaN	541	NaN	651	0	-12	357	100	100	0	408	12	11475	10	11318	24	11567	18	11366	18.593	0.952
80	NaN	549	NaN	642	0	-11	359	100	100	0	409	8	11455	6	11313	16	11459	12	11346	18.571	-1.232
80.1	NaN	541	NaN	634	0	-6	359	100	100	0	407	10	11446	9	11339	19	11512	18	11417	18.549	0.146
80.2	NaN	562	NaN	663	0	-5	362	100	100	0	409	6	11364	6	11375	12	11373	12	11402	18.529	-0.48
80.3	NaN	545	NaN	634	0	-6	357	100	100	0	407	10	11334	9	11339	21	11392	18	11438	18.492	-0.608
80.4	NaN	552	NaN	625	1	-3	358	100	100	0	408	8	11336	8	11427	16	11353	14	11411	18.473	-0.096
80.5	NaN	539	NaN	634	1	-3	362	100	100	0	408	11	11302	9	11288	21	11359	18	11403	18.457	0.016
80.6	NaN	547	NaN	659	1	-2	357	100	100	0	408	9	11346	9	11452	17	11349	16	11400	18.463	-0.427
80.7	NaN	539	NaN	635	1	-3	358	100	100	0	410	10	11289	9	11345	21	11328	19	11396	18.461	-0.343
80.8	NaN	544	NaN	642	1	-3	360	100	100	0	411	10	11311	9	11433	17	11387	17	11417	18.489	0.734
80.9	NaN	547	NaN	640	1	-3	361	100	100	0	409	9	11269	9	11378	19	11336	17	11419	18.486	-0.296
81	NaN	541	NaN	643	0	-4	358	37	28	0	408	10	11330	9	11471	18	11390	18	11470	18.508	0.057
81.1	NaN	546	NaN	623	0	-3	359	0	0	0	406	-19	11120	-19	11183	-14	11030	-15	11178	18.343	-2.663
81.2	NaN	529	NaN	690	0	-3	359	0	0	0	407	-40	10804	-39	11022	-28	10867	-30	10989	17.931	-5.115
81.3	NaN	523	NaN	639	0	-2	361	0	0	0	406	-50	10532	-52	10706	-39	10329	-38	10497	17.416	-6.627
81.4	NaN	520	NaN	663	0	0	362	0	0	0	407	-51	10135	-51	10310	-40	10043	-40	10244	16.84	-6.13
81.5	NaN	517	NaN	663	0	-3	361	0	0	0	406	-52	9733	-54	9894	-41	9794	-42	9898	16.242	-4.938
81.6	NaN	513	NaN	659	0	-3	362	0	0	0	406	-54	9429	-55	9513	-43	9394	-45	9303	15.646	-6.637
81.7	NaN	514	NaN	657	0	-5	361	0	0	0	406	-53	9151	-57	9051	-44	8948	-46	8965	15.009	-7.261
81.8	NaN	518	NaN	652	0	-4	358	0	0	0	405	-54	8739	-55	8688	-45	8711	-46	8389	14.353	-6.144
81.9	NaN	516	NaN	654	0	-4	361	0	0	0	407	-53	8318	-56	8284	-44	8197	-46	8091	13.753	-5.981
82	NaN	513	NaN	663	0	-1	362	0	0	0	407	-55	7927	-54	7918	-45	7882	-46	7911	13.102	-6.15
82.1	NaN	546	NaN	679	0	4	357	15	7	0	407	-28	7647	-25	7768	-24	7603	-23	7747	12.523	-4.483
82.2	NaN	580	NaN	567	0	22	362	21	12	0	411	-10	7179	-8	7785	-9	7265	-7	7742	12.321	-0.364
82.3	NaN	572	NaN	564	0	39	358	21	12	0	411	-12	6815	-8	7684	-11	6789	-7	7696	12.077	-3.542
82.4	NaN	546	NaN	679	0	53	362	8	0	0	409	-33	5977	-20	7447	-30	5216	-18	7605	11.663	-4.558
82.5	NaN	538	NaN	693	0	67	361	0	0	0	408	-54	4695	-30	7012	-54	1314	-28	7263	11.072	-5.799
82.6	NaN	544	NaN	745	0	66	358	0	0	0	409	-41	4930	-34	6684	0	1312	-31	6957	10.428	-6.307
82.7	NaN	555	NaN	680	0	68	362	13	4	0	409	-32	4501	-23	6295	-28	1711	-21	6456	9.778	-4.947
82.8	NaN	539	NaN	599	0	66	357	52	43	0	408	4	4874	58	6641	11	2691	119	6887	9.288	3.303
82.9	NaN	556	NaN	569	0	68	362	52	43	0	410	4	4873	57	6577	10	5113	133	6862	9.351	3.235
83	NaN	548	NaN	584	0	64	359	51	40	0	410	5	4880	50	6808	11	5208	128	6883	9.388	5.495
83.1	NaN	545	NaN	575	0	62	364	53	44	0	410	6	4856	58	6595	15	5465	138	7212	9.311	1.926
83.2	NaN	564	NaN	562	0	54	357	53	45	0	410	9	5256	47	6660	23	5339	136	7298	9.31	2.93
83.3	NaN	538	NaN	595	0	35	361	54	46	0	409	17	6091	52	6416	41	6345	121	7095	9.394	2.067
83.4	NaN	558	NaN	582	0	-5	359	53	41	0	411	31	5785	30	6499	73	6931	72	6780	9.495	3.531
83.5	NaN	591	NaN	573	0	24	358	53	42	0	410	23	6910	40	6361	55	7073	93	6665	9.705	3.868
83.6	NaN	587	NaN	562	0	58	358	49	37	0	410	6	6504	47	6480	16	7144	112	6693	9.938	4.933
83.7	NaN	541	NaN	590	0	57	360	44	35	0	409	5	5610	35	6355	11	5902	84	6506	9.894	-1.542
83.8	NaN	560	NaN	573	0	59	361	44	34	0	409	5	5598	34	6575	11	5700	80	6676	9.978	1.046
83.9	NaN	544	NaN	571	0	58	360	51	42	0	410	7	5645	52	6904	17	5675	120	6935	10.086	2.292
84	NaN	554	NaN	567	0	59	359	52	43	0	410	8	5785	53	7033	19	5807	122	7137	10.38	1.75
84.1	NaN	511	NaN	620	0	56	362	57	48	0	410	11	5976	66	7413	24	6031	152	7501	10.672	4.461
84.2	NaN	518	NaN	634	0	51	363	72	63	0	409	15	6520	63	7539	36	6428	173	7784	11	2.2
84.3	NaN	553	NaN	544	0	38	362	100	94	0	410	23	7277	65	7782	52	6958	151	7879	11.384	5.303
84.4	NaN	525	NaN	511	0	34	358	100	100	0	410	26	7237	65	7799	58	7203	146	7971	11.83	4.68
84.5	NaN	528	NaN	552	0	23	360	100	100	0	409	31	7770	55	7951	70	7407	129	8075	12.303	5.451
84.6	NaN	526	NaN	542	0	12	362	100	100	0	410	36	7688	50	8162	80	7750	115	8259	12.785	4.458
84.7	NaN	550	NaN	555	0	8	360	100	100	0	410	37	7993	46	8384	81	8072	102	8453	13.302	4.718
84.8	NaN	543	NaN	589	0	5	363	100	100	0	410	38	8323	44	8639	82	8438	97	8707	13.76	3.269
84.9	NaN	543	NaN	568	0	-1	358	98	88	0	410	40	8686	39	8824	87	8759	84	8956	14.2	4.249
85	NaN	562	NaN	574.0833333	0	-3	358	34	28	0	411	16	8914	17	8879	33	8908	39	9022	14.605	2.282
85.1	NaN	556	NaN	576.1666667	0	-6	362	12	6	0	409	-13	8762	-13	8723	-11	8729	-11	8685	14.35	-3.532
85.2	NaN	535	NaN	578.25	0	-9	358	0	0	0	406	-32	8558	-34	8369	-26	8584	-29	8349	13.935	-5.354
85.3	NaN	517	NaN	580.3333333	0	-22	356	0	0	0	404	-46	8313	-56	7870	-40	8290	-48	7711	13.36	-7.095
85.4	NaN	531	NaN	582.4166667	0	-26	357	7	8	0	405	-30	8095	-41	7330	-26	8059	-36	6234	12.65	-5.575
85.5	NaN	579	NaN	576	0	-38	360	19	20	0	406	-0	7930	-1	7111	-1	7928	-0	7161	12.345	-1.849
85.6	NaN	576	NaN	576	0	-39	359	20	21	0	408	-1	7841	-1	6957	-0	7843	-0	6868	12.062	-1.767
85.7	NaN	579	NaN	576	0	-38	360	25	24	0	407	0	7700	0	6817	0	7707	0	6753	11.859	-1.841
85.8	NaN	557	NaN	541	0	-35	362	30	27	0	405	7	7579	3	6808	16	7587	6	6808	11.707	-0.628
85.9	NaN	558	NaN	602	0	-40	359	31	28	0	407	9	7512	3	6778	20	7500	7	6747	11.613	-1.207
86	NaN	573	NaN	571	0	-53	358	28	22	0	406	1	7384	0	6622	3	7443	-0	6555	11.483	-3.348
86.1	NaN	575	NaN	575	0	-53	358	24	21	0	407	-0	7353	-0	6347	-0	7385	-0	6285	11.237	-2.43
86.2	NaN	578	NaN	572	0	-53	360	25	24	0	407	0	7265	0	6157	0	7254	0	6040	10.994	-2.646
86.3	NaN	579	NaN	574	0	-52	363	26	25	0	406	1	7171	0	5976	3	7227	1	5921	10.736	-0.179
86.4	NaN	553	NaN	551	0	-51	357	32	31	0	406	14	7057	2	5924	33	7164	7	5859	10.582	-1.548
86.5	NaN	544	NaN	586	0	-53	358	37	34	0	406	23	7004	4	5917	53	7073	11	6055	10.584	-0.541
86.6	NaN	565	NaN	631	0	-45	363	52	54	0	405	62	7626	16	6139	144	7786	40	7966	10.676	4.579
86.7	NaN	541	NaN	586	0	-32	356	75	73	0	407	71	7520	26	6275	164	7790	65	7163	10.944	4.56
86.8	NaN	575	NaN	597	0	-18	359	24	12	0	408	2	7287	0	6600	0	7319	0	6618	11.452	1.132
86.9	NaN	555	NaN	580	0	7	359	34	26	0	405	7	6892	8	6979	16	7071	19	6951	11.31	-1.321
87	NaN	568	NaN	584	0	41	362	35	26	0	410	4	6507	12	7224	10	6553	28	7281	11.324	0.126
87.1	NaN	544	NaN	594	0	48	363	46	35	0	410	9	6424	35	7516	19	6530	80	7577	11.277	0.493
87.2	NaN	568	NaN	596	0	63	360	46	33	0	407	5	6502	36	7524	11	6481	83	7615	11.382	1.601
87.3	NaN	557	NaN	583	0	61	358	47	36	0	406	4	6329	37	7598	10	6431	86	7751	11.351	-1.306
87.4	NaN	554	NaN	609	0	60	363	48	37	0	406	7	6467	42	7791	15	6574	97	7896	11.444	3.033
87.5	NaN	563	NaN	573	0	60	357	48	36	0	409	6	6413	42	7673	13	6783	97	7832	11.507	0.85
87.6	NaN	567	NaN	584	0	60	358	46	32	0	407	4	6266	35	7718	11	6473	81	7904	11.465	0.895
87.7	NaN	570	NaN	597	0	62	358	46	32	0	408	4	6247	35	7571	10	6480	78	7796	11.421	-0.075
87.8	NaN	567	NaN	608	0	62	357	45	32	0	407	4	6220	35	7587	9	6496	80	7729	11.395	1.954
87.9	NaN	571	NaN	617	0	62	359	46	35	0	405	4	6178	38	7461	11	6953	87	7733	11.313	-0.425
88	NaN	562	NaN	621	0	63	361	46	34	0	408	4	6071	38	7609	10	6501	87	7849	11.242	3.345
88.1	NaN	567	NaN	598	0	59	358	46	35	0	408	5	6091	38	7343	12	6478	86	7640	11.189	-0.384
88.2	NaN	556	NaN	567	0	58	363	47	38	0	408	7	6169	40	7440	15	6469	92	7680	11.124	0.593
88.3	NaN	531	NaN	554	0	55	360	70	62	0	408	16	6677	82	7750	37	6720	196	7901	11.31	4.364
88.4	NaN	534	NaN	544	0	44	358	100	95	0	407	20	7278	75	7922	45	6925	177	8027	11.653	5.007
88.5	NaN	537	NaN	559	0	34	360	100	100	0	407	24	7653	64	8012	54	7173	145	8159	12.07	4.941
88.6	NaN	639	NaN	552	0	9	359	100	100	0	408	39	7719	47	8088	86	7594	106	8221	12.551	6.515
88.7	NaN	548	NaN	564	0	-1	358	100	100	0	409	43	8124	41	8210	95	8034	91	8291	13.087	6.134
88.8	NaN	566	NaN	559	0	-10	361	100	100	0	408	44	8443	36	8423	97	8393	81	8511	13.566	5.186
88.9	NaN	558	NaN	592	0	-23	357	100	100	0	408	48	8844	29	8582	106	8864	64	8670	14.01	5.174
89	NaN	564	NaN	605	0	-34	360	100	100	0	407	52	9263	24	8626	112	9319	52	8683	14.376	3.255
89.1	NaN	604	NaN	606	0	-36	355	100	100	0	405	52	9520	23	8751	110	9643	47	8849	14.673	3.225
89.2	NaN	564	NaN	600	0	-37	357	100	100	0	405	53	9719	21	8845	113	9875	44	9034	14.931	3.299
89.3	NaN	589	NaN	617	0	-34	360	100	100	0	407	51	9851	22	9016	106	9934	46	9292	15.176	3.402
89.4	NaN	555	NaN	596	0	-27	358	100	100	0	407	48	9970	24	9270	100	10121	49	9426	15.413	3.484
89.5	NaN	556	NaN	581	0	-19	357	100	100	0	406	43	10020	27	9536	91	10230	56	9842	15.691	2.202
89.6	NaN	561	NaN	583	0	-13	360	100	100	0	406	41	10066	31	10095	85	10142	62	9884	16.042	4.527
89.7	NaN	564	NaN	570	0	-5	357	100	100	0	409	38	10216	33	10045	78	10365	66	10174	16.378	3.603
89.8	NaN	612	NaN	555	0	3	361	100	100	0	409	34	10264	36	10371	67	10403	73	10473	16.726	2.622
89.9	NaN	541	NaN	554	0	16	357	100	100	0	408	28	10379	40	10786	57	10365	79	10835	17.001	2.467
90	NaN	530	NaN	555	0	20	361	100	100	0	410	27	10498	42	10964	54	10475	84	11119	17.247	2.997
90.1	NaN	561	NaN	547	0	20	359	100	100	0	408	26	10587	41	11263	51	10624	81	11293	17.455	1.877
90.2	NaN	531	NaN	565	0	22	362	100	100	0	408	24	10746	39	11219	46	10638	74	11381	17.64	3.441
90.3	NaN	555	NaN	563	0	22	360	100	100	0	409	22	10859	35	11336	43	10794	70	11480	17.778	1.874
90.4	NaN	564	NaN	561	0	18	359	100	100	0	407	20	10833	30	11374	40	10846	59	11510	17.866	0.552
90.5	NaN	559	NaN	571	0	17	361	100	100	0	409	21	10959	29	11380	40	10858	57	11498	17.987	1.46
90.6	NaN	551	NaN	589	0	7	361	100	100	0	407	21	10911	24	11370	40	11015	46	11461	18.097	0.355
90.7	NaN	544	NaN	593	0	2	361	100	100	0	407	19	11049	20	11278	37	11050	38	11399	18.191	1
90.8	NaN	537	NaN	620	1	-6	357	100	100	0	404	15	11197	13	11279	29	11236	25	11267	18.213	-0.98
90.9	NaN	553	NaN	609	0	-15	361	100	100	0	406	22	11286	15	11004	43	11386	31	11160	18.217	0.37
91	NaN	543	NaN	626	0	-17	361	100	100	0	406	22	11441	15	11092	42	11515	28	11130	18.231	1.015
91.1	NaN	545	NaN	606	0	-20	360	100	100	0	406	22	11411	15	10991	41	11492	29	11130	18.255	-0.466
91.2	NaN	545	NaN	628	0	-18	357	100	100	0	406	25	11516	17	11050	48	11585	31	11150	18.286	2.422
91.3	NaN	539	NaN	663	0	-18	358	100	100	0	406	19	11474	13	11058	35	11548	23	11107	18.302	-0.265
91.4	NaN	555	NaN	625	0	-19	356	100	100	0	406	23	11532	16	11031	46	11589	30	11154	18.318	0.69
91.5	NaN	532	NaN	612	0	-15	361	100	100	0	407	18	11470	13	11127	35	11566	23	11153	18.323	0.491
91.6	NaN	543	NaN	602	0	-16	360	100	100	0	406	21	11535	14	11045	39	11557	30	11189	18.338	0.208
91.7	NaN	543	NaN	635	0	-10	359	100	100	0	405	18	11400	14	11213	34	11492	25	11259	18.368	-0.173
91.8	NaN	533	NaN	619	0	-5	360	100	100	0	407	11	11276	10	11215	21	11356	20	11308	18.369	-0.985
91.9	NaN	544	NaN	613	0	3	358	100	100	0	407	12	11155	13	11435	24	11245	24	11451	18.372	-1.391
92	NaN	546	NaN	618	1	2	360	100	100	0	407	15	11162	15	11407	28	11203	29	11500	18.364	-0.484
92.1	NaN	567	NaN	618	1	3	359	100	100	0	408	13	11169	14	11469	25	11239	26	11510	18.383	-0.312
92.2	NaN	537	NaN	617	1	1	361	100	100	0	408	15	11159	16	11422	30	11178	29	11503	18.389	-0.19
92.3	NaN	541	NaN	627	1	2	361	100	100	0	407	14	11198	13	11391	26	11264	26	11492	18.41	1.104
92.4	NaN	545	NaN	630	1	0	360	100	100	0	407	14	11168	14	11455	27	11217	28	11466	18.421	-0.488
92.5	NaN	539	NaN	671	1	2	357	100	100	0	407	12	11229	13	11405	23	11280	23	11478	18.436	0.753
92.6	NaN	540	NaN	625	1	1	359	100	100	0	409	11	11228	11	11463	22	11275	23	11467	18.453	-1.193
92.7	NaN	541	NaN	635	1	-1	360	100	100	0	410	12	11257	12	11365	22	11297	22	11450	18.468	0.53
92.8	NaN	533	NaN	634	1	-1	359	100	100	0	407	10	11247	10	11491	20	11313	20	11471	18.476	-0.533
92.9	NaN	539	NaN	643	1	-1	360	100	100	0	407	11	11292	10	11406	22	11305	20	11464	18.465	-0.311
93	NaN	539	NaN	641	1	-2	361	100	100	0	407	9	11268	8	11403	17	11361	17	11403	18.472	0.083
93.1	NaN	541	NaN	622	1	0	357	100	100	0	408	11	11253	12	11409	23	11258	22	11464	18.432	-0.556
93.2	NaN	543	NaN	639	1	0	360	100	100	0	408	11	11231	11	11492	20	11268	20	11481	18.438	0.003
93.3	NaN	550	NaN	616	1	1	358	100	100	0	406	13	11192	14	11421	25	11216	26	11508	18.459	-1.341
93.4	NaN	541	NaN	620	1	1	359	100	100	0	407	11	11252	12	11548	21	11292	24	11519	18.51	0.441
93.5	NaN	536	NaN	626	1	0	360	100	100	0	404	12	11202	12	11478	24	11271	25	11540	18.505	-1.618
93.6	NaN	526	NaN	635	1	-1	358	100	100	0	408	10	11307	11	11488	21	11349	21	11526	18.506	0.287
93.7	NaN	538	NaN	631	1	-1	361	100	100	0	410	9	11264	8	11372	17	11335	16	11422	18.49	-1.893
93.8	NaN	530	NaN	628	1	-0	363	100	100	0	408	10	11318	10	11422	21	11326	21	11463	18.472	1.214
93.9	NaN	538	NaN	647	1	-1	363	100	100	0	405	9	11303	8	11358	16	11352	16	11384	18.461	-0.501
94	NaN	568	NaN	569	0	-2	360	0	0	0	407	-8	11199	-8	11241	-6	11173	-6	11260	18.356	-1.773
94.1	NaN	530	NaN	695	0	1	359	0	0	0	406	-29	10988	-29	11114	-22	10918	-21	10954	18.027	-5.691
94.2	NaN	521	NaN	670	0	5	357	0	0	0	405	-50	10473	-48	10724	-38	10461	-36	10751	17.562	-5.37
94.3	NaN	530	NaN	645	0	5	359	0	0	0	405	-52	10163	-51	10617	-39	10065	-39	10539	16.908	-6.806
94.4	NaN	520	NaN	650	0	5	359	0	0	0	404	-53	9665	-50	10074	-41	9773	-39	10076	16.321	-5.904
94.5	NaN	518	NaN	647	0	4	359	0	0	0	405	-55	9333	-54	9705	-45	9193	-43	9516	15.683	-7.489
94.6	NaN	512	NaN	642	0	5	360	0	0	0	405	-57	8945	-54	9371	-46	8905	-44	9206	15.011	-7.863
94.7	NaN	514	NaN	644	0	6	359	0	0	0	407	-57	8368	-53	8945	-48	8493	-43	8966	14.333	-5.07
94.8	NaN	570	NaN	567	0	12	362	30	23	0	406	1	8283	2	8640	2	8277	2	8727	13.941	-0.268
94.9	NaN	595	NaN	623	0	16	361	39	30	0	406	10	8234	16	8841	25	8324	35	8889	13.684	1.18
95	NaN	553	NaN	619	0	42	361	39	30	0	406	7	8081	22	8550	16	8224	47	8736	13.854	-0.681
95.1	NaN	550	NaN	623	0	39	363	42	31	0	408	9	7924	24	8988	20	9144	53	9148	13.621	-1.92
95.2	NaN	610	NaN	630	0	49	358	40	28	0	406	5	7829	21	8684	11	7990	46	8950	13.658	-0.527
95.3	NaN	567	NaN	618	0	49	360	40	29	0	407	6	7705	22	8865	13	7922	48	8987	13.436	0.57
95.4	NaN	559	NaN	630	0	51	360	39	27	0	406	4	7586	19	8664	10	7799	41	8753	13.363	-1.714
95.5	NaN	536	NaN	655	0	50	363	40	30	0	409	5	7535	22	8717	12	7673	49	8812	13.174	-0.388
95.6	NaN	518	NaN	536	0	45	362	61	52	0	408	19	7722	66	8949	43	8402	141	9117	13.128	-0.049
95.7	NaN	530	NaN	562	0	49	355	61	53	0	409	17	9230	56	8826	37	8112	140	8889	13.611	4.946
95.8	NaN	550	NaN	581	0	19	359	100	100	0	411	29	8030	44	9051	61	11005	94	9359	13.666	5.278
95.9	NaN	532	NaN	607	0	10	361	100	100	0	406	33	10017	43	8858	73	8748	92	9073	14.184	4.507
96	NaN	539	NaN	557	0	23	359	100	96	0	408	28	8765	49	9378	60	8783	105	9441	14.571	3.518
96.1	NaN	534	NaN	559	0	33	361	100	97	0	408	24	9058	52	9747	50	8837	107	9815	14.91	3.248
96.2	NaN	536	NaN	552	0	31	359	100	100	0	408	23	9224	50	9844	49	9160	106	10007	15.264	3.195
96.3	NaN	550	NaN	563	0	25	359	100	100	0	410	26	9664	48	9971	52	9418	96	10155	15.547	5.022
96.4	NaN	533	NaN	562	0	6	361	100	100	0	408	34	9578	38	10093	70	10124	75	10206	15.844	3.979
96.5	NaN	542	NaN	559	0	1	358	100	100	0	407	35	9903	37	10098	71	9955	73	10198	16.246	2.896
96.6	NaN	533	NaN	574	0	-12	360	100	100	0	409	40	10237	31	10133	80	10352	63	10311	16.588	4.303
96.7	NaN	537	NaN	592	0	-19	359	100	100	0	407	41	10680	28	10299	81	10769	58	10474	16.899	3.494
96.8	NaN	532	NaN	584	0	-24	358	100	100	0	408	42	10777	26	10472	83	10838	52	10561	17.188	2.636
96.9	NaN	543	NaN	603	0	-26	361	100	100	0	404	43	11096	23	10423	86	11245	46	10601	17.416	2.589
97	NaN	529	NaN	618	0	-26	356	100	100	0	404	41	11196	22	10760	80	11287	43	10820	17.661	2.079
97.1	NaN	533	NaN	655	0	-10	361	100	100	0	408	24	11131	19	10771	48	11299	37	10851	17.861	2.898
97.2	NaN	546	NaN	577	0	15	360	100	100	0	407	21	10857	26	11212	41	10930	51	11333	18.035	0.668
97.3	NaN	579	NaN	565	0	15	361	100	100	0	407	22	10821	30	11580	43	10894	57	11652	18.157	1.175
97.4	NaN	542	NaN	603	0	11	359	100	100	0	405	16	10987	21	11398	32	11039	41	11569	18.33	0.557
97.5	NaN	533	NaN	621	0	-2	362	100	100	0	407	15	11089	15	11445	28	11110	28	11467	18.354	-0.25
97.6	NaN	530	NaN	633	0	-4	358	100	100	0	407	12	11248	12	11176	25	11314	24	11306	18.371	0.035
97.7	NaN	538	NaN	641	1	-2	363	100	100	0	406	11	11212	10	11322	21	11243	18	11332	18.365	0.082
97.8	NaN	551	NaN	634	1	-2	357	100	100	0	405	15	11217	14	11231	28	11293	26	11330	18.349	-0.698
97.9	NaN	528	NaN	637	1	-5	362	100	100	0	405	12	11241	11	11323	23	11278	22	11340	18.353	0.269
98	NaN	534	NaN	621	1	-5	358	100	100	0	407	12	11239	11	11261	25	11308	23	11316	18.337	-0.907
98.1	NaN	531	NaN	631	1	-5	361	100	100	0	407	10	11378	9	11285	19	11389	17	11277	18.255	-2.252
98.2	NaN	555	NaN	616	1	-5	359	100	100	0	406	14	11171	12	11185	26	11233	22	11250	18.419	0.697
98.3	NaN	534	NaN	640	1	-2	361	100	100	0	407	10	11324	10	11272	21	11426	19	11334	18.337	-0.374
98.4	NaN	534	NaN	632	1	-4	357	100	100	0	407	13	11183	12	11355	24	11207	22	11310	18.363	-0.217
98.5	NaN	536	NaN	631	1	-2	357	100	100	0	406	13	11210	13	11225	25	11314	24	11363	18.414	2.082
98.6	NaN	528	NaN	644	1	-2	360	82	77	0	407	10	11261	10	11425	19	11211	18	11351	18.391	-1.268
98.7	NaN	551	NaN	634	1	1	363	92	85	0	407	13	11228	13	11330	26	11310	25	11403	18.439	0.498
98.8	NaN	533	NaN	621	1	3	357	73	64	0	407	10	11219	11	11474	20	11247	20	11466	18.466	0.526
98.9	NaN	563	NaN	564	0	4	358	0	0	0	406	-11	11010	-10	11359	-7	10962	-6	11370	18.343	-2.622
99	NaN	537	NaN	679	0	4	357	0	0	0	405	-32	10825	-30	11166	-23	10779	-23	11145	18.015	-3.766
99.1	NaN	526	NaN	682	0	3	363	0	0	0	407	-50	10449	-49	10792	-39	10210	-37	10768	17.467	-7.018
99.2	NaN	517	NaN	665	0	3	362	0	0	0	403	-53	9988	-50	10368	-40	9977	-39	10347	16.879	-5.132
99.3	NaN	515	NaN	653	0	-1	358	0	0	0	404	-53	9673	-53	10057	-42	9664	-42	9917	16.231	-5.823
99.4	NaN	506	NaN	648	0	-9	360	0	0	0	404	-53	9436	-57	9423	-41	9428	-46	9333	15.593	-7.181
99.5	NaN	515	NaN	660	0	-19	507	0	0	0	501	-50	9102	-59	8716	-41	9121	-48	8512	14.858	-9.018
99.6	NaN	503	NaN	669	0	-26	570	0	0	0	583	-49	8777	-61	7978	-40	8721	-50	6096	14.022	-7.735
99.7	NaN	507	NaN	584	0	-26	590	0	0	0	605	-47	8295	-61	7446	-40	8284	-6	2818	13.203	-8.136
99.8	NaN	510	NaN	636.6551724	0	-25	450	0	0	0	489	-46	7846	-60	7040	-40	7720	-23	3081	12.41	-7.52
99.9	NaN	506	NaN	637.8103448	0	-34	356	0	0	0	398	-44	7368	-63	6510	-39	7432	-21	3184	11.749	-7.315
100	NaN	530	NaN	638.9655172	0	-38	359	0	0	0	403	-43	7116	-53	6017	-38	7054	-0	2172	11.117	-7.05
100.1	NaN	546	NaN	640.1206897	0	-19	363	16	13	0	403	-13	6852	-16	6076	-12	6865	-14	3216	10.625	-2.371
100.2	NaN	575	NaN	641.2758621	0	12	359	28	18	0	407	0	6249	0	6437	0	6267	0	6434	10.377	-1.517
100.3	NaN	574	NaN	642.4310345	0	31	359	41	32	0	408	10	6072	23	6707	23	6125	53	6817	10.405	1.068
100.4	NaN	604	NaN	643.5862069	0	63	358	37	23	0	409	1	5826	13	6779	3	5917	28	6850	10.437	-2.097
100.5	NaN	583	NaN	644.7413793	0	63	363	36	24	0	407	1	5630	13	6891	3	5614	31	6913	10.198	-2.497
100.6	NaN	591	NaN	645.8965517	0	67	362	39	29	0	406	1	5540	18	6814	3	5559	44	6843	10.123	-0.23
100.7	NaN	555	NaN	647.0517241	0	64	362	55	43	0	407	5	5540	60	7121	13	5554	145	7203	10.061	2.679
100.8	NaN	529	NaN	648.2068966	0	66	363	78	69	0	407	9	5807	60	7206	21	5842	176	7355	10.383	4.177
100.9	NaN	537	NaN	649.362069	0	44	358	100	93	0	408	19	6056	59	7429	43	6384	169	7619	10.616	4.805
101	NaN	519	NaN	650.5172414	0	30	363	100	94	0	408	29	6446	63	7485	67	6762	146	7678	11.075	6.138
101.1	NaN	524	NaN	651.6724138	0	28	357	100	96	0	406	28	6979	62	7675	64	6839	144	7816	11.572	6.899
101.2	NaN	567	NaN	652.8275862	0	42	359	100	100	0	408	22	8882	64	7990	51	7082	144	8015	12.008	5.603
101.3	NaN	539	NaN	653.9827586	0	46	357	100	100	0	409	18	7658	71	8346	42	7325	164	8368	12.451	4.156
101.4	NaN	519	NaN	655.137931	0	38	358	100	100	0	408	22	8290	63	8624	48	7561	138	8642	12.871	5.6
101.5	NaN	553	NaN	656.2931034	0	38	357	100	100	0	409	21	8046	60	9018	46	7981	132	8852	13.342	7.477
101.6	NaN	540	NaN	657.4482759	0	19	358	100	100	0	408	29	7980	47	8972	63	10225	100	9198	13.594	2.165
101.7	NaN	548	NaN	658.6034483	0	16	357	100	100	0	407	32	10032	46	8978	69	8639	99	9110	14.091	5.506
101.8	NaN	533	NaN	659.7586207	0	14	359	100	100	0	407	31	8741	45	9213	67	9269	99	9449	14.516	2.948
101.9	NaN	534	NaN	660.9137931	0	16	357	100	100	0	407	31	9381	45	9438	66	9088	95	9559	15.002	6.105
102	NaN	535	NaN	662.0689655	0	13	358	100	100	0	407	31	9387	42	9848	62	9524	88	9940	15.405	4.971
102.1	NaN	601	NaN	663.2241379	0	11	363	100	100	0	409	31	9494	41	9991	63	9593	85	10133	15.787	2.934
102.2	NaN	553	NaN	664.3793103	0	5	362	100	100	0	407	33	9796	39	10093	68	9871	78	10250	16.212	4.818
102.3	NaN	535	NaN	665.5344828	0	1	363	100	100	0	408	34	10171	37	10359	69	10220	76	10512	16.571	3.404
102.4	NaN	526	NaN	666.6896552	1	-1	359	100	100	0	407	35	10382	34	10562	70	10488	68	10623	16.921	3.447
102.5	NaN	599	NaN	667.8448276	1	-4	357	100	100	0	407	34	10611	32	10626	68	10710	65	10787	17.316	3.782
102.6	NaN	550	NaN	590	1	-5	357	100	100	0	406	29	10884	26	10875	57	10936	52	10931	17.599	2.846
102.7	NaN	556	NaN	610	1	-5	359	100	100	0	407	23	10967	20	10980	44	10984	39	10995	17.781	0.1
102.8	NaN	552	NaN	598	1	-5	357	100	100	0	408	23	11031	21	10962	45	11146	40	11137	17.988	4.436
102.9	NaN	540	NaN	638	0	-3	360	53	45	0	407	15	11130	14	11161	29	11140	27	11219	18.153	0.267
103	NaN	565	NaN	569	0	-2	359	0	0	0	405	-11	10939	-10	10939	-8	10976	-7	11050	18.061	-1.087
103.1	NaN	531	NaN	667	0	-3	361	0	0	0	405	-30	10662	-31	10432	-23	10715	-23	10647	17.817	-1.893
103.2	NaN	530	NaN	676	0	-2	356	0	0	0	406	-50	10460	-52	10531	-37	10594	-39	10339	17.207	-6.503
103.3	NaN	513	NaN	685	0	-1	437	0	0	0	470	-53	9998	-53	10014	-42	9871	-42	10009	16.658	-5.843
103.4	NaN	520	NaN	661	0	3	524	0	0	0	508	-56	9477	-54	9702	-43	9430	-43	9639	15.918	-7.908
103.5	NaN	516	NaN	674	0	3	613	0	0	0	607	-56	8932	-55	9179	-46	8881	-44	9040	15.088	-11.637
103.6	NaN	520	NaN	702	0	3	643	0	0	0	650	-55	8325	-54	8657	-46	8192	-45	8442	14.212	-8.986
103.7	NaN	527	NaN	673	0	7	711	0	0	0	696	-56	7737	-53	8148	-48	6684	-45	8076	13.307	-10.291
103.8	NaN	538	NaN	717	0	11	713	0	0	0	654	-56	6791	-51	7521	-49	4992	-44	7613	12.364	-8.151
103.9	NaN	538	NaN	708	0	19	393	0	0	0	421	-58	6438	-48	7325	-51	3187	-43	7274	11.52	-7.957
104	NaN	568	NaN	731	0	26	361	15	5	0	404	-33	6058	-25	6996	-28	4005	-23	7007	10.926	-6.827
104.1	NaN	594	NaN	587	0	35	365	26	17	0	407	0	5829	0	6933	0	5706	0	6935	10.601	-1.138
104.2	NaN	573	NaN	649	0	44	364	42	33	0	409	7	5989	27	7015	17	6063	63	7081	10.521	0.398
104.3	NaN	583	NaN	681	0	50	365	41	26	0	408	4	5928	20	7043	11	6003	48	7074	10.538	-1.066
104.4	NaN	631	NaN	659	0	59	361	40	26	0	408	2	5814	20	7001	6	5957	47	7151	10.517	0.808
104.5	NaN	596	NaN	671	0	64	364	38	25	0	407	2	5668	14	6880	4	5745	32	6994	10.367	-0.645
104.6	NaN	587	NaN	683	0	63	365	39	28	0	407	2	5527	17	6840	4	5639	39	6981	10.244	-1.018
104.7	NaN	583	NaN	564	0	62	359	50	40	0	406	6	5600	51	7004	13	5758	117	7170	10.275	2.278
104.8	NaN	547	NaN	580	0	41	361	60	50	0	409	20	5871	61	7142	45	6736	149	7529	10.411	2.479
104.9	NaN	587	NaN	624	0	-6	361	46	40	0	408	28	6742	23	6981	64	6630	53	7116	10.962	3.905
105	NaN	565	NaN	667	0	-36	363	41	36	0	407	28	7190	12	6545	65	7234	24	6643	11.177	1.192
105.1	NaN	584	NaN	579	0	-61	365	30	26	0	406	4	7030	1	6256	9	7149	1	6301	11.019	-1.144
105.2	NaN	585	NaN	571	0	-78	359	32	27	0	405	7	6883	0	6011	17	7010	0	5966	10.764	-2.681
105.3	NaN	562	NaN	557	0	-76	361	86	82	0	405	96	7534	1	5712	248	7691	3	5764	10.518	2.957
105.4	NaN	568	NaN	543	0	-75	357	100	100	0	405	62	7404	2	5742	177	7581	5	5914	10.783	3.167
105.5	NaN	564	NaN	677	0	-62	360	100	100	0	405	51	7708	8	5960	139	8339	20	6235	10.925	4.541
105.6	NaN	581	NaN	601	0	-39	356	100	100	0	406	69	7706	20	6212	157	8211	47	8065	11.011	4.623
105.7	NaN	608	NaN	569	0	1	356	100	100	0	407	37	7667	39	6347	85	8478	87	9971	10.997	7.112
105.8	NaN	562	NaN	567	0	3	360	100	100	0	404	37	7361	38	9616	85	7861	89	10486	11.053	3.711
105.9	NaN	637	NaN	592	0	10	360	100	100	0	407	32	7515	39	7631	71	8405	53	10659	11.107	6.149
106	NaN	592	NaN	587	0	5	356	100	100	0	406	36	7464	43	7279	82	7907	78	9907	11.212	6.986
106.1	NaN	565	NaN	579	0	6	357	100	100	0	407	35	7457	45	7566	81	7837	57	10432	11.499	3.834
106.2	NaN	557	NaN	575	1	7	360	100	100	0	406	35	7554	43	8240	79	7742	74	9668	11.861	7.12
106.3	NaN	558	NaN	564	1	1	360	100	100	0	409	39	7540	39	7963	89	7601	90	10578	12.473	6.942
106.4	NaN	561	NaN	560	1	-4	358	100	100	0	410	43	8038	40	8214	95	8133	87	8306	13.053	5.649
106.5	NaN	602	NaN	581	1	-10	358	100	100	0	405	45	8571	36	8423	97	8507	81	8425	13.573	6.26
106.6	NaN	565	NaN	566	0	-11	357	100	100	0	408	44	8841	34	8704	96	8846	73	8807	14.103	6.019
106.7	NaN	552	NaN	565	0	-6	359	100	100	0	407	40	9009	36	9090	85	9201	79	9125	14.54	5.855
106.8	NaN	568	NaN	564	0	0	362	100	100	0	405	38	9238	37	9294	82	9373	77	9437	15.038	5.168
106.9	NaN	557	NaN	568	1	1	356	100	100	0	407	37	9470	37	9604	77	9558	77	9745	15.466	4.214
107	NaN	555	NaN	562	1	2	357	100	100	0	406	35	9730	36	9906	73	9811	75	10013	15.888	5.486
107.1	NaN	551	NaN	555	1	5	361	100	100	0	407	34	9956	37	10267	70	10044	75	10336	16.295	3.559
107.2	NaN	579	NaN	572	1	4	356	100	100	0	409	32	10128	37	10523	66	10251	75	10670	16.633	2.478
107.3	NaN	544	NaN	565	1	4	358	100	100	0	407	33	10406	36	10641	65	10533	74	10773	17.052	4
107.4	NaN	552	NaN	570	1	3	358	88	78	0	409	29	10654	31	10870	57	10730	61	10949	17.451	4.268
107.5	NaN	582	NaN	582	0	3	361	47	37	0	407	27	10811	28	11007	53	10848	54	11124	17.732	2.447
107.6	NaN	557	NaN	582	0	1	357	40	30	0	408	14	10901	15	11170	26	10988	29	11205	18.003	1.992
107.7	NaN	596	NaN	576	0	5	357	23	12	0	408	-2	10829	-2	11118	-2	10864	-2	11164	18.015	-1.268
107.8	NaN	568	NaN	570.5833333	0	9	359	0	0	0	405	-22	10419	-20	11117	-16	10475	-15	11084	17.799	-1.934
107.9	NaN	547	NaN	572.1666667	0	10	362	0	0	0	407	-42	10237	-39	10751	-32	9935	-30	10758	17.391	-6.002
108	NaN	556	NaN	573.75	0	12	359	0	0	0	403	-57	9595	-50	10381	-43	9027	-39	10451	16.789	-7.134
108.1	NaN	537	NaN	575.3333333	0	19	360	0	0	0	406	-61	8619	-50	10132	-48	7968	-40	10099	16.138	-6.002
108.2	NaN	530	NaN	576.9166667	0	13	361	4	0	0	405	-47	7885	-51	9710	-45	5661	-41	9614	15.454	-5.476
108.3	NaN	586	NaN	575	0	8	361	21	13	0	406	-8	8363	-7	9548	-7	7600	-6	9574	14.914	-2.266
108.4	NaN	591	NaN	580	0	7	363	23	15	0	405	-2	8179	-2	9204	-2	8308	-1	9286	14.631	-0.516
108.5	NaN	595	NaN	579	0	-2	363	24	15	0	408	-1	8627	-0	9155	-0	8474	-0	9068	14.396	-3.171
108.6	NaN	589	NaN	580	0	14	363	24	14	0	408	-3	8566	-3	8750	-3	8702	-2	8815	14.306	-1.195
108.7	NaN	587	NaN	581	0	18	363	30	21	0	408	0	8231	1	9045	1	8199	2	8910	14.004	-2.725
108.8	NaN	590	NaN	578	0	21	363	28	17	0	405	-0	8111	-0	8675	-0	8136	-0	8736	13.932	-0.93
108.9	NaN	590	NaN	579	0	25	360	28	16	0	407	-0	7894	-0	8740	-0	7959	-0	8767	13.706	-1.753
109	NaN	588	NaN	579	0	39	363	27	16	0	409	-0	7407	-0	8488	-0	7811	-0	8615	13.539	-1.75
109.1	NaN	595	NaN	580	0	34	360	28	19	0	407	0	7499	0	8571	0	7488	0	8623	13.282	-2.756
109.2	NaN	591	NaN	562	0	24	361	31	22	0	409	2	7744	3	8348	3	7552	6	8406	13.1	-1.795
109.3	NaN	593	NaN	576	0	30	362	31	21	0	406	1	7454	2	8255	2	7353	4	8363	12.889	-2.83
109.4	NaN	597	NaN	580	0	44	364	28	16	0	407	-0	7019	-0	8007	-0	7252	0	8178	12.734	0.162
109.5	NaN	597	NaN	578	0	51	359	28	15	0	408	-0	6915	-0	8046	-0	6952	-0	8113	12.411	-3.703
109.6	NaN	595	NaN	577	0	53	361	28	19	0	406	-0	6677	-0	7798	0	6911	0	7937	12.139	-2.566
109.7	NaN	596	NaN	580	0	52	360	28	18	0	405	-0	6552	-0	7706	0	6470	-0	7761	11.81	-2.504
109.8	NaN	597	NaN	579	0	52	359	30	20	0	408	-0	6349	0	7399	0	6454	0	7530	11.553	-3.69
109.9	NaN	585	NaN	572	0	54	363	30	21	0	408	0	6201	1	7279	1	6338	3	7367	11.285	-2.391
110	NaN	583	NaN	578	0	52	358	35	25	0	407	2	6127	11	7287	5	6106	26	7347	10.996	-2.997
110.1	NaN	575	NaN	577	0	54	363	37	29	0	407	2	6006	15	7123	6	6099	39	7278	10.883	1.333
110.2	NaN	562	NaN	565	0	55	358	50	41	0	405	9	6072	48	7322	22	6242	113	7528	10.849	0.404
110.3	NaN	522	NaN	552	0	56	362	62	52	0	409	10	6320	65	7528	26	6380	154	7659	11.09	2.541
110.4	NaN	516	NaN	599	0	56	361	89	80	0	407	15	6766	84	7864	34	6781	183	7948	11.421	4.902
110.5	NaN	572	NaN	574	0	53	357	100	100	0	406	15	7180	77	7945	32	6879	167	8074	11.795	4.827
110.6	NaN	537	NaN	557	0	35	360	100	100	0	406	24	7502	63	8119	56	7188	146	8259	12.161	6.92
110.7	NaN	544	NaN	554	0	17	362	100	100	0	406	32	7631	54	8148	74	7574	121	8412	12.587	4.998
110.8	NaN	558	NaN	557	0	8	359	100	100	0	406	38	8010	47	8262	84	7971	101	8461	13.088	5.964
110.9	NaN	548	NaN	553	0	9	362	100	100	0	409	36	8214	46	8595	80	8258	99	8691	13.552	5.628
111	NaN	548	NaN	566	0	10	363	100	100	0	407	36	8474	44	8871	77	8558	95	8985	14.006	4.96
111.1	NaN	551	NaN	562	0	6	359	100	100	0	408	36	8744	43	9126	76	8834	92	9216	14.426	5.101
111.2	NaN	579	NaN	563	0	5	357	100	100	0	410	34	9003	40	9284	73	9115	84	9399	14.847	4.358
111.3	NaN	574	NaN	556	1	3	360	100	100	0	409	35	9265	38	9475	76	9420	79	9603	15.22	3.726
111.4	NaN	550	NaN	585	1	1	361	100	100	0	407	36	9542	37	9666	75	9631	78	9820	15.58	3.87
111.5	NaN	581	NaN	592	1	-3	360	100	100	0	408	37	9814	35	9950	77	9888	72	9986	15.965	3.995
111.6	NaN	560	NaN	586	1	-2	362	100	100	0	409	36	10036	35	10105	74	10169	71	10201	16.292	2.963
111.7	NaN	549	NaN	595	1	-4	359	100	100	0	406	37	10262	33	10253	74	10403	66	10420	16.664	2.602
111.8	NaN	564	NaN	598	1	-3	362	100	100	0	408	36	10534	34	10554	70	10555	66	10611	17.03	5.376
111.9	NaN	541	NaN	595	1	-4	358	100	100	0	406	29	10716	28	10697	60	10811	55	10793	17.362	2.045
112	NaN	553	NaN	613	1	-2	357	100	100	0	406	27	10833	26	10788	53	10920	50	10964	17.625	2.155
112.1	NaN	582	NaN	623	1	0	361	100	100	0	408	21	10941	21	11030	42	11016	42	11080	17.837	0.852
112.2	NaN	577	NaN	621	1	0	358	100	100	0	405	20	11017	20	11099	40	11119	39	11219	17.959	0.016
112.3	NaN	570	NaN	640	1	1	359	100	100	0	405	18	11081	17	11211	35	11088	34	11239	18.164	1.59
112.4	NaN	557	NaN	639	1	-3	361	100	100	0	405	14	11160	13	11259	27	11230	25	11273	18.199	0.246
112.5	NaN	569	NaN	643	1	-6	356	100	100	0	407	15	11194	14	11238	28	11161	26	11263	18.275	1.43
112.6	NaN	559	NaN	636	1	-3	357	100	100	0	405	11	11212	10	11254	21	11318	19	11254	18.311	0.344
112.7	NaN	551	NaN	624	1	-4	362	100	100	0	406	12	11233	12	11249	25	11271	24	11302	18.31	-0.374
112.8	NaN	546	NaN	640	1	-4	362	100	100	0	407	11	11245	11	11286	21	11264	20	11288	18.359	-0.387
112.9	NaN	551	NaN	643	1	-0	359	100	100	0	406	12	11211	12	11210	24	11298	23	11355	18.358	1.816
113	NaN	545	NaN	633	1	-1	362	100	100	0	407	11	11307	11	11365	23	11260	24	11334	18.379	1.307
113.1	NaN	548	NaN	624	1	-0	362	100	100	0	408	12	11196	11	11243	23	11311	21	11335	18.377	0.641
113.2	NaN	547	NaN	641	1	-3	363	100	100	0	407	11	11259	11	11368	22	11269	22	11357	18.386	-0.132
113.3	NaN	552	NaN	649	1	-0	359	100	100	0	405	12	11242	12	11391	23	11303	21	11363	18.394	-0.4
113.4	NaN	544	NaN	673	1	-3	362	100	100	0	405	12	11223	12	11376	23	11235	22	11375	18.418	-0.057
113.5	NaN	545	NaN	646	1	-1	359	100	100	0	405	10	11250	10	11309	18	11317	17	11322	18.408	-0.601
113.6	NaN	554	NaN	656	1	-3	360	100	100	0	406	10	11217	11	11299	21	11242	20	11347	18.414	1.401
113.7	NaN	547	NaN	655	1	-4	362	100	100	0	406	11	11341	10	11254	20	11318	18	11319	18.429	-1.056
113.8	NaN	553	NaN	622	1	0	358	100	100	0	406	11	11246	11	11248	21	11320	18	11397	18.413	2.173
113.9	NaN	542	NaN	651	1	-1	357	100	100	0	405	12	11243	12	11349	23	11284	22	11359	18.423	0.325
114	NaN	559	NaN	640	1	9	357	100	100	0	409	12	11110	16	11404	24	11191	30	11547	18.404	-0.083
114.1	NaN	562	NaN	586	0	20	358	100	100	0	409	16	10990	23	11779	31	11058	46	11800	18.477	-0.879
114.2	NaN	558	NaN	598	0	24	357	100	100	0	408	15	10954	25	11676	30	11083	49	11888	18.501	0.82
114.3	NaN	618	NaN	589	0	17	358	100	100	0	408	20	10980	28	11818	39	11078	49	11922	18.503	2.336
114.4	NaN	557	NaN	703	0	-2	357	100	100	0	406	15	11107	15	11602	28	11403	29	11734	18.518	1.248
114.5	NaN	551	NaN	642	0	-8	360	100	100	0	403	11	11293	9	11357	21	11329	18	11386	18.539	-0.242
114.6	NaN	544	NaN	708	1	-7	364	68	61	0	406	12	11521	10	11205	23	11508	22	11286	18.501	-0.058
114.7	NaN	572	NaN	561	0	-8	362	0	0	0	405	-11	11208	-11	11146	-7	11219	-9	11135	18.341	-3.887
114.8	NaN	544	NaN	677	0	-8	362	0	0	0	405	-31	11031	-32	10853	-22	11072	-25	10814	17.871	-5.017
114.9	NaN	531	NaN	655	0	-9	365	0	0	0	411	-49	10578	-52	10411	-38	10594	-40	10204	17.327	-6.983
115	NaN	519	NaN	666	0	-9	433	0	0	0	451	-49	10052	-56	9982	-39	10157	-42	9948	16.675	-7.812
115.1	NaN	519	NaN	668	0	-10	537	0	0	0	550	-53	9761	-57	9489	-42	9638	-45	8984	15.871	-10.539
115.2	NaN	524	NaN	674	0	-12	609	0	0	0	576	-53	9168	-59	8855	-42	9156	-47	8591	15.016	-9.566
115.3	NaN	530	NaN	678	0	-11	595	0	0	0	586	-51	8667	-58	8320	-43	8607	-48	8042	14.078	-10.843
115.4	NaN	527	NaN	679	0	-18	543	0	0	0	555	-50	8168	-59	7762	-42	8109	-50	6922	13.234	-9.202
115.5	NaN	525	NaN	679	0	-30	363	0	0	0	410	-47	7874	-62	7161	-40	7852	-53	5068	12.459	-7.545
115.6	NaN	578	NaN	674	0	-40	362	37	38	0	405	7	7843	2	6985	16	7875	5	7024	12.126	-1.318
115.7	NaN	568	NaN	631	0	-46	362	37	38	0	405	16	7822	4	6847	35	7881	10	6986	12.001	-0.031
115.8	NaN	556	NaN	678	0	-50	357	39	37	0	405	31	7890	7	6882	69	7987	16	7000	12.037	1.98
115.9	NaN	551	NaN	678	0	-53	361	40	37	0	408	30	7945	7	6933	70	8070	15	7110	12.077	-0.877
116	NaN	561	NaN	668	0	-52	361	35	28	0	407	21	8042	4	6875	41	8053	9	6974	12.119	1.146
116.1	NaN	570	NaN	550	0	-56	363	34	31	0	403	13	7821	2	6784	31	7957	6	6948	11.958	-1.578
116.2	NaN	567	NaN	607	0	-55	362	38	34	0	406	19	7735	3	6557	44	7855	9	6943	11.846	0.684
116.3	NaN	548	NaN	659	0	-54	360	45	40	0	406	38	7834	7	6541	86	8061	17	7008	11.764	2.562
116.4	NaN	571	NaN	660	0	-48	363	49	45	0	408	50	7987	13	6687	115	8442	28	7284	11.898	4.917
116.5	NaN	603	NaN	575	0	-15	356	62	61	0	407	46	8130	30	6956	103	8935	70	9429	12.015	6.644
116.6	NaN	599	NaN	558	0	-8	357	63	56	0	405	41	7970	36	9056	94	8586	80	9258	12.329	6.185
116.7	NaN	568	NaN	559	0	15	363	65	57	0	407	33	8094	44	7833	73	8425	97	9898	12.743	6.121
116.8	NaN	553	NaN	577	0	12	361	63	51	0	409	33	8052	46	8561	71	8144	100	9271	13.345	5.357
116.9	NaN	564	NaN	555	0	-0	361	62	56	0	407	40	8459	40	8774	86	8606	87	8922	13.906	4.555
117	NaN	568	NaN	612	0	-11	356	48	40	0	407	35	8944	29	8915	76	9002	62	8994	14.379	5.214
117.1	NaN	597	NaN	578	0	-11	363	29	21	0	404	0	9039	0	8824	-0	8911	0	8761	14.402	-3.67
117.2	NaN	601	NaN	580	0	-22	359	29	20	0	407	0	8886	0	8591	0	8871	0	8701	14.268	0.871
117.3	NaN	581	NaN	564	0	-31	361	29	27	0	407	5	8954	2	8355	12	8938	5	8301	14.119	-3.255
117.4	NaN	597	NaN	581	0	-47	358	24	18	0	405	-0	8702	-0	8006	-1	8855	-0	8138	13.971	-1.331
117.5	NaN	595	NaN	582	0	-50	362	21	16	0	405	-2	8599	-4	7813	-2	8715	-3	7499	13.697	-4.095
117.6	NaN	593	NaN	583	0	-48	360	18	16	0	405	-4	8538	-6	7366	-4	8682	-5	6555	13.241	-2.694
117.7	NaN	561	NaN	581	0	-54	356	12	2	0	405	-18	7943	-32	6454	-16	8177	-26	6968	12.882	-4.535
117.8	NaN	591	NaN	578	0	-52	359	26	28	0	406	2	7993	0	6782	3	8059	0	5170	12.305	-3.457
117.9	NaN	576	NaN	554	0	-49	361	32	27	0	405	10	7757	2	6556	23	7970	5	6707	11.988	0.765
118	NaN	549	NaN	583	0	-29	361	33	35	0	404	17	7780	7	6618	39	7894	16	7151	11.699	-1.017
118.1	NaN	554	NaN	646	0	-33	362	37	26	0	404	13	7542	6	6609	28	7656	12	7042	11.711	2.329
118.2	NaN	582	NaN	557	0	-51	360	32	28	0	405	8	7249	1	6481	19	7401	4	6755	11.528	-3.379
118.3	NaN	570	NaN	582	0	-55	362	32	31	0	408	13	7300	2	6304	29	7433	5	6457	11.249	-0.74
118.4	NaN	560	NaN	644	0	-55	359	42	37	0	405	19	7207	4	6257	44	7326	9	6412	11.18	-0.3
118.5	NaN	552	NaN	649	0	-52	358	46	46	0	404	50	7581	10	6360	115	7693	23	6558	11.232	3.47
118.6	NaN	551	NaN	689	0	-48	361	48	45	0	406	48	7679	11	6503	112	7812	28	6762	11.489	3.515
118.7	NaN	579	NaN	646	0	-24	356	47	45	0	408	39	7719	20	6784	91	7905	49	7355	11.747	3.925
118.8	NaN	555	NaN	599	0	2	361	51	37	0	408	26	7492	28	7409	59	7638	64	7544	12.124	3.702
118.9	NaN	559	NaN	583	0	22	358	53	43	0	407	24	7393	42	7949	54	7506	94	8066	12.455	3.639
119	NaN	559	NaN	564	0	33	359	53	43	0	408	21	7642	46	8272	47	7798	102	8436	12.789	2.606
119.1	NaN	570	NaN	592	0	38	359	46	33	0	407	11	7532	30	8365	25	7634	67	8497	13.033	1.906
119.2	NaN	570	NaN	594	0	35	359	47	38	0	407	14	7588	37	8581	31	7760	80	8804	13.121	1.141
119.3	NaN	557	NaN	563	0	35	356	55	46	0	408	21	8067	53	8740	47	8086	115	8969	13.34	3.304
119.4	NaN	549	NaN	628	0	34	358	72	63	0	408	23	8891	56	9034	51	8324	122	9139	13.664	4.194
119.5	NaN	607	NaN	600	0	29	360	100	100	0	406	25	9117	53	9134	53	8645	114	9282	14.008	3.969
119.6	NaN	558	NaN	598	0	9	362	100	100	0	408	32	8892	43	9204	69	8907	92	9379	14.41	3.842
119.7	NaN	574	NaN	602	0	-18	357	100	100	0	409	47	9276	31	9061	98	9335	65	9187	14.872	4.091
119.8	NaN	560	NaN	630	0	-28	360	100	100	0	409	49	9714	25	9106	102	9793	53	9306	15.217	3.343
119.9	NaN	578	NaN	629	0	-32	357	100	100	0	404	50	9958	23	9458	104	10037	48	9508	15.576	4.562
120	NaN	572	NaN	612	0	-32	359	100	100	0	407	48	10214	22	9528	98	10359	45	10082	15.829	2.779
120.1	NaN	613	NaN	598	0	-31	362	100	100	0	406	47	10303	23	9822	94	10390	48	9874	16.128	3.018
120.2	NaN	573	NaN	615	0	-25	358	100	100	0	407	44	10554	25	9761	89	10662	50	10373	16.357	2.637
120.3	NaN	567	NaN	581	0	-10	362	100	100	0	408	39	10430	30	10147	79	10590	61	10350	16.704	4.853
120.4	NaN	539	NaN	553	0	-1	361	100	100	0	406	36	10484	34	10617	70	10547	68	10667	17.078	4.516
120.5	NaN	575	NaN	576	0	1	357	100	100	0	407	33	10594	33	10745	66	10742	64	10922	17.393	3.444
120.6	NaN	559	NaN	587	1	1	362	100	100	0	406	28	10784	27	11015	53	10876	53	11081	17.705	2.88
120.7	NaN	576	NaN	588	1	-0	358	100	100	0	407	23	10883	23	11064	46	10975	45	11179	17.929	2.68
120.8	NaN	576	NaN	610	1	-0	360	100	100	0	405	21	10964	20	11206	42	11101	40	11284	18.072	1.327
120.9	NaN	573	NaN	629	1	-2	358	100	100	0	405	18	11077	17	11290	36	11111	34	11291	18.227	1.456
121	NaN	565	NaN	623	1	-2	363	100	100	0	405	16	11135	15	11230	31	11236	29	11337	18.321	0.802
121.1	NaN	576	NaN	628	1	-3	358	100	100	0	406	14	11206	13	11347	27	11203	24	11368	18.377	0.971
121.2	NaN	551	NaN	626	1	-4	360	100	100	0	405	13	11226	12	11278	25	11307	22	11386	18.418	0.283
121.3	NaN	548	NaN	634	1	-2	359	100	100	0	405	13	11223	12	11422	24	11244	23	11426	18.483	1.143
121.4	NaN	554	NaN	646	1	-2	357	100	100	0	408	11	11214	11	11357	21	11312	21	11466	18.49	0.908
121.5	NaN	558	NaN	621	1	0	358	100	100	0	404	12	11233	12	11508	24	11326	23	11509	18.502	-0.154
121.6	NaN	555	NaN	635	1	-2	357	100	100	0	403	12	11267	11	11397	21	11291	22	11485	18.586	-0.368
121.7	NaN	563	NaN	631	1	-3	359	100	100	0	405	10	11251	8	11499	18	11362	16	11505	18.573	-0.029
121.8	NaN	548	NaN	637	1	-2	363	100	100	0	404	10	11373	10	11448	20	11331	19	11495	18.577	-0.619
121.9	NaN	558	NaN	634	1	-2	357	100	100	0	406	8	11291	8	11437	16	11381	15	11470	18.591	-0.127
122	NaN	553	NaN	638	1	-2	359	100	100	0	407	9	11347	9	11436	18	11337	16	11483	18.572	-0.072
122.1	NaN	562	NaN	656	1	-4	363	100	100	0	407	8	11313	7	11423	14	11390	13	11432	18.569	-0.587
122.2	NaN	559	NaN	677	1	-4	360	100	100	0	406	10	11340	10	11468	21	11310	19	11471	18.582	-0.164
122.3	NaN	559	NaN	648	1	-5	361	100	100	0	407	7	11322	7	11377	14	11401	12	11442	18.577	0.309
122.4	NaN	550	NaN	635	1	-2	361	100	100	0	406	9	11338	8	11479	17	11343	17	11468	18.553	-0.216
122.5	NaN	554	NaN	635	1	-3	362	100	100	0	406	9	11302	9	11379	16	11355	15	11430	18.572	0.109
122.6	NaN	553	NaN	629	1	-0	359	100	100	0	408	10	11259	10	11540	21	11339	20	11533	18.561	-0.194
122.7	NaN	552	NaN	636	1	-1	364	100	100	0	406	10	11304	11	11415	19	11328	17	11497	18.584	1.182
122.8	NaN	550	NaN	628	1	-2	364	100	100	0	405	10	11306	9	11575	20	11359	20	11553	18.587	-0.055
122.9	NaN	560	NaN	645	1	-3	359	100	100	0	408	9	11382	9	11446	17	11336	16	11518	18.584	-0.086
123	NaN	555	NaN	627	1	-1	360	100	100	0	408	8	11310	8	11533	15	11386	16	11513	18.586	-0.729
123.1	NaN	555	NaN	636	1	-4	361	100	100	0	406	8	11361	9	11405	17	11373	16	11489	18.579	1.049
123.2	NaN	566	NaN	631	1	-3	360	100	100	0	406	8	11308	7	11530	15	11398	15	11499	18.567	-0.637
123.3	NaN	550	NaN	654	1	-2	364	100	100	0	405	9	11356	9	11405	18	11333	17	11465	18.573	0.091
123.4	NaN	568	NaN	656	1	-4	357	100	100	0	406	8	11337	8	11504	14	11394	14	11464	18.561	-0.094
123.5	NaN	553	NaN	653	1	-5	357	100	100	0	403	8	11359	8	11408	17	11327	15	11467	18.554	0.226
123.6	NaN	559	NaN	640	1	-5	359	100	100	0	406	7	11330	8	11439	14	11390	13	11449	18.561	0.08
123.7	NaN	563	NaN	644	1	-8	359	100	100	0	406	9	11339	7	11389	17	11363	16	11445	18.554	0.219
123.8	NaN	558	NaN	628	1	-8	363	100	100	0	408	9	11462	7	11374	16	11456	14	11413	18.537	1.545
123.9	NaN	560	NaN	671	0	-9	362	100	100	0	403	9	11439	7	11333	15	11464	13	11349	18.523	-1.338
124	NaN	542	NaN	624	0	-10	362	100	100	0	406	12	11534	10	11281	25	11549	22	11341	18.538	-0.469
124.1	NaN	556	NaN	672	0	-11	362	100	100	0	405	11	11431	8	11353	20	11514	13	11310	18.591	-0.58
124.2	NaN	542	NaN	629	0	-11	363	100	100	0	405	13	11597	10	11221	26	11631	21	11329	18.571	0.981
124.3	NaN	546	NaN	652	0	-10	362	100	100	0	405	10	11470	9	11359	17	11526	15	11340	18.607	0.876
124.4	NaN	558	NaN	633	0	-8	362	100	100	0	404	9	11504	8	11263	20	11554	16	11363	18.576	0.412
124.5	NaN	547	NaN	660	0	-6	363	100	100	0	406	11	11411	8	11416	17	11440	17	11394	18.577	-0.606
124.6	NaN	564	NaN	621	1	-5	363	100	100	0	406	7	11410	6	11295	15	11444	13	11375	18.523	0.219
124.7	NaN	563	NaN	654	1	-3	364	100	100	0	406	9	11282	8	11462	18	11370	15	11426	18.526	-0.32
124.8	NaN	545	NaN	647	1	-2	360	100	100	0	406	10	11332	9	11379	19	11351	17	11435	18.505	-0.54
124.9	NaN	551	NaN	624	1	-4	361	100	100	0	407	9	11268	9	11465	18	11335	16	11458	18.507	0.126
125	NaN	541	NaN	623	1	-2	362	100	100	0	406	12	11309	11	11388	22	11325	22	11467	18.508	0.498
125.1	NaN	546	NaN	635	1	-2	362	100	100	0	408	9	11277	9	11445	18	11363	18	11497	18.522	-0.68
125.2	NaN	577	NaN	574	0	-3	363	0	0	0	408	-8	11155	-9	11397	-8	11177	-8	11409	18.471	-3.256
125.3	NaN	548	NaN	654	0	-1	360	0	0	0	408	-26	10998	-27	11074	-20	11010	-20	11101	18.226	-2.721
125.4	NaN	539	NaN	670	0	-2	360	0	0	0	404	-47	10702	-48	10922	-34	10596	-36	10829	17.72	-7.014
125.5	NaN	532	NaN	674	0	-2	360	0	0	0	403	-51	10359	-51	10513	-39	10276	-39	10463	17.159	-6.642
125.6	NaN	525	NaN	665	0	0	363	0	0	0	404	-52	9883	-52	10237	-40	9968	-41	10153	16.587	-6.394
125.7	NaN	532	NaN	652	0	-3	362	0	0	0	404	-53	9547	-55	9786	-42	9586	-42	9734	15.943	-6.249
125.8	NaN	525	NaN	657	0	-1	362	0	0	0	404	-54	9287	-57	9331	-44	8978	-46	9294	15.354	-7.23
125.9	NaN	522	NaN	655	0	-3	358	0	0	0	403	-54	8746	-56	8988	-44	8808	-46	8877	14.728	-6.16
126	NaN	545	NaN	687	0	-1	362	12	7	0	404	-30	8628	-30	8691	-24	8598	-25	8570	14.12	-3.567
126.1	NaN	545	NaN	663	0	2	363	15	9	0	404	-24	8290	-24	8441	-20	8303	-21	8437	13.82	-3.257
126.2	NaN	573	NaN	567	0	12	365	20	12	0	408	-11	8049	-10	8550	-9	8107	-8	8490	13.493	-2.228
126.3	NaN	581	NaN	598	0	33	365	33	23	0	407	1	7877	3	8446	3	7756	5	8444	13.291	-6.141
126.4	NaN	552	NaN	664	0	29	359	35	21	0	407	7	7739	17	8987	14	8107	33	8591	13.354	8.006
126.5	NaN	560	NaN	649	0	33	360	16	7	0	404	-21	6177	-15	8268	-18	6894	-12	8346	13.178	-2.722
126.6	NaN	581	NaN	717	0	42	360	10	0	0	406	-38	6301	-25	8196	-33	4803	-21	8268	12.6	-3.679
126.7	NaN	545	NaN	696	0	54	361	0	0	0	403	-42	5870	-36	7552	-56	3032	-31	7817	12.023	-4.768
126.8	NaN	548	NaN	687	0	56	358	10	0	0	407	-27	5094	-30	7194	-0	1153	-27	7315	11.239	-5.64
126.9	NaN	590	NaN	578	0	58	360	29	19	0	408	-3	5369	-2	6932	-4	4648	-2	7125	10.598	-4.407
127	NaN	543	NaN	603	0	44	361	57	48	0	408	17	5781	55	7364	39	6547	137	7993	10.425	3.844
127.1	NaN	564	NaN	595	0	30	359	55	44	0	407	21	7095	46	7219	49	7903	108	7587	10.51	3.228
127.2	NaN	567	NaN	671	0	35	365	34	21	0	408	2	5955	6	6917	5	7208	10	7089	10.538	-2.1
127.3	NaN	546	NaN	713	0	47	362	36	24	0	404	3	5548	12	6619	6	6501	28	7176	10.165	-1.161
127.4	NaN	545.5	NaN	581	0	53	362	30	22	0	407	0	4861	1	6106	0	5440	1	6439	9.82	-1.79
127.5	NaN	545	NaN	640	0	53	357	41	32	0	407	5	5345	27	6313	11	5784	64	6612	9.621	0.106
127.6	NaN	544.5	NaN	624	0	58	357	40	32	0	407	4	5355	28	6315	9	5549	63	6456	9.585	0.24
127.7	NaN	544	NaN	652	0	58	362	41	32	0	409	4	5440	27	6361	9	5569	66	6420	9.635	0.987
127.8	NaN	554	NaN	575	0	59	363	52	43	0	407	7	5430	52	6720	16	5652	129	6787	9.631	1.926
127.9	NaN	543	NaN	588	0	59	361	52	43	0	405	7	5616	54	6867	18	5611	126	6978	9.964	2.321
128	NaN	550	NaN	537	0	56	360	54	46	0	406	9	5690	60	7109	22	5801	139	7276	10.194	3.597
128.1	NaN	544	NaN	556	0	56	361	54	46	0	405	9	6188	60	7227	21	6130	140	7407	10.499	2.895
128.2	NaN	548	NaN	557	0	55	362	60	52	0	407	11	6067	65	7372	26	6284	158	7571	10.752	2.2
128.3	NaN	534	NaN	571	0	52	358	74	66	0	406	16	6657	63	7484	36	6540	169	7853	11.086	2.281
128.4	NaN	541	NaN	529	0	43	364	83	75	0	407	21	6844	67	7715	48	6835	167	7924	11.439	3.902
128.5	NaN	525	NaN	538	0	37	363	100	100	0	410	23	8253	64	7909	53	7083	153	8014	11.869	6.88
128.6	NaN	597	NaN	566	0	25	362	100	100	0	408	28	7779	54	8035	63	7771	119	8207	12.28	6.755
128.7	NaN	538	NaN	555	0	21	363	100	100	0	409	32	7693	53	8229	71	7722	117	8382	12.797	4.115
128.8	NaN	542	NaN	564	0	17	362	100	100	0	408	34	8076	50	8467	76	8014	108	8643	13.281	5.938
128.9	NaN	538	NaN	560	0	16	359	100	100	0	408	33	8260	48	8716	73	8292	105	8884	13.751	4.607
129	NaN	559	NaN	574	0	12	357	100	100	0	406	33	8566	45	9050	73	8540	98	9163	14.188	4.122
129.1	NaN	546	NaN	576	0	6	358	84	73	0	405	35	8877	42	9268	75	8898	89	9346	14.614	5.378
129.2	NaN	584	NaN	570	0	-4	360	2	0	0	405	-7	8786	-7	9050	-6	8785	-6	9063	14.792	-2.496
129.3	NaN	541	NaN	578	0	-19	361	0	0	0	405	-25	8798	-31	8643	-21	8828	-24	8638	14.422	-4.637
129.4	NaN	526	NaN	578	0	-24	360	0	0	0	404	-40	8594	-54	7997	-34	8620	-44	7997	13.884	-6.353
129.5	NaN	516	NaN	579	0	-33	360	0	0	0	403	-45	8389	-62	7495	-38	8278	-53	4992	13.201	-6.675
129.6	NaN	581	NaN	657	0	-44	358	19	20	0	402	-8	8132	-7	7157	-4	8112	-8	3999	12.556	-5.215
129.7	NaN	584	NaN	578	0	-32	361	22	22	0	404	-0	7990	-0	7060	0	7938	-0	6269	12.197	-3.579
129.8	NaN	586	NaN	578	0	-21	362	26	21	0	405	-0	7626	-0	7048	-0	7651	0	7005	11.971	-0.901
129.9	NaN	584	NaN	579	0	-24	366	26	22	0	405	-0	7448	-0	7019	-0	7438	-0	6995	11.795	-1.873
130	NaN	584	NaN	580	0	-36	363	25	21	0	405	-0	7452	-0	6752	-0	7466	0	6762	11.599	-1.517
130.1	NaN	586	NaN	581	0	-45	362	20	17	0	404	-4	7421	-5	6451	-3	7403	-5	6420	11.368	-2.28
130.2	NaN	590	NaN	579	0	-49	361	20	17	0	405	-3	7333	-6	6182	-3	7302	-5	6166	11.072	-1.592
130.3	NaN	591	NaN	578	0	-54	358	21	19	0	405	-2	7146	-3	6103	-1	7150	-3	5968	10.812	-3.183
130.4	NaN	586	NaN	578	0	-55	359	27	24	0	406	0	7034	0	6028	0	6965	0	5915	10.543	-3.592
130.5	NaN	546	NaN	581	0	-53	357	42	39	0	403	36	7116	7	5947	84	7145	16	6100	10.495	1.074
130.6	NaN	543	NaN	578.1875	0	-51	358	42	39	0	406	36	7108	7	5942	83	7171	17	6101	10.662	1.417
130.7	NaN	558	NaN	578.375	0	-51	357	44	45	0	404	44	7342	9	6024	104	7523	20	6757	10.717	0.379
130.8	NaN	553	NaN	578.5625	0	-48	358	37	35	0	407	23	7418	5	6146	54	7454	13	6222	10.886	0.191
130.9	NaN	592	NaN	578.75	0	-34	357	59	56	0	408	60	7842	24	6431	138	8095	59	7312	11.128	10.483
131	NaN	580	NaN	578.9375	0	-12	359	41	34	0	407	3	7029	2	6442	7	7103	4	6490	11.323	-0.672
131.1	NaN	595	NaN	579.125	0	26	357	45	30	0	409	6	6654	12	7058	15	6709	28	7133	11.186	0.392
131.2	NaN	608	NaN	579.3125	0	43	361	43	32	0	410	7	6414	25	7284	17	6479	55	7390	11.205	0.031
131.3	NaN	567	NaN	569	0	53	362	50	38	0	408	9	6535	44	7667	21	6539	102	7739	11.34	1.41
131.4	NaN	573	NaN	655	0	65	360	39	26	0	406	2	6389	18	7341	4	6478	42	7521	11.438	-0.71
131.5	NaN	580	NaN	596	0	64	360	41	32	0	406	3	6185	29	7549	7	6413	66	7703	11.263	0.037
131.6	NaN	578	NaN	599	0	64	359	42	32	0	405	3	6158	30	7390	7	6327	68	7579	11.273	-0.665
131.7	NaN	574	NaN	587	0	62	361	46	37	0	409	5	6187	41	7576	12	6317	93	7769	11.216	0.42
131.8	NaN	569	NaN	588	0	61	359	46	37	0	407	5	6183	41	7506	12	6401	92	7809	11.25	1.636
131.9	NaN	564	NaN	581	0	50	360	45	34	0	406	8	6338	35	7501	18	6630	80	7687	11.315	1.78
132	NaN	595	NaN	607	0	47	360	42	32	0	406	7	6341	27	7349	16	7079	62	7520	11.308	-0.788
132.1	NaN	555	NaN	599	0	48	363	43	32	0	407	7	6253	28	7493	16	8226	63	7712	11.201	-1.192
132.2	NaN	575	NaN	578	0	50	359	44	36	0	405	8	6380	34	7339	17	6557	77	7571	11.261	0.295
132.3	NaN	626	NaN	571	0	49	358	46	38	0	408	9	6448	39	7508	20	6657	89	7626	11.27	-0.232
132.4	NaN	545	NaN	550	0	48	358	62	54	0	409	17	6708	72	7760	39	6749	163	7868	11.516	4.263
132.5	NaN	518	NaN	561	0	48	357	71	64	0	409	18	6997	71	8045	41	6924	162	8121	11.894	3.394
132.6	NaN	522	NaN	559	0	50	363	76	68	0	408	18	7466	70	8248	41	7191	157	8327	12.268	3.76
132.7	NaN	585	NaN	559	0	45	363	76	68	0	408	19	7484	67	8395	43	7449	146	8537	12.604	3.988
132.8	NaN	541	NaN	554	0	30	357	76	68	0	408	25	7937	58	8511	56	7735	128	8699	12.966	4.719
132.9	NaN	546	NaN	553	0	12	358	76	68	0	406	34	8091	48	8509	76	8112	104	8717	13.409	5.081
133	NaN	547	NaN	558	0	-1	358	53	42	0	408	39	8476	40	8582	86	8523	85	8753	13.861	4.182
133.1	NaN	551	NaN	636	0	-14	359	45	34	0	405	23	8661	18	8538	50	8663	40	8674	14.041	1.475
133.2	NaN	554	NaN	622	0	-30	359	38	33	0	408	19	8917	10	8453	42	8975	21	8553	14.139	1.052
133.3	NaN	544	NaN	578.25	0	-40	358	36	34	0	405	21	8984	8	8314	45	9068	17	8402	14.143	0.84
133.4	NaN	547	NaN	577	0	-39	359	38	37	0	405	29	9129	10	8229	61	9221	22	8395	14.099	0.728
133.5	NaN	542	NaN	575.75	0	-39	358	41	40	0	405	32	9114	11	8249	68	9261	25	8493	14.126	0.272
133.6	NaN	560	NaN	622	0	-41	357	48	47	0	405	48	9300	18	8427	104	9442	38	8592	14.229	3.149
133.7	NaN	556	NaN	610	0	-37	360	54	53	0	407	53	9469	22	8614	117	9565	46	9178	14.446	3.542
133.8	NaN	567	NaN	584	0	-21	359	67	65	0	404	47	9478	27	9247	99	9663	56	9056	14.749	4.625
133.9	NaN	566	NaN	565	0	-3	360	70	63	0	408	39	9449	33	9240	81	9662	72	9437	15.14	3.772
134	NaN	548	NaN	560	0	8	359	71	62	0	408	35	9452	39	9748	71	9584	81	9823	15.536	4.621
134.1	NaN	545	NaN	556	0	17	361	71	62	0	407	30	9638	42	10117	61	9676	86	10178	15.87	3.104
134.2	NaN	551	NaN	554	0	20	357	71	61	0	406	28	9870	44	10324	57	9848	90	10442	16.201	3.077
134.3	NaN	537	NaN	559	0	20	361	71	61	0	408	28	9978	42	10508	56	10017	85	10676	16.472	1.904
134.4	NaN	528	NaN	561	0	21	360	71	61	0	407	27	10221	42	10725	54	10110	84	10801	16.752	2.512
134.5	NaN	538	NaN	558	0	22	363	81	72	0	409	27	10319	42	10823	53	10277	85	10970	17.006	2.439
134.6	NaN	547	NaN	562	0	20	359	100	100	0	408	26	10457	42	11017	53	10467	83	11127	17.251	2.193
134.7	NaN	549	NaN	560	0	20	363	100	100	0	410	26	10614	41	11121	53	10521	83	11256	17.468	2.059
134.8	NaN	556	NaN	563	0	12	360	100	100	0	408	28	10662	36	11178	54	10732	72	11339	17.675	2.709
134.9	NaN	559	NaN	600	0	-1	362	100	100	0	407	25	10850	25	11126	48	10960	47	11206	17.895	1.63
135	NaN	549	NaN	642	0	-8	361	100	100	0	407	21	11056	18	10960	42	11111	34	11133	17.995	0.83
135.1	NaN	553	NaN	636	0	-14	357	100	100	0	408	23	11211	16	11048	43	11301	32	11096	18.085	1.502
135.2	NaN	551	NaN	637	0	-17	357	100	100	0	405	22	11278	16	10965	44	11318	30	11078	18.112	-0.031
135.3	NaN	553	NaN	628	0	-18	357	100	100	0	406	24	11436	17	11033	47	11462	33	11127	18.19	1.962
135.4	NaN	552	NaN	660	0	-19	360	100	100	0	404	21	11383	14	11003	39	11421	26	11050	18.206	-0.556
135.5	NaN	548	NaN	647	0	-20	360	100	100	0	404	26	11508	17	10963	51	11582	33	11110	18.262	2.404
135.6	NaN	552	NaN	668	0	-17	361	100	100	0	404	20	11427	14	11105	37	11525	28	11118	18.285	1.119
135.7	NaN	559	NaN	635	0	-17	359	100	100	0	406	22	11524	15	11036	40	11568	29	11158	18.303	0.086
135.8	NaN	551	NaN	701	0	-11	363	100	100	0	405	18	11384	15	11184	34	11469	28	11229	18.324	1.363
135.9	NaN	556	NaN	675	0	-11	356	100	100	0	405	15	11409	12	11143	27	11456	22	11236	18.338	-0.428
136	NaN	551	NaN	675	0	-8	361	100	100	0	407	15	11335	14	11201	31	11397	27	11314	18.339	0.15
136.1	NaN	567	NaN	654	0	-3	363	100	100	0	407	13	11224	12	11304	26	11299	24	11330	18.361	-0.161
136.2	NaN	556	NaN	639	1	1	358	100	100	0	407	12	11168	13	11289	23	11250	23	11397	18.338	-0.21
136.3	NaN	567	NaN	637	1	2	359	100	100	0	407	15	11158	15	11455	30	11211	30	11456	18.344	0.54
136.4	NaN	562	NaN	643	1	0	359	100	100	0	405	12	11178	13	11333	24	11259	24	11455	18.375	0.441
136.5	NaN	588	NaN	619	1	2	359	100	100	0	408	15	11157	15	11497	29	11183	29	11496	18.379	0.526
136.6	NaN	543	NaN	637	1	-1	362	100	100	0	407	13	11225	12	11320	24	11281	25	11434	18.427	0.565
136.7	NaN	559	NaN	620	1	0	359	100	100	0	408	13	11174	13	11532	25	11234	25	11514	18.453	-0.106
136.8	NaN	557	NaN	634	1	2	360	100	100	0	407	12	11265	13	11419	23	11290	24	11515	18.477	0.644
136.9	NaN	554	NaN	622	1	2	357	100	100	0	407	11	11198	11	11556	20	11268	19	11526	18.495	-0.242
137	NaN	561	NaN	623	1	2	359	100	100	0	407	13	11267	13	11467	25	11296	26	11548	18.519	0.21
137.1	NaN	549	NaN	637	1	-1	359	100	100	0	407	9	11257	8	11505	17	11325	16	11491	18.539	-0.767
137.2	NaN	542	NaN	638	1	-1	361	100	100	0	408	11	11306	9	11464	21	11339	20	11487	18.496	-0.488
137.3	NaN	550	NaN	633	1	-2	357	100	100	0	407	8	11296	8	11398	15	11374	14	11427	18.52	0.401
137.4	NaN	538	NaN	655	1	1	363	100	100	0	407	10	11303	9	11452	20	11320	20	11496	18.465	-0.286
137.5	NaN	543	NaN	643	1	1	359	100	100	0	408	10	11310	11	11383	17	11334	19	11456	18.504	0.796
137.6	NaN	539	NaN	623	1	0	360	100	100	0	407	12	11252	12	11463	24	11256	25	11510	18.507	0.041
137.7	NaN	541	NaN	703	1	1	362	100	100	0	407	9	11318	10	11419	18	11352	16	11482	18.512	0.538
137.8	NaN	547	NaN	647	1	0	359	100	100	0	406	10	11243	9	11482	19	11296	20	11522	18.498	-1.424
137.9	NaN	537	NaN	654	1	-0	359	100	100	0	407	10	11320	10	11405	20	11360	18	11475	18.513	1.064
138	NaN	538	NaN	631	1	-0	363	100	100	0	407	9	11272	8	11507	17	11308	17	11489	18.5	-1.391
138.1	NaN	538	NaN	652	1	-2	360	100	100	0	408	11	11306	11	11386	21	11338	21	11489	18.489	0.82
138.2	NaN	549	NaN	631	1	-2	363	81	71	0	408	9	11271	8	11484	16	11309	16	11467	18.485	-0.685
138.3	NaN	568	NaN	650	0	1	362	0	0	0	404	-12	11057	-12	11237	-8	11083	-9	11242	18.334	-1.938
138.4	NaN	533	NaN	662	0	2	360	0	0	0	407	-33	10829	-33	11060	-24	10765	-25	11056	17.973	-4.246
138.5	NaN	521	NaN	674	0	2	364	0	0	0	410	-53	10425	-50	10795	-39	9999	-37	10546	17.457	-7.081
138.6	NaN	532	NaN	650	0	4	359	0	0	0	404	-54	10039	-52	10461	-42	10006	-40	10418	16.783	-5.518
138.7	NaN	531	NaN	650	0	4	362	0	0	0	402	-53	9537	-52	10007	-43	9545	-40	9915	16.235	-6.027
138.8	NaN	524	NaN	649	0	3	365	0	0	0	408	-56	9135	-55	9541	-45	9146	-44	9546	15.548	-7.01
138.9	NaN	522	NaN	649	0	5	443	0	0	0	469	-57	8812	-53	9180	-47	8677	-44	9061	14.839	-7.526
139	NaN	523	NaN	662	0	8	435	0	0	0	468	-56	8182	-53	8655	-47	8340	-45	8637	14.147	-5.789
139.1	NaN	533	NaN	664	0	10	360	0	0	0	400	-58	8230	-50	8222	-48	7956	-44	7950	13.329	-10.131
139.2	NaN	530	NaN	645	0	21	361	10	3	0	404	-39	5440	-38	8003	-39	6564	-35	8154	12.757	0.37
139.3	NaN	557	NaN	648.9473684	0	45	359	54	45	0	408	3	7200	11	8091	8	7340	25	8105	12.491	-3.753
139.4	NaN	556	NaN	647.8947368	0	41	361	46	33	0	409	11	7284	30	8423	24	7260	69	8479	12.522	2.703
139.5	NaN	547	NaN	646.8421053	0	44	357	51	41	0	406	14	7481	47	8371	32	7483	105	8498	12.681	2.448
139.6	NaN	547	NaN	645.7894737	0	42	356	51	40	0	408	15	7538	45	8644	33	7546	99	8723	12.827	2.003
139.7	NaN	565	NaN	644.7368421	0	46	360	51	41	0	409	13	7637	47	8637	29	7716	104	8816	13.094	0.381
139.8	NaN	556	NaN	643.6842105	0	44	363	53	44	0	405	16	7997	52	8935	35	7835	117	9024	13.231	3.014
139.9	NaN	557	NaN	642.6315789	0	27	363	54	45	0	408	23	7915	48	8942	49	8482	104	9173	13.476	1.045
140	NaN	542	NaN	641.5789474	0	28	359	51	42	0	405	21	10088	42	8858	46	8343	92	8937	13.914	6.235
140.1	NaN	550	NaN	640.5263158	0	31	359	63	53	0	408	23	8303	47	9298	50	11599	104	9824	14.021	1.802
140.2	NaN	590	NaN	639.4736842	0	31	360	78	71	0	408	24	9787	51	9424	50	8810	111	9486	14.471	5.574
140.3	NaN	553	NaN	638.4210526	0	29	360	74	63	0	407	24	8919	50	9621	51	9459	108	9730	14.791	1.752
140.4	NaN	546	NaN	637.3684211	0	24	357	74	65	0	408	27	9765	47	9725	57	9125	98	9951	15.073	4.154
140.5	NaN	534	NaN	636.3157895	0	28	364	75	64	0	407	25	9466	48	9956	53	9386	100	10069	15.458	3.189
140.6	NaN	536	NaN	635.2631579	0	25	363	65	54	0	407	26	9941	46	10134	56	9575	94	10238	15.76	4.611
140.7	NaN	541	NaN	634.2105263	0	8	363	61	50	0	408	32	9769	38	10238	65	9793	77	10388	16.091	6.635
140.8	NaN	555	NaN	633.1578947	0	1	361	57	46	0	406	35	10060	35	10286	71	10169	73	10472	16.464	3.603
140.9	NaN	582	NaN	632.1052632	0	-14	360	26	18	0	408	0	10173	0	10083	-1	10149	-1	10131	16.594	-2.718
141	NaN	542	NaN	631.0526316	0	-28	359	32	32	0	404	14	10434	8	9797	28	10507	15	9888	16.431	-0.023
141.1	NaN	542	NaN	656	0	-40	357	32	32	0	404	16	10320	6	9570	32	10414	12	9802	16.369	-1.744
141.2	NaN	548	NaN	615	0	-36	361	46	47	0	406	48	10641	19	9730	95	10726	40	10048	16.344	3.406
141.3	NaN	554	NaN	640.2857143	0	-20	358	56	56	0	407	42	10632	26	10187	84	10813	52	10394	16.625	3.704
141.4	NaN	540	NaN	640.5714286	0	11	361	89	79	0	407	31	10285	38	10549	62	10435	76	10693	16.968	3.338
141.5	NaN	528	NaN	640.8571429	0	15	361	100	100	0	407	29	10393	40	10950	57	10511	78	11067	17.265	1.555
141.6	NaN	560	NaN	641.1428571	0	9	362	100	100	0	408	27	10781	33	11077	54	10685	62	11163	17.569	2.356
141.7	NaN	560	NaN	641.4285714	0	5	356	100	100	0	408	26	10765	29	11035	49	10771	57	11185	17.818	3.254
141.8	NaN	587	NaN	641.7142857	0	4	361	100	100	0	407	24	10887	26	11253	46	10982	49	11287	17.991	1.786
141.9	NaN	551	NaN	623	1	0	360	100	100	0	406	18	11023	18	11132	36	11072	35	11298	18.148	1.75
142	NaN	563	NaN	636	1	-4	359	100	100	0	407	18	11086	16	11313	34	11150	32	11332	18.209	1.301
142.1	NaN	540	NaN	641	1	-3	363	100	100	0	404	16	11171	15	11181	30	11237	27	11269	18.302	0.086
142.2	NaN	545	NaN	614	1	-6	358	100	100	0	406	14	11164	13	11231	26	11255	25	11337	18.31	0.775
142.3	NaN	542	NaN	671	1	-7	357	100	100	0	407	13	11290	11	11270	25	11322	22	11267	18.351	-0.049
142.4	NaN	541	NaN	633	1	-5	362	100	100	0	406	13	11354	12	11289	25	11295	24	11345	18.309	-2.117
142.5	NaN	550	NaN	642	1	-6	356	100	100	0	407	13	11198	12	11278	25	11350	22	11320	18.424	1.508
142.6	NaN	536	NaN	647	1	-3	359	100	100	0	408	11	11326	10	11260	20	11299	21	11385	18.373	-0.346
142.7	NaN	535	NaN	628	1	-4	357	100	100	0	405	13	11191	12	11397	26	11336	24	11357	18.412	1.303
142.8	NaN	543	NaN	673	1	-2	358	100	100	0	407	9	11278	9	11212	18	11300	17	11331	18.41	1.091
142.9	NaN	538	NaN	632	1	-0	364	94	84	0	404	12	11235	12	11425	24	11307	24	11389	18.459	-0.539
143	NaN	540	NaN	663	1	-1	360	95	90	0	408	12	11271	11	11250	22	11334	20	11371	18.478	0.894
143.1	NaN	539	NaN	628	1	-2	363	92	85	0	406	11	11254	12	11451	23	11300	23	11422	18.446	0.529
143.2	NaN	543	NaN	642	0	1	360	27	17	0	405	12	11267	12	11361	19	11306	21	11408	18.47	0.116
143.3	NaN	554	NaN	640	0	0	363	0	0	0	407	-18	11018	-18	11195	-14	10955	-13	11255	18.226	-2.289
143.4	NaN	535	NaN	676	0	1	386	0	0	0	425	-38	10716	-39	10926	-30	10495	-29	10955	17.822	-6.275
143.5	NaN	528	NaN	670	0	4	405	0	0	0	460	-52	10321	-50	10506	-40	10263	-37	10482	17.222	-6.714
143.6	NaN	535	NaN	677	0	3	535	0	0	0	540	-54	9683	-52	10250	-42	9671	-40	10120	16.518	-7.714
143.7	NaN	533	NaN	704	0	3	634	0	0	0	616	-57	9101	-55	9594	-45	9043	-43	9485	15.67	-7.76
143.8	NaN	531	NaN	691	0	-3	643	0	0	0	609	-54	8741	-56	8994	-45	8439	-45	8870	14.755	-9.514
143.9	NaN	518	NaN	677	0	-16	579	0	0	0	552	-50	8436	-59	8198	-41	8429	-50	8072	13.845	-8.346
144	NaN	528	NaN	677	0	-35	381	0	0	0	410	-44	8282	-63	7319	-39	8286	-53	6018	13.045	-6.34
144.1	NaN	542	NaN	771	0	-51	362	7	9	0	400	-24	7901	-41	6566	-21	7985	-35	2062	12.401	-5.08
144.2	NaN	547	NaN	585	0	-54	365	11	12	0	406	-16	7661	-28	6439	-14	7758	-0	1749	11.857	-5.425
144.3	NaN	575	NaN	552	0	-49	363	20	21	0	402	-3	7465	-7	6359	-4	7486	0	2307	11.388	-4.836
144.4	NaN	584	NaN	625	0	-12	363	31	25	0	404	3	7243	1	6390	6	7331	3	4243	11.1	-2.655
144.5	NaN	561	NaN	596	0	14	360	47	38	0	406	19	6725	27	7020	43	6825	61	7119	11.152	2.941
144.6	NaN	562	NaN	562	0	31	360	51	41	0	409	18	6701	41	7457	41	6825	94	7584	11.393	1.693
144.7	NaN	575	NaN	561	0	65	361	50	36	0	407	6	6710	49	7681	13	6708	113	7776	11.64	1.247
144.8	NaN	595	NaN	577	0	64	366	28	14	0	406	-0	6309	0	7393	-0	6309	-0	7535	11.392	-3.886
144.9	NaN	595	NaN	580	0	63	362	28	17	0	410	0	6100	0	7263	-1	6170	0	7385	11.095	-2.707
145	NaN	574	NaN	596	0	62	361	43	32	0	407	3	6022	30	7320	9	6070	68	7513	10.868	-1.026
145.1	NaN	570	NaN	596	0	63	360	43	32	0	406	3	5933	32	7272	8	6086	72	7429	10.873	-0.823
145.2	NaN	580	NaN	576	0	64	363	45	34	0	406	4	5898	35	7305	9	6060	80	7480	10.848	-1.047
145.3	NaN	540	NaN	567	0	63	362	58	47	0	408	7	5973	64	7560	17	6163	149	7738	10.925	2.357
145.4	NaN	545	NaN	608	0	60	359	96	85	0	409	11	6251	60	7684	25	6346	193	8049	11.215	4.323
145.5	NaN	534	NaN	543	0	52	360	100	100	0	407	16	7144	62	7863	36	6912	177	8267	11.438	3.814
145.6	NaN	545	NaN	560	0	39	362	100	100	0	408	22	7403	65	7912	49	7798	149	8379	11.712	3.316
145.7	NaN	568	NaN	592	0	10	360	100	100	0	407	36	8701	47	7898	79	8170	105	8197	12.057	5.321
145.8	NaN	553	NaN	548	0	17	362	100	100	0	407	6	8462	49	8089	71	9358	114	8277	12.474	5.94
145.9	NaN	562	NaN	562	0	2	359	100	100	0	407	35	7762	38	8131	77	12054	83	8433	12.714	1.687
146	NaN	574	NaN	575	0	10	357	100	100	0	407	36	10022	44	8342	81	8271	100	8430	13.364	6.769
146.1	NaN	560	NaN	564	0	13	363	100	100	0	409	34	8311	46	8789	75	9009	98	9011	13.761	3.225
146.2	NaN	552	NaN	570	0	21	359	100	100	0	407	30	9592	47	9090	64	8663	103	9211	14.308	5.403
146.3	NaN	562	NaN	581	0	9	358	100	100	0	408	33	8895	42	9446	69	9223	89	9546	14.747	5.524
146.4	NaN	555	NaN	561	0	7	361	100	100	0	407	34	9232	41	9592	73	9307	85	9650	15.189	3.858
146.5	NaN	584	NaN	568	0	3	358	100	100	0	409	36	9589	38	9709	73	9593	79	9868	15.632	4.705
146.6	NaN	560	NaN	574	0	-1	362	100	100	0	406	37	9872	35	9900	75	9995	73	10106	16.018	3.27
146.7	NaN	573	NaN	576	1	-3	362	100	100	0	409	37	10121	33	10200	74	10247	70	10314	16.42	2.633
146.8	NaN	554	NaN	576	1	-5	360	100	100	0	406	37	10412	32	10370	75	10472	65	10492	16.81	4.516
146.9	NaN	549	NaN	566	1	-4	362	100	100	0	406	37	10614	31	10509	73	10714	62	10710	17.204	3.865
147	NaN	554	NaN	600	1	-6	359	100	100	0	408	28	10794	25	10852	54	10888	49	10853	17.492	1.174
147.1	NaN	550	NaN	618	1	-4	361	100	93	0	407	23	10941	21	10845	43	10993	42	11024	17.718	1.811
147.2	NaN	587	NaN	629	0	-4	358	3	0	0	407	-6	10838	-4	10801	-9	10914	-9	10827	17.933	-1.372
147.3	NaN	567	NaN	698	0	-1	360	0	0	0	403	-25	10730	-23	10826	-18	10636	-18	10766	17.6	-4.853
147.4	NaN	547	NaN	673	0	-2	356	0	0	0	404	-43	10429	-43	10385	-33	10344	-33	10346	17.241	-4.189
147.5	NaN	533	NaN	666	0	1	361	0	0	0	405	-53	10003	-52	10252	-40	9923	-39	10020	16.631	-6.742
147.6	NaN	534	NaN	672	0	2	364	0	0	0	404	-54	9576	-52	9704	-42	9605	-42	9788	16.04	-5.532
147.7	NaN	527	NaN	671	0	3	364	0	0	0	404	-57	9225	-56	9392	-45	9099	-44	9104	15.41	-6.333
147.8	NaN	534	NaN	674	0	1	356	0	0	0	404	-56	8971	-55	9057	-45	8678	-45	8927	14.772	-7.01
147.9	NaN	523	NaN	661	0	2	472	0	0	0	509	-55	8385	-54	8617	-45	8272	-45	8561	14.1	-8.356
148	NaN	529	NaN	650	0	4	498	0	0	0	522	-56	7867	-53	8004	-47	7808	-45	7985	13.359	-6.824
148.1	NaN	528	NaN	673	0	6	519	0	0	0	525	-55	7385	-52	7632	-48	7086	-45	7433	12.594	-7.109
148.2	NaN	571	NaN	618	0	16	360	20	12	0	405	-16	7082	-13	7583	-13	6988	-12	7496	11.986	-2.945
148.3	NaN	589	NaN	579	0	30	363	21	12	0	406	-9	6694	-7	7433	-8	6819	-6	7441	11.747	-1.667
148.4	NaN	550	NaN	770	0	48	364	7	0	0	407	-32	6089	-20	7214	-28	6176	-18	7327	11.395	-2.837
148.5	NaN	546	NaN	735	0	58	361	0	0	0	407	-55	5624	-32	7039	-51	3422	-28	7021	10.862	-6.527
148.6	NaN	546	NaN	698	0	58	365	8	0	0	405	-20	4995	-31	6636	-20	1590	-28	6695	10.243	-8.275
148.7	NaN	591	NaN	578	0	60	360	30	19	0	406	0	4810	0	6525	-1	1347	0	6632	9.611	-1.804
148.8	NaN	583	NaN	626	0	60	363	42	31	0	405	1	4722	20	6324	5	4059	46	6548	9.209	-0.695
148.9	NaN	552	NaN	618	0	52	363	63	53	0	408	14	4910	50	6631	35	5382	146	7263	9.197	3.619
149	NaN	547	NaN	561	0	25	360	76	66	0	407	32	6591	53	6564	77	7174	151	7163	9.315	6.026
149.1	NaN	549	NaN	567	0	5	363	77	67	0	406	29	7360	50	6538	98	7896	116	7243	9.656	7.161
149.2	NaN	558	NaN	622	0	-35	362	52	43	0	409	46	6212	20	6355	111	8407	48	6646	10.069	6.228
149.3	NaN	580	NaN	678	0	-50	365	40	37	0	405	34	6993	7	5972	80	7079	16	5961	10.425	4.244
149.4	NaN	555	NaN	653	0	-59	357	44	43	0	406	43	7092	6	5896	99	7220	15	5943	10.526	0.79
149.5	NaN	552	NaN	659	0	-59	361	47	44	0	404	51	7415	7	5885	119	7663	16	6312	10.605	3.74
149.6	NaN	558	NaN	666	0	-66	357	51	49	0	405	62	7411	6	5820	141	7654	15	6214	10.773	2.844
149.7	NaN	569	NaN	681	0	-64	362	80	81	0	404	54	7723	8	5882	134	8211	18	6420	10.834	5.296
149.8	NaN	557	NaN	638	0	-61	359	89	84	0	404	58	7621	8	5967	155	8179	17	6538	10.939	3.01
149.9	NaN	582	NaN	587	0	-20	360	100	100	0	407	51	7679	27	6116	117	8853	64	7665	10.901	6.141
150	NaN	562	NaN	619	0	13	363	100	100	0	407	30	7322	44	7417	70	7986	88	11259	10.926	6.895
150.1	NaN	548	NaN	579	0	17	361	100	100	0	407	33	7358	51	7649	77	7717	86	10038	10.994	5.398
150.2	NaN	551	NaN	576	0	11	358	100	100	0	407	36	7377	45	7253	86	7714	68	10286	11.207	2.191
150.3	NaN	570	NaN	595	0	5	356	100	100	0	407	38	7371	42	8018	86	7720	51	10281	11.494	4.674
150.4	NaN	561	NaN	578	0	-7	357	100	100	0	407	42	7404	25	9389	95	7589	69	10026	12.015	5.271
150.5	NaN	556	NaN	582	1	-9	362	100	100	0	404	48	7812	38	7994	109	7920	84	8028	12.641	5.798
150.6	NaN	565	NaN	563	1	-7	358	100	100	0	404	45	8269	39	8208	99	8284	85	8247	13.193	6.717
150.7	NaN	554	NaN	568	1	-10	357	100	100	0	407	44	8599	36	8478	96	8662	78	8572	13.722	4.875
150.8	NaN	560	NaN	576	1	-6	361	100	100	0	407	42	8827	36	8828	91	8896	77	8879	14.299	5.669
150.9	NaN	564	NaN	579	1	-5	358	100	100	0	408	41	9143	36	9085	86	9154	76	9229	14.767	4.839
151	NaN	558	NaN	579	1	-2	359	100	100	0	408	40	9360	37	9381	83	9486	76	9544	15.26	4.394
151.1	NaN	553	NaN	580	1	-1	360	100	100	0	408	37	9662	36	9693	76	9795	75	9831	15.709	5.764
151.2	NaN	583	NaN	589	1	-1	357	100	100	0	408	36	9880	34	10031	73	9992	72	10138	16.143	4.836
151.3	NaN	572	NaN	591	1	-1	359	100	100	0	407	36	10086	35	10272	72	10121	70	10391	16.549	3.213
151.4	NaN	554	NaN	571	1	-0	363	100	100	0	408	35	10357	35	10447	69	10491	70	10600	16.989	4.077
151.5	NaN	585	NaN	602	1	-3	360	100	100	0	407	32	10674	30	10775	64	10712	59	10802	17.359	5.528
151.6	NaN	576	NaN	580.3333333	1	-4	358	100	100	0	407	28	10778	27	10861	54	10838	53	11037	17.673	1.98
151.7	NaN	571	NaN	579.6666667	1	-1	359	100	98	0	406	23	10921	22	11041	46	11039	43	11173	17.931	1.534
151.8	NaN	597	NaN	579	1	-1	358	100	96	0	406	18	11005	17	11176	36	11046	33	11252	18.116	2.062
151.9	NaN	568	NaN	578.3333333	1	0	362	86	75	0	407	19	11080	18	11227	37	11199	36	11364	18.293	1.781
152	NaN	569	NaN	577.6666667	0	1	363	26	15	0	407	10	11148	11	11443	21	11184	17	11390	18.393	0.565
152.1	NaN	583	NaN	569	0	4	360	21	14	0	408	-12	10886	-11	11125	-9	10871	-8	11219	18.21	-1.306
152.2	NaN	593	NaN	580	0	14	363	22	12	0	407	-5	10648	-5	11274	-4	10721	-4	11252	18.083	-1.589
152.3	NaN	572	NaN	561	0	15	360	21	10	0	405	-14	10393	-12	11160	-10	10374	-9	11232	17.771	-3.278
152.4	NaN	584	NaN	578.7	0	19	359	12	1	0	405	-22	9978	-18	10996	-17	9969	-15	11050	17.466	-2.552
152.5	NaN	566	NaN	578.4	0	24	360	0	0	0	403	-45	9186	-36	10656	-35	8696	-27	10642	16.968	-5.642
152.6	NaN	539	NaN	578.1	0	26	363	3	0	0	407	-43	7737	-44	10168	-46	6699	-35	10356	16.321	-3.838
152.7	NaN	581	NaN	577.8	0	12	360	19	10	0	405	-15	8327	-14	10153	-13	5518	-11	9945	15.667	-7.119
152.8	NaN	594	NaN	557	0	-6	362	31	24	0	407	4	8589	3	9787	8	7649	7	9815	15.196	0.292
152.9	NaN	601	NaN	579	0	-8	361	30	18	0	409	-0	8519	-0	9434	0	8455	-0	9476	14.833	-0.381
153	NaN	593	NaN	569	0	5	359	23	10	0	406	-10	7716	-10	8920	-8	8236	-8	9091	14.616	-0.806
153.1	NaN	577	NaN	568	0	24	365	23	10	0	406	-12	7895	-10	8873	-10	7738	-8	8942	14.195	-1.972
153.2	NaN	591	NaN	574	0	27	357	23	11	0	406	-10	6443	-8	8601	-9	7837	-6	8678	13.936	-1.644
153.3	NaN	590	NaN	576	0	39	363	24	14	0	409	-9	7595	-6	8644	-7	7629	-5	8550	13.574	-6.025
153.4	NaN	595	NaN	558	0	32	360	32	21	0	409	2	7715	3	8542	3	7695	7	8537	13.318	-1.001
153.5	NaN	592	NaN	579	0	34	361	31	21	0	406	1	7340	1	8347	1	7239	3	8430	13.109	-2.01
153.6	NaN	600	NaN	577	0	31	357	31	21	0	407	0	7104	1	8155	1	7255	3	8243	12.952	-1.44
153.7	NaN	591	NaN	577	0	34	366	30	21	0	408	0	7090	1	8132	1	7083	2	8195	12.673	-1.706
153.8	NaN	602	NaN	577	0	42	359	31	20	0	409	0	6978	1	7945	1	7036	2	7995	12.465	-2.685
153.9	NaN	594	NaN	577	0	43	362	30	17	0	409	-0	6781	-0	7805	0	6831	-0	7880	12.182	-3.065
154	NaN	601	NaN	578	0	46	359	31	21	0	407	0	6611	0	7619	0	6679	0	7668	11.941	-3.38
154.1	NaN	569	NaN	583	0	49	364	33	24	0	405	1	6463	7	7527	3	6606	15	7630	11.696	-2.64
154.2	NaN	563	NaN	607	0	52	364	42	31	0	406	6	6435	27	7643	13	6733	61	7763	11.573	-0.335
154.3	NaN	584	NaN	652	0	55	360	40	27	0	406	3	6332	20	7450	8	6478	46	7586	11.536	-2.451
154.4	NaN	570	NaN	583	0	55	362	43	33	0	406	6	6320	31	7601	12	6405	71	7707	11.435	0.774
154.5	NaN	573	NaN	584	0	57	358	43	33	0	406	5	6306	31	7504	12	6420	72	7653	11.442	0.802
154.6	NaN	578	NaN	590	0	56	361	43	33	0	406	6	6275	31	7540	13	6421	69	7701	11.392	-0.58
154.7	NaN	528	NaN	595	0	56	358	83	74	0	407	14	6713	69	7886	32	6786	167	8028	11.53	3.312
154.8	NaN	523	NaN	581	0	42	362	100	100	0	406	22	7372	71	7944	49	7279	162	8111	11.854	3.524
154.9	NaN	550	NaN	552	0	14	359	100	100	0	407	35	7602	51	8021	78	7643	116	8166	12.267	4.346
155	NaN	541	NaN	555	0	9	360	100	100	0	408	38	7872	47	8078	84	7922	104	8182	12.777	5.076
155.1	NaN	550	NaN	554	0	7	357	100	100	0	405	38	8094	45	8384	83	8147	100	8468	13.25	5.096
155.2	NaN	561	NaN	557	0	7	358	100	100	0	407	37	8371	44	8633	80	8432	96	8762	13.709	4.745
155.3	NaN	549	NaN	577	0	6	361	100	100	0	404	37	8673	42	8842	78	8701	92	9031	14.126	4.104
155.4	NaN	548	NaN	558	1	3	360	100	100	0	405	38	8926	39	9052	80	9000	84	9203	14.565	4.603
155.5	NaN	556	NaN	567	1	1	358	100	100	0	408	37	9168	38	9353	78	9255	81	9446	14.937	3.543
155.6	NaN	563	NaN	563	1	-1	359	100	100	0	407	37	9409	36	9540	79	9480	76	9613	15.329	4.641
155.7	NaN	558	NaN	562	1	-4	360	100	100	0	406	38	9661	35	9722	79	9808	72	9827	15.709	3.733
155.8	NaN	552	NaN	571	1	-2	360	100	100	0	407	37	9947	35	9919	75	10038	72	10078	16.043	3.371
155.9	NaN	544	NaN	572	1	-1	363	100	100	0	407	36	10113	34	10197	73	10208	69	10289	16.439	3.275
156	NaN	552	NaN	567	1	-2	359	100	100	0	408	35	10335	34	10412	71	10452	69	10468	16.808	3.601
156.1	NaN	551	NaN	562	1	-3	360	100	100	0	408	36	10621	33	10560	70	10691	66	10719	17.143	3.673
156.2	NaN	563	NaN	585	1	-5	357	100	100	0	406	30	10734	28	10823	60	10769	52	10864	17.468	2.418
156.3	NaN	570	NaN	594	1	-2	360	100	100	0	407	26	10919	24	10953	50	11025	48	11005	17.699	0.661
156.4	NaN	560	NaN	603	1	-3	360	100	100	0	405	22	11042	20	10995	42	11056	39	11147	17.838	0.212
156.5	NaN	580	NaN	611	1	-3	362	100	100	0	407	21	11010	19	11138	41	11076	38	11137	18.052	1.338
156.6	NaN	563	NaN	632	1	-1	359	100	100	0	407	15	11168	15	11125	30	11208	28	11225	18.104	0.951
156.7	NaN	559	NaN	613	1	0	361	100	100	0	407	16	11076	16	11273	31	11110	31	11277	18.206	0.923
156.8	NaN	555	NaN	644	1	0	360	100	100	0	406	14	11157	14	11213	28	11258	27	11317	18.245	1.294
156.9	NaN	550	NaN	650	1	-1	357	100	100	0	406	13	11189	12	11343	23	11161	23	11332	18.271	-1.632
157	NaN	565	NaN	631	1	-2	359	100	100	0	407	15	11187	14	11282	29	11290	29	11317	18.314	0.657
157.1	NaN	551	NaN	642	1	-2	356	100	100	0	408	11	11211	12	11281	21	11249	22	11340	18.33	0.172
157.2	NaN	564	NaN	631	1	0	361	100	100	0	404	14	11255	13	11318	27	11280	26	11362	18.363	-0.325
157.3	NaN	555	NaN	654	1	-1	359	100	100	0	406	12	11238	11	11287	21	11257	21	11363	18.361	1.739
157.4	NaN	555	NaN	644	1	-1	361	100	100	0	407	13	11214	12	11342	27	11278	25	11361	18.371	-0.22
157.5	NaN	563	NaN	652	1	-0	363	100	100	0	407	12	11301	12	11341	22	11305	21	11323	18.382	0.979
157.6	NaN	547	NaN	637	1	-2	361	100	100	0	406	11	11191	11	11362	22	11248	22	11330	18.385	-0.401
157.7	NaN	549	NaN	642	1	-4	359	100	100	0	406	11	11277	11	11239	20	11344	21	11334	18.36	0.241
157.8	NaN	552	NaN	646	1	-3	356	100	100	0	406	11	11268	11	11394	22	11188	20	11342	18.387	-1.096
157.9	NaN	546	NaN	697	1	0	361	100	100	0	407	12	11195	12	11164	23	11332	24	11343	18.385	0.472
158	NaN	553	NaN	650	1	1	362	100	100	0	408	11	11267	10	11382	21	11230	21	11399	18.388	1.017
158.1	NaN	562	NaN	634	1	4	361	100	100	0	407	15	11203	15	11344	28	11312	28	11418	18.387	-1.433
158.2	NaN	550	NaN	626	1	10	364	100	100	0	407	13	11149	15	11519	24	11153	28	11594	18.417	-0.023
158.3	NaN	553	NaN	596	0	17	361	100	100	0	408	15	11006	22	11651	30	11099	44	11751	18.481	0.108
158.4	NaN	550	NaN	598	0	18	363	100	100	0	406	16	11027	24	11819	30	11064	45	11878	18.525	1.091
158.5	NaN	574	NaN	609	0	5	357	100	100	0	407	17	11062	20	11645	35	11164	40	11830	18.53	0.241
158.6	NaN	559	NaN	636	0	-2	358	100	100	0	407	12	11260	13	11649	24	11343	25	11628	18.535	0.267
158.7	NaN	559	NaN	667	0	-7	360	100	100	0	407	8	11325	7	11321	16	11330	14	11378	18.544	-0.098
158.8	NaN	580	NaN	603	0	-9	358	12	5	0	407	1	11314	1	11290	3	11353	5	11298	18.497	-0.821
158.9	NaN	559	NaN	657	0	-10	356	0	0	0	404	-21	11154	-22	11039	-15	11092	-16	11056	18.225	-3.787
159	NaN	538	NaN	683	0	-8	357	0	0	0	404	-39	10896	-42	10715	-30	10938	-31	10646	17.719	-5.852
159.1	NaN	521	NaN	653	0	-8	377	0	0	0	417	-49	10432	-53	10287	-37	10465	-40	10141	17.155	-6.095
159.2	NaN	519	NaN	663	0	-9	448	0	0	0	464	-50	9949	-56	9795	-39	9988	-44	9804	16.471	-6.503
159.3	NaN	522	NaN	668	0	-10	494	0	0	0	517	-52	9587	-57	9354	-42	9440	-46	8890	15.711	-8.234
159.4	NaN	527	NaN	674	0	-11	551	0	0	0	567	-52	9013	-59	8843	-43	9071	-48	8622	14.908	-7.645
159.5	NaN	533	NaN	675	0	-10	581	0	0	0	565	-51	8576	-59	8322	-43	8485	-48	7455	14.045	-8.469
159.6	NaN	541	NaN	671	0	-14	526	0	0	0	528	-51	8074	-58	7802	-43	8025	-49	7213	13.207	-8.085
159.7	NaN	528	NaN	678	0	-21	366	0	0	0	408	-48	7709	-59	7253	-42	7725	-52	6505	12.455	-6.626
159.8	NaN	551	NaN	666	0	-38	362	38	38	0	403	28	7804	8	6944	64	7848	18	7035	11.943	0.072
159.9	NaN	567	NaN	671	0	-47	361	31	30	0	402	12	7760	3	6817	27	7827	7	6953	12.007	-0.157
160	NaN	566	NaN	687	0	-49	361	33	33	0	405	17	7829	4	6798	38	7845	9	6838	11.891	-0.713
160.1	NaN	571	NaN	606	0	-55	363	34	31	0	405	18	7724	3	6731	41	7769	7	6800	11.902	-2.376
160.2	NaN	551	NaN	682	0	-57	361	38	38	0	403	31	7895	6	6712	68	7920	13	6829	11.778	-0.838
160.3	NaN	556	NaN	659	0	-56	362	37	35	0	404	26	7745	4	6614	60	7846	11	6785	11.824	0.94
160.4	NaN	552	NaN	627	0	-54	360	37	35	0	404	26	7721	5	6632	60	7830	11	6839	11.775	0.553
160.5	NaN	550	NaN	664	0	-54	358	39	39	0	404	34	7824	6	6576	77	8050	15	6931	11.721	1.182
160.6	NaN	560	NaN	687	0	-56	359	42	39	0	405	37	7774	7	6613	83	7859	15	6946	11.836	0.595
160.7	NaN	566	NaN	612	0	-37	360	53	53	0	404	58	8036	20	6858	131	8184	49	7774	11.987	2.889
160.8	NaN	570	NaN	600	0	-34	361	58	54	0	407	61	8196	24	7428	134	8349	54	7557	12.459	5.759
160.9	NaN	570	NaN	566	0	-22	358	62	58	0	406	53	8220	31	7619	120	8529	70	7948	12.904	5.022
161	NaN	583	NaN	570	0	-9	363	62	55	0	408	45	8295	37	8181	100	8365	79	8337	13.448	4.598
161.1	NaN	561	NaN	559	0	-4	364	72	64	0	406	43	8590	39	8538	92	8662	83	8683	13.94	4.874
161.2	NaN	591	NaN	570	0	-5	362	71	61	0	409	42	8865	36	8818	89	8995	77	8968	14.432	4.825
161.3	NaN	590	NaN	577	0	-10	360	6	0	0	409	-4	8865	-4	8964	-4	8940	-4	8889	14.659	-2.553
161.4	NaN	556	NaN	687	0	-8	361	0	0	0	405	-22	8807	-24	8799	-18	8797	-20	8756	14.321	-4.679
161.5	NaN	533	NaN	674	0	-20	361	0	0	0	403	-38	8510	-46	8214	-32	8539	-38	8177	13.988	-5.246
161.6	NaN	524	NaN	675	0	-36	361	0	0	0	405	-45	8270	-60	7215	-39	8352	-53	5190	13.331	-8.544
161.7	NaN	539	NaN	800	0	-53	358	0	0	0	405	-40	7761	-47	6230	-34	8000	-29	2420	12.683	-5.51
161.8	NaN	527	NaN	558	0	-47	356	6	6	0	403	-40	7792	-59	6348	-35	7762	0	1787	11.949	-6.276
161.9	NaN	578	NaN	644	0	-30	363	45	43	0	404	39	8074	18	6842	87	8343	36	5358	11.792	-0.423
162	NaN	563	NaN	717	0	-42	357	38	28	0	406	15	7426	5	6961	36	7513	11	6999	11.909	0.572
162.1	NaN	566	NaN	645	0	-29	363	38	37	0	405	23	7795	10	6694	53	7874	24	8334	11.701	1.55
162.2	NaN	592	NaN	579	0	-46	362	31	23	0	405	3	7371	1	6599	6	7401	2	6735	11.711	-1.414
162.3	NaN	567	NaN	601	0	-40	362	49	50	0	405	12	7596	4	6601	29	7560	9	6668	11.41	-1.867
162.4	NaN	565	NaN	686	0	-43	359	47	35	0	405	38	7654	11	6875	83	7584	26	6809	11.688	4.447
162.5	NaN	584	NaN	651	0	-34	357	49	45	0	405	44	7726	16	6845	101	7844	38	7292	11.835	2.42
162.6	NaN	550	NaN	656	0	-32	357	39	28	0	406	17	7696	8	7004	38	7753	17	7136	12.099	0.628
162.7	NaN	579	NaN	559	0	-51	359	32	28	0	405	6	7713	2	6818	15	7724	4	6852	11.99	-1.212
162.8	NaN	576	NaN	543	0	-50	361	33	32	0	405	11	7768	3	6660	27	7766	6	6708	11.819	-0.721
162.9	NaN	562	NaN	610	0	-52	361	38	35	0	406	18	7673	3	6625	43	7734	8	6666	11.764	-0.213
163	NaN	578	NaN	621	0	-32	357	54	52	0	407	58	8027	24	6909	130	8282	55	7620	11.994	5.991
163.1	NaN	584	NaN	585	0	-5	356	56	46	0	408	39	7795	36	7627	88	7949	82	7709	12.49	6.221
163.2	NaN	557	NaN	566	0	26	359	53	39	0	408	21	7582	39	8240	46	7636	86	8230	12.879	2.927
163.3	NaN	588	NaN	639	0	42	361	38	24	0	408	8	7521	18	8444	13	7540	44	8508	13.052	-0.267
163.4	NaN	590	NaN	574	0	48	363	33	20	0	408	0	7167	1	8219	1	7223	3	8300	12.855	-3.929
163.5	NaN	597	NaN	563	0	47	360	34	23	0	407	0	6941	2	8104	1	7023	5	8269	12.528	-1.387
163.6	NaN	563	NaN	647	0	48	363	59	49	0	406	4	6865	15	7992	9	6963	34	8129	12.293	-2.087
163.7	NaN	534	NaN	562	0	43	362	61	53	0	408	20	8025	64	8402	44	7380	148	8522	12.5	5.738
163.8	NaN	555	NaN	555	0	30	361	77	69	0	410	25	8575	57	8375	55	7909	127	8654	12.84	4.959
163.9	NaN	546	NaN	565	0	-8	360	92	90	0	407	44	8422	37	8260	97	8266	80	8503	13.333	6.691
164	NaN	555	NaN	578	0	-23	362	100	100	0	407	50	8711	29	8309	108	8814	64	8475	13.812	3.892
164.1	NaN	571	NaN	591	0	-26	363	100	100	0	405	50	9078	27	8547	108	9125	59	8776	14.202	4.008
164.2	NaN	576	NaN	590	0	-26	362	100	100	0	406	49	9414	26	8874	108	9410	55	8907	14.631	5.467
164.3	NaN	571	NaN	588	0	-26	361	100	100	0	404	48	9619	26	9031	102	9742	55	9253	15.007	4.103
164.4	NaN	596	NaN	582	0	-26	359	100	100	0	405	47	9789	26	9400	99	9921	56	9391	15.366	4.454
164.5	NaN	559	NaN	588	0	-22	359	100	100	0	405	45	9950	27	9452	93	10108	55	9696	15.735	3.183
164.6	NaN	556	NaN	571	0	-15	360	100	100	0	406	42	10130	29	9715	86	10207	61	9901	16.102	4.425
164.7	NaN	568	NaN	583	0	-13	358	100	100	0	405	40	10331	29	10059	81	10420	59	10142	16.477	4.019
164.8	NaN	584	NaN	568	0	-7	357	100	100	0	407	38	10394	32	10358	74	10525	64	10454	16.831	3.723
164.9	NaN	553	NaN	560	0	-2	356	100	100	0	406	35	10547	34	10583	69	10619	68	10750	17.213	4.593
165	NaN	549	NaN	567	1	1	364	100	100	0	408	29	10688	30	10928	58	10811	59	10984	17.53	2.233
165.1	NaN	549	NaN	595	1	-1	361	100	100	0	406	27	10817	26	10995	53	10866	51	11088	17.803	2.318
165.2	NaN	572	NaN	615	1	-0	360	100	100	0	406	21	10962	20	11083	41	11049	40	11211	17.994	2.276
165.3	NaN	565	NaN	608	1	-2	359	100	100	0	407	20	11016	19	11249	39	11108	37	11282	18.12	1.072
165.4	NaN	562	NaN	618	1	-2	363	100	100	0	406	16	11129	16	11196	32	11172	30	11311	18.238	1.407
165.5	NaN	549	NaN	619	1	-3	363	100	100	0	408	15	11132	14	11361	28	11229	28	11367	18.314	-0.753
165.6	NaN	556	NaN	620	1	-1	358	100	100	0	407	15	11210	14	11303	28	11244	26	11404	18.39	1.247
165.7	NaN	564	NaN	672	1	-4	359	100	100	0	406	11	11227	10	11454	19	11297	18	11416	18.421	-1.434
165.8	NaN	547	NaN	640	1	-3	361	100	100	0	406	13	11243	11	11369	24	11246	23	11411	18.481	-0.145
165.9	NaN	556	NaN	649	1	-1	362	100	100	0	406	10	11264	11	11392	19	11341	19	11470	18.519	1.185
166	NaN	567	NaN	633	1	-4	356	100	100	0	406	11	11270	10	11431	21	11274	20	11448	18.505	-0.326
166.1	NaN	557	NaN	646	1	-3	358	100	100	0	407	10	11330	9	11428	19	11347	17	11441	18.551	0.768
166.2	NaN	554	NaN	629	1	-1	360	100	100	0	407	10	11264	9	11443	20	11338	19	11484	18.527	-0.275
166.3	NaN	558	NaN	694	1	-2	358	100	100	0	406	10	11324	10	11425	19	11341	18	11496	18.555	0.976
166.4	NaN	550	NaN	639	1	-0	362	100	100	0	405	10	11267	10	11505	19	11333	20	11519	18.56	-1.063
166.5	NaN	555	NaN	660	1	-2	357	100	100	0	407	11	11282	10	11432	20	11332	20	11523	18.583	1.556
166.6	NaN	561	NaN	640	1	-2	362	100	100	0	406	8	11289	8	11515	16	11349	16	11497	18.581	-1.541
166.7	NaN	551	NaN	648	1	-3	360	100	100	0	404	10	11318	10	11441	20	11345	18	11497	18.59	0.383
166.8	NaN	555	NaN	642	1	-4	364	100	100	0	407	8	11329	7	11515	16	11390	15	11473	18.59	-0.266
166.9	NaN	550	NaN	650	1	-4	363	100	100	0	407	10	11332	9	11417	19	11357	19	11498	18.583	0.076
167	NaN	565	NaN	643	1	-1	362	100	100	0	409	8	11354	7	11494	14	11404	13	11469	18.6	0.299
167.1	NaN	550	NaN	622	1	-2	361	100	100	0	405	9	11326	8	11411	17	11349	17	11498	18.579	0.416
167.2	NaN	559	NaN	669	1	-3	357	100	100	0	405	9	11364	8	11511	15	11381	16	11495	18.602	0.719
167.3	NaN	557	NaN	635	1	-2	357	100	100	0	407	8	11306	9	11480	18	11300	18	11556	18.576	-0.243
167.4	NaN	564	NaN	656	1	1	362	100	100	0	409	10	11313	10	11564	17	11377	18	11551	18.612	0.882
167.5	NaN	559	NaN	640	1	-2	363	100	100	0	406	8	11283	8	11500	17	11323	16	11566	18.608	-0.631
167.6	NaN	556	NaN	663	1	-1	357	100	100	0	407	10	11289	10	11595	20	11386	19	11580	18.627	1.158
167.7	NaN	563	NaN	640	1	0	362	100	100	0	406	8	11346	7	11475	14	11350	13	11527	18.623	-1.11
167.8	NaN	558	NaN	680	1	-2	360	100	100	0	406	9	11330	8	11582	18	11368	17	11554	18.621	-0.265
167.9	NaN	582	NaN	576	1	-9	358	100	100	0	407	6	11410	5	11364	10	11450	9	11428	18.6	-1.005
168	NaN	565	NaN	717	0	-11	362	100	100	0	406	11	11449	8	11392	20	11510	17	11394	18.569	0.224
168.1	NaN	556	NaN	645	0	-12	357	100	100	0	405	9	11553	8	11255	20	11566	14	11270	18.587	-0.895
168.2	NaN	550	NaN	661	0	-14	360	100	100	0	406	14	11552	10	11291	27	11581	21	11369	18.586	0.461
168.3	NaN	558	NaN	644	0	-10	361	100	100	0	405	9	11488	7	11298	16	11590	11	11326	18.591	-1.618
168.4	NaN	547	NaN	669	0	-9	357	100	100	0	406	12	11474	10	11266	24	11557	19	11374	18.568	1.535
168.5	NaN	564	NaN	652	0	-11	364	100	100	0	407	8	11469	7	11378	14	11483	11	11335	18.611	-1.219
168.6	NaN	559	NaN	647	0	-8	359	100	100	0	405	9	11398	7	11306	18	11473	15	11381	18.561	0.663
168.7	NaN	564	NaN	646	0	-6	358	100	100	0	407	8	11440	6	11393	14	11448	12	11370	18.552	-0.233
168.8	NaN	545	NaN	626	1	-8	358	100	100	0	405	10	11372	8	11288	19	11385	16	11403	18.515	-1.175
168.9	NaN	554	NaN	652	1	-5	363	100	100	0	407	9	11415	8	11376	17	11430	15	11383	18.504	0.687
169	NaN	565	NaN	616	1	-7	357	100	100	0	405	9	11289	8	11309	17	11319	15	11373	18.462	-0.84
169.1	NaN	545	NaN	645	1	-6	358	100	100	0	404	10	11324	9	11395	19	11383	18	11395	18.482	0.769
169.2	NaN	550	NaN	631	1	-2	357	100	100	0	405	10	11272	9	11358	18	11297	16	11429	18.462	-0.497
169.3	NaN	547	NaN	633	1	-4	362	100	100	0	407	11	11324	10	11390	19	11348	19	11452	18.475	0.47
169.4	NaN	550	NaN	646	1	-1	363	100	100	0	406	8	11266	8	11386	15	11314	15	11404	18.494	-0.803
169.5	NaN	549	NaN	636	1	-2	360	100	94	0	405	10	11283	11	11421	21	11338	19	11491	18.521	0.728
169.6	NaN	555	NaN	636	1	-2	363	71	62	0	407	8	11284	8	11447	15	11348	15	11477	18.539	-0.454
169.7	NaN	573	NaN	646	0	-1	361	0	0	0	405	-13	11131	-13	11293	-9	11104	-10	11272	18.434	-2.733
169.8	NaN	544	NaN	669	0	-1	360	0	0	0	403	-33	10923	-34	11120	-25	10964	-25	11071	18.116	-4.08
169.9	NaN	539	NaN	661	0	-0	363	0	0	0	404	-50	10575	-49	10757	-38	10492	-37	10659	17.605	-6.385
170	NaN	525	NaN	673	0	-0	363	0	0	0	404	-51	10166	-51	10517	-39	10103	-39	10337	17.038	-4.804
170.1	NaN	528	NaN	669	0	0	360	0	0	0	405	-53	9890	-52	10066	-41	9699	-41	10020	16.491	-5.536
170.2	NaN	537	NaN	667	0	1	360	0	0	0	403	-54	9469	-54	9668	-43	9396	-43	9673	15.873	-7.063
170.3	NaN	524	NaN	672	0	0	360	0	0	0	405	-56	9107	-55	9402	-45	9118	-45	9202	15.115	-5.93
170.4	NaN	526	NaN	663	0	0	357	0	0	0	404	-55	8595	-55	8956	-45	8677	-45	8918	14.552	-5.447
170.5	NaN	528	NaN	659	0	10	361	0	0	0	404	-57	8108	-53	8637	-47	8174	-44	8494	13.91	-6.092
170.6	NaN	544	NaN	652	0	36	364	13	2	0	404	-45	8134	-45	8381	-49	7120	-33	8188	13.291	-5.875
170.7	NaN	546	NaN	693	0	32	362	7	0	0	405	-44	6874	-32	8436	-39	3308	-29	8630	12.678	-8.27
170.8	NaN	541	NaN	668	0	29	360	3	0	0	406	-12	5384	-42	7755	-51	5640	-37	7669	12.141	-4.985
170.9	NaN	525	NaN	696	0	17	364	3	0	0	407	-53	6270	-45	7567	-11	1773	-40	7297	11.451	-5.359
171	NaN	547	NaN	680	0	8	361	12	4	0	405	-35	5902	-33	7115	-32	2989	-29	6963	10.805	-5.452
171.1	NaN	544	NaN	699	0	6	359	11	3	0	404	-33	5566	-31	6790	-31	2339	-29	6626	10.234	-4.347
171.2	NaN	580	NaN	634	0	19	363	36	27	0	406	1	5246	1	6512	3	4040	4	6491	9.692	-1.599
171.3	NaN	573	NaN	662	0	39	361	40	27	0	407	7	5604	20	6370	16	5787	46	6536	9.618	0.422
171.4	NaN	589	NaN	727	0	49	362	41	27	0	407	4	5398	20	6258	11	5680	46	6439	9.524	-0.803
171.5	NaN	601	NaN	709	0	46	357	36	23	0	406	2	5310	10	6186	5	5409	24	6253	9.419	-2.057
171.6	NaN	592	NaN	583	0	51	362	25	13	0	407	0	5208	0	6157	-1	5254	0	6154	9.294	-1.512
171.7	NaN	576	NaN	639	0	50	358	39	29	0	406	3	5149	19	6246	9	5133	45	6220	9.124	-0.69
171.8	NaN	569	NaN	647	0	55	363	39	30	0	405	3	5090	22	6233	8	5133	51	6274	9.196	1.068
171.9	NaN	567	NaN	667.6470588	0	50	358	44	35	0	405	6	5175	31	6273	16	5171	74	6358	9.221	1.074
172	NaN	582	NaN	667.7941176	0	51	359	43	31	0	407	6	5275	27	6311	15	5330	64	6416	9.448	0.971
172.1	NaN	571	NaN	667.9411765	0	49	358	43	33	0	408	6	5303	29	6503	15	5472	68	6550	9.487	-0.473
172.2	NaN	579	NaN	668.0882353	0	54	360	43	33	0	409	5	5354	31	6558	13	5397	73	6621	9.637	1.822
172.3	NaN	581	NaN	668.2352941	0	53	361	49	39	0	407	8	5498	43	6752	21	5515	103	6752	9.755	2.263
172.4	NaN	536	NaN	668.3823529	0	52	363	83	74	0	406	18	5813	61	6921	43	5847	174	7089	10.052	5.14
172.5	NaN	535	NaN	668.5294118	0	50	358	100	100	0	407	18	6231	62	7138	41	6094	174	7237	10.478	4.383
172.6	NaN	572	NaN	668.6764706	0	41	359	100	100	0	407	22	6374	66	7390	50	6387	174	7573	10.936	4.217
172.7	NaN	525	NaN	668.8235294	0	37	359	100	100	0	408	25	7874	65	7645	56	6722	145	7740	11.419	5.095
172.8	NaN	534	NaN	668.9705882	0	33	361	100	100	0	406	26	7057	63	7840	59	7131	142	7989	11.918	3.546
172.9	NaN	542	NaN	669.1176471	0	27	365	100	100	0	407	29	7663	57	8121	67	7450	131	8218	12.407	5.004
173	NaN	533	NaN	669.2647059	0	25	363	100	100	0	407	30	7692	54	8352	67	7754	118	8548	12.855	4.344
173.1	NaN	533	NaN	669.4117647	0	24	360	100	100	0	407	30	8479	53	8602	65	8046	115	8735	13.316	5.205
173.2	NaN	539	NaN	669.5588235	0	23	359	100	100	0	407	29	8235	51	8921	63	8302	111	8980	13.736	3.886
173.3	NaN	540	NaN	669.7058824	0	24	363	100	100	0	407	28	8637	50	9142	61	8496	108	9274	14.115	3.79
173.4	NaN	552	NaN	669.8529412	0	17	363	100	100	0	406	30	8639	45	9366	65	8751	100	9473	14.458	3.008
173.5	NaN	540	NaN	652	0	14	358	21	10	0	406	2	9555	8	9153	11	8733	19	9257	14.884	2.57
173.6	NaN	556	NaN	674	0	1	359	0	0	0	408	-21	8718	-20	9002	-17	8655	-16	8951	14.52	-4.499
173.7	NaN	533	NaN	678	0	-10	356	0	0	0	403	-38	8535	-41	8439	-31	8596	-34	8542	14.127	-4.553
173.8	NaN	523	NaN	667	0	-21	358	0	0	0	403	-49	8337	-59	7927	-41	8282	-50	7415	13.465	-6.865
173.9	NaN	523	NaN	664	0	-36	358	0	0	0	405	-44	7982	-63	7014	-38	8047	-54	6621	12.741	-6.422
174	NaN	534	NaN	845	0	-50	359	0	0	0	402	-41	7834	-66	6382	-35	7781	-14	1823	11.995	-6.971
174.1	NaN	530	NaN	758	0	-51	362	0	0	0	403	-39	7209	-55	5914	-35	7311	-38	2731	11.297	-6.657
174.2	NaN	525	NaN	568	0	-54	360	0	0	0	403	-39	6897	-64	5705	-34	6856	-0	1697	10.597	-8.281
174.3	NaN	581	NaN	599	0	-53	363	26	22	0	404	0	6657	-1	5375	0	6691	-1	2200	10.003	-2.453
174.4	NaN	565	NaN	710	0	-50	363	45	42	0	405	41	6789	9	5530	94	6892	21	5771	9.921	2.525
174.5	NaN	568	NaN	652	0	-44	356	46	42	0	405	41	6799	11	5714	97	6944	26	5942	10.079	2.21
174.6	NaN	571	NaN	701	0	-46	358	46	41	0	404	41	6865	10	5919	96	6964	24	6047	10.328	1.765
174.7	NaN	554	NaN	654	0	-44	361	43	39	0	404	35	7013	10	6009	81	7072	23	6145	10.496	2.192
174.8	NaN	542	NaN	646	0	-46	362	42	36	0	407	32	7096	8	6077	74	7141	19	6262	10.679	0.787
174.9	NaN	548	NaN	693	0	-49	362	42	36	0	405	32	7229	8	6173	74	7254	17	6199	10.845	2.578
175	NaN	544	NaN	718	0	-47	360	42	39	0	405	34	7338	8	6261	78	7410	20	6499	10.951	-0.387
175.1	NaN	545	NaN	727	0	-47	361	35	31	0	405	19	7405	5	6348	44	7383	10	6303	11.074	0.431
175.2	NaN	574	NaN	668	0	-34	357	36	31	0	404	25	7418	10	6384	58	7692	23	6663	11.057	1.732
175.3	NaN	591	NaN	578	0	-26	357	32	27	0	406	0	6938	0	6390	1	6930	1	6415	11.113	0.119
175.4	NaN	556	NaN	672	0	1	358	38	26	0	404	10	6876	10	6756	25	6959	23	6818	11.154	1.318
175.5	NaN	583	NaN	658	0	26	362	39	28	0	408	7	6489	14	7052	15	6546	31	7089	11.157	-1.457
175.6	NaN	591	NaN	596	0	39	361	45	34	0	409	11	6505	30	7345	25	6542	69	7399	11.22	1.457
175.7	NaN	578	NaN	623	0	59	363	42	28	0	408	4	6410	25	7315	9	6469	56	7380	11.354	-0.674
175.8	NaN	583	NaN	612	0	57	363	45	34	0	409	6	6289	35	7606	13	6410	79	7667	11.264	0.678
175.9	NaN	589	NaN	636	0	58	363	41	27	0	409	3	6238	22	7391	8	6382	52	7520	11.355	-0.048
176	NaN	588	NaN	612	0	54	358	32	18	0	409	2	6146	8	7368	4	6283	16	7388	11.18	-1.204
176.1	NaN	583	NaN	576	0	55	362	28	19	0	408	0	5984	0	7118	0	6012	0	7157	10.883	-3.537
176.2	NaN	559	NaN	682	0	55	359	35	26	0	406	2	5837	9	6965	4	5914	21	7058	10.561	-1.315
176.3	NaN	570	NaN	579	0	57	360	44	35	0	404	6	5829	35	6997	13	6324	81	7079	10.566	0.461
176.4	NaN	563	NaN	580	0	56	363	44	36	0	408	6	5786	36	7120	14	7241	84	7310	10.538	0.235
176.5	NaN	560	NaN	564	0	55	357	49	40	0	406	7	5884	44	7109	18	6093	100	7312	10.607	1.177
176.6	NaN	543	NaN	572	0	54	363	58	50	0	406	12	6072	64	7365	28	6182	148	7538	10.761	2.439
176.7	NaN	523	NaN	593	0	44	362	81	72	0	407	20	6609	72	7568	48	6531	160	7760	11.126	4.302
176.8	NaN	531	NaN	563	0	34	361	100	99	0	407	26	7223	63	7723	60	6978	144	7903	11.53	4.375
176.9	NaN	527	NaN	569	0	35	362	100	100	0	408	25	7369	65	7957	56	7222	145	8092	11.995	4.745
177	NaN	526	NaN	563	0	33	358	100	100	0	408	25	7727	61	8192	57	7501	136	8339	12.443	4.909
177.1	NaN	541	NaN	544	0	23	359	100	100	0	408	28	7791	55	8429	63	7808	123	8612	12.857	4.299
177.2	NaN	542	NaN	556	0	17	359	100	100	0	408	32	8113	50	8621	71	8122	110	8755	13.309	4.865
177.3	NaN	549	NaN	551	0	9	357	100	100	0	407	36	8397	44	8822	79	8446	97	8928	13.779	5.254
177.4	NaN	579	NaN	576	0	-8	363	100	100	0	406	41	8922	37	8930	90	8850	80	8989	14.232	4.816
177.5	NaN	555	NaN	578	0	-21	358	100	100	0	409	48	9242	29	8953	102	9250	61	9093	14.632	3.632
177.6	NaN	560	NaN	593	0	-30	358	100	100	0	406	50	9637	24	9026	107	9670	51	9199	14.93	3.182
177.7	NaN	584	NaN	609	0	-36	356	100	100	0	405	53	9832	22	9110	109	9958	46	9291	15.246	3.926
177.8	NaN	555	NaN	603	0	-36	357	100	100	0	404	50	10074	22	9280	102	10131	44	9451	15.507	3.128
177.9	NaN	571	NaN	595	0	-36	357	100	98	0	404	50	10205	21	9463	104	10274	44	9571	15.741	3.117
178	NaN	578	NaN	594	0	-36	357	100	100	0	402	49	10264	22	9645	101	10433	44	9913	15.955	2.147
178.1	NaN	573	NaN	612	0	-31	357	100	100	0	406	47	10429	23	9797	96	10540	46	9892	16.175	2.511
178.2	NaN	548	NaN	594	0	-26	360	100	100	0	405	45	10483	25	9912	91	10544	50	10188	16.416	3.094
178.3	NaN	612	NaN	573	0	-9	362	100	100	0	405	39	10462	30	10505	78	10639	59	10255	16.7	5.336
178.4	NaN	572	NaN	590	0	0	358	100	100	0	405	34	10490	35	10567	69	10632	70	10632	17.01	3.089
178.5	NaN	567	NaN	563	0	13	358	100	100	0	408	30	10461	39	10833	60	10539	76	10991	17.286	2.701
178.6	NaN	575	NaN	557	0	28	358	100	100	0	405	24	10646	44	11243	48	10650	85	11297	17.505	1.812
178.7	NaN	547	NaN	563	0	27	357	100	100	0	407	22	10729	40	11304	41	10640	79	11468	17.684	0.833
178.8	NaN	544	NaN	555	0	27	359	100	100	0	409	23	10916	41	11463	44	10735	81	11570	17.772	0.95
178.9	NaN	599	NaN	565	0	26	361	100	100	0	407	18	10792	32	11376	35	10894	61	11531	17.853	0.869
179	NaN	548	NaN	565	0	28	360	100	100	0	409	20	10942	35	11446	39	10743	69	11588	17.916	0.745
179.1	NaN	581	NaN	567	0	26	359	100	100	0	405	18	10856	32	11432	35	10875	60	11584	17.94	0.493
179.2	NaN	558	NaN	571	0	20	359	100	100	0	403	19	10838	29	11448	38	10859	56	11601	17.995	1.332
179.3	NaN	556	NaN	619	0	-6	363	100	100	0	407	21	11005	19	11288	40	11062	36	11324	18.113	-0.155
179.4	NaN	544	NaN	612	0	-15	360	100	100	0	405	24	11285	18	10989	47	11392	35	11127	18.157	2.073
179.5	NaN	543	NaN	621	0	-26	357	100	100	0	407	25	11423	15	10986	48	11480	28	11129	18.202	1.976
179.6	NaN	561	NaN	609	0	-23	355	100	100	0	404	29	11490	17	10925	54	11649	33	11113	18.218	1.639
179.7	NaN	552	NaN	658	0	-22	360	100	100	0	404	25	11542	15	11048	46	11543	29	11227	18.259	0.821
179.8	NaN	554	NaN	625	0	-21	357	100	100	0	405	22	11492	14	10994	41	11590	28	11103	18.279	-0.022
179.9	NaN	570	NaN	613	0	-21	362	100	100	0	406	25	11533	16	11020	50	11572	33	11196	18.296	0.345
180	NaN	547	NaN	625	0	-19	361	100	100	0	405	18	11446	13	11089	36	11589	25	11136	18.296	0.496
180.1	NaN	550	NaN	615	0	-14	359	100	100	0	404	21	11494	16	11041	41	11478	32	11226	18.331	0.894
180.2	NaN	538	NaN	680	0	-8	360	100	100	0	406	13	11295	12	11258	26	11399	22	11262	18.355	-0.177
180.3	NaN	549	NaN	649	0	-2	360	100	100	0	406	13	11235	13	11222	25	11236	25	11325	18.343	0.101
180.4	NaN	552	NaN	620	1	0	358	100	100	0	406	16	11114	15	11468	31	11227	30	11431	18.34	-0.511
180.5	NaN	544	NaN	650	1	4	361	100	100	0	405	15	11153	16	11396	28	11155	30	11461	18.356	-0.243
180.6	NaN	568	NaN	627	1	1	360	100	100	0	408	13	11142	14	11471	26	11232	28	11476	18.379	0.357
180.7	NaN	551	NaN	621	1	-2	358	100	100	0	406	14	11199	13	11324	25	11269	27	11411	18.375	-0.036
180.8	NaN	541	NaN	627	1	0	361	100	100	0	405	12	11200	12	11400	24	11248	24	11429	18.399	1.34
180.9	NaN	539	NaN	637	1	-2	356	100	100	0	404	13	11230	14	11381	26	11287	26	11436	18.416	-0.611
181	NaN	543	NaN	641	1	-2	357	100	100	0	407	11	11259	11	11399	21	11243	21	11456	18.428	0.302
181.1	NaN	552	NaN	627	1	1	361	100	100	0	404	12	11251	13	11423	24	11321	24	11451	18.457	-0.321
181.2	NaN	546	NaN	665	1	-1	360	100	100	0	409	11	11295	11	11382	20	11259	20	11488	18.476	0.535
181.3	NaN	540	NaN	631	1	-0	361	100	100	0	406	11	11233	12	11459	22	11347	22	11472	18.488	-0.12
181.4	NaN	533	NaN	656	1	0	363	100	100	0	409	11	11328	10	11376	19	11266	19	11476	18.496	-0.534
181.5	NaN	543	NaN	639	1	1	364	100	100	0	405	10	11243	10	11485	19	11337	19	11456	18.504	0.643
181.6	NaN	548	NaN	646	1	0	361	100	100	0	405	11	11310	10	11389	18	11318	19	11486	18.498	0.436
181.7	NaN	542	NaN	629	1	-2	360	100	100	0	408	10	11261	9	11494	19	11331	19	11479	18.486	-0.362
181.8	NaN	538	NaN	660	1	0	363	100	100	0	407	10	11272	11	11332	19	11333	19	11444	18.496	-0.704
181.9	NaN	539	NaN	648	1	1	364	100	100	0	407	10	11274	10	11516	20	11290	19	11459	18.52	-0.622
182	NaN	549	NaN	654	1	-2	357	100	100	0	406	11	11286	11	11434	22	11357	20	11489	18.507	-0.739
182.1	NaN	543	NaN	648	1	-2	361	100	100	0	406	10	11314	10	11508	20	11309	19	11487	18.509	0.404
182.2	NaN	545	NaN	643	1	-1	362	100	100	0	406	11	11274	10	11403	20	11366	19	11413	18.499	-0.876
182.3	NaN	539	NaN	642	1	-2	360	100	100	0	407	10	11325	10	11488	18	11290	19	11461	18.49	0.326
182.4	NaN	546	NaN	660	0	0	357	35	26	0	406	11	11285	10	11421	20	11349	21	11433	18.5	-0.683
182.5	NaN	553	NaN	656	0	2	363	0	0	0	407	-19	11041	-18	11176	-14	11028	-13	11242	18.285	-1.044
182.6	NaN	535	NaN	702	0	3	361	0	0	0	406	-39	10807	-38	11141	-29	10603	-28	11002	17.866	-6.266
182.7	NaN	524	NaN	688	0	4	362	0	0	0	405	-51	10298	-49	10585	-39	10388	-37	10619	17.342	-5.78
182.8	NaN	527	NaN	674	0	1	361	0	0	0	406	-52	10003	-50	10442	-42	9912	-39	10326	16.717	-6.212
182.9	NaN	524	NaN	665	0	-2	361	0	0	0	406	-53	9652	-54	9863	-42	9672	-43	9891	16.106	-4.999
183	NaN	517	NaN	695	0	0	363	0	0	0	403	-55	9249	-56	9421	-45	9172	-44	9211	15.508	-6.278
183.1	NaN	521	NaN	663	0	7	362	0	0	0	404	-57	8656	-53	9181	-46	8770	-44	9035	14.859	-7.639
183.2	NaN	525	NaN	665	0	8	362	0	0	0	403	-57	8264	-53	8892	-47	7925	-44	8840	14.163	-6.897
183.3	NaN	527	NaN	689	0	8	363	0	0	0	406	-57	7859	-52	8437	-49	7904	-44	8349	13.544	-6.521
183.4	NaN	571	NaN	583	0	20	364	21	13	0	403	-12	7667	-11	8361	-11	7690	-9	8361	12.933	-4.944
183.5	NaN	561	NaN	652	0	30	362	36	28	0	408	6	7497	11	8252	12	7606	29	8401	12.873	2.882
183.6	NaN	607	NaN	635	0	45	357	42	34	0	407	8	7483	29	8343	18	7747	64	8485	12.901	-1.385
183.7	NaN	564	NaN	641	0	47	363	43	33	0	405	8	7408	29	8483	18	7521	64	8606	12.874	0.044
183.8	NaN	613	NaN	629	0	47	359	43	34	0	407	8	7389	29	8512	19	7764	65	8674	12.875	0.803
183.9	NaN	622	NaN	636	0	45	362	43	34	0	409	8	7420	29	8427	19	7594	65	8653	12.909	0.821
184	NaN	537	NaN	652.9666667	0	38	359	54	45	0	407	18	7572	51	8607	39	7993	116	8876	12.995	3.629
184.1	NaN	545	NaN	650.9333333	0	12	359	61	53	0	408	34	9212	46	8674	76	8200	99	8880	13.425	5.252
184.2	NaN	553	NaN	648.9	0	16	359	63	54	0	407	31	8488	48	8920	68	8689	103	9068	13.805	4.783
184.3	NaN	544	NaN	646.8666667	0	63	359	56	45	0	406	10	9021	65	9364	21	8457	139	9228	14.292	2.371
184.4	NaN	528	NaN	644.8333333	0	43	363	70	57	0	407	19	8474	56	9727	39	10173	117	9825	14.342	5.248
184.5	NaN	535	NaN	642.8	0	41	364	65	58	0	405	20	9684	57	9520	42	9032	119	9804	14.71	0.285
184.6	NaN	535	NaN	640.7666667	0	28	362	65	54	0	409	25	8970	49	9789	53	9933	101	9976	14.904	1.263
184.7	NaN	535	NaN	638.7333333	0	24	363	65	55	0	407	27	10423	47	9824	55	9302	98	9960	15.175	2.428
184.8	NaN	550	NaN	636.7	0	21	359	64	51	0	407	26	10680	44	9855	56	9715	92	9981	15.494	3.172
184.9	NaN	565	NaN	634.6666667	0	12	362	64	52	0	406	32	9598	42	9986	64	9616	86	10147	15.852	3.063
185	NaN	549	NaN	632.6333333	0	9	358	73	65	0	407	32	9850	39	10311	65	9912	80	10398	16.202	3.437
185.1	NaN	548	NaN	630.6	0	-3	361	70	60	0	407	36	10112	34	10406	73	10304	69	10472	16.565	3.937
185.2	NaN	536	NaN	628.5666667	0	-16	361	54	46	0	406	40	10559	29	10310	81	10568	58	10466	16.919	2.873
185.3	NaN	553	NaN	626.5333333	0	-22	355	50	42	0	404	40	10854	25	10449	80	10962	50	10558	17.179	2.557
185.4	NaN	573	NaN	615	0	-30	360	51	43	0	406	43	11079	22	10583	84	11160	43	10724	17.435	1.744
185.5	NaN	598	NaN	608	0	-31	360	69	67	0	405	44	11228	23	10575	84	11328	45	10745	17.631	2.557
185.6	NaN	551	NaN	594	0	-25	363	100	100	0	405	38	11319	22	10832	74	11445	43	10850	17.808	2.986
185.7	NaN	551	NaN	629	0	0	357	100	100	0	405	21	11093	20	10902	40	11210	39	11031	18.002	1.877
185.8	NaN	550	NaN	570	0	13	363	100	100	0	407	22	10861	28	11450	43	10978	54	11514	18.109	1.715
185.9	NaN	559	NaN	599	0	13	362	100	100	0	409	18	11008	23	11482	35	10972	45	11616	18.247	1.252
186	NaN	551	NaN	597	0	6	361	100	100	0	408	18	11012	22	11508	34	11106	40	11602	18.378	0.89
186.1	NaN	577	NaN	621	0	-3	361	100	100	0	406	15	11233	13	11379	28	11283	27	11458	18.395	-0.587
186.2	NaN	547	NaN	635	0	-3	357	100	100	0	405	11	11244	12	11273	23	11296	22	11338	18.408	-0.167
186.3	NaN	547	NaN	612	1	2	365	100	100	0	408	14	11166	15	11406	27	11301	29	11430	18.417	1.072
186.4	NaN	541	NaN	633	1	2	363	100	100	0	406	12	11189	12	11363	23	11230	23	11458	18.422	-0.124
186.5	NaN	583	NaN	621	1	-4	360	100	100	0	406	13	11238	12	11428	25	11332	23	11444	18.457	-0.165
186.6	NaN	538	NaN	628	1	-5	363	100	100	0	407	10	11401	9	11281	18	11331	17	11337	18.435	-0.001
186.7	NaN	539	NaN	644	1	-5	363	100	100	0	404	12	11274	11	11286	24	11457	22	11368	18.369	2.387
186.8	NaN	545	NaN	613	1	-6	362	100	100	0	405	12	11393	10	11232	21	11289	20	11362	18.45	-1.924
186.9	NaN	544	NaN	637	1	-3	359	100	100	0	405	11	11296	11	11355	21	11450	18	11360	18.403	0.674
187	NaN	550	NaN	628	1	-3	357	100	100	0	406	12	11275	12	11337	23	11271	21	11366	18.403	-0.383
187.1	NaN	548	NaN	635	1	2	358	100	100	0	404	11	11230	11	11298	20	11278	22	11395	18.5	0.783
187.2	NaN	549	NaN	640	1	-0	362	100	100	0	404	11	11255	11	11418	22	11315	21	11449	18.446	0.015
187.3	NaN	561	NaN	631	1	-1	362	100	100	0	405	10	11300	11	11331	21	11304	20	11401	18.484	-0.226
187.4	NaN	567	NaN	567	0	1	364	0	0	0	404	-8	11113	-8	11381	-8	11168	-8	11380	18.468	-3.283
187.5	NaN	537	NaN	648	0	2	362	0	0	0	404	-28	10936	-26	11096	-19	10858	-20	11152	18.129	-3.174
187.6	NaN	530	NaN	651	0	4	361	0	0	0	405	-48	10558	-46	10905	-35	10388	-35	10841	17.686	-4.987
187.7	NaN	520	NaN	646	0	4	363	0	0	0	404	-52	10162	-49	10446	-40	10102	-38	10460	17.087	-5.871
187.8	NaN	515	NaN	644	0	4	373	0	0	0	418	-53	9760	-51	10171	-42	9661	-40	10012	16.496	-6.186
187.9	NaN	514	NaN	644	0	0	531	0	0	0	568	-54	9238	-55	9718	-43	9298	-44	9543	15.724	-8.682
188	NaN	518	NaN	652	0	-3	562	0	0	0	552	-54	8933	-57	9083	-43	8773	-46	8865	14.889	-9.193
188.1	NaN	524	NaN	646	0	-16	424	0	0	0	430	-50	8610	-59	8426	-42	8615	-49	8302	14.124	-7.695
188.2	NaN	519	NaN	665	0	-27	362	0	0	0	398	-47	8501	-61	7767	-39	8450	-52	6431	13.434	-7.496
188.3	NaN	533	NaN	745	0	-44	366	10	11	0	402	-25	8186	-38	7119	-18	8258	-28	3132	12.809	-3.919
188.4	NaN	571	NaN	695	0	-48	363	17	18	0	403	-5	8060	-8	7055	-5	8073	-6	2286	12.462	-3.992
188.5	NaN	581	NaN	709	0	-40	360	18	18	0	403	-4	7929	-7	6914	-4	7864	-6	2507	12.153	-3.1
188.6	NaN	555	NaN	624	0	-7	364	37	29	0	404	7	7668	8	6991	25	7677	19	6379	11.84	-1.684
188.7	NaN	564	NaN	577	0	10	360	47	37	0	405	22	7290	28	7665	49	7353	62	7705	12.145	3.125
188.8	NaN	548	NaN	561	0	28	364	48	39	0	405	18	7288	35	8029	40	7341	81	8073	12.352	1.358
188.9	NaN	582	NaN	578	0	57	362	15	1	0	405	-6	6962	-4	7780	-5	7117	-4	7983	12.377	-2.384
189	NaN	580	NaN	576	0	56	361	25	14	0	404	-8	6508	-3	7917	-5	5703	-3	7873	11.915	-5.517
189.1	NaN	549	NaN	603	0	60	361	43	33	0	408	5	6526	32	7941	11	6675	74	8038	11.819	1.502
189.2	NaN	581	NaN	645.4285714	0	61	359	41	28	0	408	3	6469	26	7801	8	6664	59	7955	11.784	-0.614
189.3	NaN	572	NaN	646.8571429	0	61	361	34	21	0	405	1	6319	8	7564	2	6456	18	7726	11.584	-1.11
189.4	NaN	559	NaN	648.2857143	0	62	364	34	22	0	408	0	6144	6	7352	1	6261	14	7524	11.266	-3.264
189.5	NaN	580	NaN	649.7142857	0	63	364	61	51	0	406	2	5973	15	7277	4	6054	35	7435	10.979	-1.054
189.6	NaN	543	NaN	651.1428571	0	61	362	68	58	0	406	11	6273	62	7576	26	6400	162	7712	11.111	2.341
189.7	NaN	549	NaN	652.5714286	0	59	363	84	74	0	409	12	7078	64	7785	27	6693	172	7949	11.387	3.224
189.8	NaN	582	NaN	654	0	48	360	100	96	0	407	18	6794	71	7933	40	6992	166	8110	11.716	1.932
189.9	NaN	554	NaN	655.4285714	0	30	359	100	100	0	405	28	8137	59	8162	63	7361	135	8371	12.103	6.818
190	NaN	548	NaN	656.8571429	0	30	363	100	100	0	406	25	10035	57	8465	59	8014	126	8268	12.551	6.814
190.1	NaN	546	NaN	658.2857143	0	6	361	100	100	0	408	33	7692	42	8423	74	11016	94	8592	12.822	5.375
190.2	NaN	545	NaN	659.7142857	0	13	361	100	100	0	407	35	10137	46	8504	77	8241	100	8556	13.478	4.898
190.3	NaN	540	NaN	661.1428571	0	12	360	100	100	0	409	34	8402	44	8911	75	9400	94	9018	13.903	2.068
190.4	NaN	545	NaN	662.5714286	0	12	361	100	100	0	404	33	9119	44	9115	71	8817	96	9212	14.423	5.069
190.5	NaN	535	NaN	664	0	13	359	100	100	0	409	31	9152	44	9337	66	9588	91	9560	14.881	5.117
190.6	NaN	530	NaN	665.4285714	0	10	363	100	100	0	405	33	9601	41	9640	70	9369	85	9798	15.263	3.8
190.7	NaN	544	NaN	666.8571429	0	8	361	100	100	0	405	34	9600	40	9878	70	9678	82	9921	15.744	3.272
190.8	NaN	535	NaN	668.2857143	0	6	362	100	100	0	407	34	9778	37	10099	69	9908	79	10236	16.09	3.31
190.9	NaN	539	NaN	669.7142857	1	5	362	100	100	0	407	35	10049	37	10241	69	10109	74	10413	16.482	3.865
191	NaN	561	NaN	671.1428571	1	4	359	100	100	0	408	34	10283	36	10592	68	10374	74	10628	16.844	3.639
191.1	NaN	528	NaN	672.5714286	1	0	359	100	100	0	405	33	10591	36	10679	65	10590	69	10812	17.21	3.865
191.2	NaN	545	NaN	594	1	0	363	100	100	0	405	26	10738	26	10829	51	10778	53	10979	17.518	0.881
191.3	NaN	549	NaN	619	1	-2	360	100	100	0	407	23	10878	22	10983	46	10981	43	11023	17.75	1.165
191.4	NaN	551	NaN	614	1	-1	362	100	100	0	407	22	10973	22	10975	43	11106	42	11137	17.969	1.838
191.5	NaN	567	NaN	577	0	-3	359	0	0	0	407	-4	10981	-3	11144	-6	10912	-8	11019	18.082	-2.744
191.6	NaN	546	NaN	674	0	-1	361	0	0	0	405	-21	10791	-22	10896	-16	10755	-17	10800	17.858	-4.164
191.7	NaN	535	NaN	729	0	-2	358	0	0	0	405	-41	10581	-42	10623	-32	10520	-33	10585	17.403	-5.25
191.8	NaN	529	NaN	675	0	-1	357	0	0	0	404	-52	10176	-51	10232	-39	10113	-39	10210	16.868	-5.487
191.9	NaN	527	NaN	670	0	-2	386	0	0	0	418	-54	9808	-55	9851	-41	9797	-43	9463	16.272	-7.702
192	NaN	527	NaN	689	0	0	507	0	0	0	553	-56	9385	-55	9239	-44	9253	-44	9161	15.561	-9.134
192.1	NaN	529	NaN	691	0	2	546	0	0	0	527	-55	8846	-56	8830	-46	8776	-44	8768	14.778	-8.466
192.2	NaN	515	NaN	671	0	3	579	0	0	0	545	-56	8225	-54	8544	-45	8136	-45	8463	13.997	-8.475
192.3	NaN	529	NaN	674	0	4	585	7	0	0	555	-48	7878	-45	8054	-40	7682	-39	7868	13.167	-9.054
192.4	NaN	566	NaN	601	0	16	494	20	9	0	487	-14	7413	-12	7964	-12	7472	-10	7943	12.667	-3.64
192.5	NaN	554	NaN	722	0	32	449	13	1	0	464	-36	6601	-27	7742	-34	6906	-23	7710	12.178	-6.308
192.6	NaN	553	NaN	693	0	56	363	0	0	0	399	-23	5104	-30	7370	-48	4039	-26	7539	11.686	-5.069
192.7	NaN	546	NaN	706	0	64	365	0	0	0	403	-31	4861	-36	7045	-6	1172	-32	7146	11.023	-4.783
192.8	NaN	550	NaN	686	0	65	360	0	0	0	403	-32	4735	-36	6616	-43	2129	-32	6835	10.27	-5.608
192.9	NaN	554	NaN	716	0	66	361	0	0	0	403	-34	4654	-35	5991	0	1631	-32	6279	9.584	-5.893
193	NaN	567	NaN	636	0	65	361	36	24	0	406	1	4520	7	5940	1	1002	18	6134	8.884	-3.495
193.1	NaN	563	NaN	562	0	64	362	51	41	0	408	4	4453	52	6121	11	4481	128	6524	8.701	2.476
193.2	NaN	545	NaN	560	0	55	365	61	49	0	403	11	4689	43	6418	26	5190	125	7382	8.734	4.978
193.3	NaN	554	NaN	576	0	26	361	59	49	0	406	25	5489	53	6140	63	6060	127	6650	8.768	4.276
193.4	NaN	564	NaN	579	0	-20	361	62	52	0	408	55	5451	33	6044	133	7231	78	6639	9.106	6.596
193.5	NaN	559	NaN	624	0	-48	360	31	25	0	406	9	6330	3	5691	13	6361	6	5728	9.549	5.901
193.6	NaN	566	NaN	657	0	-63	360	38	33	0	404	26	6532	3	5343	62	6470	7	5212	9.503	-0.252
193.7	NaN	573	NaN	573	0	-68	360	38	34	0	403	28	6538	2	5138	66	6607	5	5184	9.436	0.747
193.8	NaN	585	NaN	569	0	-80	357	42	37	0	404	35	6514	-1	5076	84	6651	-1	5016	9.408	-0.472
193.9	NaN	570	NaN	571	0	-76	363	65	65	0	405	53	6707	-1	5076	152	7093	-1	4919	9.478	1.324
194	NaN	575	NaN	560	0	-75	364	67	64	0	403	47	6882	1	4863	147	7361	1	4989	9.531	3.673
194.1	NaN	555	NaN	699	0	-66	359	96	96	0	404	51	6814	4	4872	142	7464	11	5156	9.468	3.046
194.2	NaN	595	NaN	705	0	-49	360	100	100	0	405	44	6870	14	4939	122	7707	32	5834	9.327	5.729
194.3	NaN	547	NaN	557	0	8	361	100	100	0	404	43	6587	45	5336	97	7604	106	10243	9.177	5.214
194.4	NaN	555	NaN	633	0	25	359	100	100	0	408	29	6385	56	6885	70	6727	63	7946	9.164	4.593
194.5	NaN	543	NaN	615	0	20	359	100	100	0	406	31	6320	57	6112	76	6752	41	9507	9.357	5.195
194.6	NaN	554	NaN	575	0	4	357	100	100	0	406	38	6328	7	8012	89	6536	71	8712	9.627	3.558
194.7	NaN	575	NaN	565	0	-10	360	100	100	0	406	50	6555	33	7522	117	6732	74	8129	10.076	6.749
194.8	NaN	567	NaN	594	0	3	360	100	100	0	405	46	6622	39	7892	106	6756	107	7431	10.762	7.413
194.9	NaN	546	NaN	558	0	5	358	100	100	0	405	43	7072	50	7357	98	7127	113	7412	11.45	6.116
195	NaN	548	NaN	571	1	4	363	100	100	0	408	43	7445	46	7681	98	7509	106	7760	12.047	6.722
195.1	NaN	545	NaN	565	1	4	361	100	100	0	407	40	7765	46	8056	89	7867	105	8151	12.652	6.313
195.2	NaN	544	NaN	582	1	5	362	100	100	0	407	38	8071	45	8395	84	8141	100	8484	13.178	5.151
195.3	NaN	553	NaN	558	1	4	358	100	100	0	406	37	8360	44	8724	82	8457	95	8831	13.712	4.75
195.4	NaN	556	NaN	564	1	3	362	100	100	0	407	37	8688	41	8961	80	8787	89	9088	14.21	4.718
195.5	NaN	559	NaN	559	1	2	361	100	100	0	408	38	9027	38	9214	80	9110	84	9344	14.693	4.469
195.6	NaN	555	NaN	564	1	0	359	100	100	0	407	39	9338	38	9465	81	9334	79	9620	15.171	5.935
195.7	NaN	554	NaN	555	1	1	363	100	100	0	409	36	9598	37	9783	74	9692	77	9952	15.68	5.187
195.8	NaN	561	NaN	567	1	-1	360	100	100	0	407	36	9861	35	10053	74	10000	72	10197	16.12	2.582
195.9	NaN	555	NaN	570	1	-0	361	100	100	0	407	37	10129	34	10251	74	10268	70	10357	16.497	3.222
196	NaN	553	NaN	553	1	-0	363	100	100	0	408	35	10394	34	10472	71	10457	71	10617	16.948	5.033
196.1	NaN	557	NaN	575	1	-1	363	100	100	0	408	33	10602	31	10781	63	10728	61	10863	17.312	3.744
196.2	NaN	571	NaN	598	1	-1	360	100	100	0	407	29	10772	27	10854	57	10853	53	11014	17.623	1.821
196.3	NaN	559	NaN	621	1	-1	360	100	91	0	406	23	10932	21	11127	44	11014	42	11109	17.918	2.073
196.4	NaN	572	NaN	611	1	-1	358	76	65	0	406	19	10989	19	11165	36	11093	39	11265	18.052	0.852
196.5	NaN	600	NaN	620	0	0	358	37	26	0	407	18	11069	14	11277	27	11082	31	11388	18.209	2.421
196.6	NaN	570	NaN	601	0	5	357	0	0	0	405	-17	10745	-17	11158	-13	10719	-12	11082	18.028	-4.371
196.7	NaN	547	NaN	569.3571429	0	10	360	0	0	0	405	-38	10445	-34	10835	-29	10158	-26	10995	17.626	-4.981
196.8	NaN	536	NaN	570.2142857	0	12	362	0	0	0	403	-55	9618	-49	10717	-42	9441	-36	10611	17.083	-6.034
196.9	NaN	535	NaN	571.0714286	0	13	361	4	0	0	404	-51	8876	-47	10287	-42	8176	-36	10275	16.47	-5.52
197	NaN	548	NaN	571.9285714	0	12	359	10	1	0	405	-45	8419	-38	10054	-36	7139	-30	9994	15.816	-3.485
197.1	NaN	563	NaN	572.7857143	0	8	358	34	26	0	406	6	8708	8	9853	15	8781	18	9895	15.356	0.385
197.2	NaN	556	NaN	573.6428571	0	1	359	35	26	0	408	7	9025	8	9688	16	9169	17	9726	15.191	-3.351
197.3	NaN	593	NaN	574.5	0	12	362	27	15	0	407	-1	9097	-1	9203	-1	9120	-1	9407	15.2	-1.636
197.4	NaN	567	NaN	575.3571429	0	20	358	16	2	0	405	-21	8535	-17	9398	-17	8695	-14	9323	14.841	-3.213
197.5	NaN	554	NaN	576.2142857	0	29	359	9	0	0	403	-44	7940	-33	9041	-36	7985	-27	9080	14.461	-5.101
197.6	NaN	542	NaN	577.0714286	0	31	359	3	0	0	406	-47	6869	-43	8852	-48	4793	-36	8767	13.848	-7.031
197.7	NaN	550	NaN	577.9285714	0	37	363	8	0	0	404	0	5506	-35	8430	-37	3244	-30	8437	13.258	-4.456
197.8	NaN	597	NaN	578.7857143	0	36	360	31	22	0	407	1	6602	2	8316	2	5734	3	8354	12.528	-1.703
197.9	NaN	551	NaN	579.6428571	0	2	363	36	28	0	407	10	6804	11	8126	22	6952	24	8460	12.213	3.588
198	NaN	564	NaN	581	0	-8	362	52	45	0	403	37	7507	29	7762	84	8269	65	7971	12.027	1.057
198.1	NaN	601	NaN	581	0	15	361	24	15	0	407	-2	7159	-2	7472	-2	7310	-2	7475	12.25	-0.162
198.2	NaN	565	NaN	581	0	38	363	35	22	0	408	3	7117	8	7621	8	8031	20	7714	12.088	-1.664
198.3	NaN	593	NaN	581	0	49	364	29	19	0	407	-0	6721	-0	7590	-0	6871	-0	7678	11.895	-3.737
198.4	NaN	589	NaN	581	0	48	363	25	13	0	409	-0	6471	0	7723	0	6626	-1	7708	11.689	-1.837
198.5	NaN	602	NaN	581	0	52	363	27	17	0	406	-1	6070	-1	7417	-1	6219	0	7467	11.414	-3.336
198.6	NaN	575	NaN	581	0	52	360	34	25	0	406	1	6117	7	7345	3	6202	17	7422	11.142	-2.058
198.7	NaN	547	NaN	578	0	51	359	64	55	0	405	17	6409	62	7603	39	6577	169	7836	11.237	4.458
198.8	NaN	543	NaN	531	0	53	363	64	55	0	406	16	7431	65	7805	36	6660	165	7948	11.631	4.347
198.9	NaN	531	NaN	554	0	47	359	69	61	0	409	18	6976	69	8096	42	7165	163	8216	11.963	4.546
199	NaN	537	NaN	569	0	47	364	87	79	0	406	18	8019	66	8302	41	7277	152	8403	12.356	5.513
199.1	NaN	540	NaN	565	0	44	358	100	97	0	407	19	8062	68	8418	43	7846	151	8555	12.708	3.85
199.2	NaN	545	NaN	562	0	40	359	100	100	0	407	21	8316	63	8612	45	8034	139	8818	13.03	2.475
199.3	NaN	562	NaN	564	0	28	360	100	100	0	407	25	8477	57	8648	55	8184	124	8850	13.429	3.8
199.4	NaN	557	NaN	577	0	8	362	100	100	0	404	38	8398	43	8742	81	8439	93	8929	13.849	4.992
199.5	NaN	558	NaN	604	0	7	359	100	100	0	410	35	8651	44	8967	75	8732	94	9137	14.294	3.852
199.6	NaN	553	NaN	580	0	11	363	100	100	0	408	34	8859	42	9343	72	8914	91	9413	14.714	4.185
199.7	NaN	572	NaN	596	0	11	362	100	100	0	407	33	9120	42	9588	70	9165	89	9667	15.099	3.29
199.8	NaN	570	NaN	608	0	10	360	100	100	0	407	34	9485	41	9719	70	9467	86	9845	15.502	5.117
199.9	NaN	559	NaN	580	0	8	363	100	100	0	406	34	9620	39	9937	70	9724	80	10096	15.85	4.004
200	NaN	559	NaN	592	0	6	358	100	100	0	406	33	9858	38	10167	67	9915	79	10259	16.221	4.454
200.1	NaN	553	NaN	588	1	4	360	100	100	0	407	33	10048	37	10351	68	10162	76	10471	16.566	3.255
200.2	NaN	547	NaN	593	1	3	362	100	100	0	406	34	10311	36	10530	69	10416	69	10654	16.892	4.428
200.3	NaN	592	NaN	574	1	0	361	100	100	0	404	34	10516	35	10734	69	10637	69	10771	17.232	2.958
200.4	NaN	557	NaN	593	1	-3	359	100	100	0	406	31	10717	29	10771	61	10805	58	10910	17.535	3.83
200.5	NaN	552	NaN	596	1	-5	356	100	100	0	407	25	10934	23	10917	49	11001	46	11044	17.738	1.797
200.6	NaN	559	NaN	622	1	-3	362	100	100	0	407	21	10944	20	11010	41	10980	38	11070	17.941	1.817
200.7	NaN	566	NaN	623	1	-4	362	100	100	0	407	19	11086	18	11122	37	11188	35	11168	18.059	1.768
200.8	NaN	548	NaN	647	1	-2	357	100	100	0	405	16	11107	14	11228	29	11181	29	11205	18.133	0.295
200.9	NaN	563	NaN	647	1	-2	357	100	100	0	406	17	11122	16	11164	33	11212	31	11247	18.26	-0.111
201	NaN	549	NaN	623	1	-3	358	100	100	0	408	13	11157	13	11290	24	11248	24	11311	18.279	0.265
201.1	NaN	557	NaN	613	1	-2	360	100	100	0	407	14	11188	15	11298	28	11248	27	11317	18.303	-0.472
201.2	NaN	550	NaN	648	1	-2	361	100	100	0	406	12	11240	12	11243	24	11298	23	11317	18.377	1.509
201.3	NaN	558	NaN	645	1	-3	360	100	100	0	408	13	11247	12	11296	24	11258	23	11348	18.35	-0.594
201.4	NaN	550	NaN	634	1	-4	361	100	100	0	405	13	11310	12	11269	25	11330	23	11340	18.396	0.831
201.5	NaN	555	NaN	638	1	-2	362	100	100	0	405	12	11184	11	11335	23	11225	21	11385	18.416	0.657
201.6	NaN	556	NaN	647	1	-2	359	100	100	0	405	11	11330	11	11272	23	11362	22	11333	18.411	-0.254
201.7	NaN	554	NaN	645	1	-4	358	100	100	0	404	11	11210	10	11353	20	11272	19	11346	18.443	-0.473
201.8	NaN	549	NaN	637	1	-3	361	100	100	0	406	12	11298	11	11288	23	11346	22	11371	18.42	0.358
201.9	NaN	550	NaN	641	1	-5	362	100	100	0	407	9	11278	9	11415	18	11320	17	11366	18.407	-1.797
202	NaN	555	NaN	711	1	-4	360	100	100	0	407	12	11265	11	11309	24	11293	22	11354	18.42	0.308
202.1	NaN	555	NaN	630	1	-2	360	100	100	0	405	12	11285	11	11318	21	11323	21	11377	18.432	0.96
202.2	NaN	548	NaN	625	1	-3	361	100	100	0	407	11	11255	11	11316	23	11290	22	11363	18.413	0.01
202.3	NaN	559	NaN	676	1	-1	363	100	100	0	406	10	11365	8	11316	17	11348	14	11329	18.412	-1.237
202.4	NaN	549	NaN	627	1	-1	362	100	100	0	404	12	11206	11	11317	24	11290	24	11377	18.424	-0.332
202.5	NaN	548	NaN	638	1	2	363	100	100	0	404	11	11263	12	11305	21	11328	20	11377	18.442	1.881
202.6	NaN	566	NaN	620	0	10	363	100	100	0	407	12	11112	13	11512	24	11157	29	11568	18.405	-0.008
202.7	NaN	552	NaN	594	0	19	364	100	100	0	405	16	11031	24	11628	32	11331	46	11794	18.486	2.247
202.8	NaN	567	NaN	601	0	16	358	100	100	0	408	15	11013	22	11825	29	11147	42	11890	18.541	0.027
202.9	NaN	547	NaN	601	0	9	359	100	100	0	406	16	11054	20	11676	31	11252	36	11830	18.571	0.68
203	NaN	558	NaN	636	0	0	359	100	100	0	407	13	11216	13	11653	24	11294	24	11660	18.568	0.832
203.1	NaN	551	NaN	631	0	-6	363	98	90	0	406	9	11325	8	11328	18	11353	16	11429	18.592	-0.927
203.2	NaN	587	NaN	573	0	-9	363	0	0	0	408	-7	11409	-7	11236	-7	11434	-7	11198	18.483	-3.644
203.3	NaN	554	NaN	667	0	-10	359	0	0	0	404	-25	11104	-27	10923	-18	11056	-20	10867	18.151	-4.754
203.4	NaN	531	NaN	656	0	-11	363	0	0	0	408	-44	10667	-49	10579	-33	10811	-37	10599	17.643	-3.858
203.5	NaN	525	NaN	663	0	-11	390	0	0	0	435	-49	10395	-54	10197	-37	10238	-41	9731	16.981	-7.67
203.6	NaN	525	NaN	651	0	-12	358	0	0	0	400	-49	9969	-56	9767	-39	9991	-43	9638	16.341	-5.931
203.7	NaN	522	NaN	676	0	-14	493	0	0	0	516	-52	9600	-58	9321	-41	9583	-46	9219	15.663	-7.705
203.8	NaN	519	NaN	658	0	-14	651	0	0	0	645	-51	9090	-59	8673	-42	9007	-48	8210	14.85	-9.537
203.9	NaN	526	NaN	682	0	-17	611	0	0	0	616	-51	8621	-59	7982	-42	8556	-49	6307	13.944	-8.549
204	NaN	534	NaN	694	0	-27	432	0	0	0	458	-48	8239	-61	7573	-40	8195	-52	4187	13.181	-7.915
204.1	NaN	538	NaN	795	0	-40	359	12	11	0	402	-33	7918	-44	6866	-26	7918	-35	3363	12.487	-6.291
204.2	NaN	586	NaN	574	0	-52	363	29	30	0	406	3	7874	1	6877	6	7860	1	4911	12.144	-3.515
204.3	NaN	562	NaN	670	0	-41	362	59	57	0	404	13	7809	4	6637	31	7810	8	6440	11.878	-0.572
204.4	NaN	577	NaN	637	0	-27	361	48	39	0	406	36	7879	18	7207	77	7902	42	7319	12.189	3.012
204.5	NaN	563	NaN	611	0	-27	360	50	46	0	408	43	7956	22	7356	95	8061	50	7887	12.429	2.634
204.6	NaN	561	NaN	667	0	-55	358	48	44	0	407	48	8255	11	7436	108	8330	27	7624	12.72	2.08
204.7	NaN	588	NaN	683	0	-56	360	46	41	0	405	45	8522	9	7389	99	8600	19	7537	12.911	2.018
204.8	NaN	598	NaN	584	0	-55	359	26	19	0	406	-1	8181	-0	7211	-1	8314	-0	7314	12.845	-2.99
204.9	NaN	595	NaN	583	0	-57	363	25	19	0	403	0	7955	0	7048	0	8119	0	6949	12.525	-2.092
205	NaN	560	NaN	623	0	-56	362	38	35	0	405	28	7968	5	6818	61	8191	11	6821	12.174	-0.948
205.1	NaN	558	NaN	751	0	-56	358	45	41	0	408	44	8085	7	6881	100	8263	17	7123	12.195	2.848
205.2	NaN	565	NaN	601	0	-35	360	58	58	0	406	61	8299	23	7283	138	8656	53	8096	12.338	4.474
205.3	NaN	557	NaN	575	0	-6	359	62	54	0	405	45	8170	37	8044	101	8375	80	8300	12.806	6.226
205.4	NaN	549	NaN	559	0	-3	356	62	54	0	405	43	8239	40	8374	93	8329	89	8450	13.347	5.786
205.5	NaN	566	NaN	565	0	-5	362	55	46	0	405	40	8592	36	8644	88	8659	80	8696	13.843	3.673
205.6	NaN	592	NaN	579	0	-9	363	26	15	0	406	-1	8581	-1	8595	-1	8503	-0	8552	14.02	-1.638
205.7	NaN	584	NaN	570	0	-10	360	22	11	0	405	-9	8583	-10	8466	-8	8483	-9	8464	13.751	-3.853
205.8	NaN	602	NaN	582	0	-25	363	25	19	0	405	0	8489	0	8107	0	8432	-0	8160	13.605	-2.048
205.9	NaN	598	NaN	584	0	-31	361	26	23	0	406	-0	8474	0	7848	-1	8457	-0	7911	13.39	-2.328
206	NaN	597	NaN	581	0	-50	363	26	20	0	405	-0	8302	-0	7579	-0	8367	0	7619	13.174	-3.776
206.1	NaN	592	NaN	581	0	-49	363	23	21	0	403	0	8405	0	7328	0	8418	0	7147	12.79	-4.377
206.2	NaN	564	NaN	584	0	-50	363	36	33	0	403	21	8240	5	7079	47	8409	11	7248	12.558	1.432
206.3	NaN	559	NaN	584	0	-48	361	39	36	0	402	29	8162	7	7215	64	8312	17	7381	12.508	-1.57
206.4	NaN	574	NaN	714	0	-39	361	43	39	0	405	34	8233	12	7365	78	8413	27	7469	12.59	3.426
206.5	NaN	579	NaN	637	0	-40	362	45	41	0	404	40	8283	13	7317	90	8499	29	7985	12.629	-0.223
206.6	NaN	568	NaN	629	0	-42	363	45	42	0	404	41	8442	13	7457	90	8559	29	7767	12.752	3.059
206.7	NaN	591	NaN	580	0	-54	363	26	15	0	405	-0	7937	-0	7103	-0	8077	-0	7229	12.731	-2.171
206.8	NaN	594	NaN	583	0	-55	361	23	20	0	403	0	8030	0	6927	0	8093	0	6779	12.354	-2.158
206.9	NaN	569	NaN	547	0	-55	360	34	29	0	403	14	7869	2	6689	33	8024	6	6809	12.067	0.039
207	NaN	550	NaN	738	0	-58	357	46	44	0	403	40	8027	7	6722	93	8168	18	7054	11.988	1.431
207.1	NaN	558	NaN	669	0	-54	363	51	43	0	406	55	8342	11	6877	121	8364	23	7211	12.229	5.63
207.2	NaN	575	NaN	618	0	-22	362	51	47	0	407	46	8218	22	7136	103	8526	50	8411	12.412	2.634
207.3	NaN	564	NaN	720	0	12	361	37	23	0	408	11	7848	14	7678	24	7923	28	7848	12.737	2.671
207.4	NaN	587	NaN	653	0	21	359	48	39	0	409	7	7446	11	8152	16	7472	27	8160	12.776	-0.157
207.5	NaN	558	NaN	581	0	29	362	49	40	0	409	20	7611	37	8349	44	7680	82	8467	12.923	3.603
207.6	NaN	575	NaN	587	0	37	360	50	36	0	409	14	7835	38	8497	30	7857	82	8616	13.194	2.035
207.7	NaN	553	NaN	570	0	38	362	55	46	0	408	20	7895	52	8782	44	7915	112	8895	13.34	2.526
207.8	NaN	587	NaN	568	0	39	359	60	50	0	407	22	8367	60	9024	48	8153	129	9156	13.703	3.73
207.9	NaN	544	NaN	576	0	40	363	59	50	0	408	21	8978	58	9244	47	8374	119	9311	14.039	5.616
208	NaN	555	NaN	569	0	34	359	66	57	0	408	22	9191	55	9365	47	8715	117	9493	14.33	3.052
208.1	NaN	551	NaN	555	0	15	363	73	64	0	410	31	9375	46	9398	65	9027	95	9592	14.691	4.178
208.2	NaN	574	NaN	589	0	-18	360	80	75	0	406	43	9362	30	9233	93	9487	64	9448	15.109	4.135
208.3	NaN	569	NaN	626	0	-32	362	100	100	0	405	51	9942	22	9220	106	9953	46	9365	15.447	4.275
208.4	NaN	559	NaN	621	0	-41	361	100	100	0	405	53	10171	19	9436	109	10241	39	9715	15.725	3.703
208.5	NaN	556	NaN	632	0	-42	361	100	100	0	405	52	10381	17	9470	107	10508	36	9961	15.898	3.317
208.6	NaN	557	NaN	629	0	-35	361	100	100	0	404	49	10396	20	9695	100	10503	41	9976	16.116	3.723
208.7	NaN	561	NaN	583	0	-12	357	100	100	0	405	40	10397	30	9817	81	10605	60	10556	16.343	4.561
208.8	NaN	580	NaN	579	0	-3	356	100	100	0	405	36	10255	33	10395	72	10398	67	10556	16.735	4.059
208.9	NaN	574	NaN	568	0	-3	361	100	100	0	406	36	10464	34	10585	70	10476	67	10686	17.103	3.057
209	NaN	566	NaN	580	1	-2	364	100	100	0	407	31	10622	31	10693	62	10746	61	10840	17.442	3.676
209.1	NaN	549	NaN	594	1	-3	363	100	100	0	408	28	10790	26	10986	55	10920	52	11023	17.679	2.032
209.2	NaN	561	NaN	611	1	-2	363	100	100	0	406	23	10909	23	10976	45	10951	45	11123	17.922	2.545
209.3	NaN	552	NaN	610	1	0	364	100	100	0	406	21	10968	20	11180	40	11098	39	11248	18.061	1.736
209.4	NaN	583	NaN	627	1	0	358	100	100	0	408	18	11075	18	11205	36	11087	35	11319	18.19	0.601
209.5	NaN	561	NaN	628	1	-0	360	100	100	0	406	16	11102	15	11290	30	11178	29	11362	18.313	0.453
209.6	NaN	587	NaN	646	1	-3	359	100	100	0	411	15	11149	15	11367	29	11209	29	11398	18.379	0.425
209.7	NaN	544	NaN	638	1	-3	364	100	100	0	406	12	11199	12	11317	24	11253	23	11406	18.451	1.531
209.8	NaN	544	NaN	648	1	-2	364	100	100	0	406	12	11240	11	11435	24	11308	23	11433	18.486	-0.384
209.9	NaN	549	NaN	664	1	-4	362	100	100	0	407	12	11296	12	11323	22	11291	22	11414	18.532	1.323
210	NaN	550	NaN	631	1	-3	360	100	100	0	406	12	11254	10	11432	21	11383	20	11449	18.527	0.404
210.1	NaN	551	NaN	651	1	-2	358	100	100	0	406	11	11353	10	11343	20	11297	18	11406	18.541	0.058
210.2	NaN	554	NaN	643	1	-3	358	100	100	0	406	10	11262	9	11439	19	11349	18	11416	18.568	0.521
210.3	NaN	556	NaN	644	1	-1	358	100	100	0	407	10	11323	10	11365	20	11303	19	11459	18.538	0.148
210.4	NaN	558	NaN	665	1	-2	359	100	100	0	406	9	11261	9	11511	18	11333	18	11469	18.573	-0.268
210.5	NaN	550	NaN	646	1	-2	361	100	100	0	407	11	11298	11	11429	21	11314	20	11491	18.561	-0.05
210.6	NaN	558	NaN	640	1	-0	364	100	100	0	408	9	11273	9	11498	18	11332	17	11482	18.581	0.659
210.7	NaN	547	NaN	646	1	-2	363	100	100	0	407	10	11289	10	11442	20	11325	19	11503	18.579	-1.172
210.8	NaN	552	NaN	665	1	-3	357	100	100	0	404	9	11307	9	11477	18	11339	16	11505	18.607	1.084
210.9	NaN	546	NaN	636	1	-2	363	100	100	0	404	10	11303	9	11463	19	11380	19	11523	18.584	-0.913
211	NaN	559	NaN	664	1	-4	360	100	100	0	405	9	11337	9	11441	17	11333	15	11483	18.6	-0.228
211.1	NaN	559	NaN	624	1	-3	361	100	100	0	407	9	11324	8	11471	17	11383	18	11510	18.579	-1.598
211.2	NaN	554	NaN	643	1	-2	363	100	100	0	406	9	11346	8	11414	17	11355	15	11460	18.586	0.639
211.3	NaN	556	NaN	668	1	-3	361	100	100	0	405	9	11310	8	11453	17	11405	16	11478	18.574	-0.968
211.4	NaN	555	NaN	649	1	-1	359	100	100	0	405	9	11328	9	11423	18	11315	17	11498	18.547	0.087
211.5	NaN	553	NaN	663	1	1	362	100	100	0	403	10	11242	10	11540	20	11334	20	11561	18.577	-0.219
211.6	NaN	548	NaN	642	1	2	361	100	100	0	405	11	11266	12	11499	21	11270	22	11583	18.585	0.623
211.7	NaN	559	NaN	644	1	2	357	100	100	0	407	11	11269	10	11592	20	11342	21	11608	18.598	-0.656
211.8	NaN	553	NaN	641	1	1	356	100	100	0	406	11	11295	11	11514	20	11294	20	11593	18.62	0.149
211.9	NaN	553	NaN	652	1	-4	359	100	100	0	407	10	11330	8	11546	17	11372	17	11530	18.637	-0.81
212	NaN	563	NaN	619	1	-6	363	100	100	0	404	7	11386	6	11383	14	11420	12	11469	18.595	0.774
212.1	NaN	566	NaN	638	1	-7	363	100	100	0	407	7	11448	6	11421	13	11424	11	11403	18.565	-1.159
212.2	NaN	557	NaN	619	0	-9	357	100	100	0	406	9	11440	8	11246	20	11504	17	11321	18.539	-0.855
212.3	NaN	542	NaN	668	0	-10	362	100	100	0	407	12	11480	10	11331	22	11509	18	11323	18.554	0.4
212.4	NaN	551	NaN	633	0	-11	360	100	100	0	407	10	11498	9	11245	22	11550	17	11309	18.53	-0.234
212.5	NaN	547	NaN	671	0	-10	362	100	100	0	405	11	11501	9	11362	22	11488	17	11353	18.529	0.77
212.6	NaN	559	NaN	632	0	-9	360	100	100	0	405	9	11447	7	11282	16	11473	13	11311	18.547	-1.507
212.7	NaN	550	NaN	646	0	-11	357	100	100	0	405	12	11477	10	11332	24	11487	19	11388	18.548	0.676
212.8	NaN	568	NaN	645	0	-10	359	100	100	0	406	7	11399	6	11304	12	11481	12	11347	18.518	-1.458
212.9	NaN	544	NaN	643	0	-8	360	100	100	0	407	12	11398	10	11278	25	11449	21	11388	18.524	1.024
213	NaN	559	NaN	643	0	-6	364	100	100	0	406	8	11378	7	11339	14	11464	12	11367	18.493	-1.236
213.1	NaN	555	NaN	660	1	-4	358	100	100	0	406	9	11332	9	11298	19	11376	17	11376	18.478	0.751
213.2	NaN	548	NaN	644	1	-1	363	100	100	0	408	10	11276	9	11429	19	11359	17	11405	18.494	-0.004
213.3	NaN	551	NaN	655	1	-2	361	100	100	0	405	11	11279	10	11312	21	11286	18	11432	18.468	0.21
213.4	NaN	555	NaN	644	1	-4	359	100	100	0	406	9	11316	9	11467	18	11358	17	11444	18.483	-0.785
213.5	NaN	555	NaN	659	1	-3	359	100	100	0	406	11	11270	10	11393	21	11328	19	11413	18.483	-0.154
213.6	NaN	552	NaN	648	1	-6	363	100	100	0	405	10	11330	9	11439	18	11361	16	11393	18.529	0.175
213.7	NaN	584	NaN	593	0	-4	361	0	0	0	407	-6	11269	-6	11277	-5	11296	-7	11308	18.481	-1.917
213.8	NaN	552	NaN	700	0	-2	359	0	0	0	408	-25	11071	-25	11205	-18	10974	-19	11100	18.242	-3.601
213.9	NaN	533	NaN	675	0	-1	357	0	0	0	405	-44	10684	-46	10870	-32	10824	-35	10828	17.774	-4.954
214	NaN	523	NaN	658	0	-2	357	0	0	0	405	-50	10405	-51	10540	-38	10207	-40	10398	17.217	-5.91
214.1	NaN	525	NaN	670	0	-4	360	0	0	0	406	-51	10081	-53	10266	-39	10020	-40	10111	16.656	-5.376
214.2	NaN	521	NaN	654	0	-0	361	0	0	0	403	-54	9677	-54	9783	-42	9678	-42	9784	16.06	-6.167
214.3	NaN	527	NaN	682	0	-2	359	0	0	0	406	-55	9244	-55	9357	-45	9263	-44	9276	15.444	-6.127
214.4	NaN	534	NaN	674	0	0	356	0	0	0	404	-55	8996	-56	9164	-45	8814	-45	8890	14.8	-6.993
214.5	NaN	534	NaN	648	0	3	358	3	0	0	404	-51	8441	-51	8732	-44	8505	-42	8781	14.16	-4.794
214.6	NaN	560	NaN	693	0	4	358	12	4	0	406	-33	8174	-32	8584	-27	8126	-26	8429	13.699	-4.567
214.7	NaN	547	NaN	737	0	9	358	10	0	0	403	-43	7376	-39	8127	-36	7716	-33	8224	13.244	-2.506
214.8	NaN	566	NaN	697	0	16	361	15	5	0	407	-31	7518	-27	8203	-27	6689	-22	8094	12.691	-5.52
214.9	NaN	557	NaN	700	0	25	359	14	1	0	404	-38	6540	-29	7821	-32	7041	-25	7882	12.294	1.758
215	NaN	583	NaN	577	0	34	362	22	12	0	406	-9	6758	-6	7732	-8	6712	-5	7640	11.859	-3.196
215.1	NaN	591	NaN	581	0	43	361	23	13	0	405	-5	6466	-3	7504	-5	6532	-3	7527	11.558	-2.273
215.2	NaN	555	NaN	676	0	49	362	10	0	0	403	-25	6104	-14	7323	-22	5546	-13	7357	11.204	-5.384
215.3	NaN	601	NaN	610	0	51	361	42	32	0	404	5	6016	26	7352	14	6120	64	7411	10.843	1.598
215.4	NaN	598	NaN	623	0	58	361	43	31	0	405	4	6065	30	7246	10	6160	70	7410	10.887	0.386
215.5	NaN	606	NaN	680	0	59	364	40	28	0	407	3	5970	22	7245	8	6123	51	7349	10.8	-0.278
215.6	NaN	591	NaN	580	0	59	360	31	18	0	405	-0	5899	-1	6954	-1	5927	-1	7046	10.723	-3.089
215.7	NaN	587	NaN	579	0	62	365	31	21	0	406	-0	5726	1	6778	0	5514	2	6909	10.372	-1.818
215.8	NaN	589	NaN	568	0	62	361	30	21	0	408	0	5436	1	6600	0	5567	3	6717	10.108	-1.134
215.9	NaN	580	NaN	650	0	65	364	31	21	0	407	0	5367	4	6505	1	5373	9	6564	9.793	-2.886
216	NaN	629	NaN	668	0	69	362	39	29	0	409	1	5238	22	6437	3	5285	53	6493	9.598	-2.986
216.1	NaN	568	NaN	633	0	72	361	46	36	0	408	2	5096	42	6740	4	5225	101	6733	9.591	1.942
216.2	NaN	593	NaN	594	0	78	361	48	39	0	407	0	5120	49	6600	0	5249	114	6678	9.715	1.092
216.3	NaN	558	NaN	583	0	73	360	51	42	0	409	1	5162	58	7042	3	5084	136	7273	9.707	1.207
216.4	NaN	550	NaN	575	0	75	361	58	49	0	407	1	4897	68	6915	3	5227	153	7188	9.882	3.096
216.5	NaN	547	NaN	566	0	64	363	96	86	0	409	7	5198	53	6991	16	5437	147	7510	9.867	2.427
216.6	NaN	544	NaN	554	0	42	358	100	100	0	409	22	6373	57	7000	50	6596	149	7587	10.001	5.141
216.7	NaN	530	NaN	570	0	26	363	100	100	0	407	29	6850	60	7026	68	7333	152	7548	10.249	4.611
216.8	NaN	534	NaN	554	0	13	362	100	100	0	406	36	8936	52	7103	84	7780	123	7581	10.572	4.424
216.9	NaN	548	NaN	561	0	16	359	100	100	0	408	33	8766	52	7215	84	7965	121	7420	10.994	2.783
217	NaN	559	NaN	558	0	28	359	100	100	0	407	29	7637	61	7454	68	7266	139	7529	11.525	5.464
217.1	NaN	555	NaN	551	0	27	361	100	100	0	408	30	7543	60	7883	68	7310	134	7913	12.028	5.292
217.2	NaN	531	NaN	557	0	27	363	100	100	0	408	30	7565	57	8247	69	7619	130	8350	12.549	5.279
217.3	NaN	544	NaN	550	0	20	360	100	100	0	406	32	8340	51	8476	72	7895	112	8586	13.04	4.874
217.4	NaN	565	NaN	552	0	10	359	100	100	0	408	36	8379	46	8601	79	8280	100	8770	13.564	5.258
217.5	NaN	541	NaN	567	0	-1	364	100	100	0	407	41	8691	39	8761	87	8813	83	8913	14.031	4.373
217.6	NaN	592	NaN	576	0	-7	359	59	53	0	405	43	9017	35	8903	93	9140	75	9099	14.505	4.594
217.7	NaN	543	NaN	576	0	-13	362	34	29	0	404	12	9070	10	8859	28	9126	18	8962	14.692	0.464
217.8	NaN	568	NaN	559	0	-21	361	10	4	0	405	-11	9063	-13	8634	-9	9083	-11	8564	14.533	-2.502
217.9	NaN	543	NaN	579	0	-26	363	9	7	0	403	-27	8889	-35	8272	-22	8847	-30	8163	14.164	-4.738
218	NaN	585	NaN	580	0	-28	364	23	21	0	406	-0	8822	-0	8221	-0	8804	-0	8110	13.862	-2.65
218.1	NaN	587	NaN	579	0	-29	363	23	22	0	405	-0	8623	-0	8024	-0	8665	-1	7995	13.674	-1.892
218.2	NaN	584	NaN	578	0	-38	361	23	21	0	404	-0	8585	-0	7846	-0	8596	-0	7722	13.41	-2.642
218.3	NaN	565	NaN	590	0	-50	359	7	0	0	405	-12	8287	-19	7249	-10	8437	-18	7125	13.126	-3.509
218.4	NaN	536	NaN	579.5	0	-55	359	0	0	0	403	-25	8018	-44	6466	-21	8141	-38	4868	12.614	-3.804
218.5	NaN	539	NaN	590	0	-54	361	7	5	0	403	-28	7681	-49	5868	-26	7814	-1	1670	11.907	-4.896
218.6	NaN	590	NaN	581	0	-55	365	24	22	0	404	0	7433	0	6234	0	7515	0	3912	11.365	-2.702
218.7	NaN	545	NaN	645	0	-55	363	36	34	0	405	22	7291	3	6074	56	7612	9	5526	10.963	-2.41
218.8	NaN	551	NaN	652	0	-50	362	53	51	0	405	62	7526	14	6250	138	7871	33	7018	10.966	2.798
218.9	NaN	557	NaN	643	0	-48	361	56	53	0	405	65	7706	17	6681	135	7876	40	7181	11.198	3.58
219	NaN	564	NaN	591	0	-41	361	54	51	0	406	58	7647	19	6799	134	7938	43	8292	11.476	3.298
219.1	NaN	588	NaN	577.125	0	-38	359	41	34	0	407	25	7613	9	6710	57	7807	19	6989	11.736	0.977
219.2	NaN	572	NaN	575.25	0	-34	358	43	42	0	405	37	7909	14	6797	79	8080	35	9860	11.922	5.946
219.3	NaN	540	NaN	573.375	0	-31	361	33	32	0	405	17	7704	7	6858	37	7803	16	6950	11.744	0.147
219.4	NaN	586	NaN	577	0	-27	362	25	16	0	406	-0	7379	-0	6811	-0	7394	-0	6899	11.779	-0.875
219.5	NaN	583	NaN	579	0	5	363	27	20	0	407	-0	7153	-0	7086	-0	7169	-0	7046	11.57	-2.134
219.6	NaN	585	NaN	576	0	35	363	24	9	0	408	-8	6561	-6	7211	-8	6594	-5	7211	11.406	-2.744
219.7	NaN	582	NaN	571	0	39	361	24	10	0	409	-9	6246	-6	7322	-8	5977	-6	7269	11.085	-2.814
219.8	NaN	581	NaN	578	0	61	360	30	19	0	405	0	5805	0	6929	0	6062	0	7041	10.808	-1.992
219.9	NaN	576	NaN	634	0	62	361	40	27	0	407	2	5840	21	7185	5	5851	49	7200	10.538	-0.668
220	NaN	565	NaN	594	0	64	363	44	31	0	406	3	5719	30	7148	8	5871	70	7281	10.569	1.229
220.1	NaN	568	NaN	603	0	60	363	43	31	0	409	4	5761	30	7087	9	5967	69	7215	10.501	-0.532
220.2	NaN	569	NaN	609	0	58	361	44	30	0	408	4	5682	28	7066	10	5802	66	7239	10.471	0.734
220.3	NaN	552	NaN	564	0	55	359	50	39	0	408	7	5738	46	7156	17	5918	108	7395	10.451	1.72
220.4	NaN	527	NaN	550	0	46	361	56	45	0	406	14	6148	57	7406	33	6274	136	7561	10.72	5.919
220.5	NaN	552	NaN	570	0	16	358	56	45	0	408	27	6327	44	7233	64	9109	101	7497	10.96	2.712
220.6	NaN	561	NaN	581	0	31	361	49	35	0	408	17	6895	33	7309	37	8484	76	7473	11.358	3.841
220.7	NaN	561	NaN	566	0	43	359	51	40	0	407	13	6714	44	7552	30	6973	101	7645	11.514	1.755
220.8	NaN	559	NaN	572	0	47	361	51	39	0	406	11	6771	46	7820	25	6877	106	7885	11.766	2.686
220.9	NaN	529	NaN	546	0	47	361	60	48	0	407	16	6995	65	8132	36	7102	151	8234	11.989	5.042
221	NaN	519	NaN	545	0	46	360	79	68	0	407	18	7816	69	8303	41	7390	151	8450	12.36	3.724
221.1	NaN	530	NaN	559	0	36	358	100	93	0	410	23	8051	63	8416	51	7718	139	8642	12.725	3.844
221.2	NaN	561	NaN	539	0	18	363	100	100	0	408	31	8410	52	8538	68	8114	113	8751	13.121	4.665
221.3	NaN	542	NaN	555	0	9	359	100	100	0	409	34	8382	47	8626	74	8404	100	8814	13.616	5.668
221.4	NaN	546	NaN	568	0	1	361	100	100	0	406	40	8754	39	8829	86	8757	85	9005	14.098	4.207
221.5	NaN	545	NaN	559	0	-11	357	100	100	0	405	43	9068	34	9029	92	9147	72	9191	14.556	5.227
221.6	NaN	558	NaN	599	0	-28	358	100	100	0	406	49	9595	25	9083	104	9610	53	9209	14.953	4.166
221.7	NaN	561	NaN	636	0	-37	358	100	100	0	406	53	9862	20	9159	112	9898	43	9322	15.26	2.13
221.8	NaN	543	NaN	597	0	-40	361	100	100	0	405	52	10105	20	9280	107	10224	41	9457	15.525	3.332
221.9	NaN	561	NaN	602	0	-37	357	100	100	0	407	51	10212	20	9380	106	10367	42	9842	15.733	1.221
222	NaN	553	NaN	614	0	-34	360	100	100	0	407	49	10335	21	9719	100	10381	44	9808	15.96	3.933
222.1	NaN	568	NaN	597	0	-28	356	100	100	0	406	47	10415	24	9801	94	10564	49	10270	16.165	2.316
222.2	NaN	558	NaN	576	0	-13	363	100	100	0	405	40	10315	30	10236	81	10494	61	10227	16.511	3.543
222.3	NaN	557	NaN	572	0	-12	357	100	100	0	406	39	10542	30	10323	78	10584	61	10440	16.819	4.377
222.4	NaN	547	NaN	573	0	-7	358	100	100	0	403	37	10667	31	10589	74	10821	62	10641	17.17	3.3
222.5	NaN	538	NaN	567	0	18	362	100	100	0	409	27	10580	40	10965	53	10594	79	11092	17.435	2.003
222.6	NaN	541	NaN	559	0	29	363	100	100	0	409	23	10650	42	11320	46	10636	84	11432	17.647	3.146
222.7	NaN	553	NaN	576	0	30	359	100	100	0	407	19	10733	36	11383	37	10710	71	11549	17.795	0.535
222.8	NaN	556	NaN	566	0	18	359	100	100	0	408	24	10770	35	11462	48	10771	70	11578	17.872	2.205
222.9	NaN	565	NaN	589	0	20	364	100	100	0	408	20	10821	29	11377	39	10912	57	11511	17.963	0.74
223	NaN	541	NaN	576	0	20	362	100	100	0	406	20	10817	30	11460	38	10883	58	11583	18.046	1.911
223.1	NaN	571	NaN	589	0	18	361	100	100	0	408	19	10915	27	11509	37	10961	52	11604	18.122	0.368
223.2	NaN	581	NaN	587	0	12	358	100	100	0	406	19	10925	25	11496	37	11048	51	11616	18.213	0.927
223.3	NaN	553	NaN	618	0	2	361	100	100	0	409	18	11069	19	11444	33	11106	37	11502	18.312	1.141
223.4	NaN	540	NaN	622	0	-14	359	100	100	0	404	17	11329	12	11109	32	11433	23	11232	18.287	0.613
223.5	NaN	539	NaN	666	0	-21	358	100	100	0	406	19	11444	12	11115	34	11427	22	11343	18.31	-0.372
223.6	NaN	554	NaN	633	0	-18	360	100	100	0	404	22	11485	15	11004	43	11607	28	11202	18.312	0.466
223.7	NaN	549	NaN	647	0	-17	361	100	100	0	407	22	11480	15	11116	41	11494	28	11251	18.324	1.343
223.8	NaN	546	NaN	682	0	-18	357	100	100	0	405	19	11487	12	11049	38	11607	24	11163	18.344	-1.762
223.9	NaN	547	NaN	623	0	-18	359	100	100	0	406	22	11496	15	11076	44	11559	29	11187	18.344	0.635
224	NaN	539	NaN	649	0	-20	358	100	100	0	406	17	11510	12	11118	32	11623	22	11128	18.366	-0.521
224.1	NaN	559	NaN	636	0	-17	360	100	100	0	406	22	11515	15	11073	41	11531	29	11186	18.346	0.319
224.2	NaN	540	NaN	669	0	-18	362	100	100	0	404	16	11476	12	11156	32	11577	23	11174	18.385	1.004
224.3	NaN	567	NaN	638	0	-13	361	100	100	0	403	20	11484	14	11086	37	11531	27	11226	18.363	0.266
224.4	NaN	547	NaN	684	0	-11	361	100	100	0	405	16	11367	14	11217	31	11472	26	11274	18.42	1.435
224.5	NaN	548	NaN	654	0	-3	360	100	100	0	404	11	11232	10	11272	21	11311	20	11358	18.374	-0.836
224.6	NaN	556	NaN	643	0	3	359	100	100	0	406	14	11160	15	11426	27	11221	29	11478	18.354	0.55
224.7	NaN	551	NaN	662	1	4	358	100	100	0	406	15	11143	17	11424	29	11239	31	11532	18.371	-0.296
224.8	NaN	550	NaN	651	1	5	363	100	100	0	407	14	11171	15	11471	27	11196	29	11541	18.395	0.474
224.9	NaN	574	NaN	622	1	5	363	100	100	0	406	14	11142	15	11444	26	11241	29	11502	18.406	-1.641
225	NaN	554	NaN	631	1	3	361	100	100	0	408	14	11190	15	11418	27	11187	29	11537	18.409	0.467
225.1	NaN	553	NaN	637	1	1	360	100	100	0	406	12	11206	12	11439	23	11286	24	11496	18.417	-0.509
225.2	NaN	554	NaN	647	1	1	359	100	100	0	407	12	11199	13	11392	23	11233	25	11501	18.423	0.769
225.3	NaN	542	NaN	640	1	2	362	100	100	0	409	12	11234	13	11504	24	11294	24	11534	18.462	-0.43
225.4	NaN	547	NaN	636	1	1	361	100	100	0	405	13	11232	13	11452	24	11276	24	11516	18.474	-0.414
225.5	NaN	550	NaN	647	1	-1	359	100	100	0	406	12	11271	12	11544	22	11297	22	11511	18.487	0.99
225.6	NaN	557	NaN	670	1	0	362	100	100	0	406	11	11259	11	11409	20	11314	21	11508	18.508	-0.436
225.7	NaN	543	NaN	696	1	-2	359	100	100	0	407	10	11265	10	11512	21	11296	21	11517	18.506	1.288
225.8	NaN	549	NaN	647	1	1	363	100	100	0	406	8	11245	9	11379	15	11333	16	11453	18.508	0.097
225.9	NaN	555	NaN	647	1	1	363	100	100	0	406	12	11211	12	11568	24	11289	25	11528	18.535	0.773
226	NaN	540	NaN	655	1	1	364	100	100	0	407	10	11280	10	11428	19	11368	18	11496	18.512	0.338
226.1	NaN	545	NaN	651	1	-2	358	100	100	0	406	10	11280	10	11550	20	11265	21	11481	18.506	-0.027
226.2	NaN	547	NaN	660	1	-2	358	100	100	0	407	10	11320	10	11386	16	11361	17	11429	18.503	-0.294
226.3	NaN	551	NaN	637	1	-2	360	100	100	0	407	10	11282	9	11486	20	11292	18	11483	18.492	0.319
226.4	NaN	546	NaN	684	1	-0	359	100	100	0	406	10	11314	10	11383	19	11364	19	11445	18.476	-0.249
226.5	NaN	549	NaN	642	0	-1	360	36	26	0	407	9	11260	10	11480	18	11284	18	11488	18.476	-1.298
226.6	NaN	549	NaN	637	0	1	363	0	0	0	405	-19	10902	-19	11235	-14	10990	-15	11260	18.295	-3.325
226.7	NaN	533	NaN	664	0	3	360	0	0	0	405	-40	10690	-39	10862	-31	10792	-29	10971	17.845	-4.516
226.8	NaN	525	NaN	665	0	4	357	0	0	0	406	-52	10290	-51	10731	-39	9864	-39	10626	17.269	-6.892
226.9	NaN	518	NaN	657	0	3	358	0	0	0	404	-54	9973	-51	10283	-41	9908	-39	10200	16.639	-5.866
227	NaN	514	NaN	662	0	2	359	0	0	0	404	-55	9499	-53	9947	-43	9484	-42	9847	16.077	-6.497
227.1	NaN	517	NaN	667	0	4	363	0	0	0	403	-56	9015	-53	9479	-45	9130	-44	9496	15.419	-6.197
227.2	NaN	575	NaN	657	0	2	363	23	15	0	407	-2	9037	-2	9366	-1	9019	-1	9326	14.919	-2.014
227.3	NaN	576	NaN	654.9047619	0	10	363	25	17	0	405	0	8786	0	9107	0	8852	0	9198	14.8	-1.164
227.4	NaN	581	NaN	653.8095238	0	24	361	27	17	0	410	-0	8601	-0	9428	-0	8633	-0	9271	14.417	-2.432
227.5	NaN	576	NaN	652.7142857	0	30	361	27	16	0	408	0	8260	0	8954	-1	8437	0	9232	14.356	2.592
227.6	NaN	574	NaN	651.6190476	0	38	364	19	5	0	407	-6	8004	-4	9080	-5	7954	-3	8962	13.993	-4.313
227.7	NaN	546	NaN	650.5238095	0	32	363	19	9	0	407	-28	7320	-20	8768	-24	7701	-17	8842	13.577	-1.814
227.8	NaN	548	NaN	649.4285714	0	35	360	50	37	0	407	17	7955	43	8930	37	8159	96	9104	13.556	2.669
227.9	NaN	581	NaN	648.3333333	0	44	363	43	31	0	407	8	8175	26	8727	18	8107	56	8930	13.575	0.531
228	NaN	551	NaN	647.2380952	0	36	361	48	38	0	407	15	8043	38	8907	33	8281	84	9095	13.571	1.754
228.1	NaN	565	NaN	646.1428571	0	31	361	49	39	0	409	17	8071	37	8993	36	8275	81	9135	13.712	-0.626
228.2	NaN	535	NaN	645.047619	0	46	359	54	44	0	411	17	9243	53	9634	37	8370	116	9149	14.051	5.278
228.3	NaN	534	NaN	643.952381	0	38	362	67	55	0	409	19	8300	57	9412	41	10069	120	9966	14.166	0.995
228.4	NaN	542	NaN	642.8571429	0	30	359	74	64	0	410	24	9563	52	9496	52	8700	111	9666	14.516	4.391
228.5	NaN	559	NaN	641.7619048	0	32	363	62	49	0	409	23	9027	51	9585	48	9201	111	9840	14.824	1.834
228.6	NaN	547	NaN	640.6666667	0	28	359	62	52	0	408	25	9387	50	9796	53	9162	106	9961	15.056	4.147
228.7	NaN	535	NaN	639.5714286	0	31	364	62	52	0	408	25	10957	48	9915	53	9295	100	9993	15.38	3.59
228.8	NaN	539	NaN	638.4761905	0	27	359	55	43	0	409	26	9629	46	10145	55	9461	96	10253	15.656	3.455
228.9	NaN	594	NaN	637.3809524	0	10	363	54	45	0	408	32	9603	41	10195	66	9695	84	10429	15.95	4.979
229	NaN	547	NaN	636.2857143	0	7	363	54	45	0	409	33	10037	39	10328	65	9979	79	10447	16.345	4.215
229.1	NaN	550	NaN	635.1904762	0	-16	363	44	33	0	406	23	10223	18	10140	47	10322	35	10236	16.53	1.17
229.2	NaN	546	NaN	634.0952381	0	-21	358	51	48	0	407	46	10635	26	10060	93	10720	54	10311	16.701	2.973
229.3	NaN	580	NaN	617	0	-32	360	59	55	0	405	45	10841	23	10401	90	10883	46	10447	16.985	3.249
229.4	NaN	561	NaN	602	0	-38	359	100	100	0	405	47	11036	20	10333	92	11151	39	10571	17.171	1.741
229.5	NaN	551	NaN	610	0	-33	360	100	100	0	404	45	11168	21	10479	89	11234	44	10682	17.358	4.16
229.6	NaN	541	NaN	620	0	-12	357	100	100	0	406	32	11076	22	10834	56	11224	42	11129	17.581	1.934
229.7	NaN	558	NaN	581	0	15	361	100	100	0	406	25	10746	33	11160	49	10804	64	11237	17.804	2.41
229.8	NaN	566	NaN	576	0	16	359	100	100	0	406	23	10753	32	11437	46	10824	59	11583	17.967	2.06
229.9	NaN	562	NaN	588	0	19	363	100	100	0	405	19	10983	26	11413	36	10910	53	11551	18.137	1.2
230	NaN	559	NaN	595	0	5	365	100	100	0	405	22	10984	23	11437	41	11047	45	11587	18.203	1.786
230.1	NaN	551	NaN	635	0	-4	366	100	100	0	406	14	11166	14	11230	28	11243	28	11309	18.288	-0.419
230.2	NaN	544	NaN	642	1	-3	359	100	100	0	409	13	11244	13	11255	25	11251	23	11362	18.284	0.038
230.3	NaN	542	NaN	631	1	-3	358	100	100	0	406	13	11179	12	11335	25	11282	24	11333	18.366	-0.103
230.4	NaN	550	NaN	632	1	-3	362	100	100	0	407	13	11222	12	11250	25	11270	23	11363	18.358	1.064
230.5	NaN	541	NaN	660	1	-7	360	100	100	0	405	13	11329	10	11322	22	11365	20	11273	18.364	0.395
230.6	NaN	541	NaN	644	1	-8	364	100	100	0	405	11	11368	9	11336	21	11321	19	11283	18.298	-2.063
230.7	NaN	543	NaN	651	1	-5	357	100	100	0	404	15	11256	13	11237	28	11325	27	11323	18.408	3.54
230.8	NaN	543	NaN	675	1	-6	359	100	100	0	408	9	11314	8	11324	17	11318	15	11416	18.327	-0.383
230.9	NaN	543	NaN	649	1	-3	363	100	100	0	407	13	11241	13	11342	25	11301	23	11344	18.362	1.215
231	NaN	540	NaN	634	1	-2	361	100	100	0	404	11	11185	11	11278	22	11308	21	11359	18.369	0.543
231.1	NaN	539	NaN	666	1	-2	360	100	91	0	405	12	11286	12	11314	24	11273	23	11395	18.407	-0.728
231.2	NaN	543	NaN	639	1	1	359	100	100	0	404	12	11193	12	11374	23	11279	23	11388	18.447	0.536
231.3	NaN	555	NaN	672	1	-1	361	100	93	0	406	12	11268	11	11362	23	11289	23	11454	18.426	0.541
231.4	NaN	570	NaN	567	0	2	361	0	0	0	408	-9	11107	-9	11337	-7	11098	-7	11256	18.372	-3.678
231.5	NaN	536	NaN	700	0	1	361	0	0	0	405	-31	10841	-29	11044	-22	10788	-22	11110	18.023	-4.593
231.6	NaN	525	NaN	685	0	1	358	0	0	0	405	-49	10593	-49	10782	-37	10341	-38	10731	17.568	-5.251
231.7	NaN	525	NaN	676	0	2	366	0	0	0	408	-52	10114	-50	10401	-39	10104	-38	10369	16.957	-7.109
231.8	NaN	518	NaN	668	0	3	475	0	0	0	495	-54	9643	-51	9996	-42	9597	-41	9896	16.304	-8.376
231.9	NaN	527	NaN	668	0	0	532	0	0	0	571	-56	9078	-55	9502	-44	9145	-44	9369	15.556	-6.174
232	NaN	523	NaN	696	0	-9	597	0	0	0	608	-54	8791	-57	8911	-43	8638	-46	8680	14.716	-8.61
232.1	NaN	530	NaN	699	0	-19	567	0	0	0	563	-49	8493	-59	8171	-41	8425	-49	7717	13.834	-9.248
232.2	NaN	530	NaN	676	0	-27	379	0	0	0	416	-47	8162	-61	7555	-40	8137	-51	6229	13.056	-7.877
232.3	NaN	521	NaN	729	0	-46	359	2	3	0	401	-42	7814	-66	6791	-36	7870	-57	3139	12.404	-7.925
232.4	NaN	577	NaN	681	0	-50	361	21	23	0	403	-0	7773	-0	6732	-0	7855	-0	1387	11.969	-2.23
232.5	NaN	586	NaN	569	0	-46	358	27	26	0	403	0	7650	0	6537	0	7680	0	2769	11.656	-1.656
232.6	NaN	573	NaN	693	0	-1	360	40	31	0	405	16	7423	14	6724	36	7591	34	6861	11.488	0.152
232.7	NaN	572	NaN	669	0	24	361	40	31	0	407	10	6826	19	7376	24	6908	43	7483	11.663	0.895
232.8	NaN	615	NaN	629	0	41	363	41	31	0	407	8	6736	22	7567	18	6811	50	7694	11.665	0.161
232.9	NaN	580	NaN	669.7916667	0	65	363	31	16	0	405	0	6438	1	7395	0	6548	0	7553	11.649	-3.422
233	NaN	566	NaN	669.0833333	0	53	364	46	34	0	407	6	6315	32	7619	14	6392	75	7755	11.297	1.099
233.1	NaN	546	NaN	668.375	0	56	361	48	37	0	407	8	6447	41	7626	18	6515	94	7788	11.452	1.068
233.2	NaN	567	NaN	667.6666667	0	55	363	46	32	0	407	6	6391	32	7665	14	6538	72	7833	11.483	1.167
233.3	NaN	566	NaN	666.9583333	0	58	362	46	31	0	404	5	6371	33	7607	12	6571	77	7849	11.492	-0.014
233.4	NaN	590	NaN	666.25	0	56	361	62	51	0	405	10	6402	69	7838	26	6759	146	8116	11.497	1.661
233.5	NaN	525	NaN	665.5416667	0	57	360	97	86	0	408	12	6834	75	8040	28	7114	146	8247	11.753	2.82
233.6	NaN	526	NaN	664.8333333	0	53	360	100	100	0	409	15	7268	72	8120	33	7114	148	8379	12.009	2.538
233.7	NaN	523	NaN	664.125	0	41	362	100	100	0	407	21	8747	64	8229	47	7530	149	8484	12.306	4.325
233.8	NaN	551	NaN	663.4166667	0	29	364	100	100	0	408	27	7853	57	8377	61	7809	128	8619	12.668	3.46
233.9	NaN	549	NaN	662.7083333	0	23	362	100	100	0	406	29	10424	51	8550	64	8132	112	8565	13.078	5.011
234	NaN	549	NaN	662	0	23	363	100	100	0	410	26	8075	53	8762	62	9211	118	8837	13.466	0.943
234.1	NaN	539	NaN	661.2916667	0	10	363	100	100	0	407	37	8878	44	8957	76	8462	94	9031	13.871	6.416
234.2	NaN	557	NaN	660.5833333	0	17	357	100	100	0	407	30	8525	48	9170	66	8904	101	9216	14.413	-0.903
234.3	NaN	568	NaN	659.875	0	9	363	100	100	0	409	35	9176	42	9386	74	9064	87	9530	14.741	5.994
234.4	NaN	561	NaN	659.1666667	0	15	361	100	100	0	408	31	9294	44	9541	65	9491	92	9708	15.253	2.443
234.5	NaN	535	NaN	658.4583333	0	14	360	100	100	0	408	32	9548	42	9932	65	9561	86	10030	15.606	3.421
234.6	NaN	537	NaN	657.75	0	12	359	100	100	0	406	32	9685	41	10066	65	9772	84	10114	16.032	3.123
234.7	NaN	550	NaN	657.0416667	0	9	362	100	100	0	409	32	9879	40	10270	66	9997	80	10405	16.373	2.714
234.8	NaN	543	NaN	656.3333333	0	5	363	100	100	0	408	33	10180	37	10471	68	10175	75	10595	16.741	5.241
234.9	NaN	540	NaN	655.625	1	7	361	100	100	0	408	32	10396	37	10712	64	10495	72	10757	17.101	2.522
235	NaN	532	NaN	654.9166667	1	2	357	100	100	0	407	32	10676	33	10815	62	10705	66	10972	17.415	3.918
235.1	NaN	565	NaN	654.2083333	1	1	358	100	100	0	407	27	10909	27	11026	51	10815	55	11088	17.717	3.667
235.2	NaN	560	NaN	602	1	0	359	100	100	0	407	22	10949	23	11115	44	11033	43	11163	17.881	2.782
235.3	NaN	556	NaN	634	1	-0	358	100	99	0	406	20	11025	19	11120	38	11069	37	11192	18.075	0.516
235.4	NaN	554	NaN	633	0	-2	361	28	21	0	406	7	11090	8	11228	16	11124	10	11177	18.167	0.17
235.5	NaN	561	NaN	638	0	-0	358	0	0	0	404	-20	10822	-20	10843	-15	10883	-15	10883	17.953	-2.82
235.6	NaN	532	NaN	655	0	0	360	0	0	0	406	-40	10629	-40	10847	-29	10500	-30	10729	17.529	-4.879
235.7	NaN	526	NaN	646	0	-1	360	0	0	0	404	-52	10215	-51	10258	-40	10209	-39	10305	16.99	-4.857
235.8	NaN	530	NaN	658	0	-0	460	0	0	0	489	-54	9771	-53	9871	-42	9716	-42	9624	16.379	-6.429
235.9	NaN	523	NaN	654	0	-0	637	0	0	0	606	-56	9338	-56	9414	-43	9220	-44	9188	15.556	-9.405
236	NaN	526	NaN	653	0	0	634	0	0	0	615	-55	8708	-55	8929	-46	8737	-45	8839	14.66	-6.609
236.1	NaN	526	NaN	672	0	4	648	0	0	0	635	-55	8092	-54	8438	-47	7976	-44	8292	13.795	-9.064
236.2	NaN	532	NaN	676	0	6	648	7	0	0	631	-50	7564	-47	7925	-43	7369	-40	7546	12.878	-9.566
236.3	NaN	567	NaN	709	0	7	602	16	8	0	581	-23	7205	-21	7608	-20	7149	-19	7529	12.21	-6.977
236.4	NaN	565	NaN	677	0	26	415	17	9	0	441	-21	6616	-16	7433	-18	6681	-14	7445	11.725	-5.4
236.5	NaN	558	NaN	703	0	52	361	0	0	0	402	-42	5641	-24	7230	-36	5950	-22	7295	11.296	-5.341
236.6	NaN	556	NaN	694	0	62	363	10	0	0	403	-50	5232	-32	6951	-53	2877	-28	6970	10.647	-5.061
236.7	NaN	598	NaN	588	0	61	361	47	36	0	405	4	5533	33	7080	9	3967	89	7269	10.127	-2.535
236.8	NaN	611	NaN	626	0	64	360	42	28	0	405	3	5514	27	6979	7	5655	62	7254	10.145	2.51
236.9	NaN	600	NaN	662	0	64	360	41	31	0	405	1	5145	18	6532	3	5390	42	6819	9.92	-1.133
237	NaN	610	NaN	635	0	59	361	41	30	0	407	3	5166	26	6559	7	5315	61	6862	9.678	1.091
237.1	NaN	566	NaN	589	0	44	361	49	40	0	407	11	5318	43	6570	27	5810	104	7012	9.625	3.208
237.2	NaN	557	NaN	550	0	26	361	67	57	0	407	27	5986	66	6595	71	6446	134	6803	9.802	2.845
237.3	NaN	548	NaN	565	0	-6	361	67	60	0	408	53	6581	47	6724	127	6961	111	6838	10.402	6.212
237.4	NaN	558	NaN	657	0	-37	364	32	26	0	404	29	6874	8	6420	43	6854	19	6463	10.992	1.372
237.5	NaN	552	NaN	762	0	-51	362	38	40	0	405	33	7233	8	6136	77	7208	17	6348	10.7	-0.932
237.6	NaN	584	NaN	687	0	-72	363	20	9	0	403	-6	6739	-12	5606	-6	6896	-11	5869	10.591	-2.613
237.7	NaN	578	NaN	570	0	-71	364	37	38	0	404	26	6879	1	5670	70	6957	1	4942	10.151	-2.836
237.8	NaN	561	NaN	679	0	-69	358	49	44	0	404	47	7306	3	5565	130	7466	9	5642	10.203	4.237
237.9	NaN	559	NaN	694	0	-67	359	87	84	0	406	61	7122	7	5528	130	7409	18	5990	10.399	3.673
238	NaN	585	NaN	696	0	-52	356	100	100	0	404	55	7432	14	5770	128	7500	30	6077	10.497	6.559
238.1	NaN	576	NaN	583	0	-32	360	100	100	0	406	59	7458	23	5918	130	8491	54	9840	10.663	1.079
238.2	NaN	574	NaN	573	0	-13	358	100	100	0	407	48	7295	35	7266	111	7687	84	9429	10.949	7.828
238.3	NaN	570	NaN	622	0	-15	364	100	100	0	406	48	7434	33	6733	109	7931	31	11034	11.239	3.081
238.4	NaN	558	NaN	615	0	-10	358	100	100	0	406	44	7555	34	7512	103	7983	32	10830	11.472	6.742
238.5	NaN	567	NaN	574	0	-12	357	100	100	0	406	45	7501	34	8872	101	7752	78	10360	11.954	4.837
238.6	NaN	557	NaN	559	0	-11	360	100	100	0	406	47	7836	37	8406	103	8041	83	7912	12.541	5.306
238.7	NaN	555	NaN	567	0	-10	358	100	100	0	406	47	8146	38	8152	102	8321	84	8186	13.139	6.811
238.8	NaN	570	NaN	570	0	-10	362	100	100	0	407	45	8567	36	8446	97	8648	77	8539	13.646	5.552
238.9	NaN	560	NaN	577	0	-8	357	100	100	0	409	43	8857	36	8780	93	8856	76	8840	14.151	5.035
239	NaN	565	NaN	566	1	-4	357	100	100	0	409	41	9133	36	9062	86	9150	78	9177	14.635	5.074
239.1	NaN	571	NaN	579	1	-1	363	100	100	0	406	37	9302	36	9359	79	9392	78	9530	15.105	5.315
239.2	NaN	601	NaN	571	1	-1	359	100	100	0	407	37	9541	37	9694	78	9665	76	9821	15.525	3.92
239.3	NaN	554	NaN	578	1	2	360	100	100	0	407	35	9740	37	10012	72	9863	77	10109	15.946	3.566
239.4	NaN	560	NaN	571	1	-1	359	99	88	0	408	36	10027	35	10201	74	10055	72	10307	16.365	4.595
239.5	NaN	576	NaN	587	1	-1	364	74	63	0	408	35	10355	35	10432	70	10345	70	10533	16.774	5.155
239.6	NaN	545	NaN	588	0	-3	360	66	55	0	409	36	10523	33	10739	71	10641	66	10784	17.101	5.524
239.7	NaN	626	NaN	585	0	-0	360	60	49	0	408	32	10696	32	10814	61	10757	62	11003	17.508	3.4
239.8	NaN	573	NaN	611	0	0	359	54	43	0	407	24	10832	25	11050	47	10942	47	11109	17.797	2.109
239.9	NaN	572	NaN	615	0	1	360	46	35	0	407	22	10922	22	11211	44	11018	44	11257	17.974	1.154
240	NaN	587	NaN	569	0	-1	362	16	5	0	408	-11	10785	-11	11012	-8	10706	-9	10979	17.943	-1.896
240.1	NaN	558	NaN	578.6111111	0	2	359	0	0	0	407	-31	10503	-31	10986	-24	10555	-23	10818	17.609	-4.553
240.2	NaN	551	NaN	579.7222222	0	5	362	0	0	0	405	-52	10216	-49	10553	-39	10078	-37	10516	17.11	-6.636
240.3	NaN	553	NaN	580.8333333	0	13	360	0	0	0	404	-57	9520	-50	10213	-44	9559	-39	10191	16.496	-6.685
240.4	NaN	570	NaN	581.9444444	0	12	363	16	7	0	404	-38	9165	-35	10053	-28	8922	-26	9959	15.853	-6.128
240.5	NaN	591	NaN	583.0555556	0	0	361	20	13	0	405	-10	9211	-10	9609	-8	9260	-8	9591	15.513	-2.676
240.6	NaN	597	NaN	584.1666667	0	7	360	20	13	0	406	-10	9133	-9	9354	-8	9178	-8	9414	15.264	-2.418
240.7	NaN	591	NaN	585.2777778	0	18	358	20	12	0	407	-11	8671	-10	9460	-9	8797	-8	9470	15.006	-1.835
240.8	NaN	567	NaN	586.3888889	0	25	358	19	5	0	404	-25	7994	-20	9251	-21	8272	-16	9282	14.722	-2.843
240.9	NaN	607	NaN	587	0	23	361	24	14	0	405	-3	8021	-3	9200	-3	8014	-3	9157	14.351	-1.763
241	NaN	599	NaN	590	0	24	365	29	19	0	405	-0	8037	-0	8932	-0	7972	-0	9064	14.105	-1.611
241.1	NaN	601	NaN	588	0	26	365	29	19	0	407	-0	7901	-0	8872	-0	7882	-0	8932	13.824	-1.598
241.2	NaN	600	NaN	586	0	25	365	29	19	0	408	-0	7631	-0	8611	-0	7886	-0	8763	13.646	-0.074
241.3	NaN	605	NaN	586	0	24	359	29	19	0	408	-0	7699	-0	8588	-0	7656	-0	8577	13.415	-2.383
241.4	NaN	604	NaN	588	0	26	361	30	21	0	408	0	7348	0	8405	0	7592	0	8464	13.273	-1.887
241.5	NaN	590	NaN	583	0	34	364	32	22	0	409	1	7376	4	8438	3	7507	8	8426	13.092	-0.886
241.6	NaN	590	NaN	606	0	33	360	32	22	0	407	1	7288	4	8381	3	7311	9	8381	12.876	-1.296
241.7	NaN	595	NaN	584.2901235	0	37	358	41	31	0	406	6	7216	18	8416	15	7332	40	8395	12.658	1.935
241.8	NaN	569	NaN	582.941358	0	38	364	41	28	0	406	7	7354	20	8304	16	7343	45	8427	12.744	-0.979
241.9	NaN	574	NaN	581.5925926	0	34	361	38	24	0	408	6	7261	17	8156	15	7400	39	8276	12.773	-0.972
242	NaN	599	NaN	580.2438272	0	35	364	29	15	0	407	-0	6999	-1	8053	0	7111	-0	8098	12.501	-2.062
242.1	NaN	595	NaN	578.8950617	0	40	362	21	7	0	406	-12	6829	-8	7861	-10	6801	-7	7894	12.225	-4.168
242.2	NaN	566	NaN	577.5462963	0	51	358	20	8	0	406	-21	6316	-12	7589	-19	6424	-11	7670	11.814	-5.53
242.3	NaN	583	NaN	576.1975309	0	53	361	33	23	0	408	1	6356	6	7513	3	6440	14	7608	11.525	-3.091
242.4	NaN	614	NaN	574.8487654	0	52	363	40	30	0	406	5	6252	23	7463	11	6514	53	7604	11.318	-1.495
242.5	NaN	550	NaN	585	0	54	359	58	48	0	406	12	6368	58	7564	27	6523	147	7737	11.342	1.453
242.6	NaN	537	NaN	580	0	53	363	83	73	0	407	16	6643	68	7831	35	6760	146	7896	11.617	1.503
242.7	NaN	540	NaN	571	0	50	360	91	82	0	408	16	7022	66	8045	37	6890	147	8157	11.97	3.941
242.8	NaN	550	NaN	559	0	45	360	100	100	0	406	18	7576	68	8224	41	7238	141	8374	12.285	5.247
242.9	NaN	530	NaN	573	0	39	363	100	100	0	409	24	8312	62	8331	52	7596	141	8494	12.612	4.242
243	NaN	551	NaN	565	0	36	358	100	100	0	408	23	8200	62	8457	51	7768	134	8638	13.014	3.285
243.1	NaN	565	NaN	570	0	17	359	100	100	0	410	32	8055	51	8650	69	8057	108	8832	13.387	4.107
243.2	NaN	556	NaN	559	0	16	362	100	100	0	408	33	8317	48	8781	71	8348	105	8953	13.845	3.663
243.3	NaN	546	NaN	586	0	15	363	100	100	0	409	32	8589	46	9062	70	8570	100	9200	14.259	5.711
243.4	NaN	545	NaN	565	0	14	362	100	100	0	408	33	8808	44	9350	70	8848	96	9443	14.644	2.878
243.5	NaN	548	NaN	556	0	9	356	100	100	0	406	34	9283	41	9492	72	9155	88	9572	15.057	4.764
243.6	NaN	568	NaN	565	0	4	359	100	100	0	408	35	9360	39	9654	75	9491	81	9802	15.407	3.287
243.7	NaN	579	NaN	572	1	3	359	100	100	0	406	36	9602	38	9774	74	9715	79	9980	15.777	3.488
243.8	NaN	585	NaN	576	1	-1	361	100	100	0	407	37	9855	35	10048	75	9924	72	10125	16.157	3.907
243.9	NaN	565	NaN	589	1	-3	363	100	100	0	409	37	10150	35	10210	75	10218	70	10303	16.481	3.276
244	NaN	555	NaN	574	1	-5	361	100	100	0	406	37	10364	34	10317	74	10447	67	10481	16.828	2.298
244.1	NaN	541	NaN	579	1	-6	360	100	100	0	407	36	10574	33	10587	73	10628	65	10666	17.169	4.64
244.2	NaN	550	NaN	588	1	-6	358	100	100	0	406	30	10772	27	10734	60	10868	54	10835	17.459	2.631
244.3	NaN	555	NaN	595	1	-4	362	100	100	0	407	27	10855	25	10817	54	10963	49	10997	17.702	2.731
244.4	NaN	576	NaN	626	1	-4	361	100	100	0	407	23	10951	20	11060	45	11041	40	11065	17.901	1.107
244.5	NaN	571	NaN	630	1	-3	361	100	100	0	405	18	11100	17	11032	35	11162	32	11114	17.999	0.056
244.6	NaN	592	NaN	609	1	-4	359	100	100	0	407	20	11058	18	11177	38	11093	36	11190	18.166	2.808
244.7	NaN	562	NaN	667	1	-2	361	100	100	0	407	15	11230	13	11190	28	11271	24	11199	18.194	0.226
244.8	NaN	570	NaN	630	1	-4	363	100	100	0	405	16	11142	15	11197	32	11192	29	11281	18.262	0.95
244.9	NaN	579	NaN	639	1	-2	358	100	100	0	405	14	11222	13	11286	28	11276	26	11301	18.298	0.028
245	NaN	557	NaN	671	1	-1	357	100	100	0	407	12	11225	12	11207	23	11254	21	11305	18.32	-0.626
245.1	NaN	561	NaN	640	1	-3	363	100	100	0	406	12	11186	12	11325	25	11244	23	11365	18.37	0.017
245.2	NaN	572	NaN	651	1	-3	358	100	100	0	407	11	11277	10	11219	21	11320	19	11327	18.368	0.247
245.3	NaN	559	NaN	638	1	-4	361	100	100	0	406	13	11237	12	11394	26	11254	25	11354	18.405	-0.432
245.4	NaN	564	NaN	655	1	-4	363	100	100	0	407	10	11290	10	11241	20	11335	18	11348	18.408	-1.129
245.5	NaN	557	NaN	640	1	-3	363	100	100	0	406	11	11252	11	11410	22	11232	21	11382	18.415	-0.35
245.6	NaN	561	NaN	647	1	-2	359	100	100	0	405	12	11316	11	11216	24	11345	21	11343	18.428	0.409
245.7	NaN	567	NaN	651	1	-3	358	100	100	0	407	11	11247	11	11366	22	11264	21	11371	18.426	-0.37
245.8	NaN	571	NaN	645	1	-5	361	100	100	0	404	12	11315	11	11350	22	11354	21	11357	18.419	0.14
245.9	NaN	568	NaN	647	1	-1	358	100	100	0	404	11	11289	10	11310	20	11271	19	11355	18.435	-0.286
246	NaN	567	NaN	678	1	0	363	100	100	0	406	13	11205	12	11380	25	11310	25	11409	18.437	1.587
246.1	NaN	571	NaN	663	1	-1	358	100	100	0	407	10	11244	11	11298	20	11365	19	11393	18.428	1.189
246.2	NaN	584	NaN	625	1	1	362	100	100	0	407	14	11197	14	11491	27	11257	29	11473	18.443	0.857
246.3	NaN	572	NaN	656	1	10	362	100	100	0	405	12	11179	14	11416	22	11211	26	11554	18.458	-0.08
246.4	NaN	574	NaN	600	0	20	358	100	100	0	407	16	11020	23	11805	30	11052	46	11825	18.519	0.158
246.5	NaN	567	NaN	632	0	22	362	100	100	0	407	12	10994	18	11718	21	11053	40	11859	18.556	0.419
246.6	NaN	580	NaN	588	0	11	362	100	100	0	406	22	10993	25	11815	39	10981	52	11961	18.511	0.96
246.7	NaN	563	NaN	636	0	-4	358	100	100	0	407	15	11197	14	11524	29	11514	26	11687	18.519	1.059
246.8	NaN	563	NaN	635	0	-10	358	100	100	0	403	9	11395	7	11300	17	11430	16	11338	18.525	-0.682
246.9	NaN	548	NaN	640	0	-9	360	75	67	0	405	13	11473	9	11206	23	11518	20	11304	18.501	-0.719
247	NaN	553	NaN	648	0	-10	361	48	39	0	404	14	11373	12	11279	28	11441	21	11318	18.494	0.545
247.1	NaN	588	NaN	634	0	-10	364	25	18	0	404	5	11384	5	11188	10	11420	5	11247	18.393	-1.172
247.2	NaN	554	NaN	651	0	-9	357	0	0	0	403	-18	11138	-19	10985	-13	11168	-15	10901	18.166	-3.697
247.3	NaN	544	NaN	712	0	-12	467	0	0	0	491	-37	10664	-41	10592	-27	10786	-30	10579	17.7	-4.878
247.4	NaN	530	NaN	707	0	-11	523	0	0	0	515	-50	10439	-56	10117	-38	10394	-42	9650	16.977	-7.773
247.5	NaN	532	NaN	693	0	-15	715	0	0	0	701	-52	9776	-59	9416	-40	9796	-47	8668	16.128	-9.725
247.6	NaN	534	NaN	705	0	-15	691	0	0	0	649	-51	9300	-61	8783	-41	9295	-48	6156	15.136	-10.32
247.7	NaN	539	NaN	815	0	-18	687	0	0	0	645	-50	8757	-61	8276	-41	8726	-39	3710	14.228	-8.845
247.8	NaN	542	NaN	780	0	-25	501	0	0	0	517	-48	8264	-61	7573	-40	8307	-47	3979	13.322	-8.801
247.9	NaN	568	NaN	586	0	-40	359	9	7	0	400	-26	8080	-39	7212	-22	8098	-5	2861	12.691	-5.608
248	NaN	608	NaN	583	0	-53	363	24	22	0	402	0	7824	-0	6778	0	7947	-0	3207	12.267	-2.143
248.1	NaN	608	NaN	588	0	-56	363	27	23	0	406	1	7654	0	6543	2	7760	0	6500	11.891	-3.127
248.2	NaN	586	NaN	567	0	-56	363	32	33	0	403	16	7638	2	6374	39	7810	6	6262	11.507	-1.748
248.3	NaN	564	NaN	685	0	-59	362	44	41	0	406	41	7541	6	6303	101	7788	13	6622	11.436	0.959
248.4	NaN	587	NaN	688	0	-59	360	63	63	0	404	63	7873	12	6603	127	7973	28	6933	11.593	4.052
248.5	NaN	594	NaN	703	0	-49	359	66	64	0	407	61	8228	15	6740	123	8532	36	7539	11.817	2.998
248.6	NaN	588	NaN	688	0	-40	361	67	65	0	406	62	8085	21	7832	125	8321	48	7991	12.152	5.08
248.7	NaN	590	NaN	587	0	-32	364	68	67	0	406	57	8195	24	7678	124	8472	54	9411	12.427	3.68
248.8	NaN	564	NaN	569	0	-19	359	72	64	0	407	52	8285	33	8193	115	8385	73	8104	12.903	4.238
248.9	NaN	569	NaN	576	0	-11	359	71	64	0	407	47	8363	36	8269	103	8458	79	8274	13.439	4.824
249	NaN	590	NaN	579	0	-9	362	72	65	0	409	45	8635	36	8561	97	8700	78	8608	13.932	3.529
249.1	NaN	580	NaN	586	0	-9	363	72	64	0	408	45	8935	33	8788	98	8990	71	8878	14.407	3.859
249.2	NaN	605	NaN	596	0	-12	361	9	0	0	407	-3	9010	-3	8882	-6	9050	-5	8941	14.713	-3.672
249.3	NaN	568	NaN	678	0	-10	394	0	0	0	426	-20	8887	-22	8713	-16	8892	-18	8742	14.456	-2.313
249.4	NaN	556	NaN	694	0	-15	360	0	0	0	404	-37	8586	-43	8316	-31	8679	-35	8466	14.026	-3.596
249.5	NaN	546	NaN	660	0	-37	360	0	0	0	405	-46	8353	-64	7616	-39	8289	-53	6970	13.474	-7.059
249.6	NaN	609	NaN	585	0	-43	360	20	21	0	405	0	8355	0	7364	0	8415	0	4430	12.954	-1.455
249.7	NaN	610	NaN	588	0	-43	362	31	26	0	406	1	8063	0	7108	3	8175	1	6988	12.694	-2.091
249.8	NaN	585	NaN	620	0	-40	359	47	49	0	404	44	8445	16	7150	96	8577	36	8497	12.524	0.373
249.9	NaN	563	NaN	656	0	-57	357	52	41	0	407	53	8507	12	7772	120	8545	26	7582	12.893	5.247
250	NaN	583	NaN	646	0	-46	364	46	44	0	405	46	8489	12	7437	102	8753	26	8066	12.961	0.72
250.1	NaN	579.5	NaN	608	0	-36	359	24	15	0	406	1	8281	1	7504	2	8288	0	7525	13.071	-1.614
250.2	NaN	576	NaN	608	0	-40	363	18	17	0	405	-7	8275	-11	7260	-7	8155	-8	6374	12.69	-5.873
250.3	NaN	572.5	NaN	610.1428571	0	-47	360	26	22	0	406	-0	7945	-0	6998	-0	8060	-0	6369	12.381	-1.564
250.4	NaN	569	NaN	606.2857143	0	-57	357	27	22	0	404	0	7641	0	6797	0	7693	0	6746	12.124	-3.568
250.5	NaN	566	NaN	602.4285714	0	-57	362	40	40	0	405	35	7868	6	6623	80	7958	14	6716	11.816	1.042
250.6	NaN	559	NaN	598.5714286	0	-55	359	43	40	0	405	40	7807	7	6664	91	7956	16	6926	11.926	1.868
250.7	NaN	569	NaN	594.7142857	0	-54	358	47	48	0	403	50	7998	9	6657	116	8164	23	7091	11.921	2.313
250.8	NaN	564	NaN	590.8571429	0	-53	359	45	41	0	405	42	8033	8	6768	97	8174	20	7064	12.091	2.571
250.9	NaN	569	NaN	601	0	-17	357	53	51	0	405	47	8115	30	7116	106	8493	69	8409	12.293	4.638
251	NaN	587	NaN	644	0	13	361	46	33	0	408	16	7671	21	7776	37	7840	49	7950	12.67	1.57
251.1	NaN	570	NaN	573	0	30	359	51	40	0	410	19	7620	40	8340	43	7756	89	8466	12.956	1.356
251.2	NaN	544	NaN	550	0	42	361	56	45	0	408	18	7786	56	8666	40	7948	123	8782	13.212	3.368
251.3	NaN	549	NaN	555	0	39	358	56	45	0	407	19	8172	55	8841	42	8244	118	8986	13.509	2.146
251.4	NaN	543	NaN	554	0	38	362	57	47	0	409	20	8280	56	9106	46	8229	127	9246	13.785	3.154
251.5	NaN	541	NaN	560	0	39	364	60	51	0	408	22	8707	57	9267	47	8450	121	9367	14.109	3.606
251.6	NaN	564	NaN	589	0	34	359	71	62	0	406	22	9648	57	9372	48	8632	116	9510	14.395	3.578
251.7	NaN	562	NaN	557	0	14	363	96	87	0	408	29	9446	44	9445	65	8878	97	9627	14.746	5.152
251.8	NaN	558	NaN	573	0	-10	362	100	100	0	407	42	9373	34	9351	89	9432	70	9497	15.208	4.599
251.9	NaN	584	NaN	587	0	-18	357	100	100	0	408	44	9741	29	9499	93	9865	62	9607	15.582	4.024
252	NaN	578	NaN	600	0	-29	357	100	100	0	406	47	10130	24	9645	97	10265	51	9680	15.926	3.345
252.1	NaN	580	NaN	602	0	-31	357	100	100	0	405	47	10363	24	9722	96	10390	48	9989	16.239	3.349
252.2	NaN	565	NaN	601	0	-31	357	100	100	0	404	47	10572	23	9924	97	10703	48	10017	16.503	3.574
252.3	NaN	573	NaN	578	0	-26	360	100	100	0	406	44	10683	25	10161	88	10848	51	10662	16.78	3.134
252.4	NaN	571	NaN	584	0	-20	356	100	100	0	406	41	10774	27	10366	82	10886	54	10520	17.069	3.859
252.5	NaN	554	NaN	587	0	-4	358	100	100	0	407	36	10773	31	10642	70	10922	61	10779	17.401	3.32
252.6	NaN	575	NaN	589	0	0	358	100	100	0	407	27	10803	27	11029	51	10840	53	11043	17.674	2.661
252.7	NaN	575	NaN	621	1	2	360	100	100	0	407	24	10849	25	11073	47	10966	48	11179	17.897	1.985
252.8	NaN	583	NaN	622	1	2	359	100	100	0	408	20	10973	22	11233	39	11062	41	11343	18.078	2.789
252.9	NaN	569	NaN	641	1	-1	362	100	100	0	408	17	11057	17	11259	34	11089	34	11344	18.206	-0.167
253	NaN	573	NaN	638	1	-2	360	100	100	0	406	16	11130	16	11259	31	11224	28	11353	18.302	0.353
253.1	NaN	559	NaN	650	1	-2	359	100	100	0	407	13	11207	12	11320	26	11202	25	11348	18.368	0.443
253.2	NaN	560	NaN	650	1	-2	362	100	100	0	403	12	11215	12	11302	25	11318	24	11390	18.393	0.442
253.3	NaN	582	NaN	636	1	-2	359	100	100	0	405	12	11196	12	11428	24	11240	24	11468	18.441	0.59
253.4	NaN	565	NaN	634	1	-2	356	100	100	0	407	13	11217	13	11369	24	11292	25	11481	18.499	-0.028
253.5	NaN	559	NaN	648	1	-1	364	100	100	0	406	12	11252	12	11516	22	11305	22	11543	18.514	0.374
253.6	NaN	563	NaN	663	1	-2	361	100	100	0	407	10	11283	10	11412	20	11312	19	11473	18.527	0.014
253.7	NaN	563	NaN	643	1	-4	360	100	100	0	404	11	11273	10	11485	21	11353	20	11476	18.593	-0.087
253.8	NaN	573	NaN	656	1	-3	362	100	100	0	405	8	11331	7	11346	16	11360	14	11454	18.571	1.007
253.9	NaN	577	NaN	640	1	-5	359	100	100	0	406	9	11332	9	11506	18	11374	17	11473	18.563	-0.293
254	NaN	573	NaN	692	1	-5	357	100	100	0	406	9	11381	8	11372	16	11341	14	11424	18.573	0.108
254.1	NaN	578	NaN	633	1	-6	362	100	100	0	409	9	11326	7	11459	16	11405	15	11444	18.552	-0.087
254.2	NaN	578	NaN	667	1	-6	360	100	100	0	406	8	11377	8	11376	15	11331	13	11418	18.544	0.585
254.3	NaN	565	NaN	640	1	-3	359	100	100	0	405	10	11302	9	11429	19	11381	18	11440	18.562	0.007
254.4	NaN	573	NaN	664	1	-5	358	100	100	0	405	9	11350	9	11428	17	11326	17	11452	18.552	0.392
254.5	NaN	571	NaN	645	1	-2	361	100	100	0	406	9	11339	9	11425	18	11382	17	11464	18.547	-0.081
254.6	NaN	563	NaN	644	1	-3	361	100	100	0	406	10	11326	9	11455	20	11342	18	11476	18.559	0.007
254.7	NaN	566	NaN	648	1	-2	359	100	100	0	407	9	11297	9	11433	17	11368	16	11518	18.555	0.228
254.8	NaN	567	NaN	666	1	-2	359	100	100	0	406	10	11279	10	11500	20	11355	19	11522	18.562	0.839
254.9	NaN	570	NaN	640	1	-2	358	100	100	0	406	9	11315	9	11452	16	11301	15	11523	18.581	-0.169
255	NaN	570	NaN	641	1	-1	362	100	100	0	407	10	11319	10	11572	20	11376	21	11558	18.589	-0.358
255.1	NaN	583	NaN	645	1	0	364	100	100	0	404	9	11339	9	11457	17	11334	17	11555	18.588	0.923
255.2	NaN	559	NaN	670	1	-1	361	100	100	0	406	9	11296	9	11579	18	11362	18	11571	18.599	-0.587
255.3	NaN	568	NaN	660	1	0	360	100	100	0	406	10	11314	9	11502	17	11316	19	11577	18.59	-0.109
255.4	NaN	560	NaN	633	1	-2	362	100	100	0	407	10	11283	10	11611	20	11370	20	11576	18.632	-0.527
255.5	NaN	562	NaN	660	1	0	360	100	100	0	407	10	11332	10	11501	18	11331	17	11597	18.628	0.573
255.6	NaN	580	NaN	659	1	-4	360	100	100	0	407	7	11365	6	11546	14	11409	13	11523	18.627	-0.504
255.7	NaN	584	NaN	636	1	-8	360	100	100	0	405	7	11420	5	11366	12	11381	11	11433	18.61	-0.578
255.8	NaN	572	NaN	667	0	-10	359	100	100	0	407	9	11414	7	11408	16	11494	14	11419	18.601	-0.373
255.9	NaN	575	NaN	620	0	-9	357	100	100	0	405	9	11487	7	11305	18	11486	14	11357	18.561	-0.76
256	NaN	567	NaN	680	0	-12	358	100	100	0	406	11	11479	8	11399	18	11513	17	11378	18.574	0.519
256.1	NaN	579	NaN	629	0	-12	359	100	100	0	406	8	11492	7	11325	16	11492	13	11328	18.575	-1.435
256.2	NaN	555	NaN	666	0	-11	357	100	100	0	405	13	11484	9	11339	24	11527	20	11390	18.597	0.944
256.3	NaN	571	NaN	640	0	-9	362	100	100	0	403	8	11467	6	11304	14	11530	11	11342	18.56	-0.814
256.4	NaN	564	NaN	646	0	-12	359	100	100	0	404	12	11479	10	11316	24	11525	21	11366	18.563	0.632
256.5	NaN	580	NaN	654	0	-10	362	100	100	0	407	8	11403	7	11323	13	11488	11	11338	18.536	-0.302
256.6	NaN	559	NaN	659	0	-11	357	100	100	0	407	11	11500	10	11274	25	11501	19	11350	18.534	-0.299
256.7	NaN	584	NaN	637	0	-8	357	100	100	0	407	9	11400	7	11370	13	11442	12	11363	18.508	-0.211
256.8	NaN	565	NaN	656	0	-9	358	100	100	0	406	8	11381	8	11292	18	11388	16	11363	18.509	-0.11
256.9	NaN	569	NaN	673	1	-5	359	100	100	0	407	10	11331	8	11424	18	11383	16	11405	18.486	-0.507
257	NaN	567	NaN	643	1	-5	356	100	100	0	406	10	11361	9	11294	19	11359	16	11403	18.476	0.081
257.1	NaN	568	NaN	648	1	-5	358	100	100	0	406	10	11250	10	11436	19	11345	17	11445	18.467	-0.952
257.2	NaN	561	NaN	671	1	-5	359	100	99	0	406	11	11269	11	11352	21	11307	19	11449	18.478	-0.065
257.3	NaN	602	NaN	581	0	-1	360	4	0	0	410	-7	11166	-7	11403	-6	11234	-7	11332	18.423	-2.422
257.4	NaN	559	NaN	689	0	-2	356	0	0	0	406	-25	10901	-26	11111	-19	10892	-20	11140	18.156	-3.383
257.5	NaN	546	NaN	672	0	-1	355	0	0	0	405	-45	10667	-46	10830	-33	10458	-35	10819	17.68	-5.848
257.6	NaN	533	NaN	670	0	0	362	0	0	0	404	-50	10277	-51	10628	-38	10283	-38	10503	17.105	-6.88
257.7	NaN	532	NaN	660	0	0	363	0	0	0	404	-53	9875	-52	10104	-41	9934	-40	10088	16.511	-5.039
257.8	NaN	536	NaN	670	0	-3	359	0	0	0	406	-53	9542	-54	9741	-42	9548	-43	9649	15.897	-6.072
257.9	NaN	557	NaN	701	0	-2	360	14	8	0	404	-25	9364	-26	9450	-20	9301	-21	9468	15.478	-3.014
258	NaN	560	NaN	703	0	-2	358	14	4	0	403	-27	9064	-27	9219	-22	9113	-22	9194	15.099	-3.857
258.1	NaN	546	NaN	693	0	1	359	9	0	0	406	-44	8839	-43	9038	-36	8788	-35	8822	14.552	-5.402
258.2	NaN	534	NaN	688	0	8	358	0	0	0	406	-56	8262	-53	8608	-47	8331	-43	8634	14.06	-5.392
258.3	NaN	534	NaN	671	0	8	360	0	0	0	405	-56	7739	-52	8396	-47	7796	-45	8265	13.371	-6.352
258.4	NaN	571	NaN	629	0	14	362	23	16	0	405	-12	7880	-8	7882	-8	7481	-6	8036	12.858	-3.216
258.5	NaN	603	NaN	587	0	20	360	25	15	0	407	-0	7464	-0	8136	-0	7406	0	8406	12.6	-1.983
258.6	NaN	599	NaN	581	0	43	358	13	0	0	407	-10	6880	-7	7777	-9	7087	-6	7912	12.477	-1.631
258.7	NaN	551	NaN	673	0	54	362	0	0	0	407	-35	5954	-21	7759	-31	5616	-18	7898	12.001	-3.553
258.8	NaN	549	NaN	697	0	61	357	3	0	0	404	-43	5659	-32	7334	-54	2608	-28	7493	11.42	-7.575
258.9	NaN	561	NaN	554	0	61	360	20	9	0	406	-18	5419	-10	7094	0	525	-8	7236	10.831	-3.519
259	NaN	589	NaN	614	0	62	359	42	31	0	404	1	5248	7	6790	2	3874	26	7094	10.333	-2.007
259.1	NaN	575	NaN	568	0	54	359	74	63	0	407	14	5879	58	7161	36	6155	135	7501	10.32	4.07
259.2	NaN	586	NaN	581	0	48	362	63	50	0	407	17	7131	57	7289	40	6396	136	7550	10.559	5.327
259.3	NaN	563	NaN	586	0	46	358	52	39	0	408	12	6273	46	7132	28	7122	107	7435	10.664	-0.349
259.4	NaN	600	NaN	713	0	65	364	36	23	0	410	2	5882	13	6889	4	6107	29	7138	10.724	-1.057
259.5	NaN	602	NaN	698	0	66	363	36	23	0	407	1	5710	10	6758	2	5893	25	6949	10.419	-3.422
259.6	NaN	597	NaN	685	0	67	362	36	23	0	406	1	5500	10	6588	2	5760	26	6740	10.206	-2.796
259.7	NaN	607	NaN	678	0	66	362	38	27	0	407	1	5435	15	6603	3	5519	34	6683	9.946	-0.747
259.8	NaN	582	NaN	662	0	72	358	39	28	0	405	1	5294	20	6423	1	5509	49	6584	9.895	-0.793
259.9	NaN	565	NaN	626	0	71	360	51	39	0	407	2	5342	54	6861	5	5363	127	6912	9.795	-0.889
260	NaN	566	NaN	591	0	76	359	55	43	0	405	1	5166	62	6936	2	5353	136	7071	10.02	1.916
260.1	NaN	568	NaN	572	0	72	357	90	79	0	406	2	5244	56	7062	7	5445	132	7309	10.08	2.028
260.2	NaN	576	NaN	580	0	65	362	91	80	0	409	7	5390	57	7075	17	5711	133	7361	10.227	1.592
260.3	NaN	555	NaN	575	0	43	359	100	100	0	409	19	6200	60	7150	47	6376	132	7442	10.407	4.357
260.4	NaN	551	NaN	576	0	40	362	100	100	0	407	23	7468	65	7262	55	6616	135	7480	10.707	4.027
260.5	NaN	543	NaN	569	0	41	362	100	100	0	409	23	8174	68	7455	52	6606	134	7494	11.066	4.233
260.6	NaN	587	NaN	555	0	38	364	100	100	0	408	23	7219	68	7597	54	6816	132	7630	11.505	5.247
260.7	NaN	551	NaN	532	0	26	361	100	100	0	407	32	7601	60	7900	73	7157	132	7886	11.983	6.743
260.8	NaN	558	NaN	573	0	19	359	100	100	0	409	33	7433	54	8116	74	7525	120	8205	12.485	5.02
260.9	NaN	551	NaN	568	0	16	355	100	100	0	408	34	8126	51	8359	75	7842	115	8413	12.991	6.129
261	NaN	569	NaN	552	0	12	359	100	100	0	407	34	8228	47	8599	74	8174	104	8689	13.469	5.106
261.1	NaN	570	NaN	567	0	6	360	100	96	0	407	37	8529	42	8793	81	8552	91	8877	13.91	4.235
261.2	NaN	559	NaN	582	0	-0	359	46	37	0	410	28	8752	31	8893	66	8777	71	9048	14.365	5.345
261.3	NaN	583	NaN	619	0	-9	363	10	1	0	405	-14	8654	-15	8500	-11	8563	-12	8592	14.194	-2.999
261.4	NaN	550	NaN	591	0	-23	359	0	0	0	404	-31	8597	-38	8102	-24	8534	-32	7982	13.776	-5.233
261.5	NaN	577	NaN	652	0	-25	358	15	15	0	405	-12	8378	-15	7824	-10	8398	-13	7838	13.333	-2.694
261.6	NaN	574	NaN	573	0	-30	360	29	29	0	405	8	8393	3	7734	19	8371	8	7731	13.099	-1.848
261.7	NaN	576	NaN	591	0	-41	358	30	30	0	405	11	8311	4	7498	24	8403	8	7601	12.989	-0.513
261.8	NaN	567	NaN	657	0	-42	360	32	32	0	405	15	8390	4	7395	34	8435	10	7454	12.816	-1.987
261.9	NaN	566	NaN	651	0	-42	357	34	32	0	406	18	8302	5	7324	40	8410	12	7419	12.751	-0.584
262	NaN	573	NaN	577	0	-35	358	33	26	0	405	9	8234	4	7314	20	8270	8	7380	12.679	-1.756
262.1	NaN	601	NaN	586	0	-35	363	27	21	0	405	0	8008	0	7275	3	8043	1	7264	12.536	-3.039
262.2	NaN	601	NaN	584	0	-40	360	25	18	0	405	-0	7920	0	7163	-0	7870	-0	7136	12.325	-3.237
262.3	NaN	604	NaN	586	0	-42	358	23	18	0	406	0	7799	-0	6980	0	7819	0	6898	12.078	-2.884
262.4	NaN	595	NaN	576	0	-45	358	29	26	0	406	3	7706	0	6742	5	7718	2	6664	11.865	-1.661
262.5	NaN	569	NaN	588	0	-48	361	33	30	0	406	14	7646	3	6624	32	7745	8	6709	11.723	-0.652
262.6	NaN	575	NaN	565	0	-53	361	33	30	0	404	15	7646	3	6542	34	7688	7	6614	11.635	1.069
262.7	NaN	563	NaN	606	0	-51	363	35	32	0	406	19	7657	4	6487	42	7697	9	6740	11.489	-2.083
262.8	NaN	553	NaN	584.5	0	-51	359	38	33	0	405	24	7798	6	6451	55	7840	11	6688	11.5	0.857
262.9	NaN	582	NaN	584	0	-42	362	52	48	0	405	63	8057	18	6558	119	8211	43	7974	11.535	6.123
263	NaN	559	NaN	583.5	0	-36	359	40	34	0	405	25	7544	9	6720	57	7701	21	7010	11.765	2.266
263.1	NaN	583	NaN	583	0	14	360	31	18	0	407	3	7287	4	7164	4	7297	7	7145	11.81	0.666
263.2	NaN	582	NaN	582.5	0	28	359	41	30	0	407	2	6608	4	7580	8	6750	15	7578	11.653	-2.67
263.3	NaN	564	NaN	582	0	46	361	50	36	0	408	12	6968	41	7906	27	6919	91	7903	11.854	2.475
263.4	NaN	603	NaN	581.5	0	63	359	41	26	0	408	3	6849	25	7694	8	6823	57	7851	11.972	-0.455
263.5	NaN	580	NaN	581	0	59	359	34	19	0	408	1	6412	9	7662	3	6520	20	7746	11.724	-2.782
263.6	NaN	568	NaN	559	0	61	365	18	3	0	407	-16	5954	-9	7347	-15	5969	-8	7408	11.424	-4.299
263.7	NaN	586	NaN	648	0	59	358	20	8	0	407	-22	5610	-12	7097	-20	3334	-11	7251	10.91	-3.419
263.8	NaN	602	NaN	582	0	59	360	30	19	0	406	0	5570	-0	6902	-0	4594	0	6973	10.415	-3.352
263.9	NaN	601	NaN	585	0	60	362	32	21	0	407	0	5385	0	6497	0	5437	1	6694	10.061	-1.286
264	NaN	554	NaN	567	0	58	358	56	45	0	405	9	5469	60	6750	21	6019	136	6954	9.965	1.023
264.1	NaN	543	NaN	579	0	59	357	58	47	0	406	9	5480	67	7241	21	6145	134	7355	10.128	6.361
264.2	NaN	531	NaN	569	0	58	359	71	61	0	405	12	6190	82	7146	29	6336	134	7299	10.343	2.016
264.3	NaN	542	NaN	604	0	49	359	71	60	0	406	18	6196	78	7306	41	6314	135	7420	10.626	4.225
264.4	NaN	540	NaN	573	0	36	360	92	83	0	408	26	6849	67	7392	61	6622	136	7567	11.025	3.851
264.5	NaN	528	NaN	589	0	32	362	100	100	0	408	26	7194	65	7640	61	6874	132	7703	11.472	4.986
264.6	NaN	550	NaN	576	0	32	364	100	100	0	407	28	7257	62	7926	64	7151	133	7966	11.926	5.257
264.7	NaN	559	NaN	571	0	30	363	100	100	0	408	27	7502	61	8182	60	7429	136	8264	12.386	4.757
264.8	NaN	550	NaN	570	0	20	359	100	100	0	407	31	7860	53	8416	69	7803	120	8525	12.815	4.991
264.9	NaN	559	NaN	565	0	6	363	100	100	0	407	39	8214	44	8446	84	8212	98	8577	13.311	5.711
265	NaN	555	NaN	565	0	-3	364	100	100	0	406	41	8565	39	8580	88	8590	86	8740	13.798	4.5
265.1	NaN	567	NaN	589	0	-18	361	100	100	0	406	47	8950	31	8712	101	8990	68	8881	14.22	4.175
265.2	NaN	591	NaN	626	0	-31	361	100	100	0	405	53	9401	24	8767	111	9397	51	8978	14.612	2.948
265.3	NaN	569	NaN	595	0	-31	358	100	100	0	407	51	9648	24	8948	107	9744	51	9165	14.937	4.237
265.4	NaN	602	NaN	605	0	-30	359	100	100	0	404	48	9837	24	9218	100	9974	51	9416	15.242	2.419
265.5	NaN	630	NaN	591	0	-30	359	100	100	0	407	49	10003	23	9413	103	10120	50	9631	15.522	2.538
265.6	NaN	576	NaN	604	0	-30	356	100	100	0	406	47	10152	24	9589	97	10237	50	9621	15.779	3.097
265.7	NaN	556	NaN	591	0	-23	361	100	100	0	404	45	10289	24	9610	94	10449	52	9926	16.033	3.253
265.8	NaN	570	NaN	595	0	-18	356	100	100	0	407	43	10333	28	10105	86	10438	57	10049	16.379	4.285
265.9	NaN	575	NaN	580	0	-11	359	100	100	0	408	40	10480	30	10238	80	10558	61	10292	16.66	1.784
266	NaN	563	NaN	564	0	-4	359	100	100	0	405	37	10505	34	10429	72	10674	69	10563	17.01	3.505
266.1	NaN	555	NaN	562	0	14	358	100	100	0	406	30	10527	39	10887	59	10580	78	10979	17.278	3.187
266.2	NaN	555	NaN	570	0	21	356	100	100	0	409	26	10602	42	11185	52	10589	84	11298	17.501	1.674
266.3	NaN	568	NaN	570	0	22	357	100	100	0	409	23	10673	36	11254	45	10743	69	11422	17.677	1.778
266.4	NaN	561	NaN	567	0	19	359	100	100	0	408	22	10808	34	11368	42	10748	67	11473	17.805	0.668
266.5	NaN	561	NaN	581	0	19	361	100	100	0	405	21	10855	32	11334	41	10841	61	11517	17.901	1.565
266.6	NaN	593	NaN	567	0	20	358	100	100	0	406	21	10876	31	11525	41	10901	59	11606	17.984	1.533
266.7	NaN	569	NaN	577	0	15	360	100	100	0	407	20	10834	28	11423	37	10875	56	11596	18.048	1.031
266.8	NaN	577	NaN	589	0	12	362	100	100	0	408	21	10942	26	11518	40	11031	49	11560	18.162	1.25
266.9	NaN	562	NaN	626	0	1	360	100	100	0	409	18	11081	19	11299	36	11069	35	11460	18.228	1.511
267	NaN	552	NaN	634	0	-9	362	100	100	0	407	14	11227	12	11257	28	11324	24	11261	18.217	-0.005
267.1	NaN	567	NaN	633	0	-19	360	100	100	0	404	19	11369	13	11032	41	11386	26	11134	18.225	-0.338
267.2	NaN	575	NaN	629	0	-19	359	100	100	0	406	23	11434	16	11054	44	11563	30	11170	18.234	0.771
267.3	NaN	555	NaN	655	0	-18	363	100	100	0	407	19	11453	13	11087	37	11556	24	11104	18.26	-0.93
267.4	NaN	574	NaN	621	0	-19	358	100	100	0	405	24	11451	16	11024	47	11581	32	11169	18.274	0.941
267.5	NaN	563	NaN	633	0	-19	357	100	100	0	407	19	11485	12	11102	35	11543	24	11133	18.291	0.116
267.6	NaN	563	NaN	617	0	-18	357	100	100	0	407	21	11471	15	11017	43	11559	29	11162	18.298	-0.006
267.7	NaN	549	NaN	677	0	-15	360	100	100	0	405	20	11467	14	11128	37	11525	27	11198	18.323	1.062
267.8	NaN	561	NaN	627	0	-14	358	100	100	0	404	16	11433	13	11089	32	11511	23	11212	18.336	-0.428
267.9	NaN	556	NaN	669	0	-7	361	100	100	0	406	17	11368	14	11191	31	11443	26	11284	18.354	0.311
268	NaN	553	NaN	664	0	-2	361	100	100	0	406	11	11264	10	11232	19	11299	17	11294	18.365	-1.132
268.1	NaN	551	NaN	671	1	3	360	100	100	0	409	14	11176	15	11332	26	11255	27	11413	18.333	-0.168
268.2	NaN	563	NaN	629	1	1	358	100	100	0	408	14	11157	15	11428	28	11181	30	11484	18.354	0.474
268.3	NaN	564	NaN	618	1	1	359	100	100	0	405	13	11161	15	11370	26	11248	28	11499	18.373	-0.316
268.4	NaN	561	NaN	621	1	2	362	100	100	0	406	14	11195	14	11450	26	11183	27	11451	18.394	0.249
268.5	NaN	553	NaN	625	1	-0	359	100	100	0	406	13	11198	12	11324	24	11281	23	11431	18.408	0.378
268.6	NaN	549	NaN	647	1	0	356	100	100	0	408	13	11204	14	11485	25	11235	27	11473	18.433	0.831
268.7	NaN	549	NaN	648	1	2	362	100	100	0	407	12	11221	12	11378	22	11264	22	11468	18.443	0.153
268.8	NaN	554	NaN	675	1	-0	358	100	100	0	406	12	11205	12	11533	23	11277	25	11512	18.468	0.207
268.9	NaN	551	NaN	675	1	-1	357	100	100	0	404	11	11297	11	11411	21	11278	20	11465	18.482	-0.379
269	NaN	551	NaN	671	1	-1	361	100	100	0	406	11	11266	11	11482	22	11340	21	11471	18.484	0.213
269.1	NaN	554	NaN	632	1	-2	358	100	100	0	407	10	11360	9	11390	20	11330	17	11436	18.45	-0.401
269.2	NaN	557	NaN	646	1	0	357	100	100	0	406	11	11250	10	11398	21	11356	20	11423	18.463	-0.283
269.3	NaN	547	NaN	654	1	1	359	100	100	0	407	11	11316	10	11425	20	11268	21	11463	18.441	-0.321
269.4	NaN	543	NaN	655	1	-1	362	100	100	0	408	11	11224	12	11364	20	11306	23	11462	18.469	1.155
269.5	NaN	548	NaN	692	1	1	361	100	100	0	407	12	11258	12	11447	24	11235	23	11490	18.483	-0.303
269.6	NaN	545	NaN	648	1	2	362	100	100	0	406	10	11252	10	11377	19	11333	19	11473	18.491	0.336
269.7	NaN	547	NaN	627	1	-1	364	100	100	0	407	12	11253	12	11481	23	11312	23	11491	18.482	-0.1
269.8	NaN	546	NaN	654	1	-0	363	100	100	0	406	11	11277	10	11391	20	11326	20	11438	18.504	0.386
269.9	NaN	548	NaN	631	1	0	362	100	100	0	406	11	11278	11	11484	22	11329	22	11499	18.49	-0.233
270	NaN	552	NaN	638	1	-1	360	69	59	0	404	10	11292	10	11362	19	11290	19	11479	18.48	1.237
270.1	NaN	575	NaN	646	0	2	360	11	1	0	406	1	11161	3	11466	5	11221	1	11394	18.486	0.117
270.2	NaN	555	NaN	645	0	1	359	0	0	0	404	-21	11048	-21	11117	-15	10996	-16	11118	18.216	-2.941
270.3	NaN	538	NaN	684	0	1	358	0	0	0	406	-41	10674	-41	10954	-30	10613	-32	10896	17.793	-4.543
270.4	NaN	527	NaN	665	0	-1	360	0	0	0	404	-51	10364	-51	10550	-38	10205	-38	10357	17.247	-5.755
270.5	NaN	523	NaN	660	0	0	362	0	0	0	405	-50	10054	-51	10187	-40	9987	-40	10172	16.597	-5.675
270.6	NaN	526	NaN	654	0	2	362	0	0	0	404	-53	9526	-54	9870	-43	9617	-42	9721	16.025	-5.943
270.7	NaN	526	NaN	650	0	6	362	0	0	0	403	-57	9062	-54	9521	-45	9012	-43	9350	15.348	-8.216
270.8	NaN	563	NaN	580	0	13	361	20	11	0	405	-15	8753	-14	9324	-13	8768	-10	9290	14.725	-4.417
270.9	NaN	582	NaN	577	0	14	363	21	13	0	407	-9	8484	-8	9060	-7	8652	-6	9156	14.475	-1.761
271	NaN	591	NaN	582	0	19	364	25	17	0	407	0	8274	0	9255	0	8409	0	8998	14.289	-5.453
271.1	NaN	573	NaN	630	0	20	360	38	28	0	408	9	8312	15	9239	21	8388	36	9258	13.991	-0.418
271.2	NaN	556	NaN	641	0	51	359	38	28	0	406	5	8120	19	8868	11	8274	41	8986	14.114	-1.321
271.3	NaN	564	NaN	646.4117647	0	50	363	36	21	0	406	2	7845	7	8965	4	8012	17	9117	13.802	-1.613
271.4	NaN	604	NaN	645.8235294	0	45	359	49	39	0	405	4	7644	14	8713	9	7871	31	8893	13.593	-2.255
271.5	NaN	552	NaN	645.2352941	0	43	357	49	38	0	408	13	8038	41	8995	28	8125	90	9152	13.535	0.431
271.6	NaN	551	NaN	644.6470588	0	46	364	51	41	0	407	14	8145	46	8946	31	8291	100	9124	13.702	0.431
271.7	NaN	543	NaN	644.0588235	0	31	358	63	52	0	407	24	8884	53	9244	53	8428	116	9366	13.916	3.422
271.8	NaN	548	NaN	643.4705882	0	25	365	68	57	0	409	28	8946	50	9358	58	9218	103	9509	14.205	3.686
271.9	NaN	539	NaN	642.8823529	0	51	361	64	56	0	407	14	10198	62	9398	33	8972	128	9443	14.648	0.84
272	NaN	546	NaN	642.2941176	0	35	360	90	77	0	410	21	8815	51	9803	45	9349	109	10027	14.749	4.462
272.1	NaN	544	NaN	641.7058824	0	40	363	86	74	0	407	21	9968	53	9808	44	9188	111	9958	15.109	2.597
272.2	NaN	540	NaN	641.1176471	0	30	357	75	62	0	408	24	9338	50	10076	50	9652	105	10198	15.323	2.209
272.3	NaN	538	NaN	640.5294118	0	31	363	75	63	0	406	25	10742	48	10023	52	9494	100	10213	15.587	3.054
272.4	NaN	558	NaN	639.9411765	0	21	361	77	66	0	407	26	9886	45	10191	53	9977	93	10341	15.867	2.617
272.5	NaN	547	NaN	639.3529412	0	11	362	97	88	0	409	32	9846	40	10335	65	9804	81	10452	16.209	3.991
272.6	NaN	542	NaN	638.7647059	0	7	358	100	100	0	407	33	10071	39	10408	65	10145	77	10551	16.579	2.219
272.7	NaN	582	NaN	638.1764706	0	-10	357	100	100	0	406	36	10372	33	10464	72	10510	66	10644	16.942	4.304
272.8	NaN	585	NaN	637.5882353	0	-23	358	100	100	0	405	42	10840	27	10466	83	10823	53	10551	17.254	4.087
272.9	NaN	539	NaN	636	0	-21	361	100	100	0	407	39	11024	24	10569	77	11134	47	10674	17.516	2.473
273	NaN	558	NaN	614	0	-22	360	100	100	0	404	41	11218	26	10684	80	11300	51	10920	17.721	4.001
273.1	NaN	574	NaN	627	0	-23	361	100	100	0	406	33	11294	19	10818	65	11403	38	10965	17.892	2.344
273.2	NaN	556	NaN	637	0	-21	361	100	100	0	405	31	11341	20	10849	62	11450	37	11009	18.036	1.923
273.3	NaN	551	NaN	601	0	9	361	100	100	0	407	18	11090	22	11137	37	11208	42	11211	18.178	1.113
273.4	NaN	566	NaN	581	0	16	362	100	100	0	406	21	10872	29	11532	41	10977	55	11621	18.227	0.864
273.5	NaN	547.75	NaN	600	0	13	360	100	100	0	407	18	11033	23	11537	34	10969	45	11658	18.375	2.699
273.6	NaN	553	NaN	632	0	4	363	100	100	0	406	18	11077	18	11497	33	11164	36	11590	18.416	-0.182
273.7	NaN	549	NaN	633	0	-1	360	100	100	0	405	13	11243	12	11267	25	11242	24	11426	18.439	1.563
273.8	NaN	557	NaN	637	1	-2	358	100	100	0	404	11	11275	10	11351	21	11329	18	11354	18.418	-1.101
273.9	NaN	545	NaN	674	1	-1	360	100	100	0	404	13	11199	13	11290	25	11281	25	11396	18.455	-0.108
274	NaN	550	NaN	642	1	-4	357	100	100	0	407	11	11216	10	11330	21	11322	19	11351	18.43	-0.171
274.1	NaN	544	NaN	650	1	-5	362	100	100	0	405	12	11263	10	11269	22	11334	20	11356	18.409	-0.42
274.2	NaN	548	NaN	660	1	-7	357	100	100	0	407	10	11411	9	11428	19	11329	17	11305	18.363	-1.74
274.3	NaN	547	NaN	637	1	-5	357	100	100	0	404	13	11212	11	11142	24	11367	24	11327	18.447	1.943
274.4	NaN	553	NaN	710	1	-6	359	100	100	0	408	12	11357	12	11396	24	11322	21	11462	18.402	0.535
274.5	NaN	543	NaN	634	1	-0	362	100	100	0	405	11	11220	11	11308	22	11355	23	11354	18.397	-0.563
274.6	NaN	545	NaN	637	1	-2	359	100	100	0	409	11	11241	10	11289	22	11250	22	11388	18.427	1.358
274.7	NaN	542	NaN	646	1	0	360	77	68	0	407	11	11251	12	11345	21	11294	22	11370	18.479	-2.096
274.8	NaN	550	NaN	644	1	0	359	77	71	0	407	13	11208	13	11328	24	11241	25	11434	18.497	1.631
274.9	NaN	559	NaN	664	0	-1	362	23	14	0	406	6	11256	9	11408	16	11291	10	11390	18.492	-0.475
275	NaN	547	NaN	647	0	1	362	0	0	0	407	-22	10983	-20	11160	-15	11008	-16	11133	18.228	-3.599
275.1	NaN	534	NaN	666	0	0	357	0	0	0	405	-42	10714	-41	10938	-32	10587	-31	10908	17.82	-5.282
275.2	NaN	525	NaN	654	0	3	360	0	0	0	404	-51	10394	-49	10523	-39	10191	-39	10511	17.249	-6.035
275.3	NaN	531	NaN	661	0	5	359	0	0	0	404	-53	9881	-52	10232	-41	9884	-39	10190	16.663	-5.801
275.4	NaN	526	NaN	665	0	2	356	0	0	0	403	-55	9505	-53	9884	-43	9418	-42	9784	16.031	-6.714
275.5	NaN	518	NaN	650	0	1	454	0	0	0	462	-56	9075	-56	9350	-45	9065	-44	9296	15.367	-7.145
275.6	NaN	527	NaN	676	0	-6	540	0	0	0	554	-54	8735	-57	8780	-44	8641	-46	8711	14.584	-8.517
275.7	NaN	523	NaN	661	0	-12	530	0	0	0	539	-52	8351	-59	8189	-43	8356	-47	7914	13.765	-8.313
275.8	NaN	525	NaN	659	0	-22	399	0	0	0	426	-49	8046	-59	7519	-41	8073	-51	7067	12.996	-7.54
275.9	NaN	534	NaN	679	0	-45	358	0	0	0	401	-42	7803	-66	6365	-36	7858	-56	4295	12.328	-5.603
276	NaN	567	NaN	692	0	-58	356	8	9	0	404	-22	7565	-40	6105	-19	7671	-0	1219	11.726	-4.473
276.1	NaN	568	NaN	571	0	-46	363	11	9	0	405	-21	7366	-33	6208	-18	7327	0	2002	11.207	-5.366
276.2	NaN	562	NaN	673	0	-11	360	37	29	0	407	7	7042	7	6345	25	7136	17	3982	10.841	-2.742
276.3	NaN	597	NaN	592	0	14	361	49	37	0	410	21	6607	30	7003	47	6717	68	7032	11.095	2.769
276.4	NaN	566	NaN	582	0	30	360	48	37	0	407	16	6565	35	7359	35	6634	80	7423	11.28	1.75
276.5	NaN	576	NaN	645	0	52	363	33	17	0	406	2	6530	3	7269	3	6483	9	7341	11.451	-1.734
276.6	NaN	578	NaN	657.0833333	0	53	363	23	10	0	408	-17	5987	-9	7251	-12	5766	-9	7264	11.034	-4.621
276.7	NaN	565	NaN	657.6666667	0	54	363	44	31	0	408	6	6055	28	7347	13	6132	66	7477	10.918	1.099
276.8	NaN	584	NaN	658.25	0	52	362	44	31	0	407	6	6077	29	7333	14	6196	66	7519	10.947	-0.371
276.9	NaN	583	NaN	658.8333333	0	46	363	46	35	0	408	8	6209	33	7303	19	6291	74	7479	10.993	0.996
277	NaN	563	NaN	659.4166667	0	30	365	56	45	0	407	21	6616	49	7502	47	6690	111	7642	11.145	3.371
277.1	NaN	550	NaN	660	0	28	360	65	54	0	408	30	7213	60	7632	69	6994	127	7798	11.612	5.25
277.2	NaN	550	NaN	660.5833333	0	27	360	64	54	0	409	29	8031	58	7892	66	7257	130	8058	12.078	4.768
277.3	NaN	535	NaN	661.1666667	0	44	358	64	54	0	407	20	8714	65	8247	45	7448	127	8341	12.523	4.333
277.4	NaN	525	NaN	661.75	0	43	360	68	57	0	408	19	7780	64	8637	43	7605	127	8713	12.866	3.848
277.5	NaN	602	NaN	662.3333333	0	42	360	77	67	0	406	20	8738	62	8885	44	7901	127	8895	13.249	5.629
277.6	NaN	529	NaN	662.9166667	0	37	362	85	75	0	407	23	8085	58	8914	50	8509	125	9124	13.668	1.897
277.7	NaN	544	NaN	663.5	0	17	360	100	100	0	408	29	8322	44	9344	62	9147	96	9406	13.873	8.76
277.8	NaN	539	NaN	664.0833333	0	26	362	100	100	0	404	27	10809	49	9134	59	9102	105	9215	14.369	2.642
277.9	NaN	546	NaN	664.6666667	0	14	359	100	100	0	411	31	8966	43	9652	65	9089	87	9578	14.644	4.871
278	NaN	553	NaN	665.25	0	17	357	100	100	0	406	30	10174	45	9474	63	9260	96	9680	15.118	4.059
278.1	NaN	538	NaN	665.8333333	0	15	364	100	100	0	408	30	9373	43	10020	63	9441	89	10119	15.454	4.426
278.2	NaN	559	NaN	666.4166667	0	12	361	100	100	0	406	30	9756	41	10125	64	9588	86	10208	15.792	5.071
278.3	NaN	542	NaN	667	0	11	360	100	100	0	410	31	9866	40	10262	65	9997	82	10462	16.176	5.396
278.4	NaN	632	NaN	667.5833333	0	4	363	100	100	0	406	34	10194	36	10488	69	10211	75	10672	16.51	3.805
278.5	NaN	543	NaN	668.1666667	0	2	363	100	100	0	406	34	10384	35	10575	68	10490	72	10677	16.926	3.518
278.6	NaN	543	NaN	668.75	1	-2	359	100	100	0	406	33	10656	32	10709	64	10775	62	10872	17.24	4.039
278.7	NaN	588	NaN	669.3333333	1	-2	362	100	100	0	405	28	10808	26	10890	54	10894	51	10960	17.543	3.136
278.8	NaN	553	NaN	669.9166667	1	-5	360	100	100	0	407	23	10902	21	10964	45	10997	41	11088	17.709	1.238
278.9	NaN	564	NaN	610	1	-2	361	100	100	0	407	23	11000	21	10980	44	11093	41	11138	17.927	2.963
279	NaN	552	NaN	660	1	-1	359	78	69	0	406	17	11073	16	11181	32	11094	31	11228	18.044	1.973
279.1	NaN	574	NaN	571	0	-1	362	0	0	0	407	-10	10873	-10	10918	-8	10924	-7	10987	18.016	-0.857
279.2	NaN	542	NaN	685	0	-2	362	0	0	0	404	-31	10702	-31	11099	-24	10678	-23	10636	17.714	-6.522
279.3	NaN	537	NaN	690	0	-0	357	0	0	0	405	-50	10272	-51	10505	-38	10311	-38	10463	17.185	-4.687
279.4	NaN	525	NaN	682	0	0	366	0	0	0	405	-53	9884	-52	10065	-40	9776	-40	10026	16.638	-4.971
279.5	NaN	537	NaN	686	0	5	384	0	0	0	416	-53	9529	-52	10034	-44	9271	-42	9716	16.049	-5.719
279.6	NaN	528	NaN	670	0	3	633	0	0	0	617	-56	9044	-57	9330	-43	8827	-44	9442	15.252	-9.549
279.7	NaN	535	NaN	671	0	3	779	0	0	0	708	-56	8294	-54	8634	-46	8001	-45	8606	14.308	-10.343
279.8	NaN	533	NaN	691	0	4	757	0	0	0	709	-56	7717	-53	8092	-46	5817	-44	7370	13.317	-10.885
279.9	NaN	547	NaN	684	0	5	740	0	0	0	678	-56	7246	-52	7516	-47	6446	-46	7284	12.273	-11.563
280	NaN	545	NaN	704	0	7	615	0	0	0	580	-54	6330	-51	6931	-49	5543	-46	6938	11.302	-8.994
280.1	NaN	557	NaN	711	0	35	378	2	0	0	417	-60	5507	-42	6634	-54	4454	-38	6575	10.482	-7.133
280.2	NaN	598	NaN	584	0	46	362	23	11	0	405	-10	5469	-6	6642	-9	4778	-6	6519	9.853	-4.443
280.3	NaN	614	NaN	595	0	51	364	28	17	0	406	0	5332	0	6372	0	5337	0	6343	9.579	-3.275
280.4	NaN	612	NaN	596	0	53	361	29	17	0	405	0	5097	0	6258	0	5094	0	6262	9.293	-1.562
280.5	NaN	603	NaN	688	0	59	364	38	28	0	406	2	5056	19	6210	5	5074	46	6254	9.104	-1.597
280.6	NaN	633	NaN	611	0	58	363	49	38	0	407	5	5073	44	6388	14	5091	106	6455	9.155	1.603
280.7	NaN	576	NaN	618	0	57	362	51	41	0	405	7	5187	51	6525	18	5259	120	6639	9.41	1.301
280.8	NaN	569	NaN	649	0	42	365	53	40	0	406	13	5489	47	6686	30	5588	113	6747	9.751	2.332
280.9	NaN	588	NaN	675	0	8	364	45	34	0	406	20	5921	27	6560	49	6112	63	6689	10.084	2.972
281	NaN	582	NaN	741	0	-21	359	34	27	0	404	12	6327	8	6181	28	6337	19	6275	10.269	1.932
281.1	NaN	570	NaN	692	0	-37	358	45	42	0	406	12	6563	4	5901	29	6541	10	5942	10.179	-0.161
281.2	NaN	594	NaN	734	0	-44	361	52	48	0	407	51	6896	15	5944	108	6860	34	6045	10.202	4.747
281.3	NaN	570	NaN	742	0	-67	364	67	64	0	403	83	7431	8	6041	111	7126	18	6078	10.556	3.179
281.4	NaN	560	NaN	635	0	-65	360	97	98	0	403	80	7568	7	6031	111	7640	17	6438	10.747	2.725
281.5	NaN	565	NaN	684	0	-58	361	96	91	0	403	77	7631	10	6190	111	7685	22	6494	11.059	4.049
281.6	NaN	574	NaN	657	0	-46	358	100	100	0	404	66	7879	18	6337	112	8287	43	6772	11.268	5.24
281.7	NaN	579	NaN	586	0	-20	362	100	100	0	406	52	7614	29	7520	109	8031	66	9948	11.512	6.697
281.8	NaN	576	NaN	572	0	-17	361	100	100	0	407	50	7817	32	7394	108	7897	72	9190	11.947	3.394
281.9	NaN	618	NaN	591	0	-16	357	100	100	0	407	49	7881	31	7519	111	8097	70	9666	12.391	4.079
282	NaN	569	NaN	583	0	-18	358	100	100	0	408	47	8077	31	7805	104	8240	69	10954	12.82	4.835
282.1	NaN	569	NaN	595	0	-22	360	100	100	0	408	51	8454	31	8197	111	8510	67	8247	13.4	5.189
282.2	NaN	571	NaN	595	0	-28	359	100	100	0	406	53	8908	27	8251	111	8988	58	8426	13.834	4.277
282.3	NaN	568	NaN	598	0	-25	363	100	100	0	404	51	9170	27	9100	108	9223	58	8639	14.285	5.795
282.4	NaN	597	NaN	572	0	-14	361	100	100	0	408	46	9310	30	8822	98	9456	64	9877	14.695	3.38
282.5	NaN	573	NaN	576	0	-14	359	100	100	0	406	44	9450	31	9241	94	9571	65	9395	15.17	3.871
282.6	NaN	576	NaN	586	0	-16	361	100	100	0	405	43	9767	30	9538	89	9803	66	9813	15.575	4.621
282.7	NaN	568	NaN	569	0	-8	363	100	100	0	406	40	9992	33	9793	83	10165	67	9821	15.96	3.617
282.8	NaN	581	NaN	579	0	-2	362	100	100	0	409	38	10115	34	10022	77	10240	69	10163	16.379	3.108
282.9	NaN	579	NaN	581	0	1	362	100	100	0	405	35	10265	35	10394	69	10341	71	10533	16.736	4.246
283	NaN	551	NaN	560	1	3	363	100	100	0	406	34	10440	36	10655	69	10609	70	10723	17.099	3.71
283.1	NaN	574	NaN	568	1	2	359	100	100	0	407	30	10616	34	10847	61	10717	66	11020	17.426	2.885
283.2	NaN	571	NaN	581	1	4	360	100	100	0	405	29	10731	32	11111	55	10765	60	11131	17.741	2.651
283.3	NaN	587	NaN	605	0	1	359	59	49	0	406	23	10915	25	11143	45	11009	46	11264	17.949	2.601
283.4	NaN	601	NaN	614	0	4	364	33	23	0	406	4	10855	5	11159	9	10859	9	11147	18.008	-0.732
283.5	NaN	616	NaN	589	0	0	361	23	13	0	406	-0	10739	-2	11059	-2	10798	-2	11087	17.931	-2.716
283.6	NaN	574	NaN	585.1363636	0	1	363	4	0	0	404	-21	10647	-21	10802	-16	10680	-15	10861	17.669	-3.609
283.7	NaN	560	NaN	585.7727273	0	4	361	0	0	0	405	-41	10153	-42	10686	-32	10178	-31	10617	17.236	-4.913
283.8	NaN	552	NaN	586.4090909	0	4	360	0	0	0	403	-54	9787	-51	10236	-41	9633	-39	10149	16.679	-5.298
283.9	NaN	547	NaN	587.0454545	0	5	358	0	0	0	404	-55	9495	-53	9971	-44	9063	-41	9926	16.047	-6.894
284	NaN	557	NaN	587.6818182	0	6	360	10	1	0	405	-44	9066	-40	9665	-34	9058	-32	9623	15.452	-5.822
284.1	NaN	565	NaN	588.3181818	0	16	362	13	1	0	408	-36	8643	-33	9328	-30	8655	-26	9398	14.96	-5.657
284.2	NaN	573	NaN	588.9545455	0	26	362	14	4	0	409	-39	8078	-28	9149	-30	8113	-24	9156	14.416	-6.253
284.3	NaN	612	NaN	589.5909091	0	25	362	28	18	0	407	0	8129	0	8976	0	8138	0	9052	14.069	-1.844
284.4	NaN	573	NaN	590.2272727	0	16	359	37	27	0	408	8	8189	12	8918	17	8245	25	8982	13.982	-0.934
284.5	NaN	578	NaN	590.8636364	0	17	362	37	27	0	407	8	8287	13	8798	18	8279	27	8903	13.994	2.116
284.6	NaN	612	NaN	589	0	18	361	28	14	0	407	-0	8078	-0	8826	-0	7912	0	8824	13.805	-0.83
284.7	NaN	583	NaN	583	0	29	362	13	0	0	406	-17	7556	-13	8674	-15	7767	-10	8665	13.598	-3.135
284.8	NaN	591	NaN	576	0	23	362	21	11	0	406	-12	7353	-10	8537	-11	7550	-8	8570	13.25	-1.854
284.9	NaN	611	NaN	591	0	17	361	25	16	0	407	-0	7515	-0	8328	-0	7521	-0	8308	13.041	-2.133
285	NaN	612	NaN	592	0	22	362	25	15	0	405	-0	7478	-0	8143	-0	7530	-0	8166	12.904	-2.152
285.1	NaN	607	NaN	594	0	36	364	26	15	0	405	0	7250	0	8059	0	7357	-1	8039	12.726	-2.666
285.2	NaN	633	NaN	660	0	35	364	38	27	0	406	6	7138	16	8225	14	7292	37	8315	12.507	-1.855
285.3	NaN	605	NaN	594	0	39	360	37	24	0	407	3	7051	12	8141	8	7205	27	8187	12.479	0.066
285.4	NaN	575	NaN	605	0	28	360	46	32	0	406	17	7223	35	8209	39	7269	75	8473	12.432	5.008
285.5	NaN	613	NaN	594	0	31	362	38	25	0	404	7	7540	15	7919	16	7442	33	8054	12.535	0.183
285.6	NaN	606	NaN	594	0	41	365	29	14	0	407	-0	6955	-0	7940	-0	6984	-1	8020	12.34	-1.912
285.7	NaN	608	NaN	591	0	46	360	29	15	0	404	0	6776	-0	7784	-1	6748	-0	7854	12.069	-3.293
285.8	NaN	611	NaN	593	0	50	361	29	16	0	407	0	6486	0	7647	0	6654	0	7744	11.824	-2.134
285.9	NaN	586	NaN	670	0	50	359	36	24	0	407	2	6447	10	7580	6	6537	24	7711	11.569	-1.105
286	NaN	567	NaN	582	0	51	360	49	38	0	407	7	6430	34	7616	17	6548	81	7740	11.434	-1.233
286.1	NaN	542	NaN	550	0	56	360	60	48	0	408	14	6664	68	8090	32	6699	126	8063	11.665	2.204
286.2	NaN	589	NaN	548	0	54	359	72	61	0	406	14	7417	68	8038	32	7091	123	8230	11.909	2.706
286.3	NaN	540	NaN	607	0	52	362	81	70	0	409	15	7382	70	8212	34	7493	127	8388	12.148	2.601
286.4	NaN	539	NaN	572	0	46	363	100	91	0	408	19	7675	67	8306	41	7665	125	8425	12.431	3.762
286.5	NaN	552	NaN	562	0	47	363	100	96	0	407	18	7789	67	8507	38	7588	125	8590	12.72	3.422
286.6	NaN	598	NaN	559	0	48	364	100	100	0	405	18	8193	65	8730	39	7737	125	8708	13.009	3.992
286.7	NaN	576	NaN	565	0	32	363	100	100	0	406	23	7933	59	8809	52	8078	125	8964	13.272	3.766
286.8	NaN	578	NaN	554	0	23	362	100	100	0	409	29	9107	51	8859	64	8252	111	8979	13.678	5.45
286.9	NaN	572	NaN	578	0	20	362	100	100	0	407	30	8471	49	9064	65	8550	106	9209	14.066	3.61
287	NaN	560	NaN	558	0	14	360	100	100	0	409	33	8811	45	9202	70	8791	94	9389	14.5	5.687
287.1	NaN	559	NaN	562	0	5	362	100	100	0	408	36	9077	40	9369	75	9080	88	9534	14.898	4.666
287.2	NaN	572	NaN	561	0	3	360	100	100	0	407	37	9373	38	9601	78	9493	81	9676	15.305	3.719
287.3	NaN	573	NaN	572	1	-1	361	100	100	0	408	37	9691	37	9808	77	9776	76	9883	15.68	4.487
287.4	NaN	568	NaN	577	1	-3	359	100	100	0	410	37	9880	35	9958	77	10002	72	10096	16.057	2.543
287.5	NaN	577	NaN	572	1	-3	360	100	100	0	407	37	10098	34	10151	74	10189	70	10286	16.407	4.146
287.6	NaN	558	NaN	578	1	-4	360	100	100	0	406	37	10382	34	10393	75	10460	67	10462	16.753	5.004
287.7	NaN	632	NaN	557	1	-3	362	100	100	0	407	36	10580	32	10549	69	10687	62	10711	17.103	2.784
287.8	NaN	549	NaN	597	1	-3	363	100	100	0	407	32	10735	29	10770	61	10816	56	10849	17.428	2.516
287.9	NaN	580	NaN	618	1	-5	358	100	100	0	405	25	10921	22	10902	48	10991	44	10960	17.668	3.74
288	NaN	579	NaN	616	1	-5	360	100	100	0	406	22	10943	21	10935	43	11018	41	11077	17.86	1.294
288.1	NaN	574	NaN	624	1	-4	362	100	100	0	405	18	11082	16	11149	34	11163	31	11123	17.992	1.216
288.2	NaN	566	NaN	639	1	-3	362	100	100	0	404	16	11080	14	11041	31	11167	29	11210	18.086	0.871
288.3	NaN	563	NaN	635	1	-3	362	100	100	0	407	17	11159	15	11241	32	11221	31	11314	18.171	-0.093
288.4	NaN	573	NaN	663	1	-5	362	100	100	0	405	13	11235	12	11182	25	11256	25	11270	18.231	0.302
288.5	NaN	567	NaN	638	1	-3	356	100	100	0	406	13	11218	12	11266	27	11259	25	11303	18.254	-0.665
288.6	NaN	566	NaN	710	1	-4	359	100	100	0	407	15	11250	12	11291	26	11318	25	11290	18.335	0.811
288.7	NaN	560	NaN	643	1	-2	363	100	100	0	407	10	11216	12	11209	22	11253	21	11321	18.327	0.376
288.8	NaN	563	NaN	662	1	-3	361	100	100	0	407	13	11262	11	11349	24	11331	23	11353	18.359	-0.093
288.9	NaN	562	NaN	647	1	-4	359	100	100	0	408	10	11265	11	11233	20	11241	19	11333	18.384	-0.312
289	NaN	561	NaN	687	1	-2	362	100	100	0	405	10	11255	11	11426	22	11322	19	11357	18.36	1.632
289.1	NaN	574	NaN	663	1	-1	359	100	100	0	407	11	11246	9	11274	18	11265	18	11345	18.398	-1.671
289.2	NaN	564	NaN	659	1	-1	358	100	100	0	408	12	11244	11	11409	23	11309	22	11430	18.395	0.957
289.3	NaN	574	NaN	721	1	-1	356	100	100	0	406	10	11287	10	11280	18	11317	19	11398	18.416	0.824
289.4	NaN	561	NaN	644	1	-0	359	100	100	0	406	11	11255	11	11384	22	11272	22	11402	18.417	0.689
289.5	NaN	562	NaN	672	1	-2	361	100	100	0	405	12	11298	12	11338	22	11334	22	11370	18.445	-0.344
289.6	NaN	565	NaN	630	1	-2	358	100	100	0	406	10	11255	10	11367	20	11293	20	11427	18.434	0.589
289.7	NaN	563	NaN	678	1	-2	362	100	100	0	406	10	11276	9	11372	18	11356	18	11443	18.406	0.15
289.8	NaN	567	NaN	640	1	0	363	100	100	0	404	11	11217	11	11354	22	11202	21	11419	18.437	-0.851
289.9	NaN	573	NaN	640	1	10	362	100	100	0	409	14	11160	17	11585	27	11271	33	11576	18.473	-0.921
290	NaN	567	NaN	639	0	11	362	100	100	0	406	13	11091	16	11553	25	11169	31	11728	18.511	0.696
290.1	NaN	580	NaN	642	0	9	359	100	100	0	408	15	11127	19	11706	29	11402	35	11755	18.56	0.957
290.2	NaN	563	NaN	659	0	10	364	100	100	0	407	12	11161	14	11601	21	11254	26	11758	18.564	0.87
290.3	NaN	562	NaN	631	0	6	362	100	100	0	407	13	11149	15	11786	25	11211	32	11747	18.588	-1.013
290.4	NaN	563	NaN	656	1	-0	359	100	100	0	406	11	11279	13	11488	22	11370	22	11600	18.61	0.694
290.5	NaN	595	NaN	584	0	-5	363	0	0	0	406	-4	11251	-4	11420	-2	11220	-3	11367	18.6	-2.14
290.6	NaN	564	NaN	677	0	-6	360	0	0	0	404	-24	11188	-25	11015	-16	11215	-19	11068	18.28	-2.631
290.7	NaN	548	NaN	687	0	-10	359	0	0	0	404	-43	10904	-46	10807	-31	10837	-34	10288	17.805	-6.891
290.8	NaN	542	NaN	678	0	-11	491	0	0	0	463	-49	10504	-53	10311	-36	10486	-40	10275	17.206	-6.835
290.9	NaN	530	NaN	663	0	-9	454	0	0	0	513	-49	10127	-55	9837	-38	10141	-43	9653	16.442	-8.137
291	NaN	531	NaN	681	0	-9	513	0	0	0	475	-54	9587	-57	9437	-43	9567	-46	8851	15.711	-8.752
291.1	NaN	539	NaN	677	0	-9	530	0	0	0	543	-53	9027	-58	8883	-43	9102	-47	8735	14.885	-6.901
291.2	NaN	535	NaN	698	0	-11	546	0	0	0	561	-52	8573	-57	8413	-44	8492	-47	7937	14.069	-8.274
291.3	NaN	543	NaN	663	0	-17	490	0	0	0	506	-51	8120	-57	7691	-44	8097	-49	7618	13.242	-7.137
291.4	NaN	541	NaN	660.4	0	-25	360	0	0	0	401	-48	7879	-60	7342	-41	7824	-53	6475	12.507	-7.427
291.5	NaN	574	NaN	659.8	0	-34	362	37	38	0	401	25	7972	10	7246	56	8069	22	7275	12.248	1.401
291.6	NaN	565	NaN	659.2	0	-41	359	38	38	0	404	27	8070	9	7223	62	8166	20	7268	12.335	-0.075
291.7	NaN	592	NaN	658.6	0	-41	359	41	36	0	406	32	8223	11	7325	71	8270	26	7392	12.486	2.837
291.8	NaN	575	NaN	653	0	-49	358	35	31	0	407	17	8075	4	7174	39	8151	10	7323	12.477	-0.578
291.9	NaN	569	NaN	692	0	-49	359	36	34	0	404	22	8229	5	7071	50	8291	12	7241	12.409	1.548
292	NaN	562	NaN	649	0	-52	363	37	34	0	404	25	8117	5	7003	56	8261	12	7321	12.373	-0.94
292.1	NaN	555	NaN	723	0	-54	357	41	38	0	405	34	8147	7	6941	77	8316	15	7293	12.353	1.736
292.2	NaN	565	NaN	662	0	-53	358	41	37	0	404	34	8241	6	6918	76	8355	14	7268	12.344	3.531
292.3	NaN	572	NaN	687	0	-56	359	41	37	0	405	33	8106	6	6896	75	8316	14	7283	12.326	0.695
292.4	NaN	567	NaN	704	0	-52	363	43	42	0	405	41	8210	8	6856	92	8536	18	8144	12.206	-0.267
292.5	NaN	593	NaN	679	0	-47	361	46	42	0	406	44	8112	11	7033	96	8322	23	7387	12.284	1.192
292.6	NaN	583	NaN	594	0	-6	361	49	46	0	405	35	8096	29	7346	77	8498	66	8784	12.378	4.118
292.7	NaN	593	NaN	620	0	7	359	48	34	0	405	20	7759	25	7934	47	7862	56	8193	12.706	1.523
292.8	NaN	580	NaN	615	0	0	357	48	39	0	409	26	7830	27	8255	60	7916	59	8288	13.01	2.846
292.9	NaN	638	NaN	618	0	-7	358	47	39	0	406	28	8170	25	8255	61	8258	54	8320	13.321	0.935
293	NaN	592	NaN	654	0	-8	361	42	30	0	407	18	8315	15	8287	37	8385	33	8372	13.563	-0.336
293.1	NaN	575	NaN	669	0	-16	357	40	29	0	406	17	8551	11	8322	37	8585	24	8392	13.587	-0.267
293.2	NaN	564	NaN	683	0	-36	363	37	30	0	406	18	8629	7	8024	39	8713	16	8167	13.709	0.49
293.3	NaN	576	NaN	652	0	-41	358	35	30	0	405	16	8769	6	7874	35	8860	13	8015	13.6	-0.501
293.4	NaN	618	NaN	591	0	-49	358	26	14	0	406	0	8460	-0	7640	0	8584	0	7649	13.423	-1.946
293.5	NaN	610	NaN	591	0	-48	363	27	26	0	403	2	8582	0	7472	2	8555	1	7239	13.078	-3.848
293.6	NaN	585	NaN	678	0	-46	361	41	36	0	405	30	8615	9	7440	65	8696	19	7554	12.973	3.909
293.7	NaN	576	NaN	731	0	-48	357	41	35	0	404	29	8346	7	7451	65	8474	17	7845	13.007	-1.32
293.8	NaN	571	NaN	706	0	-44	361	43	37	0	404	33	8556	11	7570	75	8689	23	7966	13.031	3.987
293.9	NaN	569	NaN	627	0	-44	361	38	32	0	405	22	8404	6	7478	47	8500	15	7850	12.991	-3.595
294	NaN	567	NaN	631	0	-42	361	37	33	0	404	22	8459	7	7361	51	8566	15	8152	12.848	1.171
294.1	NaN	613	NaN	587	0	-54	359	30	23	0	403	2	7935	0	7097	5	8140	1	7241	12.75	-2.582
294.2	NaN	612	NaN	590	0	-57	357	27	25	0	404	2	7944	0	6892	4	8106	0	6861	12.327	-3.151
294.3	NaN	592	NaN	578	0	-57	363	40	35	0	405	5	7705	1	6665	13	7904	2	6800	12.085	-1.052
294.4	NaN	579	NaN	578	0	-57	363	49	48	0	407	19	7750	3	6618	45	7891	8	6845	11.804	-1.691
294.5	NaN	559	NaN	730	0	-57	363	41	37	0	405	34	7881	7	6663	74	7970	14	6907	11.896	2.282
294.6	NaN	580	NaN	648	0	-34	359	41	39	0	405	32	7899	10	6805	71	8045	25	7388	11.9	-0.165
294.7	NaN	578	NaN	670	0	-2	358	39	25	0	404	11	7532	10	7228	25	7646	22	7322	12.121	1.275
294.8	NaN	639	NaN	666	0	16	359	40	29	0	407	11	7192	15	7695	24	7310	35	7707	12.213	-0.342
294.9	NaN	596	NaN	645	0	31	360	40	26	0	407	8	7085	17	7844	18	7188	38	7911	12.207	-0.342
295	NaN	589	NaN	688	0	35	359	40	26	0	405	6	7042	17	7879	15	7117	37	7948	12.254	-1.537
295.1	NaN	572.25	NaN	587	0	34	363	53	41	0	405	18	7167	42	8075	42	7341	96	8282	12.316	2.174
295.2	NaN	556	NaN	574	0	37	360	56	45	0	407	20	7911	53	8249	44	7607	119	8457	12.638	3.449
295.3	NaN	563	NaN	581	0	36	359	58	46	0	405	22	8255	56	8548	49	7882	121	8668	12.933	2.947
295.4	NaN	546	NaN	579	0	35	361	67	55	0	408	24	8651	59	8683	51	8212	121	8854	13.294	2.56
295.5	NaN	553	NaN	577	0	18	363	87	75	0	405	30	8492	51	8879	65	8390	111	9051	13.686	4.506
295.6	NaN	565	NaN	586	0	-13	363	100	99	0	406	45	8740	34	8829	96	8850	75	8923	14.192	5.441
295.7	NaN	582	NaN	610	0	-30	358	100	100	0	406	51	9300	26	8752	106	9421	55	8852	14.558	4.208
295.8	NaN	579	NaN	655	0	-33	358	100	100	0	404	51	9686	23	9045	107	9699	49	9056	14.882	3.881
295.9	NaN	575	NaN	606	0	-35	359	100	100	0	406	51	9827	22	9087	106	9934	47	9467	15.191	2.004
296	NaN	575	NaN	608	0	-32	361	100	100	0	406	50	9979	23	9299	104	10128	48	9441	15.474	4.29
296.1	NaN	562	NaN	612	0	-27	361	100	100	0	404	48	10129	24	9472	100	10309	49	9928	15.791	3.264
296.2	NaN	565	NaN	592	0	-9	356	100	100	0	405	40	10173	32	9933	81	10256	66	9991	16.128	4.787
296.3	NaN	564	NaN	595	0	-3	359	100	100	0	403	36	10182	34	10251	73	10333	70	10365	16.544	3.043
296.4	NaN	605	NaN	591	0	-4	358	100	100	0	406	36	10376	34	10468	72	10550	69	10607	16.914	2.686
296.5	NaN	544	NaN	585	1	-4	359	100	100	0	407	34	10625	32	10771	67	10679	64	10812	17.314	4.643
296.6	NaN	563	NaN	634	1	-3	361	100	100	0	406	27	10773	26	10903	53	10879	52	10998	17.599	2.555
296.7	NaN	605	NaN	616	1	-1	361	100	100	0	406	25	10872	24	11026	48	10940	48	11136	17.843	2.292
296.8	NaN	578	NaN	644	1	-4	363	100	100	0	405	20	11014	19	11137	39	11072	38	11199	18.016	2.264
296.9	NaN	573	NaN	667	1	-2	362	100	100	0	406	18	11071	16	11156	34	11171	32	11295	18.131	0.65
297	NaN	580	NaN	673	1	-3	362	100	100	0	406	16	11145	15	11320	31	11192	28	11319	18.263	0.623
297.1	NaN	565	NaN	664	1	-2	360	100	100	0	406	13	11184	13	11258	26	11270	25	11328	18.338	0.13
297.2	NaN	586	NaN	675	1	-3	358	100	100	0	407	15	11187	14	11441	29	11214	28	11460	18.414	1.932
297.3	NaN	570	NaN	691	1	-3	363	100	100	0	408	11	11268	11	11381	20	11289	19	11426	18.433	-1.547
297.4	NaN	559	NaN	670	1	-2	363	100	100	0	407	12	11232	12	11506	23	11228	22	11478	18.486	-0.75
297.5	NaN	567	NaN	668	1	-1	359	100	100	0	406	11	11271	11	11390	21	11339	20	11450	18.512	0.394
297.6	NaN	567	NaN	653	1	-2	360	100	100	0	405	10	11265	9	11460	19	11303	18	11468	18.511	-0.03
297.7	NaN	572	NaN	649	1	-2	362	100	100	0	406	11	11316	10	11418	22	11335	20	11467	18.531	-0.183
297.8	NaN	560	NaN	637	1	-3	361	100	100	0	408	10	11268	9	11436	19	11365	17	11487	18.529	0.317
297.9	NaN	562	NaN	656	1	-3	365	100	100	0	407	11	11315	10	11498	21	11314	21	11482	18.533	-0.394
298	NaN	565	NaN	666	1	-1	362	100	100	0	408	9	11287	9	11431	17	11353	17	11502	18.546	-0.754
298.1	NaN	563	NaN	620	1	-2	362	100	100	0	407	11	11277	11	11512	22	11315	22	11545	18.57	0.771
298.2	NaN	564	NaN	663	1	-1	362	100	100	0	407	8	11290	9	11449	16	11377	15	11517	18.57	-0.338
298.3	NaN	562	NaN	651	1	-1	363	100	100	0	406	10	11284	11	11549	20	11303	20	11564	18.577	-0.671
298.4	NaN	567	NaN	653	1	-2	361	100	100	0	409	9	11328	9	11428	16	11377	15	11517	18.59	0.694
298.5	NaN	561	NaN	633	1	-3	363	100	100	0	407	10	11308	9	11542	19	11322	19	11547	18.583	0.638
298.6	NaN	573	NaN	651	1	-4	358	100	100	0	408	8	11365	9	11414	14	11401	14	11496	18.579	-0.543
298.7	NaN	568	NaN	662	1	-3	360	100	100	0	406	8	11302	8	11543	18	11321	16	11522	18.571	-0.769
298.8	NaN	564	NaN	662	1	-4	357	100	100	0	408	9	11374	8	11414	16	11415	15	11488	18.572	0.106
298.9	NaN	569	NaN	642	1	-1	363	100	100	0	408	7	11325	7	11535	15	11363	13	11503	18.541	-0.227
299	NaN	560	NaN	647	1	-2	362	100	100	0	407	10	11357	9	11377	17	11378	17	11484	18.549	0.536
299.1	NaN	571	NaN	656	1	-3	362	100	100	0	409	8	11302	8	11525	15	11358	14	11491	18.53	-1.231
299.2	NaN	564	NaN	643	1	-4	359	100	100	0	406	11	11298	10	11408	21	11373	20	11489	18.531	1.162
299.3	NaN	574	NaN	655	1	-4	359	100	100	0	407	8	11317	7	11490	14	11360	13	11475	18.54	-0.633
299.4	NaN	559	NaN	656	1	-3	364	100	100	0	406	11	11312	10	11429	20	11337	19	11478	18.534	-0.616
299.5	NaN	574	NaN	657	1	-6	361	100	100	0	406	7	11356	6	11440	14	11415	12	11429	18.543	-0.265
299.6	NaN	574	NaN	646	1	-7	361	100	100	0	408	7	11352	7	11360	15	11365	14	11400	18.509	-0.517
299.7	NaN	560	NaN	640	0	-8	363	100	100	0	407	11	11441	10	11354	22	11477	18	11370	18.524	0.091
299.8	NaN	577	NaN	646	0	-11	357	100	100	0	407	8	11412	7	11310	15	11393	12	11347	18.503	0.06
299.9	NaN	555	NaN	651	0	-9	362	100	100	0	406	12	11533	10	11307	24	11528	19	11350	18.499	-0.152
300	NaN	572	NaN	651	0	-11	357	100	100	0	404	8	11393	6	11333	15	11360	12	11318	18.47	0.187
300.1	NaN	563	NaN	656	0	-10	360	100	100	0	407	11	11473	10	11265	24	11485	20	11337	18.506	-0.304
300.2	NaN	580	NaN	651	0	-8	358	100	100	0	403	9	11390	7	11354	15	11380	12	11349	18.507	0.576
300.3	NaN	563	NaN	632	0	-8	358	100	100	0	404	10	11446	9	11253	20	11490	17	11367	18.492	-0.134
300.4	NaN	565	NaN	660	0	-8	358	100	100	0	404	11	11356	9	11350	21	11395	18	11366	18.488	0.267
300.5	NaN	563	NaN	634	0	-9	362	100	100	0	404	10	11436	8	11249	20	11461	15	11346	18.468	0.187
300.6	NaN	569	NaN	639	0	-10	360	100	100	0	406	12	11343	11	11344	25	11412	20	11384	18.461	-0.183
300.7	NaN	561	NaN	657	1	-6	363	100	100	0	406	10	11337	8	11273	19	11384	16	11342	18.447	-0.333
300.8	NaN	558	NaN	624	1	-6	360	100	100	0	407	12	11297	11	11288	22	11394	21	11393	18.416	0.035
300.9	NaN	555	NaN	635	1	-3	362	100	100	0	406	12	11288	11	11348	23	11309	21	11386	18.403	-0.976
301	NaN	570	NaN	651	1	-5	360	100	100	0	404	10	11261	10	11297	17	11348	17	11392	18.414	-0.308
301.1	NaN	563	NaN	677	1	-2	361	100	100	0	406	12	11235	11	11384	24	11274	22	11394	18.426	-0.476
301.2	NaN	562	NaN	663	1	-3	358	100	90	0	406	10	11310	10	11287	17	11371	16	11378	18.441	0.742
301.3	NaN	591	NaN	577	0	-1	363	0	0	0	407	-8	11167	-8	11375	-9	11112	-8	11284	18.422	-4.024
301.4	NaN	556	NaN	715	0	-2	362	0	0	0	403	-27	10941	-27	11037	-19	11049	-21	11084	18.133	-2.662
301.5	NaN	538	NaN	674	0	-1	359	0	0	0	404	-47	10675	-47	10900	-34	10620	-36	10662	17.679	-6.794
301.6	NaN	535	NaN	657	0	-1	360	0	0	0	404	-50	10283	-50	10522	-38	10202	-39	10406	17.101	-6.222
301.7	NaN	541	NaN	666	0	0	357	0	0	0	404	-53	9927	-52	10037	-40	9837	-40	10088	16.565	-4.96
301.8	NaN	529	NaN	672	0	2	361	0	0	0	405	-54	9461	-53	9793	-44	9471	-42	9737	15.953	-7.299
301.9	NaN	537	NaN	680	0	4	359	0	0	0	404	-55	9155	-53	9530	-44	9094	-43	9301	15.249	-9.153
302	NaN	541	NaN	673	0	4	360	0	0	0	404	-56	8636	-54	8950	-45	8703	-45	9022	14.671	-4.436
302.1	NaN	533	NaN	666	0	4	359	0	0	0	404	-56	8238	-53	8640	-47	8261	-45	8409	14.021	-5.959
302.2	NaN	549	NaN	675	0	20	363	0	0	0	403	-50	8492	-52	8763	-51	7519	-41	8067	13.399	-17.244
302.3	NaN	533	NaN	686	0	14	356	0	0	0	405	-57	7389	-50	8137	-50	2609	-43	6975	12.765	-3.598
302.4	NaN	545	NaN	691	0	22	360	1	0	0	404	-17	5443	-47	7576	-50	6255	-41	7534	12.121	-2.239
302.5	NaN	558	NaN	745	0	29	359	9	0	0	404	-49	5989	-36	7387	-43	5041	-31	7410	11.466	-2.988
302.6	NaN	583	NaN	588	0	45	360	33	22	0	406	1	6186	5	7216	3	3651	8	7336	10.978	-2.972
302.7	NaN	586	NaN	682	0	48	359	35	24	0	405	2	5965	10	7069	6	6028	23	7206	10.743	-1.201
302.8	NaN	587	NaN	666	0	51	364	36	25	0	406	2	5840	12	6974	6	5937	27	7106	10.557	-1.481
302.9	NaN	600	NaN	714	0	55	362	37	26	0	405	2	5800	15	6901	6	5886	35	7004	10.447	-0.778
303	NaN	589	NaN	641	0	55	358	40	29	0	408	4	5821	23	6998	9	5853	54	7057	10.375	-0.224
303.1	NaN	586	NaN	614	0	58	363	41	30	0	406	4	5775	25	6982	9	5944	58	7082	10.377	-2.538
303.2	NaN	580	NaN	712	0	67	364	35	21	0	408	1	5599	10	6801	2	5742	22	6909	10.349	-0.186
303.3	NaN	577	NaN	737	0	67	365	37	24	0	407	0	5516	8	6722	1	5531	20	6817	10.106	-2.213
303.4	NaN	632	NaN	666	0	73	362	44	32	0	403	1	5271	16	6567	2	5480	38	6732	9.914	-1.583
303.5	NaN	551	NaN	566	0	76	361	55	43	0	406	0	5191	65	6761	2	5154	127	7004	9.713	-0.335
303.6	NaN	571	NaN	572	0	85	359	51	38	0	409	-3	4868	56	6792	-6	5316	119	6841	9.93	2.425
303.7	NaN	560	NaN	592	0	84	363	65	52	0	408	-4	5144	60	6868	-9	4934	119	7324	9.867	-1.071
303.8	NaN	575	NaN	576	0	82	362	69	57	0	406	-2	4684	53	6969	-5	4676	121	7305	9.834	2.392
303.9	NaN	566	NaN	575	0	71	361	83	71	0	406	2	4821	55	6843	6	5029	120	7306	9.745	0.726
304	NaN	582	NaN	576	0	49	363	100	92	0	404	16	5294	51	6820	38	5802	119	7387	9.692	5.579
304.1	NaN	559	NaN	592	0	27	357	100	100	0	407	29	6676	56	6850	69	6972	120	7509	9.712	6.434
304.2	NaN	559	NaN	566	0	26	364	100	100	0	405	0	8483	59	6776	71	8182	119	7303	9.825	2.871
304.3	NaN	552	NaN	554	0	20	359	100	100	0	407	33	6822	58	6801	78	7446	119	7363	10.046	5.751
304.4	NaN	595	NaN	587	0	0	359	100	100	0	407	5	8465	41	6725	92	10101	95	7127	10.252	4.435
304.5	NaN	555	NaN	554	0	3	360	100	100	0	408	41	6962	45	6887	93	9495	105	7134	10.699	5.028
304.6	NaN	547	NaN	589	0	17	363	100	100	0	408	41	7922	56	7076	89	7087	116	7191	11.337	5.2
304.7	NaN	550	NaN	582	0	17	359	100	100	0	409	35	7169	55	7623	80	7200	119	7725	11.877	4.497
304.8	NaN	605	NaN	552	0	16	357	100	100	0	407	35	7434	53	7969	79	7511	119	8115	12.416	4.387
304.9	NaN	541	NaN	577	0	6	359	100	100	0	406	39	7803	47	8189	87	7926	106	8336	12.963	4.692
305	NaN	564	NaN	583	0	-6	360	96	88	0	407	44	8321	38	8330	97	8403	85	8467	13.446	4.678
305.1	NaN	566	NaN	606	0	-18	360	60	52	0	406	49	8730	32	8466	102	8774	68	8570	13.934	3.954
305.2	NaN	600	NaN	639	0	-25	357	47	42	0	405	42	9102	27	8639	96	9152	52	8709	14.376	4.354
305.3	NaN	570	NaN	617	0	-30	361	31	28	0	405	9	9093	4	8377	20	9092	9	8447	14.322	-1.348
305.4	NaN	603	NaN	589	0	-31	358	28	21	0	406	0	9027	-0	8243	0	9058	0	8243	14.182	-1.894
305.5	NaN	602	NaN	588	0	-29	362	29	24	0	404	1	8929	0	8168	2	8931	1	8048	13.959	-2.851
305.6	NaN	574	NaN	658	0	-26	357	32	28	0	404	10	8759	5	8111	20	8838	11	8202	13.884	-0.117
305.7	NaN	571	NaN	645	0	-30	360	32	27	0	404	9	8750	4	8082	21	8776	10	8137	13.791	-0.393
305.8	NaN	589	NaN	571	0	-34	358	31	24	0	405	5	8657	2	7905	11	8701	5	7926	13.705	-0.985
305.9	NaN	603	NaN	586	0	-33	363	23	14	0	404	-2	8600	-2	7773	-1	8570	-3	7743	13.499	-2.186
306	NaN	565	NaN	585.5	0	-46	357	12	5	0	402	-17	8327	-26	7088	-14	8420	-23	7140	13.169	-2.44
306.1	NaN	540	NaN	584.5	0	-59	357	10	4	0	400	-24	7995	-44	6306	-20	8112	-39	5029	12.615	-6.045
306.2	NaN	542	NaN	583.5	0	-63	361	5	0	0	401	-32	7582	-48	5856	-28	7741	-18	2063	11.963	-4.736
306.3	NaN	564	NaN	582.5	0	-61	356	9	6	0	403	-24	7162	-37	5408	-21	7225	0	1434	11.29	-5.788
306.4	NaN	571	NaN	581.5	0	-53	357	34	29	0	402	11	7103	1	5694	34	7318	5	2003	10.773	-0.498
306.5	NaN	570	NaN	580.5	0	-46	361	45	42	0	405	41	7127	10	5738	96	7657	24	4296	10.594	-0.518
306.6	NaN	598	NaN	579.5	0	-37	358	58	58	0	405	64	7124	22	5863	103	7465	54	7498	10.596	2.868
306.7	NaN	572	NaN	578.5	0	-26	362	63	57	0	403	55	7338	27	5931	102	7750	59	10066	10.669	7.602
306.8	NaN	597	NaN	569	0	-2	360	69	65	0	407	42	7225	40	7354	96	7793	92	9619	10.886	8.148
306.9	NaN	605	NaN	591	0	24	364	28	16	0	407	-4	6609	-2	6709	-2	6627	-2	6579	11.137	-1.97
307	NaN	588	NaN	581.5	0	36	361	37	26	0	407	5	6343	14	7272	12	6318	30	7256	11.048	0.078
307.1	NaN	586	NaN	578	0	45	359	39	27	0	407	4	6183	16	7222	10	6244	37	7250	11.141	0.28
307.2	NaN	579	NaN	597	0	46	360	46	34	0	408	9	6188	31	7449	20	6623	71	7514	11.082	-0.323
307.3	NaN	574	NaN	586	0	53	360	57	46	0	408	11	6467	58	7446	25	6474	118	7572	11.283	2.583
307.4	NaN	535	NaN	568	0	47	363	60	48	0	408	17	6513	65	7734	39	6908	115	7769	11.506	2.277
307.5	NaN	547	NaN	533	0	49	362	59	44	0	407	15	6881	61	7939	35	6787	113	7976	11.849	4.281
307.6	NaN	554	NaN	579	0	49	362	51	33	0	409	12	6871	45	7947	26	6956	106	8133	12.07	2.268
307.7	NaN	575	NaN	579	0	55	360	34	18	0	409	2	6719	9	7714	5	6797	21	7875	12.054	-0.259
307.8	NaN	602	NaN	579	0	60	362	34	21	0	406	0	6409	1	7440	1	6455	3	7629	11.709	-2.817
307.9	NaN	587	NaN	592	0	63	361	49	36	0	407	4	6390	38	7543	11	6623	87	7741	11.566	-1.116
308	NaN	555	NaN	579	0	63	362	59	45	0	407	10	6411	69	7983	22	7982	118	8104	11.616	1.314
308.1	NaN	531	NaN	565	0	63	360	61	48	0	406	8	6668	73	7932	21	6847	119	8074	11.777	1.464
308.2	NaN	532	NaN	567	0	58	362	68	56	0	408	12	6637	72	8066	28	7038	119	8202	11.87	2.023
308.3	NaN	559	NaN	576	0	50	363	98	87	0	408	17	7109	70	8130	38	7182	116	8264	12.056	2.606
308.4	NaN	541	NaN	573	0	43	359	100	100	0	409	20	7575	66	8217	45	7297	118	8375	12.257	3.752
308.5	NaN	543	NaN	565	0	40	363	100	100	0	407	22	8637	61	8343	50	7492	117	8395	12.542	4.347
308.6	NaN	552	NaN	567	0	31	362	100	100	0	407	26	8071	59	8451	59	7736	116	8534	12.891	4.01
308.7	NaN	564	NaN	559	0	18	365	100	100	0	406	32	8105	50	8614	72	8050	110	8733	13.343	4.667
308.8	NaN	549	NaN	573	0	6	363	100	100	0	407	38	8376	44	8743	81	8453	95	8838	13.833	3.97
308.9	NaN	556	NaN	571	0	-3	359	100	100	0	407	42	8850	38	8882	89	8865	81	9005	14.299	4.802
309	NaN	579	NaN	584	0	-23	357	100	100	0	405	47	9236	30	8947	99	9318	63	9157	14.744	4.004
309.1	NaN	572	NaN	612	0	-31	359	100	100	0	406	51	9754	23	9047	102	9735	49	9387	15.078	2.787
309.2	NaN	585	NaN	614	0	-37	358	100	100	0	407	51	9928	21	9274	102	9939	44	9422	15.394	2.607
309.3	NaN	568	NaN	622	0	-35	361	100	100	0	404	50	10092	22	9473	102	10219	45	9657	15.658	3.078
309.4	NaN	562	NaN	617	0	-33	362	100	100	0	405	49	10235	22	9611	102	10414	46	9730	15.894	1.93
309.5	NaN	567	NaN	614	0	-32	360	100	100	0	403	49	10363	21	9687	100	10420	44	9969	16.139	2.749
309.6	NaN	594	NaN	617	0	-25	361	100	100	0	404	46	10477	25	9875	94	10602	50	10107	16.356	2.989
309.7	NaN	576	NaN	599	0	-23	358	100	100	0	405	44	10529	26	10235	88	10687	52	10378	16.657	2.652
309.8	NaN	596	NaN	588	0	-13	356	100	100	0	405	41	10635	28	10646	82	10681	58	10361	16.949	4.022
309.9	NaN	546	NaN	578	0	9	364	100	100	0	406	32	10563	35	10635	65	10752	74	10785	17.271	3.535
310	NaN	547	NaN	559	0	25	361	100	100	0	409	26	10554	43	11189	50	10568	85	11254	17.52	2.381
310.1	NaN	542	NaN	563	0	36	363	100	100	0	408	21	10829	45	11323	42	10607	91	11499	17.684	2.34
310.2	NaN	578	NaN	564	0	30	359	100	100	0	406	19	10927	39	11442	37	10830	69	11507	17.809	1.511
310.3	NaN	547	NaN	564	0	27	360	100	100	0	407	20	11019	34	11331	37	10774	67	11545	17.871	1.014
310.4	NaN	553	NaN	574	0	24	361	100	100	0	407	20	10817	34	11484	39	10949	63	11557	17.931	0.829
310.5	NaN	581	NaN	585	0	24	361	100	100	0	405	17	11004	26	11364	32	10869	53	11537	18.009	0.177
310.6	NaN	563	NaN	580	0	8	359	100	100	0	406	22	10849	27	11471	45	10882	52	11570	18.078	1.06
310.7	NaN	559	NaN	649	0	-4	360	100	100	0	405	20	11071	19	11242	38	11192	34	11318	18.209	-0.142
310.8	NaN	567	NaN	647	0	-8	361	100	100	0	406	17	11282	15	11135	33	11235	29	11222	18.204	-0.516
310.9	NaN	557	NaN	662	0	-10	362	100	100	0	407	15	11204	12	11139	29	11335	23	11143	18.275	0.372
311	NaN	562	NaN	636	0	-20	358	100	100	0	405	24	11425	16	11023	46	11452	29	11138	18.25	1.085
311.1	NaN	554	NaN	667	0	-25	362	100	100	0	404	26	11485	15	11022	46	11592	27	11111	18.29	0.965
311.2	NaN	556	NaN	629	0	-25	357	100	100	0	403	25	11583	16	10929	51	11647	29	11100	18.3	0.901
311.3	NaN	561	NaN	635	0	-20	360	100	100	0	404	25	11535	16	11079	46	11630	30	11265	18.318	1.264
311.4	NaN	573	NaN	686	0	-19	358	100	100	0	404	18	11472	12	11050	34	11515	23	11174	18.328	-0.623
311.5	NaN	588	NaN	637	0	-13	359	100	100	0	403	21	11441	16	11110	42	11550	32	11230	18.317	0.242
311.6	NaN	555	NaN	737	0	-12	357	100	100	0	403	14	11376	11	11183	26	11424	21	11219	18.342	-0.292
311.7	NaN	578	NaN	699	0	-4	362	100	100	0	406	15	11293	13	11175	29	11373	27	11283	18.331	0.158
311.8	NaN	557	NaN	634	0	-2	360	100	100	0	405	14	11164	13	11338	27	11283	25	11333	18.331	0.001
311.9	NaN	552	NaN	650	1	-2	360	100	100	0	405	14	11175	14	11266	27	11185	25	11391	18.33	-0.211
312	NaN	563	NaN	633	1	-2	360	100	100	0	406	15	11157	14	11441	28	11256	28	11447	18.333	-0.695
312.1	NaN	555	NaN	660	1	-0	361	100	100	0	407	13	11207	13	11320	26	11203	25	11402	18.354	-0.032
312.2	NaN	554	NaN	630	1	-3	358	100	100	0	406	13	11152	13	11431	26	11260	24	11423	18.36	-0.023
312.3	NaN	565	NaN	664	1	-3	359	100	100	0	407	14	11200	14	11315	27	11199	27	11429	18.386	0.217
312.4	NaN	550	NaN	640	1	0	363	100	100	0	406	12	11195	11	11411	23	11272	22	11444	18.422	-0.306
312.5	NaN	558	NaN	635	1	-2	361	100	100	0	406	14	11231	13	11424	26	11275	26	11471	18.418	-0.773
312.6	NaN	545	NaN	651	1	-2	362	100	100	0	406	11	11252	11	11419	23	11268	22	11449	18.451	0.835
312.7	NaN	555	NaN	646	1	-0	362	100	100	0	406	12	11216	12	11445	25	11299	24	11513	18.459	-0.458
312.8	NaN	554	NaN	650	1	-3	359	100	100	0	405	11	11265	11	11398	20	11266	21	11472	18.47	0.32
312.9	NaN	557	NaN	651	1	-3	361	100	100	0	405	11	11258	11	11509	22	11312	21	11514	18.464	-2.243
313	NaN	556	NaN	663	1	-2	359	100	100	0	407	11	11278	11	11347	21	11293	21	11447	18.472	0.617
313.1	NaN	562	NaN	646	1	-0	359	100	100	0	409	11	11263	10	11517	20	11342	21	11491	18.471	-0.909
313.2	NaN	551	NaN	644.9166667	1	-0	358	100	100	0	406	11	11279	10	11352	21	11268	19	11447	18.445	0.477
313.3	NaN	558	NaN	641.8333333	1	-0	357	100	100	0	406	11	11217	10	11477	20	11309	20	11477	18.484	-0.179
313.4	NaN	553	NaN	638.75	1	-3	360	100	100	0	406	11	11283	11	11393	22	11262	21	11454	18.48	0.08
313.5	NaN	554	NaN	635.6666667	1	-3	360	100	100	0	406	10	11227	9	11515	19	11308	19	11455	18.487	-1.452
313.6	NaN	545	NaN	632.5833333	1	-3	363	100	100	0	404	11	11281	11	11397	22	11327	20	11482	18.47	1.925
313.7	NaN	560	NaN	649	1	-1	358	100	100	0	407	11	11258	10	11476	21	11292	20	11466	18.481	0.105
313.8	NaN	551	NaN	652	1	-2	361	87	77	0	407	11	11279	10	11393	21	11333	20	11433	18.457	0.085
313.9	NaN	574	NaN	561	0	-2	360	0	0	0	405	-12	11130	-11	11277	-8	11093	-9	11204	18.325	-1.773
314	NaN	547	NaN	697	0	-2	359	0	0	0	403	-31	10888	-32	11023	-24	10857	-24	10982	17.952	-4.578
314.1	NaN	526	NaN	679	0	-3	358	0	0	0	404	-49	10560	-51	10724	-37	10444	-38	10505	17.435	-6.16
314.2	NaN	530	NaN	661	0	0	359	0	0	0	404	-51	10190	-51	10379	-38	10098	-39	10277	16.867	-6.052
314.3	NaN	537	NaN	665	0	1	358	0	0	0	404	-52	9779	-52	10048	-41	9825	-40	9863	16.211	-5.936
314.4	NaN	525	NaN	649	0	2	362	0	0	0	406	-55	9322	-54	9576	-44	9399	-43	9587	15.57	-5.526
314.5	NaN	533	NaN	678	0	2	358	0	0	0	406	-56	8874	-54	9145	-45	8867	-44	9077	14.957	-6.656
314.6	NaN	535	NaN	670	0	6	359	10	1	0	406	-48	8318	-47	8927	-40	8470	-36	8780	14.311	-6.184
314.7	NaN	559	NaN	627	0	10	364	20	11	0	405	-17	8317	-16	8822	-14	8284	-13	8767	13.909	-4.074
314.8	NaN	558	NaN	632	0	17	362	38	29	0	404	10	8230	14	8717	23	8289	34	8764	13.82	-0.062
314.9	NaN	566	NaN	623	0	25	360	41	30	0	410	11	8205	19	9025	24	8223	43	8988	13.724	-2.064
315	NaN	553	NaN	647.2619048	0	36	358	50	37	0	409	16	8522	38	9207	35	8306	83	9172	13.975	6.67
315.1	NaN	569	NaN	647.0238095	0	47	359	45	30	0	406	8	8166	28	8990	17	8831	61	9226	14.01	-2.014
315.2	NaN	615	NaN	646.7857143	0	41	362	45	29	0	406	9	8045	26	9182	19	8162	57	9285	13.936	0.873
315.3	NaN	569	NaN	646.547619	0	39	363	45	30	0	406	9	8032	26	9096	20	8169	57	9238	13.927	-1.782
315.4	NaN	559	NaN	646.3095238	0	36	360	47	37	0	406	13	8234	35	9120	30	8306	76	9263	13.956	2.1
315.5	NaN	578	NaN	646.0714286	0	33	358	51	39	0	407	18	8280	40	9184	39	8448	88	9368	14.087	1.423
315.6	NaN	544	NaN	645.8333333	0	27	363	55	44	0	405	24	8428	48	9303	52	8613	102	9472	14.316	1.742
315.7	NaN	538	NaN	645.5952381	0	40	360	60	47	0	405	21	10173	57	9879	44	8719	113	9432	14.725	5.63
315.8	NaN	536	NaN	645.3571429	0	48	365	59	47	0	408	17	8648	58	9788	37	10161	114	9952	14.78	-0.388
315.9	NaN	538	NaN	645.1190476	0	41	364	59	45	0	409	20	9486	55	9822	42	8973	115	9989	15.057	3.784
316	NaN	567	NaN	644.8809524	0	36	360	51	36	0	407	16	8979	37	9793	32	9463	80	10025	15.239	0.152
316.1	NaN	549	NaN	644.6428571	0	18	361	55	42	0	408	28	9689	43	10047	58	9326	91	10199	15.395	3.676
316.2	NaN	562	NaN	644.4047619	0	25	364	60	50	0	409	26	11433	47	9956	55	9496	97	10096	15.734	4.711
316.3	NaN	542	NaN	644.1666667	0	25	358	83	72	0	408	26	9730	47	10206	54	9703	96	10322	16.01	4.698
316.4	NaN	602	NaN	643.9285714	0	14	361	93	81	0	407	30	9787	41	10457	61	9817	83	10594	16.303	5.34
316.5	NaN	556	NaN	643.6904762	0	-2	362	71	61	0	406	37	10191	35	10414	73	10319	70	10530	16.688	3.838
316.6	NaN	578	NaN	643.452381	0	-18	359	56	50	0	407	42	10627	28	10342	84	10685	57	10490	17.023	3.066
316.7	NaN	572	NaN	643.2142857	0	-21	363	68	65	0	406	42	10949	27	10477	82	11065	52	10638	17.287	2.732
316.8	NaN	545	NaN	642.9761905	0	-30	357	81	81	0	404	39	11092	20	10650	77	11092	40	10765	17.551	2.227
316.9	NaN	554	NaN	642.7380952	0	-32	356	100	100	0	404	44	11297	23	10564	86	11444	45	10832	17.712	2.383
317	NaN	557	NaN	626	0	-28	361	100	100	0	403	37	11397	19	10807	75	11425	37	10817	17.868	2.538
317.1	NaN	559	NaN	612	0	6	357	100	100	0	405	21	11083	23	10943	41	11284	44	11064	18.031	1.389
317.2	NaN	559	NaN	583	0	13	359	100	100	0	404	23	10847	30	11498	44	10916	54	11598	18.145	1.051
317.3	NaN	551	NaN	605	0	10	362	100	100	0	406	19	11001	22	11497	36	10996	43	11598	18.269	0.582
317.4	NaN	622	NaN	615	0	7	363	100	100	0	406	18	11047	20	11467	35	11150	38	11576	18.383	0.315
317.5	NaN	550	NaN	639	0	3	361	100	100	0	406	16	11154	17	11472	31	11159	31	11519	18.399	0.421
317.6	NaN	562	NaN	668	1	-1	357	100	100	0	405	12	11172	13	11309	24	11276	25	11456	18.434	-0.189
317.7	NaN	570	NaN	669	1	-1	360	100	100	0	406	14	11189	13	11416	27	11239	27	11451	18.441	1.871
317.8	NaN	545	NaN	668	1	-2	359	100	100	0	409	11	11223	11	11333	22	11293	21	11412	18.437	-0.792
317.9	NaN	554	NaN	650	1	-5	359	100	100	0	405	12	11263	10	11395	22	11286	20	11378	18.445	0.252
318	NaN	550	NaN	634	1	-8	357	100	100	0	405	12	11399	10	11230	24	11418	20	11299	18.422	-0.335
318.1	NaN	546	NaN	654	1	-6	360	100	100	0	405	11	11324	10	11304	23	11476	20	11352	18.334	1.639
318.2	NaN	552	NaN	647	1	-6	363	100	100	0	404	13	11327	11	11221	24	11310	21	11305	18.479	-1.669
318.3	NaN	546	NaN	648	1	-2	362	100	100	0	405	10	11312	10	11427	18	11394	19	11392	18.383	0.244
318.4	NaN	543	NaN	654	1	-4	361	100	100	0	404	12	11253	12	11361	25	11247	22	11393	18.4	0.354
318.5	NaN	546	NaN	640	1	0	361	100	100	0	406	12	11214	11	11252	22	11302	21	11417	18.476	0.796
318.6	NaN	546	NaN	641	1	-1	363	100	97	0	407	11	11293	11	11422	23	11290	20	11441	18.413	0.287
318.7	NaN	550	NaN	644	1	-3	357	81	72	0	405	10	11269	11	11291	20	11297	19	11403	18.462	-0.716
318.8	NaN	590	NaN	578	0	-1	360	0	0	0	406	-8	11101	-8	11337	-6	11136	-6	11340	18.395	-2.202
318.9	NaN	542	NaN	669	0	0	360	0	0	0	406	-29	10934	-29	11079	-21	10863	-22	11068	18.051	-4.734
319	NaN	538	NaN	655	0	1	359	0	0	0	406	-48	10577	-48	10790	-37	10466	-36	10715	17.586	-6.512
319.1	NaN	522	NaN	662	0	3	359	0	0	0	404	-51	10245	-50	10358	-39	10121	-38	10359	16.985	-5.462
319.2	NaN	523	NaN	659	0	3	367	0	0	0	406	-54	9798	-52	10041	-42	9728	-39	9842	16.403	-6.521
319.3	NaN	528	NaN	653	0	2	509	0	0	0	525	-55	9195	-53	9665	-44	9262	-43	9518	15.696	-7.157
319.4	NaN	523	NaN	668	0	-1	596	0	0	0	621	-55	8755	-55	9060	-45	8604	-45	8814	14.853	-10.094
319.5	NaN	534	NaN	655	0	-7	609	0	0	0	610	-53	8271	-57	8400	-43	8189	-47	8323	13.969	-8.889
319.6	NaN	535	NaN	682	0	-14	595	0	0	0	575	-50	7971	-58	7769	-43	7850	-49	7474	13.075	-9.347
319.7	NaN	529	NaN	669	0	-33	376	0	0	0	420	-45	7668	-62	6956	-39	7648	-53	6696	12.277	-6.523
319.8	NaN	573	NaN	719	0	-57	361	16	16	0	399	-12	7535	-16	6546	-9	7588	-16	4296	11.695	-5.675
319.9	NaN	596	NaN	587	0	-60	363	25	23	0	405	0	7381	0	6371	0	7471	0	4384	11.369	-2.545
320	NaN	548	NaN	618	0	-50	359	55	53	0	404	52	7632	14	6396	100	7715	30	6222	11.192	1.813
320.1	NaN	563	NaN	571	0	-21	363	64	59	0	404	57	7635	32	6922	101	7796	74	7273	11.559	4.94
320.2	NaN	578	NaN	696	0	16	363	40	26	0	407	9	7191	12	7379	20	7270	28	7434	11.965	-0.411
320.3	NaN	580	NaN	633	0	33	363	33	19	0	408	3	6857	4	7625	4	6929	13	7717	11.927	-0.828
320.4	NaN	578	NaN	607	0	48	360	17	2	0	407	-19	6425	-12	7524	-18	6463	-10	7581	11.67	-4.227
320.5	NaN	586	NaN	638	0	49	360	35	22	0	409	0	6212	5	7418	3	5473	8	7492	11.21	-3.753
320.6	NaN	606	NaN	684	0	62	360	40	27	0	407	2	6029	21	7293	6	6177	50	7451	11.105	-0.781
320.7	NaN	593	NaN	635	0	64	359	40	27	0	408	2	5939	22	7315	5	6030	51	7463	10.91	-0.063
320.8	NaN	580	NaN	626	0	66	364	47	35	0	407	3	5888	41	7291	8	6048	94	7434	10.819	-0.97
320.9	NaN	573	NaN	576	0	67	363	79	67	0	406	7	5991	59	7513	16	6170	115	7613	10.931	3.235
321	NaN	544	NaN	604	0	61	361	100	91	0	408	10	6142	62	7568	23	6529	113	7763	11.047	2.566
321.1	NaN	547	NaN	579	0	57	364	100	100	0	404	13	6596	65	7675	29	6593	111	7761	11.261	4.4
321.2	NaN	590	NaN	591	0	38	361	100	100	0	409	23	7175	66	7736	52	6926	113	7871	11.516	4.228
321.3	NaN	541	NaN	595	0	22	363	100	100	0	405	32	9188	54	7802	73	7307	109	7966	11.914	6.47
321.4	NaN	548	NaN	556	0	20	360	100	100	0	408	34	8012	54	8024	74	7529	113	8150	12.405	5.33
321.5	NaN	540	NaN	567	0	24	364	100	100	0	405	30	9743	53	8324	67	7826	113	8324	12.95	5.426
321.6	NaN	559	NaN	565	0	10	360	100	100	0	408	34	8055	45	8636	77	9291	97	8816	13.327	1.614
321.7	NaN	572	NaN	557	0	14	360	100	100	0	406	34	9655	46	8851	73	8450	100	8953	13.881	5.643
321.8	NaN	558	NaN	574	0	18	364	100	100	0	409	31	8605	47	9193	67	9884	97	9401	14.329	0.997
321.9	NaN	594	NaN	570	0	14	365	100	100	0	408	33	9635	43	9434	69	8998	90	9487	14.783	5.99
322	NaN	555	NaN	565	0	9	360	100	100	0	407	33	9186	43	9587	67	9533	89	9804	15.228	3.122
322.1	NaN	564	NaN	572	0	6	359	100	100	0	407	34	9689	40	9812	70	9555	85	9933	15.597	3.83
322.2	NaN	555	NaN	576	0	6	359	100	100	0	406	34	9753	40	10014	69	9798	79	10180	16.004	2.676
322.3	NaN	577	NaN	565	1	6	360	100	100	0	407	33	9974	38	10408	68	10098	78	10449	16.398	1.612
322.4	NaN	554	NaN	573	1	6	358	100	100	0	404	33	10336	37	10514	66	10347	74	10597	16.766	5.045
322.5	NaN	561	NaN	573	1	4	360	100	100	0	407	33	10444	37	10689	65	10553	75	10918	17.136	2.951
322.6	NaN	565	NaN	587	1	3	359	100	100	0	405	30	10686	32	10940	60	10792	64	11011	17.491	4.015
322.7	NaN	582	NaN	601	1	5	359	100	100	0	405	25	10827	27	10995	49	10885	51	11147	17.777	3.061
322.8	NaN	573	NaN	613	1	4	361	100	100	0	406	20	10914	22	11260	40	10945	43	11307	17.961	0.396
322.9	NaN	577	NaN	658	1	3	360	100	100	0	407	20	10980	21	11179	38	11117	39	11313	18.172	2.615
323	NaN	575	NaN	638	1	2	358	100	94	0	406	15	11117	15	11394	28	11096	30	11422	18.259	0.501
323.1	NaN	589	NaN	581	0	3	363	0	0	0	404	-8	10953	-9	11227	-7	10964	-7	11172	18.297	-2.758
323.2	NaN	568	NaN	576.3	0	2	368	0	0	0	408	-29	10833	-27	10985	-22	10841	-21	11039	17.943	-2.511
323.3	NaN	553	NaN	579.1	0	-2	427	0	0	0	453	-48	10438	-48	10694	-36	10377	-37	10609	17.466	-6.642
323.4	NaN	546	NaN	581.9	0	0	407	0	0	0	427	-52	10120	-52	10162	-40	10101	-40	10055	16.834	-6.796
323.5	NaN	537	NaN	584.7	0	1	521	0	0	0	562	-53	9646	-55	9722	-42	9646	-43	9605	16.117	-8.635
323.6	NaN	538	NaN	587.5	0	-2	601	0	0	0	579	-55	9108	-56	9253	-44	9059	-45	9015	15.313	-7.509
323.7	NaN	539	NaN	590.3	0	1	695	0	0	0	645	-56	8564	-54	8728	-46	8374	-45	8614	14.424	-9.245
323.8	NaN	545	NaN	593.1	0	5	788	0	0	0	719	-57	7654	-52	8145	-48	7607	-44	8157	13.436	-8.711
323.9	NaN	548	NaN	595.9	0	11	807	0	0	0	717	-56	7032	-51	7588	-49	7025	-45	7530	12.324	-9.697
324	NaN	559	NaN	598.7	0	29	642	16	6	0	613	-43	6184	-25	7166	-31	5749	-27	7113	11.367	-9.518
324.1	NaN	630	NaN	604	0	52	361	25	14	0	401	0	6003	-0	7048	0	6071	-0	7185	10.996	-5.9
324.2	NaN	585	NaN	613	0	70	365	17	2	0	403	-24	4784	-12	6765	-23	5149	-10	6911	10.63	-5.275
324.3	NaN	620	NaN	600	0	71	368	30	18	0	407	0	5390	0	6797	0	5084	0	6843	10.004	-2.734
324.4	NaN	610	NaN	618	0	73	366	32	20	0	405	0	5266	3	6390	0	5352	8	6564	9.73	-2.161
324.5	NaN	587	NaN	603	0	72	360	45	33	0	407	1	5044	37	6452	2	5024	87	6687	9.437	-0.5
324.6	NaN	571	NaN	587	0	70	366	51	39	0	405	2	4979	51	6522	6	5178	114	6722	9.486	0.975
324.7	NaN	568	NaN	576	0	53	361	59	47	0	407	11	5277	56	6756	28	5444	112	6907	9.665	2.849
324.8	NaN	580	NaN	593.7222222	0	11	360	48	34	0	405	21	5718	28	6647	46	6147	70	6840	9.974	4.574
324.9	NaN	579	NaN	592.9444444	0	-22	362	33	28	0	404	10	6163	6	6119	25	6207	14	6184	10.08	0.946
325	NaN	595	NaN	592.1666667	0	-44	362	34	33	0	405	9	6489	3	5747	24	6467	7	5801	9.995	-2.863
325.1	NaN	573	NaN	591.3888889	0	-61	365	54	52	0	405	32	6666	5	5586	87	6759	18	5715	9.886	0.725
325.2	NaN	607	NaN	590.6111111	0	-77	360	60	58	0	405	50	7015	0	5618	99	6905	1	5655	10.145	1.158
325.3	NaN	576	NaN	589.8333333	0	-64	359	100	100	0	407	51	7234	7	5638	98	7347	18	5916	10.139	1.444
325.4	NaN	581	NaN	589.0555556	0	-63	361	100	100	0	403	58	7194	8	5711	99	7248	20	6035	10.348	3.714
325.5	NaN	588	NaN	588.2777778	0	-50	363	100	100	0	405	55	7452	16	5850	98	7796	38	6406	10.468	4.366
325.6	NaN	597	NaN	593	0	-23	362	100	100	0	406	56	7147	28	7567	98	7501	66	9842	10.704	4.401
325.7	NaN	573	NaN	581	0	-17	362	100	100	0	407	52	7357	31	6841	97	7400	75	8995	11.148	6.398
325.8	NaN	611	NaN	584	0	-14	362	100	100	0	408	46	7354	32	6990	98	7642	74	10816	11.55	5.37
325.9	NaN	586	NaN	574	0	-16	358	100	100	0	406	47	7584	33	7492	99	7688	73	10556	12.036	5.233
326	NaN	579	NaN	575	0	-15	361	100	100	0	407	51	8227	34	7814	98	7979	77	7848	12.621	6.106
326.1	NaN	572	NaN	591	0	-18	362	100	100	0	408	51	8334	32	8017	98	8451	70	8259	13.111	4.16
326.2	NaN	586	NaN	599	0	-19	364	100	100	0	406	50	8739	30	8507	98	8773	66	8341	13.599	6.55
326.3	NaN	592	NaN	588	0	-24	359	100	100	0	405	49	8969	29	8576	97	9071	64	8791	14.083	3.782
326.4	NaN	592	NaN	591	0	-15	361	100	100	0	407	45	9281	31	8883	96	9322	67	8934	14.483	5.421
326.5	NaN	578	NaN	583	0	-13	359	100	100	0	406	44	9437	32	9129	94	9504	70	9255	14.925	2.674
326.6	NaN	572	NaN	591	0	-8	361	100	100	0	404	42	9529	33	9425	88	9748	67	9540	15.398	6.357
326.7	NaN	568	NaN	583	0	-6	358	100	100	0	407	39	9772	34	9711	81	9947	71	9892	15.802	5.554
326.8	NaN	571	NaN	582	0	1	362	100	100	0	406	37	9961	36	10117	74	10037	71	10168	16.196	3.641
326.9	NaN	575	NaN	577	1	-0	359	100	100	0	409	35	10153	36	10333	72	10197	71	10434	16.599	3.79
327	NaN	563	NaN	576	1	0	360	100	100	0	407	34	10371	36	10557	69	10509	73	10691	17.013	5.57
327.1	NaN	584	NaN	587	1	1	359	100	100	0	408	32	10667	35	10869	64	10669	67	10880	17.329	5.02
327.2	NaN	576	NaN	603	1	1	359	100	100	0	405	27	10716	29	10932	55	10829	56	11077	17.642	1.92
327.3	NaN	576	NaN	619	1	4	364	100	100	0	407	23	10852	26	11142	45	10982	50	11238	17.905	1.633
327.4	NaN	576	NaN	634	1	4	361	100	96	0	408	19	10968	21	11266	37	11015	41	11343	18.094	2.008
327.5	NaN	599	NaN	623	0	2	361	53	41	0	408	19	11035	19	11317	36	11171	39	11463	18.269	1.345
327.6	NaN	616	NaN	594	0	4	360	8	0	0	407	-8	10953	-8	11373	-6	10900	-5	11338	18.225	-2.822
327.7	NaN	572	NaN	588.5555556	0	5	359	0	0	0	407	-29	10688	-27	10992	-22	10688	-21	11079	17.949	-2.967
327.8	NaN	550	NaN	589.6111111	0	6	361	0	0	0	406	-49	10229	-48	10835	-38	10015	-35	10726	17.509	-5.401
327.9	NaN	556	NaN	590.6666667	0	6	359	5	0	0	404	-51	9973	-47	10458	-39	9863	-37	10407	16.915	-6.249
328	NaN	573	NaN	591.7222222	0	10	362	17	7	0	406	-32	9561	-26	10288	-23	9537	-22	10258	16.345	-5.285
328.1	NaN	614	NaN	592.7777778	0	14	361	22	12	0	406	-10	9361	-9	10127	-8	9397	-7	10080	16.071	-2.514
328.2	NaN	615	NaN	593.8333333	0	16	365	23	10	0	408	-9	9219	-8	9928	-8	9318	-6	9965	15.804	-1.595
328.3	NaN	580	NaN	594.8888889	0	24	359	12	0	0	406	-31	8732	-25	9700	-26	8720	-20	9770	15.473	-3.331
328.4	NaN	570	NaN	595.9444444	0	31	359	12	1	0	405	-46	8119	-32	9591	-36	8036	-27	9542	14.901	-5.371
328.5	NaN	612	NaN	591	0	25	365	22	11	0	406	-10	8175	-7	9408	-8	5936	-6	9233	14.572	-4.23
328.6	NaN	622	NaN	596	0	16	361	23	12	0	407	-7	7300	-6	9103	-6	7714	-5	9043	14.129	-2.65
328.7	NaN	620	NaN	596	0	18	366	24	13	0	406	-5	7706	-4	8695	-4	7585	-4	8764	13.787	-2.049
328.8	NaN	627	NaN	598	0	17	362	26	15	0	406	-1	7441	0	8567	0	7668	-1	8637	13.468	-1.177
328.9	NaN	608	NaN	586	0	17	361	33	22	0	406	2	7042	4	8331	5	7705	8	8424	13.278	-0.569
329	NaN	610	NaN	591.9333333	0	37	361	33	22	0	407	1	7395	4	8291	4	7587	10	8393	13.084	-2.7
329.1	NaN	602	NaN	589.95	0	41	362	33	22	0	407	2	7387	5	8327	4	7393	12	8423	12.869	-0.754
329.2	NaN	586	NaN	587.9666667	0	34	360	45	33	0	409	12	7324	28	8366	27	7767	60	8493	12.724	-0.126
329.3	NaN	588	NaN	585.9833333	0	38	362	44	31	0	408	10	7818	26	8255	22	7618	58	8378	12.916	2.428
329.4	NaN	618	NaN	585	0	41	363	34	18	0	410	1	7174	2	8282	2	7327	6	8338	12.81	-2.563
329.5	NaN	613	NaN	589.6898148	0	42	360	34	22	0	409	1	7071	3	8161	2	7125	8	8186	12.589	-3.669
329.6	NaN	605	NaN	587.5518519	0	47	359	35	23	0	409	2	6862	6	7999	4	7033	15	8102	12.386	-1.713
329.7	NaN	626	NaN	585.4138889	0	52	362	46	34	0	406	3	6739	13	7904	6	6896	29	7960	12.182	-1.828
329.8	NaN	561	NaN	583.2759259	0	53	363	54	43	0	407	12	6875	56	8097	26	7085	107	8109	12.115	2.577
329.9	NaN	556	NaN	581.137963	0	55	360	64	53	0	410	13	7249	63	8427	31	7117	111	8364	12.329	3.503
330	NaN	556	NaN	580	0	56	359	65	54	0	409	12	7703	71	8418	28	7391	112	8464	12.53	2.091
330.1	NaN	565	NaN	578	0	58	359	54	39	0	406	9	7620	53	8406	21	7507	112	8596	12.699	2.765
330.2	NaN	588	NaN	582.6641204	0	59	362	36	20	0	408	2	7191	11	8099	4	7325	24	8315	12.724	-1.892
330.3	NaN	609	NaN	589	0	58	359	9	0	0	406	-11	6680	-6	7803	-9	6838	-5	8033	12.341	-3.895
330.4	NaN	570	NaN	683	0	59	357	4	0	0	406	-35	5908	-19	7496	-31	5977	-17	7694	11.828	-7.04
330.5	NaN	569	NaN	696	0	59	365	9	0	0	406	-43	5548	-30	7180	-49	4060	-26	7305	11.157	-7.025
330.6	NaN	570	NaN	685	0	58	363	17	7	0	403	-34	5062	-20	6873	-6	1323	-18	6974	10.53	-6.404
330.7	NaN	567	NaN	573	0	16	361	59	51	0	406	24	5797	52	7058	53	5859	111	7266	10.256	4.814
330.8	NaN	570	NaN	583	0	-5	357	60	55	0	407	49	6735	41	6792	96	6775	96	6871	10.806	4.753
330.9	NaN	577	NaN	567	0	-6	357	97	89	0	409	49	7022	45	7030	96	7096	103	7080	11.325	5.891
331	NaN	568	NaN	576	0	-8	360	100	100	0	407	50	7411	40	7346	96	7439	91	7434	11.88	6.847
331.1	NaN	563	NaN	587	1	-6	360	100	100	0	408	48	7706	39	7666	97	7776	89	7779	12.437	5.163
331.2	NaN	573	NaN	557	1	-7	359	100	100	0	407	46	8037	40	8006	97	8137	85	8118	12.926	6.033
331.3	NaN	565	NaN	573	1	-3	361	100	100	0	405	44	8294	39	8302	95	8416	84	8384	13.435	5.163
331.4	NaN	568	NaN	571	1	-5	357	100	100	0	405	43	8605	38	8663	93	8713	81	8719	13.941	4.996
331.5	NaN	570	NaN	575	1	-5	357	100	100	0	405	42	8889	37	8950	90	8942	80	9011	14.429	4.986
331.6	NaN	568	NaN	573	1	-4	359	100	100	0	406	41	9205	36	9211	88	9292	76	9287	14.874	5.127
331.7	NaN	569	NaN	571	1	-6	359	100	100	0	405	40	9479	37	9441	84	9620	76	9552	15.314	4.554
331.8	NaN	572	NaN	583	1	-5	360	100	100	0	406	39	9729	35	9674	80	9833	72	9841	15.755	4.468
331.9	NaN	564	NaN	587	1	-4	363	100	100	0	407	37	9964	34	10021	77	10086	71	10076	16.127	4.685
332	NaN	598	NaN	577	1	-6	360	100	100	0	407	38	10207	33	10206	77	10295	67	10294	16.545	2.941
332.1	NaN	586	NaN	569	1	-5	358	100	100	0	408	37	10487	33	10382	74	10631	67	10536	16.915	3.717
332.2	NaN	558	NaN	579	1	-4	358	100	100	0	407	33	10622	31	10720	66	10717	62	10773	17.25	2.082
332.3	NaN	582	NaN	606	1	-3	360	100	100	0	405	28	10769	26	10786	56	10847	51	10885	17.598	3.379
332.4	NaN	589	NaN	621	1	-4	360	100	100	0	407	23	10973	22	10940	45	11031	44	11060	17.744	0.414
332.5	NaN	570	NaN	614	1	-4	362	100	100	0	407	22	10939	21	11107	43	11010	42	11135	17.957	1.484
332.6	NaN	591	NaN	673	1	-1	362	100	100	0	407	17	11106	17	11080	33	11177	32	11204	18.065	0.821
332.7	NaN	583	NaN	646	1	-2	359	100	100	0	406	16	11085	16	11291	31	11109	31	11256	18.164	-0.2
332.8	NaN	583	NaN	628	1	-3	358	100	100	0	406	16	11172	15	11220	31	11242	30	11300	18.242	1.146
332.9	NaN	571	NaN	644	1	-1	361	100	100	0	405	13	11176	13	11338	25	11222	23	11323	18.265	-0.593
333	NaN	582	NaN	630	1	-1	357	100	100	0	406	15	11160	14	11350	29	11243	27	11322	18.326	-1.455
333.1	NaN	573	NaN	648	1	-1	359	100	100	0	405	12	11278	12	11243	23	11315	22	11317	18.331	1.363
333.2	NaN	579	NaN	631	1	-4	363	100	100	0	409	15	11208	13	11395	28	11239	27	11372	18.357	-0.172
333.3	NaN	571	NaN	689	1	-2	359	100	100	0	406	11	11271	11	11259	20	11319	20	11341	18.368	0.223
333.4	NaN	572	NaN	632	1	-3	361	100	100	0	406	14	11196	13	11417	26	11222	25	11356	18.381	0.806
333.5	NaN	570	NaN	650	1	-1	362	100	100	0	406	11	11331	11	11291	22	11321	20	11357	18.383	0.984
333.6	NaN	569	NaN	630	1	-3	358	100	100	0	406	12	11199	11	11430	22	11198	23	11392	18.416	-0.563
333.7	NaN	564	NaN	650	1	-2	361	100	100	0	407	12	11302	12	11318	23	11343	21	11397	18.416	0.399
333.8	NaN	569	NaN	626	1	-4	360	100	100	0	406	11	11240	11	11392	23	11331	21	11382	18.383	0.425
333.9	NaN	583	NaN	666	1	-1	360	100	100	0	405	13	11255	13	11364	27	11318	25	11384	18.413	-0.954
334	NaN	571	NaN	671	1	1	357	100	100	0	407	10	11225	10	11447	18	11262	20	11434	18.429	-0.33
334.1	NaN	578	NaN	626	0	14	359	100	100	0	407	16	11083	19	11510	30	11156	40	11613	18.461	1.165
334.2	NaN	565	NaN	605	0	20	361	100	100	0	408	12	11021	18	11702	20	11151	35	11761	18.539	2.276
334.3	NaN	577	NaN	606	0	19	361	100	100	0	408	17	10951	24	11791	30	11012	52	11948	18.478	-0.026
334.4	NaN	575	NaN	644	0	7	358	100	100	0	409	15	11111	19	11797	29	11541	36	11847	18.474	-0.074
334.5	NaN	570	NaN	657	0	-7	359	100	100	0	407	12	11241	10	11445	24	11278	21	11502	18.534	-0.041
334.6	NaN	565	NaN	648	0	-9	360	100	100	0	407	13	11434	12	11293	27	11491	22	11329	18.518	0.418
334.7	NaN	590	NaN	628	0	-10	361	0	0	0	405	3	11316	3	11231	8	11341	3	11247	18.472	-1.43
334.8	NaN	569	NaN	665	0	-8	358	0	0	0	404	-20	11160	-23	10992	-15	11152	-17	10891	18.138	-3.42
334.9	NaN	552	NaN	689	0	-8	375	0	0	0	418	-40	10829	-44	10684	-29	10831	-33	10637	17.687	-5.829
335	NaN	553	NaN	662	0	-10	402	0	0	0	433	-50	10378	-52	10174	-37	10423	-41	10191	17.012	-7.266
335.1	NaN	542	NaN	653	0	-12	598	0	0	0	599	-52	9963	-56	9657	-40	9877	-44	8865	16.275	-8.102
335.2	NaN	544	NaN	653	0	-13	622	0	0	0	626	-52	9339	-58	8895	-41	9380	-47	8905	15.339	-7.996
335.3	NaN	543	NaN	664	0	-13	624	0	0	0	599	-52	8828	-57	8504	-43	8704	-47	7138	14.457	-9.039
335.4	NaN	556	NaN	676	0	-18	602	0	0	0	586	-49	8299	-58	7965	-43	8233	-50	7090	13.521	-9.062
335.5	NaN	575	NaN	746	0	-30	443	14	14	0	455	-23	8011	-33	7385	-19	7987	-26	4335	12.684	-5.985
335.6	NaN	624	NaN	600	0	-43	362	25	24	0	404	-0	7893	0	7088	-0	7932	-0	7120	12.365	-1.52
335.7	NaN	629	NaN	600	0	-53	361	21	19	0	404	0	7787	0	6812	0	7842	0	6752	12.053	-2.704
335.8	NaN	609	NaN	580	0	-56	359	34	33	0	404	7	7708	1	6591	25	7788	3	6637	11.781	-1.764
335.9	NaN	577	NaN	673	0	-56	363	42	39	0	406	39	7830	6	6662	89	7934	14	6834	11.85	-0.032
336	NaN	578	NaN	726	0	-55	361	41	39	0	404	40	7982	6	6662	88	8192	15	7063	11.9	1.901
336.1	NaN	584	NaN	706	0	-59	358	40	37	0	404	32	7832	5	6630	74	8126	11	6973	11.91	-0.581
336.2	NaN	584	NaN	692	0	-58	359	43	41	0	404	42	7929	6	6609	95	8141	14	6951	11.864	1.837
336.3	NaN	611	NaN	636	0	-39	360	59	57	0	404	62	8332	19	6778	95	8628	42	8263	11.867	2.815
336.4	NaN	582	NaN	584	0	-13	357	64	59	0	403	47	7909	34	8552	94	8339	77	9069	12.124	3.399
336.5	NaN	575	NaN	584	0	-7	363	70	64	0	408	41	8021	36	7993	93	8351	81	10656	12.471	5.363
336.6	NaN	582	NaN	584	0	-20	358	73	65	0	408	50	8157	31	8763	93	8263	70	8391	13.008	4.479
336.7	NaN	585	NaN	587	0	-17	362	73	67	0	406	49	8450	33	8303	94	8592	72	8322	13.504	4.607
336.8	NaN	607	NaN	592	0	-13	359	70	62	0	408	45	8774	35	8576	94	8884	76	8668	13.991	3.493
336.9	NaN	603	NaN	577	0	-12	358	68	61	0	404	45	9060	34	8815	94	9143	74	8918	14.46	4.146
337	NaN	575	NaN	645	0	-13	359	36	29	0	408	21	9217	12	8985	36	9235	33	9108	14.908	3.484
337.1	NaN	632	NaN	597	0	-14	361	15	5	0	408	-5	9262	-7	8921	-5	9119	-7	8852	14.751	-3.892
337.2	NaN	580	NaN	597	0	-20	358	0	0	0	405	-23	8947	-29	8481	-19	9117	-24	8709	14.482	-1.24
337.3	NaN	603	NaN	569	0	-32	362	31	27	0	404	8	9017	3	8421	16	9052	7	8394	14.236	-1.403
337.4	NaN	625	NaN	598	0	-56	362	19	11	0	403	-3	8600	-3	7918	-3	8871	-4	8150	14.076	-0.849
337.5	NaN	624	NaN	603	0	-50	360	20	17	0	404	-3	8757	-7	7733	-3	8762	-6	6815	13.662	-3.094
337.6	NaN	609	NaN	586	0	-44	360	17	10	0	405	-8	8581	-11	7207	-6	8652	-10	6244	13.24	-1.89
337.7	NaN	575	NaN	595.9285714	0	-53	360	15	7	0	404	-18	7955	-33	6331	-16	8042	-27	6324	12.867	-4.782
337.8	NaN	613	NaN	594.8571429	0	-44	360	27	27	0	406	4	8099	1	6825	9	8107	2	5368	12.324	-1.464
337.9	NaN	595	NaN	593.7857143	0	-43	360	33	28	0	406	10	7823	2	6691	23	7906	7	6848	12.054	0.65
338	NaN	598	NaN	592.7142857	0	-26	356	47	47	0	405	42	8011	21	6982	95	8184	48	7634	12.034	4.052
338.1	NaN	583	NaN	591.6428571	0	-48	358	40	30	0	405	23	7768	7	7246	55	7842	13	7303	12.352	2.668
338.2	NaN	602	NaN	590.5714286	0	-50	362	34	32	0	403	11	7831	2	6993	25	7837	6	7148	12.114	-3.378
338.3	NaN	593	NaN	597	0	-53	358	35	28	0	404	16	7811	3	6806	37	7903	7	6858	11.996	-1.366
338.4	NaN	623	NaN	595	0	-55	359	30	24	0	404	2	7633	0	6603	4	7643	1	6543	11.778	-3.247
338.5	NaN	611	NaN	579	0	-57	363	39	37	0	404	7	7559	1	6323	16	7630	2	6318	11.484	-0.444
338.6	NaN	588	NaN	651	0	-50	358	43	40	0	403	16	7489	4	6342	37	7548	8	6446	11.341	-0.183
338.7	NaN	589	NaN	588	0	-19	360	54	50	0	405	47	7639	28	6692	94	7799	66	7099	11.524	5.845
338.8	NaN	604	NaN	596	0	4	358	55	45	0	406	35	7361	37	7387	80	7461	83	7532	12.051	4.925
338.9	NaN	581	NaN	605	0	26	360	55	44	0	408	25	7387	45	7931	57	7447	100	8046	12.398	2.486
339	NaN	580	NaN	575	0	45	362	53	39	0	408	14	7540	49	8293	31	7492	105	8388	12.73	2.525
339.1	NaN	583	NaN	583	0	48	363	49	35	0	405	11	7499	39	8448	24	7561	87	8578	12.903	0.891
339.2	NaN	576	NaN	567	0	45	362	51	41	0	406	13	7574	43	8570	30	7609	97	8761	13.036	3.729
339.3	NaN	554	NaN	580	0	44	362	62	52	0	406	19	7791	61	8781	43	7865	106	8909	13.242	3.466
339.4	NaN	564	NaN	571	0	42	359	80	70	0	407	20	8689	60	8972	44	8013	107	9012	13.497	3.633
339.5	NaN	607	NaN	567	0	6	360	100	91	0	407	35	8820	43	8922	77	8467	93	9104	13.821	6.165
339.6	NaN	586	NaN	589	0	-20	358	100	100	0	405	47	8990	31	8735	92	9034	67	8846	14.298	4.217
339.7	NaN	599	NaN	610	0	-28	360	100	100	0	405	49	9334	26	8786	91	9432	56	8931	14.637	3.744
339.8	NaN	592	NaN	616	0	-27	357	100	100	0	403	49	9598	25	8988	92	9705	53	9113	14.988	4.263
339.9	NaN	584	NaN	606	0	-30	360	100	100	0	404	49	9826	24	9151	92	9835	51	9468	15.328	3.616
340	NaN	612	NaN	619	0	-22	361	100	100	0	405	46	10056	26	9420	92	10138	55	9512	15.632	4.576
340.1	NaN	577	NaN	590	0	-20	362	100	100	0	409	44	10109	28	9716	90	10273	56	9891	16.014	3.414
340.2	NaN	601	NaN	581	0	-9	360	100	100	0	406	40	10223	32	9984	80	10315	65	10065	16.379	4.585
340.3	NaN	569	NaN	575	0	-2	361	100	100	0	407	38	10321	33	10288	76	10436	68	10451	16.765	4.22
340.4	NaN	585	NaN	576	0	-2	360	100	100	0	408	35	10473	34	10669	71	10618	69	10699	17.132	3.145
340.5	NaN	595	NaN	598	1	-1	360	100	100	0	406	30	10672	30	10778	59	10716	58	10868	17.473	4.195
340.6	NaN	580	NaN	601	1	-2	362	100	100	0	407	26	10830	25	10972	50	10909	49	11079	17.713	2.554
340.7	NaN	607	NaN	604	1	-1	360	100	100	0	406	25	10900	23	11092	47	11015	45	11146	17.929	1.481
340.8	NaN	578	NaN	640	1	-1	359	100	100	0	406	19	11025	19	11109	36	11073	35	11246	18.069	2.389
340.9	NaN	632	NaN	628	1	-2	359	100	100	0	407	18	11073	17	11293	34	11184	32	11307	18.179	0.408
341	NaN	584	NaN	648	1	-4	358	100	100	0	408	16	11159	14	11232	30	11165	26	11333	18.281	0.714
341.1	NaN	567	NaN	642	1	-4	362	100	100	0	410	12	11170	11	11371	24	11270	22	11386	18.36	-0.005
341.2	NaN	585	NaN	679	1	-4	358	100	100	0	406	14	11203	13	11313	28	11249	26	11387	18.407	0.813
341.3	NaN	572	NaN	685	1	-1	359	100	100	0	407	11	11294	10	11406	21	11312	19	11410	18.451	-0.102
341.4	NaN	579	NaN	647	1	-4	359	100	100	0	408	13	11264	11	11404	24	11304	23	11425	18.488	0.653
341.5	NaN	573	NaN	676	1	-2	360	100	100	0	407	11	11313	11	11356	22	11354	19	11474	18.511	2.464
341.6	NaN	578	NaN	653	1	-3	357	100	100	0	406	10	11296	9	11436	21	11341	18	11423	18.512	-1.517
341.7	NaN	568	NaN	654	1	-2	361	100	100	0	406	11	11319	11	11367	22	11326	18	11424	18.541	1.102
341.8	NaN	584	NaN	639	1	-4	359	100	100	0	407	9	11298	7	11453	15	11365	16	11454	18.513	-0.853
341.9	NaN	579	NaN	678	1	-2	360	100	100	0	408	11	11328	10	11352	20	11320	19	11456	18.527	0.876
342	NaN	581	NaN	674	1	-3	359	100	100	0	406	9	11288	7	11467	16	11360	16	11459	18.529	-0.083
342.1	NaN	575	NaN	649	1	-1	361	100	100	0	407	10	11300	10	11394	20	11311	20	11482	18.52	1.186
342.2	NaN	586	NaN	651	1	-2	363	100	100	0	405	9	11291	8	11531	17	11347	15	11486	18.548	-0.677
342.3	NaN	571	NaN	660	1	-0	360	100	100	0	406	11	11292	10	11417	21	11310	21	11520	18.55	0.429
342.4	NaN	578	NaN	690	1	-1	360	100	100	0	408	9	11325	9	11535	17	11372	17	11527	18.564	0.351
342.5	NaN	578	NaN	641	1	-2	362	100	100	0	406	9	11291	10	11466	18	11331	18	11533	18.566	-0.086
342.6	NaN	580	NaN	660	1	-3	357	100	100	0	405	9	11327	9	11551	18	11364	16	11538	18.582	0.263
342.7	NaN	578	NaN	667	1	-2	360	100	100	0	405	9	11294	8	11479	17	11366	17	11540	18.572	-1.383
342.8	NaN	584	NaN	666	1	-1	359	100	100	0	406	9	11335	9	11558	19	11351	16	11556	18.589	0.73
342.9	NaN	587	NaN	698	1	-3	362	100	100	0	403	8	11338	7	11488	15	11383	14	11537	18.57	-0.839
343	NaN	571	NaN	669	1	-0	361	100	100	0	405	9	11339	8	11527	18	11349	17	11559	18.576	0.6
343.1	NaN	580	NaN	663	1	-2	360	100	100	0	407	8	11330	8	11460	15	11371	15	11496	18.573	-1.189
343.2	NaN	576	NaN	659	1	-3	358	100	100	0	407	9	11299	8	11520	17	11347	17	11578	18.568	0.283
343.3	NaN	578	NaN	659	1	-2	361	100	100	0	408	8	11360	8	11466	15	11412	15	11462	18.592	-0.533
343.4	NaN	579	NaN	668	1	-4	363	100	100	0	407	8	11330	7	11462	16	11359	14	11507	18.575	0.312
343.5	NaN	590	NaN	676	1	-8	357	100	100	0	405	7	11415	7	11427	14	11423	12	11435	18.577	-0.688
343.6	NaN	580	NaN	645	1	-9	358	100	100	0	407	9	11401	8	11388	19	11385	16	11427	18.548	-0.639
343.7	NaN	594	NaN	668	0	-12	362	100	100	0	408	7	11435	5	11347	13	11527	11	11332	18.573	-0.184
343.8	NaN	568	NaN	647	0	-11	360	100	100	0	406	11	11490	10	11270	23	11500	19	11352	18.544	1.458
343.9	NaN	574	NaN	722	0	-10	364	100	100	0	406	10	11522	7	11359	19	11573	15	11347	18.576	0.931
344	NaN	582	NaN	644	0	-11	358	100	100	0	406	10	11480	8	11274	20	11512	16	11357	18.546	-1.205
344.1	NaN	592	NaN	691	0	-9	361	100	100	0	407	10	11496	8	11377	19	11494	16	11359	18.611	0.767
344.2	NaN	594	NaN	646	0	-11	357	100	100	0	406	8	11471	7	11305	17	11505	13	11383	18.569	-1.086
344.3	NaN	577	NaN	690	0	-9	360	100	100	0	406	9	11427	7	11403	16	11461	15	11395	18.563	0.716
344.4	NaN	593	NaN	647	0	-10	358	100	100	0	406	8	11395	7	11293	16	11449	12	11389	18.537	-1.104
344.5	NaN	565	NaN	703	0	-7	361	100	100	0	406	11	11433	10	11364	21	11468	18	11412	18.521	0.725
344.6	NaN	588	NaN	645	0	-9	362	100	100	0	405	8	11362	6	11293	15	11442	12	11330	18.5	-1.539
344.7	NaN	578	NaN	680	1	-6	357	100	100	0	406	10	11334	9	11341	21	11385	18	11408	18.496	0.125
344.8	NaN	583	NaN	647	1	-5	363	100	100	0	405	8	11298	7	11336	15	11371	14	11386	18.464	-1.295
344.9	NaN	572	NaN	657	1	-2	362	100	100	0	408	11	11298	10	11373	21	11320	20	11444	18.454	-0.485
345	NaN	574	NaN	659	1	-2	361	100	100	0	407	10	11302	9	11438	17	11337	16	11406	18.462	-0.625
345.1	NaN	572	NaN	657	1	-2	362	100	100	0	410	11	11253	12	11363	23	11282	22	11479	18.472	0.305
345.2	NaN	575	NaN	674	1	-3	362	100	100	0	406	11	11299	10	11472	19	11352	18	11464	18.492	0.767
345.3	NaN	609	NaN	588	0	-1	360	0	0	0	410	-8	11186	-8	11313	-8	11146	-8	11345	18.479	-3.654
345.4	NaN	576	NaN	706	0	-1	357	0	0	0	406	-27	10970	-27	11293	-20	10962	-20	11165	18.184	-2.73
345.5	NaN	554	NaN	707	0	-1	358	0	0	0	402	-47	10628	-47	10888	-35	10633	-36	10787	17.735	-5.916
345.6	NaN	544	NaN	681	0	-0	358	0	0	0	406	-50	10252	-49	10663	-38	10158	-38	10532	17.166	-5.794
345.7	NaN	542	NaN	691	0	0	359	0	0	0	405	-51	9924	-52	10136	-40	9874	-40	10128	16.613	-5.244
345.8	NaN	544	NaN	653	0	-1	359	0	0	0	407	-53	9601	-54	9684	-42	9578	-43	9622	16.005	-6.1
345.9	NaN	540	NaN	683	0	-3	361	0	0	0	406	-55	9312	-54	9401	-44	9247	-45	9125	15.328	-8.708
346	NaN	543	NaN	669	0	-2	359	0	0	0	404	-55	8793	-56	8906	-45	8898	-46	8962	14.721	-4.713
346.1	NaN	541	NaN	683	0	3	360	0	0	0	404	-56	8312	-54	8693	-46	8353	-45	8339	14.107	-5.964
346.2	NaN	550	NaN	672	0	21	360	0	0	0	403	-40	8438	-45	8673	-51	7781	-40	8162	13.602	-9.467
346.3	NaN	539	NaN	695	0	15	363	2	0	0	406	-54	7472	-48	8231	-47	3068	-40	7208	12.834	-6.876
346.4	NaN	560	NaN	708	0	31	363	10	2	0	407	-15	5102	-32	7711	-38	6654	-28	7743	12.221	-2.862
346.5	NaN	575	NaN	646	0	48	362	18	8	0	407	-24	6070	-15	7576	-21	5601	-13	7640	11.647	-4.53
346.6	NaN	585	NaN	617	0	63	357	22	12	0	406	-14	5890	-9	7210	-16	3767	-8	7412	11.187	-5.357
346.7	NaN	585	NaN	625	0	66	360	40	29	0	408	2	5871	25	7305	5	4689	58	7547	10.889	-2.347
346.8	NaN	591	NaN	654	0	72	364	40	29	0	407	1	5641	25	7147	3	5907	59	7403	10.707	0.405
346.9	NaN	595	NaN	610	0	74	361	42	32	0	407	1	5569	30	7007	2	5821	74	7237	10.536	-0.45
347	NaN	595	NaN	574	0	74	359	50	39	0	409	1	5469	54	7440	3	5810	106	7668	10.469	1.619
347.1	NaN	566	NaN	586	0	66	358	52	41	0	408	4	5491	53	7097	10	5939	104	7439	10.469	1.275
347.2	NaN	590	NaN	603	0	67	360	44	31	0	408	2	5453	32	7111	6	5766	76	7464	10.444	4.009
347.3	NaN	560	NaN	577	0	67	360	52	41	0	406	4	5350	56	7076	10	5793	106	7753	10.288	2.261
347.4	NaN	553	NaN	597	0	60	362	52	41	0	406	6	5397	53	7000	16	5934	105	7534	10.163	2.399
347.5	NaN	559	NaN	589	0	47	363	55	44	0	406	13	5593	55	7008	31	6419	105	7553	10.075	3.206
347.6	NaN	552	NaN	579	0	45	361	55	44	0	405	14	5937	53	6769	33	6503	104	7284	10.136	1.576
347.7	NaN	559	NaN	572	0	41	360	60	48	0	408	19	5916	59	6964	43	8883	105	7538	10.012	1.64
347.8	NaN	554	NaN	588	0	60	364	60	48	0	408	9	6776	63	6823	21	6681	103	7292	10.05	2.001
347.9	NaN	565	NaN	572	0	44	360	63	52	0	406	19	6242	61	6899	46	6536	104	7219	10.011	2.641
348	NaN	583	NaN	560	0	19	359	97	87	0	407	34	8786	55	6894	78	7604	105	7189	10.185	6.31
348.1	NaN	537	NaN	592	0	27	362	100	100	0	409	28	8093	58	6916	72	7869	103	7094	10.496	2.799
348.2	NaN	553	NaN	567	0	46	360	100	100	0	407	22	7794	72	7181	48	6585	105	7187	10.881	4.452
348.3	NaN	593	NaN	565	0	49	359	100	100	0	407	17	7114	70	7500	40	6617	104	7361	11.207	4.542
348.4	NaN	539	NaN	576	0	48	363	100	100	0	408	18	6705	69	7763	43	6766	103	7752	11.518	3.506
348.5	NaN	566	NaN	553	0	46	359	100	100	0	407	18	7180	69	7984	42	6945	103	8005	11.869	3.131
348.6	NaN	549	NaN	572	0	32	359	100	100	0	406	24	7112	61	8154	54	7394	104	8287	12.158	3.6
348.7	NaN	558	NaN	565	0	26	359	100	100	0	407	28	8634	55	8173	64	7572	103	8305	12.601	5.393
348.8	NaN	584	NaN	570	0	9	360	100	100	0	407	36	7881	49	8374	82	7973	102	8507	13.072	5.325
348.9	NaN	566	NaN	555	0	3	362	100	100	0	407	40	8306	43	8545	86	8390	94	8661	13.559	4.958
349	NaN	579	NaN	638	0	-4	357	36	26	0	406	24	8542	20	8649	48	8597	36	8704	14.033	3.991
349.1	NaN	608	NaN	593	0	-14	361	20	15	0	406	-6	8448	-7	8337	-5	8415	-6	8378	13.818	-1.637
349.2	NaN	580	NaN	580.4	0	-28	358	17	11	0	405	-15	8492	-20	7995	-13	8432	-17	7970	13.55	-3.922
349.3	NaN	608	NaN	586.8	0	-27	363	27	25	0	406	0	8405	0	7831	0	8416	0	7799	13.267	-2.042
349.4	NaN	577	NaN	593.2	0	-37	357	36	35	0	405	21	8439	8	7758	45	8473	18	7804	13.182	-0.284
349.5	NaN	567	NaN	599.6	0	-40	362	40	38	0	404	29	8544	11	7680	65	8610	24	7822	13.178	1.501
349.6	NaN	563	NaN	595	0	-42	361	39	36	0	405	27	8606	9	7666	58	8692	19	7867	13.203	-0.307
349.7	NaN	611	NaN	595	0	-41	363	27	21	0	407	-0	8356	-0	7510	-0	8475	-0	7443	13.078	-1.947
349.8	NaN	616	NaN	592	0	-41	359	26	22	0	408	0	8252	0	7348	0	8316	0	7244	12.787	-2.476
349.9	NaN	601	NaN	588	0	-33	360	30	26	0	407	4	8141	1	7240	8	8179	4	7205	12.553	-1.582
350	NaN	594	NaN	566	0	-36	359	30	26	0	405	6	7960	2	7192	14	7990	5	7209	12.423	-1.635
350.1	NaN	607	NaN	591	0	-51	363	28	24	0	405	2	7877	1	6963	5	7947	1	6968	12.216	-2.511
350.2	NaN	599	NaN	580	0	-56	362	28	26	0	405	4	7772	1	6696	9	7826	2	6715	11.961	-2.337
350.3	NaN	567	NaN	582.9166667	0	-51	361	38	35	0	406	27	7887	5	6639	60	7943	13	6804	11.818	0.497
350.4	NaN	579	NaN	582.2333333	0	-54	358	38	34	0	403	27	7814	5	6646	62	7969	11	6761	11.83	2.268
350.5	NaN	575	NaN	581.55	0	-52	357	37	35	0	406	25	7763	5	6638	58	7950	12	7230	11.744	-2.021
350.6	NaN	576	NaN	580.8666667	0	-53	361	35	33	0	405	21	7848	4	6466	47	7996	10	7797	11.552	-0.026
350.7	NaN	582	NaN	580.1833333	0	-33	361	44	39	0	404	37	7896	15	6586	89	8252	35	7997	11.499	5.711
350.8	NaN	595	NaN	608	0	-10	359	33	25	0	405	4	7295	2	6549	9	7305	7	6470	11.471	-0.164
350.9	NaN	607	NaN	587	0	29	360	33	18	0	406	0	6790	2	6993	2	6909	3	7028	11.315	-0.062
351	NaN	587	NaN	631	0	40	361	39	26	0	407	4	6293	10	7364	6	6308	30	7451	11.199	-1.557
351.1	NaN	572	NaN	576	0	55	358	51	38	0	408	9	6555	47	7696	22	6547	103	7779	11.358	2.225
351.2	NaN	601	NaN	620	0	75	360	42	27	0	408	0	6447	25	7231	2	6352	58	7533	11.397	-1.906
351.3	NaN	587	NaN	604	0	73	362	44	30	0	407	1	5944	32	7447	3	6103	72	7640	11.144	1.365
351.4	NaN	614	NaN	627	0	76	364	42	27	0	408	1	5879	25	7180	1	6086	59	7430	11.06	-2.367
351.5	NaN	617	NaN	615	0	75	364	42	28	0	409	1	5809	27	7269	1	5818	63	7489	10.833	-0.677
351.6	NaN	591	NaN	609	0	74	362	42	28	0	409	0	5543	27	7038	1	5833	64	7246	10.701	-1.56
351.7	NaN	588	NaN	595	0	68	359	45	31	0	408	2	5607	34	7144	5	5824	80	7276	10.579	1.713
351.8	NaN	559	NaN	569	0	65	362	55	43	0	406	5	5763	59	7178	14	6121	101	7228	10.606	0.799
351.9	NaN	598	NaN	557	0	49	362	65	53	0	406	17	6065	72	7503	40	8629	101	7639	10.684	1.697
352	NaN	548	NaN	567	0	52	359	65	54	0	409	16	6824	74	7457	35	6697	102	7519	10.965	2.8
352.1	NaN	535	NaN	577	0	53	365	69	58	0	406	14	6609	75	7669	35	6636	101	7622	11.196	2.927
352.2	NaN	542	NaN	566	0	47	358	100	91	0	407	18	6938	70	7757	42	6833	103	7731	11.411	4.129
352.3	NaN	533	NaN	576	0	43	362	100	100	0	407	20	7172	68	7897	46	7004	100	7858	11.728	3.673
352.4	NaN	538	NaN	582	0	45	361	100	100	0	408	19	7286	67	8099	45	7174	102	8074	12.04	3.173
352.5	NaN	550	NaN	560	0	37	359	100	100	0	408	23	7331	61	8235	53	7372	102	8272	12.368	4.074
352.6	NaN	554	NaN	572	0	12	361	100	100	0	407	36	7721	49	8297	81	7794	103	8393	12.794	5.094
352.7	NaN	571	NaN	567	0	0	358	100	100	0	407	42	8226	42	8388	88	8225	92	8441	13.33	4.994
352.8	NaN	603	NaN	578	0	-12	364	100	100	0	409	46	8586	34	8546	88	8591	74	8656	13.78	4.035
352.9	NaN	566	NaN	616	0	-29	362	72	64	0	406	52	9023	26	8571	88	9055	56	8725	14.179	3.75
353	NaN	578	NaN	633	0	-35	357	49	47	0	407	46	9318	20	8616	87	9384	45	8789	14.468	2.673
353.1	NaN	574	NaN	626	0	-39	362	54	49	0	406	55	9530	20	8732	88	9575	42	8882	14.707	1.47
353.2	NaN	575	NaN	648	0	-41	361	59	58	0	407	55	9712	19	8810	87	9705	39	9074	14.894	2.422
353.3	NaN	570	NaN	630	0	-37	362	81	78	0	407	54	9797	20	8983	88	9888	41	9441	15.067	2.143
353.4	NaN	579	NaN	637	0	-30	358	100	100	0	405	50	9969	22	9321	87	9981	46	9330	15.295	3.591
353.5	NaN	573	NaN	617	0	-23	356	100	100	0	404	46	9954	26	9397	88	10087	54	9810	15.553	2.016
353.6	NaN	629	NaN	582	0	-11	357	100	100	0	409	42	9908	32	9817	85	10027	65	9788	15.92	5.025
353.7	NaN	572	NaN	582	0	-3	360	100	100	0	408	37	10098	35	10003	75	10225	72	10160	16.26	3.046
353.8	NaN	578	NaN	575	0	7	360	100	100	0	408	33	10139	39	10409	67	10269	79	10490	16.629	2.873
353.9	NaN	542	NaN	565	0	16	362	100	100	0	409	29	10198	41	10699	58	10232	82	10811	16.904	2.986
354	NaN	555	NaN	587	0	19	361	100	100	0	408	28	10432	41	10917	56	10450	83	11086	17.19	3.583
354.1	NaN	574	NaN	565	0	20	362	100	100	0	408	28	10635	40	11138	55	10609	80	11229	17.427	1.909
354.2	NaN	568	NaN	569	0	17	359	100	100	0	408	26	10703	39	11184	51	10650	79	11374	17.634	1.619
354.3	NaN	593	NaN	580	0	19	360	100	100	0	407	20	10848	31	11356	40	10795	60	11420	17.823	2.237
354.4	NaN	583	NaN	587	0	15	361	100	100	0	409	22	10751	29	11340	41	10804	55	11506	17.928	1.235
354.5	NaN	567	NaN	588	0	13	364	100	100	0	408	22	10882	28	11456	44	10950	55	11521	18.049	1.584
354.6	NaN	578	NaN	615	0	6	361	100	100	0	407	19	10984	21	11321	38	11063	41	11447	18.15	1.035
354.7	NaN	575	NaN	619	0	2	362	100	100	0	406	18	11046	18	11368	34	11103	35	11431	18.235	0.621
354.8	NaN	572	NaN	649	1	-9	360	100	100	0	406	14	11223	13	11204	27	11290	23	11261	18.24	-0.863
354.9	NaN	583	NaN	645	0	-17	359	100	100	0	407	22	11291	16	11083	44	11306	30	11187	18.272	1.125
355	NaN	569	NaN	652	0	-18	360	100	100	0	404	17	11408	11	11100	33	11512	22	11106	18.265	0.169
355.1	NaN	577	NaN	627	0	-17	363	100	100	0	405	23	11424	15	11015	42	11431	30	11172	18.271	-0.244
355.2	NaN	564	NaN	644	0	-16	362	100	100	0	403	19	11388	14	11128	37	11525	26	11166	18.276	0.339
355.3	NaN	575	NaN	622	0	-18	363	100	100	0	405	20	11453	13	11029	35	11501	27	11152	18.273	-0.513
355.4	NaN	570	NaN	632	0	-15	358	100	100	0	404	21	11410	15	11123	41	11507	29	11209	18.286	1.539
355.5	NaN	559	NaN	646	0	-13	363	100	100	0	407	16	11439	12	11100	29	11453	24	11165	18.279	-0.065
355.6	NaN	584	NaN	637	0	-13	357	100	100	0	407	20	11355	15	11129	37	11444	30	11238	18.273	0.3
355.7	NaN	563	NaN	665	0	-9	363	100	100	0	407	13	11336	11	11196	25	11375	21	11203	18.278	-1.697
355.8	NaN	584	NaN	633	0	-3	363	100	100	0	405	15	11220	14	11164	30	11316	26	11290	18.261	0.781
355.9	NaN	571	NaN	643	0	-1	358	100	100	0	405	13	11207	13	11328	25	11252	25	11306	18.26	-0.94
356	NaN	572	NaN	639	1	-2	359	100	100	0	406	14	11149	13	11261	29	11208	28	11365	18.242	-0.07
356.1	NaN	562	NaN	646	1	1	360	100	100	0	406	15	11167	15	11398	29	11221	29	11403	18.266	-0.023
356.2	NaN	574	NaN	630	1	0	360	100	100	0	404	15	11102	15	11304	29	11175	29	11410	18.291	0.157
356.3	NaN	566	NaN	680	1	-3	357	100	100	0	407	15	11163	15	11367	29	11269	28	11415	18.325	0.823
356.4	NaN	563	NaN	642	1	-2	363	100	100	0	408	12	11209	12	11360	23	11179	23	11404	18.338	-0.484
356.5	NaN	592	NaN	624	1	-1	358	100	100	0	407	14	11180	14	11392	26	11287	28	11465	18.379	1.728
356.6	NaN	567	NaN	673	1	0	359	100	100	0	406	12	11239	13	11427	24	11235	23	11469	18.423	-0.009
356.7	NaN	561	NaN	637	1	1	361	100	100	0	405	12	11202	13	11456	24	11286	24	11528	18.468	0.357
356.8	NaN	571	NaN	639	1	-2	359	100	100	0	406	11	11284	11	11470	21	11318	20	11480	18.478	-0.406
356.9	NaN	561	NaN	644	1	-2	362	100	100	0	406	10	11273	10	11437	21	11303	19	11496	18.479	0.142
357	NaN	556	NaN	633	1	-1	357	100	100	0	406	11	11273	10	11453	22	11343	21	11461	18.498	-0.514
357.1	NaN	563	NaN	639	1	-3	358	100	100	0	405	9	11294	9	11391	19	11315	18	11455	18.471	-0.727
357.2	NaN	559	NaN	644	1	-3	359	100	100	0	406	11	11262	11	11443	22	11369	21	11450	18.476	0.581
357.3	NaN	556	NaN	642	1	-1	362	100	100	0	407	10	11292	10	11362	19	11239	19	11442	18.51	-0.523
357.4	NaN	557	NaN	702	1	0	360	100	100	0	405	11	11280	11	11516	23	11328	22	11463	18.502	0.275
357.5	NaN	559	NaN	687	1	-3	363	100	100	0	408	11	11300	11	11356	20	11267	19	11434	18.51	0.354
357.6	NaN	559	NaN	647	1	-2	365	100	100	0	407	10	11226	11	11514	21	11334	21	11495	18.511	0.541
357.7	NaN	567	NaN	666	1	-1	358	100	100	0	409	11	11293	11	11394	21	11313	20	11477	18.5	0.521
357.8	NaN	561	NaN	636	1	-1	357	100	100	0	406	10	11245	10	11503	21	11311	20	11485	18.504	0.768
357.9	NaN	564	NaN	655	0	-3	360	43	33	0	406	11	11329	10	11396	20	11349	20	11453	18.495	-0.705
358	NaN	573	NaN	631	0	-2	359	0	0	0	406	-18	11101	-19	11217	-13	11057	-13	11143	18.297	-3.262
358.1	NaN	548	NaN	663	0	-5	361	0	0	0	405	-36	10849	-39	10924	-29	10830	-29	10875	17.875	-5.34
358.2	NaN	544	NaN	681	0	-5	362	0	0	0	405	-49	10564	-50	10516	-37	10439	-38	10306	17.338	-6.5
358.3	NaN	548	NaN	660	0	-4	359	0	0	0	407	-50	10135	-52	10340	-38	10133	-39	10180	16.735	-6.111
358.4	NaN	536	NaN	650	0	1	359	0	0	0	405	-54	9607	-53	9885	-42	9669	-42	9854	16.159	-6.054
358.5	NaN	535	NaN	669	0	6	360	0	0	0	406	-56	9157	-53	9616	-44	9124	-43	9526	15.517	-6.799
358.6	NaN	533	NaN	662	0	6	362	0	0	0	406	-56	8818	-54	9260	-46	8704	-44	9163	14.848	-7.973
358.7	NaN	547	NaN	690	0	8	362	9	1	0	406	-43	8396	-40	8858	-35	8467	-33	8826	14.247	-4.437
358.8	NaN	568	NaN	641	0	27	363	19	9	0	405	-19	7809	-15	9036	-16	8069	-12	8587	13.85	-11.329
358.9	NaN	602	NaN	652.2894737	0	31	360	39	27	0	406	1	7810	3	8803	3	7859	8	8762	13.433	-1.661
359	NaN	580	NaN	652.0789474	0	65	365	45	36	0	405	2	7484	13	8343	3	7719	29	8535	13.377	-4.333
359.1	NaN	552	NaN	651.8684211	0	41	362	55	41	0	407	16	7631	51	8950	37	9037	103	9154	13.133	0.692
359.2	NaN	562	NaN	651.6578947	0	44	361	53	40	0	406	15	8299	48	8723	33	7999	100	8937	13.414	0.38
359.3	NaN	546	NaN	651.4473684	0	40	362	56	44	0	411	18	8014	54	8958	40	8195	100	9155	13.553	2.194
359.4	NaN	551	NaN	651.2368421	0	41	360	56	44	0	408	18	8662	55	9078	40	8284	100	9116	13.8	2.467
359.5	NaN	559	NaN	651.0263158	0	41	361	56	43	0	409	18	8724	55	9227	39	8411	102	9294	14	2.328
359.6	NaN	551	NaN	650.8157895	0	38	360	56	43	0	408	20	8547	53	9436	43	9005	101	9502	14.135	0.847
359.7	NaN	586	NaN	650.6052632	0	56	360	41	29	0	408	5	9324	24	8995	10	8508	51	9228	14.471	-0.756
359.8	NaN	550	NaN	650.3947368	0	30	359	66	52	0	409	23	8595	49	9576	50	11170	101	9815	14.346	2.884
359.9	NaN	545	NaN	650.1842105	0	35	364	72	64	0	409	22	10010	53	9555	47	8950	100	9674	14.727	2.436
360	NaN	562	NaN	649.9736842	0	34	360	88	76	0	409	23	9006	52	9765	49	9294	99	9854	14.949	-0.845
360.1	NaN	603	NaN	649.7631579	0	32	358	100	100	0	408	24	10224	51	9834	49	9193	101	10028	15.164	2.264
360.2	NaN	551	NaN	649.5526316	0	32	361	100	100	0	410	22	10205	50	9935	47	9663	101	10102	15.474	2.725
360.3	NaN	564	NaN	649.3421053	0	22	364	100	100	0	408	27	9574	46	10211	54	9516	96	10312	15.797	3.66
360.4	NaN	566	NaN	649.1315789	0	6	361	100	100	0	409	34	9872	37	10204	69	9896	78	10312	16.143	3.079
360.5	NaN	551	NaN	648.9210526	0	-0	363	100	100	0	409	35	10119	36	10254	72	10291	73	10452	16.521	3.405
360.6	NaN	569	NaN	648.7105263	0	-10	360	100	100	0	407	39	10497	32	10487	78	10557	63	10551	16.89	4.23
360.7	NaN	577	NaN	622	0	-24	359	100	100	0	408	43	10844	26	10490	85	10927	51	10542	17.189	3.466
360.8	NaN	553	NaN	625	0	-43	360	100	100	0	407	49	11165	20	10428	86	11226	37	10795	17.38	1.117
360.9	NaN	578	NaN	684	0	-42	361	100	100	0	406	48	11275	18	10465	84	11343	36	10744	17.505	2.283
361	NaN	551	NaN	594	0	-15	361	100	100	0	407	36	11223	24	10617	72	11435	50	10768	17.651	2.226
361.1	NaN	587	NaN	625	0	7	362	100	100	0	407	22	10886	25	11023	42	10860	48	11187	17.89	2.816
361.2	NaN	558	NaN	622	0	5	362	100	100	0	407	23	10866	27	11360	46	10997	52	11415	18.033	0.967
361.3	NaN	570	NaN	642	1	5	359	100	100	0	406	19	10990	22	11275	37	11066	42	11403	18.16	2.123
361.4	NaN	564	NaN	647	1	7	359	100	100	0	408	17	11006	20	11473	34	11069	38	11458	18.289	0.885
361.5	NaN	564	NaN	698	1	3	362	100	100	0	407	17	11106	18	11360	32	11205	32	11514	18.322	1.343
361.6	NaN	571	NaN	648	1	1	358	100	100	0	408	14	11180	14	11477	26	11187	26	11464	18.406	0.307
361.7	NaN	560	NaN	649	1	-3	362	100	100	0	407	13	11204	13	11298	26	11334	24	11407	18.44	1.084
361.8	NaN	560	NaN	670	1	-3	357	100	100	0	407	10	11295	10	11448	19	11247	17	11389	18.453	-0.291
361.9	NaN	559	NaN	650	1	-2	359	100	100	0	405	10	11297	10	11312	20	11356	18	11385	18.465	-0.256
362	NaN	564	NaN	664	1	-5	359	100	100	0	406	10	11371	9	11394	18	11326	17	11386	18.455	0.663
362.1	NaN	568	NaN	648	1	-6	362	100	100	0	407	8	11273	8	11209	17	11440	14	11379	18.357	1.775
362.2	NaN	552	NaN	649	1	-5	361	100	100	0	405	14	11344	13	11302	24	11318	22	11440	18.457	-1.061
362.3	NaN	559	NaN	659	1	-5	359	100	100	0	408	8	11311	8	11365	17	11355	15	11391	18.396	-1.026
362.4	NaN	555	NaN	650	1	-1	359	100	100	0	406	11	11248	11	11331	20	11312	20	11362	18.39	-0.181
362.5	NaN	557	NaN	642	1	0	363	100	100	0	406	12	11254	12	11353	22	11248	21	11383	18.49	-0.215
362.6	NaN	557	NaN	658	1	1	363	100	100	0	405	10	11273	11	11302	19	11353	20	11409	18.424	0.464
362.7	NaN	570	NaN	669	0	0	358	20	10	0	404	10	11292	9	11423	18	11231	18	11384	18.473	-0.132
362.8	NaN	557	NaN	643	0	2	357	0	0	0	405	-20	11012	-20	11116	-15	11044	-15	11118	18.236	-3.618
362.9	NaN	542	NaN	676	0	-0	361	0	0	0	404	-40	10751	-40	10956	-29	10677	-30	10906	17.805	-4.387
363	NaN	539	NaN	645	0	0	359	0	0	0	404	-50	10440	-50	10510	-38	10183	-37	10487	17.246	-6.023
363.1	NaN	537	NaN	673	0	4	360	0	0	0	403	-52	10001	-51	10107	-40	9981	-40	10129	16.642	-5.204
363.2	NaN	527	NaN	659	0	1	363	0	0	0	408	-54	9543	-52	9889	-42	9519	-41	9694	16.037	-6.246
363.3	NaN	533	NaN	662	0	3	362	0	0	0	406	-57	9086	-53	9442	-45	9102	-43	9407	15.373	-6.318
363.4	NaN	535	NaN	669	0	1	359	0	0	0	405	-55	8723	-55	9042	-46	8665	-45	8895	14.724	-6.876
363.5	NaN	534	NaN	661	0	-2	357	0	0	0	404	-55	8406	-55	8541	-46	8380	-46	8480	14.068	-6.037
363.6	NaN	530	NaN	664	0	-22	362	0	0	0	404	-49	8276	-58	7856	-41	8270	-51	7596	13.411	-6.607
363.7	NaN	530	NaN	674	0	-39	360	0	0	0	404	-44	8073	-65	6920	-38	8138	-55	4855	12.722	-5.861
363.8	NaN	594	NaN	587	0	-56	363	21	21	0	405	0	7947	0	6910	0	8023	-0	2555	12.251	-2.586
363.9	NaN	603	NaN	579	0	-54	358	25	25	0	405	0	7735	0	6714	0	7812	0	3625	11.903	-4.615
364	NaN	565	NaN	684	0	-38	358	39	40	0	405	31	7830	10	6724	71	7995	23	5345	11.712	-0.68
364.1	NaN	577	NaN	637	0	-1	360	45	34	0	407	22	7454	20	7130	52	7644	45	7252	11.882	2.012
364.2	NaN	573	NaN	627	0	29	360	44	29	0	408	10	6972	21	7779	24	7070	49	7759	11.986	0.275
364.3	NaN	584	NaN	689	0	52	360	37	22	0	408	3	6809	13	7725	8	6916	27	7791	11.999	-0.593
364.4	NaN	594	NaN	591	0	63	363	26	9	0	405	-3	6477	-1	7609	-2	6523	-2	7624	11.707	-4.768
364.5	NaN	596	NaN	592	0	65	361	31	18	0	407	0	6205	0	7386	0	6275	0	7482	11.313	-1.845
364.6	NaN	591	NaN	670	0	67	363	38	24	0	407	1	6051	15	7314	3	6108	36	7399	11	-3.302
364.7	NaN	597	NaN	650	0	69	361	40	26	0	408	2	5826	21	7213	4	6023	50	7375	10.854	-0.089
364.8	NaN	562	NaN	659.2	0	67	361	51	38	0	407	3	5835	49	7337	7	5974	97	7477	10.73	-0.41
364.9	NaN	543	NaN	658.4	0	67	361	92	81	0	408	6	5901	61	7414	14	6037	98	7507	10.811	2.78
365	NaN	539	NaN	657.6	0	47	364	100	100	0	409	18	6194	59	7554	41	6760	99	7669	10.89	4.427
365.1	NaN	544	NaN	656.8	0	39	360	100	100	0	407	23	7385	67	7552	51	6690	99	7678	11.2	4.868
365.2	NaN	546	NaN	656	0	38	359	100	100	0	409	22	9246	65	7668	50	7127	98	7749	11.49	4.606
365.3	NaN	542	NaN	655.2	0	27	357	100	100	0	408	29	7774	57	7824	65	7557	100	7952	11.937	5.036
365.4	NaN	532	NaN	654.4	0	14	363	100	100	0	408	35	8181	50	7988	79	7673	97	8044	12.476	5.666
365.5	NaN	549	NaN	653.6	0	18	358	100	100	0	407	33	7900	50	8201	73	8328	100	8365	13.007	2.537
365.6	NaN	543	NaN	652.8	0	13	359	100	100	0	408	35	8155	47	8685	76	8259	100	8843	13.413	7.099
365.7	NaN	540	NaN	652	0	16	363	100	100	0	407	31	9256	48	8858	68	8469	98	8928	13.997	8.193
365.8	NaN	546	NaN	651.2	0	7	362	100	100	0	408	35	8736	42	9244	77	8839	92	9317	14.343	3.563
365.9	NaN	568	NaN	650.4	0	12	359	100	100	0	406	34	8973	43	9360	71	9006	94	9455	14.881	3.178
366	NaN	546	NaN	649.6	0	11	363	100	100	0	409	34	9236	42	9637	69	9316	88	9859	15.274	4.11
366.1	NaN	548	NaN	648.8	0	7	361	100	100	0	407	34	9602	39	9873	70	9629	80	10010	15.663	3.981
366.2	NaN	555	NaN	648	0	6	359	100	100	0	408	33	9856	39	10153	68	9904	78	10298	16.088	2.769
366.3	NaN	557	NaN	647.2	1	3	357	100	100	0	407	34	10055	37	10336	69	10082	75	10484	16.444	3.534
366.4	NaN	542	NaN	646.4	1	3	361	100	100	0	407	33	10272	37	10530	66	10409	73	10660	16.876	4.434
366.5	NaN	577	NaN	645.6	1	2	361	100	100	0	409	33	10574	35	10827	66	10685	70	10920	17.206	3.673
366.6	NaN	546	NaN	644.8	1	2	359	100	100	0	407	30	10683	30	10862	58	10736	57	11047	17.548	3.268
366.7	NaN	560	NaN	586	1	2	361	100	100	0	409	25	10828	26	11163	48	11010	50	11311	17.803	1.731
366.8	NaN	568	NaN	602	1	4	363	100	100	0	409	21	10996	21	11158	40	11027	41	11293	18.011	1.81
366.9	NaN	584	NaN	635	1	2	359	92	82	0	407	18	11045	19	11322	35	11157	37	11409	18.168	1.191
367	NaN	590	NaN	582	0	3	363	4	0	0	406	-6	10826	-7	11186	-6	10998	-7	11229	18.226	-2.25
367.1	NaN	552	NaN	680	0	3	362	0	0	0	406	-24	10892	-26	10704	-20	10608	-18	10810	17.957	-2.573
367.2	NaN	537	NaN	665	0	-0	360	0	0	0	406	-45	10467	-47	10833	-34	10469	-34	10847	17.453	-7.85
367.3	NaN	535	NaN	661	0	-1	363	0	0	0	408	-51	10245	-52	10254	-39	10127	-39	10209	16.93	-5.895
367.4	NaN	530	NaN	657	0	-1	482	0	0	0	504	-53	9708	-53	9871	-41	9594	-41	9825	16.293	-7.03
367.5	NaN	527	NaN	658	0	-0	528	0	0	0	531	-55	9259	-55	9514	-44	9113	-44	9379	15.529	-6.957
367.6	NaN	536	NaN	662	0	0	577	0	0	0	584	-55	8742	-56	8880	-45	8702	-45	8561	14.756	-7.983
367.7	NaN	537	NaN	673	0	5	704	0	0	0	674	-56	8171	-53	8379	-46	7603	-45	7896	13.866	-8.925
367.8	NaN	541	NaN	680	0	6	778	0	0	0	750	-57	7589	-53	7913	-48	6903	-44	7614	12.872	-10.783
367.9	NaN	552	NaN	669	0	12	597	5	0	0	592	-53	6458	-47	7429	-46	5851	-41	7411	11.86	-8.454
368	NaN	618	NaN	600	0	37	369	26	14	0	410	-0	6436	-0	7265	-0	6501	-0	7263	11.305	-2.902
368.1	NaN	577	NaN	615	0	60	367	12	0	0	404	-22	5887	-12	7058	-20	6024	-11	7140	10.977	-4.909
368.2	NaN	583	NaN	653	0	73	360	21	7	0	407	-25	5428	-13	6857	-24	4614	-12	6935	10.418	-6.832
368.3	NaN	612	NaN	599	0	74	368	25	11	0	405	-7	5059	-3	6591	-7	4688	-3	6707	9.987	-3.354
368.4	NaN	610	NaN	596	0	78	366	25	12	0	405	-9	4669	-4	6275	-9	4681	-3	6447	9.541	-3.233
368.5	NaN	620	NaN	603	0	78	366	28	16	0	406	0	4824	0	6033	0	4584	0	6208	9.113	-2.621
368.6	NaN	586	NaN	619	0	72	361	48	37	0	404	1	4592	43	6114	2	4677	98	6358	8.874	0.263
368.7	NaN	570	NaN	587	0	59	362	54	42	0	407	6	4829	53	6281	14	4966	99	6295	9.018	2.712
368.8	NaN	556	NaN	590	0	23	362	81	70	0	408	33	5373	62	6335	78	5869	98	6590	9.331	5.191
368.9	NaN	621	NaN	643	0	-16	363	43	35	0	406	28	6972	21	6113	71	6037	44	6179	9.907	5.595
369	NaN	595	NaN	570	0	-46	361	57	54	0	404	7	6294	2	5598	16	6271	4	5635	9.762	-1.33
369.1	NaN	592	NaN	747	0	-56	363	71	65	0	405	58	6963	14	5680	84	6787	33	5859	9.803	4.479
369.2	NaN	592	NaN	607	0	-85	360	70	61	0	407	62	6860	-4	5453	84	6778	-9	5446	9.982	-0.816
369.3	NaN	568	NaN	677	0	-68	360	100	100	0	405	54	7082	5	5546	84	7102	14	5311	9.947	0.961
369.4	NaN	585	NaN	727	0	-54	360	100	100	0	404	56	7047	12	5700	83	7096	31	6000	10.162	3.16
369.5	NaN	591	NaN	663	0	-53	362	100	100	0	404	58	7183	15	5828	84	7471	34	7416	10.31	1.368
369.6	NaN	629	NaN	632	0	-43	361	100	100	0	404	59	7154	19	6373	84	7262	47	7315	10.511	6.507
369.7	NaN	612	NaN	570	0	-22	357	100	100	0	408	51	7349	28	6130	83	7665	63	11273	10.648	3.244
369.8	NaN	586	NaN	577	0	-15	363	100	100	0	407	50	7167	35	7602	84	7374	79	9572	11.16	7.079
369.9	NaN	641	NaN	577	0	-10	358	100	100	0	409	46	7356	33	7167	84	7440	79	10230	11.607	6
370	NaN	575	NaN	587	0	-15	358	100	100	0	407	51	7633	36	7572	84	7638	80	7642	12.188	5.664
370.1	NaN	624	NaN	597	0	-22	360	100	100	0	406	52	8088	32	7709	83	8124	70	7807	12.664	3.745
370.2	NaN	616	NaN	596	0	-24	361	100	100	0	407	54	8430	29	7876	83	8498	64	7980	13.112	4.467
370.3	NaN	569	NaN	609	0	-23	362	100	100	0	404	52	8755	28	8099	84	8752	63	8244	13.552	3.234
370.4	NaN	577	NaN	584	0	-16	358	100	100	0	406	47	8908	30	8372	84	9022	66	8708	13.959	4.944
370.5	NaN	575	NaN	588	0	-14	361	100	100	0	405	46	9084	31	8740	84	9177	67	8976	14.412	3.685
370.6	NaN	584	NaN	579	0	-9	360	100	100	0	406	42	9321	33	9129	83	9438	73	9229	14.797	4.418
370.7	NaN	599	NaN	580	0	-3	362	100	100	0	409	38	9403	37	9478	80	9483	78	9537	15.279	3.736
370.8	NaN	601	NaN	573	0	-1	360	100	100	0	407	37	9656	37	9780	77	9791	76	9847	15.678	3.846
370.9	NaN	590	NaN	574	1	0	359	100	100	0	410	37	9910	36	9983	76	10048	74	10097	16.074	3.59
371	NaN	582	NaN	576	1	1	361	100	100	0	406	35	10163	36	10335	72	10221	72	10400	16.496	4.503
371.1	NaN	560	NaN	574	1	-1	360	100	100	0	407	35	10350	34	10581	70	10470	69	10635	16.862	2.429
371.2	NaN	551	NaN	586	1	-0	359	100	100	0	408	35	10588	34	10687	66	10695	67	10871	17.278	3.043
371.3	NaN	587	NaN	597	1	0	359	100	100	0	407	27	10737	27	11076	53	10803	53	11050	17.587	2.271
371.4	NaN	582	NaN	618	1	1	361	71	60	0	406	26	10875	25	11056	50	10995	49	11162	17.859	2.875
371.5	NaN	611	NaN	591	0	3	363	5	0	0	406	-7	10776	-7	11042	-6	10847	-6	11031	17.956	-1.925
371.6	NaN	575	NaN	585.9166667	0	2	359	0	0	0	407	-27	10565	-28	10955	-21	10475	-20	10914	17.654	-4.329
371.7	NaN	555	NaN	586.8333333	0	1	358	0	0	0	407	-48	10310	-46	10526	-37	10279	-36	10596	17.185	-5.972
371.8	NaN	544	NaN	587.75	0	4	358	0	0	0	403	-54	9856	-51	10197	-42	9798	-40	10171	16.659	-3.835
371.9	NaN	546	NaN	588.6666667	0	11	363	0	0	0	406	-55	9376	-50	9976	-44	9198	-41	9883	16.054	-6.439
372	NaN	552	NaN	589.5833333	0	9	357	8	0	0	406	-48	9018	-44	9633	-38	8867	-36	9567	15.406	-6.796
372.1	NaN	603	NaN	589	0	8	363	21	12	0	406	-10	8907	-9	9449	-8	8918	-7	9493	15.011	-2.052
372.2	NaN	606	NaN	589	0	14	361	21	12	0	406	-10	8698	-9	9343	-9	8770	-7	9290	14.799	-2.314
372.3	NaN	600	NaN	588	0	24	365	22	12	0	410	-10	8433	-8	9235	-8	8517	-7	9240	14.532	-1.7
372.4	NaN	609	NaN	588	0	33	361	22	12	0	408	-11	8161	-8	9069	-9	8156	-6	9152	14.276	-4.096
372.5	NaN	616	NaN	597	0	31	363	25	15	0	407	-4	7297	-3	8893	-2	8031	-2	9007	13.985	-2.581
372.6	NaN	611	NaN	642	0	12	357	38	28	0	408	9	7955	14	8863	21	8273	32	9048	13.748	1.252
372.7	NaN	613	NaN	599	0	18	365	24	12	0	410	-5	7847	-4	8660	-4	8003	-3	8711	13.702	-3.023
372.8	NaN	612	NaN	590	0	20	361	31	21	0	409	1	7857	1	8610	2	7935	4	8648	13.503	-1.368
372.9	NaN	612	NaN	588	0	30	361	31	21	0	407	1	7711	1	8548	2	7755	4	8491	13.368	-1.564
373	NaN	607	NaN	580	0	32	364	32	21	0	406	1	7427	2	8499	2	7622	5	8480	13.19	-2.767
373.1	NaN	606	NaN	574	0	37	364	32	21	0	407	1	7224	3	8359	3	7539	7	8344	13.052	-1.655
373.2	NaN	582	NaN	591	0	37	359	45	33	0	407	11	7416	30	8564	25	8185	66	8677	12.878	-0.802
373.3	NaN	600	NaN	592	0	40	359	44	31	0	406	9	7504	28	8554	20	7721	61	8586	12.971	-5.638
373.4	NaN	583	NaN	585.7	0	30	361	34	19	0	407	5	7584	12	8495	12	7645	21	8488	13.097	2.43
373.5	NaN	614	NaN	582.4	0	30	364	27	13	0	408	-0	7411	0	8146	-0	7224	-0	8200	12.966	-2.914
373.6	NaN	574	NaN	579.1	0	42	363	14	0	0	406	-23	6646	-14	8037	-19	6856	-13	8195	12.632	-2.729
373.7	NaN	570	NaN	575.8	0	45	360	19	7	0	407	-23	6419	-14	7831	-20	5527	-12	7922	12.173	-4.395
373.8	NaN	585	NaN	590	0	58	362	22	10	0	406	-19	6069	-11	7462	-18	5857	-9	7691	11.696	-5.195
373.9	NaN	607	NaN	663	0	60	361	37	26	0	407	2	6032	15	7360	5	6053	35	7625	11.391	-1.05
374	NaN	552	NaN	559	0	57	356	57	46	0	407	10	6179	58	7537	22	6682	97	7695	11.207	0.729
374.1	NaN	543	NaN	566	0	55	362	69	59	0	407	13	6544	64	7658	27	6651	95	7739	11.351	2.93
374.2	NaN	552	NaN	572	0	52	358	90	80	0	407	15	7372	72	7719	35	7010	98	7758	11.5	1.922
374.3	NaN	555	NaN	554	0	39	361	100	91	0	406	22	7339	66	7824	50	7279	99	7924	11.767	2.216
374.4	NaN	544	NaN	590	0	38	358	100	98	0	407	23	7876	64	7921	52	7343	98	7994	12.131	3.15
374.5	NaN	548	NaN	579	0	41	362	100	100	0	407	21	7415	64	8185	48	7342	97	8234	12.454	2.744
374.6	NaN	542	NaN	565	0	43	363	100	100	0	408	21	7706	64	8406	45	7524	94	8428	12.793	3.846
374.7	NaN	568	NaN	563	0	40	361	100	100	0	406	20	7611	61	8616	44	7617	96	8717	13.034	1.435
374.8	NaN	559	NaN	572	0	26	363	100	100	0	405	28	8292	53	8687	63	7930	96	8826	13.369	5.165
374.9	NaN	561	NaN	568	0	15	358	100	100	0	406	34	8294	47	8843	73	8301	96	8931	13.762	3.645
375	NaN	559	NaN	580	0	12	359	100	100	0	405	35	8627	44	9025	77	8656	96	9105	14.193	5.75
375.1	NaN	559	NaN	571	0	4	362	100	100	0	406	38	8915	41	9186	80	8984	87	9280	14.6	4.602
375.2	NaN	564	NaN	573	0	2	358	100	100	0	409	38	9203	39	9313	80	9316	81	9448	15.006	3.375
375.3	NaN	574	NaN	587	1	-2	356	100	100	0	406	38	9474	37	9514	80	9554	76	9667	15.368	3.467
375.4	NaN	558	NaN	578	1	-2	361	100	100	0	408	38	9673	36	9771	79	9731	73	9869	15.737	3.473
375.5	NaN	559	NaN	571	1	-2	360	100	100	0	407	38	9921	34	9993	77	10020	72	10044	16.11	3.119
375.6	NaN	565	NaN	578	1	-5	357	100	100	0	409	37	10195	34	10136	75	10267	70	10268	16.445	5.196
375.7	NaN	564	NaN	579	1	-2	360	100	100	0	406	36	10359	33	10339	72	10463	68	10519	16.792	3.389
375.8	NaN	558	NaN	588	1	-1	359	100	100	0	407	35	10533	35	10647	71	10687	70	10700	17.17	3.831
375.9	NaN	601	NaN	597	1	-2	359	100	100	0	407	30	10793	29	10750	57	10869	55	10860	17.459	4.162
376	NaN	567	NaN	615	1	-3	358	100	100	0	404	26	10853	25	10905	51	10887	48	11036	17.743	2.904
376.1	NaN	581	NaN	636	1	1	360	100	100	0	406	22	10994	21	11140	43	11110	42	11109	17.895	-0.07
376.2	NaN	584	NaN	658	1	-1	359	100	100	0	407	16	11042	17	11069	32	11077	33	11190	18.037	1.995
376.3	NaN	576	NaN	635	1	-0	360	100	100	0	406	19	11063	18	11272	36	11192	35	11288	18.17	-0.134
376.4	NaN	560	NaN	653	1	-0	361	100	100	0	406	15	11181	15	11158	28	11234	27	11281	18.234	0.683
376.5	NaN	574	NaN	684	1	-0	358	100	100	0	407	14	11143	13	11347	27	11188	26	11327	18.281	-0.875
376.6	NaN	568	NaN	655	1	-1	362	100	100	0	409	14	11202	15	11248	28	11324	28	11343	18.352	0.754
376.7	NaN	565	NaN	657	1	-1	356	100	100	0	407	12	11216	11	11343	23	11235	22	11356	18.362	0.167
376.8	NaN	583	NaN	652	1	-3	365	100	100	0	406	14	11265	12	11306	26	11331	25	11350	18.387	-0.571
376.9	NaN	560	NaN	693	1	0	359	100	100	0	403	12	11275	12	11269	24	11248	23	11392	18.437	0.47
377	NaN	574	NaN	676	1	1	366	100	100	0	407	11	11296	11	11397	21	11349	20	11378	18.405	-0.25
377.1	NaN	562	NaN	674	1	1	363	100	100	0	407	11	11274	11	11285	20	11271	19	11374	18.457	0.421
377.2	NaN	564	NaN	650	1	-0	362	100	100	0	407	12	11232	12	11427	22	11300	23	11444	18.432	0.05
377.3	NaN	566	NaN	710	1	0	363	100	100	0	409	10	11318	10	11261	19	11349	18	11371	18.424	0.483
377.4	NaN	566	NaN	683	1	-2	358	100	100	0	408	12	11236	11	11405	23	11278	23	11416	18.443	0.135
377.5	NaN	576	NaN	685	1	-1	362	100	100	0	408	11	11306	11	11261	21	11357	21	11347	18.456	0.986
377.6	NaN	571	NaN	724	1	-3	359	100	100	0	408	10	11264	10	11375	21	11306	19	11394	18.445	-0.637
377.7	NaN	567	NaN	680	1	-2	363	100	100	0	407	9	11371	9	11253	18	11383	16	11353	18.392	-1.171
377.8	NaN	569	NaN	658	1	-3	359	100	100	0	407	11	11237	10	11356	21	11229	21	11353	18.467	0.313
377.9	NaN	583	NaN	641	1	2	359	100	100	0	407	11	11247	12	11351	22	11358	24	11396	18.454	0.68
378	NaN	576	NaN	621	0	12	357	100	100	0	408	13	11135	16	11613	24	11146	30	11599	18.444	0.297
378.1	NaN	580	NaN	602	0	21	362	100	100	0	410	17	11081	25	11711	31	11460	48	11812	18.512	0.957
378.2	NaN	578	NaN	615	0	19	359	100	100	0	407	16	11087	23	11880	29	11329	44	11940	18.479	0.554
378.3	NaN	583	NaN	598	0	9	361	100	100	0	408	18	11039	22	11677	34	11215	42	11830	18.503	0.033
378.4	NaN	563	NaN	641	0	-9	363	100	100	0	407	12	11318	10	11465	22	11381	18	11509	18.528	0.078
378.5	NaN	570	NaN	651	0	-7	360	100	100	0	408	11	11433	10	11194	21	11486	18	11233	18.499	0.002
378.6	NaN	570	NaN	659	0	-9	361	66	58	0	409	13	11411	11	11259	26	11499	22	11333	18.466	1.082
378.7	NaN	591	NaN	575	0	-10	358	0	0	0	404	-11	11231	-13	11099	-8	11227	-10	11029	18.263	-3.573
378.8	NaN	559	NaN	700	0	-7	361	0	0	0	405	-30	10869	-34	10687	-23	11000	-26	10828	17.891	-3.462
378.9	NaN	545	NaN	668	0	-8	443	0	0	0	449	-49	10558	-52	10437	-36	10518	-40	10243	17.298	-8.235
379	NaN	538	NaN	690	0	-10	491	0	0	0	526	-49	10095	-54	9942	-38	10068	-42	9754	16.611	-7.178
379.1	NaN	535	NaN	680	0	-11	614	0	0	0	576	-52	9566	-59	9321	-41	9676	-45	9187	15.761	-7.801
379.2	NaN	533	NaN	679	0	-13	668	0	0	0	669	-52	9126	-59	8690	-42	9015	-48	7120	14.88	-8.879
379.3	NaN	541	NaN	680	0	-16	682	0	0	0	646	-50	8560	-58	7667	-42	8594	-49	5807	13.915	-8.022
379.4	NaN	541	NaN	754	0	-25	510	0	0	0	493	-48	8176	-61	7307	-40	8122	-27	2447	13.013	-7.101
379.5	NaN	570	NaN	683	0	-31	360	34	33	0	405	17	8130	7	7243	37	8156	17	5263	12.459	-0.391
379.6	NaN	575	NaN	674	0	-36	359	35	35	0	407	15	8008	6	7197	34	7999	14	7299	12.399	0.046
379.7	NaN	576	NaN	675	0	-50	361	37	36	0	407	26	8010	6	7099	57	8114	15	7263	12.438	-0.389
379.8	NaN	568	NaN	671	0	-45	359	37	37	0	405	26	8150	7	7138	59	8176	17	7354	12.464	0.058
379.9	NaN	583	NaN	727	0	-48	361	31	28	0	404	13	8161	4	7111	34	8215	9	7228	12.484	-0.957
380	NaN	617	NaN	594	0	-62	363	28	25	0	404	3	7862	0	6935	7	7942	1	6867	12.245	-2.992
380.1	NaN	610	NaN	592	0	-59	362	44	40	0	402	5	7695	0	6613	11	7863	1	6626	11.955	-2.917
380.2	NaN	589	NaN	677	0	-59	361	74	71	0	404	57	7956	12	6662	79	7983	26	7018	11.853	5.105
380.3	NaN	597	NaN	656	0	-53	357	76	74	0	404	69	8054	15	6879	82	8087	34	7547	11.977	3.121
380.4	NaN	585	NaN	602	0	-35	358	82	80	0	404	58	8157	23	7191	81	8277	53	9087	12.101	2.625
380.5	NaN	581	NaN	586	0	-17	362	85	81	0	407	50	8044	31	7808	82	8254	73	8461	12.457	6.957
380.6	NaN	555	NaN	600	0	-2	357	89	78	0	410	43	8036	42	7998	81	8208	92	8423	12.944	4.963
380.7	NaN	586	NaN	576	0	-7	360	89	79	0	409	45	8257	37	8383	82	8366	82	8501	13.466	5.452
380.8	NaN	580	NaN	573	0	-13	360	86	79	0	407	47	8707	34	8553	81	8777	74	8611	13.932	4.813
380.9	NaN	588	NaN	605	0	-14	362	51	41	0	407	36	8958	25	8828	79	9059	54	8812	14.356	4.02
381	NaN	590	NaN	649	0	-16	358	40	34	0	408	18	9090	11	8839	43	9126	27	8844	14.519	-0.573
381.1	NaN	588	NaN	657	0	-27	363	35	26	0	406	10	9199	6	8784	19	9206	11	8891	14.709	0.284
381.2	NaN	583	NaN	643	0	-42	360	36	34	0	402	18	9390	5	8523	42	9457	13	8623	14.605	-2.14
381.3	NaN	605	NaN	583	0	-46	361	11	3	0	405	-7	8967	-10	8095	-6	9168	-9	8278	14.408	-2.587
381.4	NaN	571	NaN	723	0	-41	361	11	11	0	404	-20	8934	-31	7796	-16	8940	-25	6197	13.978	-6.745
381.5	NaN	623	NaN	603	0	-39	361	22	20	0	404	0	8776	-0	7533	0	8865	-1	5287	13.508	-1.656
381.6	NaN	622	NaN	600	0	-48	364	23	21	0	405	0	8244	0	7321	-1	8276	0	7500	13.18	-3.489
381.7	NaN	603	NaN	566	0	-31	358	28	27	0	404	6	8317	3	7272	13	8317	6	7407	12.81	-1.127
381.8	NaN	590	NaN	604	0	-46	362	34	31	0	407	14	8045	4	7107	36	8167	9	7307	12.614	-3.085
381.9	NaN	575	NaN	611	0	-44	359	36	35	0	406	25	8191	7	7145	53	8307	16	8018	12.46	0.788
382	NaN	611	NaN	593	0	-59	361	21	16	0	405	-4	7620	-7	6732	-4	7745	-8	6861	12.34	-3.633
382.1	NaN	621	NaN	666	0	-44	360	38	39	0	404	28	8041	9	6933	65	8123	19	7310	12.066	-0.561
382.2	NaN	575	NaN	672	0	-55	358	38	35	0	404	28	7857	5	6815	63	7965	12	7033	12.153	1.481
382.3	NaN	577	NaN	619	0	-58	361	36	36	0	405	26	7941	4	6765	61	8045	9	7076	12.035	-0.187
382.4	NaN	575	NaN	686	0	-57	360	38	38	0	405	32	7926	5	6683	72	8052	12	6903	12.035	2.346
382.5	NaN	583	NaN	652	0	-41	357	39	38	0	405	29	7983	9	6802	64	8059	20	7253	12.013	0.948
382.6	NaN	587	NaN	650	0	-6	361	42	35	0	406	21	7783	17	7159	47	7921	39	7291	12.11	2.436
382.7	NaN	587	NaN	642	0	14	360	43	33	0	410	16	7373	22	7737	37	7453	49	7799	12.356	1.658
382.8	NaN	592	NaN	593	0	27	361	45	35	0	406	13	7308	26	8010	29	7426	57	8125	12.448	1.264
382.9	NaN	572	NaN	559	0	35	361	51	41	0	408	18	7698	43	8263	40	7518	94	8357	12.714	4.375
383	NaN	574	NaN	570	0	34	359	54	44	0	408	18	7635	48	8450	40	7744	95	8547	12.933	2.244
383.1	NaN	611	NaN	563	0	35	358	67	57	0	407	23	8569	59	8656	50	8019	94	8775	13.244	2.697
383.2	NaN	561	NaN	570	0	36	360	67	57	0	407	23	8649	57	8892	50	8241	94	8956	13.536	3.43
383.3	NaN	550	NaN	579	0	36	364	86	75	0	408	23	8887	56	9076	49	8435	94	9096	13.842	3.552
383.4	NaN	591	NaN	562	0	20	362	100	100	0	407	28	8771	49	9192	60	8637	96	9310	14.165	4.5
383.5	NaN	577	NaN	572	0	-9	362	100	100	0	405	42	8928	36	9097	79	9038	77	9220	14.624	3.958
383.6	NaN	591	NaN	591	0	-22	357	100	100	0	405	46	9403	30	9057	79	9485	63	9198	14.977	3.574
383.7	NaN	651	NaN	603	0	-33	358	100	100	0	405	49	9811	24	9203	79	9761	49	9376	15.271	3.466
383.8	NaN	580	NaN	627	0	-39	359	100	100	0	404	52	10044	20	9238	80	10073	43	9636	15.497	3.677
383.9	NaN	585	NaN	607	0	-36	363	100	100	0	405	50	10101	22	9558	79	10218	44	9625	15.709	3.188
384	NaN	576	NaN	611	0	-31	359	100	100	0	404	49	10237	21	9514	80	10318	44	10349	15.891	2.279
384.1	NaN	583	NaN	586	0	-10	359	100	100	0	405	41	10217	31	9774	79	10363	62	10003	16.187	4.736
384.2	NaN	564	NaN	575	0	-2	363	100	100	0	406	37	10139	35	10259	74	10298	71	10398	16.587	4.005
384.3	NaN	555	NaN	579	0	-1	362	100	100	0	407	35	10352	36	10593	69	10448	71	10627	16.926	3.173
384.4	NaN	558	NaN	579	1	1	358	100	100	0	407	34	10589	35	10679	68	10664	68	10833	17.298	3.108
384.5	NaN	577	NaN	587	1	0	361	100	100	0	405	29	10725	29	10919	57	10844	57	11023	17.594	2.426
384.6	NaN	573	NaN	606	1	-1	357	100	100	0	407	26	10876	25	11050	51	10885	48	11097	17.827	1.702
384.7	NaN	580	NaN	624	1	0	363	100	100	0	406	21	10960	21	11063	40	11058	39	11189	18.014	2.078
384.8	NaN	581	NaN	624	1	-2	356	100	100	0	408	20	11018	19	11271	39	11093	39	11283	18.136	1.109
384.9	NaN	577	NaN	648	1	-1	364	100	100	0	409	16	11134	16	11215	31	11165	28	11339	18.249	1.99
385	NaN	574	NaN	628	1	-1	360	100	100	0	406	15	11128	15	11421	29	11216	30	11400	18.337	0.171
385.1	NaN	576	NaN	639	1	-2	359	100	100	0	405	14	11193	13	11321	27	11224	26	11415	18.414	0.453
385.2	NaN	569	NaN	647	1	-1	360	100	100	0	406	12	11218	11	11444	21	11292	20	11441	18.443	0.754
385.3	NaN	567	NaN	663	1	-1	360	100	100	0	405	12	11241	11	11393	23	11236	22	11458	18.477	-0.926
385.4	NaN	574	NaN	690	1	-3	357	100	100	0	407	11	11235	11	11400	20	11337	19	11454	18.528	1.094
385.5	NaN	568	NaN	658	1	-3	359	100	100	0	406	10	11269	10	11445	21	11280	20	11506	18.499	-0.683
385.6	NaN	582	NaN	707	1	-2	361	100	100	0	408	9	11321	9	11377	18	11358	15	11416	18.542	0.197
385.7	NaN	570	NaN	675	1	-1	361	100	100	0	403	11	11290	9	11455	20	11329	19	11498	18.527	-0.408
385.8	NaN	577	NaN	656	1	-5	361	100	100	0	407	9	11363	9	11386	17	11358	16	11426	18.532	0.58
385.9	NaN	580	NaN	651	1	-2	362	100	100	0	406	10	11274	8	11456	19	11333	17	11460	18.529	-0.524
386	NaN	576	NaN	667	1	-2	361	100	100	0	404	10	11300	10	11344	18	11371	18	11436	18.529	1.232
386.1	NaN	578	NaN	640	1	-5	361	100	100	0	409	9	11285	7	11480	17	11362	15	11453	18.53	-1.08
386.2	NaN	566	NaN	702	1	-4	363	100	100	0	406	10	11349	10	11375	19	11354	18	11443	18.528	0.614
386.3	NaN	575	NaN	702	1	-5	362	100	100	0	409	7	11305	6	11487	16	11364	13	11417	18.539	-0.44
386.4	NaN	574	NaN	650	1	-2	358	100	100	0	406	10	11323	10	11385	19	11351	19	11464	18.536	0.741
386.5	NaN	575	NaN	665	1	-5	362	100	100	0	406	8	11316	8	11485	14	11375	13	11451	18.543	-0.638
386.6	NaN	575	NaN	654	1	-5	359	100	100	0	406	9	11316	9	11416	19	11329	17	11478	18.532	-0.036
386.7	NaN	578	NaN	677	1	-3	362	100	100	0	406	8	11361	8	11488	14	11356	13	11446	18.538	-0.549
386.8	NaN	573	NaN	641	1	-3	361	100	100	0	405	9	11324	9	11399	18	11311	16	11472	18.514	0.414
386.9	NaN	575	NaN	657	1	-2	360	100	100	0	408	9	11350	8	11486	17	11387	15	11455	18.526	-0.264
387	NaN	574	NaN	646	1	-1	358	100	100	0	405	10	11286	10	11425	19	11317	19	11484	18.507	0.263
387.1	NaN	569	NaN	656	1	-0	360	100	100	0	406	10	11280	10	11494	20	11342	19	11520	18.547	1.656
387.2	NaN	575	NaN	673	1	-2	358	100	100	0	406	9	11273	8	11454	17	11324	17	11507	18.538	-0.358
387.3	NaN	569	NaN	659	1	-4	357	100	100	0	407	10	11342	10	11483	20	11359	19	11508	18.558	0.761
387.4	NaN	584	NaN	647	1	-5	358	100	100	0	403	8	11321	7	11435	14	11369	13	11501	18.54	-1.617
387.5	NaN	573	NaN	644	1	-6	359	100	100	0	406	9	11297	8	11439	18	11365	16	11464	18.537	0.654
387.6	NaN	580	NaN	633	1	-6	364	100	100	0	407	7	11364	6	11401	13	11399	11	11381	18.525	-2.238
387.7	NaN	579	NaN	694	1	-9	359	100	100	0	407	9	11360	9	11337	18	11410	15	11401	18.498	0.27
387.8	NaN	579	NaN	680	0	-13	359	100	100	0	407	8	11389	7	11341	15	11471	11	11341	18.507	-0.4
387.9	NaN	564	NaN	639	0	-12	358	100	100	0	409	14	11418	11	11173	29	11500	21	11333	18.495	2.085
388	NaN	569	NaN	687	0	-11	359	100	100	0	406	11	11517	8	11319	19	11511	14	11307	18.528	-0.642
388.1	NaN	575	NaN	640	0	-10	360	100	100	0	407	10	11443	9	11262	22	11461	17	11328	18.523	1.054
388.2	NaN	575	NaN	669	0	-10	358	100	100	0	406	10	11494	8	11387	18	11495	15	11353	18.543	-0.609
388.3	NaN	576	NaN	641	0	-8	363	100	100	0	404	8	11391	7	11298	15	11391	13	11365	18.518	0.049
388.4	NaN	567	NaN	659	1	-6	362	100	100	0	403	11	11431	10	11387	21	11480	19	11401	18.51	0.412
388.5	NaN	576	NaN	628	1	-5	358	100	100	0	404	9	11299	8	11335	16	11342	17	11403	18.469	-0.615
388.6	NaN	566	NaN	660	1	-4	360	100	100	0	407	10	11319	10	11405	19	11383	18	11416	18.479	0.147
388.7	NaN	568	NaN	640	1	-4	361	100	100	0	405	9	11261	9	11380	17	11328	17	11426	18.447	-0.676
388.8	NaN	564	NaN	715	1	-2	361	100	100	0	406	10	11301	9	11346	22	11337	20	11444	18.458	1.579
388.9	NaN	567	NaN	650	1	-4	363	100	100	0	407	10	11258	9	11433	19	11340	17	11428	18.467	-1.199
389	NaN	566	NaN	653	1	-4	361	100	100	0	408	11	11291	10	11358	21	11327	19	11455	18.486	0.437
389.1	NaN	569	NaN	680	1	-2	361	100	100	0	406	9	11280	9	11435	18	11371	17	11457	18.512	-0.521
389.2	NaN	565	NaN	645	1	-3	360	88	79	0	406	10	11310	10	11378	19	11317	19	11455	18.51	-0.397
389.3	NaN	606	NaN	592	0	-3	359	0	0	0	407	-6	11251	-6	11427	-7	11278	-7	11371	18.512	-3.527
389.4	NaN	575	NaN	669	0	-3	361	0	0	0	407	-25	11028	-24	11121	-18	11010	-19	11152	18.233	-2.975
389.5	NaN	547	NaN	665	0	-1	362	0	0	0	406	-45	10684	-45	10938	-33	10692	-33	10853	17.791	-4.542
389.6	NaN	544	NaN	662	0	-1	363	0	0	0	404	-49	10433	-49	10532	-38	10192	-38	10410	17.271	-6.766
389.7	NaN	544	NaN	674	0	2	360	0	0	0	404	-53	9989	-52	10183	-40	9772	-39	10209	16.699	-6.38
389.8	NaN	544	NaN	658	0	3	364	0	0	0	406	-53	9472	-53	10017	-42	9629	-41	9926	16.061	-5.41
389.9	NaN	543	NaN	660	0	2	455	0	0	0	460	-55	9130	-54	9519	-44	9048	-44	9331	15.45	-8.486
390	NaN	547	NaN	670	0	9	558	0	0	0	550	-59	7588	-53	8526	-48	8357	-43	9025	14.753	-2.852
390.1	NaN	548	NaN	674	0	15	603	0	0	0	583	-60	8066	-50	8739	-49	3558	-42	8394	13.82	-6.697
390.2	NaN	546	NaN	667	0	20	485	0	0	0	497	-42	5907	-49	8101	-51	7166	-41	8207	13.036	-3.781
390.3	NaN	553	NaN	680	0	24	361	0	0	0	402	-60	6908	-48	7888	-52	4489	-41	7771	12.356	-6.448
390.4	NaN	552	NaN	678	0	43	362	0	0	0	404	-43	5667	-42	7401	-0	1407	-37	7576	11.722	-4.602
390.5	NaN	557	NaN	685	0	67	364	0	0	0	405	-40	5362	-35	6966	-6	1695	-31	7200	11.023	-7.57
390.6	NaN	573	NaN	716	0	70	359	0	0	0	403	-14	4580	-34	6397	0	1805	-31	6761	10.401	-6.252
390.7	NaN	585	NaN	630	0	78	359	20	8	0	404	-16	4159	-11	6238	-22	1849	-9	6508	9.658	-4.599
390.8	NaN	603	NaN	592	0	78	361	24	11	0	405	-10	4581	-4	6031	-8	1216	-4	6264	9.085	-4.041
390.9	NaN	579	NaN	611	0	70	360	51	40	0	405	1	4566	55	6232	4	2685	89	6294	8.716	1.464
391	NaN	564	NaN	590	0	50	365	74	63	0	407	17	4795	50	6187	43	4983	90	6467	8.668	3.853
391.1	NaN	570	NaN	595	0	45	362	81	71	0	408	21	5539	57	6229	50	5462	91	6452	8.89	0.558
391.2	NaN	571	NaN	585	0	45	359	82	71	0	407	20	7092	58	6251	48	6453	89	6463	9.103	2.765
391.3	NaN	565	NaN	594	0	47	360	82	69	0	408	19	6648	67	6428	47	5989	90	6434	9.443	1.953
391.4	NaN	543	NaN	588	0	30	362	82	68	0	408	31	6190	65	6660	73	6017	89	6611	9.884	5.837
391.5	NaN	583	NaN	592	0	68	365	56	43	0	406	4	6099	63	6994	10	5925	89	6740	10.284	2.842
391.6	NaN	564	NaN	604	0	67	362	59	45	0	408	5	5744	60	7139	12	6039	90	7196	10.365	2.043
391.7	NaN	563	NaN	599	0	68	363	60	47	0	408	6	5792	62	7211	13	5889	90	7324	10.559	1.548
391.8	NaN	555	NaN	576	0	67	360	70	57	0	407	7	5839	62	7338	15	5981	90	7417	10.655	1.654
391.9	NaN	548	NaN	593	0	64	359	98	87	0	408	8	5987	66	7329	19	6128	91	7399	10.792	0.764
392	NaN	567	NaN	576	0	47	361	100	100	0	408	17	6361	66	7437	41	6521	89	7569	10.96	3.084
392.1	NaN	564	NaN	579	0	37	360	100	100	0	408	23	7448	66	7491	53	7018	89	7588	11.262	2.571
392.2	NaN	575	NaN	580	0	38	363	100	100	0	407	25	7714	65	7581	56	7102	91	7627	11.649	3.329
392.3	NaN	555	NaN	559	0	28	359	100	100	0	408	29	7281	59	7834	65	7269	89	7927	12.039	3.6
392.4	NaN	560	NaN	597	0	26	360	100	100	0	407	30	7448	58	8034	68	7475	90	8113	12.494	3.6
392.5	NaN	557	NaN	589	0	22	360	100	100	0	408	31	7723	54	8304	70	7726	90	8401	12.889	4.538
392.6	NaN	553	NaN	577	0	22	361	100	100	0	407	30	8006	53	8490	68	7993	90	8634	13.322	3.531
392.7	NaN	581	NaN	571	0	19	362	100	100	0	407	32	8226	51	8761	70	8238	89	8885	13.723	3.314
392.8	NaN	601	NaN	600	0	10	359	100	100	0	408	35	8475	46	8972	74	8566	90	9080	14.102	4.089
392.9	NaN	566	NaN	573	0	3	358	38	36	0	408	35	8871	39	9142	71	8885	81	9184	14.582	5.718
393	NaN	589	NaN	590.5	0	-6	360	3	0	0	405	-15	8612	-16	8777	-12	8648	-13	8624	14.394	-2.061
393.1	NaN	567	NaN	592.5	0	-15	361	0	0	0	403	-32	8548	-36	8368	-27	8658	-31	8332	13.973	-4.757
393.2	NaN	546	NaN	594.5	0	-21	363	0	0	0	405	-48	8216	-60	7845	-41	8241	-49	7679	13.42	-5.935
393.3	NaN	562	NaN	596.5	0	-30	359	2	3	0	402	-44	7938	-61	7215	-38	7964	-53	6515	12.718	-7.501
393.4	NaN	607	NaN	570	0	-37	358	27	30	0	406	7	7968	2	7190	16	8011	6	7160	12.374	-2.788
393.5	NaN	596	NaN	566	0	-41	358	27	30	0	405	7	7857	2	6992	17	7906	6	7006	12.202	-2.413
393.6	NaN	627	NaN	600	0	-49	362	20	20	0	405	-2	7710	-3	6744	-2	7738	-2	6594	11.953	-3.442
393.7	NaN	616	NaN	597	0	-54	359	23	24	0	403	0	7654	0	6508	0	7667	0	6518	11.656	-2.903
393.8	NaN	591	NaN	584.7777778	0	-56	359	32	33	0	403	15	7555	2	6349	33	7595	5	6391	11.372	-0.582
393.9	NaN	579	NaN	585.0555556	0	-57	361	36	35	0	403	25	7504	4	6320	57	7583	9	6445	11.328	0.042
394	NaN	596	NaN	585.3333333	0	-58	359	31	29	0	405	14	7402	2	6303	34	7521	6	6354	11.256	-0.477
394.1	NaN	595	NaN	585.6111111	0	-56	363	33	32	0	404	13	7268	2	6140	30	7406	5	6263	11.06	-1.244
394.2	NaN	580	NaN	585.8888889	0	-52	362	46	43	0	407	20	7260	4	5969	45	7375	8	6209	10.926	0.525
394.3	NaN	587	NaN	586.1666667	0	-49	358	52	52	0	404	62	7844	15	6144	78	7716	35	7162	10.977	5.115
394.4	NaN	599	NaN	586.4444444	0	-47	357	49	51	0	404	54	7414	15	6316	77	7543	34	7533	11.153	0.52
394.5	NaN	614	NaN	586.7222222	0	-41	357	43	41	0	404	40	7679	12	6378	77	7816	29	9772	11.214	2.715
394.6	NaN	590	NaN	612	0	-17	358	46	42	0	405	35	7534	21	6715	78	7849	47	7781	11.363	3.934
394.7	NaN	603	NaN	658	0	5	358	35	25	0	408	4	6937	3	7050	7	7010	11	6978	11.509	-0.208
394.8	NaN	585	NaN	660	0	17	357	37	27	0	407	8	6803	12	7308	19	6891	28	7322	11.473	1.568
394.9	NaN	621	NaN	595	0	47	361	30	14	0	408	0	6431	0	7245	0	6500	-1	7289	11.402	-3.378
395	NaN	623	NaN	621	0	48	358	43	30	0	409	5	6289	19	7451	13	6299	50	7527	11.11	-1.098
395.1	NaN	569	NaN	574	0	57	358	58	46	0	407	11	6723	65	7573	25	6449	89	7589	11.316	2.239
395.2	NaN	555	NaN	591	0	56	363	58	41	0	407	9	6447	59	7794	22	6656	88	7883	11.398	2.522
395.3	NaN	584	NaN	587	0	67	359	49	33	0	406	3	6370	41	7621	8	6521	90	7813	11.573	1.186
395.4	NaN	584	NaN	574	0	62	364	49	33	0	405	4	6337	40	7743	11	6643	88	8032	11.505	0.511
395.5	NaN	603	NaN	595	0	52	361	48	36	0	405	9	6536	40	7674	19	6719	89	7926	11.557	3.177
395.6	NaN	571	NaN	592	0	46	360	49	36	0	407	10	6553	38	7639	24	6854	87	7888	11.603	2.112
395.7	NaN	626	NaN	589	0	46	357	53	41	0	407	13	6648	46	7694	30	7235	88	7866	11.724	1.801
395.8	NaN	556	NaN	582	0	46	358	70	58	0	409	17	6910	64	7984	40	10335	90	8058	11.823	4.02
395.9	NaN	541	NaN	557	0	50	362	73	62	0	407	16	7614	69	7988	37	7456	89	8050	12.084	1.004
396	NaN	575	NaN	570	0	52	360	75	63	0	407	17	7225	69	8189	36	7343	90	8202	12.274	2.669
396.1	NaN	555	NaN	574	0	49	360	78	67	0	405	16	7363	67	8321	37	7362	92	8281	12.493	1.796
396.2	NaN	556	NaN	587	0	48	362	100	98	0	407	17	7511	65	8519	38	7491	90	8467	12.729	2.433
396.3	NaN	570	NaN	580	0	48	359	100	100	0	405	17	7649	65	8583	38	7592	91	8618	12.961	2.293
396.4	NaN	551	NaN	587	0	39	364	100	100	0	408	21	7851	59	8710	47	7788	90	8764	13.174	3.598
396.5	NaN	569	NaN	576	0	28	363	100	100	0	406	27	8404	54	8753	61	8104	90	8804	13.487	2.642
396.6	NaN	629	NaN	565	0	4	363	100	100	0	405	37	8390	44	8771	79	8497	90	8940	13.893	4.347
396.7	NaN	605	NaN	571	0	-14	361	100	100	0	408	46	8901	33	8742	77	8908	71	8920	14.333	3.809
396.8	NaN	579	NaN	610	0	-34	359	91	89	0	406	54	9357	23	8726	76	9364	50	9065	14.616	2.973
396.9	NaN	636	NaN	588.625	0	-49	359	89	83	0	403	57	9690	17	8781	78	9601	36	8964	14.84	1.652
397	NaN	579	NaN	592.75	0	-51	359	97	97	0	405	58	9771	14	8807	77	9717	32	9291	14.923	2.615
397.1	NaN	587	NaN	596.875	0	-47	359	100	100	0	406	55	9780	17	8936	77	9843	36	9363	15.015	0.032
397.2	NaN	581	NaN	615	0	-41	358	100	100	0	406	53	9904	20	9131	77	9935	43	9358	15.12	2.331
397.3	NaN	575	NaN	606	0	-30	363	100	100	0	403	50	9881	23	9125	77	10006	48	9803	15.257	1.619
397.4	NaN	593	NaN	597	0	-22	357	100	100	0	406	46	9869	27	9537	77	9907	54	9506	15.526	3.58
397.5	NaN	558	NaN	583	0	-10	358	100	100	0	405	40	9903	33	9707	78	10092	69	9810	15.825	3.703
397.6	NaN	565	NaN	578	0	0	363	100	100	0	406	38	10006	35	10076	77	10145	70	10120	16.219	4.42
397.7	NaN	568	NaN	563	0	12	363	100	100	0	407	32	10020	41	10372	65	10091	81	10477	16.526	3.102
397.8	NaN	568	NaN	564	0	20	358	100	100	0	408	28	10228	42	10698	56	10199	84	10843	16.821	3.026
397.9	NaN	558	NaN	562	0	22	361	100	100	0	406	27	10459	43	10957	54	10453	84	11045	17.066	1.356
398	NaN	564	NaN	567	0	22	361	100	100	0	407	26	10598	43	11014	52	10440	88	11210	17.277	2.423
398.1	NaN	564	NaN	560	0	24	358	100	100	0	407	26	10839	42	11233	52	10622	81	11312	17.493	1.64
398.2	NaN	574	NaN	592	0	20	359	100	100	0	407	20	10738	32	11229	39	10749	62	11407	17.648	1.759
398.3	NaN	568	NaN	578	0	20	360	100	100	0	407	23	10831	36	11328	44	10701	71	11444	17.798	1.007
398.4	NaN	575	NaN	605	0	10	359	100	100	0	406	21	10888	27	11309	42	10898	49	11443	17.918	1.717
398.5	NaN	571	NaN	605	0	1	362	100	100	0	408	20	10951	22	11236	39	11028	42	11353	18.046	1.112
398.6	NaN	578	NaN	620	0	-5	361	100	100	0	404	18	11104	17	11242	35	11140	34	11247	18.106	-0.497
398.7	NaN	573	NaN	634	0	-11	359	100	100	0	404	18	11184	15	11043	34	11268	29	11200	18.148	0.782
398.8	NaN	565	NaN	640	0	-20	360	100	100	0	407	21	11312	14	11073	43	11354	27	11144	18.162	0.641
398.9	NaN	566	NaN	627	0	-18	362	100	100	0	405	25	11475	16	10942	46	11555	32	11096	18.183	0.002
399	NaN	580	NaN	645	0	-17	358	100	100	0	404	24	11409	17	11062	50	11486	32	11195	18.205	0.615
399.1	NaN	575	NaN	650	0	-17	361	100	100	0	404	20	11457	14	11018	37	11535	26	11090	18.228	-0.269
399.2	NaN	588	NaN	620	0	-19	361	100	100	0	405	25	11450	17	11022	49	11483	33	11177	18.255	0.786
399.3	NaN	562	NaN	655	0	-15	361	100	100	0	404	16	11452	12	11125	30	11539	24	11129	18.274	0.277
399.4	NaN	591	NaN	617	0	-11	360	100	100	0	403	21	11415	15	11052	41	11434	30	11213	18.267	0.818
399.5	NaN	586	NaN	652	0	-11	358	100	100	0	405	14	11309	13	11236	26	11396	23	11248	18.288	0.847
399.6	NaN	565	NaN	637	0	-6	363	100	100	0	405	14	11250	11	11145	27	11278	22	11272	18.25	-0.494
399.7	NaN	571	NaN	630	0	-2	361	100	100	0	406	14	11170	14	11329	28	11281	27	11330	18.257	-0.088
399.8	NaN	568	NaN	643	1	-1	360	100	100	0	405	13	11217	13	11295	24	11211	23	11345	18.262	-1.135
399.9	NaN	576	NaN	617	1	-3	363	100	100	0	405	15	11154	14	11354	30	11243	28	11405	18.26	0.269
400	NaN	559	NaN	640	1	-3	362	100	100	0	407	14	11200	13	11299	27	11250	26	11388	18.289	-1.249
400.1	NaN	559	NaN	653	1	1	364	100	100	0	408	14	11138	14	11374	28	11212	26	11431	18.302	0.955
400.2	NaN	570	NaN	654	1	0	362	100	100	0	407	14	11192	15	11425	27	11260	29	11460	18.364	-0.177
400.3	NaN	576	NaN	659	1	1	362	100	100	0	407	12	11156	13	11423	25	11193	25	11493	18.387	0.145
400.4	NaN	565	NaN	652	1	2	358	100	100	0	407	14	11183	14	11504	27	11297	28	11529	18.446	0.677
400.5	NaN	567	NaN	662	1	0	360	100	100	0	409	11	11258	10	11425	20	11202	21	11519	18.462	0.43
400.6	NaN	587	NaN	663	1	1	364	100	100	0	405	13	11221	13	11560	25	11321	26	11547	18.489	1.565
400.7	NaN	571	NaN	648	1	-1	358	100	100	0	406	12	11351	12	11445	22	11285	23	11535	18.498	-0.128
400.8	NaN	563	NaN	636	1	2	359	100	100	0	407	10	11257	11	11571	21	11307	21	11551	18.514	0.433
400.9	NaN	575	NaN	700	1	-2	360	100	100	0	405	10	11340	9	11394	18	11356	18	11482	18.522	0.584
401	NaN	571	NaN	648	1	-0	363	100	100	0	407	8	11281	8	11515	18	11340	16	11507	18.483	-0.43
401.1	NaN	567	NaN	668	1	-1	360	100	100	0	408	10	11329	10	11367	20	11338	20	11441	18.498	-0.598
401.2	NaN	570	NaN	645	1	-3	360	100	100	0	406	9	11277	9	11505	17	11298	17	11480	18.494	-0.129
401.3	NaN	576	NaN	680	1	-0	362	100	100	0	408	11	11316	10	11414	21	11386	19	11458	18.466	-0.064
401.4	NaN	566	NaN	657	1	-0	362	100	100	0	404	9	11312	9	11491	17	11306	16	11450	18.48	-0.63
401.5	NaN	564	NaN	673	1	-0	364	100	100	0	405	10	11294	10	11399	19	11363	18	11429	18.445	-1.198
401.6	NaN	570	NaN	711	1	-2	359	100	100	0	408	9	11325	8	11426	16	11260	16	11427	18.459	0.269
401.7	NaN	611	NaN	589	0	-3	359	0	0	0	407	-4	11226	-5	11331	-5	11197	-6	11345	18.41	-3.083
401.8	NaN	570	NaN	685	0	-1	362	0	0	0	404	-24	11069	-24	11022	-18	11015	-18	11065	18.142	-1.944
401.9	NaN	539	NaN	681	0	-0	362	0	0	0	404	-43	10724	-45	10933	-32	10621	-34	10701	17.694	-5.785
402	NaN	548	NaN	671	0	-3	358	0	0	0	405	-50	10412	-50	10363	-38	10401	-38	10367	17.134	-6.609
402.1	NaN	540	NaN	683	0	-1	358	0	0	0	405	-51	10021	-52	10216	-40	9974	-40	10116	16.514	-6.504
402.2	NaN	541	NaN	661	0	2	359	0	0	0	405	-53	9502	-53	9805	-42	9601	-42	9767	15.894	-6.27
402.3	NaN	543	NaN	659	0	2	358	0	0	0	406	-55	9089	-55	9404	-45	9087	-44	9248	15.279	-7.283
402.4	NaN	538	NaN	671	0	8	362	0	0	0	403	-56	8515	-53	9063	-47	8596	-44	8972	14.645	-7.02
402.5	NaN	545	NaN	691	0	9	360	0	0	0	405	-56	8164	-52	8753	-49	7929	-43	8661	13.923	-6.854
402.6	NaN	602	NaN	596	0	11	359	29	21	0	406	0	7993	-1	8508	-2	7980	-1	8485	13.44	-2.564
402.7	NaN	582	NaN	679	0	20	361	35	22	0	407	3	7913	6	8732	7	8027	11	8635	13.278	-1.725
402.8	NaN	586	NaN	670	0	45	360	35	21	0	408	2	7609	6	8419	5	7788	15	8616	13.203	1.413
402.9	NaN	608	NaN	591	0	63	365	31	15	0	409	-0	7262	-0	8209	-0	7391	0	8316	12.959	-5.218
403	NaN	604	NaN	595	0	62	365	31	17	0	407	0	6966	0	8111	0	7159	0	8300	12.542	-3.207
403.1	NaN	595	NaN	660	0	49	359	38	24	0	406	3	6939	14	8141	7	7075	32	8209	12.264	-2.186
403.2	NaN	562	NaN	669.6190476	0	46	359	58	45	0	407	17	7258	60	8297	37	7351	88	8345	12.269	2.816
403.3	NaN	551	NaN	668.7380952	0	46	363	63	50	0	407	18	7344	66	8347	38	7559	87	8378	12.464	0.377
403.4	NaN	587	NaN	667.8571429	0	41	361	77	64	0	407	21	7993	62	8483	48	7591	88	8512	12.688	3.669
403.5	NaN	567	NaN	666.9761905	0	30	360	97	84	0	408	25	7640	57	8620	56	8119	87	8723	12.913	0.429
403.6	NaN	543	NaN	666.0952381	0	34	361	98	89	0	404	24	9544	56	8652	53	8024	88	8628	13.381	5.487
403.7	NaN	558	NaN	665.2142857	0	14	361	100	100	0	407	31	8085	45	8908	66	9781	87	9165	13.568	3.617
403.8	NaN	554	NaN	664.3333333	0	16	364	100	100	0	406	32	8777	48	9027	69	8649	88	9091	14.114	4.691
403.9	NaN	564	NaN	663.452381	0	22	358	100	100	0	409	28	8699	49	9396	60	8779	86	9435	14.454	3.303
404	NaN	564	NaN	662.5714286	0	23	362	100	100	0	408	28	9216	49	9576	58	8880	89	9677	14.789	3.416
404.1	NaN	556	NaN	661.6904762	0	25	358	100	100	0	408	27	9258	47	9660	58	9150	88	9840	15.149	3.32
404.2	NaN	564	NaN	660.8095238	0	16	361	100	100	0	407	31	9960	42	9871	65	9439	87	9997	15.473	4.522
404.3	NaN	554	NaN	659.9285714	0	9	360	100	100	0	407	32	9594	41	10127	67	10104	83	10189	15.811	2.499
404.4	NaN	557	NaN	659.047619	0	1	360	100	96	0	407	36	9912	37	10146	73	10025	76	10283	16.219	3.486
404.5	NaN	566	NaN	658.1666667	0	-9	357	100	100	0	408	39	10256	32	10232	76	10281	66	10387	16.627	3.773
404.6	NaN	612	NaN	657.2857143	0	-25	358	100	100	0	406	44	10675	25	10287	76	10767	51	10371	16.904	2.592
404.7	NaN	584	NaN	656.4047619	0	-26	361	100	100	0	407	44	10887	25	10406	75	10953	50	10517	17.173	4.15
404.8	NaN	604	NaN	655.5238095	0	-22	361	100	100	0	407	43	11061	26	10526	75	11132	51	10711	17.418	3.11
404.9	NaN	562	NaN	654.6428571	0	-16	360	100	100	0	406	32	11073	22	10730	62	11226	44	10836	17.675	1.898
405	NaN	587	NaN	653.7619048	0	1	358	100	100	0	407	20	10926	21	10968	40	11005	41	11065	17.891	0.919
405.1	NaN	580	NaN	652.8809524	0	7	361	100	100	0	408	24	10856	26	11354	46	11020	53	11399	18.058	0.779
405.2	NaN	566	NaN	618	1	5	357	100	100	0	406	19	11027	21	11303	36	11051	40	11394	18.203	1.284
405.3	NaN	562	NaN	628	1	3	357	100	100	0	405	17	11057	19	11408	33	11155	34	11418	18.336	0.742
405.4	NaN	588	NaN	636	1	1	360	100	100	0	409	15	11157	15	11400	29	11226	29	11456	18.352	0.268
405.5	NaN	560	NaN	632	1	2	360	100	100	0	407	12	11186	13	11350	24	11211	25	11411	18.421	0.171
405.6	NaN	555	NaN	640	1	-1	362	100	100	0	406	13	11193	13	11413	24	11311	25	11445	18.427	0.747
405.7	NaN	573	NaN	640	1	-1	358	100	100	0	405	12	11271	12	11369	22	11251	22	11447	18.489	0.292
405.8	NaN	564	NaN	652	1	-3	358	100	100	0	405	11	11274	11	11461	24	11360	22	11470	18.513	-0.216
405.9	NaN	569	NaN	652	1	-8	358	100	100	0	406	9	11429	8	11280	17	11361	16	11370	18.49	0.616
406	NaN	571	NaN	661	1	-5	361	100	100	0	408	7	11435	6	11400	13	11488	12	11355	18.375	-1.422
406.1	NaN	553	NaN	633	1	-5	361	100	100	0	407	13	11273	11	11168	25	11282	23	11369	18.529	1.172
406.2	NaN	566	NaN	667	1	-1	361	100	100	0	409	8	11320	8	11477	15	11417	14	11416	18.42	-0.262
406.3	NaN	555	NaN	667	1	-1	359	100	100	0	406	11	11287	11	11332	21	11294	19	11364	18.415	0.098
406.4	NaN	557	NaN	644	1	0	361	100	100	0	407	11	11214	12	11293	23	11305	23	11431	18.477	1.924
406.5	NaN	560	NaN	669	1	-1	362	100	100	0	407	9	11317	9	11355	17	11330	17	11369	18.426	-0.407
406.6	NaN	563	NaN	665	1	-2	359	100	98	0	406	11	11262	11	11382	20	11292	20	11385	18.477	-0.353
406.7	NaN	559	NaN	677	0	-1	358	46	37	0	407	11	11263	11	11414	22	11338	22	11435	18.467	0.6
406.8	NaN	578	NaN	636	0	0	358	0	0	0	405	-16	11084	-16	11231	-12	10995	-12	11231	18.262	-2.977
406.9	NaN	549	NaN	699	0	1	360	0	0	0	406	-38	10765	-36	11014	-27	10719	-27	10997	17.873	-4.983
407	NaN	534	NaN	681	0	2	361	0	0	0	405	-51	10472	-48	10566	-38	10379	-38	10572	17.311	-5.914
407.1	NaN	544	NaN	674	0	0	390	0	0	0	469	-51	9983	-51	10300	-40	9935	-38	10133	16.732	-5.481
407.2	NaN	536	NaN	675	0	3	487	0	0	0	508	-54	9491	-53	9856	-42	9486	-42	9698	15.983	-7.822
407.3	NaN	538	NaN	665	0	1	632	0	0	0	612	-56	8899	-55	9234	-46	8860	-44	9077	15.162	-9.281
407.4	NaN	540	NaN	679	0	-2	697	0	0	0	664	-54	8401	-55	8594	-44	8254	-46	8500	14.208	-8.999
407.5	NaN	539	NaN	669	0	-13	652	0	0	0	654	-51	8018	-59	7895	-43	7984	-49	7560	13.253	-8.902
407.6	NaN	549	NaN	678	0	-23	497	0	0	0	517	-48	7612	-59	7183	-42	7622	-51	7008	12.341	-7.912
407.7	NaN	553	NaN	715	0	-46	375	7	9	0	417	-29	7457	-46	6407	-23	7462	-40	4519	11.614	-6.305
407.8	NaN	579	NaN	770	0	-64	359	10	12	0	402	-17	7179	-30	5953	-14	7318	-27	1796	11.14	-5.374
407.9	NaN	600	NaN	764	0	-65	363	20	21	0	406	-4	7046	-8	5896	-2	7083	0	876	10.66	-4.385
408	NaN	613	NaN	685	0	-26	363	47	47	0	404	40	7164	20	6115	75	7338	46	4003	10.623	1.193
408.1	NaN	591	NaN	678	0	9	359	52	41	0	408	27	6682	33	6738	62	6814	75	6932	10.943	3.646
408.2	NaN	630	NaN	602	0	33	362	38	22	0	408	5	6395	12	7122	10	6447	27	7190	11.048	-1.849
408.3	NaN	625	NaN	602	0	62	361	27	12	0	406	-2	6028	-1	6951	-2	6120	-1	7069	10.855	-3.65
408.4	NaN	621	NaN	600	0	64	363	33	20	0	406	0	5830	0	6991	1	5780	0	7027	10.526	-3.909
408.5	NaN	602	NaN	596	0	62	359	83	71	0	407	9	5868	58	7316	22	5942	86	7279	10.553	2.442
408.6	NaN	564	NaN	590	0	61	362	87	75	0	405	11	6046	62	7360	24	6114	85	7386	10.703	0.57
408.7	NaN	571	NaN	591	0	59	363	88	76	0	405	12	6429	65	7447	26	6336	85	7473	10.901	2.813
408.8	NaN	546	NaN	592	0	47	360	100	100	0	404	17	6577	64	7595	41	6547	84	7615	11.069	3.766
408.9	NaN	555	NaN	588	0	44	360	100	100	0	408	20	6648	67	7682	45	6851	85	7709	11.341	2.775
409	NaN	542	NaN	615	0	40	363	100	100	0	408	22	6999	65	7823	50	6884	86	7821	11.641	2.82
409.1	NaN	608	NaN	575	0	38	362	100	100	0	408	22	8877	62	8013	50	7102	86	7942	11.96	4.305
409.2	NaN	562	NaN	600	0	25	361	100	100	0	407	29	7411	55	8132	67	7634	87	8198	12.327	3.752
409.3	NaN	566	NaN	603	0	13	362	100	100	0	405	35	8116	49	8216	73	7860	88	8277	12.811	3.973
409.4	NaN	562	NaN	590	0	24	361	100	100	0	408	29	7970	53	8632	64	8126	86	8558	13.301	3.887
409.5	NaN	581	NaN	582	0	19	360	100	100	0	407	28	8025	47	8928	63	9802	86	9089	13.487	4.155
409.6	NaN	566	NaN	597	0	26	359	100	100	0	408	27	9893	51	9068	58	8428	85	9087	14.027	3.646
409.7	NaN	567	NaN	592	0	21	364	100	100	0	410	27	8491	47	9356	60	10115	87	9634	14.272	0.031
409.8	NaN	594	NaN	574	0	18	358	100	100	0	404	32	10194	46	9389	66	8954	87	9459	14.74	5.238
409.9	NaN	574	NaN	584	0	14	359	100	100	0	408	31	9072	44	9705	66	9391	85	9817	15.117	3.461
410	NaN	566	NaN	573	0	14	359	100	100	0	407	31	9477	43	9816	66	9481	85	9967	15.484	5.223
410.1	NaN	563	NaN	569	0	14	360	100	100	0	407	31	9712	42	10107	64	9674	86	10194	15.852	3.285
410.2	NaN	578	NaN	567	0	12	361	100	100	0	407	31	9825	41	10489	64	9885	82	10466	16.2	1.996
410.3	NaN	571	NaN	569	0	11	358	100	100	0	407	32	10287	40	10469	63	10160	80	10629	16.574	4.389
410.4	NaN	612	NaN	567	0	6	357	100	100	0	407	33	10308	39	10720	65	10449	75	10902	16.907	3.133
410.5	NaN	579	NaN	575	0	4	362	100	100	0	406	32	10581	36	10888	64	10581	69	10950	17.282	3.665
410.6	NaN	568	NaN	597	0	-0	359	100	100	0	408	28	10771	28	10910	56	10873	54	11067	17.612	2.551
410.7	NaN	575	NaN	620	1	-2	361	100	100	0	407	22	10932	21	11069	42	10980	41	11131	17.817	2.328
410.8	NaN	574	NaN	615	1	-2	362	100	100	0	404	22	11006	20	11110	42	11102	38	11157	17.987	0.153
410.9	NaN	583	NaN	672	1	-5	359	100	99	0	405	17	11117	16	11121	32	11188	30	11234	18.094	1.843
411	NaN	588	NaN	624	0	-4	358	34	24	0	407	17	11081	15	11229	32	11129	30	11218	18.229	-0.029
411.1	NaN	579	NaN	589.6818182	0	-2	363	0	0	0	407	-18	11001	-18	10928	-13	11052	-13	10962	17.979	-3.248
411.2	NaN	561	NaN	592.3636364	0	-2	365	0	0	0	404	-38	10631	-38	10729	-28	10608	-30	10691	17.652	-5.081
411.3	NaN	545	NaN	595.0454545	0	-6	458	0	0	0	524	-49	10341	-53	10217	-37	10182	-39	10196	17.068	-7.176
411.4	NaN	555	NaN	597.7272727	0	-3	706	0	0	0	678	-54	9729	-56	9542	-42	9825	-43	8890	16.235	-8.947
411.5	NaN	557	NaN	600.4090909	0	0	781	0	0	0	743	-56	9013	-56	9127	-45	8977	-44	8622	15.225	-9.693
411.6	NaN	562	NaN	603.0909091	0	2	843	0	0	0	785	-55	8270	-53	8529	-44	7961	-44	8182	14.196	-12.415
411.7	NaN	576	NaN	605.7727273	0	5	956	0	0	0	895	-55	6789	-54	7887	-46	6341	-45	7799	13.084	-9.487
411.8	NaN	579	NaN	608.4545455	0	13	997	0	0	0	902	-57	6374	-50	7282	-51	3482	-43	6956	11.872	-13.367
411.9	NaN	584	NaN	611.1363636	0	30	789	0	0	0	712	-52	5109	-45	6668	-31	2028	-40	6622	10.757	-9.981
412	NaN	589	NaN	613.8181818	0	45	372	0	0	0	402	-23	4900	-41	6128	-1	1738	-38	6433	10	-5.074
412.1	NaN	667	NaN	618	0	51	361	29	18	0	405	0	5026	0	6292	0	2377	1	6339	9.413	-2.333
412.2	NaN	706	NaN	632	0	52	361	48	37	0	406	6	4988	32	6352	16	5074	81	6455	9.065	0.439
412.3	NaN	609	NaN	615	0	58	361	50	40	0	405	7	5149	48	6372	17	5375	84	6410	9.26	1.017
412.4	NaN	594	NaN	587	0	58	361	50	40	0	406	6	5231	48	6431	15	5331	87	6450	9.392	1.701
412.5	NaN	610	NaN	608	0	57	365	47	32	0	405	5	5241	35	6555	12	5291	84	6637	9.491	1.973
412.6	NaN	646	NaN	606.3545455	0	53	360	41	26	0	408	3	5243	19	6504	8	5268	46	6561	9.571	0.418
412.7	NaN	634	NaN	604.4818182	0	7	359	40	31	0	406	12	5584	16	6291	29	5637	40	6489	9.609	1.241
412.8	NaN	643	NaN	602.6090909	0	-15	358	41	34	0	407	20	6064	14	5977	49	6077	33	6085	9.852	2.908
412.9	NaN	622	NaN	600.7363636	0	-39	362	48	45	0	404	41	6457	15	5926	73	6502	37	5994	10.028	1.601
413	NaN	618	NaN	598.8636364	0	-55	360	89	90	0	406	79	7163	13	6011	73	6889	34	6095	10.253	3.666
413.1	NaN	627	NaN	596.9909091	0	-74	359	95	93	0	404	85	7372	2	5781	73	7067	5	5914	10.463	0.967
413.2	NaN	617	NaN	595.1181818	0	-67	361	100	100	0	404	80	7409	6	5884	73	7387	16	5978	10.555	-0.485
413.3	NaN	617	NaN	593.2454545	0	-58	360	100	100	0	404	78	7553	10	6050	73	7434	22	6241	10.784	2.448
413.4	NaN	620	NaN	591.3727273	0	-45	360	100	100	0	403	70	7633	18	6312	74	7769	41	7925	10.943	2.539
413.5	NaN	617	NaN	615	0	-34	361	100	100	0	405	63	7497	23	7314	73	7530	54	8779	11.156	2.668
413.6	NaN	618	NaN	606	0	-27	361	100	100	0	406	51	7648	27	6717	74	7839	60	9736	11.43	5.289
413.7	NaN	625	NaN	588	0	-20	357	100	100	0	404	48	7537	30	6989	72	7684	67	11122	11.797	6.254
413.8	NaN	614	NaN	588	0	-19	358	100	100	0	406	47	7670	30	7386	72	7738	64	11445	12.136	3.74
413.9	NaN	614	NaN	599	0	-20	361	100	100	0	406	51	8039	31	7695	73	7909	68	8816	12.634	6.697
414	NaN	619	NaN	604	0	-25	362	100	100	0	407	54	8340	28	7853	73	8401	63	8113	13.044	2.147
414.1	NaN	609	NaN	603	0	-23	361	100	100	0	404	51	8628	30	8121	73	8681	64	8251	13.462	5.415
414.2	NaN	614	NaN	602	0	-21	358	100	100	0	406	49	8767	30	8312	73	8921	65	8599	13.856	3.518
414.3	NaN	612	NaN	584	0	-11	358	100	100	0	404	44	8977	35	8719	73	9034	74	8857	14.234	4.575
414.4	NaN	612	NaN	586	0	-8	357	100	100	0	409	41	9126	36	9103	73	9230	75	9131	14.707	5.28
414.5	NaN	616	NaN	591	0	-5	359	100	100	0	407	41	9364	35	9343	73	9378	74	9412	15.118	5.522
414.6	NaN	608	NaN	585	1	1	357	100	100	0	406	38	9606	37	9596	73	9638	76	9697	15.522	4.728
414.7	NaN	602	NaN	576	1	2	356	100	100	0	407	36	9695	38	9838	73	9889	79	10032	15.929	3.892
414.8	NaN	609	NaN	579	1	2	358	100	100	0	407	36	9980	36	10194	72	10047	74	10271	16.358	4.664
414.9	NaN	614	NaN	579	1	-4	357	100	100	0	407	37	10275	35	10413	71	10298	70	10495	16.764	3.814
415	NaN	599	NaN	580	1	-4	359	100	100	0	407	35	10547	34	10583	71	10655	66	10821	17.084	2.472
415.1	NaN	589	NaN	586	1	0	362	100	100	0	408	32	10646	33	10845	65	10810	64	10965	17.496	3.203
415.2	NaN	612	NaN	605	1	2	363	100	97	0	409	25	10836	26	11019	49	10886	51	11084	17.79	2.785
415.3	NaN	647	NaN	593.1428571	0	3	363	17	4	0	406	-4	10774	-4	11036	-8	10802	-9	11041	17.921	-3.776
415.4	NaN	604	NaN	596.7857143	0	1	363	16	4	0	404	-22	10536	-22	10929	-17	10520	-17	10850	17.699	-1.767
415.5	NaN	597	NaN	600.4285714	0	1	363	16	4	0	404	-29	10399	-29	10613	-22	10344	-22	10660	17.314	-4.208
415.6	NaN	597	NaN	604.0714286	0	1	360	15	3	0	404	-30	10112	-29	10432	-23	10150	-22	10381	16.942	-4.593
415.7	NaN	581	NaN	607.7142857	0	6	360	3	0	0	403	-49	9701	-45	10190	-39	9624	-36	10151	16.474	-5.604
415.8	NaN	588	NaN	611.3571429	0	6	361	13	4	0	404	-33	9382	-33	9800	-26	9401	-25	9861	15.902	-1.944
415.9	NaN	641	NaN	613	0	9	362	24	15	0	407	-9	9285	-9	9679	-7	9246	-6	9636	15.549	-1.821
416	NaN	614	NaN	658	0	19	360	39	29	0	408	9	9142	13	9788	20	9279	29	9815	15.459	0.137
416.1	NaN	604	NaN	684	0	18	359	38	24	0	407	10	9174	15	9866	19	9268	30	9918	15.492	0.626
416.2	NaN	654	NaN	615	0	27	364	29	16	0	408	-0	8791	-0	9641	-0	8900	-0	9770	15.359	-1.021
416.3	NaN	650	NaN	615	0	32	364	27	13	0	406	-0	8723	-0	9787	-1	8625	-0	9731	15.091	-3.818
416.4	NaN	621	NaN	590	0	39	362	16	2	0	406	-16	8198	-12	9283	-12	8327	-9	9555	14.854	-2.813
416.5	NaN	600	NaN	659	0	27	359	18	7	0	406	-28	7597	-20	9214	-23	6214	-17	9147	14.331	-4.848
416.6	NaN	647	NaN	608	0	17	358	22	13	0	405	-9	7072	-7	8838	-7	7839	-6	9013	13.933	-0.325
416.7	NaN	648	NaN	610	0	20	363	22	12	0	406	-8	7712	-7	8655	-7	7652	-6	8651	13.577	-3.31
416.8	NaN	658	NaN	614	0	31	358	26	16	0	408	-1	6638	-0	8349	-0	7574	-1	8472	13.314	-3.061
416.9	NaN	649	NaN	612	0	43	362	28	18	0	406	0	7053	0	8095	0	7501	0	8286	13.052	-3.931
417	NaN	605	NaN	667	0	20	360	38	28	0	408	10	7551	15	8313	21	7797	34	8481	12.853	0.907
417.1	NaN	656	NaN	617	0	32	360	31	19	0	406	-0	7221	-0	8122	-0	7269	-0	8237	12.763	-1.001
417.2	NaN	648	NaN	616	0	39	362	29	16	0	406	-0	7065	-0	8063	-0	7152	-0	8113	12.564	-0.625
417.3	NaN	655	NaN	617	0	46	360	28	14	0	407	-0	6940	-0	8004	-0	6916	-0	7971	12.318	-5.176
417.4	NaN	650	NaN	615	0	52	362	27	15	0	406	-0	6631	-0	7731	-0	6820	0	7880	12.084	-1.78
417.5	NaN	652	NaN	615	0	46	361	28	18	0	410	-0	6547	-0	7646	0	6416	-0	7694	11.797	-2.326
417.6	NaN	658	NaN	614	0	46	361	29	20	0	407	0	6275	0	7457	0	6430	0	7546	11.561	-1.258
417.7	NaN	607	NaN	673	0	47	361	38	29	0	404	5	6356	19	7443	11	6456	44	7563	11.392	1.042
417.8	NaN	608	NaN	608	0	48	358	43	33	0	403	7	6356	29	7473	17	6483	68	7605	11.337	0.976
417.9	NaN	614	NaN	610	0	50	357	43	33	0	405	7	6383	30	7489	16	6468	69	7627	11.411	0.661
418	NaN	631	NaN	607	0	50	359	43	33	0	407	6	6415	30	7512	16	6523	67	7678	11.437	0.452
418.1	NaN	581	NaN	584	0	50	362	67	57	0	406	17	6662	73	7799	39	6800	85	7792	11.5	3.179
418.2	NaN	571	NaN	583	0	46	359	100	100	0	408	18	7311	68	7797	41	7472	85	7866	11.746	3.127
418.3	NaN	576	NaN	562	0	37	361	100	100	0	407	22	7262	63	7909	52	7346	85	8010	12.039	3.185
418.4	NaN	565	NaN	563	0	32	362	100	100	0	406	27	7859	61	8022	59	7489	85	8090	12.398	3.928
418.5	NaN	576	NaN	581	0	21	363	100	100	0	407	32	7613	54	8239	69	7676	85	8341	12.759	3.955
418.6	NaN	614	NaN	570	0	10	364	100	100	0	408	37	8076	47	8386	71	8016	86	8452	13.197	5.197
418.7	NaN	587	NaN	579	0	10	362	100	100	0	409	37	8284	46	8662	71	8299	86	8717	13.622	4.617
418.8	NaN	591	NaN	578	0	8	357	100	100	0	407	35	8671	44	8894	71	8564	86	8951	14.039	5.48
418.9	NaN	589	NaN	577	0	6	360	100	100	0	409	38	8829	41	9066	71	8861	85	9185	14.454	4.751
419	NaN	589	NaN	577	0	5	362	100	100	0	408	38	9066	40	9235	71	9135	85	9366	14.874	4.417
419.1	NaN	591	NaN	572	1	3	361	100	100	0	408	37	9316	39	9450	71	9396	81	9603	15.228	3.568
419.2	NaN	591	NaN	575	1	2	359	100	100	0	408	36	9532	39	9701	71	9560	80	9798	15.617	3.892
419.3	NaN	595	NaN	584	1	2	360	100	100	0	407	37	9815	37	9980	71	9881	76	10046	15.967	3.091
419.4	NaN	592	NaN	581	1	2	361	100	100	0	405	36	10020	37	10148	71	10095	75	10251	16.298	2.67
419.5	NaN	583	NaN	577	1	2	360	100	100	0	407	35	10180	37	10323	71	10275	74	10513	16.671	3.421
419.6	NaN	576	NaN	596	1	4	358	100	100	0	408	34	10448	36	10639	68	10514	72	10709	17.056	3.762
419.7	NaN	597	NaN	590	1	2	359	100	100	0	405	31	10662	31	10785	60	10730	62	10918	17.376	2.323
419.8	NaN	590	NaN	600	1	0	360	100	100	0	406	27	10745	29	10961	53	10797	56	11055	17.665	1.943
419.9	NaN	616	NaN	621	1	-0	359	100	100	0	407	23	10946	24	11226	44	11040	46	11132	17.911	1.223
420	NaN	610	NaN	640	1	-2	358	100	100	0	406	17	11014	17	11087	33	11089	32	11206	18.01	0.822
420.1	NaN	608	NaN	627	1	-1	360	100	100	0	406	19	11029	19	11249	36	11163	37	11241	18.183	1.448
420.2	NaN	601	NaN	656	1	-1	356	100	100	0	407	14	11197	14	11126	26	11256	26	11271	18.209	0.534
420.3	NaN	593	NaN	652	1	0	360	100	100	0	408	16	11143	15	11356	30	11174	30	11345	18.286	0.097
420.4	NaN	596	NaN	648	1	1	360	100	100	0	405	13	11232	14	11249	25	11307	25	11361	18.325	0.514
420.5	NaN	601	NaN	636	1	-0	360	100	100	0	405	12	11189	12	11345	25	11192	25	11393	18.354	-0.493
420.6	NaN	605	NaN	650	1	-2	357	100	100	0	404	14	11257	13	11350	26	11297	27	11349	18.387	-0.893
420.7	NaN	597	NaN	658	1	-0	362	100	100	0	407	10	11202	11	11322	20	11225	19	11373	18.388	1.83
420.8	NaN	594	NaN	684	1	-2	362	100	100	0	404	13	11244	12	11361	25	11345	24	11395	18.39	0.696
420.9	NaN	603	NaN	651	1	-4	362	100	100	0	404	12	11270	11	11256	23	11329	20	11331	18.414	1.131
421	NaN	600	NaN	675	1	-5	360	100	100	0	404	11	11273	9	11338	20	11308	17	11333	18.39	-0.041
421.1	NaN	602	NaN	656	1	-6	360	100	100	0	403	11	11381	10	11243	23	11361	20	11307	18.373	0.215
421.2	NaN	603	NaN	665	1	-5	358	100	100	0	407	11	11232	11	11370	22	11268	20	11356	18.411	0.445
421.3	NaN	592	NaN	679	1	-2	361	100	100	0	404	11	11311	12	11217	21	11352	21	11359	18.42	1.215
421.4	NaN	599	NaN	644	1	-5	356	100	100	0	407	11	11234	10	11412	22	11275	20	11414	18.416	0.676
421.5	NaN	599	NaN	671	1	-1	361	100	100	0	403	11	11375	9	11272	19	11369	19	11314	18.405	-1.911
421.6	NaN	589	NaN	654	1	-2	361	100	100	0	407	11	11243	11	11334	21	11273	22	11406	18.44	-0.097
421.7	NaN	599	NaN	661	1	4	358	100	100	0	404	13	11249	13	11362	24	11317	24	11422	18.451	0.272
421.8	NaN	602	NaN	642	0	11	360	100	100	0	407	12	11105	14	11587	23	11130	29	11664	18.425	-0.077
421.9	NaN	598	NaN	617	0	18	359	100	100	0	406	16	11048	22	11680	31	11345	40	11797	18.509	0.703
422	NaN	595	NaN	611	0	15	363	100	100	0	408	15	11028	21	11825	29	11141	42	11909	18.511	1.225
422.1	NaN	596	NaN	645	0	3	361	100	100	0	405	17	11097	18	11696	31	11247	34	11750	18.55	0.231
422.2	NaN	611	NaN	693	0	-6	360	100	100	0	406	9	11401	8	11381	15	11458	13	11464	18.548	-0.752
422.3	NaN	602	NaN	683	1	-9	361	100	100	0	405	11	11382	8	11278	19	11401	15	11297	18.513	-0.414
422.4	NaN	590	NaN	657	0	-7	362	91	86	0	404	12	11469	10	11233	25	11515	21	11328	18.452	-0.112
422.5	NaN	603	NaN	715	0	-8	358	49	42	0	406	10	11360	9	11293	19	11374	16	11286	18.416	-1.69
422.6	NaN	607	NaN	674	0	-10	359	0	0	0	406	-16	11141	-19	10923	-12	11263	-14	11031	18.181	-2.335
422.7	NaN	582	NaN	680	0	-9	363	0	0	0	404	-35	10914	-39	10710	-28	10824	-29	10459	17.737	-5.33
422.8	NaN	573	NaN	672	0	-13	410	0	0	0	457	-48	10469	-53	10269	-36	10464	-40	10111	17.152	-6.39
422.9	NaN	564	NaN	693	0	-12	599	0	0	0	600	-49	9978	-55	9664	-38	10051	-43	9590	16.275	-7.782
423	NaN	567	NaN	688	0	-13	659	0	0	0	616	-52	9366	-60	9129	-42	9307	-47	8194	15.408	-8.988
423.1	NaN	567	NaN	680	0	-9	618	0	0	0	603	-52	8808	-57	8450	-44	8828	-48	8219	14.448	-8.496
423.2	NaN	568	NaN	696	0	-12	604	0	0	0	591	-50	8199	-57	7972	-42	8219	-48	7255	13.556	-7.386
423.3	NaN	571	NaN	694	0	-14	611	0	0	0	599	-50	7664	-58	7329	-43	7731	-49	6971	12.649	-7.676
423.4	NaN	573	NaN	708	0	-27	574	0	0	0	563	-46	7264	-61	6553	-41	7309	-53	4050	11.775	-8.378
423.5	NaN	643	NaN	796	0	-46	363	19	16	0	400	-6	7180	-8	6231	-5	7232	-8	2457	11.141	-2.623
423.6	NaN	640	NaN	590	0	-60	362	34	33	0	402	14	7138	2	5967	33	7237	4	5528	10.753	-1.495
423.7	NaN	627	NaN	601	0	-66	364	37	37	0	403	31	7296	2	5892	72	7380	5	5961	10.669	-0.044
423.8	NaN	629	NaN	575	0	-71	359	40	37	0	404	35	7116	2	5777	71	7308	6	5992	10.661	-1.624
423.9	NaN	609	NaN	706	0	-66	363	73	70	0	406	56	7338	4	5768	71	7371	11	6018	10.63	3.364
424	NaN	629	NaN	649	0	-52	356	84	84	0	404	60	7387	14	5953	71	7435	34	7293	10.651	2.038
424.1	NaN	626	NaN	625	0	-28	362	93	92	0	407	61	7320	27	6389	71	7480	64	7557	10.87	4.773
424.2	NaN	627	NaN	602	0	-22	359	100	97	0	403	55	7374	30	6574	71	7477	70	8900	11.17	3.257
424.3	NaN	616	NaN	601	0	-18	359	100	100	0	406	49	7453	33	7235	71	7532	77	9302	11.553	7.261
424.4	NaN	614	NaN	594	0	-10	362	100	100	0	406	51	7525	38	7580	71	7562	85	7532	12.103	5.428
424.5	NaN	600	NaN	593	0	-8	364	100	100	0	406	49	7864	39	7769	71	7863	84	7839	12.598	3.779
424.6	NaN	616	NaN	584	0	-10	358	100	100	0	406	46	8168	38	8095	71	8165	82	8149	13.083	5.537
424.7	NaN	617	NaN	596	0	-13	359	100	100	0	407	46	8442	34	8337	71	8487	75	8404	13.547	4.385
424.8	NaN	614	NaN	607	0	-13	358	82	74	0	407	46	8714	34	8631	69	8686	74	8678	13.985	4.271
424.9	NaN	645	NaN	609	0	-12	361	0	0	0	407	-8	8813	-9	8483	-7	8618	-8	8450	14.032	-3.998
425	NaN	605	NaN	608.6	0	-15	360	0	0	0	404	-27	8502	-30	8182	-22	8502	-26	8301	13.715	-1.461
425.1	NaN	590	NaN	609.2	0	-25	362	0	0	0	406	-42	8216	-51	7787	-37	8040	-45	7524	13.249	-7.796
425.2	NaN	567	NaN	609.8	0	-47	360	0	0	0	402	-43	7816	-64	6823	-37	7979	-56	5050	12.558	-6.417
425.3	NaN	647	NaN	610.4	0	-55	359	54	52	0	404	69	8422	13	7051	71	8304	30	4658	12.284	-0.242
425.4	NaN	614	NaN	625	0	-51	358	49	52	0	403	57	8252	12	6958	68	8326	27	7868	12.219	1.313
425.5	NaN	613	NaN	661	0	-52	359	50	43	0	405	57	8451	12	7260	69	8380	31	8682	12.316	7.601
425.6	NaN	622	NaN	672	0	-53	358	44	40	0	403	32	7841	6	6775	74	8155	10	6951	12.184	-0.029
425.7	NaN	619	NaN	626	0	-36	358	49	50	0	404	52	8209	19	7293	68	8368	45	9190	12.133	5.386
425.8	NaN	631	NaN	664	0	-42	363	46	40	0	404	34	7921	11	7104	69	8103	24	7649	12.31	0.1
425.9	NaN	603	NaN	595	0	-19	360	53	49	0	405	51	8186	29	7398	69	8323	66	9417	12.414	4.951
426	NaN	661	NaN	617	0	-62	357	26	16	0	406	0	7504	0	7031	0	7761	0	7293	12.504	-3.662
426.1	NaN	644	NaN	599	0	-63	360	30	27	0	405	9	7895	1	6876	19	7952	2	6970	12.131	-3.667
426.2	NaN	642	NaN	587	0	-62	363	33	28	0	402	12	7740	1	6673	28	7856	4	6817	11.987	-0.028
426.3	NaN	619	NaN	686	0	-61	358	43	44	0	405	45	7998	6	6686	68	8064	13	6996	11.872	-0.589
426.4	NaN	629	NaN	677	0	-55	360	55	53	0	403	71	8242	12	6877	68	8082	26	7248	11.964	3.114
426.5	NaN	611	NaN	599	0	-30	359	67	64	0	404	56	8064	26	7139	69	8151	56	8851	12.103	2.876
426.6	NaN	596	NaN	595	0	5	361	63	52	0	409	39	7921	45	7830	68	8030	83	7858	12.518	6.773
426.7	NaN	624	NaN	575	0	14	357	61	52	0	409	35	7794	49	8390	69	7852	84	8399	13.033	5.298
426.8	NaN	590	NaN	605	0	25	360	61	52	0	411	30	8126	52	8709	64	8116	84	8694	13.381	4.421
426.9	NaN	613	NaN	624	0	48	363	40	27	0	410	8	8218	22	8739	14	8019	48	8829	13.734	1.29
427	NaN	654	NaN	660	0	48	362	45	35	0	407	4	7709	16	8760	9	7779	35	8879	13.528	-1.949
427.1	NaN	604	NaN	595	0	48	363	45	33	0	409	9	7764	31	8780	19	7824	69	9000	13.562	1.667
427.2	NaN	603	NaN	574	0	47	362	52	43	0	408	15	7992	51	8945	31	8027	83	9127	13.594	1.659
427.3	NaN	586	NaN	575	0	39	362	68	60	0	408	20	8692	57	8980	46	8266	83	9135	13.744	2.752
427.4	NaN	603	NaN	582	0	-6	360	80	72	0	409	42	8827	36	8942	69	8587	79	9120	14.084	4.697
427.5	NaN	601	NaN	585	0	-17	361	79	76	0	406	46	9052	32	8875	69	9095	67	8948	14.503	3.624
427.6	NaN	625	NaN	609	0	-23	359	80	79	0	407	48	9376	28	8952	68	9438	59	9048	14.798	2.897
427.7	NaN	609	NaN	605	0	-24	361	85	88	0	406	47	9582	27	9126	69	9643	56	9267	15.125	3.074
427.8	NaN	612	NaN	595	0	-25	359	94	96	0	404	48	9833	26	9257	69	9798	54	9433	15.424	3.282
427.9	NaN	606	NaN	605	0	-25	359	100	100	0	406	47	9956	27	9486	69	10015	56	9658	15.739	2.992
428	NaN	622	NaN	596	0	-20	358	100	100	0	406	44	10214	28	9748	69	10241	58	9837	16.046	3.76
428.1	NaN	610	NaN	601	0	-16	359	100	100	0	404	42	10282	30	9971	69	10370	61	10084	16.379	3.56
428.2	NaN	609	NaN	587	0	-12	359	100	100	0	406	40	10398	31	10178	68	10459	62	10338	16.733	3.306
428.3	NaN	594	NaN	590	0	-1	359	100	100	0	408	36	10503	35	10589	68	10624	70	10668	17.08	3.668
428.4	NaN	587	NaN	600	0	-0	363	100	100	0	407	31	10670	31	10812	63	10735	61	10896	17.426	2.98
428.5	NaN	595	NaN	606	1	-1	361	100	100	0	407	26	10804	25	10885	50	10904	50	11061	17.706	3.227
428.6	NaN	603	NaN	629	1	-2	362	100	100	0	405	24	10940	22	11122	46	11047	42	11166	17.914	1.512
428.7	NaN	628	NaN	631	1	-3	359	100	100	0	407	19	11058	18	11089	38	11078	35	11182	18.095	1.362
428.8	NaN	621	NaN	630	1	-1	362	100	100	0	404	18	11091	17	11250	34	11195	32	11281	18.219	1.687
428.9	NaN	601	NaN	656	1	-1	362	100	100	0	406	15	11174	14	11264	30	11164	27	11318	18.291	1.048
429	NaN	596	NaN	652	1	-0	362	100	100	0	405	13	11152	13	11323	26	11244	27	11392	18.366	0.759
429.1	NaN	606	NaN	648	1	-2	358	100	100	0	407	14	11203	13	11376	27	11247	26	11419	18.441	1.173
429.2	NaN	598	NaN	664	1	-1	362	100	100	0	408	11	11223	11	11357	21	11297	20	11430	18.45	1.214
429.3	NaN	605	NaN	665	1	-4	357	100	100	0	406	11	11256	10	11458	23	11296	19	11442	18.474	-0.72
429.4	NaN	606	NaN	674	1	-4	358	100	100	0	407	10	11282	10	11302	20	11313	19	11415	18.533	0.671
429.5	NaN	615	NaN	656	1	-4	360	100	100	0	405	9	11286	8	11425	18	11365	16	11449	18.51	-0.252
429.6	NaN	609	NaN	673	1	-5	359	100	100	0	404	11	11359	10	11346	20	11318	18	11419	18.526	0.504
429.7	NaN	608	NaN	648	1	-4	360	100	100	0	407	10	11295	9	11447	18	11363	18	11451	18.541	-0.21
429.8	NaN	604	NaN	682	1	-5	359	100	100	0	407	9	11316	9	11359	18	11333	17	11482	18.527	1.015
429.9	NaN	612	NaN	669	1	-1	359	100	100	0	407	8	11297	8	11482	16	11361	15	11458	18.547	-0.065
430	NaN	612	NaN	682	1	-1	358	100	100	0	406	11	11322	11	11405	21	11311	20	11464	18.565	0.501
430.1	NaN	610	NaN	712	1	-3	360	100	100	0	407	8	11295	8	11515	16	11368	14	11517	18.564	0.319
430.2	NaN	610	NaN	656	1	-1	361	100	100	0	405	11	11311	10	11458	20	11309	19	11483	18.564	0.416
430.3	NaN	611	NaN	681	1	-4	363	100	100	0	408	8	11297	7	11494	15	11377	14	11487	18.584	-0.286
430.4	NaN	604	NaN	669	1	-2	360	100	100	0	407	9	11337	9	11448	18	11365	17	11495	18.571	-0.542
430.5	NaN	609	NaN	661	1	-2	361	100	100	0	405	7	11353	8	11460	15	11365	14	11488	18.583	0.372
430.6	NaN	606	NaN	677	1	-4	360	100	100	0	405	9	11349	8	11434	18	11386	16	11474	18.571	-0.634
430.7	NaN	611	NaN	679	1	-3	360	100	100	0	406	8	11374	8	11481	16	11361	16	11491	18.567	0.3
430.8	NaN	607	NaN	648	1	1	359	100	100	0	406	10	11272	10	11516	20	11346	20	11546	18.571	-0.656
430.9	NaN	608	NaN	665	1	1	359	100	100	0	406	10	11304	10	11513	19	11314	19	11589	18.583	0.444
431	NaN	602	NaN	653	1	1	364	100	100	0	406	10	11267	10	11574	19	11355	19	11566	18.586	-0.708
431.1	NaN	605	NaN	667	1	1	360	100	100	0	406	10	11313	10	11504	19	11319	20	11591	18.613	0.646
431.2	NaN	611	NaN	692	1	-2	359	100	100	0	406	9	11317	8	11547	17	11379	17	11540	18.605	-0.924
431.3	NaN	611	NaN	680	1	-7	359	100	100	0	407	8	11366	7	11415	15	11343	13	11498	18.594	0.432
431.4	NaN	621	NaN	648	1	-6	363	100	100	0	404	6	11369	5	11450	12	11411	11	11419	18.579	-0.203
431.5	NaN	607	NaN	647	0	-9	360	100	100	0	408	10	11393	8	11303	20	11419	18	11379	18.553	0.952
431.6	NaN	619	NaN	644	0	-9	359	100	100	0	407	8	11444	6	11396	14	11472	11	11338	18.539	-0.601
431.7	NaN	616	NaN	655	0	-9	360	100	100	0	405	8	11409	8	11294	17	11457	14	11356	18.516	-0.705
431.8	NaN	609	NaN	682	0	-11	357	100	100	0	403	11	11489	9	11396	22	11473	17	11365	18.539	-0.943
431.9	NaN	609	NaN	662	0	-11	358	100	100	0	406	9	11449	7	11275	17	11463	14	11353	18.547	0.49
432	NaN	595	NaN	683	0	-10	357	100	100	0	408	13	11505	10	11325	25	11552	18	11370	18.535	0.72
432.1	NaN	614	NaN	663	0	-11	358	100	100	0	405	9	11412	8	11273	17	11464	14	11332	18.516	-0.678
432.2	NaN	594	NaN	655	0	-7	361	100	100	0	406	12	11432	11	11294	24	11491	21	11391	18.512	1.281
432.3	NaN	617	NaN	679	0	-10	356	100	100	0	405	9	11366	8	11314	16	11398	14	11320	18.498	-0.987
432.4	NaN	601	NaN	659	0	-5	358	100	100	0	406	10	11382	10	11282	22	11416	19	11388	18.472	0.745
432.5	NaN	609	NaN	682	1	-5	357	100	100	0	408	10	11298	9	11366	17	11367	16	11357	18.464	-2.066
432.6	NaN	609	NaN	669	1	-5	363	100	100	0	407	11	11322	11	11298	22	11349	20	11403	18.458	0.877
432.7	NaN	602	NaN	661	1	-1	361	100	100	0	405	11	11265	9	11416	20	11342	19	11433	18.467	-0.601
432.8	NaN	602	NaN	656	1	-1	358	100	100	0	407	12	11240	11	11376	23	11269	23	11474	18.477	1.503
432.9	NaN	596	NaN	659	1	-2	361	100	100	0	407	11	11221	11	11495	20	11326	20	11485	18.513	0.29
433	NaN	601	NaN	688	1	-1	359	100	100	0	410	11	11248	11	11443	21	11280	20	11531	18.515	0.698
433.1	NaN	604	NaN	690	1	-1	355	100	100	0	408	11	11287	11	11504	21	11344	20	11507	18.579	1.481
433.2	NaN	650	NaN	606	0	-4	360	12	5	0	406	-1	11246	-0	11431	0	11262	-2	11413	18.535	-1.713
433.3	NaN	600	NaN	673	0	-2	362	0	0	0	404	-22	11152	-22	11259	-15	11101	-17	11193	18.317	-3.165
433.4	NaN	572	NaN	714	0	-3	370	0	0	0	410	-41	10840	-43	10945	-30	10881	-32	10887	17.901	-6.013
433.5	NaN	565	NaN	681	0	-3	411	0	0	0	454	-49	10420	-50	10479	-37	10483	-39	10526	17.316	-4.966
433.6	NaN	566	NaN	704	0	-1	420	0	0	0	448	-52	10133	-53	10057	-40	10056	-41	9941	16.726	-6.432
433.7	NaN	571	NaN	674	0	-3	424	0	0	0	455	-53	9730	-54	9810	-42	9616	-43	9489	16.04	-8.059
433.8	NaN	570	NaN	667	0	0	453	0	0	0	487	-55	9083	-55	9373	-44	9276	-44	9389	15.321	-6.38
433.9	NaN	573	NaN	692	0	1	548	0	0	0	576	-56	8571	-54	8894	-46	8549	-45	8746	14.561	-8.824
434	NaN	567	NaN	691	0	11	654	0	0	0	638	-45	5791	-52	7244	-49	7589	-44	8353	13.801	-0.602
434.1	NaN	574	NaN	687	0	18	468	0	0	0	448	-58	7367	-48	8178	-45	2104	-42	8011	12.797	-7.236
434.2	NaN	588	NaN	725	0	43	370	0	0	0	413	-16	5053	-43	7668	-57	6341	-37	7815	12.103	-3.693
434.3	NaN	587	NaN	701	0	60	360	0	0	0	403	-51	5815	-37	7287	-49	2049	-33	7366	11.444	-6.264
434.4	NaN	633	NaN	628	0	59	363	33	22	0	405	1	5301	4	7239	1	981	9	7409	10.868	-2.525
434.5	NaN	623	NaN	700	0	59	363	33	22	0	407	1	5592	5	6968	2	4438	12	7184	10.464	-2.063
434.6	NaN	619	NaN	615	0	57	363	48	37	0	406	5	5533	42	7043	14	5680	79	7403	10.208	0.023
434.7	NaN	624	NaN	599	0	59	359	50	41	0	407	7	5731	47	6954	15	5920	79	7259	10.181	2.2
434.8	NaN	606	NaN	614	0	53	364	52	42	0	406	10	5768	52	6972	25	6486	79	7211	10.168	1.494
434.9	NaN	592	NaN	591	0	49	359	53	43	0	407	11	5934	53	6958	26	6633	80	7135	10.211	2.836
435	NaN	603	NaN	607	0	52	361	52	39	0	412	11	5752	51	7139	24	5958	79	7284	10.306	5.12
435.1	NaN	615	NaN	600	0	54	359	52	42	0	408	9	6278	52	6990	21	6295	79	7078	10.355	2.754
435.2	NaN	602	NaN	611	0	58	360	52	40	0	407	8	5929	50	7042	19	6249	80	7147	10.46	0.591
435.3	NaN	674	NaN	603	0	60	361	52	40	0	407	7	6034	51	7100	17	6121	80	7139	10.537	2.097
435.4	NaN	657	NaN	682	0	68	363	40	28	0	407	1	5864	22	6857	4	6061	53	7038	10.677	-0.872
435.5	NaN	600	NaN	605	0	64	360	50	39	0	408	5	5881	49	7191	11	6033	79	7278	10.543	-1.134
435.6	NaN	629	NaN	603	0	64	362	50	40	0	409	5	5878	50	7180	12	5996	79	7309	10.685	1.336
435.7	NaN	591	NaN	591	0	50	363	61	51	0	407	16	6149	67	7404	37	6407	80	7421	10.787	3.023
435.8	NaN	586	NaN	594	0	46	359	72	63	0	407	19	7465	66	7436	42	6749	80	7486	11.058	3.333
435.9	NaN	581	NaN	587	0	56	363	92	83	0	411	13	6888	67	7542	31	6816	80	7588	11.306	1.775
436	NaN	578	NaN	604	0	56	357	100	100	0	407	13	6686	67	7696	30	6744	80	7731	11.539	1.265
436.1	NaN	590	NaN	604	0	53	359	100	100	0	407	14	7057	67	7881	33	6792	80	7884	11.745	1.808
436.2	NaN	611	NaN	605.3461538	0	50	363	100	100	0	407	16	6952	67	7944	37	7004	79	7979	11.96	1.162
436.3	NaN	576	NaN	606.1923077	0	45	362	100	100	0	408	19	7346	67	8114	43	7116	81	8100	12.204	3.628
436.4	NaN	574	NaN	607.0384615	0	31	363	100	100	0	409	23	7227	60	8220	54	7354	78	8301	12.424	3.773
436.5	NaN	596	NaN	607.8846154	0	31	357	100	100	0	407	26	8183	57	8283	58	7577	79	8334	12.781	4.186
436.6	NaN	586	NaN	608.7307692	0	28	360	100	100	0	409	27	7745	56	8560	60	7763	79	8597	13.093	3.412
436.7	NaN	582	NaN	609.5769231	0	27	362	100	100	0	407	27	8126	53	8754	60	7966	79	8777	13.425	3.695
436.8	NaN	586	NaN	610.4230769	0	22	363	100	100	0	408	30	8188	51	8954	65	8199	79	8972	13.745	3.303
436.9	NaN	591	NaN	611.2692308	0	10	359	68	58	0	408	33	9317	44	8949	67	8476	79	9021	14.163	4.568
437	NaN	634	NaN	612.1153846	0	0	359	19	9	0	408	-11	8445	-13	8651	-10	8258	-10	8607	14.085	-3.655
437.1	NaN	597	NaN	612.9615385	0	-26	358	0	0	0	403	-28	8376	-35	8039	-24	8431	-30	8093	13.703	-4.864
437.2	NaN	567	NaN	613.8076923	0	-41	361	0	0	0	403	-41	8280	-61	7313	-35	8297	-51	5837	13.136	-5.359
437.3	NaN	639	NaN	614.6538462	0	-42	357	18	16	0	403	-7	8113	-11	7149	-6	8184	-9	3466	12.729	-2.095
437.4	NaN	656	NaN	615	0	-54	363	25	25	0	406	0	7869	0	6902	0	7974	0	5558	12.304	-4.038
437.5	NaN	616	NaN	655	0	-53	360	33	34	0	405	20	7922	4	6748	45	8077	9	6434	12.048	-0.701
437.6	NaN	625	NaN	657	0	-56	358	34	32	0	405	20	7677	3	6590	46	7841	8	6878	11.95	-1.584
437.7	NaN	611	NaN	666	0	-47	362	35	34	0	404	21	7740	5	6607	47	7881	13	6876	11.768	-0.018
437.8	NaN	658	NaN	615	0	-50	363	24	18	0	406	-0	7429	-0	6440	-0	7541	0	6493	11.615	-1.845
437.9	NaN	656	NaN	616	0	-51	363	21	18	0	406	-1	7339	-1	6294	0	7375	0	6285	11.287	-2.294
438	NaN	646	NaN	602	0	-56	359	29	27	0	406	4	7183	1	6207	9	7173	2	6148	11.053	-3.007
438.1	NaN	623	NaN	571	0	-54	360	32	29	0	406	13	7142	2	6101	30	7181	5	6046	10.855	-2.332
438.2	NaN	631	NaN	611	0	-58	359	31	29	0	404	12	7037	2	5924	27	7056	4	5988	10.719	-1.676
438.3	NaN	623	NaN	609.6648352	0	-57	358	36	32	0	405	20	7051	3	5863	47	7051	7	5936	10.625	-0.576
438.4	NaN	603	NaN	607.6373626	0	-53	358	41	42	0	404	35	7188	6	5901	66	7177	14	6293	10.56	-1.055
438.5	NaN	600	NaN	605.6098901	0	-49	361	46	43	0	406	45	7276	9	6006	68	7254	23	6137	10.652	0.555
438.6	NaN	621	NaN	603.5824176	0	-35	357	59	53	0	405	63	7446	25	6314	66	7328	59	7297	10.823	6.949
438.7	NaN	609	NaN	601.5549451	0	-12	359	38	29	0	407	10	6895	6	6461	23	6951	16	6503	11.1	0.498
438.8	NaN	639	NaN	599.5274725	0	24	358	32	17	0	410	1	6536	4	6864	3	6594	7	6910	11.013	-0.374
438.9	NaN	657	NaN	615	0	51	362	31	16	0	407	0	6052	0	6902	0	6093	0	6955	10.842	-3.218
439	NaN	617	NaN	625	0	49	361	49	37	0	408	9	6064	41	7279	21	6264	80	7323	10.739	-0.141
439.1	NaN	599	NaN	606	0	63	360	50	39	0	405	5	6289	46	7188	12	6132	79	7264	10.914	0.83
439.2	NaN	582	NaN	592	0	54	361	63	51	0	408	14	6200	66	7547	32	6364	79	7463	10.985	0.643
439.3	NaN	565	NaN	596	0	55	363	63	49	0	408	15	6786	67	7671	33	6470	79	7565	11.25	4.319
439.4	NaN	594	NaN	589	0	52	357	61	47	0	408	13	6611	64	7673	31	7141	80	7671	11.389	2.716
439.5	NaN	599	NaN	598	0	60	362	49	34	0	407	8	6689	45	7703	18	6716	80	7744	11.542	1.036
439.6	NaN	619	NaN	620	0	64	363	43	28	0	409	3	6324	26	7534	7	6484	60	7634	11.492	-0.318
439.7	NaN	641	NaN	613	0	66	365	43	31	0	405	3	6310	31	7524	7	6437	70	7622	11.452	-0.415
439.8	NaN	577	NaN	597	0	63	360	72	60	0	407	9	6296	66	7806	19	7313	79	7799	11.402	-0.178
439.9	NaN	570	NaN	587	0	63	363	76	64	0	409	8	6430	65	7753	19	6571	80	7776	11.45	1.232
440	NaN	589	NaN	592	0	59	360	90	77	0	406	10	6459	64	7796	24	6708	80	7762	11.485	0.738
440.1	NaN	578	NaN	581	0	46	360	100	100	0	406	19	6881	65	7851	43	6918	78	7822	11.591	3.156
440.2	NaN	574	NaN	601	0	45	362	100	100	0	406	18	7310	65	7877	40	7121	79	7841	11.813	1.92
440.3	NaN	582	NaN	619	0	44	359	100	100	0	409	19	7478	65	8034	43	7213	80	7981	12.061	2.348
440.4	NaN	585	NaN	598	0	36	361	100	100	0	408	22	7359	62	8149	50	7391	81	8153	12.33	1.855
440.5	NaN	582	NaN	592	0	21	362	100	100	0	407	32	7750	53	8239	67	7655	80	8313	12.691	4.66
440.6	NaN	578	NaN	588	0	10	359	100	100	0	408	37	7933	46	8289	67	7984	81	8394	13.126	3.887
440.7	NaN	597	NaN	593	0	2	361	100	100	0	406	39	8317	42	8452	67	8304	79	8576	13.535	4.005
440.8	NaN	609	NaN	623	0	-13	360	100	100	0	407	46	8653	34	8508	67	8683	72	8715	13.902	3.242
440.9	NaN	620	NaN	643	0	-26	359	100	100	0	409	50	9015	27	8554	67	9065	57	8843	14.23	3.627
441	NaN	601	NaN	670	0	-35	358	100	100	0	405	51	9305	22	8660	67	9323	48	8809	14.498	2.373
441.1	NaN	592	NaN	663	0	-40	361	100	100	0	406	55	9567	20	8770	66	9490	42	9024	14.686	2.338
441.2	NaN	611	NaN	628	0	-39	358	100	100	0	405	53	9646	20	8896	67	9657	44	9212	14.854	2.597
441.3	NaN	630	NaN	626	0	-38	357	100	100	0	404	51	9731	21	9072	66	9776	44	9190	15.011	1.982
441.4	NaN	601	NaN	605	0	-31	357	100	100	0	406	49	9786	23	9054	67	9892	49	9540	15.16	1.54
441.5	NaN	607	NaN	602	0	-19	359	100	100	0	404	46	9793	28	9412	66	9801	58	9390	15.43	4.975
441.6	NaN	602	NaN	592	0	-15	358	100	100	0	406	44	9927	30	9510	66	9973	61	9647	15.695	2.993
441.7	NaN	580	NaN	576	0	4	362	100	100	0	406	34	9828	38	9948	65	9985	78	10014	16.017	3.677
441.8	NaN	609	NaN	583	0	18	359	100	100	0	408	29	9889	43	10349	59	9919	79	10420	16.316	2.167
441.9	NaN	585	NaN	566	0	21	360	100	100	0	409	27	10192	44	10502	55	9985	80	10672	16.572	2.922
442	NaN	617	NaN	576	0	23	359	100	100	0	408	26	10161	44	10780	53	10218	79	10842	16.793	1.73
442.1	NaN	593	NaN	571	0	23	359	100	100	0	408	26	10499	43	10832	51	10296	79	10983	16.987	2.383
442.2	NaN	581	NaN	571	0	23	361	100	100	0	406	26	10529	43	10934	52	10334	77	11095	17.192	2.426
442.3	NaN	589	NaN	583	0	24	360	100	100	0	407	25	10540	44	11120	50	10538	78	11193	17.362	1.167
442.4	NaN	594	NaN	579	0	22	359	100	100	0	407	25	10740	39	11090	49	10630	77	11288	17.541	1.731
442.5	NaN	588	NaN	577	0	12	361	100	100	0	409	27	10780	35	11265	54	10714	64	11333	17.715	1.784
442.6	NaN	607	NaN	598	0	-1	361	100	100	0	407	25	10886	24	11028	49	10987	46	11186	17.894	0.924
442.7	NaN	594	NaN	622	0	-10	361	100	100	0	406	25	11130	21	10996	49	11141	40	11077	17.971	1.802
442.8	NaN	606	NaN	627	0	-13	358	100	100	0	404	20	11133	15	10998	38	11249	30	11055	18.036	0.478
442.9	NaN	599	NaN	621	0	-12	359	100	100	0	406	24	11218	18	10963	46	11313	37	11164	18.069	1.321
443	NaN	629	NaN	651	0	-16	358	100	100	0	405	23	11282	16	11025	44	11374	31	11082	18.127	1.967
443.1	NaN	607	NaN	624	0	-17	359	100	100	0	404	24	11372	17	10936	46	11476	33	11119	18.144	0.143
443.2	NaN	601	NaN	620	0	-17	358	100	100	0	406	23	11393	17	11062	45	11434	34	11140	18.203	1.61
443.3	NaN	625	NaN	697	0	-16	357	100	100	0	406	19	11352	13	11037	35	11444	25	11114	18.223	-0.744
443.4	NaN	611	NaN	628	0	-15	357	100	100	0	407	22	11433	16	11060	42	11454	31	11184	18.236	0.547
443.5	NaN	591	NaN	655	0	-12	361	100	100	0	406	16	11374	12	11132	31	11503	24	11150	18.26	-0.605
443.6	NaN	601	NaN	620	0	-13	357	100	100	0	406	20	11425	15	11068	39	11425	30	11221	18.271	0.575
443.7	NaN	585	NaN	669	0	-7	362	100	100	0	403	16	11340	13	11204	30	11404	24	11249	18.285	-0.703
443.8	NaN	595	NaN	640	0	-5	361	100	100	0	407	15	11267	12	11157	29	11336	24	11274	18.295	-0.266
443.9	NaN	589	NaN	643	0	-3	358	100	100	0	407	13	11187	13	11262	26	11296	25	11312	18.294	0.152
444	NaN	598	NaN	673	1	0	361	100	100	0	407	15	11187	14	11274	27	11194	27	11371	18.267	0.28
444.1	NaN	612	NaN	655	1	-2	356	100	100	0	407	14	11155	13	11314	26	11247	26	11393	18.291	0.511
444.2	NaN	596	NaN	632	1	0	360	100	100	0	408	15	11169	15	11378	29	11209	31	11436	18.299	-0.495
444.3	NaN	603	NaN	673	1	0	358	100	100	0	407	13	11187	13	11297	25	11227	25	11396	18.354	0.318
444.4	NaN	590	NaN	665	1	2	362	100	100	0	407	15	11190	15	11435	28	11256	29	11469	18.378	-0.073
444.5	NaN	587	NaN	644	1	3	362	100	100	0	408	12	11219	13	11384	24	11226	25	11491	18.42	0.667
444.6	NaN	605	NaN	642	1	3	361	100	100	0	408	12	11176	14	11491	24	11279	25	11519	18.46	0.065
444.7	NaN	613	NaN	656	1	2	359	100	100	0	409	12	11230	13	11433	23	11250	25	11535	18.479	0.959
444.8	NaN	587	NaN	641	1	3	361	100	100	0	407	11	11223	11	11546	21	11305	23	11532	18.523	-0.33
444.9	NaN	588	NaN	661	1	2	360	100	100	0	406	12	11262	12	11467	22	11269	22	11552	18.516	0.661
445	NaN	610	NaN	694	1	0	359	100	100	0	407	11	11272	11	11582	20	11334	21	11530	18.544	-0.747
445.1	NaN	596	NaN	649	1	1	359	100	100	0	408	11	11271	12	11451	22	11297	22	11559	18.508	-0.406
445.2	NaN	590	NaN	653	1	3	362	100	100	0	408	11	11237	11	11580	20	11310	21	11557	18.561	0.331
445.3	NaN	598	NaN	660	1	1	355	100	100	0	404	12	11252	12	11487	22	11297	22	11566	18.558	-0.718
445.4	NaN	596	NaN	653	1	1	357	100	100	0	407	11	11276	11	11592	22	11311	22	11580	18.556	0.559
445.5	NaN	601	NaN	662	1	2	362	100	100	0	409	10	11320	9	11459	18	11361	18	11523	18.526	-1.177
445.6	NaN	593	NaN	650	1	0	360	100	100	0	407	9	11300	10	11560	19	11305	18	11527	18.534	0.054
445.7	NaN	595	NaN	651	1	1	362	100	100	0	406	9	11313	8	11417	16	11341	16	11498	18.529	-1.69
445.8	NaN	602	NaN	662	1	-1	357	100	100	0	406	10	11289	9	11529	19	11301	19	11520	18.522	0.318
445.9	NaN	629	NaN	635	0	0	359	2	0	0	404	2	11214	1	11391	3	11246	0	11414	18.517	-0.376
446	NaN	588	NaN	654	0	2	362	0	0	0	405	-22	10978	-23	11250	-17	10997	-17	11204	18.267	-2.712
446.1	NaN	578	NaN	698	0	2	356	0	0	0	404	-43	10653	-42	10953	-32	10668	-32	10941	17.834	-5.595
446.2	NaN	562	NaN	664	0	2	362	0	0	0	404	-50	10407	-50	10613	-37	10189	-38	10457	17.258	-7.227
446.3	NaN	572	NaN	659	0	0	360	0	0	0	406	-51	9967	-51	10370	-40	10010	-40	10271	16.65	-6.796
446.4	NaN	568	NaN	657	0	2	362	0	0	0	406	-54	9576	-53	9843	-42	9534	-42	9757	16.09	-6.855
446.5	NaN	569	NaN	661	0	6	363	6	0	0	406	-55	8988	-47	9460	-42	9082	-38	9480	15.457	-5.745
446.6	NaN	643	NaN	609	0	8	361	30	20	0	407	-0	9035	-0	9592	-0	9099	0	9550	15.121	-2.293
446.7	NaN	637	NaN	606	0	12	363	30	21	0	408	0	8899	0	9411	0	8925	1	9412	15.006	-1.309
446.8	NaN	629	NaN	585	0	12	364	33	23	0	408	4	8840	4	9522	6	8870	9	9508	14.691	-1.442
446.9	NaN	609	NaN	607	0	49	362	34	24	0	407	2	8483	8	9062	6	8734	18	9310	14.713	0.072
447	NaN	645	NaN	607	0	61	359	30	15	0	407	0	8085	-0	9024	-0	8292	-1	9246	14.322	-5.582
447.1	NaN	646	NaN	608	0	55	363	26	11	0	407	-5	7528	-3	8810	-4	7961	-2	9099	13.927	-1.63
447.2	NaN	615	NaN	605	0	49	362	42	29	0	409	6	7722	25	8895	13	7838	56	9018	13.54	-1.191
447.3	NaN	595	NaN	585	0	49	358	48	37	0	407	10	7757	40	8836	22	7900	78	8949	13.518	1.821
447.4	NaN	576	NaN	574	0	49	362	61	50	0	408	17	8187	61	9074	37	8122	77	9062	13.554	1.616
447.5	NaN	613	NaN	591	0	44	361	76	65	0	410	18	8011	60	9070	40	8447	77	9121	13.638	0.217
447.6	NaN	578	NaN	580	0	44	362	85	76	0	406	19	9507	59	9238	41	8329	77	9001	13.959	3.282
447.7	NaN	577	NaN	578	0	34	359	96	84	0	408	22	8227	51	9216	49	10805	78	9384	13.956	-0.624
447.8	NaN	567	NaN	584	0	39	363	92	83	0	409	20	9252	56	9310	43	8533	78	9348	14.262	2.067
447.9	NaN	578	NaN	576	0	39	362	91	77	0	409	20	8541	54	9535	43	8780	78	9527	14.423	2.063
448	NaN	572	NaN	582	0	37	362	91	78	0	409	21	8837	53	9583	45	8669	78	9655	14.569	1.29
448.1	NaN	576	NaN	582	0	36	362	96	86	0	408	21	9844	53	9558	46	8894	76	9651	14.809	3.096
448.2	NaN	592	NaN	590	0	14	362	100	100	0	408	33	9236	44	9694	66	9188	76	9839	15.055	4.984
448.3	NaN	586	NaN	594	0	3	358	100	100	0	408	36	9445	39	9731	64	9549	77	9806	15.422	3.932
448.4	NaN	583	NaN	577	0	4	359	100	100	0	407	36	9628	38	9863	65	9735	77	9969	15.793	1.743
448.5	NaN	603	NaN	607	0	-12	358	100	100	0	406	40	10003	32	9908	64	10059	65	10062	16.112	4.598
448.6	NaN	594	NaN	616	0	-12	358	100	100	0	407	41	10322	29	10039	65	10362	60	10206	16.421	4.028
448.7	NaN	607	NaN	649	0	-28	359	100	100	0	404	45	10521	25	10192	65	10566	50	10271	16.698	1.631
448.8	NaN	611	NaN	662	0	-36	357	100	100	0	405	46	10788	22	10060	65	10838	43	10345	16.834	2.46
448.9	NaN	608	NaN	650	0	-30	361	100	100	0	406	45	10888	23	10216	65	10947	45	10577	16.974	2.977
449	NaN	577	NaN	601	0	-7	359	100	100	0	405	37	10780	30	10668	65	10873	60	10762	17.189	3.313
449.1	NaN	586	NaN	588	0	7	361	100	100	0	406	31	10623	36	10860	60	10726	68	11008	17.494	3.532
449.2	NaN	604	NaN	589	0	4	357	100	100	0	410	26	10715	30	11154	51	10804	58	11225	17.73	2.505
449.3	NaN	593	NaN	619	1	7	364	100	100	0	408	24	10877	26	11200	46	10923	51	11288	17.957	2.645
449.4	NaN	594	NaN	608	1	5	358	100	100	0	407	21	10965	23	11332	40	11040	44	11396	18.115	1.816
449.5	NaN	627	NaN	623	1	5	363	100	100	0	406	19	10994	21	11366	37	11044	38	11469	18.223	0.918
449.6	NaN	594	NaN	645	1	1	363	100	100	0	406	16	11167	15	11314	31	11223	31	11426	18.326	0.837
449.7	NaN	626	NaN	642	1	-2	357	100	100	0	407	14	11173	13	11351	26	11234	24	11378	18.407	0.406
449.8	NaN	597	NaN	656	1	-6	357	100	100	0	407	12	11258	11	11315	23	11308	21	11410	18.418	0.876
449.9	NaN	593	NaN	674	1	-6	360	100	100	0	408	10	11313	8	11340	17	11326	17	11334	18.462	-0.259
450	NaN	595	NaN	642	1	-8	358	100	100	0	407	9	11372	9	11251	20	11383	17	11347	18.427	-0.81
450.1	NaN	586	NaN	645	1	-4	362	100	100	0	407	15	11342	13	11300	28	11434	26	11407	18.44	3.818
450.2	NaN	588	NaN	640	1	-4	360	100	90	0	409	11	11327	10	11304	21	11303	19	11531	18.471	-2.032
450.3	NaN	595	NaN	667	1	-6	357	100	97	0	406	9	11335	8	11359	17	11428	15	11424	18.463	1.669
450.4	NaN	592	NaN	670	1	-3	360	100	99	0	407	10	11279	9	11322	20	11254	20	11389	18.442	-1.681
450.5	NaN	584	NaN	647	1	-2	358	99	88	0	406	12	11297	11	11314	23	11343	22	11403	18.534	-0.618
450.6	NaN	593	NaN	651	1	-3	358	100	92	0	406	11	11232	10	11358	21	11269	21	11436	18.504	0.863
450.7	NaN	592	NaN	659	1	-1	356	69	57	0	406	11	11285	11	11403	22	11329	21	11464	18.521	0.734
450.8	NaN	621	NaN	598	0	2	360	0	0	0	405	-10	11114	-10	11356	-7	11120	-6	11310	18.426	-3.724
450.9	NaN	575	NaN	674	0	4	357	0	0	0	406	-30	10822	-31	11105	-23	10789	-23	11189	18.08	-2.559
451	NaN	565	NaN	663	0	3	359	0	0	0	403	-50	10557	-48	10835	-37	10322	-37	10729	17.586	-6.914
451.1	NaN	562	NaN	674	0	1	463	0	0	0	467	-51	10092	-50	10352	-39	10027	-38	10398	16.972	-6.691
451.2	NaN	558	NaN	667	0	2	507	0	0	0	541	-53	9667	-52	10012	-41	9499	-41	9793	16.254	-7.975
451.3	NaN	561	NaN	661	0	0	564	0	0	0	554	-55	9080	-55	9470	-45	9135	-44	9364	15.472	-8.388
451.4	NaN	559	NaN	673	0	-5	600	0	0	0	584	-54	8744	-56	8885	-44	8546	-46	8749	14.598	-9.311
451.5	NaN	562	NaN	667	0	-18	664	0	0	0	635	-50	8310	-59	8143	-42	8223	-49	7856	13.675	-10.566
451.6	NaN	570	NaN	695	0	-31	627	0	0	0	594	-46	7981	-62	7183	-39	7927	-53	4294	12.697	-10.652
451.7	NaN	648	NaN	617	0	-46	364	19	21	0	403	0	7901	0	7004	0	7925	0	1729	12.141	-2.73
451.8	NaN	630	NaN	601	0	-45	365	28	30	0	406	5	7741	1	6724	7	7778	3	3897	11.808	-3.256
451.9	NaN	599	NaN	712	0	-38	365	33	35	0	404	19	7756	6	6649	43	7839	15	5937	11.696	0.22
452	NaN	598	NaN	681	0	-6	363	34	27	0	405	8	7456	7	6898	19	7542	15	6968	11.726	0.765
452.1	NaN	586.7	NaN	666	0	26	363	34	23	0	407	3	6856	6	7376	8	6943	14	7427	11.67	-1.11
452.2	NaN	586.4	NaN	588	0	41	360	34	19	0	409	1	6543	2	7420	2	6607	6	7505	11.536	-2.214
452.3	NaN	586.1	NaN	648	0	45	361	37	25	0	407	1	6282	3	7370	2	6349	9	7445	11.331	-2.274
452.4	NaN	585.8	NaN	656	0	44	362	72	60	0	406	5	6267	17	7376	11	6295	39	7454	11.133	-0.203
452.5	NaN	577	NaN	584	0	47	366	81	66	0	407	19	6604	63	7608	43	6591	78	7654	11.373	2.245
452.6	NaN	574	NaN	584	0	47	359	81	66	0	408	18	6741	63	7763	43	6761	78	7818	11.624	2.556
452.7	NaN	581	NaN	603	0	43	362	77	63	0	406	19	7538	62	7881	44	7086	77	7969	11.893	3.801
452.8	NaN	578	NaN	595	0	37	358	74	60	0	407	22	7285	61	8091	52	7940	77	8151	12.149	3.368
452.9	NaN	611	NaN	578	0	47	362	73	59	0	406	17	7767	63	8198	38	7448	78	8259	12.447	3.355
453	NaN	592	NaN	595	0	48	358	73	59	0	407	17	8117	62	8425	37	7547	77	8460	12.645	2.323
453.1	NaN	576	NaN	584	0	51	361	73	60	0	408	15	8463	62	8444	34	7672	78	8501	12.88	1.28
453.2	NaN	580	NaN	584	0	43	363	88	77	0	409	19	7896	60	8763	43	7744	78	8727	13.091	3.306
453.3	NaN	574	NaN	591	0	42	362	88	77	0	405	19	9183	59	8857	42	8110	76	8774	13.365	3.93
453.4	NaN	577	NaN	584	0	37	360	93	82	0	408	22	8017	56	8957	47	9610	77	8973	13.556	-1.713
453.5	NaN	586	NaN	577	0	18	363	100	100	0	408	32	8667	48	9164	63	8356	77	9261	13.824	3.423
453.6	NaN	606	NaN	584	0	30	360	100	100	0	406	22	10055	51	9010	53	8880	77	9078	14.256	6.51
453.7	NaN	610	NaN	573	0	19	359	100	100	0	409	30	9041	48	9465	64	8769	77	9559	14.438	5.496
453.8	NaN	594	NaN	585	0	23	359	100	100	0	410	27	11461	48	9393	59	9458	78	9468	14.836	1.229
453.9	NaN	594	NaN	582	0	16	362	100	100	0	408	29	9294	44	9802	61	9317	77	9861	15.176	2.633
454	NaN	580	NaN	577	0	16	360	100	100	0	408	30	9454	44	9852	63	9453	77	9955	15.502	3.873
454.1	NaN	591	NaN	578	0	11	358	100	100	0	406	31	9695	41	10046	62	9656	76	10198	15.885	5.908
454.2	NaN	587	NaN	576	0	3	357	100	100	0	407	34	9970	38	10273	62	9965	77	10410	16.204	4.4
454.3	NaN	585	NaN	580	0	2	362	100	100	0	409	35	10127	37	10329	63	10288	75	10484	16.624	2.789
454.4	NaN	605	NaN	590	1	0	363	100	100	0	409	35	10422	35	10520	63	10487	71	10661	16.929	4.868
454.5	NaN	584	NaN	574	1	-1	361	100	100	0	407	33	10620	32	10722	63	10706	64	10773	17.311	4.32
454.6	NaN	608	NaN	589	1	-3	358	100	100	0	409	27	10770	27	10846	54	10900	52	10989	17.519	2.04
454.7	NaN	597	NaN	618	1	-3	360	100	100	0	405	26	10874	25	10929	50	10928	48	11058	17.802	3.57
454.8	NaN	607	NaN	629	1	-3	362	100	94	0	408	19	10972	18	11083	37	11102	34	11129	17.949	1.427
454.9	NaN	610	NaN	632	0	-1	360	38	29	0	407	20	11034	19	11046	38	11095	36	11191	18.1	2.386
455	NaN	607	NaN	665	0	-2	363	0	0	0	407	-16	10999	-18	11030	-12	10768	-12	10828	17.956	-2.318
455.1	NaN	584	NaN	680	0	-2	361	0	0	0	404	-36	10634	-37	10621	-27	10653	-27	10686	17.545	-3.955
455.2	NaN	573	NaN	689	0	-2	385	0	0	0	438	-51	10320	-51	10292	-39	10130	-38	9960	17.071	-5.236
455.3	NaN	571	NaN	673	0	1	499	0	0	0	537	-52	9660	-50	9960	-42	9708	-41	9873	16.401	-6.98
455.4	NaN	578	NaN	668	0	0	530	0	0	0	515	-55	9348	-55	9482	-42	9105	-44	9281	15.564	-9.568
455.5	NaN	575	NaN	683	0	2	542	0	0	0	568	-56	8675	-54	8867	-46	8722	-44	8834	14.765	-7.826
455.6	NaN	580	NaN	693	0	3	616	0	0	0	623	-56	8189	-54	8353	-46	8051	-44	8145	13.92	-7.373
455.7	NaN	578	NaN	706	0	12	667	0	0	0	668	-57	7488	-51	7973	-49	7034	-43	7782	12.967	-11.391
455.8	NaN	581	NaN	698	0	26	663	0	0	0	630	-36	5657	-47	7488	-52	4438	-41	7523	12.05	-9.919
455.9	NaN	592	NaN	711	0	54	516	0	0	0	510	-27	4934	-39	6997	-54	1495	-35	7078	11.141	-7.598
456	NaN	609	NaN	682	0	52	357	22	10	0	402	-44	5022	-23	6702	-12	2396	-19	6847	10.431	-5.85
456.1	NaN	629	NaN	633	0	54	365	43	30	0	406	5	5572	27	6905	12	5660	62	7121	10.147	-1.377
456.2	NaN	660	NaN	615	0	69	365	11	0	0	406	-11	5172	-5	6361	-10	5191	-5	6613	9.947	-3.533
456.3	NaN	649	NaN	662	0	77	364	38	27	0	405	0	4559	8	6202	-0	4225	33	6466	9.444	-4.68
456.4	NaN	635	NaN	650	0	77	366	45	34	0	407	0	4867	40	6465	0	4990	74	6575	9.274	2.041
456.5	NaN	596	NaN	626	0	66	363	65	54	0	406	6	4611	58	6475	17	5124	76	6614	9.286	1.946
456.6	NaN	588	NaN	638	0	50	359	70	60	0	406	17	5404	61	6405	41	5505	76	6478	9.369	1.789
456.7	NaN	658	NaN	622	0	5	358	63	52	0	406	41	5798	49	6446	62	5886	76	6630	9.766	5.053
456.8	NaN	635	NaN	742	0	-26	359	43	40	0	407	31	6358	16	6118	63	6405	38	6171	10.22	2.305
456.9	NaN	639	NaN	689	0	-49	360	54	54	0	407	66	6875	15	6034	63	6812	36	6360	10.335	1.123
457	NaN	621	NaN	726	0	-67	361	55	51	0	404	73	7378	6	5942	63	7018	13	6075	10.513	3.139
457.1	NaN	647	NaN	604	0	-76	361	65	63	0	408	79	7364	1	5831	62	7139	2	5832	10.541	0.578
457.2	NaN	610	NaN	709	0	-65	362	86	86	0	405	78	7651	7	5890	63	7376	18	5967	10.591	2.426
457.3	NaN	613	NaN	698	0	-65	360	96	93	0	406	79	7476	7	5946	62	7323	18	6359	10.72	1.303
457.4	NaN	632	NaN	699	0	-56	358	100	100	0	409	73	7828	11	6024	62	7472	26	6456	10.774	5.519
457.5	NaN	663	NaN	605	0	-37	359	100	100	0	405	64	7376	23	6254	62	7419	54	8466	10.892	2.567
457.6	NaN	621	NaN	603	0	-15	356	100	100	0	408	54	7536	35	6516	62	7346	89	9331	11.12	8.398
457.7	NaN	664	NaN	600	0	-24	364	100	100	0	409	52	7240	29	6830	63	7278	65	10179	11.553	6.378
457.8	NaN	627	NaN	580	0	-18	362	100	100	0	408	50	7570	31	7299	62	7630	75	9016	11.847	6.726
457.9	NaN	619	NaN	623	0	-32	359	100	100	0	407	58	7887	26	7779	62	7777	58	7500	12.358	4.912
458	NaN	615	NaN	613	0	-29	364	100	100	0	407	56	8227	26	7567	62	8170	59	7836	12.674	1.872
458.1	NaN	618	NaN	612	0	-28	361	100	100	0	408	56	8412	27	8059	62	8327	59	8009	13.045	3.194
458.2	NaN	615	NaN	590	0	-22	361	100	100	0	409	51	8564	30	8085	63	8544	65	8230	13.455	2.804
458.3	NaN	610	NaN	590	0	-14	359	100	100	0	407	46	8778	33	8426	63	8785	73	8580	13.813	2.916
458.4	NaN	614	NaN	591	0	-8	357	100	100	0	404	43	8886	36	8736	63	8927	76	8799	14.242	5.184
458.5	NaN	606	NaN	589	0	-4	359	100	100	0	407	40	9022	37	9006	63	9157	75	9184	14.654	2.176
458.6	NaN	613	NaN	590	1	1	357	100	100	0	406	38	9264	37	9318	64	9292	76	9490	15.041	3.705
458.7	NaN	610	NaN	588	1	2	362	100	100	0	408	37	9458	38	9681	63	9487	76	9745	15.451	5.387
458.8	NaN	610	NaN	579	1	0	359	100	93	0	408	37	9759	36	9886	63	9777	75	9990	15.876	3.834
458.9	NaN	629	NaN	585	1	4	360	94	80	0	406	35	9928	37	10089	63	9997	74	10259	16.251	3.879
459	NaN	611	NaN	577	1	5	358	72	58	0	409	33	10120	37	10396	62	10239	75	10519	16.606	3.513
459.1	NaN	597	NaN	588	0	5	362	61	47	0	407	33	10387	36	10639	62	10393	74	10731	17.029	3.85
459.2	NaN	600	NaN	583	0	4	362	51	38	0	408	32	10575	35	10810	63	10679	67	10981	17.356	3.68
459.3	NaN	616	NaN	625	0	2	360	42	29	0	406	17	10554	18	10929	33	10661	35	10997	17.583	1.497
459.4	NaN	615.5	NaN	650	0	3	356	41	30	0	408	16	10718	17	11016	33	10782	34	11021	17.713	0.833
459.5	NaN	605	NaN	624	0	4	357	56	47	0	409	23	10836	26	11121	45	10929	48	11177	17.832	2.463
459.6	NaN	623	NaN	594	0	10	361	74	64	0	407	24	10851	27	11331	46	10891	53	11380	17.997	0.336
459.7	NaN	635	NaN	607	0	15	362	100	91	0	409	19	10941	26	11314	36	11015	50	11492	18.191	1.401
459.8	NaN	614	NaN	598	0	17	359	61	49	0	409	19	10903	26	11599	37	11029	51	11723	18.283	-1.501
459.9	NaN	665	NaN	617	0	14	360	28	19	0	405	-0	10650	1	11330	0	10665	1	11445	18.217	-0.401
460	NaN	653	NaN	611	0	15	364	4	0	0	405	-10	10326	-10	11239	-8	10500	-6	11297	18.005	-2.505
460.1	NaN	608	NaN	591.2	0	18	359	0	0	0	405	-32	9818	-27	10996	-23	9939	-20	11054	17.597	-5.793
460.2	NaN	607	NaN	591.9	0	22	359	0	0	0	404	-5	8330	-44	10578	-41	9452	-35	10559	17.126	-5.983
460.3	NaN	586	NaN	592.6	0	16	359	0	0	0	404	-45	7771	-51	10062	-48	5587	-40	10355	16.383	-1.541
460.4	NaN	597	NaN	593.3	0	26	363	0	0	0	406	-48	7749	-49	9824	-49	4279	-39	9590	15.646	-6.314
460.5	NaN	582	NaN	594	0	23	361	1	0	0	406	-24	7053	-49	9245	-50	4097	-40	9324	14.834	-3.291
460.6	NaN	597	NaN	594.7	0	3	363	10	1	0	408	-43	6760	-41	9036	-5	3431	-34	8547	13.903	-3.686
460.7	NaN	614	NaN	595.4	0	-17	362	18	9	0	406	-7	5371	-20	8675	-14	4996	-17	8240	12.931	-0.403
460.8	NaN	609	NaN	596.1	0	-66	361	18	9	0	407	-13	6668	-23	8149	-12	5581	-20	7466	11.804	-1.261
460.9	NaN	624	NaN	596.8	0	-86	364	18	9	0	404	-10	6860	-25	7623	-9	5631	-22	6060	10.755	-0.917
461	NaN	641	NaN	610	0	-93	360	41	33	0	406	30	7216	-2	7292	70	6682	-6	6310	10.402	2.046
461.1	NaN	618	NaN	662	0	-43	359	40	29	0	411	22	8611	5	6919	60	7965	14	6503	10.844	1.818
461.2	NaN	626	NaN	647	0	34	361	39	31	0	406	6	8968	17	6118	18	8286	40	6430	11.061	0.466
461.3	NaN	671	NaN	620	0	45	361	13	0	0	409	-7	6584	-5	6423	-6	6834	-4	6698	10.986	-2.795
461.4	NaN	634	NaN	594	0	50	362	47	39	0	406	6	6063	32	7184	17	6032	83	7251	10.696	1.285
461.5	NaN	625	NaN	631	0	60	359	42	30	0	409	4	6011	29	7219	9	6051	66	7375	10.859	1.197
461.6	NaN	658	NaN	597	0	66	362	32	20	0	406	-0	5786	2	6845	1	5834	6	6972	10.616	-4.435
461.7	NaN	650	NaN	622	0	54	364	33	24	0	407	0	5608	3	6817	1	5688	7	6928	10.35	-2.876
461.8	NaN	626	NaN	672	0	47	363	64	55	0	407	3	5641	15	6800	7	5643	35	6833	10.161	-2.394
461.9	NaN	588	NaN	590	0	47	361	66	57	0	409	19	6243	60	7012	46	6042	76	6999	10.332	3.612
462	NaN	587	NaN	602	0	44	359	79	70	0	408	21	6167	60	7070	47	6182	75	7062	10.615	1.16
462.1	NaN	594	NaN	588	0	42	358	90	81	0	408	21	6429	61	7358	47	6357	76	7284	10.91	4.015
462.2	NaN	591	NaN	598	0	45	359	90	81	0	409	19	6486	61	7490	45	6558	75	7493	11.197	2.997
462.3	NaN	578	NaN	592	0	45	360	90	81	0	407	19	7188	61	7706	44	6696	75	7708	11.474	4.509
462.4	NaN	595	NaN	587	0	47	359	90	81	0	407	17	6965	61	7851	40	7004	76	7864	11.696	3.298
462.5	NaN	588	NaN	571	0	47	357	90	81	0	408	18	7187	61	7955	39	7065	76	7990	11.938	2.266
462.6	NaN	594	NaN	600	0	35	364	94	86	0	409	24	7204	61	8149	51	7238	77	8177	12.152	3.476
462.7	NaN	602	NaN	594	0	7	363	100	94	0	409	39	7599	46	8076	62	7544	76	8117	12.579	4.336
462.8	NaN	597	NaN	586	0	4	360	100	100	0	409	40	7948	44	8136	62	7950	74	8187	12.97	4.363
462.9	NaN	596	NaN	590	0	-2	358	100	100	0	408	42	8250	40	8379	63	8217	75	8428	13.375	5.415
463	NaN	593	NaN	585	1	-2	360	100	100	0	406	42	8518	40	8582	62	8511	75	8644	13.773	3.76
463.1	NaN	603	NaN	592	1	-5	357	100	100	0	408	41	8791	37	8777	63	8789	75	8861	14.176	3.907
463.2	NaN	611	NaN	600	1	-2	361	100	100	0	408	40	8969	38	8999	62	9027	74	9115	14.523	3.377
463.3	NaN	591	NaN	584	1	3	362	100	100	0	406	37	9143	39	9232	62	9211	74	9361	14.917	4.148
463.4	NaN	613	NaN	582	1	4	360	100	100	0	407	37	9316	39	9499	62	9406	75	9695	15.306	3.513
463.5	NaN	590	NaN	584	1	4	362	100	100	0	407	35	9569	38	9838	62	9622	74	9890	15.664	4.327
463.6	NaN	603	NaN	591	1	2	356	100	100	0	409	35	9818	38	10027	63	9899	75	10128	16.053	3.546
463.7	NaN	593	NaN	595	1	-2	363	100	100	0	406	36	10072	35	10149	63	10144	70	10344	16.438	3.615
463.8	NaN	594	NaN	590	1	-3	360	100	100	0	408	37	10320	34	10421	62	10353	67	10539	16.79	4.445
463.9	NaN	603	NaN	607	1	-4	361	100	100	0	407	36	10627	32	10597	63	10682	64	10669	17.155	3.748
464	NaN	655	NaN	618	1	-6	361	100	100	0	407	32	10766	27	10708	62	10890	55	10863	17.475	2.629
464.1	NaN	639	NaN	624	1	-4	362	100	100	0	409	24	10858	22	11001	46	10912	44	10986	17.69	3.028
464.2	NaN	622	NaN	637	1	-1	360	100	100	0	406	23	10974	22	10965	43	11050	42	11076	17.938	3.713
464.3	NaN	604	NaN	648	1	-0	362	100	100	0	409	17	11057	17	11185	34	11072	34	11238	18.026	0.973
464.4	NaN	611	NaN	649	1	-4	361	100	100	0	406	19	11116	18	11179	36	11198	35	11244	18.157	1.4
464.5	NaN	613	NaN	684	1	-5	359	100	100	0	407	15	11191	14	11177	29	11247	26	11280	18.216	1.58
464.6	NaN	642	NaN	663	1	-5	361	100	100	0	408	15	11180	13	11306	29	11242	27	11306	18.291	0
464.7	NaN	609	NaN	670	1	-5	361	100	100	0	404	13	11288	12	11188	25	11301	22	11295	18.331	-0.215
464.8	NaN	609	NaN	683	1	-2	361	100	100	0	406	13	11203	12	11404	25	11245	23	11372	18.341	-0.292
464.9	NaN	612	NaN	679	1	-2	362	100	100	0	404	11	11280	11	11281	22	11329	19	11341	18.39	-1.018
465	NaN	611	NaN	650	1	-4	363	100	100	0	406	11	11235	11	11389	23	11260	22	11375	18.381	1.217
465.1	NaN	605	NaN	695	1	-3	361	100	100	0	404	13	11310	11	11288	23	11350	22	11347	18.415	-0.168
465.2	NaN	598	NaN	641	1	-1	362	100	100	0	407	12	11243	12	11365	22	11252	22	11384	18.414	0.09
465.3	NaN	622	NaN	654	1	-5	360	100	100	0	405	14	11283	12	11356	26	11342	24	11350	18.414	-0.172
465.4	NaN	604	NaN	647	1	-5	358	100	100	0	406	11	11300	11	11311	22	11324	22	11369	18.411	1.232
465.5	NaN	603	NaN	649	1	-3	358	100	100	0	406	12	11223	11	11395	23	11313	21	11377	18.417	-0.146
465.6	NaN	609	NaN	666	1	-4	361	100	100	0	405	11	11327	10	11256	18	11354	19	11351	18.409	-0.572
465.7	NaN	605	NaN	714	1	-1	359	100	100	0	404	11	11223	11	11420	22	11263	21	11405	18.374	0.783
465.8	NaN	602	NaN	675	1	2	363	100	100	0	407	12	11279	11	11294	21	11272	21	11381	18.401	-1.435
465.9	NaN	607	NaN	651	1	6	360	100	100	0	409	14	11144	15	11624	26	11200	31	11600	18.419	-0.944
466	NaN	616	NaN	633	0	19	357	100	100	0	408	13	11048	20	11571	26	11164	41	11701	18.463	0.665
466.1	NaN	605	NaN	592	0	20	359	100	100	0	409	15	10920	26	11863	28	10920	51	11947	18.496	0.39
466.2	NaN	599	NaN	614	0	9	362	100	100	0	409	15	11058	19	11702	28	11181	37	11890	18.476	3.143
466.3	NaN	595	NaN	673	0	-5	363	100	100	0	407	13	11214	12	11599	26	11257	23	11637	18.544	-0.165
466.4	NaN	617	NaN	662	0	-9	358	100	100	0	404	9	11396	8	11239	18	11440	16	11388	18.52	0.201
466.5	NaN	600	NaN	686	0	-7	362	88	79	0	406	11	11390	10	11351	23	11457	19	11361	18.539	0.24
466.6	NaN	615	NaN	651	0	-8	363	48	40	0	405	11	11325	8	11226	19	11427	16	11347	18.47	-0.72
466.7	NaN	644	NaN	606	0	-8	360	7	0	0	405	-11	11253	-10	11186	-6	11293	-8	11075	18.3	-2.811
466.8	NaN	599	NaN	693	0	-9	358	0	0	0	404	-29	10904	-32	10871	-22	10986	-24	10869	17.947	-4.964
466.9	NaN	578	NaN	671	0	-9	363	0	0	0	406	-48	10591	-52	10318	-37	10705	-39	10388	17.413	-4.721
467	NaN	577	NaN	668	0	-11	465	0	0	0	481	-50	10267	-56	10024	-37	10183	-43	9171	16.785	-7.523
467.1	NaN	569	NaN	653	0	-14	660	0	0	0	660	-50	9671	-60	9434	-39	9691	-45	9078	15.945	-8.722
467.2	NaN	578	NaN	687	0	-14	674	0	0	0	662	-51	9219	-59	8804	-41	9049	-48	6205	14.984	-10.809
467.3	NaN	575	NaN	706	0	-19	680	0	0	0	638	-48	8676	-60	8152	-41	8628	-50	4418	14.006	-10.216
467.4	NaN	586	NaN	675	0	-24	512	0	0	0	523	-47	8213	-61	7583	-41	8154	-13	3343	13.082	-10.315
467.5	NaN	616	NaN	741	0	-41	359	34	32	0	403	19	8252	8	7389	47	8293	16	6233	12.658	-1.688
467.6	NaN	644	NaN	579	0	-53	364	31	29	0	405	13	8065	3	7139	28	8149	6	7313	12.506	-1.809
467.7	NaN	668	NaN	605	0	-56	359	27	22	0	406	3	7841	1	6954	3	7896	2	7119	12.368	0.242
467.8	NaN	675	NaN	618	0	-57	364	21	20	0	406	0	7812	0	6812	0	7894	0	6583	11.984	-4.396
467.9	NaN	626	NaN	593	0	-59	361	37	33	0	406	25	7768	3	6523	59	7924	8	6688	11.742	-0.044
468	NaN	616	NaN	678	0	-59	359	45	44	0	404	47	7925	6	6586	63	7890	16	6720	11.651	2.525
468.1	NaN	616	NaN	670	0	-60	358	51	50	0	405	62	8007	10	6583	63	7972	21	7683	11.665	1.665
468.2	NaN	626	NaN	679	0	-56	360	58	56	0	405	67	7936	13	6714	61	7881	29	7148	11.764	1.75
468.3	NaN	640	NaN	596	0	-34	358	87	87	0	408	58	7930	23	6886	61	7968	53	8427	11.845	1.481
468.4	NaN	619	NaN	596	0	-19	360	100	100	0	408	51	7937	30	7256	61	8008	67	8075	12.184	5.389
468.5	NaN	689	NaN	601	0	-11	360	100	100	0	409	48	7868	35	7758	61	7879	74	8096	12.59	2.798
468.6	NaN	637	NaN	604	0	-10	361	100	100	0	409	46	8107	37	7985	61	8094	72	8131	13.025	4.334
468.7	NaN	620	NaN	591	0	-10	364	100	100	0	409	45	8392	36	8214	60	8393	74	8365	13.448	5.139
468.8	NaN	613	NaN	587	0	-11	361	100	100	0	406	45	8640	35	8461	60	8698	72	8627	13.849	3.847
468.9	NaN	640	NaN	603	0	-14	357	53	45	0	406	44	8919	31	8684	61	8947	68	8830	14.277	4.962
469	NaN	667	NaN	614	0	-13	365	29	24	0	409	2	8871	1	8627	5	8889	3	8523	14.171	-2.131
469.1	NaN	665	NaN	616	0	-25	361	23	13	0	406	-6	8705	-7	8285	-5	8811	-6	8436	14.069	-1.398
469.2	NaN	677	NaN	619	0	-30	360	21	18	0	406	-1	8796	-1	8072	-1	8837	-1	8024	13.861	-2.104
469.3	NaN	642	NaN	610.625	0	-52	360	17	13	0	406	-10	8415	-17	7469	-8	8587	-13	7763	13.626	-1.994
469.4	NaN	670	NaN	611.75	0	-52	362	21	22	0	407	-2	8538	-3	7462	-2	8502	-4	6712	13.186	-3.888
469.5	NaN	620	NaN	612.875	0	-37	361	33	34	0	407	18	8547	6	7279	40	8626	13	7084	12.886	1.105
469.6	NaN	624	NaN	614	0	-51	358	37	33	0	405	18	8090	4	7220	41	8234	10	7565	12.888	-0.265
469.7	NaN	623	NaN	615.125	0	-47	357	42	43	0	404	38	8413	10	7264	61	8501	24	8019	12.717	2.297
469.8	NaN	613	NaN	616.25	0	-49	358	39	35	0	403	28	8210	6	7186	60	8350	15	7526	12.749	0.316
469.9	NaN	613	NaN	617.375	0	-46	359	37	36	0	405	26	8351	7	7153	59	8496	17	7656	12.623	0.654
470	NaN	669	NaN	619	0	-55	358	24	16	0	405	0	7862	-0	7009	-1	8095	0	7117	12.571	-2.306
470.1	NaN	670	NaN	611	0	-51	363	28	28	0	405	3	7904	0	6855	7	8003	1	6682	12.191	-4.961
470.2	NaN	617	NaN	662	0	-52	362	44	43	0	405	43	8064	9	6832	60	8109	20	7006	12.09	1.555
470.3	NaN	644	NaN	691	0	-53	363	47	45	0	405	48	7953	11	6920	61	8057	25	7714	12.149	0.837
470.4	NaN	629	NaN	651	0	-44	358	52	51	0	405	59	8148	17	7193	61	8155	37	7992	12.165	3.503
470.5	NaN	624	NaN	649	0	-33	358	44	41	0	404	33	7998	13	7150	61	8119	30	7967	12.34	1.032
470.6	NaN	620	NaN	633	0	-9	361	46	38	0	407	26	7947	21	7532	59	8073	48	7679	12.553	3.789
470.7	NaN	622	NaN	628	0	4	358	46	36	0	404	22	7740	25	7977	50	7829	54	8064	12.85	2.862
470.8	NaN	625	NaN	614	0	19	364	46	36	0	408	18	7757	28	8262	40	7864	63	8309	13.002	1.919
470.9	NaN	675	NaN	618	0	45	361	22	9	0	407	-4	7347	-3	8185	-4	7488	-3	8285	12.962	-2.021
471	NaN	634	NaN	584	0	48	361	22	9	0	407	-16	6872	-10	8146	-13	6727	-8	8142	12.533	-5.263
471.1	NaN	633	NaN	623	0	48	363	41	32	0	405	5	6767	25	8113	13	6948	57	8231	12.272	0.547
471.2	NaN	589	NaN	591	0	47	361	75	66	0	406	19	7254	59	8250	43	7477	71	8265	12.284	1.984
471.3	NaN	591	NaN	599	0	39	363	95	85	0	409	20	7667	60	8214	46	7576	71	8271	12.46	1.561
471.4	NaN	613	NaN	598	0	-1	358	100	100	0	408	41	7773	42	8179	61	7757	70	8292	12.822	4.263
471.5	NaN	612	NaN	599	0	-11	358	100	100	0	408	46	8231	36	8116	61	8241	70	8232	13.228	3.558
471.6	NaN	612	NaN	607	0	-20	357	100	100	0	406	49	8528	32	8261	61	8568	70	8404	13.588	3.654
471.7	NaN	615	NaN	606	0	-21	361	100	100	0	406	49	8821	29	8410	60	8865	64	8546	13.945	4.17
471.8	NaN	611	NaN	619	0	-25	363	100	100	0	407	51	9097	25	8531	61	9100	55	8697	14.292	2.71
471.9	NaN	617	NaN	625	0	-26	359	100	100	0	406	48	9352	27	8708	62	9344	56	8926	14.564	3.723
472	NaN	621	NaN	638	0	-28	358	100	100	0	407	48	9460	25	8931	59	9443	54	9119	14.883	2.939
472.1	NaN	627	NaN	626	0	-24	359	100	100	0	407	48	9671	26	9144	61	9691	56	9365	15.146	3.152
472.2	NaN	637	NaN	620	0	-22	358	100	100	0	410	46	9761	27	9375	60	9839	55	9435	15.472	3.788
472.3	NaN	612	NaN	618	0	-6	362	100	100	0	406	40	9894	32	9617	60	9936	69	9734	15.798	3.877
472.4	NaN	616	NaN	621	0	0	358	100	100	0	405	37	9897	35	9954	60	9933	71	10155	16.148	2.918
472.5	NaN	606	NaN	599	0	0	360	100	100	0	406	36	10071	36	10282	60	10190	71	10361	16.529	4.502
472.6	NaN	648	NaN	573	1	2	358	100	100	0	406	35	10322	35	10510	60	10386	72	10620	16.867	2.899
472.7	NaN	592	NaN	576	1	0	358	100	100	0	405	34	10502	35	10648	61	10546	71	10855	17.225	2.705
472.8	NaN	594	NaN	600	1	0	361	100	100	0	405	30	10697	30	10931	58	10789	59	10999	17.56	3.95
472.9	NaN	627	NaN	619	1	-2	361	100	100	0	405	25	10862	24	11004	49	10912	46	11124	17.804	2.27
473	NaN	617	NaN	630	1	-3	360	100	100	0	406	20	10960	19	11111	40	11046	37	11213	18.006	1.278
473.1	NaN	623	NaN	626	1	-3	360	100	100	0	408	19	11062	19	11243	37	11160	36	11293	18.159	1.016
473.2	NaN	610	NaN	670	1	-1	363	100	100	0	407	15	11145	15	11196	29	11171	27	11331	18.284	1.287
473.3	NaN	605	NaN	703	1	-4	362	100	100	0	407	13	11178	12	11413	26	11270	24	11374	18.341	0.177
473.4	NaN	607	NaN	665	1	-2	361	100	100	0	406	13	11281	12	11276	25	11225	24	11398	18.429	0.702
473.5	NaN	624	NaN	669	1	-2	359	100	100	0	408	11	11224	11	11392	22	11326	21	11426	18.465	1.142
473.6	NaN	613	NaN	659	1	-1	358	100	100	0	406	11	11297	11	11318	19	11271	20	11433	18.471	0.074
473.7	NaN	613	NaN	704	1	-4	360	100	100	0	404	10	11253	10	11472	19	11349	18	11413	18.522	0.269
473.8	NaN	612	NaN	651	1	-2	361	100	100	0	407	10	11290	10	11366	21	11358	20	11503	18.513	0.627
473.9	NaN	619	NaN	655	1	-1	359	100	100	0	407	9	11294	10	11486	17	11329	16	11451	18.54	-0.243
474	NaN	607	NaN	645	1	-1	363	100	100	0	407	10	11302	10	11403	20	11348	19	11516	18.54	-0.165
474.1	NaN	618	NaN	683	1	-4	357	100	100	0	409	9	11313	9	11458	17	11348	16	11477	18.571	1.041
474.2	NaN	609	NaN	691	1	-0	362	100	100	0	409	10	11311	10	11467	20	11378	20	11509	18.559	-1.107
474.3	NaN	614	NaN	667	1	-4	356	100	100	0	406	9	11331	9	11463	18	11318	16	11488	18.582	-0.379
474.4	NaN	610	NaN	646	1	-1	362	100	100	0	404	9	11310	9	11446	18	11389	18	11520	18.574	-0.381
474.5	NaN	620	NaN	650	1	-4	358	100	100	0	408	9	11350	8	11438	16	11344	15	11485	18.58	0.584
474.6	NaN	619	NaN	655	1	-2	361	100	100	0	407	9	11312	9	11472	17	11397	17	11491	18.57	-0.872
474.7	NaN	625	NaN	696	1	-4	356	100	100	0	407	9	11363	8	11400	16	11335	14	11489	18.573	0.726
474.8	NaN	616	NaN	656	1	-2	363	100	100	0	406	9	11317	7	11483	17	11390	15	11475	18.582	-0.04
474.9	NaN	622	NaN	670	1	-4	363	100	100	0	407	8	11355	8	11407	15	11356	14	11492	18.552	0.541
475	NaN	615	NaN	655	1	-2	362	100	100	0	409	8	11297	8	11488	16	11362	16	11482	18.565	-0.002
475.1	NaN	606	NaN	664	1	0	361	100	100	0	408	10	11298	10	11447	19	11334	19	11557	18.561	0.191
475.2	NaN	606	NaN	628	1	5	359	100	100	0	409	11	11244	12	11619	21	11308	22	11628	18.593	0.864
475.3	NaN	602	NaN	646	1	3	359	100	100	0	408	11	11266	13	11527	22	11325	23	11651	18.602	-0.225
475.4	NaN	622	NaN	650	1	-1	362	100	100	0	405	9	11334	9	11606	17	11316	18	11582	18.647	-0.317
475.5	NaN	625	NaN	650	1	-1	362	100	100	0	407	7	11361	7	11432	13	11448	12	11513	18.616	-0.388
475.6	NaN	620	NaN	648	1	-6	360	100	100	0	407	7	11417	6	11493	14	11397	13	11494	18.599	-0.386
475.7	NaN	626	NaN	655	1	-6	362	100	100	0	405	7	11426	5	11328	14	11458	12	11390	18.574	-1.308
475.8	NaN	614	NaN	660	1	-9	363	100	100	0	410	10	11486	9	11373	20	11448	16	11402	18.571	0.713
475.9	NaN	623	NaN	659	0	-10	358	100	100	0	406	10	11517	7	11269	18	11593	15	11331	18.55	-1.337
476	NaN	602	NaN	653	0	-8	362	100	100	0	408	12	11466	10	11318	23	11474	20	11379	18.537	1.46
476.1	NaN	623	NaN	659	0	-7	360	100	100	0	411	8	11420	6	11350	13	11419	12	11341	18.579	-2.26
476.2	NaN	619	NaN	650	0	-6	358	100	100	0	407	9	11410	8	11344	18	11401	16	11403	18.552	0.903
476.3	NaN	635	NaN	694	1	-8	358	100	100	0	405	6	11386	6	11366	12	11436	10	11367	18.543	-1.191
476.4	NaN	620	NaN	640	1	-6	359	100	100	0	407	11	11408	9	11289	22	11416	20	11393	18.518	0.311
476.5	NaN	620	NaN	664	1	-6	358	100	100	0	407	7	11362	7	11376	14	11410	11	11370	18.522	0.509
476.6	NaN	614	NaN	656	1	-4	359	100	100	0	405	10	11354	8	11283	20	11401	18	11385	18.491	0.806
476.7	NaN	611	NaN	659	1	-5	357	100	100	0	408	9	11326	8	11434	15	11363	15	11395	18.505	-0.118
476.8	NaN	611	NaN	649	1	-4	357	100	100	0	407	10	11310	9	11357	19	11344	18	11421	18.474	-0.323
476.9	NaN	606	NaN	678	1	-2	360	100	100	0	407	9	11338	9	11441	18	11337	17	11447	18.494	0.049
477	NaN	612	NaN	654	1	-5	358	100	100	0	407	9	11316	8	11316	18	11376	15	11399	18.475	-1.347
477.1	NaN	619	NaN	675	1	-3	360	100	100	0	406	9	11320	10	11418	19	11325	18	11409	18.511	0.652
477.2	NaN	617	NaN	655	1	-2	362	97	87	0	406	9	11297	8	11359	16	11369	15	11429	18.489	-0.818
477.3	NaN	646	NaN	601	0	-2	362	0	0	0	409	-9	11226	-8	11324	-7	11158	-8	11301	18.451	-2.477
477.4	NaN	594	NaN	681	0	-4	362	0	0	0	407	-28	11005	-29	11062	-22	11038	-22	11096	18.141	-4.568
477.5	NaN	579	NaN	682	0	-3	357	0	0	0	404	-49	10670	-48	10700	-37	10644	-37	10506	17.676	-5.056
477.6	NaN	577	NaN	678	0	-1	358	0	0	0	404	-50	10323	-51	10546	-38	10123	-39	10361	17.107	-5.498
477.7	NaN	573	NaN	671	0	-3	360	0	0	0	404	-52	9964	-52	10108	-40	9833	-40	10076	16.53	-6.816
477.8	NaN	567	NaN	667	0	0	371	0	0	0	405	-54	9498	-52	9655	-42	9437	-42	9738	15.952	-5.9
477.9	NaN	569	NaN	660	0	2	438	0	0	0	455	-56	9142	-54	9450	-45	9114	-44	9266	15.251	-8.075
478	NaN	568	NaN	678	0	1	530	0	0	0	544	-54	8533	-56	8915	-46	8520	-45	8872	14.553	-6.899
478.1	NaN	573	NaN	675	0	2	564	0	0	0	573	-54	7976	-54	8372	-45	7906	-45	8313	13.717	-8.499
478.2	NaN	579	NaN	680	0	27	537	6	0	0	575	-66	7632	-50	8220	-48	6860	-38	7677	12.898	-13.735
478.3	NaN	589	NaN	727	0	29	376	9	0	0	425	-47	6871	-36	7883	-37	1775	-31	7374	12.188	-4.625
478.4	NaN	593	NaN	707	0	31	361	11	1	0	402	-15	4848	-32	7454	-40	5916	-28	7445	11.629	-2.423
478.5	NaN	628	NaN	656	0	39	362	39	28	0	404	6	6324	19	7473	15	6466	43	7520	11.205	0.328
478.6	NaN	637	NaN	666	0	55	362	39	27	0	405	3	6237	19	7314	9	6347	44	7466	11.15	-1.963
478.7	NaN	621	NaN	626	0	59	362	41	29	0	408	3	6166	24	7322	8	6256	55	7441	11.029	-1.704
478.8	NaN	636	NaN	645	0	58	365	40	29	0	406	3	6075	24	7322	8	6226	55	7415	10.949	0.729
478.9	NaN	643	NaN	667	0	63	364	39	25	0	407	2	5954	17	7221	5	6102	40	7350	10.834	-1.542
479	NaN	623	NaN	750	0	66	366	36	21	0	404	0	5883	8	7056	1	5934	20	7201	10.678	-2.931
479.1	NaN	650	NaN	747	0	66	363	35	23	0	405	0	5761	11	6935	2	5718	25	7069	10.448	-2.025
479.2	NaN	672	NaN	705	0	65	360	35	22	0	407	1	5487	9	6715	2	5718	22	6883	10.264	1.545
479.3	NaN	651	NaN	762	0	66	362	37	25	0	407	1	5475	10	6626	2	5490	25	6742	10.035	-2.386
479.4	NaN	645	NaN	676	0	65	362	49	38	0	407	1	5312	20	6579	4	5415	46	6709	9.881	-0.797
479.5	NaN	599	NaN	604	0	64	363	63	53	0	409	7	5437	56	6931	18	5503	68	6792	9.843	1.616
479.6	NaN	587	NaN	622	0	68	361	79	69	0	407	5	5546	57	6759	12	5636	70	6727	10.041	-0.488
479.7	NaN	601	NaN	615	0	65	363	100	97	0	407	7	5541	56	6964	18	5839	69	6933	10.029	-0.28
479.8	NaN	600	NaN	616	0	65	360	100	100	0	408	8	5609	56	6994	18	5673	69	7019	10.197	1.541
479.9	NaN	600	NaN	612	0	60	363	100	100	0	407	10	5739	56	7079	25	5836	68	7093	10.257	1.88
480	NaN	603	NaN	623	0	57	359	100	100	0	406	11	6253	57	7013	26	6019	69	7087	10.397	1.876
480.1	NaN	619	NaN	609	0	51	363	100	100	0	410	15	6127	56	7101	36	6234	69	7133	10.537	1.186
480.2	NaN	600	NaN	612	0	41	362	100	100	0	407	21	6309	57	7196	49	6307	69	7255	10.818	2.664
480.3	NaN	584	NaN	623	0	42	360	100	100	0	407	21	6797	57	7336	50	6459	69	7355	11.112	3.26
480.4	NaN	589	NaN	633	0	39	362	100	100	0	407	22	6638	56	7521	51	6740	69	7568	11.411	3.102
480.5	NaN	599	NaN	612	0	36	360	100	100	0	407	26	6991	56	7750	59	6958	69	7772	11.731	2.85
480.6	NaN	597	NaN	590	0	27	359	100	100	0	409	29	7091	56	7883	58	7342	69	7944	12.051	4.335
480.7	NaN	603	NaN	606	0	23	360	100	100	0	407	31	7591	54	7982	58	7444	69	8061	12.437	3.734
480.8	NaN	621	NaN	594	0	19	358	100	100	0	408	31	7656	53	8184	59	7689	69	8269	12.809	4.133
480.9	NaN	589	NaN	590	0	14	361	100	100	0	406	33	7901	48	8365	58	7942	68	8466	13.145	4.094
481	NaN	591	NaN	589	0	9	362	100	100	0	406	35	8149	46	8534	59	8207	69	8643	13.503	3.375
481.1	NaN	604	NaN	586	0	3	358	100	100	0	407	38	8505	41	8651	58	8497	69	8778	13.916	6.448
481.2	NaN	601	NaN	607	0	-2	359	42	32	0	408	35	8705	34	8839	58	8774	68	9035	14.25	3.514
481.3	NaN	616	NaN	680	0	-18	360	0	0	0	405	-14	8606	-17	8464	-12	8659	-14	8471	14.035	-2.463
481.4	NaN	588	NaN	705	0	-28	363	0	0	0	408	-30	8568	-39	7976	-26	8495	-33	7820	13.628	-5.463
481.5	NaN	579	NaN	686	0	-31	363	0	0	0	405	-46	8119	-56	7177	-38	8164	-51	5739	13.044	-5.699
481.6	NaN	663	NaN	619	0	-52	361	21	21	0	406	-0	8088	-0	7139	-1	8150	-0	5452	12.579	-2.269
481.7	NaN	659	NaN	617	0	-51	359	21	21	0	407	0	7940	-0	6809	0	7990	0	6552	12.196	-2.197
481.8	NaN	660	NaN	604	0	-52	358	27	27	0	405	3	7791	0	6661	8	7811	2	6592	11.858	-1.542
481.9	NaN	643	NaN	597	0	-48	360	28	28	0	406	5	7648	1	6531	12	7663	2	6569	11.585	-2.541
482	NaN	610	NaN	610.1153846	0	-49	357	34	34	0	405	19	7598	5	6494	44	7639	11	6584	11.476	-0.478
482.1	NaN	601	NaN	609.7307692	0	-47	360	41	40	0	406	36	7632	8	6568	58	7626	19	6724	11.489	0.51
482.2	NaN	609	NaN	609.3461538	0	-53	363	39	34	0	405	29	7562	6	6541	58	7625	13	6755	11.551	0.295
482.3	NaN	607	NaN	608.9615385	0	-51	363	38	37	0	406	29	7691	5	6520	58	7700	13	6714	11.506	0.904
482.4	NaN	610	NaN	608.5769231	0	-51	358	36	33	0	406	25	7617	5	6440	56	7670	12	6955	11.51	0.676
482.5	NaN	627	NaN	608.1923077	0	-50	361	33	30	0	408	14	7549	3	6365	33	7569	7	6519	11.436	0.092
482.6	NaN	623	NaN	607.8076923	0	-50	361	33	31	0	404	15	7534	3	6307	35	7603	8	6859	11.229	-1.155
482.7	NaN	617	NaN	607.4230769	0	-42	357	34	36	0	405	16	7585	5	6269	36	7550	10	6830	11.054	-0.141
482.8	NaN	618	NaN	607.0384615	0	-26	361	32	26	0	406	14	7376	6	6431	25	7320	16	6343	11.167	1.417
482.9	NaN	612	NaN	606.6538462	0	0	363	37	29	0	404	11	6832	11	6713	27	6903	26	6744	11.084	-0.598
483	NaN	628	NaN	606.2692308	0	31	363	38	27	0	407	6	6497	13	7016	14	6597	31	7094	11.108	1.32
483.1	NaN	634	NaN	605.8846154	0	49	362	39	28	0	407	4	6215	19	7190	10	6321	46	7311	10.987	-0.31
483.2	NaN	623	NaN	624	0	49	359	44	33	0	406	6	6149	30	7272	15	6249	70	7424	10.958	0.171
483.3	NaN	599	NaN	601	0	50	358	54	43	0	407	12	6323	54	7404	29	6376	69	7435	11.08	0.622
483.4	NaN	594	NaN	598	0	51	360	55	43	0	409	12	6469	56	7591	28	6451	69	7606	11.228	2.723
483.5	NaN	589	NaN	604	0	55	359	55	43	0	407	11	6481	56	7604	24	6580	69	7635	11.378	0.967
483.6	NaN	592	NaN	612	0	55	363	55	43	0	408	10	6444	56	7798	24	6750	70	7851	11.414	1.163
483.7	NaN	625	NaN	595	0	58	358	55	43	0	404	9	6695	56	7692	22	6720	70	7768	11.577	0.844
483.8	NaN	599	NaN	607	0	55	360	55	43	0	409	11	6645	56	7894	25	7055	69	7853	11.643	1.681
483.9	NaN	590	NaN	608	0	56	358	57	46	0	410	12	6641	57	7804	27	7658	69	7861	11.777	1.28
484	NaN	626	NaN	607	0	55	358	61	48	0	409	13	6786	56	7951	29	8550	69	8062	11.796	3.471
484.1	NaN	623	NaN	615	0	53	358	60	48	0	408	13	7380	56	7853	31	7469	69	7991	11.917	1.555
484.2	NaN	614	NaN	625	0	54	363	61	49	0	407	14	7120	56	7944	32	7304	68	8036	11.999	1.703
484.3	NaN	587	NaN	609	0	52	360	91	80	0	407	15	7170	56	7994	34	7290	70	8052	12.124	1.017
484.4	NaN	596	NaN	591	0	49	359	100	100	0	407	16	7264	57	8115	35	7268	69	8161	12.248	1.071
484.5	NaN	593	NaN	584	0	49	361	100	100	0	406	16	7301	56	8167	37	7319	69	8243	12.42	1.794
484.6	NaN	592	NaN	588	0	33	364	100	100	0	409	25	7496	56	8346	56	7496	68	8420	12.617	2.892
484.7	NaN	585	NaN	593	0	24	359	100	100	0	406	29	7836	55	8417	56	7717	69	8447	12.934	3.995
484.8	NaN	593	NaN	594	0	13	362	100	100	0	409	34	8005	47	8519	56	7974	69	8573	13.277	4.202
484.9	NaN	591	NaN	593	0	-8	363	100	100	0	407	43	8423	37	8521	57	8341	69	8621	13.626	3.547
485	NaN	654	NaN	613	0	-30	360	79	76	0	406	52	8913	25	8415	57	8812	55	8628	13.926	1.809
485.1	NaN	615	NaN	651	0	-41	358	97	92	0	405	54	9273	20	8420	56	9112	43	8846	14.128	4.069
485.2	NaN	613	NaN	658	0	-50	360	100	100	0	405	57	9366	15	8419	58	9295	32	8747	14.265	0.267
485.3	NaN	610	NaN	641	0	-51	362	100	100	0	405	59	9379	16	8410	55	9332	33	8754	14.343	0.92
485.4	NaN	619	NaN	636	0	-45	359	100	100	0	404	57	9421	18	8502	57	9351	39	8713	14.409	1.993
485.5	NaN	612	NaN	639	0	-43	357	100	100	0	404	57	9478	19	8535	55	9433	39	9035	14.514	0.903
485.6	NaN	628	NaN	615	0	-25	362	100	100	0	405	50	9459	25	8849	57	9493	52	8908	14.673	3.265
485.7	NaN	649	NaN	588	0	-11	357	100	100	0	407	42	9385	32	9115	57	9465	68	9257	14.942	2.463
485.8	NaN	609	NaN	586	0	5	363	100	100	0	407	36	9328	38	9555	57	9440	69	9528	15.257	3.87
485.9	NaN	643	NaN	588	0	16	362	100	100	0	409	31	9365	43	9838	56	9393	68	9883	15.514	1.44
486	NaN	603	NaN	577	0	22	364	100	100	0	408	28	9569	45	10012	57	9577	69	10135	15.79	3.045
486.1	NaN	602	NaN	583	0	21	361	100	100	0	407	29	9835	44	10231	56	9698	69	10331	16.003	2.09
486.2	NaN	617	NaN	591	0	21	358	100	100	0	405	26	9887	44	10399	54	9785	69	10475	16.21	2.422
486.3	NaN	593	NaN	587	0	22	360	100	100	0	407	28	9904	43	10469	56	9883	69	10595	16.433	1.837
486.4	NaN	634	NaN	565	0	20	359	100	100	0	407	27	10316	43	10624	53	10061	69	10719	16.632	1.79
486.5	NaN	640	NaN	577	0	16	359	100	100	0	407	29	10267	41	10758	56	10251	68	10848	16.834	2.256
486.6	NaN	589	NaN	583	0	13	359	100	100	0	405	30	10377	40	10753	56	10324	69	10904	17.072	2.702
486.7	NaN	594	NaN	582	0	1	359	100	100	0	405	34	10608	35	10906	56	10613	68	10972	17.334	3.515
486.8	NaN	604	NaN	602	0	-11	358	100	100	0	407	28	10810	23	10766	56	10903	46	10893	17.568	0.99
486.9	NaN	615	NaN	624	0	-15	361	100	100	0	405	33	11043	24	10763	56	11088	46	10898	17.699	2.145
487	NaN	611	NaN	631	0	-18	357	100	100	0	405	26	11169	19	10878	53	11246	38	10950	17.878	1.854
487.1	NaN	600	NaN	628	0	-16	357	100	100	0	408	28	11185	20	10887	54	11249	39	11043	17.956	0.42
487.2	NaN	591	NaN	667	0	-15	362	100	100	0	404	24	11290	18	11015	45	11372	35	11065	18.073	1.85
487.3	NaN	603	NaN	651	0	-17	359	100	100	0	405	22	11358	17	10975	43	11360	31	11056	18.125	-0.302
487.4	NaN	634	NaN	653	0	-17	357	100	100	0	405	24	11392	17	11034	46	11480	34	11133	18.19	0.839
487.5	NaN	602	NaN	677	0	-15	359	100	100	0	404	18	11337	14	11068	35	11410	26	11135	18.237	-0.551
487.6	NaN	605	NaN	644	0	-13	361	100	100	0	404	19	11350	16	11064	39	11454	31	11208	18.236	-0.49
487.7	NaN	602	NaN	686	0	-7	357	100	100	0	403	16	11297	13	11192	29	11352	27	11246	18.287	0.042
487.8	NaN	607	NaN	664	0	-5	362	100	100	0	407	14	11247	13	11132	28	11322	25	11284	18.272	-0.727
487.9	NaN	602	NaN	698	1	-4	360	100	100	0	407	15	11218	13	11258	27	11278	25	11279	18.292	0.154
488	NaN	612	NaN	654	1	-2	363	100	100	0	406	16	11155	15	11254	31	11211	29	11360	18.273	-0.821
488.1	NaN	599	NaN	719	1	1	363	100	100	0	407	15	11183	14	11358	27	11233	27	11387	18.301	0.155
488.2	NaN	611	NaN	667	1	0	359	100	100	0	408	16	11108	15	11351	31	11155	30	11445	18.296	0.059
488.3	NaN	601	NaN	679	1	1	359	100	100	0	409	14	11171	14	11355	27	11254	26	11411	18.337	1.723
488.4	NaN	611	NaN	666	1	2	364	100	100	0	406	13	11137	14	11399	26	11190	27	11452	18.369	0.05
488.5	NaN	594	NaN	676	1	-1	361	100	100	0	408	14	11193	14	11347	27	11258	26	11468	18.412	1.351
488.6	NaN	598	NaN	648	1	-1	359	100	100	0	407	11	11224	11	11461	21	11257	22	11474	18.44	-0.594
488.7	NaN	599	NaN	673	1	-1	357	100	100	0	407	13	11236	13	11392	26	11268	25	11490	18.457	0.619
488.8	NaN	596	NaN	662	1	-1	363	100	100	0	407	11	11269	11	11473	21	11308	20	11497	18.501	1.006
488.9	NaN	595	NaN	648	1	-1	362	100	100	0	406	10	11267	11	11391	21	11300	21	11517	18.469	-0.183
489	NaN	594	NaN	691	1	-2	363	100	100	0	410	11	11297	11	11482	21	11345	20	11451	18.503	0.572
489.1	NaN	597	NaN	662	1	-2	359	100	100	0	407	10	11284	10	11357	20	11283	19	11474	18.471	-0.28
489.2	NaN	607	NaN	659	1	-4	358	100	100	0	407	11	11316	10	11461	20	11353	18	11444	18.483	-0.601
489.3	NaN	602	NaN	639	1	-4	361	100	100	0	407	9	11291	9	11355	18	11278	18	11452	18.433	-0.158
489.4	NaN	590	NaN	638	1	-1	361	100	100	0	407	12	11264	12	11470	23	11329	23	11441	18.479	0.422
489.5	NaN	600	NaN	657	1	-3	361	100	100	0	407	9	11254	10	11394	18	11284	16	11463	18.451	-1.197
489.6	NaN	590	NaN	637	1	-1	357	100	100	0	406	11	11266	12	11452	24	11319	22	11463	18.463	0.483
489.7	NaN	598	NaN	646	1	-2	359	100	100	0	408	9	11290	9	11370	18	11330	16	11467	18.457	-0.456
489.8	NaN	591	NaN	629	1	-2	360	100	100	0	407	11	11252	11	11435	22	11302	21	11465	18.454	0.711
489.9	NaN	597	NaN	644	1	-3	360	100	98	0	406	11	11311	10	11410	20	11336	18	11449	18.447	-2.124
490	NaN	635	NaN	599	0	-2	361	0	0	0	406	-8	11162	-8	11283	-8	11168	-8	11297	18.384	-1.69
490.1	NaN	590	NaN	668	0	-2	359	0	0	0	406	-28	10966	-29	11112	-20	10891	-21	11116	18.077	-5.394
490.2	NaN	569	NaN	679	0	-1	356	0	0	0	405	-48	10639	-48	10788	-36	10564	-36	10637	17.597	-6.524
490.3	NaN	566	NaN	663	0	4	358	0	0	0	406	-50	10129	-51	10555	-38	10158	-37	10509	17.063	-5.591
490.4	NaN	568	NaN	668	0	1	361	0	0	0	403	-53	9928	-50	10165	-40	9844	-39	10049	16.425	-7.343
490.5	NaN	568	NaN	663	0	1	359	0	0	0	406	-52	9532	-52	9734	-42	9581	-41	9685	15.804	-6.784
490.6	NaN	565	NaN	681	0	0	363	0	0	0	406	-55	9106	-56	9269	-45	9108	-45	9169	15.211	-5.781
490.7	NaN	584	NaN	687	0	3	358	14	8	0	404	-25	8776	-25	9109	-21	8908	-20	9088	14.757	-2.498
490.8	NaN	589	NaN	691	0	6	364	15	7	0	406	-25	8622	-24	9017	-21	8529	-20	8885	14.331	-5.266
490.9	NaN	587	NaN	683	0	27	363	15	4	0	406	-31	7929	-24	8820	-26	8106	-20	8782	13.952	-4.979
491	NaN	582	NaN	684	0	39	363	9	0	0	408	-48	7133	-33	8782	-42	7361	-27	8719	13.278	-5.682
491.1	NaN	613	NaN	601	0	45	357	26	13	0	407	-15	6257	-11	8165	-11	7551	-10	8483	12.713	-5.237
491.2	NaN	578	NaN	590	0	51	362	60	49	0	405	15	7139	56	8337	35	8004	69	8465	12.617	-1.145
491.3	NaN	585	NaN	593	0	37	361	64	53	0	406	23	8044	55	8435	52	8084	69	8588	12.707	1.517
491.4	NaN	585	NaN	588	0	34	358	66	55	0	408	24	8024	55	8452	53	8126	69	8537	12.967	2.124
491.5	NaN	585	NaN	590	0	39	363	67	55	0	407	22	8216	54	8686	48	7955	68	8656	13.199	2.697
491.6	NaN	566	NaN	592	0	47	360	68	56	0	408	17	7918	56	8813	39	8020	68	8820	13.421	0.247
491.7	NaN	574	NaN	594	0	40	361	77	64	0	408	22	8398	55	8983	47	8134	69	8995	13.609	2.672
491.8	NaN	580	NaN	589	0	22	360	79	67	0	411	29	8454	49	9093	57	8514	68	9201	13.818	3.607
491.9	NaN	579	NaN	589	0	36	362	66	55	0	409	21	10274	54	9040	47	8737	69	9067	14.184	0.243
492	NaN	641	NaN	590	0	26	357	78	65	0	409	26	8599	49	9413	56	8482	69	9527	14.343	2.396
492.1	NaN	573	NaN	586	0	35	362	79	68	0	406	22	9161	52	9476	48	8848	70	9442	14.712	2.819
492.2	NaN	569	NaN	609	0	25	358	94	83	0	408	26	8929	49	9683	55	8860	69	9715	14.9	3.596
492.3	NaN	576	NaN	586	0	23	357	100	100	0	407	26	9363	47	9699	56	9125	69	9788	15.188	3.766
492.4	NaN	586	NaN	589	0	19	360	100	100	0	407	28	9221	46	9868	58	9311	68	9991	15.44	2.544
492.5	NaN	573	NaN	591	0	16	361	100	100	0	409	29	9470	44	10033	56	9519	69	10098	15.759	3.084
492.6	NaN	575	NaN	589	0	5	364	100	100	0	408	35	9713	38	10096	57	9768	68	10185	16.04	3.274
492.7	NaN	601	NaN	588	0	-7	359	100	100	0	408	38	10028	32	10050	56	10055	67	10231	16.375	3.348
492.8	NaN	618	NaN	591	0	-18	359	100	100	0	407	41	10381	29	10117	56	10427	59	10288	16.666	3.17
492.9	NaN	589	NaN	602	0	-21	361	100	100	0	404	42	10612	27	10295	56	10641	54	10366	16.915	2.546
493	NaN	583	NaN	603	0	-25	360	100	100	0	405	44	10763	25	10251	56	10800	50	10462	17.111	2.042
493.1	NaN	593	NaN	599	0	-24	356	100	100	0	403	43	10997	25	10364	56	11033	49	10602	17.307	2.613
493.2	NaN	580	NaN	604	0	-19	361	100	100	0	405	41	11017	26	10658	56	11023	49	10671	17.509	1.806
493.3	NaN	586	NaN	597	0	5	363	100	100	0	407	24	10782	27	10864	46	10928	54	10976	17.768	2.479
493.4	NaN	634	NaN	587	0	12	359	100	100	0	407	25	10743	32	11357	48	10811	63	11388	17.934	1.902
493.5	NaN	590	NaN	602	0	9	362	100	100	0	408	22	10919	26	11326	42	10919	50	11467	18.114	1.808
493.6	NaN	597	NaN	632	0	7	359	100	100	0	407	20	10960	24	11393	38	11050	45	11496	18.28	1.372
493.7	NaN	591	NaN	591.66	0	3	359	100	100	0	406	17	11055	17	11369	32	11093	35	11431	18.314	-0.299
493.8	NaN	603	NaN	592.32	0	-4	362	100	100	0	407	15	11168	15	11277	30	11258	29	11382	18.391	1.15
493.9	NaN	584	NaN	592.98	1	-3	357	100	100	0	405	12	11186	11	11317	24	11258	22	11360	18.403	0.302
494	NaN	598	NaN	593.64	1	-6	360	100	100	0	405	13	11236	12	11231	25	11312	22	11342	18.385	-0.053
494.1	NaN	602	NaN	594.3	1	-7	358	100	100	0	405	13	11313	11	11279	23	11323	19	11312	18.396	-0.208
494.2	NaN	590	NaN	594.96	1	-8	360	100	100	0	406	12	11308	10	11203	23	11345	21	11291	18.371	-0.743
494.3	NaN	587	NaN	595.62	1	-7	359	100	100	0	406	14	11302	13	11256	27	11449	25	11374	18.324	1.844
494.4	NaN	600	NaN	596.28	1	-4	362	100	100	0	406	14	11243	13	11276	26	11223	25	11406	18.428	-1.716
494.5	NaN	591	NaN	596.94	1	-1	358	100	100	0	406	11	11294	11	11407	21	11402	20	11412	18.391	1.234
494.6	NaN	595	NaN	597.6	1	1	359	100	100	0	407	13	11187	13	11363	25	11190	26	11401	18.397	-0.41
494.7	NaN	591	NaN	598.26	1	0	359	100	100	0	405	13	11241	14	11282	26	11306	25	11443	18.506	1.918
494.8	NaN	600	NaN	598.92	1	-3	360	100	100	0	406	9	11236	9	11402	18	11262	18	11438	18.44	-0.346
494.9	NaN	593	NaN	599.58	1	1	361	100	100	0	405	11	11276	12	11326	22	11317	22	11405	18.478	0.32
495	NaN	585	NaN	600.24	1	4	363	74	64	0	406	10	11216	12	11471	21	11257	22	11502	18.513	0.057
495.1	NaN	625	NaN	600.9	0	2	357	0	0	0	407	-12	11029	-11	11304	-8	11021	-7	11385	18.375	-1.666
495.2	NaN	580	NaN	601.56	0	2	370	0	0	0	420	-34	10863	-32	11122	-24	10787	-24	11121	18.059	-3.912
495.3	NaN	566	NaN	602.22	0	3	427	0	0	0	444	-52	10385	-49	10653	-39	10307	-37	10670	17.487	-6.271
495.4	NaN	566	NaN	602.88	0	3	405	0	0	0	459	-52	10014	-51	10333	-39	9932	-39	10190	16.852	-5.99
495.5	NaN	566	NaN	603.54	0	-1	519	0	0	0	530	-53	9532	-53	9899	-42	9578	-41	9797	16.146	-8.088
495.6	NaN	566	NaN	604.2	0	-5	701	0	0	0	684	-55	9074	-56	9178	-44	8915	-45	8940	15.258	-10.349
495.7	NaN	577	NaN	604.86	0	-10	770	0	0	0	712	-52	8527	-56	8448	-43	8469	-47	8114	14.231	-11.005
495.8	NaN	575	NaN	605.52	0	-27	770	0	0	0	720	-46	8132	-56	7461	-39	8078	-52	5209	13.175	-9.382
495.9	NaN	588	NaN	606.18	0	-38	476	2	2	0	493	-44	7697	-55	6510	-39	7757	-1	2010	12.227	-7.429
496	NaN	608	NaN	606.84	0	-51	362	13	14	0	398	-18	7502	-31	6352	-16	7524	-0	2213	11.656	-5.458
496.1	NaN	657	NaN	608	0	-53	365	24	25	0	405	0	7396	0	6420	0	7388	0	2289	11.343	-3.353
496.2	NaN	608	NaN	600.82	0	-23	364	37	32	0	405	15	7318	7	6413	35	7328	17	4768	11.103	-0.415
496.3	NaN	614	NaN	600.41	0	8	361	43	33	0	406	17	6891	20	6896	40	6993	46	7016	11.248	2.685
496.4	NaN	623	NaN	612	0	35	359	44	33	0	407	10	6624	26	7333	24	6678	60	7432	11.342	0.125
496.5	NaN	630	NaN	688	0	59	365	31	15	0	406	2	6445	12	7370	5	6528	26	7474	11.414	1.559
496.6	NaN	659	NaN	615	0	64	363	32	18	0	407	-3	5991	-2	7166	-2	5711	-1	7264	11.023	-5.405
496.7	NaN	597	NaN	609	0	64	363	58	46	0	405	6	6054	54	7529	15	6123	67	7544	10.925	1.14
496.8	NaN	615	NaN	603	0	65	362	72	61	0	406	9	6171	54	7404	21	6261	67	7491	11	-0.312
496.9	NaN	669	NaN	604	0	58	362	82	71	0	406	13	6540	54	7465	30	6402	67	7582	11.071	1.813
497	NaN	606	NaN	595	0	42	361	100	100	0	406	19	6469	54	7586	44	6899	68	7655	11.163	2.517
497.1	NaN	585	NaN	594	0	32	362	100	100	0	409	26	6951	54	7602	57	7233	67	7688	11.458	2.726
497.2	NaN	592	NaN	624	0	34	362	100	100	0	407	26	7253	55	7736	56	7096	68	7778	11.767	3.044
497.3	NaN	612	NaN	618	0	39	363	100	100	0	406	22	8047	55	7908	51	7253	67	7948	12.103	2.904
497.4	NaN	599	NaN	608	0	37	360	100	100	0	408	22	7334	54	8158	49	7501	67	8222	12.397	1.923
497.5	NaN	593	NaN	586	0	37	359	100	100	0	408	23	7887	54	8312	50	7617	67	8394	12.698	2.146
497.6	NaN	593	NaN	607	0	38	359	100	100	0	409	21	7713	55	8558	48	7879	67	8481	13.055	2.954
497.7	NaN	598	NaN	590	0	17	360	100	100	0	407	28	7739	46	8713	56	10191	67	8923	13.161	2.412
497.8	NaN	594	NaN	592	0	22	362	100	100	0	405	30	9775	49	8691	56	8241	67	8769	13.636	4.245
497.9	NaN	594	NaN	597	0	17	358	100	100	0	407	29	8329	46	9029	55	9397	67	9091	13.906	2.726
498	NaN	587	NaN	597	0	18	361	100	100	0	405	30	9691	46	9107	56	8665	67	9169	14.296	4.782
498.1	NaN	611	NaN	591	0	18	364	100	100	0	405	29	8750	44	9347	56	9146	67	9452	14.664	4.268
498.2	NaN	605	NaN	581	0	14	358	100	100	0	408	30	9389	44	9490	56	9019	67	9640	14.958	2.583
498.3	NaN	602	NaN	581	0	14	357	100	100	0	408	31	9326	43	9720	56	9302	67	9776	15.341	2.431
498.4	NaN	591	NaN	585	0	10	364	100	100	0	407	33	9489	41	9963	57	9570	67	9994	15.683	3.06
498.5	NaN	603	NaN	580	0	7	360	100	100	0	407	33	9733	39	10046	57	9774	67	10121	15.998	3.445
498.6	NaN	599	NaN	580	0	5	364	100	100	0	406	34	9927	38	10181	56	9964	67	10359	16.332	3.942
498.7	NaN	607	NaN	587	1	2	361	100	100	0	406	35	10229	36	10423	57	10195	67	10503	16.659	4.326
498.8	NaN	616	NaN	600	1	-4	358	100	100	0	407	37	10712	33	10513	56	10527	67	10620	17.004	2.245
498.9	NaN	588	NaN	593	1	-4	358	100	100	0	408	33	10640	31	10666	56	10725	62	10840	17.29	1.212
499	NaN	634	NaN	599	1	-3	361	100	100	0	405	29	10742	27	10875	57	10875	52	10947	17.616	2.534
499.1	NaN	607	NaN	623	1	-5	362	100	100	0	407	23	10956	21	10912	44	11045	41	11051	17.812	2.688
499.2	NaN	604	NaN	613	1	-2	358	90	79	0	410	22	10971	21	11047	43	11025	40	11169	18.012	2.792
499.3	NaN	651	NaN	607	0	-2	362	0	0	0	406	-6	10984	-7	11078	-8	10995	-8	10982	18.082	-4.295
499.4	NaN	599	NaN	594.8181818	0	-5	538	0	0	0	569	-24	10658	-25	10611	-18	10784	-20	10805	17.733	-1.686
499.5	NaN	587	NaN	597.1363636	0	-2	745	0	0	0	690	-44	10109	-46	10251	-34	9856	-35	9098	17.057	-8.233
499.6	NaN	590	NaN	599.4545455	0	-1	817	0	0	0	761	-56	9618	-56	9625	-42	9232	-43	9316	16.003	-11.023
499.7	NaN	607	NaN	601.7727273	0	3	845	0	0	0	760	-56	8726	-54	8963	-45	8576	-44	8957	14.903	-10.156
499.8	NaN	611	NaN	604.0909091	0	5	770	0	0	0	706	-56	7989	-53	8421	-47	7862	-44	8142	13.859	-10.205
499.9	NaN	614	NaN	606.4090909	0	3	723	0	0	0	653	-55	7483	-54	7800	-46	7131	-45	7347	12.879	-10.685
500	NaN	625	NaN	608.7272727	0	8	695	0	0	0	648	-55	6818	-52	7239	-49	5513	-45	7016	11.855	-10.892
500.1	NaN	619	NaN	611.0454545	0	33	559	0	0	0	569	-19	4854	-45	6837	-56	4023	-39	6894	10.937	-7.541
500.2	NaN	703	NaN	613.3636364	0	39	360	32	22	0	403	1	5767	3	6815	3	5104	8	6884	10.325	-1.779
500.3	NaN	692	NaN	615.6818182	0	55	362	32	22	0	408	0	5645	4	6627	2	5694	10	6665	10.12	-3.454
500.4	NaN	675	NaN	630	0	59	365	42	32	0	408	3	5544	22	6666	6	5542	54	6812	9.906	-2.83
500.5	NaN	646	NaN	619	0	55	359	52	42	0	407	8	5613	53	6934	20	5601	67	6919	9.99	1.717
500.6	NaN	647	NaN	614	0	59	359	52	41	0	407	8	5704	52	7008	18	5716	67	6934	10.114	0.387
500.7	NaN	639	NaN	613	0	66	364	51	36	0	406	4	5705	49	6969	10	5791	68	7015	10.244	2.017
500.8	NaN	642	NaN	614	0	64	364	50	37	0	408	5	5626	47	6926	12	5699	68	7067	10.242	1.313
500.9	NaN	682	NaN	617	0	43	360	50	39	0	407	11	5755	43	6936	25	5962	67	7068	10.277	1.152
501	NaN	700	NaN	621	0	2	362	51	41	0	406	27	6304	31	6833	56	6378	68	7035	10.568	6.07
501.1	NaN	655	NaN	683	0	-20	363	38	32	0	405	21	6746	14	6485	48	6799	33	6593	10.87	1.673
501.2	NaN	703	NaN	615	0	-48	360	30	25	0	404	4	6908	1	6248	10	6945	2	6262	10.714	-2.496
501.3	NaN	683	NaN	611	0	-68	361	38	35	0	404	11	6805	1	5912	26	6919	2	6030	10.598	-2.036
501.4	NaN	675	NaN	612	0	-73	361	79	79	0	403	29	7026	1	5748	57	7072	2	5726	10.389	-0.276
501.5	NaN	663	NaN	665	0	-71	362	100	100	0	407	71	7427	4	5675	54	7098	9	5809	10.451	2.7
501.6	NaN	652	NaN	683	0	-67	362	100	100	0	407	71	7324	5	5688	54	7159	14	5915	10.459	2.012
501.7	NaN	654	NaN	698	0	-59	358	100	100	0	408	71	7562	10	5835	55	7229	24	6172	10.549	2.382
501.8	NaN	655	NaN	605	0	-25	362	100	100	0	406	59	7147	28	6144	54	7246	65	8936	10.653	2.005
501.9	NaN	652	NaN	592	0	-10	361	100	100	0	407	49	7229	40	6619	54	7155	65	8014	11	7.369
502	NaN	675	NaN	605	0	-25	360	100	100	0	405	56	7217	29	6654	54	7287	67	8365	11.331	0.566
502.1	NaN	644	NaN	620	0	-27	359	100	100	0	407	57	7429	31	7661	54	7432	68	7195	11.662	3.921
502.2	NaN	662	NaN	632	0	-31	360	100	100	0	406	58	7752	26	7243	54	7735	60	7380	12.077	3.999
502.3	NaN	639	NaN	620	0	-32	361	100	100	0	406	59	8000	26	7384	54	8060	61	7550	12.401	1.199
502.4	NaN	655	NaN	635	0	-30	359	100	100	0	405	57	8234	26	7715	55	8224	58	7784	12.743	3.762
502.5	NaN	645	NaN	602	0	-23	362	100	100	0	404	51	8343	30	7895	54	8373	64	7984	13.115	2.714
502.6	NaN	642	NaN	604	0	-13	363	100	100	0	407	48	8496	33	8206	54	8486	68	8329	13.493	3.778
502.7	NaN	646	NaN	610	0	-9	362	100	100	0	408	45	8704	35	8498	54	8602	67	8599	13.898	3.529
502.8	NaN	651	NaN	600	0	-4	359	100	100	0	407	41	8953	36	8783	54	8918	66	8862	14.19	2.662
502.9	NaN	640	NaN	618	0	1	358	100	100	0	408	38	8924	39	9033	54	8984	67	9166	14.652	4.862
503	NaN	629	NaN	617	1	3	362	100	100	0	410	38	9179	37	9415	54	9196	66	9490	14.972	3.332
503.1	NaN	634	NaN	614	1	1	360	100	100	0	409	36	9342	39	9618	54	9420	67	9634	15.338	3.272
503.2	NaN	651	NaN	624	1	-0	359	100	100	0	408	36	9640	37	9757	54	9614	68	9863	15.701	3.477
503.3	NaN	638	NaN	615	1	-1	357	100	100	0	406	37	9822	36	9947	54	9860	67	10104	16.03	2.982
503.4	NaN	642	NaN	610	1	0	359	100	100	0	407	35	9998	36	10218	54	10062	68	10326	16.408	4.242
503.5	NaN	635	NaN	630	1	-1	356	100	100	0	408	35	10198	36	10476	54	10277	67	10572	16.742	3.504
503.6	NaN	629	NaN	638	1	2	361	100	95	0	408	35	10425	35	10570	54	10420	66	10753	17.1	3.245
503.7	NaN	648	NaN	656	0	-0	359	28	15	0	408	-1	10358	-2	10680	-4	10381	-6	10720	17.402	0.424
503.8	NaN	706	NaN	631	0	0	360	25	13	0	407	-0	10363	-1	10644	-0	10366	-1	10649	17.244	-2.085
503.9	NaN	650	NaN	631	0	0	357	5	0	0	406	-20	10231	-21	10476	-16	10189	-17	10482	17.051	-2.811
504	NaN	701	NaN	632	0	1	360	27	18	0	408	-0	10136	-0	10535	-0	10126	-0	10425	16.809	-1.959
504.1	NaN	683	NaN	623	0	10	365	17	4	0	409	-8	9901	-8	10334	-7	10013	-7	10304	16.642	-2.998
504.2	NaN	695	NaN	629	0	10	358	24	15	0	407	-8	9598	-6	10176	-6	9680	-4	10290	16.356	-1.741
504.3	NaN	699	NaN	631	0	7	363	25	16	0	406	-0	9583	-0	10176	0	9583	-0	10139	16.211	-0.992
504.4	NaN	703	NaN	631	0	19	360	25	12	0	404	-5	9454	-5	9956	-4	9482	-4	9987	16.053	-3.058
504.5	NaN	683	NaN	623	0	26	365	22	9	0	408	-10	9040	-8	9972	-8	9110	-7	9990	15.743	-4.299
504.6	NaN	642	NaN	678	0	29	360	19	6	0	404	-25	7670	-18	9659	-19	8492	-14	9761	15.419	-5.743
504.7	NaN	636	NaN	679	0	12	361	19	6	0	405	-23	8435	-19	9596	-18	7285	-15	9640	14.904	-2.321
504.8	NaN	661	NaN	624	0	22	359	19	10	0	404	-17	8075	-14	9184	-13	8221	-11	9164	14.592	-2.37
504.9	NaN	656	NaN	653	0	18	361	19	10	0	405	-16	7997	-13	9031	-14	8177	-11	9009	14.065	-2.969
505	NaN	680	NaN	611	0	35	359	22	11	0	405	-13	6826	-9	8510	-11	7824	-7	8665	13.814	-5.775
505.1	NaN	699	NaN	623	0	26	360	32	22	0	408	0	7590	2	8657	2	7753	5	8794	13.458	-1.419
505.2	NaN	653	NaN	654	0	28	358	39	29	0	409	9	7919	18	8551	20	7881	39	8679	13.452	0.219
505.3	NaN	694	NaN	633	0	42	363	28	14	0	408	-0	7555	0	8532	0	7593	0	8596	13.292	-4.267
505.4	NaN	697	NaN	608	0	41	359	32	21	0	407	0	7409	2	8594	1	7418	5	8591	13.014	-1.851
505.5	NaN	687	NaN	681	0	40	362	32	22	0	405	1	7219	4	8312	3	7120	9	8380	12.775	-1.598
505.6	NaN	678	NaN	631	0	40	362	32	22	0	406	1	6888	3	8053	3	7123	9	8185	12.633	-0.321
505.7	NaN	684	NaN	665	0	30	360	32	22	0	406	1	6944	4	8103	4	6986	8	8083	12.334	-2.29
505.8	NaN	677	NaN	635	0	32	363	32	22	0	408	1	6917	3	7843	3	6987	8	7863	12.175	-1.646
505.9	NaN	690	NaN	618	0	42	360	31	19	0	408	1	6759	3	7724	2	6822	7	7776	11.988	-1.678
506	NaN	693	NaN	623	0	50	362	31	21	0	407	0	6508	1	7625	1	6584	4	7633	11.709	-2.404
506.1	NaN	657	NaN	682	0	50	360	36	26	0	406	2	6404	10	7577	4	6458	25	7595	11.485	-1.877
506.2	NaN	645	NaN	654	0	51	363	40	30	0	408	5	6341	22	7660	12	6404	51	7705	11.372	-0.174
506.3	NaN	645	NaN	632	0	49	360	40	31	0	408	5	6339	25	7536	12	6474	56	7580	11.374	-0.57
506.4	NaN	638	NaN	638	0	51	360	40	31	0	407	5	6319	24	7528	13	6460	54	7602	11.314	0.34
506.5	NaN	636	NaN	619	0	49	361	43	34	0	407	6	6311	28	7502	16	6447	66	7572	11.288	0.298
506.6	NaN	609	NaN	612	0	48	359	78	69	0	409	16	6570	54	7667	36	6687	67	7642	11.349	2.309
506.7	NaN	619	NaN	612	0	42	363	99	90	0	409	20	6870	54	7724	47	6786	67	7714	11.521	3.173
506.8	NaN	617	NaN	605	0	27	363	100	94	0	407	29	7020	54	7773	54	7028	66	7774	11.838	4.069
506.9	NaN	615	NaN	603	0	17	360	100	100	0	408	35	7307	52	7905	55	7318	67	7931	12.141	3.658
507	NaN	620	NaN	588	0	15	361	100	100	0	407	35	7540	52	8072	54	7572	67	8065	12.526	3.15
507.1	NaN	608	NaN	606	0	15	362	100	100	0	408	34	7760	50	8306	55	7783	67	8274	12.863	3.883
507.2	NaN	611	NaN	603	0	13	358	100	100	0	409	35	8001	48	8484	54	8010	67	8515	13.218	3.436
507.3	NaN	627	NaN	599	0	9	363	100	100	0	407	36	8245	44	8609	55	8269	67	8650	13.559	3.99
507.4	NaN	611	NaN	600	0	5	358	100	100	0	407	36	8442	43	8759	54	8474	66	8818	13.913	2.436
507.5	NaN	629	NaN	596	1	2	356	100	100	0	409	38	8696	41	8899	54	8698	67	8999	14.218	3.299
507.6	NaN	630	NaN	589	1	-2	358	100	100	0	407	41	8979	37	8996	54	8996	67	9111	14.57	3.278
507.7	NaN	621	NaN	595	1	-3	360	100	100	0	407	39	9222	36	9207	55	9248	66	9351	14.896	3.93
507.8	NaN	639	NaN	594	1	-6	360	100	100	0	407	38	9432	35	9475	55	9472	67	9541	15.2	2.743
507.9	NaN	651	NaN	592	1	-2	361	100	100	0	406	38	9582	36	9655	54	9641	66	9725	15.555	2.708
508	NaN	624	NaN	597	1	-5	358	100	100	0	407	38	9795	35	9792	54	9800	67	9927	15.877	3.479
508.1	NaN	627	NaN	591	1	-5	358	100	100	0	409	36	10018	35	9986	54	10069	67	10186	16.205	2.728
508.2	NaN	625	NaN	594	1	-2	363	100	100	0	406	37	10228	33	10284	54	10268	67	10336	16.562	4.288
508.3	NaN	628	NaN	577	1	-3	362	100	100	0	405	37	10392	33	10425	54	10446	68	10557	16.901	2.674
508.4	NaN	619	NaN	601	1	-4	357	100	100	0	409	36	10642	32	10594	54	10687	62	10769	17.203	2.797
508.5	NaN	628	NaN	608	1	-4	357	100	100	0	409	29	10747	26	10839	54	10845	52	10892	17.52	4.141
508.6	NaN	617	NaN	622	1	-3	361	100	100	0	407	25	10920	22	10870	48	10977	45	11070	17.729	1.046
508.7	NaN	638	NaN	632	1	-4	360	100	100	0	407	22	11048	20	11018	42	11108	40	11113	17.926	2.219
508.8	NaN	636	NaN	659	1	-3	363	100	100	0	409	16	11071	15	11144	31	11100	30	11158	18.046	-0.154
508.9	NaN	644	NaN	646	1	-2	357	100	100	0	407	17	11142	17	11090	33	11202	32	11222	18.158	1.344
509	NaN	621	NaN	690	1	-3	361	100	100	0	405	14	11138	12	11232	25	11203	24	11265	18.229	0.513
509.1	NaN	621	NaN	644	1	-0	359	100	100	0	406	15	11214	14	11261	29	11230	27	11334	18.27	-0.693
509.2	NaN	623	NaN	666	1	0	359	100	100	0	407	13	11218	12	11307	24	11239	22	11314	18.362	0.682
509.3	NaN	639	NaN	655	1	-1	360	100	100	0	406	12	11208	12	11304	24	11242	24	11396	18.329	-0.603
509.4	NaN	621	NaN	663	1	1	361	100	100	0	407	13	11275	12	11415	23	11267	23	11373	18.424	0.685
509.5	NaN	623	NaN	647	1	0	362	100	100	0	407	11	11248	11	11352	22	11220	23	11436	18.402	-0.688
509.6	NaN	620	NaN	697	1	1	363	100	100	0	405	12	11258	12	11352	22	11330	21	11413	18.428	1.887
509.7	NaN	627	NaN	680	1	0	358	100	100	0	407	11	11271	10	11369	20	11240	20	11393	18.439	-2.355
509.8	NaN	622	NaN	670	1	-1	361	100	100	0	405	11	11286	11	11313	23	11359	21	11369	18.475	0.478
509.9	NaN	634	NaN	649	1	-1	364	100	100	0	407	9	11281	9	11361	15	11322	16	11383	18.445	-0.557
510	NaN	627	NaN	704	1	-0	360	100	100	0	407	10	11284	10	11266	21	11334	19	11411	18.4	0.828
510.1	NaN	619	NaN	655	1	-1	362	100	100	0	407	11	11228	11	11379	21	11270	21	11378	18.461	-1.885
510.2	NaN	629	NaN	638	1	7	360	100	100	0	407	13	11165	15	11438	25	11234	29	11535	18.466	0.432
510.3	NaN	627	NaN	641	0	14	362	100	100	0	405	14	11066	18	11643	27	11196	33	11705	18.52	1.478
510.4	NaN	617	NaN	618	0	20	361	100	100	0	408	15	11122	22	11725	28	11279	43	11876	18.542	1.327
510.5	NaN	626	NaN	659	0	14	359	100	100	0	408	13	11178	19	11865	28	11738	34	11944	18.497	0.663
510.6	NaN	627	NaN	648	0	0	364	100	100	0	407	14	11142	16	11539	29	11199	29	11720	18.546	-0.173
510.7	NaN	634	NaN	655	0	-7	356	100	100	0	407	10	11383	8	11437	20	11409	18	11467	18.545	-0.721
510.8	NaN	629	NaN	637	1	-5	362	96	90	0	407	12	11405	10	11195	19	11432	19	11344	18.517	0.488
510.9	NaN	677	NaN	625	0	-6	363	11	5	0	408	-4	11257	-3	11275	-6	11286	-5	11284	18.464	-1.738
511	NaN	623	NaN	677	0	-8	356	0	0	0	405	-23	11146	-24	10972	-17	11121	-18	10888	18.102	-4.27
511.1	NaN	603	NaN	687	0	-6	360	0	0	0	408	-42	10670	-45	10608	-32	10730	-34	10648	17.671	-4.855
511.2	NaN	599	NaN	668	0	-8	378	0	0	0	418	-49	10443	-53	10313	-36	10466	-40	10257	17.014	-7.427
511.3	NaN	600	NaN	706	0	-8	576	0	0	0	594	-51	9930	-52	9712	-40	9868	-42	9372	16.278	-8.942
511.4	NaN	593	NaN	685	0	-11	660	0	0	0	627	-52	9267	-53	9045	-42	9330	-47	9013	15.342	-8.59
511.5	NaN	599	NaN	692	0	-13	672	0	0	0	646	-51	8804	-53	8562	-42	8662	-48	7377	14.452	-8.523
511.6	NaN	592	NaN	722	0	-14	651	0	0	0	626	-51	8188	-52	7684	-43	8221	-49	6776	13.492	-7.847
511.7	NaN	610	NaN	711	0	-23	515	0	0	0	518	-50	7806	-52	7239	-41	7795	-50	4010	12.59	-7.884
511.8	NaN	648	NaN	704	0	-43	359	34	34	0	403	9	7846	3	6903	24	7964	5	3267	11.955	-2.264
511.9	NaN	651	NaN	695	0	-46	363	37	36	0	405	22	7818	5	6735	51	7909	12	6868	11.842	-0.072
512	NaN	646	NaN	680	0	-47	360	41	38	0	405	33	7922	9	6737	54	7936	20	7058	11.861	2.382
512.1	NaN	656	NaN	675	0	-49	361	43	39	0	406	36	7808	9	6828	54	7867	20	7071	11.948	0.063
512.2	NaN	640	NaN	659	0	-46	360	50	49	0	408	56	8194	16	6867	54	8107	36	8340	11.98	4.329
512.3	NaN	675	NaN	680	0	-55	359	49	46	0	404	53	8038	10	7046	54	8036	23	7508	12.134	3.404
512.4	NaN	647	NaN	665	0	-57	363	51	47	0	403	56	8116	10	6921	54	8102	22	7245	12.143	1.144
512.5	NaN	646	NaN	699	0	-57	357	52	48	0	407	59	8315	10	6939	54	8141	22	7360	12.227	3.17
512.6	NaN	645	NaN	735	0	-55	357	70	67	0	404	67	8243	13	7014	55	8180	29	7643	12.277	1.389
512.7	NaN	641	NaN	634	0	-39	361	99	96	0	403	58	8230	20	7265	54	8280	45	9002	12.359	4.202
512.8	NaN	656	NaN	659	0	-31	361	100	100	0	403	57	8197	24	7709	54	8234	54	8246	12.597	1.859
512.9	NaN	636	NaN	593	0	-14	357	100	100	0	407	50	8248	34	7825	54	8285	65	8009	12.944	3.439
513	NaN	635	NaN	604	0	-5	357	100	100	0	407	42	8224	39	8269	54	8240	63	8351	13.347	3.804
513.1	NaN	629	NaN	596	0	-9	359	100	100	0	408	43	8438	38	8516	54	8435	65	8588	13.696	4.307
513.2	NaN	636	NaN	598	1	-10	359	82	71	0	408	43	8690	35	8754	54	8694	65	8806	14.072	4.299
513.3	NaN	670	NaN	630	0	-8	363	0	0	0	408	-11	8632	-12	8618	-9	8603	-10	8567	14.083	-2.738
513.4	NaN	624	NaN	706	0	-15	365	0	0	0	404	-29	8406	-33	8228	-25	8477	-28	8389	13.718	-1.927
513.5	NaN	623	NaN	705	0	-25	363	10	7	0	404	-29	8272	-36	7865	-24	8088	-30	7526	13.304	-5.895
513.6	NaN	702	NaN	630	0	-40	364	19	17	0	405	-4	8095	-5	7461	-3	8217	-5	7534	12.936	-1.789
513.7	NaN	677	NaN	602	0	-55	358	30	30	0	406	8	7991	2	7238	20	8178	4	7255	12.705	-2.235
513.8	NaN	672	NaN	594	0	-52	361	30	30	0	407	11	8199	3	7041	25	8268	6	7326	12.416	-1.779
513.9	NaN	697	NaN	634	0	-61	360	22	14	0	406	-1	7748	0	6648	-1	7985	-1	6939	12.23	0.083
514	NaN	682	NaN	618	0	-60	361	37	35	0	404	8	7656	2	6581	24	7789	4	6103	11.805	-3.793
514.1	NaN	641	NaN	667	0	-52	361	54	52	0	407	60	8153	15	6748	52	8023	35	6852	11.777	5.957
514.2	NaN	653	NaN	661	0	-44	359	59	57	0	404	68	7845	18	6930	52	7816	40	7603	11.899	1.863
514.3	NaN	648	NaN	641	0	-43	361	65	62	0	405	60	8041	21	6987	52	8022	47	8394	11.98	4.021
514.4	NaN	677	NaN	615	0	-65	360	34	23	0	405	9	7614	1	6775	20	7781	2	6960	12.116	-2.787
514.5	NaN	674	NaN	602	0	-65	360	38	39	0	406	14	7659	1	6663	31	7799	3	6716	11.814	-4.717
514.6	NaN	646	NaN	705	0	-67	355	60	58	0	405	58	7997	8	6506	52	7870	18	6825	11.703	0.979
514.7	NaN	633	NaN	665	0	-60	359	64	62	0	405	69	7874	10	6580	52	7828	22	7213	11.775	-0.382
514.8	NaN	655	NaN	664	0	-54	357	75	75	0	404	65	8041	12	6683	52	7958	28	7454	11.775	2.558
514.9	NaN	643	NaN	625	0	-41	359	75	71	0	404	62	7924	21	6860	52	7908	47	7706	11.954	2.6
515	NaN	627	NaN	614	0	2	356	65	51	0	407	41	7779	42	7370	52	7884	65	7611	12.252	5.654
515.1	NaN	639	NaN	626	0	20	358	54	42	0	406	25	7452	41	8031	52	7557	64	8096	12.602	2.308
515.2	NaN	611	NaN	603	0	40	364	57	46	0	406	19	7545	52	8325	42	7610	64	8372	12.825	1.975
515.3	NaN	621	NaN	607	0	43	363	66	55	0	409	19	7861	52	8565	42	7758	65	8614	13.004	1.549
515.4	NaN	642	NaN	601	0	39	361	83	72	0	408	21	8312	52	8596	45	8248	64	8637	13.169	2.275
515.5	NaN	611	NaN	600	0	41	359	100	93	0	408	20	8444	52	8733	43	8071	65	8775	13.388	1.345
515.6	NaN	618	NaN	603	0	41	362	100	100	0	407	21	8320	52	8913	46	8214	65	8914	13.567	2.087
515.7	NaN	623	NaN	599	0	39	359	100	100	0	407	21	8525	52	8971	46	8207	65	8979	13.766	1.919
515.8	NaN	622	NaN	595	0	15	358	100	100	0	406	31	8404	46	9019	52	8325	64	9146	13.999	3.231
515.9	NaN	633	NaN	596	0	-9	357	100	100	0	407	43	8813	35	8819	52	8761	65	8976	14.35	3.255
516	NaN	644	NaN	617	0	-29	357	100	100	0	405	50	9254	25	8710	52	9234	52	8911	14.618	2.226
516.1	NaN	643	NaN	636	0	-37	359	100	100	0	406	53	9572	21	8815	52	9521	45	9005	14.817	2.834
516.2	NaN	649	NaN	644	0	-47	361	100	100	0	407	56	9710	16	8792	52	9654	33	9217	14.958	1.582
516.3	NaN	686	NaN	642	0	-40	360	100	100	0	406	52	9804	18	8857	52	9801	39	9275	15.015	3.82
516.4	NaN	634	NaN	611	0	-26	361	100	100	0	407	48	9702	24	9153	52	9702	52	9653	15.192	3.184
516.5	NaN	677	NaN	596	0	-6	359	100	100	0	407	39	9669	34	9422	52	9747	65	9557	15.456	3.799
516.6	NaN	623	NaN	600	0	-3	358	100	100	0	406	38	9657	36	9758	52	9721	64	9905	15.8	2.654
516.7	NaN	632	NaN	599	0	-0	362	100	100	0	408	36	9849	35	9988	52	9885	65	10099	16.094	2.552
516.8	NaN	629	NaN	600	1	-1	360	100	100	0	409	36	10041	36	10218	52	10028	64	10286	16.404	4.351
516.9	NaN	627	NaN	601	1	-1	357	100	100	0	409	37	10232	35	10350	52	10301	65	10469	16.714	2.716
517	NaN	656	NaN	580	1	0	359	100	100	0	407	36	10412	34	10534	52	10456	64	10675	17.019	3.997
517.1	NaN	630	NaN	603	1	-1	359	100	100	0	409	35	10574	34	10799	51	10602	65	10865	17.311	3.293
517.2	NaN	634	NaN	608	1	-0	360	100	100	0	408	29	10755	28	10848	53	10877	56	11009	17.618	2.626
517.3	NaN	627	NaN	627	1	-0	362	100	100	0	407	24	10866	23	11092	46	10947	44	11128	17.86	1.377
517.4	NaN	634	NaN	634	1	-2	358	100	100	0	407	22	10995	22	11147	43	11082	43	11231	18.021	1.258
517.5	NaN	644	NaN	650	1	-0	357	100	100	0	407	17	11089	16	11200	32	11132	30	11278	18.174	2.253
517.6	NaN	644	NaN	637	1	-2	359	100	100	0	404	17	11085	16	11310	34	11150	34	11376	18.288	1.097
517.7	NaN	642	NaN	647	1	-1	363	100	100	0	406	14	11191	14	11264	27	11281	26	11389	18.346	1.939
517.8	NaN	629	NaN	641	1	-1	363	100	100	0	408	13	11196	12	11409	25	11173	24	11413	18.4	-1.073
517.9	NaN	629	NaN	658	1	-1	363	100	100	0	404	14	11211	13	11293	28	11308	25	11410	18.478	1.349
518	NaN	633	NaN	668	1	-2	362	100	100	0	407	10	11248	8	11439	18	11270	17	11469	18.48	-0.27
518.1	NaN	622	NaN	645	1	-2	360	100	100	0	409	13	11233	12	11364	25	11317	24	11464	18.501	0.323
518.2	NaN	634	NaN	662	1	-3	360	100	100	0	404	10	11304	9	11421	18	11323	16	11440	18.54	0.907
518.3	NaN	635	NaN	648	1	-1	361	100	100	0	407	12	11291	11	11406	24	11332	22	11501	18.517	0.596
518.4	NaN	642	NaN	679	1	-4	358	100	100	0	406	9	11351	9	11451	16	11330	16	11470	18.533	0.08
518.5	NaN	630	NaN	673	1	-2	361	100	100	0	407	11	11235	10	11400	22	11301	21	11490	18.541	-0.619
518.6	NaN	628	NaN	664	1	-2	360	100	100	0	405	11	11333	10	11469	19	11389	16	11487	18.55	0.091
518.7	NaN	633	NaN	650	1	-2	361	100	100	0	408	10	11310	9	11432	20	11306	18	11529	18.536	-1.02
518.8	NaN	635	NaN	665	1	-3	359	100	100	0	405	11	11341	10	11420	20	11395	18	11470	18.555	1.25
518.9	NaN	645	NaN	661	1	-2	361	100	100	0	408	8	11303	7	11424	16	11281	15	11482	18.538	-1.297
519	NaN	641	NaN	672	1	-5	358	100	100	0	410	10	11309	9	11421	19	11404	16	11466	18.529	0.406
519.1	NaN	646	NaN	666	1	-3	362	100	100	0	406	7	11301	7	11424	14	11312	13	11448	18.535	-0.484
519.2	NaN	639	NaN	671	1	-4	358	100	100	0	405	10	11309	9	11367	19	11384	17	11458	18.522	0.975
519.3	NaN	639	NaN	666	1	-2	361	100	100	0	408	8	11346	8	11432	16	11340	14	11460	18.526	-0.041
519.4	NaN	628	NaN	660.6	1	-1	359	100	100	0	406	10	11309	9	11373	20	11350	18	11479	18.506	0.803
519.5	NaN	641	NaN	659.7	1	-0	360	100	100	0	408	9	11308	8	11479	17	11349	16	11459	18.53	0.112
519.6	NaN	643	NaN	658.8	1	-3	360	100	100	0	407	11	11255	11	11399	21	11310	21	11499	18.523	0.034
519.7	NaN	637	NaN	657.9	1	-4	358	100	100	0	407	10	11334	10	11517	19	11361	17	11500	18.555	0.409
519.8	NaN	628	NaN	656	1	-2	357	100	100	0	405	10	11307	10	11408	18	11320	18	11508	18.541	-0.973
519.9	NaN	637	NaN	666	1	-2	362	100	100	0	407	9	11338	9	11471	19	11403	16	11478	18.555	0.535
520	NaN	646	NaN	647	1	-5	358	100	100	0	408	9	11307	7	11352	15	11317	14	11450	18.538	0.38
520.1	NaN	636	NaN	710	1	-5	362	100	100	0	407	8	11404	8	11464	17	11411	14	11428	18.534	-0.407
520.2	NaN	649	NaN	650	1	-7	362	100	100	0	405	7	11366	6	11347	12	11319	10	11398	18.496	-1.425
520.3	NaN	631	NaN	665	0	-11	356	100	100	0	405	11	11382	10	11330	24	11485	19	11397	18.522	0.13
520.4	NaN	634	NaN	652	0	-10	358	100	100	0	406	10	11430	8	11270	19	11450	16	11346	18.512	-0.027
520.5	NaN	628	NaN	644	0	-12	357	100	100	0	407	14	11496	11	11259	27	11567	22	11368	18.522	1.362
520.6	NaN	652	NaN	658	0	-11	357	100	100	0	407	8	11441	6	11313	15	11421	12	11343	18.532	-1.2
520.7	NaN	634	NaN	661	0	-8	358	100	100	0	408	11	11401	9	11294	21	11503	18	11380	18.528	0.494
520.8	NaN	650	NaN	658	0	-6	359	100	100	0	406	7	11403	7	11361	12	11378	11	11372	18.529	-1.668
520.9	NaN	635	NaN	643	1	-5	362	100	100	0	408	9	11392	8	11315	19	11428	15	11392	18.486	-0.419
521	NaN	627	NaN	661	1	-4	361	100	100	0	407	10	11340	9	11388	18	11354	17	11404	18.499	-0.306
521.1	NaN	634	NaN	653	1	-4	357	100	100	0	408	10	11277	9	11338	21	11345	19	11450	18.461	0.354
521.2	NaN	626	NaN	647	1	-4	360	100	100	0	407	10	11275	10	11494	20	11342	19	11448	18.472	0.175
521.3	NaN	625	NaN	652	1	-3	362	100	100	0	408	10	11265	10	11388	20	11299	19	11476	18.468	-0.012
521.4	NaN	626	NaN	677	1	-3	357	100	100	0	409	10	11303	11	11450	20	11345	19	11484	18.5	0.724
521.5	NaN	639	NaN	678	1	-5	358	100	100	0	406	9	11304	7	11403	18	11300	15	11441	18.488	-0.525
521.6	NaN	625	NaN	668	1	-4	358	83	75	0	406	10	11280	9	11395	18	11372	17	11450	18.521	0.96
521.7	NaN	655	NaN	602	0	-3	363	0	0	0	408	-13	11217	-13	11274	-9	11128	-9	11273	18.369	-2.832
521.8	NaN	611	NaN	684	0	-3	360	0	0	0	406	-34	10890	-34	11097	-25	10941	-25	11032	18.038	-3.381
521.9	NaN	601	NaN	675	0	-2	361	0	0	0	404	-49	10557	-49	10754	-37	10559	-38	10742	17.539	-5.906
522	NaN	593	NaN	686	0	-2	366	0	0	0	405	-50	10132	-51	10401	-38	10149	-38	10342	16.947	-5.077
522.1	NaN	594	NaN	677	0	0	363	0	0	0	407	-52	9817	-53	10059	-41	9488	-41	10038	16.405	-5.4
522.2	NaN	594	NaN	674	0	-0	362	0	0	0	403	-55	9322	-51	9714	-43	9431	-43	9645	15.809	-6.268
522.3	NaN	594	NaN	667	0	0	358	0	0	0	405	-55	9080	-50	9355	-44	9065	-46	9333	15.116	-6.599
522.4	NaN	594	NaN	669	0	5	362	0	0	0	406	-56	8655	-50	8946	-47	8516	-44	8781	14.539	-6.649
522.5	NaN	592	NaN	672	0	9	365	0	0	0	404	-57	8023	-51	8590	-48	8183	-44	8619	13.884	-5.206
522.6	NaN	592	NaN	684	0	21	365	0	0	0	406	-60	7683	-48	8518	-51	5532	-41	8471	13.233	-6.212
522.7	NaN	594	NaN	693	0	24	362	0	0	0	406	-59	6936	-49	7957	-54	7051	-42	8140	12.507	-4.46
522.8	NaN	596	NaN	682	0	34	361	0	0	0	406	-46	6515	-45	7527	-53	4256	-39	7550	11.985	-8.363
522.9	NaN	595	NaN	706	0	49	360	0	0	0	406	-29	5245	-41	7242	-3	1336	-36	7336	11.299	-5.25
523	NaN	607	NaN	689	0	61	358	13	1	0	406	-41	5127	-32	6843	-21	1987	-29	7060	10.61	-5.944
523.1	NaN	645	NaN	639	0	60	357	41	29	0	406	3	5566	23	6947	7	2438	55	7154	10.261	-2.689
523.2	NaN	614	NaN	620	0	60	359	56	45	0	408	7	5602	50	6933	17	5867	64	7076	10.143	0.239
523.3	NaN	608	NaN	617	0	59	361	60	49	0	408	10	5726	50	6893	24	6053	62	7030	10.127	-0.209
523.4	NaN	610	NaN	612	0	55	359	61	50	0	407	12	5735	49	6948	27	5963	63	6980	10.194	0.235
523.5	NaN	614	NaN	618	0	52	363	62	51	0	406	14	5872	50	6986	34	6734	63	7088	10.303	2.385
523.6	NaN	603	NaN	610	0	52	357	62	49	0	406	14	6566	50	7097	32	6108	64	7049	10.456	1.96
523.7	NaN	613	NaN	607	0	54	357	62	48	0	406	13	6130	50	7115	30	6204	62	7106	10.64	1.276
523.8	NaN	602	NaN	613	0	57	362	62	48	0	406	12	6171	50	7313	29	6236	63	7209	10.782	1.237
523.9	NaN	599	NaN	622	0	63	358	60	45	0	408	8	6263	50	7386	19	6269	63	7359	10.949	2.013
524	NaN	619	NaN	614	0	64	359	49	34	0	408	4	6034	41	7286	9	6172	64	7400	10.997	-0.454
524.1	NaN	640	NaN	618	0	66	361	49	36	0	408	4	5932	44	7453	10	6093	63	7589	10.922	1.663
524.2	NaN	610	NaN	620	0	64	358	54	42	0	406	5	5938	50	7302	11	6152	62	7433	10.909	-0.152
524.3	NaN	614	NaN	625	0	64	358	64	52	0	409	9	6129	50	7313	20	6281	63	7404	10.9	0.907
524.4	NaN	630	NaN	618	0	62	361	82	70	0	409	9	6239	50	7310	20	6382	64	7384	10.917	0.229
524.5	NaN	604	NaN	620	0	56	359	100	100	0	407	12	6307	50	7343	29	6317	62	7422	11.002	1.259
524.6	NaN	612	NaN	626	0	47	357	100	100	0	408	18	6632	50	7415	42	6501	63	7472	11.123	0.982
524.7	NaN	661	NaN	607	0	45	363	100	100	0	408	19	6588	50	7471	44	6681	63	7545	11.363	0.704
524.8	NaN	599	NaN	606	0	38	362	100	100	0	407	23	6754	50	7708	51	6783	63	7724	11.588	2.155
524.9	NaN	618	NaN	591	0	33	360	100	100	0	406	25	6919	50	7801	53	7171	64	7846	11.853	1.532
525	NaN	610	NaN	660	0	33	361	100	100	0	407	25	7264	50	7930	52	7161	62	7994	12.162	2.526
525.1	NaN	604	NaN	608	0	30	358	100	100	0	407	26	7314	50	8091	52	7440	64	8151	12.461	1.347
525.2	NaN	620	NaN	592	0	25	362	100	100	0	407	29	7574	50	8252	52	7614	63	8311	12.756	2.29
525.3	NaN	610	NaN	594	0	20	362	100	100	0	408	31	7778	50	8363	53	7843	63	8471	13.075	3.343
525.4	NaN	612	NaN	598	0	6	361	100	100	0	407	38	8237	44	8457	52	8150	62	8582	13.432	4.428
525.5	NaN	613	NaN	637	0	-6	358	37	26	0	408	17	8334	22	8403	36	8433	42	8563	13.795	2.768
525.6	NaN	622	NaN	614.35	0	-27	360	0	0	0	407	-14	8395	-17	7970	-12	8449	-15	7931	13.534	-3.173
525.7	NaN	590	NaN	615.2	0	-41	361	0	0	0	405	-28	8305	-41	7199	-24	8374	-35	7029	13.09	-4.902
525.8	NaN	590	NaN	616.05	0	-43	359	5	5	0	404	-36	8026	-50	6731	-31	8020	-49	3580	12.496	-5.247
525.9	NaN	635	NaN	616.9	0	-42	357	32	34	0	404	17	7997	4	6830	39	8093	10	3113	12.095	-2.14
526	NaN	619	NaN	617.75	0	-37	360	53	54	0	404	59	7990	21	6901	52	8040	47	7455	12.013	0.646
526.1	NaN	638	NaN	618.6	0	-22	357	46	36	0	404	31	7874	20	7194	52	7982	43	7641	12.268	3.903
526.2	NaN	617	NaN	619.45	0	-24	356	34	29	0	405	13	7692	7	7296	28	7741	16	7332	12.253	-0.845
526.3	NaN	611	NaN	620.3	0	-47	361	14	13	0	404	-14	7588	-23	6443	-11	7589	-20	6226	11.927	-4.1
526.4	NaN	638	NaN	621.15	0	-50	359	17	15	0	404	-9	7584	-15	6634	-8	7559	-13	6159	11.055	-4.085
526.5	NaN	664	NaN	614	0	-47	362	18	16	0	405	-6	7555	-11	6461	-6	7505	-9	6324	10.829	-4.637
526.6	NaN	653	NaN	596	0	-54	362	30	29	0	405	7	7256	1	6127	9	7209	3	6003	10.789	-3.398
526.7	NaN	636	NaN	642	0	-52	359	34	33	0	405	19	7168	4	5967	46	7235	9	6067	10.759	0.132
526.8	NaN	621	NaN	616.59375	0	-53	361	43	43	0	406	42	7290	8	6075	52	7282	18	6075	10.77	1.405
526.9	NaN	616	NaN	617.5625	0	-53	357	47	46	0	403	51	7236	10	6114	52	7242	22	6748	10.85	0.253
527	NaN	654	NaN	618.53125	0	-53	359	49	49	0	405	57	7508	11	6087	52	7387	26	8220	10.865	3.286
527.1	NaN	627	NaN	619	0	-32	359	66	67	0	404	62	7443	26	6304	52	7491	62	7958	10.942	3.547
527.2	NaN	635	NaN	685	0	-26	357	40	26	0	408	14	7199	7	6624	32	7200	16	6684	11.337	1.54
527.3	NaN	626	NaN	651	0	-7	363	50	42	0	407	33	7221	26	6967	50	7282	61	7071	11.46	2.11
527.4	NaN	624	NaN	620	0	27	357	47	32	0	406	14	6988	28	7368	32	7003	63	7467	11.774	1.2
527.5	NaN	604	NaN	602	0	40	357	48	35	0	404	12	6877	35	7753	27	6933	63	7794	11.816	1.437
527.6	NaN	614	NaN	616	0	42	356	48	38	0	408	12	7043	39	7779	26	6937	62	7849	11.997	0.627
527.7	NaN	598	NaN	595	0	42	360	49	37	0	408	12	6873	41	8035	28	6958	64	8045	12.038	2.262
527.8	NaN	637	NaN	670	0	58	362	37	22	0	407	1	6704	10	7737	3	6837	23	7935	12.122	-1.482
527.9	NaN	671	NaN	622	0	60	360	15	1	0	407	-7	6472	-4	7623	-6	6464	-3	7738	11.804	-4.494
528	NaN	621	NaN	693	0	60	361	0	0	0	404	-31	5584	-17	7319	-28	5320	-15	7417	11.369	-5.925
528.1	NaN	613	NaN	663	0	59	362	18	8	0	407	-30	4870	-16	6851	-26	3938	-14	7086	10.778	-2.588
528.2	NaN	664	NaN	618	0	59	362	32	21	0	409	0	5469	0	6655	0	3068	0	6791	10.36	-1.657
528.3	NaN	613	NaN	622	0	58	360	45	35	0	408	5	5413	34	6911	13	3478	63	7255	10.079	-0.527
528.4	NaN	605	NaN	614	0	57	360	85	75	0	407	13	5660	50	6739	30	5872	63	6927	9.993	1.877
528.5	NaN	593	NaN	626	0	50	362	97	88	0	408	16	5621	50	6720	38	6130	63	6869	9.986	1.204
528.6	NaN	598	NaN	616	0	44	357	100	99	0	407	20	6036	49	6720	47	6003	63	6827	10.124	1.608
528.7	NaN	600	NaN	620	0	40	363	100	100	0	410	23	6058	50	6846	51	6072	62	6882	10.364	1.485
528.8	NaN	605	NaN	599	0	37	360	100	100	0	407	24	6273	50	7029	50	6261	63	7017	10.643	3.029
528.9	NaN	626	NaN	618	0	36	363	100	100	0	407	25	6556	50	7237	49	6463	62	7235	10.918	3.006
529	NaN	590	NaN	603	0	29	363	100	100	0	408	28	6721	50	7395	50	6636	63	7423	11.228	3.29
529.1	NaN	600	NaN	622	0	17	361	100	100	0	408	35	7009	50	7526	50	6880	63	7553	11.553	4.187
529.2	NaN	609	NaN	609	0	7	363	100	100	0	408	40	7277	48	7611	50	7188	63	7642	11.939	4.038
529.3	NaN	624	NaN	629	0	-2	358	100	100	0	408	43	7578	43	7728	50	7495	62	7759	12.3	4.303
529.4	NaN	608	NaN	594	0	-12	363	100	100	0	407	48	7929	37	7849	50	7806	63	7925	12.653	3.83
529.5	NaN	613	NaN	597	0	-30	360	100	100	0	407	56	8322	27	7886	50	8188	58	8092	12.973	3.761
529.6	NaN	639	NaN	621	0	-36	356	100	100	0	407	58	8545	22	7964	50	8507	50	8320	13.232	2.118
529.7	NaN	622	NaN	643	0	-35	363	100	100	0	406	56	8755	22	8111	50	8721	50	8289	13.484	3.417
529.8	NaN	620	NaN	623	0	-39	357	100	100	0	405	56	8997	22	8236	50	8877	49	8405	13.696	3.86
529.9	NaN	635	NaN	622	0	-36	359	100	100	0	404	55	9042	22	8344	50	9014	48	8769	13.87	2.306
530	NaN	617	NaN	641	0	-36	362	100	100	0	405	55	9142	21	8493	51	9117	46	8584	14.07	2.235
530.1	NaN	603	NaN	611	0	-18	361	100	100	0	404	46	9145	29	8615	50	9245	63	8881	14.3	3.733
530.2	NaN	603	NaN	595	0	-13	362	100	100	0	406	43	9114	33	8983	50	9133	63	8988	14.631	4.019
530.3	NaN	607	NaN	598	0	-6	358	100	100	0	405	41	9307	33	9120	51	9365	63	9237	14.93	3.256
530.4	NaN	607	NaN	598	0	6	356	100	100	0	405	34	9344	41	9450	49	9425	63	9565	15.259	2.857
530.5	NaN	602	NaN	587	0	18	358	100	100	0	406	30	9378	43	9873	49	9425	62	9911	15.534	2.346
530.6	NaN	594	NaN	586	0	17	362	100	100	0	407	29	9524	43	10050	50	9510	63	10117	15.788	2.276
530.7	NaN	599	NaN	591	0	18	359	100	100	0	409	29	9620	43	10164	50	9638	62	10291	16.037	1.942
530.8	NaN	604	NaN	591	0	19	359	100	100	0	408	28	9891	43	10386	50	9824	63	10442	16.285	3.554
530.9	NaN	613	NaN	587	0	19	356	100	100	0	407	29	10022	42	10510	51	9992	62	10583	16.521	1.807
531	NaN	639	NaN	601	0	18	359	100	100	0	407	28	10076	43	10578	50	10043	62	10724	16.745	2.227
531.1	NaN	619	NaN	590	0	13	362	100	100	0	406	30	10267	40	10766	50	10247	63	10842	16.979	3.115
531.2	NaN	600	NaN	591	0	12	357	100	100	0	407	30	10412	39	10824	50	10472	62	10956	17.218	2.327
531.3	NaN	604	NaN	591	0	7	357	100	100	0	409	31	10550	36	10948	51	10562	62	11088	17.464	2.627
531.4	NaN	617	NaN	599	0	-1	362	100	100	0	406	28	10801	27	10981	51	10881	53	11067	17.716	2.144
531.5	NaN	611	NaN	622	1	-10	361	100	100	0	406	24	10999	20	10880	47	11076	37	11035	17.855	0.66
531.6	NaN	635	NaN	631	0	-15	359	100	100	0	407	26	11146	18	10971	48	11205	35	11027	17.984	2.385
531.7	NaN	618	NaN	652	0	-21	361	100	100	0	404	26	11341	17	10859	50	11424	33	11004	18.082	0.657
531.8	NaN	613	NaN	623	0	-18	360	100	100	0	404	29	11364	19	10938	50	11412	37	11135	18.168	2.532
531.9	NaN	610	NaN	665	0	-20	362	100	100	0	406	21	11437	15	10998	42	11498	28	11083	18.251	1.237
532	NaN	605	NaN	627	0	-18	361	100	100	0	407	24	11434	17	10974	47	11473	34	11217	18.266	0.479
532.1	NaN	603	NaN	655	0	-16	360	100	100	0	405	20	11441	13	11111	37	11509	27	11166	18.346	1.378
532.2	NaN	605	NaN	637	0	-14	357	100	100	0	404	18	11447	14	11047	34	11456	27	11198	18.335	-0.66
532.3	NaN	606	NaN	634	0	-12	357	100	100	0	404	19	11460	15	11172	37	11526	29	11247	18.38	1.152
532.4	NaN	608	NaN	642	0	-10	357	100	100	0	406	13	11353	11	11164	26	11421	21	11246	18.375	-0.656
532.5	NaN	603	NaN	647	0	-6	360	100	100	0	405	16	11292	14	11214	30	11390	27	11328	18.389	1.772
532.6	NaN	608	NaN	653	0	-2	359	100	100	0	407	11	11217	11	11343	21	11249	21	11350	18.374	-1.244
532.7	NaN	606	NaN	642	1	-1	358	100	100	0	408	14	11186	14	11291	28	11254	26	11438	18.366	-0.043
532.8	NaN	613	NaN	663	1	-1	360	100	100	0	406	12	11221	12	11414	23	11242	24	11442	18.375	-0.858
532.9	NaN	607	NaN	640	1	0	361	100	100	0	407	15	11168	14	11329	28	11217	29	11467	18.38	-0.071
533	NaN	604	NaN	658	1	4	362	100	100	0	404	14	11181	14	11449	25	11258	26	11496	18.422	0.472
533.1	NaN	611	NaN	639	1	5	361	100	100	0	408	14	11116	15	11426	26	11161	29	11559	18.445	0.017
533.2	NaN	611	NaN	655	1	1	362	100	100	0	407	14	11190	14	11555	26	11292	27	11575	18.5	1.914
533.3	NaN	611	NaN	657	1	0	364	100	100	0	409	10	11250	10	11410	17	11243	18	11516	18.507	-0.856
533.4	NaN	598	NaN	675	1	1	362	100	100	0	406	11	11280	11	11503	22	11365	20	11508	18.523	0.769
533.5	NaN	613	NaN	655	1	2	362	100	100	0	407	9	11308	9	11391	18	11306	17	11488	18.521	-1.015
533.6	NaN	604	NaN	666	1	2	359	100	100	0	406	10	11267	11	11559	21	11324	21	11557	18.517	0.52
533.7	NaN	612	NaN	657	1	2	361	100	100	0	405	10	11271	11	11436	19	11337	20	11531	18.543	-0.254
533.8	NaN	611	NaN	648	1	0	360	100	100	0	407	10	11277	10	11505	19	11306	20	11535	18.525	0.575
533.9	NaN	617	NaN	688	1	0	361	100	100	0	406	10	11338	10	11366	19	11364	18	11506	18.517	0.577
534	NaN	612	NaN	630	1	1	360	100	100	0	406	10	11241	10	11436	19	11296	20	11497	18.524	0.352
534.1	NaN	606	NaN	671	1	2	363	100	100	0	408	11	11318	11	11512	22	11368	22	11497	18.512	-2.101
534.2	NaN	618	NaN	666	1	2	361	100	100	0	406	10	11276	10	11435	18	11268	19	11505	18.507	-1.021
534.3	NaN	607	NaN	657	1	0	360	100	100	0	406	12	11270	12	11469	23	11373	23	11568	18.518	-0.455
534.4	NaN	606	NaN	651	1	1	361	100	100	0	408	9	11291	9	11399	18	11279	17	11479	18.515	1.266
534.5	NaN	615	NaN	673	0	-1	358	26	15	0	407	10	11304	11	11508	21	11331	21	11539	18.505	1.406
534.6	NaN	618	NaN	664	0	0	357	0	0	0	403	-19	11096	-17	11189	-15	11026	-13	11182	18.286	-3.312
534.7	NaN	588	NaN	717	0	2	361	0	0	0	405	-40	10675	-38	11069	-29	10691	-28	11021	17.921	-3.678
534.8	NaN	591	NaN	674	0	3	361	0	0	0	407	-49	10505	-49	10647	-37	10299	-38	10601	17.346	-6.139
534.9	NaN	586	NaN	699	0	2	357	0	0	0	406	-52	10042	-49	10350	-40	9960	-38	10209	16.825	-6.068
535	NaN	582	NaN	699	0	2	358	0	0	0	406	-52	9702	-51	10099	-41	9604	-40	10069	16.178	-7.344
535.1	NaN	573	NaN	678	0	4	362	0	0	0	405	-56	9256	-50	9569	-44	9373	-42	9617	15.571	-6.278
535.2	NaN	579	NaN	655	0	2	358	0	0	0	404	-56	8861	-50	9194	-46	8755	-43	9102	14.966	-6.895
535.3	NaN	656	NaN	616	0	5	358	27	18	0	405	-0	8751	0	9101	-0	8829	-0	9069	14.568	-2.378
535.4	NaN	650	NaN	617	0	10	360	28	19	0	409	-0	8601	-0	9087	-0	8619	-0	9094	14.356	-1.922
535.5	NaN	660	NaN	614	0	22	359	29	19	0	409	0	8339	0	9026	0	8369	0	8998	14.226	-1.351
535.6	NaN	613	NaN	625	0	25	362	39	28	0	407	5	8267	6	9042	11	8274	16	9160	13.887	-2.748
535.7	NaN	598	NaN	604	0	40	362	49	40	0	406	16	8414	40	9378	34	8390	63	9132	14.147	2.807
535.8	NaN	610	NaN	619	0	52	358	47	32	0	408	9	8195	37	9151	19	9562	62	9395	14.079	-3.057
535.9	NaN	601	NaN	610	0	46	361	46	35	0	407	9	8184	33	9185	21	8283	63	9380	14.062	1.311
536	NaN	611	NaN	596	0	43	362	48	36	0	406	12	8223	38	9275	27	8430	63	9353	14.055	-0.316
536.1	NaN	618	NaN	604	0	48	361	36	22	0	408	2	8092	9	8945	5	8188	17	9182	14.05	-2.296
536.2	NaN	658	NaN	632	0	45	359	45	33	0	407	4	7863	15	8966	10	8033	34	9138	13.76	-1.908
536.3	NaN	598	NaN	597	0	33	361	70	59	0	405	23	8141	49	9137	50	8835	62	9287	13.727	-0.062
536.4	NaN	604	NaN	599	0	43	357	78	68	0	405	19	9965	50	8947	41	8470	63	9005	14.078	3.667
536.5	NaN	581	NaN	592	0	29	358	100	93	0	407	24	8309	48	9358	52	11144	64	9397	14.037	2.278
536.6	NaN	595	NaN	592	0	28	359	100	100	0	407	26	9855	49	9238	51	8656	62	9272	14.413	4.577
536.7	NaN	585	NaN	590	0	33	361	100	100	0	407	23	8729	50	9498	49	9125	62	9523	14.611	1.098
536.8	NaN	588	NaN	585	0	36	363	100	100	0	409	23	9377	50	9582	48	8885	62	9692	14.8	2.057
536.9	NaN	589	NaN	599	0	28	358	100	100	0	406	24	9103	49	9733	50	9354	62	9795	15.064	1.571
537	NaN	584	NaN	593	0	18	358	100	100	0	409	29	10007	45	9796	51	9254	63	9877	15.321	3.646
537.1	NaN	589	NaN	593	0	4	358	100	100	0	408	33	9402	39	9867	51	9443	63	9983	15.577	4.613
537.2	NaN	601	NaN	595	0	-1	357	100	100	0	407	37	9732	36	9785	51	9767	62	9981	15.906	1.909
537.3	NaN	602	NaN	589	0	-14	357	100	100	0	408	41	10049	31	9918	50	10106	62	10104	16.208	3.182
537.4	NaN	597	NaN	595	0	-18	360	100	100	0	407	43	10386	28	10024	51	10388	56	10190	16.455	2.561
537.5	NaN	594	NaN	605	0	-24	357	100	100	0	407	44	10484	26	10055	50	10499	52	10210	16.674	1.843
537.6	NaN	594	NaN	601	0	-23	361	100	100	0	407	43	10676	27	10116	51	10724	52	10336	16.87	3.622
537.7	NaN	603	NaN	611	0	-24	360	100	100	0	404	44	10800	25	10407	50	10789	50	10472	17.072	2.094
537.8	NaN	607	NaN	583	0	-22	358	100	100	0	405	41	10836	25	10465	50	10885	50	10586	17.279	3.113
537.9	NaN	588	NaN	581	0	3	361	100	100	0	409	31	10752	31	10729	51	10863	61	10906	17.544	2.028
538	NaN	591	NaN	586	0	11	360	100	100	0	405	27	10633	35	11252	51	10662	62	11292	17.739	1.66
538.1	NaN	613	NaN	586	0	9	357	100	100	0	406	24	10896	29	11189	45	10885	55	11372	17.969	2.805
538.2	NaN	593	NaN	587	0	8	358	100	100	0	407	22	10925	26	11406	42	10974	50	11487	18.138	1.491
538.3	NaN	608	NaN	610	0	5	364	100	100	0	407	19	10974	22	11284	37	11086	41	11448	18.239	1.926
538.4	NaN	601	NaN	629	0	0	358	100	100	0	406	16	11132	16	11441	30	11181	31	11486	18.324	0.579
538.5	NaN	602	NaN	629	1	0	360	100	100	0	405	14	11132	14	11300	26	11169	28	11375	18.407	0.281
538.6	NaN	605	NaN	659	1	-6	357	100	100	0	407	12	11211	11	11274	24	11334	22	11397	18.424	1.948
538.7	NaN	602	NaN	660	1	-5	360	100	100	0	407	10	11303	8	11275	18	11253	16	11303	18.403	-1.144
538.8	NaN	599	NaN	635	1	-4	361	100	100	0	407	12	11354	11	11363	24	11394	23	11361	18.351	-0.864
538.9	NaN	602	NaN	654	1	-5	358	100	100	0	406	11	11186	11	11273	23	11220	20	11356	18.437	3.498
539	NaN	593	NaN	648	1	-2	362	100	100	0	406	11	11291	11	11291	23	11328	21	11516	18.376	-0.696
539.1	NaN	595	NaN	650	1	-4	358	100	100	0	407	12	11229	11	11378	23	11307	22	11363	18.399	1.626
539.2	NaN	591	NaN	651	1	-2	362	100	100	0	407	12	11242	11	11219	23	11332	22	11388	18.375	0.666
539.3	NaN	589	NaN	652	1	-2	362	100	100	0	406	11	11278	11	11358	23	11319	21	11359	18.433	-0.416
539.4	NaN	594	NaN	650	1	-2	358	100	100	0	406	11	11225	10	11268	23	11302	20	11383	18.438	0.533
539.5	NaN	595	NaN	654	1	0	361	100	100	0	408	12	11276	11	11417	21	11313	21	11444	18.433	0.324
539.6	NaN	594	NaN	704	0	3	363	64	53	0	407	12	11210	12	11391	23	11233	24	11476	18.454	-0.852
539.7	NaN	636	NaN	606	0	1	360	0	0	0	407	-10	11108	-9	11282	-7	11109	-6	11362	18.349	-2.003
539.8	NaN	592	NaN	675	0	-2	359	0	0	0	403	-31	10957	-30	11007	-22	10829	-22	11027	17.995	-5.05
539.9	NaN	571	NaN	639	0	1	363	0	0	0	406	-50	10499	-49	10653	-37	10520	-37	10668	17.501	-5.467
540	NaN	575	NaN	664	0	1	539	0	0	0	574	-50	9975	-50	10388	-39	9967	-39	10226	16.798	-8.294
540.1	NaN	576	NaN	663	0	4	726	0	0	0	682	-55	9262	-50	9706	-43	9259	-42	9588	15.901	-10.267
540.2	NaN	577	NaN	653	0	-2	706	0	0	0	659	-56	8819	-50	9068	-45	8625	-45	8912	14.879	-9.97
540.3	NaN	582	NaN	668	0	-10	660	0	0	0	644	-53	8366	-50	8357	-43	8293	-47	8155	13.928	-9.359
540.4	NaN	583	NaN	659	0	-25	471	0	0	0	511	-49	8000	-50	7579	-41	8023	-51	7344	13.015	-7.929
540.5	NaN	617	NaN	659	0	-49	365	13	15	0	400	-14	7929	-23	6819	-12	7957	-20	5053	12.319	-3.453
540.6	NaN	668	NaN	620	0	-63	362	19	20	0	403	-2	7672	-5	6536	-1	7818	-5	3573	11.923	-3.088
540.7	NaN	677	NaN	619	0	-55	361	23	24	0	403	0	7612	0	6536	0	7620	0	3604	11.546	-3.161
540.8	NaN	642	NaN	685	0	-11	360	31	24	0	404	7	7348	4	6626	14	7419	10	5860	11.351	-2.205
540.9	NaN	676	NaN	625	0	26	360	31	18	0	405	0	6612	0	7106	0	6629	0	7037	11.196	-1.553
541	NaN	642	NaN	632	0	34	366	36	24	0	407	1	6301	6	7195	4	6349	14	7210	10.989	-1.407
541.1	NaN	615	NaN	616	0	51	361	49	34	0	409	9	6320	40	7435	19	6342	63	7421	11.084	1.068
541.2	NaN	604	NaN	602	0	49	361	57	43	0	407	12	6237	51	7609	28	6610	62	7570	11.046	1.566
541.3	NaN	596	NaN	609	0	52	359	58	45	0	407	14	6706	50	7536	31	6502	63	7538	11.172	2.181
541.4	NaN	615	NaN	606	0	52	361	54	38	0	407	10	6474	50	7657	24	6569	63	7644	11.274	1.104
541.5	NaN	603	NaN	608	0	52	364	58	45	0	408	13	6471	50	7692	29	6524	62	7715	11.368	2.021
541.6	NaN	608	NaN	615	0	46	363	71	59	0	408	18	6619	50	7822	42	6654	63	7826	11.521	3.072
541.7	NaN	603	NaN	607	0	47	362	83	72	0	407	17	6938	50	7823	39	6786	64	7851	11.698	1.893
541.8	NaN	599	NaN	633	0	45	358	100	94	0	408	19	7969	50	7933	43	6973	62	7901	11.861	3.654
541.9	NaN	675	NaN	602	0	40	363	100	100	0	408	20	7544	50	7959	47	7347	62	7996	12.098	2.637
542	NaN	623	NaN	598	0	35	362	100	100	0	406	25	7862	50	8160	50	7351	63	8180	12.365	3.259
542.1	NaN	600	NaN	603	0	35	360	100	100	0	406	25	8432	50	8313	50	7887	63	8231	12.683	3.249
542.2	NaN	605	NaN	601	0	25	360	100	100	0	406	26	7577	50	8575	50	8922	63	8552	12.901	-1.498
542.3	NaN	597	NaN	604	0	17	362	100	100	0	409	32	8675	48	8624	50	7943	63	8676	13.247	4.266
542.4	NaN	599	NaN	605	0	30	363	100	100	0	408	24	8871	50	8666	50	8306	62	8695	13.662	3.554
542.5	NaN	615	NaN	608	0	14	363	100	100	0	407	34	8618	45	8947	50	8361	63	9059	13.822	5.009
542.6	NaN	643	NaN	623	0	14	361	100	100	0	407	32	8633	46	8996	50	8659	62	9077	14.27	1.773
542.7	NaN	608	NaN	611	0	9	361	100	100	0	407	34	8769	42	9243	50	8809	63	9345	14.565	3.329
542.8	NaN	607	NaN	605	0	11	362	100	100	0	406	33	9025	43	9467	50	9036	63	9488	14.898	4.777
542.9	NaN	601	NaN	611	0	6	361	100	100	0	409	34	9348	40	9631	50	9287	63	9742	15.261	3.895
543	NaN	613	NaN	592	0	6	358	100	100	0	407	34	9500	39	9795	50	9492	62	9917	15.558	4.071
543.1	NaN	608	NaN	599	0	5	363	100	100	0	407	34	9631	39	9914	50	9645	62	10066	15.903	3.918
543.2	NaN	603	NaN	589	1	2	360	100	100	0	408	35	9861	36	10178	50	9902	62	10299	16.196	2.948
543.3	NaN	612	NaN	591	1	1	357	100	100	0	408	35	10131	36	10271	50	10175	62	10361	16.548	3.519
543.4	NaN	595	NaN	581	1	-0	363	100	100	0	407	35	10371	35	10439	50	10355	64	10595	16.829	0.824
543.5	NaN	591	NaN	582	1	-4	358	100	100	0	408	37	10554	34	10614	50	10575	63	10728	17.14	4.821
543.6	NaN	603	NaN	598	1	-4	357	100	100	0	406	29	10730	28	10772	50	10845	54	10872	17.446	1.312
543.7	NaN	685	NaN	620	1	-1	361	99	89	0	405	25	10814	23	10856	49	10915	46	11020	17.673	2.655
543.8	NaN	629	NaN	604.8181818	0	-3	361	0	0	0	407	-1	10719	1	10973	3	10791	0	10907	17.937	0.784
543.9	NaN	614	NaN	607.1363636	0	-3	363	0	0	0	405	-22	10817	-22	10734	-15	10806	-16	10723	17.609	-2.871
544	NaN	593	NaN	609.4545455	0	-4	397	0	0	0	438	-41	10342	-42	10447	-31	10368	-31	10493	17.27	-4.372
544.1	NaN	586	NaN	611.7727273	0	0	400	0	0	0	428	-51	10042	-50	10166	-40	9826	-40	9935	16.692	-7.845
544.2	NaN	593	NaN	614.0909091	0	2	613	0	0	0	597	-55	9525	-50	9572	-43	9553	-42	9282	15.987	-6.811
544.3	NaN	598	NaN	616.4090909	0	4	822	0	0	0	769	-57	8710	-50	9085	-46	8612	-45	8770	15.039	-10.078
544.4	NaN	600	NaN	618.7272727	0	8	839	0	0	0	793	-58	8002	-49	8504	-47	6320	-44	8448	13.968	-11.659
544.5	NaN	606	NaN	621.0454545	0	8	827	0	0	0	767	-57	6872	-48	7825	-41	3186	-45	7912	12.907	-8.365
544.6	NaN	621	NaN	623.3636364	0	2	689	5	0	0	656	-52	6676	-49	7348	-33	3558	-45	7034	11.858	-10.725
544.7	NaN	627	NaN	625.6818182	0	22	458	10	0	0	473	-44	5827	-38	6782	-40	4441	-34	6833	10.944	-9.107
544.8	NaN	696	NaN	635	0	52	365	25	15	0	403	-7	5309	-4	6654	-6	3854	-4	6825	10.46	-2.614
544.9	NaN	640	NaN	626	0	56	363	56	45	0	408	11	5945	48	6929	26	6096	62	6997	10.29	1.994
545	NaN	626	NaN	624	0	63	365	62	51	0	408	9	5923	49	6969	22	6007	62	7024	10.356	-0.171
545.1	NaN	641	NaN	638	0	72	363	61	45	0	409	4	5736	48	7107	9	5828	63	7152	10.432	1.456
545.2	NaN	670	NaN	628	0	76	366	61	49	0	408	1	5582	49	7078	3	5730	62	7138	10.399	-2.258
545.3	NaN	653	NaN	629	0	74	363	61	49	0	406	1	5386	48	7101	4	5690	62	7146	10.401	0.59
545.4	NaN	643	NaN	628	0	66	364	62	50	0	408	5	5444	48	7085	13	5792	63	7155	10.376	1.161
545.5	NaN	643	NaN	619	0	25	365	68	57	0	407	28	5982	48	7095	50	6916	62	7208	10.383	2.011
545.6	NaN	640	NaN	625	0	-14	361	51	43	0	407	41	6752	30	6819	50	6565	62	6909	10.825	4.602
545.7	NaN	705	NaN	675	0	-34	363	43	38	0	405	32	7055	13	6428	50	7054	29	6633	11.019	-0.951
545.8	NaN	650	NaN	692	0	-63	357	49	49	0	403	58	7531	9	6324	50	7311	20	6510	11.057	1.859
545.9	NaN	687	NaN	619	0	-79	357	57	54	0	406	66	7431	0	6168	50	7323	1	6213	11.09	-1.913
546	NaN	673	NaN	597	0	-72	357	100	100	0	408	65	7781	3	5989	50	7582	6	6108	10.985	1.399
546.1	NaN	651	NaN	645	0	-69	358	100	100	0	405	65	7465	4	5904	50	7446	10	6339	11.006	0.361
546.2	NaN	649	NaN	663	0	-62	357	100	100	0	404	65	7788	9	5968	50	7596	21	6348	10.919	2.502
546.3	NaN	654	NaN	654	0	-53	361	100	100	0	407	64	7434	12	6056	50	7475	29	7921	10.914	-2.095
546.4	NaN	672	NaN	620	0	-45	356	100	100	0	407	61	7569	16	6139	50	7643	40	10892	10.815	2.439
546.5	NaN	637	NaN	615	0	-33	363	100	100	0	404	55	7355	24	7032	50	7518	55	10434	10.798	2.778
546.6	NaN	642	NaN	650	0	0	358	100	100	0	404	40	7217	36	7348	50	7433	34	11427	10.872	3.402
546.7	NaN	635	NaN	604	0	5	359	100	100	0	409	40	7142	45	7435	50	7236	62	8911	11.178	4.081
546.8	NaN	631	NaN	615	0	-1	359	100	100	0	408	42	7132	43	7421	50	7129	63	7754	11.637	5.172
546.9	NaN	635	NaN	614	0	-14	360	100	100	0	406	51	7610	37	7478	50	7469	63	7576	12.038	4.942
547	NaN	651	NaN	618	0	-24	356	100	100	0	406	55	7941	30	7514	50	7852	62	7686	12.458	3.5
547.1	NaN	638	NaN	602	0	-20	362	100	100	0	406	50	8178	32	7722	50	8117	64	8348	12.8	4.24
547.2	NaN	655	NaN	597	0	-13	357	100	100	0	407	46	8312	34	8094	50	8322	63	8242	13.21	6.559
547.3	NaN	628	NaN	604	0	-6	361	100	100	0	408	41	8456	38	8486	50	8551	63	8492	13.553	5.061
547.4	NaN	629	NaN	620	0	-2	362	100	100	0	408	40	8562	38	8692	50	8694	62	8776	13.974	4.534
547.5	NaN	648	NaN	612	1	1	358	100	100	0	407	39	8913	38	8985	50	8846	62	9020	14.325	4.649
547.6	NaN	635	NaN	602	1	0	361	100	100	0	404	37	8974	40	9229	50	9042	62	9290	14.686	3.988
547.7	NaN	639	NaN	597	1	-0	362	100	100	0	406	38	9191	39	9396	51	9232	62	9502	15.065	3.219
547.8	NaN	628	NaN	602	1	-0	361	100	100	0	406	37	9441	37	9598	51	9409	63	9744	15.417	3.409
547.9	NaN	636	NaN	597	1	-0	361	100	100	0	406	36	9679	37	9854	50	9698	63	9936	15.736	3.052
548	NaN	635	NaN	601	1	0	362	100	100	0	405	36	9867	35	10060	50	9919	62	10119	16.133	2.936
548.1	NaN	630	NaN	595	1	0	360	100	100	0	406	36	10080	35	10220	50	10117	63	10357	16.442	2.56
548.2	NaN	631	NaN	603	1	4	359	86	73	0	409	34	10248	36	10474	50	10247	64	10630	16.813	3.853
548.3	NaN	626	NaN	592	0	2	358	65	53	0	407	34	10502	36	10751	50	10503	63	10838	17.175	4.138
548.4	NaN	680	NaN	611	0	5	359	0	0	0	408	-11	10231	-11	10663	-8	10224	-8	10654	17.183	-3.15
548.5	NaN	627	NaN	699	0	3	360	0	0	0	405	-32	10039	-30	10465	-24	10052	-23	10449	16.882	-3.574
548.6	NaN	623	NaN	682	0	3	362	0	0	0	406	-52	9717	-49	10065	-39	9630	-39	10066	16.456	-5.916
548.7	NaN	614	NaN	676	0	7	362	0	0	0	405	-56	9308	-48	9712	-44	9186	-40	9669	15.891	-6.11
548.8	NaN	612	NaN	677	0	14	362	0	0	0	403	-59	8782	-48	9486	-48	8739	-42	9426	15.284	-6.587
548.9	NaN	617	NaN	691	0	6	356	9	0	0	405	-45	8541	-44	9210	-39	8382	-34	9062	14.661	-6.208
549	NaN	618	NaN	699	0	12	363	13	4	0	403	-33	8255	-30	8890	-28	8254	-25	8845	14.228	-5.164
549.1	NaN	704	NaN	632	0	17	363	27	17	0	408	0	8069	0	8822	0	8106	0	8836	13.882	-0.984
549.2	NaN	696	NaN	633	0	26	360	29	20	0	407	-0	7749	-0	8647	-0	7926	-0	8709	13.736	-0.814
549.3	NaN	704	NaN	633	0	22	360	29	19	0	408	-0	7647	-0	8651	-0	7695	-0	8692	13.505	-1.091
549.4	NaN	703	NaN	633	0	16	358	29	20	0	406	-0	7756	0	8483	0	7725	0	8562	13.363	-0.843
549.5	NaN	694	NaN	630	0	21	361	30	21	0	407	0	7705	1	8478	1	7716	2	8461	13.243	-2.556
549.6	NaN	696	NaN	627	0	16	362	31	21	0	410	1	7579	1	8329	2	7655	3	8345	13.085	-0.512
549.7	NaN	695	NaN	627	0	16	361	31	21	0	407	1	7582	1	8145	2	7579	3	8193	12.991	-1.349
549.8	NaN	700	NaN	633	0	31	360	31	20	0	410	0	7313	1	8155	1	7426	2	8206	12.837	-0.447
549.9	NaN	687	NaN	636	0	43	364	32	22	0	407	1	7057	3	8115	2	7250	8	8179	12.657	-0.47
550	NaN	653	NaN	653	0	45	360	41	30	0	406	4	7007	15	8158	10	7131	37	8250	12.48	-1.342
550.1	NaN	640	NaN	624	0	34	363	52	39	0	410	19	7144	46	8553	43	7303	63	8645	12.637	0.588
550.2	NaN	635	NaN	627	0	31	363	51	41	0	408	19	7770	43	8364	43	8524	62	8459	12.757	1.068
550.3	NaN	683	NaN	623	0	38	361	15	3	0	407	-10	6881	-7	8026	-9	7163	-6	8188	12.738	-0.505
550.4	NaN	638	NaN	628.9285714	0	44	357	20	7	0	407	-27	6590	-17	7972	-23	5600	-15	7986	12.289	-4.593
550.5	NaN	658	NaN	624.8571429	0	46	362	41	31	0	405	6	6632	23	7887	14	6883	49	8051	12.023	-0.777
550.6	NaN	673	NaN	620.7857143	0	48	361	39	25	0	406	5	6723	18	7818	11	6868	41	7965	11.976	0.146
550.7	NaN	672	NaN	616.7142857	0	45	359	37	27	0	407	3	6526	13	7676	8	6737	31	7780	11.801	-1.013
550.8	NaN	666	NaN	612.6428571	0	46	362	37	27	0	408	4	6563	15	7649	10	6659	35	7756	11.699	-0.85
550.9	NaN	648	NaN	608.5714286	0	48	363	41	31	0	407	5	6508	20	7679	11	6599	47	7731	11.587	-1.879
551	NaN	641	NaN	613	0	51	361	45	36	0	409	8	6564	34	7634	19	6691	63	7725	11.635	0.671
551.1	NaN	615	NaN	617	0	52	359	68	58	0	408	16	6686	48	7844	37	6830	62	7839	11.684	0.845
551.2	NaN	620	NaN	629	0	52	359	73	64	0	404	15	7333	48	7856	34	6970	62	7840	11.828	2.088
551.3	NaN	617	NaN	645	0	50	360	92	82	0	407	16	6998	48	7928	37	7286	62	7942	11.933	1.02
551.4	NaN	612	NaN	603	0	48	359	100	93	0	409	17	7515	48	8001	37	7201	62	8029	12.066	2.012
551.5	NaN	623	NaN	603	0	44	360	100	100	0	407	18	7266	48	8104	41	7389	62	8068	12.226	-0.234
551.6	NaN	635	NaN	609	0	23	360	100	100	0	406	30	7655	48	8163	48	7352	62	8235	12.447	2.791
551.7	NaN	615	NaN	599	0	16	361	100	100	0	406	33	7655	48	8188	48	7616	62	8255	12.755	1.791
551.8	NaN	623	NaN	619	0	8	360	100	100	0	407	38	7998	45	8253	48	7900	63	8332	13.1	3.361
551.9	NaN	615	NaN	610	0	5	360	100	100	0	410	38	8168	43	8424	48	8141	63	8479	13.42	3.531
552	NaN	642	NaN	611	1	5	361	100	100	0	406	37	8404	42	8565	48	8381	63	8668	13.739	3.059
552.1	NaN	627	NaN	605	1	3	361	100	100	0	407	38	8574	41	8738	48	8586	62	8870	14.049	3.481
552.2	NaN	617	NaN	604	1	1	359	100	100	0	408	39	8799	39	8906	48	8810	63	9049	14.364	2.826
552.3	NaN	616	NaN	596	1	-0	360	100	100	0	406	39	8975	38	9124	48	9020	62	9220	14.685	2.999
552.4	NaN	627	NaN	612	1	-1	360	100	100	0	407	38	9170	36	9335	48	9208	63	9372	14.992	2.295
552.5	NaN	628	NaN	597	1	-4	359	100	100	0	406	39	9404	36	9459	49	9371	62	9564	15.284	4.253
552.6	NaN	638	NaN	600	1	-3	360	100	100	0	408	38	9590	36	9605	48	9634	63	9718	15.604	2.359
552.7	NaN	634	NaN	602	1	-2	357	100	100	0	408	37	9794	35	9810	48	9830	63	9962	15.937	4.166
552.8	NaN	620	NaN	599	1	-4	359	100	100	0	407	37	9975	34	10080	48	10024	63	10133	16.232	2.782
552.9	NaN	628	NaN	599	1	-2	362	100	100	0	408	38	10170	34	10217	48	10153	62	10312	16.556	3.678
553	NaN	630	NaN	600	1	-5	360	100	100	0	407	37	10372	34	10325	48	10415	62	10522	16.863	3.846
553.1	NaN	636	NaN	607	1	-4	361	100	100	0	408	35	10549	33	10657	48	10623	62	10738	17.137	2.472
553.2	NaN	640	NaN	599	1	-5	363	100	100	0	408	33	10678	29	10706	47	10665	57	10816	17.47	4.033
553.3	NaN	635	NaN	608	1	-5	360	100	100	0	408	27	10936	25	10863	48	10985	48	10995	17.663	2.006
553.4	NaN	636	NaN	637	1	-5	360	100	100	0	406	23	10930	20	11008	42	11015	40	11059	17.878	1.886
553.5	NaN	639	NaN	628	1	-3	363	100	100	0	406	20	11092	19	11020	40	11145	35	11148	18.026	2.254
553.6	NaN	637	NaN	653	1	-1	363	100	100	0	406	17	11087	17	11214	32	11157	32	11246	18.162	-0.73
553.7	NaN	628	NaN	646	1	0	359	100	100	0	405	17	11103	17	11212	33	11164	34	11317	18.249	1.077
553.8	NaN	626	NaN	664	1	-3	358	100	100	0	407	12	11165	12	11275	22	11225	23	11345	18.316	-0.363
553.9	NaN	639	NaN	636	1	-0	360	100	100	0	405	14	11170	13	11263	26	11193	27	11350	18.383	0.248
554	NaN	626	NaN	650	1	-1	359	100	100	0	407	12	11270	11	11276	22	11316	21	11389	18.393	2.181
554.1	NaN	630	NaN	640	1	-1	360	100	100	0	405	12	11221	11	11368	23	11198	23	11372	18.416	-2.203
554.2	NaN	626	NaN	659	1	-2	358	100	100	0	404	11	11285	11	11270	21	11354	21	11406	18.447	1.814
554.3	NaN	630	NaN	666	1	-2	360	100	100	0	405	10	11230	10	11381	20	11279	19	11392	18.439	-0.447
554.4	NaN	628	NaN	652	1	-3	356	100	100	0	406	12	11310	11	11269	23	11328	22	11390	18.442	0.235
554.5	NaN	633	NaN	677	1	-6	362	100	100	0	406	9	11260	9	11362	17	11317	16	11348	18.46	-0.652
554.6	NaN	625	NaN	649	1	-2	359	100	100	0	407	10	11295	10	11304	22	11311	21	11399	18.45	0.173
554.7	NaN	628	NaN	675	1	-2	362	100	100	0	406	10	11313	11	11350	19	11347	19	11413	18.416	-0.583
554.8	NaN	624	NaN	652	1	-2	359	100	100	0	406	12	11234	12	11346	25	11260	24	11386	18.438	-1.013
554.9	NaN	620	NaN	653	1	6	357	100	100	0	406	12	11221	13	11458	22	11259	25	11507	18.461	-0.768
555	NaN	638	NaN	618	0	19	359	100	100	0	405	15	11024	20	11615	28	11089	42	11725	18.497	0.905
555.1	NaN	656	NaN	643	0	21	359	100	100	0	408	13	11041	19	11797	23	11300	35	11891	18.554	0.791
555.2	NaN	631	NaN	619	0	12	359	100	100	0	406	11	10940	16	11786	21	10998	33	11943	18.51	0.424
555.3	NaN	622	NaN	658	0	-4	357	100	100	0	407	16	11132	16	11699	32	11362	30	11750	18.54	-0.066
555.4	NaN	637	NaN	666	0	-8	360	100	100	0	407	8	11359	7	11284	14	11402	12	11346	18.539	-1.436
555.5	NaN	623	NaN	650	1	-9	359	100	96	0	406	16	11401	13	11311	31	11487	25	11383	18.546	1.284
555.6	NaN	638	NaN	675	0	-10	358	63	56	0	406	9	11394	8	11239	16	11431	14	11318	18.517	-0.967
555.7	NaN	676	NaN	621	0	-7	364	0	0	0	408	-7	11235	-8	11154	-5	11259	-6	11142	18.363	-2.731
555.8	NaN	610	NaN	681	0	-10	357	0	0	0	406	-27	11069	-30	10933	-20	11063	-22	10879	18.051	-4.617
555.9	NaN	599	NaN	656	0	-11	379	0	0	0	420	-47	10595	-48	10435	-35	10640	-38	10527	17.496	-4.871
556	NaN	594	NaN	661	0	-12	539	0	0	0	528	-48	10258	-48	10004	-37	10172	-41	9520	16.805	-7.689
556.1	NaN	595	NaN	650.5	0	-14	641	0	0	0	657	-51	9614	-49	9462	-40	9682	-46	9033	15.953	-9.287
556.2	NaN	607	NaN	646.5	0	-16	641	0	0	0	614	-52	9238	-48	8933	-41	9058	-48	6789	15.018	-11.094
556.3	NaN	609	NaN	642.5	0	-17	624	0	0	0	601	-51	8625	-48	8265	-42	8569	-49	6351	14.072	-9.793
556.4	NaN	606	NaN	638.5	0	-29	406	0	0	0	424	-47	8262	-48	7705	-40	8253	-53	3943	13.245	-8.463
556.5	NaN	701	NaN	627	0	-48	362	24	26	0	404	0	8177	0	7308	0	8192	0	3934	12.703	-3.644
556.6	NaN	643	NaN	675	0	-58	363	36	38	0	405	29	8202	6	7095	48	8302	12	6772	12.53	-0.338
556.7	NaN	654	NaN	683	0	-61	359	41	39	0	403	37	8150	6	6964	48	8192	13	7274	12.462	0.934
556.8	NaN	653	NaN	653	0	-56	358	49	51	0	405	60	8353	12	7073	48	8273	28	8195	12.332	-0.337
556.9	NaN	640	NaN	688	0	-58	362	41	38	0	403	36	8143	6	7005	48	8285	14	7347	12.375	1.523
557	NaN	650	NaN	694	0	-55	365	46	45	0	406	42	8252	7	6977	48	8230	17	7213	12.284	0.103
557.1	NaN	686	NaN	662	0	-53	364	65	64	0	405	65	8414	13	6986	48	8289	28	8748	12.281	2.323
557.2	NaN	641	NaN	654	0	-54	362	67	64	0	404	65	8284	13	7244	48	8188	28	7893	12.387	0.866
557.3	NaN	663	NaN	642	0	-50	361	84	85	0	406	64	8284	14	7155	48	8265	32	8928	12.375	-0.697
557.4	NaN	648	NaN	637	0	-48	360	93	87	0	404	62	8265	16	7266	48	8231	36	7947	12.509	3.433
557.5	NaN	650	NaN	609	0	-26	363	99	96	0	405	55	8218	26	7480	48	8286	58	8143	12.713	3.03
557.6	NaN	625	NaN	594	0	-8	358	100	94	0	405	45	8099	37	7962	48	8168	60	8092	13.062	3.082
557.7	NaN	637	NaN	613	0	-10	359	100	93	0	410	45	8287	36	8272	48	8286	61	8370	13.41	3.108
557.8	NaN	626	NaN	613	0	-10	360	87	79	0	408	44	8508	35	8422	48	8532	60	8549	13.748	3.452
557.9	NaN	683	NaN	632	0	-9	365	23	15	0	406	-2	8460	-0	8574	-2	8436	-3	8512	14.073	0.175
558	NaN	692	NaN	629	0	-13	363	28	22	0	407	0	8554	0	8454	0	8585	0	8446	13.816	-2.244
558.1	NaN	701	NaN	623	0	-29	361	29	24	0	405	2	8532	1	8090	3	8619	2	8190	13.733	-0.08
558.2	NaN	638	NaN	635.0625	0	-38	357	39	40	0	406	31	8843	11	7989	48	8873	25	8355	13.629	1.03
558.3	NaN	672	NaN	629.875	0	-48	364	31	29	0	405	9	8516	2	7690	19	8643	5	7873	13.573	-0.082
558.4	NaN	660	NaN	624.6875	0	-50	361	31	31	0	406	12	8726	3	7649	26	8772	6	7866	13.33	-2.556
558.5	NaN	651	NaN	612	0	-49	359	31	29	0	405	12	8595	4	7340	26	8660	9	7897	13.082	0.692
558.6	NaN	662	NaN	631.3984375	0	-58	362	38	38	0	404	14	8210	2	7214	32	8334	4	7501	12.969	-3.151
558.7	NaN	646	NaN	629.265625	0	-32	362	54	51	0	407	54	8538	23	7675	48	8512	53	9285	12.832	5.839
558.8	NaN	635	NaN	627.1328125	0	-43	359	39	37	0	408	28	8249	8	7436	47	8280	19	7828	12.932	-2.027
558.9	NaN	643	NaN	638	0	-46	359	35	29	0	409	17	8384	6	7318	39	8468	13	9058	12.803	0.781
559	NaN	693	NaN	635	0	-65	359	23	19	0	405	0	7835	0	6945	0	7989	0	7121	12.649	-1.287
559.1	NaN	674	NaN	604	0	-64	363	30	30	0	405	12	8052	1	6835	27	8123	3	6847	12.242	-1.329
559.2	NaN	654	NaN	609	0	-61	358	36	33	0	404	24	7886	3	6705	46	8023	8	6896	12.138	0.93
559.3	NaN	639	NaN	648	0	-55	361	53	54	0	404	65	8080	12	6812	47	8062	28	7919	12.023	-0.311
559.4	NaN	639	NaN	672	0	-50	357	54	53	0	405	63	8135	14	7110	46	8020	33	7946	12.119	3.655
559.5	NaN	636	NaN	645	0	-42	362	52	48	0	404	53	7998	17	7055	45	8037	38	8879	12.149	0.06
559.6	NaN	641	NaN	610	0	-11	357	51	42	0	407	35	7959	26	7420	46	8080	58	8497	12.365	5.932
559.7	NaN	646	NaN	633	0	12	359	44	31	0	406	15	7530	20	7869	33	7635	45	7925	12.6	1.675
559.8	NaN	628	NaN	609	0	34	364	44	31	0	408	11	7359	25	8201	25	7473	56	8268	12.672	1.476
559.9	NaN	640	NaN	668	0	49	365	38	23	0	408	5	7232	17	8158	10	7347	37	8272	12.753	-0.354
560	NaN	691	NaN	628	0	48	362	28	14	0	409	0	6958	0	8068	0	6944	0	8099	12.436	-3.653
560.1	NaN	633	NaN	627	0	48	359	46	35	0	408	9	6913	36	8123	20	7079	61	8203	12.334	0.064
560.2	NaN	621	NaN	608	0	48	359	74	63	0	407	17	7312	46	8164	37	7247	60	8228	12.371	1.165
560.3	NaN	638	NaN	600	0	42	359	100	94	0	407	19	7622	45	8159	43	7345	60	8246	12.475	1.474
560.4	NaN	622	NaN	607	0	16	359	100	100	0	407	30	7599	46	8200	46	7457	60	8297	12.706	3.478
560.5	NaN	628	NaN	607	0	-8	358	100	100	0	405	43	7975	39	8099	46	7897	60	8210	13.067	3.092
560.6	NaN	623	NaN	625	0	-21	361	100	100	0	406	51	8378	31	8064	46	8306	60	8220	13.379	2.633
560.7	NaN	655	NaN	607	0	-31	359	100	100	0	407	52	8722	26	8157	46	8702	56	8334	13.648	1.958
560.8	NaN	682	NaN	625	0	-35	360	100	100	0	403	56	8918	22	8234	46	8856	48	8451	13.921	2.562
560.9	NaN	647	NaN	663	0	-35	359	100	100	0	403	55	9136	22	8282	45	9120	48	8743	14.101	2.565
561	NaN	641	NaN	628	0	-33	357	100	100	0	406	54	9245	22	8495	46	9195	47	8678	14.351	3.103
561.1	NaN	627	NaN	596	0	-17	356	100	100	0	404	46	9300	29	8681	45	9326	61	9200	14.573	2.555
561.2	NaN	631	NaN	594	0	-7	358	100	100	0	409	41	9186	35	9152	46	9180	62	9238	14.917	3.536
561.3	NaN	626	NaN	601	0	-6	358	100	100	0	405	39	9324	36	9411	45	9355	60	9452	15.246	3.431
561.4	NaN	628	NaN	603	1	-2	357	100	100	0	409	38	9497	36	9597	45	9551	61	9668	15.537	2.324
561.5	NaN	654	NaN	601	1	1	359	100	100	0	406	36	9704	37	9766	46	9713	60	9916	15.868	3.288
561.6	NaN	621	NaN	602	1	-0	363	100	100	0	407	36	9853	36	10008	46	9867	61	10122	16.141	2.4
561.7	NaN	618	NaN	595	1	-1	362	100	100	0	409	36	10025	35	10208	46	10036	61	10262	16.469	3.775
561.8	NaN	619	NaN	595	1	-3	359	100	100	0	407	36	10224	35	10333	46	10301	61	10447	16.739	2.752
561.9	NaN	626	NaN	591	1	-3	361	100	100	0	405	36	10427	34	10509	46	10437	60	10660	17.053	1.999
562	NaN	613	NaN	590	1	-3	363	100	100	0	406	34	10595	32	10752	46	10615	60	10803	17.364	2.405
562.1	NaN	646	NaN	621	1	-6	358	100	100	0	409	28	10807	26	10819	46	10875	51	10946	17.626	2.228
562.2	NaN	636	NaN	630	1	-4	357	100	100	0	408	24	10887	23	11010	46	10933	44	11078	17.84	2.904
562.3	NaN	640	NaN	635	1	-3	358	100	100	0	407	22	10999	20	11073	43	11094	38	11142	18.033	2.154
562.4	NaN	636	NaN	651	1	-3	358	100	100	0	406	17	11108	16	11123	32	11122	30	11247	18.146	1.812
562.5	NaN	641	NaN	643	1	-4	357	100	100	0	407	17	11118	16	11301	33	11204	32	11327	18.245	0.385
562.6	NaN	631	NaN	653	1	-0	358	100	100	0	404	15	11171	14	11165	27	11235	27	11360	18.376	0.43
562.7	NaN	629	NaN	685	1	-2	358	100	100	0	406	13	11165	12	11403	26	11216	24	11436	18.403	0.421
562.8	NaN	630	NaN	667	1	-0	361	100	100	0	407	13	11234	14	11332	25	11318	26	11443	18.46	0.097
562.9	NaN	635	NaN	680	1	-2	358	100	100	0	406	11	11210	11	11436	21	11221	19	11454	18.521	0.006
563	NaN	627	NaN	644	1	-1	360	100	100	0	403	13	11259	12	11429	26	11337	25	11541	18.525	-0.541
563.1	NaN	632	NaN	672	1	-1	362	100	100	0	407	10	11285	10	11477	17	11250	18	11470	18.558	-0.14
563.2	NaN	631	NaN	649	1	-3	359	100	100	0	408	12	11250	11	11445	25	11357	23	11532	18.577	-0.058
563.3	NaN	631	NaN	657	1	-3	362	100	100	0	408	10	11334	10	11477	18	11341	17	11516	18.591	1.263
563.4	NaN	627	NaN	643	1	-3	360	100	100	0	406	10	11277	10	11469	21	11351	20	11527	18.573	-0.425
563.5	NaN	632	NaN	668	1	-2	360	100	100	0	407	10	11319	9	11425	17	11358	17	11489	18.595	1.095
563.6	NaN	632	NaN	644	1	-4	360	100	100	0	409	10	11295	8	11486	19	11327	18	11530	18.571	-1.105
563.7	NaN	643	NaN	652	1	-1	359	100	100	0	404	10	11327	9	11447	18	11385	18	11496	18.578	-0.528
563.8	NaN	641	NaN	674	1	-4	358	100	100	0	407	9	11294	9	11453	18	11321	15	11474	18.579	-0.724
563.9	NaN	627	NaN	674	1	-2	362	100	100	0	406	10	11323	9	11460	18	11384	18	11520	18.582	0.899
564	NaN	639	NaN	652	1	-3	361	100	100	0	406	9	11298	8	11473	17	11311	16	11536	18.571	-0.347
564.1	NaN	634	NaN	660	1	-1	361	100	100	0	407	9	11311	10	11420	19	11378	18	11508	18.57	0.977
564.2	NaN	641	NaN	658	1	-3	362	100	100	0	407	8	11322	8	11513	16	11288	15	11514	18.564	-0.354
564.3	NaN	627	NaN	653	1	-1	363	100	100	0	405	11	11288	11	11419	21	11382	21	11521	18.575	1.353
564.4	NaN	636	NaN	660	1	-1	360	100	100	0	406	9	11316	9	11528	17	11319	17	11523	18.578	0.282
564.5	NaN	630	NaN	666	1	-1	361	100	100	0	406	10	11309	9	11415	19	11369	18	11529	18.552	-0.134
564.6	NaN	639	NaN	659	1	-4	360	100	100	0	407	9	11356	8	11469	16	11366	14	11483	18.562	0.318
564.7	NaN	635	NaN	643	1	-9	359	100	100	0	406	8	11388	8	11283	18	11427	15	11402	18.53	0.094
564.8	NaN	644	NaN	666	0	-11	359	100	100	0	405	11	11499	7	11347	20	11496	15	11334	18.537	-0.313
564.9	NaN	642	NaN	645	0	-11	358	100	100	0	406	9	11440	8	11279	19	11499	16	11369	18.524	-1.31
565	NaN	631	NaN	678	0	-9	359	100	100	0	407	12	11444	9	11364	21	11487	17	11401	18.542	1.598
565.1	NaN	644	NaN	656	0	-9	358	100	100	0	405	9	11396	7	11290	17	11420	14	11404	18.53	0.173
565.2	NaN	627	NaN	662	0	-9	358	100	100	0	405	13	11459	9	11325	24	11503	19	11370	18.512	-0.294
565.3	NaN	642	NaN	661	0	-8	361	100	100	0	405	8	11361	7	11299	15	11398	13	11360	18.501	-2.031
565.4	NaN	628	NaN	658	0	-6	362	100	100	0	407	11	11379	10	11285	23	11473	19	11389	18.477	-0.304
565.5	NaN	639	NaN	662	0	-4	361	100	100	0	406	9	11335	7	11342	16	11291	14	11385	18.476	-0.311
565.6	NaN	634	NaN	668	1	-5	360	100	100	0	407	10	11326	9	11302	19	11370	18	11390	18.434	0.076
565.7	NaN	625	NaN	666	1	-4	363	100	100	0	406	11	11284	10	11381	21	11266	19	11389	18.455	-0.319
565.8	NaN	631	NaN	675	1	-6	357	100	100	0	410	10	11287	9	11246	20	11395	17	11392	18.417	-0.022
565.9	NaN	626	NaN	683	1	-6	360	100	100	0	407	11	11307	9	11392	19	11306	16	11389	18.422	-0.674
566	NaN	629	NaN	680	1	-4	361	100	100	0	406	11	11287	10	11296	22	11349	20	11378	18.411	0.236
566.1	NaN	622	NaN	684	1	-3	362	100	94	0	406	10	11303	10	11417	21	11314	19	11413	18.427	0.302
566.2	NaN	637	NaN	672	1	-1	362	72	61	0	406	11	11266	11	11357	22	11310	20	11430	18.44	-0.335
566.3	NaN	659	NaN	617	0	-2	358	0	0	0	406	-9	11079	-9	11317	-7	11151	-7	11332	18.383	-1.109
566.4	NaN	613	NaN	681	0	-2	360	0	0	0	406	-30	10949	-31	11105	-21	10761	-23	11082	18.061	-4.916
566.5	NaN	607	NaN	666	0	-2	358	0	0	0	405	-48	10567	-46	10735	-37	10573	-37	10661	17.596	-5.003
566.6	NaN	600	NaN	671	0	-3	358	0	0	0	402	-49	10190	-46	10459	-39	10288	-38	10440	17.019	-4.994
566.7	NaN	594	NaN	670	0	-1	364	0	0	0	404	-51	9887	-46	10053	-39	9834	-40	9992	16.444	-6.099
566.8	NaN	591	NaN	677	0	-0	367	0	0	0	407	-53	9451	-46	9676	-42	9345	-41	9649	15.89	-4.661
566.9	NaN	592	NaN	652	0	-0	401	0	0	0	421	-54	9084	-47	9349	-44	8955	-44	9354	15.292	-5.457
567	NaN	590	NaN	656	0	-0	495	0	0	0	528	-55	8761	-46	9013	-46	8725	-45	8854	14.54	-8.286
567.1	NaN	596	NaN	679	0	-1	495	0	0	0	529	-53	8173	-46	8489	-46	8182	-45	8392	13.84	-7.306
567.2	NaN	600	NaN	698	0	4	422	8	1	0	467	-46	7668	-46	8066	-38	7716	-39	7965	13.064	-7.672
567.3	NaN	608	NaN	685	0	26	365	16	8	0	402	-36	7741	-34	8205	-27	7238	-27	7636	12.568	-19.27
567.4	NaN	686	NaN	628	0	25	360	28	18	0	407	-0	7105	-0	7993	-1	6604	-0	7870	12.119	-3.598
567.5	NaN	679	NaN	628	0	37	359	23	14	0	405	-8	6124	-6	7593	-6	6791	-5	7740	11.954	-1.185
567.6	NaN	676	NaN	623	0	46	359	23	11	0	408	-9	6379	-6	7616	-8	6323	-5	7685	11.613	-2.975
567.7	NaN	681	NaN	626	0	52	363	24	13	0	406	-8	6193	-5	7410	-7	6175	-4	7486	11.259	-4.228
567.8	NaN	689	NaN	629	0	54	362	30	20	0	407	0	6082	0	7277	0	6106	0	7327	10.911	-3.404
567.9	NaN	632	NaN	629	0	58	365	40	30	0	408	4	5992	26	7288	9	6126	58	7397	10.788	0.066
568	NaN	655	NaN	633	0	64	366	41	29	0	406	2	5891	24	7168	6	6054	57	7311	10.691	-1.631
568.1	NaN	639	NaN	632	0	66	360	41	29	0	407	2	5879	25	7153	5	5950	58	7293	10.613	-0.948
568.2	NaN	637	NaN	635	0	64	364	42	32	0	408	3	5810	30	7166	7	5879	61	7281	10.539	-1.419
568.3	NaN	640	NaN	683	0	66	363	33	20	0	406	1	5592	14	7001	2	5829	28	7075	10.455	-1.725
568.4	NaN	651	NaN	627	0	74	362	40	29	0	406	1	5535	22	6668	1	5580	54	6934	10.161	-2.28
568.5	NaN	626	NaN	627	0	72	363	51	41	0	407	2	5403	46	6868	5	5561	60	6957	10.096	0.856
568.6	NaN	621	NaN	621	0	70	359	55	45	0	408	4	5466	46	6891	9	5575	61	6905	10.073	1.13
568.7	NaN	623	NaN	629	0	70	362	55	44	0	407	3	5434	46	6748	7	5637	61	6825	10.099	-1.181
568.8	NaN	621	NaN	623	0	69	363	80	68	0	408	5	5437	46	6952	12	5794	61	6993	9.977	-0.725
568.9	NaN	610	NaN	625	0	70	362	100	100	0	407	5	5473	46	6815	11	5576	60	6909	10.028	0.157
569	NaN	613	NaN	628	0	65	364	100	100	0	407	7	5489	46	6870	17	5564	61	6870	9.993	0.697
569.1	NaN	618	NaN	621	0	65	358	100	100	0	407	7	5558	46	6854	17	5620	61	6860	10.034	1.006
569.2	NaN	610	NaN	616	0	54	363	100	100	0	408	14	5723	46	6849	33	5745	60	6913	10.139	0.236
569.3	NaN	636	NaN	621	0	45	358	100	100	0	409	20	5963	45	6925	46	5924	60	6992	10.341	2.61
569.4	NaN	609	NaN	617	0	41	362	100	100	0	407	22	6147	46	6985	45	6158	60	7040	10.625	2.558
569.5	NaN	615	NaN	608	0	29	358	100	100	0	407	29	6362	46	7144	45	6374	61	7207	10.882	2.962
569.6	NaN	610	NaN	613	0	29	363	100	100	0	408	28	6591	46	7255	46	6614	61	7313	11.219	2.616
569.7	NaN	606	NaN	603	0	21	361	100	100	0	408	32	6841	46	7443	46	6876	60	7494	11.51	2.008
569.8	NaN	644	NaN	605	0	18	358	100	100	0	408	35	7058	46	7592	46	7053	61	7635	11.874	2.609
569.9	NaN	605	NaN	612	0	13	363	100	100	0	408	36	7348	46	7746	46	7308	60	7801	12.223	3.549
570	NaN	610	NaN	606	0	8	361	100	100	0	406	38	7614	46	7926	46	7565	60	7995	12.548	3.364
570.1	NaN	612	NaN	603	0	5	360	100	100	0	408	40	7928	44	8085	46	7810	60	8157	12.887	4.109
570.2	NaN	619	NaN	605	1	-2	358	69	57	0	409	40	8094	42	8213	46	8064	61	8317	13.241	3.591
570.3	NaN	681	NaN	628	0	-3	361	21	12	0	407	-5	8005	-5	8095	-4	7998	-5	8139	13.294	-2.371
570.4	NaN	627	NaN	628	0	-12	360	0	0	0	406	-23	7968	-26	7781	-20	7923	-22	7807	13.031	-2.72
570.5	NaN	656	NaN	651	0	-29	358	21	19	0	404	-19	7901	-20	7414	-16	7864	-17	7263	12.578	-4.989
570.6	NaN	668	NaN	614	0	-34	363	27	28	0	406	3	7900	1	7230	7	7898	3	7333	12.388	-0.968
570.7	NaN	626	NaN	695	0	-55	357	43	45	0	404	42	8118	8	7132	46	8014	20	7196	12.308	-2.62
570.8	NaN	629	NaN	669	0	-55	361	42	39	0	404	42	8213	8	7036	46	8176	18	7252	12.317	0.537
570.9	NaN	628	NaN	676	0	-56	362	37	32	0	404	26	8040	5	6887	46	8124	10	7336	12.27	0.095
571	NaN	643	NaN	590	0	-54	363	37	35	0	404	12	7858	2	6702	27	7987	5	6901	12.058	-0.878
571.1	NaN	631	NaN	670	0	-55	358	39	37	0	405	33	7869	5	6606	46	7979	13	6826	11.833	-0.033
571.2	NaN	628	NaN	669	0	-54	362	38	33	0	404	24	7641	4	6583	45	7773	9	6857	11.76	0.851
571.3	NaN	633	NaN	688	0	-54	364	37	31	0	405	21	7608	4	6514	46	7708	10	6698	11.636	-0.513
571.4	NaN	636	NaN	673	0	-52	363	37	34	0	406	24	7628	4	6503	46	7720	9	6755	11.488	-2.125
571.5	NaN	621	NaN	668	0	-51	362	37	33	0	404	23	7532	5	6471	46	7633	12	6599	11.444	-0.065
571.6	NaN	625	NaN	645	0	-52	361	37	33	0	405	23	7520	5	6419	46	7637	11	7106	11.36	-1.23
571.7	NaN	631	NaN	654	0	-53	357	37	31	0	405	21	7487	4	6293	46	7547	10	6556	11.295	-0.934
571.8	NaN	616	NaN	672	0	-48	362	40	35	0	403	25	7596	6	6331	46	7615	14	7029	11.152	-0.432
571.9	NaN	626	NaN	700	0	-31	355	35	33	0	405	18	7384	8	6387	41	7533	19	6497	11.108	1.113
572	NaN	621	NaN	670	0	-13	361	35	28	0	404	10	6982	7	6654	24	7051	17	6698	11.264	1.707
572.1	NaN	637	NaN	654	0	13	358	42	32	0	408	11	6763	15	7063	27	6825	35	7102	11.22	0.683
572.2	NaN	628	NaN	610	0	45	361	46	32	0	409	8	6566	29	7303	19	6583	60	7342	11.335	-0.598
572.3	NaN	619	NaN	608	0	45	358	81	66	0	407	19	6655	46	7678	44	6787	60	7651	11.407	1.916
572.4	NaN	621	NaN	621	0	59	361	77	63	0	405	13	7532	46	7599	29	6719	61	7621	11.588	1.804
572.5	NaN	618	NaN	617	0	62	363	69	52	0	407	9	6496	46	7827	20	6714	61	7841	11.537	-0.331
572.6	NaN	614	NaN	611	0	68	363	55	39	0	407	5	6442	44	7748	12	6563	61	7780	11.627	0.753
572.7	NaN	620	NaN	610	0	65	358	59	44	0	405	7	6362	44	7784	15	6784	60	7870	11.512	-1.702
572.8	NaN	609	NaN	621	0	64	362	59	44	0	406	7	6388	44	7745	16	6535	61	7786	11.454	0.217
572.9	NaN	624	NaN	619	0	64	363	65	51	0	408	8	6354	44	7640	20	6521	61	7688	11.39	0.993
573	NaN	609	NaN	618	0	58	360	77	65	0	407	11	6386	44	7596	26	6963	61	7638	11.404	0.267
573.1	NaN	613	NaN	611	0	46	361	100	91	0	408	17	6460	44	7701	39	9569	61	7765	11.356	1.43
573.2	NaN	607	NaN	616	0	48	362	100	91	0	406	17	7500	44	7610	38	6849	60	7686	11.532	1.268
573.3	NaN	615	NaN	617	0	47	359	100	92	0	409	18	6847	44	7764	41	6863	61	7756	11.63	1.569
573.4	NaN	610	NaN	599	0	48	362	100	100	0	409	17	6900	44	7854	38	6908	61	7856	11.777	1.918
573.5	NaN	628	NaN	595	0	46	359	100	100	0	407	18	7031	44	7993	41	7013	61	7979	11.916	1.866
573.6	NaN	610	NaN	607	0	41	359	100	100	0	405	21	7460	44	8030	46	7237	60	8061	12.09	3.694
573.7	NaN	608	NaN	631	0	31	358	100	100	0	407	25	7429	44	8117	46	7374	61	8172	12.276	2.439
573.8	NaN	612	NaN	635	0	21	358	100	100	0	408	31	7672	44	8173	46	7523	61	8214	12.544	3.683
573.9	NaN	607	NaN	625	0	14	358	100	100	0	407	33	7781	44	8257	46	7762	59	8292	12.851	3.027
574	NaN	597	NaN	622	0	1	358	100	100	0	407	39	8072	41	8336	46	8039	58	8380	13.162	3.438
574.1	NaN	621	NaN	607	0	-17	360	100	100	0	408	48	8494	33	8308	46	8413	59	8373	13.482	2.355
574.2	NaN	623	NaN	623	0	-23	359	100	100	0	407	50	8763	28	8404	46	8743	58	8559	13.767	2.357
574.3	NaN	618	NaN	610	0	-25	357	100	100	0	408	50	8960	27	8498	46	8898	59	8684	14.046	2.392
574.4	NaN	659	NaN	641	0	-37	359	100	100	0	406	53	9193	22	8527	45	9146	47	8734	14.263	0.582
574.5	NaN	623	NaN	625	0	-39	356	100	100	0	406	54	9362	20	8567	47	9283	42	8832	14.43	0.973
574.6	NaN	613	NaN	631	0	-38	361	100	100	0	407	53	9480	21	8683	46	9458	44	8888	14.582	2.237
574.7	NaN	611	NaN	623	0	-36	360	100	100	0	404	53	9593	20	8756	46	9560	43	9278	14.718	2.318
574.8	NaN	611	NaN	606	0	-32	358	100	100	0	406	52	9637	24	9068	46	9601	51	9231	14.888	4.053
574.9	NaN	613	NaN	596	0	-20	357	100	100	0	406	45	9596	28	9249	47	9580	59	9354	15.084	2.18
575	NaN	611	NaN	598	0	-6	359	100	100	0	407	38	9550	35	9503	46	9596	59	9505	15.363	3.41
575.1	NaN	606	NaN	604	0	9	362	100	100	0	408	33	9534	39	9759	46	9633	58	9858	15.638	2.885
575.2	NaN	616	NaN	598	0	13	359	100	100	0	409	30	9641	41	10066	46	9656	59	10179	15.882	2.268
575.3	NaN	606	NaN	591	0	20	361	100	100	0	408	28	9725	44	10300	46	9716	60	10349	16.119	1.605
575.4	NaN	608	NaN	600	0	21	358	100	100	0	408	28	9893	43	10380	46	9782	58	10506	16.3	1.565
575.5	NaN	603	NaN	588	0	21	364	100	100	0	408	27	10019	43	10532	46	9995	57	10653	16.482	2.119
575.6	NaN	598	NaN	594	0	21	362	100	100	0	409	27	10141	43	10669	46	10074	59	10737	16.672	1.391
575.7	NaN	586	NaN	594	0	19	363	100	100	0	406	28	10181	42	10706	45	10080	58	10862	16.829	1.858
575.8	NaN	615	NaN	584	0	12	359	100	100	0	409	29	10297	41	10879	46	10327	59	10948	17.028	2.092
575.9	NaN	601	NaN	595	0	12	361	100	100	0	408	30	10490	38	10870	46	10443	59	11000	17.224	1.7
576	NaN	610	NaN	587	0	4	363	100	100	0	407	33	10578	35	10909	46	10553	58	11081	17.423	2.493
576.1	NaN	613	NaN	597	0	-6	364	100	100	0	408	29	10848	25	10921	46	10922	50	11031	17.615	1.798
576.2	NaN	607	NaN	618	0	-18	363	100	100	0	404	32	11047	21	10753	46	11102	42	10918	17.767	0.387
576.3	NaN	602	NaN	630	0	-19	362	100	100	0	406	32	11216	21	10856	46	11304	41	10982	17.858	1.282
576.4	NaN	607	NaN	618	0	-20	362	100	100	0	404	29	11237	18	10832	46	11315	35	10965	17.951	-0.334
576.5	NaN	618	NaN	622	0	-22	358	100	100	0	407	32	11295	20	10840	46	11373	39	11032	18.023	2.52
576.6	NaN	607	NaN	636	0	-21	358	100	100	0	404	24	11386	17	10961	46	11448	32	11056	18.097	0.437
576.7	NaN	630	NaN	623	0	-18	362	100	100	0	407	26	11366	17	10907	46	11432	36	11083	18.143	1.213
576.8	NaN	621	NaN	645	0	-17	364	100	100	0	407	23	11440	17	11050	45	11525	32	11147	18.199	1.129
576.9	NaN	623	NaN	633	0	-12	357	100	100	0	406	18	11317	15	11072	35	11356	28	11179	18.219	0.199
577	NaN	629	NaN	632	0	-6	361	100	100	0	407	17	11279	15	11163	33	11347	29	11300	18.25	0.622
577.1	NaN	677	NaN	678	0	-0	363	100	100	0	408	13	11119	13	11246	26	11160	27	11331	18.226	-0.624
577.2	NaN	613	NaN	645	1	-2	357	100	100	0	409	17	11146	16	11240	32	11227	30	11393	18.267	0.07
577.3	NaN	619	NaN	664	1	-1	357	100	100	0	405	14	11111	14	11394	28	11150	29	11405	18.278	-0.948
577.4	NaN	615	NaN	646	1	0	363	100	100	0	407	17	11120	17	11335	32	11196	32	11460	18.306	0.537
577.5	NaN	612	NaN	651	1	2	360	100	100	0	407	15	11121	15	11444	29	11199	30	11489	18.329	0.02
577.6	NaN	615	NaN	658	1	-1	358	100	100	0	408	16	11117	16	11358	31	11206	31	11498	18.357	1.331
577.7	NaN	610	NaN	638	1	-1	362	100	100	0	406	14	11204	13	11468	25	11268	25	11473	18.416	-0.205
577.8	NaN	611	NaN	649	1	-1	360	100	100	0	405	12	11187	12	11394	24	11198	23	11504	18.429	-0.002
577.9	NaN	627	NaN	679	1	-2	361	100	100	0	405	12	11246	12	11487	23	11302	24	11490	18.471	0.729
578	NaN	612	NaN	657	1	-1	363	100	100	0	407	11	11223	11	11406	21	11230	20	11488	18.468	-0.832
578.1	NaN	616	NaN	657	1	-1	361	100	100	0	408	13	11262	12	11488	24	11316	23	11514	18.478	0.627
578.2	NaN	609	NaN	663	1	-3	359	100	100	0	408	10	11275	9	11419	18	11281	18	11492	18.479	-1.16
578.3	NaN	606	NaN	669	1	-1	360	100	100	0	408	12	11240	12	11437	24	11314	23	11519	18.487	1.443
578.4	NaN	613	NaN	673	1	-4	357	100	100	0	407	9	11314	9	11408	16	11326	16	11449	18.465	-1.319
578.5	NaN	603	NaN	644	1	-4	361	100	100	0	408	11	11296	10	11342	21	11334	20	11479	18.433	0.847
578.6	NaN	608	NaN	674	1	-5	361	100	100	0	406	11	11298	10	11371	21	11337	18	11393	18.481	-0.778
578.7	NaN	612	NaN	650	1	-4	358	100	100	0	408	10	11287	9	11348	20	11304	20	11477	18.461	-0.089
578.8	NaN	606	NaN	687	1	-2	359	100	100	0	408	11	11276	10	11438	21	11349	21	11449	18.483	0.328
578.9	NaN	613	NaN	646	1	-2	358	100	100	0	406	9	11263	9	11358	18	11273	18	11472	18.458	-0.754
579	NaN	606	NaN	655	1	-4	357	100	100	0	408	12	11311	11	11467	21	11345	21	11452	18.477	0.698
579.1	NaN	622	NaN	656	1	-3	364	100	100	0	409	8	11284	8	11351	16	11276	16	11432	18.452	-0.968
579.2	NaN	656	NaN	626	0	-2	362	0	0	0	407	-1	11115	0	11423	2	11195	1	11352	18.472	-0.802
579.3	NaN	607	NaN	683	0	-1	360	0	0	0	405	-22	11026	-22	11119	-16	11016	-16	11147	18.195	-3.176
579.4	NaN	587	NaN	672	0	-1	357	0	0	0	403	-43	10659	-42	10986	-32	10592	-31	10827	17.775	-4.352
579.5	NaN	585	NaN	666	0	-2	358	0	0	0	405	-49	10344	-45	10626	-37	10185	-37	10563	17.244	-6.372
579.6	NaN	588	NaN	678	0	0	357	0	0	0	405	-50	9995	-46	10287	-39	9961	-39	10244	16.645	-6.644
579.7	NaN	578	NaN	662	0	0	359	0	0	0	405	-52	9474	-46	9900	-41	9625	-41	9919	16.069	-4.243
579.8	NaN	585	NaN	667	0	-1	360	0	0	0	407	-54	9238	-45	9553	-44	9139	-43	9304	15.504	-5.924
579.9	NaN	582	NaN	660	0	-1	362	0	0	0	404	-56	8889	-45	9193	-45	8800	-44	9101	14.888	-7.34
580	NaN	587	NaN	674	0	4	362	10	0	0	404	-45	8449	-44	8816	-37	8531	-36	8833	14.227	-5.823
580.1	NaN	620	NaN	692	0	16	361	20	9	0	406	-20	8119	-18	8489	-18	8193	-15	8700	13.869	-2.658
580.2	NaN	662	NaN	620	0	23	362	32	19	0	408	0	8018	0	8708	0	8084	0	8786	13.464	-1.678
580.3	NaN	630	NaN	652	0	66	363	36	27	0	407	2	7526	14	8242	5	7941	37	8501	13.476	-0.844
580.4	NaN	615	NaN	625	0	54	360	45	32	0	408	6	7428	34	8775	14	7875	59	8891	13.082	-2.828
580.5	NaN	611	NaN	622	0	51	359	45	33	0	407	7	7462	33	8586	16	7643	59	8765	13.102	1.226
580.6	NaN	600	NaN	607	0	38	361	54	42	0	407	17	7603	44	8640	38	7836	60	8757	13.048	-0.118
580.7	NaN	613	NaN	614	0	39	358	54	42	0	408	18	8593	45	8674	39	7878	59	8752	13.144	2.737
580.8	NaN	597	NaN	608	0	42	362	58	46	0	407	19	7991	44	8684	43	8105	59	8795	13.216	0.328
580.9	NaN	600	NaN	622	0	38	359	62	51	0	407	20	7958	44	8717	45	7973	59	8845	13.386	-0.12
581	NaN	595	NaN	615	0	45	361	72	60	0	409	19	9092	44	9093	41	8026	59	8833	13.595	5.086
581.1	NaN	604	NaN	628	0	43	363	70	59	0	409	18	7945	44	8961	39	9444	58	9074	13.592	-4.093
581.2	NaN	617	NaN	623	0	42	360	75	61	0	408	20	8523	45	9064	44	8175	59	9140	13.784	2.282
581.3	NaN	603	NaN	610	0	40	358	74	62	0	408	19	8307	44	9016	42	8511	59	9106	13.878	-0.026
581.4	NaN	606	NaN	621	0	33	358	100	88	0	407	22	8496	44	9142	45	8370	59	9203	13.97	1.556
581.5	NaN	604	NaN	643	0	34	360	100	100	0	409	23	9469	44	9084	46	8510	59	9266	14.131	3.312
581.6	NaN	607	NaN	624	0	28	362	100	100	0	408	24	8770	44	9232	46	8963	59	9340	14.31	0.585
581.7	NaN	603	NaN	629	0	10	362	100	100	0	408	33	8808	43	9322	46	8773	58	9429	14.57	1.741
581.8	NaN	594	NaN	595	0	2	362	100	100	0	409	36	9145	40	9347	46	9084	58	9408	14.878	4.092
581.9	NaN	609	NaN	605	0	-0	356	100	100	0	409	38	9291	36	9441	47	9264	59	9508	15.159	1.63
582	NaN	605	NaN	604	0	-10	359	100	100	0	405	41	9545	34	9455	46	9582	60	9605	15.424	3.221
582.1	NaN	606	NaN	597	0	-16	361	100	100	0	407	44	9844	29	9541	46	9881	59	9699	15.662	3.407
582.2	NaN	621	NaN	623	0	-23	358	100	100	0	406	45	10019	27	9711	46	9998	54	9805	15.913	2.293
582.3	NaN	635	NaN	614	0	-28	358	100	100	0	406	47	10268	24	9708	46	10214	48	9774	16.088	1.731
582.4	NaN	618	NaN	619	0	-29	360	100	100	0	405	46	10365	24	9741	46	10399	51	9971	16.227	2.535
582.5	NaN	622	NaN	609	0	-26	357	100	100	0	407	45	10451	25	9931	46	10434	51	10150	16.41	2.88
582.6	NaN	598	NaN	603	0	-1	359	100	100	0	407	36	10265	34	10249	46	10355	59	10310	16.673	2.849
582.7	NaN	601	NaN	610	0	15	358	100	100	0	408	30	10205	40	10658	46	10218	57	10757	16.862	0.484
582.8	NaN	645	NaN	591	0	12	357	100	100	0	408	30	10457	39	10765	46	10343	58	10917	17.082	4.043
582.9	NaN	589	NaN	599	0	6	364	100	100	0	408	32	10530	36	10951	46	10485	59	11012	17.337	1.501
583	NaN	601	NaN	588	0	4	359	100	100	0	408	29	10670	32	10871	47	10777	58	11048	17.523	2.503
583.1	NaN	605	NaN	606	0	0	359	100	100	0	408	26	10828	26	11074	46	10868	50	11141	17.762	1.804
583.2	NaN	598	NaN	605	1	-1	361	100	100	0	407	23	10941	22	11023	45	11030	44	11174	17.915	0.804
583.3	NaN	609	NaN	618	1	-2	356	100	100	0	407	19	11059	19	11110	37	11135	36	11236	18.034	-0.034
583.4	NaN	608	NaN	638	1	-3	362	100	100	0	406	18	11109	15	11195	34	11139	29	11250	18.16	-0.342
583.5	NaN	596	NaN	651	1	-3	361	100	100	0	406	15	11212	14	11120	29	11280	27	11282	18.198	1.277
583.6	NaN	611	NaN	637	1	-5	362	100	100	0	404	14	11225	12	11252	26	11266	25	11302	18.159	1.314
583.7	NaN	598	NaN	640	1	-4	362	100	100	0	403	17	11213	15	11142	32	11317	29	11279	18.348	-0.337
583.8	NaN	622	NaN	663	1	-2	359	100	100	0	407	12	11296	11	11364	23	11271	21	11352	18.281	1.395
583.9	NaN	606	NaN	651	1	-1	357	100	100	0	406	14	11183	14	11274	28	11259	28	11362	18.322	0.391
584	NaN	590	NaN	651	1	-2	360	100	100	0	404	12	11223	13	11220	24	11251	23	11374	18.431	2.097
584.1	NaN	605	NaN	657	1	0	360	100	100	0	406	12	11255	11	11358	23	11299	23	11427	18.369	0.335
584.2	NaN	596	NaN	637	1	2	359	72	63	0	405	12	11258	13	11369	22	11270	23	11449	18.446	0.407
584.3	NaN	636	NaN	599	0	2	363	0	0	0	408	-11	11038	-11	11311	-7	11016	-7	11369	18.337	-2.698
584.4	NaN	596	NaN	617.2142857	0	1	362	0	0	0	405	-32	10823	-31	11084	-23	10759	-23	11086	17.977	-5.104
584.5	NaN	571	NaN	615.9285714	0	0	358	0	0	0	404	-51	10560	-45	10720	-38	10435	-36	10708	17.476	-6.182
584.6	NaN	578	NaN	614.6428571	0	2	358	0	0	0	405	-50	10173	-44	10304	-38	10124	-38	10321	16.905	-4.959
584.7	NaN	577	NaN	613.3571429	0	2	359	0	0	0	404	-52	9780	-46	10038	-40	9774	-40	9845	16.356	-6.032
584.8	NaN	575	NaN	612.0714286	0	1	378	0	0	0	420	-53	9355	-45	9726	-42	9436	-42	9632	15.762	-5.747
584.9	NaN	575	NaN	610.7857143	0	1	380	0	0	0	417	-55	9035	-46	9289	-44	8980	-45	9152	15.143	-7.095
585	NaN	577	NaN	609.5	0	-4	474	0	0	0	510	-54	8669	-46	8757	-44	8664	-46	8726	14.529	-6.678
585.1	NaN	588	NaN	608.2142857	0	-24	645	0	0	0	640	-48	8438	-45	7987	-40	8351	-50	7027	13.698	-8.795
585.2	NaN	588	NaN	606.9285714	0	-41	489	0	0	0	509	-44	8014	-46	6932	-38	8173	-3	1642	12.903	-5.726
585.3	NaN	600	NaN	605.6428571	0	-63	367	13	13	0	402	-15	7782	-28	6527	-13	7930	-0	933	12.28	-4.361
585.4	NaN	617	NaN	604.3571429	0	-50	359	13	13	0	401	-13	7611	-23	6512	-11	7682	0	679	11.872	-4.317
585.5	NaN	615	NaN	603.0714286	0	-19	361	17	15	0	404	-12	7489	-15	6547	-11	7467	0	1469	11.506	-2.655
585.6	NaN	612	NaN	601.7857143	0	8	358	37	26	0	403	8	7031	10	6829	19	7077	23	6897	11.279	2.574
585.7	NaN	669	NaN	626	0	26	360	42	32	0	407	11	6645	22	7364	26	6681	50	7422	11.395	1.44
585.8	NaN	607	NaN	600	0	48	363	48	38	0	407	10	6599	39	7511	23	6661	60	7566	11.45	1.571
585.9	NaN	644	NaN	626	0	57	363	41	25	0	408	4	6518	22	7516	9	6577	51	7691	11.518	-1.413
586	NaN	628	NaN	638	0	55	362	44	31	0	408	4	6333	20	7551	8	6496	48	7754	11.375	-0.59
586.1	NaN	604	NaN	613	0	56	363	50	38	0	406	8	6466	44	7615	18	6553	61	7748	11.402	1.249
586.2	NaN	599	NaN	622	0	52	361	50	38	0	409	9	6686	44	7639	22	6762	60	7757	11.445	1.437
586.3	NaN	597	NaN	637	0	37	360	56	44	0	408	16	6758	44	7708	39	7016	60	7808	11.512	1.219
586.4	NaN	613	NaN	598	0	28	359	62	51	0	410	28	7216	45	7695	45	7072	59	7831	11.783	2.573
586.5	NaN	591	NaN	588	0	35	364	91	80	0	408	25	7648	44	7786	46	7136	61	7872	12.005	1.684
586.6	NaN	598	NaN	624	0	44	360	100	90	0	407	18	8224	45	7974	43	7214	61	8014	12.265	3.684
586.7	NaN	603	NaN	602	0	46	359	100	100	0	407	18	7250	45	8198	40	7321	61	8284	12.426	0.903
586.8	NaN	650	NaN	599	0	47	362	100	100	0	409	17	8265	45	8330	38	7405	60	8365	12.617	2.719
586.9	NaN	596	NaN	596	0	50	361	100	100	0	406	15	8879	45	8397	34	7566	58	8328	12.8	3.638
587	NaN	602	NaN	593	0	25	357	100	100	0	408	26	7502	44	8604	46	10482	59	8737	12.732	0.885
587.1	NaN	597	NaN	603	0	26	357	100	100	0	409	28	8988	45	8563	46	7871	60	8555	13.165	-1.518
587.2	NaN	592	NaN	594	0	28	362	100	100	0	407	26	8007	44	8624	46	8919	60	8942	13.354	-2.129
587.3	NaN	598	NaN	601	0	14	362	100	100	0	408	33	8962	45	8776	45	8201	58	8921	13.563	4.483
587.4	NaN	620	NaN	596	0	19	360	100	100	0	409	29	9250	45	8764	46	8619	60	8916	13.948	3.234
587.5	NaN	595	NaN	593	0	14	363	100	100	0	409	32	8764	46	9079	46	8595	58	9209	14.218	3.804
587.6	NaN	595	NaN	593	0	15	364	100	100	0	405	31	8842	43	9199	45	8764	59	9297	14.534	4.573
587.7	NaN	599	NaN	596	0	12	363	100	100	0	408	31	9226	44	9418	46	8995	59	9493	14.856	2.641
587.8	NaN	611	NaN	602	0	6	360	100	100	0	408	35	9151	41	9598	46	9156	60	9640	15.096	3.45
587.9	NaN	601	NaN	602	0	7	362	100	100	0	408	34	9352	39	9612	45	9374	60	9739	15.47	3.897
588	NaN	600	NaN	595	1	1	359	100	100	0	408	36	9655	38	9836	46	9655	60	9957	15.695	2.374
588.1	NaN	601	NaN	597	1	-1	359	100	100	0	408	36	9839	36	9928	46	9872	59	10057	16.023	3.666
588.2	NaN	607	NaN	605	1	-4	357	100	100	0	407	37	10023	35	10162	46	10031	58	10223	16.307	1.873
588.3	NaN	601	NaN	590	1	-3	360	100	100	0	407	37	10216	33	10220	46	10256	60	10382	16.565	3.029
588.4	NaN	630	NaN	589	1	-3	363	100	100	0	410	36	10413	34	10389	46	10441	58	10546	16.881	2.505
588.5	NaN	668	NaN	605	1	-5	359	100	100	0	407	36	10574	31	10653	46	10605	60	10703	17.172	1.918
588.6	NaN	595	NaN	597.8055556	0	-4	362	46	38	0	405	32	10699	30	10684	46	10769	59	10834	17.497	3.462
588.7	NaN	627	NaN	599.1111111	0	-4	359	0	0	0	406	-15	10616	-16	10655	-12	10553	-12	10528	17.329	-3.51
588.8	NaN	598	NaN	600.4166667	0	-3	421	0	0	0	457	-35	10162	-36	10261	-28	10189	-28	10348	17.01	-3.823
588.9	NaN	583	NaN	601.7222222	0	0	384	0	0	0	428	-52	9842	-44	9915	-41	9630	-41	9458	16.435	-5.771
589	NaN	586	NaN	603.0277778	0	0	366	0	0	0	405	-53	9584	-45	9607	-42	9470	-42	9517	15.832	-4.879
589.1	NaN	592	NaN	604.3333333	0	3	535	0	0	0	546	-56	8936	-45	9294	-46	9048	-43	9173	15.153	-6.241
589.2	NaN	596	NaN	605.6388889	0	4	696	0	0	0	689	-56	8286	-44	8748	-46	8192	-44	8550	14.3	-10.192
589.3	NaN	591	NaN	606.9444444	0	2	777	0	0	0	748	-55	7803	-46	7982	-46	7476	-45	7331	13.285	-10.927
589.4	NaN	597	NaN	608.25	0	8	738	0	0	0	673	-56	7034	-45	7509	-47	5934	-45	7204	12.218	-11.79
589.5	NaN	615	NaN	609.5555556	0	21	512	0	0	0	517	-41	5695	-44	7080	-46	4741	-42	7035	11.293	-8.597
589.6	NaN	611	NaN	610.8611111	0	48	363	0	0	0	400	-47	4958	-42	6750	-47	4654	-38	6743	10.51	-5.01
589.7	NaN	624	NaN	612.1666667	0	66	367	19	8	0	406	-38	4954	-19	6445	-34	2258	-17	6483	9.84	-5.975
589.8	NaN	649	NaN	613.4722222	0	68	365	37	25	0	407	1	5112	14	6430	3	4464	33	6565	9.39	-5.504
589.9	NaN	641	NaN	614.7777778	0	67	362	41	30	0	407	1	4802	23	6307	3	4923	56	6543	9.198	-0.842
590	NaN	618	NaN	616.0833333	0	69	362	52	41	0	408	2	4841	44	6293	6	4984	59	6383	9.168	0.791
590.1	NaN	610	NaN	617.3888889	0	67	365	62	51	0	407	6	4973	45	6363	14	5104	61	6405	9.127	0.45
590.2	NaN	605	NaN	618.6944444	0	57	364	63	51	0	407	11	5296	44	6430	25	5214	61	6407	9.203	2.387
590.3	NaN	603	NaN	606	0	34	364	67	59	0	410	25	5665	45	6309	46	5425	58	6384	9.362	2.9
590.4	NaN	621	NaN	628	0	-4	360	70	63	0	408	50	6073	45	6191	45	5933	59	6297	9.727	4.663
590.5	NaN	646	NaN	606.2777778	0	-36	365	33	29	0	406	22	6330	8	5919	45	6403	17	6013	10.066	1.038
590.6	NaN	649	NaN	604.9583333	0	-48	362	31	32	0	406	13	6534	3	5721	32	6565	8	5791	9.9	-0.882
590.7	NaN	630	NaN	603.6388889	0	-49	363	46	42	0	405	21	6616	5	5668	46	6635	12	5720	9.883	1.02
590.8	NaN	673	NaN	602.3194444	0	-49	363	64	63	0	406	61	6858	17	5801	46	6749	40	6159	10.033	2.869
590.9	NaN	635	NaN	644	0	-49	361	71	69	0	406	61	7024	16	5967	46	6860	38	6147	10.233	1.911
591	NaN	676	NaN	675	0	-47	359	75	72	0	406	61	7083	18	6170	46	6951	43	6327	10.516	2.13
591.1	NaN	624	NaN	629	0	-47	360	100	100	0	408	60	7378	18	6342	46	7167	43	6446	10.746	4.399
591.2	NaN	684	NaN	597	0	-40	361	100	100	0	405	61	7386	21	6410	45	7277	50	8041	10.985	2.304
591.3	NaN	629	NaN	637	0	-36	359	100	100	0	405	62	7499	25	6806	46	7585	57	7179	11.311	5.317
591.4	NaN	640	NaN	638	0	-34	362	100	100	0	406	61	7605	27	6922	46	7557	59	7228	11.673	4.06
591.5	NaN	651	NaN	612	0	-29	360	100	100	0	406	59	7803	27	7156	45	7762	60	7383	11.987	2.627
591.6	NaN	634	NaN	606	0	-28	362	100	100	0	404	57	7970	28	7423	46	7970	60	7485	12.349	4.428
591.7	NaN	653	NaN	607	0	-25	359	100	100	0	406	55	8156	29	7616	46	8108	61	7829	12.691	2.009
591.8	NaN	630	NaN	584	0	-24	362	100	100	0	406	54	8348	30	7914	46	8333	61	7963	12.993	3.759
591.9	NaN	617	NaN	595	0	-25	362	100	100	0	404	53	8504	30	8031	45	8506	60	8153	13.362	2.588
592	NaN	623	NaN	603	0	-18	360	100	100	0	406	49	8675	32	8279	46	8631	60	8420	13.642	2.479
592.1	NaN	625	NaN	599	0	-16	360	100	100	0	409	46	8818	32	8486	46	8797	60	8613	14	2.617
592.2	NaN	629	NaN	595	0	-8	361	100	100	0	407	41	8980	36	8797	46	9033	60	8882	14.252	4.773
592.3	NaN	616	NaN	607	0	0	363	100	100	0	406	38	8995	38	9033	45	9107	59	9140	14.658	3.61
592.4	NaN	620	NaN	598	0	1	364	100	100	0	407	38	9274	36	9359	46	9248	60	9407	14.945	4.653
592.5	NaN	616	NaN	589	1	1	361	100	100	0	407	37	9438	37	9528	45	9393	60	9608	15.288	3.606
592.6	NaN	613	NaN	598	1	2	361	100	100	0	408	35	9538	38	9710	45	9509	60	9826	15.625	2.664
592.7	NaN	627	NaN	595	1	2	361	100	100	0	408	35	9702	36	9924	46	9759	60	10084	15.896	2.441
592.8	NaN	624	NaN	591	1	2	360	100	100	0	408	35	9894	38	10167	46	9943	60	10232	16.252	3.76
592.9	NaN	618	NaN	592	1	3	362	100	100	0	406	35	10115	35	10339	46	10124	61	10439	16.535	2.951
593	NaN	616	NaN	595	1	0	358	100	100	0	407	34	10242	36	10452	46	10256	60	10602	16.849	3.486
593.1	NaN	617	NaN	603	1	3	363	100	100	0	408	34	10462	35	10743	46	10511	58	10820	17.16	4.597
593.2	NaN	623	NaN	591	1	0	358	76	65	0	408	31	10634	32	10850	46	10696	59	11018	17.462	2.287
593.3	NaN	626	NaN	637	0	2	362	30	18	0	409	10	10650	10	10992	19	10678	15	11037	17.707	0.084
593.4	NaN	637	NaN	639	0	4	362	0	0	0	407	-16	10494	-17	10823	-12	10488	-12	10842	17.518	-2.917
593.5	NaN	611	NaN	704	0	3	358	0	0	0	405	-37	10224	-35	10534	-29	10175	-27	10528	17.173	-3.847
593.6	NaN	598	NaN	682	0	10	361	0	0	0	403	-54	9657	-44	10400	-41	9635	-38	10248	16.65	-5.425
593.7	NaN	603	NaN	673	0	13	358	0	0	0	407	-57	9220	-45	10070	-44	8956	-39	10061	16.033	-7.869
593.8	NaN	598	NaN	666	0	17	357	0	0	0	405	-61	8652	-44	9702	-46	8251	-40	9659	15.401	-7.348
593.9	NaN	597	NaN	658	0	18	363	0	0	0	406	-62	8069	-44	9262	-46	7350	-42	9298	14.699	-7.013
594	NaN	607	NaN	695	0	19	363	11	3	0	404	-46	7503	-36	8955	-37	6297	-30	8803	14.089	-7.399
594.1	NaN	678	NaN	626	0	3	362	28	21	0	408	0	7801	0	8887	0	7758	0	8945	13.603	-1.269
594.2	NaN	629	NaN	697	0	12	365	34	22	0	408	8	8095	10	8423	15	8109	20	8529	13.614	2.015
594.3	NaN	678	NaN	625	0	19	363	28	15	0	409	-0	7806	0	8470	-0	7872	0	8466	13.303	-1.902
594.4	NaN	677	NaN	627	0	27	365	28	15	0	407	-0	7592	0	8308	-0	7680	-0	8379	13.206	-1.482
594.5	NaN	684	NaN	626	0	25	359	28	15	0	406	0	7428	0	8343	0	7510	0	8354	12.964	-1.117
594.6	NaN	640	NaN	696	0	29	358	34	25	0	406	4	7290	9	8196	10	7477	19	8264	12.845	-1.234
594.7	NaN	642	NaN	675	0	30	360	34	21	0	408	3	7290	7	8167	7	7351	15	8238	12.752	-1.189
594.8	NaN	672	NaN	618	0	35	363	29	17	0	409	-0	7091	0	8058	1	7158	2	8144	12.549	-1.2
594.9	NaN	673	NaN	624	0	38	364	26	16	0	408	-5	6917	-2	7997	-4	6696	-2	8080	12.226	-2.514
595	NaN	633	NaN	634.9	0	40	362	35	26	0	408	3	6819	10	7835	7	6915	23	8018	12.094	0.08
595.1	NaN	623	NaN	631.8	0	37	364	39	31	0	407	8	6926	21	7830	17	6945	48	7985	12.058	-0.805
595.2	NaN	626	NaN	628.7	0	36	359	39	30	0	407	8	6898	20	7810	18	6974	45	8004	12.04	1.095
595.3	NaN	641	NaN	625.6	0	34	359	39	27	0	409	8	6946	19	7836	19	7067	42	7946	12.037	0.095
595.4	NaN	672	NaN	601	0	38	364	32	20	0	405	1	6750	2	7646	2	6846	5	7746	11.911	-2.278
595.5	NaN	679	NaN	622	0	42	362	28	16	0	408	-0	6518	-0	7564	-0	6595	-0	7659	11.699	-1.3
595.6	NaN	680	NaN	622	0	47	358	27	15	0	406	-0	6361	-0	7422	-0	6283	-0	7561	11.432	-2.314
595.7	NaN	673	NaN	623	0	52	362	27	17	0	409	0	6151	0	7324	0	6198	0	7400	11.156	-1.625
595.8	NaN	621	NaN	632	0	51	364	50	41	0	409	10	6181	43	7411	23	6244	58	7424	10.961	-0.814
595.9	NaN	612	NaN	660	0	54	357	81	72	0	407	14	6443	44	7408	32	6380	59	7457	11.085	1.298
596	NaN	619	NaN	626	0	52	358	100	100	0	407	15	6741	44	7411	34	6887	58	7518	11.141	1.6
596.1	NaN	615	NaN	620	0	51	361	100	100	0	407	15	6616	44	7475	37	6759	59	7574	11.248	0.615
596.2	NaN	648	NaN	632	0	45	361	100	100	0	406	19	6717	44	7577	43	6736	59	7651	11.416	1.184
596.3	NaN	611	NaN	608	0	26	359	100	100	0	407	30	6860	44	7624	46	6854	59	7718	11.644	2.253
596.4	NaN	615	NaN	627	0	11	363	100	100	0	406	37	7188	44	7651	46	7129	60	7723	11.96	3.65
596.5	NaN	603	NaN	629	0	9	361	100	100	0	407	38	7427	44	7771	46	7395	59	7838	12.272	2.933
596.6	NaN	634	NaN	627	0	8	358	100	100	0	407	38	7646	43	7936	46	7603	60	8029	12.578	2.834
596.7	NaN	617	NaN	636	0	5	363	100	100	0	407	39	7834	44	8132	44	7812	58	8216	12.884	1.337
596.8	NaN	612	NaN	617	1	4	362	100	100	0	408	39	8033	43	8256	44	7997	58	8367	13.18	2.725
596.9	NaN	603	NaN	640	1	5	362	100	100	0	407	39	8202	42	8432	44	8164	59	8531	13.474	2.374
597	NaN	621	NaN	618	1	4	362	100	100	0	406	39	8394	41	8583	45	8371	58	8717	13.747	3.105
597.1	NaN	604	NaN	613	1	1	359	100	100	0	408	39	8567	40	8763	44	8592	58	8875	14.053	2.927
597.2	NaN	611	NaN	609	1	-1	360	100	100	0	407	38	8782	39	8956	44	8810	58	9020	14.343	3.106
597.3	NaN	606	NaN	608	1	-3	360	100	100	0	407	39	9018	37	9152	44	9050	59	9201	14.637	3.511
597.4	NaN	630	NaN	602	1	-4	357	100	100	0	407	38	9208	38	9307	45	9257	59	9376	14.963	3.121
597.5	NaN	616	NaN	591	1	-3	358	100	100	0	407	37	9409	36	9436	44	9416	58	9566	15.268	3.096
597.6	NaN	616	NaN	599	1	-4	356	100	100	0	407	38	9581	36	9606	44	9570	58	9782	15.548	2.555
597.7	NaN	612	NaN	601	1	-5	358	100	100	0	406	39	9757	34	9831	44	9792	59	9903	15.848	4.195
597.8	NaN	631	NaN	602	1	-3	361	100	100	0	408	37	9977	34	10013	45	10017	59	10091	16.167	3.807
597.9	NaN	632	NaN	600	1	-6	357	100	100	0	407	38	10182	33	10108	45	10194	58	10248	16.424	1.698
598	NaN	611	NaN	596	1	-2	362	100	100	0	408	37	10288	33	10333	45	10301	59	10468	16.708	3.353
598.1	NaN	667	NaN	609	1	-3	361	100	100	0	408	36	10493	33	10539	44	10543	58	10653	17.024	2.029
598.2	NaN	606	NaN	593	1	-5	358	100	100	0	406	31	10643	29	10642	45	10689	58	10806	17.278	3.343
598.3	NaN	621	NaN	600	1	-4	360	100	100	0	408	30	10746	27	10841	44	10797	53	10948	17.525	1.741
598.4	NaN	611	NaN	611	1	-2	362	100	99	0	408	25	10891	23	10949	44	10993	46	11049	17.748	2.42
598.5	NaN	618	NaN	624	1	-3	362	100	100	0	409	20	10976	19	10969	39	11006	37	11159	17.879	1.166
598.6	NaN	621	NaN	640	1	-5	357	100	100	0	407	20	11024	18	11139	37	11154	34	11187	18.033	1.781
598.7	NaN	624	NaN	645	1	-5	360	100	100	0	406	15	11133	14	11063	29	11155	27	11233	18.117	0.435
598.8	NaN	603	NaN	655	1	-5	363	100	100	0	405	16	11138	14	11225	30	11209	27	11258	18.188	1.417
598.9	NaN	615	NaN	657	1	-4	361	100	100	0	406	15	11184	14	11153	29	11251	27	11280	18.263	0.696
599	NaN	617	NaN	648	1	-2	357	100	100	0	406	14	11225	13	11254	26	11268	25	11327	18.272	0.985
599.1	NaN	608	NaN	648	1	-4	357	100	100	0	408	12	11289	11	11278	24	11315	22	11279	18.327	0.432
599.2	NaN	611	NaN	639	1	-5	356	100	100	0	405	13	11271	11	11215	25	11294	23	11333	18.337	-0.444
599.3	NaN	614	NaN	670	1	-5	360	100	100	0	404	12	11275	11	11319	21	11329	21	11328	18.366	-0.226
599.4	NaN	603	NaN	644	1	-4	362	100	100	0	408	12	11268	10	11182	20	11251	19	11332	18.361	0.328
599.5	NaN	603	NaN	649	1	-2	360	100	100	0	407	11	11291	12	11484	21	11291	20	11374	18.382	0.476
599.6	NaN	600	NaN	661	1	2	362	100	100	0	406	11	11218	12	11278	22	11183	22	11422	18.37	1.676
599.7	NaN	607	NaN	612	1	9	361	100	100	0	408	16	11103	18	11553	31	11230	35	11576	18.402	0.867
599.8	NaN	610	NaN	644	0	15	362	100	100	0	408	15	11058	20	11670	28	11122	39	11778	18.444	0.225
599.9	NaN	612	NaN	603	0	22	360	100	100	0	408	16	10993	25	11843	32	11154	49	11908	18.517	-0.034
600	NaN	632	NaN	608	0	17	362	100	100	0	408	17	10992	28	11790	32	11145	51	12014	18.512	0.633
600.1	NaN	617	NaN	606	0	5	362	100	100	0	408	18	11049	21	11705	36	11172	42	11798	18.543	1.834
600.2	NaN	605	NaN	694	0	-6	358	100	100	0	406	11	11348	10	11364	20	11441	18	11517	18.533	0.547
600.3	NaN	601	NaN	641	0	-6	362	100	100	0	405	14	11438	11	11290	26	11425	24	11411	18.518	0.775
600.4	NaN	627	NaN	649	0	-9	359	59	51	0	404	9	11420	7	11270	17	11495	14	11342	18.475	-1.847
600.5	NaN	608	NaN	643.3125	0	-11	359	29	22	0	405	9	11403	11	11234	16	11286	11	11278	18.433	-0.991
600.6	NaN	617	NaN	642.125	0	-10	362	0	0	0	407	-19	11110	-20	10999	-14	11208	-15	11051	18.126	-2.935
600.7	NaN	582	NaN	640.9375	0	-12	358	0	0	0	404	-38	10889	-41	10521	-29	10800	-31	10339	17.739	-3.753
600.8	NaN	584	NaN	639.75	0	-11	487	0	0	0	479	-47	10381	-44	10220	-36	10460	-39	10134	17.103	-7.167
600.9	NaN	578	NaN	638.5625	0	-14	554	0	0	0	554	-50	10099	-44	9706	-39	10042	-45	7806	16.302	-8.411
601	NaN	592	NaN	637.375	0	-11	653	0	0	0	675	-52	9481	-44	9004	-42	9397	-47	7608	15.468	-9.308
601.1	NaN	587	NaN	636.1875	0	-11	631	0	0	0	616	-53	8873	-44	8470	-42	8951	-47	5250	14.544	-9.467
601.2	NaN	596	NaN	635	0	-16	614	0	0	0	613	-51	8438	-45	8046	-43	8365	-25	3064	13.646	-8.833
601.3	NaN	596	NaN	633.8125	0	-32	380	0	0	0	427	-47	8134	-44	7279	-39	8130	-53	3942	12.87	-4.394
601.4	NaN	623	NaN	632.625	0	-33	359	37	37	0	403	24	8242	10	7323	45	8309	22	6611	12.562	-0.436
601.5	NaN	633	NaN	631.4375	0	-48	359	34	30	0	404	18	8074	5	7205	42	8177	10	7407	12.585	1.093
601.6	NaN	653	NaN	630.25	0	-65	357	34	31	0	405	18	8043	2	7003	41	8154	6	7242	12.414	-2.823
601.7	NaN	646	NaN	629.0625	0	-61	362	35	34	0	404	24	8151	3	6925	44	8269	7	7101	12.241	-0.956
601.8	NaN	646	NaN	627.875	0	-62	363	37	33	0	404	26	7942	3	6786	44	8152	7	7027	12.126	-2.173
601.9	NaN	618	NaN	626.6875	0	-57	363	51	47	0	405	58	8024	8	6737	43	8035	19	7265	11.991	-0.511
602	NaN	630	NaN	658	0	-54	358	64	60	0	406	60	8166	13	6870	44	8057	30	7758	11.984	2.594
602.1	NaN	632	NaN	637	0	-47	359	81	77	0	406	61	7928	18	7051	44	7930	41	7808	12.057	0.92
602.2	NaN	622	NaN	632	0	-39	358	100	100	0	406	58	8065	20	7174	44	8012	46	9439	12.111	1.565
602.3	NaN	633	NaN	615	0	-37	357	100	100	0	405	60	7993	23	7604	44	7993	52	7677	12.387	1.239
602.4	NaN	622	NaN	615	0	-24	360	100	100	0	406	55	8181	30	7593	44	8185	58	7695	12.656	3.21
602.5	NaN	620	NaN	586	0	-16	361	100	100	0	405	51	8223	31	7872	44	8253	58	7995	12.993	2.333
602.6	NaN	634	NaN	593	0	-10	363	100	100	0	404	46	8354	35	8142	44	8346	58	8229	13.335	3.027
602.7	NaN	617	NaN	597	0	-8	360	65	56	0	406	44	8501	37	8431	44	8486	59	8489	13.658	3.688
602.8	NaN	681	NaN	622	0	-9	361	23	15	0	407	-2	8390	-2	8362	-2	8303	-2	8378	13.663	-1.806
602.9	NaN	659	NaN	704	0	-10	359	31	25	0	407	5	8399	4	8364	10	8329	8	8378	13.495	0.049
603	NaN	671	NaN	609	0	-16	364	31	24	0	405	2	8306	1	8099	5	8259	4	8111	13.524	-1.202
603.1	NaN	633	NaN	651	0	-30	362	32	25	0	405	10	8406	5	7955	23	8446	11	8008	13.423	-1.35
603.2	NaN	676	NaN	624	0	-50	363	22	15	0	405	-3	8212	-5	7450	-3	8285	-4	7511	13.224	-2.666
603.3	NaN	671	NaN	617	0	-50	358	19	15	0	405	-6	8358	-9	7240	-5	8346	-8	6756	12.827	-4.863
603.4	NaN	681	NaN	625	0	-51	360	28	23	0	405	0	8046	0	6874	0	8218	-1	6259	12.501	-1.308
603.5	NaN	623	NaN	627	0	-47	361	39	35	0	404	24	7920	5	6838	47	8044	12	7026	12.268	-0.929
603.6	NaN	658	NaN	633	0	-43	362	50	50	0	406	54	8194	17	7025	44	8191	40	8399	12.18	4.38
603.7	NaN	632	NaN	665	0	-51	360	51	43	0	408	50	7975	12	7062	44	8011	28	7625	12.278	-0.268
603.8	NaN	656	NaN	631	0	-44	360	50	49	0	407	55	8184	14	6994	44	8182	31	8622	12.226	2.308
603.9	NaN	683	NaN	626	0	-54	360	23	13	0	404	-2	7631	-2	6857	-2	7850	-2	7162	12.269	-2.263
604	NaN	619	NaN	659	0	-56	358	42	44	0	405	43	7930	7	6791	43	7966	17	6961	11.951	-1.837
604.1	NaN	644	NaN	665	0	-57	358	57	55	0	405	61	8099	12	6853	44	7972	27	7186	11.988	1.888
604.2	NaN	636	NaN	626	0	-57	358	61	59	0	407	60	7926	11	6870	44	7907	26	7976	12.024	-0.542
604.3	NaN	635	NaN	666	0	-50	360	72	72	0	407	60	8049	14	7062	44	7987	31	7892	12.052	2.699
604.4	NaN	638	NaN	631	0	-41	358	72	71	0	404	61	8042	19	7107	44	7992	43	8056	12.217	2.675
604.5	NaN	621	NaN	635	0	-17	361	75	74	0	408	49	8024	33	7417	43	8053	59	7819	12.471	4.186
604.6	NaN	660	NaN	640	0	1	359	68	54	0	407	42	7927	41	7954	43	7890	58	8055	12.856	3.1
604.7	NaN	619	NaN	615	0	25	363	66	53	0	408	29	7928	44	8366	44	7890	59	8442	13.132	1.79
604.8	NaN	640	NaN	702	0	42	363	38	25	0	409	4	7762	13	8519	10	7721	27	8589	13.284	-0.353
604.9	NaN	647	NaN	616	0	41	363	38	27	0	407	5	7479	16	8570	12	7636	35	8663	13.209	-0.96
605	NaN	629	NaN	612	0	43	358	41	32	0	405	7	7466	25	8537	17	7624	56	8692	13.138	-0.155
605.1	NaN	649	NaN	610	0	45	364	42	34	0	407	9	7511	29	8542	20	7727	58	8691	13.113	0.353
605.2	NaN	618	NaN	603	0	44	363	49	42	0	408	13	7623	44	8546	30	7804	58	8685	13.126	0.875
605.3	NaN	628	NaN	609	0	29	358	55	48	0	407	24	7935	44	8581	44	7963	59	8718	13.24	2.471
605.4	NaN	610	NaN	616	0	5	361	56	51	0	408	39	8241	42	8495	44	8142	59	8666	13.534	3.506
605.5	NaN	621	NaN	621	0	-32	359	56	51	0	407	55	8766	24	8287	44	8682	53	8436	13.807	2.436
605.6	NaN	628	NaN	634	0	-36	357	77	77	0	405	55	9067	22	8266	44	8967	47	8547	13.994	2.122
605.7	NaN	633	NaN	640	0	-50	358	85	81	0	406	58	9206	16	8326	44	9051	34	8615	14.18	2.477
605.8	NaN	631	NaN	635	0	-47	359	100	100	0	406	57	9334	17	8305	45	9280	37	9390	14.231	1.454
605.9	NaN	631	NaN	625	0	-40	356	100	100	0	408	55	9237	19	8537	45	9288	40	8957	14.38	0.935
606	NaN	646	NaN	601	0	-16	360	100	100	0	407	43	9299	30	8711	45	9387	59	9929	14.524	4.882
606.1	NaN	623	NaN	601	0	-4	357	100	100	0	405	39	9143	37	9186	44	9164	58	9201	14.866	3.604
606.2	NaN	621	NaN	599	0	-1	361	100	100	0	408	38	9269	38	9381	44	9226	58	9486	15.162	3.367
606.3	NaN	610	NaN	603	1	0	359	100	100	0	407	37	9416	36	9540	44	9447	58	9651	15.452	3.261
606.4	NaN	624	NaN	594	1	2	364	100	100	0	407	36	9602	37	9782	44	9646	59	9886	15.776	3.111
606.5	NaN	617	NaN	595	1	-1	364	100	100	0	406	36	9803	36	10033	44	9817	58	10076	16.042	3.394
606.6	NaN	618	NaN	595	1	-1	359	100	100	0	407	35	9952	36	10100	44	9904	59	10211	16.33	3.191
606.7	NaN	609	NaN	598	1	0	362	100	100	0	407	35	10108	36	10277	44	10159	58	10424	16.603	3.443
606.8	NaN	612	NaN	598	1	1	357	100	100	0	406	34	10284	35	10543	43	10372	57	10598	16.906	2.628
606.9	NaN	605	NaN	600	1	1	362	100	100	0	407	34	10506	35	10635	44	10480	59	10761	17.21	2.083
607	NaN	648	NaN	596	1	-1	358	100	100	0	406	32	10644	32	10823	44	10707	59	10972	17.474	3.209
607.1	NaN	642	NaN	600	1	-3	357	100	100	0	404	28	10812	26	11013	44	10903	51	11115	17.737	2.215
607.2	NaN	618	NaN	619	1	-2	360	100	100	0	408	22	10949	22	11021	43	10964	41	11176	17.956	2.571
607.3	NaN	617	NaN	620	1	-3	357	100	100	0	406	20	11034	19	11227	38	11142	38	11298	18.101	2.309
607.4	NaN	611	NaN	653	1	-2	363	100	100	0	408	16	11151	15	11190	31	11142	29	11309	18.222	1.107
607.5	NaN	651	NaN	642	1	-5	358	100	100	0	405	16	11134	14	11270	30	11224	28	11327	18.358	0.782
607.6	NaN	611	NaN	666	1	-4	363	100	100	0	406	12	11251	11	11263	23	11292	23	11354	18.386	1.004
607.7	NaN	613	NaN	635	1	-2	360	100	100	0	407	12	11233	11	11318	23	11287	21	11386	18.438	0.249
607.8	NaN	613	NaN	698	1	-3	359	100	100	0	406	12	11276	12	11380	23	11313	23	11441	18.492	0.661
607.9	NaN	624	NaN	642	1	-2	359	100	100	0	406	11	11273	10	11344	21	11296	20	11475	18.514	-0.115
608	NaN	621	NaN	648	1	-2	357	100	100	0	407	11	11286	10	11461	21	11351	21	11508	18.548	-0.255
608.1	NaN	619	NaN	647	1	-0	361	100	100	0	406	10	11297	10	11385	19	11314	19	11526	18.592	1.079
608.2	NaN	625	NaN	642	1	-2	359	100	100	0	406	11	11291	10	11549	21	11397	20	11573	18.602	-0.023
608.3	NaN	628	NaN	664	1	-3	359	100	100	0	406	9	11342	8	11413	16	11308	16	11526	18.609	-0.047
608.4	NaN	614	NaN	641	1	-0	359	100	100	0	407	10	11295	9	11548	19	11379	18	11592	18.636	0.294
608.5	NaN	626	NaN	661	1	-2	362	100	100	0	408	8	11374	8	11448	15	11333	14	11539	18.626	0.109
608.6	NaN	623	NaN	681	1	-1	357	100	100	0	407	8	11284	8	11561	17	11404	18	11579	18.632	-0.525
608.7	NaN	623	NaN	667	1	-4	362	100	100	0	407	9	11358	8	11445	16	11370	14	11548	18.63	-0.214
608.8	NaN	623	NaN	652	1	-2	359	100	100	0	406	8	11322	8	11575	17	11391	16	11572	18.637	-0.214
608.9	NaN	626	NaN	669	1	-4	357	100	100	0	407	9	11388	7	11412	15	11400	13	11551	18.62	-0.01
609	NaN	634	NaN	653	1	-3	359	100	100	0	405	7	11337	7	11533	14	11386	14	11557	18.619	-0.133
609.1	NaN	628	NaN	649	1	-2	358	100	100	0	407	8	11333	9	11454	16	11409	15	11510	18.605	-0.094
609.2	NaN	625	NaN	652	1	-2	361	100	100	0	408	7	11337	8	11503	15	11353	13	11540	18.62	-0.141
609.3	NaN	628	NaN	653	1	-2	359	100	100	0	406	9	11356	9	11473	17	11405	16	11523	18.601	-0.649
609.4	NaN	634	NaN	655	1	-4	361	100	100	0	406	8	11398	7	11476	14	11381	13	11510	18.61	-0.477
609.5	NaN	634	NaN	647	1	-4	357	100	100	0	407	8	11346	7	11440	16	11426	14	11500	18.593	-0.953
609.6	NaN	631	NaN	644	1	-4	360	100	100	0	406	8	11400	7	11409	15	11382	14	11496	18.599	0.441
609.7	NaN	644	NaN	632	1	-9	358	100	100	0	405	7	11408	6	11408	12	11438	11	11409	18.565	-0.749
609.8	NaN	617	NaN	633	0	-12	358	100	100	0	406	11	11522	10	11305	24	11463	19	11372	18.554	1.23
609.9	NaN	634	NaN	656	0	-12	362	100	100	0	406	9	11488	7	11323	16	11526	13	11319	18.558	-1.458
610	NaN	607	NaN	641	0	-13	359	100	100	0	406	13	11479	10	11207	26	11483	21	11378	18.581	1.295
610.1	NaN	612	NaN	664	0	-10	364	100	100	0	405	11	11513	8	11325	20	11597	16	11353	18.561	0.016
610.2	NaN	617	NaN	646	0	-10	360	100	100	0	407	11	11512	9	11235	23	11500	19	11347	18.556	-0.38
610.3	NaN	616	NaN	661	0	-9	357	100	100	0	407	10	11436	9	11370	20	11517	15	11391	18.535	0.869
610.4	NaN	635	NaN	640	0	-5	363	100	100	0	406	8	11400	7	11281	16	11391	14	11406	18.497	-1.031
610.5	NaN	610	NaN	659	0	-5	359	100	100	0	406	10	11348	9	11395	19	11396	16	11436	18.459	-0.345
610.6	NaN	610	NaN	662	1	-2	358	100	100	0	407	13	11238	12	11371	25	11314	23	11468	18.45	-0.297
610.7	NaN	609	NaN	662	1	-1	359	100	100	0	406	11	11254	11	11437	21	11289	20	11511	18.439	-0.156
610.8	NaN	621	NaN	653	1	-0	357	100	100	0	406	13	11230	12	11428	24	11322	24	11487	18.43	-0.028
610.9	NaN	607	NaN	641	1	-3	362	100	100	0	406	11	11258	10	11378	21	11280	20	11502	18.437	0.857
611	NaN	617	NaN	666	1	-1	357	100	100	0	407	12	11235	11	11449	24	11334	24	11481	18.447	-0.274
611.1	NaN	610	NaN	665	0	-1	362	23	13	0	406	11	11307	11	11414	21	11280	20	11520	18.476	0.497
611.2	NaN	617	NaN	680	0	-1	358	0	0	0	407	-20	10948	-20	11231	-15	11021	-15	11222	18.259	-3.569
611.3	NaN	592	NaN	706	0	-0	357	0	0	0	406	-41	10803	-40	10893	-29	10680	-30	10949	17.829	-5.25
611.4	NaN	589	NaN	657	0	-1	362	0	0	0	405	-48	10411	-44	10696	-37	10408	-37	10574	17.295	-5.818
611.5	NaN	588	NaN	677	0	-1	357	0	0	0	404	-51	10030	-44	10277	-39	10091	-39	10282	16.734	-5.218
611.6	NaN	589	NaN	667	0	-5	362	0	0	0	406	-51	9750	-43	9890	-40	9738	-41	9827	16.12	-5.175
611.7	NaN	590	NaN	671	0	-2	362	0	0	0	407	-51	9388	-44	9558	-41	9241	-42	9530	15.57	-5.256
611.8	NaN	585	NaN	681	0	-2	362	0	0	0	403	-54	9073	-45	9243	-44	8806	-44	9160	15.023	-6.404
611.9	NaN	584	NaN	679	0	-2	357	0	0	0	406	-54	8741	-44	8893	-44	8759	-46	8758	14.356	-6.199
612	NaN	587	NaN	671	0	0	357	0	0	0	406	-54	8305	-44	8516	-44	8297	-45	8460	13.787	-5.785
612.1	NaN	587	NaN	678	0	10	358	0	0	0	403	-57	7722	-44	8187	-44	7824	-44	8165	13.167	-6.107
612.2	NaN	587	NaN	722	0	40	361	7	0	0	403	-64	7442	-46	8001	-45	6969	-37	7736	12.614	-5.36
612.3	NaN	659	NaN	617	0	29	362	26	16	0	408	-0	6969	-0	8066	-0	4649	0	8001	12.097	-3.954
612.4	NaN	663	NaN	615	0	23	360	23	12	0	408	-8	6256	-6	7661	-7	6808	-5	7755	11.946	-0.213
612.5	NaN	635	NaN	603	0	13	357	13	2	0	407	-14	6885	-11	7421	-12	6837	-11	7439	11.699	-2.985
612.6	NaN	605	NaN	712	0	44	363	13	2	0	408	-37	6318	-25	7220	-34	6187	-22	7306	11.28	-6.638
612.7	NaN	620	NaN	683	0	49	358	19	8	0	405	-23	5962	-13	7166	-20	5317	-12	7198	10.831	-5.218
612.8	NaN	647	NaN	657	0	60	358	39	28	0	406	3	5832	20	7141	6	5964	48	7252	10.553	-0.681
612.9	NaN	626	NaN	643	0	79	365	39	28	0	407	-0	5645	23	6919	0	5809	55	7169	10.457	-1.948
613	NaN	640	NaN	639	0	79	359	39	28	0	405	-0	5642	23	6971	-1	5707	55	7151	10.272	-1.94
613.1	NaN	639	NaN	637	0	80	362	39	28	0	407	-0	5369	23	6851	-0	5327	55	7088	10.074	-3.512
613.2	NaN	645	NaN	644	0	81	362	39	28	0	407	-1	5145	24	6668	-1	5393	55	6862	9.951	0.349
613.3	NaN	635	NaN	659	0	76	360	40	28	0	407	-0	5174	25	6579	0	5305	56	6861	9.718	-0.664
613.4	NaN	633	NaN	646	0	76	360	45	35	0	407	0	4921	40	6514	1	5229	56	6756	9.596	0.066
613.5	NaN	616	NaN	628	0	75	358	59	48	0	405	1	4896	43	6484	4	5099	57	6632	9.428	0.014
613.6	NaN	620	NaN	655	0	75	361	61	52	0	407	1	4787	44	6360	3	5144	57	6467	9.447	0.589
613.7	NaN	601	NaN	640	0	72	358	75	64	0	405	3	5036	44	6420	7	5152	55	6477	9.285	-1.944
613.8	NaN	623	NaN	628	0	71	357	77	67	0	407	3	4982	43	6468	7	5103	58	6514	9.272	2.111
613.9	NaN	600	NaN	617	0	66	360	100	98	0	409	7	5062	44	6354	15	5162	56	6441	9.219	0.514
614	NaN	630	NaN	618	0	65	358	100	100	0	406	8	5176	44	6360	19	5272	55	6419	9.283	0.966
614.1	NaN	590	NaN	640	0	58	362	100	100	0	407	11	5298	44	6401	27	5399	57	6413	9.39	0.544
614.2	NaN	643	NaN	610	0	48	362	100	100	0	410	18	5690	44	6525	42	5455	57	6529	9.626	2.145
614.3	NaN	605	NaN	641	0	42	357	100	100	0	408	22	5699	43	6672	43	5688	58	6646	9.854	1.856
614.4	NaN	593	NaN	618	0	40	361	100	100	0	407	24	5878	43	6752	43	5921	56	6743	10.136	2.451
614.5	NaN	607	NaN	612	0	32	359	100	100	0	407	27	6106	44	6852	44	6086	56	6900	10.412	2.821
614.6	NaN	603	NaN	622	0	27	361	100	100	0	408	31	6393	43	6919	44	6256	56	7025	10.725	3.046
614.7	NaN	604	NaN	600	0	18	360	100	100	0	406	35	6573	44	7090	43	6582	56	7177	11.017	2.827
614.8	NaN	614	NaN	606	0	15	359	100	100	0	407	37	6799	44	7226	44	6831	57	7302	11.36	1.791
614.9	NaN	603	NaN	611	0	6	363	100	100	0	406	41	7057	44	7341	44	7093	56	7436	11.722	2.806
615	NaN	602	NaN	608	0	-0	358	100	100	0	409	43	7377	43	7492	44	7381	57	7580	12.051	2.624
615.1	NaN	605	NaN	620	1	-2	361	100	100	0	407	45	7632	41	7663	44	7642	57	7777	12.385	4.511
615.2	NaN	595	NaN	623	0	-3	363	57	49	0	409	44	7840	39	7840	44	7912	55	7919	12.732	3.662
615.3	NaN	663	NaN	620	0	-10	360	24	18	0	409	-1	7818	-0	7746	-0	7850	-0	7795	12.83	-2.623
615.4	NaN	622	NaN	691	0	-20	361	4	0	0	406	-14	7831	-16	7507	-11	7859	-14	7596	12.635	-2.136
615.5	NaN	654	NaN	612	0	-30	361	24	25	0	405	1	7820	0	7305	1	7813	0	7225	12.266	-2.175
615.6	NaN	652	NaN	610	0	-35	359	27	28	0	407	3	7788	1	7105	7	7804	2	7074	12.091	-2.251
615.7	NaN	630	NaN	653	0	-39	361	40	41	0	404	34	7871	11	7075	44	7886	25	7146	12.088	0.733
615.8	NaN	614	NaN	663	0	-41	362	44	45	0	405	42	8002	13	7098	44	8015	30	7395	12.131	0.935
615.9	NaN	608	NaN	687	0	-46	357	40	41	0	403	33	7988	8	7041	44	8026	20	7200	12.19	1.155
616	NaN	653	NaN	614	0	-39	359	41	40	0	405	32	8030	12	7114	44	8096	26	7345	12.234	1.9
616.1	NaN	644	NaN	603	0	-36	358	28	26	0	407	4	7911	1	6980	8	7955	3	7052	12.187	-1.273
616.2	NaN	659	NaN	608	0	-38	359	28	24	0	404	2	7772	1	6910	5	7822	2	6940	12.047	-1.279
616.3	NaN	655	NaN	614	0	-27	359	28	21	0	407	0	7647	0	6861	1	7642	1	6897	11.872	-0.882
616.4	NaN	665	NaN	616	0	-30	358	24	19	0	408	-0	7460	0	6889	-0	7455	-0	6934	11.743	-1.941
616.5	NaN	662	NaN	614	0	-41	362	23	24	0	407	0	7445	0	6685	0	7485	0	6641	11.532	-1.21
616.6	NaN	663	NaN	610	0	-51	363	27	25	0	406	2	7355	0	6532	4	7399	1	6527	11.363	-1.993
616.7	NaN	621	NaN	615	0	-50	360	34	34	0	404	21	7428	4	6410	44	7473	10	6527	11.22	-1.312
616.8	NaN	607	NaN	616	0	-52	357	38	35	0	404	26	7511	6	6356	44	7541	13	6586	11.175	2.607
616.9	NaN	594	NaN	631	0	-40	358	51	54	0	405	59	7641	18	6371	44	7589	41	7571	11.089	0.413
617	NaN	658	NaN	616	0	-38	360	30	20	0	405	-1	7203	0	6298	-1	7320	-1	6529	11.289	-1.222
617.1	NaN	615	NaN	686	0	-10	361	37	27	0	407	13	7173	10	6768	30	7214	22	6762	11.26	0.516
617.2	NaN	657	NaN	602	0	18	363	31	22	0	408	1	6610	1	7034	2	6650	4	7008	11.206	-2.509
617.3	NaN	605	NaN	673	0	24	362	52	42	0	409	4	6518	7	7115	9	6485	17	7150	11.065	-0.114
617.4	NaN	601	NaN	618	0	44	362	53	42	0	409	17	6479	43	7260	38	6525	57	7273	11.099	2.393
617.5	NaN	611	NaN	636	0	52	361	47	34	0	411	7	6252	36	7457	17	6352	56	7460	11.074	0.229
617.6	NaN	609	NaN	614	0	67	359	47	34	0	407	4	6118	40	7478	8	6273	57	7489	11.101	1.125
617.7	NaN	614	NaN	670	0	70	361	47	32	0	406	3	6018	39	7428	6	6131	57	7516	10.989	-0.977
617.8	NaN	612	NaN	642	0	71	364	46	30	0	408	2	5847	35	7355	5	6011	56	7516	10.881	0.348
617.9	NaN	634	NaN	618	0	68	360	49	37	0	407	3	5771	42	7280	8	6001	57	7429	10.737	0.258
618	NaN	613	NaN	621	0	66	359	53	40	0	410	5	5886	42	7222	12	6148	56	7296	10.74	-0.201
618.1	NaN	604	NaN	622	0	55	362	69	58	0	408	12	6038	42	7151	30	7969	56	7306	10.658	-1.058
618.2	NaN	591	NaN	606	0	54	359	71	60	0	408	12	6175	42	7191	29	6602	56	7341	10.734	2.326
618.3	NaN	598	NaN	609	0	56	361	79	68	0	406	13	6335	42	7132	31	6607	56	7255	10.751	0.012
618.4	NaN	607	NaN	608	0	54	363	90	79	0	408	13	6443	42	7146	31	6417	56	7255	10.815	0.779
618.5	NaN	622	NaN	606	0	54	362	100	100	0	408	15	6332	42	7295	33	6352	56	7349	10.902	1.327
618.6	NaN	588	NaN	611	0	52	364	100	100	0	408	15	6372	42	7401	37	6398	56	7432	11.038	0.71
618.7	NaN	599	NaN	607	0	46	363	100	100	0	408	18	6594	42	7479	43	6565	56	7515	11.196	1.673
618.8	NaN	591	NaN	610	0	30	362	100	100	0	408	26	6834	42	7545	43	6748	56	7599	11.389	2.468
618.9	NaN	625	NaN	611	0	15	359	100	100	0	408	36	7107	42	7544	44	7000	56	7581	11.686	3.214
619	NaN	595	NaN	608	0	7	360	100	100	0	408	39	7306	42	7622	44	7273	56	7643	12.027	3.462
619.1	NaN	588	NaN	604	0	-6	358	100	100	0	408	46	7702	39	7707	44	7565	57	7755	12.362	3.822
619.2	NaN	616	NaN	607	0	-18	357	100	100	0	407	52	8000	32	7766	44	7920	56	7874	12.669	2.844
619.3	NaN	619	NaN	626	0	-29	359	100	100	0	407	55	8313	26	7835	44	8215	56	7965	12.955	2.411
619.4	NaN	621	NaN	667	0	-35	358	100	100	0	406	57	8630	23	7911	44	8485	51	8122	13.205	3.424
619.5	NaN	604	NaN	628	0	-33	363	100	100	0	406	56	8769	22	8036	44	8684	48	8214	13.425	2.931
619.6	NaN	606	NaN	623	0	-36	362	100	100	0	410	56	8879	22	8224	44	8795	48	8303	13.645	2.681
619.7	NaN	613	NaN	639	0	-35	359	100	100	0	406	52	8998	22	8285	44	8918	47	8482	13.823	2.674
619.8	NaN	646	NaN	632	0	-32	361	100	100	0	405	54	9067	23	8417	44	8960	49	8571	14.028	1.903
619.9	NaN	615	NaN	639	0	-30	358	100	100	0	405	52	9188	24	8475	43	9109	51	8677	14.201	1.41
620	NaN	608	NaN	630	0	-28	359	100	100	0	407	50	9222	25	8704	43	9217	54	8765	14.459	2.455
620.1	NaN	600	NaN	664	0	-12	357	100	100	0	407	42	9320	32	8896	43	9349	56	9046	14.691	2.317
620.2	NaN	598	NaN	615	0	6	359	100	100	0	408	36	9181	38	9299	44	9243	56	9392	14.982	3.228
620.3	NaN	607	NaN	602	0	17	359	100	100	0	409	29	9203	42	9692	43	9189	57	9729	15.213	2.057
620.4	NaN	597	NaN	590	0	24	360	100	100	0	409	26	9369	42	9868	43	9210	56	9964	15.417	2.322
620.5	NaN	594	NaN	601	0	26	357	100	100	0	405	26	9365	42	9977	45	9370	57	10118	15.583	1.244
620.6	NaN	584	NaN	597	0	25	364	100	100	0	408	26	9652	42	10125	44	9494	56	10193	15.746	2.977
620.7	NaN	594	NaN	600	0	23	364	100	100	0	409	26	9670	42	10225	43	9575	56	10299	15.9	1.965
620.8	NaN	591	NaN	592	0	22	358	100	100	0	410	26	9703	42	10264	43	9612	56	10385	16.06	2.261
620.9	NaN	587	NaN	591	0	13	360	100	100	0	409	30	9810	40	10327	44	9748	56	10442	16.241	3.145
621	NaN	591	NaN	610	0	8	361	100	100	0	408	32	9987	38	10413	44	9989	57	10494	16.475	1.911
621.1	NaN	626	NaN	610	0	-0	362	100	100	0	408	34	10173	36	10393	44	10209	57	10546	16.703	2.068
621.2	NaN	586	NaN	597	0	-5	362	100	100	0	408	37	10409	33	10451	44	10395	56	10569	16.935	3.417
621.3	NaN	625	NaN	574	0	-14	360	100	100	0	407	39	10730	29	10512	44	10723	57	10632	17.175	2.248
621.4	NaN	594	NaN	605	0	-15	358	100	100	0	405	40	10852	28	10550	44	10866	56	10778	17.359	0.311
621.5	NaN	590	NaN	608	0	-15	358	100	100	0	407	38	10959	26	10732	44	10972	51	10850	17.569	1.97
621.6	NaN	596	NaN	610	0	-16	359	100	100	0	406	31	11097	21	10763	44	11164	41	10886	17.751	1.03
621.7	NaN	621	NaN	605	0	-20	356	100	100	0	404	33	11174	22	10780	44	11189	42	10970	17.876	1.921
621.8	NaN	604	NaN	620	0	-20	359	100	100	0	406	28	11299	19	10924	45	11387	36	11006	18.018	2.463
621.9	NaN	608	NaN	626	0	-14	357	100	100	0	406	24	11284	18	10923	44	11310	34	11095	18.11	0.044
622	NaN	596	NaN	686	0	-15	361	100	100	0	408	23	11408	17	11047	45	11474	33	11137	18.2	2.044
622.1	NaN	588	NaN	648	0	-12	361	100	100	0	405	16	11336	13	11090	31	11395	25	11171	18.263	-0.134
622.2	NaN	599	NaN	641	0	-9	360	100	100	0	406	17	11326	15	11144	34	11382	30	11278	18.309	1.509
622.3	NaN	594	NaN	704	0	-6	357	100	100	0	407	11	11231	10	11253	21	11282	18	11306	18.33	-0.299
622.4	NaN	599	NaN	626	1	-3	357	100	100	0	406	15	11190	13	11217	28	11275	26	11348	18.358	1.382
622.5	NaN	590	NaN	638	1	1	361	100	100	0	408	12	11205	12	11391	23	11250	24	11420	18.383	0.043
622.6	NaN	595	NaN	626	1	2	361	100	100	0	407	15	11149	16	11365	30	11206	31	11521	18.381	0.513
622.7	NaN	592	NaN	638	1	2	364	100	100	0	409	13	11184	13	11468	25	11270	25	11531	18.423	1.514
622.8	NaN	601	NaN	670	1	-1	361	100	100	0	408	13	11161	13	11401	26	11228	26	11512	18.433	0.237
622.9	NaN	595	NaN	633	1	1	362	100	100	0	406	12	11234	12	11470	22	11286	23	11493	18.486	0.978
623	NaN	602	NaN	626	1	-0	360	100	100	0	407	11	11212	11	11418	22	11230	21	11534	18.487	-1.175
623.1	NaN	590	NaN	635	1	0	362	100	100	0	407	12	11262	13	11480	23	11329	23	11543	18.518	0.813
623.2	NaN	605	NaN	653	1	1	360	100	100	0	408	11	11234	10	11451	20	11273	20	11538	18.528	-0.519
623.3	NaN	603	NaN	654	1	-0	357	100	100	0	407	12	11282	12	11471	23	11319	24	11555	18.524	0.689
623.4	NaN	597	NaN	653	1	-1	361	100	100	0	406	10	11268	10	11468	18	11317	17	11537	18.534	-1.326
623.5	NaN	596	NaN	635	1	-2	356	100	100	0	406	11	11264	10	11458	23	11330	22	11537	18.525	0.457
623.6	NaN	597	NaN	648	1	-2	364	100	100	0	408	9	11325	9	11486	17	11347	16	11518	18.542	-1.472
623.7	NaN	612	NaN	633	1	-0	362	100	100	0	407	10	11281	9	11426	20	11314	20	11535	18.514	-0.26
623.8	NaN	598	NaN	684	1	-1	363	100	100	0	407	12	11312	11	11480	21	11345	19	11513	18.573	0.59
623.9	NaN	598	NaN	647	1	-2	360	100	100	0	407	9	11274	8	11401	18	11289	18	11511	18.538	0.153
624	NaN	599	NaN	693	1	-2	363	100	100	0	407	10	11291	10	11448	20	11366	20	11503	18.533	0.719
624.1	NaN	599	NaN	656	1	-2	362	100	100	0	407	9	11313	8	11365	17	11301	14	11469	18.511	-0.39
624.2	NaN	623	NaN	663	1	-3	362	100	100	0	408	10	11340	9	11458	20	11382	18	11495	18.501	0.315
624.3	NaN	595	NaN	694	1	0	361	100	100	0	408	9	11287	9	11366	17	11292	17	11488	18.494	-0.149
624.4	NaN	595	NaN	640	1	1	362	100	100	0	409	11	11242	12	11552	23	11305	23	11562	18.514	0.681
624.5	NaN	598	NaN	676	1	1	363	100	95	0	406	9	11281	9	11381	16	11299	15	11488	18.532	1.042
624.6	NaN	593	NaN	645	0	-3	360	50	41	0	407	11	11268	10	11614	21	11318	21	11564	18.56	-0.21
624.7	NaN	611	NaN	591	0	0	361	0	0	0	404	-15	11154	-16	11248	-12	11130	-12	11308	18.397	-4.628
624.8	NaN	587	NaN	672	0	-1	368	0	0	0	413	-36	10845	-36	11265	-27	10822	-27	11146	17.994	-5.086
624.9	NaN	573	NaN	672	0	0	437	0	0	0	453	-50	10188	-42	10664	-37	10484	-37	10725	17.442	-5.641
625	NaN	574	NaN	660	0	3	455	0	0	0	493	-53	10006	-42	10331	-40	9938	-38	9881	16.799	-8.272
625.1	NaN	581	NaN	650	0	4	534	0	0	0	551	-54	9446	-43	10063	-42	9343	-39	9907	16.076	-7.824
625.2	NaN	573	NaN	658	0	5	617	0	0	0	627	-57	8502	-43	9339	-44	8895	-43	9416	15.26	-7.488
625.3	NaN	578	NaN	652	0	11	613	0	0	0	615	-56	9056	-42	8867	-45	7264	-43	8740	14.239	-13.68
625.4	NaN	585	NaN	666	0	22	372	7	0	0	421	-43	6184	-43	8418	-45	7125	-36	8801	13.491	2.741
625.5	NaN	658	NaN	619	0	46	360	30	19	0	406	-0	7524	-0	8269	-0	7568	-0	8342	13.12	-4.413
625.6	NaN	652	NaN	620	0	46	364	30	19	0	408	0	7119	0	8278	0	7084	0	8455	12.687	-0.818
625.7	NaN	596	NaN	618	0	64	359	44	34	0	407	3	6807	31	8040	8	7191	58	8288	12.493	-1.389
625.8	NaN	590	NaN	604	0	53	363	52	41	0	408	11	7154	43	8372	25	7201	56	8446	12.389	0.961
625.9	NaN	611	NaN	607	0	53	359	54	45	0	408	12	7251	42	8202	27	7269	57	8323	12.492	0.012
626	NaN	609	NaN	602	0	35	360	71	61	0	410	23	7782	43	8388	44	7355	57	8439	12.573	2.452
626.1	NaN	582	NaN	606	0	24	361	81	71	0	407	29	7612	43	8393	44	7630	56	8438	12.736	2.064
626.2	NaN	586	NaN	614	0	36	361	76	67	0	407	23	9767	43	8339	44	7759	57	8317	13.098	3.758
626.3	NaN	619	NaN	610	0	36	366	100	99	0	410	20	7644	42	8739	44	10514	56	8758	13.055	0.512
626.4	NaN	591	NaN	607	0	44	364	100	100	0	408	19	8649	42	8644	43	7982	57	8714	13.379	2.705
626.5	NaN	590	NaN	604	0	33	363	100	100	0	408	23	7979	42	8774	44	8232	56	8886	13.526	0.439
626.6	NaN	599	NaN	602	0	18	362	100	100	0	407	32	8421	42	8821	44	8295	56	8957	13.742	3.022
626.7	NaN	589	NaN	609	0	17	363	100	100	0	409	31	8496	42	8926	44	8503	56	9020	14.037	2.64
626.8	NaN	594	NaN	595	0	18	360	100	100	0	410	30	8630	43	9186	44	8617	56	9258	14.27	3.357
626.9	NaN	583	NaN	604	0	14	363	100	100	0	406	32	8799	42	9335	44	8814	56	9370	14.56	2.64
627	NaN	595	NaN	609	0	4	360	100	100	0	409	36	9127	40	9360	43	9059	56	9456	14.861	3.211
627.1	NaN	597	NaN	609	0	-5	363	100	100	0	409	38	9343	36	9372	43	9307	57	9514	15.119	2.22
627.2	NaN	610	NaN	600	1	-6	361	100	100	0	407	41	9525	34	9454	43	9543	56	9622	15.412	2.259
627.3	NaN	638	NaN	606	0	-18	362	100	100	0	407	44	9830	30	9593	44	9851	57	9700	15.666	3.247
627.4	NaN	604	NaN	627	0	-25	360	100	100	0	405	46	10124	26	9649	43	10070	53	9880	15.906	2.107
627.5	NaN	612	NaN	622	0	-24	357	100	100	0	406	45	10208	26	9725	44	10160	53	9882	16.102	1.543
627.6	NaN	605	NaN	627	0	-19	361	100	100	0	407	43	10311	28	9842	44	10354	56	10054	16.304	2.52
627.7	NaN	612	NaN	637	0	-16	357	100	100	0	406	42	10413	29	10123	44	10442	56	10253	16.557	2.095
627.8	NaN	598	NaN	617	0	-5	359	100	100	0	406	38	10426	33	10346	43	10406	56	10401	16.827	2.044
627.9	NaN	584	NaN	595	0	11	361	100	100	0	410	31	10305	38	10678	44	10379	56	10814	17.04	1.982
628	NaN	595	NaN	590	0	11	358	100	100	0	408	31	10559	38	10950	44	10449	56	11010	17.267	2.539
628.1	NaN	607	NaN	598	0	6	359	100	100	0	409	30	10574	36	10988	43	10541	55	11140	17.519	1.764
628.2	NaN	613	NaN	595	0	4	360	100	100	0	408	28	10756	30	11038	44	10844	57	11196	17.719	3.36
628.3	NaN	611	NaN	612	1	0	358	100	100	0	408	23	10914	24	11167	44	10961	46	11260	17.904	0.942
628.4	NaN	615	NaN	596	1	2	363	100	100	0	408	20	10949	21	11118	39	11033	41	11271	18.078	1.811
628.5	NaN	619	NaN	636	1	-4	357	100	100	0	408	18	11106	17	11263	34	11168	33	11322	18.156	0.964
628.6	NaN	638	NaN	631	1	-6	359	100	100	0	409	15	11154	14	11142	29	11169	25	11252	18.208	-0.069
628.7	NaN	599	NaN	632	1	-5	363	100	100	0	406	14	11266	12	11245	27	11314	24	11271	18.231	0.583
628.8	NaN	603	NaN	629	1	-5	359	100	100	0	407	13	11208	13	11141	26	11219	23	11331	18.25	2.627
628.9	NaN	605	NaN	642	1	-5	360	100	100	0	406	15	11243	14	11228	28	11310	25	11460	18.285	-0.562
629	NaN	597	NaN	632	1	-2	363	100	100	0	405	12	11245	10	11262	22	11285	21	11363	18.292	0.368
629.1	NaN	611	NaN	634	1	-4	358	100	100	0	406	13	11236	13	11267	27	11281	25	11378	18.286	0.464
629.2	NaN	617	NaN	656	1	-4	359	100	100	0	406	12	11240	11	11297	23	11266	20	11324	18.389	-0.99
629.3	NaN	605	NaN	635	1	-6	357	100	100	0	409	12	11220	11	11204	23	11304	22	11370	18.348	0.454
629.4	NaN	611	NaN	666	1	-4	361	100	100	0	407	12	11285	11	11344	22	11309	20	11366	18.369	-0.435
629.5	NaN	612	NaN	630	1	1	362	97	87	0	405	13	11196	13	11315	24	11232	25	11430	18.398	-0.462
629.6	NaN	618	NaN	639	0	-1	362	6	0	0	408	1	11124	4	11404	3	11215	9	11402	18.426	2.127
629.7	NaN	609	NaN	654	0	3	362	0	0	0	406	-23	11014	-21	11092	-17	10876	-16	11156	18.166	-3.97
629.8	NaN	581	NaN	680	0	5	358	0	0	0	407	-44	10496	-41	10906	-33	10528	-30	10930	17.749	-3.32
629.9	NaN	584	NaN	666	0	5	550	0	0	0	556	-51	10080	-44	10581	-39	9880	-38	10415	17.102	-8.518
630	NaN	585	NaN	671	0	1	667	0	0	0	650	-52	9495	-43	9884	-41	9510	-41	9827	16.266	-8.917
630.1	NaN	588	NaN	640	0	-2	707	0	0	0	662	-55	8989	-44	9362	-44	8845	-44	9142	15.305	-10.325
630.2	NaN	596	NaN	663	0	-12	757	0	0	0	714	-52	8504	-44	8575	-43	8475	-47	8266	14.33	-9.331
630.3	NaN	599	NaN	666	0	-18	708	0	0	0	672	-50	8051	-43	7800	-43	8063	-50	6263	13.31	-10.099
630.4	NaN	608	NaN	640	0	-39	439	0	0	0	467	-43	7736	-44	6901	-37	7838	-29	2152	12.445	-6.873
630.5	NaN	616	NaN	619	0	-47	356	2	2	0	399	-39	7517	-44	6139	-34	7631	-0	1774	11.824	-4.35
630.6	NaN	606.875	NaN	600	0	-53	364	16	17	0	402	-11	7403	-20	6152	-10	7415	-0	1924	11.23	-4.143
630.7	NaN	608.75	NaN	623	0	-35	360	25	24	0	406	-0	7282	-0	6259	-0	7245	-0	2169	10.966	-2.1
630.8	NaN	610.625	NaN	627	0	0	361	25	13	0	405	-1	6740	-1	6411	-0	6777	-1	6384	10.75	-1.424
630.9	NaN	612.5	NaN	628	0	29	363	28	19	0	408	0	6173	0	6852	0	6164	0	6837	10.576	-2.191
631	NaN	614.375	NaN	687	0	50	361	34	23	0	408	1	5861	8	6767	4	5986	21	6855	10.428	-0.964
631.1	NaN	616.25	NaN	622	0	59	362	34	17	0	407	0	5680	0	6822	0	5629	1	6843	10.199	-4.298
631.2	NaN	618.125	NaN	627	0	64	360	48	34	0	408	3	5471	37	6789	7	5497	59	6874	9.949	-0.432
631.3	NaN	631	NaN	617	0	62	362	77	65	0	404	9	5581	44	6782	21	5578	56	6867	9.987	0.29
631.4	NaN	629	NaN	627	0	55	357	96	85	0	407	15	5887	43	6844	33	5809	57	6934	10.134	1.961
631.5	NaN	619	NaN	620	0	43	362	100	100	0	406	20	5951	44	6960	44	6151	58	7015	10.287	2.372
631.6	NaN	621	NaN	619	0	42	365	100	100	0	408	21	6107	43	7023	44	6329	56	7061	10.549	1.496
631.7	NaN	631	NaN	633	0	42	360	100	100	0	407	21	6316	42	7158	44	6246	58	7178	10.792	2.139
631.8	NaN	617	NaN	627	0	42	359	100	100	0	406	20	6807	43	7336	44	6391	58	7349	11	2.621
631.9	NaN	604	NaN	644	0	42	361	100	100	0	406	21	6859	42	7448	43	6621	57	7464	11.247	1.929
632	NaN	630	NaN	611	0	38	358	100	100	0	407	23	6819	43	7659	44	6733	58	7668	11.462	3.037
632.1	NaN	677	NaN	607	0	36	361	100	100	0	409	23	7220	42	7709	44	6965	58	7715	11.736	2.965
632.2	NaN	607	NaN	622	0	35	361	100	100	0	408	24	7103	42	7775	44	7410	57	7845	12.018	-0.293
632.3	NaN	624	NaN	623	0	18	358	100	100	0	408	33	7279	42	8093	44	7193	58	8215	12.19	2.213
632.4	NaN	625	NaN	639	0	21	362	100	100	0	408	30	9824	42	7933	44	7515	57	8006	12.576	3.779
632.5	NaN	622	NaN	607	0	12	361	100	100	0	407	35	7740	42	8284	44	7791	57	8314	12.851	2.918
632.6	NaN	614	NaN	607	0	11	358	100	100	0	407	35	8162	42	8342	44	7985	58	8378	13.218	3.816
632.7	NaN	613	NaN	605	0	10	358	100	100	0	409	35	8333	43	8559	43	8292	56	8622	13.528	3.327
632.8	NaN	604	NaN	601	0	8	364	100	100	0	409	34	8560	42	8725	44	8435	57	8819	13.807	2.106
632.9	NaN	621	NaN	602	0	8	361	100	100	0	406	35	8764	42	8884	44	8593	57	8987	14.168	3.996
633	NaN	610	NaN	600	0	8	357	100	100	0	406	35	8812	41	9081	44	8813	56	9247	14.471	2.742
633.1	NaN	612	NaN	608	0	4	358	100	100	0	405	35	9060	40	9281	44	9038	56	9378	14.783	3.407
633.2	NaN	613	NaN	593	1	4	362	100	100	0	407	36	9208	39	9486	44	9209	56	9534	15.113	4.134
633.3	NaN	619	NaN	598	1	2	363	100	100	0	408	37	9441	37	9623	44	9444	58	9687	15.399	2.406
633.4	NaN	620	NaN	599	1	1	361	100	100	0	409	36	9655	36	9741	44	9669	56	9857	15.729	3.42
633.5	NaN	629	NaN	597	1	0	361	100	100	0	405	36	9846	35	9946	44	9877	56	10075	16.002	1.429
633.6	NaN	630	NaN	595	1	-4	359	100	100	0	408	36	10013	34	10153	43	9996	57	10183	16.299	3.218
633.7	NaN	614	NaN	593	1	-3	360	100	100	0	406	36	10218	34	10233	44	10265	56	10368	16.612	2.996
633.8	NaN	627	NaN	591	1	-4	359	100	100	0	407	36	10440	34	10429	44	10462	57	10563	16.903	2.517
633.9	NaN	613	NaN	589	0	-5	358	53	45	0	406	35	10538	33	10680	44	10539	58	10723	17.244	3.273
634	NaN	645	NaN	654	0	-4	358	0	0	0	407	-15	10413	-15	10502	-12	10327	-12	10482	17.089	-3.217
634.1	NaN	607	NaN	684	0	1	453	0	0	0	475	-35	10051	-35	10093	-28	10117	-28	10236	16.74	-2.088
634.2	NaN	600	NaN	666	0	1	507	0	0	0	525	-53	9534	-44	9818	-42	9401	-43	9227	16.133	-7.189
634.3	NaN	606	NaN	672	0	2	532	0	0	0	540	-55	9268	-45	9448	-44	9014	-44	9148	15.352	-8.277
634.4	NaN	612	NaN	661	0	1	556	0	0	0	552	-57	8650	-43	8835	-43	8596	-45	8974	14.572	-9.945
634.5	NaN	608	NaN	673	0	0	639	0	0	0	606	-55	8013	-44	8283	-45	7962	-46	8237	13.771	-9.73
634.6	NaN	614	NaN	678	0	3	690	0	0	0	652	-54	7513	-43	7675	-44	7171	-46	6832	12.831	-9.059
634.7	NaN	621	NaN	681	0	12	705	0	0	0	678	-57	6874	-44	7258	-45	6455	-44	7046	11.812	-10.85
634.8	NaN	620	NaN	696	0	26	528	5	0	0	536	-55	5634	-43	6785	-44	5021	-38	6685	10.821	-8.277
634.9	NaN	716	NaN	642	0	41	368	26	15	0	408	0	5829	-0	6652	0	5816	-0	6726	10.3	-2.032
635	NaN	719	NaN	640	0	57	367	26	15	0	408	0	5584	0	6546	-1	5675	0	6610	10.049	-3.973
635.1	NaN	695	NaN	647	0	74	365	42	30	0	406	1	5329	30	6599	2	5484	57	6691	9.822	-1.231
635.2	NaN	666	NaN	648	0	75	364	43	31	0	407	0	5194	33	6661	1	5307	57	6722	9.706	-0.768
635.3	NaN	690	NaN	649	0	76	363	42	26	0	409	0	5131	25	6476	0	5251	58	6686	9.665	-0.349
635.4	NaN	723	NaN	647	0	71	362	42	26	0	408	1	5076	24	6470	2	5042	58	6667	9.473	-0.314
635.5	NaN	673	NaN	679	0	60	360	42	28	0	407	2	5042	23	6389	6	5157	55	6577	9.425	-1.142
635.6	NaN	640	NaN	657	0	39	360	46	35	0	409	10	5261	34	6428	23	5412	57	6531	9.471	0.881
635.7	NaN	641	NaN	642	0	10	363	49	40	0	407	21	5647	30	6274	43	5714	56	6335	9.666	2.159
635.8	NaN	645	NaN	632	0	-10	359	60	56	0	408	52	6285	39	6233	44	6193	57	6273	9.997	4.492
635.9	NaN	663	NaN	660	0	-39	363	52	52	0	404	51	6592	18	6007	43	6558	42	6146	10.251	1.535
636	NaN	687	NaN	633	0	-46	361	71	72	0	406	59	7043	18	6037	43	6933	42	6584	10.334	1.783
636.1	NaN	665	NaN	674	0	-53	359	76	72	0	404	59	7164	13	6186	44	6979	31	6265	10.619	2.311
636.2	NaN	694	NaN	689	0	-54	359	100	100	0	405	58	7299	15	6215	44	7206	34	6711	10.731	1.606
636.3	NaN	653	NaN	655	0	-52	358	100	100	0	409	58	7388	14	6349	44	7251	34	6491	10.93	2.873
636.4	NaN	644	NaN	636	0	-44	366	100	100	0	409	58	7487	20	6391	44	7384	44	7264	11.058	0.986
636.5	NaN	662	NaN	637	0	-39	365	100	100	0	407	58	7535	21	6787	44	7388	49	7357	11.324	3.475
636.6	NaN	663	NaN	635	0	-32	358	100	100	0	406	55	7750	23	6761	44	7594	53	9109	11.512	6.041
636.7	NaN	649	NaN	615	0	-33	358	100	100	0	407	59	8123	24	7088	43	7582	56	7582	11.896	3.791
636.8	NaN	648	NaN	630	0	-25	358	100	100	0	408	54	7943	29	7307	44	7874	60	7852	12.121	4.216
636.9	NaN	653	NaN	617	0	-26	363	100	100	0	407	55	8013	28	8449	44	7957	58	7627	12.492	3.788
637	NaN	650	NaN	630	0	-31	360	100	100	0	407	57	8343	25	7700	44	8226	57	7901	12.823	2.046
637.1	NaN	650	NaN	611	0	-31	363	100	100	0	407	56	8523	26	7837	44	8429	57	7952	13.106	4.361
637.2	NaN	650	NaN	618	0	-33	358	100	100	0	406	55	8701	24	8029	44	8586	54	8195	13.414	1.943
637.3	NaN	664	NaN	636	0	-28	362	100	100	0	405	51	8866	26	8198	44	8822	56	8410	13.679	4.932
637.4	NaN	651	NaN	615	0	-25	361	100	100	0	407	50	8887	27	8411	44	8909	56	8806	13.998	3.181
637.5	NaN	674	NaN	615	0	-17	357	100	100	0	408	46	9101	30	8637	44	9044	57	8769	14.308	3.932
637.6	NaN	653	NaN	607	0	-8	358	100	100	0	407	41	9117	34	8974	44	9149	58	9446	14.605	2.541
637.7	NaN	648	NaN	628	0	-1	360	100	100	0	407	38	9300	37	9263	44	9257	58	9402	14.91	3.422
637.8	NaN	641	NaN	612	0	0	357	100	100	0	409	37	9347	38	9560	45	9342	58	9639	15.271	2.08
637.9	NaN	642	NaN	602	1	2	360	100	100	0	408	35	9582	38	9800	44	9554	55	9854	15.578	2.456
638	NaN	640	NaN	600	1	6	360	100	100	0	407	34	9630	38	9935	44	9709	57	10088	15.889	2.994
638.1	NaN	645	NaN	610	1	3	359	100	100	0	407	33	9940	38	10159	44	9819	56	10232	16.124	5.056
638.2	NaN	629	NaN	606	1	3	359	100	100	0	407	35	10046	36	10317	44	10042	56	10383	16.446	3.217
638.3	NaN	635	NaN	602	0	3	358	49	38	0	408	33	10216	37	10478	44	10271	56	10564	16.755	2.696
638.4	NaN	665	NaN	651	0	2	358	0	0	0	407	-16	9975	-16	10261	-13	9932	-12	10310	16.622	-3.216
638.5	NaN	627	NaN	715	0	2	361	0	0	0	409	-36	9660	-35	10050	-28	9719	-28	10094	16.312	-3.049
638.6	NaN	623	NaN	670	0	1	357	0	0	0	405	-53	9430	-44	9677	-43	9349	-42	9600	15.817	-5.624
638.7	NaN	623	NaN	664	0	0	358	7	0	0	407	-49	9073	-44	9257	-38	9083	-39	9239	15.235	-5.826
638.8	NaN	629	NaN	679	0	1	357	13	5	0	407	-34	8791	-33	8985	-28	8776	-27	9020	14.745	-4.567
638.9	NaN	704	NaN	634	0	3	358	25	17	0	407	-3	8682	-2	8935	-2	8711	-2	8931	14.39	-1.445
639	NaN	706	NaN	636	0	10	361	27	19	0	407	-0	8511	-0	8956	-0	8529	-0	8887	14.267	-1.211
639.1	NaN	708	NaN	636	0	12	360	29	21	0	406	-0	8381	-0	8929	0	8384	0	8883	14.106	-1.318
639.2	NaN	707	NaN	635	0	30	364	29	21	0	408	-0	8128	-0	8825	-0	8170	-0	8870	13.942	-2.22
639.3	NaN	713	NaN	633	0	36	359	29	19	0	410	-0	7775	-0	8791	-0	7848	-0	8930	13.69	-1.996
639.4	NaN	706	NaN	633	0	41	361	29	18	0	409	0	7458	0	8540	0	7680	0	8667	13.469	-2.073
639.5	NaN	650	NaN	643	0	25	359	40	31	0	407	10	7687	19	8633	22	7799	42	8822	13.314	1.411
639.6	NaN	645	NaN	640	0	22	359	40	31	0	407	11	7849	20	8508	24	7913	44	8636	13.439	-0.942
639.7	NaN	645	NaN	656	0	8	360	39	29	0	409	16	8093	18	8759	34	8064	41	8613	13.523	5.43
639.8	NaN	694	NaN	623	0	18	365	32	25	0	411	1	7876	2	8437	3	7906	5	8391	13.39	-1.454
639.9	NaN	698	NaN	635	0	24	364	27	16	0	407	-4	7543	-3	8371	-4	7725	-2	8409	13.25	-1.081
640	NaN	679	NaN	676	0	29	362	33	22	0	408	2	7484	5	8447	5	7582	11	8450	13.097	-0.986
640.1	NaN	693	NaN	651	0	32	361	33	22	0	407	2	7266	4	8290	4	7428	10	8330	12.964	-0.896
640.2	NaN	688	NaN	657	0	40	360	33	22	0	408	1	7253	4	8229	3	7301	10	8248	12.795	-2.679
640.3	NaN	646	NaN	658	0	39	363	40	29	0	408	7	7171	19	8272	16	7238	42	8440	12.669	0.983
640.4	NaN	646	NaN	651	0	30	361	40	30	0	409	9	7248	20	8190	20	7359	44	8394	12.622	-0.628
640.5	NaN	670	NaN	682	0	33	363	35	22	0	409	2	7203	6	8040	6	7267	13	8150	12.65	-0.873
640.6	NaN	701	NaN	634	0	38	365	18	2	0	409	-4	7032	-2	8023	-3	7000	-2	8025	12.431	-3.338
640.7	NaN	641	NaN	651	0	43	363	9	0	0	406	-28	6481	-17	7734	-23	6718	-15	7869	12.112	-4.254
640.8	NaN	638	NaN	703	0	44	362	14	3	0	406	-37	5981	-24	7489	-34	3687	-22	7570	11.601	-4.836
640.9	NaN	665	NaN	648	0	46	359	37	26	0	404	3	5926	8	7370	7	5540	16	7440	11.083	-2
641	NaN	658	NaN	637	0	49	358	41	30	0	410	6	6018	23	7255	13	6190	54	7473	10.979	0.622
641.1	NaN	636	NaN	629	0	47	361	51	41	0	407	12	6105	43	7291	28	6544	56	7404	10.865	1.161
641.2	NaN	638	NaN	628	0	45	363	71	61	0	408	19	6985	42	7271	43	6497	57	7353	10.964	1.098
641.3	NaN	646	NaN	635	0	40	363	96	85	0	409	22	6588	42	7323	44	6718	56	7382	11.125	1.349
641.4	NaN	612	NaN	615	0	34	361	100	93	0	408	26	7185	42	7446	44	6673	57	7503	11.371	3.008
641.5	NaN	613	NaN	622	0	33	360	100	100	0	405	25	6894	43	7622	44	6797	57	7657	11.617	1.996
641.6	NaN	633	NaN	623	0	34	362	100	100	0	408	25	7124	43	7819	44	6981	56	7814	11.838	2.37
641.7	NaN	628	NaN	636	0	35	359	100	100	0	409	25	7171	43	7918	44	7149	56	7945	12.093	1.734
641.8	NaN	667	NaN	616	0	27	358	100	100	0	408	28	7273	42	8036	43	7314	57	8093	12.324	2.793
641.9	NaN	630	NaN	615	0	22	362	100	100	0	408	29	7473	42	8149	44	7502	57	8209	12.588	2.657
642	NaN	640	NaN	622	0	14	358	100	100	0	407	33	7729	42	8235	44	7719	57	8329	12.868	2.869
642.1	NaN	635	NaN	623	0	9	360	100	100	0	407	36	7930	42	8336	44	7944	57	8391	13.148	2.936
642.2	NaN	643	NaN	622	0	6	361	100	100	0	406	37	8169	42	8444	44	8184	57	8539	13.446	2.966
642.3	NaN	633	NaN	615	0	3	361	100	100	0	407	38	8362	42	8578	44	8382	56	8703	13.745	2.184
642.4	NaN	623	NaN	631	1	3	358	100	100	0	408	38	8596	39	8731	44	8584	56	8854	14.031	3.042
642.5	NaN	631	NaN	629	1	-1	359	100	100	0	407	38	8800	39	8903	44	8745	56	9011	14.342	4.037
642.6	NaN	633	NaN	626	1	-2	360	100	100	0	406	39	8997	37	9109	44	8972	56	9167	14.646	3.543
642.7	NaN	627	NaN	622	1	-1	363	100	100	0	407	38	9152	38	9298	44	9174	56	9347	14.921	3.17
642.8	NaN	623	NaN	632	1	-1	362	100	100	0	407	37	9338	35	9417	43	9383	56	9488	15.234	2.683
642.9	NaN	632	NaN	626	1	-3	360	100	100	0	406	38	9543	35	9559	43	9587	57	9714	15.504	2.694
643	NaN	636	NaN	644	1	-2	362	100	100	0	408	38	9737	35	9720	44	9722	55	9863	15.795	2.693
643.1	NaN	631	NaN	627	1	-5	358	100	100	0	409	37	9942	34	10014	44	9913	56	10051	16.088	3.632
643.2	NaN	640	NaN	619	1	-5	358	100	95	0	407	37	10063	34	10107	44	10151	56	10193	16.393	1.987
643.3	NaN	628	NaN	632	1	-5	358	100	100	0	405	36	10279	34	10299	44	10304	57	10392	16.664	1.56
643.4	NaN	619	NaN	609	1	-3	362	100	100	0	408	36	10473	34	10537	44	10456	57	10592	16.939	4.483
643.5	NaN	614	NaN	605	1	-2	360	100	100	0	406	35	10591	32	10622	44	10655	57	10728	17.251	1.22
643.6	NaN	622	NaN	606	1	-5	358	100	100	0	406	30	10755	27	10718	43	10826	54	10899	17.468	3.958
643.7	NaN	627	NaN	625	1	-5	357	100	100	0	409	26	10864	24	10937	44	10898	48	11006	17.723	2.559
643.8	NaN	636	NaN	628	1	-2	360	100	100	0	409	22	10956	21	10970	41	11065	40	11101	17.875	1.43
643.9	NaN	631	NaN	626	1	-2	362	100	100	0	408	19	11082	19	11158	36	11037	36	11208	17.995	-0.064
644	NaN	637	NaN	624	1	1	358	100	100	0	405	18	11058	17	11147	35	11159	34	11235	18.108	-0.901
644.1	NaN	639	NaN	636	1	0	360	100	100	0	408	17	11093	17	11149	33	11106	33	11298	18.166	1.019
644.2	NaN	635	NaN	640	1	1	360	100	100	0	408	15	11189	15	11292	28	11193	29	11332	18.249	-0.483
644.3	NaN	629	NaN	632	1	-1	361	100	100	0	405	15	11117	15	11228	29	11192	29	11362	18.279	1.817
644.4	NaN	630	NaN	638	1	-2	361	100	100	0	406	14	11220	13	11336	27	11255	26	11369	18.332	0.444
644.5	NaN	632	NaN	644	1	-3	358	100	100	0	405	14	11258	13	11257	26	11282	25	11374	18.349	0.333
644.6	NaN	630	NaN	639	1	-1	361	100	100	0	408	13	11227	13	11349	25	11232	24	11386	18.379	1.192
644.7	NaN	629	NaN	661	1	-4	360	100	100	0	406	11	11233	11	11285	21	11304	21	11361	18.352	-0.223
644.8	NaN	623	NaN	644	1	0	359	100	100	0	407	13	11261	13	11384	24	11203	25	11392	18.379	0.093
644.9	NaN	637	NaN	648	1	1	358	100	100	0	408	11	11189	11	11268	22	11290	21	11393	18.394	0.025
645	NaN	627	NaN	708	1	-1	357	100	100	0	407	12	11239	12	11312	23	11257	23	11466	18.381	0.776
645.1	NaN	629	NaN	652	1	0	361	100	100	0	408	11	11196	12	11370	23	11311	21	11395	18.394	-1.47
645.2	NaN	642	NaN	626	1	10	357	100	100	0	407	14	11124	17	11488	26	11157	33	11619	18.389	-0.191
645.3	NaN	630	NaN	612	0	19	358	100	100	0	408	15	11039	22	11676	29	11094	42	11790	18.479	1.509
645.4	NaN	630	NaN	594	0	18	360	100	100	0	408	18	10978	27	11794	35	11060	50	11943	18.502	-0.086
645.5	NaN	628	NaN	658	0	5	361	100	100	0	409	19	11099	21	11645	37	11169	40	11807	18.533	2.015
645.6	NaN	634	NaN	650	0	-6	361	100	100	0	407	10	11316	10	11462	21	11360	19	11526	18.541	0.985
645.7	NaN	639	NaN	656	0	-6	363	100	100	0	407	8	11359	7	11312	15	11361	14	11358	18.516	-0.005
645.8	NaN	623	NaN	638	1	-7	363	100	100	0	406	12	11400	10	11262	24	11447	20	11374	18.468	-1.835
645.9	NaN	634	NaN	654	0	-9	359	60	52	0	408	10	11322	9	11304	20	11309	16	11336	18.46	0.104
646	NaN	646	NaN	638	0	-9	358	0	0	0	405	-16	11224	-16	11022	-11	11275	-12	11076	18.204	-4.286
646.1	NaN	616	NaN	664	0	-8	365	0	0	0	416	-34	10848	-38	10820	-26	10833	-28	10706	17.84	-4.673
646.2	NaN	603	NaN	662	0	-8	404	0	0	0	439	-47	10459	-43	10356	-36	10481	-39	10348	17.185	-6.825
646.3	NaN	601	NaN	660	0	-11	607	0	0	0	580	-49	10018	-44	9877	-38	10055	-41	9678	16.405	-9.615
646.4	NaN	603	NaN	647.7142857	0	-14	722	0	0	0	686	-51	9320	-44	9176	-41	9413	-47	8643	15.482	-11.562
646.5	NaN	609	NaN	646.4285714	0	-13	700	0	0	0	659	-51	8962	-42	8528	-43	8767	-47	6287	14.469	-10.146
646.6	NaN	613	NaN	645.1428571	0	-13	643	0	0	0	608	-52	8331	-42	8027	-43	8273	-48	4884	13.508	-9.318
646.7	NaN	615	NaN	643.8571429	0	-26	483	0	0	0	495	-47	7856	-44	7411	-40	7847	-40	3354	12.614	-7.894
646.8	NaN	628	NaN	642.5714286	0	-40	360	9	10	0	398	-29	7740	-44	6731	-26	7675	-12	2625	11.926	-6.795
646.9	NaN	682	NaN	641.2857143	0	-52	360	28	29	0	404	8	7600	1	6526	18	7670	4	4386	11.598	-2.349
647	NaN	667	NaN	620	0	-59	363	38	38	0	405	25	7533	3	6310	45	7540	9	6523	11.379	-0.55
647.1	NaN	655	NaN	718	0	-51	363	55	57	0	405	59	7796	14	6495	44	7605	32	7209	11.357	2.309
647.2	NaN	648	NaN	647	0	-48	357	55	57	0	403	59	7693	18	6706	44	7622	39	6991	11.516	1.362
647.3	NaN	650	NaN	641	0	-40	362	57	57	0	404	58	7966	19	6860	44	7765	42	6852	11.712	2.273
647.4	NaN	660	NaN	664	0	-48	359	60	58	0	407	58	7931	18	6981	44	7776	40	7426	11.917	2.025
647.5	NaN	667	NaN	639	0	-48	359	64	61	0	405	59	8019	17	7162	44	7897	39	7304	12.105	2.084
647.6	NaN	666	NaN	646	0	-46	357	70	69	0	405	59	8138	18	7239	43	8033	39	8061	12.249	1.744
647.7	NaN	646	NaN	651	0	-43	361	75	73	0	406	59	8263	18	7389	44	8111	41	7467	12.489	3.379
647.8	NaN	646	NaN	623	0	-32	361	90	90	0	402	58	8310	25	7512	44	8238	55	8040	12.702	3.374
647.9	NaN	634	NaN	619	0	-16	362	94	86	0	407	49	8267	32	7879	43	8242	56	7977	13.071	4.6
648	NaN	629	NaN	609	0	-9	362	93	84	0	406	45	8412	35	8163	44	8382	57	8263	13.413	2.693
648.1	NaN	630	NaN	621	0	-7	359	90	81	0	408	44	8530	36	8474	44	8541	56	8523	13.733	3.291
648.2	NaN	661	NaN	611	0	-10	360	76	69	0	407	43	8731	36	8669	44	8742	56	8728	14.101	3.617
648.3	NaN	646	NaN	613	0	-12	360	49	43	0	406	34	8947	27	8851	44	8981	57	9018	14.336	2.457
648.4	NaN	661	NaN	673	0	-21	358	35	26	0	404	10	8941	7	8755	21	9043	15	8866	14.591	1.336
648.5	NaN	707	NaN	632	0	-28	364	24	20	0	408	-1	9131	0	8484	-1	9114	-1	8497	14.468	-1.175
648.6	NaN	661	NaN	640.0510204	0	-46	363	0	0	0	404	-13	8785	-20	7939	-11	8916	-17	8150	14.211	-2.611
648.7	NaN	631	NaN	638.9591837	0	-52	357	0	0	0	405	-27	8799	-43	7512	-23	8793	-39	4826	13.67	-7.27
648.8	NaN	635	NaN	637.8673469	0	-49	363	0	0	0	404	-38	8193	-23	6248	-33	8358	-0	2025	13.062	-5.52
648.9	NaN	626	NaN	636.7755102	0	-53	359	0	0	0	404	-40	7703	-36	6007	-34	7859	-43	2456	12.362	-6.645
649	NaN	687	NaN	635.6836735	0	-46	362	24	24	0	404	-5	7517	-12	5506	-3	7551	0	1445	11.506	-3.624
649.1	NaN	651	NaN	634.5918367	0	-32	360	45	43	0	404	38	7557	16	6182	44	7784	36	6163	11.103	3.272
649.2	NaN	653	NaN	619	0	-2	358	47	43	0	405	29	7390	28	6142	44	7689	57	8747	10.91	3.13
649.3	NaN	650	NaN	608	0	-26	357	54	47	0	405	49	7404	25	6753	44	7435	56	10089	10.79	5.587
649.4	NaN	649	NaN	604	0	-28	360	52	46	0	406	45	7086	22	6416	44	7318	50	11065	10.684	2.169
649.5	NaN	654	NaN	619	0	18	360	57	49	0	404	29	7021	41	7020	43	7124	56	8966	10.716	7.211
649.6	NaN	653	NaN	594	0	-30	360	63	55	0	407	59	7012	26	7215	44	6934	57	9997	10.92	1.393
649.7	NaN	658	NaN	632	0	-42	358	71	65	0	408	59	7135	19	6825	44	6991	43	9214	11.132	2.238
649.8	NaN	649	NaN	656	0	-46	357	71	65	0	409	58	7456	18	6777	44	7270	43	7022	11.368	3.252
649.9	NaN	681	NaN	635	0	-39	356	68	62	0	406	58	7636	22	6802	43	7534	49	7023	11.624	2.509
650	NaN	640	NaN	631	0	-22	361	57	47	0	408	56	7801	29	7066	44	7746	56	7168	11.912	3.95
650.1	NaN	650	NaN	619	0	7	361	50	36	0	409	27	7558	30	7549	44	7563	56	7604	12.272	3.044
650.2	NaN	654	NaN	667	0	16	358	40	27	0	409	9	7323	14	7848	21	7358	32	7906	12.355	-0.733
650.3	NaN	646	NaN	669	0	24	359	40	27	0	406	9	7286	15	7956	19	7363	35	8046	12.432	0.239
650.4	NaN	659	NaN	651	0	21	361	40	27	0	408	8	7274	15	8025	19	7330	35	8133	12.491	0.045
650.5	NaN	640	NaN	639	0	14	362	40	30	0	408	11	7379	16	7956	25	7480	37	8068	12.571	1.021
650.6	NaN	639	NaN	636	0	37	363	43	34	0	408	11	7422	28	8133	26	7497	56	8245	12.662	0.66
650.7	NaN	643	NaN	642	0	46	361	44	35	0	408	8	7319	31	8285	19	7402	57	8425	12.73	-0.276
650.8	NaN	630	NaN	646	0	47	364	48	39	0	409	12	7400	41	8413	27	7506	57	8540	12.789	1.144
650.9	NaN	628	NaN	636	0	44	363	48	39	0	406	13	7623	41	8431	28	7666	56	8571	12.867	1.427
651	NaN	644	NaN	619	0	-4	362	48	41	0	408	27	7763	27	8324	43	7812	56	8563	13.037	3.001
651.1	NaN	636	NaN	622	0	-27	358	50	51	0	407	49	8461	25	8017	44	8426	55	8126	13.32	2.666
651.2	NaN	654	NaN	639	0	-39	358	59	57	0	407	57	8830	21	8117	44	8727	46	8441	13.521	3.393
651.3	NaN	633	NaN	640	0	-49	360	61	61	0	405	59	8956	15	8035	44	8828	32	8776	13.652	0.538
651.4	NaN	677	NaN	688	0	-39	360	97	98	0	407	57	9020	19	8191	44	8967	41	8673	13.762	4.353
651.5	NaN	645	NaN	602	0	-26	360	100	100	0	406	51	9010	26	8434	44	8956	57	8916	13.981	3.316
651.6	NaN	640	NaN	606	0	-18	358	100	100	0	404	47	9079	29	8699	43	9067	56	8789	14.253	4.432
651.7	NaN	654	NaN	610	0	-14	359	100	100	0	408	44	9100	32	8915	43	9100	57	9035	14.589	2.884
651.8	NaN	635	NaN	605	0	-7	362	100	100	0	406	40	9198	35	9147	43	9224	56	9246	14.901	3.547
651.9	NaN	635	NaN	604	0	-2	358	100	100	0	407	38	9288	36	9370	44	9301	57	9506	15.164	2.22
652	NaN	627	NaN	596	1	1	359	100	100	0	408	36	9463	36	9609	43	9480	57	9727	15.494	1.942
652.1	NaN	636	NaN	592	1	1	356	100	100	0	408	37	9682	36	9888	44	9676	56	9933	15.789	3.653
652.2	NaN	631	NaN	605	1	-0	358	100	100	0	408	36	9801	36	9993	44	9865	56	10093	16.096	2.22
652.3	NaN	634	NaN	597	1	-2	356	100	100	0	407	37	10001	34	10124	44	10023	56	10300	16.352	3.448
652.4	NaN	645	NaN	596	1	-2	359	100	100	0	407	36	10209	35	10361	44	10210	56	10444	16.637	3.677
652.5	NaN	643	NaN	593	1	-4	360	100	100	0	409	36	10398	34	10521	44	10429	57	10608	16.949	2.49
652.6	NaN	617	NaN	605	1	-2	361	100	100	0	405	35	10536	33	10635	43	10571	56	10809	17.218	2.288
652.7	NaN	623	NaN	602	1	-5	362	100	100	0	406	31	10737	30	10900	44	10743	56	10968	17.513	3.845
652.8	NaN	639	NaN	625	1	-3	358	100	100	0	408	25	10872	23	10936	43	10936	45	11064	17.769	2.391
652.9	NaN	650	NaN	621	1	-3	360	100	100	0	408	23	10957	20	11056	43	10990	41	11214	17.95	3.436
653	NaN	637	NaN	640	1	-3	359	100	100	0	409	17	11109	17	11195	34	11184	30	11235	18.093	1.102
653.1	NaN	639	NaN	631	1	-4	358	100	100	0	407	17	11105	15	11140	31	11143	30	11327	18.232	0.898
653.2	NaN	645	NaN	662	1	-5	360	100	100	0	407	15	11159	14	11316	30	11241	27	11361	18.324	1.906
653.3	NaN	639	NaN	659	1	-5	357	100	100	0	409	12	11233	11	11239	22	11269	21	11365	18.373	-1.219
653.4	NaN	637	NaN	655	1	-6	358	100	100	0	408	13	11204	12	11410	25	11242	23	11440	18.441	0.324
653.5	NaN	645	NaN	671	1	-5	357	100	100	0	407	10	11269	10	11292	18	11322	16	11399	18.46	-0.207
653.6	NaN	641	NaN	653	1	-3	357	100	100	0	409	11	11225	11	11457	23	11274	22	11500	18.478	0.332
653.7	NaN	636	NaN	671	1	-0	357	100	100	0	408	13	11299	11	11384	23	11327	21	11493	18.538	-0.513
653.8	NaN	642	NaN	654	1	-3	357	100	100	0	407	10	11274	10	11499	20	11276	19	11548	18.549	0.132
653.9	NaN	649	NaN	661	1	-4	359	100	100	0	406	10	11356	9	11432	17	11380	16	11513	18.561	-0.623
654	NaN	649	NaN	655	1	-3	357	100	100	0	407	8	11279	8	11440	17	11309	17	11489	18.58	0.314
654.1	NaN	639	NaN	656	1	-3	360	100	100	0	408	11	11290	10	11485	21	11369	20	11590	18.585	-0.604
654.2	NaN	637	NaN	649	1	-0	363	100	100	0	409	9	11280	9	11465	16	11324	18	11536	18.593	0.532
654.3	NaN	634	NaN	649	1	-2	363	100	100	0	406	11	11316	10	11540	22	11355	21	11621	18.617	0.598
654.4	NaN	647	NaN	686	1	-2	358	100	100	0	406	8	11343	7	11474	14	11365	13	11547	18.617	-1.606
654.5	NaN	643	NaN	651	1	-1	361	100	100	0	407	10	11292	9	11542	19	11338	19	11607	18.621	0.824
654.6	NaN	653	NaN	667	1	-2	360	100	100	0	406	8	11364	7	11430	13	11383	11	11522	18.617	-1.599
654.7	NaN	641	NaN	656	1	-2	362	100	100	0	409	9	11305	9	11543	19	11345	20	11611	18.601	-0.211
654.8	NaN	648	NaN	655	1	-2	358	100	100	0	409	9	11382	9	11410	16	11420	15	11515	18.62	-0.054
654.9	NaN	642	NaN	639	1	-4	358	100	100	0	407	9	11316	8	11548	18	11347	17	11580	18.603	-0.367
655	NaN	645	NaN	660	1	-2	361	100	100	0	407	8	11385	8	11395	15	11398	13	11520	18.6	-0.792
655.1	NaN	649	NaN	655	1	-4	365	100	100	0	406	7	11303	6	11504	14	11306	13	11534	18.594	0.116
655.2	NaN	647	NaN	648	0	-11	360	100	100	0	410	10	11426	8	11333	18	11475	15	11429	18.591	-0.658
655.3	NaN	635	NaN	665	0	-10	360	100	100	0	405	11	11520	8	11378	20	11462	16	11393	18.569	0.513
655.4	NaN	659	NaN	636	0	-11	359	100	100	0	405	8	11477	6	11282	15	11486	12	11374	18.565	0.328
655.5	NaN	633	NaN	655	0	-10	362	100	100	0	405	12	11487	10	11380	24	11492	18	11426	18.575	-0.026
655.6	NaN	652	NaN	672	0	-12	359	100	100	0	406	9	11397	6	11332	15	11480	11	11383	18.613	-0.428
655.7	NaN	636	NaN	646	0	-10	356	100	100	0	409	12	11490	10	11311	25	11566	20	11410	18.591	1.874
655.8	NaN	658	NaN	635	0	-7	362	100	100	0	406	7	11374	5	11374	12	11411	10	11416	18.578	-1.117
655.9	NaN	639	NaN	645	0	-8	359	100	100	0	408	9	11414	9	11298	20	11493	17	11446	18.544	1.042
656	NaN	645	NaN	661	1	-6	363	100	100	0	409	9	11358	7	11378	17	11383	13	11427	18.535	-1.499
656.1	NaN	649	NaN	650	1	-9	358	100	100	0	407	10	11418	8	11298	20	11466	18	11425	18.512	0.291
656.2	NaN	643	NaN	667	1	-8	361	100	100	0	406	9	11312	7	11423	16	11365	13	11455	18.529	-0.546
656.3	NaN	644	NaN	654	1	-4	359	100	100	0	408	9	11405	7	11301	16	11408	15	11385	18.517	-0.386
656.4	NaN	637	NaN	667	1	-4	360	100	100	0	406	10	11296	9	11477	20	11315	19	11527	18.523	0.519
656.5	NaN	637	NaN	667	1	-4	358	100	100	0	407	10	11348	10	11358	18	11408	18	11505	18.52	-0.72
656.6	NaN	629	NaN	657	1	-2	361	100	100	0	407	10	11250	9	11499	21	11317	17	11548	18.53	0.477
656.7	NaN	633	NaN	671	1	-4	359	95	86	0	406	11	11346	10	11423	19	11405	19	11508	18.531	-0.562
656.8	NaN	684	NaN	623	0	-1	360	0	0	0	408	-8	11132	-8	11329	-6	11146	-6	11379	18.484	-0.911
656.9	NaN	622	NaN	692	0	-4	363	0	0	0	405	-28	11013	-29	11215	-21	10977	-21	11198	18.135	-4.352
657	NaN	616	NaN	648	0	-2	360	0	0	0	404	-48	10718	-41	10808	-36	10636	-36	10736	17.694	-4.316
657.1	NaN	614	NaN	681	0	-2	363	0	0	0	404	-48	10312	-43	10629	-37	10253	-37	10579	17.15	-5.587
657.2	NaN	604	NaN	679	0	-2	362	0	0	0	404	-50	10003	-42	10125	-39	10096	-39	10153	16.597	-5.303
657.3	NaN	604	NaN	673	0	-1	360	0	0	0	405	-52	9699	-42	9746	-40	9630	-41	9702	16.054	-5.796
657.4	NaN	606	NaN	668	0	1	373	0	0	0	411	-53	9258	-42	9547	-43	9180	-43	9403	15.467	-6.392
657.5	NaN	609	NaN	665	0	2	435	0	0	0	451	-56	8707	-42	9168	-44	8789	-44	9113	14.769	-6.083
657.6	NaN	607	NaN	670	0	0	498	0	0	0	517	-55	8327	-43	8655	-44	8164	-45	8402	14.071	-7.119
657.7	NaN	613	NaN	680	0	4	490	0	0	0	514	-55	7592	-42	8087	-44	7769	-45	8148	13.334	-5.041
657.8	NaN	612	NaN	716	0	13	422	0	0	0	455	-58	7470	-43	7880	-43	6269	-43	7847	12.536	-6.022
657.9	NaN	612	NaN	690	0	32	368	0	0	0	414	-59	6017	-42	7453	-43	6673	-40	7812	11.807	-8.878
658	NaN	616	NaN	722	0	53	370	0	0	0	406	-49	6009	-39	7037	-45	5303	-35	7136	11.276	-9.124
658.1	NaN	610	NaN	718	0	42	359	11	0	0	400	-38	5133	-33	7025	-44	1620	-30	6945	10.561	-5.951
658.2	NaN	637	NaN	642	0	35	362	49	37	0	405	13	5890	36	7102	32	6027	56	7196	10.349	2.338
658.3	NaN	651	NaN	650	0	39	361	49	36	0	407	13	6509	37	6944	29	6293	56	7031	10.443	1.121
658.4	NaN	670	NaN	689	0	58	362	38	22	0	407	2	5861	12	6840	4	5967	28	6953	10.415	-1.393
658.5	NaN	673	NaN	700	0	63	361	34	19	0	407	0	5648	4	6780	0	5718	9	6861	10.176	-2.932
658.6	NaN	691	NaN	634	0	65	367	33	19	0	409	-0	5499	0	6682	-0	5470	1	6714	9.891	-3.138
658.7	NaN	677	NaN	675	0	66	360	40	28	0	408	0	5333	4	6524	0	5242	9	6605	9.631	-2.634
658.8	NaN	691	NaN	691	0	66	364	50	38	0	406	1	5159	15	6342	3	5228	38	6518	9.469	-2.755
658.9	NaN	621	NaN	650	0	62	363	51	39	0	406	3	5158	37	6490	9	5174	56	6532	9.363	-0.646
659	NaN	682	NaN	622	0	63	362	52	40	0	407	5	5168	42	6475	14	5239	55	6519	9.429	-1.109
659.1	NaN	625	NaN	647	0	60	357	68	57	0	406	9	5369	41	6583	23	5288	56	6532	9.475	1.143
659.2	NaN	640	NaN	639	0	61	359	68	57	0	406	9	5380	42	6481	21	5437	55	6458	9.621	1.179
659.3	NaN	662	NaN	648	0	54	360	76	65	0	408	15	5396	41	6617	37	5807	56	6668	9.63	1.241
659.4	NaN	638	NaN	633	0	55	363	76	65	0	408	14	5758	42	6605	33	5529	57	6668	9.8	1.568
659.5	NaN	629	NaN	634	0	54	360	81	69	0	405	15	5680	42	6708	34	5640	56	6752	9.897	1.537
659.6	NaN	639	NaN	625	0	53	357	93	82	0	404	15	5735	42	6856	35	5757	56	6818	10.063	-0.393
659.7	NaN	630	NaN	627	0	45	359	100	100	0	408	20	5971	42	6924	45	5947	57	6927	10.259	1.688
659.8	NaN	649	NaN	635	0	40	361	100	100	0	407	23	6093	42	7017	43	6047	56	7028	10.514	2.203
659.9	NaN	622	NaN	623	0	37	357	100	100	0	405	25	6345	42	7130	43	6238	57	7140	10.759	3.097
660	NaN	623	NaN	612	0	34	363	100	100	0	408	26	6398	42	7271	43	6452	56	7320	10.993	2.338
660.1	NaN	615	NaN	604	0	32	362	100	100	0	408	26	6800	42	7379	44	6610	56	7433	11.273	3.326
660.2	NaN	620	NaN	617	0	29	362	100	100	0	408	28	6745	42	7538	44	6806	57	7588	11.507	1.647
660.3	NaN	640	NaN	616	0	27	361	100	100	0	407	30	7129	42	7613	43	6964	57	7699	11.8	2.795
660.4	NaN	625	NaN	603	0	19	361	100	100	0	409	34	7207	42	7767	44	7153	56	7827	12.085	2.882
660.5	NaN	621	NaN	638	0	12	360	100	100	0	408	36	7433	42	7882	44	7397	57	7958	12.367	3.736
660.6	NaN	618	NaN	606	0	8	363	100	100	0	407	38	7678	41	7991	43	7687	56	8089	12.659	3.378
660.7	NaN	619	NaN	622	0	1	362	97	87	0	409	40	7960	42	8178	44	7889	56	8220	12.994	4.45
660.8	NaN	645	NaN	622	0	-4	359	45	36	0	407	25	8119	23	8169	44	8133	54	8325	13.294	2.365
660.9	NaN	647	NaN	676	0	-7	357	35	25	0	403	9	8148	8	8214	21	8189	18	8269	13.337	-0.248
661	NaN	646	NaN	623	0	-15	360	0	0	0	404	-13	8092	-14	7997	-11	8092	-12	7977	13.199	-2.469
661.1	NaN	615	NaN	629.9	0	-28	357	0	0	0	403	-29	8010	-36	7461	-24	8026	-32	7313	12.823	-4.594
661.2	NaN	607	NaN	635.8	0	-36	361	0	0	0	404	-42	7699	-42	6721	-36	7763	-52	5639	12.287	-4.348
661.3	NaN	606	NaN	641.7	0	-46	358	2	2	0	403	-37	7529	-42	6314	-33	7526	-26	1562	11.657	-4.225
661.4	NaN	655	NaN	647.6	0	-50	362	19	18	0	403	-7	7282	-12	6147	-7	7297	-10	2216	11.112	-3.158
661.5	NaN	686	NaN	611	0	-46	360	27	25	0	406	2	7136	0	6108	4	7107	1	3604	10.795	-3.773
661.6	NaN	673	NaN	655	0	-43	360	41	41	0	405	35	7125	10	6052	44	7044	24	6204	10.629	1.62
661.7	NaN	650	NaN	656	0	-38	357	43	42	0	407	36	7052	12	6207	44	7023	29	6425	10.706	2.402
661.8	NaN	647	NaN	652	0	-40	356	43	41	0	404	36	7128	12	6239	44	7116	27	6412	10.79	2.013
661.9	NaN	648	NaN	623.1875	0	-51	361	36	33	0	404	21	7170	4	6186	44	7164	11	6326	10.889	-0.138
662	NaN	644	NaN	623.375	0	-52	360	36	34	0	405	22	7278	5	6184	44	7280	10	6181	10.859	-1.08
662.1	NaN	634	NaN	623.5625	0	-53	357	38	32	0	403	24	7247	5	6148	44	7281	11	6296	10.854	-1.694
662.2	NaN	633	NaN	623.75	0	-51	359	42	36	0	406	33	7241	7	6122	43	7233	16	6267	10.87	-0.073
662.3	NaN	631	NaN	623.9375	0	-50	360	44	44	0	404	43	7348	10	6127	44	7364	23	7034	10.815	0.179
662.4	NaN	662	NaN	624.125	0	-50	360	32	27	0	404	9	7290	2	6115	19	7334	4	6137	10.827	-1.544
662.5	NaN	638	NaN	624.3125	0	-31	358	49	42	0	404	22	7195	11	6211	44	7243	23	6256	10.722	2.426
662.6	NaN	623	NaN	648	0	-22	361	40	32	0	404	15	6817	7	6474	34	6874	18	6431	10.924	1.749
662.7	NaN	646	NaN	675	0	-2	361	41	33	0	407	17	6765	17	6734	41	6861	39	6800	10.932	2.476
662.8	NaN	676	NaN	607	0	36	362	37	25	0	408	1	6249	2	6932	1	6306	4	6979	10.895	-3.078
662.9	NaN	650	NaN	696	0	45	359	43	31	0	408	2	6070	9	7062	6	6075	23	7162	10.665	-0.934
663	NaN	650	NaN	645	0	50	361	43	32	0	403	4	5928	19	6929	9	6040	42	7057	10.629	-1.024
663.1	NaN	644	NaN	616	0	51	363	69	56	0	408	18	6064	41	7219	41	6457	56	7259	10.582	1.832
663.2	NaN	618	NaN	620	0	65	361	66	51	0	409	8	6318	41	7096	20	6119	57	7182	10.743	-0.337
663.3	NaN	610	NaN	616	0	64	362	66	55	0	407	9	6026	42	7254	20	6103	56	7303	10.683	-0.162
663.4	NaN	623	NaN	643	0	64	360	66	55	0	406	8	6000	42	7250	18	6078	56	7283	10.705	-0.44
663.5	NaN	642	NaN	631	0	63	361	70	57	0	406	9	5964	42	7296	21	6095	56	7318	10.658	-0.824
663.6	NaN	627	NaN	622	0	64	360	69	58	0	407	8	5984	42	7195	18	6213	57	7222	10.739	1.134
663.7	NaN	617	NaN	625	0	53	359	100	100	0	406	14	5998	42	7284	33	8230	57	7353	10.666	-0.48
663.8	NaN	613	NaN	624	0	52	361	100	100	0	406	15	6281	42	7267	35	6322	56	7365	10.788	0.608
663.9	NaN	616	NaN	626	0	49	360	100	100	0	408	16	6297	42	7294	39	6386	56	7313	10.854	1.616
664	NaN	629	NaN	645	0	37	360	100	100	0	407	23	6480	42	7343	43	6447	57	7395	11.023	2.857
664.1	NaN	618	NaN	623	0	32	362	100	100	0	407	27	6677	41	7448	42	6617	56	7493	11.264	2.892
664.2	NaN	613	NaN	616	0	32	358	100	100	0	410	27	6817	42	7575	42	6791	57	7629	11.501	2.17
664.3	NaN	622	NaN	613	0	33	360	100	100	0	408	25	6959	42	7701	42	6961	56	7767	11.76	2.731
664.4	NaN	615	NaN	627	0	25	362	100	100	0	408	29	7204	42	7814	42	7133	56	7916	11.987	2.415
664.5	NaN	616	NaN	603	0	11	358	100	100	0	405	36	7476	41	7876	42	7395	56	7994	12.296	3.565
664.6	NaN	617	NaN	638	0	2	363	100	100	0	406	41	7772	41	7962	41	7716	56	8033	12.628	3.422
664.7	NaN	616	NaN	614	0	-2	359	100	100	0	407	41	8049	41	8108	42	7950	56	8209	12.94	3.77
664.8	NaN	624	NaN	615	0	-12	360	100	100	0	406	45	8266	36	8254	41	8231	56	8367	13.26	3.458
664.9	NaN	628	NaN	623	0	-32	358	100	100	0	408	52	8640	26	8236	42	8625	56	8468	13.549	2.372
665	NaN	634	NaN	623	0	-38	357	100	100	0	407	56	8932	22	8305	42	8865	48	8532	13.753	1.477
665.1	NaN	627	NaN	637	0	-39	357	100	100	0	406	56	9115	20	8385	43	9022	44	8546	13.932	2.966
665.2	NaN	666	NaN	628	0	-38	362	100	100	0	404	53	9149	21	8459	43	9110	46	8978	14.084	0.919
665.3	NaN	635	NaN	636	0	-37	359	100	100	0	405	53	9376	22	8601	41	9209	47	8735	14.257	1.282
665.4	NaN	629	NaN	623	0	-30	358	100	100	0	403	51	9369	25	8608	41	9322	53	9040	14.429	3.31
665.5	NaN	624	NaN	618	0	-23	356	100	100	0	407	45	9311	28	8895	41	9355	54	8989	14.672	3.515
665.6	NaN	625	NaN	614	0	-15	361	100	100	0	408	44	9421	31	9055	42	9447	54	9184	14.91	2.046
665.7	NaN	628	NaN	615	0	-1	361	100	100	0	405	40	9435	34	9353	42	9475	55	9460	15.201	3.314
665.8	NaN	620	NaN	614	0	8	356	100	100	0	408	33	9428	40	9768	43	9417	55	9797	15.46	1.655
665.9	NaN	622	NaN	613	0	15	357	100	100	0	408	29	9539	41	9956	42	9490	55	10045	15.687	1.518
666	NaN	608	NaN	636	0	25	360	100	100	0	407	26	9556	42	10121	42	9589	54	10282	15.876	0.755
666.1	NaN	626	NaN	629	0	24	361	100	100	0	405	27	9790	42	10344	42	9610	56	10389	16.031	1.967
666.2	NaN	613	NaN	633	0	22	363	100	100	0	407	26	9824	42	10379	42	9697	54	10459	16.19	1.516
666.3	NaN	607	NaN	601	0	22	359	100	100	0	407	26	10041	42	10397	42	9851	55	10563	16.358	2.053
666.4	NaN	602	NaN	606	0	18	362	100	100	0	408	28	10045	41	10596	43	9976	55	10675	16.516	2.145
666.5	NaN	599	NaN	593	0	16	364	100	100	0	407	28	10122	40	10623	42	10059	56	10741	16.699	1.866
666.6	NaN	620	NaN	582	0	9	358	100	100	0	407	31	10288	38	10602	42	10216	56	10789	16.896	2.69
666.7	NaN	609	NaN	602	0	2	358	100	100	0	406	34	10422	35	10725	42	10472	55	10785	17.119	2.643
666.8	NaN	611	NaN	606	0	-6	358	100	100	0	405	34	10656	29	10685	42	10682	55	10794	17.305	0.63
666.9	NaN	605	NaN	599	1	-8	360	100	100	0	404	34	10853	28	10710	42	10833	55	10876	17.518	3.479
667	NaN	659	NaN	622	0	-13	362	100	100	0	405	28	10935	21	10843	41	11017	42	10988	17.648	0.789
667.1	NaN	662	NaN	605	0	-20	360	100	100	0	407	34	11137	23	10733	42	11108	44	10944	17.775	1.093
667.2	NaN	648	NaN	624	0	-20	358	100	100	0	406	32	11213	22	10861	42	11283	42	11002	17.876	1.549
667.3	NaN	623	NaN	639	0	-18	357	100	100	0	405	28	11252	18	10842	42	11276	35	10942	17.956	-0.272
667.4	NaN	658	NaN	610	0	-17	358	100	100	0	404	31	11299	21	10870	43	11387	42	11041	18.028	1.375
667.5	NaN	618	NaN	624	0	-18	358	100	100	0	407	23	11313	17	10984	41	11360	33	11050	18.082	0.857
667.6	NaN	620	NaN	633	0	-15	359	100	100	0	404	25	11347	18	10944	43	11464	34	11098	18.134	0.485
667.7	NaN	622	NaN	629	0	-13	356	100	100	0	404	20	11280	17	11116	39	11382	32	11189	18.195	1.013
667.8	NaN	627	NaN	650	0	-9	357	100	100	0	406	17	11338	14	11066	34	11380	26	11196	18.222	-0.064
667.9	NaN	619	NaN	634	0	-5	358	100	100	0	406	18	11257	17	11136	35	11325	32	11288	18.253	0.588
668	NaN	621	NaN	661	0	-1	362	100	100	0	406	15	11194	14	11245	29	11238	27	11326	18.281	0.121
668.1	NaN	625	NaN	637	1	2	360	100	100	0	406	14	11105	15	11251	28	11210	29	11423	18.286	0.036
668.2	NaN	622	NaN	631	1	2	362	100	100	0	407	16	11126	17	11435	31	11158	33	11482	18.306	1.099
668.3	NaN	622	NaN	652	1	3	360	100	100	0	407	13	11105	15	11317	25	11211	28	11467	18.347	0.906
668.4	NaN	633	NaN	634	1	2	358	100	100	0	405	16	11096	17	11458	31	11140	32	11490	18.378	0.599
668.5	NaN	618	NaN	640	1	4	358	100	100	0	406	13	11178	15	11359	25	11241	26	11513	18.404	-0.045
668.6	NaN	619	NaN	626	1	1	359	100	100	0	406	14	11157	14	11500	27	11211	29	11548	18.434	0.425
668.7	NaN	624	NaN	716	1	1	360	100	100	0	405	13	11226	14	11399	24	11268	26	11511	18.459	0.774
668.8	NaN	621	NaN	635	1	1	358	100	100	0	406	11	11208	11	11536	22	11261	23	11546	18.482	-0.669
668.9	NaN	626	NaN	644	1	0	357	100	100	0	408	13	11252	13	11415	24	11265	24	11540	18.494	0.526
669	NaN	618	NaN	681	1	2	363	100	100	0	406	11	11226	12	11533	20	11300	21	11537	18.498	0.667
669.1	NaN	617	NaN	644	1	0	361	100	100	0	408	12	11291	11	11419	23	11282	23	11515	18.501	0.14
669.2	NaN	631	NaN	659	1	-1	361	100	100	0	407	8	11275	8	11448	15	11333	15	11476	18.482	-0.457
669.3	NaN	615	NaN	652	1	1	362	100	100	0	407	12	11226	13	11391	25	11253	25	11479	18.501	-0.244
669.4	NaN	618	NaN	668	1	1	362	100	100	0	407	10	11309	10	11420	18	11336	18	11489	18.496	-0.486
669.5	NaN	616	NaN	643	1	-0	358	100	100	0	408	12	11245	11	11423	24	11264	24	11542	18.485	0.285
669.6	NaN	619	NaN	656	1	-1	359	100	100	0	407	11	11308	10	11408	21	11325	20	11491	18.503	0.233
669.7	NaN	624	NaN	641	1	-1	358	100	100	0	407	10	11275	10	11482	19	11304	21	11499	18.487	-1.77
669.8	NaN	619	NaN	660	1	-2	358	100	100	0	405	11	11284	10	11354	21	11334	19	11472	18.485	0.551
669.9	NaN	620	NaN	642	1	0	363	100	100	0	406	10	11264	10	11453	20	11330	20	11505	18.49	-1.298
670	NaN	611	NaN	658	0	0	363	51	42	0	404	11	11310	11	11368	21	11298	21	11476	18.495	0.491
670.1	NaN	633	NaN	626	0	1	364	0	0	0	405	-16	11087	-17	11327	-12	11103	-11	11217	18.35	-2.654
670.2	NaN	595	NaN	701	0	-1	357	0	0	0	404	-36	10734	-36	10939	-26	10795	-27	11038	17.962	-3.681
670.3	NaN	587	NaN	682	0	1	362	0	0	0	404	-50	10507	-41	10730	-37	10459	-37	10570	17.399	-6.405
670.4	NaN	593	NaN	672	0	3	381	0	0	0	422	-49	10123	-42	10393	-38	10150	-37	10343	16.8	-6.204
670.5	NaN	595	NaN	672	0	4	461	0	0	0	488	-53	9527	-42	9914	-41	9562	-39	9805	16.187	-6.792
670.6	NaN	597	NaN	669	0	3	464	0	0	0	484	-56	8751	-42	9553	-42	9037	-43	9512	15.469	-7.858
670.7	NaN	597	NaN	663	0	6	392	0	0	0	426	-56	8758	-42	9214	-43	8561	-44	9094	14.7	-7.465
670.8	NaN	596	NaN	671	0	25	361	0	0	0	403	-58	7906	-42	8709	-42	7741	-40	8814	14.124	-6.253
670.9	NaN	664	NaN	637	0	26	365	25	13	0	409	-12	7938	-9	8764	-9	7778	-8	8843	13.326	-0.332
671	NaN	627	NaN	633	0	35	362	37	27	0	406	2	7303	7	8199	6	7790	16	8475	13.328	-0.146
671.1	NaN	623	NaN	626	0	24	361	45	32	0	407	13	7699	24	8576	32	8894	54	8744	13.085	-0.279
671.2	NaN	640	NaN	672	0	48	361	39	23	0	406	4	7544	13	8353	8	7693	28	8571	13.109	-1.336
671.3	NaN	646	NaN	607	0	51	361	44	30	0	409	5	7383	23	8430	13	7498	53	8612	12.915	-3.027
671.4	NaN	600	NaN	616	0	49	363	50	38	0	408	10	7458	41	8487	23	7554	55	8634	12.925	1.636
671.5	NaN	602	NaN	608	0	34	363	78	65	0	408	23	7743	41	8628	42	7932	54	8710	12.972	2.638
671.6	NaN	604	NaN	597	0	22	359	79	66	0	408	30	7877	42	8575	42	7959	54	8649	13.198	0.779
671.7	NaN	608	NaN	614	0	32	358	84	73	0	408	24	9179	41	8640	42	8065	54	8611	13.465	5.206
671.8	NaN	615	NaN	618	0	52	362	100	100	0	409	14	7839	42	8786	31	8846	54	8892	13.436	-2.227
671.9	NaN	603	NaN	603	0	43	359	100	100	0	407	19	8231	42	8909	42	7996	54	9017	13.569	1.193
672	NaN	606	NaN	613	0	29	360	100	100	0	407	25	8077	42	8851	43	8467	54	8983	13.711	1.628
672.1	NaN	622	NaN	609	0	18	365	100	100	0	409	29	8351	42	8921	41	8285	54	9068	13.867	2.313
672.2	NaN	605	NaN	607	0	19	362	100	100	0	408	29	8739	42	8984	43	8444	55	9061	14.121	4.612
672.3	NaN	604	NaN	601	0	20	359	100	100	0	407	29	8565	42	9240	42	8525	55	9292	14.312	2.15
672.4	NaN	610	NaN	604	0	17	364	100	100	0	407	31	8757	40	9314	43	8706	53	9347	14.578	1.878
672.5	NaN	614	NaN	609	0	7	360	100	100	0	408	34	8995	39	9336	43	8955	55	9472	14.811	2.478
672.6	NaN	626	NaN	599	0	4	358	100	100	0	409	35	9200	39	9379	41	9241	55	9528	15.08	2.687
672.7	NaN	603	NaN	604	1	-2	363	100	100	0	406	37	9414	36	9535	41	9441	55	9635	15.345	2.786
672.8	NaN	626	NaN	605	0	-13	359	100	100	0	406	42	9687	31	9602	43	9699	55	9711	15.571	2.373
672.9	NaN	621	NaN	607	0	-24	357	100	100	0	409	45	9957	27	9582	42	9931	54	9704	15.836	1.423
673	NaN	615	NaN	624	0	-30	358	100	100	0	403	47	10253	24	9555	42	10182	48	9768	16.001	3.382
673.1	NaN	618	NaN	624	0	-31	358	100	100	0	403	48	10337	23	9674	42	10328	47	10018	16.139	2.694
673.2	NaN	626	NaN	610	0	-27	357	100	100	0	405	45	10353	24	9976	42	10308	49	10167	16.293	2.367
673.3	NaN	620	NaN	621	0	0	361	100	100	0	406	36	10242	35	10136	42	10303	54	10245	16.554	2.527
673.4	NaN	665	NaN	599	0	11	359	100	100	0	407	30	10095	40	10574	42	10124	55	10666	16.748	1.614
673.5	NaN	596	NaN	618	0	11	358	100	100	0	409	31	10359	38	10780	42	10205	55	10828	16.999	3.755
673.6	NaN	610	NaN	611	0	9	361	100	100	0	405	32	10526	37	10809	42	10436	54	10945	17.234	1.614
673.7	NaN	621	NaN	608	0	3	359	100	100	0	407	32	10604	34	10865	42	10658	54	11042	17.439	1.945
673.8	NaN	621	NaN	604	0	0	359	100	100	0	406	28	10723	30	11025	41	10752	54	11091	17.684	1.671
673.9	NaN	622	NaN	613	1	-3	359	100	100	0	406	23	10926	22	10973	42	10992	42	11147	17.877	3.385
674	NaN	612	NaN	637	1	-3	362	100	100	0	407	20	10993	18	11167	38	11065	36	11210	18.012	1.227
674.1	NaN	619	NaN	635	1	-5	363	100	100	0	408	18	11116	16	11088	36	11169	31	11205	18.115	0.137
674.2	NaN	618	NaN	630	1	-7	358	100	100	0	407	18	11198	16	11155	34	11294	33	11288	18.184	0.431
674.3	NaN	616	NaN	631	1	-6	363	100	100	0	408	12	11210	10	11213	23	11292	19	11292	18.117	1.152
674.4	NaN	612	NaN	638	1	-8	356	100	100	0	404	19	11248	17	11087	37	11289	32	11313	18.335	-0.175
674.5	NaN	613	NaN	645	1	-4	359	100	100	0	409	12	11201	11	11335	23	11236	21	11332	18.236	0.514
674.6	NaN	609	NaN	659	1	-2	363	100	100	0	406	13	11287	12	11198	25	11321	23	11339	18.322	-0.918
674.7	NaN	614	NaN	645	1	-1	361	100	100	0	406	13	11160	13	11270	26	11171	25	11406	18.379	1.844
674.8	NaN	616	NaN	672	1	-3	358	100	100	0	405	12	11271	12	11292	23	11348	24	11407	18.364	1.037
674.9	NaN	612	NaN	652	1	0	364	96	87	0	407	10	11213	10	11414	19	11218	18	11397	18.445	-0.765
675	NaN	648	NaN	633	0	4	362	0	0	0	407	-4	11052	-2	11341	-4	11124	-2	11394	18.445	-0.731
675.1	NaN	619	NaN	670	0	2	359	0	0	0	405	-24	10957	-22	11233	-18	10936	-16	11157	18.157	-2.169
675.2	NaN	605	NaN	675	0	2	361	0	0	0	404	-44	10611	-42	10907	-33	10478	-31	10970	17.731	-4.854
675.3	NaN	594	NaN	663	0	4	374	0	0	0	418	-50	10326	-41	10479	-38	10250	-36	10590	17.167	-5.564
675.4	NaN	595	NaN	665	0	2	509	0	0	0	560	-53	9741	-42	10198	-41	9695	-38	9958	16.534	-7.398
675.5	NaN	600	NaN	659	0	2	576	0	0	0	562	-53	9171	-42	9643	-42	9240	-41	9598	15.717	-8.424
675.6	NaN	603	NaN	649	0	-0	597	0	0	0	598	-55	8720	-42	9025	-44	8685	-45	8787	14.88	-8.863
675.7	NaN	611	NaN	666	0	-6	591	0	0	0	593	-52	8266	-42	8420	-43	8236	-47	8272	14	-8.104
675.8	NaN	607	NaN	682	0	-20	513	0	0	0	533	-49	8016	-41	7725	-41	7993	-51	7136	13.148	-7.785
675.9	NaN	615	NaN	692	0	-36	361	0	0	0	404	-46	7859	-42	7071	-38	7869	-54	4528	12.439	-5.578
676	NaN	680	NaN	619	0	-44	364	20	22	0	402	-1	7798	-4	6813	-1	7764	-3	2914	11.962	-3.456
676.1	NaN	639	NaN	673	0	-45	359	33	34	0	404	19	7776	6	6715	41	7837	12	5508	11.791	-0.93
676.2	NaN	633	NaN	713	0	-32	360	34	33	0	404	18	7720	6	6747	40	7785	15	6925	11.731	0.233
676.3	NaN	692	NaN	637	0	-2	362	16	3	0	404	-4	7209	-4	7021	-4	7256	-4	6947	11.682	-1.019
676.4	NaN	631	NaN	694	0	24	362	19	8	0	404	-25	6539	-18	7285	-22	6568	-16	7233	11.406	-4.033
676.5	NaN	655	NaN	635	0	33	364	42	31	0	406	7	6443	21	7320	18	6527	49	7384	11.194	-0.449
676.6	NaN	651	NaN	624	0	43	363	44	32	0	408	9	6450	29	7451	20	6494	54	7498	11.306	0.219
676.7	NaN	633	NaN	626	0	43	364	44	33	0	409	8	6419	29	7578	19	6490	55	7629	11.302	0.943
676.8	NaN	631	NaN	626	0	48	362	44	32	0	409	8	6521	30	7544	17	6508	54	7627	11.352	1.066
676.9	NaN	636	NaN	629	0	48	362	44	32	0	408	8	6536	30	7582	17	6553	54	7691	11.379	1.679
677	NaN	626	NaN	626	0	47	363	48	37	0	407	9	6429	37	7633	22	6521	54	7678	11.395	1.159
677.1	NaN	630	NaN	620	0	42	360	75	65	0	409	20	6687	42	7683	42	6732	55	7752	11.525	2.255
677.2	NaN	672	NaN	625	0	42	363	90	80	0	409	21	6859	40	7719	43	6821	54	7774	11.711	1.729
677.3	NaN	636	NaN	609	0	41	362	100	100	0	408	21	8315	41	7814	42	6937	54	7828	11.852	2.801
677.4	NaN	630	NaN	592	0	43	363	100	100	0	408	20	7308	40	7893	42	7209	54	7956	12.043	1.667
677.5	NaN	608	NaN	600	0	40	364	100	100	0	408	20	7445	40	8056	42	7198	55	8130	12.217	2.417
677.6	NaN	627	NaN	602	0	42	360	100	100	0	405	20	8537	40	8151	42	7427	55	8154	12.446	2.302
677.7	NaN	629	NaN	610	0	28	363	100	100	0	406	26	7431	41	8372	43	9049	54	8370	12.628	-3.04
677.8	NaN	621	NaN	608	0	17	359	100	100	0	410	32	8192	40	8397	42	7798	56	8468	12.852	2.982
677.9	NaN	629	NaN	614	0	28	357	100	100	0	406	24	9146	39	8303	42	7938	54	8381	13.228	5.806
678	NaN	674	NaN	606	0	16	358	100	100	0	409	32	8112	41	8753	44	8054	55	8818	13.365	2.609
678.1	NaN	628	NaN	611	0	20	360	100	100	0	408	29	8479	40	8670	42	8217	54	8739	13.81	2.839
678.2	NaN	638	NaN	609	0	13	358	100	100	0	408	33	8539	41	8908	42	8371	55	8980	14.05	2.604
678.3	NaN	624	NaN	605	0	12	364	100	100	0	409	33	8659	40	8998	41	8578	54	9117	14.311	1.651
678.4	NaN	618	NaN	606	0	10	357	100	100	0	405	33	8959	41	9201	42	8799	53	9315	14.62	3.14
678.5	NaN	620	NaN	594	0	7	358	100	100	0	407	34	9047	41	9516	42	9023	56	9494	14.888	1.688
678.6	NaN	616	NaN	604	0	8	362	100	100	0	408	34	9229	39	9581	42	9230	54	9647	15.19	2.471
678.7	NaN	620	NaN	598	1	6	361	100	100	0	407	35	9385	38	9680	42	9450	54	9777	15.457	1.001
678.8	NaN	660	NaN	598	1	3	362	100	100	0	408	35	9636	37	9767	42	9567	56	9922	15.753	4.396
678.9	NaN	623	NaN	595	1	0	360	100	100	0	406	36	9966	36	9999	42	9808	54	10062	16.048	2.66
679	NaN	622	NaN	590	1	-2	358	100	100	0	406	36	10032	35	10153	43	10097	54	10203	16.315	3.762
679.1	NaN	620	NaN	599	1	-3	359	100	100	0	407	37	10152	34	10180	42	10171	55	10351	16.649	4.119
679.2	NaN	619	NaN	599	1	-3	361	100	100	0	409	36	10439	33	10450	42	10415	53	10570	16.888	3.534
679.3	NaN	614	NaN	599	1	-4	361	95	87	0	406	37	10578	32	10589	43	10629	55	10641	17.209	4.439
679.4	NaN	615	NaN	590	1	-5	359	74	66	0	407	31	10726	28	10663	43	10752	55	10911	17.497	6.368
679.5	NaN	643	NaN	612	0	-4	362	53	45	0	405	26	10918	24	10930	43	10973	44	10968	17.693	4.498
679.6	NaN	653	NaN	611	0	-4	385	0	0	0	431	-12	10753	-12	10724	-9	10749	-10	10687	17.639	-3.202
679.7	NaN	615	NaN	605.1363636	0	4	615	0	0	0	601	-33	10079	-32	10266	-25	10240	-24	10399	17.137	-5.389
679.8	NaN	616	NaN	605.7727273	0	1	775	0	0	0	719	-52	9656	-42	9965	-41	9145	-40	9253	16.295	-8.394
679.9	NaN	624	NaN	606.4090909	0	6	830	0	0	0	789	-57	8815	-42	9272	-42	8745	-44	9051	15.235	-12.101
680	NaN	635	NaN	607.0454545	0	8	858	0	0	0	797	-57	8060	-42	8727	-43	6372	-44	8317	14.125	-10.851
680.1	NaN	650	NaN	607.6818182	0	1	825	0	0	0	754	-56	7350	-42	7983	-43	4010	-45	7702	13.02	-12.137
680.2	NaN	651	NaN	608.3181818	0	8	797	0	0	0	711	-54	6407	-42	7415	-30	2510	-45	7254	11.912	-12.274
680.3	NaN	652	NaN	608.9545455	0	22	680	0	0	0	649	-16	4468	-42	6834	-2	1129	-42	6765	10.921	-7.738
680.4	NaN	661	NaN	609.5909091	0	43	416	0	0	0	448	-42	4955	-41	6371	-22	2020	-38	6409	10.033	-7.244
680.5	NaN	665	NaN	610.2272727	0	51	362	3	0	0	404	-54	4896	-37	6177	-3	2117	-35	6198	9.342	-10.481
680.6	NaN	677	NaN	610.8636364	0	59	362	16	6	0	407	-25	3966	-18	5813	-35	1288	-18	5924	8.793	-3.933
680.7	NaN	673	NaN	611.5	0	67	362	37	27	0	404	0	4504	13	5755	2	3586	33	5885	8.341	-3.328
680.8	NaN	683	NaN	612.1363636	0	67	364	54	44	0	409	3	4495	42	5839	7	4514	56	5875	8.302	0.348
680.9	NaN	673	NaN	612.7727273	0	66	363	77	68	0	408	6	4577	41	5885	16	4575	57	5836	8.355	1.31
681	NaN	672	NaN	613.4090909	0	39	360	80	71	0	409	25	5253	41	5864	42	4781	56	5882	8.52	4.246
681.1	NaN	688	NaN	614.0454545	0	16	362	81	71	0	408	41	5302	39	5802	42	5278	54	5849	8.845	2.486
681.2	NaN	675	NaN	614.6818182	0	-8	364	60	49	0	407	45	5703	38	5797	42	5669	56	5853	9.271	3.315
681.3	NaN	703	NaN	615.3181818	0	-34	363	58	50	0	406	58	6158	22	5766	43	6087	52	5858	9.568	2.709
681.4	NaN	687	NaN	615.9545455	0	-49	363	54	51	0	408	58	6596	15	5671	41	6467	33	5781	9.69	2.194
681.5	NaN	689	NaN	616.5909091	0	-58	363	53	45	0	403	57	6740	9	5650	41	6574	22	5767	9.866	1.585
681.6	NaN	703	NaN	617.2272727	0	-56	363	76	75	0	407	58	6854	13	5742	41	6744	31	5915	9.976	0.872
681.7	NaN	693	NaN	617.8636364	0	-54	360	79	75	0	406	58	6953	14	5895	42	6799	31	5964	10.181	3.463
681.8	NaN	699	NaN	651	0	-51	359	98	97	0	404	58	7006	15	5924	42	6924	36	6548	10.301	0.888
681.9	NaN	704	NaN	685	0	-52	359	100	100	0	404	57	7142	15	6114	42	7001	34	6406	10.498	1.879
682	NaN	686	NaN	630	0	-47	362	100	100	0	405	57	7352	18	6091	42	7203	40	9274	10.566	0.127
682.1	NaN	717	NaN	656	0	-42	360	100	100	0	406	56	7299	19	6407	42	7224	45	8084	10.872	3.934
682.2	NaN	670	NaN	615	0	-33	357	100	100	0	407	56	7364	24	6632	42	7364	55	9154	11.055	1.909
682.3	NaN	689	NaN	619	0	-25	357	100	100	0	408	55	7469	28	6828	42	7428	56	8645	11.412	2.884
682.4	NaN	700	NaN	620	0	-26	358	100	100	0	407	56	7549	29	7122	42	7548	56	7412	11.803	2.362
682.5	NaN	673	NaN	619	0	-21	362	100	100	0	406	55	7858	31	7319	42	7881	56	7442	12.128	3.62
682.6	NaN	662	NaN	626	0	-18	362	100	100	0	409	50	7945	34	7603	42	7951	57	7677	12.51	5.02
682.7	NaN	670	NaN	634	0	-11	359	100	100	0	409	47	8073	35	7816	42	8093	56	7959	12.843	3.611
682.8	NaN	709	NaN	616	0	-4	363	100	100	0	407	42	8184	38	8114	42	8212	56	8232	13.193	3.263
682.9	NaN	658	NaN	618	0	-4	357	100	100	0	407	40	8354	38	8357	42	8370	55	8500	13.531	4.026
683	NaN	656	NaN	620	1	-0	362	100	100	0	409	40	8536	38	8626	42	8553	55	8730	13.841	3.249
683.1	NaN	665	NaN	618	1	0	362	100	100	0	405	39	8735	38	8850	42	8746	54	8955	14.198	4.492
683.2	NaN	656	NaN	614	1	-2	361	100	100	0	406	39	8947	38	9062	42	8903	55	9108	14.51	4.073
683.3	NaN	666	NaN	610	1	-3	358	100	100	0	408	39	9169	36	9208	42	9110	55	9275	14.841	3.738
683.4	NaN	657	NaN	615	1	-2	359	100	100	0	407	37	9355	37	9342	41	9308	56	9474	15.158	4.236
683.5	NaN	663	NaN	613	1	-1	361	100	100	0	406	36	9514	36	9559	41	9565	55	9747	15.442	2.416
683.6	NaN	672	NaN	613	1	-2	358	100	100	0	404	37	9669	35	9813	42	9699	55	9924	15.808	4.652
683.7	NaN	667	NaN	611	1	-1	361	100	100	0	408	37	9868	35	10047	42	9852	55	10131	16.101	3.538
683.8	NaN	663	NaN	610	0	-2	362	62	51	0	407	36	10081	35	10144	42	10091	54	10290	16.422	2.983
683.9	NaN	663	NaN	613	0	-3	359	49	37	0	406	30	10215	30	10337	42	10288	54	10502	16.712	3.736
684	NaN	690	NaN	663	0	-1	359	36	25	0	407	8	10222	8	10439	15	10246	16	10473	16.91	-1.583
684.1	NaN	739	NaN	640	0	0	358	3	0	0	407	-8	10150	-8	10361	-7	10123	-7	10364	16.813	-1.699
684.2	NaN	666	NaN	692	0	3	359	0	0	0	407	-29	9856	-28	10212	-22	9894	-21	10238	16.561	-3.53
684.3	NaN	643	NaN	683	0	4	362	0	0	0	407	-49	9520	-42	9986	-38	9484	-36	9917	16.098	-6.275
684.4	NaN	648	NaN	669	0	8	362	0	0	0	405	-55	9047	-41	9520	-42	9137	-42	9589	15.511	-5.085
684.5	NaN	639	NaN	661	0	14	364	0	0	0	404	-58	8563	-41	9265	-42	8473	-43	9250	14.919	-6.026
684.6	NaN	643	NaN	666	0	10	362	0	0	0	405	-57	7935	-42	8867	-43	8090	-44	8948	14.33	-4.072
684.7	NaN	647	NaN	709	0	9	361	11	2	0	406	-38	7940	-35	8611	-33	7891	-29	8620	13.749	-3.852
684.8	NaN	652	NaN	702	0	21	363	16	6	0	406	-32	7205	-25	8400	-27	7585	-21	8414	13.289	-2.583
684.9	NaN	688	NaN	648	0	24	358	22	12	0	407	-14	7357	-10	8305	-12	7409	-9	8299	12.902	-3.572
685	NaN	739	NaN	649	0	32	364	28	18	0	407	0	7323	0	8214	0	7318	0	8226	12.679	-3.844
685.1	NaN	710	NaN	643.0769231	0	21	359	38	28	0	408	8	7287	15	8123	19	7775	33	8268	12.552	0.085
685.2	NaN	707	NaN	642.1538462	0	25	361	36	26	0	408	3	7176	6	8045	6	7261	13	8079	12.531	-0.577
685.3	NaN	671	NaN	641.2307692	0	21	363	41	29	0	408	6	7170	10	7972	13	7309	23	8099	12.437	1.155
685.4	NaN	661	NaN	640.3076923	0	23	363	41	28	0	408	10	7283	17	8026	22	7359	39	8084	12.452	-0.27
685.5	NaN	703	NaN	639.3846154	0	24	362	40	28	0	407	9	7335	17	8017	20	7405	37	8089	12.554	0.453
685.6	NaN	670	NaN	638.4615385	0	31	363	40	28	0	408	8	7462	18	8040	18	7404	40	8137	12.615	0.717
685.7	NaN	698	NaN	637.5384615	0	32	358	35	22	0	406	2	7141	6	8105	5	7206	13	8192	12.514	-2.469
685.8	NaN	702	NaN	636.6153846	0	36	357	35	25	0	407	3	7069	8	8293	7	7169	18	8148	12.438	-0.53
685.9	NaN	670	NaN	635.6923077	0	29	358	43	32	0	409	6	7102	14	8012	15	7172	31	8174	12.335	0.585
686	NaN	675	NaN	634.7692308	0	31	363	38	25	0	406	6	7206	13	7808	13	7198	29	7966	12.386	-0.527
686.1	NaN	676	NaN	633.8461538	0	34	361	36	23	0	409	4	6990	11	7940	11	7084	24	8049	12.269	0.571
686.2	NaN	709	NaN	632.9230769	0	39	361	34	20	0	406	1	6839	4	7813	3	6879	10	7926	12.119	-2.496
686.3	NaN	738	NaN	642	0	49	363	27	15	0	407	-0	6594	-0	7685	0	6706	-0	7857	11.908	-2.267
686.4	NaN	731	NaN	643	0	50	363	27	15	0	407	0	6480	0	7517	0	6492	0	7636	11.621	-4.323
686.5	NaN	700	NaN	681	0	54	360	34	24	0	407	1	6347	6	7421	3	6386	15	7500	11.351	-3.434
686.6	NaN	685	NaN	703	0	53	357	39	28	0	407	4	6240	20	7439	9	6330	45	7604	11.243	0.098
686.7	NaN	668	NaN	676	0	55	362	39	28	0	404	3	6119	20	7302	8	6306	45	7439	11.17	-1.129
686.8	NaN	675	NaN	656	0	55	361	40	30	0	406	4	6123	23	7348	10	6233	53	7468	11.061	-0.721
686.9	NaN	665	NaN	640	0	54	358	45	35	0	406	6	6114	34	7311	14	6212	55	7413	11.022	0.034
687	NaN	653	NaN	633	0	50	358	62	52	0	408	16	6348	40	7384	38	6360	55	7450	11.08	1.94
687.1	NaN	640	NaN	635	0	37	361	84	74	0	406	23	6520	40	7436	42	6551	55	7448	11.203	1.26
687.2	NaN	646	NaN	626	0	33	364	87	78	0	408	26	6939	40	7422	42	6752	54	7470	11.446	1.846
687.3	NaN	646	NaN	624	0	27	359	87	79	0	408	28	6896	40	7606	42	6893	54	7651	11.631	1.635
687.4	NaN	647	NaN	620	0	23	359	91	82	0	408	30	7120	40	7683	42	7046	53	7737	11.893	3.291
687.5	NaN	641	NaN	621	0	16	357	100	95	0	409	34	7319	39	7796	42	7228	55	7874	12.12	2.746
687.6	NaN	649	NaN	638	0	11	361	100	100	0	406	36	7435	40	7913	42	7449	55	7978	12.405	2.888
687.7	NaN	714	NaN	612	0	6	358	100	100	0	407	39	7728	40	8049	42	7693	54	8051	12.663	2.717
687.8	NaN	642	NaN	631	0	4	356	100	100	0	408	40	7939	40	8141	41	7900	54	8180	12.971	3.741
687.9	NaN	649	NaN	622	1	1	365	100	100	0	407	40	8100	40	8274	42	8098	55	8335	13.235	2.945
688	NaN	651	NaN	626	1	-2	357	100	100	0	407	40	8309	39	8428	42	8277	54	8486	13.512	3.339
688.1	NaN	647	NaN	629	1	-0	360	100	100	0	406	40	8472	39	8558	42	8458	54	8655	13.803	3.065
688.2	NaN	668	NaN	622	1	-1	358	100	100	0	407	39	8684	39	8719	42	8675	55	8807	14.077	2.179
688.3	NaN	654	NaN	626	1	-3	359	100	100	0	409	40	8859	37	8904	42	8865	54	9005	14.346	2.182
688.4	NaN	661	NaN	625	1	-2	360	100	100	0	406	40	9008	36	9043	42	9026	54	9202	14.661	2.9
688.5	NaN	650	NaN	630	1	-4	358	100	100	0	407	39	9198	37	9271	41	9205	54	9355	14.94	3.785
688.6	NaN	643	NaN	627	1	-3	361	100	100	0	407	38	9361	36	9465	41	9332	54	9529	15.231	1.732
688.7	NaN	651	NaN	627	1	-6	358	100	100	0	404	38	9589	35	9596	42	9591	54	9690	15.511	3.594
688.8	NaN	668	NaN	656	1	-7	359	100	100	0	409	39	9798	33	9638	42	9812	54	9819	15.797	2.236
688.9	NaN	653	NaN	630	1	-7	358	100	100	0	407	39	9959	33	9861	42	9970	54	9993	16.039	3.071
689	NaN	646	NaN	633	1	-8	358	100	100	0	409	38	10061	33	10092	42	10055	54	10184	16.31	2.238
689.1	NaN	646	NaN	619	1	-4	362	100	100	0	407	37	10260	34	10206	42	10289	54	10298	16.616	2.876
689.2	NaN	666	NaN	616	1	-5	359	100	100	0	406	36	10417	33	10348	42	10455	54	10529	16.839	2.787
689.3	NaN	642	NaN	606	1	-3	364	100	100	0	408	37	10541	33	10595	42	10523	54	10670	17.105	3.057
689.4	NaN	688	NaN	602	1	-5	360	100	100	0	407	31	10704	29	10659	42	10770	54	10810	17.384	2.746
689.5	NaN	666	NaN	609	1	-4	360	100	100	0	406	30	10828	27	10802	42	10877	53	10987	17.579	1.023
689.6	NaN	651	NaN	629	1	-5	361	100	100	0	405	24	10902	21	10964	42	10958	41	11034	17.799	2.661
689.7	NaN	666	NaN	628	1	-6	358	100	100	0	407	21	11080	19	10944	40	11136	37	11102	17.941	1.402
689.8	NaN	654	NaN	658	1	-4	361	100	100	0	407	19	11073	17	11128	38	11112	34	11204	18.076	1.99
689.9	NaN	657	NaN	660	1	-6	360	100	100	0	407	17	11161	15	11104	32	11248	30	11255	18.185	1.719
690	NaN	653	NaN	635	1	-5	360	100	100	0	409	16	11207	15	11221	31	11190	30	11313	18.223	-0.418
690.1	NaN	655	NaN	639	1	-2	360	100	100	0	405	15	11188	14	11259	29	11284	27	11334	18.28	-0.675
690.2	NaN	658	NaN	673	1	-3	358	100	99	0	407	13	11195	12	11199	26	11266	22	11324	18.312	0.663
690.3	NaN	650	NaN	642	1	-4	359	100	100	0	407	13	11245	12	11326	25	11279	23	11360	18.35	0.673
690.4	NaN	652	NaN	659	1	-3	358	100	100	0	405	12	11246	11	11207	22	11282	21	11337	18.356	-0.002
690.5	NaN	647	NaN	661	1	-1	362	100	100	0	408	12	11198	12	11398	23	11248	24	11401	18.382	0.053
690.6	NaN	653	NaN	665	1	1	360	100	100	0	407	11	11217	13	11270	22	11276	22	11427	18.365	0.261
690.7	NaN	662	NaN	613	0	11	362	100	100	0	406	16	11033	19	11652	30	11115	39	11664	18.426	-0.043
690.8	NaN	656	NaN	634	0	18	360	100	100	0	409	14	11043	21	11662	26	11196	39	11804	18.487	0.028
690.9	NaN	656	NaN	624	0	11	362	100	100	0	409	17	11010	18	11752	31	11072	43	11816	18.54	0.068
691	NaN	674	NaN	630	0	12	362	100	100	0	406	15	11126	19	11623	28	11249	34	11771	18.567	1.009
691.1	NaN	661	NaN	638	0	11	360	100	100	0	406	12	11090	15	11699	24	11197	31	11798	18.563	0.294
691.2	NaN	650	NaN	622	0	6	362	100	100	0	407	16	11124	18	11639	30	11282	34	11815	18.551	0.341
691.3	NaN	653	NaN	653	0	-4	357	99	91	0	405	10	11320	10	11458	18	11360	15	11549	18.581	0.966
691.4	NaN	702	NaN	631	0	-7	362	0	0	0	404	-7	11217	-8	11205	-5	11222	-6	11290	18.451	-2.588
691.5	NaN	637	NaN	689	0	-8	363	0	0	0	405	-27	11030	-29	10885	-20	11121	-22	11003	18.094	-3.788
691.6	NaN	630	NaN	671	0	-9	367	0	0	0	408	-45	10737	-42	10625	-34	10680	-37	10392	17.541	-7.442
691.7	NaN	630	NaN	677	0	-12	363	0	0	0	404	-48	10445	-41	10162	-36	10414	-40	10120	16.983	-5.728
691.8	NaN	617	NaN	664	0	-10	363	0	0	0	405	-48	9999	-40	9833	-38	10083	-42	9871	16.369	-5.116
691.9	NaN	625	NaN	679	0	-10	405	0	0	0	439	-50	9629	-41	9561	-40	9544	-44	9143	15.768	-7.248
692	NaN	618	NaN	662	0	-10	490	0	0	0	517	-53	9131	-41	8884	-42	9195	-47	8964	15.091	-6.045
692.1	NaN	627	NaN	653.2222222	0	-12	560	0	0	0	558	-51	8755	-41	8485	-42	8637	-48	7755	14.302	-8.87
692.2	NaN	623	NaN	650.4444444	0	-14	557	0	0	0	534	-51	8225	-41	7953	-42	8250	-49	7648	13.48	-8.073
692.3	NaN	621	NaN	647.6666667	0	-17	508	0	0	0	481	-51	7803	-41	7440	-42	7801	-49	6282	12.663	-6.98
692.4	NaN	629	NaN	644.8888889	0	-24	389	8	4	0	421	-33	7459	-42	6902	-29	7491	-37	6881	11.938	-4.314
692.5	NaN	649	NaN	642.1111111	0	-35	360	15	14	0	402	-21	7363	-29	6593	-19	7313	-26	6452	11.374	-5.682
692.6	NaN	665	NaN	639.3333333	0	-50	361	37	38	0	404	28	7411	7	6535	42	7407	17	6618	11.266	0.669
692.7	NaN	663	NaN	636.5555556	0	-61	362	37	38	0	405	30	7381	5	6430	41	7402	10	6538	11.271	-0.949
692.8	NaN	681	NaN	633.7777778	0	-61	363	29	26	0	404	13	7386	2	6200	32	7487	5	6455	11.158	0.922
692.9	NaN	699	NaN	630	0	-66	358	34	31	0	406	5	7148	0	6039	12	7310	1	6047	10.918	-2.8
693	NaN	661	NaN	672	0	-60	361	51	50	0	403	56	7675	8	6095	42	7359	20	6278	10.861	3.912
693.1	NaN	658	NaN	654	0	-57	360	71	71	0	407	56	7394	11	6187	42	7339	27	7407	10.883	0.552
693.2	NaN	655	NaN	647	0	-48	363	92	91	0	404	56	7399	16	6474	41	7359	36	7387	11.003	4.441
693.3	NaN	642	NaN	648	0	-43	360	100	100	0	407	56	7394	19	6442	42	7341	46	7884	11.109	1.283
693.4	NaN	671	NaN	605	0	-34	363	100	100	0	407	56	7441	23	6595	42	7430	53	8869	11.251	5.237
693.5	NaN	650	NaN	640	0	-26	357	100	100	0	406	56	7453	30	6930	42	7405	54	7095	11.625	3.092
693.6	NaN	640	NaN	622	0	-5	363	100	100	0	408	48	7463	39	7330	42	7455	54	7393	11.996	3.427
693.7	NaN	667	NaN	623	0	-4	360	100	100	0	408	46	7595	40	7623	42	7566	54	7690	12.337	2.899
693.8	NaN	647	NaN	618	0	-6	360	100	100	0	406	45	7811	39	7802	42	7804	55	7903	12.676	1.828
693.9	NaN	674	NaN	631	1	-8	360	100	100	0	406	46	8049	36	8019	42	8016	54	8115	13.028	2.543
694	NaN	653	NaN	618	0	-9	360	100	100	0	410	44	8247	36	8212	42	8224	55	8268	13.373	2.02
694.1	NaN	657	NaN	617	0	-17	359	100	96	0	406	47	8603	32	8341	42	8558	54	8444	13.593	2.334
694.2	NaN	721	NaN	640	0	-28	360	0	0	0	404	-5	8491	-6	8050	-4	8512	-6	8169	13.779	-1.023
694.3	NaN	639	NaN	631	0	-30	359	0	0	0	403	-22	8453	-28	7624	-19	8472	-25	7182	13.432	-3.093
694.4	NaN	629	NaN	688	0	-43	363	0	0	0	402	-34	8048	-40	7086	-30	8169	-47	6495	12.927	-3.365
694.5	NaN	718	NaN	630	0	-40	357	40	42	0	404	1	8229	1	7069	3	8149	1	2984	12.407	-2.799
694.6	NaN	653	NaN	619	0	-35	359	65	66	0	404	64	8296	23	6978	42	8185	61	6889	12.141	-0.444
694.7	NaN	681	NaN	650	0	-45	361	56	51	0	405	57	7960	17	7407	41	7949	41	7823	12.329	2.271
694.8	NaN	663	NaN	638	0	-40	359	53	53	0	405	56	8254	19	7360	41	8151	45	8708	12.364	4.371
694.9	NaN	675	NaN	666	0	-47	359	35	30	0	405	18	7963	5	7169	40	8083	10	7330	12.447	-1.712
695	NaN	721	NaN	644	0	-46	364	19	17	0	408	-1	7955	-2	6977	-1	8017	-2	6888	12.168	-2.322
695.1	NaN	660	NaN	635.125	0	-54	358	4	0	0	405	-15	7524	-27	6503	-13	7645	-24	6440	11.886	-4.245
695.2	NaN	669	NaN	635.75	0	-54	357	35	36	0	404	24	7678	4	6452	46	7754	11	5345	11.456	-1.573
695.3	NaN	651	NaN	636.375	0	-51	361	39	37	0	404	30	7629	7	6303	41	7685	15	6522	11.329	1.264
695.4	NaN	658	NaN	663	0	-48	359	40	39	0	403	32	7473	8	6330	42	7550	18	6793	11.26	-0.671
695.5	NaN	645	NaN	708	0	-44	360	47	48	0	405	49	7609	14	6440	42	7576	32	7143	11.236	3.391
695.6	NaN	667	NaN	667	0	-45	360	49	47	0	406	50	7514	14	6552	42	7490	34	7539	11.359	1.985
695.7	NaN	656	NaN	630	0	-26	359	49	47	0	408	44	7522	22	6803	42	7576	52	8064	11.513	3.563
695.8	NaN	729	NaN	691	0	4	360	43	31	0	408	17	7214	18	7227	38	7308	40	7290	11.773	2.427
695.9	NaN	655	NaN	635	0	26	358	43	31	0	408	12	6975	22	7620	27	7069	52	7672	11.903	1.244
696	NaN	659	NaN	639	0	35	358	43	32	0	407	10	6987	26	7785	23	7055	55	7872	12.008	1.723
696.1	NaN	657	NaN	613	0	40	359	43	32	0	406	9	6937	27	7881	20	6996	53	7942	12.085	-0.164
696.2	NaN	685	NaN	669	0	41	358	62	52	0	409	21	7092	39	8082	42	7165	54	8141	12.182	0.762
696.3	NaN	639	NaN	634	0	41	357	65	55	0	406	20	7886	40	8118	42	7218	54	8153	12.348	2.181
696.4	NaN	643	NaN	632	0	41	362	81	71	0	407	20	7820	40	8248	41	7321	54	8286	12.48	3.266
696.5	NaN	653	NaN	641	0	22	359	100	100	0	408	27	7789	40	8251	42	7486	54	8343	12.666	2.757
696.6	NaN	645	NaN	645	0	-1	358	100	100	0	408	40	7901	40	8220	42	7855	54	8291	12.977	4.09
696.7	NaN	642	NaN	674	0	-12	363	100	100	0	407	46	8283	34	8186	42	8237	54	8260	13.31	3.707
696.8	NaN	670	NaN	647	0	-18	361	100	100	0	407	48	8538	31	8296	42	8487	54	8387	13.6	3.177
696.9	NaN	644	NaN	623	0	-28	358	100	100	0	409	50	8799	28	8397	42	8775	55	8492	13.875	2.507
697	NaN	646	NaN	624	0	-32	359	100	100	0	406	52	9047	24	8439	42	9023	52	8627	14.127	2.474
697.1	NaN	649	NaN	630	0	-29	363	100	100	0	407	53	9259	23	8530	41	9250	50	8727	14.343	2.312
697.2	NaN	687	NaN	613	0	-28	361	100	100	0	406	51	9390	25	8689	42	9344	53	8959	14.593	0.844
697.3	NaN	640	NaN	613	0	-13	356	100	100	0	404	44	9403	30	8964	41	9442	54	9095	14.854	2.787
697.4	NaN	644	NaN	610	0	-1	360	100	100	0	407	39	9349	34	9353	40	9325	55	9461	15.162	2.815
697.5	NaN	639	NaN	619	0	-4	362	100	100	0	406	37	9497	35	9619	42	9508	54	9678	15.478	3.869
697.6	NaN	671	NaN	610	1	-3	362	100	100	0	408	37	9701	35	9764	41	9714	55	9891	15.745	3.549
697.7	NaN	641	NaN	606	1	-2	359	100	100	0	406	37	9821	35	9916	41	9848	54	10067	16.044	1.992
697.8	NaN	632	NaN	605	1	-2	358	100	100	0	409	36	9969	36	10151	42	9948	54	10249	16.297	3.004
697.9	NaN	637	NaN	608	1	-2	357	100	100	0	405	36	10156	35	10292	42	10183	54	10372	16.596	2.41
698	NaN	657	NaN	614	1	-1	358	100	100	0	407	35	10356	33	10410	41	10375	54	10570	16.869	3.082
698.1	NaN	630	NaN	613	1	-1	357	100	100	0	407	35	10475	35	10651	41	10459	55	10761	17.123	3.792
698.2	NaN	670	NaN	598	1	-3	361	100	100	0	406	33	10679	31	10790	41	10707	54	10902	17.405	1.433
698.3	NaN	667	NaN	613	1	-6	358	100	100	0	408	27	10823	24	10820	41	10882	47	11058	17.661	2.514
698.4	NaN	637	NaN	626	1	-5	361	100	100	0	408	24	10916	22	11064	41	10966	44	11127	17.865	2.407
698.5	NaN	648	NaN	641	1	-4	362	100	100	0	407	19	11104	17	11054	37	11146	34	11186	18.048	1.106
698.6	NaN	655	NaN	645	1	-5	360	100	100	0	406	18	11054	17	11231	34	11086	32	11274	18.176	2.246
698.7	NaN	642	NaN	654	1	-2	362	100	100	0	406	16	11161	15	11235	31	11263	29	11344	18.246	1.456
698.8	NaN	643	NaN	653	1	-3	359	100	100	0	406	13	11198	12	11272	25	11231	24	11382	18.341	1.136
698.9	NaN	654	NaN	644	1	-4	359	100	100	0	407	15	11162	14	11337	30	11267	28	11438	18.403	1.013
699	NaN	650	NaN	664	1	-1	362	100	100	0	407	10	11284	10	11294	18	11303	17	11420	18.425	-0.695
699.1	NaN	650	NaN	654	1	-1	357	100	100	0	406	13	11215	12	11432	25	11256	24	11485	18.474	0.259
699.2	NaN	647	NaN	666	1	-3	361	100	100	0	408	11	11309	10	11320	20	11372	17	11491	18.497	1.225
699.3	NaN	654	NaN	648	1	-4	359	100	100	0	408	11	11257	10	11457	20	11279	20	11511	18.503	-0.583
699.4	NaN	657	NaN	657	1	-3	358	100	100	0	405	11	11320	10	11330	21	11359	18	11481	18.53	-0.061
699.5	NaN	658	NaN	645	1	-1	361	100	100	0	406	9	11256	9	11482	17	11270	18	11502	18.54	-0.391
699.6	NaN	649	NaN	659	1	-3	359	100	100	0	406	11	11313	10	11387	21	11399	20	11548	18.532	0.123
699.7	NaN	660	NaN	650	1	-3	358	100	100	0	406	8	11282	8	11489	16	11297	16	11476	18.56	-0.366
699.8	NaN	648	NaN	644	1	-3	357	100	100	0	406	11	11295	11	11422	23	11361	22	11554	18.552	0.15
699.9	NaN	658	NaN	661	1	-3	358	100	100	0	406	8	11317	8	11497	14	11341	15	11516	18.58	1.341
700	NaN	646	NaN	638	1	-2	359	100	100	0	406	11	11275	10	11474	22	11356	20	11582	18.569	0.58
700.1	NaN	662	NaN	683	1	-2	357	100	100	0	407	8	11357	8	11499	13	11378	13	11531	18.568	-0.775
700.2	NaN	648	NaN	650	1	-3	358	100	100	0	406	10	11292	10	11487	21	11323	20	11600	18.569	0.056
700.3	NaN	653	NaN	651.25	1	-1	359	100	100	0	406	9	11334	10	11508	16	11363	16	11553	18.585	-0.789
700.4	NaN	637	NaN	640	1	4	362	100	100	0	407	11	11220	12	11603	22	11284	24	11708	18.583	-0.335
700.5	NaN	639	NaN	662	1	6	359	100	100	0	407	12	11257	14	11626	23	11340	24	11725	18.647	0.898
700.6	NaN	659	NaN	644	1	-0	359	100	100	0	407	7	11297	7	11544	14	11309	15	11629	18.652	-0.899
700.7	NaN	658	NaN	659	1	-3	363	100	100	0	406	8	11408	7	11469	13	11470	13	11549	18.639	0.898
700.8	NaN	670	NaN	642	1	-4	364	100	100	0	404	6	11377	6	11446	11	11372	11	11480	18.594	-1.059
700.9	NaN	652	NaN	648	1	-8	362	100	100	0	407	9	11436	8	11340	18	11521	14	11430	18.586	0.259
701	NaN	651	NaN	660	0	-11	363	100	100	0	407	9	11464	7	11328	17	11471	13	11351	18.561	-0.343
701.1	NaN	647	NaN	642	0	-13	360	100	100	0	407	13	11616	10	11212	26	11672	20	11366	18.562	0.939
701.2	NaN	644	NaN	683	0	-10	361	100	100	0	404	9	11496	8	11350	16	11473	14	11379	18.566	-0.448
701.3	NaN	663	NaN	652	0	-11	357	100	100	0	407	8	11456	6	11260	17	11521	12	11392	18.607	0.558
701.4	NaN	643	NaN	653	0	-9	360	100	100	0	406	10	11466	9	11381	19	11453	15	11447	18.592	0.866
701.5	NaN	661	NaN	634	0	-7	360	100	100	0	404	7	11412	6	11343	15	11512	12	11415	18.547	-0.978
701.6	NaN	642	NaN	652	0	-9	362	100	100	0	404	11	11409	10	11335	22	11444	19	11431	18.536	0.349
701.7	NaN	657	NaN	682	0	-8	362	100	100	0	406	8	11371	6	11311	14	11406	13	11414	18.496	-1.246
701.8	NaN	646	NaN	708	1	-4	359	100	100	0	405	10	11379	10	11301	21	11416	19	11455	18.483	1.005
701.9	NaN	638	NaN	660	1	-1	358	100	100	0	407	10	11256	10	11397	22	11329	20	11484	18.462	-0.42
702	NaN	644	NaN	656	1	-3	358	100	100	0	405	10	11320	9	11394	18	11345	16	11462	18.456	-0.448
702.1	NaN	633	NaN	648	1	-1	359	100	100	0	405	11	11250	10	11461	22	11278	22	11514	18.467	-1.37
702.2	NaN	643	NaN	667	1	-1	359	100	100	0	409	11	11292	11	11426	21	11362	20	11497	18.499	0.028
702.3	NaN	641	NaN	651	1	-2	363	100	100	0	406	10	11235	10	11497	20	11275	21	11568	18.528	-0.548
702.4	NaN	641	NaN	672	1	-3	357	100	100	0	405	11	11329	11	11398	21	11386	20	11563	18.533	0.709
702.5	NaN	649	NaN	686	0	-3	361	66	56	0	407	8	11295	8	11511	15	11258	16	11533	18.588	-0.714
702.6	NaN	657	NaN	610	0	-3	363	0	0	0	406	-14	11163	-16	11253	-10	11278	-10	11341	18.423	-0.842
702.7	NaN	620	NaN	689	0	-5	359	0	0	0	406	-34	11007	-37	11085	-26	10920	-27	10937	18.086	-5.536
702.8	NaN	617	NaN	665	0	-2	360	0	0	0	406	-46	10669	-40	10751	-34	10568	-36	10722	17.573	-5.572
702.9	NaN	616	NaN	679	0	-4	361	0	0	0	407	-48	10364	-40	10433	-37	10371	-37	10416	17.077	-5.553
703	NaN	621	NaN	671	0	-3	370	0	0	0	415	-50	9950	-40	10145	-39	9945	-40	10093	16.556	-5.74
703.1	NaN	618	NaN	666	0	-1	481	0	0	0	485	-53	9600	-40	9786	-40	9559	-41	9624	15.875	-7.06
703.2	NaN	618	NaN	669	0	1	639	0	0	0	633	-55	8751	-40	9185	-42	8990	-44	9233	15.112	-6.711
703.3	NaN	625	NaN	688	0	4	678	0	0	0	661	-56	8165	-40	8708	-42	7726	-44	8378	14.211	-8.32
703.4	NaN	628	NaN	698	0	9	702	0	0	0	647	-31	8416	-46	8168	-42	6394	-43	7947	13.301	-2.941
703.5	NaN	626	NaN	695	0	11	611	0	0	0	567	-56	6901	-41	7874	-43	2878	-44	6321	12.399	-6.484
703.6	NaN	639	NaN	705	0	26	505	0	0	0	500	-20	5309	-40	7214	-43	6023	-41	7160	11.536	-5.887
703.7	NaN	635	NaN	703	0	37	383	0	0	0	420	-56	5683	-40	7004	-42	3126	-39	6985	10.768	-6.583
703.8	NaN	669	NaN	635	0	58	361	21	10	0	405	-20	4960	-10	6647	0	726	-10	6817	10.214	-3.969
703.9	NaN	658	NaN	657	0	66	363	48	36	0	406	3	5336	35	6648	7	3825	52	6823	9.851	-0.471
704	NaN	701	NaN	686	0	75	363	48	33	0	406	1	5199	39	6676	4	5384	52	6824	9.755	-0.336
704.1	NaN	681	NaN	685	0	73	365	51	40	0	407	1	4926	40	6547	2	5304	53	6716	9.675	-1.109
704.2	NaN	660	NaN	694	0	64	365	52	41	0	405	4	5218	40	6662	11	5355	52	6709	9.602	1.574
704.3	NaN	649	NaN	733	0	51	363	59	48	0	406	12	5394	40	6504	31	5777	53	6694	9.683	1.747
704.4	NaN	651	NaN	674	0	48	366	60	48	0	408	15	5596	39	6669	36	6121	53	6726	9.743	1.143
704.5	NaN	652	NaN	673	0	63	365	60	49	0	407	8	5950	40	6588	18	5624	52	6684	9.892	0.089
704.6	NaN	658	NaN	656	0	61	362	62	51	0	406	10	5635	40	6695	21	5730	52	6742	9.925	1.091
704.7	NaN	651	NaN	650	0	59	364	64	52	0	408	11	5733	40	6708	25	5791	52	6784	10.07	0.197
704.8	NaN	667	NaN	648	0	61	361	65	54	0	408	10	5891	40	6851	23	5913	53	6904	10.162	2.616
704.9	NaN	663	NaN	642	0	67	363	66	55	0	405	6	5627	40	6814	15	5825	53	6921	10.205	-1.176
705	NaN	654	NaN	646	0	67	365	82	70	0	408	6	5542	39	7052	13	5706	52	7083	10.123	1.885
705.1	NaN	655	NaN	640	0	67	359	100	100	0	406	7	5739	39	6835	16	5785	52	6889	10.146	0.773
705.2	NaN	651	NaN	653	0	63	363	100	100	0	409	8	5674	39	6866	19	5887	51	6921	10.107	-1.288
705.3	NaN	658	NaN	650	0	61	361	100	100	0	405	10	5796	40	6804	22	5815	53	6880	10.159	1.044
705.4	NaN	644	NaN	637	0	53	362	100	100	0	407	13	5803	40	6860	31	5832	52	6941	10.222	1.041
705.5	NaN	650	NaN	636	0	46	364	100	100	0	404	20	6328	39	6914	42	6017	53	6985	10.384	1.488
705.6	NaN	651	NaN	638	0	43	361	100	100	0	406	21	6118	39	6992	41	6320	53	7043	10.582	1.598
705.7	NaN	651	NaN	634	0	38	363	100	100	0	407	24	6421	39	7127	42	6318	52	7175	10.768	1.931
705.8	NaN	658	NaN	633	0	34	363	100	100	0	406	25	6425	40	7258	42	6413	52	7287	10.988	0.632
705.9	NaN	654	NaN	626	0	22	360	100	100	0	408	31	6687	40	7364	42	6675	52	7415	11.233	1.972
706	NaN	664	NaN	655	0	20	360	100	100	0	408	33	6846	39	7458	41	6861	52	7489	11.527	1.916
706.1	NaN	651	NaN	630	0	15	364	100	100	0	406	35	7136	40	7566	42	7064	52	7612	11.798	2.845
706.2	NaN	648	NaN	613	0	10	359	100	100	0	409	37	7346	39	7706	42	7280	52	7745	12.075	3.114
706.3	NaN	634	NaN	644	0	6	360	100	100	0	406	39	7572	39	7829	42	7523	53	7884	12.336	3.482
706.4	NaN	646	NaN	613	0	1	360	91	85	0	406	39	7748	40	7933	41	7713	52	7997	12.673	3.217
706.5	NaN	649	NaN	614	1	-6	359	76	72	0	408	43	8022	38	8049	42	7993	52	8124	12.916	2.781
706.6	NaN	720	NaN	648	0	-16	363	8	1	0	406	-3	8093	-4	7884	-5	8175	-6	7962	13.126	-2.223
706.7	NaN	639	NaN	641.1666667	0	-25	362	0	0	0	405	-19	8015	-24	7531	-16	8041	-21	7553	12.825	-3.722
706.8	NaN	624	NaN	643.3333333	0	-34	360	0	0	0	404	-33	7789	-40	7012	-29	7836	-41	6750	12.346	-4.943
706.9	NaN	721	NaN	644	0	-40	363	25	25	0	404	0	7742	0	6821	0	7764	0	6703	11.893	-2.275
707	NaN	727	NaN	639	0	-41	360	26	26	0	406	1	7599	0	6650	3	7605	1	6628	11.641	-1.238
707.1	NaN	691	NaN	610	0	-42	360	31	30	0	404	7	7497	2	6540	18	7524	5	6563	11.438	-1.09
707.2	NaN	662	NaN	698	0	-47	363	35	34	0	404	21	7510	6	6561	42	7532	13	6641	11.406	0.242
707.3	NaN	682	NaN	687	0	-48	361	42	40	0	406	39	7604	10	6603	42	7608	24	6668	11.421	1.245
707.4	NaN	725	NaN	644	0	-50	361	25	20	0	405	-0	7321	0	6496	-1	7348	-0	6501	11.378	-2.588
707.5	NaN	728	NaN	644	0	-51	363	21	19	0	405	-1	7274	-1	6263	-1	7271	-1	6172	11.101	-1.708
707.6	NaN	722	NaN	639	0	-53	363	28	25	0	407	0	7170	0	6091	1	7124	1	5934	10.826	-2.349
707.7	NaN	675	NaN	638.6527778	0	-52	358	36	34	0	404	23	7215	4	6027	42	7253	10	6109	10.702	0.146
707.8	NaN	667	NaN	637.2222222	0	-53	357	41	41	0	405	37	7191	8	6086	42	7216	19	6611	10.699	0.397
707.9	NaN	654	NaN	635.7916667	0	-51	362	42	39	0	406	36	7153	7	6117	42	7201	18	6298	10.788	0.65
708	NaN	657	NaN	634.3611111	0	-49	362	39	38	0	403	31	7279	7	6087	42	7238	17	7222	10.706	-0.424
708.1	NaN	666	NaN	632.9305556	0	-43	358	39	40	0	404	21	7277	5	6084	42	7238	13	6225	10.68	1.319
708.2	NaN	712	NaN	629	0	-23	358	30	19	0	404	1	6954	1	6271	1	6970	3	6373	10.821	1.867
708.3	NaN	667	NaN	671	0	-9	360	36	28	0	406	11	6690	9	6539	25	6754	20	6556	10.772	-1.31
708.4	NaN	667	NaN	691	0	19	362	36	24	0	406	6	6415	10	6754	12	6493	20	6808	10.832	0.505
708.5	NaN	662	NaN	633	0	47	363	51	39	0	407	12	6151	42	7080	28	6336	50	7049	10.697	-0.002
708.6	NaN	644	NaN	637	0	49	358	52	38	0	407	10	6358	40	7246	25	6221	53	7219	10.8	1.196
708.7	NaN	641	NaN	647	0	57	362	54	43	0	406	9	6142	39	7206	22	6153	53	7236	10.843	1.116
708.8	NaN	639	NaN	627	0	56	363	61	47	0	407	11	6206	39	7383	26	6223	53	7397	10.879	2.533
708.9	NaN	639	NaN	656	0	60	358	60	46	0	406	9	6196	40	7243	23	6266	53	7381	10.951	-1.092
709	NaN	638	NaN	624	0	58	358	70	56	0	409	11	6223	40	7337	25	6566	52	7481	10.925	1.441
709.1	NaN	665	NaN	629	0	56	359	81	69	0	407	12	6453	39	7285	28	6455	53	7409	10.991	0.421
709.2	NaN	651	NaN	630	0	55	360	95	82	0	406	12	6386	39	7342	28	6398	52	7444	11.017	0.383
709.3	NaN	642	NaN	648	0	53	362	100	93	0	408	13	6315	39	7331	31	6664	52	7405	11.123	0.604
709.4	NaN	645	NaN	629	0	52	361	100	100	0	407	14	6301	40	7435	33	8935	52	7531	11.101	0.576
709.5	NaN	661	NaN	634	0	53	362	100	100	0	410	14	7063	40	7385	32	6602	52	7492	11.251	0.971
709.6	NaN	658	NaN	640	0	48	359	100	100	0	408	15	6614	39	7473	36	6781	52	7572	11.312	1.581
709.7	NaN	645	NaN	619	0	46	363	100	100	0	407	18	6758	39	7539	39	6845	52	7626	11.405	0.783
709.8	NaN	643	NaN	636	0	41	359	100	100	0	405	20	6869	39	7632	40	6860	53	7700	11.54	1.275
709.9	NaN	629	NaN	621	0	41	362	100	100	0	410	21	7039	40	7680	40	6940	52	7768	11.703	1.015
710	NaN	640	NaN	611	0	33	361	100	100	0	408	25	7051	39	7785	40	7010	52	7849	11.865	1.261
710.1	NaN	659	NaN	630	0	22	360	100	100	0	407	30	7201	40	7822	40	7143	52	7907	12.084	1.446
710.2	NaN	642	NaN	645	0	14	359	100	100	0	406	34	7401	40	7863	40	7350	52	7948	12.342	1.493
710.3	NaN	631	NaN	617	0	8	363	100	100	0	405	38	7619	40	7952	40	7553	52	8045	12.605	2.14
710.4	NaN	626	NaN	606	0	-5	360	100	100	0	405	45	7930	39	8015	40	7820	52	8107	12.892	2.32
710.5	NaN	647	NaN	624	0	-22	358	100	100	0	407	49	8243	31	7998	40	8194	52	8159	13.146	2.127
710.6	NaN	645	NaN	627	0	-32	357	100	100	0	408	55	8606	24	8027	40	8504	52	8191	13.403	2.868
710.7	NaN	648	NaN	620	0	-35	359	100	100	0	406	55	8799	22	8048	40	8706	48	8336	13.591	3.056
710.8	NaN	663	NaN	621	0	-34	357	100	100	0	405	55	8921	23	8173	40	8885	49	8395	13.794	1.488
710.9	NaN	650	NaN	630	0	-34	356	100	100	0	404	53	9112	23	8263	40	9067	49	8469	13.954	1.598
711	NaN	654	NaN	639	0	-36	363	100	100	0	407	55	9177	22	8414	40	9095	46	8640	14.141	2.169
711.1	NaN	655	NaN	625	0	-33	359	100	100	0	404	53	9286	23	8533	39	9212	50	8754	14.303	2.436
711.2	NaN	644	NaN	621	0	-28	362	100	100	0	406	51	9279	24	8792	40	9220	52	8935	14.515	1.879
711.3	NaN	649	NaN	624	0	-13	358	100	100	0	403	43	9324	31	9030	41	9373	52	8998	14.722	3.268
711.4	NaN	640	NaN	618	0	3	360	100	100	0	407	36	9216	38	9321	41	9290	53	9363	14.99	2.338
711.5	NaN	639	NaN	613	0	8	363	100	100	0	406	34	9271	40	9535	39	9284	53	9687	15.247	1.948
711.6	NaN	631	NaN	622	0	17	363	100	100	0	407	31	9434	39	9704	39	9327	53	9851	15.456	2.499
711.7	NaN	641	NaN	632	0	24	360	100	100	0	407	27	9372	40	10049	40	9311	52	10079	15.622	1.284
711.8	NaN	636	NaN	634	0	23	362	100	100	0	408	26	9528	39	10075	39	9451	52	10171	15.766	0.976
711.9	NaN	636	NaN	635	0	22	361	100	100	0	407	27	9672	40	10118	40	9572	53	10256	15.886	0.594
712	NaN	634	NaN	627	0	19	362	100	100	0	406	28	9718	39	10249	40	9635	52	10364	16.025	1.325
712.1	NaN	640	NaN	612	0	17	362	100	100	0	409	28	9824	39	10318	40	9657	52	10420	16.183	1.964
712.2	NaN	636	NaN	600	0	13	364	100	100	0	407	30	9850	40	10337	40	9838	52	10478	16.323	1.549
712.3	NaN	634	NaN	637	0	11	357	100	100	0	407	30	10038	39	10414	39	9996	52	10534	16.517	2.254
712.4	NaN	636	NaN	615	0	1	359	100	100	0	406	34	10175	35	10488	40	10165	52	10566	16.727	2.403
712.5	NaN	638	NaN	626	0	-9	358	100	100	0	409	38	10422	31	10397	40	10440	52	10569	16.897	1.541
712.6	NaN	638	NaN	609	0	-13	357	100	100	0	407	39	10671	29	10439	41	10672	52	10596	17.151	3.277
712.7	NaN	681	NaN	591	0	-17	360	100	100	0	406	39	10822	27	10602	41	10837	51	10719	17.297	1.51
712.8	NaN	642	NaN	612	0	-18	360	100	100	0	407	41	10931	27	10552	41	10960	54	10782	17.479	1.648
712.9	NaN	646	NaN	626	0	-20	358	100	100	0	405	36	11095	24	10725	40	11117	46	10847	17.639	1.309
713	NaN	645	NaN	632	0	-20	362	100	100	0	406	33	11145	22	10702	41	11156	43	10888	17.754	0.225
713.1	NaN	639	NaN	626	0	-21	359	100	100	0	407	35	11240	23	10774	40	11283	44	10967	17.877	2.371
713.2	NaN	645	NaN	659	0	-16	360	100	100	0	406	27	11237	18	10920	40	11239	35	11014	17.945	-0.288
713.3	NaN	655	NaN	619	0	-14	360	100	100	0	408	27	11268	20	10894	40	11321	39	11067	18.029	-0.217
713.4	NaN	639	NaN	631	0	-13	359	100	100	0	406	24	11209	18	11042	40	11265	35	11142	18.112	0.505
713.5	NaN	649	NaN	635	0	-9	364	100	100	0	407	18	11225	14	11056	34	11301	27	11167	18.161	0.141
713.6	NaN	640	NaN	671	0	-4	360	100	100	0	410	19	11193	17	11117	36	11250	32	11277	18.221	1.595
713.7	NaN	640	NaN	635	0	-1	364	100	100	0	406	17	11114	16	11292	33	11186	32	11364	18.263	1.339
713.8	NaN	651	NaN	657	1	-0	360	100	100	0	406	15	11173	15	11211	27	11215	27	11412	18.288	0.482
713.9	NaN	640	NaN	627	1	-2	359	100	100	0	407	15	11103	15	11412	28	11175	30	11464	18.3	-0.433
714	NaN	640	NaN	632	1	-2	361	100	100	0	406	16	11162	15	11273	30	11265	29	11441	18.339	1.393
714.1	NaN	649	NaN	650	1	-1	362	100	100	0	410	14	11111	13	11420	26	11126	26	11472	18.386	0.243
714.2	NaN	639	NaN	640	1	2	359	100	100	0	408	15	11153	15	11356	30	11280	28	11505	18.407	0.695
714.3	NaN	639	NaN	649	1	1	358	100	100	0	407	12	11195	12	11476	22	11207	23	11542	18.453	0.214
714.4	NaN	638	NaN	636	1	1	358	100	100	0	408	15	11189	15	11445	27	11265	29	11574	18.483	0.405
714.5	NaN	639	NaN	667	1	1	362	100	100	0	409	10	11287	11	11488	19	11287	18	11573	18.506	-0.031
714.6	NaN	651	NaN	631	1	-1	359	100	100	0	408	13	11201	13	11468	25	11281	27	11546	18.523	-0.224
714.7	NaN	638	NaN	656	1	0	362	100	100	0	407	11	11271	10	11494	20	11356	19	11576	18.528	-0.136
714.8	NaN	647	NaN	645	1	-2	359	100	100	0	409	12	11228	12	11512	22	11270	22	11576	18.534	-1.776
714.9	NaN	643	NaN	662	1	-2	359	100	100	0	407	10	11310	10	11456	20	11354	18	11555	18.52	0.406
715	NaN	646	NaN	642	1	-3	358	100	100	0	408	10	11238	10	11423	20	11264	19	11506	18.545	-0.176
715.1	NaN	643	NaN	641.4	1	-2	359	100	100	0	406	11	11305	11	11390	20	11375	19	11536	18.539	0.81
715.2	NaN	650	NaN	641.8	1	-3	360	100	100	0	407	9	11313	9	11452	18	11262	16	11487	18.534	-0.632
715.3	NaN	631	NaN	642.2	1	-1	363	100	100	0	408	11	11298	10	11361	21	11370	22	11517	18.515	0.923
715.4	NaN	647	NaN	642.6	1	-4	358	100	100	0	406	8	11336	9	11442	17	11268	14	11473	18.5	-0.601
715.5	NaN	634	NaN	634	1	-2	360	100	100	0	408	11	11251	11	11374	23	11364	22	11486	18.498	0.895
715.6	NaN	640	NaN	649	0	-0	362	50	39	0	408	10	11309	9	11463	17	11300	17	11480	18.51	-0.01
715.7	NaN	642	NaN	636	0	-2	361	0	0	0	407	-16	11074	-16	11244	-13	10986	-12	11291	18.292	-2.619
715.8	NaN	624	NaN	639.84	0	-2	358	0	0	0	406	-36	10843	-37	11086	-28	10807	-27	10948	17.937	-4.692
715.9	NaN	620	NaN	637.58	0	-1	376	0	0	0	415	-49	10436	-39	10693	-37	10390	-37	10689	17.384	-6.422
716	NaN	613	NaN	635.32	0	0	377	0	0	0	424	-50	10100	-40	10342	-38	10026	-38	10276	16.781	-5.663
716.1	NaN	613	NaN	633.06	0	-1	360	0	0	0	405	-51	9731	-40	10069	-40	9813	-40	9977	16.202	-5.184
716.2	NaN	609	NaN	630.8	0	0	362	0	0	0	406	-54	9321	-39	9615	-40	9359	-42	9521	15.64	-6.194
716.3	NaN	613	NaN	628.54	0	6	451	0	0	0	457	-55	8589	-39	9196	-40	8857	-43	9230	15.015	-7.309
716.4	NaN	610	NaN	626.28	0	5	526	0	0	0	545	-56	8303	-40	8836	-40	8201	-44	8616	14.2	-8.11
716.5	NaN	613	NaN	624.02	0	4	447	0	0	0	483	-55	7904	-39	8308	-41	7780	-44	8247	13.481	-6.348
716.6	NaN	618	NaN	621.76	0	8	360	0	0	0	401	-56	7511	-39	8131	-41	7658	-45	7724	12.693	-5.55
716.7	NaN	700	NaN	637	0	34	360	26	18	0	406	0	6574	0	7795	0	7449	0	7834	12.342	-0.099
716.8	NaN	631	NaN	619	0	56	359	44	34	0	407	6	6949	34	8023	14	7423	52	8104	12.18	-3.115
716.9	NaN	635	NaN	633	0	50	359	42	28	0	408	5	6853	22	7986	11	6924	50	8162	12.082	0.468
717	NaN	635	NaN	612	0	46	361	53	43	0	409	14	6940	39	8049	32	7061	52	8097	12.036	0.095
717.1	NaN	653	NaN	627	0	43	361	53	43	0	407	15	7295	39	8073	35	7142	52	8136	12.11	1.193
717.2	NaN	626	NaN	610	0	42	364	57	47	0	409	18	7181	38	8054	39	7306	51	8118	12.236	1.089
717.3	NaN	629	NaN	630	0	27	360	68	59	0	407	27	7631	39	8186	39	7342	52	8237	12.377	2.392
717.4	NaN	625	NaN	611	0	25	364	69	58	0	407	28	7495	39	8242	40	7552	53	8261	12.589	0.736
717.5	NaN	633	NaN	626	0	32	362	69	57	0	408	26	8762	39	8280	40	7672	52	8303	12.869	3.91
717.6	NaN	644	NaN	627	0	26	362	91	80	0	407	25	7687	39	8475	40	8863	52	8605	12.953	-1.108
717.7	NaN	630	NaN	620	0	24	362	100	90	0	405	28	8563	38	8507	39	7884	52	8691	13.194	3.3
717.8	NaN	629	NaN	651	0	25	362	100	89	0	409	28	8033	38	8629	40	8182	52	8731	13.408	1.472
717.9	NaN	651	NaN	626	0	26	363	100	97	0	407	28	8258	38	8786	39	8126	52	8913	13.583	1.853
718	NaN	626	NaN	616	0	27	364	100	100	0	407	26	8640	38	8865	39	8224	52	9008	13.797	3.133
718.1	NaN	689	NaN	609	0	22	362	100	100	0	408	27	8345	38	9101	39	8310	52	9166	13.977	2.042
718.2	NaN	636	NaN	612	0	21	360	100	100	0	407	27	8573	38	9145	39	8433	52	9220	14.235	3.516
718.3	NaN	622	NaN	621	0	4	361	100	100	0	407	35	8703	39	9224	39	8611	52	9307	14.422	3.388
718.4	NaN	630	NaN	611	0	-8	361	100	100	0	406	41	9056	34	9046	40	9058	52	9193	14.706	2.053
718.5	NaN	631	NaN	611	0	-12	357	100	100	0	408	43	9316	32	9115	39	9329	51	9305	14.954	2.49
718.6	NaN	631	NaN	619	0	-17	362	100	100	0	407	44	9592	29	9226	40	9596	52	9401	15.189	3.605
718.7	NaN	658	NaN	626	0	-23	360	100	100	0	405	45	9751	28	9424	40	9718	53	9471	15.452	2.921
718.8	NaN	656	NaN	630	0	-22	358	100	100	0	404	45	9868	28	9536	40	9856	52	9629	15.666	1.985
718.9	NaN	639	NaN	617	0	-24	360	100	100	0	407	45	10027	28	9576	40	10068	52	9727	15.873	2.317
719	NaN	649	NaN	622	0	-27	363	100	100	0	406	45	10210	25	9661	40	10176	52	9843	16.089	3.023
719.1	NaN	644	NaN	625	0	-19	359	100	100	0	408	45	10281	26	9866	40	10234	52	9963	16.297	2.611
719.2	NaN	632	NaN	630	0	10	361	100	100	0	406	31	10020	39	10322	40	10097	52	10356	16.518	2.165
719.3	NaN	682	NaN	638	0	15	356	100	100	0	408	30	10063	38	10560	40	10076	52	10713	16.693	1.564
719.4	NaN	619	NaN	642	0	15	363	100	100	0	408	28	10361	37	10696	40	10133	52	10803	16.943	1.931
719.5	NaN	640	NaN	631	0	11	359	100	100	0	407	31	10293	38	10829	40	10309	52	10930	17.093	1.469
719.6	NaN	621	NaN	618	0	0	360	100	100	0	406	35	10583	34	10702	40	10605	52	10891	17.342	2.296
719.7	NaN	636	NaN	603	0	-2	359	100	100	0	408	29	10737	26	10873	39	10714	52	10967	17.521	1.652
719.8	NaN	631	NaN	610	1	-5	364	100	100	0	407	28	10825	25	10864	40	10905	48	11056	17.732	1.694
719.9	NaN	679	NaN	642	1	-5	358	100	100	0	408	22	10965	21	10984	39	11022	40	11146	17.892	1.304
720	NaN	647	NaN	674	1	-7	361	100	100	0	408	20	11040	17	11072	39	11114	33	11135	17.999	-0.105
720.1	NaN	656	NaN	625	1	-9	358	100	100	0	407	21	11253	18	11083	40	11287	34	11173	18.051	-0.13
720.2	NaN	627	NaN	642	1	-7	356	100	100	0	408	17	11065	16	11144	33	11143	28	11220	18.215	2.981
720.3	NaN	636	NaN	642	1	-3	362	85	80	0	408	15	11233	14	11163	28	11278	26	11350	18.199	0.295
720.4	NaN	637	NaN	643	1	-1	362	96	90	0	405	14	11106	13	11295	27	11126	26	11336	18.277	0.982
720.5	NaN	642	NaN	649	1	-1	361	97	88	0	406	15	11172	14	11214	29	11280	28	11365	18.305	1.781
720.6	NaN	642	NaN	651	0	-1	358	58	47	0	405	13	11239	13	11253	25	11214	24	11362	18.407	-0.863
720.7	NaN	641	NaN	641	0	-1	360	51	42	0	407	14	11166	14	11266	29	11279	28	11410	18.426	0.907
720.8	NaN	671	NaN	622	0	-2	362	12	3	0	407	-9	11134	-9	11175	-7	11124	-7	11200	18.302	-1.92
720.9	NaN	627	NaN	633.9666667	0	1	358	0	0	0	407	-29	10809	-30	11027	-23	10759	-21	11018	17.976	-5.618
721	NaN	617	NaN	633.4333333	0	2	361	0	0	0	405	-49	10509	-40	10586	-37	10444	-37	10682	17.481	-4.427
721.1	NaN	610	NaN	632.9	0	2	362	0	0	0	406	-50	10115	-40	10394	-39	10043	-38	10357	16.919	-5.899
721.2	NaN	609	NaN	632.3666667	0	1	360	0	0	0	404	-52	9699	-39	9993	-40	9643	-39	10032	16.336	-6.098
721.3	NaN	613	NaN	631.8333333	0	3	359	0	0	0	405	-53	9317	-39	9661	-40	9280	-41	9593	15.724	-6.143
721.4	NaN	605	NaN	631.3	0	3	363	0	0	0	405	-54	8881	-39	9319	-40	8982	-44	9288	15.125	-5.7
721.5	NaN	607	NaN	630.7666667	0	0	447	0	0	0	442	-55	8526	-39	8897	-40	8570	-45	8815	14.502	-6.168
721.6	NaN	614	NaN	630.2333333	0	-6	587	0	0	0	580	-53	8067	-39	8315	-40	8084	-46	8173	13.721	-8.618
721.7	NaN	614	NaN	629.7	0	-14	604	0	0	0	592	-50	7736	-40	7654	-41	7665	-50	7271	12.838	-8.721
721.8	NaN	615	NaN	629.1666667	0	-39	449	0	0	0	467	-43	7466	-40	6763	-38	7510	-53	5575	11.995	-7.47
721.9	NaN	610	NaN	628.6333333	0	-56	362	0	0	0	399	-38	7273	-40	6007	-34	7347	-3	979	11.358	-4.56
722	NaN	640	NaN	628.1	0	-59	363	12	13	0	404	-13	7083	-25	5801	-12	7153	-0	786	10.86	-4.101
722.1	NaN	688	NaN	627.5666667	0	-50	367	24	24	0	404	0	7035	0	5878	0	6985	0	969	10.47	-3.138
722.2	NaN	641	NaN	627.0333333	0	-19	363	34	31	0	404	14	6815	7	5969	34	6934	17	3872	10.348	-0.824
722.3	NaN	644	NaN	641	0	18	363	37	27	0	407	8	6212	12	6415	19	6303	28	6448	10.347	1.006
722.4	NaN	642	NaN	698	0	39	365	37	27	0	406	5	5916	13	6714	12	5947	32	6791	10.315	0.072
722.5	NaN	661	NaN	678	0	60	363	37	27	0	408	2	5704	17	6707	5	5820	40	6863	10.282	-1.587
722.6	NaN	641	NaN	649	0	59	363	52	41	0	406	5	5603	38	6957	12	5707	52	6967	10.112	-1.849
722.7	NaN	640	NaN	624	0	62	363	77	68	0	406	9	5768	38	6838	22	5805	52	6927	10.225	1.552
722.8	NaN	626	NaN	628	0	56	362	100	93	0	408	12	5807	38	6964	28	5807	52	7004	10.239	-0.236
722.9	NaN	642	NaN	621	0	57	361	100	100	0	406	12	6093	37	6980	28	5953	52	7024	10.367	1.04
723	NaN	635	NaN	625	0	54	360	100	100	0	407	14	5938	38	7151	33	6122	52	7140	10.407	0.871
723.1	NaN	640	NaN	665	0	51	359	100	100	0	408	14	6012	37	7145	34	6286	53	7163	10.532	0.497
723.2	NaN	646	NaN	643	0	48	360	100	100	0	407	19	6221	37	7174	40	6187	53	7217	10.69	2.704
723.3	NaN	631	NaN	632	0	38	363	100	100	0	408	22	6929	37	7198	39	6289	53	7279	10.871	1.877
723.4	NaN	624	NaN	624	0	30	365	100	100	0	408	26	6663	37	7244	40	6517	53	7345	11.117	2.915
723.5	NaN	628	NaN	623	0	25	364	100	100	0	408	30	6977	38	7373	39	6723	52	7462	11.353	3.294
723.6	NaN	626	NaN	617	0	25	363	100	100	0	410	30	7011	38	7491	40	6936	53	7577	11.666	2.711
723.7	NaN	633	NaN	628	0	23	363	100	100	0	407	31	7046	38	7637	40	7382	53	7773	11.936	1.935
723.8	NaN	637	NaN	620	0	11	359	100	100	0	408	35	7400	37	7836	40	7358	52	7932	12.163	3.902
723.9	NaN	629	NaN	644	0	14	363	100	100	0	407	33	7791	38	7828	40	7572	52	7955	12.551	4.067
724	NaN	629	NaN	615	0	12	360	100	100	0	407	35	7714	38	8132	40	7730	51	8284	12.745	2.167
724.1	NaN	625	NaN	610	0	12	361	100	100	0	408	34	8003	37	8253	40	7872	53	8366	13.082	3.79
724.2	NaN	625	NaN	623	0	9	359	100	100	0	408	34	8161	38	8463	40	8082	52	8563	13.359	3.744
724.3	NaN	638	NaN	615	0	8	359	100	100	0	408	35	8392	37	8642	39	8276	52	8727	13.606	2.067
724.4	NaN	627	NaN	614	0	10	363	100	100	0	407	35	8531	38	8816	40	8456	52	8875	13.941	3.461
724.5	NaN	641	NaN	617	0	7	361	100	100	0	409	36	8631	38	8989	40	8642	53	9052	14.206	2.742
724.6	NaN	632	NaN	610	0	5	364	100	100	0	407	35	8868	38	9099	40	8826	52	9248	14.484	3.072
724.7	NaN	629	NaN	610	1	5	360	100	100	0	407	36	8988	39	9215	40	8996	53	9356	14.783	3.597
724.8	NaN	623	NaN	603	1	1	360	100	100	0	407	36	9193	37	9401	39	9167	52	9510	15.028	2.368
724.9	NaN	627	NaN	606	1	-2	360	100	100	0	407	37	9392	37	9549	41	9384	52	9620	15.338	3.215
725	NaN	628	NaN	605	1	-0	362	100	100	0	408	37	9597	36	9741	40	9622	52	9787	15.634	2.279
725.1	NaN	631	NaN	597	1	-1	358	100	100	0	409	36	9823	36	9867	39	9799	52	10003	15.862	1.508
725.2	NaN	631	NaN	605	1	1	360	100	100	0	406	36	9900	35	10003	40	9927	52	10125	16.185	0.968
725.3	NaN	632	NaN	600	1	0	362	100	100	0	407	35	10128	36	10306	39	10092	52	10341	16.44	3.543
725.4	NaN	635	NaN	598	1	3	362	100	95	0	407	35	10318	35	10359	40	10277	52	10496	16.74	2.329
725.5	NaN	624	NaN	665	0	3	360	20	8	0	405	4	10208	1	10444	8	10261	4	10475	17.012	-0.063
725.6	NaN	640	NaN	678	0	-0	357	0	0	0	404	-20	10117	-22	10311	-17	10024	-17	10460	16.707	-2.494
725.7	NaN	621	NaN	686	0	0	357	0	0	0	403	-40	9855	-39	9947	-32	9831	-33	9939	16.339	-4.064
725.8	NaN	614	NaN	661	0	3	384	0	0	0	417	-53	9434	-39	9666	-40	9362	-41	9656	15.806	-5.829
725.9	NaN	613	NaN	661	0	2	512	0	0	0	544	-54	8962	-39	9338	-40	8969	-43	9316	15.16	-7.964
726	NaN	623	NaN	657	0	-0	593	0	0	0	562	-54	8442	-39	8752	-41	8504	-46	8461	14.417	-8.081
726.1	NaN	623	NaN	662	0	0	654	0	0	0	626	-54	7939	-39	8225	-40	7860	-46	7862	13.532	-8.777
726.2	NaN	628	NaN	670	0	3	709	0	0	0	665	-54	7157	-40	7738	-40	7320	-45	7584	12.608	-10.01
726.3	NaN	633	NaN	683	0	7	721	0	0	0	673	-56	6584	-39	7182	-40	6743	-46	6477	11.586	-8.848
726.4	NaN	645	NaN	681	0	27	603	0	0	0	603	-56	5654	-39	6527	-40	5843	-42	6487	10.58	-9.245
726.5	NaN	640	NaN	717	0	50	381	4	0	0	431	-37	5368	-36	6217	-40	2759	-33	6353	9.792	-7.631
726.6	NaN	645	NaN	644	0	52	361	29	19	0	405	0	4854	0	6243	0	3779	0	6309	9.27	-4.169
726.7	NaN	696	NaN	645	0	56	361	69	58	0	404	13	5499	38	6319	33	5345	53	6423	9.216	1.51
726.8	NaN	665	NaN	661	0	71	362	69	58	0	407	3	5140	37	6309	8	5230	51	6396	9.276	-0.832
726.9	NaN	676	NaN	658	0	71	364	80	70	0	406	3	5085	37	6455	9	5143	53	6448	9.217	-1.015
727	NaN	653	NaN	681	0	69	360	81	71	0	406	4	5056	38	6397	11	5129	52	6426	9.298	0.441
727.1	NaN	639	NaN	658	0	47	365	82	73	0	409	16	5289	37	6418	40	5319	52	6490	9.341	2.33
727.2	NaN	670	NaN	714	0	17	361	82	72	0	408	34	5866	38	6288	40	5660	53	6430	9.631	4.995
727.3	NaN	662	NaN	658	0	-11	361	56	52	0	410	51	6293	38	6240	40	6123	53	6356	9.977	4.394
727.4	NaN	682	NaN	694	0	-35	361	32	28	0	406	10	6366	4	5998	23	6397	9	6035	10.114	-0.331
727.5	NaN	671	NaN	690	0	-42	363	37	38	0	410	16	6633	4	5835	37	6605	12	5952	10.005	0.393
727.6	NaN	681	NaN	672	0	-63	362	49	48	0	405	32	6699	3	5670	39	6668	8	5797	10.043	0.016
727.7	NaN	673	NaN	679	0	-64	360	62	64	0	405	54	6902	10	5726	40	6816	23	6042	10.036	0.39
727.8	NaN	665	NaN	690	0	-60	360	81	78	0	404	54	7002	9	5753	40	6900	21	5826	10.147	2.095
727.9	NaN	684	NaN	654	0	-52	361	100	100	0	406	54	6943	15	5845	39	6936	35	6618	10.221	1.348
728	NaN	674	NaN	668	0	-42	361	100	100	0	404	54	7046	19	6108	39	6975	45	6690	10.374	2.921
728.1	NaN	663	NaN	615	0	-29	362	100	100	0	404	54	7127	25	6174	40	7023	52	9199	10.544	1.905
728.2	NaN	663	NaN	642	0	-31	360	100	100	0	404	54	7057	31	6592	40	7031	52	6764	10.974	3.937
728.3	NaN	656	NaN	642	0	-29	359	100	100	0	406	54	7305	28	6810	40	7225	53	6859	11.253	3.582
728.4	NaN	661	NaN	637	0	-31	362	100	100	0	406	54	7542	28	6992	40	7389	52	7115	11.57	2.666
728.5	NaN	666	NaN	631	0	-28	358	100	100	0	406	55	7737	25	7114	40	7602	51	7264	11.867	3.276
728.6	NaN	653	NaN	662	0	-27	361	100	100	0	406	55	7921	28	7356	39	7854	52	7414	12.153	3.152
728.7	NaN	656	NaN	654	0	-24	361	100	100	0	408	54	8021	28	7785	40	8040	53	7697	12.442	3.825
728.8	NaN	655	NaN	652	0	-22	358	100	100	0	408	53	8185	30	7703	40	8097	52	7965	12.767	2.816
728.9	NaN	701	NaN	650	0	-14	360	100	100	0	407	47	8364	33	8010	40	8279	52	8112	13.029	3.198
729	NaN	649	NaN	621	0	-8	364	100	100	0	405	43	8334	36	8290	40	8397	53	8335	13.389	4.555
729.1	NaN	660	NaN	617	0	-3	358	100	100	0	405	40	8463	37	8543	40	8499	52	8594	13.68	2.801
729.2	NaN	656	NaN	628	1	-2	360	100	100	0	407	40	8616	37	8745	40	8639	52	8770	14.008	2.937
729.3	NaN	643	NaN	627	1	-1	360	100	100	0	408	39	8821	38	8933	40	8813	52	9007	14.298	3.517
729.4	NaN	650	NaN	612	1	-1	362	100	100	0	406	37	8957	38	9107	39	8975	51	9263	14.618	3.498
729.5	NaN	647	NaN	615	1	1	360	100	100	0	406	37	9216	37	9271	40	9121	52	9416	14.901	2.823
729.6	NaN	656	NaN	620	1	-1	358	100	100	0	408	36	9324	36	9455	41	9270	52	9597	15.193	0.36
729.7	NaN	647	NaN	613	1	-1	363	100	100	0	406	37	9531	36	9693	40	9497	51	9756	15.503	4.32
729.8	NaN	646	NaN	616	1	-1	362	100	91	0	408	37	9674	35	9850	40	9731	52	9925	15.799	3.169
729.9	NaN	661	NaN	619	0	-1	359	58	47	0	407	36	9848	35	9984	39	9908	52	10088	16.106	2.488
730	NaN	656	NaN	615	0	-0	359	46	35	0	408	24	9996	23	10097	40	9982	48	10263	16.316	1.823
730.1	NaN	661	NaN	672	0	-1	361	36	25	0	406	10	10000	9	10213	19	10063	16	10279	16.548	0.728
730.2	NaN	721	NaN	641	0	-2	362	13	3	0	407	-4	9966	-5	10141	-4	10014	-4	10201	16.478	-1.64
730.3	NaN	663	NaN	720	0	4	361	0	0	0	405	-25	9724	-25	9914	-20	9775	-19	10036	16.24	-2.335
730.4	NaN	639	NaN	681	0	3	359	0	0	0	406	-45	9302	-39	9788	-35	9316	-34	9681	15.841	-3.97
730.5	NaN	630	NaN	666	0	4	365	9	2	0	404	-47	8998	-39	9520	-38	8872	-34	9464	15.27	-6.377
730.6	NaN	722	NaN	644	0	4	362	23	16	0	406	-1	8990	-1	9313	-1	8999	-1	9379	14.991	-2.274
730.7	NaN	717	NaN	645	0	6	364	23	16	0	407	-1	8902	-2	9143	-1	8944	-1	9296	14.828	-2.792
730.8	NaN	715	NaN	643	0	22	362	23	15	0	406	-3	8545	-3	9224	-3	8584	-2	9392	14.638	-2.626
730.9	NaN	666	NaN	651	0	25	363	15	4	0	406	-17	8235	-14	9168	-15	8304	-11	9236	14.368	-3.822
731	NaN	656	NaN	677	0	29	363	15	7	0	407	-33	7851	-23	8956	-25	7786	-19	8836	13.959	-6.811
731.1	NaN	718	NaN	638	0	28	361	23	14	0	408	-10	7567	-6	8802	-6	7708	-6	8856	13.502	-3.722
731.2	NaN	723	NaN	643	0	22	361	24	16	0	406	-0	7592	-0	8355	-1	7201	-0	8543	13.32	0.744
731.3	NaN	724	NaN	645	0	13	359	25	17	0	407	-0	7454	0	8341	-0	7610	-0	8404	13.049	-1.471
731.4	NaN	720	NaN	644	0	22	362	26	18	0	406	-0	7430	-0	8050	-0	7547	-0	8208	12.911	-1.302
731.5	NaN	719	NaN	645	0	29	361	26	18	0	407	0	7282	0	8086	0	7358	0	8161	12.683	-2.413
731.6	NaN	666	NaN	653	0	33	358	38	29	0	405	7	7202	17	8063	16	7372	38	8204	12.614	-1.095
731.7	NaN	675	NaN	665	0	33	363	38	29	0	407	7	7355	17	8092	17	7315	38	8225	12.639	0.222
731.8	NaN	668	NaN	667	0	30	360	38	29	0	408	8	7241	17	8152	17	7358	38	8327	12.588	0.841
731.9	NaN	676	NaN	680	0	32	361	37	25	0	408	5	7119	12	8107	11	7289	26	8252	12.521	0.4
732	NaN	674	NaN	682	0	38	363	35	22	0	407	3	7119	9	8025	7	7169	17	8196	12.489	-0.335
732.1	NaN	675	NaN	653	0	37	363	35	22	0	407	3	7123	7	7894	6	7049	17	8001	12.358	-2.94
732.2	NaN	714	NaN	644	0	37	364	31	19	0	407	-0	6779	-0	7827	-0	6906	-0	7924	12.16	-1.51
732.3	NaN	720	NaN	643	0	34	363	31	19	0	409	-0	6777	-0	7736	-0	6722	-0	7768	11.914	-1.974
732.4	NaN	714	NaN	643	0	33	366	31	19	0	407	-0	6634	-0	7554	-0	6698	-0	7614	11.738	-1.991
732.5	NaN	711	NaN	641	0	36	365	31	19	0	407	-0	6525	0	7430	0	6595	0	7489	11.549	-2.116
732.6	NaN	712	NaN	639	0	43	364	31	21	0	407	0	6365	1	7296	0	6353	2	7428	11.322	-1.636
732.7	NaN	676	NaN	667	0	46	360	36	27	0	405	2	6214	12	7250	6	6326	28	7398	11.129	-0.841
732.8	NaN	641	NaN	628	0	50	361	48	39	0	408	10	6312	38	7385	23	6377	52	7497	11.126	0.047
732.9	NaN	643	NaN	638	0	58	365	48	39	0	407	7	6297	38	7393	17	6348	52	7512	11.173	0.285
733	NaN	687	NaN	664	0	61	361	48	39	0	409	6	6262	38	7382	13	6354	52	7547	11.157	-0.083
733.1	NaN	645	NaN	636	0	63	365	48	38	0	408	5	6153	38	7393	13	6308	52	7510	11.099	-2.024
733.2	NaN	645	NaN	648	0	63	363	58	50	0	407	8	6194	38	7355	20	6328	51	7455	11.075	-0.327
733.3	NaN	668	NaN	662	0	29	359	100	98	0	407	26	6590	38	7449	40	6617	52	7485	11.091	2.371
733.4	NaN	632	NaN	644	0	17	363	100	100	0	405	35	7167	38	7315	40	6722	52	7404	11.36	3.673
733.5	NaN	635	NaN	664	0	16	363	100	100	0	407	36	7013	37	7455	40	6941	52	7528	11.614	1.967
733.6	NaN	645	NaN	643	0	11	360	100	100	0	408	36	7192	38	7629	40	7160	52	7674	11.914	2.02
733.7	NaN	685	NaN	625	0	7	360	100	100	0	409	39	7409	38	7729	39	7374	53	7822	12.19	2.202
733.8	NaN	637	NaN	634	0	5	363	100	100	0	408	40	7623	38	7842	40	7602	52	7922	12.472	3.106
733.9	NaN	641	NaN	625	0	3	359	100	100	0	408	39	7794	37	7982	40	7793	51	8060	12.765	2.05
734	NaN	654	NaN	648	1	-2	359	100	100	0	407	42	7994	38	8134	40	8016	53	8205	13.025	3.307
734.1	NaN	644	NaN	647	1	-1	360	100	100	0	407	41	8165	38	8249	39	8175	52	8337	13.3	3.212
734.2	NaN	638	NaN	627	1	-2	362	100	100	0	407	39	8338	38	8406	40	8347	52	8513	13.579	3.146
734.3	NaN	639	NaN	664	1	-4	361	100	100	0	407	41	8541	37	8568	39	8503	52	8687	13.853	3.201
734.4	NaN	660	NaN	636	1	-4	359	100	100	0	409	40	8771	37	8733	40	8720	52	8873	14.158	4.484
734.5	NaN	664	NaN	626	1	-2	360	100	100	0	408	39	8931	37	8922	40	8906	52	9056	14.446	3.702
734.6	NaN	644	NaN	644	1	-2	361	100	100	0	407	38	9077	37	9151	39	9096	53	9194	14.761	3.478
734.7	NaN	637	NaN	650	1	-3	361	100	100	0	408	38	9257	35	9353	39	9303	52	9428	15.031	2.508
734.8	NaN	667	NaN	634	1	-4	362	100	100	0	406	39	9446	35	9473	40	9462	52	9564	15.325	2.931
734.9	NaN	664	NaN	617	1	-3	363	100	100	0	408	38	9635	35	9618	40	9583	52	9746	15.608	2.783
735	NaN	645	NaN	615	1	-4	361	100	100	0	407	38	9836	34	9802	39	9831	52	9922	15.87	3.486
735.1	NaN	640	NaN	621	1	-4	363	100	100	0	409	37	9964	34	10042	39	9994	52	10105	16.158	3.619
735.2	NaN	646	NaN	608	1	-5	362	100	100	0	405	37	10116	34	10133	39	10145	53	10269	16.413	0.88
735.3	NaN	645	NaN	607	1	-3	357	100	100	0	408	36	10297	34	10271	40	10274	51	10441	16.685	3.072
735.4	NaN	646	NaN	646	1	-3	363	100	100	0	409	36	10443	33	10505	40	10476	52	10590	16.962	2.614
735.5	NaN	643	NaN	598	1	-6	364	100	100	0	408	35	10569	32	10613	40	10623	51	10740	17.21	1.994
735.6	NaN	650	NaN	606	1	-3	363	100	100	0	406	31	10760	28	10692	40	10762	52	10879	17.436	3.631
735.7	NaN	654	NaN	623	1	-3	363	100	100	0	406	26	10823	23	10912	39	10907	45	10964	17.663	1.199
735.8	NaN	644	NaN	623	1	-4	361	100	100	0	407	24	10940	21	10913	39	10947	41	11092	17.811	2.141
735.9	NaN	656	NaN	634	1	-4	361	100	100	0	408	20	11057	19	11057	39	11132	36	11155	17.963	1.244
736	NaN	649	NaN	632	1	-2	364	100	100	0	410	19	11045	18	11074	37	11133	35	11206	18.062	1.677
736.1	NaN	643	NaN	644	1	-2	364	100	100	0	406	16	11150	15	11167	30	11164	30	11278	18.14	0.685
736.2	NaN	648	NaN	623	1	-1	358	100	100	0	406	17	11134	16	11267	32	11188	31	11335	18.224	0.149
736.3	NaN	656	NaN	653	1	-3	362	100	100	0	406	15	11182	13	11203	28	11203	25	11381	18.281	1.599
736.4	NaN	651	NaN	643	1	-3	362	100	100	0	407	12	11188	11	11330	23	11260	22	11346	18.314	-0.021
736.5	NaN	655	NaN	662	1	-2	359	100	100	0	409	14	11247	13	11264	27	11201	25	11368	18.348	0.283
736.6	NaN	639	NaN	666	1	0	363	100	100	0	408	11	11191	10	11306	21	11280	19	11381	18.38	0.881
736.7	NaN	666	NaN	640	1	1	362	100	100	0	408	14	11203	14	11282	26	11254	27	11498	18.356	0.752
736.8	NaN	645	NaN	642	1	2	363	100	100	0	407	12	11233	12	11460	24	11259	24	11457	18.4	0.693
736.9	NaN	653	NaN	620	0	12	359	100	100	0	409	15	11070	18	11516	27	11128	34	11663	18.413	-0.619
737	NaN	639	NaN	604	0	22	359	100	100	0	408	16	11001	25	11774	31	11058	48	11876	18.497	0.913
737.1	NaN	653	NaN	657	0	21	361	100	100	0	409	11	10873	18	11710	22	10941	36	11896	18.483	-1.64
737.2	NaN	651	NaN	612	0	3	360	100	100	0	407	23	10980	26	11751	44	11079	49	11943	18.454	0.788
737.3	NaN	655	NaN	691	0	-5	363	100	100	0	406	14	11274	11	11382	25	11369	22	11508	18.474	-1.989
737.4	NaN	634	NaN	632	0	-8	359	100	100	0	407	15	11366	13	11263	29	11375	26	11387	18.448	0.368
737.5	NaN	653	NaN	664	0	-7	363	41	32	0	405	8	11371	7	11246	15	11376	14	11337	18.446	-0.69
737.6	NaN	650	NaN	647	0	-7	363	0	0	0	405	-16	11067	-17	11004	-11	11103	-12	11134	18.196	-3.316
737.7	NaN	619	NaN	706	0	-9	360	0	0	0	404	-34	10914	-39	10774	-26	10931	-29	10754	17.739	-5.247
737.8	NaN	623	NaN	664	0	-11	357	0	0	0	404	-46	10508	-38	10322	-35	10556	-38	10319	17.212	-6.67
737.9	NaN	623	NaN	665	0	-10	365	0	0	0	408	-48	10039	-38	9911	-36	10135	-40	10005	16.623	-3.773
738	NaN	620	NaN	656	0	-12	466	0	0	0	507	-49	9804	-39	9637	-39	9696	-43	9084	16.026	-7.441
738.1	NaN	616	NaN	662	0	-11	563	0	0	0	535	-51	9212	-38	9109	-40	9270	-46	8938	15.252	-8.631
738.2	NaN	625	NaN	666	0	-11	617	0	0	0	607	-52	8762	-39	8570	-40	8616	-47	7736	14.376	-10.439
738.3	NaN	628	NaN	667	0	-17	597	0	0	0	583	-50	8215	-38	7948	-40	8199	-50	7274	13.486	-9.621
738.4	NaN	627	NaN	674	0	-33	430	0	0	0	461	-45	7924	-38	7283	-39	7912	-52	4413	12.665	-8.125
738.5	NaN	638	NaN	710	0	-44	363	8	8	0	399	-36	7656	-38	6620	-27	7650	-49	2627	11.996	-5.63
738.6	NaN	688	NaN	615	0	-46	364	28	28	0	404	7	7635	2	6618	16	7646	4	3923	11.635	-2.027
738.7	NaN	658	NaN	695	0	-41	362	33	32	0	404	17	7503	5	6518	38	7568	12	6652	11.504	0.119
738.8	NaN	655	NaN	692	0	-28	359	35	34	0	404	18	7408	8	6690	39	7495	20	6881	11.494	0.076
738.9	NaN	653	NaN	668	0	-25	358	36	32	0	406	16	7363	9	6838	38	7434	20	6917	11.583	1.097
739	NaN	651	NaN	656.6666667	0	-46	365	38	39	0	405	30	7550	8	6741	40	7549	19	6870	11.618	-0.436
739.1	NaN	661	NaN	648.8333333	0	-48	362	44	44	0	405	43	7724	11	6729	40	7694	26	7053	11.714	0.355
739.2	NaN	664	NaN	666	0	-48	359	47	44	0	404	47	7771	11	6776	40	7777	27	6995	11.815	0.742
739.3	NaN	658	NaN	682	0	-47	361	47	44	0	404	47	7868	12	6839	40	7839	28	7036	11.904	0.73
739.4	NaN	655	NaN	698	0	-46	360	54	51	0	405	54	8045	18	6932	39	7923	40	7850	12.004	1.791
739.5	NaN	643	NaN	640	0	-42	364	55	52	0	406	54	7922	18	7253	40	7874	42	7398	12.195	0.818
739.6	NaN	657	NaN	643	0	-24	363	73	71	0	407	54	8056	28	7417	39	8029	52	7576	12.425	3.917
739.7	NaN	632	NaN	623	0	-21	357	73	70	0	407	51	8037	32	7678	39	8059	53	7784	12.747	3.665
739.8	NaN	631	NaN	645	0	-8	363	73	66	0	407	45	8122	37	7984	39	8114	52	8018	13.064	3.58
739.9	NaN	637	NaN	621	0	-5	363	73	63	0	408	43	8282	37	8289	39	8214	51	8323	13.387	2.317
740	NaN	644	NaN	619	0	-8	361	57	47	0	407	43	8424	36	8455	40	8384	52	8495	13.717	2.128
740.1	NaN	642	NaN	627	0	-9	357	41	31	0	407	28	8635	23	8591	40	8654	50	8727	13.943	0.958
740.2	NaN	656	NaN	683	0	-19	360	13	7	0	404	-12	8468	-15	8221	-10	8442	-12	8324	13.877	-1.669
740.3	NaN	629	NaN	700	0	-31	361	7	5	0	404	-28	8374	-37	7837	-24	8373	-31	7807	13.493	-5.652
740.4	NaN	717	NaN	639	0	-41	360	24	24	0	405	1	8305	1	7513	0	8307	1	7385	13.112	-2.447
740.5	NaN	712	NaN	641	0	-39	364	24	24	0	405	0	8295	0	7382	0	8305	0	7196	12.833	-4.122
740.6	NaN	676	NaN	613	0	-47	360	30	30	0	407	10	8171	3	7146	23	8268	8	7269	12.609	-0.092
740.7	NaN	707	NaN	641	0	-53	362	26	22	0	404	-0	7798	-0	6981	-0	7894	-0	7011	12.418	-3.564
740.8	NaN	714	NaN	639	0	-52	362	25	23	0	406	0	7772	0	6661	0	7873	0	6604	12.041	-1.795
740.9	NaN	681	NaN	610	0	-55	364	34	33	0	405	11	7679	2	6545	26	7759	4	6642	11.753	-2.006
741	NaN	667	NaN	661	0	-54	357	35	35	0	405	25	7784	5	6474	39	7807	11	6926	11.571	-0.242
741.1	NaN	662	NaN	704	0	-53	360	37	35	0	406	26	7590	5	6419	39	7663	12	6741	11.537	-0.608
741.2	NaN	657	NaN	663	0	-53	360	38	35	0	407	26	7492	5	6398	39	7608	11	6735	11.433	-1.985
741.3	NaN	650	NaN	674	0	-55	357	40	39	0	407	34	7530	7	6328	39	7589	17	6815	11.331	1.144
741.4	NaN	660	NaN	680	0	-53	357	43	40	0	405	37	7425	8	6322	40	7483	18	6837	11.317	1.142
741.5	NaN	639	NaN	663	0	-44	360	50	49	0	404	52	7515	15	6415	39	7510	35	6999	11.269	1.28
741.6	NaN	650	NaN	652	0	-41	358	51	49	0	406	54	7486	16	6568	40	7467	39	6983	11.452	1.947
741.7	NaN	664	NaN	632	0	-17	362	53	46	0	407	44	7487	27	6912	39	7483	52	7115	11.702	4.069
741.8	NaN	660	NaN	664	0	7	360	42	28	0	406	13	7170	14	7320	29	7237	33	7411	11.918	1.034
741.9	NaN	644	NaN	633	0	10	360	47	39	0	407	23	7210	29	7590	39	7240	52	7699	12.114	3.322
742	NaN	640	NaN	621	0	24	362	47	35	0	407	17	7244	31	7826	38	7339	52	7913	12.304	1.152
742.1	NaN	642	NaN	655	0	41	365	42	29	0	409	8	7108	22	7971	17	7169	51	8099	12.406	1.761
742.2	NaN	653	NaN	644	0	41	361	43	34	0	407	9	7055	28	8082	21	7122	53	8234	12.42	0.215
742.3	NaN	637	NaN	638	0	42	362	48	39	0	408	13	7198	38	8137	29	7240	52	8258	12.488	1.344
742.4	NaN	645	NaN	623	0	34	361	59	50	0	407	22	7504	37	8189	39	7385	52	8323	12.581	2.232
742.5	NaN	634	NaN	623	0	17	363	72	64	0	406	30	7670	37	8172	40	7556	52	8334	12.785	2.163
742.6	NaN	633	NaN	616	0	1	363	100	95	0	407	41	7957	37	8143	39	7915	52	8286	13.062	2.996
742.7	NaN	643	NaN	613	0	-10	361	100	100	0	408	45	8290	36	8153	40	8245	52	8298	13.368	3.127
742.8	NaN	628	NaN	627	0	-17	362	100	100	0	406	47	8538	32	8295	40	8489	52	8449	13.647	3.634
742.9	NaN	644	NaN	616	0	-23	359	100	100	0	406	50	8853	28	8405	40	8777	52	8491	13.921	3.713
743	NaN	656	NaN	619	0	-27	362	100	100	0	404	51	9059	26	8526	40	8976	52	8713	14.182	2.854
743.1	NaN	652	NaN	610	0	-26	358	100	100	0	405	49	9202	27	8727	40	9207	52	8867	14.427	3.263
743.2	NaN	662	NaN	606	0	-26	359	100	100	0	406	49	9300	26	8887	39	9312	52	9009	14.695	2.749
743.3	NaN	645	NaN	604	0	-22	362	100	100	0	406	48	9482	27	8963	39	9457	52	9129	14.908	1.809
743.4	NaN	636	NaN	611	0	-12	363	100	100	0	405	42	9454	32	9193	39	9429	53	9346	15.197	3.482
743.5	NaN	635	NaN	608	0	-3	361	100	100	0	406	39	9535	35	9474	39	9526	52	9641	15.465	3.466
743.6	NaN	629	NaN	605	0	-2	361	100	100	0	405	37	9679	35	9750	39	9667	52	9865	15.727	2.001
743.7	NaN	632	NaN	605	1	-2	363	100	100	0	408	37	9778	35	9928	39	9812	52	9999	16.026	2.326
743.8	NaN	641	NaN	621	1	-3	359	100	100	0	410	36	9950	34	10060	39	9928	52	10204	16.251	2.919
743.9	NaN	636	NaN	603	1	-1	360	100	100	0	409	36	10118	35	10227	40	10103	52	10363	16.537	3.12
744	NaN	637	NaN	606	1	0	362	100	100	0	407	35	10272	35	10470	39	10284	52	10537	16.787	3.723
744.1	NaN	659	NaN	601	1	-2	359	100	100	0	407	35	10381	34	10569	39	10387	53	10712	17.032	2.288
744.2	NaN	628	NaN	603	1	-3	359	100	100	0	407	35	10590	34	10740	39	10592	52	10877	17.311	2.56
744.3	NaN	634	NaN	601	1	-1	363	100	100	0	407	29	10729	27	10894	40	10790	52	10985	17.569	2.131
744.4	NaN	683	NaN	599	1	-1	363	100	100	0	408	27	10859	26	10946	39	10863	49	11117	17.775	2.306
744.5	NaN	656	NaN	619	1	-4	360	100	100	0	408	22	10981	20	11148	40	11062	39	11203	17.998	2.551
744.6	NaN	646	NaN	636	1	-2	360	100	100	0	408	19	11038	18	11150	36	11114	36	11304	18.119	1.397
744.7	NaN	644	NaN	658	1	-3	360	100	100	0	408	16	11152	15	11246	31	11192	30	11364	18.219	2.026
744.8	NaN	653	NaN	650	1	-2	360	100	100	0	407	14	11130	14	11268	27	11207	25	11370	18.341	-0.613
744.9	NaN	641	NaN	655	1	-2	364	100	100	0	406	14	11181	13	11274	26	11249	25	11442	18.381	1.875
745	NaN	646	NaN	659	1	-5	359	100	100	0	407	12	11230	11	11369	22	11299	20	11402	18.441	-0.449
745.1	NaN	640	NaN	738	1	-4	362	100	100	0	406	12	11230	11	11304	23	11280	22	11480	18.465	0.695
745.2	NaN	648	NaN	674	1	-4	360	100	100	0	406	10	11299	9	11404	19	11359	18	11428	18.491	0.394
745.3	NaN	645	NaN	648	1	-2	361	100	100	0	406	10	11295	10	11332	20	11281	20	11470	18.481	-0.243
745.4	NaN	639	NaN	674	1	-4	363	100	100	0	406	11	11330	10	11431	21	11349	20	11442	18.538	0.382
745.5	NaN	647	NaN	666	1	-3	361	100	100	0	407	9	11328	9	11334	18	11321	17	11494	18.509	-1.256
745.6	NaN	649	NaN	663	1	-4	363	100	100	0	406	10	11317	9	11454	19	11357	17	11466	18.525	0.604
745.7	NaN	652	NaN	646	1	-4	363	100	100	0	406	8	11275	9	11352	17	11333	16	11455	18.539	-0.537
745.8	NaN	647	NaN	646	1	-3	364	100	100	0	409	10	11315	9	11468	20	11346	18	11507	18.528	0.745
745.9	NaN	648	NaN	688	1	-4	363	100	100	0	406	9	11319	8	11350	17	11344	14	11446	18.545	-1.063
746	NaN	644	NaN	681	1	-2	362	100	100	0	408	10	11290	9	11438	20	11356	18	11504	18.54	1.086
746.1	NaN	656	NaN	663	1	-5	362	100	100	0	406	8	11352	7	11399	13	11346	13	11467	18.539	-0.75
746.2	NaN	649	NaN	643	1	-2	359	100	100	0	407	9	11297	9	11416	19	11322	18	11509	18.522	0.164
746.3	NaN	645	NaN	668	1	-1	358	100	100	0	407	9	11327	9	11432	17	11371	16	11505	18.544	0.065
746.4	NaN	640	NaN	647	1	1	361	100	100	0	406	10	11283	10	11443	20	11306	21	11553	18.541	0.089
746.5	NaN	637	NaN	675	1	0	360	100	100	0	407	11	11271	11	11511	20	11363	20	11575	18.581	1.158
746.6	NaN	637	NaN	659	1	1	362	100	100	0	406	10	11267	9	11458	19	11273	18	11600	18.575	-0.248
746.7	NaN	650	NaN	666	1	-3	358	100	100	0	407	10	11318	9	11556	19	11375	19	11598	18.609	0.541
746.8	NaN	653	NaN	650	1	-1	362	100	100	0	407	7	11342	6	11397	14	11337	14	11536	18.59	-0.459
746.9	NaN	646	NaN	664	1	-5	361	100	100	0	406	9	11357	8	11495	18	11386	17	11533	18.599	-0.209
747	NaN	666	NaN	646	1	-7	363	100	100	0	407	6	11393	5	11329	11	11401	10	11460	18.552	0.995
747.1	NaN	649	NaN	661	0	-10	361	100	100	0	405	9	11406	8	11411	16	11442	12	11417	18.55	0.064
747.2	NaN	663	NaN	643	0	-9	361	100	100	0	405	8	11482	6	11295	16	11486	14	11378	18.518	-0.091
747.3	NaN	642	NaN	649	0	-9	360	100	100	0	405	11	11380	11	11397	21	11448	16	11423	18.579	1.61
747.4	NaN	656	NaN	659	0	-9	358	100	100	0	405	8	11428	6	11276	15	11505	13	11421	18.531	-1.236
747.5	NaN	642	NaN	654	0	-10	359	100	100	0	406	12	11361	11	11368	23	11417	19	11443	18.548	1.224
747.6	NaN	671	NaN	639	0	-9	357	100	100	0	406	6	11410	5	11313	12	11449	10	11420	18.514	-1.596
747.7	NaN	642	NaN	697	0	-4	358	100	100	0	406	11	11333	10	11368	21	11365	19	11455	18.506	-0.056
747.8	NaN	646	NaN	659	1	-5	361	100	100	0	407	9	11365	8	11362	16	11404	15	11455	18.471	-1.573
747.9	NaN	640	NaN	672	1	-6	361	100	100	0	407	9	11286	9	11337	20	11309	18	11450	18.468	-0.644
748	NaN	639	NaN	686	1	-6	359	100	100	0	405	10	11336	9	11390	20	11371	19	11458	18.462	-0.79
748.1	NaN	638	NaN	650	1	-5	360	100	100	0	406	10	11300	10	11286	20	11317	19	11436	18.442	0.234
748.2	NaN	636	NaN	650	1	-4	360	100	100	0	404	12	11316	10	11406	22	11372	20	11454	18.474	0.249
748.3	NaN	642	NaN	652	1	-5	360	100	100	0	407	9	11274	8	11295	18	11322	16	11418	18.471	0.637
748.4	NaN	633	NaN	659	0	-4	360	63	54	0	406	11	11262	10	11471	21	11343	21	11491	18.494	0.743
748.5	NaN	653	NaN	624	0	-1	362	0	0	0	407	-16	11116	-17	11127	-11	11121	-11	11250	18.35	-1.661
748.6	NaN	622	NaN	697	0	-2	360	0	0	0	404	-36	10840	-36	11101	-27	10824	-27	11068	17.971	-4.586
748.7	NaN	620	NaN	702	0	-4	358	0	0	0	405	-47	10654	-38	10702	-35	10488	-37	10647	17.482	-7.041
748.8	NaN	616	NaN	664	0	-3	362	0	0	0	405	-48	10271	-38	10357	-37	10242	-38	10350	16.953	-5.233
748.9	NaN	619	NaN	669	0	-3	362	0	0	0	404	-50	9808	-38	10110	-38	9896	-40	10058	16.417	-4.476
749	NaN	614	NaN	678	0	-2	366	0	0	0	406	-51	9630	-38	9653	-39	9586	-42	9550	15.864	-6.666
749.1	NaN	618	NaN	665	0	-5	368	0	0	0	411	-54	9303	-37	9279	-40	9194	-44	9269	15.295	-5.772
749.2	NaN	607	NaN	657.5909091	0	-2	415	0	0	0	459	-54	8848	-37	8944	-40	8943	-45	8826	14.662	-5.886
749.3	NaN	609	NaN	656.1818182	0	-1	431	0	0	0	461	-54	8426	-38	8548	-39	8352	-45	8357	14.044	-5.954
749.4	NaN	611	NaN	654.7727273	0	2	518	0	0	0	504	-55	7922	-37	8130	-41	7979	-46	8156	13.339	-6.063
749.5	NaN	617	NaN	653.3636364	0	13	582	0	0	0	554	-55	7410	-39	7923	-39	6664	-44	7809	12.498	-8.15
749.6	NaN	625	NaN	651.9545455	0	32	488	0	0	0	496	-55	5895	-37	7569	-42	6643	-40	7284	11.651	-5.383
749.7	NaN	627	NaN	650.5454545	0	43	443	0	0	0	444	-35	5588	-38	6905	-40	4326	-38	6886	11.004	-7.263
749.8	NaN	627	NaN	649.1363636	0	46	363	10	1	0	402	-45	5132	-34	6822	-40	1495	-31	6849	10.288	-4.903
749.9	NaN	642	NaN	647.7272727	0	56	362	19	10	0	404	-22	5068	-12	6545	-14	1819	-11	6656	9.774	-4.763
750	NaN	676	NaN	646.3181818	0	58	363	38	29	0	404	2	5150	19	6490	6	3082	45	6647	9.403	-2.581
750.1	NaN	642	NaN	644.9090909	0	56	360	63	54	0	409	11	5275	37	6455	29	5367	51	6566	9.328	0.385
750.2	NaN	643	NaN	645	0	50	366	67	57	0	407	16	6037	38	6412	40	5490	51	6479	9.421	2.447
750.3	NaN	633	NaN	655	0	41	365	67	58	0	407	21	6289	38	6468	39	5631	52	6514	9.56	3.276
750.4	NaN	656	NaN	637	0	45	362	67	58	0	408	20	5790	37	6531	40	5739	51	6583	9.796	2.244
750.5	NaN	661	NaN	644	0	49	362	47	34	0	407	8	5668	36	6718	18	5685	50	6810	9.912	0.835
750.6	NaN	653	NaN	645	0	65	361	43	31	0	409	2	5537	31	6707	6	5615	49	6788	9.993	-0.18
750.7	NaN	650	NaN	643	0	65	363	44	35	0	408	3	5469	37	6800	8	5565	52	6867	9.977	0.702
750.8	NaN	651	NaN	679	0	56	363	56	47	0	406	9	5611	37	6795	22	5676	49	6879	10.01	0.027
750.9	NaN	652	NaN	647	0	57	361	56	46	0	407	10	5738	38	6790	23	5801	51	6856	10.129	0.898
751	NaN	660	NaN	652	0	59	363	56	45	0	408	9	5644	37	6852	20	5815	52	6909	10.118	-0.783
751.1	NaN	666	NaN	647	0	62	364	56	45	0	407	8	5877	38	6873	19	5744	51	6939	10.147	0.91
751.2	NaN	651	NaN	651	0	61	364	67	58	0	406	10	5720	37	6821	23	5769	51	6899	10.17	-1.004
751.3	NaN	655	NaN	651	0	58	359	81	72	0	407	12	5860	37	6848	27	5814	51	6929	10.244	-0.54
751.4	NaN	641	NaN	640	0	57	362	99	89	0	407	13	5861	37	6941	29	5954	52	6985	10.311	-0.146
751.5	NaN	643	NaN	630	0	54	361	100	100	0	405	14	6035	37	6957	33	6038	51	7056	10.429	0.857
751.6	NaN	639	NaN	623	0	49	362	100	100	0	406	17	6337	38	7082	39	6064	51	7098	10.537	0.989
751.7	NaN	635	NaN	642	0	45	359	100	100	0	406	19	6175	37	7106	40	6220	51	7144	10.717	-0.081
751.8	NaN	636	NaN	632	0	32	360	100	100	0	407	27	6357	37	7232	40	6358	50	7268	10.884	2.236
751.9	NaN	649	NaN	618	0	30	365	100	100	0	407	27	6532	37	7312	40	6550	51	7317	11.104	0.39
752	NaN	639	NaN	624	0	28	358	100	100	0	407	29	6861	38	7430	40	6669	51	7469	11.314	2.341
752.1	NaN	635	NaN	627	0	28	363	100	100	0	408	28	6888	38	7546	39	6824	51	7576	11.554	2.274
752.2	NaN	635	NaN	620	0	21	358	100	100	0	407	31	7120	37	7657	38	6930	52	7681	11.768	2.644
752.3	NaN	640	NaN	625	0	15	358	100	100	0	408	35	7274	38	7717	38	7141	51	7773	12.013	3.717
752.4	NaN	634	NaN	625	0	6	358	100	100	0	407	39	7452	35	7787	38	7409	49	7834	12.255	3.534
752.5	NaN	627	NaN	607	0	2	363	55	48	0	409	41	7656	35	7872	38	7644	51	7914	12.574	2.629
752.6	NaN	649	NaN	660	0	-3	359	0	0	0	406	-14	7474	-15	7659	-12	7504	-12	7598	12.426	-2.942
752.7	NaN	612	NaN	699	0	-9	360	0	0	0	406	-31	7357	-35	7306	-27	7419	-30	7308	12.075	-3.818
752.8	NaN	617	NaN	667	0	-26	357	0	0	0	404	-45	7198	-36	6742	-39	7222	-50	6405	11.59	-4.913
752.9	NaN	686	NaN	617	0	-34	361	27	28	0	404	4	7276	2	6479	10	7286	4	6517	11.167	-1.848
753	NaN	669	NaN	597	0	-46	357	31	33	0	405	10	7176	3	6335	27	7209	7	6370	11.017	-2.016
753.1	NaN	640	NaN	690	0	-44	357	43	45	0	404	42	7360	11	6410	37	7331	27	6475	11.041	0.62
753.2	NaN	633	NaN	667	0	-49	361	43	45	0	406	43	7415	10	6446	37	7354	24	6551	11.141	0.377
753.3	NaN	632	NaN	688	0	-46	361	43	45	0	405	42	7401	11	6492	38	7443	26	6581	11.204	0.721
753.4	NaN	639	NaN	639	0	-47	358	43	44	0	406	42	7521	11	6474	38	7484	26	6735	11.245	0.28
753.5	NaN	655	NaN	614	0	-47	359	32	29	0	405	13	7439	3	6371	29	7438	7	6512	11.271	-0.114
753.6	NaN	690	NaN	633	0	-48	361	27	25	0	405	4	7386	1	6319	8	7339	2	6347	11.144	-2.139
753.7	NaN	703	NaN	631	0	-48	359	27	23	0	405	1	7206	0	6251	3	7157	0	6260	10.949	-1.988
753.8	NaN	654	NaN	629.8571429	0	-48	363	32	32	0	403	15	7137	4	6123	35	7187	9	6093	10.753	-0.485
753.9	NaN	638	NaN	630.7142857	0	-47	362	38	36	0	406	26	7124	6	6077	38	7129	15	6252	10.749	0.792
754	NaN	639	NaN	631.5714286	0	-47	359	39	39	0	404	32	7242	8	6135	38	7154	17	6199	10.762	0.963
754.1	NaN	638	NaN	632.4285714	0	-46	362	39	38	0	405	30	7206	7	6210	38	7142	17	6593	10.805	-1.663
754.2	NaN	639	NaN	633.2857143	0	-47	358	35	31	0	404	23	7270	6	6349	38	7273	13	6164	10.878	-0.345
754.3	NaN	646	NaN	634.1428571	0	-35	357	40	40	0	405	19	7182	8	6314	38	7336	19	6419	10.813	1.151
754.4	NaN	699	NaN	638	0	-32	360	25	16	0	405	-0	6860	0	6242	-0	6890	-0	6385	10.912	0.597
754.5	NaN	697	NaN	637	0	-13	364	24	13	0	406	-1	6785	-2	6390	-1	6811	-1	6434	10.728	-1.414
754.6	NaN	707	NaN	636	0	23	363	25	14	0	407	-4	6236	-3	6623	-3	6265	-3	6649	10.624	-3.006
754.7	NaN	669	NaN	689	0	31	360	33	22	0	409	1	6049	4	6749	4	6033	9	6807	10.447	-2.015
754.8	NaN	694	NaN	639	0	49	361	42	31	0	407	6	5949	26	6855	14	5955	51	6910	10.462	0.073
754.9	NaN	641	NaN	655	0	52	364	44	33	0	408	5	5834	29	7035	14	5886	51	7105	10.396	-1.854
755	NaN	656	NaN	634	0	66	361	45	34	0	407	4	5799	36	7030	9	5890	51	7078	10.469	2.052
755.1	NaN	645	NaN	632	0	64	363	45	34	0	407	3	5667	36	7030	8	5761	52	7075	10.383	0.225
755.2	NaN	634	NaN	631	0	60	363	51	40	0	408	5	5667	37	7051	13	5753	51	7157	10.326	0.596
755.3	NaN	637	NaN	646	0	60	360	57	46	0	409	8	5731	37	6967	20	5859	52	7096	10.287	0.874
755.4	NaN	635	NaN	658	0	54	362	72	61	0	406	13	5925	37	6967	30	6000	52	7029	10.352	1.882
755.5	NaN	651	NaN	632	0	41	359	90	79	0	408	20	5954	37	6913	38	7783	53	7049	10.426	0.732
755.6	NaN	635	NaN	621	0	40	361	96	86	0	408	21	6199	37	7010	37	8078	51	7137	10.575	2.744
755.7	NaN	620	NaN	652	0	41	358	100	94	0	410	22	6423	37	7092	38	6457	51	7138	10.769	0.932
755.8	NaN	631	NaN	627	0	41	361	100	96	0	407	22	6493	35	7212	37	6415	50	7263	10.934	0.845
755.9	NaN	624	NaN	615	0	40	361	100	100	0	409	22	6499	37	7393	38	6425	51	7424	11.097	1.539
756	NaN	629	NaN	614	0	41	363	100	100	0	406	22	6622	36	7478	38	6574	51	7500	11.299	1.39
756.1	NaN	626	NaN	619	0	40	361	100	100	0	406	22	6811	37	7576	38	6718	50	7607	11.455	2.144
756.2	NaN	628	NaN	624	0	36	362	100	100	0	408	23	6941	36	7633	38	6852	51	7684	11.626	1.819
756.3	NaN	621	NaN	642	0	24	362	100	100	0	407	29	7232	36	7703	37	6978	51	7753	11.816	2.322
756.4	NaN	649	NaN	623	0	14	358	100	100	0	408	35	7315	36	7726	38	7193	52	7776	12.067	3.24
756.5	NaN	623	NaN	612	0	6	360	100	100	0	408	39	7470	35	7789	37	7412	52	7847	12.33	3.359
756.6	NaN	631	NaN	631	0	-4	363	100	100	0	409	43	7761	36	7863	37	7660	51	7923	12.6	3.376
756.7	NaN	623	NaN	602	0	-16	359	100	100	0	406	49	8044	34	7939	38	7976	50	7989	12.873	2.893
756.8	NaN	627	NaN	639	0	-24	361	100	100	0	405	50	8309	29	7972	37	8239	51	8103	13.116	2.268
756.9	NaN	638	NaN	625	0	-41	358	100	100	0	404	54	8589	20	7925	37	8511	44	8108	13.303	0.859
757	NaN	645	NaN	645	0	-44	362	100	100	0	404	54	8894	18	7955	38	8714	40	8067	13.395	2.013
757.1	NaN	641	NaN	653	0	-46	360	100	100	0	405	54	8849	17	7975	37	8776	37	8534	13.475	0.815
757.2	NaN	651	NaN	659	0	-45	361	100	100	0	403	54	8916	18	8103	37	8802	41	8282	13.588	2.352
757.3	NaN	651	NaN	635	0	-38	357	100	100	0	404	54	8950	20	8100	38	8858	44	8742	13.674	1.488
757.4	NaN	640	NaN	630	0	-23	361	100	100	0	405	48	8862	29	8554	37	8842	51	8453	13.885	3.464
757.5	NaN	644	NaN	618.5	0	-10	359	100	100	0	408	43	8847	34	8603	38	8907	52	8698	14.137	2.702
757.6	NaN	629	NaN	619	0	-2	359	100	100	0	406	39	8885	36	8851	38	8901	52	8969	14.393	3.245
757.7	NaN	624	NaN	604	0	17	359	100	100	0	408	30	8864	35	9177	38	8905	51	9291	14.63	1.946
757.8	NaN	615	NaN	631	0	23	362	100	100	0	408	27	8956	35	9433	37	8878	52	9551	14.783	1.135
757.9	NaN	625	NaN	614	0	23	361	100	100	0	407	27	9063	35	9597	38	8928	50	9679	14.95	1.552
758	NaN	626	NaN	613	0	22	360	100	100	0	406	27	9081	36	9646	38	8996	51	9758	15.07	0.363
758.1	NaN	648	NaN	609	0	22	358	100	100	0	408	27	9176	35	9699	37	9041	50	9828	15.221	1.857
758.2	NaN	621	NaN	634	0	20	363	100	100	0	406	28	9296	35	9789	37	9175	49	9937	15.365	2.528
758.3	NaN	621	NaN	605	0	18	361	100	100	0	409	29	9412	36	9954	38	9315	51	10021	15.507	2.102
758.4	NaN	632	NaN	601	0	15	358	100	100	0	406	30	9544	36	9922	37	9450	51	10073	15.67	1.248
758.5	NaN	679	NaN	614	0	7	363	100	100	0	406	33	9575	36	9957	38	9583	52	10121	15.839	1.793
758.6	NaN	639	NaN	611	0	0	361	100	100	0	409	35	9817	36	10035	38	9772	52	10138	16.063	3.195
758.7	NaN	618	NaN	620	0	-10	360	100	100	0	406	39	10099	32	10062	38	10055	51	10151	16.263	2.787
758.8	NaN	650	NaN	601	0	-16	359	100	100	0	407	39	10270	30	10038	38	10307	50	10189	16.425	1.51
758.9	NaN	629	NaN	604	0	-19	357	100	100	0	407	42	10399	28	10104	37	10363	52	10307	16.625	2.022
759	NaN	620	NaN	603	0	-20	361	100	100	0	406	42	10592	28	10249	38	10552	51	10322	16.824	1.76
759.1	NaN	634	NaN	611	0	-21	360	100	100	0	405	42	10698	27	10258	37	10701	52	10419	16.974	1.204
759.2	NaN	618	NaN	595	0	-20	361	100	100	0	407	42	10770	26	10325	38	10783	51	10541	17.138	2.421
759.3	NaN	639	NaN	603	0	-19	359	100	100	0	406	41	10927	27	10521	37	10898	51	10634	17.307	1.587
759.4	NaN	629	NaN	608	0	-20	357	100	100	0	404	40	10945	26	10565	38	10941	51	10722	17.453	1.482
759.5	NaN	652	NaN	606	0	-17	358	100	100	0	406	38	11064	27	10685	37	11064	50	10851	17.603	1.895
759.6	NaN	668	NaN	607	0	-14	360	100	100	0	405	28	11072	21	10828	38	11161	41	10943	17.746	0.945
759.7	NaN	623	NaN	615	0	-9	364	100	100	0	407	26	11054	21	10856	38	11091	42	11066	17.862	1.747
759.8	NaN	631	NaN	623	0	-5	364	100	100	0	408	21	11079	19	11051	37	11155	36	11173	17.975	0.82
759.9	NaN	641	NaN	615	0	-3	364	100	100	0	408	21	11014	18	11076	38	11062	37	11221	18.053	0.55
760	NaN	624	NaN	628	1	-1	359	100	100	0	405	18	11053	18	11180	36	11154	34	11320	18.124	2.015
760.1	NaN	629	NaN	615	1	1	359	100	100	0	407	19	11019	18	11321	35	11089	35	11389	18.169	0.099
760.2	NaN	639	NaN	628	1	1	358	100	100	0	405	18	11078	19	11255	34	11152	36	11426	18.234	1.521
760.3	NaN	633	NaN	626	1	2	362	100	100	0	407	15	11077	15	11384	29	11159	31	11475	18.298	-0.378
760.4	NaN	664	NaN	636	1	3	359	100	100	0	406	17	11108	18	11362	32	11159	35	11532	18.368	0.964
760.5	NaN	631	NaN	638	1	3	362	100	100	0	407	14	11172	14	11481	27	11241	27	11528	18.43	-0.051
760.6	NaN	625	NaN	639	1	0	360	100	100	0	407	13	11208	13	11363	25	11222	25	11546	18.451	0.693
760.7	NaN	625	NaN	666	1	2	360	100	100	0	408	11	11286	10	11459	20	11309	21	11500	18.466	0.621
760.8	NaN	617	NaN	639	1	1	359	100	100	0	406	11	11231	11	11381	20	11220	21	11496	18.466	-0.582
760.9	NaN	624	NaN	654	1	0	364	100	100	0	407	12	11231	13	11537	23	11314	25	11563	18.498	0.709
761	NaN	627	NaN	659	1	2	363	100	100	0	406	10	11218	11	11417	19	11266	19	11577	18.477	-0.202
761.1	NaN	630	NaN	643	1	-0	361	100	100	0	406	13	11218	13	11552	25	11291	25	11571	18.516	1.008
761.2	NaN	631	NaN	674	1	-1	359	100	100	0	408	9	11283	10	11455	17	11310	17	11586	18.489	-1.227
761.3	NaN	616	NaN	661	1	2	361	100	100	0	407	12	11220	13	11496	24	11269	24	11569	18.507	0.737
761.4	NaN	626	NaN	672	1	0	361	100	100	0	408	11	11315	10	11411	20	11333	20	11524	18.518	-0.921
761.5	NaN	631	NaN	640	1	-2	359	100	100	0	409	10	11259	10	11464	20	11299	20	11572	18.491	-0.264
761.6	NaN	622	NaN	655	1	-2	361	100	100	0	405	11	11322	9	11391	20	11371	20	11473	18.498	-0.883
761.7	NaN	636	NaN	645	1	-4	358	100	100	0	407	9	11286	8	11381	17	11302	17	11507	18.474	-1.299
761.8	NaN	626	NaN	668	1	-3	362	100	99	0	406	10	11339	9	11377	19	11384	17	11439	18.467	-0.149
761.9	NaN	669	NaN	638	0	0	359	0	0	0	406	-7	11231	-7	11277	-7	11186	-7	11357	18.431	-3.005
762	NaN	619	NaN	708	0	3	358	0	0	0	406	-25	10901	-26	11121	-19	10870	-19	11215	18.149	-2.772
762.1	NaN	606	NaN	665	0	1	359	0	0	0	404	-45	10634	-39	10805	-34	10654	-33	10819	17.676	-6.576
762.2	NaN	604	NaN	661	0	0	357	0	0	0	403	-49	10209	-38	10542	-37	10139	-37	10501	17.155	-3.75
762.3	NaN	603	NaN	662	0	1	364	0	0	0	404	-51	9955	-37	10220	-39	9695	-39	10013	16.625	-5.341
762.4	NaN	603	NaN	661	0	2	436	0	0	0	432	-52	9627	-37	9835	-38	9617	-40	9862	15.997	-5.502
762.5	NaN	601	NaN	658	0	2	499	0	0	0	522	-54	9048	-38	9424	-38	9093	-42	9393	15.352	-6.927
762.6	NaN	605	NaN	667	0	2	522	0	0	0	498	-55	8551	-37	9021	-38	8621	-44	8823	14.594	-7.561
762.7	NaN	606	NaN	658	0	6	503	0	0	0	512	-55	8144	-36	8600	-38	8099	-44	8424	13.812	-7.441
762.8	NaN	608	NaN	679	0	6	403	4	0	0	442	-52	7615	-37	8138	-38	7732	-41	8129	13.083	-5.131
762.9	NaN	610	NaN	698	0	10	361	10	3	0	401	-40	7370	-36	7654	-34	7249	-31	7790	12.57	-4.588
763	NaN	643	NaN	639	0	18	362	20	12	0	407	-14	7171	-11	7749	-11	7215	-10	7780	12.018	-2.947
763.1	NaN	643	NaN	670	0	43	360	36	27	0	406	4	6968	14	7511	10	6974	33	7707	11.987	-2.559
763.2	NaN	644	NaN	763	0	43	365	37	21	0	407	2	6711	9	7797	6	7146	18	7848	11.735	-5.022
763.3	NaN	631	NaN	630	0	42	364	94	85	0	406	20	6880	36	7799	37	6899	52	7900	11.693	1.948
763.4	NaN	644	NaN	639	0	41	363	100	100	0	409	21	7144	37	7842	37	7151	52	7891	11.832	0.834
763.5	NaN	636	NaN	609	0	36	361	100	100	0	408	23	7692	37	7931	38	7099	51	7992	11.967	2.166
763.6	NaN	630	NaN	607	0	30	362	100	100	0	409	24	7224	37	7992	38	7378	53	8061	12.188	1.854
763.7	NaN	627	NaN	631	0	22	360	100	100	0	410	30	8067	37	8072	38	7412	51	8160	12.391	2.838
763.8	NaN	633	NaN	638	0	18	360	100	100	0	409	30	7575	37	8198	38	7670	51	8296	12.603	1.595
763.9	NaN	626	NaN	620	0	34	359	100	100	0	407	23	8723	36	8204	38	7702	52	8300	12.945	2.809
764	NaN	642	NaN	625	0	26	359	100	100	0	411	27	7696	36	8545	38	8995	51	8645	12.975	-0.145
764.1	NaN	672	NaN	627	0	27	359	100	100	0	406	25	8739	37	8463	38	7901	50	8627	13.236	2.554
764.2	NaN	630	NaN	626	0	25	362	100	100	0	410	26	8030	35	8632	38	8158	52	8791	13.437	1.753
764.3	NaN	628	NaN	622	0	25	364	100	100	0	408	28	8313	35	8821	38	8134	52	8907	13.598	1.949
764.4	NaN	629	NaN	613	0	24	363	100	100	0	409	28	9099	36	8909	38	8243	52	8979	13.816	3.219
764.5	NaN	631	NaN	627	0	24	365	100	97	0	405	27	8375	35	9072	38	8371	52	9122	13.983	2.466
764.6	NaN	623	NaN	635	0	22	364	93	80	0	408	28	8488	36	9124	38	8510	52	9232	14.175	1.195
764.7	NaN	632	NaN	616	0	13	362	92	79	0	408	32	8716	35	9144	38	8658	51	9290	14.385	3.547
764.8	NaN	648	NaN	632	0	4	360	71	60	0	407	36	8873	36	9158	38	8888	53	9344	14.632	2.498
764.9	NaN	635	NaN	626	0	-12	361	53	43	0	408	41	9194	32	9201	38	9144	52	9347	14.925	2.448
765	NaN	647	NaN	660	0	-26	362	35	36	0	407	9	9370	5	8896	18	9399	10	8957	14.905	-0.353
765.1	NaN	646	NaN	639	0	-34	363	32	29	0	406	11	9368	5	8738	21	9447	10	8864	14.855	-0.522
765.2	NaN	635	NaN	635	0	-35	363	44	46	0	404	20	9436	10	8626	34	9493	17	8824	14.726	-1.735
765.3	NaN	627	NaN	642	0	-35	361	46	48	0	403	46	9521	19	8807	39	9543	41	9028	14.84	1.472
765.4	NaN	627	NaN	620	0	-23	362	48	49	0	405	44	9555	25	8949	38	9536	52	9164	15.01	2.951
765.5	NaN	620	NaN	607	0	4	358	50	44	0	407	33	9350	34	9379	39	9405	53	9508	15.273	3.462
765.6	NaN	617	NaN	618	0	16	362	60	51	0	407	29	9313	36	9829	38	9280	52	9902	15.46	1.349
765.7	NaN	623	NaN	602	0	18	359	70	62	0	407	29	9647	35	9969	38	9385	52	10058	15.658	2.688
765.8	NaN	620	NaN	604	0	18	361	70	62	0	406	29	9528	36	10031	39	9471	52	10160	15.869	1.414
765.9	NaN	624	NaN	595	0	14	364	72	64	0	407	29	9727	36	10123	37	9588	52	10286	16.052	2.894
766	NaN	619	NaN	600	0	9	360	71	64	0	409	32	9816	36	10275	38	9813	52	10370	16.268	2.891
766.1	NaN	632	NaN	595	0	-3	362	72	65	0	406	36	10045	34	10221	38	10092	52	10375	16.489	0.865
766.2	NaN	622	NaN	622	0	-3	357	42	39	0	408	34	10278	28	10229	38	10232	50	10430	16.743	3.489
766.3	NaN	633	NaN	621.6	0	-3	362	0	0	0	408	-17	10052	-18	10120	-13	10010	-14	10048	16.528	-3.48
766.4	NaN	605	NaN	622.2	0	-5	361	0	0	0	406	-36	9782	-37	9826	-29	9781	-29	9838	16.148	-5.267
766.5	NaN	607	NaN	622.8	0	-3	361	0	0	0	404	-51	9440	-37	9450	-39	9420	-44	9495	15.577	-5.654
766.6	NaN	601	NaN	623.4	0	-5	359	0	0	0	403	-53	9160	-37	9202	-38	9100	-46	9116	14.956	-7.153
766.7	NaN	599	NaN	624	0	-9	359	0	0	0	404	-53	8571	-38	8750	-38	8720	-48	8745	14.443	-3.822
766.8	NaN	601	NaN	624.6	0	-7	358	0	0	0	405	-53	8468	-38	8446	-38	8335	-47	7135	13.866	-6.412
766.9	NaN	602	NaN	625.2	0	-5	359	0	0	0	403	-52	8025	-38	8074	-39	8041	-47	7964	13.245	-5.463
767	NaN	597	NaN	625.8	0	-5	363	0	0	0	404	-53	7639	-38	7728	-39	7675	-48	7565	12.683	-5.768
767.1	NaN	599	NaN	626.4	0	-5	362	1	0	0	404	-51	7324	-38	7422	-39	7310	-48	7232	12.087	-6.552
767.2	NaN	605	NaN	627	0	-8	357	10	6	0	404	-32	7024	-35	7003	-29	6984	-30	6988	11.577	-4.977
767.3	NaN	610	NaN	627.6	0	-6	359	13	9	0	403	-22	6832	-24	6739	-20	6769	-21	6756	11.157	-3.564
767.4	NaN	615	NaN	628.2	0	-6	362	15	11	0	403	-20	6596	-22	6498	-18	6587	-19	6567	10.816	-2.9
767.5	NaN	621	NaN	628.8	0	-6	362	15	11	0	403	-17	6443	-19	6390	-16	6435	-17	6423	10.507	-3.149
767.6	NaN	629	NaN	629.4	0	-9	358	16	12	0	405	-16	6274	-17	6256	-13	6269	-15	6209	10.218	-3.087
767.7	NaN	676	NaN	632	0	-7	363	22	18	0	407	-2	6175	-3	6140	-2	6182	-2	6132	10.028	-1.386
767.8	NaN	674	NaN	631	0	-7	365	24	20	0	404	-0	6119	0	6063	0	6113	0	6088	9.917	-0.157
767.9	NaN	679	NaN	631	0	-8	362	25	20	0	406	-0	6055	-0	5969	-0	6057	0	6029	9.788	-1.021
768	NaN	688	NaN	631	0	-8	361	25	20	0	407	0	5998	-0	5905	0	5985	0	5956	9.697	-1.69
768.1	NaN	673	NaN	629	0	0	365	25	19	0	406	0	5895	-0	5903	0	5884	0	5900	9.612	-1.47
768.2	NaN	674	NaN	633	0	3	362	26	19	0	406	-0	5804	-0	5873	-0	5797	-0	5912	9.529	-0.433
768.3	NaN	673	NaN	631	0	7	365	27	20	0	408	-0	5658	-0	5819	0	5674	0	5880	9.414	0.25
768.4	NaN	678	NaN	632	0	12	364	27	20	0	407	-0	5550	-0	5858	-0	5568	0	5902	9.307	-1.075
768.5	NaN	681	NaN	632	0	14	361	27	20	0	405	-0	5460	0	5856	-0	5480	0	5838	9.208	-1.689
768.6	NaN	672	NaN	633	0	16	365	27	21	0	407	-0	5364	-0	5807	-0	5370	0	5802	9.107	-0.587
768.7	NaN	680	NaN	631	0	14	360	28	21	0	407	0	5312	0	5694	0	5333	0	5737	8.993	-0.309
768.8	NaN	672	NaN	614	0	12	363	29	23	0	406	1	5282	1	5644	2	5293	3	5697	8.882	-1.35
768.9	NaN	661	NaN	617	0	8	362	30	24	0	407	2	5256	2	5602	4	5254	6	5597	8.846	-0.57
769	NaN	661	NaN	621	0	3	364	30	24	0	406	2	5256	2	5478	5	5273	5	5538	8.792	0.057
769.1	NaN	655	NaN	597	0	-9	361	30	24	0	403	3	5387	2	5333	7	5408	5	5398	8.73	-0.339
769.2	NaN	667	NaN	603	0	-22	361	29	23	0	406	2	5437	1	5225	6	5447	3	5239	8.681	-1.224
769.3	NaN	669	NaN	628	0	-31	363	27	24	0	407	1	5457	0	5076	3	5423	1	5095	8.585	-0.828
769.4	NaN	676	NaN	622	0	-36	361	27	25	0	406	1	5523	0	4924	3	5492	1	4945	8.48	-1.407
769.5	NaN	668	NaN	621	0	-39	361	27	25	0	407	1	5507	0	4907	4	5440	1	4848	8.402	-1.562
769.6	NaN	668	NaN	622	0	-40	358	27	25	0	406	2	5413	0	4835	4	5387	1	4824	8.327	-0.816
769.7	NaN	671	NaN	622	0	-36	361	27	25	0	404	2	5390	0	4782	4	5357	1	4779	8.231	-0.878
769.8	NaN	663	NaN	610	0	-38	360	28	25	0	405	3	5343	1	4782	7	5304	2	4742	8.197	-0.602
769.9	NaN	662	NaN	611	0	-27	362	28	24	0	406	2	5200	1	4777	5	5175	2	4792	8.144	0.052
770	NaN	667	NaN	614	0	-13	360	29	23	0	407	1	5071	1	4868	4	5067	3	4862	8.105	-1.041
770.1	NaN	666	NaN	617	0	13	361	29	23	0	405	0	4781	1	5030	2	4816	2	5063	8.043	-0.867
770.2	NaN	677	NaN	626	0	27	359	29	20	0	406	0	4558	0	5094	0	4566	0	5141	7.933	-1.048
770.3	NaN	664	NaN	621	0	27	364	29	23	0	406	1	4535	2	5092	2	4535	5	5140	7.843	-1.192
770.4	NaN	653	NaN	703	0	34	359	30	24	0	407	1	4452	3	5087	3	4444	8	5102	7.77	-0.063
770.5	NaN	663	NaN	729	0	39	359	30	24	0	407	1	4377	4	5098	3	4345	11	5110	7.692	-1.313
770.6	NaN	642	NaN	690	0	41	359	30	24	0	406	1	4356	4	5107	3	4302	10	5097	7.642	-1.342
770.7	NaN	636	NaN	719	0	41	363	31	25	0	407	1	4287	6	5059	4	4272	15	5064	7.591	-0.016
770.8	NaN	644	NaN	691	0	39	359	37	30	0	407	5	4367	17	5116	13	4339	42	5152	7.591	-0.075
770.9	NaN	641	NaN	645	0	46	362	37	30	0	406	4	4347	18	5204	11	4312	45	5195	7.719	-0.354
771	NaN	642	NaN	641	0	46	359	37	26	0	407	4	4381	17	5312	9	4344	42	5331	7.778	1.045
771.1	NaN	656	NaN	631	0	48	358	31	21	0	407	0	4363	2	5203	1	4254	6	5195	7.716	-1.811
771.2	NaN	657	NaN	628	0	50	358	31	21	0	407	0	4293	2	5170	1	4242	6	5175	7.655	-1.359
771.3	NaN	647	NaN	680	0	50	364	31	22	0	407	1	4219	3	5148	1	4163	8	5102	7.552	-0.629
771.4	NaN	651	NaN	701	0	50	361	31	22	0	407	1	4181	3	5068	2	4150	9	5041	7.492	-0.999
771.5	NaN	644	NaN	737	0	49	360	31	24	0	410	1	4176	6	5056	3	4077	14	4999	7.431	-1.447
771.6	NaN	637	NaN	721	0	50	361	31	24	0	408	1	4118	6	5015	3	4069	14	5023	7.38	0.286
771.7	NaN	657	NaN	688	0	48	361	34	27	0	407	2	4162	12	5013	6	4085	31	5027	7.357	-0.626
771.8	NaN	639	NaN	697	0	49	361	34	27	0	409	2	4167	12	5022	6	4096	31	5024	7.436	0.37
771.9	NaN	658	NaN	687	0	47	362	34	27	0	408	3	4227	13	5055	7	4144	31	5075	7.436	-0.325
772	NaN	716	NaN	725	0	45	358	35	27	0	407	3	4251	13	5091	7	4164	31	5106	7.453	-0.916
772.1	NaN	639	NaN	685	0	45	359	35	27	0	406	3	4219	13	5131	7	4242	31	5095	7.54	0.117
772.2	NaN	638	NaN	705	0	46	362	35	27	0	405	3	4266	13	5130	8	4221	29	5115	7.578	0.646
772.3	NaN	665	NaN	679	0	44	358	35	27	0	409	3	4306	12	5134	7	4263	31	5159	7.579	-0.017
772.4	NaN	658	NaN	689	0	45	359	34	27	0	407	3	4341	13	5197	8	4266	30	5174	7.633	-0.2
772.5	NaN	640	NaN	729	0	46	363	34	27	0	406	3	4303	12	5145	7	4291	30	5172	7.684	0.852
772.6	NaN	653	NaN	703	0	45	361	35	25	0	409	2	4353	10	5171	6	4279	25	5194	7.679	-0.306
772.7	NaN	648	NaN	690.6875	0	46	360	34	25	0	407	2	4321	10	5201	6	4294	24	5174	7.683	-0.079
772.8	NaN	663	NaN	691.375	0	44	360	34	25	0	406	2	4359	9	5146	6	4291	24	5159	7.671	-0.515
772.9	NaN	660	NaN	692.0625	0	47	363	33	22	0	406	1	4309	7	5119	4	4265	17	5130	7.681	-0.513
773	NaN	652	NaN	692.75	0	47	363	32	21	0	407	0	4287	3	5154	1	4210	6	5125	7.56	-1.151
773.1	NaN	671	NaN	693.4375	0	52	365	30	20	0	407	-0	4199	-0	5033	-0	4098	-0	4990	7.485	-2.401
773.2	NaN	671	NaN	694.125	0	51	363	30	20	0	406	-0	4103	0	4967	-0	4078	0	4941	7.33	-1.354
773.3	NaN	663	NaN	694.8125	0	52	365	31	21	0	407	0	4032	1	4949	0	3965	3	4912	7.234	-0.873
773.4	NaN	637	NaN	695	0	51	363	32	24	0	405	1	4011	5	4837	3	3950	13	4837	7.119	-0.761
773.5	NaN	652	NaN	700	0	50	362	32	24	0	407	1	3984	6	4837	3	3882	15	4772	7.094	-1.842
773.6	NaN	639	NaN	719	0	50	362	32	25	0	404	1	3926	7	4772	3	3909	18	4776	7.045	-0.778
773.7	NaN	646	NaN	685	0	49	363	32	25	0	408	1	3928	7	4786	3	3827	18	4760	6.993	-1.261
773.8	NaN	642	NaN	689	0	50	360	32	25	0	407	1	3916	7	4781	4	3831	19	4717	6.957	-1.225
773.9	NaN	644	NaN	728	0	50	360	32	25	0	405	1	3895	7	4726	3	3822	18	4703	6.921	0.24
774	NaN	636	NaN	705	0	48	359	32	25	0	407	1	3885	7	4748	3	3826	18	4705	6.879	-1.141
774.1	NaN	639	NaN	717	0	47	362	32	24	0	405	2	3881	7	4632	4	3803	17	4618	6.9	-0.145
774.2	NaN	630	NaN	696	0	39	360	32	25	0	407	2	3904	7	4616	5	3907	17	4644	6.856	0.205
774.3	NaN	617	NaN	767	0	32	360	32	25	0	407	2	3985	7	4570	6	3919	16	4553	6.882	-0.803
774.4	NaN	626	NaN	702	0	25	359	32	25	0	407	3	4006	6	4454	7	4026	15	4491	6.91	-0.035
774.5	NaN	648	NaN	693	0	9	360	32	25	0	408	4	4123	6	4353	11	4108	14	4426	6.912	1.21
774.6	NaN	626	NaN	712	0	-1	359	32	25	0	407	4	4188	4	4312	11	4207	11	4331	6.955	-0.132
774.7	NaN	629	NaN	685	0	-11	358	31	25	0	406	5	4298	3	4147	11	4255	8	4272	6.919	-0.154
774.8	NaN	640	NaN	703	0	-23	361	29	24	0	408	3	4430	2	4112	7	4482	4	4144	6.822	-0.526
774.9	NaN	666	NaN	694.75	0	-27	363	20	14	0	404	-5	4240	-7	4050	-5	4250	-6	4042	6.835	-2.151
775	NaN	659	NaN	694	0	-27	364	20	16	0	408	-4	4223	-6	3993	-4	4277	-6	3319	6.667	-1.364
775.1	NaN	671	NaN	693.25	0	-33	360	22	17	0	407	-2	4200	-3	3791	-2	4172	-3	3792	6.565	-1.557
775.2	NaN	662	NaN	692.5	0	-31	359	25	20	0	405	-0	4177	-0	3792	-0	4142	-0	3791	6.459	-0.642
775.3	NaN	668	NaN	691.75	0	-34	364	25	20	0	406	-0	4110	-0	3730	-0	4112	-0	3728	6.368	-0.767
775.4	NaN	661	NaN	691	0	-32	363	27	22	0	405	0	4060	0	3692	0	4032	0	3666	6.307	-0.26
775.5	NaN	653	NaN	690.25	0	-34	360	29	24	0	406	2	4026	1	3654	5	4078	2	3645	6.212	-0.774
775.6	NaN	643	NaN	689.5	0	-33	362	29	24	0	408	2	3984	1	3612	5	3936	2	3611	6.182	-0.142
775.7	NaN	645	NaN	688.75	0	-30	359	31	25	0	407	4	3949	2	3604	11	3965	4	3620	6.135	-0.41
775.8	NaN	615	NaN	674	0	-26	361	31	26	0	406	7	3926	3	3624	17	3905	8	3643	6.16	0.582
775.9	NaN	630	NaN	684	0	-24	360	31	26	0	406	6	3923	3	3644	16	3956	8	3666	6.173	0.306
776	NaN	623	NaN	675	0	-22	361	31	26	0	407	6	3923	3	3651	15	3906	8	3689	6.199	0.478
776.1	NaN	628	NaN	747	0	-21	359	31	26	0	406	6	3919	3	3704	15	3953	8	3713	6.21	-0.683
776.2	NaN	627	NaN	683	0	-22	359	31	26	0	407	6	3938	3	3685	15	3897	8	3731	6.225	0.336
776.3	NaN	621	NaN	737	0	-18	362	31	25	0	406	5	3896	3	3763	14	3920	9	3796	6.256	-0.998
776.4	NaN	621	NaN	673	0	-14	364	32	26	0	406	6	3923	4	3746	14	3903	10	3782	6.283	0.649
776.5	NaN	628	NaN	692	0	-13	360	31	26	0	407	6	3912	4	3789	14	3971	10	3842	6.297	0.419
776.6	NaN	632	NaN	684	0	-11	359	31	26	0	406	5	3928	4	3790	14	3916	10	3852	6.317	-0.103
776.7	NaN	623	NaN	695	0	-11	360	31	25	0	407	5	3921	4	3866	12	4000	9	3879	6.341	-0.231
776.8	NaN	622	NaN	723	0	-9	359	32	25	0	406	5	3913	4	3823	12	3911	10	3863	6.357	-0.428
776.9	NaN	630	NaN	694	0	-9	361	32	24	0	406	4	3925	3	3884	10	3955	7	3901	6.374	0.172
777	NaN	623	NaN	707	0	-8	363	31	23	0	407	3	3941	2	3851	9	3911	6	3879	6.365	-0.013
777.1	NaN	658	NaN	692.3958333	0	-8	361	31	20	0	408	1	3853	1	3867	2	3911	2	3879	6.358	-0.108
777.2	NaN	656	NaN	693.4166667	0	-4	362	31	20	0	408	1	3843	0	3834	2	3847	2	3896	6.285	-0.037
777.3	NaN	652	NaN	694.4375	0	-2	358	31	20	0	407	1	3808	1	3887	2	3826	2	3891	6.266	-0.893
777.4	NaN	627	NaN	695.4583333	0	-1	359	31	24	0	407	3	3768	3	3794	8	3780	8	3886	6.237	0.261
777.5	NaN	631	NaN	696.4791667	0	-2	358	31	24	0	407	3	3749	3	3867	8	3806	8	3885	6.23	0.027
777.6	NaN	626	NaN	680	0	0	364	31	24	0	406	3	3774	3	3813	8	3756	8	3861	6.229	0.066
777.7	NaN	621	NaN	699	0	0	361	31	24	0	407	3	3754	3	3848	9	3797	9	3882	6.236	0.055
777.8	NaN	627	NaN	758	0	0	362	30	24	0	405	3	3766	3	3810	9	3747	9	3869	6.229	0.096
777.9	NaN	630	NaN	694	0	-2	358	31	24	0	407	3	3771	3	3849	9	3817	8	3879	6.243	-0.477
778	NaN	624	NaN	696	0	-1	358	31	24	0	408	3	3759	3	3802	9	3772	9	3876	6.241	1.285
778.1	NaN	635	NaN	684	0	-0	359	31	24	0	406	3	3766	3	3862	9	3812	9	3889	6.249	0.357
778.2	NaN	627	NaN	711	0	0	362	31	24	0	407	3	3780	3	3833	9	3759	9	3878	6.234	0.621
778.3	NaN	626	NaN	711	0	-3	363	31	24	0	407	3	3801	3	3871	9	3800	9	3888	6.255	-0.808
778.4	NaN	642	NaN	713	0	-1	359	31	24	0	409	4	3814	3	3842	9	3817	9	3886	6.24	-0.159
778.5	NaN	622	NaN	707	0	-2	357	31	24	0	407	3	3744	3	3875	9	3804	8	3878	6.255	-0.032
778.6	NaN	631	NaN	699	0	-0	359	31	24	0	405	3	3796	3	3823	8	3806	8	3876	6.284	0.41
778.7	NaN	624	NaN	673	0	-1	363	30	24	0	409	3	3792	3	3899	8	3823	8	3902	6.258	0.15
778.8	NaN	634	NaN	691	0	-1	357	31	24	0	406	3	3796	3	3842	9	3820	9	3900	6.268	-0.435
778.9	NaN	631	NaN	721	0	-1	359	31	24	0	406	3	3815	3	3880	9	3829	9	3903	6.292	-0.525
779	NaN	624	NaN	728	0	-1	365	31	25	0	408	4	3861	3	3864	9	3835	9	3916	6.27	0.145
779.1	NaN	631	NaN	682	0	-1	364	31	23	0	407	3	3816	3	3888	7	3838	7	3905	6.308	-0.759
779.2	NaN	634	NaN	697.915625	0	-2	363	31	23	0	407	3	3835	3	3846	7	3833	7	3909	6.306	0.576
779.3	NaN	647	NaN	699.5916667	0	-3	363	31	20	0	407	1	3832	0	3879	3	3834	2	3892	6.283	-0.465
779.4	NaN	653	NaN	701.2677083	0	-2	362	31	21	0	407	1	3824	1	3823	1	3807	1	3901	6.236	-1.088
779.5	NaN	630	NaN	702.94375	0	-3	360	31	23	0	408	3	3803	2	3859	6	3779	6	3867	6.211	-0.499
779.6	NaN	626	NaN	704.6197917	0	-7	361	31	23	0	405	3	3747	2	3804	7	3806	6	3848	6.214	0.354
779.7	NaN	637	NaN	706.2958333	0	-12	360	31	23	0	405	3	3892	2	3787	7	3845	5	3790	6.197	-1.509
779.8	NaN	637	NaN	707.971875	0	-15	361	30	21	0	408	2	3809	1	3685	5	3858	3	3754	6.149	-0.89
779.9	NaN	652	NaN	709.6479167	0	-19	362	28	19	0	408	-0	3891	-0	3676	-0	3874	-0	3688	6.063	-0.897
780	NaN	659	NaN	711.3239583	0	-20	358	27	20	0	405	0	3807	0	3595	0	3791	0	3613	6.021	-1.313
780.1	NaN	622	NaN	724	0	-17	362	32	25	0	404	6	3791	4	3601	15	3806	9	3635	6.024	0.247
780.2	NaN	626	NaN	734	0	-12	363	32	25	0	407	5	3747	3	3647	13	3760	9	3678	6.014	-0.506
780.3	NaN	631	NaN	767	0	0	359	32	25	0	408	4	3686	4	3698	11	3670	11	3727	6.026	-0.261
780.4	NaN	640	NaN	749	0	20	362	32	24	0	406	3	3567	5	3789	8	3569	13	3842	6.024	0.003
780.5	NaN	632	NaN	702	0	39	361	32	24	0	409	2	3407	6	3911	5	3415	16	3931	5.972	-0.171
780.6	NaN	647	NaN	710	0	51	364	32	24	0	407	1	3302	7	4009	3	3291	18	4000	5.92	-0.823
780.7	NaN	637	NaN	715	0	52	362	32	24	0	407	1	3273	7	4031	3	3227	17	4001	5.878	-0.065
780.8	NaN	688	NaN	695	0	51	363	32	24	0	406	1	3286	8	4019	3	3232	19	4000	5.854	-0.625
780.9	NaN	628	NaN	711	0	52	360	32	22	0	406	1	3276	5	3991	2	3201	12	3953	5.826	-0.136
781	NaN	639	NaN	724	0	58	363	32	22	0	406	0	3248	4	3979	1	3137	12	3957	5.757	-0.506
781.1	NaN	636	NaN	736	0	58	361	32	22	0	407	0	3195	4	3937	1	3105	11	3898	5.719	-0.539
781.2	NaN	637	NaN	719	0	59	363	32	21	0	406	0	3173	4	3929	1	3059	11	3876	5.645	-0.338
781.3	NaN	640	NaN	708	0	62	361	31	21	0	406	-0	3092	2	3853	0	3009	5	3803	5.573	-0.841
781.4	NaN	649	NaN	665	0	62	360	31	21	0	407	-0	3049	2	3819	0	2949	4	3760	5.458	-0.22
781.5	NaN	644	NaN	719	0	64	363	31	22	0	405	0	3028	3	3763	0	2876	9	3688	5.394	-1.028
781.6	NaN	626	NaN	702	0	63	362	31	23	0	407	0	2978	5	3708	1	2886	12	3666	5.319	-1.355
781.7	NaN	646	NaN	700	0	62	363	31	23	0	406	0	2947	5	3655	1	2820	13	3641	5.283	-1.174
781.8	NaN	646	NaN	704	0	64	363	31	23	0	407	0	2917	5	3651	1	2799	13	3586	5.226	-0.438
781.9	NaN	652	NaN	705	0	63	359	31	23	0	403	0	2891	5	3602	1	2801	13	3574	5.187	-1.093
782	NaN	627	NaN	746	0	60	358	31	23	0	405	0	2869	5	3579	1	2749	13	3538	5.153	-1.221
782.1	NaN	654	NaN	726	0	60	360	31	23	0	406	0	2839	5	3534	1	2763	14	3505	5.115	0.02
782.2	NaN	672	NaN	700	0	61	363	31	23	0	405	0	2845	5	3551	1	2751	13	3487	5.065	-0.765
782.3	NaN	673	NaN	700	0	61	364	31	23	0	406	0	2818	5	3511	1	2717	12	3460	5.02	-1.276
782.4	NaN	642	NaN	762	0	61	363	31	23	0	407	0	2789	5	3487	1	2706	12	3444	4.999	-0.077
782.5	NaN	637	NaN	744	0	61	364	31	23	0	407	0	2792	5	3460	1	2701	13	3404	4.959	-1.2
782.6	NaN	685	NaN	716	0	61	362	31	23	0	407	0	2755	5	3457	1	2658	13	3376	4.941	-0.562
782.7	NaN	638	NaN	757	0	59	358	31	23	0	407	0	2745	5	3433	1	2677	13	3383	4.9	-0.158
782.8	NaN	637	NaN	745	0	60	361	31	23	0	407	0	2738	4	3399	1	2644	11	3367	4.882	-0.585
782.9	NaN	634	NaN	722	0	59	364	31	23	0	405	0	2728	4	3400	1	2626	10	3332	4.82	-0.966
783	NaN	626	NaN	701	0	57	363	31	23	0	406	0	2701	4	3331	1	2625	10	3306	4.784	-1.123
783.1	NaN	651	NaN	767	0	57	360	31	23	0	407	0	2708	4	3351	1	2608	11	3294	4.763	-1.085
783.2	NaN	669	NaN	724	0	57	363	31	23	0	406	0	2651	4	3292	1	2585	11	3245	4.727	-0.373
783.3	NaN	658	NaN	707	0	59	359	31	23	0	406	0	2651	4	3288	1	2557	11	3223	4.715	-0.831
783.4	NaN	682	NaN	730	0	58	363	31	23	0	407	0	2633	4	3247	1	2557	11	3200	4.675	-0.131
783.5	NaN	638	NaN	730	0	56	362	31	23	0	406	0	2606	4	3225	1	2521	11	3180	4.648	-0.088
783.6	NaN	632	NaN	692	0	55	359	31	21	0	407	0	2618	2	3205	1	2524	6	3138	4.611	-1.46
783.7	NaN	632	NaN	714	0	52	359	31	21	0	406	0	2581	2	3126	1	2528	6	3116	4.576	-0.88
783.8	NaN	625	NaN	694	0	45	361	31	21	0	407	0	2576	2	3109	1	2518	5	3082	4.56	-0.358
783.9	NaN	629	NaN	699	0	41	363	31	21	0	407	0	2591	2	3029	1	2554	4	3003	4.523	-0.429
784	NaN	645	NaN	601	0	35	361	29	19	0	407	-0	2587	-0	2970	-0	2561	-0	2946	4.478	-0.771
784.1	NaN	634	NaN	619	0	31	362	29	19	0	407	-0	2568	-0	2912	-0	2533	-0	2899	4.415	-0.75
784.2	NaN	641	NaN	612	0	27	363	28	18	0	407	-0	2540	-0	2839	-0	2531	-0	2835	4.356	-0.795
784.3	NaN	631	NaN	598	0	22	363	28	18	0	408	-0	2502	-0	2801	-0	2508	-0	2788	4.308	-0.793
784.4	NaN	636	NaN	592	0	18	359	28	18	0	406	-0	2486	-0	2729	-0	2481	-0	2723	4.24	-0.922
784.5	NaN	641	NaN	613	0	12	362	28	18	0	406	-0	2477	-0	2655	-0	2479	-0	2675	4.186	-0.624
784.6	NaN	630	NaN	598	0	7	359	28	18	0	406	-0	2469	-0	2598	-0	2475	-0	2614	4.131	-0.049
784.7	NaN	641	NaN	603	0	4	361	28	18	0	405	-0	2445	-0	2545	-0	2452	-0	2546	4.067	-0.589
784.8	NaN	634	NaN	597	0	5	363	27	16	0	406	-0	2414	-0	2481	-0	2432	-0	2516	3.998	-0.117
784.9	NaN	626	NaN	587	0	2	360	26	16	0	407	-0	2384	-0	2449	-0	2391	-0	2459	3.94	-0.514
785	NaN	639	NaN	602	0	-3	361	24	14	0	406	-3	2376	-3	2381	-3	2351	-3	2392	3.875	-0.963
785.1	NaN	641	NaN	738	0	-6	360	21	11	0	407	-9	2292	-9	2289	-8	2304	-9	2304	3.782	-0.984
785.2	NaN	647	NaN	716	0	-5	359	21	11	0	407	-10	2216	-11	2182	-10	2209	-11	2191	3.605	-1.497
785.3	NaN	657	NaN	767	0	-5	358	20	10	0	405	-11	2073	-12	2076	-11	2085	-11	2094	3.421	-1.65
785.4	NaN	662	NaN	763	0	-6	359	21	10	0	403	-11	1971	-11	1962	-12	1971	-12	1965	3.224	-1.743
785.5	NaN	678	NaN	726	0	-2	362	21	11	0	406	-10	1869	-11	1854	-10	1861	-11	1866	3.046	-1.602
785.6	NaN	612	NaN	611	0	-4	360	22	15	0	407	-3	1784	-3	1773	-3	1791	-3	1784	2.914	-0.843
785.7	NaN	640	NaN	587	0	-4	361	22	16	0	405	-2	1731	-2	1737	-2	1735	-2	1737	2.823	-0.661
785.8	NaN	629	NaN	587	0	-3	362	23	16	0	407	-2	1655	-2	1678	-2	1658	-2	1677	2.741	-0.759
785.9	NaN	626	NaN	572	0	-2	361	23	16	0	407	-2	1607	-2	1605	-2	1612	-2	1633	2.659	-0.351
786	NaN	617	NaN	569	0	0	361	23	16	0	405	-2	1558	-2	1565	-2	1567	-2	1583	2.571	-0.595
786.1	NaN	612	NaN	595	0	-2	356	23	16	0	405	-2	1512	-2	1521	-2	1515	-2	1524	2.495	-1.008
786.2	NaN	619	NaN	612	0	-0	360	23	16	0	404	-2	1460	-2	1475	-2	1463	-2	1480	2.407	-0.946
786.3	NaN	609	NaN	614	0	-2	359	23	16	0	407	-2	1403	-2	1423	-2	1399	-2	1428	2.322	-0.787
786.4	NaN	610	NaN	613	0	-1	361	23	16	0	406	-2	1346	-2	1364	-2	1353	-2	1374	2.232	-0.658
786.5	NaN	605	NaN	616	0	-1	363	23	16	0	408	-2	1295	-2	1293	-2	1304	-2	1311	2.149	-0.638
786.6	NaN	611	NaN	607.5833333	0	-2	360	23	15	0	408	-2	1239	-2	1244	-2	1249	-2	1261	2.057	-0.371
786.7	NaN	656	NaN	608.1666667	0	-0	358	23	15	0	405	-3	1193	-3	1202	-3	1195	-3	1212	1.964	-0.608
786.8	NaN	687	NaN	608.75	0	-1	358	23	12	0	406	-6	1126	-6	1134	-6	1129	-6	1138	1.879	-1.415
786.9	NaN	719	NaN	609.3333333	0	0	363	20	10	0	406	-12	1033	-12	1034	-12	1025	-12	1040	1.731	-1.349
787	NaN	686	NaN	609.9166667	0	-2	358	15	6	0	404	-20	888	-21	900	-20	896	-20	906	1.511	-2.54
787.1	NaN	636.8076923	NaN	610.5	0	-0	361	7	0	0	405	-38	660	-38	664	-39	636	-37	671	1.144	-4.405
787.2	NaN	639.1153846	NaN	611.0833333	0	-2	363	0	0	0	405	-50	360	-40	365	-40	343	-50	361	0.64	-5.131
787.3	NaN	641.4230769	NaN	611.6666667	0	-0	366	0	0	0	409	-0	195	-0	144	-0	160	0	200	0.323	3.126
787.4	NaN	643.7307692	NaN	612.25	0	-1	384	0	0	0	422	-0	115	0	127	-0	129	0	123	0.254	-0.876
787.5	NaN	646.0384615	NaN	612.8333333	0	-1	420	0	0	0	450	-0	60	-0	56	-0	59	-0	56	0.156	-1.277
787.6	NaN	648.3461538	NaN	613.4166667	0	-1	435	0	0	0	466	-0	-1	0	-2	-0	-0	-0	-0	0.026	-0.949
787.7	NaN	650.6538462	NaN	614	0	0	434	0	0	0	461	0	1	0	1	-0	0	-0	0	0.055	0.489
787.8	NaN	652.9615385	NaN	614.5833333	0	-2	430	0	0	0	460	-0	0	0	-0	0	-0	0	-0	0.043	0.316
787.9	NaN	655.2692308	NaN	615.1666667	0	-0	432	0	0	0	460	0	0	-0	0	-0	0	0	0	0.051	0.247
788	NaN	657.5769231	NaN	615.75	0	-0	428	0	0	0	459	0	-0	0	0	-0	0	-0	1	0.052	0.117
788.1	NaN	659.8846154	NaN	616.3333333	0	-2	431	0	0	0	457	0	-0	-0	0	-0	0	-0	1	0.056	0.095
788.2	NaN	662.1923077	NaN	616.9166667	0	-0	431	0	0	0	455	-0	-1	-0	-0	-0	-0	0	0	0.049	0.381
788.3	NaN	665	NaN	619	0	0	433	0	0	0	456	-0	0	-0	-0	-0	-1	0	-1	0.052	0.36
788.4	NaN	663	NaN	618	0	-0	430	0	0	0	457	-0	0	0	0	-0	-0	0	-1	0.052	0.142
788.5	NaN	669	NaN	619	0	-1	426	0	0	0	455	-0	-0	-0	-0	-0	0	0	0	0.055	0.012
788.6	NaN	663	NaN	618	0	-1	426	0	0	0	451	-0	-0	-0	0	-0	1	0	1	0.05	0.041
788.7	NaN	663	NaN	619	0	-0	425	0	0	0	449	-0	-0	-0	-0	-0	0	0	1	0.053	0.229
788.8	NaN	665	NaN	619	0	-2	418	0	0	0	449	-0	-0	-0	0	-0	-0	0	-0	0.053	0.416
788.9	NaN	659	NaN	618	0	1	422	0	0	0	447	-0	0	-0	0	-0	-1	0	-1	0.055	0.339
789	NaN	663	NaN	618	0	0	419	0	0	0	446	-0	-0	-0	-0	-0	-0	0	-0	0.049	0.051
789.1	NaN	665	NaN	616	0	-0	420	0	0	0	447	-0	-0	-0	0	-0	0	0	0	0.05	0.006
789.2	NaN	665	NaN	616	0	-1	414	0	0	0	444	-0	-0	0	0	-0	0	0	1	0.049	0.119
789.3	NaN	663	NaN	617	0	-0	416	0	0	0	441	-0	-0	-0	-0	-0	0	0	1	0.051	0.202
789.4	NaN	666	NaN	615	0	-1	415	0	0	0	443	-0	0	0	-0	-0	-0	0	0	0.051	0.327
789.5	NaN	662	NaN	616	0	0	416	0	0	0	442	-0	0	-0	0	-0	-0	0	-0	0.054	0.367
789.6	NaN	667	NaN	615	0	-1	409	0	0	0	442	-0	0	-0	-0	-0	-0	0	-1	0.045	0.134
789.7	NaN	664	NaN	615	0	-0	389	0	0	0	422	-0	-0	-0	-0	-0	0	0	-0	0.051	-0.06
789.8	NaN	671	NaN	615	0	-3	357	0	0	0	403	-0	-0	-0	-2	-0	-1	0	-1	0.044	0.107
789.9	NaN	666	NaN	618	0	-2	360	0	0	0	405	-0	-3	-0	-3	-0	-3	0	-3	0.044	0.29
790	NaN	670	NaN	617	0	-1	360	0	0	0	405	-0	-1	-0	0	-0	-0	0	-0	0.052	0.288
790.1	NaN	662	NaN	618	0	-0	360	0	0	0	405	-0	1	-0	1	-0	-0	0	0	0.054	0.354
790.2	NaN	663	NaN	617	0	-0	360	0	0	0	406	-0	1	-0	0	-0	-0	0	0	0.039	0.177
790.3	NaN	666	NaN	617	0	0	360	0	0	0	407	-0	1	-0	0	-0	0	0	1	0.042	-0.095
790.4	NaN	666	NaN	618	0	-2	359	0	0	0	405	-0	-1	-0	-0	-0	1	0	1	0.043	0.045
790.5	NaN	667	NaN	618	0	0	361	0	0	0	405	-0	-1	-0	0	-0	-0	0	0	0.047	0.234
790.6	NaN	665	NaN	616	0	1	363	0	0	0	407	-0	0	-0	-0	-0	0	0	-0	0.04	0.306
790.7	NaN	661	NaN	616	0	-0	360	0	0	0	407	-0	1	-0	-0	-0	1	0	-1	0.042	0.419
790.8	NaN	671	NaN	617	0	-0	361	0	0	0	406	-0	2	-0	0	-0	0	-0	-1	0.041	0.344
790.9	NaN	663	NaN	617	0	0	360	0	0	0	404	-0	-0	-0	0	-0	-1	0	-1	0.043	-0.048
791	NaN	664	NaN	618	0	0	360	0	0	0	404	-0	-0	-0	-0	-0	-1	0	-1	0.041	-0.04
791.1	NaN	667	NaN	617	0	-1	359	0	0	0	404	-0	-2	-0	0	-0	0	0	0	0.045	0.099
791.2	NaN	666	NaN	617	0	0	359	0	0	0	408	-0	-1	0	0	-0	1	0	1	0.044	0.282
791.3	NaN	666	NaN	617	0	0	363	0	0	0	405	-0	-1	-0	-0	-0	0	0	1	0.044	0.344
791.4	NaN	661	NaN	616	0	-1	362	0	0	0	406	-0	-1	-0	0	-0	1	-0	1	0.046	0.44
791.5	NaN	662	NaN	616	0	-2	361	0	0	0	406	-0	0	-0	-0	-0	-1	0	-1	0.045	0.03
791.6	NaN	669	NaN	617	0	-1	363	0	0	0	406	-0	1	-0	0	-0	-1	0	-1	0.047	-0.081
791.7	NaN	661	NaN	617	0	1	363	0	0	0	405	-0	1	-0	-0	-0	-0	0	-1	0.049	0.079
791.8	NaN	666	NaN	616	0	-0	363	0	0	0	404	-0	0	-0	-0	-0	0	0	0	0.039	0.249
791.9	NaN	660	NaN	617	0	-0	362	0	0	0	406	-0	-1	-0	-0	-0	1	0	1	0.041	0.338
792	NaN	660	NaN	618	0	-1	360	0	0	0	404	-0	-2	-0	0	-0	1	0	1	0.042	0.464
792.1	NaN	667	NaN	616	0	-2	360	0	0	0	405	-0	-2	-0	-0	-0	-0	0	-1	0.042	0.184
792.2	NaN	669	NaN	617	0	-1	359	0	0	0	405	-0	-0	-0	-0	-0	-1	0	-1	0.043	-0.037
792.3	NaN	665	NaN	616	0	-0	362	0	0	0	406	-0	0	0	-0	-0	-1	0	-1	0.044	0.219
792.4	NaN	665	NaN	616	0	0	361	0	0	0	407	-0	1	-0	-0	-0	-0	0	0	0.041	0.435
792.5	NaN	662	NaN	616	0	-1	362	0	0	0	405	-0	1	-0	0	-0	0	0	1	0.042	0.33
792.6	NaN	665	NaN	617	0	-1	360	0	0	0	406	-0	-1	-0	-0	-0	0	0	1	0.041	0.162
792.7	NaN	661	NaN	617	0	-0	363	0	0	0	404	-0	-1	-0	-0	-0	0	0	-0	0.037	0.082
792.8	NaN	662	NaN	616	0	-0	361	0	0	0	406	-0	-0	-0	0	-0	-0	0	-0	0.04	0.04
792.9	NaN	667	NaN	617	0	-0	365	0	0	0	406	-0	0	-0	-0	-0	-0	0	-1	0.038	0.124
793	NaN	665	NaN	616	0	-2	361	0	0	0	407	-0	1	-0	0	-0	-0	0	-0	0.041	0.271
793.1	NaN	658	NaN	616	0	0	363	0	0	0	406	-0	0	-0	-0	-0	-0	0	-0	0.032	0.292
793.2	NaN	663	NaN	616	0	-0	362	0	0	0	407	-0	0	-0	0	-0	0	0	0	0.035	0.158
793.3	NaN	667	NaN	617	0	-2	360	0	0	0	406	-0	-0	-0	-0	-0	0	0	0	0.038	0.176
793.4	NaN	667	NaN	614	0	-2	359	0	0	0	406	-0	-0	-0	0	-0	0	0	0	0.041	0.223
793.5	NaN	659	NaN	617	0	-1	360	0	0	0	406	-0	-0	-0	-0	-0	-0	0	-0	0.039	0.136
793.6	NaN	662	NaN	616	0	-2	362	0	0	0	406	-0	0	-0	0	-0	0	0	-0	0.042	0.176
793.7	NaN	661	NaN	615	0	-1	363	0	0	0	407	-0	0	-0	-0	-0	-0	0	-0	0.041	0.276
793.8	NaN	659	NaN	616	0	0	363	0	0	0	407	-0	0	-0	0	-0	0	0	0	0.043	0.146
793.9	NaN	661	NaN	616	0	-0	361	0	0	0	406	-0	-0	-0	0	-0	0	0	0	0.045	0.195
794	NaN	658	NaN	614	0	0	362	0	0	0	405	-0	0	-0	0	-0	-0	0	-0	0.043	0.171
794.1	NaN	663	NaN	615	0	-1	362	0	0	0	407	-0	0	-0	-0	-0	0	0	-0	0.042	0.207
794.2	NaN	661	NaN	616	0	-0	363	0	0	0	408	-0	0	-0	-1	-0	0	0	-0	0.044	0.185
794.3	NaN	668	NaN	614	0	-2	358	0	0	0	406	-0	-0	-0	-0	-0	0	0	-0	0.046	0.283
794.4	NaN	660	NaN	613	0	-0	362	0	0	0	406	-0	-0	-0	-0	-0	-0	0	0	0.039	0.097
794.5	NaN	664	NaN	617	0	-0	360	0	0	0	406	-0	-0	0	0	-0	0	0	1	0.042	0.033
794.6	NaN	660	NaN	614	0	-1	363	0	0	0	406	-0	0	-0	-0	-0	-0	0	-0	0.039	0.189
794.7	NaN	664	NaN	615	0	-3	359	0	0	0	407	-0	-1	-0	0	-0	0	0	-0	0.042	0.348
794.8	NaN	660	NaN	615	0	-2	362	0	0	0	407	-0	0	-0	-0	-0	-0	0	-1	0.042	0.275
794.9	NaN	665	NaN	615	0	-2	358	0	0	0	406	-0	1	-0	-0	-0	-0	0	-0	0.045	0.232
795	NaN	659	NaN	614	0	-1	363	0	0	0	406	-0	1	-0	-0	-0	-0	0	0	0.042	0.181
795.1	NaN	666	NaN	613	0	-1	361	0	0	0	407	-0	0	-0	0	-0	0	0	1	0.044	-0.111
795.2	NaN	658	NaN	614	0	-2	360	0	0	0	407	-0	-1	-0	0	-0	0	0	1	0.041	0.119
795.3	NaN	658	NaN	613	0	-1	360	0	0	0	406	-0	-1	-0	-0	-0	-0	0	-0	0.042	0.405
795.4	NaN	658	NaN	613	0	-2	364	0	0	0	407	-0	-1	0	-0	-0	-1	0	-1	0.038	0.395
795.5	NaN	664	NaN	615	0	-0	359	0	0	0	408	-0	0	-0	-0	-0	-1	0	-1	0.03	0.221
795.6	NaN	662	NaN	613	0	-1	362	0	0	0	406	-0	1	-0	0	-0	-0	0	0	0.033	0.093
795.7	NaN	665	NaN	616	0	-2	366	0	0	0	408	-0	-0	0	-0	-0	-0	0	0	0.031	-0.064
795.8	NaN	658	NaN	615	0	0	365	0	0	0	405	-0	-1	-0	-0	-0	0	0	0	0.034	0.045
795.9	NaN	658	NaN	613	0	-2	363	0	0	0	407	-0	-1	-0	-1	-0	-1	0	-1	0.033	0.383
796	NaN	663	NaN	615	0	-1	361	0	0	0	406	-0	-0	-0	0	-0	-0	0	-1	0.036	0.446
796.1	NaN	657	NaN	615	0	-0	366	0	0	0	406	-0	0	-0	-2	-0	-2	0	-2	0.029	0.221
796.2	NaN	661	NaN	616	0	0	360	0	0	0	407	-0	1	-0	-0	-0	-0	0	0	0.033	0.066
796.3	NaN	658	NaN	614	0	-2	360	0	0	0	406	-0	0	-0	-0	-0	0	0	1	0.034	-0.035
796.4	NaN	662	NaN	616	0	-1	363	0	0	0	405	-0	-1	-0	-0	-0	0	0	0	0.033	0.085
796.5	NaN	661	NaN	614	0	-1	358	0	0	0	406	0	-1	-0	-1	-0	-1	0	-1	0.033	0.323
796.6	NaN	666	NaN	616	0	-2	365	0	0	0	407	-0	-0	-0	-1	-0	-2	0	-1	0.034	0.467
796.7	NaN	666	NaN	617	0	-1	361	0	0	0	406	-0	0	-0	0	-0	-0	0	0	0.036	0.261
796.8	NaN	658	NaN	618	0	-2	363	0	0	0	406	-0	1	-0	0	0	0	0	1	0.037	-0.004
796.9	NaN	661	NaN	616	0	-2	363	0	0	0	405	-0	0	-0	-0	0	0	0	1	0.039	0.081
797	NaN	662	NaN	616	0	-0	364	0	0	0	407	-0	-1	-0	-0	-0	0	0	0	0.036	0.135
797.1	NaN	663	NaN	615	0	-0	363	0	0	0	405	-0	-0	-0	0	-0	-0	0	-0	0.039	0.27
797.2	NaN	662	NaN	615	0	-2	361	0	0	0	406	-0	-0	-0	-0	0	-1	0	-1	0.037	0.402
797.3	NaN	663	NaN	617	0	-2	359	0	0	0	407	-0	0	-0	0	-0	-0	0	-1	0.04	0.259
797.4	NaN	659	NaN	615	0	-2	364	0	0	0	406	-0	1	-0	-0	-0	0	0	1	0.037	0.028
797.5	NaN	658	NaN	616	0	-0	361	0	0	0	406	-0	-0	-0	-0	-0	-0	0	0	0.038	0.01
797.6	NaN	662	NaN	616	0	-2	360	0	0	0	406	-0	-1	-0	-0	-0	-0	0	0	0.039	0.213
797.7	NaN	659	NaN	616	0	-1	363	0	0	0	407	-0	-0	-0	-0	-0	0	0	-1	0.041	0.226
797.8	NaN	661	NaN	616	0	-2	361	0	0	0	406	-0	0	-0	0	-0	1	0	-1	0.037	0.445
797.9	NaN	657	NaN	616	0	0	365	0	0	0	408	-0	1	-0	-0	-0	-0	0	-1	0.029	0.203
798	NaN	662	NaN	617	0	0	363	0	0	0	406	-0	1	-0	0	0	-0	0	-1	0.031	-0.055
798.1	NaN	659	NaN	616	0	-2	359	0	0	0	407	-0	0	-0	-0	-0	-1	0	-1	0.025	0.027
798.2	NaN	659	NaN	615	0	-2	360	0	0	0	407	-0	-1	-0	0	-0	1	0	1	0.029	0.195
798.3	NaN	658	NaN	616	0	-1	361	0	0	0	405	-0	-2	-0	-1	-0	0	0	1	0.027	0.282
798.4	NaN	657	NaN	616	0	-1	363	0	0	0	406	-0	1	-0	1	-0	1	0	1	0.033	0.407
798.5	NaN	664	NaN	617	0	-2	358	0	0	0	404	-0	-1	-0	-0	-0	-0	0	-1	0.032	0.274
798.6	NaN	663	NaN	617	0	-0	364	0	0	0	406	-0	-0	-0	-0	-0	-1	-0	-1	0.034	-0.052
798.7	NaN	659	NaN	616	0	0	365	0	0	0	405	0	0	-0	-0	0	-1	0	-1	0.035	0.061
798.8	NaN	661	NaN	617	0	-2	361	0	0	0	407	-0	1	-0	0	0	0	0	1	0.037	0.29
798.9	NaN	657	NaN	616	0	-0	363	0	0	0	405	-0	0	-0	0	-0	1	0	1	0.03	0.339
799	NaN	662	NaN	617	0	-1	360	0	0	0	407	-0	-1	-0	-0	0	-0	0	-0	0.03	0.276
799.1	NaN	657	NaN	618	0	-0	363	0	0	0	407	-0	-0	-0	0	-0	-0	0	-0	0.033	0.156
799.2	NaN	655	NaN	617	0	0	362	0	0	0	407	0	0	-0	-0	-0	-1	0	-1	0.038	-0.041
799.3	NaN	663	NaN	618	0	0	360	0	0	0	404	-0	1	-0	0	-0	0	0	0	0.042	0.169
799.4	NaN	659	NaN	617	0	-0	362	0	0	0	407	-0	0	0	-0	-0	0	0	1	0.033	0.399
799.5	NaN	665	NaN	618	0	-0	362	0	0	0	405	-0	-0	-0	-0	-0	1	0	1	0.035	0.265
799.6	NaN	656	NaN	617	0	-0	363	0	0	0	406	0	-0	-0	0	0	-0	0	-0	0.03	0.187
799.7	NaN	655	NaN	616	0	-2	365	0	0	0	407	-0	-0	-0	0	-0	-0	-0	-1	0.029	0.075
799.8	NaN	664	NaN	616	0	-3	364	0	0	0	405	-0	0	-0	0	0	-0	0	-0	0.03	0.317
799.9	NaN	661	NaN	617	0	-3	359	0	0	0	406	0	0	-0	-0	-0	0	0	0	0.031	0.277
800	NaN	659	NaN	616	0	1	361	0	0	0	406	-0	0	-0	0	-0	1	0	1	0.035	0.247
800.1	NaN	663	NaN	616	0	-0	363	0	0	0	407	-0	-0	-0	0	-0	-0	0	0	0.034	0.145
800.2	NaN	662	NaN	616	0	-1	360	0	0	0	405	-0	0	-0	1	-0	0	0	-0	0.048	-0.032
800.3	NaN	656	NaN	616	0	-2	361	0	0	0	407	-0	2	-0	2	0	2	0	0	0.051	0.105
800.4	NaN	654	NaN	615	0	-2	364	0	0	0	406	0	2	-0	1	-0	2	0	0	0.048	0.372
800.5	NaN	657	NaN	615	0	-2	364	0	0	0	407	-0	1	-0	0	-0	1	0	1	0.041	0.397
800.6	NaN	661	NaN	613	0	-1	359	0	0	0	406	-0	0	-0	1	-0	1	0	2	0.043	0.14
800.7	NaN	658	NaN	614	0	-1	363	0	0	0	406	-0	-0	-0	-1	-0	-0	-0	-1	0.035	0.043
800.8	NaN	658	NaN	614	0	-2	363	0	0	0	404	-0	0	-0	0	-0	0	0	-0	0.038	0.007
800.9	NaN	657	NaN	614	0	-1	362	0	0	0	406	-0	0	-0	-0	-0	-0	0	-0	0.035	0.108
801	NaN	659	NaN	615	0	0	361	0	0	0	407	-0	0	-0	-0	-0	0	0	0	0.038	0.368
801.1	NaN	655	NaN	615	0	0	363	0	0	0	407	-0	0	-0	0	0	1	-0	0	0.036	0.386
801.2	NaN	654	NaN	615	0	-1	359	0	0	0	404	-0	-0	-0	1	-0	0	0	0	0.037	0.001
801.3	NaN	661	NaN	614	0	-1	361	0	0	0	408	-0	-5	-0	-3	-0	-5	0	-3	0.024	0.036
801.4	NaN	655	NaN	616	0	-0	363	0	0	0	406	-0	-1	-0	-1	0	-1	0	-2	0.031	0.153
801.5	NaN	660	NaN	618	0	-2	359	0	0	0	407	-0	1	-0	-0	-0	0	0	-1	0.03	0.17
801.6	NaN	654	NaN	619	0	-2	364	0	0	0	407	-0	1	-0	-0	-0	-0	0	0	0.031	0.403
801.7	NaN	655	NaN	616	0	-0	359	0	0	0	406	-0	-0	-0	0	0	-0	-0	0	0.032	0.324
801.8	NaN	657	NaN	618	0	0	358	0	0	0	406	-0	-2	-0	-1	-0	-1	0	-1	0.03	0.176
801.9	NaN	660	NaN	619	0	-2	363	0	0	0	407	-0	0	-0	1	-0	1	0	1	0.028	-0.108
802	NaN	655	NaN	618	0	-3	361	0	0	0	408	0	0	-0	-1	-0	-0	0	1	0.026	0.108
802.1	NaN	656	NaN	619	0	0	364	0	0	0	406	-0	1	-0	0	0	0	0	0	0.03	0.21
802.2	NaN	655	NaN	618	0	-0	361	0	0	0	406	-0	1	-0	-0	-0	-1	0	-1	0.029	0.364
802.3	NaN	659	NaN	620	0	-1	361	0	0	0	407	-0	-1	-0	-1	0	-1	0	-1	0.03	0.375
802.4	NaN	657	NaN	620	0	-2	361	0	0	0	408	-0	0	-0	-0	0	-0	0	-0	0.019	0.101
802.5	NaN	657	NaN	620	0	-2	360	0	0	0	405	0	-0	-0	-0	0	0	0	0	0.019	-0.087
802.6	NaN	658	NaN	620	0	-2	364	0	0	0	407	-0	-0	-0	0	-0	1	0	1	0.022	0.134
802.7	NaN	655	NaN	619	0	0	362	0	0	0	406	0	-1	-0	-1	-0	-1	0	-1	0.017	0.318
802.8	NaN	663	NaN	621	0	-2	361	0	0	0	405	0	-1	-0	-1	-0	-2	0	-1	0.017	0.265
802.9	NaN	657	NaN	623	0	-3	362	0	0	0	406	0	-2	-0	-4	0	-3	-0	-4	0.01	0.338
803	NaN	660	NaN	622	0	-2	361	0	0	0	406	0	-5	-0	-5	0	-5	0	-4	0.008	0.123
803.1	NaN	657	NaN	625	0	-2	360	0	0	0	406	0	-5	-0	-4	0	-3	0	-3	0.007	-0.097
803.2	NaN	656	NaN	630	0	0	363	0	0	0	406	0	-4	-0	-5	0	-4	-0	-5	0.007	0.109
803.3	NaN	658	NaN	630	0	0	359	0	0	0	407	0	-3	-0	-4	0	-3	-0	-4	0.01	0.361
803.4	NaN	662	NaN	631	0	-1	360	0	0	0	407	0	0	-0	0	0	-0	-0	-0	0.013	0.33
803.5	NaN	658	NaN	631	0	-1	363	0	0	0	406	-0	1	-0	0	0	-0	-0	-0	0.009	0.366
803.6	NaN	654	NaN	629	0	-0	367	0	0	0	407	0	1	-0	-0	0	0	-0	0	0.008	0.134
803.7	NaN	656	NaN	631	0	-1	362	0	0	0	405	0	1	-0	-0	0	1	-0	1	0.01	-0.114
803.8	NaN	652	NaN	631	0	0	365	0	0	0	404	0	-1	-0	-0	0	0	-0	1	0.01	0.051
803.9	NaN	660	NaN	630	0	-2	359	0	0	0	404	0	-1	-0	0	0	0	-0	0	0.009	0.32
804	NaN	654	NaN	630	0	-0	365	0	0	0	406	0	-1	-0	-0	0	-1	-0	-1	0.006	0.37
804.1	NaN	660	NaN	630	0	-1	362	0	0	0	404	0	1	-0	0	0	-0	-0	-1	0.006	0.333
804.2	NaN	653	NaN	632	0	-2	364	0	0	0	404	0	0	-0	-0	0	-0	-0	0	0.005	0.195
804.3	NaN	654	NaN	628	0	-2	362	0	0	0	405	0	1	-0	0	0	0	-0	1	0.008	-0.102
804.4	NaN	661	NaN	630	0	0	360	0	0	0	405	0	-0	-0	0	0	1	-0	1	0.008	0.026
804.5	NaN	655	NaN	629	0	-2	365	0	0	0	407	0	-1	-0	0	0	-0	-0	0	0.009	0.299
804.6	NaN	651	NaN	631	0	-0	365	0	0	0	407	0	-1	-0	-0	0	-0	-0	-1	0.008	0.379
804.7	NaN	661	NaN	631	0	-2	359	0	0	0	407	0	0	-0	0	0	-0	-0	-1	0.006	0.35
804.8	NaN	655	NaN	630	0	-2	362	0	0	0	406	0	1	-0	-0	0	0	-0	0	0.006	0.194
804.9	NaN	652	NaN	630	0	-0	363	0	0	0	405	0	1	-0	0	0	1	-0	1	0.007	-0.062
805	NaN	659	NaN	629	0	-2	358	0	0	0	407	0	-0	-0	0	0	1	-0	1	0.007	0.004
805.1	NaN	654	NaN	631	0	-1	362	0	0	0	405	0	-0	-0	0	0	-0	-0	0	0.01	0.203
805.2	NaN	653	NaN	629	0	-2	365	0	0	0	406	0	-1	-0	-0	0	-0	-0	-1	0.011	0.324
805.3	NaN	656	NaN	630	0	-1	360	0	0	0	404	0	0	-0	-0	0	-1	-0	-1	0.005	0.333
805.4	NaN	656	NaN	630	0	-0	361	0	0	0	405	0	1	-0	0	0	-0	-0	-1	0.006	0.302
805.5	NaN	657	NaN	629	0	-2	361	0	0	0	406	0	0	-0	0	0	0	-0	0	0.004	0.014
805.6	NaN	655	NaN	630	0	-1	362	0	0	0	407	0	0	-0	-0	0	1	-0	1	0.003	-0.083
805.7	NaN	656	NaN	629	0	-1	360	0	0	0	404	0	-0	-0	0	0	0	-0	1	0.007	0.263
805.8	NaN	659	NaN	629	0	-2	360	0	0	0	404	0	-1	-0	-0	0	-1	-0	-0	0.006	0.311
805.9	NaN	658	NaN	629	0	-0	362	0	0	0	408	0	-0	-0	0	0	-1	-0	-1	0.006	0.361
806	NaN	657	NaN	630	0	-1	362	0	0	0	406	0	0	-0	0	0	-0	-0	-1	0.006	0.375
806.1	NaN	662	NaN	631	0	-0	359	0	0	0	407	0	1	-0	0	0	-0	-0	0	0.006	0.07
806.2	NaN	657	NaN	631	0	-2	361	0	0	0	407	0	-0	-0	0	0	-1	-0	1	0.003	-0.082
806.3	NaN	652	NaN	631	0	-3	359	0	0	0	406	0	-0	-0	1	0	0	-0	1	0.005	0.153
806.4	NaN	653	NaN	630	0	-1	363	0	0	0	407	0	-1	-0	-0	0	0	-0	0	0.002	0.233
806.5	NaN	652	NaN	630	0	0	364	0	0	0	406	0	-0	-0	-0	0	0	-0	1	0.004	0.414
806.6	NaN	654	NaN	631	0	-0	361	0	0	0	407	0	0	-0	0	0	0	-0	0	0.004	0.374
806.7	NaN	654	NaN	629	0	-1	362	0	0	0	407	0	-0	-0	2	0	0	-0	-0	0.007	0.164
806.8	NaN	658	NaN	629	0	-2	360	0	0	0	405	0	0	-0	-1	0	-0	-0	0	-0.001	-0.119
806.9	NaN	651	NaN	630	0	-1	363	0	0	0	407	0	-1	-0	-0	0	-0	-0	-0	0.009	0.22
807	NaN	659	NaN	630	0	-0	364	0	0	0	406	0	0	-0	0	0	0	-0	0	0.011	0.13
807.1	NaN	656	NaN	630	0	-1	362	0	0	0	407	0	-0	-0	-1	0	0	-0	1	0	0.305
807.2	NaN	651	NaN	629	0	-2	365	0	0	0	408	0	-1	-0	-0	0	1	-0	0	0.002	0.497
807.3	NaN	655	NaN	632	0	-1	362	0	0	0	404	0	-0	-0	0	0	-0	-0	-0	0.006	0.145
807.4	NaN	658	NaN	629	0	-0	358	0	0	0	407	0	0	-0	-0	0	-1	-0	-1	0.005	0.019
807.5	NaN	654	NaN	630	0	-3	362	0	0	0	408	0	-1	-0	-1	0	-1	-0	-1	0.004	-0.04
807.6	NaN	651	NaN	631	0	-1	362	0	0	0	406	0	1	-0	1	0	1	-0	1	0.011	0.113
807.7	NaN	654	NaN	630	0	-1	363	0	0	0	404	0	-1	-0	-1	0	0	-0	0	0.002	0.254
807.8	NaN	659	NaN	632	0	-2	361	0	0	0	404	0	-0	-0	0	0	1	-0	1	0.008	0.504
807.9	NaN	656	NaN	631	0	-1	361	0	0	0	406	0	-1	-0	-0	0	-0	-0	-0	0.003	0.292
808	NaN	659	NaN	630	0	-2	361	0	0	0	407	0	-1	-0	-1	0	-1	-0	-2	0.001	0.015
808.1	NaN	652	NaN	630	0	-2	361	0	0	0	406	0	1	-0	0	0	-0	-0	-1	0.004	-0.01
808.2	NaN	657	NaN	630	0	-2	362	0	0	0	407	-0	0	-0	0	0	-0	-0	0	0.004	0.113
808.3	NaN	657	NaN	632	0	-0	365	0	0	0	405	0	0	-0	-0	0	0	-0	1	0.003	0.147
808.4	NaN	655	NaN	630	0	-2	363	0	0	0	403	0	-2	-0	-1	0	-1	-0	-1	0.006	0.452
808.5	NaN	658	NaN	629	0	-2	362	0	0	0	407	0	-1	-0	-1	0	-0	-0	-1	0.002	0.334
808.6	NaN	653	NaN	631	0	-2	360	0	0	0	407	0	0	-0	0	0	-0	-0	-0	0.003	0.042
808.7	NaN	656	NaN	630	0	-3	360	0	0	0	406	0	1	-0	1	0	0	-0	0	-0.004	0.215
808.8	NaN	658	NaN	632	0	-2	361	0	0	0	406	0	-0	-0	2	0	0	-0	1	-0.002	0.09
808.9	NaN	653	NaN	631	0	0	361	0	0	0	405	-0	-0	-0	-1	0	-0	-0	-0	-0.011	0.24
809	NaN	654	NaN	631	0	-1	361	0	0	0	407	0	-0	-0	0	0	0	-0	0	-0.006	0.146
809.1	NaN	655	NaN	632	0	0	362	0	0	0	406	0	-0	-0	-0	0	0	-0	-0	-0.007	0.235
809.2	NaN	653	NaN	630	0	-2	363	0	0	0	404	0	-0	-0	0	0	0	-0	0	-0.006	0.13
809.3	NaN	657	NaN	630	0	-1	365	0	0	0	404	0	-0	-0	-0	0	0	-0	0	-0.012	0.264
809.4	NaN	657	NaN	631	0	-0	362	0	0	0	405	0	0	-0	0	0	0	-0	1	-0.01	0.361
809.5	NaN	656	NaN	628	0	0	363	0	0	0	406	0	0	-0	2	0	-0	-0	1	-0.001	-0.036
809.6	NaN	658	NaN	630	0	-0	362	0	0	0	406	0	-0	-0	-2	0	-0	-0	-0	-0.013	-0.044
809.7	NaN	655	NaN	630	0	-1	360	0	0	0	405	0	0	-0	1	0	-0	-0	-0	-0.002	0.189
809.8	NaN	653	NaN	631	0	-2	365	0	0	0	405	0	0	-0	-0	0	0	-0	0	-0.005	0.282
809.9	NaN	661	NaN	631	0	1	360	0	0	0	407	0	1	-0	-0	0	1	-0	0	-0.007	0.443
810	NaN	660	NaN	631	0	-1	360	0	0	0	406	0	-0	-0	0	0	1	0	0	-0.007	0.294
810.1	NaN	650	NaN	631	0	-0	364	0	0	0	406	0	-1	-0	-0	0	0	-0	0	-0.005	0.037
810.2	NaN	655	NaN	631	0	-2	362	0	0	0	407	0	0	-0	0	0	-1	-0	-0	-0.006	-0.109
810.3	NaN	655	NaN	629	0	-1	362	0	0	0	406	0	0	-0	0	0	0	-0	-0	-0.006	0.166
810.4	NaN	658	NaN	629	0	-3	357	0	0	0	408	0	0	-0	-1	0	-0	-0	-1	-0.007	0.335
810.5	NaN	654	NaN	631	0	-2	363	0	0	0	406	0	1	-0	0	0	-0	-0	1	-0.004	0.276
810.6	NaN	661	NaN	630	0	-2	359	0	0	0	408	0	-1	-0	-1	0	-1	-0	0	-0.008	0.189
810.7	NaN	654	NaN	630	0	-2	362	0	0	0	405	0	0	-0	1	0	1	-0	0	-0.001	0.167
810.8	NaN	654	NaN	630	0	-2	363	0	0	0	407	0	0	-0	0	0	0	-0	0	-0.003	0.003
810.9	NaN	655	NaN	629	0	-1	359	0	0	0	406	0	-1	-0	-2	0	-2	-0	-1	-0.012	0.281
811	NaN	656	NaN	630	0	-2	362	0	0	0	406	0	0	-0	1	0	0	-0	1	-0.004	0.239
811.1	NaN	655	NaN	630	0	-2	363	0	0	0	404	0	0	-0	-0	0	-0	-0	0	-0.008	0.044
811.2	NaN	658	NaN	627	0	-3	359	0	0	0	406	0	-0	-0	-0	0	0	-0	0	-0.007	0.129
811.3	NaN	656	NaN	629	0	-2	359	0	0	0	406	0	0	-0	0	0	0	-0	-0	-0.004	0.266
811.4	NaN	651	NaN	628	0	-1	362	0	0	0	404	0	1	-0	-0	0	-0	-0	-1	-0.005	0.411
811.5	NaN	653	NaN	630	0	-3	360	0	0	0	405	0	-0	-0	-0	0	0	-0	-0	-0.003	0.242
811.6	NaN	654	NaN	629	0	-1	363	0	0	0	404	0	-0	-0	0	0	1	-0	0	-0.001	0.183
811.7	NaN	657	NaN	628	0	-3	362	0	0	0	407	0	-1	-0	-1	0	1	-0	0	-0.009	-0.172
811.8	NaN	651	NaN	630	0	-3	362	0	0	0	404	0	-0	-0	2	0	1	-0	1	0.001	0.065
811.9	NaN	656	NaN	629	0	-3	361	0	0	0	406	0	-0	-0	-1	0	-0	-0	-1	-0.009	0.285
812	NaN	659	NaN	629	0	-3	358	0	0	0	405	0	0	-0	-0	0	-0	-0	-1	-0.005	0.489
812.1	NaN	654	NaN	628	0	-1	362	0	0	0	404	-0	0	-0	0	0	0	-0	0	-0.003	0.17
812.2	NaN	652	NaN	630	0	-1	363	0	0	0	407	0	0	-0	-0	0	0	-0	0	-0.004	0.184
812.3	NaN	654	NaN	629	0	-2	362	0	0	0	405	-0	-0	-0	0	0	0	-0	1	-0.002	0.087
812.4	NaN	658	NaN	629	0	-3	362	0	0	0	405	0	-0	-0	0	0	0	-0	0	0	0.13
812.5	NaN	653	NaN	630	0	-1	363	0	0	0	407	0	0	-0	-0	0	-0	-0	0	0.005	0.254
812.6	NaN	655	NaN	629	0	-2	359	0	0	0	407	0	0	-0	0	0	0	-0	0	0.005	0.18
812.7	NaN	654	NaN	629	0	-1	362	0	0	0	404	0	-0	-0	-0	0	0	-0	0	0.003	0.049
812.8	NaN	651	NaN	631	0	-1	365	0	0	0	405	0	0	-0	0	0	-0	-0	0	0.005	0.241
812.9	NaN	656	NaN	630	0	-1	362	0	0	0	406	0	0	-0	-1	0	-0	-0	-1	0.001	0.37
813	NaN	653	NaN	630	0	-0	363	0	0	0	405	0	1	-0	0	0	-0	-0	-1	0.003	0.261
813.1	NaN	656	NaN	630	0	-1	361	0	0	0	405	0	0	-0	-0	0	0	-0	0	0.002	0.106
813.2	NaN	655	NaN	629	0	-2	364	0	0	0	407	0	-1	-0	-0	0	1	-0	1	0.003	0.025
813.3	NaN	655	NaN	629	0	-1	364	0	0	0	405	0	-0	-0	-0	0	0	-0	1	0	0.028
813.4	NaN	653	NaN	630	0	-2	365	0	0	0	408	0	-1	-0	-0	0	-1	-0	-0	0.002	0.359
813.5	NaN	655	NaN	628	0	-3	362	0	0	0	405	0	1	-0	0	0	-1	-0	-1	0	0.49
813.6	NaN	661	NaN	630	0	-3	360	0	0	0	403	0	0	-0	-0	0	0	-0	-1	-0.002	0.236
813.7	NaN	651	NaN	630	0	-3	360	0	0	0	405	0	0	-0	-0	0	1	-0	1	0.003	-0.002
813.8	NaN	659	NaN	629	0	-2	365	0	0	0	405	0	-1	-0	0	0	0	-0	1	0.005	-0.012
813.9	NaN	655	NaN	629	0	-3	365	0	0	0	405	0	-1	-0	0	0	0	-0	1	-0.003	0.146
814	NaN	657	NaN	629	0	-4	365	0	0	0	405	0	0	-0	-0	0	-1	-0	-1	-0.003	0.289
814.1	NaN	655	NaN	630	0	-2	365	0	0	0	404	0	1	-0	0	0	-1	-0	-1	-0.001	0.486
814.2	NaN	652	NaN	629	0	-3	362	0	0	0	406	0	0	-0	-0	0	0	-0	0	-0.002	0.179
814.3	NaN	652	NaN	629	0	-2	359	0	0	0	408	0	-0	-0	-0	0	1	-0	1	-0.002	-0.034
814.4	NaN	657	NaN	629	0	-1	359	0	0	0	404	0	-1	-0	0	0	0	-0	1	-0.001	0.044
814.5	NaN	652	NaN	629	0	-1	363	0	0	0	404	0	-1	-0	0	0	0	-0	0	-0.003	0.233
814.6	NaN	660	NaN	629	0	-1	359	0	0	0	406	0	0	-0	0	0	-0	-0	-1	-0.003	0.211
814.7	NaN	655	NaN	627	0	-4	363	0	0	0	405	0	0	-0	-0	0	-0	-0	-1	0.001	0.304
814.8	NaN	661	NaN	627	0	-2	362	0	0	0	406	0	0	-0	0	0	-0	-0	0	0.002	0.22
814.9	NaN	654	NaN	629	0	-3	363	0	0	0	404	0	0	-0	-0	0	0	-0	0	-0.006	0.117
815	NaN	659	NaN	628	0	-2	360	0	0	0	406	0	-0	-0	-0	0	0	-0	0	-0.006	0.146
815.1	NaN	655	NaN	628	0	-4	363	0	0	0	407	0	-0	-0	-0	0	0	-0	-0	-0.005	0.264
815.2	NaN	653	NaN	629	0	-3	363	0	0	0	407	0	0	-0	-0	0	0	-0	-0	-0.005	0.146
815.3	NaN	658	NaN	629	0	-3	362	0	0	0	406	0	0	-0	0	0	0	-0	0	-0.002	0.155
815.4	NaN	659	NaN	627	0	-4	362	0	0	0	405	0	-0	-0	0	0	-0	-0	0	-0.003	0.167
815.5	NaN	655	NaN	629	0	-2	360	0	0	0	403	0	-0	-0	0	0	0	-0	0	0.005	0.215
815.6	NaN	659	NaN	628	0	-3	360	0	0	0	406	0	0	-0	-0	0	0	-0	1	0.005	0.245
815.7	NaN	654	NaN	628	0	-1	363	0	0	0	406	0	1	-0	0	0	0	-0	0	-0.007	0.373
815.8	NaN	653	NaN	629	0	-1	364	0	0	0	406	0	0	-0	-0	0	-1	-0	-1	-0.008	0.074
815.9	NaN	651	NaN	628	0	-1	367	0	0	0	406	0	-0	-0	-0	0	-0	-0	-1	-0.01	-0.048
816	NaN	654	NaN	628	0	-1	362	0	0	0	407	0	-0	-0	0	0	0	-0	0	-0.009	0.143
816.1	NaN	654	NaN	627	0	-1	361	0	0	0	406	0	-0	-0	0	0	1	-0	1	-0.014	0.38
816.2	NaN	656	NaN	628	0	-1	364	0	0	0	406	0	0	-0	0	0	0	-0	1	-0.014	0.331
816.3	NaN	654	NaN	628	0	-2	363	0	0	0	404	0	-1	-0	-0	0	-0	-0	-0	-0.012	0.423
816.4	NaN	651	NaN	627	0	-1	365	0	0	0	408	0	0	-0	0	0	-0	-0	-0	-0.011	0.065
816.5	NaN	654	NaN	626	0	-2	365	0	0	0	406	-0	1	-0	-0	0	-0	-0	-1	-0.005	-0.077
816.6	NaN	657	NaN	627	0	-3	362	0	0	0	404	0	-0	-0	-0	0	0	-0	0	-0.003	0.137
816.7	NaN	662	NaN	627	0	-2	363	0	0	0	407	0	-1	-0	0	0	1	-0	1	-0.004	0.416
816.8	NaN	661	NaN	627	0	-2	362	0	0	0	407	0	-1	-0	-0	0	0	-0	1	-0.004	0.321
816.9	NaN	653	NaN	628	0	-2	360	0	0	0	407	0	0	-0	-0	0	-1	-0	-0	-0	0.257
817	NaN	657	NaN	628	0	-1	362	0	0	0	406	0	1	-0	-0	0	-1	-0	-1	-0.001	0.008
817.1	NaN	655	NaN	629	0	-1	364	0	0	0	407	0	1	-0	-0	0	0	-0	-1	0	-0.054
817.2	NaN	658	NaN	628	0	-3	362	0	0	0	407	0	0	-0	0	0	1	-0	0	0.001	0.171
817.3	NaN	660	NaN	629	0	-4	361	0	0	0	407	0	-1	-0	-0	0	1	-0	1	-0.002	0.462
817.4	NaN	659	NaN	628	0	-3	360	0	0	0	406	0	-1	-0	0	0	0	-0	1	-0.002	0.369
817.5	NaN	652	NaN	627	0	-3	361	0	0	0	406	0	1	-0	0	0	-1	-0	-0	0.001	0.175
817.6	NaN	654	NaN	628	0	-2	359	0	0	0	405	0	0	-0	-0	0	-1	-0	-1	-0.001	0.047
817.7	NaN	657	NaN	628	0	-0	362	0	0	0	406	0	1	-0	-0	0	0	0	-0	0.001	0.013
817.8	NaN	657	NaN	627	0	-2	361	0	0	0	405	0	-0	-0	-0	0	1	-0	0	0.001	0.139
817.9	NaN	656	NaN	627	0	-1	362	0	0	0	409	0	-1	-0	-0	0	1	-0	1	0.002	0.392
818	NaN	653	NaN	629	0	-1	363	0	0	0	406	0	-1	-0	-0	0	-0	-0	1	0.002	0.185
818.1	NaN	663	NaN	626	0	-0	365	0	0	0	405	0	0	-0	0	0	-1	-0	-0	0.005	0.002
818.2	NaN	661	NaN	627	0	-1	361	0	0	0	406	0	0	-0	0	0	-1	-0	-1	0.005	0.079
818.3	NaN	656	NaN	628	0	-3	362	0	0	0	407	0	1	-0	-0	0	0	-0	-0	0.008	0.296
818.4	NaN	654	NaN	629	0	-2	364	0	0	0	407	0	0	-0	-0	0	0	-0	0	0.007	0.332
818.5	NaN	654	NaN	627	0	-3	364	0	0	0	406	0	-0	-0	0	0	0	-0	0	0.008	0.171
818.6	NaN	659	NaN	626	0	-1	361	0	0	0	407	0	-0	-0	0	0	0	-0	0	0.007	0.144
818.7	NaN	659	NaN	627	0	-2	365	0	0	0	407	0	0	-0	-0	0	-0	-0	-0	0.004	0.131
818.8	NaN	658	NaN	626	0	-2	360	0	0	0	406	0	0	-0	0	0	-0	-0	-0	0.004	0.146
818.9	NaN	654	NaN	627	0	-1	362	0	0	0	406	0	0	-0	-0	0	-0	-0	-0	0.002	0.238
819	NaN	654	NaN	627	0	-1	364	0	0	0	406	0	-0	-0	-0	0	0	-0	0	0.003	0.302
819.1	NaN	653	NaN	627	0	-0	363	0	0	0	407	0	0	-0	0	0	0	-0	0	0.001	0.145
819.2	NaN	652	NaN	627	0	-1	365	0	0	0	405	0	-0	-0	-0	0	0	-0	0	0.001	0.182
819.3	NaN	659	NaN	628	0	-2	364	0	0	0	405	0	-0	-0	0	0	0	-0	-0	0	0.142
819.4	NaN	659	NaN	627	0	-3	362	0	0	0	406	0	0	-0	0	0	0	-0	-0	0.002	0.231
819.5	NaN	651	NaN	627	0	-3	362	0	0	0	407	0	0	-0	0	0	0	-0	0	0.003	0.173
819.6	NaN	658	NaN	627	0	-3	363	0	0	0	407	0	-1	-0	-1	0	-0	-0	-1	-0.001	0.287
819.7	NaN	656	NaN	627	0	-1	361	0	0	0	406	0	0	-0	0	0	0	-0	0	0.003	0.141
819.8	NaN	652	NaN	626	0	-3	366	0	0	0	410	0	-0	-0	0	0	0	0	0	0.001	0.126
819.9	NaN	660	NaN	627	0	-1	360	0	0	0	407	0	-0	-0	0	0	0	0	0	-0.004	0.192
