# F34 BrakeDataPreprocessor optimizer-compatible export
# Source session: endurance529
# Segment type: endurance_stint | source time 2565.300 to 3498.800 s
# Source files: Endurance 5-29.txt
# Format: drs_22_column | estimated: none | missing-as-NaN: tempFLRaw, tempRLRaw | startup-cleaning: trimmed 0.00 s, start 20.5 C, spikes 6307
Time_s	FL_RotorTemp_RAW	FR_RotorTemp_RAW	RL_RotorTemp_RAW	RR_RotorTemp_RAW	DRS_State	Steering_pct	FrontBrakePressure_RAW	AccelPedalA_pct	AccelPedalB_pct	Reserved	RearBrakePressure_RAW	FL_FeedbackTorque_pctMn	FL_FeedbackVelocity_rpm	FR_FeedbackTorque_pctMn	FR_FeedbackVelocity_rpm	RL_FeedbackTorque_pctMn	RL_FeedbackVelocity_rpm	RR_FeedbackTorque_pctMn	RR_FeedbackVelocity_rpm	Velocity_mps	AccelX_mps2
0	NaN	545	NaN	530	0	96	362	0	0	0	404	-0	0	0	0	0	0	0	-249	0.002	0.003
0.1	NaN	543	NaN	530	0	95	363	0	0	0	404	-0	-0	-0	-0	0	0	0	-0	0.001	0.022
0.2	NaN	542	NaN	531	0	96	367	0	0	0	406	-0	-0	0	-0	-0	0	0	-0	0.001	-0.011
0.3	NaN	543	NaN	528	0	95	364	0	0	0	406	-0	0	0	-0	-0	-0	-0	0	0.001	0.031
0.4	NaN	545	NaN	529	0	94	360	0	0	0	405	0	0	0	0	-0	0	-0	-0	0.001	0.009
0.5	NaN	539	NaN	522	0	96	365	0	0	0	405	-0	0	0	0	-0	-0	-0	-0	0.001	-0.012
0.6	NaN	538	NaN	528	0	96	363	0	0	0	406	0	0	0	0	-0	-0	0	0	-0.001	0.026
0.7	NaN	547	NaN	528	0	94	359	0	0	0	405	0	0	0	-0	-0	-0	-0	-0	-0.001	0.022
0.8	NaN	543	NaN	527	0	96	364	0	0	0	405	0	-0	0	0	-0	-0	0	0	-0.001	0.034
0.9	NaN	544	NaN	528	0	96	364	0	0	0	406	-0	0	0	-0	-0	-0	-0	-0	-0.002	0.025
1	NaN	544	NaN	526	0	95	360	0	0	0	404	-0	-0	0	-0	-0	0	0	-0	0.001	-0.005
1.1	NaN	547	NaN	527	0	94	360	0	0	0	405	-0	-0	0	-0	-0	0	0	-0	0.002	0.016
1.2	NaN	546	NaN	527	0	96	361	0	0	0	404	-0	-0	-0	-0	-0	-0	0	0	0.002	0.008
1.3	NaN	545	NaN	527	0	95	364	0	0	0	405	-0	-0	0	-0	-0	0	0	-0	0.002	0.015
1.4	NaN	542	NaN	527	0	94	364	0	0	0	407	-0	0	0	-0	-0	-0	0	0	0.004	0.015
1.5	NaN	544	NaN	529	0	95	364	0	0	0	407	-0	0	0	-0	0	-0	0	-0	0.004	-0.004
1.6	NaN	545	NaN	531	0	94	359	0	0	0	405	-0	0	0	-0	-0	-0	-0	0	0.006	0.014
1.7	NaN	540	NaN	531	0	95	360	0	0	0	405	-0	-0	0	-0	-0	-0	0	0	0.007	0.026
1.8	NaN	547	NaN	532	0	95	361	0	0	0	407	0	-0	-0	-0	0	0	0	0	0.008	0.017
1.9	NaN	544	NaN	529	0	96	360	0	0	0	407	0	0	0	0	0	-0	-0	-0	0.009	0.011
2	NaN	539	NaN	530	0	96	359	0	0	0	405	-0	0	0	-0	-0	-0	-0	-0	0.01	0.022
2.1	NaN	539	NaN	530	0	95	364	0	0	0	407	-0	0	-0	0	0	-0	-0	-0	0.01	0.011
2.2	NaN	542	NaN	530	0	96	363	0	0	0	407	-0	-0	-0	0	0	0	0	-0	0.01	0.02
2.3	NaN	547	NaN	528	0	94	360	0	0	0	407	-0	0	-0	-0	-0	-0	-0	-0	0.01	0.018
2.4	NaN	538	NaN	528	0	95	361	0	0	0	407	-0	0	0	0	0	-0	-0	0	0.012	0.021
2.5	NaN	545	NaN	528	0	95	361	0	0	0	404	0	-0	0	-0	0	0	0	-0	0.012	0.042
2.6	NaN	541	NaN	528	0	96	363	0	0	0	407	-0	-0	0	0	0	0	0	0	0.012	-0.051
2.7	NaN	542	NaN	528	0	96	363	0	0	0	407	-0	-0	-0	-0	-0	-0	0	-0	0.01	0.078
2.8	NaN	543	NaN	528	0	95	361	0	0	0	404	0	0	-0	0	-0	0	0	0	0.012	-0.004
2.9	NaN	543	NaN	528	0	95	361	0	0	0	404	0	0	-0	0	-0	0	0	0	0.012	0.003
3	NaN	543	NaN	527	0	95	361	0	0	0	405	-0	-0	-0	-0	0	-0	0	-0	0.004	0.027
3.1	NaN	541	NaN	528	0	95	363	0	0	0	406	-0	-0	-0	-0	0	0	-0	0	0.006	0.013
3.2	NaN	541	NaN	528	0	95	362	0	0	0	404	-0	-0	0	0	-0	0	0	0	0.005	0.012
3.3	NaN	547	NaN	529	0	96	362	0	0	0	406	-0	0	0	-0	-0	0	-0	-0	0.005	0.011
3.4	NaN	540	NaN	527	0	96	390	0	0	0	417	-0	-0	0	0	-0	0	-0	-0	0.004	-0.001
3.5	NaN	539	NaN	529	0	94	431	0	0	0	464	0	0	-0	-0	-0	-0	0	-0	0.003	0.002
3.6	NaN	543	NaN	528	0	96	462	0	0	0	482	-0	0	0	0	-0	0	0	0	0.005	-0.009
3.7	NaN	539	NaN	528	0	96	460	0	0	0	482	-0	0	0	-0	0	-0	0	-0	0.004	0.051
3.8	NaN	539	NaN	527	0	94	457	0	0	0	481	-0	-0	-0	-0	0	0	-0	-0	0.007	-0.005
3.9	NaN	539	NaN	528	0	96	462	0	0	0	479	-0	-0	-0	0	-0	-0	-0	0	0.009	0.01
4	NaN	543	NaN	528	0	95	453	0	0	0	478	0	-0	0	-0	0	0	-0	-0	0.002	0.015
4.1	NaN	544	NaN	528	0	95	454	0	0	0	473	-0	-0	-0	0	0	0	0	0	0.003	0.008
4.2	NaN	540	NaN	528	0	95	451	0	0	0	475	0	0	0	-0	-0	-0	0	-0	0.005	0.026
4.3	NaN	540	NaN	525	0	96	454	0	0	0	474	-0	-0	-0	-0	-0	0	-0	0	0.005	0.008
4.4	NaN	546	NaN	529	0	94	447	0	0	0	472	-0	0	0	-0	-0	0	0	-0	0.007	-0.009
4.5	NaN	543	NaN	528	0	95	445	0	0	0	471	-0	0	-0	0	-0	0	0	0	0.008	0.04
4.6	NaN	547	NaN	529	0	94	434	0	0	0	460	-0	0	0	-0	-0	0	0	-0	0.005	0.011
4.7	NaN	548	NaN	529	0	95	435	0	0	0	461	-0	0	0	0	-0	0	0	0	0.007	-0.01
4.8	NaN	548	NaN	529	0	95	434	0	0	0	459	-0	-0	0	0	-0	-0	-0	0	0.006	0.05
4.9	NaN	542	NaN	528	0	96	437	0	0	0	459	-0	-0	0	-0	0	-0	0	-0	0.005	0.016
5	NaN	540	NaN	528	0	96	430	0	0	0	456	-0	0	-0	0	0	0	-0	-0	0.005	-0.004
5.1	NaN	540	NaN	529	0	96	431	0	0	0	454	-0	-0	0	-0	-0	-0	0	-0	0.004	0.004
5.2	NaN	546	NaN	528	0	95	424	0	0	0	452	0	-0	0	0	-0	-0	-0	0	0.005	-0.004
5.3	NaN	540	NaN	529	0	96	426	0	0	0	450	-0	0	-0	-0	-0	0	-0	-0	0.004	0.026
5.4	NaN	540	NaN	528	0	95	425	0	0	0	451	-0	-0	0	0	-0	-0	-0	0	0.005	0
5.5	NaN	539	NaN	530	0	95	427	0	0	0	451	-0	0	0	0	-0	0	0	0	0.006	0.023
5.6	NaN	540	NaN	530	0	96	427	0	0	0	450	-0	0	0	0	-0	0	-0	-0	0.007	0.017
5.7	NaN	545	NaN	530	0	95	418	0	0	0	451	-0	0	-0	0	-0	0	0	0	0.006	0
5.8	NaN	540	NaN	530	0	94	427	0	0	0	448	-0	0	0	-0	-0	-0	-0	-0	0.004	0.005
5.9	NaN	545	NaN	529	0	95	419	0	0	0	448	-0	0	0	0	-0	0	-0	-0	0.005	0.001
6	NaN	546	NaN	529	0	94	417	0	0	0	448	-0	-0	0	-0	-0	0	0	-0	0.002	0.027
6.1	NaN	540	NaN	530	0	95	419	0	0	0	448	-0	0	0	-0	-0	-0	0	-0	0.002	0.003
6.2	NaN	540	NaN	529	0	95	421	0	0	0	447	-0	-0	-0	-0	-0	0	0	0	0.002	0.005
6.3	NaN	543	NaN	529	0	95	419	0	0	0	446	0	0	0	-0	0	-0	0	0	0.002	0.006
6.4	NaN	539	NaN	529	0	94	420	0	0	0	446	-0	0	0	-0	-0	-0	-0	0	0.006	0.019
6.5	NaN	541	NaN	529	0	95	418	0	0	0	446	0	-0	-0	-0	-0	-0	0	-0	0.007	0.004
6.6	NaN	539	NaN	529	0	96	416	0	0	0	446	0	0	-0	0	-0	0	-0	0	0.004	0.009
6.7	NaN	545	NaN	529	0	95	418	0	0	0	446	-0	-0	-0	-0	-0	-0	-0	-0	0.004	0.03
6.8	NaN	544	NaN	530	0	95	417	0	0	0	446	0	-0	-0	0	-0	-0	-0	-0	0.005	0.016
6.9	NaN	540	NaN	528	0	96	419	0	0	0	447	-0	0	-0	-0	-0	-0	0	-0	0.005	0.029
7	NaN	540	NaN	530	0	96	414	0	0	0	444	-0	-0	0	0	0	-0	0	0	0.007	-0.005
7.1	NaN	542	NaN	529	0	95	420	0	0	0	442	-0	0	0	0	-0	-0	0	0	0.006	0.031
7.2	NaN	539	NaN	529	0	96	419	0	0	0	444	-0	0	0	-0	-0	0	0	-0	0.008	0.001
7.3	NaN	548	NaN	529	0	96	414	0	0	0	443	-0	0	0	-0	-0	-0	-0	0	0.009	-0.011
7.4	NaN	541	NaN	528	0	96	412	0	0	0	445	-0	0	0	-0	-0	0	-0	0	0.006	0.023
7.5	NaN	546	NaN	530	0	96	421	0	0	0	444	-0	0	0	0	0	0	0	0	0.006	-0.004
7.6	NaN	548	NaN	530	0	94	413	0	0	0	444	-0	-0	-0	-0	0	-0	0	-0	0.001	0.014
7.7	NaN	544	NaN	529	0	95	416	0	0	0	445	-0	-0	0	0	-0	-0	-0	0	0.002	0.011
7.8	NaN	539	NaN	530	0	96	417	0	0	0	444	-0	-0	0	-0	0	0	0	0	0.004	0.037
7.9	NaN	540	NaN	530	0	96	418	0	0	0	443	-0	-0	0	-0	-0	-0	-0	-0	0.003	-0.001
8	NaN	546	NaN	531	0	95	415	0	0	0	443	-0	-0	0	0	-0	0	0	-0	0.007	0.013
8.1	NaN	539	NaN	532	0	96	417	0	0	0	444	-0	0	0	0	-0	-0	0	0	0.008	0.016
8.2	NaN	540	NaN	532	0	94	413	0	0	0	443	-0	0	-0	-0	0	-0	-0	0	0.006	0.024
8.3	NaN	544	NaN	531	0	95	415	0	0	0	445	-0	-0	0	-0	-0	-0	0	-0	0.006	0.007
8.4	NaN	544	NaN	529	0	94	412	0	0	0	444	-0	-0	-0	-0	-0	0	-0	0	0.005	0.023
8.5	NaN	540	NaN	529	0	96	418	0	0	0	444	-0	0	0	-0	-0	0	0	-0	0.004	0.036
8.6	NaN	542	NaN	529	0	95	413	0	0	0	445	-0	0	0	0	-0	0	-0	-0	0.004	0
8.7	NaN	545	NaN	530	0	96	412	0	0	0	443	-0	0	0	-0	-0	-0	0	-0	0.003	0.003
8.8	NaN	540	NaN	530	0	95	415	0	0	0	441	-0	-0	0	0	0	0	0	0	0.004	0.013
8.9	NaN	544	NaN	530	0	95	412	0	0	0	442	-0	0	-0	0	-0	-0	0	-0	0.003	0
9	NaN	539	NaN	529	0	94	416	0	0	0	442	0	-0	0	0	0	0	0	0	0.004	0.045
9.1	NaN	539	NaN	529	0	95	415	0	0	0	442	-0	-0	0	0	-0	0	0	0	0.004	-0.054
9.2	NaN	539	NaN	529	0	94	417	0	0	0	441	-0	-0	0	0	-0	0	0	0	0.004	0.032
9.3	NaN	546	NaN	528	0	96	410	0	0	0	443	-0	-0	0	-0	0	-0	-0	-1	0	-0.003
9.4	NaN	546	NaN	529	0	94	415	0	0	0	442	-0	0	-0	0	-0	-0	0	1	0.006	0.011
9.5	NaN	542	NaN	529	0	96	411	0	0	0	442	-0	0	0	-0	0	-0	0	-0	0.003	-0.021
9.6	NaN	539	NaN	530	0	95	417	0	0	0	442	0	0	0	0	0	-0	-0	0	0.003	0.064
9.7	NaN	546	NaN	528	0	95	413	0	0	0	443	-0	0	-0	-0	-0	0	-0	-0	0.002	0.017
9.8	NaN	539	NaN	529	0	96	418	0	0	0	442	-0	0	0	0	0	-0	0	0	0.002	-0.012
9.9	NaN	538	NaN	529	0	95	412	0	0	0	442	-0	0	-0	-0	-0	0	0	-0	-0	0.016
10	NaN	537	NaN	528	0	95	415	0	0	0	440	-0	0	0	-0	-0	0	0	0	0	0.035
10.1	NaN	544	NaN	528	0	94	411	0	0	0	441	-0	0	0	0	0	0	0	0	0.001	-0.061
10.2	NaN	539	NaN	528	0	95	413	0	0	0	440	-0	-0	-0	-0	-0	0	0	-0	-0.001	0.08
10.3	NaN	546	NaN	528	0	95	410	0	0	0	441	-0	-0	0	-0	0	0	0	-0	-0	-0.024
10.4	NaN	539	NaN	528	0	94	408	0	0	0	440	-0	0	0	0	-0	-0	-0	0	-0	0.034
10.5	NaN	542	NaN	529	0	96	408	0	0	0	439	-0	0	0	-0	-0	-0	-0	-0	-0.001	0.033
10.6	NaN	547	NaN	528	0	96	411	0	0	0	438	0	0	0	0	0	0	-0	-0	0	-0.007
10.7	NaN	539	NaN	529	0	95	412	0	0	0	438	-0	-0	0	-0	-0	0	-0	-0	0.001	0.027
10.8	NaN	543	NaN	530	0	96	412	0	0	0	440	-0	0	0	0	-0	0	-0	0	-0.001	0.008
10.9	NaN	546	NaN	528	0	94	408	0	0	0	438	-0	-0	0	-0	-0	-0	0	-0	-0.002	0.035
11	NaN	538	NaN	530	0	96	411	0	0	0	438	-0	-0	0	0	-0	0	0	0	0.003	-0.011
11.1	NaN	546	NaN	530	0	95	407	0	0	0	438	-0	0	0	-0	-0	-0	0	-0	0.002	0.05
11.2	NaN	545	NaN	529	0	96	407	0	0	0	437	-0	0	0	0	0	-0	0	0	0.002	-0.038
11.3	NaN	545	NaN	530	0	95	410	0	0	0	439	-0	-0	0	0	0	0	0	0	0.003	0.015
11.4	NaN	541	NaN	530	0	94	405	0	0	0	439	-0	0	0	0	-0	0	-0	0	0.001	-0.005
11.5	NaN	536	NaN	529	0	95	407	0	0	0	439	-0	0	0	-0	-0	0	0	-0	-0.001	0.04
11.6	NaN	546	NaN	530	0	96	411	0	0	0	438	-0	-0	0	0	0	-0	-0	0	0.003	-0.01
11.7	NaN	539	NaN	529	0	96	408	0	0	0	439	-0	0	-0	0	-0	-0	0	0	0.004	0.002
11.8	NaN	541	NaN	530	0	96	405	0	0	0	436	-0	-0	-0	0	-0	-0	0	-0	0.003	0.048
11.9	NaN	548	NaN	530	0	96	404	0	0	0	438	-0	-0	0	-0	-0	0	-0	-0	0.003	-0.02
12	NaN	544	NaN	530	0	96	408	0	0	0	436	-0	-0	0	0	-0	0	0	0	0.003	-0.006
12.1	NaN	543	NaN	530	0	95	411	0	0	0	437	-0	-0	-0	-0	-0	0	-0	-0	0.001	-0.007
12.2	NaN	547	NaN	529	0	96	408	0	0	0	440	-0	-0	0	0	0	-0	0	0	0.003	0.007
12.3	NaN	540	NaN	530	0	97	406	0	0	0	438	-0	-0	-0	-0	-0	-0	0	-0	0.001	0.02
12.4	NaN	545	NaN	529	0	96	408	0	0	0	438	-0	0	0	-0	0	0	0	-0	-0	0.007
12.5	NaN	546	NaN	531	0	94	405	0	0	0	439	-0	0	0	0	-0	0	0	-0	0	-0.003
12.6	NaN	539	NaN	530	0	96	410	0	0	0	437	-0	-0	-0	-0	0	-0	0	-0	0.001	0.032
12.7	NaN	547	NaN	532	0	95	403	0	0	0	437	-0	0	-0	-0	0	-0	-0	-0	0.002	-0.019
12.8	NaN	548	NaN	529	0	95	403	0	0	0	436	-0	0	-0	0	-0	0	-0	0	-0.003	0.035
12.9	NaN	543	NaN	530	0	95	408	0	0	0	436	-0	0	0	-0	-0	-0	-0	-0	-0.003	0.015
13	NaN	540	NaN	530	0	95	410	0	0	0	437	-0	-0	-0	-0	-0	0	0	-0	-0.002	0.015
13.1	NaN	541	NaN	530	0	94	405	0	0	0	436	-0	0	0	-0	-0	-0	0	-0	-0.002	-0.012
13.2	NaN	539	NaN	530	0	95	409	0	0	0	436	-0	0	-0	-0	-0	-0	-0	0	-0.001	-0.001
13.3	NaN	549	NaN	530	0	96	405	0	0	0	436	-0	0	-0	-0	0	0	-0	-0	-0.002	0.015
13.4	NaN	541	NaN	531	0	95	407	0	0	0	437	-0	-0	-0	-0	-0	-0	0	0	-0.003	0.014
13.5	NaN	547	NaN	532	0	94	403	0	0	0	436	0	-0	0	0	-0	-0	0	0	-0.003	0.017
13.6	NaN	546	NaN	532	0	94	404	0	0	0	436	-0	0	0	-0	-0	0	0	-0	-0.003	0.018
13.7	NaN	543	NaN	530	0	94	409	0	0	0	436	-0	-0	-0	-0	-0	0	0	-0	-0.003	-0.001
13.8	NaN	543	NaN	531	0	95	410	0	0	0	437	-0	-0	0	-0	0	-0	0	-0	-0.003	0.017
13.9	NaN	546	NaN	532	0	95	403	0	0	0	436	-0	-0	0	0	-0	0	-0	0	-0.003	-0.028
14	NaN	543	NaN	532	0	96	406	0	0	0	436	-0	-0	-0	-0	-0	0	-0	0	-0.001	0.023
14.1	NaN	542	NaN	533	0	94	404	0	0	0	435	-0	-0	0	0	0	0	0	0	-0.001	0.011
14.2	NaN	542	NaN	533	0	96	406	0	0	0	436	-0	0	0	0	-0	0	0	0	-0.002	0.015
14.3	NaN	544	NaN	531	0	95	403	0	0	0	434	0	-0	-0	-0	-0	0	0	0	-0.002	0.008
14.4	NaN	540	NaN	532	0	96	404	0	0	0	431	-0	0	0	-0	0	0	0	0	0.004	0.021
14.5	NaN	542	NaN	530	0	94	404	0	0	0	430	0	0	0	-0	0	0	-0	-0	0.004	0.007
14.6	NaN	548	NaN	531	0	96	397	0	0	0	433	0	0	0	-0	0	-0	0	0	0.003	0.011
14.7	NaN	547	NaN	531	0	95	399	0	0	0	431	-0	-0	-0	0	-0	0	0	-0	0.003	-0.004
14.8	NaN	541	NaN	530	0	96	403	0	0	0	430	-0	-0	0	-0	0	0	-0	0	0.005	0.023
14.9	NaN	546	NaN	531	0	94	399	0	0	0	432	-0	0	-0	0	0	0	0	0	0.006	0.008
15	NaN	540	NaN	531	0	96	403	0	0	0	434	-0	0	0	0	-0	0	0	0	0.005	0.039
15.1	NaN	542	NaN	530	0	96	403	0	0	0	433	-0	0	-0	-0	-0	-0	-0	0	0.005	-0.02
15.2	NaN	544	NaN	529	0	96	404	0	0	0	432	0	-0	-0	0	-0	-0	0	0	0.006	0.009
15.3	NaN	549	NaN	532	0	94	398	0	0	0	430	-0	-0	0	-0	-0	0	0	-0	0.006	-0.025
15.4	NaN	542	NaN	530	0	96	406	0	0	0	431	-0	0	-0	0	-0	-0	0	0	0.007	0.008
15.5	NaN	545	NaN	530	0	96	403	0	0	0	433	-0	-0	0	0	-0	0	0	0	0.006	-0.002
15.6	NaN	540	NaN	530	0	96	404	0	0	0	434	-0	0	0	0	-0	0	-0	0	0.007	0.001
15.7	NaN	541	NaN	531	0	96	405	0	0	0	432	-0	-0	0	0	-0	-0	-0	0	0.008	-0.007
15.8	NaN	544	NaN	531	0	95	401	0	0	0	433	-0	-0	-0	0	-0	0	0	0	0.008	0.013
15.9	NaN	549	NaN	531	0	95	400	0	0	0	432	-0	0	0	-0	0	0	-0	-0	0.008	0.012
16	NaN	543	NaN	530	0	95	403	0	0	0	433	-0	0	-0	-0	0	-0	0	-0	0.008	-0.012
16.1	NaN	545	NaN	530	0	94	404	0	0	0	434	0	-0	0	-0	-0	0	0	0	0.009	0.022
16.2	NaN	540	NaN	531	0	95	405	0	0	0	433	0	-0	0	-0	-0	-0	0	0	0.01	0.034
16.3	NaN	539	NaN	531	0	95	401	0	0	0	432	-0	0	0	0	-0	-0	0	-0	0.009	0.013
16.4	NaN	544	NaN	532	0	95	400	0	0	0	433	-0	0	0	-0	-0	-0	-0	-0	0.008	0.009
16.5	NaN	547	NaN	529	0	95	401	0	0	0	433	-0	-0	0	-0	-0	-0	-0	-0	0.008	-0.013
16.6	NaN	540	NaN	530	0	96	402	0	0	0	433	-0	0	-0	-0	-0	0	0	-0	0.008	0.022
16.7	NaN	540	NaN	530	0	95	402	0	0	0	430	-0	0	0	0	-0	-0	0	-0	0.008	-0.015
16.8	NaN	543	NaN	530	0	95	402	0	0	0	433	-0	0	0	-0	-0	-0	0	0	0.007	0.015
16.9	NaN	545	NaN	530	0	96	400	0	0	0	431	0	0	0	-0	-0	-0	0	-0	0.007	0.028
17	NaN	550	NaN	531	0	95	401	0	0	0	433	-0	0	-0	-0	-0	0	0	0	0.01	-0.001
17.1	NaN	539	NaN	531	0	96	403	0	0	0	430	-0	-0	-0	-0	-0	-0	0	-0	0.011	0.038
17.2	NaN	539	NaN	531	0	96	401	0	0	0	434	-0	-0	0	0	0	-0	-0	0	0.011	0.003
17.3	NaN	548	NaN	530	0	94	396	0	0	0	431	-0	0	0	0	-0	-0	-0	0	0.011	-0.012
17.4	NaN	540	NaN	530	0	95	400	0	0	0	432	-0	-0	0	0	-0	0	0	0	0.01	0.018
17.5	NaN	543	NaN	530	0	94	398	0	0	0	431	0	0	0	0	-0	-0	0	0	0.011	-0.005
17.6	NaN	548	NaN	531	0	95	399	0	0	0	431	-0	0	0	-0	-0	-0	-0	0	0.01	0.028
17.7	NaN	548	NaN	531	0	94	396	0	0	0	431	-0	-0	0	0	0	0	0	-0	0.01	-0.01
17.8	NaN	546	NaN	532	0	95	396	0	0	0	433	-0	-0	0	0	0	-0	0	-0	0.011	0.022
17.9	NaN	548	NaN	532	0	94	397	0	0	0	430	0	0	0	-0	0	-0	0	0	0.012	0.003
18	NaN	546	NaN	533	0	95	399	0	0	0	430	-0	0	-0	-0	-0	-0	0	-0	0.011	0.019
18.1	NaN	541	NaN	532	0	96	401	0	0	0	432	-0	-0	0	-0	-0	-0	0	0	0.011	0.014
18.2	NaN	541	NaN	534	0	96	401	0	0	0	431	-0	-0	0	0	0	-0	-0	-0	0.01	-0.008
18.3	NaN	542	NaN	535	0	94	396	0	0	0	429	-0	0	-0	0	-0	-0	0	0	0.01	0.022
18.4	NaN	541	NaN	535	0	95	398	0	0	0	429	-0	0	0	-0	-0	0	0	0	0.006	0.024
18.5	NaN	541	NaN	534	0	94	395	0	0	0	430	-0	0	0	0	-0	0	-0	0	0.006	0.008
18.6	NaN	548	NaN	532	0	94	395	0	0	0	429	0	-0	-0	0	-0	-0	0	0	0.007	0.02
18.7	NaN	544	NaN	535	0	94	395	0	0	0	430	-0	-0	-0	-0	-0	-0	0	0	0.007	0.029
18.8	NaN	542	NaN	532	0	96	395	0	0	0	426	-0	0	0	-0	0	0	0	-0	0.007	0.004
18.9	NaN	549	NaN	531	0	94	385	0	0	0	422	-0	0	0	-0	0	0	0	0	0.007	0.012
19	NaN	546	NaN	532	0	96	380	0	0	0	417	-0	0	-0	0	-0	0	-0	0	0.011	0
19.1	NaN	543	NaN	532	0	97	370	0	0	0	408	-0	0	-0	0	-0	0	0	-0	0.01	0.009
19.2	NaN	546	NaN	532	0	97	370	0	0	0	407	-0	-0	-0	-0	-0	-0	0	0	0.002	0.01
19.3	NaN	541	NaN	532	0	96	368	0	0	0	407	-0	-0	-0	0	-0	-0	0	-0	0.002	0.009
19.4	NaN	541	NaN	532	0	96	363	0	0	0	407	-0	0	0	0	-0	0	-0	0	0.003	0.016
19.5	NaN	544	NaN	532	0	97	368	0	0	0	407	-0	-0	0	0	-0	0	0	-0	0.003	0.021
19.6	NaN	548	NaN	532	0	97	365	0	0	0	405	-0	0	0	0	-0	0	0	0	0.003	-0.011
19.7	NaN	543	NaN	532	0	96	367	0	0	0	407	-0	-0	-0	-0	-0	-0	0	-0	0.002	0.001
19.8	NaN	541	NaN	532	0	97	366	0	0	0	407	-0	-0	0	-0	-0	0	0	-0	0.003	0.036
19.9	NaN	548	NaN	534	0	96	371	0	0	0	407	0	0	0	0	0	0	-0	0	0.003	-0.029
20	NaN	542	NaN	534	0	95	389	0	0	0	425	-0	0	0	-0	-0	0	0	-0	-0	-0.003
20.1	NaN	545	NaN	533	0	96	442	0	0	0	466	-0	-0	0	0	-0	0	0	0	-0.001	0.063
20.2	NaN	544	NaN	534	0	97	591	0	0	0	582	-0	-0	-0	0	0	0	0	0	0	-0.01
20.3	NaN	542	NaN	533	0	96	668	0	0	0	640	-0	-0	0	-0	0	-0	0	-0	-0.001	0.018
20.4	NaN	543	NaN	533	0	95	690	0	0	0	661	-0	-0	0	0	0	-0	0	0	-0	-0.015
20.5	NaN	549	NaN	533	0	97	692	0	0	0	657	-0	-0	0	0	-0	0	0	0	-0	0.046
20.6	NaN	549	NaN	532	0	95	691	0	0	0	656	-0	0	0	-0	-0	0	-0	-0	-0.001	0.046
20.7	NaN	550	NaN	534	0	97	676	0	0	0	653	-0	-0	-0	0	-0	-0	0	0	0	0.035
20.8	NaN	548	NaN	532	0	97	679	0	0	0	651	0	0	0	0	-0	0	0	-0	0.001	0.03
20.9	NaN	544	NaN	533	0	97	676	0	0	0	651	0	-0	0	0	-0	0	-0	0	0.001	0.014
21	NaN	545	NaN	532	0	97	682	0	0	0	650	-0	-0	0	0	-0	0	0	-0	0.003	-0.037
21.1	NaN	544	NaN	532	0	96	673	0	0	0	649	-0	-0	-0	0	-0	0	-0	0	0.004	0.017
21.2	NaN	542	NaN	533	0	97	675	0	0	0	648	-0	0	0	-0	-0	-0	0	0	0.002	0.049
21.3	NaN	542	NaN	533	0	97	676	0	0	0	647	-0	-0	0	-0	0	0	0	0	0.002	-0.019
21.4	NaN	547	NaN	533	0	96	669	0	0	0	647	-0	-0	0	-0	-0	-0	0	-0	0.003	0.056
21.5	NaN	547	NaN	533	0	96	668	0	0	0	644	-0	0	0	0	-0	-0	0	0	0.004	-0.078
21.6	NaN	546	NaN	533	0	96	662	0	0	0	641	-0	0	0	0	-0	0	0	-0	0.008	0.094
21.7	NaN	540	NaN	533	0	96	661	0	0	0	637	-0	0	0	0	-0	-0	-0	0	0.008	-0.047
21.8	NaN	548	NaN	534	0	95	656	0	0	0	636	-0	0	0	0	-0	-0	0	0	0.001	0.046
21.9	NaN	542	NaN	536	0	97	655	0	0	0	631	-0	-0	-0	0	-0	-0	-0	-0	0.001	-0.014
22	NaN	547	NaN	533	0	96	650	0	0	0	628	-0	-0	0	-0	0	0	0	-0	0.001	0.031
22.1	NaN	548	NaN	534	0	95	643	0	0	0	627	-0	0	-0	-0	-0	0	0	-0	0.001	-0.036
22.2	NaN	542	NaN	533	0	97	650	0	0	0	627	-0	-0	-0	-0	-0	0	0	-0	0.001	-0.016
22.3	NaN	541	NaN	534	0	97	647	0	0	0	624	-0	-0	0	0	-0	-0	0	0	0.003	0.036
22.4	NaN	541	NaN	534	0	97	640	0	0	0	621	-0	-0	-0	-0	-0	0	0	-0	0.003	-0.043
22.5	NaN	544	NaN	533	0	97	636	0	0	0	614	-0	0	0	0	-0	0	0	0	0.005	0.057
22.6	NaN	549	NaN	534	0	96	625	0	0	0	611	-0	-0	-0	-0	0	0	0	-0	-0.001	-0.027
22.7	NaN	549	NaN	533	0	97	629	0	0	0	608	-0	-0	0	-0	0	0	0	-0	-0.001	0.045
22.8	NaN	543	NaN	534	0	96	624	0	0	0	606	0	0	0	-0	-0	0	-0	0	-0.006	0.002
22.9	NaN	549	NaN	533	0	96	619	0	0	0	605	-0	-0	0	-0	-0	-0	-0	-0	-0.007	0.02
23	NaN	544	NaN	535	0	97	625	0	0	0	605	0	0	-0	-0	0	-0	0	-0	-0.005	0.02
23.1	NaN	547	NaN	535	0	96	629	0	0	0	604	-0	0	0	0	0	0	-0	0	-0.004	-0.013
23.2	NaN	550	NaN	534	0	95	619	0	0	0	605	-0	0	0	0	0	0	-0	0	-0.004	0.065
23.3	NaN	548	NaN	534	0	97	622	0	0	0	605	-0	-0	-0	0	0	0	0	0	-0.004	-0.031
23.4	NaN	543	NaN	535	0	97	619	0	0	0	604	-0	-0	0	-0	0	-0	-0	-0	-0.001	0.052
23.5	NaN	541	NaN	534	0	96	626	0	0	0	603	-0	0	0	-0	0	-0	-0	0	-0.001	-0.015
23.6	NaN	543	NaN	534	0	96	628	0	0	0	607	0	0	0	0	-0	0	-0	0	0.006	-0.031
23.7	NaN	545	NaN	534	0	97	635	0	0	0	611	-0	0	0	-0	-0	-0	0	-0	0.005	0.035
23.8	NaN	549	NaN	535	0	96	634	0	0	0	616	-0	0	0	-0	-0	0	0	-0	0.006	-0.071
23.9	NaN	546	NaN	534	0	96	642	0	0	0	625	-0	0	0	-0	0	0	-0	0	0.006	0.065
24	NaN	544	NaN	535	0	96	652	0	0	0	627	-0	0	-0	-0	-0	0	0	-0	0.004	-0.041
24.1	NaN	540	NaN	535	0	96	653	0	0	0	628	-0	0	-0	0	-0	0	-0	0	0.005	0.039
24.2	NaN	540	NaN	536	0	97	649	0	0	0	628	-0	0	-0	-0	-0	-0	0	0	0.005	-0.002
24.3	NaN	541	NaN	535	0	96	652	0	0	0	628	-0	-0	0	-0	-0	0	-0	-0	0.005	0.011
24.4	NaN	542	NaN	534	0	95	649	0	0	0	628	-0	-0	-0	-0	-0	-0	0	0	0.002	0.032
24.5	NaN	544	NaN	535	0	97	651	0	0	0	628	-0	-0	-0	-0	-0	-0	0	-0	0.001	-0.041
24.6	NaN	545	NaN	534	0	97	642	0	0	0	629	-0	-0	-0	0	-0	-0	-0	0	0.001	0.068
24.7	NaN	547	NaN	535	0	96	643	0	0	0	628	-0	0	0	-0	-0	0	0	0	0	-0.087
24.8	NaN	547	NaN	534	0	97	641	0	0	0	627	-0	-0	-0	0	-0	0	-0	0	0.003	0.046
24.9	NaN	543	NaN	534	0	96	643	0	0	0	626	-0	0	0	-0	-0	0	0	-0	0.002	-0.022
25	NaN	544	NaN	535	0	97	645	0	0	0	625	-0	0	0	0	0	0	-0	-0	0.002	0.001
25.1	NaN	541	NaN	536	0	97	636	0	0	0	623	-0	0	0	-0	-0	-0	0	0	0.001	0.051
25.2	NaN	544	NaN	534	0	96	635	0	0	0	621	0	-0	0	-0	-0	0	0	0	-0.002	-0.022
25.3	NaN	548	NaN	534	0	96	635	0	0	0	623	-0	0	0	0	-0	-0	0	-0	-0.002	0.05
25.4	NaN	543	NaN	535	0	96	639	0	0	0	623	-0	-0	0	0	-0	-0	-0	-0	-0.005	-0.011
25.5	NaN	548	NaN	534	0	96	635	0	0	0	622	-0	-0	-0	0	-0	0	0	-0	-0.005	-0.015
25.6	NaN	541	NaN	534	0	97	641	0	0	0	620	-0	0	0	-0	-0	0	0	-0	-0.005	0.068
25.7	NaN	545	NaN	533	0	97	645	0	0	0	621	-0	0	0	-0	-0	0	-0	0	-0.004	-0.038
25.8	NaN	542	NaN	534	0	97	651	0	0	0	631	-0	-0	0	0	-0	0	0	0	-0.003	0.087
25.9	NaN	542	NaN	535	0	96	670	0	0	0	650	-0	-0	0	-0	-0	-0	-0	-0	-0.004	-0.025
26	NaN	540	NaN	534	0	95	665	0	0	0	647	-0	-0	0	0	0	0	0	0	0	0.032
26.1	NaN	1505	NaN	1442	0	96	666	0	0	0	646	0	0	0	-0	0	0	-0	-0	-0.001	0.018
26.2	NaN	1480	NaN	1396	0	96	670	0	0	0	646	0	-0	0	0	0	0	0	0	-0.001	0.009
26.3	NaN	1455	NaN	1392	0	97	670	0	0	0	642	0	-0	-0	0	-0	-0	0	0	-0.001	0.067
26.4	NaN	1465	NaN	1382	0	97	661	0	0	0	639	0	-0	-0	-0	0	0	0	-0	-0.002	-0.013
26.5	NaN	1445	NaN	1393	0	96	655	0	0	0	635	0	0	0	0	-0	-0	0	0	-0.001	0.022
26.6	NaN	1441	NaN	1513	0	97	659	0	0	0	639	0	-0	0	-0	0	-0	-0	-0	0	0.016
26.7	NaN	1498	NaN	1512	0	96	651	0	0	0	636	0	-0	0	0	0	-0	0	0	0.001	-0.074
26.8	NaN	1489	NaN	1479	0	96	651	0	0	0	633	-0	0	0	0	0	0	0	0	0.001	0.048
26.9	NaN	1436	NaN	1459	0	95	645	0	0	0	627	0	0	-0	-0	0	-0	0	-0	-0.001	-0.043
27	NaN	1465	NaN	1426	0	96	631	0	0	0	618	-0	0	-0	0	0	0	0	0	0.001	0.063
27.1	NaN	1476	NaN	1456	0	94	625	0	0	0	613	0	0	0	0	0	-0	0	-0	-0	-0.034
27.2	NaN	1459	NaN	1528	0	94	635	0	0	0	611	0	-0	0	-0	0	0	0	-0	0	0.024
27.3	NaN	1465	NaN	1517	0	94	622	0	0	0	610	0	0	0	-0	0	-0	0	-0	0.001	-0.008
27.4	NaN	1475	NaN	1567	0	95	625	0	0	0	611	0	-0	0	-0	0	0	-0	0	0.007	0.009
27.5	NaN	1433	NaN	1629	0	96	622	0	0	0	605	-0	-0	0	-0	0	-0	0	-0	0.007	0.023
27.6	NaN	1437	NaN	1553	0	97	513	0	0	0	524	-0	-0	0	-0	0	-0	0	-0	0.006	0.027
27.7	NaN	1438	NaN	1587	0	97	394	0	0	0	433	-0	-0	0	-0	-0	0	0	0	0.007	-0.032
27.8	NaN	1457	NaN	1496	0	96	359	0	0	0	405	-0	0	-0	0	-0	-0	-0	0	0.007	-0.012
27.9	NaN	1457	NaN	1555	0	97	355	0	0	0	398	0	-0	0	-0	-0	0	0	-0	0.006	0.112
28	NaN	1456	NaN	1605	0	97	357	0	0	0	401	0	0	-0	0	-0	0	0	0	0.006	0
28.1	NaN	1448	NaN	1524	0	97	359	0	0	0	404	-0	-0	-0	0	-0	-0	0	-0	0.005	-0.032
28.2	NaN	1447	NaN	1533	0	95	355	0	0	0	403	-0	0	-0	-0	-0	-0	0	0	0.005	-0.022
28.3	NaN	1482	NaN	1581	0	96	357	0	0	0	404	-0	-0	-0	0	0	-0	-0	0	0.005	-0.009
28.4	NaN	1442	NaN	1485	0	96	357	0	0	0	401	0	0	-0	-0	0	0	-0	-0	0.003	0.069
28.5	NaN	1437	NaN	1425	0	96	360	0	0	0	404	0	-0	0	0	0	-0	-0	-0	0.002	-0.05
28.6	NaN	1458	NaN	1498	0	96	359	0	0	0	403	0	-0	0	0	0	0	0	0	0.002	0.041
28.7	NaN	1427	NaN	1458	0	96	356	0	0	0	404	0	-0	0	-0	0	-0	0	-0	0.001	-0.021
28.8	NaN	1461	NaN	1508	0	98	359	0	0	0	404	0	-0	0	-0	0	0	0	-0	0.003	0.073
28.9	NaN	1451	NaN	1517	0	99	356	6	0	0	405	-0	0	0	0	0	0	0	-0	0.003	-0.108
29	NaN	1473	NaN	1594	0	99	356	24	17	0	403	-0	0	0	0	0	0	0	0	0	-0.048
29.1	NaN	796	NaN	657	0	99	363	34	28	0	406	-0	33	16	62	0	25	42	62	0.06	1.486
29.2	NaN	877	NaN	1077	0	98	359	35	28	0	405	-0	107	18	145	0	88	48	147	0.181	0.915
29.3	NaN	913	NaN	673	0	100	361	35	28	0	406	-0	178	18	229	0	156	48	220	0.3	1.268
29.4	NaN	842	NaN	914	0	99	359	35	28	0	406	-0	242	18	334	-0	209	47	317	0.411	0.72
29.5	NaN	767	NaN	795	0	99	359	35	28	0	406	-0	300	18	416	-0	258	48	393	0.518	1.172
29.6	NaN	722	NaN	674	0	100	362	35	28	0	405	0	360	19	487	0	311	48	457	0.618	0.969
29.7	NaN	751	NaN	676	0	100	362	35	29	0	405	-1	407	20	572	-0	361	51	539	0.717	1.061
29.8	NaN	695	NaN	786	0	100	361	36	30	0	406	-2	473	23	663	-5	411	59	628	0.838	1.008
29.9	NaN	676	NaN	729	0	100	360	37	31	0	406	-2	552	25	766	-6	482	65	727	0.964	1.258
30	NaN	695	NaN	672	0	100	360	38	32	0	406	-2	641	27	895	-7	558	72	841	1.109	1.639
30.1	NaN	667	NaN	740	0	100	361	39	32	0	406	-3	734	31	1047	-7	633	80	990	1.278	1.497
30.2	NaN	678	NaN	648	0	100	359	40	33	0	407	-3	842	34	1207	-8	734	87	1126	1.482	2.144
30.3	NaN	618	NaN	678	0	100	356	40	33	0	403	-3	972	34	1382	-8	823	87	1286	1.683	1.915
30.4	NaN	636	NaN	670	0	100	359	40	33	0	406	-3	1082	36	1555	-8	919	89	1445	1.882	1.911
30.5	NaN	655	NaN	685	0	100	359	40	33	0	406	-3	1198	35	1699	-8	1009	88	1581	2.078	1.328
30.6	NaN	643	NaN	649	0	100	357	41	33	0	406	-3	1300	34	1861	-8	1116	88	1744	2.274	2.06
30.7	NaN	638	NaN	634	0	100	357	41	33	0	407	-3	1419	35	2030	-8	1226	87	1873	2.487	1.395
30.8	NaN	668	NaN	702	0	100	361	42	35	0	406	-3	1544	37	2209	-9	1335	97	2071	2.704	1.142
30.9	NaN	589	NaN	668	0	98	359	43	35	0	404	-3	1688	39	2359	-8	1463	101	2218	2.951	2.704
31	NaN	639	NaN	708	0	82	362	43	35	0	407	0	1845	37	2529	-2	1627	94	2416	3.226	2.875
31.1	NaN	660	NaN	737	0	43	356	43	36	0	407	8	2058	29	2552	22	1992	75	2546	3.59	3.771
31.2	NaN	661	NaN	674	0	17	360	43	37	0	403	15	2307	23	2545	38	2320	59	2562	3.921	3.517
31.3	NaN	634	NaN	670	0	1	359	43	37	0	407	19	2570	20	2628	48	2593	50	2669	4.191	2.996
31.4	NaN	649	NaN	694	0	-13	363	43	37	0	405	22	2820	16	2749	56	2843	41	2748	4.481	2.138
31.5	NaN	635	NaN	673.3888889	0	-29	362	43	37	0	407	26	3067	13	2805	66	3104	32	2836	4.763	3.172
31.6	NaN	609	NaN	669.7777778	0	-36	358	43	37	0	404	28	3340	11	2938	70	3338	28	2945	4.994	3.181
31.7	NaN	630	NaN	666.1666667	0	-41	358	44	38	0	406	30	3554	11	3097	76	3583	27	3074	5.257	2.325
31.8	NaN	626	NaN	662.5555556	0	-38	358	45	38	0	407	32	3750	11	3251	80	3756	30	3250	5.606	3.026
31.9	NaN	648	NaN	658.9444444	0	-34	360	45	38	0	405	30	3895	13	3498	77	3941	33	3455	5.923	3.498
32	NaN	585	NaN	655.3333333	0	-28	362	45	38	0	406	29	4080	14	3679	73	4112	37	3698	6.245	3.647
32.1	NaN	625	NaN	651.7222222	0	-21	356	45	38	0	405	28	4198	16	3935	68	4264	40	3932	6.559	3.802
32.2	NaN	647	NaN	648.1111111	0	-15	359	45	38	0	407	26	4349	18	4151	64	4382	44	4175	6.869	3.213
32.3	NaN	642	NaN	693	0	-12	357	45	38	0	406	25	4468	20	4405	60	4540	47	4417	7.186	3.429
32.4	NaN	613	NaN	721	0	-13	358	44	35	0	405	23	4643	17	4517	57	4651	41	4587	7.442	2.65
32.5	NaN	589	NaN	671	0	-13	359	42	33	0	406	21	4832	15	4696	50	4887	36	4739	7.711	2.323
32.6	NaN	594	NaN	645	0	-17	362	47	40	0	406	30	4998	20	4831	73	5084	49	4899	7.928	2.903
32.7	NaN	608	NaN	639	0	-28	363	42	35	0	405	22	5264	12	4864	55	5266	29	4882	8.232	1.306
32.8	NaN	580	NaN	625	0	-30	362	45	38	0	403	33	5539	16	5098	75	5573	38	5098	8.567	4.717
32.9	NaN	543	NaN	673	0	-23	359	39	32	0	405	15	5549	9	5132	38	5605	21	5151	8.674	1.371
33	NaN	524	NaN	505	0	-20	359	31	21	0	407	1	5489	1	5245	3	5459	2	5223	8.793	-1.232
33.1	NaN	493	NaN	494	0	-31	363	35	30	0	405	4	5569	2	5149	10	5569	5	5153	8.717	-0.819
33.2	NaN	474	NaN	652	0	-37	359	36	35	0	405	10	5658	4	4968	24	5674	10	4983	8.619	-0.057
33.3	NaN	471	NaN	657	0	-48	358	37	33	0	404	17	5734	5	4988	42	5733	12	4945	8.645	-0.515
33.4	NaN	564	NaN	670	0	-44	357	46	40	0	404	40	5926	12	5125	90	5844	29	5064	8.814	4.564
33.5	NaN	531	NaN	697	0	-31	363	39	33	0	405	17	5917	7	5192	40	5917	18	5189	8.956	1.775
33.6	NaN	525	NaN	507	0	-8	362	29	19	0	405	0	5594	0	5458	0	5640	0	5440	9.051	-1.565
33.7	NaN	525	NaN	653	0	17	357	34	26	0	406	6	5323	8	5748	14	5377	20	5674	8.982	-0.643
33.8	NaN	583	NaN	644	0	30	357	35	27	0	405	5	5209	10	5796	12	5238	25	5823	8.975	0.409
33.9	NaN	579	NaN	604	0	38	362	47	38	0	406	12	5150	33	6008	31	5203	78	6073	8.955	1.523
34	NaN	545	NaN	557	0	39	359	48	40	0	406	14	5317	38	6240	34	5432	88	6259	9.266	1.795
34.1	NaN	570	NaN	564	0	42	363	48	38	0	406	14	5516	36	6445	31	5510	87	6474	9.573	2.275
34.2	NaN	552	NaN	588	0	41	362	46	36	0	405	12	5624	34	6685	29	5682	80	6661	9.802	3.841
34.3	NaN	565	NaN	603	0	43	361	43	34	0	405	8	5645	26	6693	20	5774	60	6698	9.905	-1.432
34.4	NaN	560	NaN	590	0	41	358	45	35	0	405	10	5813	30	6774	25	5797	71	6816	10.155	3.119
34.5	NaN	576	NaN	587	0	44	362	45	35	0	405	10	5889	31	6958	25	5921	72	7028	10.303	1.166
34.6	NaN	589	NaN	582	0	44	358	45	35	0	406	10	5980	32	7027	24	6068	73	7107	10.51	1.103
34.7	NaN	600	NaN	588	0	45	361	45	35	0	404	10	6108	32	7140	24	6153	72	7164	10.675	1.177
34.8	NaN	570	NaN	578	0	43	363	44	34	0	404	10	6197	29	7178	23	6314	68	7223	10.87	0.204
34.9	NaN	551.875	NaN	566	0	43	358	45	35	0	405	11	6291	32	7341	26	6278	73	7410	10.996	2.71
35	NaN	547.75	NaN	568	0	42	361	45	36	0	406	11	6414	32	7423	25	6484	72	7484	11.208	1.95
35.1	NaN	543.625	NaN	587	0	38	358	45	35	0	405	12	6561	30	7413	27	6859	69	7523	11.434	0.96
35.2	NaN	539.5	NaN	602	0	10	357	45	37	0	407	20	6756	25	7576	46	7956	57	7856	11.439	3.907
35.3	NaN	535.375	NaN	595.5	0	17	357	36	32	0	404	8	7195	13	7322	20	7003	29	7403	11.712	-0.951
35.4	NaN	531.25	NaN	625	0	12	357	39	31	0	406	12	6987	16	7573	28	7077	36	7585	11.752	0.048
35.5	NaN	527.125	NaN	603	0	12	363	42	36	0	406	17	7100	23	7542	39	7213	52	7580	11.928	2.997
35.6	NaN	574	NaN	634	0	11	358	38	33	0	406	13	7201	16	7687	29	7246	37	7692	12.135	0.849
35.7	NaN	610	NaN	600	0	13	359	42	31	0	404	15	7347	19	7748	33	7417	44	7788	12.356	2.539
35.8	NaN	618	NaN	603	0	6	361	41	33	0	405	15	7458	18	7844	34	7519	41	7872	12.432	1.456
35.9	NaN	530	NaN	647	0	8	360	37	27	0	404	9	7464	11	7829	21	7525	24	7814	12.567	0.52
36	NaN	546	NaN	680	0	7	360	37	27	0	406	10	7525	11	7908	22	7577	24	7909	12.591	0.238
36.1	NaN	523	NaN	733	0	7	361	37	27	0	403	9	7572	11	7903	20	7606	24	7922	12.662	1.521
36.2	NaN	500	NaN	700	0	1	360	38	31	0	404	9	7661	9	7874	21	7676	21	7883	12.664	0.765
36.3	NaN	517	NaN	511	0	-3	359	30	22	0	405	-0	7592	0	7740	0	7614	0	7774	12.64	-0.102
36.4	NaN	523	NaN	513	0	-2	360	31	22	0	402	0	7561	0	7606	1	7637	1	7645	12.506	-0.168
36.5	NaN	521	NaN	512	0	-4	361	30	22	0	405	0	7528	1	7589	1	7513	1	7576	12.367	-0.313
36.6	NaN	517	NaN	515	0	-6	361	31	22	0	407	1	7509	1	7533	2	7491	2	7570	12.271	-0.965
36.7	NaN	500	NaN	554	0	-5	363	32	24	0	404	4	7486	4	7467	10	7490	9	7467	12.225	1.742
36.8	NaN	516	NaN	516	0	-5	360	24	13	0	404	-3	7421	-4	7398	-3	7356	-3	7373	12.115	-2.071
36.9	NaN	556	NaN	616	0	-5	357	15	4	0	403	-12	7274	-14	7233	-11	7268	-11	7190	11.961	-2.782
37	NaN	551	NaN	690	0	-5	360	15	7	0	404	-25	7069	-26	7034	-21	6991	-23	6939	11.574	-4.683
37.1	NaN	561	NaN	682	0	-5	357	16	8	0	404	-21	6804	-22	6807	-18	6823	-19	6794	11.261	-3.765
37.2	NaN	535	NaN	532	0	-2	362	20	12	0	404	-11	6687	-11	6685	-10	6728	-10	6709	10.993	-3.008
37.3	NaN	519	NaN	510	0	-2	362	24	16	0	405	-1	6623	-2	6644	-2	6627	-2	6640	10.824	-1.996
37.4	NaN	485	NaN	657	0	-3	357	33	25	0	404	6	6629	5	6676	13	6631	13	6711	10.763	0.178
37.5	NaN	481	NaN	648	0	-5	358	35	26	0	405	8	6625	7	6669	19	6632	17	6671	10.811	0.233
37.6	NaN	500	NaN	693	0	-7	361	35	26	0	404	8	6648	7	6603	19	6630	16	6638	10.818	1.055
37.7	NaN	504	NaN	495	0	-7	361	32	22	0	406	3	6602	3	6555	7	6664	6	6608	10.791	0.686
37.8	NaN	517	NaN	511	0	-6	361	31	21	0	406	1	6589	1	6536	4	6656	3	6577	10.74	-0.595
37.9	NaN	514	NaN	506	0	-4	363	31	22	0	404	2	6542	2	6574	5	6590	5	6531	10.672	-2.028
38	NaN	518	NaN	492	0	-2	362	32	21	0	406	2	6501	2	6559	5	6494	6	6507	10.656	-1.395
38.1	NaN	521	NaN	512	0	0	358	31	20	0	405	0	6423	1	6530	1	6425	2	6481	10.573	-0.696
38.2	NaN	518	NaN	514	0	3	361	20	9	0	404	-5	6317	-4	6496	-4	6292	-3	6465	10.469	-0.214
38.3	NaN	554	NaN	695	0	7	562	0	0	0	553	-24	5998	-22	6204	-21	5954	-19	6204	10.121	-6.18
38.4	NaN	546	NaN	716	0	8	617	0	0	0	618	-43	5481	-39	5812	-39	5334	-35	5614	9.398	-9.552
38.5	NaN	533	NaN	691	0	12	416	0	0	0	440	-55	4942	-49	5388	-52	4782	-45	5194	8.582	-6.997
38.6	NaN	543	NaN	703	0	24	362	0	0	0	402	-58	4445	-46	5096	-55	4436	-42	5025	7.958	-6.866
38.7	NaN	528	NaN	518	0	34	359	28	19	0	407	0	4328	0	4976	0	4294	0	4937	7.495	-1.396
38.8	NaN	524	NaN	631	0	44	361	32	23	0	405	1	4212	3	4987	2	4145	8	4943	7.384	-2.081
38.9	NaN	525.4444444	NaN	651	0	60	363	39	28	0	406	3	4160	19	5142	9	4170	46	5088	7.423	1.167
39	NaN	528.3888889	NaN	624	0	78	362	39	28	0	406	1	4115	22	5217	2	3955	53	5199	7.402	-0.887
39.1	NaN	531.3333333	NaN	652	0	80	362	39	29	0	406	1	4039	23	5379	2	3874	57	5279	7.38	-0.596
39.2	NaN	534.2777778	NaN	633	0	81	360	39	29	0	406	0	4041	24	5340	2	3890	59	5255	7.459	0.688
39.3	NaN	537.2222222	NaN	590	0	78	366	44	33	0	406	1	4051	36	5525	4	3890	86	5480	7.437	0.106
39.4	NaN	540.1666667	NaN	572	0	74	358	47	38	0	406	3	4160	43	5581	8	4076	105	5600	7.741	1.624
39.5	NaN	543.1111111	NaN	641	0	36	359	67	57	0	406	29	4619	73	5878	69	4848	178	6029	8.18	6.506
39.6	NaN	546.0555556	NaN	589	0	-2	361	49	43	0	407	31	5311	29	5594	76	5383	72	5718	8.805	4.893
39.7	NaN	525	NaN	520	0	-36	367	25	25	0	404	0	5559	-1	5090	-1	5541	-1	5123	8.751	-1.744
39.8	NaN	534	NaN	525	0	-50	363	16	10	0	405	-3	5737	-3	5016	-2	5783	-3	5001	8.75	-1.992
39.9	NaN	547	NaN	709	0	-65	359	50	49	0	404	60	6046	8	4842	137	6097	20	4871	8.514	1.269
40	NaN	534.75	NaN	505	0	-73	358	34	29	0	404	16	5936	1	4882	39	5925	3	4843	8.804	-1.021
40.1	NaN	536	NaN	666	0	-65	359	47	46	0	407	27	6226	3	4913	63	6194	9	4779	8.678	0.153
40.2	NaN	537.25	NaN	661	0	-59	359	42	34	0	405	30	6153	5	4948	70	6136	12	4985	8.935	0.633
40.3	NaN	538.5	NaN	648	0	-45	361	48	41	0	404	42	6322	13	5265	100	6552	32	5270	9.184	3.656
40.4	NaN	539.75	NaN	643	0	-37	357	55	47	0	406	51	6346	20	5619	117	6436	46	5824	9.515	4.32
40.5	NaN	541	NaN	631	0	-28	359	58	49	0	406	52	6684	26	6040	124	6717	64	6115	10.048	5.712
40.6	NaN	542.25	NaN	634	0	-30	361	62	55	0	405	63	7015	30	6297	146	7043	69	6478	10.553	5.329
40.7	NaN	543.5	NaN	628	0	-33	358	59	53	0	403	60	7358	27	6709	138	7333	64	6705	11.197	5.355
40.8	NaN	544.75	NaN	617	0	-25	364	62	56	0	404	56	7759	32	7065	128	7797	69	7005	11.777	6.765
40.9	NaN	561	NaN	577	0	-18	361	61	53	0	404	52	7859	34	7500	114	7936	78	7618	12.374	6.477
41	NaN	580	NaN	570	0	-19	357	77	70	0	406	50	8234	33	7926	113	8303	74	7925	12.914	6.84
41.1	NaN	545	NaN	571	0	-17	361	100	100	0	407	48	8502	33	8204	106	8589	73	8225	13.449	6.785
41.2	NaN	537	NaN	554	0	-10	359	100	100	0	407	44	8758	35	8535	95	8885	75	8589	13.957	5.897
41.3	NaN	551	NaN	557	0	-5	362	100	100	0	406	41	8901	36	8885	89	9101	77	9002	14.44	5.535
41.4	NaN	534	NaN	550	0	1	361	100	100	0	406	37	9093	39	9215	78	9290	83	9380	14.883	4.348
41.5	NaN	555	NaN	564	0	2	361	100	100	0	405	36	9342	38	9556	77	9493	79	9670	15.312	3.756
41.6	NaN	547	NaN	558	0	-1	360	100	100	0	406	37	9676	35	9876	75	9644	76	9949	15.725	3.794
41.7	NaN	539	NaN	547	1	-3	359	100	100	0	407	37	9926	35	10025	75	10001	70	10082	16.137	3.897
41.8	NaN	515	NaN	563	1	-3	362	100	99	0	406	37	10128	34	10169	74	10288	67	10301	16.514	3.744
41.9	NaN	515	NaN	571	1	-3	362	93	84	0	406	33	10351	31	10471	66	10456	64	10569	16.837	1.503
42	NaN	538	NaN	545	1	-2	362	93	85	0	404	27	10498	25	10575	54	10593	51	10646	17.142	2.486
42.1	NaN	539	NaN	632	1	-3	360	90	81	0	404	22	10605	20	10659	43	10729	39	10767	17.341	1.528
42.2	NaN	583	NaN	606	1	-1	363	89	79	0	404	22	10688	20	10886	43	10753	40	10911	17.514	3.172
42.3	NaN	564	NaN	612	1	-1	361	90	78	0	404	16	10805	16	10845	33	10870	31	10942	17.664	2.129
42.4	NaN	553	NaN	570.1590909	1	-3	357	86	76	0	405	16	10797	16	11001	31	10903	30	11075	17.746	0.338
42.5	NaN	538	NaN	569.3181818	1	-1	357	83	73	0	404	15	10882	14	11058	30	10954	27	11065	17.822	-0.208
42.6	NaN	510	NaN	568.4772727	0	3	363	15	6	0	410	6	10776	7	11024	15	10926	13	11084	17.899	0.607
42.7	NaN	551	NaN	567.6363636	0	4	700	0	0	0	696	-20	10204	-19	10860	-15	10116	-14	10705	17.5	-6.464
42.8	NaN	548	NaN	566.7954545	0	9	799	0	0	0	745	-42	9528	-37	10171	-32	8734	-29	10160	16.584	-11.12
42.9	NaN	535	NaN	565.9545455	0	13	472	0	0	0	495	-59	9069	-53	9739	-47	5220	-42	9646	15.591	-9.435
43	NaN	532	NaN	565.1136364	0	21	355	0	0	0	402	-61	8373	-49	9396	-50	2521	-41	9299	14.93	-7.283
43.1	NaN	535	NaN	564.2727273	0	5	362	3	0	0	405	-50	5891	-49	9003	-8	1093	-40	8667	14.353	-6.731
43.2	NaN	538	NaN	563.4318182	0	5	359	7	0	0	405	-46	6720	-44	8642	-39	848	-36	8539	13.502	-2.549
43.3	NaN	539	NaN	562.5909091	0	3	364	10	2	0	403	-45	6890	-45	8362	-30	1159	-38	8027	12.872	-7.697
43.4	NaN	505	NaN	561.75	0	-14	361	37	28	0	405	12	7201	9	7966	28	4023	23	8120	12.221	-3.976
43.5	NaN	536	NaN	560.9090909	0	-6	362	37	30	0	403	12	7548	10	7570	27	7801	23	7640	12.112	0.496
43.6	NaN	532	NaN	560.0681818	0	-4	362	37	26	0	406	10	7425	10	7541	22	7601	21	7597	12.132	0.563
43.7	NaN	518	NaN	559.2272727	0	6	359	30	21	0	407	5	7406	6	7505	10	7492	11	7514	12.213	-0.539
43.8	NaN	552	NaN	558.3863636	0	23	361	27	18	0	406	0	7010	0	7745	0	7084	0	7654	12.084	-2.887
43.9	NaN	557	NaN	557.5454545	0	23	361	32	21	0	407	1	6925	1	7664	2	6901	4	7676	11.948	-2.045
44	NaN	576	NaN	556.7045455	0	32	361	36	25	0	406	7	7078	12	7731	13	6943	26	7700	11.896	-4.093
44.1	NaN	584	NaN	555.8636364	0	34	361	38	27	0	405	7	6861	15	7812	16	7044	34	7814	11.809	-2.851
44.2	NaN	554	NaN	555.0227273	0	43	363	24	13	0	407	-4	6506	-2	7574	-4	6742	-2	7605	11.774	-2.921
44.3	NaN	560	NaN	554.1818182	0	40	362	24	12	0	405	-3	6513	-3	7640	-3	6328	-2	7593	11.465	-3.908
44.4	NaN	551	NaN	553.3409091	0	46	358	18	7	0	406	-11	6064	-7	7269	-10	6189	-6	7347	11.246	-2.441
44.5	NaN	557	NaN	558	0	46	360	16	5	0	406	-31	5801	-19	7150	-28	4928	-17	7078	10.777	-5.069
44.6	NaN	553	NaN	558	0	50	356	14	3	0	404	-38	5393	-23	6820	-35	4275	-21	6821	10.288	-6.996
44.7	NaN	553	NaN	525	0	48	362	24	14	0	407	-4	5373	-2	6662	-3	3899	-2	6629	9.804	-3.424
44.8	NaN	556	NaN	529	0	49	360	28	20	0	407	0	5088	0	6340	0	5216	0	6374	9.535	-1.983
44.9	NaN	552	NaN	569	0	37	363	50	40	0	406	14	5278	37	6442	36	5739	92	6583	9.325	0.423
45	NaN	549	NaN	558	0	34	358	50	43	0	406	19	5903	42	6401	44	5746	100	6437	9.711	3.073
45.1	NaN	542	NaN	563	0	39	361	52	43	0	405	17	5782	44	6701	40	5785	106	6741	10.012	3.246
45.2	NaN	553	NaN	584	0	39	359	53	43	0	406	19	6003	46	6989	43	6101	107	6990	10.358	3.741
45.3	NaN	535	NaN	549	0	37	358	55	47	0	406	19	6210	52	7276	46	6329	120	7262	10.733	4.036
45.4	NaN	530	NaN	535	0	37	358	56	47	0	408	22	6522	54	7437	50	6665	123	7511	11.157	4.229
45.5	NaN	531	NaN	545	0	29	362	61	52	0	405	30	7367	59	7686	70	6893	132	7785	11.587	5.58
45.6	NaN	546	NaN	528	0	17	362	62	55	0	406	35	7346	54	7894	81	7333	122	7969	12.153	5.932
45.7	NaN	552	NaN	558	0	19	363	88	80	0	407	35	7682	51	8226	79	7613	115	8245	12.659	5.894
45.8	NaN	552	NaN	544	0	17	363	100	100	0	408	34	7932	49	8515	75	7924	110	8557	13.153	5.059
45.9	NaN	554	NaN	566	0	11	362	100	100	0	405	36	8436	45	8710	78	8291	98	8781	13.649	6.206
46	NaN	541	NaN	563	0	5	361	100	100	0	407	38	8596	41	8889	82	8697	89	9004	14.102	3.501
46.1	NaN	551	NaN	541	0	2	360	100	100	0	406	38	8942	40	9057	80	8976	84	9145	14.548	5.063
46.2	NaN	550	NaN	556	0	0	361	100	100	0	406	38	9191	38	9253	79	9318	79	9396	14.954	3.672
46.3	NaN	564	NaN	548	0	-3	359	100	100	0	406	38	9404	35	9473	81	9566	74	9642	15.329	3.188
46.4	NaN	536	NaN	549	1	-1	361	100	100	0	405	37	9629	36	9768	76	9693	76	9778	15.696	4.266
46.5	NaN	575	NaN	550	1	-1	364	100	100	0	406	36	9885	35	9940	74	9985	72	10030	16.065	2.697
46.6	NaN	570	NaN	558	1	2	362	100	100	0	405	36	10070	35	10113	72	10166	71	10266	16.454	2.87
46.7	NaN	541	NaN	542	1	2	362	100	100	0	405	34	10205	35	10449	68	10354	73	10502	16.767	4.575
46.8	NaN	567	NaN	549	1	-3	363	100	100	0	406	30	10445	29	10552	58	10540	57	10640	17.058	1.938
46.9	NaN	548	NaN	577	1	-4	361	100	100	0	405	23	10617	22	10546	46	10691	43	10713	17.274	0.895
47	NaN	545.5	NaN	618	1	-2	357	100	100	0	406	22	10636	21	10763	43	10737	41	10777	17.466	1.879
47.1	NaN	543	NaN	603	1	-2	361	100	100	0	406	16	10806	17	10829	32	10854	32	10831	17.554	1.689
47.2	NaN	559	NaN	619	1	-3	360	100	100	0	405	16	10744	16	10862	32	10871	32	10980	17.681	2.894
47.3	NaN	574	NaN	630	1	-3	359	100	100	0	405	17	10849	16	11001	33	10904	31	10993	17.739	-0.32
47.4	NaN	538	NaN	668	1	-2	358	100	100	0	404	12	10917	12	10903	23	10941	22	10976	17.796	0.24
47.5	NaN	521	NaN	625	1	-3	360	100	100	0	406	13	10897	11	11054	26	10949	23	10989	17.817	-0.175
47.6	NaN	546	NaN	632	1	-3	359	100	100	0	406	13	10933	12	10946	25	11006	22	10963	17.868	0.504
47.7	NaN	536	NaN	609	1	-2	361	100	100	0	407	12	10905	12	10954	25	11038	25	11079	17.876	0.709
47.8	NaN	533	NaN	658	1	-1	362	100	100	0	405	13	10945	11	11063	25	10988	23	11041	17.88	-0.776
47.9	NaN	517	NaN	641	1	-1	363	100	100	0	405	11	10980	11	10918	21	11014	19	11074	17.934	-0.578
48	NaN	518	NaN	616	1	-4	359	100	100	0	405	10	10955	9	11135	19	10967	18	11071	17.896	0.091
48.1	NaN	539	NaN	634	1	-4	357	100	100	0	404	11	10994	11	10967	20	11018	19	11002	17.93	0.214
48.2	NaN	528	NaN	618	1	-1	363	100	100	0	406	10	10930	10	11064	22	11059	21	11091	17.9	-0.338
48.3	NaN	512	NaN	639	1	-2	360	100	100	0	405	11	11006	10	11064	22	11046	20	11031	17.875	0.315
48.4	NaN	525	NaN	633	0	-3	359	58	48	0	405	10	10978	9	10975	19	11011	18	11085	17.899	-1.337
48.5	NaN	550	NaN	619.5	0	-3	359	0	0	0	404	-11	10781	-11	10936	-8	10790	-9	10864	17.766	-2.018
48.6	NaN	573	NaN	620.5	0	-3	367	0	0	0	406	-32	10678	-31	10579	-24	10592	-25	10527	17.393	-4.129
48.7	NaN	567	NaN	621.5	0	-3	460	0	0	0	478	-49	10300	-52	10420	-39	10121	-39	9943	16.753	-9.246
48.8	NaN	545	NaN	622.5	0	-1	383	0	0	0	415	-52	9683	-52	9784	-41	9738	-41	9820	16.084	-4.948
48.9	NaN	542	NaN	623.5	0	-1	362	0	0	0	402	-53	9393	-54	9395	-42	9149	-43	9323	15.416	-6.304
49	NaN	577	NaN	624.5	0	-2	360	0	0	0	404	-55	9021	-55	9024	-45	8753	-45	8850	14.748	-7.462
49.1	NaN	563	NaN	625.5	0	-2	360	0	0	0	401	-54	8490	-56	8473	-45	8557	-45	8607	14.094	-4.736
49.2	NaN	548	NaN	626.5	0	8	365	25	19	0	404	0	8332	0	8517	0	8368	0	8561	13.68	-1.07
49.3	NaN	544	NaN	627.5	0	24	366	38	29	0	405	2	7956	5	8707	6	8005	10	8614	13.477	-3.583
49.4	NaN	609	NaN	623	0	32	359	45	34	0	408	15	8128	28	8891	32	8177	60	8985	13.695	0.479
49.5	NaN	577	NaN	610	0	36	365	48	39	0	405	16	8094	37	9023	35	8179	79	9094	13.785	-0.359
49.6	NaN	544	NaN	565	0	15	363	56	45	0	404	31	8362	47	9199	68	8452	101	9295	14.12	5.648
49.7	NaN	558	NaN	561	0	3	363	53	45	0	406	35	8838	38	9107	72	8850	80	9311	14.576	2.918
49.8	NaN	593	NaN	641	0	-17	358	44	35	0	404	24	9219	18	9024	51	9312	39	9193	14.856	1.841
49.9	NaN	613	NaN	593	0	-22	362	44	43	0	406	35	9584	21	9177	73	9671	44	9152	15.068	3.025
50	NaN	557	NaN	524	0	-26	360	35	33	0	403	3	9534	2	8942	7	9512	4	8862	15.017	-2.656
50.1	NaN	542	NaN	571	0	-23	359	53	50	0	403	34	9522	25	9036	82	9677	58	9144	14.923	2.502
50.2	NaN	575	NaN	599	0	-18	362	43	39	0	403	27	9549	18	9135	57	9667	37	9220	15.212	1.105
50.3	NaN	570	NaN	636	0	-12	360	44	35	0	403	26	9640	20	9335	54	9725	41	9465	15.453	2.789
50.4	NaN	537	NaN	599	0	-9	364	27	19	0	406	7	9642	4	9428	10	9636	8	9471	15.496	-0.787
50.5	NaN	573	NaN	634	0	-3	553	0	0	0	554	-17	9199	-18	9232	-14	9299	-14	9214	15.215	-7.229
50.6	NaN	564	NaN	698	0	-6	830	0	0	0	775	-36	8697	-38	8645	-30	8570	-31	8440	14.39	-12.08
50.7	NaN	538	NaN	682	0	-5	792	0	0	0	744	-54	8020	-56	7939	-46	7873	-47	7340	13.21	-12.049
50.8	NaN	551	NaN	689	0	-12	814	0	0	0	750	-50	7349	-56	6785	-44	7176	-49	4469	12.069	-13.758
50.9	NaN	571	NaN	682	0	-16	700	0	0	0	659	-49	6719	-57	4408	-44	6626	-51	396	10.935	-10.049
51	NaN	553	NaN	682	0	-26	382	0	0	0	411	-46	6381	-59	5462	-42	6370	-53	385	9.965	-5.125
51.1	NaN	593	NaN	705	0	-35	363	23	19	0	403	-8	6210	-8	5441	-6	6125	-7	2834	9.376	-3.382
51.2	NaN	596	NaN	672	0	-41	366	43	38	0	403	32	6233	11	5577	76	6292	26	5580	9.429	1.375
51.3	NaN	611	NaN	599	0	-50	361	58	57	0	405	67	6683	19	5621	165	6699	45	5637	9.597	5.772
51.4	NaN	537	NaN	656	0	-61	359	43	40	0	404	29	6726	5	5679	71	6732	13	5736	9.9	-0.593
51.5	NaN	586	NaN	654	0	-62	362	45	42	0	404	49	7181	9	5925	110	7185	20	5882	10.277	2.03
51.6	NaN	600	NaN	650	0	-60	362	50	45	0	404	56	7266	11	6079	130	7538	25	6674	10.592	2.267
51.7	NaN	570	NaN	645.3888889	0	-57	361	45	42	0	404	42	7403	9	6132	97	7523	21	6344	10.801	2.858
51.8	NaN	588	NaN	645.2777778	0	-42	359	43	41	0	405	36	7417	13	6233	82	7667	30	6484	10.975	1.378
51.9	NaN	618	NaN	645.1666667	0	-17	360	37	28	0	406	25	7387	15	6517	53	7658	35	7192	11.243	2.638
52	NaN	588	NaN	645.0555556	0	-13	360	49	41	0	406	3	7074	2	6716	8	7041	6	6691	11.21	-1.107
52.1	NaN	596	NaN	644.9444444	0	-20	358	54	48	0	406	15	6990	10	6862	36	7078	23	6845	11.239	-0.098
52.2	NaN	595	NaN	644.8333333	0	-25	358	53	46	0	407	43	7420	26	7140	98	7494	59	7083	11.714	4.644
52.3	NaN	584	NaN	644.7222222	0	-18	361	55	50	0	407	46	7736	31	7472	105	7822	71	7366	12.185	6.493
52.4	NaN	601	NaN	644.6111111	0	-8	359	48	39	0	407	29	7802	25	7687	64	7900	57	7728	12.532	3.826
52.5	NaN	579	NaN	631	0	-3	363	46	40	0	407	24	7914	23	7912	54	8008	52	7964	12.821	3.24
52.6	NaN	588	NaN	646.575	0	-2	364	33	27	0	406	2	7981	2	7998	4	7972	4	7991	12.897	-2.597
52.7	NaN	595	NaN	645.4555556	0	-12	361	17	6	0	406	-3	7950	-4	7850	-4	7995	-4	8002	12.897	-0.225
52.8	NaN	593	NaN	644.3361111	0	-19	360	1	0	0	406	-20	7911	-25	7544	-18	7867	-22	7485	12.662	-4.289
52.9	NaN	566	NaN	643.2166667	0	-27	362	0	0	0	403	-36	7650	-48	6727	-31	7670	-42	6925	12.182	-3.248
53	NaN	549	NaN	642.0972222	0	-34	356	0	0	0	403	-45	7414	-60	6038	-40	7344	-54	4832	11.598	-4.181
53.1	NaN	561	NaN	640.9777778	0	-40	362	3	1	0	401	-42	7226	-63	5982	-38	7109	-55	1877	10.884	-6.564
53.2	NaN	570	NaN	639.8583333	0	-36	362	29	26	0	402	4	7025	2	5966	10	7039	4	2362	10.544	-2.603
53.3	NaN	575	NaN	638.7388889	0	-41	359	30	26	0	405	6	6695	2	5868	14	6719	5	5867	10.386	-1.823
53.4	NaN	558	NaN	637.6194444	0	-35	360	32	28	0	403	8	6674	3	5794	19	6716	8	5857	10.199	0.813
53.5	NaN	560	NaN	643	0	-31	363	34	30	0	404	9	6583	4	5927	22	6560	11	5896	10.159	-1.198
53.6	NaN	592	NaN	642.9722222	0	-34	358	40	32	0	404	27	6654	12	6131	60	6664	28	6194	10.437	1.593
53.7	NaN	598	NaN	641.2777778	0	-36	360	59	56	0	405	64	7009	28	6283	144	6976	66	6369	10.604	7.093
53.8	NaN	598	NaN	639.5833333	0	-41	360	32	26	0	404	0	6836	0	6165	1	6900	0	6186	10.758	-1.246
53.9	NaN	564	NaN	637.8888889	0	-38	361	39	36	0	403	6	6982	2	6064	14	6979	6	6088	10.596	-0.814
54	NaN	546	NaN	636.1944444	0	-45	359	39	34	0	402	14	6978	5	6040	32	6956	11	6058	10.545	-0.587
54.1	NaN	528	NaN	646	0	-57	363	39	34	0	404	27	6983	6	6050	63	7001	15	6088	10.611	1.242
54.2	NaN	531	NaN	677	0	-56	362	40	39	0	404	33	7190	7	6043	75	7219	16	6019	10.651	1.953
54.3	NaN	531	NaN	646	0	-58	362	42	38	0	403	34	7171	7	6021	77	7296	16	6151	10.78	2.433
54.4	NaN	587	NaN	666	0	-49	358	43	41	0	404	34	7280	9	6138	77	7347	22	6276	10.915	1.513
54.5	NaN	601	NaN	653	0	-29	361	40	32	0	404	21	7316	11	6445	49	7398	26	6505	11.206	0.755
54.6	NaN	579	NaN	641.3217593	0	-8	359	35	25	0	404	13	7011	10	6897	33	7082	24	6889	11.437	1.307
54.7	NaN	584	NaN	639.6574074	0	15	361	34	26	0	406	2	6674	2	7131	3	6675	5	7049	11.301	-2.826
54.8	NaN	590	NaN	637.9930556	0	25	359	45	35	0	406	15	6773	27	7374	36	6818	62	7359	11.472	2.346
54.9	NaN	588	NaN	636.3287037	0	46	362	46	37	0	405	12	6702	35	7662	28	6814	80	7619	11.602	-0.009
55	NaN	621	NaN	634.6643519	0	49	360	44	32	0	407	9	6641	30	7755	20	6772	68	7826	11.691	1.098
55.1	NaN	588	NaN	640	0	49	362	36	26	0	406	3	6454	11	7618	7	6629	24	7606	11.589	-2.321
55.2	NaN	622	NaN	633	0	48	363	37	28	0	405	4	6383	15	7575	10	6512	34	7602	11.475	0.072
55.3	NaN	596	NaN	555	0	41	365	49	38	0	404	11	6429	33	7667	25	6521	75	7669	11.395	0.715
55.4	NaN	598	NaN	545	0	19	361	54	44	0	405	27	6888	41	7685	62	6988	93	7727	11.772	4.918
55.5	NaN	583	NaN	549	0	7	360	54	44	0	405	32	7340	36	7722	72	7334	82	7765	12.19	5.171
55.6	NaN	597	NaN	663	0	-22	364	41	31	0	404	18	7701	12	7450	41	7668	27	7527	12.38	1.738
55.7	NaN	605	NaN	601	0	-37	360	46	47	0	404	42	8155	18	7381	94	8131	40	7553	12.465	2.744
55.8	NaN	552	NaN	678	0	-41	361	39	34	0	403	23	8118	8	7357	52	8132	18	7481	12.701	0.359
55.9	NaN	605	NaN	617	0	-40	357	48	48	0	403	47	8450	16	7464	104	8474	37	7666	12.787	2.659
56	NaN	596	NaN	636	0	-37	359	43	39	0	403	33	8538	14	7640	71	8592	31	7798	13.105	1.391
56.1	NaN	631	NaN	649	0	-21	357	44	40	0	403	30	8579	18	7858	68	8696	39	8009	13.357	2.712
56.2	NaN	620	NaN	631	0	-2	362	43	33	0	406	18	8415	18	8308	40	8490	39	8373	13.599	0.387
56.3	NaN	641	NaN	619	0	-4	360	44	37	0	406	22	8420	20	8504	47	8543	42	8555	13.789	2.59
56.4	NaN	617	NaN	656	0	-9	360	36	31	0	407	14	8555	12	8571	30	8649	26	8594	13.972	1.253
56.5	NaN	542	NaN	636	0	-4	360	35	30	0	406	9	8592	8	8619	19	8665	17	8620	14.003	0.393
56.6	NaN	650	NaN	621	0	0	362	43	36	0	406	22	8599	21	8741	49	8679	46	8789	14.083	3.576
56.7	NaN	616	NaN	619	0	3	363	43	34	0	405	19	8689	20	8857	42	8720	43	8872	14.26	1.797
56.8	NaN	614	NaN	643	0	4	362	41	31	0	407	16	8721	17	8928	35	8715	36	8999	14.412	1.271
56.9	NaN	561	NaN	633	0	0	357	34	24	0	407	6	8746	6	8940	12	8793	12	8976	14.485	-0.555
57	NaN	555	NaN	640	0	-1	359	34	24	0	404	6	8716	6	8914	12	8793	13	8968	14.452	-0.52
57.1	NaN	551	NaN	643	0	0	360	33	24	0	405	6	8723	6	8904	12	8825	12	8881	14.406	0.156
57.2	NaN	561	NaN	662	0	5	361	34	27	0	406	5	8593	6	9041	11	8659	13	9021	14.351	-1.19
57.3	NaN	543	NaN	649	0	2	359	36	29	0	406	8	8656	9	8947	19	8750	19	8956	14.343	0.389
57.4	NaN	644	NaN	627	0	11	363	40	33	0	406	15	8637	20	9096	33	8731	42	9113	14.36	0.43
57.5	NaN	644	NaN	605	0	20	359	41	32	0	406	13	8601	22	9192	29	8653	47	9275	14.47	0.789
57.6	NaN	617	NaN	615	0	22	363	42	32	0	406	14	8634	22	9281	30	8646	46	9344	14.568	0.157
57.7	NaN	614	NaN	626	0	14	359	42	33	0	406	16	8771	21	9312	34	8806	44	9389	14.67	1.344
57.8	NaN	600	NaN	604	0	9	358	46	37	0	406	22	8901	26	9457	46	9032	57	9492	14.819	2.143
57.9	NaN	594	NaN	604	0	-3	361	44	34	0	405	21	9112	21	9365	44	9241	45	9460	15.076	0.457
58	NaN	566	NaN	663	0	-27	362	42	36	0	404	27	9565	16	9166	57	9681	33	9279	15.222	2.113
58.1	NaN	569	NaN	616	0	-28	357	43	41	0	404	41	9933	23	9363	79	9881	48	9355	15.515	5.623
58.2	NaN	587	NaN	623	0	-24	356	47	43	0	405	34	9944	20	9323	74	10063	45	9597	15.565	2.203
58.3	NaN	589	NaN	641	0	-25	362	47	42	0	406	39	10009	23	9728	79	10206	47	9726	15.928	3.519
58.4	NaN	582	NaN	596	0	-21	363	47	44	0	404	38	10264	25	9750	76	10353	50	9843	16.208	3.766
58.5	NaN	557	NaN	589	0	-17	361	50	45	0	405	40	10421	27	9933	82	10512	57	10061	16.509	3.213
58.6	NaN	572	NaN	578	0	-16	361	53	48	0	403	41	10521	28	10274	79	10697	57	10414	16.886	3.001
58.7	NaN	554	NaN	623	0	-12	362	61	56	0	406	29	10693	21	10445	57	10706	43	10497	17.201	0.673
58.8	NaN	540	NaN	589	0	-4	361	67	59	0	405	24	10727	22	10627	47	10781	43	10720	17.41	1.42
58.9	NaN	575	NaN	595	0	1	357	100	92	0	406	22	10627	21	10962	42	10798	45	10981	17.543	1.519
59	NaN	580	NaN	631	0	1	359	100	100	0	407	18	10729	20	10952	36	10765	37	11052	17.726	1.976
59.1	NaN	573	NaN	604	0	-0	362	100	100	0	406	15	10782	15	11045	30	10887	30	11147	17.823	-0.358
59.2	NaN	570	NaN	626	0	-5	362	100	100	0	403	16	10861	14	11042	30	10958	27	11065	17.885	0.777
59.3	NaN	560	NaN	618	1	-4	363	100	100	0	406	11	10983	11	10920	21	11034	20	11011	17.909	1.18
59.4	NaN	548	NaN	636	1	-5	363	100	100	0	406	13	10917	11	11087	26	11030	22	11032	17.911	-0.533
59.5	NaN	571	NaN	620	1	-4	362	100	100	0	404	12	10944	12	10993	23	10986	22	11062	17.916	0.139
59.6	NaN	564	NaN	607	1	3	361	100	100	0	404	11	10847	12	11147	23	10963	25	11199	17.932	0.285
59.7	NaN	582	NaN	607	1	9	358	100	100	0	405	15	10806	19	11255	29	10849	36	11301	17.985	0.656
59.8	NaN	587	NaN	643	1	8	359	100	100	0	406	13	10842	16	11272	26	10949	30	11396	18.059	1.078
59.9	NaN	594	NaN	613	1	5	363	100	100	0	406	14	10820	15	11375	28	10991	31	11408	18.104	-0.403
60	NaN	572	NaN	614	1	5	361	100	100	0	406	12	10917	14	11293	22	10974	25	11436	18.165	0.602
60.1	NaN	537	NaN	613	1	2	360	100	100	0	405	10	10960	10	11368	19	11057	20	11366	18.206	-0.342
60.2	NaN	554	NaN	558	1	-7	360	100	100	0	406	6	11103	5	11105	12	11103	11	11146	18.176	1.607
60.3	NaN	542	NaN	640	0	-11	360	100	100	0	405	9	11215	6	11113	16	11216	13	11049	18.158	0.715
60.4	NaN	543	NaN	631	0	-14	360	100	100	0	404	11	11270	7	10937	21	11269	16	10983	18.13	-0.9
60.5	NaN	543	NaN	615	0	-14	360	100	100	0	404	15	11320	11	10943	29	11412	22	11027	18.141	2.774
60.6	NaN	531	NaN	617	0	-10	361	100	100	0	404	10	11225	8	10997	18	11314	14	11020	18.125	-0.129
60.7	NaN	535	NaN	610	0	-10	358	100	100	0	405	11	11263	8	10999	22	11265	17	11067	18.13	-0.335
60.8	NaN	545	NaN	608	0	-4	363	100	100	0	404	6	11039	6	11171	12	11189	11	11084	18.126	0.157
60.9	NaN	538	NaN	614	0	-2	360	100	100	0	406	9	11067	8	11101	17	11079	16	11146	18.059	-0.29
61	NaN	536	NaN	669	0	2	361	100	100	0	406	9	10977	10	11202	16	11037	18	11187	18.06	0.473
61.1	NaN	533	NaN	620	0	-0	362	100	100	0	404	11	10967	11	11140	22	10972	22	11206	18.025	0.648
61.2	NaN	546	NaN	602	1	-3	359	100	100	0	404	10	10986	10	11128	18	11054	17	11200	18.029	0.813
61.3	NaN	530	NaN	604	1	-4	359	100	100	0	404	11	10968	9	11122	21	11062	20	11147	18.004	-1.225
61.4	NaN	537	NaN	627	1	-5	362	100	100	0	405	10	11047	10	11015	20	11091	17	11143	17.985	0.155
61.5	NaN	543	NaN	634	1	-7	362	100	100	0	404	8	10993	7	11110	15	11089	14	11041	17.975	-1.489
61.6	NaN	523	NaN	603	1	-5	360	100	100	0	404	11	11010	9	11000	22	11035	19	11047	17.951	-0.218
61.7	NaN	544	NaN	619	1	-4	359	100	100	0	404	11	11022	10	11040	20	11065	18	11023	17.981	1.72
61.8	NaN	533	NaN	607	1	-4	359	100	100	0	405	10	10984	9	11047	20	11007	20	11063	17.944	-0.3
61.9	NaN	546	NaN	641	1	-4	360	100	100	0	406	11	11038	10	11020	21	11066	19	11077	17.977	-0.034
62	NaN	540	NaN	603	1	-7	359	100	100	0	406	8	10936	7	11058	17	11080	15	11057	17.964	-0.893
62.1	NaN	535	NaN	618	1	-5	361	100	100	0	403	11	11032	9	11004	21	11082	18	11077	17.945	-0.512
62.2	NaN	533	NaN	604	1	-3	363	100	100	0	405	9	11031	8	11152	17	11049	15	11025	17.988	-1.375
62.3	NaN	535	NaN	615	1	-5	358	100	100	0	405	11	10973	11	11056	23	11013	21	11084	17.98	0.876
62.4	NaN	577	NaN	539	0	-5	360	0	0	0	405	-3	10908	-1	10994	-4	10956	-4	10999	17.993	0.274
62.5	NaN	570	NaN	634	0	-1	373	0	0	0	407	-22	10760	-23	10851	-18	10674	-18	10786	17.689	-4.557
62.6	NaN	550	NaN	664	0	0	818	0	0	0	751	-43	10149	-43	10213	-33	9982	-33	10260	17.043	-9.166
62.7	NaN	551	NaN	671	0	6	1012	0	0	0	906	-57	9225	-55	9622	-46	7702	-43	8810	15.789	-11.998
62.8	NaN	574	NaN	666	0	16	946	0	0	0	854	-60	7802	-52	9012	-50	2213	-43	8865	14.407	-12.342
62.9	NaN	588	NaN	660	0	14	720	0	0	0	643	-58	7248	-51	8148	-48	1321	-43	8243	13.175	-9.502
63	NaN	593	NaN	650	0	14	598	0	0	0	553	-58	5823	-50	7591	-9	604	-43	7612	12.254	-11.107
63.1	NaN	557	NaN	647	0	22	532	0	0	0	511	-60	5719	-49	7193	-0	-4	-42	7087	11.331	-7.716
63.2	NaN	605	NaN	683	0	52	393	0	0	0	434	-66	5138	-39	6668	-0	-295	-35	6733	10.5	-8.735
63.3	NaN	595	NaN	669	0	67	360	16	6	0	401	-32	3812	-16	6299	-0	-1	-14	6485	9.887	-2.193
63.4	NaN	642	NaN	636	0	90	363	35	26	0	404	-0	4639	8	5979	-0	4325	31	6302	9.345	-3.517
63.5	NaN	686	NaN	589	0	89	361	44	35	0	404	-0	4767	34	6135	-1	4859	88	6352	9.077	-1.123
63.6	NaN	559	NaN	602	0	89	364	64	54	0	406	-1	4676	95	6940	-3	4894	200	6713	9.331	2.83
63.7	NaN	595	NaN	588	0	85	363	54	42	0	406	0	4921	74	6894	1	4989	152	6941	9.675	3.003
63.8	NaN	618	NaN	556	0	84	360	53	40	0	407	0	4783	64	7055	2	4818	141	7696	9.558	2.382
63.9	NaN	627	NaN	567	0	83	364	46	39	0	405	1	4480	46	6449	3	4999	102	6867	9.55	3.107
64	NaN	625	NaN	572	0	41	361	48	36	0	406	11	4808	36	6704	28	5632	86	8400	9.33	4.228
64.1	NaN	610	NaN	617	0	0	362	46	36	0	406	22	5413	22	6233	53	6172	52	6650	9.201	3.776
64.2	NaN	633	NaN	584	0	41	361	46	35	0	406	12	5141	31	6131	28	7166	75	6708	8.992	3.574
64.3	NaN	638	NaN	576	0	47	359	46	36	0	406	9	4649	34	5785	24	6532	81	6527	8.861	0.841
64.4	NaN	542	NaN	563	0	29	359	68	57	0	407	31	5227	60	6398	72	8566	145	7309	8.679	9.46
64.5	NaN	588	NaN	559	0	39	362	68	60	0	406	25	6711	67	6441	60	7839	163	7375	8.847	6.031
64.6	NaN	593	NaN	592	0	18	362	69	61	0	406	35	7030	55	6293	86	8003	131	7035	8.975	8.188
64.7	NaN	634	NaN	569	0	-8	357	69	61	0	406	41	8916	34	6181	99	10053	83	6897	9.178	5.783
64.8	NaN	604	NaN	575	0	-9	359	78	71	0	407	44	10383	34	6168	102	10405	78	6379	9.54	3.552
64.9	NaN	566	NaN	544	0	32	362	87	75	0	408	27	10550	57	6496	62	11011	133	6575	9.953	4.232
65	NaN	582	NaN	588	0	39	363	86	75	0	405	26	9888	67	6947	60	7039	160	6855	10.493	10
65.1	NaN	572	NaN	550	0	32	359	81	72	0	408	29	7076	65	7358	70	6678	148	7319	11.119	6.296
65.2	NaN	586	NaN	547	0	20	364	86	77	0	408	36	6919	56	7618	81	7018	128	7712	11.684	5.258
65.3	NaN	579	NaN	570	0	13	363	92	84	0	406	37	7384	51	7856	85	7456	115	7979	12.285	5.957
65.4	NaN	590	NaN	564	0	4	363	96	90	0	405	40	7804	45	8099	90	7910	100	8235	12.816	4.754
65.5	NaN	581	NaN	568	0	5	358	96	90	0	406	39	8091	44	8402	86	8197	97	8543	13.34	4.463
65.6	NaN	610	NaN	549	0	6	362	96	89	0	406	38	8398	43	8726	82	8498	93	8800	13.814	4.476
65.7	NaN	614	NaN	563	0	1	362	78	69	0	405	37	8689	40	8997	81	8795	86	9022	14.26	4.42
65.8	NaN	648	NaN	545	0	-4	379	6	0	0	411	-6	8693	-7	8754	-5	8675	-6	8749	14.324	-3.328
65.9	NaN	605	NaN	716	0	-6	502	0	0	0	511	-25	8427	-28	8432	-21	8371	-22	8341	13.917	-6.787
66	NaN	579	NaN	711	0	-6	362	0	0	0	402	-42	8110	-47	8040	-36	8047	-39	7922	13.307	-6.657
66.1	NaN	593	NaN	697	0	-19	361	9	3	0	404	-34	7846	-41	7568	-29	7801	-35	7523	12.72	-5.882
66.2	NaN	653	NaN	549	0	-22	362	26	22	0	404	0	7797	0	7360	0	7763	0	7340	12.342	-2.502
66.3	NaN	610	NaN	636	0	-25	363	32	26	0	404	8	7713	4	7262	17	7703	9	7266	12.245	-1.436
66.4	NaN	604	NaN	583	0	-32	364	32	27	0	405	8	7713	4	7186	19	7714	9	7164	12.141	-1.339
66.5	NaN	594	NaN	622	0	-34	364	32	29	0	405	10	7738	5	7085	23	7731	10	7044	12.071	0.367
66.6	NaN	613	NaN	559	0	-36	359	30	27	0	404	8	7698	3	7036	18	7688	8	7004	12.003	-0.579
66.7	NaN	636	NaN	568.8333333	0	-42	365	23	20	0	406	-0	7613	-0	6761	0	7584	-0	6764	11.792	-1.305
66.8	NaN	627	NaN	569.1666667	0	-44	357	0	0	0	404	-11	7448	-20	6406	-10	7436	-17	6359	11.504	-2.892
66.9	NaN	627	NaN	569.5	0	-45	358	0	0	0	404	-27	7229	-42	5927	-24	7143	-37	5569	11.037	-5.125
67	NaN	640	NaN	569.8333333	0	-53	361	19	19	0	405	-4	7058	-5	5876	-3	6968	-6	4601	10.516	-3.005
67.1	NaN	645	NaN	570.1666667	0	-55	364	27	24	0	405	0	6804	0	5752	1	6825	0	5671	10.215	-2.528
67.2	NaN	597	NaN	570.5	0	-50	357	40	40	0	404	33	6833	8	5705	77	6937	21	5949	10.084	-0.239
67.3	NaN	608	NaN	570.8333333	0	-47	362	40	33	0	404	24	6804	8	5805	57	6783	18	5936	10.302	2.429
67.4	NaN	643	NaN	571.1666667	0	-37	358	40	38	0	404	34	6992	13	6082	74	7056	31	6211	10.448	2.395
67.5	NaN	635	NaN	571.5	0	-45	360	31	27	0	406	1	6842	1	6097	5	6774	1	5888	10.379	-3.446
67.6	NaN	577	NaN	571.8333333	0	-36	359	35	27	0	406	16	6911	6	6153	32	6894	14	6197	10.553	4.745
67.7	NaN	585	NaN	572.1666667	0	-32	359	52	46	0	404	10	6777	4	6114	25	6770	11	6064	10.538	-0.73
67.8	NaN	635	NaN	556	0	-10	362	21	10	0	406	-0	6594	-1	6387	-2	6657	-2	6427	10.72	1.572
67.9	NaN	646	NaN	548	0	8	367	31	24	0	407	0	6262	1	6602	1	6329	2	6543	10.512	-2.483
68	NaN	632	NaN	635	0	24	362	39	29	0	406	9	6256	16	6823	21	6306	38	6823	10.549	0.147
68.1	NaN	616	NaN	640	0	39	365	39	29	0	406	6	6090	17	6987	15	6159	39	6960	10.564	-0.12
68.2	NaN	600	NaN	582	0	44	362	45	35	0	407	11	6057	32	7144	26	6173	73	7144	10.542	1.75
68.3	NaN	595	NaN	571.375	0	60	361	35	24	0	407	1	5846	8	6985	3	5900	19	7018	10.522	-1.348
68.4	NaN	632	NaN	571.75	0	62	365	39	27	0	407	2	5813	13	6983	5	5773	29	7013	10.339	-2.76
68.5	NaN	620	NaN	572.125	0	60	362	57	47	0	407	5	5704	46	7030	17	5793	102	7148	10.255	-1.197
68.6	NaN	552	NaN	582	0	55	361	59	48	0	407	13	6220	65	7275	32	6162	150	7387	10.59	3.045
68.7	NaN	606	NaN	574	0	46	359	46	34	0	408	11	6168	33	7273	25	6448	78	7413	10.982	2.485
68.8	NaN	611	NaN	568	0	25	365	50	40	0	405	20	6264	35	7337	47	9562	82	7625	11.049	0.957
68.9	NaN	597	NaN	565	0	43	362	50	38	0	407	14	6655	39	7403	32	7680	90	7596	11.369	3.549
69	NaN	598	NaN	512	0	46	362	61	50	0	407	21	6793	66	7892	47	7621	158	8013	11.611	4.212
69.1	NaN	588	NaN	544	0	45	361	57	45	0	405	19	7708	56	7908	43	7372	126	8046	12.053	2.609
69.2	NaN	584	NaN	587	0	44	365	52	40	0	408	15	7280	45	8075	34	7225	103	8168	12.28	2.976
69.3	NaN	610	NaN	571	0	40	360	52	40	0	406	16	7385	44	8233	37	7352	100	8324	12.51	2.779
69.4	NaN	583	NaN	547	0	39	360	52	40	0	405	18	7496	43	8334	39	7470	96	8456	12.786	1.623
69.5	NaN	594	NaN	578	0	33	359	52	42	0	408	20	7650	43	8520	45	7631	95	8650	13.006	2.374
69.6	NaN	577	NaN	545	0	28	365	54	45	0	406	24	7955	46	8639	52	7899	102	8748	13.307	3.197
69.7	NaN	586	NaN	563	0	12	360	54	45	0	408	31	8198	41	8812	68	8191	90	8925	13.685	4.548
69.8	NaN	596	NaN	563	0	-12	358	51	45	0	407	39	8754	31	8740	82	8766	66	8782	14.108	4.713
69.9	NaN	621	NaN	593	0	-26	358	45	42	0	406	34	9032	20	8703	73	9068	43	8767	14.404	3.074
70	NaN	608	NaN	601	0	-35	359	44	42	0	405	37	9319	17	8714	82	9415	36	8898	14.574	3.193
70.1	NaN	608	NaN	627	0	-34	363	41	39	0	404	31	9346	14	8647	66	9497	30	8798	14.642	-0.468
70.2	NaN	597	NaN	627	0	-36	357	42	39	0	405	33	9447	14	8684	69	9510	30	8769	14.739	1.089
70.3	NaN	589	NaN	637	0	-37	359	45	43	0	404	39	9650	16	8775	83	9720	34	8858	14.849	1.625
70.4	NaN	589	NaN	593	0	-35	363	68	66	0	403	51	9782	22	8991	107	9906	45	9338	15.086	2.853
70.5	NaN	588	NaN	562	0	-27	358	95	91	0	405	46	9835	26	9428	97	10014	56	9430	15.378	3.086
70.6	NaN	600	NaN	565	0	-21	358	100	100	0	406	44	9951	27	9789	92	10076	56	9630	15.709	2.82
70.7	NaN	598	NaN	564	0	-13	356	100	100	0	406	40	10111	30	10316	84	10245	62	9825	16.059	5.261
70.8	NaN	574	NaN	555	0	-2	359	100	100	0	406	36	10150	34	10070	74	10329	68	10231	16.416	3.031
70.9	NaN	605	NaN	554	0	13	357	100	100	0	406	31	10164	39	10638	61	10204	79	10620	16.728	2.928
71	NaN	549	NaN	548	0	32	360	100	100	0	405	23	10329	45	10884	47	10367	90	10951	16.981	2.583
71.1	NaN	591	NaN	549	0	34	356	100	100	0	405	19	10461	40	11038	38	10355	79	11162	17.197	1.997
71.2	NaN	586	NaN	555	0	29	357	100	100	0	405	20	10378	39	11126	40	10329	77	11228	17.286	1.831
71.3	NaN	581	NaN	544	0	25	359	100	100	0	408	21	10463	35	11084	43	10609	71	11293	17.389	1.215
71.4	NaN	591	NaN	566	0	22	362	100	100	0	407	17	10580	28	11168	35	10598	56	11249	17.532	0.631
71.5	NaN	586	NaN	555	0	19	364	100	100	0	406	22	10537	33	11187	42	10525	65	11342	17.594	1.402
71.6	NaN	590	NaN	579	0	13	359	100	100	0	408	19	10706	25	11260	39	10779	49	11256	17.723	1.959
71.7	NaN	627	NaN	599	0	3	358	100	100	0	406	18	10687	20	11115	37	10826	39	11195	17.813	0.553
71.8	NaN	587	NaN	617	0	-13	363	100	100	0	406	17	10975	12	10877	33	11040	25	10950	17.816	0.283
71.9	NaN	586	NaN	669	0	-24	361	100	100	0	406	21	11170	13	10736	38	11237	24	10880	17.861	-0.265
72	NaN	576	NaN	615	0	-27	356	100	100	0	404	27	11282	15	10634	52	11313	29	10885	17.822	1.547
72.1	NaN	590	NaN	623	0	-24	359	100	100	0	405	23	11317	15	10756	48	11370	28	10882	17.861	-0.216
72.2	NaN	569	NaN	598	0	-24	357	100	100	0	404	21	11199	13	10738	38	11220	24	10807	17.877	-0.731
72.3	NaN	581	NaN	617	0	-19	359	100	100	0	405	23	11353	15	10739	43	11387	29	10851	17.877	2.265
72.4	NaN	573	NaN	635	0	-18	358	100	100	0	404	16	11150	12	10846	33	11223	24	10892	17.905	0.685
72.5	NaN	581	NaN	602	0	-14	360	100	100	0	404	18	11199	14	10800	35	11268	26	10958	17.891	-0.155
72.6	NaN	579	NaN	621	0	-13	361	100	100	0	406	16	11122	13	10903	34	11226	26	10948	17.906	0.008
72.7	NaN	569	NaN	600	0	-7	359	100	100	0	405	12	11067	10	10904	23	11133	19	10928	17.9	-0.778
72.8	NaN	576	NaN	612	0	-2	359	100	100	0	403	12	10979	12	10958	25	11045	23	11012	17.901	0.408
72.9	NaN	596	NaN	594	0	2	358	100	100	0	406	16	10800	16	11196	29	10843	30	11156	17.875	0.007
73	NaN	591	NaN	625	0	5	363	100	100	0	406	15	10842	17	11157	31	10923	34	11288	17.902	0.274
73.1	NaN	603	NaN	632	0	4	358	100	100	0	407	13	10779	15	11319	26	10864	28	11292	17.949	0.189
73.2	NaN	597	NaN	598	1	5	359	100	100	0	405	16	10824	18	11176	32	10951	35	11303	17.941	-0.136
73.3	NaN	577	NaN	625	1	1	360	100	100	0	406	12	10885	13	11191	25	10968	26	11253	17.976	-0.64
73.4	NaN	590	NaN	615	1	0	356	100	100	0	406	13	10859	13	11168	24	10905	25	11192	17.982	-0.651
73.5	NaN	574	NaN	632	1	0	362	100	100	0	404	11	10965	12	11104	23	11032	23	11152	17.982	1.139
73.6	NaN	568	NaN	615	1	-1	362	100	100	0	407	10	10921	9	11140	19	10984	19	11100	17.996	0.464
73.7	NaN	574	NaN	638	1	-5	357	100	100	0	406	12	10971	11	11040	24	11073	23	11131	17.98	0.491
73.8	NaN	576	NaN	631	1	-3	362	100	100	0	406	8	11014	8	11146	15	11063	15	11114	17.994	0.097
73.9	NaN	558	NaN	612	1	-3	362	100	100	0	406	10	10972	9	11081	20	11018	18	11135	17.971	-2.173
74	NaN	569	NaN	616	1	-1	361	100	100	0	406	10	10996	10	11110	20	11066	19	11128	17.983	0.917
74.1	NaN	566	NaN	631	1	-2	359	100	100	0	406	9	10960	9	11094	17	10961	17	11121	17.964	-1.592
74.2	NaN	574	NaN	614	1	-3	361	100	100	0	406	11	10993	11	11077	24	11083	21	11128	17.96	1.398
74.3	NaN	569	NaN	678	1	-1	364	100	100	0	406	10	10974	10	11146	19	11001	17	11076	18.027	-0.531
74.4	NaN	555	NaN	614	1	-0	361	100	100	0	407	11	10959	10	11063	22	11060	23	11139	17.995	-0.417
74.5	NaN	565	NaN	692	1	-3	362	100	100	0	405	9	11013	9	11166	18	11050	15	11102	18.019	0.044
74.6	NaN	573	NaN	617	1	-3	358	100	100	0	405	9	10968	8	11066	19	11021	18	11152	18.019	-1.177
74.7	NaN	564	NaN	659	1	-4	359	100	100	0	406	10	11034	9	11150	18	11070	17	11142	17.999	-0.529
74.8	NaN	565	NaN	607	1	-2	364	100	99	0	406	8	10993	8	11096	16	10965	15	11134	18.009	-0.697
74.9	NaN	611	NaN	539	0	-1	360	0	0	0	407	-7	10906	-7	11044	-7	10923	-7	11011	17.984	-2.041
75	NaN	598	NaN	648	0	-1	362	0	0	0	405	-25	10698	-25	10910	-19	10725	-20	10805	17.706	-3.249
75.1	NaN	588	NaN	662	0	-3	362	0	0	0	403	-45	10369	-45	10490	-34	10259	-35	10420	17.249	-5.989
75.2	NaN	580	NaN	672	0	-4	366	0	0	0	408	-49	9971	-52	10178	-39	9991	-40	10068	16.679	-5.409
75.3	NaN	596	NaN	696	0	-1	361	0	0	0	403	-51	9731	-52	9771	-40	9601	-40	9698	16.066	-6.239
75.4	NaN	587	NaN	726	0	-4	360	0	0	0	404	-52	9324	-54	9424	-42	9248	-44	9093	15.433	-6.808
75.5	NaN	581	NaN	725	0	-1	357	0	0	0	401	-55	8899	-55	8969	-44	8817	-45	8852	14.793	-6.235
75.6	NaN	580	NaN	714	0	-2	357	0	0	0	402	-54	8500	-55	8553	-46	8413	-46	8483	14.125	-6.792
75.7	NaN	566	NaN	681	0	1	359	0	0	0	404	-54	8111	-55	8251	-46	8014	-46	8146	13.469	-6.984
75.8	NaN	564	NaN	681	0	5	355	0	0	0	405	-55	7434	-52	7960	-47	7606	-45	7877	12.837	-6.18
75.9	NaN	608	NaN	543	0	7	358	24	18	0	406	0	7311	0	7695	0	7397	0	7806	12.399	0.397
76	NaN	608	NaN	613	0	13	360	37	31	0	406	9	7271	10	7859	23	7355	34	7922	12.156	-1.625
76.1	NaN	610	NaN	538	0	28	362	8	0	0	407	-10	6855	-7	7657	-8	7152	-7	7653	12.233	-0.608
76.2	NaN	589	NaN	658	0	31	363	0	0	0	403	-32	6650	-23	7751	-29	5014	-21	7579	11.784	-4.998
76.3	NaN	580.3333333	NaN	717	0	48	366	0	0	0	403	-57	5499	-34	7183	-51	4374	-31	7286	11.285	-5.675
76.4	NaN	580.1666667	NaN	794	0	50	373	0	0	0	409	-66	4585	-40	6934	-1	-436	-35	6834	10.544	-6.127
76.5	NaN	591	NaN	655	0	46	361	13	6	0	406	-42	4471	-32	6494	-34	1262	-23	6580	9.742	-5.838
76.6	NaN	622	NaN	597	0	19	362	48	39	0	402	19	5185	31	6582	48	4867	74	6999	9.53	-0.265
76.7	NaN	588	NaN	584	0	3	356	48	42	0	405	27	6133	28	6339	65	6485	69	6627	9.689	2.642
76.8	NaN	608	NaN	556	0	0	361	55	50	0	407	38	6150	36	6345	90	6397	90	6437	9.995	4.495
76.9	NaN	551	NaN	540	0	15	364	70	61	0	407	41	7054	57	7018	95	6627	134	6956	10.604	6.515
77	NaN	580	NaN	646	0	35	365	33	25	0	405	4	6505	11	6906	8	6600	17	7051	11.261	2.299
77.1	NaN	569	NaN	584	0	8	361	100	100	0	409	40	6834	49	7400	89	7703	109	7933	11.228	5.475
77.2	NaN	559	NaN	587	0	10	362	57	55	0	405	38	7735	45	7414	89	7279	113	7595	11.832	7.335
77.3	NaN	563	NaN	531	0	22	363	56	48	0	406	29	7502	47	7942	66	7453	108	8043	12.335	4.899
77.4	NaN	548	NaN	555	0	28	365	61	51	0	405	29	7708	56	8427	64	7630	122	8501	12.721	4.719
77.5	NaN	565	NaN	593	0	25	359	60	49	0	407	29	8928	53	8699	64	7899	115	8708	13.204	4.113
77.6	NaN	588	NaN	550	0	24	362	55	48	0	406	29	8255	48	8908	62	8249	106	8943	13.682	5.095
77.7	NaN	572	NaN	540	0	24	363	62	54	0	407	28	8692	50	9066	63	8577	107	9156	14.133	5.213
77.8	NaN	572	NaN	539	0	13	359	56	48	0	408	33	8746	42	9324	72	9417	92	9494	14.531	2.618
77.9	NaN	574	NaN	566	0	7	358	51	42	0	406	29	8996	35	9382	61	9185	73	9519	14.937	3.279
78	NaN	607	NaN	590	0	-3	361	44	35	0	405	21	9295	20	9445	45	9415	42	9569	15.239	1.806
78.1	NaN	607	NaN	598	0	-10	362	42	35	0	407	23	9584	19	9502	48	9614	40	9513	15.406	2.281
78.2	NaN	580	NaN	626	0	-28	359	39	37	0	404	25	9800	13	9340	52	9832	28	9388	15.538	1.022
78.3	NaN	584	NaN	611	0	-31	363	40	39	0	403	30	9957	15	9236	62	10104	31	9430	15.572	1.009
78.4	NaN	597	NaN	602	0	-30	358	44	43	0	404	38	10076	19	9343	77	10217	39	9489	15.721	2.279
78.5	NaN	575	NaN	558	0	-19	356	49	46	0	405	41	10202	28	9730	84	10220	58	9799	15.996	3.574
78.6	NaN	582	NaN	555	0	-12	357	51	47	0	405	40	10225	30	10071	81	10379	63	10079	16.373	4.785
78.7	NaN	566	NaN	599	0	-8	362	39	32	0	406	21	10309	18	10205	38	10408	32	10288	16.706	1.806
78.8	NaN	608	NaN	539	0	7	373	2	0	0	410	-5	10049	-5	10244	-4	10029	-4	10303	16.613	-2.016
78.9	NaN	590	NaN	631	0	21	369	0	0	0	406	-27	9382	-22	10376	-22	9388	-17	10243	16.286	-4.769
79	NaN	563	NaN	698	0	24	367	0	0	0	404	-49	8610	-38	9939	-40	8500	-31	9985	15.767	-7.237
79.1	NaN	583	NaN	544	0	17	358	21	10	0	403	-16	8630	-14	9698	-11	5683	-10	9699	15.126	-3.343
79.2	NaN	583	NaN	563	0	3	359	45	39	0	404	22	8859	22	9469	51	9147	56	9571	14.847	-0.328
79.3	NaN	572	NaN	543	0	-0	361	55	50	0	405	38	9641	37	9481	79	9504	78	9515	15.257	5.546
79.4	NaN	566	NaN	546	0	-10	357	55	50	0	406	40	9699	33	9622	83	9844	68	9775	15.61	2.764
79.5	NaN	607	NaN	545	0	-19	359	57	56	0	405	43	10080	29	9697	87	10080	59	9787	16.008	2.84
79.6	NaN	584	NaN	544	0	-16	361	59	58	0	406	41	10260	30	9922	84	10442	60	10018	16.327	3.024
79.7	NaN	559	NaN	550	0	-15	362	66	63	0	406	40	10521	29	10231	80	10628	58	10247	16.638	2.312
79.8	NaN	567	NaN	563	0	-12	359	92	85	0	407	30	10485	25	10384	61	10505	49	10447	17.014	5.577
79.9	NaN	568	NaN	566	0	-7	356	59	53	0	405	26	10635	24	10547	53	10811	47	10683	17.169	1.58
80	NaN	582	NaN	629	0	-7	361	93	89	0	406	22	10657	20	10732	43	10729	39	10773	17.336	1.101
80.1	NaN	567	NaN	578	0	-2	362	100	100	0	406	19	10712	18	10756	38	10802	36	10814	17.456	1.053
80.2	NaN	576	NaN	592	0	-0	359	100	100	0	406	20	10723	20	10837	39	10831	38	10859	17.602	1.007
80.3	NaN	569	NaN	614	0	-2	358	100	100	0	406	17	10788	16	10897	32	10770	30	10978	17.641	1.713
80.4	NaN	586	NaN	604	0	-1	362	74	66	0	406	16	10778	17	10923	33	10919	32	11036	17.704	-0.072
80.5	NaN	612	NaN	563.0526316	0	3	362	0	0	0	406	-13	10526	-13	10913	-10	10584	-10	10841	17.577	-3.35
80.6	NaN	567	NaN	563.1052632	0	4	417	0	0	0	445	-34	10254	-31	10590	-26	10213	-25	10629	17.131	-4.991
80.7	NaN	558	NaN	563.1578947	0	2	522	0	0	0	534	-51	9795	-50	10021	-40	9569	-39	9924	16.399	-8.551
80.8	NaN	553	NaN	563.2105263	0	-3	470	0	0	0	467	-52	9429	-53	9436	-42	9364	-42	9315	15.578	-7.802
80.9	NaN	545	NaN	563.2631579	0	2	435	0	0	0	453	-56	8884	-55	8960	-45	8888	-45	8839	14.8	-8.141
81	NaN	547	NaN	563.3157895	0	6	476	0	0	0	487	-55	8201	-53	8613	-46	8211	-44	8503	13.998	-9.106
81.1	NaN	561	NaN	563.3684211	0	6	570	0	0	0	566	-56	7584	-53	8048	-47	7441	-44	7950	13.13	-10.205
81.2	NaN	551	NaN	563.4210526	0	2	584	0	0	0	578	-54	7057	-52	7431	-46	6316	-46	7383	12.154	-10.252
81.3	NaN	557	NaN	563.4736842	0	-7	453	1	0	0	496	-51	6683	-54	6801	-44	6208	-48	6670	11.231	-8.253
81.4	NaN	617	NaN	563.5263158	0	-22	357	17	13	0	401	-13	6668	-15	6422	-11	6682	-14	6378	10.706	-3.695
81.5	NaN	632	NaN	563.5789474	0	-39	361	22	22	0	404	0	6656	0	6118	0	6654	0	6058	10.395	-1.916
81.6	NaN	627	NaN	563.6315789	0	-52	363	27	26	0	403	1	6639	0	5813	3	6660	1	5803	10.167	-2.427
81.7	NaN	560	NaN	563.6842105	0	-58	359	36	36	0	401	23	6814	4	5689	58	6767	13	5682	10	-0.81
81.8	NaN	578	NaN	563.7368421	0	-59	362	42	42	0	405	39	6944	8	5801	90	6947	18	5834	10.181	1.495
81.9	NaN	648	NaN	563.7894737	0	-37	359	43	40	0	405	33	7035	14	6048	76	7069	32	6024	10.398	3.377
82	NaN	560	NaN	563.8421053	0	-4	362	37	26	0	404	9	6576	8	6407	21	6637	19	6423	10.537	0.495
82.1	NaN	610	NaN	563.8947368	0	19	362	43	34	0	406	9	6270	14	6698	22	6376	35	6777	10.542	0.149
82.2	NaN	628	NaN	563.9473684	0	29	360	46	38	0	406	16	6269	31	7015	37	6412	73	7122	10.706	2.231
82.3	NaN	632	NaN	614	0	40	364	41	31	0	406	8	6280	22	7185	19	6296	51	7205	10.923	-0.849
82.4	NaN	602	NaN	657	0	41	364	36	24	0	405	4	6235	12	7294	9	6218	24	7278	10.916	0.593
82.5	NaN	587	NaN	634	0	48	365	34	23	0	406	2	6126	7	7201	5	6131	17	7207	10.828	-2.748
82.6	NaN	642	NaN	642	0	51	360	39	29	0	406	4	5959	12	7218	8	6011	30	7256	10.679	-1.542
82.7	NaN	641	NaN	613	0	59	359	47	37	0	406	4	5916	21	7164	10	6054	49	7180	10.622	-2.101
82.8	NaN	564	NaN	553	0	60	360	57	46	0	407	13	6175	62	7574	28	6187	143	7560	10.86	4.505
82.9	NaN	578	NaN	565	0	58	363	57	47	0	406	14	6249	65	7786	31	6564	146	7907	11.135	2.452
83	NaN	556	NaN	521	0	55	363	58	47	0	408	14	6785	64	7867	33	6662	147	8026	11.46	4.088
83.1	NaN	569	NaN	537	0	50	357	58	48	0	408	17	7612	61	8068	39	7117	139	8231	11.708	4.009
83.2	NaN	607	NaN	538	0	33	357	74	64	0	405	27	7561	55	8047	61	8985	126	8356	12.058	2.705
83.3	NaN	565	NaN	542	0	24	363	92	84	0	407	31	8453	52	8165	70	8425	116	8332	12.517	4.461
83.4	NaN	558	NaN	542	0	36	360	100	100	0	406	25	8019	59	8586	55	8251	131	8415	13.042	4.021
83.5	NaN	592	NaN	549	0	10	362	100	100	0	406	33	7945	41	8647	73	10578	91	8843	13.265	3.392
83.6	NaN	635	NaN	563	0	13	361	100	100	0	406	35	10326	44	8624	74	8454	96	8809	13.886	6.124
83.7	NaN	580	NaN	572	0	12	364	100	100	0	408	34	8679	45	9208	73	8794	93	9286	14.293	4.255
83.8	NaN	593	NaN	558	0	16	359	100	100	0	406	32	8904	44	9414	68	8982	96	9420	14.787	4.185
83.9	NaN	605	NaN	573	0	14	362	100	100	0	405	31	9165	43	9719	64	9213	91	9845	15.178	6.259
84	NaN	607	NaN	563	0	7	362	100	100	0	406	33	9400	39	9815	69	9628	81	9932	15.518	3.382
84.1	NaN	594	NaN	591	0	4	360	100	100	0	406	35	9738	38	9928	70	9732	77	10088	15.947	3.138
84.2	NaN	607	NaN	583	0	0	363	100	100	0	409	35	10039	35	10274	72	10127	72	10324	16.319	4.095
84.3	NaN	571	NaN	560	0	4	358	100	100	0	406	33	10154	36	10424	66	10366	74	10490	16.737	3.698
84.4	NaN	591	NaN	565	0	2	357	100	100	0	406	30	10404	30	10616	60	10457	61	10700	17.052	2.448
84.5	NaN	572	NaN	583	1	2	362	100	100	0	406	24	10512	26	10851	48	10605	52	10850	17.309	1.864
84.6	NaN	595	NaN	596	1	1	362	100	100	0	406	21	10613	22	10881	44	10796	43	10929	17.452	0.032
84.7	NaN	676	NaN	616	1	-1	360	100	100	0	406	19	10757	18	10806	36	10787	35	10904	17.612	2.189
84.8	NaN	601	NaN	562.4736842	0	-4	358	64	57	0	406	16	10828	14	10932	31	10903	28	10927	17.728	0.02
84.9	NaN	638	NaN	561.9473684	0	-6	359	0	0	0	407	-12	10689	-14	10639	-10	10739	-10	10710	17.553	-1.374
85	NaN	581	NaN	561.4210526	0	-7	362	0	0	0	404	-33	10473	-35	10449	-24	10433	-26	10336	17.223	-3.117
85.1	NaN	567	NaN	560.8947368	0	-5	489	0	0	0	514	-49	10142	-51	10049	-39	10012	-39	9800	16.582	-9.095
85.2	NaN	564	NaN	560.3684211	0	-2	608	0	0	0	585	-52	9512	-54	9472	-42	9424	-41	9375	15.738	-9.051
85.3	NaN	567	NaN	559.8421053	0	1	567	0	0	0	553	-55	8927	-55	8855	-46	8900	-45	8600	14.775	-9.295
85.4	NaN	567	NaN	559.3157895	0	3	470	0	0	0	489	-55	8416	-54	8394	-46	8221	-44	8306	13.931	-8.224
85.5	NaN	572	NaN	558.7894737	0	3	481	0	0	0	483	-54	7794	-53	8006	-47	7852	-45	8062	13.155	-6.061
85.6	NaN	586	NaN	558.2631579	0	3	581	0	0	0	580	-54	7180	-52	7369	-48	7266	-46	7333	12.287	-8.372
85.7	NaN	581	NaN	557.7368421	0	0	625	0	0	0	600	-53	6709	-53	6670	-47	6608	-48	6582	11.294	-9.392
85.8	NaN	582	NaN	557.2105263	0	3	609	0	0	0	594	-54	5993	-52	6043	-48	5517	-47	6184	10.309	-9.879
85.9	NaN	608	NaN	556.6842105	0	5	511	8	2	0	515	-40	5573	-38	5766	-36	5650	-35	5657	9.394	-7.898
86	NaN	613	NaN	556.1578947	0	17	357	9	2	0	401	-41	5175	-35	5624	-39	5157	-32	5533	8.806	-5.367
86.1	NaN	636	NaN	555.6315789	0	37	362	20	10	0	404	-17	4734	-11	5455	-15	4730	-11	5440	8.414	-2.662
86.2	NaN	646	NaN	555.1052632	0	41	363	45	36	0	406	9	4768	31	5637	26	4800	75	5689	8.251	0.917
86.3	NaN	679	NaN	554.5789474	0	47	363	46	35	0	406	10	5001	31	5809	23	4884	75	5808	8.638	0.525
86.4	NaN	654	NaN	554.0526316	0	48	361	45	34	0	405	9	4963	31	6090	22	5019	77	6034	8.837	2.32
86.5	NaN	639	NaN	553.5263158	0	59	366	41	29	0	406	4	5024	22	6101	10	5010	54	6088	8.934	0.635
86.6	NaN	677	NaN	580	0	61	364	44	34	0	406	5	4978	32	6257	13	4949	74	6272	8.948	0.158
86.7	NaN	660	NaN	571	0	70	362	44	34	0	404	4	4946	35	6289	9	5025	83	6339	9.106	0.987
86.8	NaN	594	NaN	568	0	68	363	55	44	0	405	8	5117	60	6654	18	5131	144	6725	9.325	3.898
86.9	NaN	589	NaN	550	0	56	359	55	45	0	407	11	5415	56	6601	27	5453	133	6734	9.718	3.694
87	NaN	616	NaN	579	0	1	361	51	40	0	408	32	5818	30	6784	69	5945	73	7062	10.073	8.009
87.1	NaN	672	NaN	566	0	-33	364	23	25	0	404	0	6305	0	5847	0	6308	0	5869	10.007	-2.119
87.2	NaN	644	NaN	658	0	-41	361	39	40	0	404	29	6737	10	5805	69	6730	25	5883	10.025	1.241
87.3	NaN	604	NaN	616	0	-74	359	44	40	0	406	44	6969	5	5819	104	6810	10	5914	10.282	1.717
87.4	NaN	628	NaN	552	0	-88	362	54	55	0	404	82	7410	0	5594	191	7398	1	5756	10.411	3.052
87.5	NaN	629	NaN	552	0	-87	359	49	46	0	406	62	7678	1	5437	144	7636	2	5776	10.583	4.295
87.6	NaN	602	NaN	614	0	-73	363	49	46	0	405	56	7475	5	5620	135	7826	12	5889	10.635	1.712
87.7	NaN	684	NaN	608	0	-33	359	51	49	0	403	49	7588	21	6121	112	7787	49	6645	10.729	5.888
87.8	NaN	624	NaN	546	0	-5	358	62	58	0	406	41	7570	36	6253	94	8895	86	10152	10.838	7.46
87.9	NaN	613	NaN	554	0	-2	360	85	81	0	404	39	7404	36	8428	89	7707	81	11679	10.942	7.096
88	NaN	619	NaN	545	0	-10	357	97	97	0	406	39	7465	31	7451	90	7865	76	13692	11.071	4.854
88.1	NaN	618	NaN	549	0	15	359	100	100	0	405	25	7435	36	7132	58	8110	81	15034	11.273	7.715
88.2	NaN	604	NaN	535	0	17	357	100	100	0	406	26	7249	36	9467	58	7431	75	15788	11.637	3.065
88.3	NaN	643	NaN	535	0	6	356	100	100	0	406	28	7357	33	8368	65	7437	76	16375	12.092	5.25
88.4	NaN	622	NaN	551	0	-9	359	100	100	0	408	44	7716	37	8540	103	7987	80	8017	12.854	7.638
88.5	NaN	657	NaN	540	0	-8	359	100	100	0	406	45	8304	37	8214	98	8679	82	8313	13.323	4.864
88.6	NaN	657	NaN	555	0	-10	360	100	100	0	407	45	8598	35	8560	97	8803	76	8585	13.864	6.01
88.7	NaN	614	NaN	551	0	-5	362	100	100	0	406	41	8933	37	8894	87	9081	79	8977	14.385	5.113
88.8	NaN	624	NaN	549	0	-1	363	100	100	0	405	39	9235	37	9194	82	9322	78	9299	14.819	5.163
88.9	NaN	620	NaN	554	0	-0	356	100	100	0	407	37	9555	37	9458	77	9547	76	9605	15.28	5.532
89	NaN	643	NaN	561	0	-0	359	100	100	0	406	37	9587	36	9870	76	9706	74	9895	15.733	2.979
89.1	NaN	628	NaN	557	0	-5	363	100	100	0	405	38	9902	33	10007	77	10057	69	10097	16.142	4.001
89.2	NaN	601	NaN	556	1	-5	362	84	76	0	406	37	10215	34	10231	76	10300	68	10292	16.534	4.909
89.3	NaN	634	NaN	561	0	-6	359	64	58	0	406	32	10391	28	10438	64	10436	56	10586	16.827	3.264
89.4	NaN	647	NaN	609	0	-4	359	39	32	0	407	17	10389	14	10532	33	10550	29	10543	17.075	0.028
89.5	NaN	635	NaN	629	0	-2	358	37	30	0	406	14	10494	14	10562	28	10589	28	10630	17.164	0.298
89.6	NaN	622	NaN	606	0	-2	360	34	25	0	406	7	10389	7	10634	14	10388	14	10622	17.122	-0.071
89.7	NaN	656	NaN	556	0	0	361	0	0	0	404	-10	10187	-9	10536	-7	10254	-7	10535	17.005	-2.828
89.8	NaN	607	NaN	554.6428571	0	2	364	0	0	0	405	-30	9944	-29	10289	-23	10023	-23	10333	16.652	-4.178
89.9	NaN	585	NaN	555.2857143	0	-0	360	4	0	0	402	-48	9649	-49	9932	-38	9593	-38	9874	16.155	-5.423
90	NaN	622	NaN	555.9285714	0	0	357	15	9	0	403	-25	9345	-25	9728	-20	9334	-20	9599	15.634	-4.414
90.1	NaN	617	NaN	556.5714286	0	0	358	32	26	0	406	6	9279	6	9636	13	9352	14	9644	15.411	-0.866
90.2	NaN	590	NaN	557.2142857	0	4	359	34	28	0	406	8	9271	10	9569	17	9349	20	9642	15.381	-1.3
90.3	NaN	610	NaN	557.8571429	0	14	364	34	24	0	405	5	9168	7	9704	11	9221	15	9730	15.361	0.059
90.4	NaN	657	NaN	558	0	13	362	25	15	0	406	-1	9012	-0	9712	-0	9021	-0	9623	15.232	-2.222
90.5	NaN	658	NaN	560	0	15	360	20	10	0	406	-10	8734	-8	9496	-7	8851	-6	9551	15.052	-1.934
90.6	NaN	621	NaN	582	0	23	362	20	9	0	406	-18	8546	-14	9326	-14	8601	-12	9277	14.739	-3.977
90.7	NaN	658	NaN	557	0	25	362	25	17	0	406	-0	8333	-0	9135	-0	7458	-0	9250	14.462	-1.388
90.8	NaN	654	NaN	559	0	24	364	25	15	0	403	-0	8211	-1	9191	-1	8145	-0	8969	14.263	-4.24
90.9	NaN	654	NaN	558	0	21	365	28	18	0	407	0	7950	0	9060	0	8243	0	9111	14.005	-0.16
91	NaN	660	NaN	544	0	24	359	31	22	0	406	1	8064	3	8821	4	8003	7	8779	13.83	-3.513
91.1	NaN	662	NaN	557	0	29	359	27	17	0	406	-0	7722	0	8736	-0	7904	0	8758	13.646	-0.408
91.2	NaN	631	NaN	546	0	33	359	21	10	0	406	-14	7373	-10	8587	-12	7631	-9	8526	13.375	-3.186
91.3	NaN	635	NaN	541	0	31	359	21	10	0	404	-14	7245	-10	8411	-12	6855	-9	8478	13.026	-3.56
91.4	NaN	626	NaN	574	0	40	363	20	8	0	405	-20	6976	-13	8294	-18	7137	-12	8288	12.601	-3.345
91.5	NaN	650	NaN	553	0	37	362	25	16	0	404	0	6890	-0	7919	0	6060	-0	8009	12.278	-3.06
91.6	NaN	660	NaN	552	0	35	360	26	18	0	403	0	6476	0	7705	0	6786	0	7800	12.086	-1.283
91.7	NaN	651	NaN	530	0	36	362	31	22	0	407	1	6615	3	7660	3	6627	7	7740	11.808	-0.531
91.8	NaN	616	NaN	632	0	43	360	33	24	0	406	2	6609	6	7491	5	6633	16	7590	11.596	-3.121
91.9	NaN	610	NaN	634	0	43	358	35	26	0	404	3	6410	8	7466	7	6539	21	7579	11.469	0.57
92	NaN	657	NaN	623	0	40	358	41	31	0	406	7	6464	20	7529	16	6694	47	7613	11.369	-0.487
92.1	NaN	628	NaN	622	0	51	360	41	30	0	407	6	6511	23	7438	15	6559	52	7571	11.475	0.187
92.2	NaN	632	NaN	617	0	49	360	41	31	0	405	6	6467	23	7610	15	6561	54	7701	11.406	-0.438
92.3	NaN	620	NaN	605	0	51	361	42	34	0	405	8	6519	28	7486	18	6606	64	7658	11.524	-0.066
92.4	NaN	623	NaN	589	0	47	363	59	49	0	404	20	6660	60	7916	47	7576	140	8072	11.614	4.386
92.5	NaN	591	NaN	538	0	47	363	59	50	0	406	20	7801	64	8056	46	7263	147	8254	12.043	4.416
92.6	NaN	564	NaN	587	0	38	359	65	56	0	406	24	8003	60	8214	54	8548	136	8395	12.396	4.503
92.7	NaN	585	NaN	564	0	37	362	66	55	0	406	25	8210	58	8398	54	8642	128	8530	12.8	2.863
92.8	NaN	579	NaN	574	0	40	361	67	57	0	405	23	8230	60	8643	50	8204	132	8697	13.244	3.431
92.9	NaN	600	NaN	575	0	19	362	97	88	0	407	30	8268	50	8888	66	8525	108	9005	13.57	4.527
93	NaN	605	NaN	568	0	4	358	100	100	0	405	37	8569	43	8890	79	8616	92	8964	14.065	4.578
93.1	NaN	612	NaN	562	0	7	358	100	100	0	405	36	8858	41	9121	75	8806	90	9215	14.511	4.409
93.2	NaN	599	NaN	565	0	8	360	100	100	0	405	35	9047	41	9388	72	9083	85	9496	14.901	1.853
93.3	NaN	609	NaN	547	0	6	359	100	100	0	405	34	9244	40	9563	74	9372	85	9709	15.328	4.777
93.4	NaN	596	NaN	564	0	1	356	100	100	0	405	36	9519	37	9847	74	9674	75	9937	15.684	4.258
93.5	NaN	605	NaN	552	1	-1	362	100	100	0	405	37	9850	34	10007	75	9961	71	10086	16.069	4.734
93.6	NaN	604	NaN	560	1	-5	356	100	100	0	406	37	10124	34	10132	75	10134	69	10277	16.455	3.625
93.7	NaN	619	NaN	570	1	-4	362	100	100	0	407	35	10306	32	10314	70	10460	64	10417	16.761	3.41
93.8	NaN	595	NaN	566	1	-4	362	100	100	0	407	28	10480	25	10521	56	10603	53	10582	17.036	2.421
93.9	NaN	588	NaN	621	1	-3	357	100	100	0	405	23	10606	21	10586	45	10611	43	10707	17.264	0.434
94	NaN	643	NaN	611	1	-1	361	100	100	0	406	21	10652	21	10773	43	10779	40	10825	17.438	2.094
94.1	NaN	658	NaN	593	1	-0	361	100	100	0	406	20	10752	18	10855	37	10817	35	10855	17.606	2.337
94.2	NaN	612	NaN	615	1	-3	355	100	100	0	405	16	10835	15	10912	31	10893	30	10973	17.686	-0.277
94.3	NaN	634	NaN	603	1	-1	362	100	100	0	406	16	10863	14	11046	30	10950	28	11052	17.747	0.936
94.4	NaN	603	NaN	611	1	-1	362	100	100	0	405	14	10920	13	10933	26	10879	24	11012	17.871	0.646
94.5	NaN	599	NaN	634	1	-2	363	100	100	0	406	11	10927	10	11038	22	11035	20	11048	17.858	0.536
94.6	NaN	593	NaN	613	1	-2	361	100	100	0	404	12	10991	11	11029	22	10987	21	10997	17.885	0.141
94.7	NaN	594	NaN	615	1	-3	361	100	100	0	406	10	10942	10	10970	21	11023	21	11028	17.898	0.024
94.8	NaN	589	NaN	621	1	-4	358	100	100	0	403	12	10944	11	11110	23	11052	22	11062	17.897	-0.871
94.9	NaN	604	NaN	615	1	-2	359	100	100	0	404	11	10965	10	11024	21	10956	20	11084	17.919	-0.93
95	NaN	597	NaN	591	1	2	364	100	100	0	406	11	10874	11	11179	23	11009	23	11180	17.909	-0.319
95.1	NaN	614	NaN	612	1	1	361	100	100	0	406	11	10947	12	11137	21	10937	22	11124	17.968	-0.417
95.2	NaN	596	NaN	605	1	-4	358	100	100	0	404	9	10938	9	11068	19	11096	18	11123	17.972	0.778
95.3	NaN	579	NaN	607	1	-7	357	100	96	0	407	11	11039	9	11105	21	11082	19	11065	17.963	-0.746
95.4	NaN	595	NaN	607	1	-5	361	89	84	0	406	11	11077	9	10962	22	11096	19	11031	17.955	-0.507
95.5	NaN	590	NaN	634	1	-5	362	68	63	0	405	11	11003	10	11065	20	11105	17	11046	17.963	0.354
95.6	NaN	640	NaN	634	0	-8	360	0	0	0	405	-9	11025	-9	10859	-7	10867	-7	10841	17.821	-2.505
95.7	NaN	604	NaN	636	0	-7	359	0	0	0	403	-29	10655	-30	10716	-22	10629	-24	10559	17.523	-4.419
95.8	NaN	570	NaN	653	0	-2	358	0	0	0	404	-49	10315	-50	10375	-37	10297	-38	10339	16.995	-6.349
95.9	NaN	615	NaN	660	0	-3	362	0	0	0	404	-48	9992	-51	9920	-37	9930	-40	9998	16.345	-4.27
96	NaN	565	NaN	661	0	-7	361	0	0	0	402	-51	9583	-54	9576	-41	9367	-43	9242	15.802	-6.641
96.1	NaN	584	NaN	643	0	-5	360	11	6	0	403	-32	9219	-34	9206	-25	9320	-26	9159	15.162	-4.908
96.2	NaN	642	NaN	552	0	1	358	28	22	0	407	1	9032	0	9230	1	9074	1	9157	14.739	-2.258
96.3	NaN	592	NaN	600	0	20	360	40	30	0	405	6	8698	9	9294	15	8724	25	9285	14.601	-2.811
96.4	NaN	595	NaN	666	0	32	363	36	25	0	405	11	9167	21	9436	21	8779	37	9535	14.839	2.414
96.5	NaN	528	NaN	591	0	31	358	73	64	0	406	32	8742	68	9722	72	9706	163	9855	14.661	0.023
96.6	NaN	580	NaN	547	0	27	360	72	62	0	406	26	9813	50	9758	54	9297	102	9833	15.041	2.354
96.7	NaN	613	NaN	542	0	2	359	71	60	0	407	35	9260	38	9876	72	9443	77	9996	15.361	3.147
96.8	NaN	624	NaN	576	0	-11	360	47	40	0	405	29	9741	24	9638	60	9843	51	9787	15.749	2.448
96.9	NaN	634	NaN	634	0	-21	361	41	37	0	403	25	10068	16	9667	52	10090	33	9744	15.989	1.278
97	NaN	605	NaN	587	0	-20	360	43	35	0	403	32	10196	21	9990	64	10292	42	9900	16.178	3.801
97.1	NaN	640	NaN	546	0	-18	359	46	42	0	404	3	10091	2	9688	7	10178	4	9552	16.02	-2.818
97.2	NaN	584	NaN	577	0	-12	361	47	38	0	406	44	10114	35	9854	84	10106	58	9913	16.119	7.3
97.3	NaN	585	NaN	619	0	-12	363	37	29	0	405	16	10126	11	9851	32	10170	24	9920	16.181	-0.24
97.4	NaN	624	NaN	616.5625	0	-11	368	0	0	0	407	-11	9908	-12	9760	-9	9971	-10	9672	16.053	-3
97.5	NaN	593	NaN	620.125	0	-13	589	0	0	0	591	-30	9525	-33	9321	-24	9551	-27	9346	15.524	-7.589
97.6	NaN	606	NaN	623.6875	0	-9	699	0	0	0	670	-47	8967	-52	8592	-39	8737	-44	8327	14.639	-9.753
97.7	NaN	583	NaN	627.25	0	-12	690	0	0	0	663	-52	8375	-57	7946	-44	8211	-48	7324	13.546	-11.783
97.8	NaN	606	NaN	630.8125	0	-17	574	0	0	0	556	-50	7847	-57	7367	-43	7621	-49	4096	12.561	-10.531
97.9	NaN	597	NaN	634.375	0	-19	364	0	0	0	407	-48	7427	-58	6973	-42	7273	-52	2897	11.768	-8.825
98	NaN	617	NaN	637.9375	0	-31	362	15	14	0	401	-17	7150	-25	6623	-15	7040	-20	3549	11.193	-6.382
98.1	NaN	619	NaN	643	0	-34	362	44	42	0	403	36	7225	16	6568	82	7238	36	6665	11.06	3.381
98.2	NaN	621	NaN	649	0	-41	359	41	38	0	403	29	7267	10	6560	68	7280	26	6618	11.209	2.113
98.3	NaN	636	NaN	624	0	-45	360	40	39	0	406	28	7523	10	6546	66	7501	24	6648	11.325	2.107
98.4	NaN	594	NaN	656	0	-59	357	39	38	0	406	28	7636	6	6549	66	7655	15	6618	11.436	0.219
98.5	NaN	614	NaN	675	0	-60	359	44	42	0	405	42	7937	9	6645	94	7974	21	6753	11.643	1.408
98.6	NaN	622	NaN	633	0	-55	359	49	44	0	406	50	7992	11	6786	114	8216	26	7565	11.882	0.268
98.7	NaN	620	NaN	642	0	-46	361	47	43	0	405	45	8036	13	7191	101	8142	30	7305	12.113	4.167
98.8	NaN	621	NaN	615	0	-45	360	48	43	0	405	43	8133	14	7174	96	8337	32	7427	12.3	2.274
98.9	NaN	677	NaN	637	0	-42	358	48	44	0	406	44	8229	17	7344	97	8495	38	7984	12.447	4.209
99	NaN	641	NaN	616	0	-29	359	50	47	0	406	41	8136	18	7720	95	8434	45	7798	12.642	3.819
99.1	NaN	659	NaN	641	0	-10	359	41	33	0	405	18	8152	14	7689	40	8166	31	7813	12.93	1.428
99.2	NaN	667	NaN	614	0	-10	357	46	39	0	406	25	8112	19	8030	56	8188	44	8063	13.113	3.164
99.3	NaN	665	NaN	596	0	-6	364	46	37	0	405	26	8263	23	8209	57	8351	50	8249	13.407	3.007
99.4	NaN	611	NaN	613	0	-9	363	43	35	0	405	23	8420	19	8343	50	8459	41	8414	13.609	2.477
99.5	NaN	661	NaN	556	0	-10	365	11	2	0	406	-7	8421	-8	8250	-6	8388	-7	8238	13.567	-3.308
99.6	NaN	615	NaN	724	0	-12	363	0	0	0	403	-25	8176	-27	8018	-21	8175	-25	8039	13.226	-3.061
99.7	NaN	590	NaN	647	0	-30	364	0	0	0	403	-40	7995	-51	7445	-34	7869	-45	7136	12.753	-7.834
99.8	NaN	597	NaN	667	0	-33	359	9	5	0	401	-36	7613	-52	6756	-31	7620	-43	5804	12.07	-6.114
99.9	NaN	636	NaN	712	0	-37	361	17	13	0	404	-11	7451	-15	6505	-10	7465	-13	6161	11.698	-3.099
100	NaN	622	NaN	731	0	-34	360	10	9	0	403	-25	7359	-36	6314	-22	7299	-31	5000	11.247	-5.982
100.1	NaN	629	NaN	664	0	-19	357	39	31	0	404	17	7149	11	6465	38	7156	25	6571	11.041	3.011
100.2	NaN	593	NaN	630	0	-37	359	39	34	0	406	20	7067	8	6537	46	7092	19	6594	11.161	-1.28
100.3	NaN	635	NaN	566	0	-40	361	30	24	0	405	8	7267	5	6507	14	7217	7	6478	11.28	0.665
100.4	NaN	598	NaN	630	0	-38	361	60	60	0	404	14	7323	5	6490	32	7300	11	6420	11.138	-0.581
100.5	NaN	645	NaN	652	0	-37	362	43	34	0	405	28	7479	13	6726	63	7507	27	6727	11.489	2.688
100.6	NaN	640	NaN	628	0	-38	361	48	41	0	405	41	7705	17	6817	93	7765	40	7663	11.684	2.834
100.7	NaN	626	NaN	553	0	-43	363	36	31	0	404	10	7567	3	6728	25	7576	8	6773	11.82	-0.811
100.8	NaN	609	NaN	628	0	-42	362	35	26	0	405	12	7724	4	6668	26	7728	9	6709	11.72	0.255
100.9	NaN	619	NaN	584	0	-49	360	35	28	0	405	13	7581	4	6624	30	7628	9	6679	11.656	-0.549
101	NaN	625	NaN	546	0	-52	359	33	25	0	405	11	7542	3	6571	24	7563	7	6570	11.576	-1.53
101.1	NaN	635	NaN	541	0	-56	358	32	25	0	405	7	7387	2	6387	17	7452	4	6438	11.438	-0.019
101.2	NaN	628	NaN	540	0	-52	359	35	34	0	403	9	7351	2	6280	21	7363	5	6341	11.27	-0.474
101.3	NaN	589	NaN	628	0	-35	362	35	34	0	404	14	7387	6	6236	32	7395	13	6352	11.122	0.812
101.4	NaN	636	NaN	530	0	-14	364	32	23	0	406	4	7075	3	6514	9	7078	6	6519	11.175	-0.137
101.5	NaN	638	NaN	596	0	3	359	32	23	0	407	3	6702	4	6852	8	6750	9	6845	11.122	-1.866
101.6	NaN	610	NaN	670	0	37	363	37	29	0	406	4	6406	8	7023	8	6497	20	7054	11.033	-1.974
101.7	NaN	657	NaN	682	0	46	361	38	28	0	405	4	6261	15	7128	11	6327	34	7156	10.982	-1.133
101.8	NaN	644	NaN	652	0	45	358	47	37	0	407	6	6192	23	7245	15	6304	53	7232	10.943	-0.714
101.9	NaN	610	NaN	581	0	49	363	51	41	0	406	13	6523	46	7492	31	6509	108	7513	11.169	2.309
102	NaN	624	NaN	548	0	49	362	52	42	0	406	14	6550	47	7693	33	6595	109	7720	11.393	3.529
102.1	NaN	603	NaN	549	0	44	364	52	42	0	407	15	6658	46	7782	35	6750	106	7845	11.675	3.357
102.2	NaN	611	NaN	573	0	18	357	52	43	0	406	25	6896	39	7909	55	6972	89	8051	11.952	5.286
102.3	NaN	622	NaN	562	0	-4	357	54	47	0	404	36	7482	36	7786	82	7604	82	7873	12.372	4.918
102.4	NaN	617	NaN	589	0	-20	362	50	46	0	406	40	7972	26	7807	90	8053	59	7844	12.803	4.133
102.5	NaN	621	NaN	566	0	-29	363	62	61	0	405	54	8433	26	8110	120	8542	59	8065	13.179	4.481
102.6	NaN	627	NaN	577	0	-33	357	55	47	0	406	53	8716	24	8511	115	8739	54	8264	13.65	4.996
102.7	NaN	598	NaN	576	0	-26	362	56	55	0	404	51	8992	29	8430	110	9154	62	8719	14.007	4.634
102.8	NaN	617	NaN	585	0	-26	362	52	45	0	406	47	9201	26	8774	101	9389	55	8748	14.447	5.529
102.9	NaN	611	NaN	593	0	-30	357	50	45	0	406	44	9448	24	8827	92	9577	51	8895	14.794	3.979
103	NaN	614	NaN	581	0	-25	360	49	46	0	405	43	9661	24	9017	91	9744	51	9114	15.117	4.375
103.1	NaN	615	NaN	617	0	-10	358	42	34	0	405	24	9605	19	9292	49	9654	41	9412	15.458	2.31
103.2	NaN	623	NaN	600	0	-4	362	42	34	0	405	21	9557	18	9635	43	9696	39	9618	15.621	1.752
103.3	NaN	633	NaN	602	0	-11	358	43	40	0	405	27	9771	21	9698	57	9878	44	9781	15.803	3.205
103.4	NaN	615	NaN	584	0	-10	362	45	42	0	406	30	9987	24	9761	63	10072	49	9837	16.073	2.47
103.5	NaN	609	NaN	571	0	-8	361	47	43	0	406	34	10073	29	9983	67	10192	58	10106	16.377	3.766
103.6	NaN	625	NaN	565	0	-0	361	53	46	0	406	35	10248	33	10372	71	10427	66	10384	16.689	3.814
103.7	NaN	604	NaN	559	0	0	358	67	60	0	406	30	10392	30	10571	60	10497	58	10614	17.03	2.532
103.8	NaN	644	NaN	579	0	6	360	72	63	0	406	26	10429	30	10756	50	10518	60	10888	17.281	2.761
103.9	NaN	627	NaN	569	0	7	358	82	74	0	404	25	10544	28	11020	48	10737	54	11085	17.492	2.428
104	NaN	597	NaN	589	0	7	359	86	78	0	406	19	10669	22	10998	37	10740	42	11114	17.665	1.239
104.1	NaN	599	NaN	581	0	8	361	96	88	0	405	18	10659	22	11195	36	10812	43	11188	17.787	1.23
104.2	NaN	614	NaN	615	1	6	357	100	100	0	405	17	10772	19	11199	33	10893	37	11242	17.865	0.114
104.3	NaN	613	NaN	589	1	4	358	100	100	0	406	14	10815	16	11246	28	10804	32	11238	17.955	1.122
104.4	NaN	621	NaN	596	1	4	359	100	100	0	406	15	10838	16	11176	29	10998	32	11236	17.984	1.301
104.5	NaN	600	NaN	642	1	1	361	100	100	0	405	11	10968	10	11139	20	10960	20	11197	18.007	-0.015
104.6	NaN	581	NaN	608	1	-4	357	100	100	0	405	12	10919	11	11151	25	11052	22	11183	18.022	0.411
104.7	NaN	588	NaN	635	1	-4	358	100	100	0	405	10	11053	8	11012	18	11118	15	11125	18.005	0.138
104.8	NaN	587	NaN	623	1	-4	362	100	100	0	404	10	11040	9	11136	19	11029	18	11105	18.015	-1.041
104.9	NaN	586	NaN	612	1	-3	358	100	100	0	402	10	11016	9	11025	19	11120	18	11079	17.997	0.347
105	NaN	597	NaN	612	1	-5	364	100	100	0	405	8	11061	8	11074	16	10995	15	11073	17.991	-0.255
105.1	NaN	588	NaN	623	1	-2	357	100	100	0	407	11	10980	10	11106	21	11078	20	11077	18.006	-0.844
105.2	NaN	594	NaN	624	1	-1	361	100	100	0	404	9	11038	9	11011	17	11076	16	11088	18.007	0.709
105.3	NaN	587	NaN	616	1	-3	358	100	100	0	404	10	10968	9	11155	20	11057	18	11140	18	-0.023
105.4	NaN	591	NaN	644	1	-2	359	100	100	0	405	11	11016	10	11048	20	11093	20	11129	18.007	-0.776
105.5	NaN	596	NaN	614	1	-0	362	100	100	0	407	9	11016	9	11195	17	10970	16	11158	18.022	-0.246
105.6	NaN	583	NaN	604	1	-0	361	100	100	0	406	11	10960	11	11114	22	11068	22	11139	18.03	0.034
105.7	NaN	602	NaN	622	1	-1	360	100	100	0	406	9	11011	9	11175	16	10996	15	11157	18.04	-0.3
105.8	NaN	583	NaN	609	1	-4	357	100	100	0	406	10	10973	10	11159	20	11083	20	11148	18.038	-0.575
105.9	NaN	582	NaN	621	1	-4	358	100	100	0	406	9	11046	9	11049	17	11116	16	11150	18.019	0.678
106	NaN	585	NaN	608	1	-1	361	100	100	0	404	9	11015	8	11158	19	11031	17	11158	18.019	-0.319
106.1	NaN	590	NaN	622	1	-3	359	100	100	0	404	9	10996	9	11078	18	11091	17	11135	17.998	-0.852
106.2	NaN	591	NaN	639	1	-2	359	100	100	0	406	10	10969	10	11185	18	10935	18	11190	18.041	0.758
106.3	NaN	587	NaN	636	1	-1	359	100	100	0	406	11	10944	10	11154	22	11062	21	11184	18.038	0.243
106.4	NaN	591	NaN	638	1	-0	363	100	100	0	406	9	11010	9	11209	18	11024	17	11188	18.045	0.067
106.5	NaN	575	NaN	619	1	-1	362	100	100	0	406	10	10986	9	11161	20	11074	20	11147	18.061	-0.202
106.6	NaN	590	NaN	614	1	-3	361	100	100	0	407	8	11008	7	11060	15	11138	14	11121	18.04	1.152
106.7	NaN	594	NaN	620	1	-9	359	100	100	0	404	8	11092	7	11106	16	11045	14	11088	18.035	-0.383
106.8	NaN	585	NaN	611	0	-9	362	100	100	0	403	10	11128	9	10959	21	11204	18	11036	18.006	-0.906
106.9	NaN	586	NaN	629	0	-12	357	100	100	0	406	13	11170	10	11001	24	11123	20	11056	18.012	1.843
107	NaN	582	NaN	611	0	-12	355	100	100	0	405	10	11144	9	10933	21	11261	17	10973	18.006	0.982
107.1	NaN	594	NaN	661	0	-11	358	100	100	0	405	13	11215	12	10977	27	11202	22	11057	18.038	-0.014
107.2	NaN	589	NaN	607	0	-8	362	100	100	0	404	9	11147	7	11008	17	11196	14	10995	18.06	-0.543
107.3	NaN	579	NaN	611	0	-7	361	100	100	0	406	10	11138	9	10955	21	11218	18	11058	18.023	-0.697
107.4	NaN	587	NaN	638	0	-8	359	100	100	0	404	10	11109	9	11064	20	11109	17	11089	18.024	-0.598
107.5	NaN	585	NaN	607	0	-7	357	100	100	0	406	9	11083	8	10957	18	11166	16	11053	17.971	-1.229
107.6	NaN	586	NaN	621	0	-5	359	100	100	0	405	12	11046	11	11003	23	11035	21	11046	17.961	0.695
107.7	NaN	580	NaN	610	0	-5	361	100	100	0	405	10	10998	9	11002	19	11086	16	10980	17.945	-0.358
107.8	NaN	584	NaN	612	1	-3	361	100	100	0	404	11	11014	9	10944	21	11045	19	11002	17.906	0.31
107.9	NaN	578	NaN	627	1	-2	361	100	100	0	406	10	10964	10	11060	20	11025	19	11025	17.91	-0.554
108	NaN	600	NaN	615	1	-1	360	100	100	0	405	13	10934	12	11022	25	11036	24	11060	17.905	-0.669
108.1	NaN	615	NaN	611	1	3	358	100	100	0	404	13	10905	13	11153	25	10926	26	11189	17.942	0.975
108.2	NaN	605	NaN	649	1	1	361	100	100	0	404	14	10888	14	11150	26	10998	26	11203	17.951	-0.327
108.3	NaN	582	NaN	656	1	1	361	100	97	0	405	13	10954	13	11135	25	10936	25	11182	18.033	1.201
108.4	NaN	579	NaN	650	1	-2	361	100	93	0	406	9	10955	9	11193	18	11063	18	11186	18.02	0.364
108.5	NaN	596	NaN	620	0	-4	359	22	15	0	407	7	11014	8	11109	18	11068	18	11141	18.031	-0.521
108.6	NaN	601	NaN	612	0	-1	362	0	0	0	404	-19	10860	-19	11024	-14	10789	-14	10908	17.835	-4.039
108.7	NaN	578	NaN	679	0	0	366	0	0	0	404	-39	10521	-38	10635	-30	10581	-29	10653	17.429	-5.997
108.8	NaN	566	NaN	649	0	2	444	0	0	0	462	-50	10029	-50	10129	-39	10064	-39	10120	16.838	-6.965
108.9	NaN	562	NaN	643	0	-1	513	0	0	0	529	-52	9695	-52	9916	-41	9305	-40	9546	16.058	-9.931
109	NaN	577	NaN	656	0	1	473	0	0	0	465	-53	9024	-52	9333	-43	9131	-43	9356	15.25	-8.505
109.1	NaN	562	NaN	643	0	0	511	0	0	0	520	-55	8570	-55	8793	-45	8309	-45	8596	14.447	-9.316
109.2	NaN	581	NaN	654	0	4	650	0	0	0	626	-49	8273	-50	8572	-46	7383	-45	8046	13.611	-16.841
109.3	NaN	603	NaN	697	0	1	626	11	6	0	594	-32	7347	-33	7573	-29	7076	-28	6709	12.364	-7.536
109.4	NaN	616	NaN	699	0	8	391	13	7	0	424	-28	6915	-26	7299	-25	6887	-22	7224	11.81	-3.339
109.5	NaN	619	NaN	658	0	31	377	14	6	0	416	-30	6381	-23	7208	-27	6413	-20	7218	11.309	-5.556
109.6	NaN	625	NaN	676	0	37	360	16	8	0	406	-28	5985	-20	7091	-25	4577	-18	7093	10.817	-5.483
109.7	NaN	619	NaN	584	0	50	358	46	37	0	401	10	6062	36	7233	24	6648	86	7268	10.611	-0.439
109.8	NaN	651	NaN	581	0	69	364	47	38	0	406	6	6190	43	7257	13	6241	99	7345	10.772	1.426
109.9	NaN	675	NaN	618	0	75	362	42	31	0	407	3	5927	30	7198	6	6114	69	7371	10.847	-1.385
110	NaN	645	NaN	667	0	75	364	36	25	0	406	2	5895	19	7230	4	6043	45	7292	10.775	0.292
110.1	NaN	624	NaN	685	0	76	366	34	23	0	407	1	5716	9	6907	2	5802	22	7075	10.556	-0.733
110.2	NaN	602.8	NaN	622	0	73	364	45	37	0	406	3	5576	35	6952	5	5636	83	7140	10.174	-3.429
110.3	NaN	603.6	NaN	562	0	76	360	24	14	0	407	-1	5357	0	6702	0	5655	-3	6869	10.158	-2.49
110.4	NaN	604.4	NaN	664	0	76	362	38	30	0	407	2	5344	24	6334	4	5462	58	6648	9.878	-3.37
110.5	NaN	605.2	NaN	712	0	74	359	33	26	0	404	0	5088	8	6293	1	5207	19	6484	9.585	-2.33
110.6	NaN	621	NaN	651	0	76	363	38	27	0	405	1	5143	23	6395	4	5214	56	6500	9.465	-1.271
110.7	NaN	671	NaN	563	0	76	359	25	16	0	404	0	4964	0	5994	0	5114	0	6072	9.339	-3.633
110.8	NaN	659	NaN	629	0	76	362	44	35	0	406	2	4921	38	6456	5	4956	92	6466	8.972	-0.517
110.9	NaN	648	NaN	604	0	80	364	41	33	0	405	1	4880	31	6197	3	4937	76	6289	9.103	-0.873
111	NaN	621	NaN	571	0	79	363	48	39	0	405	2	4885	49	6575	5	4905	116	6614	9.097	1.365
111.1	NaN	621	NaN	581	0	78	359	49	42	0	406	3	4934	50	6457	7	5060	121	6600	9.29	-0.277
111.2	NaN	563	NaN	574	0	72	359	62	52	0	405	7	5067	81	7051	17	5190	192	7061	9.567	3.925
111.3	NaN	542	NaN	551	0	65	362	88	79	0	406	13	5389	87	7342	30	5648	199	7487	9.888	5.799
111.4	NaN	579	NaN	574	0	40	360	100	97	0	407	25	5908	70	7287	58	6385	162	7571	10.22	7.51
111.5	NaN	589	NaN	545	0	-8	359	100	100	0	408	45	6488	41	7108	103	8228	93	7706	10.595	7.989
111.6	NaN	600	NaN	565	0	-17	361	100	100	0	406	51	8471	33	6900	117	8431	76	6962	11.155	7.159
111.7	NaN	604	NaN	588	0	-1	359	100	100	0	408	47	7399	45	7264	106	7517	102	7356	11.785	5.492
111.8	NaN	606	NaN	559	0	8	359	100	100	0	408	40	7604	47	7779	91	7639	107	7914	12.379	6.242
111.9	NaN	592	NaN	564	0	9	362	100	100	0	406	39	7835	46	8200	87	7958	104	8326	12.872	4.464
112	NaN	583	NaN	548	0	11	358	100	100	0	406	36	8129	46	8512	79	8223	100	8578	13.417	4.515
112.1	NaN	606	NaN	575	0	1	362	100	100	0	405	39	8468	41	8796	84	8564	87	8853	13.907	4.564
112.2	NaN	626	NaN	551	0	1	363	100	100	0	406	39	8781	39	9048	83	8904	84	9084	14.328	3.834
112.3	NaN	608	NaN	601	0	2	363	29	19	0	406	15	8933	22	9173	48	9024	22	9126	14.806	5.259
112.4	NaN	623	NaN	576.9166667	0	-4	553	0	0	0	549	-18	8701	-18	8745	-14	8582	-15	8721	14.471	-4.716
112.5	NaN	599	NaN	579.8333333	0	-6	570	0	0	0	569	-36	8278	-38	8290	-31	8316	-32	8259	13.76	-8.022
112.6	NaN	570	NaN	582.75	0	-14	417	0	0	0	445	-50	7992	-57	7704	-43	7892	-50	7645	13.009	-6.969
112.7	NaN	584	NaN	585.6666667	0	-21	355	0	0	0	401	-48	7701	-59	7166	-41	7659	-52	6799	12.278	-7.139
112.8	NaN	654	NaN	588.5833333	0	-29	361	28	27	0	405	5	7632	2	7025	11	7629	6	7027	11.945	-1.478
112.9	NaN	632	NaN	593	0	-37	361	30	30	0	406	9	7634	4	6918	21	7619	9	6910	11.814	-1.378
113	NaN	648	NaN	536	0	-51	364	28	25	0	404	7	7548	2	6769	17	7559	4	6787	11.715	-1.559
113.1	NaN	676	NaN	559	0	-55	362	22	20	0	404	-0	7472	-0	6531	-0	7442	-0	6498	11.445	-2.585
113.2	NaN	669	NaN	566	0	-58	365	21	19	0	405	-1	7285	-2	6230	-1	7318	-1	6247	11.162	-2.612
113.3	NaN	668	NaN	564	0	-55	365	22	22	0	404	0	7149	0	6085	0	7114	0	6025	10.882	-2.66
113.4	NaN	668	NaN	558	0	-55	359	27	27	0	404	4	7027	1	5947	9	7018	2	5939	10.648	-1.951
113.5	NaN	595	NaN	564.7857143	0	-54	361	36	37	0	406	26	7053	6	6024	61	7106	14	6029	10.573	-1.29
113.6	NaN	644	NaN	564.0714286	0	-48	361	45	45	0	405	43	7237	12	6209	100	7307	28	6229	10.767	3.233
113.7	NaN	614	NaN	563.3571429	0	-45	357	46	45	0	405	43	7385	15	6361	100	7500	35	7019	11.034	1.937
113.8	NaN	613	NaN	562.6428571	0	-47	359	42	40	0	403	33	7466	9	6438	77	7505	23	6715	11.309	0.735
113.9	NaN	653	NaN	561.9285714	0	-36	363	41	36	0	406	29	7698	12	6631	64	7741	27	6717	11.504	2.368
114	NaN	622	NaN	561.2142857	0	-29	362	48	47	0	403	44	7730	20	6865	97	7858	48	7084	11.593	2.318
114.1	NaN	679	NaN	560	0	-32	361	26	17	0	404	-0	7448	-0	6876	-1	7496	-1	6957	11.872	-0.288
114.2	NaN	668	NaN	561	0	-17	359	25	20	0	405	-0	7456	-0	6966	-0	7440	-0	6845	11.666	-1.464
114.3	NaN	671	NaN	556	0	3	363	27	20	0	405	0	6993	0	7137	0	7006	0	7044	11.56	-1.781
114.4	NaN	633	NaN	590	0	25	360	43	35	0	407	15	6926	25	7402	34	7003	59	7435	11.609	2.542
114.5	NaN	651	NaN	624	0	51	359	38	27	0	407	4	6558	17	7466	10	6707	38	7511	11.611	-0.09
114.6	NaN	630	NaN	636	0	55	363	34	23	0	406	2	6357	9	7519	5	6369	20	7521	11.391	-1.829
114.7	NaN	668	NaN	557	0	56	363	25	14	0	406	-3	6136	-2	7290	-3	6189	-1	7384	11.16	-3.282
114.8	NaN	643	NaN	622	0	53	358	34	25	0	406	1	6089	7	7181	4	6039	22	7246	10.86	-3.945
114.9	NaN	658	NaN	574	0	54	361	44	36	0	404	8	5999	33	7244	19	6188	79	7405	10.762	0.381
115	NaN	659	NaN	569	0	52	359	48	39	0	406	9	6222	40	7266	23	6454	96	7424	10.815	1.133
115.1	NaN	614	NaN	575	0	51	359	48	38	0	406	10	6162	38	7268	24	6797	90	7426	11.005	1.4
115.2	NaN	615	NaN	574	0	44	359	54	45	0	408	18	6199	52	7629	41	9673	118	7991	11.086	2.096
115.3	NaN	592	NaN	567	0	40	358	69	61	0	406	25	7774	65	7702	56	7831	143	8028	11.466	2.745
115.4	NaN	578	NaN	519	0	34	362	74	65	0	406	26	7296	63	7874	62	7574	139	8124	11.855	2.903
115.5	NaN	640	NaN	547	0	21	358	92	82	0	408	32	7712	53	7974	73	7776	118	8222	12.231	3.598
115.6	NaN	611	NaN	546	0	8	360	92	83	0	405	38	7977	46	8006	87	7971	102	8161	12.744	5.798
115.7	NaN	588	NaN	546	0	7	361	98	91	0	406	39	8097	44	8331	84	8199	97	8482	13.27	5.267
115.8	NaN	647	NaN	540	0	15	359	100	100	0	407	34	8286	46	8705	73	8441	103	8887	13.764	4.005
115.9	NaN	614	NaN	560	0	29	360	49	37	0	408	25	8486	49	9199	48	8543	91	9227	14.176	4.193
116	NaN	658	NaN	558	0	14	361	23	16	0	406	-3	8140	-3	9048	-2	8082	-1	8947	14.025	-2.533
116.1	NaN	667	NaN	558	0	-1	360	25	25	0	408	0	8342	0	8629	0	8397	0	8590	13.894	-1.315
116.2	NaN	651	NaN	615	0	5	359	39	33	0	406	15	8385	16	8640	33	8498	35	8690	13.866	-0.002
116.3	NaN	613	NaN	551	0	7	357	56	48	0	406	37	8611	41	8888	79	8768	90	9013	14.157	4.247
116.4	NaN	592	NaN	556	0	-3	360	56	47	0	406	38	8959	39	9077	82	8975	81	9208	14.586	4.775
116.5	NaN	614	NaN	581	0	-14	361	46	44	0	404	34	9364	24	9096	71	9410	51	9231	14.979	2.676
116.6	NaN	631	NaN	577	0	-19	356	46	45	0	405	37	9606	24	9277	77	9714	50	9323	15.247	3.25
116.7	NaN	622	NaN	576	0	-20	358	47	45	0	404	38	9782	25	9449	79	9946	51	9551	15.532	2.497
116.8	NaN	603	NaN	549	0	-8	357	64	59	0	406	40	9911	32	9731	81	10017	67	9831	15.915	4.144
116.9	NaN	588	NaN	551	0	-4	359	100	93	0	406	36	10085	36	10018	75	10168	71	10163	16.278	3.527
117	NaN	590	NaN	554	0	3	357	100	100	0	405	34	10160	36	10387	68	10321	73	10426	16.651	3.992
117.1	NaN	557	NaN	553	0	8	360	100	100	0	407	32	10295	37	10652	63	10405	74	10768	16.952	2.293
117.2	NaN	575	NaN	554	0	8	361	100	100	0	408	27	10472	30	10759	52	10517	59	10950	17.213	2.364
117.3	NaN	604	NaN	585	0	5	361	100	100	0	406	23	10526	26	10997	47	10666	51	11002	17.429	1.823
117.4	NaN	621	NaN	593	1	5	360	100	100	0	407	23	10608	26	10994	44	10675	49	11090	17.579	0.973
117.5	NaN	624	NaN	632	1	7	359	100	100	0	408	18	10709	21	11091	34	10769	41	11131	17.688	0.826
117.6	NaN	618	NaN	608	1	5	361	100	100	0	406	17	10697	19	11137	34	10856	38	11184	17.763	0.171
117.7	NaN	618	NaN	623	1	2	361	100	100	0	406	17	10810	18	11031	33	10839	34	11154	17.845	1.467
117.8	NaN	597	NaN	631	1	-3	362	100	100	0	407	13	10920	11	11098	24	10980	21	11100	17.896	0.381
117.9	NaN	589	NaN	628	1	-7	359	100	100	0	406	11	10965	10	10949	21	11012	19	10995	17.892	-1.268
118	NaN	603	NaN	662	0	-13	362	100	100	0	407	15	11103	12	10964	29	11185	22	10930	17.899	0.8
118.1	NaN	591	NaN	614	0	-15	361	100	100	0	404	14	11093	10	10843	28	11228	20	10882	17.915	0.032
118.2	NaN	629	NaN	671	0	-16	360	100	100	0	404	20	11253	14	10797	40	11355	27	10969	17.941	1.346
118.3	NaN	599	NaN	626	0	-16	359	100	100	0	405	17	11227	12	10867	31	11333	22	11017	17.99	0.41
118.4	NaN	597	NaN	616	0	-19	358	100	100	0	403	18	11277	12	10795	34	11307	25	10929	18.001	-0.248
118.5	NaN	592	NaN	669	0	-18	356	100	100	0	404	17	11277	13	10903	33	11382	24	10933	18.018	1.502
118.6	NaN	594	NaN	619	0	-17	358	100	100	0	404	14	11219	10	10856	26	11212	18	10906	18.018	-0.402
118.7	NaN	606	NaN	627	0	-16	358	100	100	0	404	19	11318	13	10824	36	11335	27	10943	17.989	0.556
118.8	NaN	593	NaN	662	0	-13	358	100	100	0	405	13	11156	11	10945	23	11190	18	10976	18.004	-0.151
118.9	NaN	590	NaN	623	0	-9	358	100	100	0	405	12	11159	10	10883	27	11227	22	10987	17.994	-0.439
119	NaN	594	NaN	645	0	-3	358	100	100	0	406	11	10950	11	11060	22	11070	20	11088	17.967	-0.269
119.1	NaN	611	NaN	672	0	0	361	100	100	0	406	14	10932	15	11098	26	10987	28	11118	17.947	-0.384
119.2	NaN	616	NaN	682	0	5	358	100	100	0	406	12	10868	12	11116	23	10949	25	11190	17.957	0.319
119.3	NaN	621	NaN	617	0	6	359	100	100	0	406	16	10821	17	11239	31	10874	35	11259	17.957	1.13
119.4	NaN	630	NaN	626	1	6	365	100	100	0	406	14	10875	16	11168	26	10954	29	11271	17.978	1.169
119.5	NaN	622	NaN	617	1	6	358	100	100	0	407	13	10800	14	11299	27	10919	28	11304	17.987	-1.407
119.6	NaN	609	NaN	609	1	3	358	100	100	0	406	14	10880	16	11162	27	10964	30	11269	18.003	0.1
119.7	NaN	605	NaN	633	1	1	358	100	100	0	405	12	10902	13	11274	22	10987	24	11261	18.027	-0.937
119.8	NaN	600	NaN	608	1	1	363	100	100	0	406	12	10933	12	11121	24	10970	24	11240	18.011	-1.007
119.9	NaN	592	NaN	617	1	0	359	100	100	0	406	10	11010	10	11178	17	11040	17	11189	18.014	0.682
120	NaN	589	NaN	618	1	-1	358	100	100	0	406	9	10947	9	11134	18	11000	18	11120	18.007	-1.209
120.1	NaN	588	NaN	618	1	-3	363	100	100	0	406	11	11011	10	11098	21	11076	20	11121	17.993	0.282
120.2	NaN	600	NaN	614	1	-4	361	100	100	0	406	8	10987	7	11133	16	11077	15	11118	17.974	-0.608
120.3	NaN	581	NaN	619	1	-1	362	100	100	0	407	11	10987	10	11033	23	11008	21	11120	17.965	-0.193
120.4	NaN	596	NaN	604	1	-3	360	100	100	0	405	9	11025	8	11146	16	11041	14	11128	17.964	-0.13
120.5	NaN	591	NaN	598	1	-1	358	100	100	0	406	10	10924	10	11021	22	10962	20	11116	17.942	-0.093
120.6	NaN	584	NaN	626	1	-3	360	100	100	0	406	12	10985	12	11113	24	11054	23	11122	17.978	1.914
120.7	NaN	587	NaN	600	1	-3	363	100	100	0	407	8	10962	9	11095	17	11016	17	11081	17.978	-0.935
120.8	NaN	590	NaN	599	1	-3	359	100	100	0	406	12	10958	12	11101	24	11040	23	11120	17.981	0.445
120.9	NaN	586	NaN	606	1	-0	362	100	100	0	407	9	11002	9	11146	17	11036	17	11118	17.996	0.649
121	NaN	583	NaN	606	1	-0	359	100	100	0	406	10	10974	11	11061	20	10965	20	11144	17.972	-0.7
121.1	NaN	593	NaN	631	1	-2	358	100	100	0	405	10	11008	9	11160	18	11036	18	11148	17.977	0.62
121.2	NaN	590	NaN	597	1	-1	363	90	83	0	406	8	10959	9	11073	17	10993	17	11117	17.979	-1.345
121.3	NaN	644	NaN	631	0	-3	359	0	0	0	407	-8	10828	-9	11012	-6	10909	-6	10957	17.904	-1.712
121.4	NaN	606	NaN	641	0	-3	363	0	0	0	405	-29	10712	-30	10788	-21	10672	-22	10693	17.587	-4.892
121.5	NaN	579	NaN	654	0	-3	362	0	0	0	404	-47	10307	-49	10404	-36	10183	-38	10342	17.108	-5.797
121.6	NaN	576	NaN	636	0	-1	378	0	0	0	416	-50	9938	-51	10139	-39	10006	-39	10047	16.497	-5.608
121.7	NaN	574	NaN	636	0	-3	384	0	0	0	421	-52	9525	-52	9697	-40	9469	-41	9632	15.858	-6.302
121.8	NaN	569	NaN	641	0	2	483	0	0	0	489	-55	9054	-55	9193	-44	8888	-44	9056	15.183	-9.57
121.9	NaN	568	NaN	635	0	3	494	0	0	0	505	-55	8492	-54	8659	-46	8421	-45	8689	14.311	-8.492
122	NaN	568	NaN	659	0	4	467	0	0	0	486	-57	7964	-53	8223	-47	8000	-45	7909	13.468	-7.465
122.1	NaN	585	NaN	647	0	4	490	0	0	0	506	-54	7530	-53	7690	-47	7345	-46	7596	12.68	-8.364
122.2	NaN	578	NaN	654	0	6	483	3	1	0	497	-55	6990	-49	7324	-47	6847	-44	7256	11.678	-10.093
122.3	NaN	648	NaN	561	0	12	362	26	17	0	400	-0	6847	-0	7184	-0	7125	-1	7285	11.484	0.612
122.4	NaN	657	NaN	559	0	42	363	25	16	0	406	0	6511	-0	7285	-0	6437	-0	7257	11.332	-3.64
122.5	NaN	648	NaN	553	0	55	363	7	0	0	407	-12	5859	-8	7109	-11	6124	-7	7282	11.002	-1.477
122.6	NaN	644	NaN	557	0	62	361	26	18	0	407	-7	5583	-2	6938	-5	4740	-3	6974	10.566	-4.511
122.7	NaN	641	NaN	618	0	48	359	38	29	0	406	5	5743	19	7091	11	5836	43	7107	10.304	-0.63
122.8	NaN	638	NaN	629.0666667	0	27	361	38	28	0	405	8	5944	15	6866	18	6028	35	6939	10.4	0.436
122.9	NaN	624	NaN	627.1333333	0	18	363	45	40	0	406	17	6173	29	6804	41	6284	66	6823	10.415	0.752
123	NaN	609	NaN	625.2	0	30	361	50	43	0	405	20	6518	40	7062	48	6385	93	7079	10.784	4.033
123.1	NaN	573	NaN	623.2666667	0	29	362	71	62	0	408	32	6603	61	7574	74	6809	143	7600	11.131	5.768
123.2	NaN	611	NaN	621.3333333	0	37	363	50	45	0	406	24	9032	48	8499	50	7030	113	7608	11.779	6.49
123.3	NaN	595	NaN	619.4	0	6	366	100	100	0	407	36	7060	42	7870	82	10282	98	8622	11.878	1.125
123.4	NaN	576	NaN	617.4666667	0	13	360	62	60	0	406	37	8476	49	8026	81	7750	109	8058	12.673	6.012
123.5	NaN	570	NaN	615.5333333	0	23	362	68	58	0	406	33	7897	52	8563	73	8061	115	8582	13.136	5.643
123.6	NaN	592	NaN	613.6	0	33	360	51	39	0	407	19	7948	42	8839	42	8004	93	8894	13.436	2.02
123.7	NaN	602	NaN	611.6666667	0	33	364	35	24	0	405	4	7748	9	8731	10	7849	20	8746	13.489	-1.01
123.8	NaN	622	NaN	609.7333333	0	27	361	36	28	0	406	6	7743	12	8720	14	7829	27	8763	13.396	-1.163
123.9	NaN	609	NaN	607.8	0	23	363	46	39	0	406	18	7926	32	8702	41	8035	72	8803	13.543	0.942
124	NaN	595	NaN	605.8666667	0	16	359	57	50	0	405	33	8287	47	8903	71	8487	101	9017	13.854	3.328
124.1	NaN	624	NaN	603.9333333	0	14	362	54	45	0	408	30	8569	41	9088	65	8617	89	9174	14.301	3.477
124.2	NaN	635	NaN	636	0	-4	359	39	30	0	406	13	8771	13	9034	29	8869	29	9102	14.524	2.059
124.3	NaN	585	NaN	642	0	-16	359	36	30	0	406	13	9053	10	8880	28	9082	21	8915	14.59	0.891
124.4	NaN	588	NaN	668	0	-36	359	34	35	0	404	17	9155	9	8658	38	9237	19	8694	14.534	-1.065
124.5	NaN	624	NaN	633	0	-38	362	38	39	0	404	29	9347	12	8535	60	9429	25	8616	14.495	-0.426
124.6	NaN	620	NaN	610	0	-36	358	41	42	0	403	34	9379	15	8589	73	9467	30	8717	14.602	1.627
124.7	NaN	630	NaN	572	0	-26	358	50	50	0	403	47	9566	28	8923	99	9751	57	8931	14.853	5.286
124.8	NaN	606	NaN	560	0	-10	360	52	46	0	406	41	9573	32	9271	85	9699	67	9434	15.275	3.684
124.9	NaN	639	NaN	572	0	-1	358	47	38	0	406	27	9507	26	9684	56	9634	55	9743	15.608	2.933
125	NaN	612	NaN	549	0	13	358	50	44	0	407	30	9585	37	10018	60	9627	77	10055	15.85	2.277
125.1	NaN	615	NaN	547	0	16	358	51	43	0	408	28	9739	39	10267	57	9806	80	10356	16.168	3.727
125.2	NaN	597	NaN	545	0	18	360	51	42	0	405	27	10109	40	10516	54	10110	81	10596	16.492	2.692
125.3	NaN	603	NaN	548	0	10	362	53	46	0	407	31	10115	39	10654	63	10240	78	10748	16.785	3.043
125.4	NaN	580	NaN	545	0	4	361	69	66	0	406	31	10366	34	10623	62	10448	68	10764	17.117	2.165
125.5	NaN	619	NaN	600	0	-4	358	100	100	0	405	23	10634	21	10752	47	10707	43	10814	17.346	3.544
125.6	NaN	597	NaN	604	0	-6	356	100	100	0	404	19	10704	16	10718	37	10781	33	10813	17.48	0.133
125.7	NaN	589	NaN	606	0	-10	359	100	100	0	406	22	10853	17	10697	44	10974	35	10808	17.591	1.677
125.8	NaN	596	NaN	613	0	-11	358	100	100	0	406	16	10993	13	10831	32	11051	27	10808	17.678	0.045
125.9	NaN	594	NaN	630	0	-9	358	100	100	0	406	16	11020	12	10898	32	11023	25	10847	17.673	-1.401
126	NaN	598	NaN	597	0	-10	355	100	100	0	404	19	10951	15	10828	37	11034	28	10938	17.823	1.693
126.1	NaN	592	NaN	650	0	-7	359	100	100	0	406	13	11010	12	10948	26	11050	22	10920	17.769	-1.457
126.2	NaN	582	NaN	625	0	-5	361	100	100	0	406	15	10930	12	10883	28	11038	24	10954	17.783	0.474
126.3	NaN	587	NaN	641	0	-1	360	100	100	0	406	11	10901	11	10985	20	10995	20	10984	17.764	0.374
126.4	NaN	616	NaN	610	0	-3	361	68	61	0	406	15	10873	14	10937	28	10901	28	10969	17.777	-1.147
126.5	NaN	602	NaN	615	0	-1	362	60	52	0	406	14	10862	15	10945	29	10958	28	11062	17.838	1.94
126.6	NaN	655	NaN	599.6428571	0	-2	359	22	15	0	405	-4	10762	-4	10910	-2	10727	-2	10848	17.688	-2.801
126.7	NaN	616	NaN	597.2857143	0	0	377	0	0	0	416	-23	10502	-23	10678	-17	10495	-17	10658	17.403	-4.051
126.8	NaN	583	NaN	594.9285714	0	2	419	0	0	0	450	-44	10097	-41	10378	-33	10157	-32	10368	16.85	-6.644
126.9	NaN	574	NaN	592.5714286	0	1	366	0	0	0	405	-52	9765	-52	9914	-41	9603	-41	9944	16.184	-6.182
127	NaN	568	NaN	590.2142857	0	3	360	0	0	0	401	-54	9280	-52	9525	-43	9242	-42	9510	15.548	-5.692
127.1	NaN	575	NaN	587.8571429	0	6	363	0	0	0	405	-57	8732	-53	9274	-47	8680	-43	9162	14.894	-5.996
127.2	NaN	594	NaN	585.5	0	7	357	0	0	0	404	-58	8128	-53	8949	-48	8208	-44	8833	14.208	-5.39
127.3	NaN	579	NaN	583.1428571	0	7	358	0	0	0	406	-56	7717	-52	8509	-48	7648	-44	8448	13.54	-6.926
127.4	NaN	577	NaN	580.7857143	0	-1	363	1	0	0	405	-53	7594	-53	8024	-45	7313	-46	7943	12.859	-6.311
127.5	NaN	599	NaN	578.4285714	0	-20	359	6	2	0	403	-39	7586	-46	7384	-34	7512	-40	7376	12.292	-5.863
127.6	NaN	609	NaN	576.0714286	0	-35	362	5	3	0	405	-35	7464	-50	6678	-31	7419	-45	5558	11.675	-6.217
127.7	NaN	613	NaN	573.7142857	0	-44	361	7	6	0	404	-28	7175	-44	5817	-25	7207	-39	3116	11.166	-5.243
127.8	NaN	641	NaN	571.3571429	0	-51	361	16	16	0	402	-9	7074	-15	5864	-10	7074	-15	1173	10.647	-3.193
127.9	NaN	642	NaN	602	0	-54	362	19	19	0	402	-2	6867	-5	5792	-3	6830	-5	1969	10.322	-3.646
128	NaN	584	NaN	685	0	-43	363	32	32	0	404	13	6799	4	5775	31	6799	10	4421	10.145	-1.737
128.1	NaN	663	NaN	708	0	-15	363	37	31	0	407	14	6493	10	6011	34	6602	23	6027	10.235	1.526
128.2	NaN	608	NaN	590	0	7	362	47	39	0	405	22	6273	24	6449	46	6369	52	6510	10.35	2.17
128.3	NaN	629	NaN	544	0	34	357	54	44	0	407	21	6459	48	6986	51	6441	112	7058	10.74	3.471
128.4	NaN	672	NaN	745	0	61	362	36	26	0	406	2	6157	14	7047	6	6241	31	7121	10.878	-3.312
128.5	NaN	644	NaN	654	0	56	358	36	25	0	408	2	5945	12	7221	6	5970	28	7228	10.692	-1.252
128.6	NaN	650	NaN	662	0	57	364	36	25	0	406	2	5904	12	7139	6	5917	28	7136	10.631	-1.964
128.7	NaN	623	NaN	603	0	54	360	49	41	0	406	5	5856	21	7146	11	5896	53	7205	10.495	-0.89
128.8	NaN	603	NaN	552	0	52	363	49	41	0	405	11	6368	43	7256	25	6357	101	7322	10.718	1.72
128.9	NaN	614	NaN	561	0	53	361	48	40	0	405	11	6229	43	7426	25	6460	100	7470	10.885	2.028
129	NaN	644	NaN	566	0	52	360	49	39	0	406	11	6208	42	7512	24	6357	96	7582	11.072	1.965
129.1	NaN	591	NaN	581	0	53	360	57	49	0	405	16	6346	62	8071	38	6965	144	8120	11.309	6.591
129.2	NaN	561	NaN	547	0	53	359	100	100	0	405	18	7554	70	8133	41	7124	156	8259	11.633	5.809
129.3	NaN	559	NaN	549	0	48	364	100	100	0	407	20	7867	68	8201	43	7452	151	8384	11.999	4.834
129.4	NaN	567	NaN	534	0	32	363	100	100	0	408	26	7939	55	8299	58	8444	126	8482	12.3	6.416
129.5	NaN	591	NaN	544	0	29	362	100	100	0	404	27	9269	53	8448	57	9157	118	8561	12.69	4.378
129.6	NaN	634	NaN	553	0	20	364	100	100	0	406	29	7685	46	8420	63	11915	101	8656	12.923	1.096
129.7	NaN	620	NaN	572	0	0	361	100	100	0	407	38	8782	37	8549	80	9643	84	8787	13.378	7.577
129.8	NaN	596	NaN	551	0	11	364	100	100	0	406	34	8232	45	8644	73	8552	97	8775	13.914	4.031
129.9	NaN	581	NaN	546	0	9	360	100	100	0	406	36	8853	42	9075	78	8717	91	9187	14.347	6.166
130	NaN	583	NaN	546	0	11	358	100	100	0	409	34	8918	42	9353	72	9153	91	9499	14.783	4.921
130.1	NaN	582	NaN	549	0	11	364	100	100	0	407	33	9434	42	9641	69	9401	86	9672	15.248	3.262
130.2	NaN	612	NaN	539	0	6	361	100	100	0	406	34	9606	39	9824	71	9610	83	9940	15.636	4.045
130.3	NaN	597	NaN	548	0	1	360	100	100	0	406	35	9752	37	10015	71	9926	75	10116	16.026	2.419
130.4	NaN	602	NaN	546	0	-1	360	100	100	0	406	36	10072	35	10217	74	10222	71	10276	16.442	4.002
130.5	NaN	587	NaN	555	0	-5	365	100	100	0	406	32	10418	30	10454	64	10467	57	10487	16.819	4.145
130.6	NaN	592	NaN	563	0	-2	360	100	100	0	405	27	10473	24	10507	52	10576	48	10620	17.087	2.735
130.7	NaN	599	NaN	584	1	-4	357	100	93	0	406	27	10716	24	10649	53	10757	48	10728	17.319	3.911
130.8	NaN	596	NaN	616	1	-2	359	96	93	0	407	19	10773	18	10788	36	10828	34	10850	17.427	1.26
130.9	NaN	601	NaN	591	1	-1	360	87	79	0	406	19	10663	18	10809	37	10728	37	10933	17.616	0.639
131	NaN	596	NaN	551.6785714	0	-1	360	58	50	0	406	18	10829	18	11031	35	10921	34	11020	17.728	3.126
131.1	NaN	631	NaN	553.3571429	0	1	359	0	0	0	406	-13	10636	-13	10734	-10	10656	-10	10741	17.625	-2.695
131.2	NaN	599	NaN	555.0357143	0	-0	363	0	0	0	406	-33	10351	-33	10531	-25	10330	-26	10493	17.253	-6.216
131.3	NaN	587	NaN	556.7142857	0	-2	359	0	0	0	405	-50	10045	-51	10144	-38	10127	-39	10128	16.701	-5.917
131.4	NaN	596	NaN	558.3928571	0	-1	365	0	0	0	404	-52	9788	-51	9792	-40	9615	-41	9571	16.123	-7.377
131.5	NaN	582	NaN	560.0714286	0	2	369	0	0	0	405	-52	9227	-54	9305	-43	9207	-42	9383	15.492	-4.86
131.6	NaN	586	NaN	561.75	0	1	405	0	0	0	438	-56	8815	-54	9139	-45	8572	-45	8913	14.804	-6.251
131.7	NaN	588	NaN	563.4285714	0	2	433	0	0	0	469	-56	8285	-55	8682	-46	8335	-45	8437	14.084	-7.199
131.8	NaN	582	NaN	565.1071429	0	3	598	0	0	0	582	-55	7746	-54	8118	-47	7392	-46	7960	13.232	-8.776
131.9	NaN	596	NaN	566.7857143	0	6	666	0	0	0	624	-55	7124	-51	7597	-48	6782	-45	7376	12.245	-11.04
132	NaN	605	NaN	568.4642857	0	10	646	0	0	0	646	-55	6195	-51	6906	-50	6309	-45	6728	11.174	-9.563
132.1	NaN	598	NaN	570.1428571	0	22	453	5	0	0	486	-50	5747	-42	6487	-47	5526	-37	6383	10.214	-8.486
132.2	NaN	625	NaN	571.8214286	0	44	363	14	7	0	401	-34	5293	-23	6131	-29	3462	-19	6229	9.629	-8.038
132.3	NaN	597.8125	NaN	570	0	46	363	28	20	0	404	0	5078	0	6262	0	4347	0	6250	9.274	-3.582
132.4	NaN	599.625	NaN	627	0	47	362	38	31	0	406	5	5138	19	6304	14	5224	46	6350	9.159	-0.548
132.5	NaN	601.4375	NaN	614	0	61	364	38	31	0	405	4	5138	23	6239	9	5217	52	6262	9.259	0.52
132.6	NaN	603.25	NaN	577	0	66	363	45	36	0	407	5	5085	38	6528	12	5349	91	6514	9.197	0.897
132.7	NaN	605.0625	NaN	586	0	67	362	43	34	0	407	4	5123	33	6411	10	5201	80	6517	9.386	-0.643
132.8	NaN	606.875	NaN	555	0	64	361	47	37	0	406	6	5175	43	6644	14	5214	98	6721	9.497	2.762
132.9	NaN	608.6875	NaN	569	0	52	359	46	36	0	406	8	5329	36	6532	20	5535	83	6718	9.65	-0.294
133	NaN	620	NaN	563.2098214	0	-5	360	41	39	0	406	22	5782	20	6353	52	5946	46	6519	9.893	3.532
133.1	NaN	623	NaN	560.4732143	0	-35	360	36	35	0	403	20	6387	10	5920	49	6393	21	5930	10.094	0.768
133.2	NaN	605	NaN	557.7366071	0	-45	364	38	37	0	405	28	6766	9	5794	64	6716	20	5965	10.058	0.859
133.3	NaN	667	NaN	563	0	-81	364	25	17	0	404	0	6348	-0	5465	0	6463	0	5549	9.914	-2.543
133.4	NaN	638	NaN	557	0	-80	363	32	29	0	403	14	6444	0	5398	34	6516	1	5311	9.606	-3.163
133.5	NaN	613	NaN	533	0	-82	362	49	44	0	404	57	6944	2	5179	136	6962	4	5293	9.628	3.836
133.6	NaN	578	NaN	649	0	-81	364	72	69	0	404	112	7201	5	5238	198	7196	11	5443	9.846	3.334
133.7	NaN	594	NaN	665	0	-68	360	81	78	0	406	79	7490	8	5464	183	7572	22	5631	10.187	7.692
133.8	NaN	632	NaN	579	0	-38	361	100	100	0	407	61	7610	25	5915	141	8914	57	8317	10.365	7.213
133.9	NaN	621	NaN	546	0	3	363	100	100	0	404	43	7163	44	6951	97	7786	104	8758	10.528	4.25
134	NaN	596	NaN	549	0	19	358	100	100	0	404	32	7187	48	6796	73	7533	115	10645	10.792	3.162
134.1	NaN	590	NaN	565	0	18	364	100	100	0	406	29	7152	44	7403	68	7403	99	11836	11.255	4.725
134.2	NaN	604	NaN	551	0	5	359	100	100	0	407	36	7143	42	8218	82	7236	95	10266	11.908	8.705
134.3	NaN	605	NaN	553	0	-8	359	100	100	0	407	48	7883	38	7823	110	7969	86	7867	12.518	5.221
134.4	NaN	609	NaN	545	0	-13	358	100	100	0	406	49	8288	35	8092	107	8336	77	8140	13.065	6.664
134.5	NaN	612	NaN	550	0	-14	362	100	100	0	406	47	8569	34	8395	101	8675	76	8447	13.616	5.979
134.6	NaN	629	NaN	551	0	-9	360	100	100	0	406	44	8841	36	8772	94	8939	79	8774	14.112	5.558
134.7	NaN	623	NaN	559	0	-5	357	100	100	0	408	41	9048	37	9073	86	9160	79	9069	14.606	5.417
134.8	NaN	600	NaN	556	0	-2	363	100	100	0	406	38	9290	38	9349	81	9337	77	9433	15.062	4.789
134.9	NaN	592	NaN	559	0	-3	363	100	100	0	406	38	9610	36	9582	80	9784	75	9703	15.494	4.009
135	NaN	593	NaN	549	0	-1	364	100	100	0	407	36	9794	36	9924	74	9975	74	10038	15.918	4.438
135.1	NaN	613	NaN	554	0	2	365	100	100	0	407	34	9965	36	10239	69	10066	73	10247	16.339	2.897
135.2	NaN	600	NaN	564	1	-2	359	100	100	0	406	36	10193	34	10421	72	10274	69	10519	16.706	3.407
135.3	NaN	628	NaN	602	1	-4	362	100	100	0	405	28	10483	25	10521	55	10594	50	10670	17.005	3.284
135.4	NaN	595	NaN	608	1	-6	359	100	100	0	406	24	10562	21	10704	48	10680	44	10719	17.285	1.523
135.5	NaN	607	NaN	623	1	-4	362	100	100	0	406	22	10640	20	10758	44	10779	39	10836	17.471	1.237
135.6	NaN	615	NaN	619	1	-2	357	100	100	0	406	17	10808	16	10904	32	10861	31	10941	17.598	1.357
135.7	NaN	610	NaN	638	1	-5	357	99	93	0	406	16	10781	15	10952	31	10841	29	10985	17.722	0.795
135.8	NaN	660	NaN	558	0	-2	358	0	0	0	405	-6	10770	-7	10855	-6	10761	-7	10887	17.739	-2.381
135.9	NaN	599	NaN	557.1590909	0	-1	362	0	0	0	405	-25	10560	-25	10815	-19	10583	-19	10680	17.473	-3.797
136	NaN	582	NaN	557.3181818	0	1	493	0	0	0	514	-45	10094	-46	10382	-35	10032	-35	10435	16.985	-7.931
136.1	NaN	580	NaN	557.4772727	0	5	579	0	0	0	555	-52	9318	-51	9886	-42	9173	-39	9840	16.108	-7.335
136.2	NaN	603	NaN	557.6363636	0	5	382	4	0	0	425	-52	8792	-49	9610	-42	8250	-39	9486	15.356	-4.753
136.3	NaN	630	NaN	557.7954545	0	15	361	11	4	0	403	-36	7716	-31	9238	-30	8090	-25	9221	14.791	-4.384
136.4	NaN	664	NaN	557.9545455	0	22	365	23	16	0	404	-1	7856	0	9148	-0	7804	0	9193	14.293	-2.135
136.5	NaN	672	NaN	558.1136364	0	26	360	27	22	0	406	0	7935	0	8928	0	8125	0	8997	14.092	-1.692
136.6	NaN	609	NaN	558.2727273	0	12	366	34	27	0	406	7	8176	10	8910	16	8575	21	9045	13.926	0.216
136.7	NaN	611	NaN	558.4318182	0	14	365	33	26	0	403	6	8302	8	8861	13	8407	17	8795	13.985	-4.018
136.8	NaN	602	NaN	558.5909091	0	15	361	82	72	0	408	32	8614	46	9345	70	8580	96	9120	14.093	6.532
136.9	NaN	632	NaN	558.75	0	33	362	35	26	0	406	6	10085	12	8958	12	8538	26	9034	14.435	1.196
137	NaN	628	NaN	558.9090909	0	34	365	11	0	0	406	-17	7832	-12	9067	-15	8044	-10	9121	14.099	-3.198
137.1	NaN	605	NaN	559.0681818	0	34	363	2	0	0	403	-39	6933	-28	8743	-33	7318	-23	8703	13.738	-6.858
137.2	NaN	591	NaN	559.2272727	0	40	365	6	0	0	404	-58	6447	-38	8311	-48	6358	-33	8411	13.034	-8.266
137.3	NaN	619	NaN	559.3863636	0	36	360	17	9	0	406	-23	4612	-15	8088	-20	3366	-14	8091	12.525	-2.699
137.4	NaN	618	NaN	559.5454545	0	29	359	39	31	0	406	5	6427	15	7955	16	4915	30	8108	11.873	1.932
137.5	NaN	631	NaN	559.7045455	0	9	366	31	21	0	410	7	6774	4	7676	8	6979	9	7827	11.928	-2.672
137.6	NaN	623	NaN	559.8636364	0	-6	363	41	35	0	405	19	6989	17	7435	45	8530	40	7698	11.816	1.12
137.7	NaN	663	NaN	560.0227273	0	13	364	25	19	0	406	0	6907	0	7235	0	7152	0	7323	11.838	-2.101
137.8	NaN	638	NaN	560.1818182	0	35	359	42	29	0	407	11	6902	22	7724	22	7396	54	7772	11.807	-0.041
137.9	NaN	667	NaN	560.3409091	0	51	365	26	19	0	407	0	6614	0	7492	0	6622	0	7571	11.68	-4.897
138	NaN	629	NaN	582	0	49	363	45	33	0	405	9	6645	30	7766	20	6691	68	7874	11.621	1.777
138.1	NaN	644	NaN	587	0	52	362	42	33	0	406	7	6597	28	7739	17	6875	65	7814	11.662	-2.234
138.2	NaN	640	NaN	608	0	53	361	39	28	0	405	5	6512	19	7693	11	6578	44	7822	11.651	0.447
138.3	NaN	645	NaN	645	0	50	359	37	27	0	406	4	6468	15	7602	9	6656	34	7645	11.54	-3.571
138.4	NaN	643	NaN	618	0	52	361	38	28	0	405	5	6376	17	7512	10	6489	39	7647	11.434	-0.178
138.5	NaN	630	NaN	614	0	50	361	41	32	0	407	6	6380	24	7570	15	6610	56	7651	11.312	-2.211
138.6	NaN	611	NaN	573	0	50	359	47	40	0	406	11	6642	41	7557	25	6660	91	7674	11.414	2.49
138.7	NaN	567	NaN	580	0	37	357	91	81	0	406	24	7304	66	7949	54	7482	149	8005	11.702	5.01
138.8	NaN	654	NaN	553	0	22	361	100	100	0	406	31	7745	55	7967	71	7807	120	8118	12.204	3.478
138.9	NaN	583	NaN	539	0	18	361	100	100	0	406	33	8079	51	8172	74	7878	115	8328	12.69	4.471
139	NaN	598	NaN	555	0	10	362	100	100	0	406	37	8072	46	8401	80	8069	102	8556	13.202	5.108
139.1	NaN	582	NaN	556	0	6	359	100	100	0	405	37	8448	44	8639	81	8441	96	8753	13.71	5.677
139.2	NaN	614	NaN	555	0	2	358	100	100	0	406	37	8680	41	8939	79	8745	89	9016	14.175	4.628
139.3	NaN	607	NaN	563	0	0	357	100	100	0	406	39	8997	39	9201	82	9074	83	9240	14.619	4.608
139.4	NaN	620	NaN	555	0	-1	358	100	100	0	405	38	9175	36	9399	81	9310	77	9483	15.032	4.033
139.5	NaN	601	NaN	560	0	-2	358	100	100	0	407	37	9431	37	9587	78	9494	78	9683	15.426	3.415
139.6	NaN	616	NaN	555	1	-3	356	100	100	0	405	37	9721	35	9747	77	9837	73	9889	15.81	3.692
139.7	NaN	601	NaN	552	1	-4	358	100	100	0	407	37	9993	35	10074	75	10078	71	10124	16.179	4.197
139.8	NaN	627	NaN	561	1	-4	361	100	100	0	405	35	10145	34	10234	72	10259	69	10302	16.551	3.617
139.9	NaN	602	NaN	559	1	-4	363	100	100	0	405	33	10363	30	10386	67	10469	60	10515	16.845	2.965
140	NaN	654	NaN	549	1	-6	360	100	100	0	406	26	10556	25	10599	53	10644	48	10674	17.131	2.047
140.1	NaN	597	NaN	570	1	-3	362	100	100	0	406	21	10597	19	10666	41	10699	40	10722	17.334	1.521
140.2	NaN	589	NaN	615	1	-2	365	100	100	0	406	21	10690	19	10676	42	10818	38	10818	17.492	2.552
140.3	NaN	601	NaN	612	1	-3	364	100	100	0	405	15	10854	14	10913	30	10880	28	10899	17.571	0.215
140.4	NaN	616	NaN	591	1	-5	359	100	100	0	403	18	10766	17	10870	34	10817	34	10961	17.678	0.427
140.5	NaN	605	NaN	613	1	-4	359	100	100	0	403	14	10913	14	10943	29	10975	27	10995	17.73	0.481
140.6	NaN	611	NaN	624	1	-2	361	100	100	0	406	13	10848	12	11004	26	10925	25	10992	17.8	0.189
140.7	NaN	609	NaN	617	1	-1	362	100	100	0	406	14	10930	13	10947	27	10991	25	11022	17.822	0.824
140.8	NaN	591	NaN	628	1	-2	359	100	100	0	406	12	10929	11	11056	23	10960	22	11054	17.903	0.545
140.9	NaN	601	NaN	594	1	-3	364	100	100	0	405	12	10924	11	10985	25	10974	24	11088	17.897	-0.325
141	NaN	596	NaN	639	1	-5	363	95	92	0	405	11	11043	9	11023	20	11052	18	11039	17.902	0.656
141.1	NaN	597	NaN	635	1	-7	358	67	62	0	406	11	10946	9	10971	21	10938	18	10991	17.935	-0.813
141.2	NaN	587	NaN	629	0	-5	359	58	55	0	406	11	11012	10	10966	22	11102	20	11015	17.877	0.891
141.3	NaN	594	NaN	641	0	-2	362	59	56	0	406	11	10988	10	11049	20	10976	19	11031	17.935	-0.201
141.4	NaN	593	NaN	621	0	-4	360	59	56	0	406	11	10957	11	11013	24	11066	22	11096	17.901	-0.419
141.5	NaN	599	NaN	619	0	-3	358	63	60	0	406	9	11003	9	11113	17	11026	17	11090	17.902	-0.44
141.6	NaN	594	NaN	618	0	-4	362	62	56	0	405	10	10966	9	11006	21	10959	19	11033	17.91	-1.47
141.7	NaN	626	NaN	590	0	-5	359	20	14	0	406	2	10903	3	10911	1	10951	1	10947	17.887	0.136
141.8	NaN	636	NaN	613	0	-5	364	0	0	0	406	-19	10775	-21	10758	-15	10720	-16	10718	17.601	-4.032
141.9	NaN	609	NaN	658	0	-7	359	0	0	0	403	-39	10489	-40	10531	-29	10406	-31	10293	17.129	-7.278
142	NaN	593	NaN	639	0	-8	359	5	1	0	403	-48	10055	-52	9959	-37	10118	-40	9992	16.565	-5.571
142.1	NaN	645	NaN	558	0	-7	363	18	15	0	405	-11	9912	-11	9864	-8	9928	-9	9817	16.094	-3.138
142.2	NaN	607	NaN	602	0	4	362	42	37	0	404	15	9653	15	9928	37	9734	40	9987	15.865	-2.043
142.3	NaN	597	NaN	551	0	27	359	53	45	0	406	27	9954	44	10211	56	9854	91	10360	16.21	3.564
142.4	NaN	552	NaN	539	0	39	357	62	55	0	407	21	10250	48	10766	41	10517	96	10730	16.354	4.637
142.5	NaN	567	NaN	553	0	34	363	64	58	0	405	18	10378	41	10656	36	10615	74	10776	16.547	0.045
142.6	NaN	655	NaN	549	0	24	359	63	54	0	405	25	10502	45	10803	52	10374	88	10900	16.767	1.17
142.7	NaN	646	NaN	543	0	-3	358	60	54	0	406	34	10417	34	10760	68	10504	66	10808	17.037	5.315
142.8	NaN	639	NaN	583	0	-4	362	56	54	0	405	24	10591	22	10558	48	10589	44	10694	17.265	0.918
142.9	NaN	591	NaN	589	0	-11	361	38	33	0	406	15	10711	12	10653	32	10832	25	10691	17.371	-0.275
143	NaN	617	NaN	558	0	-20	362	30	28	0	405	7	10833	5	10467	13	10864	9	10503	17.385	-2.355
143.1	NaN	654	NaN	557	0	-16	363	6	3	0	405	-4	10733	-4	10339	-4	10780	-5	10367	17.199	-3.009
143.2	NaN	604	NaN	635	0	-12	375	0	0	0	415	-22	10426	-25	10089	-17	10478	-20	10022	16.9	-3.333
143.3	NaN	586	NaN	655	0	-16	580	0	0	0	564	-41	9935	-46	9269	-32	9936	-36	9574	16.258	-8.349
143.4	NaN	575	NaN	688	0	-14	672	0	0	0	664	-51	9449	-59	8899	-41	9200	-47	6240	15.259	-11.262
143.5	NaN	580	NaN	694	0	-14	649	0	0	0	631	-51	8686	-56	7991	-43	8653	-48	4768	14.224	-10.757
143.6	NaN	590	NaN	832	0	-10	549	0	0	0	534	-51	8137	-58	7719	-43	7977	-49	1411	13.224	-9.309
143.7	NaN	593	NaN	754	0	-8	370	0	0	0	410	-51	7584	-56	7345	-44	7507	-49	2503	12.39	-6.679
143.8	NaN	610	NaN	717	0	-16	361	10	8	0	405	-33	7200	-39	6994	-29	7188	-33	4897	11.66	-7.21
143.9	NaN	679	NaN	563	0	-28	359	23	22	0	405	0	7152	0	6806	0	7169	0	6831	11.374	-1.25
144	NaN	623	NaN	655	0	-34	359	30	31	0	404	9	7242	4	6659	23	7236	10	6633	11.222	-1.21
144.1	NaN	624	NaN	631	0	-42	361	30	31	0	404	11	7199	4	6516	25	7190	9	6523	11.206	-0.903
144.2	NaN	595	NaN	622	0	-46	362	35	35	0	404	21	7339	6	6351	49	7302	15	6465	11.152	0.065
144.3	NaN	586	NaN	678	0	-47	359	34	36	0	403	21	7457	7	6394	48	7424	15	6480	11.156	-0.067
144.4	NaN	611	NaN	651	0	-46	361	37	38	0	406	24	7481	7	6451	57	7491	18	6570	11.23	0.647
144.5	NaN	654	NaN	699	0	-44	361	42	41	0	406	35	7645	11	6640	79	7688	25	6646	11.414	2.187
144.6	NaN	628	NaN	650	0	-41	360	42	42	0	405	37	7715	13	6789	84	7912	29	6855	11.657	1.854
144.7	NaN	678	NaN	635	0	-43	358	42	41	0	406	35	7760	13	7239	79	7863	30	7093	11.897	2.723
144.8	NaN	636	NaN	638	0	-35	357	42	41	0	404	32	7881	14	7092	74	7966	33	7543	12.044	2.278
144.9	NaN	636	NaN	645	0	-35	360	39	38	0	403	26	7926	11	7217	59	7935	26	7245	12.26	2.365
145	NaN	639	NaN	648.5	0	-33	362	39	40	0	406	28	8033	13	7270	62	8025	29	7460	12.422	0.486
145.1	NaN	688	NaN	646.5	0	-32	361	39	39	0	404	27	8093	13	7361	59	8071	29	7486	12.635	2.71
145.2	NaN	655	NaN	644.5	0	-15	361	41	38	0	403	24	8112	16	7594	54	8121	37	7714	12.837	2.507
145.3	NaN	626	NaN	642.5	0	-4	363	43	37	0	405	22	8048	19	7909	49	8114	42	8031	13.033	2.118
145.4	NaN	625	NaN	640.5	0	-4	360	45	40	0	406	26	8135	25	8178	58	8271	54	8253	13.32	3.793
145.5	NaN	606	NaN	638.5	0	-3	358	34	28	0	405	9	8196	8	8286	19	8272	18	8280	13.406	-2.15
145.6	NaN	651	NaN	636.5	0	-11	358	3	0	0	406	-11	8086	-11	8050	-9	8166	-10	8161	13.321	-0.073
145.7	NaN	618	NaN	634.5	0	-23	359	1	0	0	404	-27	8074	-34	7661	-23	8016	-30	7560	12.998	-4.726
145.8	NaN	583	NaN	632.5	0	-37	361	0	0	0	404	-40	7755	-59	6689	-36	7823	-51	6466	12.434	-5.561
145.9	NaN	614	NaN	630.5	0	-42	363	14	13	0	402	-16	7589	-25	6353	-14	7624	-21	4180	11.859	-3.297
146	NaN	643	NaN	628.5	0	-35	361	34	34	0	402	10	7671	3	6489	28	7698	11	4863	11.408	-1.545
146.1	NaN	633	NaN	624	0	-41	357	40	33	0	405	27	7459	11	6689	60	7590	24	6747	11.575	2.932
146.2	NaN	638	NaN	635	0	-40	361	41	40	0	406	31	7525	11	6766	72	7685	27	6994	11.633	-0.48
146.3	NaN	600	NaN	641	0	-41	360	36	28	0	404	17	7505	7	6880	38	7602	14	6850	11.804	1.992
146.4	NaN	620	NaN	653	0	-39	363	39	36	0	404	12	7623	4	6714	28	7650	10	6703	11.683	0.027
146.5	NaN	594	NaN	629	0	-37	358	36	32	0	403	16	7598	6	6742	38	7638	15	6761	11.688	0.841
146.6	NaN	606	NaN	646	0	-43	357	36	32	0	406	19	7575	6	6705	43	7636	14	6797	11.743	1.475
146.7	NaN	600	NaN	635	0	-40	362	36	32	0	404	19	7671	6	6707	43	7684	15	6808	11.731	-1.611
146.8	NaN	607	NaN	622	0	-46	360	36	29	0	404	17	7638	6	6703	38	7661	13	6781	11.752	-0.313
146.9	NaN	628	NaN	561	0	-51	360	33	28	0	404	13	7578	4	6634	29	7578	8	6678	11.701	-1.726
147	NaN	631	NaN	529	0	-55	360	31	30	0	402	11	7573	3	6513	25	7580	6	6546	11.558	-0.874
147.1	NaN	616	NaN	606	0	-55	360	35	34	0	403	16	7451	4	6404	37	7493	9	6531	11.5	0.162
147.2	NaN	607	NaN	648	0	-48	358	39	39	0	401	30	7614	8	6419	69	7650	19	6700	11.423	1.503
147.3	NaN	627	NaN	648	0	-31	356	40	38	0	404	26	7598	12	6581	60	7627	28	6780	11.554	3.031
147.4	NaN	610	NaN	651	0	9	363	35	24	0	407	6	7116	7	7052	14	7154	15	7136	11.72	-0.99
147.5	NaN	683	NaN	697	0	38	360	37	30	0	405	5	6691	12	7453	11	6767	28	7510	11.607	-1.03
147.6	NaN	649	NaN	618	0	63	360	37	28	0	406	3	6408	18	7457	7	6625	42	7588	11.575	-0.084
147.7	NaN	601	NaN	570	0	56	364	48	39	0	406	8	6372	39	7650	21	6732	103	7817	11.444	-0.436
147.8	NaN	625	NaN	560	0	55	358	48	40	0	406	10	6690	44	7735	24	6851	102	7852	11.654	0.574
147.9	NaN	616	NaN	552	0	55	362	52	43	0	406	12	6692	51	7914	28	6912	117	8053	11.817	1.748
148	NaN	592	NaN	543	0	45	358	53	44	0	405	16	7135	51	7953	37	7109	115	8202	12.069	2.633
148.1	NaN	593	NaN	543	0	20	361	60	51	0	407	32	7666	52	8073	72	7638	117	8367	12.381	6.818
148.2	NaN	641	NaN	544	0	-4	359	60	53	0	405	42	7964	41	8002	94	8111	92	8190	12.929	6.152
148.3	NaN	647	NaN	552	0	-22	357	54	51	0	405	50	8431	32	8153	112	8537	68	8249	13.42	4.63
148.4	NaN	611	NaN	578	0	-30	362	62	64	0	405	55	8883	26	8280	116	8994	55	8497	13.834	3.742
148.5	NaN	645	NaN	581	0	-34	362	69	68	0	406	53	9170	24	8537	114	9298	51	8625	14.28	4.132
148.6	NaN	619	NaN	577	0	-35	362	100	100	0	406	52	9501	23	8669	110	9593	50	8962	14.611	3.229
148.7	NaN	626	NaN	571	0	-33	363	100	100	0	404	50	9694	25	9082	105	9702	53	9069	14.964	5.05
148.8	NaN	609	NaN	573	0	-27	360	89	88	0	406	48	9829	25	9364	100	10003	52	9361	15.308	2.823
148.9	NaN	644	NaN	570	0	-14	362	100	100	0	403	43	9817	30	9562	88	10030	62	9703	15.668	2.965
149	NaN	608	NaN	560	0	-12	358	100	100	0	406	40	9990	33	9802	81	10084	66	9928	16.072	3.743
149.1	NaN	632	NaN	568	0	-11	357	100	100	0	406	40	10248	31	10085	80	10341	64	10174	16.447	3.901
149.2	NaN	625	NaN	576	0	-10	359	100	100	0	404	33	10371	27	10349	65	10519	54	10391	16.846	4.069
149.3	NaN	651	NaN	595	0	-6	361	100	100	0	406	29	10550	26	10483	57	10646	51	10560	17.101	2.882
149.4	NaN	585	NaN	594	0	-1	361	100	100	0	406	22	10606	22	10672	43	10684	42	10752	17.336	2.44
149.5	NaN	621	NaN	601	0	1	363	100	100	0	406	21	10643	21	10839	40	10798	41	10915	17.501	1.521
149.6	NaN	631	NaN	592	0	4	362	100	100	0	406	20	10713	22	10927	39	10729	42	11070	17.642	1.308
149.7	NaN	616	NaN	614	0	3	359	100	100	0	405	17	10749	17	11137	33	10840	34	11099	17.783	0.702
149.8	NaN	614	NaN	599	1	3	360	100	100	0	405	16	10743	19	11132	32	10869	35	11211	17.851	0.629
149.9	NaN	604	NaN	616	1	3	362	100	100	0	405	15	10833	16	11218	29	10904	31	11228	17.928	1.854
150	NaN	612	NaN	608	1	6	362	100	100	0	406	13	10822	14	11209	26	10939	28	11249	17.984	-0.463
150.1	NaN	627	NaN	601	1	6	361	100	100	0	404	15	10844	16	11220	28	10885	31	11319	18.004	1.092
150.2	NaN	615	NaN	620	1	5	362	100	100	0	403	12	10914	13	11270	23	10998	25	11326	18.052	0.869
150.3	NaN	613	NaN	610	1	2	362	100	100	0	406	12	10881	13	11181	24	10981	25	11286	18.094	-0.781
150.4	NaN	597	NaN	616	1	1	361	100	100	0	405	12	10959	12	11282	21	11045	22	11303	18.107	1.361
150.5	NaN	606	NaN	623	1	-2	358	100	100	0	407	8	10996	8	11125	15	11098	15	11193	18.093	-0.955
150.6	NaN	594	NaN	616	1	-2	361	100	100	0	406	10	11014	9	11179	19	11039	18	11141	18.097	0.7
150.7	NaN	621	NaN	615	1	-4	360	100	100	0	407	7	11089	6	11070	13	11115	12	11085	18.056	-0.166
150.8	NaN	603	NaN	625	1	-4	360	100	100	0	406	9	10982	8	11162	18	11002	17	11116	18.03	-0.571
150.9	NaN	597	NaN	635	1	-4	362	100	100	0	404	10	11042	8	11056	18	11106	16	11085	18.045	0.236
151	NaN	603	NaN	616	1	-3	359	100	100	0	406	8	10972	8	11065	16	11084	15	11134	18.012	-0.857
151.1	NaN	598	NaN	626	1	-1	360	100	100	0	406	10	11034	10	11137	20	11081	19	11140	18.024	0.525
151.2	NaN	608	NaN	621	1	-4	359	100	100	0	407	7	11028	8	11037	14	11073	13	11087	18.041	-1.511
151.3	NaN	587	NaN	608	1	-1	357	100	100	0	405	10	11001	10	11195	21	11018	20	11143	18.032	0.3
151.4	NaN	617	NaN	647	1	-4	361	100	100	0	404	7	11076	7	11058	13	11091	12	11071	18.037	0.26
151.5	NaN	603	NaN	598	1	-2	358	100	100	0	405	8	10993	9	11142	17	11037	16	11120	18.032	-0.001
151.6	NaN	594	NaN	620	1	-3	362	100	100	0	406	10	11052	9	11085	18	11096	18	11135	18.045	0.727
151.7	NaN	606	NaN	599	1	0	362	100	100	0	406	7	10994	7	11109	14	11080	13	11167	18.031	-0.887
151.8	NaN	592	NaN	620	1	-3	363	100	100	0	406	11	11001	10	11162	22	11063	20	11190	18.048	0.381
151.9	NaN	603	NaN	621	1	-1	359	100	100	0	407	8	11047	7	11084	13	11074	13	11150	18.059	-0.732
152	NaN	606	NaN	600	1	-1	362	100	100	0	406	10	10922	12	11259	23	10979	23	11235	18.055	0.534
152.1	NaN	607	NaN	625	1	0	358	100	100	0	406	10	11059	10	11156	17	11070	17	11187	18.085	0.482
152.2	NaN	605	NaN	613	1	0	357	100	100	0	405	8	10955	9	11268	16	11017	16	11218	18.106	-0.435
152.3	NaN	593	NaN	626	1	-3	361	100	100	0	406	10	11075	9	11145	19	11131	19	11190	18.102	0.339
152.4	NaN	617	NaN	598	1	-7	359	100	100	0	404	7	11101	7	11126	13	11153	12	11136	18.083	-0.781
152.5	NaN	609	NaN	637	1	-6	359	100	100	0	404	8	11062	6	11090	15	11098	13	11117	18.089	-0.263
152.6	NaN	597	NaN	598	1	-9	361	100	100	0	406	9	11202	8	10962	19	11228	15	11057	18.054	0.604
152.7	NaN	595	NaN	624	0	-9	363	100	100	0	404	10	11103	8	11067	18	11110	16	11050	18.046	-0.471
152.8	NaN	606	NaN	600	0	-9	357	100	100	0	405	10	11277	8	10958	19	11282	16	10968	18.044	-1.313
152.9	NaN	592	NaN	621	0	-10	357	100	100	0	405	13	11125	11	11023	26	11175	21	11017	18.099	0.281
153	NaN	614	NaN	591	0	-9	365	100	100	0	407	7	11142	6	11003	13	11237	11	11036	18.09	0.442
153.1	NaN	587	NaN	614	0	-7	358	100	100	0	406	10	11123	9	11025	21	11195	17	11078	18.078	-1.052
153.2	NaN	605	NaN	618	0	-8	363	100	100	0	406	8	11055	7	11081	15	11143	13	11084	18.067	0.624
153.3	NaN	607	NaN	612	0	-7	363	100	100	0	404	9	11157	8	10968	19	11180	16	11053	18.051	-1.014
153.4	NaN	602	NaN	632	0	-5	358	100	100	0	405	10	11042	8	11118	18	11062	17	11064	18.014	-0.073
153.5	NaN	597	NaN	627	1	-5	362	100	100	0	405	10	11090	8	10982	18	11105	16	11017	18.019	0.248
153.6	NaN	600	NaN	619	1	-4	359	100	100	0	405	8	10971	8	11079	17	11007	16	11087	17.984	0.223
153.7	NaN	581	NaN	702	1	-1	363	100	100	0	406	12	11009	11	11032	22	11087	22	11101	17.972	0.664
153.8	NaN	591	NaN	632	1	-3	361	100	100	0	407	9	11007	9	10982	17	11079	16	11084	17.963	-0.213
153.9	NaN	591	NaN	646	1	-3	360	100	100	0	404	12	10947	11	11099	24	11058	22	11113	17.961	0.831
154	NaN	603	NaN	657	1	-3	360	100	100	0	405	9	11057	8	11027	16	11044	15	11051	17.981	-0.398
154.1	NaN	590	NaN	615	1	-1	362	100	100	0	406	10	10897	11	11135	22	10945	21	11116	17.994	0.968
154.2	NaN	595	NaN	643	1	-1	361	100	97	0	405	11	11048	9	11092	18	11064	18	11082	17.995	0.381
154.3	NaN	594	NaN	612	1	-2	359	74	66	0	406	8	10973	8	11127	16	10989	15	11102	18.034	-0.23
154.4	NaN	635	NaN	554	0	-1	363	0	0	0	405	-8	10833	-9	11065	-6	10903	-6	11053	17.969	-1.906
154.5	NaN	595	NaN	629	0	0	359	0	0	0	404	-29	10635	-29	10757	-23	10715	-21	10776	17.627	-2.468
154.6	NaN	575	NaN	662	0	0	363	0	0	0	403	-49	10203	-49	10565	-37	9983	-37	10363	17.179	-5.479
154.7	NaN	580	NaN	646	0	3	359	0	0	0	403	-53	9990	-49	10174	-40	9019	-39	10102	16.612	-6.123
154.8	NaN	572	NaN	629	0	0	369	0	0	0	405	-51	9499	-52	9785	-41	9626	-41	9783	15.942	-5.548
154.9	NaN	578	NaN	628	0	2	410	0	0	0	448	-55	9186	-55	9377	-44	8919	-43	9128	15.325	-7.703
155	NaN	598	NaN	636	0	6	602	0	0	0	587	-58	7768	-52	7594	-47	8361	-44	8768	14.534	-4.758
155.1	NaN	586	NaN	663	0	11	674	1	0	0	651	-58	7796	-50	8433	-48	3456	-42	7906	13.415	-11.393
155.2	NaN	597	NaN	665	0	18	481	1	0	0	487	-57	6761	-48	7757	-50	4487	-42	7715	12.445	-6.191
155.3	NaN	597	NaN	657	0	31	364	0	0	0	408	-61	6497	-45	7533	-1	234	-40	7422	11.759	-7.478
155.4	NaN	590	NaN	646	0	40	360	3	0	0	404	-59	4880	-39	7193	0	-289	-35	7129	11.134	-5.502
155.5	NaN	620	NaN	565	0	57	360	35	27	0	403	0	5763	7	7035	1	458	6	7015	10.531	-3.793
155.6	NaN	596.3	NaN	586	0	60	365	44	34	0	405	6	5835	32	7199	16	4531	76	7294	10.447	-3.64
155.7	NaN	600.1	NaN	585	0	61	361	44	36	0	405	7	5864	35	7057	15	6260	82	7277	10.45	-0.343
155.8	NaN	603.9	NaN	565	0	62	362	27	19	0	407	0	5519	0	6721	0	5662	0	6854	10.314	-1.296
155.9	NaN	607.7	NaN	636	0	63	360	36	27	0	406	2	5525	14	6731	5	5528	32	6888	10.01	-2.882
156	NaN	616	NaN	555	0	67	365	44	37	0	406	5	5555	38	6731	12	5731	88	6931	10.074	2.119
156.1	NaN	621	NaN	564	0	67	364	54	42	0	406	8	5629	59	7159	18	5793	143	7240	10.185	3.58
156.2	NaN	664	NaN	623	0	73	364	38	28	0	404	2	5522	22	6750	5	5715	53	6959	10.233	-0.015
156.3	NaN	668	NaN	637	0	72	362	35	26	0	404	1	5360	14	6681	3	5511	34	6831	9.946	-2.505
156.4	NaN	656	NaN	649	0	76	362	35	26	0	404	1	5100	15	6308	3	5547	34	6518	9.904	0.07
156.5	NaN	617	NaN	617	0	74	363	55	46	0	406	2	5245	23	6446	4	5426	54	6557	9.584	-2.216
156.6	NaN	635	NaN	580	0	75	363	43	34	0	406	2	5217	36	6647	6	5391	82	6726	9.732	1.239
156.7	NaN	589	NaN	554	0	72	359	57	49	0	406	7	5355	71	7036	16	5499	169	7540	9.827	1.7
156.8	NaN	592	NaN	558	0	68	360	57	50	0	406	9	5611	70	7128	21	5849	163	7287	10.111	1.308
156.9	NaN	598	NaN	552	0	61	360	54	44	0	408	10	5656	55	7276	23	5890	129	7358	10.449	3.341
157	NaN	571	NaN	525	0	38	364	100	97	0	407	24	6381	65	7511	57	7362	150	7982	10.681	7.602
157.1	NaN	613	NaN	543	0	21	363	100	100	0	406	32	8139	54	7364	74	8430	128	7762	11.043	4.294
157.2	NaN	610	NaN	540	0	7	359	100	100	0	408	37	9241	45	7487	85	8860	101	7675	11.462	5.162
157.3	NaN	615	NaN	557	0	5	363	100	100	0	406	41	7845	45	7566	92	7841	103	7629	12.039	6.475
157.4	NaN	589	NaN	520	0	14	358	100	100	0	407	37	7610	50	7969	83	7687	112	8015	12.646	5.204
157.5	NaN	585	NaN	557	0	20	361	100	100	0	407	33	7812	51	8461	73	7838	113	8542	13.088	4.642
157.6	NaN	636	NaN	548	0	18	357	100	100	0	405	33	8136	49	8700	71	8178	108	8777	13.606	3.593
157.7	NaN	577	NaN	541	0	12	361	100	100	0	406	34	8388	46	8948	73	8417	99	9032	14.038	3.667
157.8	NaN	596	NaN	537	0	5	357	100	100	0	406	37	8790	41	9086	78	8856	89	9222	14.486	3.353
157.9	NaN	605	NaN	541	0	6	362	48	38	0	406	34	9135	35	9354	70	9150	80	9476	14.931	5.705
158	NaN	634	NaN	567	0	-2	375	0	0	0	413	-14	8888	-14	9068	-11	8801	-11	8990	14.827	-1.662
158.1	NaN	601	NaN	689	0	-12	585	0	0	0	574	-31	8658	-35	8527	-27	8663	-29	8505	14.254	-6.984
158.2	NaN	567	NaN	634	0	-17	531	0	0	0	524	-47	8234	-58	7904	-40	8138	-48	7670	13.451	-9.417
158.3	NaN	574	NaN	687	0	-25	374	0	0	0	418	-48	7816	-60	7351	-42	7863	-52	6062	12.624	-8.333
158.4	NaN	665	NaN	573	0	-34	364	21	22	0	404	0	7739	-0	7106	0	7751	-0	7037	12.14	-3.457
158.5	NaN	673	NaN	570	0	-37	363	26	26	0	403	1	7659	0	6870	1	7675	0	6879	11.912	-1.958
158.6	NaN	648	NaN	560	0	-47	360	27	27	0	402	4	7605	1	6696	11	7629	3	6721	11.738	-1.792
158.7	NaN	672	NaN	570	0	-58	360	19	17	0	403	-4	7563	-7	6335	-3	7564	-6	6306	11.435	-2.985
158.8	NaN	692	NaN	578	0	-64	363	22	21	0	402	0	7362	0	6228	0	7357	0	6239	11.173	-3.006
158.9	NaN	643	NaN	546	0	-64	365	29	26	0	403	8	7270	2	6122	22	7286	4	6107	10.92	-2.089
159	NaN	662	NaN	577	0	-68	362	28	25	0	403	3	6919	1	5917	8	7037	1	5933	10.716	-1.559
159.1	NaN	583	NaN	559.1785714	0	-67	362	42	42	0	404	41	7099	5	5754	95	7246	12	5924	10.464	1.233
159.2	NaN	601	NaN	559.8571429	0	-68	362	50	48	0	404	59	7142	7	5837	133	7310	16	6017	10.631	2.425
159.3	NaN	597	NaN	560.5357143	0	-66	359	52	50	0	405	65	7750	9	6026	152	7892	18	6068	10.903	4.601
159.4	NaN	653	NaN	561.2142857	0	-61	362	51	50	0	404	60	7562	11	6166	139	7974	26	7077	11.118	2.082
159.5	NaN	659	NaN	561.8928571	0	-43	359	48	42	0	406	43	7673	14	6255	104	7997	33	6850	11.3	4.476
159.6	NaN	597	NaN	562.5714286	0	-2	360	62	59	0	405	43	7640	39	6675	105	8716	92	8222	11.386	9.259
159.7	NaN	665	NaN	563.25	0	12	363	32	21	0	405	2	6791	2	7026	3	6897	5	7042	11.531	-1.203
159.8	NaN	640	NaN	563.9285714	0	18	367	41	32	0	406	13	6757	20	7409	30	6859	44	7484	11.576	1.895
159.9	NaN	650	NaN	564.6071429	0	32	363	37	26	0	406	6	6645	12	7436	13	6663	28	7465	11.564	-1.808
160	NaN	627	NaN	565.2857143	0	40	362	37	27	0	407	6	6584	14	7497	13	6591	32	7566	11.529	-1.231
160.1	NaN	646	NaN	565.9642857	0	51	360	38	30	0	406	5	6437	20	7496	12	6549	46	7570	11.467	-0.622
160.2	NaN	640	NaN	566.6428571	0	50	358	41	32	0	406	7	6364	25	7626	17	6589	58	7707	11.408	-0.333
160.3	NaN	647	NaN	567.3214286	0	50	358	42	33	0	405	7	6388	27	7528	17	6565	64	7610	11.446	-0.307
160.4	NaN	620	NaN	552	0	35	363	49	39	0	408	16	6517	38	7784	36	6871	85	7876	11.518	1.947
160.5	NaN	637	NaN	566	0	36	362	49	39	0	407	16	6940	38	7644	37	7037	85	7759	11.811	1.414
160.6	NaN	601	NaN	529	0	48	364	51	41	0	408	14	7050	46	7974	34	6980	107	7997	12	3.259
160.7	NaN	595	NaN	554	0	54	361	51	41	0	406	12	6915	48	8069	27	7582	108	8143	12.199	0.504
160.8	NaN	596	NaN	547	0	53	357	53	42	0	407	13	7072	52	8360	31	9880	115	8586	12.327	4.016
160.9	NaN	655	NaN	583	0	50	358	49	40	0	406	12	7400	42	8144	27	7802	97	8435	12.449	0.839
161	NaN	611	NaN	570	0	50	361	50	41	0	406	13	7263	44	8264	29	7570	100	8463	12.55	1.002
161.1	NaN	607	NaN	547	0	49	363	52	40	0	408	14	7338	46	8342	31	7542	101	8517	12.683	1.598
161.2	NaN	596	NaN	553	0	47	362	51	42	0	407	15	7612	48	8439	34	7640	106	8591	12.823	2.134
161.3	NaN	605	NaN	598	0	44	358	56	47	0	408	20	7771	56	8528	44	7919	127	8721	13.022	2.385
161.4	NaN	601	NaN	543	0	38	364	73	64	0	407	24	8293	58	8833	54	8073	128	8848	13.37	4.784
161.5	NaN	575	NaN	551	0	37	358	100	100	0	407	24	8448	56	9008	52	8364	122	9042	13.718	3.506
161.6	NaN	587	NaN	553	0	16	362	100	100	0	406	33	8931	46	9099	69	8739	98	9206	14.108	3.731
161.7	NaN	620	NaN	578	0	-4	358	46	36	0	406	28	9016	30	9062	58	8929	53	9148	14.594	4.733
161.8	NaN	620	NaN	624	0	-20	360	46	40	0	405	32	9156	21	8968	70	9271	45	9121	14.735	1.833
161.9	NaN	661	NaN	635	0	-44	361	43	41	0	405	37	9513	13	8835	78	9606	27	9030	14.929	0.712
162	NaN	585	NaN	649	0	-56	357	41	38	0	404	36	9664	8	8713	75	9750	18	8913	15.004	1.662
162.1	NaN	588	NaN	660	0	-56	362	44	42	0	404	43	9774	10	8697	90	9970	21	8950	15.033	2.31
162.2	NaN	609	NaN	652	0	-53	357	45	43	0	404	44	9781	12	8904	93	9952	26	9156	15.123	3.203
162.3	NaN	616	NaN	635	0	-45	356	35	30	0	404	17	9510	5	8669	36	9643	12	8953	15.047	-1.17
162.4	NaN	658	NaN	562	0	-42	361	27	21	0	403	-1	9218	0	8522	-1	9356	0	8661	14.871	-2.46
162.5	NaN	642	NaN	545	0	-39	360	30	28	0	403	7	9328	2	8438	16	9382	6	8387	14.542	-1.696
162.6	NaN	615	NaN	673	0	-29	358	36	33	0	403	18	9151	9	8526	38	9241	20	8640	14.547	0.574
162.7	NaN	643	NaN	672	0	-5	357	37	32	0	403	15	9075	13	8672	31	9149	28	8791	14.525	0.238
162.8	NaN	658	NaN	666	0	5	359	39	31	0	404	14	8728	16	9023	30	8812	34	9109	14.604	0.472
162.9	NaN	630	NaN	559	0	27	357	47	37	0	405	18	8754	32	9399	39	8779	71	9453	14.749	0.951
163	NaN	602	NaN	558	0	43	359	50	41	0	406	17	8835	45	9655	36	8856	95	9709	14.902	2.004
163.1	NaN	602	NaN	548	0	43	361	57	47	0	407	20	8975	54	9849	43	9226	114	9940	15.069	2.289
163.2	NaN	576	NaN	546	0	39	361	61	52	0	406	21	9550	54	9892	44	9423	111	10039	15.312	2.356
163.3	NaN	590	NaN	538	0	31	365	84	74	0	406	24	9762	49	10134	50	9676	102	10239	15.534	5.182
163.4	NaN	595	NaN	553	0	26	359	100	100	0	404	25	9955	46	10171	53	9651	94	10259	15.792	3.129
163.5	NaN	600	NaN	542	0	23	361	100	100	0	405	27	10038	45	10240	55	9794	92	10367	16.048	3.417
163.6	NaN	637	NaN	548	0	16	362	100	100	0	406	30	10077	42	10434	60	10047	83	10541	16.347	3.671
163.7	NaN	586	NaN	557	0	-6	361	100	100	0	407	37	10194	33	10397	76	10314	65	10455	16.722	3.431
163.8	NaN	623	NaN	581	0	-20	358	100	100	0	405	40	10591	27	10264	82	10693	54	10406	16.967	3.642
163.9	NaN	630	NaN	558	0	-26	361	100	100	0	404	42	10927	24	10350	82	11000	46	10957	17.195	1.442
164	NaN	601	NaN	588	0	-24	359	100	100	0	406	32	10922	19	10533	61	11013	37	10569	17.399	1.479
164.1	NaN	616	NaN	591	0	-25	359	100	100	0	404	34	11107	19	10490	68	11256	39	10621	17.519	1.681
164.2	NaN	591	NaN	580	0	-25	360	100	100	0	401	28	11056	18	10632	55	11163	34	10751	17.653	0.671
164.3	NaN	603	NaN	584	0	-21	361	100	100	0	402	22	11092	14	10690	43	11216	27	10725	17.713	1.093
164.4	NaN	610	NaN	606	0	-17	360	100	100	0	404	24	11129	16	10687	47	11211	32	10878	17.797	0.62
164.5	NaN	602	NaN	618	0	-12	360	100	100	0	405	17	11043	14	10854	33	11100	26	10858	17.852	0.866
164.6	NaN	617	NaN	601	0	-8	361	100	100	0	404	15	11088	13	10831	31	11143	26	10904	17.869	0.345
164.7	NaN	614	NaN	631	0	-6	355	100	100	0	406	15	10956	13	10909	29	10964	26	10988	17.872	0.737
164.8	NaN	610	NaN	656	0	-4	359	100	100	0	405	14	10917	12	10959	27	11044	25	10967	17.879	0.469
164.9	NaN	583	NaN	628	0	0	360	100	100	0	403	12	10886	11	10965	21	10929	21	11070	17.86	-1.176
165	NaN	608	NaN	593	0	3	362	100	100	0	406	17	10784	17	11208	33	10903	34	11146	17.865	-0.727
165.1	NaN	602	NaN	615	0	2	362	100	100	0	405	14	10853	15	11095	27	10914	28	11155	17.9	0.065
165.2	NaN	597	NaN	605	1	-2	358	100	100	0	406	13	10825	12	11151	25	10849	24	11162	17.906	0.149
165.3	NaN	610	NaN	603	1	-3	358	100	100	0	406	15	10903	13	11038	28	11018	26	11070	17.893	0.359
165.4	NaN	604	NaN	638	1	-3	360	100	100	0	407	11	10934	11	10972	21	10947	19	11067	17.884	0.083
165.5	NaN	588	NaN	610	1	-6	361	100	100	0	404	13	10906	11	11043	27	11028	24	11049	17.855	-0.441
165.6	NaN	600	NaN	614	1	-4	358	100	100	0	403	11	10970	11	10944	21	11010	20	11047	17.88	-0.102
165.7	NaN	596	NaN	618	1	-6	363	100	100	0	403	11	10908	10	11065	23	10942	20	11062	17.879	0.012
165.8	NaN	596	NaN	615	1	-5	358	100	100	0	405	13	10982	12	10999	26	11051	23	11021	17.886	0.363
165.9	NaN	594	NaN	614	1	-3	359	100	100	0	406	10	10943	9	11058	18	10947	17	11051	17.916	0.934
166	NaN	617	NaN	602	1	-2	358	100	100	0	406	14	10902	13	11120	29	11029	28	11130	17.911	0.332
166.1	NaN	595	NaN	660	1	-1	360	100	100	0	405	11	10956	12	11089	21	10997	21	11181	17.961	-0.011
166.2	NaN	599	NaN	604	1	-1	357	100	100	0	406	11	10880	10	11199	24	10953	23	11185	17.974	-0.596
166.3	NaN	592	NaN	623	1	-2	358	100	100	0	403	13	10938	12	11089	24	11024	23	11204	18.01	2.089
166.4	NaN	589	NaN	605	1	-2	362	100	100	0	404	12	10929	12	11255	23	10939	22	11203	18.037	0.213
166.5	NaN	598	NaN	627	1	-1	360	100	100	0	404	13	10943	12	11154	25	11057	24	11210	18.036	0.637
166.6	NaN	597	NaN	655	1	-1	361	100	100	0	403	10	11004	11	11219	19	11025	18	11216	18.05	0.816
166.7	NaN	594	NaN	605	1	-2	359	100	100	0	405	11	10925	9	11207	23	11021	22	11196	18.052	-0.49
166.8	NaN	598	NaN	632	1	-1	357	100	100	0	406	12	11048	11	11143	22	11050	21	11235	18.067	1.134
166.9	NaN	587	NaN	611	1	0	363	100	100	0	404	9	10979	8	11236	18	10960	17	11219	18.054	-0.089
167	NaN	590	NaN	628	1	0	359	86	78	0	404	11	10955	11	11140	21	11061	21	11247	18.067	0.7
167.1	NaN	623	NaN	546	0	1	361	0	0	0	406	-11	10849	-11	11101	-8	10793	-9	11018	17.962	-2.768
167.2	NaN	602	NaN	638	0	0	364	0	0	0	404	-33	10493	-30	10803	-24	10501	-24	10875	17.589	-2.726
167.3	NaN	586	NaN	669	0	1	362	0	0	0	403	-50	10156	-49	10631	-39	9428	-38	10372	17.111	-5.438
167.4	NaN	585	NaN	641	0	0	384	0	0	0	418	-50	9811	-51	10276	-40	9777	-39	10193	16.451	-6.646
167.5	NaN	576	NaN	632	0	-1	418	0	0	0	447	-53	9339	-52	9655	-41	9357	-42	9608	15.798	-6.669
167.6	NaN	581	NaN	649	0	1	371	0	0	0	410	-55	8996	-53	9311	-44	8960	-44	9060	15.098	-7.033
167.7	NaN	586	NaN	645	0	0	369	0	0	0	406	-56	8608	-54	8988	-46	8594	-45	8707	14.431	-6.992
167.8	NaN	578	NaN	644	0	1	464	0	0	0	478	-54	7962	-54	8359	-46	8106	-45	8425	13.685	-6.542
167.9	NaN	599	NaN	655	0	3	502	0	0	0	505	-55	7523	-53	7407	-47	6608	-45	7764	12.911	-6.35
168	NaN	591	NaN	656	0	4	413	3	0	0	449	-51	7161	-50	7467	-46	7183	-43	7327	11.905	-7.029
168.1	NaN	643	NaN	596	0	18	365	20	13	0	403	-15	6587	-14	7093	-12	6731	-9	7113	11.431	-1.968
168.2	NaN	604	NaN	631.1842105	0	24	364	33	25	0	402	4	6572	7	7283	9	6552	16	7300	11.227	-1.027
168.3	NaN	612	NaN	630.3684211	0	42	359	53	46	0	404	18	6588	50	7430	43	6680	121	7521	11.26	2.512
168.4	NaN	599	NaN	629.5526316	0	44	359	54	46	0	407	17	6927	53	7851	40	6751	122	7896	11.602	5.734
168.5	NaN	581	NaN	628.7368421	0	42	363	55	47	0	406	20	7166	54	8051	44	7299	123	8169	11.875	4.45
168.6	NaN	620	NaN	627.9210526	0	34	364	52	44	0	405	20	7264	44	8080	45	7771	102	8230	12.201	3.052
168.7	NaN	621	NaN	627.1052632	0	21	362	53	45	0	405	26	7922	42	8250	59	7664	94	8318	12.573	4.04
168.8	NaN	632	NaN	626.2894737	0	21	359	56	48	0	405	29	7727	47	8474	67	8343	108	8492	12.914	2.419
168.9	NaN	602	NaN	625.4736842	0	36	359	51	43	0	405	24	9498	50	9125	48	8069	101	8546	13.531	6.981
169	NaN	572	NaN	624.6578947	0	38	363	82	72	0	406	23	8011	54	9048	49	10043	120	9132	13.512	2.367
169.1	NaN	639	NaN	623.8421053	0	42	359	50	44	0	406	17	8755	46	9131	37	8326	98	9120	13.981	2.177
169.2	NaN	616	NaN	623.0263158	0	29	363	57	49	0	407	26	8377	51	9223	57	9160	109	9467	14.215	5.224
169.3	NaN	605	NaN	622.2105263	0	13	360	57	50	0	406	33	9056	44	9303	71	8886	93	9478	14.593	4.514
169.4	NaN	629	NaN	621.3947368	0	17	359	57	50	0	406	30	9406	45	9540	63	9142	95	9575	15.006	4.137
169.5	NaN	597	NaN	620.5789474	0	24	365	57	48	0	406	27	9204	47	9911	56	9256	97	9933	15.348	4.378
169.6	NaN	604	NaN	619.7631579	0	16	361	71	63	0	408	29	9312	43	10064	60	9973	85	10250	15.665	4.13
169.7	NaN	599	NaN	618.9473684	0	8	360	71	69	0	405	33	9983	38	10047	68	9743	79	10193	16.09	4.021
169.8	NaN	612	NaN	618.1315789	0	1	361	48	39	0	407	30	9986	33	10286	60	10110	61	10318	16.435	4.181
169.9	NaN	603	NaN	617.3157895	0	-9	359	47	40	0	406	31	10264	25	10222	63	10408	51	10320	16.667	2.024
170	NaN	585	NaN	616	0	-32	360	36	35	0	404	21	10530	11	10022	42	10516	22	10145	16.83	1.111
170.1	NaN	622	NaN	627	0	-36	362	37	40	0	404	28	10707	13	9972	58	10850	26	10256	16.774	2.323
170.2	NaN	613	NaN	621	0	-35	361	44	45	0	404	40	10764	19	10054	81	10930	39	10295	16.817	0.685
170.3	NaN	607.2	NaN	606	0	-23	360	60	57	0	402	39	10808	23	10635	75	10878	47	10490	17.076	3.845
170.4	NaN	605.9	NaN	612	0	-14	359	88	84	0	405	32	10728	24	10566	62	10888	46	10660	17.297	2.767
170.5	NaN	604.6	NaN	639	0	-5	361	79	73	0	406	20	10773	18	10705	39	10799	35	10709	17.478	1.032
170.6	NaN	603.3	NaN	555	0	16	366	23	15	0	405	-7	10250	-5	10846	-5	10350	-3	10865	17.387	-2.4
170.7	NaN	604	NaN	594	0	18	360	43	35	0	406	17	10372	24	11059	34	10534	50	11102	17.354	0.903
170.8	NaN	641	NaN	600	0	16	360	63	56	0	407	22	10545	29	11044	42	10648	59	11223	17.542	2.457
170.9	NaN	613	NaN	606	0	13	364	100	100	0	406	19	10629	23	11226	36	10733	46	11233	17.687	1.263
171	NaN	618	NaN	623	0	7	358	100	100	0	405	20	10717	22	11142	37	10854	42	11292	17.805	1.922
171.1	NaN	605	NaN	662	0	0	361	100	100	0	406	15	10870	15	11191	28	10866	29	11196	17.916	-0.086
171.2	NaN	606	NaN	660	0	-9	357	100	100	0	406	11	10989	9	10976	20	11053	18	10980	17.949	-1.779
171.3	NaN	607	NaN	637	0	-13	362	100	100	0	405	15	11153	12	10878	30	11117	24	10968	17.931	2.09
171.4	NaN	599	NaN	611	0	-11	359	100	100	0	406	12	11182	10	10964	24	11298	19	10938	17.833	0.055
171.5	NaN	616	NaN	603	0	-13	357	100	100	0	405	17	11087	12	10777	34	11128	25	10943	17.96	0.104
171.6	NaN	601	NaN	638	0	-11	358	100	100	0	405	14	11147	12	10990	28	11244	23	10994	17.938	1.229
171.7	NaN	593	NaN	617	0	-5	364	100	100	0	406	10	10997	10	11004	20	11088	17	10972	17.908	-1.948
171.8	NaN	603	NaN	616	0	-4	363	100	100	0	405	14	10939	13	10865	28	11001	25	11041	17.939	2.322
171.9	NaN	599	NaN	627	0	-5	359	100	100	0	407	11	10995	9	11025	20	11049	18	10964	17.879	-0.92
172	NaN	599	NaN	613	0	-5	357	50	48	0	406	13	10984	12	10926	26	10926	24	11010	17.927	-0.224
172.1	NaN	636	NaN	638	0	-1	359	0	0	0	407	-15	10714	-16	10853	-11	10791	-12	10861	17.674	-2.532
172.2	NaN	596	NaN	646	0	-2	358	0	0	0	404	-35	10381	-37	10614	-27	10366	-28	10519	17.252	-5.403
172.3	NaN	576	NaN	646	0	3	358	0	0	0	403	-50	10003	-48	10210	-38	9842	-37	10268	16.689	-5.605
172.4	NaN	571	NaN	660	0	9	363	0	0	0	404	-54	9521	-50	9993	-42	9188	-39	9953	16.055	-5.543
172.5	NaN	573	NaN	650	0	8	363	0	0	0	403	-56	9020	-52	9583	-44	8649	-41	9540	15.415	-7.246
172.6	NaN	582	NaN	646	0	9	365	0	0	0	403	-57	8616	-53	9187	-47	8293	-43	9072	14.716	-7.494
172.7	NaN	566	NaN	640	0	8	364	0	0	0	405	-58	8129	-52	8740	-47	8048	-44	8669	14.031	-7.184
172.8	NaN	558	NaN	650	0	-1	358	0	0	0	404	-53	7938	-55	8201	-45	7775	-47	8104	13.379	-6.251
172.9	NaN	572	NaN	681	0	-17	359	0	0	0	402	-50	7837	-59	7456	-43	7838	-50	7366	12.716	-6.456
173	NaN	634	NaN	629	0	-26	358	16	16	0	401	-11	7737	-13	7090	-9	7767	-11	6926	12.154	-2.355
173.1	NaN	653	NaN	561	0	-34	360	20	18	0	402	-3	7620	-4	6932	-3	7673	-4	6914	11.904	-1.902
173.2	NaN	647	NaN	557	0	-42	363	25	24	0	403	-0	7582	-0	6794	-0	7600	-0	6773	11.712	-2.454
173.3	NaN	658	NaN	560	0	-45	362	25	24	0	402	-0	7511	-0	6641	-0	7515	-0	6595	11.513	-1.944
173.4	NaN	648	NaN	563	0	-44	365	26	24	0	402	0	7408	0	6549	0	7399	0	6455	11.327	-2.877
173.5	NaN	627	NaN	538	0	-32	359	28	26	0	402	4	7249	2	6495	9	7292	4	6450	11.211	-0.172
173.6	NaN	637	NaN	540	0	2	359	31	22	0	406	2	6792	2	6813	5	6895	5	6783	11.151	-0.675
173.7	NaN	651	NaN	567	0	27	363	46	37	0	406	16	6669	29	7207	37	6752	66	7260	11.213	0.944
173.8	NaN	619	NaN	558	0	59	363	45	36	0	405	8	6597	37	7424	18	6593	84	7519	11.402	0.478
173.9	NaN	621	NaN	595	0	54	366	33	21	0	405	2	6375	5	7493	3	6411	11	7542	11.355	-2.506
174	NaN	640	NaN	547	0	53	365	32	20	0	405	0	6174	2	7370	1	6198	5	7458	11.105	-3.115
174.1	NaN	635	NaN	627	0	52	360	37	28	0	407	1	6026	4	7256	3	6029	10	7300	10.84	-2.351
174.2	NaN	656	NaN	635	0	54	359	54	46	0	406	3	5967	15	7107	7	6025	33	7164	10.688	-2.862
174.3	NaN	595	NaN	606	0	53	360	67	55	0	405	18	6495	79	7591	44	6325	176	7615	10.886	5.354
174.4	NaN	545	NaN	546	0	56	363	67	56	0	405	17	6491	75	7798	39	6910	176	7883	11.31	3.95
174.5	NaN	537	NaN	587	0	55	359	67	56	0	406	17	6888	76	7981	40	6828	167	8083	11.713	4.161
174.6	NaN	546	NaN	546	0	56	362	66	55	0	407	16	8116	70	8398	36	7069	159	8535	12.062	6.247
174.7	NaN	595	NaN	544	0	45	363	82	73	0	406	19	7686	63	8264	46	8478	142	8560	12.357	2.22
174.8	NaN	580	NaN	556	0	33	363	100	95	0	406	26	8498	56	8380	59	8281	126	8600	12.741	3.736
174.9	NaN	575	NaN	544	0	30	362	100	100	0	406	26	8749	54	8818	59	8240	119	8607	13.264	7.592
175	NaN	611	NaN	544	0	4	363	100	100	0	408	33	8073	37	8705	72	12338	80	8953	13.427	4.823
175.1	NaN	591	NaN	546	0	14	363	100	100	0	407	34	10435	45	8839	71	8614	97	8860	14.122	4.458
175.2	NaN	571	NaN	544	0	13	362	100	100	0	406	32	8650	43	9368	67	9929	91	9380	14.449	3.071
175.3	NaN	591	NaN	546	0	21	359	100	100	0	406	29	9321	46	9445	62	9024	99	9544	15.014	6.319
175.4	NaN	582	NaN	545	0	13	363	100	100	0	405	31	9124	41	9705	63	9512	87	9931	15.374	5.403
175.5	NaN	593	NaN	543	0	7	359	100	100	0	405	34	9627	41	9919	69	9533	84	10045	15.731	2.837
175.6	NaN	583	NaN	558	0	7	361	100	100	0	406	34	9827	39	10155	69	9986	79	10161	16.149	2.598
175.7	NaN	609	NaN	551	0	5	360	100	100	0	406	34	10018	37	10327	67	10155	75	10459	16.461	2.408
175.8	NaN	579	NaN	548	0	6	361	100	100	0	406	33	10177	37	10482	66	10297	74	10629	16.849	3.427
175.9	NaN	581	NaN	564	0	3	362	100	100	0	405	28	10445	29	10729	54	10540	57	10746	17.125	2.662
176	NaN	588	NaN	570	1	1	363	100	100	0	403	23	10523	25	10743	47	10677	48	10817	17.358	0.873
176.1	NaN	602	NaN	606	1	-2	357	100	100	0	406	21	10686	20	10864	41	10726	38	10926	17.475	0.464
176.2	NaN	615	NaN	605	1	-3	362	100	100	0	404	17	10776	16	10813	33	10876	31	10897	17.593	1
176.3	NaN	594	NaN	622	1	-6	360	90	84	0	405	17	10800	16	10840	34	10905	31	10926	17.672	-0.684
176.4	NaN	610	NaN	636	0	-4	361	69	63	0	404	15	10877	14	10926	29	10950	27	10922	17.735	2.486
176.5	NaN	630	NaN	636	0	-6	359	0	0	0	405	-10	10756	-12	10743	-8	10740	-8	10684	17.666	-3.38
176.6	NaN	590	NaN	648	0	-4	363	0	0	0	404	-30	10559	-32	10563	-23	10471	-24	10387	17.272	-5.288
176.7	NaN	571	NaN	671	0	-3	365	0	0	0	405	-49	10199	-51	10191	-38	10053	-38	10101	16.844	-6.133
176.8	NaN	565	NaN	653	0	1	475	0	0	0	509	-51	9772	-52	9731	-41	9630	-40	9660	16.122	-9.071
176.9	NaN	568	NaN	650	0	1	452	0	0	0	460	-54	9172	-54	9268	-43	9221	-43	9134	15.321	-8.199
177	NaN	567	NaN	652	0	2	387	0	0	0	415	-55	8723	-55	8936	-45	8711	-45	8765	14.625	-5.901
177.1	NaN	564	NaN	653	0	2	506	0	0	0	503	-54	8189	-54	8480	-46	8113	-44	8367	13.891	-7.825
177.2	NaN	574	NaN	658	0	4	672	0	0	0	663	-55	7529	-53	7868	-47	7384	-45	7847	12.905	-10.931
177.3	NaN	580	NaN	674	0	9	680	0	0	0	663	-56	6774	-51	7267	-48	5957	-45	7005	11.808	-12.36
177.4	NaN	585	NaN	668	0	16	545	0	0	0	539	-57	6075	-48	6727	-51	5095	-44	6663	10.766	-9.513
177.5	NaN	586	NaN	693	0	31	374	0	0	0	406	-60	5272	-45	6408	-55	2767	-41	6382	10.009	-8.134
177.6	NaN	660	NaN	658	0	41	359	2	0	0	401	-60	4297	-39	6132	-1	-1	-37	6082	9.349	-5.137
177.7	NaN	644	NaN	663	0	45	362	36	29	0	403	2	4842	9	6094	6	2852	21	6134	8.806	-2.871
177.8	NaN	646	NaN	622	0	53	365	40	31	0	407	6	4914	24	6042	15	4928	58	6032	8.847	1.018
177.9	NaN	667	NaN	620	0	53	363	39	30	0	405	5	4891	21	6075	12	4941	51	6057	8.822	-0.58
178	NaN	650	NaN	612	0	55	363	39	30	0	404	5	4926	22	6061	12	4936	51	6071	8.887	1.269
178.1	NaN	625	NaN	616	0	49	363	43	36	0	405	6	5004	24	6127	16	4935	59	6146	8.94	0.34
178.2	NaN	645	NaN	603	0	47	364	45	38	0	406	11	5192	34	6244	26	5182	82	6256	9.203	2.535
178.3	NaN	587	NaN	602	0	19	359	62	53	0	406	32	5542	57	6495	76	6128	134	6594	9.555	4.897
178.4	NaN	607	NaN	641	0	-27	362	35	32	0	406	20	6099	12	6196	48	6088	29	6271	10.104	1.121
178.5	NaN	594	NaN	652	0	-55	365	63	66	0	403	21	6464	5	5719	51	6489	12	5793	9.945	-0.598
178.6	NaN	623	NaN	650	0	-65	362	51	46	0	406	56	7272	10	5927	130	7132	21	5933	10.289	4.549
178.7	NaN	589	NaN	624	0	-70	360	55	51	0	405	71	7339	7	6012	166	7407	17	6051	10.608	3.362
178.8	NaN	593	NaN	638	0	-67	362	54	49	0	403	70	7729	9	6134	162	8025	20	6234	10.869	4.609
178.9	NaN	609	NaN	634	0	-58	360	65	62	0	405	77	7710	15	6335	174	7950	34	6722	11.123	5.184
179	NaN	608.5	NaN	605	0	-34	358	73	69	0	405	61	7849	23	6561	138	8356	53	6838	11.392	6.11
179.1	NaN	617	NaN	599	0	-9	360	100	100	0	405	42	7847	34	6798	96	8580	78	10076	11.725	9.603
179.2	NaN	612	NaN	586	0	-11	362	100	100	0	404	44	7704	35	8915	98	7935	81	9711	12.079	2.75
179.3	NaN	644	NaN	603	0	-26	360	100	100	0	403	52	8080	29	7944	116	8103	65	9482	12.538	2.749
179.4	NaN	626	NaN	625	0	-28	361	100	100	0	406	56	8382	26	7989	122	8396	59	8289	13.066	4.331
179.5	NaN	614	NaN	609	0	-24	361	100	100	0	406	52	8813	29	8162	114	8854	62	8188	13.523	4.378
179.6	NaN	628	NaN	619	0	-26	359	100	100	0	405	51	9021	28	8449	111	9102	60	8485	14.018	4.783
179.7	NaN	631	NaN	609	0	-23	359	100	100	0	404	48	9214	30	8801	103	9311	64	8861	14.493	4.769
179.8	NaN	624	NaN	579	0	-12	361	100	100	0	405	44	9372	31	9115	95	9541	67	9169	14.92	4.218
179.9	NaN	618	NaN	576	0	-13	362	100	100	0	406	43	9611	32	9393	88	9665	67	9439	15.378	3.279
180	NaN	604	NaN	570	0	-11	359	100	100	0	406	41	9901	33	9647	84	10021	68	9732	15.757	5.723
180.1	NaN	597	NaN	570	0	-5	361	100	100	0	406	37	10065	34	9902	77	10261	69	10030	16.204	4.15
180.2	NaN	598	NaN	565	0	3	361	100	100	0	408	34	10064	36	10359	70	10214	75	10387	16.598	4.966
180.3	NaN	580	NaN	571	0	8	361	100	100	0	406	30	10249	35	10559	60	10334	69	10699	16.93	4.104
180.4	NaN	638	NaN	585	0	4	359	100	100	0	405	27	10455	30	10746	55	10577	59	10867	17.249	4.094
180.5	NaN	614	NaN	598	0	1	362	100	100	0	407	23	10567	23	10856	45	10694	45	10960	17.429	1.953
180.6	NaN	602	NaN	617	1	-0	359	100	100	0	406	20	10700	21	10816	41	10865	40	10976	17.616	1.238
180.7	NaN	621	NaN	652	1	-0	358	96	88	0	406	16	10805	16	10987	32	10876	31	10988	17.756	0.898
180.8	NaN	615	NaN	648	0	-1	360	54	47	0	405	17	10844	15	10993	33	10851	30	11072	17.794	0.082
180.9	NaN	656	NaN	556	0	-1	364	15	8	0	407	-6	10747	-6	10892	-5	10737	-5	10874	17.792	-0.931
181	NaN	616	NaN	638	0	-0	359	3	0	0	405	-25	10529	-26	10766	-20	10568	-20	10685	17.471	-4.236
181.1	NaN	586	NaN	654	0	0	362	3	0	0	402	-46	10131	-45	10399	-35	10114	-35	10377	17.012	-6.497
181.2	NaN	583	NaN	668	0	1	366	3	0	0	405	-52	9768	-50	10098	-40	9666	-39	10047	16.415	-6.679
181.3	NaN	577	NaN	638	0	5	371	1	0	0	406	-52	9256	-51	9720	-42	9291	-41	9680	15.781	-6.903
181.4	NaN	587	NaN	648	0	8	368	7	0	0	405	-52	8889	-48	9386	-42	8574	-38	9219	15.118	-7.757
181.5	NaN	593	NaN	663	0	17	359	9	1	0	403	-46	8248	-39	9012	-38	8389	-32	9038	14.537	-5.24
181.6	NaN	614	NaN	654	0	21	365	15	7	0	403	-30	7867	-25	8903	-26	7855	-20	8893	13.972	-4.966
181.7	NaN	663	NaN	560	0	22	358	28	21	0	403	0	7774	0	8746	0	7920	0	8733	13.664	-0.493
181.8	NaN	624	NaN	588	0	19	363	41	34	0	404	14	7965	21	8794	30	8028	46	8788	13.528	2.382
181.9	NaN	634	NaN	614	0	25	363	40	31	0	406	12	7995	19	8757	26	8119	41	8757	13.63	2.393
182	NaN	651	NaN	591	0	25	357	41	31	0	408	12	8058	22	8892	27	7946	48	8848	13.722	1.81
182.1	NaN	646	NaN	581	0	28	361	43	35	0	404	14	8002	27	8813	33	8109	57	9186	13.663	0.039
182.2	NaN	655	NaN	546	0	29	366	32	25	0	406	2	7828	3	8624	3	7878	7	8699	13.628	-0.906
182.3	NaN	638	NaN	586	0	28	361	32	24	0	405	2	7655	5	8643	6	7800	11	8704	13.442	0.139
182.4	NaN	634	NaN	626	0	28	360	32	24	0	404	3	7588	6	8504	7	7735	13	8527	13.313	-0.7
182.5	NaN	623	NaN	665	0	29	365	37	30	0	406	3	7525	7	8562	7	7616	15	8531	13.146	-1.911
182.6	NaN	643	NaN	639	0	31	362	40	30	0	406	6	7604	14	8523	14	7618	30	8553	13.042	-0.552
182.7	NaN	623	NaN	599	0	31	365	41	32	0	405	11	7567	22	8540	25	7878	51	8589	12.995	0.715
182.8	NaN	657	NaN	594	0	38	359	31	24	0	405	1	7434	3	8185	3	7473	7	8267	13.041	-1.175
182.9	NaN	656	NaN	561	0	41	363	30	20	0	406	0	7151	1	8330	1	7130	2	8350	12.707	-2.023
183	NaN	662	NaN	562	0	44	359	23	16	0	406	-0	7047	0	8110	-0	7045	-0	8107	12.458	-4.448
183.1	NaN	626	NaN	542	0	49	362	15	5	0	405	-17	6599	-10	7877	-15	6731	-9	7944	12.117	-4.672
183.2	NaN	661	NaN	558	0	50	361	26	18	0	404	-0	6356	0	7647	0	5912	0	7663	11.733	-4.599
183.3	NaN	653	NaN	561	0	52	364	30	22	0	406	0	6285	1	7482	1	6362	2	7505	11.415	-2.894
183.4	NaN	625	NaN	676	0	52	361	34	26	0	404	3	6176	10	7442	6	6326	25	7463	11.152	-0.999
183.5	NaN	600	NaN	547	0	51	360	49	41	0	405	11	6308	40	7460	27	6515	95	7481	11.119	-0.066
183.6	NaN	561	NaN	574	0	51	359	72	62	0	406	19	6739	73	7867	43	6710	164	7852	11.464	5.413
183.7	NaN	582	NaN	556	0	51	359	82	71	0	404	18	7024	71	8191	42	6904	157	8177	11.856	4.88
183.8	NaN	593	NaN	598	0	46	358	81	73	0	405	20	7887	64	8326	46	7314	146	8370	12.191	7.714
183.9	NaN	589	NaN	565	0	44	358	83	75	0	404	22	8366	62	8412	49	8111	141	8537	12.545	5.331
184	NaN	587	NaN	566	0	46	360	84	76	0	404	20	8035	65	8520	46	7861	142	8656	12.944	3.974
184.1	NaN	599	NaN	545	0	22	362	100	100	0	403	29	8300	53	8736	63	7871	117	8935	13.249	5.711
184.2	NaN	626	NaN	551	0	0	363	100	100	0	404	40	8445	40	8569	88	8463	89	8691	13.766	4.5
184.3	NaN	595	NaN	542	0	3	364	100	100	0	405	39	8702	40	8817	85	8767	86	8987	14.221	3.855
184.4	NaN	594	NaN	548	0	3	361	100	100	0	404	37	8908	40	9213	78	9054	86	9293	14.626	2.988
184.5	NaN	597	NaN	550	0	2	359	100	100	0	405	36	9175	40	9495	77	9321	82	9525	15.088	5.516
184.6	NaN	614	NaN	553	0	3	360	100	100	0	405	36	9462	38	9688	74	9566	79	9799	15.468	4.452
184.7	NaN	595	NaN	557	1	-1	359	100	100	0	403	37	9729	36	9839	77	9786	74	9940	15.858	4.205
184.8	NaN	593	NaN	549	1	1	359	100	100	0	404	36	9899	36	10029	73	10034	73	10188	16.24	4.021
184.9	NaN	604	NaN	551	1	-1	363	100	100	0	405	36	10173	35	10325	72	10316	70	10355	16.566	3.597
185	NaN	609	NaN	577	1	-3	361	100	100	0	404	30	10402	28	10411	61	10475	56	10492	16.897	3.018
185.1	NaN	664	NaN	574	1	-1	362	100	100	0	404	26	10495	25	10522	52	10590	50	10671	17.152	2.307
185.2	NaN	590	NaN	580	1	-1	358	100	100	0	403	24	10635	23	10751	48	10752	44	10801	17.348	1.318
185.3	NaN	671	NaN	589	1	-2	358	100	100	0	404	18	10740	18	10756	35	10757	34	10828	17.53	2.362
185.4	NaN	613	NaN	595	1	-1	363	100	100	0	405	18	10799	17	10971	36	10898	35	10933	17.633	-0.262
185.5	NaN	605	NaN	630	1	-2	362	100	100	0	404	16	10867	16	10937	30	10952	30	11003	17.702	-0.806
185.6	NaN	595	NaN	608	1	-1	362	100	100	0	402	15	10864	14	10873	29	10871	27	10999	17.825	0.955
185.7	NaN	596	NaN	656	1	-2	360	100	100	0	403	13	10903	12	11061	26	11011	24	11077	17.82	0.638
185.8	NaN	589	NaN	639	1	-3	364	100	100	0	403	11	10958	11	10942	21	10938	19	10981	17.872	-0.744
185.9	NaN	588	NaN	629	1	-3	362	100	100	0	404	12	10900	11	11058	25	11031	23	11026	17.886	0.878
186	NaN	591	NaN	635	1	-5	359	100	100	0	403	11	10998	11	11044	21	11047	19	11012	17.882	-1.462
186.1	NaN	587	NaN	621	1	-4	360	100	100	0	404	12	10949	11	10976	24	11007	22	11067	17.913	-0.4
186.2	NaN	582	NaN	610	1	-6	357	100	100	0	404	12	10951	11	11081	23	11074	22	11083	17.903	0.457
186.3	NaN	584	NaN	587.5	1	-4	362	100	100	0	405	10	11061	10	11009	20	10959	19	11018	17.919	-2.253
186.4	NaN	583	NaN	590.5	1	-6	359	100	100	0	404	11	10946	10	11068	21	11090	20	11022	17.921	0.32
186.5	NaN	584	NaN	593.5	1	-6	357	100	100	0	403	10	11052	10	10996	19	11047	17	11002	17.923	-0.825
186.6	NaN	580	NaN	596.5	1	-3	362	100	100	0	404	11	10946	11	11035	24	11070	22	11051	17.934	0.591
186.7	NaN	580	NaN	599.5	1	-2	363	100	100	0	404	11	10957	10	11034	22	11080	21	11067	17.942	0.226
186.8	NaN	587	NaN	609	1	-3	361	100	100	0	403	10	11059	9	10971	19	10987	17	11071	17.934	0.212
186.9	NaN	582	NaN	622	1	-4	359	66	58	0	401	12	10943	11	11113	22	11049	21	11080	17.969	-0.521
187	NaN	589	NaN	639	0	-5	357	34	26	0	402	9	11041	9	10986	17	10998	17	11080	17.963	0.491
187.1	NaN	635	NaN	545	0	-2	362	31	27	0	403	3	10858	3	11003	7	11016	6	11028	17.84	0.71
187.2	NaN	607	NaN	584	0	-3	361	33	30	0	403	6	10900	5	10915	11	10913	11	10876	17.799	-2.666
187.3	NaN	603	NaN	584	0	4	358	28	19	0	402	5	10763	6	10953	8	10765	10	10979	17.759	-0.496
187.4	NaN	648	NaN	555	0	16	360	26	18	0	405	-0	10326	-1	11057	0	10498	-0	11063	17.526	-1.158
187.5	NaN	643	NaN	553	0	22	363	26	19	0	404	0	10034	0	10983	0	9949	0	11032	17.298	-2.583
187.6	NaN	598	NaN	578	0	20	363	39	32	0	404	8	9889	11	10991	17	10015	28	10988	17.028	-1.384
187.7	NaN	589	NaN	590	0	15	362	43	37	0	404	19	10317	27	10834	39	10437	53	10943	17.117	0.684
187.8	NaN	599	NaN	578	0	-3	359	61	54	0	404	28	10477	30	10831	56	10606	58	10944	17.271	2.077
187.9	NaN	613	NaN	610	0	-7	360	59	55	0	404	21	10745	17	10712	41	10767	35	10798	17.461	1.349
188	NaN	595	NaN	678	0	-12	359	34	31	0	403	16	10849	12	10646	30	10931	24	10758	17.543	0.143
188.1	NaN	644	NaN	553	0	-16	360	19	14	0	404	-4	10791	-4	10538	-4	10736	-4	10541	17.478	-2.367
188.2	NaN	630	NaN	596	0	-13	362	0	0	0	400	-14	10666	-17	10367	-11	10735	-12	10352	17.163	-2.843
188.3	NaN	604	NaN	750	0	-14	520	0	0	0	547	-33	10290	-37	9806	-26	10294	-29	9626	16.733	-7.783
188.4	NaN	586	NaN	705	0	-12	520	0	0	0	531	-49	9820	-56	9006	-39	9782	-44	9219	15.921	-5.488
188.5	NaN	563	NaN	647	0	-10	532	0	0	0	535	-52	9271	-59	8805	-42	9161	-47	7180	15.067	-8.366
188.6	NaN	559	NaN	658	0	-7	509	0	0	0	509	-53	8590	-56	8058	-44	8600	-47	7955	14.151	-8.398
188.7	NaN	565	NaN	673	0	-8	537	0	0	0	526	-52	8061	-56	7870	-43	7918	-48	7297	13.238	-9.594
188.8	NaN	575	NaN	656	0	-14	362	1	0	0	404	-50	7596	-57	7353	-44	7566	-49	7147	12.446	-6.535
188.9	NaN	663	NaN	563	0	-24	362	23	22	0	403	0	7568	0	7251	0	7591	0	7260	12.096	-1.486
189	NaN	624	NaN	547	0	-35	359	30	31	0	404	8	7628	3	6983	20	7691	8	6982	11.889	-2.053
189.1	NaN	617	NaN	536	0	-49	359	30	30	0	403	10	7675	3	6780	23	7715	7	6796	11.781	-1.579
189.2	NaN	615	NaN	539	0	-52	359	30	30	0	404	10	7670	3	6627	25	7702	7	6693	11.654	-1.92
189.3	NaN	580	NaN	637	0	-46	359	37	36	0	404	22	7605	7	6639	50	7663	15	6782	11.635	0.58
189.4	NaN	612	NaN	611	0	-39	362	46	47	0	406	44	7824	16	6820	102	7914	38	7115	11.706	2.285
189.5	NaN	632	NaN	648	0	-51	359	46	46	0	405	47	7932	13	7028	105	8002	30	7109	12.023	1.272
189.6	NaN	619	NaN	657	0	-53	358	43	41	0	404	42	8278	12	7098	92	8265	26	7090	12.225	3.791
189.7	NaN	641	NaN	618	0	-42	360	39	38	0	402	31	8125	11	7186	70	8398	25	7595	12.384	1.185
189.8	NaN	585	NaN	703	0	-39	361	37	34	0	404	22	8007	8	7259	48	8175	18	7363	12.427	0.852
189.9	NaN	618	NaN	620	0	-39	361	41	40	0	402	27	8097	10	7167	63	8245	24	7735	12.412	-0.35
190	NaN	647	NaN	624	0	-38	359	42	39	0	402	33	8147	13	7387	73	8312	31	7473	12.578	2.801
190.1	NaN	637	NaN	612	0	-23	361	43	42	0	404	32	8220	17	7515	72	8413	40	7714	12.721	2.597
190.2	NaN	607	NaN	675	0	-12	363	38	30	0	405	15	8062	10	7743	32	8151	24	7815	12.951	0.607
190.3	NaN	598	NaN	677	0	-8	359	36	28	0	404	12	8034	10	7916	25	8098	21	7949	12.988	-0.921
190.4	NaN	592	NaN	630	0	-4	363	36	28	0	403	10	7971	9	7991	23	8029	21	8039	13.003	0.604
190.5	NaN	582	NaN	689	0	-6	361	36	29	0	404	12	7983	10	8002	27	8033	22	8071	13.07	2.009
190.6	NaN	650	NaN	553	0	-9	360	20	11	0	403	-9	7979	-9	7910	-8	7922	-8	7804	12.888	-2.108
190.7	NaN	614	NaN	639	0	-23	361	15	11	0	403	-20	7807	-26	7349	-18	7815	-22	7548	12.619	-2.645
190.8	NaN	637	NaN	636	0	-36	359	16	14	0	402	-10	7834	-14	7035	-9	7802	-12	6966	12.23	-2.254
190.9	NaN	606	NaN	705	0	-42	361	1	0	0	403	-23	7614	-35	6488	-20	7602	-31	6262	11.86	-4.193
191	NaN	573	NaN	694	0	-40	358	0	0	0	402	-38	7284	-58	6101	-34	7276	-51	3930	11.329	-4.599
191.1	NaN	607	NaN	713	0	-24	359	33	29	0	403	8	7195	4	6291	22	7263	11	3169	10.886	-3.126
191.2	NaN	628	NaN	681	0	-35	357	41	37	0	402	26	6945	13	6553	62	7063	29	6530	10.972	2.896
191.3	NaN	629	NaN	688	0	-35	359	41	38	0	402	29	7169	13	6527	66	7279	31	6617	11.059	1.552
191.4	NaN	637	NaN	665	0	-32	363	42	38	0	403	30	7266	13	6620	68	7356	30	6708	11.308	2.061
191.5	NaN	634	NaN	642	0	-36	360	41	38	0	402	29	7526	12	6670	66	7568	27	6756	11.474	1.531
191.6	NaN	601	NaN	663	0	-30	360	38	32	0	405	19	7567	9	6803	43	7610	21	6837	11.601	0.807
191.7	NaN	601	NaN	648	0	-39	359	37	32	0	403	20	7532	9	6864	47	7614	18	6917	11.795	0.2
191.8	NaN	577	NaN	632	0	-47	360	36	32	0	404	21	7722	6	6820	49	7763	15	6831	11.815	-1.165
191.9	NaN	601	NaN	605	0	-52	360	34	28	0	401	13	7664	3	6703	31	7720	8	6718	11.777	-1.524
192	NaN	620	NaN	529	0	-57	359	33	28	0	402	12	7566	3	6498	28	7660	6	6634	11.68	-1.276
192.1	NaN	614	NaN	526	0	-56	360	33	30	0	403	13	7614	2	6404	31	7679	6	6525	11.512	-1.6
192.2	NaN	610	NaN	543	0	-59	359	33	30	0	405	15	7448	3	6325	36	7572	7	6460	11.446	-0.455
192.3	NaN	601	NaN	613	0	-49	363	33	32	0	402	16	7538	4	6309	37	7575	10	6427	11.294	-0.59
192.4	NaN	617	NaN	689	0	-15	358	37	30	0	403	15	7331	9	6513	35	7420	22	6572	11.34	1.538
192.5	NaN	628	NaN	679	0	5	362	39	29	0	404	12	6836	13	7078	27	6910	30	7082	11.468	1.455
192.6	NaN	619	NaN	556	0	23	359	48	41	0	406	22	6949	33	7398	49	7032	76	7417	11.584	3.521
192.7	NaN	645	NaN	548	0	47	358	49	39	0	404	13	6854	40	7755	30	6854	92	7708	11.831	3.82
192.8	NaN	624	NaN	543	0	47	363	47	36	0	404	11	6837	35	7945	26	6889	79	7945	12.005	2.164
192.9	NaN	607	NaN	566	0	45	359	47	36	0	404	11	6894	35	8016	26	7020	79	8060	12.135	1.814
193	NaN	601	NaN	552	0	47	361	48	39	0	407	12	6981	38	8147	27	7145	87	8188	12.228	0.138
193.1	NaN	591	NaN	546	0	45	360	52	43	0	404	16	7280	48	8230	37	7285	106	8350	12.422	1.911
193.2	NaN	568	NaN	570	0	31	361	60	51	0	403	25	7832	58	8447	57	7935	130	8571	12.695	5.746
193.3	NaN	602	NaN	536	0	-0	359	60	50	0	404	40	8036	41	8383	88	8138	90	8549	13.175	8.046
193.4	NaN	625	NaN	573	0	-16	359	50	42	0	404	36	8426	26	8292	77	8548	57	8393	13.648	2.33
193.5	NaN	624	NaN	590	0	-35	363	48	48	0	402	45	8914	19	8253	98	8996	41	8314	13.855	1.693
193.6	NaN	646	NaN	612	0	-45	362	47	45	0	401	45	9184	16	8490	95	9163	33	8474	14.222	3.349
193.7	NaN	623	NaN	585	0	-45	358	54	56	0	402	55	9568	20	8461	117	9644	43	8830	14.436	2.219
193.8	NaN	602	NaN	617	0	-45	358	56	54	0	405	56	9624	20	8907	118	9758	41	8979	14.776	5.349
193.9	NaN	611	NaN	582	0	-33	362	57	58	0	403	51	9702	22	9063	109	9918	45	9311	15.066	3.705
194	NaN	592	NaN	559	0	-4	360	67	60	0	402	40	9658	33	9438	84	9794	70	9604	15.411	5.294
194.1	NaN	593	NaN	550	0	-3	359	69	60	0	404	38	9679	35	9850	79	9822	72	9909	15.847	4.301
194.2	NaN	618	NaN	555	0	-4	362	94	86	0	404	38	9991	33	9979	77	10099	68	10157	16.239	3.75
194.3	NaN	590	NaN	553	0	-6	360	86	78	0	404	38	10207	33	10274	77	10318	66	10321	16.66	4.847
194.4	NaN	599	NaN	582	0	-13	358	67	64	0	404	31	10472	24	10409	61	10608	48	10437	16.974	2.533
194.5	NaN	611	NaN	577	0	-12	361	88	85	0	404	31	10676	24	10447	63	10776	48	10641	17.249	2.437
194.6	NaN	591	NaN	617	0	-9	359	100	100	0	405	25	10705	21	10693	49	10760	40	10737	17.452	2.215
194.7	NaN	605	NaN	629	0	-4	357	100	100	0	405	19	10790	17	10807	37	10905	33	10820	17.595	1.187
194.8	NaN	612	NaN	607	0	0	359	100	100	0	402	17	10742	17	10924	32	10828	33	11011	17.724	0.289
194.9	NaN	611	NaN	590	0	5	361	100	100	0	404	18	10715	20	11156	36	10825	41	11166	17.824	1.454
195	NaN	621	NaN	653	0	4	359	100	100	0	405	15	10818	18	11132	29	10888	33	11262	17.918	1.292
195.1	NaN	625	NaN	605	1	5	358	100	100	0	405	14	10772	16	11289	28	10826	32	11297	17.986	0.053
195.2	NaN	651	NaN	609	1	6	362	100	100	0	405	15	10828	17	11209	30	10982	34	11339	18.021	1.07
195.3	NaN	627	NaN	610	1	3	357	100	100	0	403	12	10877	13	11279	23	10963	26	11331	18.059	-0.347
195.4	NaN	619	NaN	597	1	3	358	100	100	0	402	15	10850	16	11256	28	10969	31	11281	18.108	-0.347
195.5	NaN	604	NaN	652	1	3	359	100	100	0	405	12	10939	12	11261	22	11015	23	11309	18.131	1.627
195.6	NaN	591	NaN	617	1	-0	358	100	100	0	405	9	10932	10	11276	19	10945	19	11261	18.121	-0.741
195.7	NaN	608	NaN	615	1	-2	358	100	100	0	404	11	10989	11	11162	22	11090	22	11232	18.144	1.027
195.8	NaN	599	NaN	610	1	-2	362	100	100	0	403	7	11048	5	11202	12	11059	11	11179	18.116	-0.623
195.9	NaN	594	NaN	620	1	-6	363	100	100	0	404	9	11055	8	11065	18	11119	16	11133	18.076	-1.213
196	NaN	599	NaN	630	1	-8	359	100	100	0	405	9	11086	7	11110	16	11130	14	11075	18.076	0.1
196.1	NaN	591	NaN	609	1	-5	360	100	100	0	403	8	11006	8	11047	17	11062	14	11106	18.028	-0.38
196.2	NaN	591	NaN	614	1	-4	360	100	100	0	402	9	11073	8	11069	17	11094	15	11073	18.031	0.336
196.3	NaN	588	NaN	606	1	-4	360	100	100	0	402	8	11000	8	11082	17	10976	15	11058	18.035	-0.049
196.4	NaN	585	NaN	644	1	-4	362	100	100	0	405	10	11017	10	11060	20	11107	19	11110	18.011	0.942
196.5	NaN	600	NaN	648	1	-3	362	100	100	0	405	8	11030	8	11160	15	11034	14	11118	18.02	-0.402
196.6	NaN	580	NaN	626	1	-1	358	100	100	0	404	11	10952	11	11095	22	11038	21	11191	18.032	-0.827
196.7	NaN	589	NaN	638	1	1	359	100	100	0	403	11	11001	10	11198	19	11068	19	11219	18.054	1.591
196.8	NaN	586	NaN	686	1	0	358	100	100	0	404	9	10971	9	11183	18	10981	17	11231	18.033	-0.486
196.9	NaN	586	NaN	648	1	1	359	100	100	0	405	11	11003	11	11210	22	11074	22	11208	18.063	0.12
197	NaN	588	NaN	620	1	0	362	100	100	0	404	8	11028	8	11208	15	11015	16	11168	18.077	-0.435
197.1	NaN	588	NaN	643	1	-0	360	100	100	0	402	11	10964	11	11179	23	11091	22	11230	18.074	0.91
197.2	NaN	589	NaN	651	1	-2	359	100	100	0	404	9	11046	8	11215	16	11086	16	11176	18.095	0.364
197.3	NaN	575	NaN	677	1	-2	362	100	100	0	403	9	11005	8	11131	19	11048	17	11193	18.084	-0.936
197.4	NaN	592	NaN	626	1	-6	360	100	100	0	403	9	11080	8	11160	18	11124	16	11176	18.071	0.615
197.5	NaN	592	NaN	613	1	-7	361	100	100	0	405	7	11095	7	11062	15	11052	14	11114	18.041	-1.548
197.6	NaN	584	NaN	610	0	-10	359	100	100	0	405	10	11075	8	11043	21	11175	17	11064	18.037	-0.254
197.7	NaN	585	NaN	600	0	-12	358	100	100	0	405	10	11157	8	10972	18	11176	15	11003	18.032	0.354
197.8	NaN	576	NaN	617	0	-10	360	100	100	0	404	11	11122	9	10946	23	11235	18	11003	18.019	0.419
197.9	NaN	583	NaN	627	0	-10	361	100	100	0	403	10	11223	7	11041	19	11242	15	10982	18.027	-0.773
198	NaN	580	NaN	595	0	-10	362	100	100	0	402	10	11117	8	10926	20	11183	16	11021	18.072	-0.721
198.1	NaN	588	NaN	639	0	-11	358	100	100	0	404	12	11184	10	11028	22	11274	19	11053	18.057	1.139
198.2	NaN	588	NaN	604	0	-11	357	100	100	0	405	9	11127	8	11005	18	11112	15	11042	18.047	-0.931
198.3	NaN	569	NaN	621	0	-7	362	100	100	0	402	11	11108	9	11002	22	11188	18	11040	18.018	0.269
198.4	NaN	581	NaN	626	0	-8	360	100	100	0	402	9	11119	8	11017	17	11043	15	10996	18.017	0.655
198.5	NaN	581	NaN	603	0	-8	359	100	100	0	404	10	11057	9	10957	20	11160	18	11018	17.959	-0.293
198.6	NaN	590	NaN	619	0	-8	357	100	100	0	404	10	11055	9	11050	20	11081	18	11033	17.965	0.261
198.7	NaN	583	NaN	606	0	-6	358	100	100	0	403	9	10989	9	10983	18	11096	16	11043	17.937	-1.211
198.8	NaN	579	NaN	619	0	-3	361	100	100	0	402	11	11003	10	11005	21	11081	19	11077	17.932	0.24
198.9	NaN	577	NaN	620	1	-1	362	100	100	0	402	10	10960	9	11050	20	10975	18	11077	17.929	0.068
199	NaN	601	NaN	614	1	2	363	100	100	0	406	14	10886	14	11084	28	11022	26	11148	17.927	0.708
199.1	NaN	594	NaN	630	1	0	359	100	100	0	405	12	10940	12	11200	22	10945	23	11157	17.957	0.225
199.2	NaN	607	NaN	611	1	2	362	100	100	0	404	13	10865	13	11104	26	11016	26	11179	17.993	0.123
199.3	NaN	593	NaN	612	1	-1	358	100	100	0	404	12	10989	11	11248	22	11042	22	11231	18.009	0.209
199.4	NaN	582	NaN	620	1	-0	360	100	100	0	405	11	10974	11	11153	21	10982	20	11204	18.054	-0.646
199.5	NaN	580	NaN	604	0	-3	359	22	14	0	405	11	11009	9	11142	20	11112	19	11200	18.069	0.667
199.6	NaN	607	NaN	609	0	-6	357	0	0	0	404	-19	10861	-20	10890	-14	10826	-15	10860	17.832	-1.98
199.7	NaN	584	NaN	655	0	-4	358	0	0	0	402	-38	10569	-40	10553	-28	10440	-30	10450	17.488	-4.568
199.8	NaN	567	NaN	642	0	-3	361	0	0	0	402	-49	10285	-51	10244	-37	10079	-39	10138	16.939	-6.538
199.9	NaN	570	NaN	642	0	-2	365	0	0	0	401	-50	9890	-52	9996	-39	9807	-40	9810	16.315	-5.685
200	NaN	572	NaN	632	0	3	515	0	0	0	531	-55	9326	-54	9527	-44	9094	-43	9323	15.671	-9.789
200.1	NaN	576	NaN	641	0	6	631	0	0	0	600	-57	6840	-52	7387	-46	8064	-44	9004	14.804	-1.744
200.2	NaN	579	NaN	649	0	10	577	0	0	0	565	-57	7858	-52	8645	-49	3821	-42	7841	13.676	-7.533
200.3	NaN	579	NaN	666	0	15	372	0	0	0	411	-58	6990	-49	8090	-50	5926	-43	7957	12.848	-5.624
200.4	NaN	613	NaN	666	0	35	359	3	0	0	401	-59	6613	-43	7805	-52	2632	-38	7718	12.151	-7.714
200.5	NaN	619	NaN	665	0	59	362	6	0	0	401	-59	4275	-33	7185	0	-250	-29	7443	11.558	-4.788
200.6	NaN	592	NaN	603	0	77	364	56	47	0	401	4	5807	66	7486	10	943	152	7680	10.942	-0.215
200.7	NaN	584.125	NaN	559	0	78	359	48	36	0	403	4	5889	52	7728	8	6195	124	7859	11.035	3.276
200.8	NaN	585.75	NaN	558	0	78	362	26	14	0	404	-0	5623	-0	6804	-0	5860	1	7142	10.807	-4.426
200.9	NaN	587.375	NaN	533	0	79	366	3	0	0	403	-23	4434	-10	6383	-21	4819	-9	6809	10.348	-2.888
201	NaN	589	NaN	644	0	80	360	33	24	0	404	0	5008	6	6215	0	3464	14	6593	9.805	-3.406
201.1	NaN	590.625	NaN	582	0	80	365	49	37	0	402	2	4959	53	6620	5	3439	128	7334	9.467	-1.488
201.2	NaN	592.25	NaN	740	0	81	359	33	26	0	404	0	4568	6	5911	0	5053	13	6290	9.287	-2.544
201.3	NaN	593.875	NaN	697	0	80	363	50	41	0	404	0	4591	18	5809	1	4714	44	6156	8.816	-3.444
201.4	NaN	600	NaN	573	0	81	364	55	47	0	405	2	4376	63	6038	4	4729	155	6269	8.709	4.122
201.5	NaN	520	NaN	611	0	80	360	72	63	0	404	4	4627	107	6829	10	4903	202	6545	8.909	3.381
201.6	NaN	574	NaN	644	0	79	361	61	51	0	403	4	4736	88	6962	9	5106	197	6711	9.358	4.659
201.7	NaN	534	NaN	559	0	76	360	77	68	0	405	6	4881	97	7084	13	5345	197	7317	9.448	4.914
201.8	NaN	531	NaN	562	0	76	362	77	66	0	406	6	5072	91	7377	14	5415	203	7549	9.724	5.251
201.9	NaN	550	NaN	567	0	50	361	85	77	0	404	18	5305	78	7131	43	6062	180	7811	9.794	5.751
202	NaN	596	NaN	542	0	10	361	96	89	0	404	39	7078	52	6884	93	7447	120	7497	9.967	6.837
202.1	NaN	630	NaN	552	0	-17	356	100	100	0	404	48	6864	34	6804	114	9433	79	7275	10.188	7.379
202.2	NaN	612	NaN	565	0	-12	356	100	100	0	406	42	9107	32	6676	98	11037	74	7086	10.458	5.043
202.3	NaN	618	NaN	559	0	9	362	100	100	0	406	35	9923	41	6873	79	11227	97	6948	10.903	3.548
202.4	NaN	628	NaN	553	0	18	362	100	100	0	405	34	8098	55	7257	79	7196	128	7316	11.57	6.871
202.5	NaN	586	NaN	563	0	12	358	100	100	0	407	39	7308	51	7732	87	7392	114	7843	12.138	4.659
202.6	NaN	578	NaN	552	0	14	358	100	100	0	404	37	7620	49	8054	82	7710	112	8192	12.673	4.225
202.7	NaN	595	NaN	574	0	14	361	100	100	0	405	36	8076	47	8356	79	8009	104	8472	13.204	5.744
202.8	NaN	613	NaN	557	0	8	359	100	100	0	405	37	8284	44	8590	81	8348	96	8789	13.706	6.144
202.9	NaN	581	NaN	543	0	3	362	100	100	0	403	38	8627	41	8848	82	8806	88	9032	14.148	3.792
203	NaN	603	NaN	553	0	-3	359	79	70	0	405	39	8930	38	9104	83	9053	80	9160	14.614	4.703
203.1	NaN	652	NaN	557	0	-5	360	11	0	0	404	-8	8883	-8	8948	-5	8935	-7	8939	14.754	-2.588
203.2	NaN	611	NaN	662	0	-11	363	0	0	0	403	-26	8821	-29	8699	-21	8814	-24	8662	14.421	-4.058
203.3	NaN	585	NaN	652	0	-23	358	0	0	0	401	-41	8586	-51	8147	-35	8516	-43	8115	13.945	-6.533
203.4	NaN	574	NaN	655	0	-28	358	0	0	0	400	-47	8351	-62	7663	-39	8139	-53	6687	13.252	-8.363
203.5	NaN	614	NaN	656	0	-35	359	12	12	0	399	-22	7953	-32	7106	-21	7942	-27	6933	12.609	-6.103
203.6	NaN	652	NaN	558	0	-37	358	26	27	0	400	2	7905	1	7106	5	7861	2	7009	12.27	-2.702
203.7	NaN	601	NaN	603	0	-34	363	31	29	0	401	10	7769	4	7007	23	7759	9	6991	12.08	0.761
203.8	NaN	607	NaN	640	0	-34	357	32	29	0	403	10	7700	5	6950	22	7693	11	7031	11.994	0.7
203.9	NaN	583	NaN	630	0	-40	362	33	31	0	403	13	7722	5	6853	31	7683	13	6934	11.909	0.544
204	NaN	582	NaN	628	0	-37	362	33	30	0	400	13	7685	6	6844	29	7676	12	6901	11.907	0.181
204.1	NaN	616	NaN	536	0	-44	362	30	25	0	403	7	7668	2	6761	13	7624	6	6818	11.849	-0.896
204.2	NaN	648	NaN	562	0	-55	361	27	24	0	402	1	7614	0	6595	3	7518	0	6510	11.626	-3.065
204.3	NaN	647	NaN	555	0	-53	360	29	25	0	402	2	7495	0	6385	6	7421	1	6337	11.372	-0.922
204.4	NaN	587	NaN	561.3	0	-58	357	36	34	0	403	23	7510	5	6364	54	7521	12	6304	11.277	1.667
204.5	NaN	571	NaN	560.1	0	-53	359	37	35	0	399	24	7474	6	6352	55	7469	15	6626	11.273	-0.886
204.6	NaN	574	NaN	558.9	0	-53	361	39	36	0	402	27	7490	7	6314	62	7550	16	6419	11.283	3.185
204.7	NaN	605	NaN	557.7	0	-33	365	49	50	0	402	49	7679	21	6530	111	7908	49	7091	11.274	4.741
204.8	NaN	644	NaN	559	0	-30	360	25	16	0	402	-1	7151	-1	6526	-1	7179	-1	6664	11.5	-1.335
204.9	NaN	649	NaN	555	0	-5	363	27	17	0	404	-0	6989	0	6828	-0	7058	0	6806	11.309	-1.774
205	NaN	643	NaN	552	0	22	363	29	20	0	406	-1	6449	-1	7064	-1	6488	-1	6995	11.124	-3.112
205.1	NaN	616	NaN	581	0	33	358	47	37	0	406	16	6617	31	7351	36	6669	73	7339	11.222	1.646
205.2	NaN	619	NaN	587	0	57	359	47	37	0	405	9	6529	38	7527	20	6602	87	7533	11.348	0.786
205.3	NaN	645	NaN	594	0	57	361	47	36	0	406	8	6489	39	7697	19	6535	88	7711	11.43	3.363
205.4	NaN	639	NaN	610	0	58	360	44	33	0	404	6	6445	31	7684	15	6496	72	7695	11.494	2.598
205.5	NaN	643	NaN	617	0	58	362	44	35	0	405	7	6410	33	7742	16	6621	74	7786	11.469	0.538
205.6	NaN	621	NaN	612	0	59	360	46	38	0	403	8	6397	40	7786	19	6570	92	7824	11.518	2.627
205.7	NaN	599	NaN	542	0	58	362	51	42	0	407	11	6503	51	7942	25	6824	115	8035	11.611	2.566
205.8	NaN	601	NaN	570	0	54	356	52	42	0	405	12	6641	51	7959	27	7984	113	7929	11.844	2.526
205.9	NaN	606	NaN	544	0	55	362	51	42	0	406	12	6855	51	8051	27	10241	113	8249	11.851	1.558
206	NaN	610	NaN	534	0	57	363	51	42	0	404	11	7058	50	8034	25	7189	113	8211	12.051	2.226
206.1	NaN	610	NaN	558	0	56	361	51	42	0	405	12	6945	50	8145	27	7333	112	8262	12.109	2.105
206.2	NaN	580	NaN	533	0	56	362	54	46	0	404	14	7142	58	8189	31	7431	131	8269	12.244	1.577
206.3	NaN	602	NaN	574	0	53	358	56	47	0	404	16	7357	60	8323	36	7417	135	8343	12.459	3.251
206.4	NaN	571	NaN	548	0	55	362	66	59	0	406	16	7758	68	8579	38	7596	153	8560	12.816	2.776
206.5	NaN	588	NaN	549	0	49	359	100	100	0	406	19	7829	65	8717	43	8067	144	8819	13.074	2.691
206.6	NaN	656	NaN	543	0	44	358	100	100	0	403	20	8276	62	8845	44	8172	136	8993	13.41	2.456
206.7	NaN	592	NaN	548	0	22	362	100	100	0	406	29	8454	51	8945	64	8461	110	9159	13.776	4.521
206.8	NaN	621	NaN	558	0	-12	358	100	100	0	405	43	8815	36	8809	93	8869	77	8935	14.279	4.679
206.9	NaN	593	NaN	567	0	-22	357	100	100	0	405	47	9251	29	8902	101	9232	62	9095	14.696	3.736
207	NaN	601	NaN	575	0	-31	361	100	100	0	404	48	9606	26	9165	101	9678	54	10060	15.003	4.436
207.1	NaN	631	NaN	609	0	-49	361	100	100	0	403	56	9883	18	9359	117	10011	36	9289	15.364	3.668
207.2	NaN	627	NaN	621	0	-56	361	98	93	0	403	58	10186	15	9274	120	10251	30	9353	15.576	3.038
207.3	NaN	601	NaN	599	0	-53	359	87	83	0	404	55	10313	15	9256	113	10396	31	9406	15.732	2.624
207.4	NaN	612	NaN	584	0	-53	361	88	85	0	403	56	10262	15	9441	116	10480	31	9739	15.879	2.476
207.5	NaN	604	NaN	590	0	-47	355	95	93	0	403	51	10442	17	9635	104	10544	37	9822	16.023	4.028
207.6	NaN	612	NaN	597	0	-40	357	89	87	0	402	49	10395	21	9876	101	10565	42	10356	16.177	1.174
207.7	NaN	588	NaN	583	0	-21	362	81	72	0	402	43	10345	27	10944	86	10541	53	10016	16.419	4.252
207.8	NaN	664	NaN	543	0	-5	360	41	33	0	406	19	10355	17	10468	37	10438	34	10242	16.705	2.082
207.9	NaN	595	NaN	543	0	14	358	57	47	0	405	31	10139	41	10624	63	10287	85	10744	16.814	2.155
208	NaN	580	NaN	537	0	29	359	77	67	0	403	23	10334	43	10909	46	10426	84	11005	17.054	1.418
208.1	NaN	611	NaN	556	0	31	358	81	71	0	405	22	10357	42	11098	43	10399	84	11170	17.195	1.489
208.2	NaN	587	NaN	553	0	32	364	100	100	0	405	20	10467	40	11071	40	10384	79	11226	17.307	0.751
208.3	NaN	592	NaN	550	0	29	363	100	100	0	404	20	10413	37	11255	40	10649	75	11267	17.39	1.215
208.4	NaN	608	NaN	568	0	28	360	100	100	0	404	19	10527	32	11127	37	10584	67	11297	17.462	1.199
208.5	NaN	627	NaN	559	0	28	362	100	100	0	404	19	10590	34	11254	37	10573	67	11308	17.496	0.555
208.6	NaN	622	NaN	577	0	20	363	100	100	0	404	16	10564	26	11154	31	10641	50	11290	17.558	0.641
208.7	NaN	625	NaN	599	0	0	360	100	100	0	404	22	10674	23	11066	42	10687	43	11185	17.695	1.974
208.8	NaN	616	NaN	623	0	-11	357	100	100	0	402	15	10880	12	10902	29	10977	22	10932	17.735	0.347
208.9	NaN	600	NaN	606	0	-23	362	100	100	0	403	24	11066	16	10676	48	11204	31	10832	17.756	0.655
209	NaN	643	NaN	621	0	-26	360	100	100	0	403	26	11269	15	10713	50	11329	30	10942	17.764	1.142
209.1	NaN	614	NaN	593	0	-26	362	100	100	0	401	24	11194	13	10676	45	11377	26	10800	17.805	-0.613
209.2	NaN	588	NaN	595	0	-26	361	100	100	0	403	27	11313	15	10655	53	11342	30	10809	17.82	0.659
209.3	NaN	586	NaN	604	0	-25	359	100	100	0	402	23	11247	14	10756	43	11359	26	10835	17.841	-0.461
209.4	NaN	587	NaN	596	0	-21	361	100	100	0	403	23	11271	13	10685	46	11268	27	10783	17.852	-0.065
209.5	NaN	587	NaN	610	0	-19	360	100	100	0	400	23	11185	16	10736	45	11300	30	10833	17.884	1.71
209.6	NaN	587	NaN	599	0	-16	359	100	100	0	402	17	11158	12	10809	33	11169	23	10869	17.89	0.152
209.7	NaN	607	NaN	618	0	-14	355	100	100	0	403	20	11157	14	10772	40	11265	29	10910	17.908	0.787
209.8	NaN	592	NaN	622	0	-3	362	100	100	0	402	12	10933	12	10989	23	11033	21	10957	17.917	-0.269
209.9	NaN	618	NaN	650	0	4	364	100	100	0	404	13	10857	14	11044	27	10926	27	11086	17.854	-0.422
210	NaN	587	NaN	588	0	6	360	100	100	0	402	15	10719	17	11205	29	10851	34	11222	17.845	-0.179
210.1	NaN	611	NaN	584	0	8	360	100	100	0	402	18	10761	22	11223	36	10778	41	11285	17.892	1.246
210.2	NaN	600	NaN	612	0	7	362	100	100	0	404	15	10802	17	11186	29	10883	33	11317	17.908	0.728
210.3	NaN	592	NaN	589	1	3	357	100	100	0	405	15	10811	16	11240	31	10928	33	11289	17.943	-0.342
210.4	NaN	600	NaN	616	1	3	360	100	100	0	404	14	10890	14	11084	27	10959	27	11201	17.968	0.222
210.5	NaN	586	NaN	601	1	3	358	100	100	0	405	11	10865	13	11225	22	10969	23	11230	17.938	-0.72
210.6	NaN	586	NaN	626	1	-2	363	100	100	0	404	14	10944	13	11089	26	10923	26	11154	17.951	-0.677
210.7	NaN	576	NaN	615	1	-3	361	100	100	0	403	10	10982	9	11098	18	11030	17	11064	17.969	-0.349
210.8	NaN	573	NaN	646	1	-2	359	100	100	0	404	11	10964	10	11037	22	11030	21	11060	17.92	0.536
210.9	NaN	576	NaN	625	1	-2	364	100	100	0	403	11	11018	11	11041	21	11031	20	11048	17.918	-0.189
211	NaN	576	NaN	649	1	-4	358	100	100	0	403	10	10922	10	11067	20	11056	19	11096	17.907	-0.427
211.1	NaN	571	NaN	626	1	-3	359	100	100	0	404	12	10993	11	11004	24	10960	22	11099	17.914	0.043
211.2	NaN	569	NaN	634	1	-0	363	100	100	0	403	9	10983	9	11127	17	11002	17	11112	17.912	-0.728
211.3	NaN	610	NaN	644	1	-0	357	100	100	0	403	13	10919	13	11037	26	10950	25	11088	17.939	-0.328
211.4	NaN	582	NaN	635	1	-2	361	100	100	0	403	10	10974	10	11124	20	11007	20	11109	17.966	0.679
211.5	NaN	574	NaN	614	1	-2	356	100	100	0	402	10	10932	10	11075	21	11030	20	11091	17.954	-0.606
211.6	NaN	572	NaN	666	1	-1	358	100	100	0	402	12	10981	11	11136	23	11011	22	11121	17.957	0.439
211.7	NaN	578	NaN	629	1	-4	361	100	100	0	405	9	10995	9	11125	17	11021	16	11109	17.951	-1.958
211.8	NaN	565	NaN	605	1	-4	359	100	100	0	402	11	10969	11	11017	23	10966	22	11106	17.927	0.281
211.9	NaN	574	NaN	624	1	-1	362	100	100	0	404	10	11010	9	11111	18	11035	17	11084	17.944	-0.232
212	NaN	586	NaN	598	0	-3	358	15	8	0	404	9	10946	6	10973	16	10993	17	11064	17.939	0.057
212.1	NaN	599	NaN	682	0	-4	356	0	0	0	402	-20	10700	-22	10826	-15	10733	-16	10795	17.682	-1.978
212.2	NaN	579	NaN	696	0	2	364	0	0	0	402	-40	10365	-42	10561	-31	10283	-31	10525	17.257	-5.42
212.3	NaN	567	NaN	650	0	4	361	0	0	0	403	-51	9930	-48	10313	-39	9517	-37	10028	16.662	-6.678
212.4	NaN	562	NaN	652	0	3	358	0	0	0	402	-52	9575	-50	10040	-41	9499	-40	9905	16.033	-5.49
212.5	NaN	559	NaN	647	0	4	359	0	0	0	402	-55	9038	-52	9570	-44	9120	-43	9509	15.451	-5.801
212.6	NaN	553	NaN	651	0	4	364	0	0	0	403	-56	8734	-54	9164	-45	8601	-44	9017	14.77	-7.542
212.7	NaN	561	NaN	632	0	5	364	0	0	0	401	-57	8396	-54	8782	-46	8228	-44	8690	14.076	-8.601
212.8	NaN	555	NaN	658	0	6	376	0	0	0	411	-57	7901	-52	8219	-48	7973	-45	8325	13.421	-6.488
212.9	NaN	563	NaN	655	0	5	362	0	0	0	405	-55	7533	-51	7955	-47	6799	-45	7743	12.807	-8.904
213	NaN	564	NaN	657	0	7	357	0	0	0	399	-55	7097	-51	7484	-49	7235	-45	7376	12.014	-4.841
213.1	NaN	582	NaN	649	0	27	362	13	6	0	399	-37	6320	-26	7167	-32	6416	-25	7130	11.497	-4.297
213.2	NaN	592	NaN	667	0	30	363	15	6	0	403	-29	6182	-21	7153	-25	4335	-19	7108	10.989	-4.215
213.3	NaN	573	NaN	686	0	28	361	67	61	0	403	4	6123	8	7015	9	6191	20	7049	10.729	-0.944
213.4	NaN	571	NaN	556	0	33	362	55	44	0	403	26	6572	50	7332	60	6744	126	7391	11.028	6.068
213.5	NaN	597	NaN	564	0	39	358	53	45	0	404	18	6526	48	7554	42	6823	110	7593	11.199	1.638
213.6	NaN	565	NaN	540	0	41	363	55	47	0	403	19	6945	54	7721	44	6975	121	7788	11.666	2.424
213.7	NaN	576	NaN	550	0	28	362	68	59	0	405	30	7561	58	8038	68	7229	130	8159	12.113	5.379
213.8	NaN	590	NaN	584	0	21	361	72	66	0	405	32	7505	55	8215	72	7783	123	8290	12.621	2.189
213.9	NaN	601	NaN	591	0	27	364	74	66	0	404	30	9076	54	8727	66	7935	117	8377	13.186	7.295
214	NaN	578.5	NaN	570	0	28	361	86	77	0	407	45	7993	73	8829	96	10030	167	9359	13.411	3.775
214.1	NaN	583	NaN	553	0	27	360	81	73	0	404	28	8960	51	8975	59	8315	113	9147	13.889	3.718
214.2	NaN	595	NaN	566	0	20	359	79	69	0	405	29	8518	48	9234	63	8926	104	9287	14.287	4.183
214.3	NaN	585	NaN	555	0	12	359	77	68	0	405	33	8852	43	9439	71	8941	93	9475	14.692	4.256
214.4	NaN	589	NaN	548	0	22	366	77	69	0	403	29	9067	48	9658	60	9099	101	9736	15.103	2.914
214.5	NaN	557	NaN	552	0	32	361	69	57	0	406	24	9270	50	9973	51	9163	105	10067	15.405	3.506
214.6	NaN	555	NaN	555	0	25	359	61	54	0	404	25	9410	47	10184	53	9698	98	10232	15.707	0.819
214.7	NaN	578	NaN	550	0	10	362	69	61	0	405	32	9837	39	10207	64	9786	82	10316	16.072	3.916
214.8	NaN	603	NaN	559	0	-7	359	65	58	0	404	37	10028	33	10166	76	10159	68	10288	16.402	2.857
214.9	NaN	594	NaN	619	0	-9	362	38	33	0	403	17	10320	14	10135	34	10360	28	10202	16.693	0.328
215	NaN	585	NaN	629	0	-23	362	36	34	0	404	19	10372	12	10149	39	10460	25	10236	16.752	0.729
215.1	NaN	552	NaN	621	0	-34	364	35	34	0	403	21	10563	10	9893	43	10674	20	10036	16.705	-0.791
215.2	NaN	560	NaN	637	0	-36	361	35	35	0	401	20	10633	9	9708	40	10707	19	9914	16.628	-0.835
215.3	NaN	661	NaN	613	0	-33	358	41	41	0	402	33	10649	16	9926	67	10792	32	9998	16.66	2.481
215.4	NaN	595	NaN	586	0	-14	359	41	41	0	405	30	10542	21	10110	59	10678	42	10279	16.795	3.203
215.5	NaN	556	NaN	540	0	17	358	58	49	0	403	30	10235	42	10732	60	10357	81	10804	16.974	3.296
215.6	NaN	588	NaN	549	0	21	362	100	92	0	405	25	10366	39	11061	50	10387	78	11155	17.21	2.575
215.7	NaN	579	NaN	550	0	25	362	100	97	0	405	20	10517	33	11092	39	10477	64	11158	17.438	0.796
215.8	NaN	604	NaN	576	0	11	359	100	100	0	405	21	10566	25	11082	40	10693	51	11205	17.584	2.316
215.9	NaN	590	NaN	584	0	5	357	100	100	0	404	18	10645	21	11163	36	10808	41	11160	17.778	0.587
216	NaN	583	NaN	592	0	0	362	100	100	0	405	17	10835	16	10973	33	10920	32	11090	17.86	2.205
216.1	NaN	573	NaN	620	0	-6	357	100	100	0	404	12	10945	11	11061	23	10989	21	11048	17.927	-0.466
216.2	NaN	564	NaN	606	0	-11	358	100	100	0	405	11	10994	9	10907	21	11022	17	10975	17.928	-0.151
216.3	NaN	627	NaN	594	0	-11	358	100	100	0	402	16	11164	13	10869	32	11222	26	10954	17.926	0.754
216.4	NaN	568	NaN	600	0	-12	359	100	100	0	404	11	11155	9	11065	21	11204	16	10910	17.857	-2.815
216.5	NaN	612	NaN	591	0	-8	361	100	100	0	402	15	11037	13	10804	30	11109	24	10933	17.973	0.981
216.6	NaN	583	NaN	605	0	-6	356	100	100	0	404	11	11056	9	11044	20	11164	18	11002	17.893	-1.42
216.7	NaN	592	NaN	616	0	-4	359	100	100	0	402	13	10948	12	10973	27	11011	24	11006	17.882	0.015
216.8	NaN	583	NaN	602	0	-2	365	100	100	0	404	13	10943	13	10862	25	11034	24	11058	17.858	1.041
216.9	NaN	592	NaN	606	0	-2	359	78	72	0	405	13	10885	12	11011	24	10912	23	10964	17.838	-1.566
217	NaN	590	NaN	614	0	-3	358	41	35	0	402	14	10892	13	10865	28	10987	27	10950	17.887	1.158
217.1	NaN	604	NaN	545	0	-3	361	0	0	0	402	-14	10674	-16	10850	-11	10755	-11	10799	17.606	-2.925
217.2	NaN	571	NaN	663	0	1	361	0	0	0	402	-35	10320	-36	10579	-27	10259	-27	10522	17.172	-5.499
217.3	NaN	558	NaN	661	0	2	359	0	0	0	403	-50	9943	-50	10123	-40	9864	-39	10199	16.609	-5.631
217.4	NaN	556	NaN	652	0	4	360	0	0	0	402	-53	9538	-51	9855	-41	9378	-40	9779	15.963	-7.292
217.5	NaN	554	NaN	643	0	5	362	0	0	0	403	-55	9080	-52	9403	-44	8974	-41	9376	15.308	-6.655
217.6	NaN	574	NaN	664	0	8	362	12	6	0	402	-31	8690	-29	9193	-26	8697	-24	9142	14.74	-4.805
217.7	NaN	585	NaN	658	0	10	359	12	6	0	403	-32	8318	-28	8905	-26	8393	-24	8917	14.266	-3.491
217.8	NaN	600	NaN	661	0	6	362	20	15	0	402	-9	8211	-8	8694	-8	8246	-7	8671	13.903	-1.608
217.9	NaN	618	NaN	662	0	-11	362	21	15	0	403	-6	8308	-6	8354	-5	8334	-5	8397	13.699	-1.058
218	NaN	596	NaN	669	0	-36	358	0	0	0	402	-18	8431	-26	7667	-15	8426	-23	7690	13.386	-2.946
218.1	NaN	561	NaN	662	0	-45	362	1	0	0	402	-32	8221	-51	6613	-27	8265	-44	5596	12.876	-3.905
218.2	NaN	552	NaN	658	0	-53	359	1	1	0	399	-38	7891	-66	5986	-34	7920	-56	1253	12.21	-5.968
218.3	NaN	584	NaN	576	0	-54	358	13	12	0	400	-17	7565	-27	6134	-15	7613	0	327	11.6	-4.69
218.4	NaN	560	NaN	723	0	-37	360	32	32	0	401	11	7465	4	6310	29	7537	12	2241	11.229	-2.592
218.5	NaN	594	NaN	574	0	-2	361	50	42	0	402	31	7299	29	6630	71	7602	66	6933	11.194	5.562
218.6	NaN	620	NaN	576	0	14	356	49	37	0	404	21	6868	29	7300	48	6941	67	7385	11.522	3.344
218.7	NaN	602	NaN	566	0	36	358	48	37	0	406	15	6814	34	7655	35	6947	79	7704	11.704	2.152
218.8	NaN	626	NaN	552	0	52	359	26	15	0	404	-0	6538	-0	7497	0	6628	0	7581	11.72	-2.009
218.9	NaN	595	NaN	540	0	52	360	22	10	0	404	-14	6204	-8	7549	-12	5944	-7	7549	11.349	-4.188
219	NaN	623	NaN	551	0	54	362	26	19	0	405	0	6083	0	7274	-1	6039	0	7315	11.016	-3.519
219.1	NaN	616	NaN	571	0	54	357	43	34	0	404	7	6081	30	7399	16	6573	69	7574	10.868	1.576
219.2	NaN	655	NaN	621	0	64	360	37	29	0	404	3	5902	19	7049	7	6112	43	7238	10.832	-3.388
219.3	NaN	616	NaN	607	0	63	361	37	29	0	405	3	5836	20	7150	7	5942	45	7249	10.656	-0.775
219.4	NaN	638	NaN	593	0	62	357	41	33	0	405	5	5845	28	7110	10	5950	66	7215	10.555	-1.338
219.5	NaN	562	NaN	545	0	60	360	61	52	0	404	14	6102	75	7690	32	6444	173	7647	10.764	5.544
219.6	NaN	549	NaN	575	0	56	362	94	84	0	405	17	6893	76	7664	39	6912	168	7867	11.128	3.441
219.7	NaN	532	NaN	493	0	45	360	100	100	0	404	23	7558	71	7800	51	7286	165	7961	11.515	2.137
219.8	NaN	609	NaN	528	0	28	358	100	100	0	407	30	7257	58	7962	69	7611	130	8162	11.951	3.248
219.9	NaN	612	NaN	544	0	30	355	100	100	0	403	28	8732	56	8129	66	7705	127	8283	12.453	5.84
220	NaN	565	NaN	531	0	20	363	100	100	0	407	31	7642	50	8239	70	9942	112	8415	12.829	1.697
220.1	NaN	570	NaN	530	0	2	360	100	100	0	406	41	8571	43	8448	91	8399	96	8612	13.311	3.466
220.2	NaN	571	NaN	537	0	11	359	100	100	0	405	36	8431	45	8694	78	8489	100	8882	13.879	3.049
220.3	NaN	558	NaN	548	0	8	358	100	100	0	405	35	8805	42	9146	77	8722	91	9192	14.275	6.349
220.4	NaN	603	NaN	541	0	9	361	100	100	0	404	35	8915	42	9418	73	8922	88	9438	14.771	3.146
220.5	NaN	562	NaN	543	0	7	364	100	100	0	404	35	9223	40	9562	71	9316	83	9651	15.222	3.198
220.6	NaN	587	NaN	541	0	3	359	100	100	0	403	35	9506	39	9755	73	9626	79	9907	15.58	4.891
220.7	NaN	577	NaN	543	0	-1	362	100	100	0	404	37	9815	36	9941	75	9973	75	10072	16.005	3.274
220.8	NaN	584	NaN	542	0	-2	360	100	100	0	403	36	10100	35	10251	73	10100	72	10283	16.391	4.121
220.9	NaN	599	NaN	538	0	-2	361	100	100	0	405	35	10258	33	10372	71	10458	67	10469	16.752	2.503
221	NaN	630	NaN	578	1	-4	361	100	100	0	405	29	10498	27	10499	57	10604	52	10604	17.031	2.956
221.1	NaN	599	NaN	580	1	-2	363	100	100	0	404	24	10569	22	10685	47	10586	45	10733	17.285	2.455
221.2	NaN	593	NaN	587	1	-2	357	97	87	0	404	23	10632	22	10761	45	10926	42	10894	17.417	1.503
221.3	NaN	581	NaN	612	1	-2	357	94	85	0	405	21	10729	21	10853	40	10778	40	10940	17.614	4.017
221.4	NaN	641	NaN	596	1	-1	358	77	67	0	405	16	10732	16	10958	33	10883	33	10991	17.707	1.649
221.5	NaN	618	NaN	565	0	1	363	7	0	0	406	-7	10571	-6	10806	-6	10730	-7	10865	17.742	-1.27
221.6	NaN	603	NaN	641	0	1	373	0	0	0	407	-26	10665	-25	10925	-20	10357	-19	10574	17.45	-5.596
221.7	NaN	561	NaN	641	0	-1	401	0	0	0	429	-45	10165	-46	10349	-36	10081	-35	10327	16.933	-3.618
221.8	NaN	567	NaN	661	0	1	364	0	0	0	402	-51	9840	-50	10007	-40	9672	-40	9803	16.332	-7.132
221.9	NaN	561	NaN	648	0	-1	362	0	0	0	400	-53	9389	-52	9651	-42	9392	-42	9569	15.716	-5.643
222	NaN	555	NaN	638	0	0	365	0	0	0	401	-53	9080	-53	9232	-43	9010	-44	9213	15.079	-6.015
222.1	NaN	581	NaN	664	0	1	566	0	0	0	545	-55	8448	-54	8585	-46	8394	-45	8264	14.312	-9.568
222.2	NaN	572	NaN	672	0	3	667	0	0	0	628	-55	7886	-54	8022	-47	7535	-44	7701	13.306	-9.062
222.3	NaN	579	NaN	688	0	6	578	0	0	0	564	-55	7037	-52	7416	-48	7075	-45	7435	12.303	-8.454
222.4	NaN	575	NaN	654	0	11	399	0	0	0	440	-56	6543	-51	7083	-51	6642	-44	7056	11.374	-6.342
222.5	NaN	609	NaN	678	0	31	361	15	8	0	399	-28	6092	-23	6915	-25	6007	-19	6831	10.692	-5.095
222.6	NaN	628	NaN	554	0	47	366	22	13	0	403	-8	5795	-5	6819	-7	5876	-5	6812	10.42	-2.962
222.7	NaN	637	NaN	559	0	57	363	27	19	0	404	-0	5461	-0	6782	-0	5568	-0	6761	10.108	-2.757
222.8	NaN	640	NaN	561	0	58	365	29	21	0	405	0	5412	0	6653	0	5412	0	6565	9.82	-1.786
222.9	NaN	597	NaN	648	0	62	365	31	24	0	404	1	5279	6	6472	2	5249	14	6584	9.611	-1.043
223	NaN	619	NaN	645	0	61	360	41	32	0	405	4	5216	28	6478	11	5330	65	6576	9.427	-1.824
223.1	NaN	663	NaN	581	0	63	364	41	33	0	404	4	5216	27	6475	10	5247	66	6543	9.51	0.173
223.2	NaN	615	NaN	529	0	52	360	55	46	0	404	14	5437	57	6859	33	5525	133	6941	9.711	3.985
223.3	NaN	595	NaN	567	0	15	363	52	42	0	404	24	5778	40	6717	56	6439	87	6869	10.126	4.725
223.4	NaN	635	NaN	609	0	-20	363	16	15	0	404	-10	6083	-12	6075	-9	6053	-11	6133	10.077	-1.899
223.5	NaN	597	NaN	582	0	-36	361	30	30	0	403	7	6404	2	5741	20	6350	7	5778	9.892	-0.392
223.6	NaN	568	NaN	676	0	-48	359	35	33	0	403	16	6522	5	5673	39	6537	12	5709	9.818	0.114
223.7	NaN	574	NaN	613	0	-69	362	36	36	0	403	27	6600	4	5616	64	6609	8	5626	9.87	-0.92
223.8	NaN	561	NaN	623	0	-69	363	43	43	0	402	44	6845	4	5545	105	7007	10	5523	9.876	0.782
223.9	NaN	561	NaN	644	0	-71	361	46	43	0	402	46	6930	5	5497	109	7048	10	5625	10.052	2.779
224	NaN	555	NaN	643	0	-69	357	48	48	0	403	57	7134	6	5633	135	7650	15	5745	10.206	2.266
224.1	NaN	639	NaN	585	0	-50	357	67	65	0	403	80	7157	21	6107	187	7628	49	6661	10.464	5.4
224.2	NaN	624	NaN	572	0	-24	359	77	75	0	405	54	7478	29	6126	124	8224	75	7817	10.777	9.065
224.3	NaN	595	NaN	543	0	-13	359	100	100	0	403	47	7296	36	8401	108	7968	82	9177	11.157	5.93
224.4	NaN	591	NaN	543	0	-5	358	100	100	0	404	43	7458	39	7677	97	7815	90	9532	11.593	5.968
224.5	NaN	575	NaN	574	0	-5	357	100	100	0	405	45	7614	43	7790	101	7699	97	8055	12.214	4.266
224.6	NaN	590	NaN	560	0	-10	358	100	100	0	404	47	7952	39	7976	101	8072	87	8096	12.807	4.973
224.7	NaN	589	NaN	561	0	-9	363	100	100	0	403	46	8333	36	8219	100	8463	79	8339	13.351	4.565
224.8	NaN	582	NaN	549	0	-12	358	100	100	0	404	44	8627	36	8582	96	8775	78	8704	13.861	4.901
224.9	NaN	588	NaN	553	0	-10	360	100	100	0	405	43	8900	35	8946	93	9070	75	8921	14.374	5.341
225	NaN	599	NaN	544	0	-8	360	100	100	0	404	42	9179	35	9199	91	9322	74	9233	14.824	4.629
225.1	NaN	596	NaN	564	0	-6	358	100	100	0	404	40	9475	35	9479	83	9489	74	9540	15.267	3.704
225.2	NaN	575	NaN	542	0	-1	361	100	100	0	404	38	9680	36	9697	79	9792	74	9851	15.701	4.673
225.3	NaN	591	NaN	562	0	-1	359	100	100	0	404	36	9887	36	10032	74	10015	74	10121	16.104	5.794
225.4	NaN	600	NaN	546	0	-1	360	100	100	0	405	36	10082	34	10303	73	10227	69	10384	16.496	3.553
225.5	NaN	577	NaN	554	1	0	361	100	100	0	403	32	10341	32	10447	64	10412	64	10544	16.882	3.601
225.6	NaN	560	NaN	568	1	-1	359	100	100	0	404	27	10529	25	10676	53	10610	49	10771	17.113	2.262
225.7	NaN	577	NaN	576	1	-4	361	100	100	0	404	26	10569	24	10748	50	10706	48	10801	17.367	0.219
225.8	NaN	597	NaN	590	1	-1	360	100	100	0	402	20	10721	20	10759	40	10809	38	10910	17.558	3.318
225.9	NaN	602	NaN	597	1	-2	360	100	100	0	404	17	10762	16	11011	34	10892	33	10970	17.673	0.682
226	NaN	598	NaN	590	1	-4	362	100	100	0	405	16	10869	16	10957	31	10859	30	10988	17.789	0.191
226.1	NaN	571	NaN	604	1	-3	360	100	100	0	405	13	10908	12	11024	24	10957	23	11066	17.853	1.014
226.2	NaN	605	NaN	594	1	0	363	66	57	0	404	14	10869	14	11094	29	10968	28	11134	17.913	1.15
226.3	NaN	620	NaN	555	0	4	365	9	0	0	404	-7	10779	-8	11004	-5	10778	-6	11045	17.889	-1.381
226.4	NaN	589	NaN	560.2	0	8	362	0	0	0	403	-29	10342	-26	11024	-22	10438	-20	10883	17.586	-4.509
226.5	NaN	580	NaN	558.9	0	12	360	0	0	0	405	-51	9730	-44	10706	-39	9359	-34	10618	17.123	-5.532
226.6	NaN	560	NaN	557.6	0	17	365	0	0	0	404	-56	9047	-48	10315	-45	8421	-38	10311	16.533	-6.49
226.7	NaN	553	NaN	556.3	0	18	360	0	0	0	402	-60	7740	-52	10083	-48	5371	-40	9920	15.89	-6.641
226.8	NaN	589	NaN	578	0	22	362	36	29	0	403	5	8601	5	9905	7	4985	11	9898	15.108	0.097
226.9	NaN	604	NaN	624	0	22	361	35	27	0	402	10	8932	15	9713	20	6719	31	9829	14.95	1.451
227	NaN	581	NaN	593	0	9	361	37	30	0	401	6	7959	7	9401	15	8099	18	9406	14.547	0.161
227.1	NaN	630	NaN	550	0	-8	361	20	11	0	405	-7	8107	-7	9108	-6	8171	-6	9044	14.324	-1.247
227.2	NaN	617	NaN	550	0	2	366	20	12	0	404	-11	8136	-11	8812	-9	7994	-9	8690	13.983	-4.006
227.3	NaN	624	NaN	555	0	14	364	21	13	0	405	-8	7004	-6	8478	-7	7705	-6	8455	13.776	-2.699
227.4	NaN	605	NaN	533	0	24	359	20	10	0	404	-16	7547	-12	8512	-13	7665	-10	8496	13.416	-4.264
227.5	NaN	627	NaN	555	0	28	366	22	14	0	404	-6	7373	-4	8417	-4	7601	-4	8409	13.149	-2.29
227.6	NaN	627	NaN	552	0	27	361	24	16	0	404	-7	7365	-5	8269	-6	6701	-4	8282	12.857	-3.133
227.7	NaN	624	NaN	553	0	29	359	26	20	0	404	0	7039	0	8085	0	7264	0	8200	12.668	-1.389
227.8	NaN	630	NaN	552	0	31	358	29	18	0	404	0	7110	1	8071	1	7136	2	8076	12.485	-2.617
227.9	NaN	627	NaN	554	0	37	361	27	18	0	404	-0	6873	-0	7869	-0	6982	-0	7947	12.271	-1.693
228	NaN	629	NaN	554	0	40	362	26	17	0	405	-0	6754	-0	7840	-0	6626	-0	7885	11.997	-2.313
228.1	NaN	627	NaN	556	0	50	361	26	19	0	404	-0	6452	-1	7583	-1	6523	-0	7672	11.712	-3.673
228.2	NaN	633	NaN	555	0	54	361	26	19	0	404	0	6298	0	7428	0	6377	0	7524	11.405	-1.425
228.3	NaN	593	NaN	618	0	54	363	34	27	0	403	2	6215	9	7267	5	6086	26	7413	11.114	-2.855
228.4	NaN	629	NaN	636	0	52	359	34	27	0	404	3	6045	12	7156	7	6142	28	7280	10.979	-1.715
228.5	NaN	608	NaN	596	0	50	364	41	34	0	402	6	6030	23	7253	15	6241	58	7290	10.811	-1.799
228.6	NaN	636	NaN	587	0	49	361	41	34	0	404	7	6124	27	7206	17	6137	63	7263	10.878	0.495
228.7	NaN	627	NaN	580	0	49	365	42	35	0	404	8	6099	28	7316	19	6209	66	7333	10.87	-0.523
228.8	NaN	603	NaN	587	0	48	357	42	35	0	404	9	6184	29	7226	20	6271	65	7325	10.966	-1.264
228.9	NaN	584	NaN	542	0	46	362	51	45	0	404	14	6420	44	7453	34	6665	103	7510	11.07	1.781
229	NaN	566	NaN	531	0	40	359	82	74	0	405	24	7152	66	7691	54	7346	157	7795	11.489	2.885
229.1	NaN	565	NaN	569	0	20	361	100	100	0	404	35	7312	53	7866	79	7403	122	7955	11.94	3.796
229.2	NaN	601	NaN	522	0	5	360	100	100	0	404	40	7592	47	7958	91	7688	101	8003	12.507	4.169
229.3	NaN	575	NaN	543	0	-2	359	100	100	0	405	44	7984	41	8151	97	8108	91	8225	13.028	4.839
229.4	NaN	583	NaN	545	0	1	362	100	100	0	404	41	8298	42	8433	89	8422	91	8513	13.54	4.493
229.5	NaN	575	NaN	549	0	0	359	100	100	0	403	39	8617	41	8718	84	8710	88	8842	14.02	4.576
229.6	NaN	569	NaN	547	0	-0	357	100	100	0	405	39	8896	39	8956	83	9012	83	9128	14.472	4.377
229.7	NaN	581	NaN	543	1	-1	358	100	100	0	404	37	9144	40	9275	80	9252	82	9376	14.883	4.36
229.8	NaN	580	NaN	548	1	1	363	100	100	0	404	38	9359	37	9564	78	9440	79	9614	15.32	4.114
229.9	NaN	584	NaN	554	1	-4	358	100	100	0	402	37	9610	36	9770	76	9676	75	9806	15.697	4.299
230	NaN	577	NaN	549	1	-4	361	100	100	0	405	38	9894	35	9957	77	10065	71	10083	16.054	2.792
230.1	NaN	581	NaN	551	1	-5	361	100	100	0	405	37	10170	34	10157	75	10286	69	10274	16.465	3.588
230.2	NaN	651	NaN	574	1	-5	363	100	100	0	405	32	10317	29	10399	63	10370	58	10429	16.849	3.593
230.3	NaN	582	NaN	600	1	-8	357	100	100	0	406	29	10538	25	10498	58	10707	49	10624	17.08	2.239
230.4	NaN	661	NaN	572	1	-6	360	100	100	0	405	25	10672	23	10615	49	10760	44	10715	17.35	2.557
230.5	NaN	590	NaN	551.6363636	1	-7	359	100	97	0	404	18	10728	15	10732	35	10779	29	10750	17.49	1.23
230.6	NaN	571	NaN	553.2727273	1	-8	358	100	100	0	403	19	10839	16	10782	36	10895	32	10909	17.592	0.169
230.7	NaN	576	NaN	554.9090909	1	-6	361	100	100	0	404	16	10851	15	10875	31	10879	28	10901	17.738	0.432
230.8	NaN	592	NaN	556.5454545	1	-5	356	100	100	0	404	14	10869	13	10961	28	11008	27	10973	17.733	-0.176
230.9	NaN	570	NaN	558.1818182	1	-4	360	100	100	0	405	13	10934	12	10899	26	10995	24	10965	17.815	0.523
231	NaN	572	NaN	559.8181818	1	-3	362	100	100	0	402	13	10848	11	11042	25	10905	23	10991	17.861	-0.252
231.1	NaN	581	NaN	561.4545455	1	-4	357	100	100	0	406	13	10963	12	10942	25	11012	23	11041	17.881	0.097
231.2	NaN	565	NaN	563.0909091	1	-2	361	100	100	0	402	10	10947	9	11080	19	10944	19	11038	17.922	-0.696
231.3	NaN	580	NaN	564.7272727	1	-4	359	100	100	0	401	12	10930	11	11025	26	11047	24	11091	17.92	-0.415
231.4	NaN	574	NaN	566.3636364	1	-6	357	100	100	0	404	11	11036	10	11004	21	11051	19	11038	17.949	-1.056
231.5	NaN	565	NaN	613	1	-6	359	100	100	0	402	11	10904	11	11018	22	11018	21	11067	17.946	0.506
231.6	NaN	575	NaN	654	1	-5	358	100	100	0	404	11	11042	10	10996	19	11057	18	11029	17.938	0.165
231.7	NaN	567	NaN	641	1	-4	361	100	100	0	403	9	10928	8	11073	18	10914	17	11025	17.948	-0.223
231.8	NaN	592	NaN	693	0	-3	361	52	45	0	402	13	10958	12	10991	25	11082	24	11080	17.941	1.223
231.9	NaN	609	NaN	542	0	-4	359	0	0	0	403	-16	10809	-17	10901	-12	10807	-12	10816	17.759	-2.624
232	NaN	577	NaN	694	0	-4	359	0	0	0	402	-35	10504	-38	10629	-27	10453	-27	10526	17.383	-5.874
232.1	NaN	558	NaN	647	0	-3	361	5	1	0	402	-48	10250	-51	10196	-37	10145	-38	10165	16.837	-6.201
232.2	NaN	614	NaN	549	0	-5	363	27	22	0	403	-1	10133	0	10153	0	10254	0	10197	16.537	0.009
232.3	NaN	614	NaN	549	0	-4	360	28	25	0	403	1	9987	1	10057	2	9951	1	9936	16.41	-2.846
232.4	NaN	564	NaN	633	0	11	363	33	26	0	403	7	9795	8	10087	13	9941	15	10182	16.338	0.159
232.5	NaN	580.375	NaN	535	0	14	363	52	42	0	403	32	9977	40	10498	63	10179	80	10557	16.357	3.647
232.6	NaN	585.25	NaN	563	0	28	358	54	46	0	404	23	9934	45	10646	47	10002	91	10701	16.589	1.055
232.7	NaN	590.125	NaN	559	0	33	359	54	44	0	404	25	10084	51	10768	49	10152	101	10933	16.757	1.359
232.8	NaN	573	NaN	551	0	17	360	55	48	0	404	30	10156	46	10969	63	10258	92	11045	16.9	3.42
232.9	NaN	564	NaN	568	0	0	363	56	52	0	403	27	10412	28	10734	54	10431	53	10916	17.159	3.259
233	NaN	571	NaN	557	0	-9	360	57	53	0	402	25	10670	21	10645	47	10805	41	10732	17.388	1.979
233.1	NaN	611	NaN	568	0	-18	357	48	46	0	403	22	10882	16	10672	43	10933	31	10696	17.505	1.192
233.2	NaN	574	NaN	641	0	-18	358	40	39	0	403	26	10948	18	10607	51	11060	34	10728	17.589	1.122
233.3	NaN	553	NaN	605	0	-14	358	32	33	0	402	12	11002	9	10664	23	11069	18	10668	17.556	-0.844
233.4	NaN	612	NaN	570.1666667	0	-13	362	22	15	0	403	-1	10803	-1	10618	-2	10724	-1	10610	17.556	-1.858
233.5	NaN	596	NaN	572.3333333	0	-14	358	0	0	0	402	-18	10641	-21	10356	-14	10672	-16	10400	17.225	-3.84
233.6	NaN	563	NaN	574.5	0	-14	444	0	0	0	460	-36	10326	-42	9950	-28	10329	-33	9883	16.788	-6.074
233.7	NaN	552	NaN	576.6666667	0	-13	466	0	0	0	472	-48	9847	-54	9327	-38	9843	-42	9502	16.068	-6.031
233.8	NaN	554	NaN	578.8333333	0	-14	477	0	0	0	485	-50	9398	-58	9025	-41	9229	-47	8493	15.268	-8.836
233.9	NaN	626	NaN	581	0	-14	476	0	0	0	503	-52	8848	-58	8502	-43	8839	-48	8142	14.461	-7.902
234	NaN	594	NaN	583.1666667	0	-20	475	0	0	0	504	-48	8480	-60	7803	-41	8432	-50	6624	13.597	-7.532
234.1	NaN	626	NaN	585.3333333	0	-32	376	6	7	0	410	-42	8140	-55	6984	-36	8108	-49	6348	12.794	-6.65
234.2	NaN	610	NaN	587.5	0	-42	358	13	14	0	402	-16	7923	-24	6684	-14	7978	-21	6510	12.257	-2.827
234.3	NaN	615	NaN	589.6666667	0	-57	359	30	30	0	400	2	7703	1	6715	6	7781	1	6749	11.899	-2.826
234.4	NaN	559	NaN	591.8333333	0	-54	362	36	36	0	400	22	7701	5	6708	49	7769	11	6808	11.822	-1.2
234.5	NaN	600	NaN	619	0	-56	360	57	57	0	403	70	8357	15	6971	156	8415	37	7479	11.931	4.958
234.6	NaN	620	NaN	603	0	-55	357	52	52	0	403	63	8228	15	7319	144	8510	34	7747	12.249	3.759
234.7	NaN	601	NaN	592	0	-38	365	49	48	0	404	45	8245	17	7437	101	8437	40	7929	12.512	2.487
234.8	NaN	592	NaN	626	0	-42	361	41	40	0	403	31	8360	11	7364	70	8455	25	7684	12.735	3.889
234.9	NaN	613	NaN	627	0	-48	359	46	42	0	402	48	8599	14	7542	105	8849	32	7772	12.952	4.023
235	NaN	618	NaN	571	0	-39	363	62	64	0	404	58	8602	21	7759	126	8953	49	9035	13.055	5.03
235.1	NaN	623	NaN	602	0	-38	357	46	42	0	404	33	8504	13	8386	73	8779	28	7988	13.359	3.601
235.2	NaN	641	NaN	611	0	-11	360	40	38	0	402	23	8595	17	8048	49	8782	37	8212	13.607	3.884
235.3	NaN	616	NaN	624	0	-7	358	42	35	0	404	21	8472	19	8463	45	8607	41	8536	13.812	1.51
235.4	NaN	590	NaN	596	0	-5	362	31	23	0	405	5	8433	4	8556	11	8537	10	8525	13.947	0.21
235.5	NaN	617	NaN	549	0	-6	364	21	13	0	404	-7	8365	-8	8392	-6	8469	-7	8445	13.794	-0.651
235.6	NaN	596	NaN	645	0	-8	362	18	12	0	402	-18	8347	-19	8271	-16	8351	-17	8101	13.5	-3.243
235.7	NaN	612	NaN	548	0	-23	359	21	14	0	402	-6	8178	-8	7957	-6	8234	-7	8025	13.266	-0.955
235.8	NaN	622	NaN	549	0	-33	362	19	17	0	402	-4	8285	-6	7622	-4	8181	-5	7603	13.016	-3.026
235.9	NaN	626	NaN	551	0	-39	359	22	17	0	401	-3	8104	-4	7381	-3	8065	-4	7392	12.768	-2.175
236	NaN	605	NaN	612	0	-41	358	45	41	0	402	37	8310	14	7434	84	8317	32	7556	12.716	3.454
236.1	NaN	608	NaN	561	0	-39	361	58	59	0	402	62	8577	24	7557	140	8796	54	8722	12.798	1.433
236.2	NaN	628	NaN	551	0	-52	359	30	20	0	403	-1	8142	-0	7635	-1	8357	-1	7524	13.093	-1.063
236.3	NaN	626	NaN	550	0	-42	363	26	25	0	403	-0	8308	-0	7334	0	8276	0	7176	12.737	-2.736
236.4	NaN	626	NaN	550	0	-46	361	26	22	0	400	0	8060	0	7082	0	8080	0	7163	12.513	-1.967
236.5	NaN	571	NaN	599	0	-41	361	33	34	0	401	15	8170	5	7024	34	8195	11	7038	12.248	-1.709
236.6	NaN	571	NaN	650	0	-41	356	38	35	0	403	24	8032	9	7031	53	8125	20	7454	12.282	0.884
236.7	NaN	581	NaN	625	0	-40	358	38	35	0	403	24	7961	9	7119	54	8066	21	7333	12.365	0.496
236.8	NaN	572	NaN	625	0	-40	360	37	34	0	402	23	8074	8	7113	52	8143	17	7179	12.376	2.036
236.9	NaN	564	NaN	589	0	-54	360	34	31	0	403	16	7940	4	7029	37	8069	9	7130	12.423	-1.14
237	NaN	562	NaN	636	0	-57	356	41	39	0	402	34	8137	8	7020	74	8286	18	7139	12.329	-0.322
237.1	NaN	554	NaN	633	0	-57	357	36	32	0	402	28	8031	6	7041	61	8210	14	7248	12.463	1.176
237.2	NaN	567	NaN	615	0	-37	359	43	42	0	401	13	8017	5	6942	30	8109	10	7196	12.283	-1.443
237.3	NaN	585	NaN	631	0	-14	360	38	27	0	402	16	7824	11	7384	37	7965	25	7371	12.393	2.734
237.4	NaN	625	NaN	550	0	1	359	31	23	0	404	0	7432	0	7593	0	7470	1	7482	12.332	-1.991
237.5	NaN	617	NaN	622	0	26	361	37	29	0	405	9	7212	14	7800	19	7349	31	7788	12.317	0.586
237.6	NaN	643	NaN	615	0	44	362	38	30	0	404	6	7063	19	7996	14	7192	42	8013	12.33	-1.624
237.7	NaN	623	NaN	602	0	44	363	39	30	0	403	7	6966	19	8074	15	7065	45	8140	12.291	-0.036
237.8	NaN	591	NaN	547	0	44	359	46	38	0	404	13	7020	36	8195	29	7366	82	8349	12.333	1.082
237.9	NaN	608	NaN	548	0	46	362	47	39	0	404	12	7478	38	8244	28	7745	85	8379	12.439	2.101
238	NaN	600	NaN	564	0	44	364	47	39	0	404	13	7399	38	8252	29	7811	87	8411	12.555	1.117
238.1	NaN	593	NaN	570	0	37	361	47	40	0	405	15	7437	38	8321	35	7694	83	8432	12.674	1.4
238.2	NaN	586	NaN	572	0	-5	363	48	41	0	405	28	7686	27	8213	64	8006	61	8370	12.913	3.754
238.3	NaN	592	NaN	613	0	-30	359	46	44	0	402	40	8429	20	7885	87	8506	44	7961	13.243	2.858
238.4	NaN	604	NaN	609	0	-36	362	45	47	0	402	43	8727	19	7967	93	8818	40	8085	13.456	2.63
238.5	NaN	593	NaN	645	0	-46	359	47	45	0	402	46	8840	15	8119	101	8951	33	8235	13.778	2.461
238.6	NaN	624	NaN	624	0	-45	360	90	91	0	400	57	9230	20	8252	125	9333	43	8424	14.012	4.666
238.7	NaN	611	NaN	598	0	-41	360	100	97	0	400	55	9276	21	9173	119	9497	44	8772	14.375	5.319
238.8	NaN	588	NaN	570	0	-24	359	100	100	0	402	49	9477	27	8859	105	9662	56	9362	14.692	4.394
238.9	NaN	585	NaN	560	0	-15	357	100	100	0	403	44	9540	32	9333	91	9655	66	9415	15.138	5.091
239	NaN	584	NaN	551	0	-13	357	100	100	0	404	42	9683	33	9595	86	9776	69	9603	15.566	4.563
239.1	NaN	591	NaN	573	0	-13	359	100	100	0	403	42	9873	31	9755	85	9987	65	9858	15.972	3.802
239.2	NaN	608	NaN	555	0	-9	362	100	100	0	404	40	10181	33	9964	81	10286	67	10097	16.389	4.624
239.3	NaN	610	NaN	559	0	-4	360	100	100	0	403	35	10379	32	10341	72	10489	63	10413	16.749	3.658
239.4	NaN	568	NaN	561	0	0	358	100	100	0	405	30	10347	31	10605	60	10417	63	10683	17.07	1.748
239.5	NaN	638	NaN	579	0	5	361	100	100	0	404	26	10513	29	10732	52	10635	55	10860	17.316	2.817
239.6	NaN	601	NaN	604	0	5	362	100	100	0	404	21	10604	23	11006	40	10679	46	11005	17.548	2.05
239.7	NaN	595	NaN	606	0	4	362	100	100	0	402	20	10649	23	11036	41	10762	44	11099	17.7	0.425
239.8	NaN	593	NaN	628	1	5	363	100	100	0	403	17	10766	19	11140	32	10839	36	11218	17.821	1.845
239.9	NaN	596	NaN	631	1	4	359	100	100	0	404	15	10774	15	11168	30	10809	32	11225	17.906	0.238
240	NaN	611	NaN	644	1	2	361	100	100	0	404	16	10810	18	11168	30	10961	33	11276	17.972	0.621
240.1	NaN	575	NaN	649	1	1	357	100	100	0	404	13	10889	13	11232	24	10982	24	11245	18.023	1.108
240.2	NaN	586	NaN	621	1	1	359	100	100	0	404	12	10876	13	11164	25	10975	25	11256	18.032	0.314
240.3	NaN	589	NaN	652	1	-1	359	100	100	0	404	12	10947	13	11270	23	11035	24	11220	18.112	1.413
240.4	NaN	564	NaN	624	1	0	362	100	100	0	403	9	10936	9	11196	17	10964	17	11231	18.1	0.044
240.5	NaN	572	NaN	635	1	-4	358	100	100	0	405	11	10983	11	11266	23	11098	22	11238	18.106	1.398
240.6	NaN	574	NaN	630	1	-4	358	100	100	0	405	8	11050	7	11132	14	11042	13	11179	18.129	-0.473
240.7	NaN	563	NaN	604	1	-5	358	100	100	0	403	9	10990	8	11193	20	11120	18	11248	18.077	-0.343
240.8	NaN	572	NaN	629	1	-4	360	100	100	0	403	8	11076	7	11157	15	11108	13	11156	18.085	-0.084
240.9	NaN	565	NaN	604	1	-6	360	100	100	0	403	8	10986	6	11080	16	11056	13	11146	18.081	-0.406
241	NaN	559	NaN	630	1	-6	358	100	100	0	404	10	11054	9	11155	19	11139	17	11124	18.058	1.416
241.1	NaN	580	NaN	566	1	-7	359	100	100	0	406	6	11045	5	11063	12	11012	11	11079	18.041	-0.894
241.2	NaN	561	NaN	610	1	-6	363	100	100	0	402	10	11011	9	11144	20	11122	19	11104	18.036	0.976
241.3	NaN	576	NaN	609	1	-5	364	100	100	0	405	7	11089	7	11054	12	11071	11	11078	18.032	-0.837
241.4	NaN	561	NaN	601	1	-8	358	100	100	0	405	9	11005	8	11099	20	11099	16	11136	18.015	-1.097
241.5	NaN	559	NaN	615	1	-4	362	100	100	0	403	9	11076	8	11087	16	11127	15	11100	18.032	-0.359
241.6	NaN	573	NaN	608	1	-4	359	100	100	0	403	8	11007	7	11039	17	11037	15	11117	18.026	-0.546
241.7	NaN	560	NaN	594	1	-6	359	100	100	0	404	10	11051	9	11178	19	11106	18	11122	18.023	0.622
241.8	NaN	571	NaN	600	1	-4	362	100	100	0	405	7	11044	7	11048	13	10989	12	11085	18.027	0.229
241.9	NaN	566	NaN	610	1	-4	358	100	100	0	403	10	10982	9	11195	21	11090	20	11148	18.021	0.205
242	NaN	568	NaN	636	1	-3	359	100	100	0	405	9	11033	9	11106	17	11065	16	11145	18.032	0.102
242.1	NaN	560	NaN	593	1	-1	359	100	100	0	404	10	10981	9	11179	22	11046	20	11236	18.041	-0.632
242.2	NaN	563	NaN	618	1	-1	363	100	100	0	402	11	11048	11	11167	20	11088	20	11173	18.07	0.164
242.3	NaN	568	NaN	602	1	-4	362	100	100	0	403	7	11021	7	11095	14	11011	13	11193	18.072	-0.321
242.4	NaN	573	NaN	608	1	-7	357	100	100	0	404	10	11063	9	11202	19	11109	17	11148	18.069	0.632
242.5	NaN	578	NaN	592	1	-5	362	100	100	0	406	6	11107	6	11030	12	11078	11	11066	18.076	0.158
242.6	NaN	563	NaN	598	1	-9	363	100	100	0	406	10	11017	8	11135	20	11160	17	11101	18.047	1.417
242.7	NaN	566	NaN	660	1	-9	357	100	100	0	404	9	11170	7	11006	17	11208	14	11046	18.031	-0.188
242.8	NaN	565	NaN	608	0	-9	363	100	100	0	402	10	11103	8	11067	20	11173	16	11090	18.016	-1.409
242.9	NaN	571	NaN	615	0	-12	357	100	100	0	401	9	11154	7	11015	16	11185	13	11012	18.073	-1.284
243	NaN	552	NaN	607	0	-8	361	100	100	0	404	11	11150	9	10968	24	11169	20	11088	18.062	0.965
243.1	NaN	563	NaN	621	0	-10	361	100	100	0	405	9	11122	7	11095	16	11195	13	11027	18.083	1.39
243.2	NaN	558	NaN	599	0	-9	362	100	100	0	402	9	11179	8	10982	19	11127	16	11025	18.067	0.522
243.3	NaN	558	NaN	618	0	-11	356	100	100	0	403	11	11123	9	11053	22	11219	17	11065	18.07	1.088
243.4	NaN	564	NaN	600	0	-10	358	100	100	0	402	8	11176	7	11009	16	11196	14	11051	18.046	-0.852
243.5	NaN	554	NaN	619	0	-9	357	100	100	0	402	10	11057	9	10984	21	11144	18	11088	18.039	-0.394
243.6	NaN	559	NaN	624	0	-6	356	100	100	0	403	9	11060	8	11098	18	11127	15	11098	18.021	-0.803
243.7	NaN	554	NaN	603	0	-3	364	100	100	0	403	8	11003	7	10985	17	11024	15	11092	17.984	0.27
243.8	NaN	563	NaN	617	0	-4	360	100	100	0	404	12	10970	11	11107	23	11074	22	11084	17.979	0.786
243.9	NaN	554	NaN	601	0	-3	362	100	100	0	404	10	10977	10	11017	19	10969	19	11069	17.965	0.49
244	NaN	559	NaN	615	1	-1	361	100	100	0	405	12	10907	11	11125	25	11042	24	11142	17.962	0.421
244.1	NaN	584	NaN	600	1	-2	358	100	100	0	405	13	10918	13	11110	24	11019	23	11166	17.995	0.372
244.2	NaN	559	NaN	600	1	0	362	100	100	0	404	11	10929	11	11128	22	10991	22	11224	17.993	-0.602
244.3	NaN	593	NaN	557	0	-1	361	0	0	0	404	-6	10833	-5	11134	-6	10910	-6	11057	18.032	-2.515
244.4	NaN	583	NaN	615	0	-2	359	0	0	0	405	-25	10728	-25	10849	-18	10674	-19	10888	17.721	-3.446
244.5	NaN	555	NaN	687	0	-2	358	0	0	0	402	-44	10327	-45	10543	-34	10396	-34	10526	17.281	-3.672
244.6	NaN	541	NaN	647	0	-4	359	0	0	0	402	-50	10029	-52	10154	-38	9944	-39	9953	16.72	-7.025
244.7	NaN	546	NaN	634	0	-5	362	0	0	0	402	-50	9767	-53	9703	-39	9519	-42	9660	16.116	-6.972
244.8	NaN	548	NaN	648	0	-3	375	0	0	0	409	-52	9326	-54	9379	-42	9338	-43	9112	15.467	-4.879
244.9	NaN	554	NaN	628	0	-2	553	0	0	0	553	-54	8789	-56	8867	-44	8593	-45	8514	14.772	-8.353
245	NaN	548	NaN	639	0	3	679	0	0	0	630	-55	7896	-54	8209	-47	7800	-45	8194	13.75	-8.872
245.1	NaN	569	NaN	738	0	6	605	0	0	0	559	-56	7382	-54	7961	-48	6867	-45	7671	12.656	-8.461
245.2	NaN	566	NaN	666	0	17	385	4	0	0	424	-52	6650	-45	7362	-45	6722	-40	7408	11.739	-10.935
245.3	NaN	595	NaN	665	0	29	362	14	6	0	400	-37	6252	-29	7185	-31	6222	-25	7091	11.146	-7.64
245.4	NaN	621	NaN	554	0	39	365	21	13	0	402	-9	6011	-6	7108	-8	5744	-5	7067	10.786	-3.042
245.5	NaN	629	NaN	580	0	48	360	41	33	0	403	7	5909	25	7064	17	5963	60	7127	10.533	0.138
245.6	NaN	610	NaN	629	0	57	366	38	28	0	406	5	5941	22	7100	11	5969	49	7164	10.517	0.513
245.7	NaN	638	NaN	618	0	70	361	37	29	0	404	1	5681	13	6820	3	5780	38	6985	10.346	-3.255
245.8	NaN	615	NaN	584	0	74	364	42	33	0	404	2	5593	31	7028	6	5749	74	7194	10.256	0.251
245.9	NaN	619	NaN	582	0	75	362	46	38	0	406	3	5470	39	6943	7	5751	93	7095	10.286	0.157
246	NaN	597	NaN	548	0	78	360	50	39	0	404	3	5480	52	7386	8	5713	120	7429	10.328	4.438
246.1	NaN	584.55	NaN	561	0	79	362	44	34	0	404	2	5353	37	6910	4	5688	86	7405	10.368	0.221
246.2	NaN	585.6	NaN	611	0	79	362	39	29	0	405	1	5096	24	6789	3	5474	56	7195	10.083	0.955
246.3	NaN	586.65	NaN	625	0	79	362	39	29	0	403	1	4920	23	6433	3	5348	53	6943	9.758	-3.341
246.4	NaN	587.7	NaN	616	0	75	363	39	30	0	403	1	4686	23	6362	4	5137	56	6811	9.469	2.95
246.5	NaN	588.75	NaN	570	0	66	360	61	52	0	405	9	4759	72	6314	22	5641	174	7204	9.256	-0.243
246.6	NaN	589.8	NaN	561	0	53	359	67	57	0	404	20	5640	80	6864	48	6510	196	7396	9.353	4.101
246.7	NaN	590.85	NaN	587	0	54	365	64	54	0	404	17	7074	76	6784	41	6644	182	7569	9.542	3.214
246.8	NaN	591.9	NaN	540	0	43	359	64	56	0	405	24	6660	72	6800	57	6884	172	7396	9.679	4.263
246.9	NaN	592.95	NaN	540	0	32	360	62	53	0	404	27	7484	62	7067	63	7028	145	7806	9.903	8.335
247	NaN	606	NaN	542	0	3	360	86	79	0	405	40	10212	42	6770	94	8771	99	7379	10.031	7.791
247.1	NaN	594	NaN	548	0	2	359	100	99	0	405	39	11131	39	6755	90	10268	91	7068	10.312	3.995
247.2	NaN	586	NaN	542	0	19	360	100	100	0	406	31	11247	49	6884	71	9820	114	7079	10.709	3.291
247.3	NaN	574	NaN	526	0	22	360	100	100	0	407	30	11677	50	7054	70	8144	117	7148	11.258	8.255
247.4	NaN	581	NaN	565	0	15	358	100	100	0	407	37	7108	53	7553	86	7246	121	7701	11.897	4.211
247.5	NaN	576	NaN	539	0	17	357	100	100	0	407	36	7398	53	7957	79	7508	118	8071	12.448	3.444
247.6	NaN	570	NaN	546	0	18	357	100	100	0	406	33	7694	51	8326	74	7826	114	8451	12.946	4.893
247.7	NaN	579	NaN	536	0	15	358	100	100	0	405	34	8025	48	8602	75	8135	108	8711	13.481	3.827
247.8	NaN	582	NaN	571	0	8	358	100	100	0	405	37	8325	44	8870	79	8417	96	8960	13.966	5.439
247.9	NaN	595	NaN	564	0	-1	362	93	84	0	406	40	8728	39	9032	85	8782	85	9094	14.416	5.543
248	NaN	626	NaN	552	0	-8	360	0	0	0	405	-5	8785	-5	8921	-5	8861	-6	8951	14.671	-2.696
248.1	NaN	601	NaN	684	0	-13	363	0	0	0	403	-22	8715	-26	8555	-19	8722	-21	8488	14.298	-4.595
248.2	NaN	570	NaN	646	0	-21	358	0	0	0	403	-38	8528	-49	8082	-33	8490	-39	8019	13.771	-5.439
248.3	NaN	615	NaN	673	0	-29	359	12	13	0	403	-17	8350	-23	7735	-15	8334	-19	7720	13.236	-3.97
248.4	NaN	627	NaN	550	0	-29	359	17	17	0	403	-7	8159	-9	7532	-6	8198	-8	7546	12.866	-2.469
248.5	NaN	594	NaN	562	0	-27	361	30	28	0	400	5	8094	3	7486	12	8105	6	7457	12.63	-2.423
248.6	NaN	581	NaN	647	0	-40	360	30	29	0	403	10	8021	4	7347	23	8069	9	7377	12.555	-1.518
248.7	NaN	627	NaN	549	0	-47	361	25	24	0	401	1	7970	0	7142	4	8001	1	7082	12.355	-3.717
248.8	NaN	624	NaN	556	0	-45	365	22	19	0	402	-0	7922	-0	6893	-0	7906	-0	6847	12.088	-3.211
248.9	NaN	640	NaN	556.3	0	-49	357	12	8	0	402	-13	7670	-22	6269	-11	7704	-18	6333	11.789	-2.776
249	NaN	615	NaN	561.6	0	-56	363	11	9	0	400	-19	7459	-34	5851	-17	7452	-29	5124	11.235	-4.703
249.1	NaN	643	NaN	566.9	0	-62	363	20	20	0	399	-7	7208	-7	5801	-6	7177	-10	5008	10.695	-4.175
249.2	NaN	655	NaN	572.2	0	-57	362	45	44	0	401	44	7412	9	5855	103	8022	22	5956	10.587	1.002
249.3	NaN	650	NaN	572	0	-44	361	62	62	0	402	69	7441	22	6683	158	7761	52	7767	10.816	5.189
249.4	NaN	621	NaN	551	0	-34	360	28	25	0	405	0	7251	0	6069	0	7325	0	6211	11.066	-2.12
249.5	NaN	625	NaN	569	0	-17	357	55	54	0	403	48	7528	32	6593	110	8281	77	9325	11.246	6.162
249.6	NaN	583	NaN	577	0	-28	362	57	56	0	401	42	7344	27	6790	114	7429	51	6949	11.263	1.6
249.7	NaN	586	NaN	574	0	-33	360	17	12	0	405	5	7610	1	7201	5	7427	7	7027	11.847	2.148
249.8	NaN	616	NaN	565.8857143	0	-16	356	17	11	0	402	-17	7308	-19	6846	-15	7149	-18	6417	11.564	-2.582
249.9	NaN	609	NaN	563.8214286	0	11	362	20	10	0	403	-15	6705	-14	6958	-13	6842	-12	6991	11.326	-2.151
250	NaN	619	NaN	561.7571429	0	19	361	41	32	0	404	13	6589	19	7246	29	6652	43	7245	11.2	0.949
250.1	NaN	631	NaN	559.6928571	0	44	359	41	30	0	405	8	6506	22	7323	18	6563	51	7324	11.264	0.228
250.2	NaN	624	NaN	557.6285714	0	56	362	41	30	0	404	5	6398	24	7528	12	6424	57	7520	11.198	-0.868
250.3	NaN	625	NaN	555.5642857	0	52	359	41	30	0	404	6	6310	23	7572	13	6433	54	7587	11.209	0.935
250.4	NaN	598	NaN	552	0	52	359	52	43	0	405	12	6443	50	7645	29	6955	114	7671	11.224	2.41
250.5	NaN	579	NaN	551	0	51	358	56	47	0	404	16	6780	61	7906	36	7188	138	7913	11.411	3.274
250.6	NaN	571	NaN	578	0	56	359	55	45	0	403	13	6765	58	7912	31	6943	133	8016	11.695	1.134
250.7	NaN	638	NaN	631	0	53	359	37	27	0	403	6	6718	18	8034	12	6894	52	7854	11.96	1.63
250.8	NaN	608	NaN	625	0	51	362	42	33	0	404	3	6536	11	7563	7	6950	25	7631	11.674	-3.31
250.9	NaN	628	NaN	596	0	52	364	42	34	0	405	6	6446	25	7652	14	7443	51	7789	11.477	-0.774
251	NaN	554	NaN	536	0	50	359	56	47	0	405	16	6746	60	7738	37	7110	133	7812	11.547	2.169
251.1	NaN	538	NaN	539	0	51	362	56	47	0	407	16	6969	60	8065	36	7196	135	8058	11.779	4.26
251.2	NaN	575	NaN	528	0	49	358	56	47	0	406	16	7209	58	8103	37	7321	134	8199	12.062	3.139
251.3	NaN	564	NaN	547	0	46	360	56	48	0	404	18	7542	57	8325	41	7527	131	8378	12.365	3.838
251.4	NaN	538	NaN	571	0	42	364	58	49	0	404	21	7676	60	8413	48	7760	136	8488	12.695	2.336
251.5	NaN	562	NaN	535	0	28	358	59	52	0	405	28	8098	55	8620	62	8046	120	8665	13.068	4.427
251.6	NaN	593	NaN	538	0	17	359	67	60	0	405	32	8306	50	8685	71	8427	107	8792	13.508	4.162
251.7	NaN	590	NaN	544	0	-5	363	77	72	0	405	42	8562	39	8681	91	8679	82	8840	14.016	4.55
251.8	NaN	570	NaN	545	0	-13	362	64	59	0	402	45	9010	35	8786	94	9046	74	8982	14.467	4.453
251.9	NaN	593	NaN	555	0	-25	359	57	53	0	404	47	9362	28	8952	100	9359	60	9191	14.84	3.964
252	NaN	633	NaN	574	0	-40	359	54	52	0	403	53	9697	22	9115	111	9777	45	9230	15.176	2.871
252.1	NaN	579	NaN	583	0	-43	363	54	54	0	403	53	10000	20	9357	111	10136	41	9384	15.413	3.887
252.2	NaN	584	NaN	599	0	-43	361	54	53	0	403	53	10142	19	9507	109	10260	40	9664	15.638	1.975
252.3	NaN	578	NaN	563	0	-38	361	54	52	0	402	50	10245	21	9830	102	10288	44	9652	15.87	3.619
252.4	NaN	615	NaN	578	0	-35	357	54	52	0	404	49	10345	22	9638	100	10527	45	9955	16.06	2.378
252.5	NaN	580	NaN	575	0	-33	357	54	52	0	404	47	10398	23	10181	97	10511	47	9995	16.341	3.487
252.6	NaN	567	NaN	554	0	-24	361	54	52	0	404	44	10538	27	10418	89	10633	54	10081	16.561	2.31
252.7	NaN	579	NaN	579	0	-4	360	43	34	0	403	26	10448	22	10233	51	10632	42	10323	16.886	2.585
252.8	NaN	621	NaN	564	0	17	363	55	45	0	405	29	10195	39	10779	54	10285	83	10808	16.935	2.449
252.9	NaN	575	NaN	553	0	23	362	77	71	0	404	24	10432	40	10918	49	10369	80	11073	17.217	3.435
253	NaN	588	NaN	551	0	25	358	83	74	0	405	23	10380	38	11136	47	10592	74	11221	17.344	1.528
253.1	NaN	574	NaN	550	0	26	359	100	100	0	405	19	10497	32	11153	38	10519	65	11253	17.455	1.208
253.2	NaN	586	NaN	543	0	24	362	100	100	0	403	20	10543	35	11161	42	10561	67	11313	17.54	1.431
253.3	NaN	573	NaN	558	0	20	359	100	100	0	404	20	10553	32	11303	41	10655	61	11335	17.62	1.67
253.4	NaN	587	NaN	558	0	15	364	100	100	0	403	22	10596	30	11215	42	10650	58	11337	17.677	2.288
253.5	NaN	576	NaN	574	0	10	363	100	100	0	404	19	10648	24	11227	37	10781	45	11216	17.781	1.109
253.6	NaN	605	NaN	613	0	3	358	100	100	0	401	19	10758	19	11118	37	10884	38	11246	17.834	1.238
253.7	NaN	567	NaN	616	0	-9	360	100	100	0	403	13	10971	11	11005	26	10964	20	11035	17.839	-0.759
253.8	NaN	582	NaN	642	0	-18	363	100	100	0	403	17	11060	11	10812	31	11161	22	10850	17.858	-1.498
253.9	NaN	583	NaN	599	0	-18	359	100	100	0	402	22	11211	14	10727	41	11198	28	10845	17.83	1.809
254	NaN	567	NaN	657	0	-21	359	100	100	0	401	20	11177	13	10819	39	11273	25	10831	17.861	0.587
254.1	NaN	575	NaN	608	0	-19	358	100	100	0	403	20	11231	13	10732	39	11194	27	10846	17.868	-0.568
254.2	NaN	582	NaN	606	0	-21	363	100	100	0	403	23	11231	15	10770	45	11363	29	10876	17.875	-0.042
254.3	NaN	574	NaN	670	0	-20	359	100	100	0	401	17	11225	12	10816	33	11270	22	10849	17.902	-0.373
254.4	NaN	587	NaN	607	0	-21	356	100	100	0	400	22	11247	14	10732	43	11361	27	10836	17.9	0.719
254.5	NaN	567	NaN	646	0	-20	358	100	100	0	401	19	11177	14	10854	38	11301	26	10872	17.921	0.746
254.6	NaN	586	NaN	628	0	-16	358	100	100	0	401	16	11226	11	10800	32	11255	21	10898	17.92	-0.171
254.7	NaN	624	NaN	608	0	-9	361	100	100	0	402	17	11072	14	10846	33	11203	27	10993	17.925	-0.096
254.8	NaN	565	NaN	612	0	-4	362	100	100	0	402	10	11006	10	10994	20	11000	18	10990	17.943	-0.435
254.9	NaN	563	NaN	609	0	-4	358	100	100	0	402	11	10916	10	10988	21	10990	20	11042	17.902	-1.004
255	NaN	581	NaN	599	0	-2	358	100	100	0	405	14	10864	14	11134	28	10914	27	11121	17.878	0.666
255.1	NaN	579	NaN	608	0	0	357	100	100	0	403	13	10860	13	11100	26	10934	26	11157	17.9	0.533
255.2	NaN	587	NaN	590	0	5	361	100	100	0	405	15	10793	16	11193	30	10938	32	11246	17.91	0.439
255.3	NaN	587	NaN	609	1	4	362	100	100	0	404	14	10855	16	11180	28	10888	30	11238	17.943	0.27
255.4	NaN	581	NaN	655	1	2	360	100	100	0	404	11	10871	12	11141	22	10928	23	11227	17.952	-1.381
255.5	NaN	582	NaN	596	1	2	359	100	100	0	403	14	10871	14	11187	28	10915	29	11221	17.956	0.458
255.6	NaN	564	NaN	611	1	0	358	100	100	0	404	11	10935	12	11071	22	11014	21	11165	17.964	0.782
255.7	NaN	572	NaN	599	1	-1	363	100	100	0	405	12	10874	12	11249	25	11007	25	11190	17.962	-0.897
255.8	NaN	569	NaN	617	1	1	361	100	100	0	402	12	10946	13	11153	23	10977	24	11173	17.987	-0.002
255.9	NaN	590	NaN	615	1	2	360	100	100	0	404	10	10895	10	11208	19	11012	20	11176	18.002	0.206
256	NaN	551	NaN	605	1	-0	359	100	100	0	403	12	10945	13	11196	25	10942	25	11216	18.014	-0.376
256.1	NaN	562	NaN	613	1	-1	360	100	100	0	403	9	10979	9	11141	16	11028	16	11213	18.021	0.081
256.2	NaN	561	NaN	611	1	-3	355	100	100	0	404	11	10931	10	11189	22	11040	21	11209	18.018	0.153
256.3	NaN	559	NaN	605	1	-2	363	100	100	0	402	10	11008	10	11061	19	11045	17	11142	18.029	0.229
256.4	NaN	553	NaN	599	1	-3	362	100	100	0	406	9	10973	8	11186	18	11071	16	11135	18.006	-1.148
256.5	NaN	561	NaN	614	1	-2	366	100	100	0	405	10	11030	9	11051	20	11019	19	11110	17.995	-0.661
256.6	NaN	560	NaN	632	1	-4	360	100	100	0	403	9	11007	8	11110	16	11040	15	11077	18.007	-0.568
256.7	NaN	551	NaN	618	1	-5	359	100	100	0	405	11	10975	10	11077	21	11005	20	11106	17.969	-0.834
256.8	NaN	560	NaN	614	1	-4	357	100	100	0	404	10	11005	9	11032	19	11060	17	11103	17.965	0.134
256.9	NaN	546	NaN	608	1	-2	362	100	100	0	403	10	10939	9	11117	20	11039	19	11120	17.954	-1.342
257	NaN	558	NaN	624	1	0	361	81	75	0	403	11	10966	11	11032	21	11013	22	11128	17.976	0.79
257.1	NaN	591	NaN	610.1296296	0	1	364	0	0	0	406	-11	10753	-11	11088	-8	10754	-8	11001	17.853	-1.844
257.2	NaN	580	NaN	609.2592593	0	1	359	0	0	0	404	-32	10452	-32	10846	-24	10268	-24	10681	17.529	-4.348
257.3	NaN	552	NaN	608.3888889	0	3	380	0	0	0	420	-50	10185	-48	10568	-38	10103	-37	10457	16.975	-5.55
257.4	NaN	560	NaN	607.5185185	0	5	532	0	0	0	564	-52	9533	-51	9999	-41	9521	-39	9864	16.282	-7.671
257.5	NaN	562	NaN	606.6481481	0	4	449	0	0	0	455	-56	9066	-54	9601	-44	8690	-42	9252	15.441	-8.995
257.6	NaN	560	NaN	605.7777778	0	5	386	0	0	0	413	-56	8711	-54	9156	-46	8611	-44	8984	14.7	-8.43
257.7	NaN	556	NaN	604.9074074	0	6	362	0	0	0	402	-56	8231	-54	8582	-47	8354	-45	8662	14.046	-5.272
257.8	NaN	547	NaN	604.037037	0	10	361	0	0	0	401	-59	7350	-53	8729	-49	7534	-43	8179	13.394	-8.899
257.9	NaN	556	NaN	603.1666667	0	16	359	0	0	0	403	-58	6900	-49	8154	-50	7191	-43	7700	12.615	-4.715
258	NaN	582	NaN	602.2962963	0	33	356	14	6	0	400	-34	6486	-24	7670	-30	6343	-21	7651	12.086	-7.65
258.1	NaN	579	NaN	601.4259259	0	35	360	21	12	0	402	-15	6481	-10	7654	-13	4156	-9	7648	11.56	-3.158
258.2	NaN	591	NaN	600.5555556	0	34	363	48	41	0	404	16	6648	37	7667	38	6879	85	7717	11.467	2.92
258.3	NaN	589	NaN	599.6851852	0	24	362	49	42	0	404	21	6943	35	7702	47	6918	80	7788	11.702	3.567
258.4	NaN	591	NaN	598.8148148	0	17	358	48	42	0	403	23	7230	34	7785	52	7178	78	7836	12.002	4.214
258.5	NaN	567	NaN	597.9444444	0	21	362	49	42	0	406	23	7361	35	7998	52	7383	79	8028	12.347	3.808
258.6	NaN	578	NaN	597.0740741	0	28	364	50	42	0	404	20	7536	39	8239	45	7534	88	8271	12.686	3.827
258.7	NaN	570	NaN	596.2037037	0	18	361	59	52	0	405	34	7944	50	8650	75	7810	110	8651	13.056	6.82
258.8	NaN	599	NaN	595.3333333	0	21	363	49	44	0	406	20	8102	33	8579	45	8228	73	8613	13.522	1.671
258.9	NaN	561	NaN	594.462963	0	24	363	43	33	0	405	22	8510	36	8933	46	8325	71	8965	13.869	4.62
259	NaN	555	NaN	593.5925926	0	25	360	54	43	0	407	28	8415	50	9105	60	8636	108	9199	14.132	4.146
259.1	NaN	576	NaN	592.7222222	0	26	360	45	36	0	404	16	8464	29	9155	35	8587	62	9295	14.326	0.253
259.2	NaN	620	NaN	591.8518519	0	26	363	45	38	0	404	17	8658	31	9255	37	8632	68	9378	14.492	3.242
259.3	NaN	579	NaN	590.9814815	0	22	360	49	42	0	403	22	8659	36	9495	46	8915	79	9527	14.676	1.651
259.4	NaN	563	NaN	590.1111111	0	24	360	52	45	0	404	26	8953	43	9618	56	9087	92	9707	15.017	2.729
259.5	NaN	578	NaN	589.2407407	0	13	359	56	48	0	406	31	9157	41	9816	63	9094	86	9907	15.33	8.067
259.6	NaN	571	NaN	588.3703704	0	1	359	55	47	0	404	35	9499	38	9804	74	9548	80	9997	15.71	4.3
259.7	NaN	600	NaN	595	0	-14	361	42	37	0	403	26	9874	19	9767	54	9942	39	9816	16.015	1.663
259.8	NaN	597	NaN	585	0	-24	356	41	41	0	404	30	10096	19	9749	60	10223	39	9841	16.126	1.392
259.9	NaN	601	NaN	584	0	-33	358	41	42	0	402	33	10243	17	9677	67	10351	33	9767	16.239	0.678
260	NaN	593	NaN	572	0	-25	358	44	47	0	403	39	10507	22	9727	79	10569	45	9876	16.382	3.417
260.1	NaN	591	NaN	559	0	-16	356	47	46	0	402	38	10407	27	10123	76	10574	54	10168	16.617	2.562
260.2	NaN	593	NaN	562	0	-15	363	48	47	0	405	35	10489	25	10320	70	10546	51	10330	16.908	2.719
260.3	NaN	578	NaN	553	0	-4	362	50	48	0	404	31	10594	27	10442	62	10704	54	10567	17.165	3.394
260.4	NaN	583	NaN	542	0	11	362	56	50	0	404	24	10441	30	10885	47	10617	57	10880	17.322	1.212
260.5	NaN	586	NaN	546	0	14	359	89	82	0	404	23	10521	30	11007	44	10508	58	11088	17.523	2.481
260.6	NaN	583	NaN	563	0	13	363	100	100	0	405	19	10574	25	11156	38	10727	48	11206	17.682	1.028
260.7	NaN	597	NaN	561	0	8	360	100	100	0	404	19	10623	23	11167	38	10780	45	11221	17.781	0.069
260.8	NaN	586	NaN	604	0	3	361	100	100	0	405	17	10794	19	11127	34	10809	38	11216	17.868	0.283
260.9	NaN	599	NaN	592	0	-3	363	100	100	0	403	14	10878	13	11066	27	10961	27	11087	17.946	0.246
261	NaN	553	NaN	610	0	-8	362	100	100	0	401	11	10982	10	10911	23	10990	19	11002	17.887	-1.095
261.1	NaN	575	NaN	614	0	-12	360	100	100	0	403	17	11100	13	10905	32	11157	26	10954	17.908	1.106
261.2	NaN	557	NaN	590	0	-13	358	100	100	0	404	14	11106	11	10883	26	11153	20	10885	17.898	-1.642
261.3	NaN	600	NaN	622	0	-10	362	100	100	0	403	17	11086	13	10822	33	11256	26	10956	17.85	3.548
261.4	NaN	571	NaN	613	0	-11	361	100	100	0	404	16	11064	12	10888	30	11143	25	11137	17.919	-1.378
261.5	NaN	552	NaN	590	0	-6	360	100	100	0	405	12	11049	11	10915	25	11080	22	10993	17.87	-0.849
261.6	NaN	575	NaN	599	0	-4	356	100	100	0	403	11	10943	11	11073	21	11007	20	11039	17.845	-0.352
261.7	NaN	586	NaN	593	0	1	361	100	100	0	403	16	10831	16	10980	30	10865	30	11062	17.891	-0.194
261.8	NaN	592	NaN	610	0	-2	359	100	100	0	403	13	10895	12	11057	26	11010	25	11098	17.857	1.401
261.9	NaN	563	NaN	652	0	-0	362	99	93	0	405	12	10886	11	11093	23	10963	22	11031	17.885	-1.429
262	NaN	600	NaN	549	0	-1	361	0	0	0	405	-5	10798	-6	10901	-6	10844	-6	10996	17.862	-3.148
262.1	NaN	590	NaN	644	0	2	361	0	0	0	403	-25	10610	-24	10849	-18	10627	-18	10783	17.553	-3.94
262.2	NaN	574	NaN	633	0	4	362	0	0	0	402	-44	10211	-44	10472	-34	10136	-33	10483	17.069	-6.06
262.3	NaN	577	NaN	637	0	5	360	0	0	0	403	-51	9801	-48	10131	-40	9688	-37	10174	16.458	-6.068
262.4	NaN	574	NaN	642	0	6	391	0	0	0	418	-53	9232	-50	9861	-43	9240	-40	9725	15.84	-6.278
262.5	NaN	569	NaN	639	0	6	358	0	0	0	403	-56	8821	-52	9462	-45	8753	-43	9365	15.126	-7.521
262.6	NaN	570	NaN	632	0	2	356	0	0	0	403	-56	8449	-54	8916	-46	8373	-44	8838	14.451	-7.56
262.7	NaN	555	NaN	629	0	-15	357	0	0	0	402	-51	8364	-57	8280	-43	8305	-48	8210	13.779	-6.786
262.8	NaN	550	NaN	640	0	-31	363	0	0	0	400	-46	8262	-62	7431	-40	8264	-52	7206	13.083	-6.984
262.9	NaN	575	NaN	698	0	-31	363	6	7	0	401	-33	8046	-43	6988	-28	8034	-37	4156	12.44	-5.173
263	NaN	607	NaN	638	0	-36	364	26	28	0	402	0	7805	1	6917	1	7818	0	4739	12.017	-2.525
263.1	NaN	549	NaN	638	0	-44	361	32	34	0	404	15	7720	5	6836	35	7794	11	6907	11.872	-0.983
263.2	NaN	540	NaN	662	0	-49	360	35	36	0	403	23	7747	6	6831	53	7852	15	6945	11.845	-0.52
263.3	NaN	611	NaN	637	0	-22	362	36	33	0	403	21	7729	12	6968	46	7837	26	7018	11.914	2.128
263.4	NaN	611	NaN	550	0	12	362	39	29	0	404	0	7119	0	7386	0	7226	1	7320	11.898	-1.289
263.5	NaN	561	NaN	638	0	24	360	47	39	0	404	5	6850	9	7617	12	6933	21	7589	11.751	-0.314
263.6	NaN	583	NaN	563	0	48	361	44	33	0	404	11	6815	33	7775	25	6907	75	7769	11.806	1.995
263.7	NaN	597	NaN	600	0	51	359	42	31	0	405	7	6687	26	7872	17	7020	59	7912	11.765	1.201
263.8	NaN	592	NaN	593	0	50	360	40	29	0	404	6	6605	21	7791	13	6757	49	7833	11.75	-0.222
263.9	NaN	611	NaN	550	0	54	361	29	17	0	406	0	6345	-0	7639	-0	6381	-0	7674	11.553	-1.154
264	NaN	609	NaN	551	0	57	359	26	16	0	406	0	6209	0	7427	0	6206	0	7451	11.221	-3.099
264.1	NaN	629	NaN	591	0	55	358	38	30	0	405	3	6062	16	7309	8	6138	44	7420	10.906	-1.243
264.2	NaN	558	NaN	635.5	0	57	361	50	40	0	404	10	6086	45	7452	24	6712	106	7661	10.891	2.01
264.3	NaN	558	NaN	636	0	55	359	57	48	0	404	14	6532	61	7515	31	6789	142	7793	11.068	2.098
264.4	NaN	563	NaN	636.5	0	51	356	58	50	0	404	16	7005	62	7685	37	6885	143	7850	11.394	3.425
264.5	NaN	572.1666667	NaN	637	0	42	357	86	76	0	404	22	6879	68	7966	51	7181	152	8184	11.761	3.063
264.6	NaN	571.8333333	NaN	637.5	0	31	363	100	100	0	403	29	8366	58	8014	66	7573	132	8169	12.172	5.177
264.7	NaN	554	NaN	638	0	25	360	100	100	0	404	30	7840	54	8442	66	8082	119	8244	12.695	4.588
264.8	NaN	600	NaN	638.5	0	11	359	100	100	0	406	33	7804	42	8470	76	11536	92	8683	12.925	2.874
264.9	NaN	569	NaN	639	0	19	361	100	100	0	404	33	10022	48	8602	72	8279	104	8679	13.603	5.385
265	NaN	578	NaN	639.5	0	12	363	100	100	0	404	35	8489	44	9065	74	8640	97	9135	14.03	5.407
265.1	NaN	575	NaN	640	0	14	358	100	100	0	404	33	9007	44	9162	72	8842	94	9259	14.563	5.57
265.2	NaN	574	NaN	640.5	0	6	358	100	100	0	405	34	9073	40	9451	72	9094	86	9612	14.956	4.727
265.3	NaN	563	NaN	641	0	6	362	100	100	0	404	36	9305	39	9626	75	9573	82	9768	15.345	2.279
265.4	NaN	562	NaN	641.5	0	4	363	100	100	0	404	35	9631	39	9917	73	9739	78	9967	15.804	5.299
265.5	NaN	581	NaN	642	0	-1	360	100	100	0	404	36	9976	37	10139	74	10073	72	10187	16.183	4.532
265.6	NaN	564	NaN	642.5	0	-2	362	100	100	0	405	36	10196	35	10240	73	10241	70	10422	16.558	4.906
265.7	NaN	581	NaN	643	1	-3	363	100	100	0	404	33	10368	31	10451	65	10533	60	10574	16.923	3.219
265.8	NaN	559	NaN	580	1	-1	361	100	100	0	404	24	10557	25	10621	48	10645	47	10644	17.183	2.746
265.9	NaN	558	NaN	626	1	-1	356	100	94	0	404	22	10560	23	10728	46	10614	45	10812	17.354	0.591
266	NaN	601	NaN	608	1	-1	359	100	93	0	402	22	10680	22	10921	42	10803	42	10936	17.506	3.506
266.1	NaN	616	NaN	626	0	-1	360	57	47	0	403	18	10788	17	10898	35	10818	34	11000	17.693	1.079
266.2	NaN	599	NaN	626	0	0	364	0	0	0	404	-9	10635	-7	10827	-5	10719	-5	10860	17.628	-2.761
266.3	NaN	590	NaN	647	0	-3	359	0	0	0	400	-28	10486	-29	10598	-20	10470	-22	10476	17.395	-2.841
266.4	NaN	561	NaN	647	0	-5	358	0	0	0	402	-47	10259	-49	10231	-36	10170	-38	10191	16.854	-6.417
266.5	NaN	553	NaN	645	0	-4	358	0	0	0	402	-50	9825	-51	9782	-39	9730	-40	9817	16.302	-5.758
266.6	NaN	546	NaN	650	0	1	361	0	0	0	403	-53	9391	-53	9468	-42	9498	-42	9351	15.66	-6.012
266.7	NaN	539	NaN	656	0	1	365	0	0	0	404	-54	9042	-54	9181	-44	8878	-44	8894	15.023	-7.285
266.8	NaN	546	NaN	645	0	4	367	0	0	0	405	-56	8622	-54	8826	-47	8560	-45	8721	14.367	-6.425
266.9	NaN	548	NaN	641	0	3	461	0	0	0	482	-55	8041	-53	8373	-47	7952	-45	8349	13.696	-7.844
267	NaN	539	NaN	642	0	6	579	0	0	0	572	-55	7528	-53	7842	-46	6678	-45	7369	12.852	-9.595
267.1	NaN	561	NaN	645	0	6	469	5	1	0	490	-50	7115	-48	7396	-44	5872	-41	6921	11.93	-9.896
267.2	NaN	597	NaN	663	0	28	358	15	5	0	401	-26	6405	-20	7172	-23	6432	-18	7233	11.43	-3.76
267.3	NaN	571	NaN	671	0	51	367	0	0	0	400	-50	5282	-30	7037	-46	4538	-27	7005	10.921	-5.182
267.4	NaN	572	NaN	661	0	65	357	0	0	0	399	-69	4802	-36	6636	-63	827	-32	6682	10.222	-7.286
267.5	NaN	578	NaN	548	0	68	361	25	17	0	400	-7	4874	-6	6386	0	686	-5	6389	9.592	-8.306
267.6	NaN	650	NaN	609	0	67	362	37	29	0	403	1	4779	13	6246	4	1993	40	6400	9.152	-2.222
267.7	NaN	614	NaN	592	0	64	363	49	41	0	405	6	4780	39	6212	15	4776	99	6388	9.002	2.066
267.8	NaN	516	NaN	556	0	63	363	76	67	0	404	14	5087	91	6917	34	5326	199	7006	9.264	6.761
267.9	NaN	525	NaN	550	0	55	363	100	94	0	404	18	6341	80	6986	43	7006	191	7426	9.587	5.525
268	NaN	575	NaN	545	0	18	363	87	77	0	404	35	6789	61	6843	85	7676	142	7267	10.025	2.809
268.1	NaN	592	NaN	545	0	-30	356	73	73	0	405	61	6720	31	6619	145	8579	71	6877	10.594	3.838
268.2	NaN	627	NaN	620	0	-41	362	44	40	0	402	34	7335	13	6479	79	7357	30	6440	11.201	3.829
268.3	NaN	602	NaN	603	0	-50	362	49	47	0	404	53	7657	15	6582	123	7850	35	7034	11.374	4.003
268.4	NaN	615	NaN	549	0	-70	363	28	24	0	405	0	7188	0	6130	2	7367	0	6240	11.261	-1.385
268.5	NaN	591	NaN	543	0	-73	360	34	33	0	401	11	7174	1	6080	32	7347	2	6138	10.98	-2.202
268.6	NaN	573	NaN	643	0	-71	362	57	55	0	403	79	8299	9	6198	179	8549	21	6313	11.064	5.843
268.7	NaN	587	NaN	649	0	-72	357	94	93	0	403	79	7989	9	6472	181	8272	21	6858	11.406	4.036
268.8	NaN	576.5	NaN	617	0	-60	363	100	100	0	401	72	8322	12	6369	165	8346	31	6860	11.585	4.212
268.9	NaN	569	NaN	606	0	-44	361	100	100	0	401	55	8550	19	6415	125	9917	43	9683	11.572	1.277
269	NaN	603	NaN	550	0	-20	361	100	100	0	402	47	7990	31	7863	107	8596	70	10044	11.548	5.57
269.1	NaN	579	NaN	553	0	8	359	100	100	0	403	34	7904	39	7188	77	8694	89	11422	11.434	6.724
269.2	NaN	557	NaN	542	0	40	358	100	100	0	403	18	7653	48	8172	42	7641	109	12341	11.293	9.229
269.3	NaN	573	NaN	519	0	45	361	100	100	0	404	13	7528	40	7319	31	7506	91	17645	11.398	3.945
269.4	NaN	607	NaN	521	0	33	359	100	100	0	405	16	7335	36	8149	36	7291	94	18026	11.831	3.424
269.5	NaN	569	NaN	540	0	7	358	100	100	0	404	30	7414	37	9512	69	7435	79	13231	12.53	3.51
269.6	NaN	554	NaN	557	0	5	362	100	100	0	405	40	8175	43	8379	89	8153	96	8470	13.194	4.498
269.7	NaN	589	NaN	554	0	-1	361	100	100	0	404	42	8682	40	8598	91	8491	86	8625	13.676	6.526
269.8	NaN	578	NaN	553	0	-3	362	100	100	0	405	41	8902	38	8849	87	8833	82	8890	14.237	6.04
269.9	NaN	564	NaN	578	0	1	361	100	100	0	404	39	9053	38	9125	83	9232	80	9221	14.709	4.77
270	NaN	559	NaN	537	1	3	364	100	100	0	404	36	9232	39	9409	76	9466	81	9586	15.15	4.3
270.1	NaN	576	NaN	546	1	4	363	100	100	0	405	35	9486	38	9720	73	9683	79	9846	15.595	4.131
270.2	NaN	582	NaN	548	1	-0	360	100	100	0	405	36	9775	36	10052	74	9843	74	10122	16.014	4.497
270.3	NaN	591	NaN	545	1	-4	360	100	100	0	404	37	10138	36	10211	74	10167	72	10237	16.453	4.579
270.4	NaN	569	NaN	567	1	-4	364	100	100	0	403	33	10329	30	10339	66	10493	61	10473	16.794	4.617
270.5	NaN	546	NaN	558	1	-2	360	73	65	0	404	29	10479	26	10608	58	10620	54	10715	17.113	1.557
270.6	NaN	577	NaN	597	0	-3	361	51	42	0	404	23	10641	21	10706	45	10719	41	10757	17.401	1.973
270.7	NaN	577	NaN	618	0	-1	357	42	33	0	404	19	10715	18	10853	37	10815	37	10913	17.562	1.396
270.8	NaN	605	NaN	550	0	0	361	18	9	0	405	-5	10560	-5	10890	-4	10513	-4	10761	17.621	-2.335
270.9	NaN	581	NaN	551.1666667	0	2	361	14	5	0	402	-25	10407	-24	10644	-19	10395	-19	10654	17.36	-3.003
271	NaN	573	NaN	550.8333333	0	1	359	13	4	0	403	-33	10054	-31	10493	-26	10080	-25	10423	16.96	-4.823
271.1	NaN	570	NaN	550.5	0	7	362	12	2	0	402	-35	9798	-32	10281	-28	9735	-25	10187	16.533	-4.779
271.2	NaN	565	NaN	550.1666667	0	6	359	6	0	0	404	-49	9277	-46	9817	-39	9295	-36	9899	15.981	-3.774
271.3	NaN	590	NaN	549.8333333	0	6	359	17	11	0	404	-19	9186	-17	9626	-15	9051	-15	9580	15.462	-3.006
271.4	NaN	609	NaN	546	0	16	359	23	16	0	403	-5	8815	-3	9523	-4	8997	-3	9450	15.188	-2.449
271.5	NaN	603	NaN	549	0	23	363	25	17	0	405	-0	8621	0	9536	-0	8691	0	9511	14.917	-2.498
271.6	NaN	607	NaN	548	0	19	363	25	18	0	403	-0	8445	-0	9312	-0	8574	-0	9350	14.748	-2.096
271.7	NaN	604	NaN	547	0	18	362	27	21	0	403	0	8521	0	9332	0	8417	0	9311	14.553	-4.057
271.8	NaN	604	NaN	595	0	28	358	25	15	0	405	2	8500	1	9135	2	8460	4	9213	14.605	-1.455
271.9	NaN	587	NaN	559	0	37	360	34	25	0	403	2	8187	7	9370	6	8012	14	9206	14.185	-1.816
272	NaN	592	NaN	545	0	34	362	14	7	0	406	-12	7419	-9	8871	-10	8001	-7	8969	14.065	-1.739
272.1	NaN	583	NaN	550	0	32	361	15	5	0	404	-31	7543	-23	8807	-26	5725	-19	8666	13.624	-5.172
272.2	NaN	588	NaN	545	0	25	362	21	15	0	402	-11	5883	-7	8464	-9	6805	-7	8456	13.192	-3.303
272.3	NaN	606	NaN	550	0	28	364	23	17	0	405	0	7071	0	8272	0	7307	0	8304	12.878	-2.648
272.4	NaN	591	NaN	550	0	16	358	35	29	0	404	9	7307	13	8134	20	7621	29	8296	12.684	-0.823
272.5	NaN	599	NaN	596	0	17	359	34	28	0	405	3	7241	6	7987	7	7294	9	8094	12.552	0.682
272.6	NaN	602	NaN	550	0	25	361	12	1	0	405	-6	7145	-4	7893	-5	7416	-3	8010	12.595	-0.899
272.7	NaN	572	NaN	637	0	37	361	16	8	0	404	-26	6900	-18	7969	-24	5833	-16	7845	12.223	-4.092
272.8	NaN	601	NaN	547	0	40	361	22	14	0	404	-7	6566	-5	7731	-7	6694	-4	7811	11.913	-2.029
272.9	NaN	604	NaN	548	0	38	362	29	21	0	405	-0	6555	0	7655	0	6326	0	7644	11.624	-1.971
273	NaN	603	NaN	548	0	35	360	29	22	0	405	0	6403	1	7418	1	6502	2	7480	11.436	-1.303
273.1	NaN	606	NaN	542	0	23	365	29	23	0	404	0	6439	1	7279	2	6503	3	7342	11.281	-0.937
273.2	NaN	566	NaN	555	0	36	362	34	27	0	404	3	6416	10	7234	8	6399	22	7267	11.125	-1.733
273.3	NaN	601	NaN	597	0	40	357	39	33	0	403	7	6333	21	7249	18	6419	46	7341	11.095	-1.658
273.4	NaN	600	NaN	554	0	42	358	50	43	0	405	16	6534	46	7588	37	6540	105	7648	11.316	2.817
273.5	NaN	613	NaN	555	0	46	363	47	38	0	403	13	6670	37	7693	28	6779	85	7761	11.554	2.182
273.6	NaN	587	NaN	557	0	44	360	46	36	0	406	11	6768	35	7788	26	6863	77	7879	11.714	2.539
273.7	NaN	619	NaN	587	0	47	358	42	32	0	403	8	6660	25	7823	17	6843	57	7913	11.782	-0.213
273.8	NaN	600	NaN	645	0	53	363	35	25	0	405	3	6592	10	7669	7	6729	25	7769	11.786	-2.299
273.9	NaN	620	NaN	571	0	52	362	45	38	0	404	4	6502	17	7697	10	6618	39	7781	11.586	-1.543
274	NaN	552	NaN	571	0	38	358	54	48	0	404	20	7081	52	7836	46	7063	122	7956	11.722	4.266
274.1	NaN	557	NaN	540	0	8	358	81	77	0	404	40	7442	48	7853	90	7464	109	8019	12.199	6.514
274.2	NaN	561	NaN	588	0	2	362	100	100	0	404	43	7896	45	7928	94	7879	101	8068	12.761	5.936
274.3	NaN	589	NaN	567	0	1	363	100	100	0	405	42	8123	43	8254	92	8224	93	8355	13.265	4.739
274.4	NaN	587	NaN	585	0	1	359	100	100	0	404	40	8457	41	8531	87	8539	90	8650	13.756	4.757
274.5	NaN	578	NaN	575	0	-0	360	100	100	0	402	40	8731	39	8758	86	8842	84	8881	14.222	4.274
274.6	NaN	585	NaN	577	1	-4	359	100	100	0	405	40	9010	37	9048	85	9142	80	9161	14.663	4.737
274.7	NaN	618	NaN	626	1	-3	363	100	100	0	406	39	9243	36	9362	84	9384	77	9384	15.099	4.318
274.8	NaN	600	NaN	572	1	-4	358	100	100	0	404	39	9502	37	9574	81	9566	76	9621	15.495	4.082
274.9	NaN	573	NaN	558	1	-3	359	100	100	0	405	38	9780	36	9769	79	9861	74	9880	15.876	5.021
275	NaN	576	NaN	550	1	-1	361	100	100	0	405	37	9991	35	9991	74	10152	72	10140	16.251	3.111
275.1	NaN	582	NaN	562	1	-3	360	100	100	0	403	37	10131	35	10358	73	10267	71	10360	16.631	4.109
275.2	NaN	553	NaN	557	1	-1	359	100	100	0	404	31	10381	31	10454	61	10503	61	10573	16.959	4.097
275.3	NaN	605	NaN	581	1	-2	359	100	100	0	405	24	10558	24	10547	49	10629	49	10692	17.239	3.008
275.4	NaN	584	NaN	611	1	-6	358	100	100	0	405	22	10635	20	10770	44	10693	41	10761	17.421	2.571
275.5	NaN	581	NaN	570	1	-3	361	100	100	0	404	19	10792	18	10756	37	10861	36	10838	17.554	2.14
275.6	NaN	616	NaN	589	1	-1	363	100	100	0	404	16	10779	16	10872	32	10879	32	10926	17.686	0.451
275.7	NaN	592	NaN	609	1	-2	358	100	100	0	403	16	10795	15	10947	31	10873	31	10995	17.721	0.872
275.8	NaN	588	NaN	622	1	-1	363	100	100	0	403	13	10924	12	10900	25	10946	25	10953	17.798	-0.092
275.9	NaN	577	NaN	648	1	-2	359	100	100	0	402	13	10837	13	11044	26	10920	25	10991	17.836	0.467
276	NaN	567	NaN	619	1	-3	361	100	100	0	404	13	11011	12	11018	24	11022	24	11005	17.835	0.008
276.1	NaN	566	NaN	597	1	-3	363	100	100	0	404	12	10948	11	11015	25	11017	24	11018	17.889	-0.158
276.2	NaN	585	NaN	619	1	-1	362	100	100	0	403	13	10903	12	11007	26	11005	24	11079	17.895	0.293
276.3	NaN	549	NaN	613	1	-3	358	100	100	0	403	10	11075	10	10930	19	11036	18	10999	17.894	-1.121
276.4	NaN	557	NaN	619	1	-4	358	100	100	0	403	12	10879	12	11076	23	10911	22	11029	17.929	1.268
276.5	NaN	559	NaN	602	1	-1	362	100	100	0	402	11	11023	10	10981	20	11058	19	11031	17.927	0.116
276.6	NaN	549	NaN	597	1	-2	362	100	100	0	404	10	10919	10	11084	19	10984	20	11066	17.94	0.252
276.7	NaN	584	NaN	607	1	-1	361	100	100	0	403	14	10943	13	11041	27	11061	25	11089	17.965	0.498
276.8	NaN	549	NaN	597	1	-1	362	100	100	0	404	9	11036	9	11044	17	11061	17	11086	17.937	-0.649
276.9	NaN	545	NaN	606	1	-2	359	100	100	0	403	12	10926	11	11127	24	10953	24	11095	17.956	-1.631
277	NaN	556	NaN	619	1	-3	358	100	100	0	403	10	11031	9	10978	18	11073	16	11074	17.96	0.071
277.1	NaN	552	NaN	595	1	-4	361	100	100	0	403	10	10967	9	11060	20	11051	20	11062	17.932	0.462
277.2	NaN	558	NaN	667	1	-2	360	100	100	0	403	11	10999	10	11015	22	11071	20	11008	17.938	-0.443
277.3	NaN	567	NaN	614	1	2	358	100	100	0	403	11	10924	11	11206	19	10968	21	11118	17.95	-1.329
277.4	NaN	587	NaN	566	0	11	362	100	100	0	402	15	10780	19	11252	29	10898	38	11310	17.995	1.246
277.5	NaN	601	NaN	591	0	18	361	100	100	0	404	13	10790	18	11382	23	11374	33	11465	18.053	3.412
277.6	NaN	611	NaN	568	0	16	361	100	100	0	405	14	10693	20	11522	27	11003	39	11619	18.058	-0.501
277.7	NaN	579	NaN	570	0	13	358	100	100	0	404	16	10775	21	11464	31	11095	38	11563	18.101	0.516
277.8	NaN	575	NaN	605	0	0	363	100	100	0	404	12	10938	12	11333	24	11017	23	11385	18.152	1.066
277.9	NaN	551	NaN	589	0	-8	359	100	100	0	402	8	11055	7	11027	16	11107	14	11106	18.121	-1.074
278	NaN	552	NaN	623	0	-10	359	100	98	0	402	10	11183	8	11024	19	11236	16	11053	18.08	1.085
278.1	NaN	599	NaN	540	0	-12	360	0	0	0	402	-4	11089	-5	10835	-5	11111	-6	10768	17.962	-4.173
278.2	NaN	594	NaN	614	0	-12	362	0	0	0	404	-22	10864	-26	10446	-17	10910	-19	10587	17.673	-3.394
278.3	NaN	538	NaN	629	0	-14	361	0	0	0	402	-40	10622	-46	10266	-31	10562	-36	10018	17.142	-7.283
278.4	NaN	544	NaN	624	0	-14	432	0	0	0	466	-47	10171	-53	9713	-36	10141	-42	9402	16.475	-7.712
278.5	NaN	539	NaN	611	0	-15	375	0	0	0	410	-49	9774	-56	9178	-39	9835	-44	9196	15.741	-5.955
278.6	NaN	535	NaN	624	0	-14	359	0	0	0	399	-51	9379	-58	8921	-41	9262	-47	8504	15.098	-6.932
278.7	NaN	543	NaN	618	0	-15	363	0	0	0	402	-51	8912	-57	8185	-42	8897	-48	8270	14.421	-5.968
278.8	NaN	544	NaN	628	0	-20	492	0	0	0	525	-50	8480	-58	7791	-41	8409	-49	6814	13.593	-8.223
278.9	NaN	544	NaN	629	0	-25	445	0	0	0	496	-47	7963	-60	6423	-41	7979	-52	6452	12.716	-7.069
279	NaN	560	NaN	596	0	-34	357	38	39	0	400	6	7890	4	6965	16	7910	11	5524	12.026	-2.467
279.1	NaN	527	NaN	614	0	-62	356	40	38	0	405	32	7832	7	7073	73	7945	16	7110	12.107	0.701
279.2	NaN	537	NaN	610	0	-61	359	38	37	0	402	30	7935	5	6852	67	8023	12	7123	12.101	-2.041
279.3	NaN	533	NaN	634	0	-62	358	37	36	0	403	31	8070	6	6885	67	8145	12	7020	12.119	-0.802
279.4	NaN	542	NaN	654	0	-62	360	39	37	0	404	30	7979	5	6849	68	8243	13	7061	12.09	-1.536
279.5	NaN	562	NaN	604	0	-59	358	47	43	0	404	47	8008	10	6898	107	8256	23	7232	12.188	0.744
279.6	NaN	589	NaN	606	0	-51	361	45	44	0	402	46	8256	12	7088	103	8504	27	7294	12.314	4.011
279.7	NaN	585	NaN	612	0	-50	360	45	41	0	403	40	8134	11	7222	89	8459	26	7510	12.43	0.689
279.8	NaN	577	NaN	575	0	-45	361	52	53	0	401	61	8429	20	7420	138	8844	46	8496	12.494	4.98
279.9	NaN	628	NaN	595	0	-36	360	51	46	0	403	37	8234	14	7573	85	8466	34	7811	12.711	0.256
280	NaN	587	NaN	567	0	-6	357	44	39	0	405	27	8384	21	7878	58	8540	46	7994	13.087	3.487
280.1	NaN	589	NaN	582	0	1	358	47	40	0	404	24	8118	26	8295	54	8216	57	8352	13.333	2.993
280.2	NaN	577	NaN	565	0	-1	360	46	39	0	404	27	8314	27	8510	58	8344	57	8561	13.678	3.279
280.3	NaN	591	NaN	543	0	-4	364	25	16	0	405	0	8383	1	8438	3	8351	1	8454	13.781	-1.079
280.4	NaN	587	NaN	636	0	-11	360	18	12	0	405	-16	8386	-18	8275	-14	8321	-15	8288	13.575	-3.314
280.5	NaN	601	NaN	540	0	-23	359	30	24	0	405	3	8362	2	8068	7	8401	4	8135	13.409	-0.353
280.6	NaN	533	NaN	669	0	-36	358	35	33	0	404	18	8515	8	7838	39	8548	18	7913	13.35	-1.757
280.7	NaN	547	NaN	610	0	-45	357	37	34	0	402	22	8533	8	7740	49	8668	17	7841	13.324	-0.05
280.8	NaN	533	NaN	659	0	-46	363	37	33	0	403	22	8541	7	7655	49	8722	16	7816	13.339	0.446
280.9	NaN	585	NaN	629	0	-33	362	41	43	0	404	31	8768	13	7666	69	8943	29	8375	13.227	0.28
281	NaN	551	NaN	582	0	-55	360	31	22	0	404	12	8386	5	8080	25	8558	8	7793	13.415	0.703
281.1	NaN	605	NaN	542	0	-54	359	22	24	0	402	0	8402	0	7458	0	8397	-0	7217	12.984	-4.246
281.2	NaN	606	NaN	546	0	-49	363	28	20	0	400	0	8213	0	7292	-1	8194	0	7335	12.747	-2.689
281.3	NaN	559	NaN	597	0	-47	358	29	27	0	403	13	8322	5	7204	29	8241	10	7333	12.495	-2.471
281.4	NaN	597	NaN	541	0	-54	360	27	21	0	401	0	7896	0	6875	0	7901	0	6713	12.292	-2.886
281.5	NaN	537	NaN	624	0	-43	362	38	35	0	404	25	7910	7	6775	57	7927	18	6987	12.059	-0.542
281.6	NaN	579	NaN	634	0	-36	359	38	35	0	403	22	7892	10	6950	50	7897	23	7088	12.077	1.914
281.7	NaN	530	NaN	623	0	-49	360	38	38	0	403	25	7879	8	6936	58	7907	18	7085	12.122	1.448
281.8	NaN	536	NaN	627	0	-52	361	39	38	0	401	30	8054	8	6909	70	8068	18	7041	12.125	1.103
281.9	NaN	543	NaN	608	0	-53	360	35	30	0	399	17	7934	5	6876	38	7988	10	7012	12.196	-0.264
282	NaN	608	NaN	633	0	-38	356	40	40	0	403	30	8106	12	7006	67	8183	28	7253	12.175	1.355
282.1	NaN	595	NaN	634	0	-14	358	41	30	0	404	20	7808	15	7348	44	7903	33	7419	12.418	2.469
282.2	NaN	594	NaN	639	0	6	357	41	32	0	404	14	7545	15	7784	32	7633	35	7788	12.544	0.235
282.3	NaN	598	NaN	586	0	30	358	43	33	0	407	13	7467	25	8051	29	7546	56	8118	12.636	1.613
282.4	NaN	593	NaN	572	0	49	361	42	33	0	405	8	7335	29	8213	18	7480	63	8303	12.743	-1.647
282.5	NaN	588	NaN	560	0	50	364	44	34	0	405	9	7277	31	8383	20	7316	71	8480	12.752	1.809
282.6	NaN	590	NaN	562	0	50	363	44	35	0	404	9	7297	32	8361	21	7402	71	8512	12.805	1.427
282.7	NaN	572	NaN	547	0	48	361	50	42	0	404	14	7560	46	8500	31	7498	101	8633	12.9	2.852
282.8	NaN	554	NaN	544	0	37	362	71	63	0	405	24	7950	59	8685	52	8006	128	8839	13.139	5.221
282.9	NaN	571	NaN	547	0	7	357	78	71	0	404	38	8654	44	8692	82	8281	94	8814	13.538	5.524
283	NaN	573	NaN	550	0	1	363	81	74	0	404	40	8624	41	8812	85	8698	90	8890	14.025	5.675
283.1	NaN	585	NaN	566	0	-13	357	61	51	0	405	44	8987	34	8968	93	9064	73	9012	14.493	5.264
283.2	NaN	600	NaN	593	0	-37	358	51	49	0	402	49	9360	23	8900	104	9465	48	8979	14.722	3.041
283.3	NaN	581	NaN	603	0	-53	362	68	69	0	404	59	9764	16	8853	123	9925	35	9011	14.981	0.637
283.4	NaN	573	NaN	632	0	-56	358	70	69	0	400	57	10086	14	8983	120	10004	30	9010	15.22	4.929
283.5	NaN	573	NaN	594	0	-43	359	79	78	0	404	53	10112	19	9141	110	10374	39	9451	15.426	3.298
283.6	NaN	571	NaN	547	0	-15	362	100	100	0	403	42	9999	29	9664	86	10276	62	10051	15.686	3.507
283.7	NaN	592	NaN	551	0	-12	358	100	100	0	404	41	9991	31	9958	84	10126	63	10338	16.093	3.298
283.8	NaN	571	NaN	553	0	-14	360	100	100	0	405	41	10267	31	10065	83	10359	63	10164	16.501	4.102
283.9	NaN	598	NaN	563	0	-17	357	100	100	0	405	41	10506	30	10260	84	10647	59	10381	16.878	4.056
284	NaN	568	NaN	567	0	-13	361	100	100	0	404	31	10686	22	10462	60	10743	45	10516	17.17	3.467
284.1	NaN	556	NaN	551	0	-7	358	100	100	0	405	25	10727	21	10595	50	10844	42	10662	17.42	2.118
284.2	NaN	563	NaN	579	0	0	359	100	100	0	405	19	10640	19	10857	37	10785	39	10931	17.541	1.205
284.3	NaN	596	NaN	586	0	3	359	100	100	0	405	20	10703	23	11033	41	10801	44	11086	17.681	0.856
284.4	NaN	625	NaN	597	0	4	362	100	100	0	404	16	10766	18	11034	30	10843	34	11170	17.827	-0.246
284.5	NaN	576	NaN	582	0	5	365	100	100	0	405	17	10744	18	11228	32	10807	35	11249	17.892	0.875
284.6	NaN	571	NaN	610	1	3	358	100	100	0	404	15	10841	17	11164	30	10944	31	11250	17.961	1.306
284.7	NaN	580	NaN	601	1	4	358	100	100	0	404	13	10801	13	11304	26	10937	28	11276	18.014	-0.615
284.8	NaN	573	NaN	590	1	3	360	100	100	0	405	15	10838	17	11241	29	10946	32	11306	18.031	1.007
284.9	NaN	571	NaN	603	1	3	361	100	100	0	403	12	10896	13	11287	23	10981	25	11308	18.071	0.675
285	NaN	578	NaN	593	1	3	362	100	100	0	405	13	10878	13	11247	25	10934	27	11253	18.111	-0.401
285.1	NaN	556	NaN	661	1	1	363	100	100	0	404	11	10967	12	11217	21	11053	23	11296	18.134	0.906
285.2	NaN	549	NaN	608	1	-1	359	100	100	0	404	9	10952	9	11271	18	11047	16	11253	18.123	-0.627
285.3	NaN	543	NaN	610	1	-1	363	100	100	0	402	11	10997	11	11154	21	11070	21	11276	18.147	0.087
285.4	NaN	558	NaN	601	1	-4	359	100	100	0	406	7	11063	6	11226	12	11105	12	11207	18.136	-0.926
285.5	NaN	535	NaN	664	1	-6	363	100	100	0	403	8	11032	7	11135	17	11042	15	11153	18.093	-0.836
285.6	NaN	542	NaN	664	1	-4	364	100	100	0	402	8	11053	8	11173	16	11098	15	11123	18.113	0.444
285.7	NaN	542	NaN	612	1	-3	362	100	100	0	405	8	10973	7	11121	15	11024	15	11146	18.072	-0.142
285.8	NaN	539	NaN	612	1	-5	363	100	100	0	403	10	11044	9	11139	19	11103	18	11147	18.079	0.153
285.9	NaN	548	NaN	650	1	-6	363	100	100	0	407	8	11035	7	11121	15	11059	13	11112	18.081	-1.091
286	NaN	538	NaN	597	1	-9	363	100	100	0	405	9	11043	8	11055	18	11119	16	11141	18.053	0.44
286.1	NaN	551	NaN	587	1	-7	359	100	100	0	402	7	11092	7	11110	13	11109	11	11072	18.055	-1.004
286.2	NaN	537	NaN	590	1	-2	358	100	100	0	401	9	11000	8	11069	18	11015	17	11113	18.035	-0.047
286.3	NaN	551	NaN	615	1	-2	358	100	100	0	401	10	11022	10	11161	18	11078	19	11144	18.07	1.194
286.4	NaN	550	NaN	602	1	-2	362	100	100	0	404	8	10967	8	11181	15	11015	15	11179	18.037	-0.094
286.5	NaN	566	NaN	596	1	-1	359	100	100	0	403	11	10990	11	11214	22	11063	22	11213	18.078	0.625
286.6	NaN	547	NaN	618	1	-1	359	100	100	0	405	9	11026	9	11208	16	11070	16	11184	18.099	-0.607
286.7	NaN	550	NaN	608	1	-0	361	100	100	0	403	10	10975	9	11167	21	11062	19	11269	18.098	1.455
286.8	NaN	546	NaN	611	1	-2	363	100	100	0	403	9	11091	9	11215	16	11112	15	11187	18.114	-0.202
286.9	NaN	543	NaN	581	1	-6	359	100	100	0	403	7	11022	6	11104	14	11002	12	11171	18.106	-0.624
287	NaN	540	NaN	603	1	-5	358	100	100	0	402	10	11082	8	11181	19	11152	17	11171	18.086	0.703
287.1	NaN	553	NaN	599	0	-9	364	100	100	0	402	8	11129	7	11053	15	11138	12	11064	18.064	-1.06
287.2	NaN	537	NaN	612	0	-11	360	100	100	0	402	10	11129	8	11043	20	11222	17	11030	18.078	1.397
287.3	NaN	539	NaN	598	0	-12	360	100	100	0	402	10	11206	8	10956	19	11280	15	10997	18.076	-0.208
287.4	NaN	545	NaN	600	0	-12	362	100	100	0	401	12	11195	10	10968	25	11281	19	11060	18.083	0.634
287.5	NaN	540	NaN	612	0	-12	358	100	100	0	402	10	11291	8	11040	18	11317	15	11011	18.088	-1.302
287.6	NaN	538	NaN	607	0	-10	363	100	100	0	402	10	11158	8	10953	20	11184	15	11036	18.123	-1.827
287.7	NaN	541	NaN	624	0	-9	362	100	100	0	403	10	11175	8	11087	18	11264	16	11068	18.123	1.377
287.8	NaN	549	NaN	582	0	-7	362	100	100	0	405	7	11075	6	11082	14	11037	12	11080	18.067	-1.26
287.9	NaN	535	NaN	613	0	-7	361	100	100	0	403	9	11051	8	11054	19	11150	16	11088	18.036	0.381
288	NaN	550	NaN	621	0	-8	357	100	100	0	404	8	11065	6	11053	14	11058	12	11050	18.01	-1.414
288.1	NaN	534	NaN	601	0	-7	358	100	100	0	403	10	11007	9	10995	20	11100	17	11083	17.954	-0.03
288.2	NaN	545	NaN	616	1	-5	361	100	100	0	403	10	11028	8	11049	18	11068	16	11052	17.96	-0.322
288.3	NaN	536	NaN	588	1	-7	356	100	100	0	402	9	10971	9	11001	19	11006	17	11030	17.929	-0.987
288.4	NaN	529	NaN	610	1	-6	357	100	100	0	401	12	11020	10	11039	23	11069	21	11048	17.939	0.91
288.5	NaN	535	NaN	591	1	-5	362	100	100	0	402	9	10958	9	10985	18	10991	17	11025	17.93	-0.29
288.6	NaN	560	NaN	604	1	-5	361	100	100	0	403	12	10933	11	11018	26	11061	24	11081	17.929	1.051
288.7	NaN	546	NaN	613	1	-4	361	100	100	0	401	10	11022	8	11082	18	11038	16	11063	17.949	-0.649
288.8	NaN	545	NaN	592	1	-3	360	99	90	0	402	11	10908	11	10994	23	11011	20	11108	17.98	0.537
288.9	NaN	551	NaN	627	0	-3	364	59	51	0	403	10	11043	9	11151	19	11068	18	11130	17.996	-0.49
289	NaN	603	NaN	530	0	-3	357	0	0	0	404	-12	10837	-13	10975	-9	10750	-9	10906	17.872	-3.427
289.1	NaN	565	NaN	648	0	-2	356	0	0	0	403	-32	10504	-33	10782	-23	10599	-24	10739	17.555	-3.315
289.2	NaN	565	NaN	626	0	-3	357	0	0	0	403	-49	10177	-49	10442	-37	10196	-37	10354	17.006	-6.076
289.3	NaN	547	NaN	624	0	-2	357	0	0	0	403	-50	9842	-51	10033	-39	9508	-39	9894	16.463	-6.091
289.4	NaN	542	NaN	636	0	2	357	0	0	0	401	-53	9459	-51	9710	-41	8997	-41	9696	15.873	-6.019
289.5	NaN	540	NaN	612	0	-0	358	0	0	0	402	-53	8954	-53	9436	-42	9152	-42	9345	15.191	-5.478
289.6	NaN	540	NaN	627	0	0	360	0	0	0	402	-55	8732	-56	8979	-45	8469	-45	8728	14.579	-6.56
289.7	NaN	540	NaN	625	0	4	359	0	0	0	401	-56	8274	-53	8539	-46	8243	-44	8527	13.918	-7.184
289.8	NaN	546	NaN	627	0	17	363	0	0	0	403	-58	7675	-49	8470	-51	5669	-42	8389	13.206	-8.257
289.9	NaN	557	NaN	660	0	19	362	5	0	0	403	-51	6790	-43	7990	-47	7216	-36	7958	12.545	-1.681
290	NaN	549	NaN	654	0	22	358	6	0	0	400	-49	6667	-40	7676	-43	4487	-34	7594	12.015	-4.873
290.1	NaN	556	NaN	643	0	21	358	10	4	0	403	-44	6233	-34	7384	-39	2224	-31	7323	11.419	-5.257
290.2	NaN	557	NaN	608	0	36	361	32	24	0	404	2	6296	5	7284	5	3917	11	7294	11.048	-3.08
290.3	NaN	565	NaN	619	0	41	363	31	22	0	403	2	6137	4	7157	4	6035	9	7160	10.853	-2.387
290.4	NaN	549.5	NaN	531	0	44	364	30	21	0	403	1	6010	2	7002	1	5993	5	6980	10.647	-3.03
290.5	NaN	551	NaN	544	0	53	364	21	11	0	405	-5	5837	-3	6868	-4	5860	-3	6880	10.465	-2.003
290.6	NaN	552.5	NaN	543	0	57	361	25	17	0	404	0	5626	-0	6812	-0	4831	-0	6774	10.152	-4.368
290.7	NaN	554	NaN	546	0	62	360	26	18	0	403	-0	5410	0	6542	-0	5473	-0	6615	9.887	-1.144
290.8	NaN	555.5	NaN	547	0	65	365	29	21	0	405	0	5248	0	6345	0	5223	0	6430	9.604	-2.489
290.9	NaN	557	NaN	693	0	68	360	34	26	0	404	1	5070	11	6348	3	5093	27	6394	9.371	-1.897
291	NaN	558.5	NaN	628	0	69	360	39	31	0	402	2	5009	22	6286	5	5024	53	6324	9.226	-2.807
291.1	NaN	560	NaN	592	0	78	359	41	32	0	405	2	4867	29	6281	5	5051	68	6322	9.32	2.618
291.2	NaN	576	NaN	576	0	81	358	48	40	0	404	1	4936	49	6490	2	4925	118	6480	9.24	-0.692
291.3	NaN	573	NaN	559	0	82	363	47	38	0	401	1	4791	48	6569	3	4917	115	6671	9.349	1.256
291.4	NaN	545	NaN	571	0	72	357	61	53	0	403	6	4926	79	6812	15	5075	187	7102	9.424	2.45
291.5	NaN	519	NaN	590	0	60	358	79	73	0	404	15	5677	87	7160	35	5696	202	7377	9.784	5.913
291.6	NaN	526	NaN	568	0	40	359	100	100	0	404	26	6402	73	7010	60	6780	171	7447	10.114	2.678
291.7	NaN	551	NaN	565	0	17	360	100	100	0	405	37	7277	57	6992	88	7488	133	7334	10.522	3.213
291.8	NaN	552	NaN	573	0	15	362	100	100	0	405	38	7739	54	7150	88	7418	122	7425	11.006	5.69
291.9	NaN	559	NaN	562	0	15	358	100	100	0	404	37	9680	54	7238	85	7130	124	7284	11.477	5.987
292	NaN	547	NaN	551	0	16	359	100	100	0	405	38	7296	54	7692	87	7325	122	7721	12.075	4.952
292.1	NaN	558	NaN	568	0	17	361	100	100	0	403	34	7591	54	8021	77	7553	120	8079	12.65	6.848
292.2	NaN	554	NaN	545	0	15	360	100	100	0	405	35	7866	50	8412	77	7880	111	8459	13.11	4.77
292.3	NaN	569	NaN	537	0	15	359	100	100	0	405	34	8179	49	8649	76	8229	106	8725	13.615	4.063
292.4	NaN	555	NaN	561	0	15	359	100	100	0	405	33	8417	48	8904	71	8472	103	9023	14.068	3.655
292.5	NaN	568	NaN	540	0	7	358	100	97	0	405	38	8755	43	9122	80	8875	90	9222	14.461	3.203
292.6	NaN	565	NaN	578	0	6	363	42	32	0	405	29	8945	29	9290	62	9055	70	9413	14.945	4.874
292.7	NaN	585	NaN	566.1346154	0	-9	365	23	14	0	405	-1	8889	-2	9075	-1	8939	-2	8990	14.77	-1.104
292.8	NaN	571	NaN	565.7692308	0	-15	360	4	0	0	402	-19	8937	-23	8645	-16	9004	-19	8612	14.503	-4.221
292.9	NaN	564	NaN	565.4038462	0	-27	359	9	10	0	401	-32	8735	-40	8167	-27	8664	-31	8080	14.02	-5.755
293	NaN	589	NaN	565.0384615	0	-35	363	16	17	0	400	-7	8615	-11	7904	-6	8608	-9	7957	13.673	-2.877
293.1	NaN	590	NaN	564.6730769	0	-44	359	19	20	0	401	-2	8518	-3	7687	-1	8489	-2	7575	13.326	-3.741
293.2	NaN	594	NaN	564.3076923	0	-46	365	16	10	0	400	-5	8283	-8	7337	-4	8335	-8	7430	13.028	-3.534
293.3	NaN	575	NaN	563.9423077	0	-53	361	8	4	0	401	-18	8014	-33	6627	-16	8058	-29	5762	12.614	-5.297
293.4	NaN	583	NaN	563.5769231	0	-55	362	11	9	0	400	-20	7775	-35	5541	-18	7839	-31	4743	11.992	-4.689
293.5	NaN	596	NaN	563.2115385	0	-57	361	18	15	0	400	-10	7515	-15	5778	-9	7563	-12	4448	11.37	-2.266
293.6	NaN	584	NaN	562.8461538	0	-51	363	27	25	0	401	2	7225	0	5827	4	7293	1	5576	10.875	-2.483
293.7	NaN	529	NaN	562.4807692	0	-35	359	32	29	0	400	11	7055	5	5808	25	7180	11	5872	10.576	-1.421
293.8	NaN	592	NaN	562.1153846	0	-1	360	34	29	0	401	9	6814	8	5980	21	6864	21	6074	10.396	1.475
293.9	NaN	573	NaN	561.75	0	-10	363	34	32	0	402	12	6447	9	6211	27	6477	21	6569	10.415	2.16
294	NaN	571	NaN	561.3846154	0	-20	357	36	36	0	402	17	6495	11	6327	38	6551	26	6385	10.536	0.702
294.1	NaN	643	NaN	561.0192308	0	-29	357	42	42	0	402	32	6867	16	6427	75	6974	37	6491	10.746	3.341
294.2	NaN	565	NaN	560.6538462	0	-32	359	42	42	0	403	31	7172	14	6505	72	7240	33	6617	10.944	-0.538
294.3	NaN	549	NaN	560.2884615	0	-30	358	32	26	0	403	14	7189	7	6660	33	7251	11	6647	11.277	3.3
294.4	NaN	524	NaN	559.9230769	0	-29	359	32	34	0	402	15	7213	7	6586	36	7243	18	6586	11.148	-1.766
294.5	NaN	586	NaN	559.5576923	0	-30	362	28	21	0	404	-0	7033	-0	6407	0	7090	-0	6533	11.159	-0.661
294.6	NaN	587	NaN	559.1923077	0	-17	362	28	23	0	402	-0	7035	0	6519	1	7030	0	6489	10.997	-0.963
294.7	NaN	585	NaN	558.8269231	0	12	363	22	10	0	405	-8	6476	-8	6699	-7	6550	-7	6697	10.857	-2.772
294.8	NaN	587	NaN	558.4615385	0	44	363	30	21	0	404	0	6077	1	6876	1	6119	3	6868	10.602	-2.807
294.9	NaN	556	NaN	558.0961538	0	49	363	33	24	0	403	2	5848	7	6959	4	5890	17	6955	10.414	-1.383
295	NaN	542	NaN	557.7307692	0	55	365	33	24	0	405	1	5755	7	6869	3	5745	17	6828	10.265	-3.074
295.1	NaN	589	NaN	557.3653846	0	55	361	36	28	0	404	3	5644	16	6873	8	5691	37	6863	10.132	0.358
295.2	NaN	640	NaN	549	0	56	357	46	38	0	406	8	5635	37	6925	20	5730	89	7002	10.096	1.227
295.3	NaN	602	NaN	542	0	56	360	46	38	0	405	8	5698	39	7012	19	5819	92	7096	10.234	1.987
295.4	NaN	559	NaN	559	0	57	362	47	39	0	404	8	5768	40	6977	20	6643	95	7123	10.396	-0.694
295.5	NaN	523	NaN	557	0	50	357	60	52	0	405	18	6043	68	7398	42	9278	161	7859	10.564	2.399
295.6	NaN	528	NaN	542	0	36	358	87	79	0	404	26	7063	65	7477	61	7730	146	7707	10.979	2.261
295.7	NaN	550	NaN	531	0	18	362	100	94	0	406	35	7012	56	7581	80	7542	124	7806	11.476	4.551
295.8	NaN	544	NaN	559	0	10	362	100	100	0	405	39	7876	49	7589	89	7755	110	7739	11.951	4.855
295.9	NaN	520	NaN	528	0	34	363	100	95	0	404	29	7805	60	8016	65	7691	138	8082	12.478	3.781
296	NaN	580	NaN	593	0	66	358	35	26	0	407	7	7502	26	8326	13	7447	41	8320	12.819	2.261
296.1	NaN	586	NaN	540	0	68	360	22	15	0	403	-8	6569	-3	7873	-6	6613	-2	8111	12.453	-4.293
296.2	NaN	584	NaN	543	0	62	361	29	22	0	403	0	6588	0	7790	0	6636	0	7937	11.981	-4.091
296.3	NaN	588	NaN	590	0	51	358	38	31	0	403	3	6548	18	7663	11	6618	47	7805	11.716	-2.838
296.4	NaN	578	NaN	549	0	42	359	46	39	0	405	13	6691	37	7778	30	6714	83	7912	11.769	1.377
296.5	NaN	545	NaN	557	0	38	362	56	49	0	404	22	7183	56	7971	50	6938	128	8144	12.002	5.581
296.6	NaN	579	NaN	553	0	2	360	54	46	0	403	36	7420	39	7901	81	7448	85	8114	12.417	7.391
296.7	NaN	591	NaN	613	0	-24	361	39	37	0	403	23	7901	13	7535	52	7922	30	7657	12.624	1.463
296.8	NaN	544	NaN	575	0	-37	364	31	30	0	401	10	8060	4	7385	23	8108	9	7479	12.617	-1.28
296.9	NaN	548	NaN	556.0833333	0	-49	363	31	31	0	403	14	8063	4	7189	32	8116	9	7325	12.516	-1.464
297	NaN	583	NaN	555.1666667	0	-48	357	32	33	0	402	16	8109	4	7078	36	8024	11	7153	12.372	-2.058
297.1	NaN	525	NaN	554.25	0	-50	356	35	35	0	400	22	8059	6	7043	49	8072	14	7086	12.294	-0.829
297.2	NaN	544	NaN	553.3333333	0	-45	359	40	40	0	401	32	8064	10	7082	73	8113	23	7132	12.302	1.075
297.3	NaN	555	NaN	552.4166667	0	-43	360	50	51	0	402	54	8260	19	7314	121	8307	43	7470	12.435	3.175
297.4	NaN	548	NaN	592	0	-39	356	55	55	0	402	60	8416	24	7680	135	8589	52	7873	12.768	4.052
297.5	NaN	556	NaN	590	0	-27	358	53	51	0	403	52	8449	26	8195	114	8662	60	8073	13.205	4.26
297.6	NaN	565	NaN	565	0	-6	362	49	40	0	404	30	8456	26	8344	66	8637	58	8300	13.59	3.213
297.7	NaN	583	NaN	613	0	2	362	43	33	0	404	19	8393	20	8538	42	8583	42	8562	13.777	1.459
297.8	NaN	579	NaN	557	0	14	358	45	39	0	403	21	8408	28	8837	46	8546	62	8902	13.98	1.01
297.9	NaN	563	NaN	552	0	21	358	48	40	0	404	22	8541	34	9077	47	8633	74	9168	14.176	1.593
298	NaN	567	NaN	544	0	26	362	48	40	0	403	21	8556	36	9254	44	8629	76	9372	14.384	1.349
298.1	NaN	556	NaN	536	0	26	361	48	40	0	404	21	8757	36	9395	44	8657	77	9499	14.557	3.146
298.2	NaN	565	NaN	527	0	25	361	50	43	0	404	24	8843	42	9573	50	8804	88	9601	14.735	1.993
298.3	NaN	561	NaN	551	0	25	363	61	53	0	406	28	9302	47	9628	59	9060	100	9748	14.978	2.915
298.4	NaN	540	NaN	522	0	18	358	87	79	0	404	30	9228	46	9800	63	9319	94	9890	15.23	2.823
298.5	NaN	553	NaN	526	0	16	356	100	100	0	404	30	9430	44	9917	64	9501	89	10056	15.514	2.197
298.6	NaN	534	NaN	528	0	6	361	100	100	0	404	34	9643	39	10105	71	9667	79	10154	15.809	3.71
298.7	NaN	556	NaN	532	0	-6	362	100	100	0	404	39	10028	33	10028	79	9981	68	10122	16.129	3.113
298.8	NaN	550	NaN	542	0	-12	359	100	100	0	403	40	10256	31	10057	81	10405	62	10217	16.421	2.268
298.9	NaN	554	NaN	550	0	-16	360	100	100	0	402	40	10502	29	10285	82	10640	58	10390	16.671	3.251
299	NaN	556	NaN	566	0	-24	357	100	100	0	402	38	10725	23	10313	76	10762	46	10409	16.949	3.214
299.1	NaN	540	NaN	552	0	-20	361	100	100	0	403	38	10816	24	10355	75	10979	48	10533	17.161	1.417
299.2	NaN	542	NaN	567	0	-20	355	100	100	0	403	31	10945	21	10549	61	10968	41	10558	17.322	2.411
299.3	NaN	552	NaN	565	0	-18	357	100	100	0	404	26	10927	18	10583	51	11069	34	10627	17.482	1.615
299.4	NaN	555	NaN	577	0	-16	357	100	100	0	402	27	11017	19	10607	54	11128	37	10747	17.559	0.709
299.5	NaN	553	NaN	631	0	-16	360	100	100	0	404	21	11047	16	10761	41	11085	30	10777	17.669	0.203
299.6	NaN	557	NaN	602	0	-13	363	100	100	0	402	19	10996	15	10724	38	11150	30	10801	17.69	0.983
299.7	NaN	556	NaN	623	0	-11	361	100	100	0	403	19	11050	15	10762	37	10992	30	10866	17.732	1.117
299.8	NaN	538	NaN	629	0	-8	361	100	100	0	402	14	10942	12	10875	27	11029	23	10907	17.77	0.022
299.9	NaN	554	NaN	615	0	-5	361	100	100	0	404	15	10903	13	10836	30	10988	27	10955	17.765	-0.051
300	NaN	563	NaN	609	0	-1	362	100	100	0	404	15	10831	14	11040	28	10921	28	11042	17.79	0.165
300.1	NaN	557	NaN	598	0	3	359	100	100	0	403	18	10765	18	11088	34	10908	36	11147	17.809	-0.341
300.2	NaN	569	NaN	620	0	3	359	100	100	0	404	16	10787	18	11142	31	10817	34	11201	17.843	2.071
300.3	NaN	579	NaN	609	1	3	359	100	100	0	404	14	10821	15	11150	27	10912	29	11150	17.86	0.081
300.4	NaN	570	NaN	626	1	0	359	100	100	0	404	15	10867	15	11052	28	10929	29	11142	17.853	-0.24
300.5	NaN	554	NaN	630	1	-0	359	100	100	0	404	13	10897	13	11097	25	10961	25	11117	17.905	0.542
300.6	NaN	568	NaN	645	1	-3	360	100	100	0	402	12	10895	12	11066	24	11008	24	11137	17.888	-0.433
300.7	NaN	575	NaN	654	1	0	359	100	100	0	405	13	10917	13	11160	25	10926	25	11165	17.916	1.684
300.8	NaN	568	NaN	636	1	1	360	100	100	0	402	11	10901	12	11121	22	10990	22	11130	17.933	0.218
300.9	NaN	562	NaN	669	1	-0	360	100	100	0	404	13	10910	13	11212	25	10937	26	11197	17.95	0.783
301	NaN	561	NaN	612	1	0	361	100	100	0	405	11	10959	12	11184	22	11010	22	11177	17.987	0.469
301.1	NaN	551	NaN	602	1	-0	357	100	100	0	403	11	10920	11	11150	21	11053	21	11203	17.986	-0.268
301.2	NaN	529	NaN	615	1	-2	361	100	100	0	405	11	11032	10	11177	20	11021	19	11153	18.011	0.705
301.3	NaN	532	NaN	606	1	-4	359	100	100	0	403	7	11003	7	11074	14	11080	13	11102	17.982	-1.057
301.4	NaN	549	NaN	613	1	-2	361	100	100	0	406	12	10935	11	11162	25	10994	24	11166	17.985	1.041
301.5	NaN	544	NaN	608	1	-1	361	100	100	0	406	10	10984	11	11120	18	11027	18	11131	18.008	-0.766
301.6	NaN	541	NaN	588	1	-1	363	100	100	0	404	11	10921	10	11182	23	11016	21	11188	18	-0.247
301.7	NaN	530	NaN	683	1	-3	363	100	92	0	403	11	11050	10	11148	19	11057	19	11123	18.022	0.417
301.8	NaN	529	NaN	584	1	-4	359	74	67	0	404	8	11000	7	11070	16	11106	15	11096	18.001	-0.784
301.9	NaN	528	NaN	609	0	-7	362	55	48	0	402	10	11031	8	11133	19	11039	18	11109	17.977	1.115
302	NaN	527	NaN	594	0	-6	359	55	49	0	404	8	11041	8	10989	16	11090	15	11036	17.957	-0.851
302.1	NaN	542	NaN	592	0	-6	358	55	49	0	403	11	10968	9	11116	20	10988	19	11091	17.939	0.44
302.2	NaN	545	NaN	604	0	-4	359	31	26	0	403	9	10981	9	11033	17	11044	16	11042	17.95	0.568
302.3	NaN	590	NaN	541	0	-0	356	1	0	0	403	-16	10681	-15	10909	-12	10795	-11	10844	17.719	-3.518
302.4	NaN	561	NaN	683	0	-1	366	0	0	0	402	-35	10470	-35	10707	-27	10274	-28	10607	17.352	-5.036
302.5	NaN	545	NaN	639	0	-3	365	0	0	0	403	-48	10125	-49	10276	-37	10141	-38	10222	16.804	-6.582
302.6	NaN	541	NaN	637	0	-3	364	0	0	0	401	-50	9623	-52	9868	-39	9764	-40	9877	16.179	-6.255
302.7	NaN	542	NaN	623	0	-3	361	0	0	0	402	-52	9335	-53	9452	-42	9270	-42	9301	15.537	-7.08
302.8	NaN	537	NaN	634	0	-2	473	0	0	0	505	-54	8908	-56	9017	-45	8792	-45	8950	14.841	-9.28
302.9	NaN	534	NaN	641	0	4	561	0	0	0	553	-56	7991	-53	8520	-47	8250	-44	8530	13.969	-8.213
303	NaN	536	NaN	629	0	9	543	0	0	0	533	-57	6783	-48	8040	-49	6318	-44	8024	13.16	-3.902
303.1	NaN	536	NaN	638	0	18	451	0	0	0	463	-58	6688	-49	7617	-51	6446	-43	7628	12.05	-8.91
303.2	NaN	547	NaN	650	0	42	365	0	0	0	408	-64	5138	-42	7090	-57	5906	-38	7213	11.438	-6.325
303.3	NaN	541	NaN	644	0	44	362	9	1	0	401	-54	5510	-34	7106	-49	330	-31	6943	10.616	-6.051
303.4	NaN	585	NaN	543	0	33	363	30	23	0	401	0	5635	2	6884	2	3462	2	6876	10.182	-4.105
303.5	NaN	611	NaN	651	0	30	363	36	27	0	404	6	5661	12	6713	14	5734	30	6774	10.056	-0.654
303.6	NaN	604	NaN	568	0	21	362	43	37	0	403	15	5812	26	6644	36	5974	61	6731	10.055	2.657
303.7	NaN	571	NaN	554	0	9	359	46	43	0	403	24	6206	30	6561	57	6320	72	6616	10.315	1.729
303.8	NaN	581	NaN	549	0	28	359	50	43	0	404	20	6340	39	6928	48	6352	91	7009	10.617	3.31
303.9	NaN	540	NaN	536	0	38	363	53	45	0	405	19	6385	49	7271	44	6376	113	7317	10.91	3.627
304	NaN	544	NaN	549	0	21	360	56	50	0	404	30	7178	50	7747	69	6736	117	7659	11.348	6.623
304.1	NaN	612	NaN	574	0	14	365	50	47	0	405	19	6971	29	7484	43	7061	63	7569	11.746	-2.168
304.2	NaN	562	NaN	597	0	14	362	36	27	0	406	11	7380	10	7663	23	7374	31	7735	12.235	5.882
304.3	NaN	549	NaN	525	0	18	362	56	49	0	406	32	7335	47	7934	72	7761	104	8065	12.323	4.153
304.4	NaN	574	NaN	554	0	27	365	46	41	0	403	18	7462	34	8162	40	7628	73	8224	12.706	0.542
304.5	NaN	552	NaN	533	0	25	362	53	43	0	404	24	7784	41	8476	53	7800	91	8558	13.061	3.749
304.6	NaN	545	NaN	528	0	20	359	53	46	0	405	27	7947	44	8711	59	8078	96	8800	13.395	3.651
304.7	NaN	557	NaN	530	0	18	365	61	54	0	404	33	8215	50	8983	72	8329	108	9036	13.746	4.943
304.8	NaN	524	NaN	558	0	17	362	67	60	0	403	32	8489	47	9163	69	8613	100	9225	14.192	4.157
304.9	NaN	550	NaN	528	0	15	360	71	63	0	404	33	8911	44	9355	69	8797	95	9403	14.619	7.288
305	NaN	561	NaN	519	0	0	364	64	57	0	402	38	9154	38	9472	80	9235	82	9595	15.002	3.741
305.1	NaN	563	NaN	535	0	-15	359	50	46	0	404	41	9614	30	9427	84	9696	63	9544	15.451	4.851
305.2	NaN	561	NaN	558	0	-24	359	47	46	0	404	41	9934	26	9608	84	10073	53	9701	15.724	2.414
305.3	NaN	545	NaN	577	0	-29	362	47	46	0	404	44	10167	22	9761	90	10225	47	9799	16.025	3.927
305.4	NaN	554	NaN	565	0	-30	357	47	48	0	404	44	10436	24	9798	90	10538	49	9889	16.288	4.636
305.5	NaN	557	NaN	544	0	-16	362	67	68	0	403	42	10465	28	10024	85	10658	57	10126	16.561	2.745
305.6	NaN	544	NaN	553	0	-11	358	73	69	0	404	36	10505	29	10371	73	10572	56	10436	16.9	3.951
305.7	NaN	569	NaN	554	0	-1	360	100	100	0	404	26	10562	24	10524	52	10683	48	10581	17.152	0.035
305.8	NaN	556	NaN	544	0	16	362	100	100	0	403	23	10395	32	10917	46	10547	67	11016	17.307	0.837
305.9	NaN	581	NaN	548	0	15	362	100	100	0	405	22	10678	28	11116	43	10554	55	11116	17.56	2.909
306	NaN	553	NaN	564	0	12	362	100	100	0	405	19	10603	23	11122	37	10725	47	11232	17.683	1.016
306.1	NaN	567	NaN	571	0	6	357	100	100	0	405	19	10669	23	11223	37	10793	43	11244	17.811	2.236
306.2	NaN	559	NaN	599	0	-0	359	100	100	0	405	16	10882	16	11088	31	10931	29	11164	17.879	0.956
306.3	NaN	548	NaN	599	0	-5	362	100	100	0	404	11	10914	11	11023	21	11021	20	11079	17.934	-1.039
306.4	NaN	533	NaN	588	0	-8	360	100	100	0	406	11	10995	10	11004	23	11014	20	11071	17.886	-0.288
306.5	NaN	560	NaN	594	0	-9	358	100	100	0	404	15	11118	12	10868	30	11126	25	10980	17.881	-0.281
306.6	NaN	533	NaN	624	0	-9	363	100	100	0	402	12	11067	9	10988	22	11102	18	10921	17.864	-1.406
306.7	NaN	546	NaN	593	0	-9	362	100	100	0	403	15	11045	12	10813	29	11206	25	10950	17.856	2.936
306.8	NaN	555	NaN	608	0	-10	358	100	100	0	405	17	11067	14	10909	33	11146	27	11080	17.868	0.594
306.9	NaN	542	NaN	595	0	-6	362	100	100	0	403	11	11029	9	10975	21	11097	18	10991	17.849	-0.355
307	NaN	543	NaN	599	0	-6	357	100	100	0	403	12	10982	11	10948	23	11057	21	11014	17.804	-0.99
307.1	NaN	558	NaN	614	0	-3	357	100	100	0	403	13	10881	12	11001	25	10890	24	10982	17.868	-1.5
307.2	NaN	547	NaN	623	0	-2	358	100	100	0	403	12	10928	11	10934	22	11023	21	11027	17.822	1.542
307.3	NaN	558	NaN	602	0	-1	362	44	38	0	405	12	10878	11	11063	25	10942	24	11036	17.814	-0.574
307.4	NaN	575	NaN	623	0	-1	363	0	0	0	405	-11	10716	-12	10852	-8	10768	-9	10839	17.685	-2.686
307.5	NaN	554	NaN	631	0	1	362	0	0	0	401	-31	10482	-31	10631	-25	10500	-24	10654	17.275	-4.611
307.6	NaN	541	NaN	635	0	2	358	0	0	0	404	-51	10025	-49	10340	-39	9915	-38	10255	16.707	-6.876
307.7	NaN	537	NaN	627	0	3	358	0	0	0	403	-51	9649	-50	9928	-41	9567	-39	9892	16.072	-5.345
307.8	NaN	531	NaN	633	0	11	361	0	0	0	402	-56	9038	-51	9588	-45	9031	-40	9529	15.435	-6.705
307.9	NaN	541	NaN	657	0	12	361	0	0	0	401	-59	8516	-51	9304	-47	8436	-43	9184	14.728	-7.165
308	NaN	531	NaN	634	0	8	361	0	0	0	403	-57	8114	-52	8848	-48	8096	-43	8688	14.048	-7.275
308.1	NaN	539	NaN	640	0	-7	359	0	0	0	403	-55	7983	-55	8292	-46	7899	-47	8147	13.371	-7.761
308.2	NaN	552	NaN	643	0	-26	362	0	0	0	399	-47	7948	-60	7507	-42	7924	-51	7303	12.696	-8.17
308.3	NaN	537	NaN	695	0	-35	358	0	0	0	400	-45	7719	-62	6763	-40	7684	-54	4602	12.014	-7.452
308.4	NaN	557	NaN	921	0	-42	361	0	0	0	401	-42	7366	-65	5834	-38	7374	-56	812	11.411	-5.982
308.5	NaN	557	NaN	685	0	-49	357	4	5	0	401	-32	7134	-54	5718	-29	7110	-41	13	10.74	-5.686
308.6	NaN	591	NaN	786	0	-45	363	13	13	0	400	-17	6810	-27	5705	-15	6738	-23	931	10.2	-4.879
308.7	NaN	566	NaN	705	0	-26	365	19	18	0	403	-5	6538	-7	5681	-5	6466	-7	2202	9.901	-3.767
308.8	NaN	552.25	NaN	544	0	-14	360	27	21	0	404	-0	6152	-0	5686	-0	6161	0	5703	9.711	0.21
308.9	NaN	555	NaN	542	0	4	358	30	24	0	404	0	5784	0	5936	0	5826	0	5937	9.597	-1.247
309	NaN	557.75	NaN	616	0	34	360	41	34	0	403	11	5670	22	6253	25	5720	56	6272	9.655	-0.004
309.1	NaN	574	NaN	657	0	46	358	41	31	0	404	8	5615	24	6478	18	5662	55	6473	9.812	0.834
309.2	NaN	596	NaN	619	0	48	360	41	34	0	404	8	5526	26	6688	19	5520	61	6654	9.832	0.454
309.3	NaN	608	NaN	644	0	48	360	41	34	0	403	7	5570	26	6778	18	5611	61	6770	9.958	1.485
309.4	NaN	600	NaN	650	0	45	360	41	34	0	406	8	5671	26	6776	19	5691	61	6815	10.044	0.626
309.5	NaN	601	NaN	589	0	44	363	41	35	0	404	9	5815	27	6774	21	5833	62	6851	10.189	1.893
309.6	NaN	590	NaN	641.2857143	0	39	360	49	43	0	405	16	5908	42	7017	38	5919	97	7078	10.336	3.458
309.7	NaN	559	NaN	641.0714286	0	39	360	49	44	0	404	17	6132	46	7186	41	6333	107	7251	10.678	2.782
309.8	NaN	574	NaN	640.8571429	0	41	363	49	44	0	405	16	6336	44	7325	39	6437	101	7438	11.011	2.263
309.9	NaN	562	NaN	640.6428571	0	36	357	49	44	0	403	17	7231	44	7531	40	6750	98	7623	11.323	3.67
310	NaN	570	NaN	640.4285714	0	37	359	50	44	0	404	17	7026	44	7660	39	7200	100	7728	11.654	1.563
310.1	NaN	560	NaN	640.2142857	0	38	359	55	50	0	405	22	7379	56	8010	51	7133	127	8086	11.994	5.126
310.2	NaN	525	NaN	640	0	41	362	57	49	0	404	23	8129	61	8264	52	7490	138	8239	12.489	4.829
310.3	NaN	559	NaN	639.7857143	0	30	359	57	50	0	404	25	7540	54	8448	55	8465	121	8564	12.862	2.9
310.4	NaN	557	NaN	639.5714286	0	17	361	64	58	0	406	34	8264	48	8725	76	8161	106	8820	13.265	4.294
310.5	NaN	561	NaN	639.3571429	0	23	360	82	76	0	404	29	10438	50	8682	64	8407	110	8826	13.779	6.167
310.6	NaN	551	NaN	639.1428571	0	12	358	99	93	0	405	34	8625	46	9153	72	8664	96	9287	14.175	5.277
310.7	NaN	542	NaN	638.9285714	0	15	360	100	100	0	403	33	8807	44	9354	70	8960	94	9407	14.715	3.491
310.8	NaN	545	NaN	638.7142857	0	17	362	100	100	0	405	32	9068	44	9648	68	9140	92	9647	15.138	5.357
310.9	NaN	541	NaN	638.5	0	13	360	100	100	0	404	33	9311	42	9837	67	9390	87	9952	15.496	6.184
311	NaN	556	NaN	638.2857143	0	8	357	100	100	0	403	34	9641	41	9952	69	9811	83	10132	15.9	2.929
311.1	NaN	545	NaN	638.0714286	0	4	364	100	100	0	403	35	9925	38	10275	71	10012	77	10287	16.257	5.126
311.2	NaN	540	NaN	637.8571429	0	4	361	100	100	0	405	34	10124	37	10394	68	10217	76	10525	16.625	2.966
311.3	NaN	626	NaN	637.6428571	0	2	359	100	100	0	405	31	10384	33	10543	62	10483	65	10656	16.955	3.595
311.4	NaN	571	NaN	637.4285714	0	-3	358	100	100	0	403	24	10536	25	10741	49	10619	49	10746	17.226	2.125
311.5	NaN	543	NaN	637.2142857	1	-4	360	100	98	0	405	21	10656	19	10678	42	10681	39	10818	17.352	1.026
311.6	NaN	554	NaN	597	1	-9	357	89	82	0	403	22	10781	20	10665	44	10862	38	10831	17.536	2.359
311.7	NaN	554	NaN	598	0	-9	358	51	43	0	404	15	10814	13	10858	29	10936	25	10814	17.627	-0.102
311.8	NaN	530	NaN	589	0	-7	363	33	30	0	403	11	10818	10	10712	22	10940	19	10800	17.625	1.567
311.9	NaN	578	NaN	542	0	-7	364	15	12	0	406	-6	10721	-6	10476	-5	10744	-4	10571	17.596	-0.903
312	NaN	554	NaN	670	0	-8	358	0	0	0	402	-24	10547	-26	10565	-19	10534	-21	10527	17.215	-5.299
312.1	NaN	540	NaN	634	0	-5	362	0	0	0	399	-44	10196	-46	10053	-34	10180	-36	10093	16.773	-5.204
312.2	NaN	564	NaN	637	0	-5	373	0	0	0	408	-49	9862	-53	9746	-39	9838	-41	9634	16.165	-6.45
312.3	NaN	553	NaN	630	0	-7	501	0	0	0	499	-52	9327	-54	9281	-41	9293	-44	9152	15.427	-8.878
312.4	NaN	545	NaN	637	0	-5	586	0	0	0	597	-54	8708	-56	8621	-44	8661	-46	8318	14.535	-9.635
312.5	NaN	546	NaN	649	0	-2	741	0	0	0	715	-54	8056	-54	8069	-45	7861	-46	6919	13.509	-10.444
312.6	NaN	587	NaN	656	0	3	800	0	0	0	718	-55	7195	-52	7220	-47	7050	-46	7197	12.308	-10.989
312.7	NaN	556	NaN	659	0	15	722	0	0	0	661	-57	6340	-49	6842	-51	3530	-43	6647	11.097	-13.028
312.8	NaN	563	NaN	647	0	31	372	0	0	0	412	-60	5666	-45	6623	-54	2873	-41	6464	10.179	-7.513
312.9	NaN	560	NaN	634	0	55	366	1	0	0	401	-66	4186	-39	6173	-50	-130	-36	6227	9.542	-6.778
313	NaN	593	NaN	659	0	70	364	13	9	0	400	-30	4196	-14	5998	-0	-162	-13	6023	8.919	-4.502
313.1	NaN	588	NaN	563	0	73	363	19	15	0	403	-18	4243	-10	5802	-17	411	-9	5862	8.389	-4.583
313.2	NaN	557.55	NaN	705	0	74	363	31	27	0	403	1	4251	9	5730	2	1735	21	5724	8.045	-1.572
313.3	NaN	560.1	NaN	666	0	73	363	30	27	0	404	1	4131	9	5526	2	3777	23	5496	7.816	-1.584
313.4	NaN	562.65	NaN	651	0	69	362	33	31	0	403	1	4005	16	5479	4	3800	40	5528	7.609	0.483
313.5	NaN	565.2	NaN	541	0	53	360	48	47	0	404	10	4165	48	5495	25	4308	116	5609	7.644	1.448
313.6	NaN	567.75	NaN	548	0	22	360	47	45	0	404	20	4643	38	5462	49	4677	93	5482	8.103	4.409
313.7	NaN	570.3	NaN	544	0	7	360	50	48	0	405	30	5095	36	5350	72	5121	86	5471	8.488	4.324
313.8	NaN	572.85	NaN	547	0	-14	362	42	37	0	405	24	5497	20	5479	59	5517	46	5580	8.916	3.62
313.9	NaN	575.4	NaN	626	0	-38	363	40	39	0	402	28	5850	11	5335	68	5914	26	5353	9.078	1.948
314	NaN	577.95	NaN	643	0	-49	360	41	43	0	402	37	6148	10	5302	89	6199	24	5363	9.228	1.785
314.1	NaN	558	NaN	620	0	-55	363	42	44	0	404	39	6449	8	5343	93	6410	19	5390	9.438	1.829
314.2	NaN	568	NaN	696	0	-57	359	42	41	0	405	39	6599	7	5490	92	6602	17	5493	9.691	1.954
314.3	NaN	607	NaN	622	0	-59	358	50	52	0	401	57	6938	11	5566	137	7092	27	5674	9.829	3.094
314.4	NaN	599	NaN	604	0	-59	359	60	59	0	402	74	7121	14	5845	175	7217	34	6057	10.272	4.304
314.5	NaN	595	NaN	588	0	-54	359	71	72	0	402	73	7609	17	6011	169	8355	39	6215	10.701	3.544
314.6	NaN	606	NaN	630.7058824	0	-37	359	100	100	0	403	62	7687	24	6890	141	8315	56	8709	11.052	4.577
314.7	NaN	579	NaN	631.4117647	0	-21	364	100	100	0	402	56	7561	31	7487	129	8022	70	7859	11.49	6.46
314.8	NaN	577	NaN	632.1176471	0	-16	362	100	100	0	404	48	7761	31	6993	108	8318	71	9893	11.87	4.097
314.9	NaN	601	NaN	632.8235294	0	-10	357	100	100	0	404	43	7788	36	8831	95	8088	82	9904	12.327	8.289
315	NaN	564	NaN	633.5294118	0	-10	360	100	100	0	405	48	7997	37	8336	106	8146	84	8227	12.95	5.862
315.1	NaN	574	NaN	634.2352941	0	-10	361	100	100	0	404	46	8420	37	8331	102	8509	82	8394	13.453	5.646
315.2	NaN	577	NaN	634.9411765	0	-8	364	100	100	0	404	43	8699	37	8597	94	8745	80	8712	13.99	5.672
315.3	NaN	579	NaN	635.6470588	0	-7	360	100	100	0	404	42	9012	36	8910	90	9039	78	9007	14.496	4.808
315.4	NaN	564	NaN	636.3529412	0	-8	357	100	100	0	405	40	9222	37	9167	86	9364	77	9338	14.94	3.83
315.5	NaN	588	NaN	637.0588235	0	-1	362	100	100	0	405	39	9435	37	9514	82	9586	77	9665	15.379	3.852
315.6	NaN	617	NaN	637.7647059	0	1	360	100	100	0	406	36	9636	37	9898	75	9792	78	9928	15.799	3.591
315.7	NaN	595	NaN	638.4705882	1	1	358	100	100	0	404	36	9940	37	10081	73	9942	75	10186	16.188	3.753
315.8	NaN	588	NaN	639.1764706	1	-2	362	100	100	0	403	37	10175	35	10259	75	10288	71	10409	16.587	4.303
315.9	NaN	582	NaN	639.8823529	1	-3	363	100	98	0	404	32	10363	30	10533	65	10508	59	10557	16.954	3.161
316	NaN	563	NaN	640.5882353	1	-2	365	87	81	0	403	27	10574	25	10645	54	10590	50	10701	17.193	2.99
316.1	NaN	569	NaN	641.2941176	1	-3	360	85	77	0	404	22	10627	20	10735	42	10740	40	10834	17.446	2.632
316.2	NaN	604	NaN	589	1	-2	363	85	77	0	404	20	10700	18	10890	40	10870	36	10963	17.587	2.001
316.3	NaN	576	NaN	611	1	-4	361	66	59	0	404	17	10839	16	10887	32	10846	31	10986	17.724	0.707
316.4	NaN	573	NaN	581	0	-4	360	20	13	0	404	3	10760	1	10995	3	10788	6	10911	17.842	0.146
316.5	NaN	591	NaN	651	0	-3	357	3	0	0	405	-20	10627	-22	10748	-15	10640	-15	10747	17.564	-1.9
316.6	NaN	557	NaN	660	0	-1	363	0	0	0	403	-39	10385	-41	10428	-30	10385	-31	10421	17.184	-3.493
316.7	NaN	549	NaN	647	0	1	365	0	0	0	403	-50	9921	-51	10273	-38	9878	-39	9947	16.681	-6.506
316.8	NaN	553	NaN	644	0	4	364	0	0	0	402	-53	9513	-51	9987	-42	9231	-39	9891	16.051	-7.527
316.9	NaN	556	NaN	646	0	4	365	0	0	0	405	-55	9045	-51	9545	-44	8987	-42	9575	15.417	-6.026
317	NaN	551	NaN	656	0	5	365	4	0	0	400	-52	8703	-48	9110	-42	8647	-40	9200	14.801	-5.407
317.1	NaN	575	NaN	677	0	14	363	9	3	0	404	-43	8172	-37	8977	-36	8170	-31	8872	14.237	-4.336
317.2	NaN	584	NaN	661	0	20	363	14	9	0	404	-30	7835	-25	8730	-25	7814	-22	8665	13.723	-3.721
317.3	NaN	607	NaN	544	0	18	359	26	20	0	404	0	7847	0	8618	0	7807	0	8543	13.427	-1.856
317.4	NaN	582	NaN	625	0	23	362	35	29	0	404	7	7840	12	8527	17	7834	27	8546	13.283	-0.43
317.5	NaN	583	NaN	670	0	23	364	35	29	0	404	7	7859	12	8520	16	7816	26	8542	13.237	-1.706
317.6	NaN	579	NaN	633	0	33	358	33	26	0	404	4	7703	9	8350	9	7779	18	8470	13.262	1.131
317.7	NaN	599	NaN	710	0	32	361	34	28	0	403	6	7550	12	8561	13	7622	27	8702	13.086	0.596
317.8	NaN	554	NaN	640	0	30	364	32	26	0	405	4	7423	7	8227	8	7583	16	8356	13.077	-1.536
317.9	NaN	603	NaN	640	0	25	363	22	16	0	404	-0	7274	-0	8320	-0	7423	-1	8373	12.888	-0.25
318	NaN	601	NaN	551	0	27	363	21	15	0	403	-5	7093	-4	8077	-4	7265	-3	8053	12.706	-2.03
318.1	NaN	601	NaN	549	0	31	363	21	16	0	405	-6	6967	-4	8103	-6	6917	-4	8025	12.434	-2.706
318.2	NaN	603	NaN	550	0	35	362	24	20	0	405	0	7021	0	7895	0	7046	0	7911	12.217	-1.221
318.3	NaN	617	NaN	619	0	26	361	34	30	0	405	6	6906	12	7867	15	6855	33	7890	11.972	-0.799
318.4	NaN	602	NaN	550	0	25	363	24	19	0	404	-0	6666	-0	7557	-0	6975	0	7580	11.985	-0.026
318.5	NaN	610	NaN	555	0	18	358	24	18	0	405	-0	6819	-0	7615	-0	6763	-0	7596	11.734	-1.863
318.6	NaN	607	NaN	606	0	35	363	20	16	0	403	-16	6579	-11	7372	-15	6566	-10	7363	11.534	-3.75
318.7	NaN	610	NaN	549	0	35	360	26	22	0	404	0	6374	0	7364	0	6407	0	7427	11.312	-1.189
318.8	NaN	583	NaN	611	0	32	360	35	31	0	404	6	6450	15	7308	15	6397	36	7365	11.156	-0.088
318.9	NaN	602	NaN	659	0	31	361	36	31	0	404	8	6411	16	7244	17	6484	37	7353	11.206	1.415
319	NaN	606	NaN	602	0	37	364	36	31	0	404	7	6395	17	7360	17	6516	38	7454	11.163	0.282
319.1	NaN	604	NaN	637	0	47	359	34	28	0	406	4	6342	13	7278	9	6371	28	7347	11.122	-1.604
319.2	NaN	626	NaN	640	0	48	363	34	28	0	404	4	6268	13	7285	9	6270	29	7337	11.002	-2.739
319.3	NaN	606	NaN	632	0	46	360	35	32	0	404	5	6148	16	7237	12	6245	39	7308	10.955	-1.089
319.4	NaN	572	NaN	548	0	47	362	44	41	0	405	11	6313	37	7417	26	6371	87	7474	10.982	2.252
319.5	NaN	566	NaN	538	0	45	359	51	48	0	404	15	6401	50	7535	34	6580	117	7611	11.199	1.339
319.6	NaN	563	NaN	539	0	42	356	61	59	0	407	24	6842	67	7885	54	6839	159	7877	11.611	4.757
319.7	NaN	528	NaN	549	0	35	359	82	79	0	407	26	7037	61	8078	58	7371	141	8174	12.07	3.076
319.8	NaN	570	NaN	527	0	15	360	100	100	0	406	37	8194	50	8115	82	7570	114	8265	12.557	5.984
319.9	NaN	558	NaN	537	0	13	363	100	100	0	405	36	7879	48	8300	79	7980	106	8425	13.103	4.292
320	NaN	567	NaN	529	0	10	362	100	100	0	406	37	8204	46	8560	80	8307	100	8737	13.594	4.435
320.1	NaN	566	NaN	538	0	4	358	100	100	0	404	38	8484	43	8820	81	8626	93	8988	14.041	3.47
320.2	NaN	558	NaN	525	0	4	360	100	100	0	404	38	8785	40	9098	81	8895	87	9159	14.486	4.968
320.3	NaN	564	NaN	537	0	1	360	100	100	0	405	39	9086	38	9366	82	9142	83	9427	14.912	3.679
320.4	NaN	561	NaN	541	0	-3	359	100	100	0	406	39	9411	36	9511	81	9464	76	9592	15.343	6.29
320.5	NaN	575	NaN	540	1	-3	360	100	100	0	405	39	9683	35	9698	81	9799	74	9826	15.724	3.603
320.6	NaN	570	NaN	533	1	-3	359	100	100	0	403	38	9856	35	9915	77	10008	72	10055	16.095	3.264
320.7	NaN	570	NaN	530	1	-3	363	86	79	0	404	37	10075	34	10206	74	10128	72	10259	16.434	3.697
320.8	NaN	561	NaN	547	1	-7	359	72	66	0	404	34	10346	30	10352	69	10455	58	10417	16.766	3.115
320.9	NaN	576	NaN	552	0	-6	357	51	45	0	404	29	10476	26	10447	58	10589	54	10594	17.042	1.242
321	NaN	553	NaN	570	0	-6	360	44	37	0	405	24	10570	21	10649	48	10634	42	10674	17.236	2.787
321.1	NaN	551	NaN	575	0	-6	362	44	38	0	403	22	10754	19	10625	43	10837	37	10721	17.43	1.452
321.2	NaN	638	NaN	563	0	-5	361	44	38	0	406	20	10736	18	10721	39	10891	35	10803	17.512	1.268
321.3	NaN	578	NaN	599	0	-4	362	82	76	0	405	19	10761	18	10829	38	10851	35	10866	17.6	1.403
321.4	NaN	568	NaN	595	0	-4	361	100	100	0	404	16	10861	15	10818	30	10921	28	10904	17.637	-0.657
321.5	NaN	567	NaN	582	0	-6	357	100	100	0	403	17	10791	16	10900	34	10819	30	10936	17.702	1.181
321.6	NaN	565	NaN	613	0	-5	359	100	100	0	405	15	10905	14	10880	28	10999	26	10901	17.72	0.739
321.7	NaN	567	NaN	589	0	-5	362	100	100	0	404	15	10832	13	10874	29	10969	26	10955	17.7	-0.201
321.8	NaN	566	NaN	589	1	-5	358	100	100	0	403	16	10842	15	10934	31	10939	28	10928	17.736	1.482
321.9	NaN	563	NaN	594	1	-7	362	100	100	0	403	14	10913	12	10842	30	10995	24	10955	17.745	-0.077
322	NaN	570	NaN	593	1	-7	363	100	100	0	403	16	10861	13	10921	30	10906	26	10987	17.744	1.127
322.1	NaN	553	NaN	613	1	-3	360	100	100	0	402	13	10944	12	10902	25	10996	22	10936	17.752	0.874
322.2	NaN	581	NaN	603	1	-3	362	100	100	0	405	13	10858	13	10934	27	10923	26	10974	17.807	0.25
322.3	NaN	577	NaN	626	1	-1	365	100	96	0	404	14	10898	14	11032	27	11003	25	11001	17.812	1.141
322.4	NaN	560	NaN	629	1	-2	360	100	96	0	404	10	10967	10	10975	19	10986	18	11020	17.833	-1.819
322.5	NaN	573	NaN	601	1	-1	359	100	92	0	404	13	10873	13	11088	27	10918	27	11077	17.865	0.015
322.6	NaN	565	NaN	612	1	-1	359	86	78	0	403	12	10948	12	11008	22	11012	22	11078	17.893	0.479
322.7	NaN	594	NaN	540	0	-3	359	17	9	0	405	-3	10792	-3	10971	-5	10806	-5	10976	17.893	-1.242
322.8	NaN	571	NaN	543	0	-4	360	14	9	0	402	-21	10798	-22	10944	-17	10660	-17	10685	17.612	-5.116
322.9	NaN	588	NaN	527	0	-6	360	17	14	0	404	-13	10612	-13	10498	-10	10637	-10	10609	17.325	-2.207
323	NaN	597	NaN	538	0	-4	358	19	16	0	403	-12	10305	-13	10484	-9	10347	-9	10363	17.003	-3.906
323.1	NaN	590	NaN	543	0	7	362	34	28	0	406	3	10192	2	10540	6	10124	6	10466	16.797	-2.627
323.2	NaN	520	NaN	542	0	21	358	50	44	0	404	24	10313	36	10740	47	10361	75	10842	17.043	1.932
323.3	NaN	563	NaN	543	0	33	359	60	53	0	404	18	10355	31	11012	37	10187	73	11067	17.2	0.159
323.4	NaN	598	NaN	542	0	27	361	62	56	0	404	18	10361	32	11101	35	10532	67	11290	17.253	1.646
323.5	NaN	579	NaN	550	0	8	358	61	55	0	404	25	10448	28	11151	47	10602	62	11214	17.427	-0.102
323.6	NaN	613	NaN	570	0	-5	358	54	50	0	404	21	10712	20	10881	41	10806	39	10964	17.605	1.492
323.7	NaN	578	NaN	626	0	-7	360	48	43	0	405	18	10875	15	10770	34	10930	30	10868	17.689	1.951
323.8	NaN	594	NaN	538	0	-14	359	29	23	0	405	1	10763	1	10737	3	10851	2	10692	17.671	-1.039
323.9	NaN	595	NaN	538	0	-13	361	22	18	0	403	-0	10822	-0	10540	-0	10832	-0	10475	17.438	-2.609
324	NaN	574	NaN	586	0	-13	362	0	0	0	403	-17	10556	-19	10142	-13	10624	-15	10368	17.223	-1.522
324.1	NaN	550	NaN	654	0	-14	499	0	0	0	534	-36	10239	-40	9807	-27	10217	-31	9481	16.777	-6.291
324.2	NaN	530	NaN	624	0	-16	578	0	0	0	560	-49	9770	-59	9359	-39	9645	-45	8662	15.914	-10.807
324.3	NaN	533	NaN	649	0	-12	537	0	0	0	552	-52	9238	-59	8824	-42	9148	-47	6158	15.025	-9.486
324.4	NaN	541	NaN	656	0	-12	561	0	0	0	564	-52	8658	-57	8218	-42	8522	-47	5618	14.096	-9.955
324.5	NaN	546	NaN	687	0	-13	539	0	0	0	530	-52	8107	-57	7692	-44	8073	-49	3655	13.161	-11.01
324.6	NaN	547	NaN	751	0	-15	375	0	0	0	416	-50	7665	-56	7370	-43	7535	-50	2105	12.366	-8.608
324.7	NaN	579	NaN	640	0	-25	359	30	29	0	403	7	7519	4	7089	16	7529	9	6494	11.864	-3.047
324.8	NaN	575	NaN	525	0	-39	359	29	29	0	402	9	7505	3	6883	20	7544	8	6951	11.794	-1.367
324.9	NaN	583	NaN	587	0	-45	357	51	51	0	403	55	7898	19	7065	127	7942	43	7070	11.846	5.434
325	NaN	577	NaN	612	0	-46	361	40	39	0	402	31	7864	11	7081	70	7946	24	7091	12.105	2.087
325.1	NaN	570	NaN	648	0	-47	359	39	37	0	402	28	8020	9	7110	62	8051	21	7146	12.212	0.698
325.2	NaN	564	NaN	624	0	-45	361	39	37	0	404	27	8127	9	7131	61	8175	21	7228	12.251	1.254
325.3	NaN	556	NaN	610	0	-49	357	39	37	0	403	28	8097	9	7137	63	8187	19	7538	12.355	-0.602
325.4	NaN	576	NaN	619	0	-45	360	39	37	0	405	27	8111	9	7158	62	8193	20	7545	12.439	0.319
325.5	NaN	585	NaN	613	0	-47	362	39	39	0	401	30	8224	9	7181	67	8250	21	7349	12.46	-0.265
325.6	NaN	555	NaN	619	0	-48	362	36	33	0	403	23	8133	8	7264	51	8165	17	7393	12.64	0.193
325.7	NaN	579	NaN	622	0	-48	361	42	43	0	402	39	8368	12	7275	87	8410	26	8012	12.564	-0.657
325.8	NaN	565	NaN	589	0	-48	363	33	27	0	403	12	8080	5	7340	26	8100	9	7436	12.736	1.868
325.9	NaN	585	NaN	619	0	-49	359	32	28	0	399	11	8099	3	7192	25	8204	7	7256	12.558	-1.955
326	NaN	564	NaN	586	0	-45	357	32	30	0	402	12	7969	4	7133	28	8076	9	7222	12.446	-1.358
326.1	NaN	565	NaN	621	0	-25	360	32	29	0	402	11	7962	5	7229	23	8086	13	7205	12.378	0.291
326.2	NaN	559	NaN	654	0	1	363	33	26	0	403	6	7504	6	7655	14	7557	15	7633	12.406	-0.095
326.3	NaN	552	NaN	660	0	3	363	32	25	0	404	7	7379	8	7721	15	7494	18	7709	12.384	-0.332
326.4	NaN	614	NaN	547	0	6	363	20	12	0	405	-3	7324	-2	7685	-3	7323	-2	7615	12.225	-1.195
326.5	NaN	602	NaN	686	0	-1	361	17	12	0	405	-19	7167	-20	7409	-17	7161	-17	7406	12.023	-2.371
326.6	NaN	622	NaN	684	0	-12	357	37	33	0	405	16	7343	12	7366	36	7415	28	7405	11.986	1.831
326.7	NaN	600	NaN	657	0	-31	357	37	33	0	402	19	7554	10	7201	42	7593	22	7237	12.041	-0.062
326.8	NaN	557	NaN	663	0	-45	363	36	33	0	402	20	7696	7	7023	46	7755	17	7099	12.101	-0.024
326.9	NaN	561	NaN	596	0	-43	357	37	37	0	403	13	7917	4	6881	31	7907	11	7030	11.928	-2.401
327	NaN	558	NaN	634	0	-47	358	39	33	0	402	24	7782	8	6847	54	7851	17	6933	11.973	1.404
327.1	NaN	531	NaN	681	0	-44	358	39	38	0	405	29	7909	8	6848	66	7944	20	7358	11.958	-0.203
327.2	NaN	560	NaN	601	0	-55	356	34	26	0	402	14	7814	5	6941	32	7857	9	6997	12.12	-0.266
327.3	NaN	577	NaN	517	0	-50	361	32	30	0	401	10	7810	2	6764	23	7837	6	6775	11.884	-2.417
327.4	NaN	573	NaN	564	0	-53	357	33	31	0	400	15	7717	4	6687	33	7782	8	6667	11.713	-1.812
327.5	NaN	540	NaN	640	0	-52	362	39	35	0	402	27	7674	6	6588	63	7805	15	6701	11.669	0.988
327.6	NaN	562	NaN	645	0	-46	361	43	40	0	402	35	7693	10	6674	80	7891	24	7022	11.68	1.06
327.7	NaN	606	NaN	626	0	-47	362	45	43	0	402	41	7843	12	6916	94	7965	29	7105	11.792	2.492
327.8	NaN	608	NaN	549	0	-52	360	28	25	0	403	1	7579	0	6563	1	7644	0	6638	11.783	-2.496
327.9	NaN	555	NaN	664	0	-51	360	32	33	0	401	16	7704	4	6514	37	7782	10	6641	11.549	-0.385
328	NaN	540	NaN	654	0	-50	359	38	34	0	402	24	7588	6	6599	55	7702	15	6755	11.588	-0.664
328.1	NaN	598	NaN	583	0	-21	359	46	41	0	402	35	7748	21	6821	78	8025	48	7203	11.743	4.112
328.2	NaN	603	NaN	601	0	-1	359	42	32	0	404	19	7364	17	7303	42	7493	39	7348	11.992	1.72
328.3	NaN	609	NaN	532	0	26	362	31	24	0	402	1	6991	2	7586	3	7028	5	7493	11.963	-2.074
328.4	NaN	591	NaN	579	0	40	365	31	23	0	403	1	6758	4	7648	3	6746	9	7639	11.778	-0.539
328.5	NaN	575	NaN	655	0	43	365	33	26	0	404	2	6601	6	7629	5	6633	14	7573	11.648	-0.947
328.6	NaN	608	NaN	598	0	42	363	46	39	0	405	5	6498	14	7593	11	6595	32	7594	11.491	-0.564
328.7	NaN	588	NaN	529	0	41	361	50	43	0	404	17	6782	45	7784	38	7114	104	7822	11.549	1.695
328.8	NaN	582	NaN	550	0	41	357	51	44	0	405	17	7269	47	7902	39	7263	107	7904	11.797	1.753
328.9	NaN	561	NaN	535	0	40	362	52	45	0	406	19	7213	49	8034	41	7277	110	8074	12.064	4.149
329	NaN	606	NaN	538	0	7	357	54	48	0	404	34	7432	41	8118	76	7673	91	8175	12.444	4.128
329.1	NaN	594	NaN	535	0	-6	356	54	50	0	404	42	7997	37	8071	93	8145	82	8153	12.961	4.729
329.2	NaN	608	NaN	539	0	-21	356	54	50	0	404	48	8405	31	8224	106	8546	67	8295	13.419	3.87
329.3	NaN	606	NaN	547	0	-29	360	55	54	0	405	53	8880	27	8385	114	9010	59	8442	13.828	4.328
329.4	NaN	619	NaN	564	0	-39	357	57	54	0	403	56	9211	22	8569	120	9297	48	8592	14.26	4.384
329.5	NaN	612	NaN	567	0	-39	360	69	70	0	405	53	9638	23	8662	113	9606	48	8802	14.577	3.333
329.6	NaN	604	NaN	563	0	-37	360	71	70	0	404	52	9619	22	9279	110	9796	48	9055	14.944	4.27
329.7	NaN	584	NaN	542	0	-29	358	90	91	0	403	48	9811	25	9168	101	9989	52	9735	15.252	3.447
329.8	NaN	595	NaN	537	0	-15	359	100	100	0	405	43	9869	29	9606	88	10047	61	9806	15.627	4.75
329.9	NaN	599	NaN	542	0	-9	357	100	100	0	405	39	10032	34	9886	78	10021	70	9977	16.051	5.115
330	NaN	573	NaN	541	0	-7	363	100	100	0	405	38	10154	34	10118	78	10307	68	10251	16.464	3.547
330.1	NaN	576	NaN	546	0	-6	362	100	100	0	404	35	10353	31	10347	71	10538	62	10429	16.857	4.062
330.2	NaN	561	NaN	569	0	-3	355	100	100	0	403	26	10558	23	10586	52	10561	47	10617	17.13	3.646
330.3	NaN	560	NaN	578	0	-3	359	100	100	0	403	22	10607	21	10642	44	10742	40	10757	17.366	1.413
330.4	NaN	588	NaN	571	1	-1	359	100	100	0	404	20	10690	20	10852	41	10825	39	10862	17.52	2.436
330.5	NaN	590	NaN	593	1	-3	355	100	100	0	405	17	10794	16	10879	33	10824	33	10924	17.65	1.368
330.6	NaN	577	NaN	584	1	-1	361	100	100	0	405	15	10780	15	10970	30	10887	30	11019	17.75	0.033
330.7	NaN	582	NaN	581	1	0	364	100	100	0	404	17	10813	17	11081	33	10826	33	11101	17.827	1.164
330.8	NaN	569	NaN	597	1	4	363	100	100	0	405	13	10839	14	11089	27	10926	28	11197	17.903	0.1
330.9	NaN	596	NaN	586	1	3	358	100	100	0	404	15	10798	17	11293	30	10937	33	11279	17.969	-0.131
331	NaN	586	NaN	600	1	4	359	100	100	0	405	14	10885	14	11209	27	10941	28	11295	18.035	1.355
331.1	NaN	585	NaN	590	1	3	358	100	100	0	405	12	10874	13	11297	22	10990	24	11299	18.093	0.554
331.2	NaN	572	NaN	599	1	3	359	100	100	0	404	12	10923	14	11265	24	10958	27	11297	18.146	-0.034
331.3	NaN	559	NaN	633	1	2	359	100	100	0	406	10	10973	10	11315	18	11031	19	11308	18.176	0.601
331.4	NaN	550	NaN	593	1	2	360	100	100	0	404	11	10944	10	11313	21	11066	23	11320	18.168	-0.601
331.5	NaN	552	NaN	618	1	1	361	100	100	0	405	8	11036	9	11206	16	11064	17	11257	18.204	0.026
331.6	NaN	559	NaN	614	1	1	363	100	100	0	406	7	10992	7	11261	15	11121	15	11259	18.174	-0.54
331.7	NaN	553	NaN	603	1	0	359	100	100	0	406	8	11099	7	11168	15	11070	15	11231	18.137	-0.911
331.8	NaN	564	NaN	597	1	-2	359	100	100	0	404	7	11021	7	11266	13	11099	13	11197	18.173	0.091
331.9	NaN	548	NaN	625	1	-3	360	100	100	0	405	9	11018	9	11149	19	11058	18	11238	18.124	-0.228
332	NaN	561	NaN	599	1	-2	360	100	100	0	405	7	11069	7	11229	14	11091	14	11184	18.14	-0.089
332.1	NaN	547	NaN	596	1	-1	362	100	100	0	404	9	10995	9	11164	18	11085	18	11175	18.131	-0.788
332.2	NaN	554	NaN	621	1	-1	361	100	100	0	405	9	11066	8	11193	17	11101	16	11191	18.126	0.736
332.3	NaN	559	NaN	636	1	-2	360	100	100	0	405	8	11028	7	11210	14	11108	14	11150	18.122	-0.994
332.4	NaN	549	NaN	601	1	-3	363	100	100	0	405	9	11073	8	11111	18	11038	17	11191	18.124	0.59
332.5	NaN	560	NaN	605	1	-2	363	100	100	0	405	7	11064	6	11193	13	11098	12	11149	18.118	-0.404
332.6	NaN	554	NaN	609	1	-3	361	100	100	0	405	8	11043	7	11105	16	11071	15	11179	18.073	-0.134
332.7	NaN	559	NaN	638	1	-4	362	100	100	0	405	7	11099	6	11157	14	11107	13	11127	18.09	0.443
332.8	NaN	560	NaN	604	1	-3	356	100	100	0	403	7	11030	7	11127	14	11112	13	11084	18.059	-1.329
332.9	NaN	551	NaN	621	1	-1	361	100	100	0	405	9	11029	9	11138	19	11085	17	11132	18.068	0.947
333	NaN	560	NaN	617	1	-3	360	100	100	0	402	8	11011	7	11140	14	11081	14	11111	18.072	-0.142
333.1	NaN	553	NaN	625	1	-5	356	100	100	0	405	10	11030	9	11104	19	11024	18	11132	18.064	0.237
333.2	NaN	559	NaN	610	1	-4	359	100	100	0	403	8	11051	7	11131	14	11091	12	11110	18.075	0.99
333.3	NaN	565	NaN	595	1	-5	358	100	100	0	403	8	11044	7	11057	15	11087	14	11146	18.037	-0.968
333.4	NaN	552	NaN	619	1	-5	363	100	100	0	405	9	11078	7	11118	17	11105	13	11078	18.062	0.679
333.5	NaN	558	NaN	632	1	-7	360	100	100	0	404	7	11028	7	11026	15	11139	14	11077	18.053	-0.935
333.6	NaN	554	NaN	615	1	-9	358	100	100	0	405	10	11106	8	11022	20	11152	16	11060	18.022	0.521
333.7	NaN	554	NaN	618	0	-12	359	100	100	0	404	10	11176	8	11027	18	11263	15	10981	18.019	-0.413
333.8	NaN	542	NaN	591	0	-10	359	100	100	0	404	12	11133	10	10907	24	11139	20	11003	18.07	0.297
333.9	NaN	563	NaN	618	0	-11	356	100	100	0	405	12	11227	9	11021	23	11260	17	11031	18.102	1.205
334	NaN	557	NaN	596	0	-10	358	100	100	0	405	9	11149	8	10991	17	11197	15	11059	18.089	-0.973
334.1	NaN	552	NaN	634	0	-8	359	100	100	0	405	11	11192	9	11043	22	11270	18	11066	18.104	1.548
334.2	NaN	562	NaN	599	0	-7	361	100	100	0	405	8	11126	7	11036	14	11166	13	11036	18.099	-0.631
334.3	NaN	546	NaN	616	0	-8	356	100	100	0	403	9	11136	8	10994	19	11252	16	11052	18.06	0.588
334.4	NaN	547	NaN	621	0	-4	358	100	100	0	404	8	11062	7	11088	15	11123	13	11026	18.056	-0.711
334.5	NaN	547	NaN	619	0	-1	359	100	100	0	402	10	11013	9	11062	20	11040	19	11122	18.001	-0.875
334.6	NaN	566	NaN	610	1	-4	359	100	100	0	405	9	11024	8	11121	17	11061	15	11088	18.016	0.271
334.7	NaN	552	NaN	610	1	-2	359	100	100	0	404	11	10928	11	11076	22	10980	23	11164	17.992	-0.332
334.8	NaN	569	NaN	630	1	1	362	100	100	0	404	11	10908	12	11171	23	11030	22	11203	18.01	1.024
334.9	NaN	562	NaN	620	1	1	363	100	100	0	404	10	10889	11	11241	21	10992	22	11228	18.034	-0.03
335	NaN	576	NaN	639	1	1	357	100	93	0	404	13	10900	14	11148	25	11009	26	11231	18.085	1.411
335.1	NaN	550	NaN	612	1	-1	357	92	84	0	403	9	11023	9	11278	16	11065	15	11217	18.1	0.412
335.2	NaN	574	NaN	544	0	-2	363	18	9	0	405	3	10943	1	11141	7	10950	3	11138	18.126	-0.756
335.3	NaN	577	NaN	645	0	-4	360	0	0	0	405	-20	10889	-22	10998	-15	10910	-16	10909	17.886	-3.867
335.4	NaN	554	NaN	632	0	-7	374	0	0	0	413	-41	10554	-42	10618	-30	10636	-33	10603	17.444	-5.186
335.5	NaN	539	NaN	638	0	-4	466	0	0	0	486	-49	10153	-50	10057	-37	10049	-39	9951	16.846	-7.647
335.6	NaN	542	NaN	629	0	-2	546	0	0	0	545	-51	9756	-52	9726	-40	9463	-41	9450	16.04	-9.791
335.7	NaN	542	NaN	641	0	-2	569	0	0	0	581	-54	9165	-56	9204	-44	9148	-44	8541	15.129	-10.985
335.8	NaN	545	NaN	660	0	-2	589	0	0	0	573	-55	8586	-56	8494	-44	8494	-45	7674	14.217	-10.29
335.9	NaN	568	NaN	644	0	0	600	0	0	0	581	-55	7466	-55	7232	-46	7784	-46	7776	13.315	-4.845
336	NaN	586	NaN	717	0	3	616	0	0	0	596	-55	7213	-52	7370	-48	7159	-46	7243	12.151	-9.823
336.1	NaN	600	NaN	661	0	14	380	10	4	0	442	-37	6713	-33	7198	-34	6598	-29	7081	11.398	-6.69
336.2	NaN	594	NaN	666	0	31	363	13	4	0	401	-39	6098	-27	6972	-34	6004	-25	6970	10.916	-5.462
336.3	NaN	597	NaN	539	0	35	362	19	10	0	402	-13	5821	-10	6964	-12	5450	-9	6881	10.497	-2.915
336.4	NaN	593	NaN	654	0	55	363	13	7	0	402	-37	5087	-20	6737	-34	4941	-18	6677	10.082	-4.425
336.5	NaN	627	NaN	544	0	54	365	29	23	0	403	0	5409	2	6720	1	3862	5	6653	9.733	-1.909
336.6	NaN	616	NaN	642	0	57	363	29	24	0	403	1	5249	3	6393	2	5270	8	6388	9.521	-2.483
336.7	NaN	626	NaN	542	0	58	365	30	23	0	405	0	5159	2	6314	1	5140	5	6328	9.295	-1.442
336.8	NaN	603	NaN	627	0	56	359	37	32	0	402	4	5164	21	6291	9	5125	51	6298	9.153	-1.168
336.9	NaN	599	NaN	576	0	62	362	40	34	0	405	5	5125	29	6348	11	5161	67	6323	9.309	4.059
337	NaN	581.1	NaN	599	0	65	365	40	33	0	407	4	5089	28	6508	10	5653	65	6513	9.239	1.749
337.1	NaN	580.7	NaN	644	0	65	359	36	29	0	404	2	5020	18	6266	6	5111	40	6339	9.252	-0.376
337.2	NaN	580.3	NaN	614	0	66	362	36	31	0	405	2	4951	21	6262	6	5006	49	6353	9.139	0.94
337.3	NaN	579.9	NaN	603	0	66	363	39	35	0	404	3	4979	25	6283	8	5022	58	6297	9.087	-1.974
337.4	NaN	584	NaN	546	0	66	362	45	40	0	402	6	5042	42	6476	13	5136	101	6523	9.244	1.148
337.5	NaN	614	NaN	567	0	60	359	45	40	0	405	7	5150	40	6389	18	5272	97	6471	9.451	-0.572
337.6	NaN	593	NaN	564	0	46	362	48	43	0	406	13	5295	43	6729	31	5620	102	6762	9.648	3.515
337.7	NaN	612	NaN	573	0	51	363	48	43	0	404	12	5569	44	6737	28	5682	106	7038	9.918	2.216
337.8	NaN	563	NaN	568	0	52	362	54	49	0	404	15	6012	58	6896	35	5982	140	7089	10.118	4.363
337.9	NaN	624	NaN	545	0	51	361	56	50	0	404	16	6080	61	7120	38	6092	146	7153	10.471	2.483
338	NaN	561	NaN	551	0	49	361	64	59	0	406	21	6278	76	7406	51	6406	176	7515	10.915	3.245
338.1	NaN	543	NaN	568	0	47	362	72	68	0	405	22	7667	72	7669	52	6686	162	7831	11.373	6.465
338.2	NaN	566	NaN	510	0	37	359	74	69	0	405	26	7521	65	7800	60	7418	144	7982	11.84	5.008
338.3	NaN	592	NaN	526	0	23	362	75	71	0	404	32	7555	55	7971	74	7773	121	8195	12.304	4.026
338.4	NaN	576	NaN	534	0	19	360	77	72	0	404	34	7897	53	8172	75	7862	117	8297	12.838	4.669
338.5	NaN	564	NaN	554	0	17	358	92	88	0	403	34	7973	50	8466	73	8071	109	8624	13.33	4.126
338.6	NaN	577	NaN	554	0	16	359	100	98	0	405	33	8314	48	8741	72	8424	104	8881	13.794	3.897
338.7	NaN	581	NaN	521	0	11	361	100	100	0	404	35	8533	45	9058	75	8630	96	9121	14.223	3.768
338.8	NaN	578	NaN	555	0	4	360	45	39	0	406	27	8860	32	9208	57	8921	62	9227	14.647	5.065
338.9	NaN	634	NaN	553	0	-0	359	28	22	0	406	0	8733	1	9072	1	8744	1	9015	14.605	-2.222
339	NaN	600	NaN	554.5	0	-10	361	3	0	0	406	-14	8709	-15	8726	-12	8675	-13	8756	14.387	-2.637
339.1	NaN	572	NaN	554.5	0	-22	359	3	1	0	403	-31	8560	-37	8198	-25	8557	-32	8253	13.968	-4.734
339.2	NaN	563	NaN	554.5	0	-27	359	3	4	0	400	-38	8417	-50	7670	-33	8341	-42	7359	13.353	-6.007
339.3	NaN	596	NaN	555	0	-28	362	10	12	0	399	-21	8105	-28	7325	-17	8091	-23	7287	12.748	-4.103
339.4	NaN	603	NaN	555	0	-30	362	12	13	0	400	-18	7854	-24	7166	-15	7820	-21	7010	12.343	-4.327
339.5	NaN	631	NaN	552	0	-33	359	18	18	0	401	-5	7653	-8	7010	-4	7646	-6	6970	12.011	-2.788
339.6	NaN	630	NaN	550	0	-39	357	17	18	0	400	-5	7526	-8	6804	-5	7494	-7	6722	11.739	-3.367
339.7	NaN	623	NaN	553	0	-40	363	18	18	0	402	-5	7416	-7	6536	-5	7374	-6	6506	11.466	-3.044
339.8	NaN	631	NaN	549	0	-44	361	17	18	0	399	-5	7299	-8	6168	-5	7284	-7	6188	11.194	-1.615
339.9	NaN	627	NaN	555	0	-56	358	17	18	0	401	-4	7174	-7	6003	-4	7111	-6	5845	10.871	-3.082
340	NaN	624	NaN	561	0	-56	363	21	20	0	401	0	7001	0	5937	0	6912	0	5925	10.602	-1.624
340.1	NaN	604	NaN	539	0	-56	361	27	28	0	402	5	6953	1	5850	12	6899	2	5661	10.336	-1.63
340.2	NaN	578	NaN	557	0	-57	360	33	34	0	403	18	6809	3	5672	43	6927	8	5659	10.231	0.748
340.3	NaN	550	NaN	555	0	-55	358	36	37	0	402	27	6940	6	5693	62	7013	16	5926	10.255	1.411
340.4	NaN	587	NaN	634	0	-50	357	38	39	0	402	30	6942	7	5874	71	6993	17	5973	10.355	-0.776
340.5	NaN	591	NaN	611	0	-44	362	40	36	0	405	28	7182	10	6062	66	7197	21	5954	10.663	6.373
340.6	NaN	592	NaN	531	0	-35	359	74	74	0	403	8	6935	2	6086	20	6946	7	5976	10.437	-0.73
340.7	NaN	624	NaN	552	0	-31	363	24	15	0	404	-2	6781	-2	6124	-3	6825	-2	6226	10.655	-0.97
340.8	NaN	600	NaN	554	0	-8	360	30	25	0	405	4	6623	3	6344	10	6600	7	6285	10.509	-0.554
340.9	NaN	577	NaN	553.8333333	0	20	360	33	25	0	405	4	6182	6	6561	10	6224	16	6582	10.474	-1.322
341	NaN	640	NaN	553.1666667	0	33	357	40	32	0	405	9	6057	21	6891	22	6157	49	6888	10.471	0.978
341.1	NaN	612	NaN	550	0	42	358	44	37	0	404	11	6098	31	7118	26	6156	74	7114	10.576	3.124
341.2	NaN	572	NaN	538	0	50	362	51	44	0	407	14	6238	50	7251	32	6281	115	7316	10.795	0.467
341.3	NaN	557	NaN	511	0	51	360	57	51	0	405	17	6669	63	7746	40	6505	149	7685	11.077	4.647
341.4	NaN	560	NaN	537	0	61	362	100	100	0	405	14	6656	79	7958	32	6647	185	7872	11.52	4.275
341.5	NaN	551	NaN	525	0	59	360	99	94	0	404	15	6748	73	8451	34	6946	160	8314	11.849	4.946
341.6	NaN	675	NaN	540	0	58	362	47	44	0	405	10	6848	48	8122	23	7066	110	8357	12.028	2.471
341.7	NaN	596	NaN	538	0	58	364	48	44	0	405	10	6919	49	8399	23	7210	111	8272	12.204	3.959
341.8	NaN	586	NaN	543	0	55	364	48	43	0	405	12	6956	46	8058	27	8719	104	8272	12.26	0.807
341.9	NaN	599	NaN	602	0	52	360	35	30	0	404	5	6849	18	8015	9	8138	40	8208	12.247	1.578
342	NaN	593	NaN	553	0	51	360	49	47	0	404	14	6980	52	8111	31	7611	120	8366	12.193	2.163
342.1	NaN	623	NaN	596	0	51	362	39	35	0	404	8	7214	27	7915	18	7437	61	8084	12.229	0.134
342.2	NaN	630	NaN	559	0	47	361	39	37	0	405	9	6982	29	7956	20	7273	64	8085	12.184	-0.349
342.3	NaN	610	NaN	557	0	46	361	41	40	0	405	10	7071	34	8023	23	7267	76	8086	12.22	0.449
342.4	NaN	635	NaN	552	0	44	360	41	40	0	405	11	7071	33	8046	25	7234	73	8136	12.316	0.242
342.5	NaN	604	NaN	539	0	32	361	44	43	0	405	16	7181	37	8204	36	7471	83	8297	12.424	2.487
342.6	NaN	609	NaN	555	0	26	362	44	43	0	404	19	7409	34	8187	41	7687	75	8293	12.664	1.931
342.7	NaN	652	NaN	556	0	21	363	45	44	0	403	20	7591	35	8272	46	7733	77	8396	12.913	2.74
342.8	NaN	598	NaN	567	0	6	360	44	42	0	404	24	7848	29	8320	54	7998	62	8426	13.206	2.395
342.9	NaN	606	NaN	552.8888889	0	-11	359	38	33	0	403	17	8172	15	8174	38	8270	32	8247	13.436	1.645
343	NaN	559	NaN	553.2777778	0	-24	359	34	32	0	403	14	8407	8	8033	31	8496	18	8119	13.471	-0.478
343.1	NaN	575	NaN	553.6666667	0	-44	357	34	32	0	403	14	8540	6	7835	30	8619	11	7922	13.434	-0.41
343.2	NaN	555	NaN	554.0555556	0	-47	357	34	35	0	403	18	8682	6	7690	41	8715	14	7809	13.342	-0.119
343.3	NaN	554	NaN	554.4444444	0	-45	358	38	39	0	402	25	8679	8	7672	56	8677	18	7800	13.31	-0.608
343.4	NaN	597	NaN	554.8333333	0	-41	359	53	54	0	404	57	8947	22	7924	124	8971	48	8077	13.516	3.737
343.5	NaN	606	NaN	555.2222222	0	-39	361	79	78	0	402	58	9025	21	8147	127	9182	46	8433	13.83	2.217
343.6	NaN	616	NaN	555.6111111	0	-29	356	94	94	0	402	53	9143	26	8396	115	9360	56	8638	14.124	4.67
343.7	NaN	598	NaN	596	0	-18	360	94	90	0	403	48	9191	30	8871	101	9389	64	8967	14.527	4.782
343.8	NaN	592	NaN	571	0	-8	361	99	93	0	404	42	9308	35	9381	88	9417	74	9201	14.938	4.545
343.9	NaN	575	NaN	548	0	1	362	100	100	0	404	37	9454	38	9456	78	9532	77	9540	15.336	4.6
344	NaN	586	NaN	532	0	22	361	100	100	0	404	30	9472	45	9879	61	9586	92	9993	15.692	2.443
344.1	NaN	581	NaN	528	0	22	356	100	100	0	404	28	9687	46	10260	57	9707	95	10330	15.994	3.866
344.2	NaN	576	NaN	530	0	22	357	100	100	0	405	27	9768	44	10476	55	9899	91	10547	16.264	2.711
344.3	NaN	563	NaN	531	0	23	362	100	100	0	404	28	10203	43	10520	57	9971	88	10669	16.531	2.387
344.4	NaN	561	NaN	536	0	22	361	100	100	0	404	28	10388	43	10726	55	10210	88	10786	16.782	2.387
344.5	NaN	548	NaN	537	0	20	361	100	100	0	404	26	10326	41	10884	52	10455	81	11007	17	1.478
344.6	NaN	587	NaN	543	0	20	361	100	100	0	405	23	10545	35	10870	46	10340	70	11019	17.218	2.828
344.7	NaN	577	NaN	553	0	13	362	100	100	0	404	24	10537	31	11045	48	10531	62	11110	17.385	2.031
344.8	NaN	608	NaN	548	0	1	358	100	100	0	405	25	10558	26	10944	48	10718	52	11050	17.543	1.119
344.9	NaN	582	NaN	585	0	-9	361	100	100	0	405	19	10832	15	10867	36	10798	31	10871	17.655	0.258
345	NaN	586	NaN	604	0	-22	358	100	100	0	403	21	10958	13	10681	41	11071	26	10742	17.7	1.005
345.1	NaN	566	NaN	578	0	-21	359	100	100	0	405	27	11161	17	10615	52	11186	34	10970	17.699	0.984
345.2	NaN	579	NaN	638	0	-21	359	100	100	0	404	24	11114	15	10724	47	11240	30	10845	17.776	1.844
345.3	NaN	581	NaN	559	0	-21	358	100	100	0	402	23	11162	15	10685	43	11272	29	10768	17.778	-0.547
345.4	NaN	566	NaN	603	0	-18	363	100	100	0	401	25	11187	17	10720	49	11275	32	10806	17.801	1.327
345.5	NaN	569	NaN	588	0	-17	360	100	100	0	404	19	11096	12	10784	36	11231	24	10825	17.825	0.452
345.6	NaN	603	NaN	585	0	-15	360	100	100	0	402	20	11204	15	10715	41	11210	29	10846	17.809	-0.289
345.7	NaN	576	NaN	609	0	-14	360	100	100	0	402	19	11089	14	10834	38	11183	29	10867	17.845	-0.029
345.8	NaN	564	NaN	589	0	-11	363	100	100	0	402	15	11101	12	10797	29	11069	24	10851	17.852	0.207
345.9	NaN	574	NaN	591	0	-6	359	100	100	0	402	17	11019	15	10828	34	11129	29	10911	17.85	0.918
346	NaN	560	NaN	592	0	-5	363	100	100	0	404	13	10903	12	10981	25	10971	23	10979	17.843	-0.372
346.1	NaN	569	NaN	612	0	1	360	100	100	0	402	13	10863	13	10951	26	10930	26	11042	17.815	-0.526
346.2	NaN	595	NaN	574	0	4	362	100	100	0	406	16	10772	16	11146	30	10924	32	11158	17.82	0.515
346.3	NaN	579	NaN	574	0	3	358	100	100	0	404	16	10848	16	11075	31	10851	31	11149	17.842	-0.446
346.4	NaN	605	NaN	594	1	0	356	100	100	0	404	13	10819	14	11083	26	10904	28	11127	17.859	-0.275
346.5	NaN	611	NaN	587	1	0	361	100	100	0	404	16	10819	16	11105	31	10923	31	11127	17.888	1.247
346.6	NaN	576	NaN	616	1	2	359	100	100	0	404	13	10881	13	11036	26	10930	25	11117	17.897	0.613
346.7	NaN	599	NaN	587	1	1	362	100	100	0	405	14	10828	14	11155	27	10969	28	11158	17.892	-0.179
346.8	NaN	579	NaN	597	1	1	362	100	100	0	402	14	10927	13	11058	27	10919	25	11132	17.911	0.962
346.9	NaN	570	NaN	598	1	0	360	100	100	0	404	11	10893	11	11156	21	10971	23	11137	17.944	0.197
347	NaN	606	NaN	579	1	1	362	100	100	0	402	14	10899	14	11109	27	10963	26	11174	17.946	0.266
347.1	NaN	568	NaN	608	1	-2	357	100	100	0	403	11	10966	10	11131	21	11008	21	11157	17.964	0.546
347.2	NaN	564	NaN	592	1	-0	361	100	100	0	403	11	10894	12	11146	22	11030	24	11146	17.977	-0.218
347.3	NaN	564	NaN	597	1	0	363	100	100	0	402	11	10985	11	11090	22	10987	20	11137	17.97	0.521
347.4	NaN	557	NaN	608	1	-0	360	100	100	0	403	9	10959	9	11165	17	11006	17	11120	17.966	-0.806
347.5	NaN	577	NaN	597	1	-2	358	100	100	0	403	13	10963	12	11040	24	10951	22	11131	17.987	0.359
347.6	NaN	564	NaN	593	1	-1	359	100	100	0	404	10	10986	10	11197	19	11033	18	11164	18.013	0.271
347.7	NaN	560	NaN	583	1	-1	363	100	100	0	404	11	10923	11	11130	21	11039	22	11164	18.015	-0.427
347.8	NaN	585	NaN	603	1	-1	361	100	100	0	403	11	10964	11	11165	21	11048	20	11188	18.001	0.717
347.9	NaN	559	NaN	614	1	-1	361	100	100	0	406	9	10948	9	11193	18	11024	17	11148	17.997	-1.267
348	NaN	563	NaN	612	1	-3	357	100	100	0	404	11	10979	11	11117	22	10962	22	11139	17.991	-0.471
348.1	NaN	563	NaN	600	1	-0	361	87	80	0	402	10	10985	9	11169	18	11024	18	11135	18.029	0.892
348.2	NaN	610	NaN	546	0	-5	359	0	0	0	402	-7	10912	-8	10987	-6	10884	-6	11008	17.906	-2.398
348.3	NaN	587	NaN	633	0	-4	359	0	0	0	403	-27	10754	-29	10818	-21	10692	-22	10643	17.613	-3.441
348.4	NaN	565	NaN	686	0	-1	359	0	0	0	400	-47	10321	-49	10468	-36	10358	-37	10374	17.128	-6.917
348.5	NaN	548	NaN	640	0	-1	365	0	0	0	403	-50	9944	-51	10057	-38	9928	-39	10070	16.5	-6.674
348.6	NaN	551	NaN	619	0	-1	363	0	0	0	401	-52	9633	-52	9843	-41	9541	-41	9515	15.887	-5.485
348.7	NaN	558	NaN	624	0	5	362	0	0	0	401	-56	9050	-54	9487	-44	8954	-42	9313	15.325	-6.682
348.8	NaN	552	NaN	633	0	10	367	0	0	0	401	-58	8441	-53	9046	-47	8515	-43	9009	14.643	-6.866
348.9	NaN	547	NaN	627	0	6	370	0	0	0	404	-56	8225	-53	8632	-47	8063	-44	8495	13.936	-6.636
349	NaN	547	NaN	629	0	10	363	0	0	0	402	-57	7744	-51	8194	-48	7726	-43	8126	13.299	-6.557
349.1	NaN	544	NaN	637	0	10	357	0	0	0	398	-53	7378	-50	7829	-47	6699	-44	7652	12.612	-16.054
349.2	NaN	613	NaN	548	0	13	359	24	15	0	403	-0	7124	-0	7806	-0	7202	-0	7956	12.125	-1.63
349.3	NaN	609	NaN	601	0	31	364	21	14	0	402	-17	6697	-13	7393	-15	6937	-11	7404	12.025	-3.448
349.4	NaN	603	NaN	548	0	29	364	25	17	0	403	0	6635	0	7611	0	6631	0	7635	11.716	-1.232
349.5	NaN	597	NaN	532	0	26	362	50	44	0	404	21	6797	38	7579	48	6915	88	7691	11.655	2.726
349.6	NaN	587	NaN	538	0	25	358	50	43	0	405	21	7065	39	7724	48	7054	88	7844	11.995	2.774
349.7	NaN	567	NaN	535	0	27	359	50	41	0	404	21	7214	38	7947	47	7255	88	8047	12.257	3.933
349.8	NaN	602	NaN	546	0	30	359	47	38	0	406	17	7286	33	8172	38	7388	75	8229	12.487	1.09
349.9	NaN	594	NaN	549	0	29	360	45	36	0	405	15	7412	30	8245	33	7486	67	8336	12.726	1.952
350	NaN	583	NaN	550	0	18	358	46	39	0	404	20	7612	31	8398	45	7692	67	8504	12.871	3.872
350.1	NaN	614	NaN	614	0	29	362	40	35	0	405	7	7609	15	8287	17	7725	35	8296	13.12	-2.848
350.2	NaN	581	NaN	555	0	27	360	40	30	0	406	20	7819	30	8838	33	8438	61	8842	13.303	8.301
350.3	NaN	591	NaN	592	0	24	361	66	60	0	403	10	7763	22	8608	28	7881	52	8636	13.329	-0.011
350.4	NaN	598	NaN	615	0	24	360	38	31	0	405	8	7912	15	8711	19	7976	33	8728	13.572	-0.037
350.5	NaN	568	NaN	598.6428571	0	19	362	52	46	0	405	27	8248	43	8950	60	8297	92	9035	13.765	3.994
350.6	NaN	564	NaN	600.7857143	0	20	357	54	48	0	407	30	8535	46	9029	66	8722	100	9166	14.16	2.343
350.7	NaN	588	NaN	602.9285714	0	20	363	55	48	0	405	32	9154	47	9277	67	8874	99	9395	14.537	5.34
350.8	NaN	603	NaN	605.0714286	0	14	362	58	50	0	407	33	9019	43	9595	71	9325	91	9719	14.895	3.953
350.9	NaN	571	NaN	607.2142857	0	10	359	54	45	0	405	33	9340	42	9765	70	9394	85	9813	15.316	3.196
351	NaN	599	NaN	609.3571429	0	-3	361	47	39	0	404	28	9568	27	9775	58	9620	55	9886	15.669	3.321
351.1	NaN	589	NaN	622	0	-17	359	40	38	0	402	25	9878	18	9675	51	9980	37	9794	15.896	1.473
351.2	NaN	585	NaN	602	0	-34	357	39	38	0	400	27	10158	14	9563	55	10214	27	9690	15.984	1.23
351.3	NaN	585	NaN	636	0	-33	357	39	39	0	402	28	10247	14	9577	57	10341	30	9809	16.036	2.039
351.4	NaN	613	NaN	596	0	-24	359	41	41	0	400	31	10265	18	9631	64	10399	37	9817	16.108	0.442
351.5	NaN	596	NaN	611	0	-12	358	39	32	0	403	21	10200	17	9799	41	10273	32	9893	16.278	2.331
351.6	NaN	579	NaN	607	0	-4	360	41	35	0	402	21	10072	18	9990	43	10156	38	10108	16.358	1.806
351.7	NaN	568	NaN	564	0	0	362	47	43	0	405	30	10107	29	10307	62	10214	60	10304	16.51	1.938
351.8	NaN	547	NaN	567	0	7	358	49	43	0	404	30	10209	34	10528	60	10346	68	10611	16.794	2.724
351.9	NaN	566	NaN	554	0	16	360	51	43	0	404	26	10371	36	10794	52	10368	73	10920	17.087	2.541
352	NaN	559	NaN	566	0	12	358	51	43	0	405	26	10379	33	11021	52	10438	65	11100	17.295	1.288
352.1	NaN	560	NaN	583	0	4	359	75	69	0	404	24	10580	28	10903	47	10725	53	11064	17.525	2.383
352.2	NaN	591	NaN	636	0	-6	360	100	100	0	404	17	10782	15	10956	34	10847	31	10949	17.617	0.938
352.3	NaN	610	NaN	616	0	-10	359	100	100	0	404	16	10844	14	10795	33	10958	28	10861	17.674	-0.647
352.4	NaN	613	NaN	638	0	-9	358	100	100	0	404	18	10958	15	10808	35	11050	30	10939	17.702	1.45
352.5	NaN	585	NaN	667	0	-10	358	100	100	0	402	14	10955	12	10891	27	10970	22	10895	17.73	-0.411
352.6	NaN	591	NaN	618	0	-10	362	100	100	0	403	15	11043	13	10875	29	11075	26	10910	17.709	-0.982
352.7	NaN	577	NaN	607	0	-9	356	100	100	0	402	16	10910	14	10894	33	10936	26	10924	17.802	3.423
352.8	NaN	580	NaN	658	0	-7	357	100	100	0	404	13	10963	11	10905	26	11073	22	10891	17.735	-1.452
352.9	NaN	571	NaN	612	0	-5	363	100	100	0	404	13	10882	13	10901	27	10992	25	11003	17.738	0.428
353	NaN	578	NaN	622	0	-5	356	100	100	0	403	13	10834	12	10959	27	10931	24	10986	17.69	-0.18
353.1	NaN	575	NaN	588	0	-3	359	69	61	0	403	15	10885	14	10836	30	10960	28	10933	17.739	-0.507
353.2	NaN	600	NaN	619	0	-2	361	55	48	0	404	15	10840	14	10945	28	10840	27	10983	17.735	2.362
353.3	NaN	595	NaN	636	0	1	362	0	0	0	405	-10	10650	-9	10818	-7	10681	-7	10759	17.574	-3.156
353.4	NaN	565	NaN	643	0	5	359	0	0	0	403	-31	10290	-30	10635	-24	10283	-23	10624	17.22	-4.307
353.5	NaN	549	NaN	636	0	4	362	0	0	0	403	-51	9876	-48	10340	-39	9869	-37	10325	16.666	-6.151
353.6	NaN	551	NaN	649	0	3	359	0	0	0	403	-52	9550	-49	9884	-41	9360	-39	9841	16.023	-6.125
353.7	NaN	540	NaN	656	0	5	358	0	0	0	403	-55	9138	-51	9492	-44	8998	-41	9447	15.386	-6.244
353.8	NaN	542	NaN	640	0	5	358	0	0	0	404	-56	8682	-53	9129	-45	8715	-43	8992	14.743	-6.346
353.9	NaN	531	NaN	644	0	6	363	1	0	0	403	-56	8247	-54	8777	-47	8291	-44	8639	14.062	-5.898
354	NaN	545	NaN	699	0	3	361	6	0	0	403	-47	7899	-46	8335	-40	7949	-38	8205	13.455	-5.459
354.1	NaN	555	NaN	678	0	-10	360	9	3	0	404	-37	7828	-41	7898	-32	7777	-34	7840	12.916	-5.106
354.2	NaN	579	NaN	681	0	-21	362	12	7	0	400	-24	7778	-30	7433	-21	7763	-26	7374	12.472	-4.314
354.3	NaN	607	NaN	547	0	-36	358	23	23	0	402	0	7795	0	7129	0	7762	0	6985	12.086	-2.343
354.4	NaN	549	NaN	629	0	-42	360	37	36	0	400	24	7815	8	6999	55	7846	21	7076	11.992	1.226
354.5	NaN	591	NaN	682	0	-50	356	46	46	0	402	44	8045	12	6972	101	8095	28	7202	12.047	2.286
354.6	NaN	549	NaN	646	0	-48	361	39	36	0	403	28	8064	9	7017	63	8138	19	7239	12.254	1.404
354.7	NaN	544	NaN	624	0	-31	357	34	31	0	404	15	8115	6	7011	34	8117	15	7217	12.242	-0.194
354.8	NaN	603	NaN	640.76	0	2	359	30	17	0	405	0	7563	0	7328	0	7645	0	7336	12.275	-0.875
354.9	NaN	597	NaN	640.02	0	23	363	32	22	0	405	2	7140	3	7688	4	7199	7	7680	12.157	-2.242
355	NaN	601	NaN	639.28	0	37	363	24	13	0	405	-1	6850	-0	7656	-1	6962	-0	7706	12.038	-0.696
355.1	NaN	597	NaN	638.54	0	45	359	7	0	0	404	-23	6350	-15	7616	-21	5803	-13	7602	11.681	-4.454
355.2	NaN	577	NaN	637.8	0	49	359	11	2	0	405	-47	5662	-27	7308	-41	4581	-25	7358	11.186	-6.068
355.3	NaN	589	NaN	637.06	0	50	361	33	23	0	405	1	5877	5	7238	3	4494	11	7233	10.741	-3.627
355.4	NaN	640	NaN	636.32	0	50	363	41	33	0	403	6	5694	24	7028	14	5997	55	7172	10.549	-1.672
355.5	NaN	610	NaN	635.58	0	48	360	47	37	0	404	10	5936	35	7076	24	6254	81	7216	10.496	0.435
355.6	NaN	592	NaN	634.84	0	48	357	50	38	0	407	11	5943	40	7184	28	6147	93	7278	10.646	1.658
355.7	NaN	591	NaN	634.1	0	47	358	53	42	0	405	15	6078	49	7435	34	6468	116	7606	10.798	6.074
355.8	NaN	620	NaN	633.36	0	47	361	56	47	0	405	17	7035	56	7499	39	6570	129	7691	11.016	4.238
355.9	NaN	553	NaN	632.62	0	42	362	62	53	0	406	22	7384	64	7632	50	7078	144	7733	11.357	3.73
356	NaN	591	NaN	631.88	0	35	362	89	80	0	405	28	7544	64	7970	62	7445	151	8053	11.799	4.659
356.1	NaN	574	NaN	631.14	0	36	359	100	100	0	404	26	8718	61	8224	59	7803	137	8224	12.315	4.649
356.2	NaN	606	NaN	630.4	0	27	361	100	100	0	405	28	7531	54	8383	64	9197	120	8475	12.786	3.518
356.3	NaN	559	NaN	629.66	0	17	358	100	100	0	406	33	8434	49	8648	74	8213	107	8706	13.234	4.41
356.4	NaN	560	NaN	628.92	0	18	360	100	100	0	404	32	8272	48	8773	71	8483	105	8841	13.778	5.197
356.5	NaN	558	NaN	628.18	0	6	362	100	100	0	408	37	8716	42	9031	79	8765	92	9167	14.169	5.616
356.6	NaN	565	NaN	627.44	0	6	357	100	100	0	404	36	8907	42	9261	76	8966	89	9390	14.682	3.01
356.7	NaN	559	NaN	626.7	0	4	357	100	100	0	405	37	9249	39	9505	77	9329	82	9562	15.174	4.336
356.8	NaN	567	NaN	625.96	0	2	357	100	100	0	405	36	9611	38	9834	76	9682	80	9837	15.544	5.998
356.9	NaN	563	NaN	625.22	0	2	360	100	100	0	401	35	9814	38	9980	74	10076	77	10089	15.989	2.837
357	NaN	577	NaN	624.48	1	0	359	100	100	0	404	36	10046	37	10187	73	10123	75	10295	16.374	4.918
357.1	NaN	609	NaN	623.74	1	-1	360	100	100	0	406	33	10281	34	10450	68	10432	68	10503	16.689	2.352
357.2	NaN	548	NaN	570	1	-0	360	100	99	0	405	28	10469	27	10567	56	10560	55	10665	17.023	2.959
357.3	NaN	547	NaN	552	1	-2	357	100	96	0	404	23	10512	24	10689	45	10576	47	10759	17.281	2.527
357.4	NaN	623	NaN	571	1	-1	362	97	89	0	405	22	10679	21	10856	44	10937	44	10866	17.425	1.974
357.5	NaN	608	NaN	605	0	0	360	66	56	0	404	18	10750	18	10808	36	10847	34	10955	17.643	2.062
357.6	NaN	591	NaN	536	0	-3	362	0	0	0	405	-13	10544	-13	10764	-9	10557	-10	10689	17.518	-1.554
357.7	NaN	559	NaN	639	0	-3	362	0	0	0	402	-32	10368	-33	10421	-24	10397	-25	10376	17.195	-2.559
357.8	NaN	551	NaN	629	0	-2	359	0	0	0	402	-49	10352	-51	10286	-38	9965	-39	9655	16.698	-10.38
357.9	NaN	543	NaN	623	0	-1	357	0	0	0	402	-51	9720	-53	9778	-41	9786	-41	9821	16.032	-6.49
358	NaN	545	NaN	615	0	-3	360	0	0	0	403	-53	9346	-54	9425	-42	9226	-43	9220	15.49	-6.066
358.1	NaN	535	NaN	623	0	0	360	0	0	0	402	-55	8940	-54	9055	-44	8844	-44	8992	14.848	-5.787
358.2	NaN	544	NaN	616	0	0	364	0	0	0	404	-54	8512	-55	8666	-45	8500	-46	8530	14.184	-6.427
358.3	NaN	542	NaN	630	0	1	403	0	0	0	439	-54	8095	-54	8262	-46	7920	-46	8124	13.534	-7.099
358.4	NaN	543	NaN	634	0	2	373	0	0	0	413	-56	7704	-54	7888	-47	7530	-45	7814	12.878	-7.898
358.5	NaN	556	NaN	647	0	5	466	0	0	0	502	-56	7179	-52	7428	-48	6787	-45	7395	12.174	-9.535
358.6	NaN	538	NaN	641	0	9	383	0	0	0	410	-55	6752	-51	7108	-49	5639	-46	6834	11.387	-7.475
358.7	NaN	559	NaN	650	0	25	358	0	0	0	400	-59	5969	-46	6764	-53	5551	-42	6758	10.764	-7.104
358.8	NaN	560	NaN	663	0	46	359	0	0	0	401	-65	4992	-40	6597	-58	3902	-37	6513	10.073	-6.529
358.9	NaN	576	NaN	552	0	48	361	30	21	0	402	-5	5214	-2	6467	-4	1349	-2	6296	9.383	-5.953
359	NaN	594	NaN	629	0	42	365	70	63	0	402	3	5045	11	6264	9	5142	29	6265	9.131	-0.856
359.1	NaN	569	NaN	544	0	42	364	45	33	0	405	12	5421	31	6350	29	5318	72	6409	9.35	4.216
359.2	NaN	611	NaN	578	0	47	358	42	31	0	404	7	5365	25	6309	17	5373	60	6369	9.464	0.449
359.3	NaN	614	NaN	589	0	47	358	42	33	0	405	8	5355	27	6483	18	5490	64	6514	9.503	0.8
359.4	NaN	586	NaN	634	0	49	362	37	29	0	405	3	5330	12	6419	8	5342	30	6367	9.581	-2.086
359.5	NaN	565	NaN	596	0	47	359	45	36	0	404	6	5366	21	6476	15	5369	52	6474	9.59	2.033
359.6	NaN	581	NaN	555	0	30	360	45	37	0	405	13	5578	30	6591	31	5712	70	6607	9.718	0.784
359.7	NaN	594	NaN	613	0	-7	358	45	38	0	404	25	6008	23	6295	57	6116	52	6433	10.073	3.549
359.8	NaN	585	NaN	537	0	-38	360	29	29	0	402	4	6364	1	5815	9	6338	4	5849	10.063	-2.213
359.9	NaN	565	NaN	522	0	-45	363	32	31	0	402	8	6500	2	5686	19	6445	6	5671	9.839	-0.372
360	NaN	549	NaN	564	0	-59	363	52	49	0	403	17	6483	3	5603	40	6512	7	5559	9.799	-0.864
360.1	NaN	647	NaN	681	0	-59	361	71	73	0	403	87	7209	15	5692	200	7304	37	6118	9.983	5.554
360.2	NaN	603	NaN	620	0	-66	362	71	63	0	403	86	7442	11	5960	199	7495	26	6092	10.536	4.34
360.3	NaN	608	NaN	666	0	-64	362	74	73	0	404	78	7789	12	6103	179	8668	29	6436	10.844	3.663
360.4	NaN	570	NaN	600	0	-53	359	80	76	0	403	72	7474	17	6487	167	8087	39	7307	11.145	8.965
360.5	NaN	627	NaN	592	0	-25	359	87	85	0	406	49	8004	27	6324	112	9161	64	9149	11.192	8.928
360.6	NaN	559	NaN	531	0	5	358	100	100	0	404	35	7629	41	7942	81	8363	93	10630	11.349	7.637
360.7	NaN	594	NaN	528	0	9	363	100	100	0	404	32	7598	39	8467	72	7964	90	12551	11.571	5.61
360.8	NaN	571	NaN	539	0	3	358	100	100	0	403	34	7710	38	7858	79	7869	85	12483	11.848	4.866
360.9	NaN	552	NaN	531	0	3	357	100	100	0	401	31	7653	35	9095	70	7827	78	14229	12.279	6.243
361	NaN	579	NaN	575	0	1	358	100	100	0	404	37	7852	40	8486	86	8050	87	8331	12.928	9.002
361.1	NaN	577	NaN	535	1	-6	363	100	100	0	404	43	8343	38	8470	95	8460	83	8522	13.546	4.301
361.2	NaN	578	NaN	537	1	-8	359	100	100	0	404	44	8739	37	8704	94	8836	80	8772	14.089	5.777
361.3	NaN	566	NaN	552	1	-10	363	100	100	0	403	43	9049	35	8981	92	9193	74	9065	14.576	5.418
361.4	NaN	560	NaN	540	0	-7	357	100	100	0	404	42	9358	35	9249	87	9489	75	9366	15.031	1.988
361.5	NaN	560	NaN	537	0	-4	361	100	100	0	405	38	9504	36	9546	81	9708	76	9678	15.492	5.182
361.6	NaN	579	NaN	543	0	-3	358	100	100	0	404	38	9784	35	9942	77	9818	72	9949	15.919	5.368
361.7	NaN	547	NaN	552	0	-3	358	100	100	0	404	37	10130	35	10129	76	10247	70	10192	16.359	4.841
361.8	NaN	561	NaN	546	0	-3	362	100	100	0	405	34	10235	31	10315	69	10395	64	10470	16.737	3.014
361.9	NaN	539	NaN	553	1	-4	362	96	87	0	403	30	10422	29	10597	60	10477	56	10633	17.026	2.442
362	NaN	569	NaN	566	1	-1	356	85	75	0	404	25	10578	25	10656	50	10679	47	10708	17.329	2.895
362.1	NaN	545	NaN	586	1	-4	359	79	69	0	404	21	10641	20	10751	43	10777	39	10910	17.497	2.169
362.2	NaN	571	NaN	586	0	-4	357	55	45	0	405	22	10743	19	10964	41	10822	38	10979	17.643	0.957
362.3	NaN	596	NaN	545	0	-3	361	7	0	0	402	-7	10730	-7	10771	-5	10701	-5	10763	17.645	-3.205
362.4	NaN	564	NaN	545.6875	0	-5	358	0	0	0	403	-27	10404	-28	10586	-21	10515	-21	10598	17.32	-4.284
362.5	NaN	549	NaN	545.875	0	-1	361	0	0	0	404	-46	10122	-46	10316	-36	10079	-36	10230	16.857	-5.745
362.6	NaN	547	NaN	546.0625	0	1	357	4	0	0	401	-50	9623	-50	9917	-40	9572	-39	9859	16.291	-6.072
362.7	NaN	538	NaN	546.25	0	5	361	0	0	0	401	-54	9240	-51	9737	-43	9009	-41	9588	15.655	-7.635
362.8	NaN	545	NaN	546.4375	0	6	360	9	2	0	404	-43	8874	-44	9449	-35	8725	-34	9320	15.029	-7.964
362.9	NaN	578	NaN	546.625	0	9	357	15	7	0	404	-27	8570	-24	9248	-22	8613	-20	9158	14.631	-3.638
363	NaN	574	NaN	546.8125	0	14	359	16	8	0	405	-24	8260	-22	9018	-20	8192	-17	9002	14.216	-4.971
363.1	NaN	602	NaN	545	0	15	363	23	16	0	403	-1	8168	-0	8833	-1	8174	-0	8877	13.929	-1.65
363.2	NaN	598	NaN	548	0	15	358	26	18	0	404	0	8091	0	8720	0	8079	0	8775	13.765	-2.576
363.3	NaN	600	NaN	545	0	28	361	29	21	0	405	0	8005	1	8586	1	8011	2	8630	13.609	-1.158
363.4	NaN	598	NaN	545	0	32	361	28	19	0	405	-0	7623	-0	8674	-0	7551	-0	8689	13.315	-1.405
363.5	NaN	576	NaN	537	0	40	361	13	4	0	406	-13	7243	-8	8490	-11	7429	-7	8475	13.142	-4.892
363.6	NaN	599	NaN	545	0	37	360	24	15	0	405	-3	7095	-2	8466	-3	7147	-2	8438	12.649	-2.677
363.7	NaN	594	NaN	546	0	22	365	26	19	0	403	0	7058	-0	7960	-0	7131	-0	7941	12.511	-3.016
363.8	NaN	599	NaN	545	0	16	363	27	20	0	405	0	6956	0	7936	0	7102	0	7909	12.261	-1.633
363.9	NaN	588	NaN	531	0	17	363	30	24	0	405	2	7055	3	7636	6	7236	8	7611	12.137	-1.864
364	NaN	549	NaN	595	0	23	360	34	27	0	405	4	7030	6	7698	10	7034	16	7672	11.994	-2.323
364.1	NaN	643	NaN	597	0	30	363	38	30	0	404	9	7087	17	7753	19	7133	38	7763	12.054	-0.329
364.2	NaN	612	NaN	616	0	31	361	38	29	0	402	8	6975	16	7904	18	7291	37	7908	12.016	-1.022
364.3	NaN	588	NaN	544	0	32	362	30	24	0	403	1	6583	0	7662	1	6899	3	7726	12.001	0.002
364.4	NaN	553	NaN	544.5555556	0	32	360	34	25	0	405	4	6773	9	7871	9	6910	19	7830	11.848	-1.696
364.5	NaN	549	NaN	543.1736111	0	39	363	33	24	0	405	3	6703	7	7661	6	6761	16	7642	11.826	-1.03
364.6	NaN	581	NaN	541.7916667	0	36	359	31	21	0	405	1	6559	4	7689	3	6574	9	7675	11.643	-1.027
364.7	NaN	576	NaN	540.4097222	0	38	363	33	26	0	405	4	6583	9	7555	9	6557	23	7502	11.486	-1.933
364.8	NaN	561	NaN	539.0277778	0	38	364	33	23	0	405	2	6424	5	7367	5	6549	12	7414	11.399	-0.758
364.9	NaN	558	NaN	537.6458333	0	39	363	32	24	0	404	2	6365	6	7371	5	6355	14	7362	11.223	-1.522
365	NaN	593	NaN	536.2638889	0	41	363	30	20	0	405	0	6191	0	7170	0	6234	0	7178	11.074	-0.539
365.1	NaN	580	NaN	534.8819444	0	40	360	37	28	0	405	4	6154	11	7191	12	6120	31	7226	10.859	-0.756
365.2	NaN	582	NaN	578	0	41	359	41	33	0	404	8	6180	24	7165	20	6228	54	7267	10.93	-0.229
365.3	NaN	572	NaN	542	0	41	359	45	37	0	404	12	6310	33	7329	28	6393	76	7427	11.06	1.596
365.4	NaN	563	NaN	532	0	41	361	51	42	0	403	15	6418	41	7411	36	6654	98	7546	11.221	1.265
365.5	NaN	516	NaN	511	0	39	361	74	66	0	403	27	7612	65	7841	60	7010	152	7859	11.615	6.149
365.6	NaN	521	NaN	551	0	28	362	100	100	0	404	31	7381	58	7989	71	7578	132	8076	12.077	3.159
365.7	NaN	539	NaN	521	0	17	360	100	100	0	404	35	7904	52	8087	78	7636	116	8238	12.599	6.033
365.8	NaN	557	NaN	533	0	14	358	100	100	0	405	36	7899	49	8363	80	8010	109	8501	13.081	4.418
365.9	NaN	548	NaN	526	0	16	355	100	100	0	404	34	8324	49	8680	75	8248	107	8762	13.599	5.326
366	NaN	555	NaN	523	0	13	362	100	100	0	404	35	8507	46	8990	75	8622	99	9031	14.035	3.982
366.1	NaN	536	NaN	523	0	9	361	100	100	0	405	36	9005	43	9158	76	8873	94	9229	14.484	5.486
366.2	NaN	560	NaN	524	0	2	362	100	100	0	402	37	9087	40	9341	79	9190	83	9416	14.887	2.711
366.3	NaN	566	NaN	534	0	0	355	100	100	0	402	39	9340	39	9475	80	9424	80	9618	15.283	4.084
366.4	NaN	548	NaN	531	0	-4	360	100	100	0	404	39	9589	36	9678	81	9693	74	9786	15.675	4.476
366.5	NaN	555	NaN	529	0	-6	362	100	100	0	405	39	9890	34	9953	79	10024	69	10017	16.029	3.506
366.6	NaN	604	NaN	537	1	-6	360	100	100	0	404	38	10114	34	10115	78	10198	69	10168	16.405	3.249
366.7	NaN	548	NaN	542	1	-2	360	100	100	0	404	34	10258	32	10258	67	10321	65	10412	16.695	3.228
366.8	NaN	547	NaN	556	1	-5	357	100	100	0	405	32	10414	28	10496	64	10558	57	10527	16.952	2.095
366.9	NaN	539	NaN	572	1	-7	356	100	100	0	404	26	10559	22	10563	51	10644	44	10594	17.165	1.864
367	NaN	617	NaN	591	1	-6	360	100	99	0	404	23	10585	21	10592	47	10649	41	10719	17.333	1.974
367.1	NaN	553	NaN	574	1	-2	361	100	98	0	404	19	10732	19	10831	39	10829	37	10807	17.461	0.716
367.2	NaN	574	NaN	609	1	-5	361	100	99	0	402	18	10750	16	10807	34	10820	31	10888	17.578	0.723
367.3	NaN	552	NaN	582	1	-5	358	97	91	0	403	17	10822	16	10858	35	10902	31	10949	17.649	0.197
367.4	NaN	555	NaN	590	1	-4	363	100	100	0	404	16	10893	14	10907	31	10939	27	10901	17.745	1.187
367.5	NaN	555	NaN	612	1	-6	357	100	100	0	404	13	10893	12	10876	26	10886	24	10946	17.762	0.345
367.6	NaN	553	NaN	594	1	-4	360	100	100	0	404	15	10879	13	10978	29	10998	26	10960	17.812	0.201
367.7	NaN	540	NaN	605	1	-5	361	100	100	0	403	12	10945	11	10904	22	10967	21	10984	17.832	0.323
367.8	NaN	560	NaN	612	1	-4	359	100	100	0	404	13	10896	12	10938	27	10998	24	10991	17.853	0.997
367.9	NaN	544	NaN	605	1	-4	359	100	100	0	403	12	10986	11	10964	24	11022	20	10971	17.873	0.297
368	NaN	542	NaN	613	1	-6	358	100	100	0	404	12	10957	11	10928	24	10963	22	10987	17.846	-0.162
368.1	NaN	561	NaN	629	1	-6	358	100	100	0	402	14	10964	12	11014	28	11019	24	10998	17.908	0.387
368.2	NaN	536	NaN	627	1	-4	358	100	100	0	404	10	11002	9	10960	19	10994	19	11040	17.879	-0.053
368.3	NaN	545	NaN	627	1	-3	358	100	100	0	403	12	10953	11	11041	24	11025	21	11041	17.871	-0.562
368.4	NaN	541	NaN	621	1	-4	358	100	98	0	405	11	11001	10	10986	21	11019	18	10990	17.9	-0.917
368.5	NaN	537	NaN	599	1	-5	356	100	95	0	404	11	10920	10	10950	22	10999	21	11017	17.889	-0.128
368.6	NaN	540	NaN	624	1	-2	360	92	82	0	401	12	10993	11	11039	23	11033	21	11010	17.898	0.004
368.7	NaN	559	NaN	600	1	-5	357	92	82	0	403	11	11036	11	11080	21	10917	22	11039	17.897	-1.377
368.8	NaN	592	NaN	622	1	-3	357	79	70	0	402	13	10889	13	11061	25	11026	25	11064	17.924	2.547
368.9	NaN	570	NaN	623	0	2	359	64	55	0	404	11	10928	11	11042	21	10996	20	11111	17.914	1.131
369	NaN	593	NaN	589	0	11	362	60	51	0	404	15	10747	19	11299	29	10848	37	11349	17.918	-0.118
369.1	NaN	600	NaN	583	0	18	359	63	54	0	403	15	10747	21	11428	31	10872	42	11439	18.019	0.344
369.2	NaN	591	NaN	598	0	19	359	66	55	0	405	15	10738	22	11458	30	10734	45	11555	18.038	1.515
369.3	NaN	585	NaN	602	0	17	363	67	59	0	404	19	10705	25	11468	37	10876	49	11548	18.016	1.196
369.4	NaN	603	NaN	648	0	2	357	68	60	0	404	16	10810	17	11334	29	11033	33	11448	17.997	1.566
369.5	NaN	537	NaN	596	0	-5	362	68	62	0	403	10	10964	9	11148	20	11072	19	11106	18.05	-1.636
369.6	NaN	533	NaN	620	0	-9	357	30	21	0	402	9	11066	8	10979	18	11136	16	11037	17.977	-0.394
369.7	NaN	624	NaN	594	0	-13	359	0	0	0	403	-16	10826	-18	10705	-12	10833	-14	10758	17.732	-3.175
369.8	NaN	553	NaN	611.5	0	-14	487	0	0	0	525	-35	10584	-40	10342	-26	10632	-30	10169	17.193	-7.522
369.9	NaN	608	NaN	610.5	0	-11	454	0	0	0	456	-48	10154	-54	9779	-36	10092	-41	9572	16.462	-7.209
370	NaN	613	NaN	609.5	0	-13	387	0	0	0	419	-50	9697	-56	9339	-39	9665	-43	9314	15.708	-6.588
370.1	NaN	534	NaN	608.5	0	-11	378	0	0	0	413	-51	9245	-58	9037	-41	9242	-47	8602	15.043	-7.016
370.2	NaN	646	NaN	607.5	0	-12	462	0	0	0	485	-53	8735	-59	8428	-43	8779	-48	8413	14.315	-6.35
370.3	NaN	561	NaN	606.5	0	-14	536	0	0	0	555	-51	8238	-58	7977	-43	8195	-49	7704	13.471	-9.47
370.4	NaN	552	NaN	605.5	0	-17	511	0	0	0	522	-50	7700	-58	7348	-43	7668	-50	7144	12.557	-8.269
370.5	NaN	558	NaN	604.5	0	-26	364	0	0	0	403	-47	7418	-60	6885	-41	7398	-52	6302	11.784	-7.141
370.6	NaN	622	NaN	610	0	-38	362	23	22	0	400	-8	7249	-9	6563	-5	7250	-7	6435	11.184	-3.594
370.7	NaN	538	NaN	599	0	-40	360	33	33	0	403	16	7233	6	6446	38	7313	14	6489	11.113	-0.119
370.8	NaN	592	NaN	625	0	-36	358	44	40	0	400	32	7333	13	6474	76	7449	31	6673	11.146	2.318
370.9	NaN	580	NaN	665	0	-34	362	42	36	0	402	27	7365	12	6662	63	7459	28	6703	11.403	2.327
371	NaN	600	NaN	608	0	-37	357	44	41	0	404	34	7584	14	6807	79	7664	33	6869	11.604	1.13
371.1	NaN	580	NaN	639	0	-39	358	37	34	0	405	28	7719	11	6993	58	7783	25	6983	11.874	1.123
371.2	NaN	587	NaN	608	0	-37	361	44	41	0	403	38	7882	15	7053	87	8122	36	7231	11.993	1.593
371.3	NaN	586	NaN	607	0	-43	359	43	37	0	403	34	7903	12	7165	75	8046	27	7429	12.217	1.177
371.4	NaN	586	NaN	609	0	-43	359	42	39	0	402	33	8027	11	7150	76	8181	26	7308	12.322	3.107
371.5	NaN	540	NaN	659	0	-43	360	38	33	0	403	20	8051	7	7159	46	8131	17	7294	12.424	-0.434
371.6	NaN	552	NaN	652	0	-41	363	38	34	0	400	24	8195	9	7188	53	8248	20	7318	12.455	0.063
371.7	NaN	605	NaN	545	0	-48	361	26	19	0	402	0	7912	0	7053	-1	7997	0	7091	12.442	-2.615
371.8	NaN	596	NaN	536	0	-47	360	30	28	0	403	8	7932	2	6918	19	8060	6	7002	12.237	-0.744
371.9	NaN	563	NaN	570	0	-37	359	32	29	0	402	9	7859	4	6929	22	7922	9	7019	12.144	0.183
372	NaN	569	NaN	580	0	-6	360	31	22	0	401	4	7561	4	7192	9	7668	8	7198	12.179	0.296
372.1	NaN	604	NaN	546	0	7	361	30	20	0	403	0	7163	1	7508	1	7215	1	7456	12.078	-1.785
372.2	NaN	600	NaN	537	0	12	362	30	22	0	404	1	7033	2	7505	4	7087	4	7461	11.991	-0.712
372.3	NaN	555	NaN	592	0	3	363	32	25	0	403	5	7147	5	7462	12	7160	13	7424	11.842	-0.732
372.4	NaN	545	NaN	600	0	-9	363	34	29	0	403	10	7244	8	7264	23	7317	19	7296	11.877	0.754
372.5	NaN	578	NaN	544	0	-29	357	30	22	0	405	4	7417	3	7069	8	7382	5	7063	11.858	-1.776
372.6	NaN	567	NaN	514	0	-35	364	31	27	0	402	8	7445	3	6826	18	7468	7	6846	11.729	-0.668
372.7	NaN	592	NaN	628	0	-41	356	41	36	0	400	27	7559	11	6754	63	7588	25	6865	11.723	2.896
372.8	NaN	578	NaN	580	0	-43	360	61	59	0	402	60	7908	20	6825	143	8016	48	7242	11.803	1.642
372.9	NaN	570	NaN	589	0	-49	362	56	48	0	404	65	8235	21	7577	150	8256	47	7202	12.274	6.574
373	NaN	561	NaN	512	0	-56	359	35	29	0	402	14	7898	3	6988	33	7948	7	7140	12.316	-2.926
373.1	NaN	560	NaN	525	0	-52	361	27	22	0	403	7	7888	2	6853	13	7913	5	6950	12.177	0.248
373.2	NaN	598	NaN	545	0	-52	362	28	25	0	403	0	7765	0	6743	0	7706	0	6669	11.896	-3.954
373.3	NaN	544	NaN	625	0	-53	362	39	38	0	403	31	7833	8	6720	72	7958	18	6759	11.814	0.612
373.4	NaN	537	NaN	631	0	-54	361	41	34	0	403	32	7863	8	6692	72	7996	18	7464	11.876	2.711
373.5	NaN	568	NaN	514	0	-50	358	34	29	0	403	9	7570	2	6494	21	7655	6	6666	11.784	-1.446
373.6	NaN	541	NaN	632	0	-28	359	38	33	0	402	12	7560	6	6587	27	7646	15	6758	11.631	1.654
373.7	NaN	560	NaN	609	0	-35	358	39	34	0	403	21	7459	9	6738	48	7534	20	6935	11.696	0.071
373.8	NaN	584	NaN	598	0	-41	357	44	43	0	404	39	7720	13	6857	89	7775	31	6904	11.852	2.656
373.9	NaN	564	NaN	626	0	-47	359	44	38	0	405	35	7848	10	6930	78	7911	24	7001	12.063	2.038
374	NaN	601	NaN	611	0	-42	361	47	44	0	402	46	8095	17	7095	105	8252	38	7263	12.287	2.49
374.1	NaN	573	NaN	554	0	-19	359	36	26	0	406	19	7970	13	7401	44	8080	28	7458	12.63	3.083
374.2	NaN	603	NaN	543	0	19	363	27	16	0	405	-0	7428	-0	7734	-0	7468	-0	7666	12.54	-1.969
374.3	NaN	599	NaN	543	0	34	363	27	18	0	406	-0	7079	-0	7890	-0	7076	-0	7870	12.293	-2.898
374.4	NaN	602	NaN	544	0	46	359	29	21	0	406	0	6831	0	7770	-1	6827	0	7766	12.127	-4.381
374.5	NaN	601	NaN	605	0	48	361	36	28	0	405	5	6712	14	7834	10	6714	33	7897	11.883	-0.951
374.6	NaN	603	NaN	583	0	46	361	41	31	0	404	7	6639	21	7766	15	6789	49	7847	11.809	-1.343
374.7	NaN	585	NaN	566	0	44	358	42	34	0	404	9	6706	27	7792	20	6818	62	7901	11.818	1.167
374.8	NaN	580	NaN	544	0	31	358	52	42	0	405	18	6822	39	7895	41	7216	90	8025	11.887	1.667
374.9	NaN	549	NaN	525	0	3	364	60	57	0	406	42	7495	47	7890	96	7598	105	8046	12.348	6.836
375	NaN	571	NaN	544	0	-10	357	93	87	0	404	46	7999	39	7973	103	8117	86	8075	12.892	4.752
375.1	NaN	562	NaN	542	0	-18	360	100	100	0	406	50	8411	33	8163	110	8556	73	8240	13.369	4.956
375.2	NaN	571	NaN	558	0	-31	356	100	100	0	404	53	8869	28	8365	115	8976	62	8402	13.84	4.311
375.3	NaN	577	NaN	572	0	-37	356	100	100	0	403	54	9193	24	8511	117	9233	51	8632	14.287	3.909
375.4	NaN	573	NaN	567	0	-33	357	100	100	0	405	53	9561	24	8740	113	9608	51	8877	14.632	4.844
375.5	NaN	580	NaN	561	0	-31	359	100	100	0	404	50	9621	25	9105	105	9821	52	9184	15.036	3.355
375.6	NaN	558	NaN	561	0	-26	358	100	100	0	405	47	9851	27	9339	97	9984	56	9709	15.337	2.944
375.7	NaN	572	NaN	542	0	-21	358	100	100	0	404	45	9931	28	9669	93	10020	59	9685	15.733	5.28
375.8	NaN	561	NaN	546	0	-12	358	100	100	0	401	41	10125	31	9803	84	10268	63	9881	16.119	4.951
375.9	NaN	561	NaN	537	0	-7	359	100	100	0	403	39	10211	32	10115	79	10363	67	10228	16.51	3.302
376	NaN	586	NaN	558	0	-6	358	100	100	0	404	32	10329	29	10430	65	10389	59	10465	16.88	3.423
376.1	NaN	535	NaN	547	0	-2	356	100	100	0	405	27	10538	24	10558	53	10633	49	10613	17.147	2.962
376.2	NaN	553	NaN	593	0	-2	358	100	100	0	404	22	10563	23	10722	44	10687	45	10787	17.368	1.047
376.3	NaN	548	NaN	597	0	1	362	100	100	0	404	23	10645	22	10894	45	10709	43	10923	17.551	2.629
376.4	NaN	588	NaN	580	1	0	359	100	100	0	404	18	10758	18	10896	35	10836	34	11005	17.676	1
376.5	NaN	574	NaN	661	1	3	363	100	100	0	405	17	10730	17	11095	32	10839	35	11115	17.762	-0.004
376.6	NaN	576	NaN	616	1	2	362	100	100	0	404	17	10807	18	11063	34	10907	33	11118	17.857	0.29
376.7	NaN	566	NaN	613	1	2	358	100	100	0	404	13	10837	15	11135	26	10912	28	11180	17.923	0.114
376.8	NaN	583	NaN	613	1	4	360	100	100	0	404	16	10827	16	11238	31	10869	32	11235	17.977	1.001
376.9	NaN	551	NaN	615	1	2	362	100	100	0	405	13	10922	13	11121	24	10985	24	11230	18.03	2.034
377	NaN	572	NaN	610	1	1	361	100	100	0	405	12	10869	12	11281	23	10973	26	11275	18.048	0.19
377.1	NaN	555	NaN	609	1	1	360	100	100	0	404	12	10959	13	11161	24	11031	23	11227	18.076	0.091
377.2	NaN	542	NaN	621	1	2	363	100	100	0	406	9	10980	9	11295	17	11026	17	11245	18.099	-1.179
377.3	NaN	576	NaN	598	1	1	357	100	100	0	405	12	10978	11	11205	23	11016	23	11254	18.093	-0.381
377.4	NaN	557	NaN	611	1	-0	357	100	100	0	405	9	11064	9	11213	16	11058	15	11210	18.119	-0.158
377.5	NaN	542	NaN	597	1	-2	361	100	100	0	405	10	10984	9	11196	19	11022	20	11226	18.105	-0.165
377.6	NaN	538	NaN	634	1	-3	359	100	100	0	405	8	11096	8	11142	16	11126	15	11162	18.067	0.464
377.7	NaN	540	NaN	592	1	-4	360	100	100	0	406	8	10997	8	11215	16	11049	16	11141	18.098	-1.27
377.8	NaN	538	NaN	612	1	-2	360	100	100	0	405	11	10988	10	11109	21	11089	19	11174	18.079	0.839
377.9	NaN	552	NaN	606	1	-0	360	100	100	0	405	8	11037	8	11246	15	11068	16	11190	18.093	0.02
378	NaN	538	NaN	614	1	-2	357	100	100	0	403	10	10992	10	11144	20	11006	20	11200	18.088	-0.399
378.1	NaN	547	NaN	639	1	-1	361	100	100	0	403	9	11047	8	11223	17	11088	16	11195	18.083	0.39
378.2	NaN	543	NaN	639	1	-2	360	100	100	0	405	8	10978	8	11166	16	11043	16	11201	18.07	-1.037
378.3	NaN	540	NaN	659	1	-1	362	100	100	0	402	10	11022	10	11161	19	11082	18	11177	18.086	0.525
378.4	NaN	546	NaN	623	1	-2	358	100	100	0	403	8	11021	7	11183	15	11079	14	11151	18.099	-0.344
378.5	NaN	535	NaN	650	1	-2	360	100	100	0	405	10	10978	9	11127	20	11077	19	11191	18.071	0.88
378.6	NaN	549	NaN	650	1	-3	359	100	100	0	402	8	11056	7	11178	15	11077	13	11139	18.094	0.438
378.7	NaN	550	NaN	595	1	-4	357	100	100	0	404	8	10998	8	11127	16	11009	16	11159	18.061	-1.248
378.8	NaN	565	NaN	595	1	-5	358	100	100	0	403	10	11018	9	11182	19	11092	17	11179	18.093	0.948
378.9	NaN	549	NaN	634	1	-3	364	100	100	0	403	7	11023	6	11094	13	11072	12	11139	18.093	-0.949
379	NaN	539	NaN	634	1	-4	360	100	100	0	405	9	11033	9	11160	19	11119	16	11160	18.074	-0.166
379.1	NaN	555	NaN	589	1	-8	357	100	100	0	404	7	11081	6	11092	13	11114	11	11090	18.091	-0.17
379.2	NaN	540	NaN	620	1	-5	362	100	100	0	405	8	11052	7	11031	16	11098	15	11084	18.046	-0.06
379.3	NaN	546	NaN	604	0	-9	360	100	100	0	404	9	11159	7	11061	17	11162	13	11012	18.069	0.749
379.4	NaN	533	NaN	588	0	-10	360	100	100	0	403	10	11140	8	10976	22	11112	18	11048	18.06	-0.862
379.5	NaN	540	NaN	599	0	-9	362	100	100	0	403	12	11215	9	11037	23	11276	17	11068	18.066	0.966
379.6	NaN	538	NaN	590	0	-10	360	100	100	0	404	10	11185	8	10985	19	11229	17	11022	18.054	-0.109
379.7	NaN	539	NaN	595	0	-10	362	100	100	0	403	12	11177	10	11005	25	11242	20	11053	18.093	-0.385
379.8	NaN	539	NaN	610	0	-12	358	100	100	0	401	9	11226	7	11027	18	11246	14	11008	18.12	-0.168
379.9	NaN	541	NaN	609	0	-11	362	100	100	0	404	10	11117	8	10973	21	11240	16	11043	18.083	-0.034
380	NaN	544	NaN	628	0	-8	360	100	100	0	402	10	11157	9	11066	20	11216	16	11060	18.088	0.778
380.1	NaN	535	NaN	592	0	-7	361	100	100	0	405	9	11135	8	10991	17	11118	15	11066	18.058	-1.295
380.2	NaN	534	NaN	602	0	-6	358	100	100	0	404	11	11101	9	11023	21	11165	18	11086	18.04	0.899
380.3	NaN	539	NaN	591	0	-5	362	100	100	0	404	8	11018	7	11059	16	11019	14	11041	18.027	-0.693
380.4	NaN	534	NaN	617	0	-5	358	100	100	0	404	10	11037	8	10991	19	11107	18	11032	17.984	-0.1
380.5	NaN	544	NaN	624	0	-4	362	100	100	0	405	9	11038	8	11070	16	11030	15	11000	17.991	-0.087
380.6	NaN	539	NaN	596	1	-2	363	100	100	0	406	10	10967	10	11003	22	11079	21	11036	17.964	-0.506
380.7	NaN	552	NaN	601	1	-1	359	100	93	0	404	12	10959	11	11093	21	11068	21	11114	17.971	1.019
380.8	NaN	554	NaN	582	1	-1	358	96	87	0	405	11	10937	11	11093	23	10988	23	11140	17.95	-0.601
380.9	NaN	573	NaN	594	0	3	360	43	32	0	405	14	10928	14	11092	25	11007	26	11190	18.013	1.216
381	NaN	574	NaN	595	0	3	361	0	0	0	404	-16	10754	-16	11055	-13	10699	-12	10997	17.812	-2.991
381.1	NaN	560	NaN	614	0	0	356	0	0	0	401	-36	10454	-36	10709	-28	10336	-28	10635	17.455	-4.951
381.2	NaN	550	NaN	624	0	2	360	0	0	0	402	-49	10113	-49	10469	-38	10080	-37	10337	16.919	-5.796
381.3	NaN	535	NaN	614	0	-2	360	0	0	0	403	-50	9737	-52	9966	-39	9833	-40	9938	16.327	-6.357
381.4	NaN	532	NaN	619	0	-2	359	0	0	0	401	-53	9502	-53	9512	-41	9336	-42	9361	15.726	-7.53
381.5	NaN	541	NaN	627	0	-3	359	0	0	0	402	-53	9141	-55	9144	-43	8848	-44	9000	15.113	-6.891
381.6	NaN	534	NaN	623	0	-3	362	0	0	0	401	-54	8610	-55	8804	-45	8768	-46	8662	14.443	-4.262
381.7	NaN	534	NaN	624	0	-2	363	0	0	0	403	-54	8317	-55	8443	-46	8138	-46	8096	13.846	-5.874
381.8	NaN	548	NaN	632	0	4	364	0	0	0	401	-54	7882	-54	8086	-47	7849	-46	8035	13.207	-6.065
381.9	NaN	554	NaN	634	0	9	360	0	0	0	403	-56	7393	-52	7897	-49	6270	-44	7820	12.445	-7.824
382	NaN	544.6538462	NaN	575	0	16	357	18	8	0	404	-17	6990	-14	7797	-15	7206	-12	7654	12.092	-0.842
382.1	NaN	546.8076923	NaN	606	0	21	360	17	9	0	402	-21	6741	-18	7518	-19	6526	-15	7422	11.8	-3.282
382.2	NaN	548.9615385	NaN	630	0	36	363	17	9	0	404	-23	6328	-16	7485	-21	6239	-14	7394	11.406	-3.457
382.3	NaN	551.1153846	NaN	646	0	53	361	11	0	0	406	-47	5764	-27	7159	-42	4416	-25	7202	10.945	-5.839
382.4	NaN	553.2692308	NaN	543	0	56	365	25	16	0	405	-0	5604	-0	7060	-1	2558	0	7025	10.443	-3.071
382.5	NaN	555.4230769	NaN	546	0	57	361	30	22	0	403	0	5475	0	6769	0	5588	1	6812	10.126	-1.623
382.6	NaN	557.5769231	NaN	613	0	56	360	36	28	0	404	3	5459	15	6695	8	5624	36	6800	9.898	-1.371
382.7	NaN	559.7307692	NaN	629	0	59	359	37	29	0	404	3	5353	17	6462	8	5503	41	6592	9.858	-1.014
382.8	NaN	561.8846154	NaN	562	0	60	359	40	31	0	404	4	5370	27	6598	11	6079	63	6770	9.702	-1.282
382.9	NaN	564.0384615	NaN	608	0	62	363	38	28	0	405	3	5309	18	6475	7	5476	43	6579	9.727	-1.197
383	NaN	566.1923077	NaN	585	0	60	354	40	28	0	404	4	5327	24	6596	9	5408	55	6619	9.615	-1.421
383.1	NaN	568.3461538	NaN	640	0	63	362	35	24	0	403	2	5177	10	6321	4	5292	26	6394	9.559	-0.498
383.2	NaN	575	NaN	629	0	60	357	44	35	0	404	2	5122	15	6377	6	5225	36	6403	9.305	-0.676
383.3	NaN	635	NaN	584	0	65	360	44	35	0	404	4	5056	26	6177	9	5264	62	6265	9.413	0.173
383.4	NaN	600	NaN	548	0	62	363	45	35	0	403	6	5191	35	6492	14	5375	85	6529	9.411	0.297
383.5	NaN	603	NaN	547	0	62	358	45	35	0	404	6	5237	36	6621	14	5330	85	6622	9.573	1.229
383.6	NaN	608	NaN	528	0	62	359	49	40	0	405	7	5314	45	6749	18	5452	106	6816	9.682	0.655
383.7	NaN	566	NaN	535	0	62	362	50	43	0	403	9	5583	51	6825	21	5525	119	6882	9.94	3.822
383.8	NaN	543	NaN	537	0	54	358	63	54	0	403	17	5653	75	7079	41	5892	176	7207	10.161	4.515
383.9	NaN	536	NaN	558	0	51	360	64	56	0	405	20	7009	78	7276	46	6453	179	7432	10.596	4.78
384	NaN	543	NaN	521	0	45	362	63	54	0	405	23	6828	71	7427	53	6900	164	7604	11.022	3.132
384.1	NaN	541	NaN	523	0	38	363	64	55	0	406	27	7727	66	7524	61	7160	152	7692	11.529	5.067
384.2	NaN	560	NaN	510	0	21	360	64	53	0	404	35	7513	58	7726	79	7280	127	7900	12.01	5.193
384.3	NaN	539	NaN	527	0	14	361	59	50	0	404	36	7553	49	7918	81	7601	108	8030	12.576	3.888
384.4	NaN	546	NaN	525	0	13	357	62	52	0	405	37	7906	49	8256	84	7907	107	8377	13.068	5.344
384.5	NaN	544	NaN	521	0	13	362	62	53	0	405	37	8208	47	8562	79	8227	102	8700	13.538	4.336
384.6	NaN	554	NaN	522	0	7	359	59	48	0	404	38	8464	43	8844	81	8529	94	8951	14.009	4.175
384.7	NaN	592	NaN	559	0	-1	357	47	36	0	404	25	8747	28	9014	54	8833	58	9044	14.394	2.459
384.8	NaN	585	NaN	543.9666667	0	-4	364	27	18	0	403	-0	8703	-1	8853	-1	8775	-1	8828	14.423	-3.515
384.9	NaN	590	NaN	545.9333333	0	-11	360	19	12	0	404	-5	8682	-4	8658	-4	8752	-4	8632	14.249	-2.04
385	NaN	588	NaN	547.9	0	-14	359	24	20	0	402	0	8623	1	8442	0	8702	1	8421	13.975	-1.04
385.1	NaN	585	NaN	549.8666667	0	-22	360	23	21	0	402	0	8675	-0	8211	0	8673	0	8201	13.812	-2.257
385.2	NaN	589	NaN	551.8333333	0	-23	363	18	16	0	403	-5	8544	-5	7989	-4	8473	-5	8044	13.61	-1.556
385.3	NaN	585	NaN	553.8	0	-26	364	18	16	0	402	-6	8497	-8	7823	-5	8411	-7	7801	13.335	-1.98
385.4	NaN	576	NaN	555.7666667	0	-37	361	6	4	0	401	-15	8312	-23	7467	-13	8279	-18	7542	13.029	-3.98
385.5	NaN	556	NaN	557.7333333	0	-38	361	3	0	0	400	-30	8098	-45	7031	-26	7991	-38	6603	12.529	-5.505
385.6	NaN	615	NaN	559.7	0	-43	361	3	1	0	400	-37	7678	-58	6524	-33	7557	-51	4113	11.905	-6.839
385.7	NaN	574	NaN	561.6666667	0	-48	360	5	1	0	401	-35	7245	-56	4582	-31	7253	-50	1023	11.286	-5.221
385.8	NaN	527	NaN	563.6333333	0	-57	361	27	24	0	400	0	7116	0	5541	0	7103	0	0	10.636	-1.809
385.9	NaN	542	NaN	565.6	0	-56	362	30	28	0	400	9	6838	2	5370	21	6919	4	3904	10.147	-0.506
386	NaN	521	NaN	567.5666667	0	-56	360	35	33	0	401	20	6697	4	5213	47	7072	9	4475	9.783	-0.888
386.1	NaN	525	NaN	569.5333333	0	-43	360	40	37	0	401	26	6504	8	5040	63	6788	18	5422	9.554	1.663
386.2	NaN	601	NaN	574	0	-4	360	48	46	0	401	32	6489	28	5309	77	7039	65	7303	9.52	4.141
386.3	NaN	609	NaN	640	0	-9	357	41	32	0	403	17	6318	14	5728	40	6447	35	6727	9.809	1.895
386.4	NaN	575	NaN	528	0	-9	356	92	94	0	404	46	6598	37	6079	107	6968	84	11528	10.033	7.082
386.5	NaN	582	NaN	535	0	-17	360	16	9	0	405	-6	6493	-7	6127	-5	6422	-6	6076	10.305	-4.612
386.6	NaN	580	NaN	619	0	-9	357	34	24	0	405	10	6552	7	6457	24	6636	24	6543	10.643	3.122
386.7	NaN	575	NaN	557	0	-4	361	45	37	0	403	3	6358	3	6434	7	6348	7	6394	10.545	-1.593
386.8	NaN	590	NaN	642	0	14	363	49	37	0	403	12	6334	17	6630	29	6431	41	6639	10.609	1.485
386.9	NaN	588	NaN	582	0	37	363	46	34	0	405	12	6217	29	7048	28	6261	69	7018	10.719	0.966
387	NaN	592	NaN	560	0	37	361	46	35	0	404	12	6320	30	7220	28	6393	70	7223	10.877	3.828
387.1	NaN	585	NaN	563	0	39	358	45	37	0	406	12	6412	32	7251	27	6406	75	7305	10.988	1.88
387.2	NaN	577	NaN	551	0	39	359	46	37	0	407	13	6433	33	7455	29	6403	76	7483	11.126	2.981
387.3	NaN	576	NaN	553	0	39	363	46	36	0	407	12	6482	31	7477	27	6525	73	7524	11.317	1.387
387.4	NaN	597	NaN	551	0	38	362	46	37	0	406	13	6562	33	7647	30	6605	75	7718	11.427	1.054
387.5	NaN	568	NaN	569	0	38	362	46	36	0	405	13	6719	32	7648	30	6758	72	7744	11.605	1.975
387.6	NaN	575	NaN	547	0	37	362	45	35	0	405	12	6773	30	7724	28	6982	67	7844	11.706	2.402
387.7	NaN	626	NaN	612	0	37	361	39	29	0	404	7	6716	18	7593	17	7254	42	7727	11.786	0.118
387.8	NaN	600	NaN	595	0	36	359	41	32	0	404	10	6699	22	7762	23	8737	51	7876	11.721	1.408
387.9	NaN	622	NaN	592	0	38	359	41	32	0	404	9	6796	23	7703	21	7137	53	7802	11.815	-0.15
388	NaN	587	NaN	610	0	38	358	40	29	0	403	8	6789	20	7741	18	6894	44	7840	11.828	-0.387
388.1	NaN	598	NaN	594	0	38	358	40	29	0	404	8	6767	19	7765	18	6813	44	7865	11.801	-0.719
388.2	NaN	590	NaN	585	0	38	362	40	29	0	404	8	6796	19	7767	18	6786	44	7830	11.805	0.151
388.3	NaN	579	NaN	602	0	37	362	40	29	0	404	8	6796	19	7737	18	6824	44	7817	11.827	0.265
388.4	NaN	587	NaN	603	0	35	359	40	30	0	404	9	6790	19	7781	19	6855	43	7851	11.806	-0.131
388.5	NaN	637	NaN	601	0	34	359	40	30	0	405	9	6803	20	7736	20	6889	46	7819	11.852	0.58
388.6	NaN	596	NaN	603	0	30	359	40	31	0	404	10	6855	20	7740	22	6995	45	7808	11.877	0.43
388.7	NaN	582	NaN	577	0	22	361	41	33	0	405	13	6950	21	7696	29	7068	49	7792	11.954	1.743
388.8	NaN	598	NaN	581	0	13	361	42	34	0	405	16	7140	22	7705	36	7262	49	7793	12.11	1.617
388.9	NaN	633	NaN	597	0	-1	360	43	34	0	404	19	7384	19	7667	43	7479	42	7753	12.297	1.854
389	NaN	575	NaN	630	0	-23	358	39	32	0	404	18	7723	11	7487	40	7769	25	7575	12.401	0.106
389.1	NaN	560	NaN	593	0	-38	356	37	34	0	404	21	7914	9	7296	47	7985	20	7433	12.441	0.577
389.2	NaN	521	NaN	590.3571429	0	-41	356	37	34	0	402	21	8050	8	7246	47	8129	18	7317	12.465	0.944
389.3	NaN	523	NaN	587.2142857	0	-38	360	36	33	0	403	19	8143	8	7271	43	8190	17	7357	12.482	-0.47
389.4	NaN	553	NaN	584.0714286	0	-36	360	33	31	0	402	18	8098	8	7284	40	8167	16	7347	12.524	-0.237
389.5	NaN	525	NaN	580.9285714	0	-37	361	37	34	0	402	23	8084	9	7319	50	8197	21	7391	12.5	-0.315
389.6	NaN	634	NaN	577.7857143	0	-37	356	41	38	0	402	29	8151	12	7387	65	8282	27	7479	12.594	1.494
389.7	NaN	573	NaN	574.6428571	0	-36	356	44	40	0	403	33	8184	15	7522	74	8352	33	7624	12.783	0.963
389.8	NaN	571	NaN	590	0	-26	359	43	40	0	404	31	8344	17	7664	69	8499	37	7745	12.931	0.956
389.9	NaN	563	NaN	600	0	-18	360	41	31	0	403	21	8266	14	7910	46	8345	31	7919	13.194	1.9
390	NaN	559	NaN	634	0	-6	361	40	31	0	404	17	8251	14	8055	38	8322	32	8118	13.276	1.486
390.1	NaN	582	NaN	619	0	-2	358	37	29	0	405	13	8178	12	8198	29	8227	28	8268	13.378	1.163
390.2	NaN	554	NaN	631	0	14	360	38	30	0	404	8	7979	11	8387	18	8014	25	8416	13.376	-0.07
390.3	NaN	567	NaN	579	0	23	358	46	36	0	404	18	7993	29	8609	40	8011	63	8647	13.432	1.688
390.4	NaN	561	NaN	559	0	24	358	46	36	0	405	16	8045	29	8714	36	8025	62	8813	13.611	1.163
390.5	NaN	564	NaN	535	0	25	358	48	39	0	404	21	8201	34	8886	44	8174	74	9014	13.775	3.123
390.6	NaN	561	NaN	539	0	25	358	48	40	0	403	20	8342	35	9066	45	8371	75	9116	13.998	1.913
390.7	NaN	545	NaN	529	0	24	361	51	42	0	404	24	8568	41	9247	51	8601	87	9309	14.274	3.287
390.8	NaN	541	NaN	543	0	24	362	61	52	0	405	29	9023	48	9399	62	8924	99	9516	14.592	3.567
390.9	NaN	519	NaN	522	0	15	361	63	54	0	404	31	9130	45	9577	64	9228	93	9688	14.947	3.09
391	NaN	551	NaN	529	0	7	362	62	54	0	404	35	9336	40	9678	74	9464	83	9823	15.332	4.221
391.1	NaN	550	NaN	534	0	-2	358	62	54	0	403	38	9664	37	9885	79	9655	75	9936	15.741	4.539
391.2	NaN	553	NaN	547	0	-14	358	51	41	0	405	37	10003	29	9945	76	10103	59	10038	16.071	3.528
391.3	NaN	603	NaN	609	0	-20	361	40	37	0	402	26	10134	16	9831	51	10268	33	9942	16.283	0.324
391.4	NaN	589	NaN	588	0	-22	359	39	37	0	402	24	10328	16	9877	48	10420	31	9939	16.358	1.69
391.5	NaN	581	NaN	588	0	-23	356	41	38	0	403	26	10394	17	10004	55	10467	34	10091	16.49	0.741
391.6	NaN	562	NaN	570	0	-23	356	41	39	0	402	31	10432	20	10042	63	10599	40	10120	16.624	1.632
391.7	NaN	567	NaN	573	0	-20	360	41	40	0	403	29	10575	18	10090	59	10651	37	10220	16.756	1.98
391.8	NaN	575	NaN	570	0	-20	358	44	41	0	403	32	10649	21	10280	63	10756	41	10347	16.931	2.707
391.9	NaN	557	NaN	569	0	-19	357	47	45	0	405	35	10766	23	10398	70	10916	47	10439	17.116	1.596
392	NaN	541	NaN	558	0	-14	362	63	59	0	403	32	10876	22	10466	64	10886	44	10597	17.32	2.95
392.1	NaN	529	NaN	576	0	-9	360	92	88	0	402	24	10846	21	10682	48	10966	40	10732	17.497	2.023
392.2	NaN	539	NaN	595	0	-4	359	100	100	0	406	17	10815	15	10760	32	10886	30	10802	17.595	0.701
392.3	NaN	587	NaN	579	0	4	362	100	100	0	404	17	10742	18	10890	33	10823	35	10971	17.678	1.57
392.4	NaN	552	NaN	564	0	5	359	100	100	0	404	19	10701	20	11121	36	10848	40	11131	17.741	-0.118
392.5	NaN	572	NaN	572	0	3	357	100	100	0	403	17	10791	18	11060	33	10787	36	11184	17.799	1.01
392.6	NaN	570	NaN	597	0	3	361	100	100	0	404	15	10774	16	11221	28	10881	31	11201	17.855	0.321
392.7	NaN	560	NaN	580	1	2	359	100	100	0	404	16	10821	17	11118	31	10922	32	11193	17.867	-0.11
392.8	NaN	563	NaN	605	1	0	355	100	100	0	403	13	10862	14	11121	26	10942	27	11169	17.9	0.762
392.9	NaN	565	NaN	586	1	2	361	100	100	0	404	14	10843	13	11132	27	10985	27	11151	17.896	-0.847
393	NaN	549	NaN	589	1	1	361	100	100	0	404	14	10921	13	11086	27	10919	26	11155	17.906	0.782
393.1	NaN	535	NaN	593	1	-0	361	100	100	0	404	11	10925	11	11135	22	10986	21	11115	17.946	0.169
393.2	NaN	544	NaN	609	1	-2	357	100	100	0	405	12	10925	11	11054	25	10986	23	11154	17.932	0.41
393.3	NaN	541	NaN	628	1	-0	363	100	100	0	403	10	10985	11	11170	19	11016	19	11157	17.943	0.326
393.4	NaN	527	NaN	585	1	-2	359	100	100	0	404	10	10955	9	11078	20	11066	18	11114	17.926	-1.255
393.5	NaN	537	NaN	595	1	-3	359	100	100	0	404	12	10996	11	11101	23	11008	21	11131	17.953	0.361
393.6	NaN	528	NaN	603	1	-2	358	100	100	0	404	8	11002	8	11095	15	11053	15	11061	17.934	-0.619
393.7	NaN	525	NaN	592	1	-2	361	100	100	0	405	11	10971	10	11049	21	10975	20	11092	17.904	0.18
393.8	NaN	550	NaN	656	1	-3	359	100	100	0	404	10	10978	10	11101	20	11027	18	11043	17.959	-0.076
393.9	NaN	516	NaN	594	1	-3	361	100	100	0	405	9	10959	8	11022	17	11035	16	11090	17.932	-1.224
394	NaN	528	NaN	621	1	-6	361	100	100	0	402	10	11012	9	11092	19	11053	18	11076	17.938	0.924
394.1	NaN	526	NaN	593	1	-3	357	100	100	0	403	9	10973	8	11019	17	11072	15	11050	17.939	-1.053
394.2	NaN	538	NaN	616	1	-3	360	100	100	0	404	11	10971	10	11098	22	10981	21	11115	17.91	-0.163
394.3	NaN	524	NaN	612	1	-2	360	100	100	0	403	10	11009	9	11051	19	11024	18	11033	17.945	0.022
394.4	NaN	517	NaN	593	1	-4	363	100	100	0	405	10	10961	10	11007	21	10998	19	11056	17.925	0.316
394.5	NaN	538	NaN	619	1	-1	362	100	93	0	404	11	10969	11	11133	22	11047	21	11077	17.936	0.397
394.6	NaN	573	NaN	543	0	0	362	2	0	0	404	-3	10832	-1	11009	-3	10888	-3	10980	17.952	-2.404
394.7	NaN	567	NaN	611	0	1	359	0	0	0	404	-22	10562	-22	10949	-16	10628	-16	10942	17.685	-2.581
394.8	NaN	540	NaN	702	0	3	359	0	0	0	403	-43	10346	-41	10690	-32	10232	-32	10589	17.23	-6.236
394.9	NaN	541	NaN	640	0	2	395	0	0	0	439	-50	9889	-48	10268	-39	9892	-37	10190	16.645	-7.69
395	NaN	544	NaN	659	0	1	395	0	0	0	429	-52	9460	-51	9868	-41	9391	-40	9752	16.025	-6.148
395.1	NaN	536	NaN	649	0	3	359	0	0	0	403	-53	9114	-53	9433	-42	9057	-41	9414	15.399	-5.866
395.2	NaN	547	NaN	696	0	0	361	0	0	0	402	-55	8704	-55	9062	-45	8785	-45	8878	14.721	-5.913
395.3	NaN	561	NaN	695	0	2	357	0	0	0	402	-56	8401	-54	8621	-45	7943	-45	8554	14.086	-7.284
395.4	NaN	558	NaN	662	0	9	358	0	0	0	402	-57	7965	-51	8393	-48	7756	-43	8380	13.307	-6.73
395.5	NaN	552	NaN	664	0	28	357	0	0	0	401	-61	6849	-48	7782	-51	7359	-41	8032	12.728	-4.95
395.6	NaN	537	NaN	661	0	32	360	0	0	0	403	-62	6714	-45	7721	-54	3424	-39	7492	12.027	-7.918
395.7	NaN	566	NaN	567	0	34	356	42	35	0	402	5	6450	14	7573	15	2174	24	7681	11.438	-2.126
395.8	NaN	578	NaN	531	0	33	361	50	42	0	405	19	6728	40	7646	43	7024	91	7838	11.472	2.4
395.9	NaN	585	NaN	544	0	32	361	50	41	0	405	19	7032	39	7697	42	6986	88	7805	11.738	3.432
396	NaN	574	NaN	552	0	29	358	50	41	0	405	19	7002	38	7835	43	7050	86	7930	11.968	0.828
396.1	NaN	571	NaN	523	0	30	359	50	41	0	404	19	7256	38	7938	44	7248	87	8047	12.294	3.65
396.2	NaN	562	NaN	528	0	23	360	51	42	0	405	23	7395	39	8242	51	7405	87	8332	12.529	3.995
396.3	NaN	559	NaN	573	0	29	358	40	36	0	405	9	7631	21	8076	23	7554	48	8145	12.889	0.944
396.4	NaN	554	NaN	554	0	25	364	47	34	0	407	21	7664	36	8645	44	9631	73	8692	13.056	6.946
396.5	NaN	586	NaN	566	0	24	360	72	66	0	404	10	7631	21	8401	24	7697	69	8468	13.131	0.624
396.6	NaN	561	NaN	603	0	26	359	37	28	0	404	6	7780	11	8564	15	7840	26	8611	13.448	-1.037
396.7	NaN	535	NaN	603.6875	0	23	361	60	49	0	406	31	8085	50	8913	67	8067	110	8944	13.619	4.797
396.8	NaN	537	NaN	600.375	0	26	360	63	55	0	405	29	9853	51	8946	63	8390	110	9080	14.068	4.19
396.9	NaN	525	NaN	597.0625	0	23	360	64	55	0	405	29	8666	51	9278	63	8647	107	9383	14.444	4.551
397	NaN	536	NaN	593.75	0	18	364	64	53	0	406	31	8795	47	9477	66	9281	98	9637	14.832	2.857
397.1	NaN	541	NaN	590.4375	0	14	362	59	49	0	405	34	9702	43	9636	70	9278	90	9721	15.281	4.273
397.2	NaN	567	NaN	587.125	0	-0	359	59	48	0	406	36	9496	38	9842	75	9586	77	9898	15.668	4.23
397.3	NaN	568	NaN	583.8125	0	-20	360	42	40	0	404	32	9846	22	9682	64	9879	43	9776	16.032	2.112
397.4	NaN	564	NaN	589	0	-25	361	40	40	0	406	28	10110	16	9569	58	10234	33	9684	16.115	0.85
397.5	NaN	576	NaN	595	0	-24	362	39	35	0	402	22	10216	13	9628	46	10299	26	9820	16.205	0.415
397.6	NaN	567	NaN	587	0	-25	359	39	39	0	402	28	10239	15	9716	54	10258	31	9766	16.285	1.409
397.7	NaN	575	NaN	598	0	-26	360	39	37	0	403	25	10283	15	9703	52	10400	30	9779	16.343	1.936
397.8	NaN	560	NaN	611	0	-16	358	41	38	0	405	26	10320	18	9816	52	10435	36	9951	16.471	1.931
397.9	NaN	572	NaN	554	0	-1	363	44	36	0	405	23	10163	23	10257	47	10195	47	10280	16.669	2.038
398	NaN	528	NaN	536	0	8	359	47	38	0	404	25	10114	28	10522	51	10259	57	10560	16.832	1.998
398.1	NaN	591	NaN	529	0	18	362	52	43	0	405	25	10436	35	10699	50	10355	69	10840	17.117	3.143
398.2	NaN	557	NaN	528	0	14	362	77	67	0	405	24	10354	33	11050	47	10363	65	11068	17.356	3.024
398.3	NaN	540	NaN	535	0	8	361	100	100	0	404	23	10484	29	10967	45	10627	57	11078	17.566	2.921
398.4	NaN	577	NaN	557	0	-3	357	100	100	0	404	20	10759	19	11008	38	10821	37	11073	17.72	1.293
398.5	NaN	558	NaN	576	0	-8	359	100	100	0	403	14	10871	12	10843	28	10907	24	10879	17.828	0.13
398.6	NaN	545	NaN	582	0	-9	359	100	100	0	404	16	10976	14	10806	32	11073	27	10946	17.821	0.648
398.7	NaN	551	NaN	598	0	-10	359	100	100	0	402	16	11039	13	10880	31	11025	24	10886	17.873	0.872
398.8	NaN	536	NaN	579	0	-10	361	100	100	0	402	14	11053	11	10871	27	11138	22	10887	17.874	-0.8
398.9	NaN	551	NaN	573	0	-8	358	100	100	0	405	17	10953	15	10845	34	11116	29	11003	17.854	3.476
399	NaN	538	NaN	613	0	-4	360	100	100	0	403	12	10962	11	10971	22	10961	20	10973	17.879	-2.583
399.1	NaN	543	NaN	575	0	-5	359	100	100	0	402	13	10929	12	10935	25	11027	22	11045	17.866	0.821
399.2	NaN	534	NaN	612	0	-5	359	100	100	0	403	12	10913	11	11032	23	10901	21	10998	17.841	-0.317
399.3	NaN	568	NaN	605	1	-0	355	100	94	0	404	15	10859	14	10926	28	10962	27	10992	17.918	-0.012
399.4	NaN	547	NaN	598	1	-1	363	100	92	0	404	12	10870	12	11021	25	10995	24	11059	17.869	1.788
399.5	NaN	593	NaN	577	1	-3	358	85	76	0	404	14	10897	13	11033	27	10981	26	11040	17.882	-1.667
399.6	NaN	565	NaN	603	0	0	360	50	40	0	403	14	10871	14	11017	26	10973	27	11124	17.921	0.033
399.7	NaN	573	NaN	538	0	-1	358	14	4	0	405	-5	10792	-6	11067	-5	10793	-6	11031	17.879	-2.908
399.8	NaN	561	NaN	638	0	2	360	0	0	0	404	-25	10581	-25	10733	-19	10559	-19	10752	17.561	-4.164
399.9	NaN	554	NaN	640	0	4	360	0	0	0	404	-45	10206	-44	10506	-35	10157	-34	10467	17.089	-4.39
400	NaN	525	NaN	623	0	4	361	0	0	0	402	-51	9777	-49	10153	-40	9714	-39	10014	16.5	-6.66
400.1	NaN	513	NaN	631	0	4	372	0	0	0	409	-54	9308	-51	9751	-43	9344	-40	9662	15.82	-5.954
400.2	NaN	526	NaN	625	0	-1	507	0	0	0	540	-55	8906	-55	9254	-44	8784	-44	9017	15.163	-7.15
400.3	NaN	533	NaN	614	0	-15	692	0	0	0	694	-50	8535	-58	8138	-42	8454	-49	7575	14.139	-10.223
400.4	NaN	526	NaN	658	0	-21	580	0	0	0	554	-49	8120	-58	7377	-41	8017	-50	5621	13.071	-8.398
400.5	NaN	529	NaN	663	0	-28	362	0	0	0	402	-46	7793	-62	6817	-40	7798	-53	3151	12.276	-6.14
400.6	NaN	534	NaN	631	0	-30	359	0	0	0	399	-45	7483	-61	6481	-40	7453	-53	163	11.629	-5.454
400.7	NaN	560	NaN	625	0	-45	362	13	13	0	400	-21	7229	-30	6139	-16	7231	-1	-115	10.987	-4.886
400.8	NaN	574	NaN	561	0	-45	363	23	23	0	401	0	7092	0	6123	0	7066	-2	1906	10.613	-3.625
400.9	NaN	574	NaN	646	0	-24	365	34	30	0	403	13	6898	6	6122	29	7000	14	5888	10.477	-2.241
401	NaN	586	NaN	521	0	6	364	33	20	0	404	2	6369	2	6500	5	6477	6	6415	10.508	-0.313
401.1	NaN	582	NaN	620	0	24	361	40	31	0	404	10	6168	18	6771	24	6200	42	6809	10.416	0.412
401.2	NaN	597	NaN	624	0	42	361	40	32	0	405	8	6110	22	6874	18	6130	51	6955	10.532	0.517
401.3	NaN	585	NaN	592	0	44	360	40	31	0	404	7	5996	22	7113	18	6140	52	7165	10.485	-1
401.4	NaN	587	NaN	623.9761905	0	50	361	40	31	0	404	6	5957	23	7095	14	6078	52	7135	10.541	-0.781
401.5	NaN	582	NaN	624.452381	0	51	360	44	34	0	404	8	6019	31	7223	18	6070	72	7260	10.568	-0.643
401.6	NaN	559	NaN	624.9285714	0	52	363	45	36	0	405	8	6093	32	7246	20	6118	76	7265	10.693	-0.395
401.7	NaN	528	NaN	625.4047619	0	49	362	56	46	0	404	16	6358	57	7598	38	6353	129	7604	10.904	3.356
401.8	NaN	534	NaN	625.8809524	0	51	364	56	46	0	406	15	6432	58	7767	36	7018	132	7833	11.191	1.781
401.9	NaN	532	NaN	626.3571429	0	50	359	56	46	0	405	16	6884	57	7822	37	6882	128	7962	11.572	2.185
402	NaN	507	NaN	626.8333333	0	51	363	68	59	0	404	20	7755	73	8145	45	7193	162	8242	11.859	3.027
402.1	NaN	526	NaN	627.3095238	0	46	360	100	100	0	405	21	8316	68	8214	48	7924	151	8355	12.275	2.065
402.2	NaN	527	NaN	627.7857143	0	32	362	100	100	0	404	28	8143	59	8399	62	7983	131	8572	12.704	4.014
402.3	NaN	527	NaN	628.2619048	0	34	359	100	100	0	403	25	9398	57	8699	56	8299	124	8680	13.218	4.634
402.4	NaN	545	NaN	628.7380952	0	14	362	100	100	0	405	32	8089	44	8828	71	11760	95	9044	13.432	2.015
402.5	NaN	545	NaN	629.2142857	0	15	357	100	100	0	403	32	9973	45	8916	70	8608	96	9004	14.079	5.005
402.6	NaN	563	NaN	629.6904762	0	15	363	100	100	0	406	32	8741	45	9343	70	9557	95	9480	14.46	3.129
402.7	NaN	567	NaN	630.1666667	0	16	361	100	100	0	405	31	9506	44	9513	66	9138	93	9544	14.982	5.37
402.8	NaN	554	NaN	630.6428571	0	13	361	100	100	0	405	32	9248	40	9748	67	9967	85	9967	15.382	3.783
402.9	NaN	558	NaN	631.1190476	0	10	357	100	100	0	403	31	9764	41	9975	63	9793	84	10115	15.773	5.054
403	NaN	522	NaN	631.5952381	0	9	359	100	100	0	404	33	9970	40	10276	67	9982	80	10307	16.193	3.818
403.1	NaN	606	NaN	632.0714286	0	3	359	100	100	0	404	34	10136	37	10472	69	10251	74	10510	16.578	3.109
403.2	NaN	524	NaN	632.547619	0	5	363	100	100	0	405	32	10297	35	10542	65	10487	70	10680	16.982	3.843
403.3	NaN	601	NaN	633.0238095	0	4	361	100	100	0	407	25	10519	28	10842	50	10542	56	10857	17.258	3.127
403.4	NaN	562	NaN	586	0	2	359	100	100	0	405	22	10589	23	10820	44	10711	45	10933	17.492	1.031
403.5	NaN	553.5	NaN	606	1	-1	362	100	100	0	404	19	10780	19	10995	37	10860	37	11045	17.634	-0.538
403.6	NaN	562	NaN	615	1	-4	361	100	100	0	404	15	10848	14	10918	28	10847	27	10929	17.753	0.888
403.7	NaN	562	NaN	652	1	-5	356	100	99	0	404	15	10880	13	10884	28	10983	26	10961	17.821	-0.441
403.8	NaN	554	NaN	621	1	-4	361	95	85	0	404	14	10930	12	11001	26	10981	24	11003	17.862	1.848
403.9	NaN	547	NaN	638	0	-4	363	55	45	0	404	12	10930	11	10974	24	11004	21	11008	17.928	-0.867
404	NaN	579	NaN	632	0	-3	365	0	0	0	404	-11	10855	-10	10913	-8	10844	-8	10771	17.79	-0.919
404.1	NaN	553	NaN	648	0	-4	363	0	0	0	400	-31	10630	-32	10624	-23	10562	-24	10583	17.509	-3.817
404.2	NaN	532	NaN	635	0	-1	504	0	0	0	505	-50	10211	-50	10156	-38	10199	-38	10086	16.938	-7.74
404.3	NaN	537	NaN	630	0	0	637	0	0	0	620	-52	9628	-53	9629	-41	9613	-41	9043	16.088	-11.408
404.4	NaN	605	NaN	664	0	1	693	0	0	0	647	-55	8993	-55	9016	-45	8972	-44	8239	15.089	-9.287
404.5	NaN	550	NaN	632	0	4	677	0	0	0	655	-56	8221	-54	8377	-46	8102	-44	8201	14.022	-10.039
404.6	NaN	544	NaN	639	0	6	626	0	0	0	597	-54	7503	-54	7874	-48	7339	-45	7819	12.975	-12.697
404.7	NaN	557	NaN	645	0	12	518	0	0	0	532	-57	6566	-50	7454	-50	6750	-44	7340	11.985	-8.364
404.8	NaN	565	NaN	644	0	39	386	0	0	0	434	-62	5780	-44	7043	-57	5030	-39	7124	11.183	-6.176
404.9	NaN	571	NaN	642	0	52	365	15	6	0	400	-39	5526	-21	6952	-34	966	-24	6843	10.492	-6.715
405	NaN	595	NaN	632	0	54	367	21	12	0	402	-11	5431	-6	6792	-9	2027	-5	6788	10.073	-4.362
405.1	NaN	592	NaN	545	0	57	363	22	13	0	403	-10	4970	-5	6524	-10	2525	-5	6532	9.666	-2.633
405.2	NaN	608	NaN	549	0	61	365	23	14	0	403	-8	4755	-3	6217	-7	3376	-4	6310	9.226	-1.873
405.3	NaN	636	NaN	645	0	61	363	33	25	0	405	1	4675	9	6048	4	3106	22	6217	8.861	-1.454
405.4	NaN	575	NaN	552	0	55	361	52	44	0	402	10	4546	51	6006	24	4938	113	6197	8.649	1.557
405.5	NaN	550	NaN	556	0	38	359	60	49	0	404	22	5149	58	6386	52	5449	142	6813	9.032	8.872
405.6	NaN	540	NaN	530	0	18	364	82	72	0	406	40	7878	61	6338	95	6966	146	6587	9.426	6.685
405.7	NaN	612	NaN	658	0	-16	360	48	37	0	406	28	6191	20	6220	67	6195	46	6404	9.955	3.559
405.8	NaN	558	NaN	636	0	-46	363	35	33	0	404	17	6556	5	5798	41	6519	13	5882	10.066	-0.043
405.9	NaN	607	NaN	606	0	-56	360	49	50	0	405	55	7028	12	5844	130	7105	29	6256	10.107	2.372
406	NaN	546	NaN	613	0	-70	363	51	45	0	403	57	7246	7	5926	134	7237	16	6043	10.468	3.317
406.1	NaN	538	NaN	626	0	-69	359	50	48	0	403	58	7277	6	5925	136	7440	14	6138	10.599	1.904
406.2	NaN	611	NaN	618	0	-63	361	52	47	0	403	59	7756	9	6058	134	7822	24	6230	10.863	5.663
406.3	NaN	618	NaN	599	0	-58	363	84	78	0	401	75	7836	15	6546	172	8553	34	7192	11.149	4.628
406.4	NaN	594	NaN	580	0	-41	357	100	100	0	404	65	7913	23	6849	151	8191	54	7581	11.377	4.39
406.5	NaN	581	NaN	537	0	-25	363	100	100	0	404	48	8037	26	6598	108	8928	60	11546	11.454	6.78
406.6	NaN	575	NaN	532	0	-9	360	100	100	0	404	40	7718	33	8478	92	8148	79	12183	11.562	3.58
406.7	NaN	594	NaN	539	0	3	361	100	100	0	404	34	7804	36	7620	79	8173	82	13710	11.698	2.438
406.8	NaN	595	NaN	553	0	19	359	100	100	0	404	27	7648	43	7714	62	7763	98	12160	12.022	3.786
406.9	NaN	572	NaN	537	0	8	358	100	100	0	404	30	7674	36	8026	67	7654	82	14592	12.482	4.651
407	NaN	586	NaN	543	0	-15	360	100	100	0	404	44	7988	33	8312	97	8045	72	9132	13.112	8.644
407.1	NaN	595	NaN	535	0	-22	357	100	100	0	403	51	8637	32	8267	112	8767	68	8304	13.632	4.751
407.2	NaN	612	NaN	541	0	-19	363	100	100	0	403	47	8944	32	8548	102	9113	67	8596	14.112	4.863
407.3	NaN	593	NaN	544	0	-13	361	100	100	0	404	44	9139	34	8937	93	9281	71	9045	14.595	4.142
407.4	NaN	577	NaN	542	0	-7	358	100	100	0	404	41	9379	36	9264	85	9537	73	9338	15.008	3.361
407.5	NaN	571	NaN	538	0	-1	364	100	100	0	404	39	9559	37	9536	80	9612	76	9682	15.467	3.781
407.6	NaN	562	NaN	532	0	-2	363	100	100	0	404	38	9778	36	9950	78	9877	74	9951	15.872	3.014
407.7	NaN	571	NaN	531	0	1	361	100	100	0	404	35	9966	37	10187	72	10123	75	10247	16.284	4.301
407.8	NaN	587	NaN	536	0	3	358	100	100	0	404	31	10277	35	10362	63	10285	69	10519	16.671	4.195
407.9	NaN	550	NaN	546	1	2	360	100	100	0	404	30	10352	32	10677	59	10432	64	10748	16.988	2.601
408	NaN	556	NaN	551	1	0	358	100	100	0	404	27	10513	26	10713	53	10665	52	10783	17.304	2.506
408.1	NaN	560	NaN	569	1	0	360	87	78	0	405	20	10698	19	10780	39	10743	40	10937	17.489	3.03
408.2	NaN	577	NaN	570	0	1	357	47	37	0	403	19	10699	20	10973	39	10842	39	11009	17.644	1.484
408.3	NaN	597	NaN	588	0	0	362	48	40	0	405	16	10806	17	10975	33	10918	31	11053	17.789	0.322
408.4	NaN	610	NaN	550	0	-1	362	25	15	0	403	-1	10752	-1	11124	-2	10687	-4	11021	17.82	-3.353
408.5	NaN	596	NaN	542.5625	0	1	362	0	0	0	404	-19	10568	-20	10862	-15	10586	-15	10820	17.572	-3.618
408.6	NaN	565	NaN	543.625	0	7	364	0	0	0	406	-41	10186	-38	10536	-30	10220	-29	10512	17.193	-4.018
408.7	NaN	552	NaN	544.6875	0	7	365	0	0	0	402	-52	9682	-49	10451	-41	9499	-37	10301	16.586	-7.272
408.8	NaN	556	NaN	545.75	0	6	359	0	0	0	403	-54	9332	-50	9970	-42	9134	-39	9903	15.95	-7.079
408.9	NaN	563	NaN	546.8125	0	5	362	5	0	0	401	-50	8998	-47	9465	-40	8786	-38	9558	15.342	-4.516
409	NaN	573	NaN	547.875	0	15	359	12	3	0	403	-39	8545	-32	9354	-33	8269	-27	9211	14.737	-7.036
409.1	NaN	601	NaN	548.9375	0	16	363	18	11	0	405	-17	8252	-14	9137	-14	8431	-12	9115	14.395	-0.835
409.2	NaN	608	NaN	551	0	16	363	26	18	0	405	-0	8314	-0	9021	-0	8366	-0	8958	14.153	-0.703
409.3	NaN	611	NaN	550	0	23	363	28	20	0	405	-0	8067	-0	8877	-0	8195	-0	8929	13.915	-1.39
409.4	NaN	612	NaN	550	0	31	365	29	20	0	405	0	7965	0	8590	0	8033	0	8723	13.777	0.103
409.5	NaN	604	NaN	531	0	28	362	48	38	0	406	19	7928	36	8854	40	8069	75	9368	13.525	2.954
409.6	NaN	559	NaN	622	0	32	363	38	31	0	404	4	7977	8	8500	8	7898	18	8696	13.57	-0.121
409.7	NaN	582	NaN	600	0	26	359	36	25	0	404	5	7697	10	8722	12	7826	23	8742	13.425	-0.004
409.8	NaN	573	NaN	590	0	29	363	32	22	0	405	3	7693	5	8534	6	7805	11	8509	13.367	-0.872
409.9	NaN	597	NaN	534	0	40	363	15	7	0	405	-15	7155	-10	8436	-13	7193	-9	8448	13.1	-4.924
410	NaN	613	NaN	549	0	42	364	22	14	0	404	-7	7250	-5	8331	-5	6994	-4	8294	12.693	-5.423
410.1	NaN	652	NaN	548	0	24	358	47	40	0	403	18	7182	34	8271	41	7537	74	8423	12.506	1.828
410.2	NaN	614	NaN	551	0	18	363	28	24	0	405	0	7035	1	7907	0	7310	1	7989	12.574	-1.455
410.3	NaN	588	NaN	562	0	19	364	26	15	0	405	1	7305	1	8059	3	7445	-1	7996	12.584	-2.604
410.4	NaN	613	NaN	549	0	40	364	29	21	0	403	0	7091	-0	7955	0	7113	0	7909	12.345	-3.101
410.5	NaN	610	NaN	550	0	42	361	27	17	0	405	-0	6851	0	7945	-1	6946	-1	7962	12.192	-2.42
410.6	NaN	613	NaN	545	0	43	361	30	22	0	405	0	6761	1	7852	1	6716	3	7785	11.939	-3.418
410.7	NaN	608	NaN	550	0	47	361	30	21	0	403	0	6564	1	7600	1	6629	2	7628	11.722	-2.738
410.8	NaN	608	NaN	548	0	49	364	26	15	0	406	-1	6362	-0	7554	-1	6163	-0	7545	11.39	-2.356
410.9	NaN	612	NaN	550	0	51	361	24	16	0	403	-2	5844	-1	7275	-2	6137	-1	7328	11.125	-3.369
411	NaN	643	NaN	548	0	50	362	35	27	0	404	3	6082	14	7332	8	6163	32	7352	10.845	-0.076
411.1	NaN	550	NaN	533	0	51	360	59	51	0	405	19	6351	66	7507	42	6544	152	7563	11.027	2.496
411.2	NaN	536	NaN	542	0	53	358	58	47	0	405	16	7137	64	7768	36	6628	139	7736	11.408	5.094
411.3	NaN	552	NaN	522	0	52	362	54	45	0	403	14	6863	55	7871	33	6780	124	7904	11.622	3.439
411.4	NaN	528	NaN	557	0	49	361	56	48	0	405	17	7011	59	8001	39	7004	140	8035	11.916	2.751
411.5	NaN	560	NaN	526	0	16	361	90	82	0	404	34	7327	53	8219	79	7423	119	8306	12.343	5.66
411.6	NaN	563	NaN	545	0	5	360	100	100	0	404	41	7890	46	8152	90	7930	103	8235	12.889	5.437
411.7	NaN	551	NaN	538	0	4	363	100	100	0	404	40	8223	44	8462	88	8231	95	8523	13.41	4.89
411.8	NaN	569	NaN	550	0	4	358	100	100	0	405	39	8512	43	8713	83	8480	93	8834	13.884	5.979
411.9	NaN	555	NaN	563	0	4	360	100	100	0	404	38	8786	41	8947	81	8785	88	9098	14.324	4.733
412	NaN	570	NaN	541	0	5	364	100	100	0	406	37	8998	40	9171	80	9133	86	9310	14.76	3.621
412.1	NaN	578	NaN	563	1	1	359	100	100	0	405	37	9240	39	9491	77	9395	82	9573	15.157	4.054
412.2	NaN	558	NaN	556	1	-2	359	100	100	0	406	38	9495	37	9724	79	9667	76	9729	15.563	3.936
412.3	NaN	591	NaN	583	1	-3	361	100	100	0	404	38	9812	36	9874	78	9863	73	9993	15.917	3.801
412.4	NaN	576	NaN	572	1	-6	360	100	100	0	404	38	10071	34	10042	77	10157	69	10159	16.289	3.927
412.5	NaN	594	NaN	571	1	-3	359	100	100	0	403	36	10239	33	10333	72	10432	67	10408	16.669	3.926
412.6	NaN	562	NaN	574	1	-5	358	100	100	0	404	31	10413	28	10493	63	10529	56	10572	16.989	2.153
412.7	NaN	578	NaN	592	1	-2	358	100	100	0	404	24	10585	22	10569	46	10657	44	10671	17.213	1.651
412.8	NaN	579	NaN	576	1	-2	360	100	100	0	404	22	10621	21	10760	43	10756	43	10769	17.418	2.979
412.9	NaN	567	NaN	597	1	-2	361	100	100	0	405	19	10811	17	10771	36	10754	33	10870	17.557	1.349
413	NaN	603	NaN	622	1	-2	362	100	100	0	406	15	10805	15	10852	30	10909	29	10947	17.638	1.256
413.1	NaN	571	NaN	600	1	-1	361	100	100	0	405	16	10796	16	10958	32	10919	30	10960	17.755	0.242
413.2	NaN	576	NaN	618	1	-2	359	100	100	0	405	13	10884	13	10904	27	10951	26	10996	17.793	2.382
413.3	NaN	569	NaN	592	1	-2	358	100	100	0	405	14	10864	13	11058	26	10969	26	11008	17.842	0.533
413.4	NaN	567	NaN	598	1	-2	359	100	100	0	405	13	10927	13	11001	26	10930	25	11047	17.875	0.894
413.5	NaN	549	NaN	624	1	-4	360	100	100	0	404	11	10980	10	11056	21	11016	19	11050	17.87	-1.724
413.6	NaN	550	NaN	592	1	-3	362	100	100	0	404	12	10940	11	11040	24	11002	22	11021	17.903	-1.266
413.7	NaN	556	NaN	633	1	-4	360	100	100	0	405	11	10970	10	10927	21	11041	19	11014	17.917	1.028
413.8	NaN	559	NaN	611	1	-4	362	100	100	0	404	10	10999	9	11046	19	11046	16	10973	17.91	-0.368
413.9	NaN	554	NaN	592	1	-4	363	100	100	0	405	11	10979	10	10946	22	10977	20	10983	17.925	1.595
414	NaN	557	NaN	599	1	-5	362	94	86	0	405	11	11003	10	11035	21	11063	19	11010	17.915	-0.135
414.1	NaN	552	NaN	603	1	-6	360	93	84	0	404	11	10971	10	10971	21	11004	19	11035	17.927	-0.056
414.2	NaN	559	NaN	644	1	-4	361	92	84	0	405	11	11008	10	10955	21	11065	19	11072	17.941	0.835
414.3	NaN	553	NaN	631	1	-3	361	96	90	0	404	10	10964	9	11069	19	11059	18	11034	17.921	-0.06
414.4	NaN	549	NaN	592	1	-4	361	96	90	0	405	11	11014	11	11002	21	11013	21	11021	17.931	-0.055
414.5	NaN	549	NaN	654	1	-4	362	97	90	0	404	10	10978	10	11080	19	11064	19	11025	17.955	-0.009
414.6	NaN	548	NaN	617	1	-3	361	100	100	0	404	11	10962	10	10988	22	10977	21	11075	17.913	1.682
414.7	NaN	559	NaN	606	1	-2	360	100	100	0	404	10	11009	10	11062	19	11021	18	11060	17.932	-0.494
414.8	NaN	585	NaN	574	1	5	358	100	100	0	405	13	10848	15	11244	26	10927	31	11213	17.947	-1.319
414.9	NaN	583	NaN	565	0	17	362	100	100	0	405	14	10781	19	11274	27	10871	37	11383	17.997	0.212
415	NaN	581	NaN	570	0	20	359	100	100	0	404	12	10703	16	11439	21	11008	33	11505	18.057	2.571
415.1	NaN	581	NaN	558	0	13	360	100	100	0	407	15	10682	20	11440	28	11024	38	11592	18.038	0.84
415.2	NaN	581	NaN	573	0	5	361	100	100	0	404	14	10810	17	11513	27	11039	31	11486	18.09	0.604
415.3	NaN	548	NaN	597	0	-7	358	100	100	0	404	11	10978	10	11166	21	11073	19	11229	18.118	0.362
415.4	NaN	549	NaN	622	0	-12	358	100	100	0	405	10	11105	9	11075	19	11132	16	11050	18.091	-0.239
415.5	NaN	545	NaN	607	0	-10	362	100	100	0	403	10	11107	8	10937	20	11220	16	10995	18.03	-0.529
415.6	NaN	550	NaN	603	0	-12	359	55	51	0	402	15	11156	11	10928	29	11217	22	10986	17.956	-0.385
415.7	NaN	588	NaN	617	0	-13	356	0	0	0	403	-11	10979	-12	10751	-9	11007	-9	10758	17.859	-2.911
415.8	NaN	554	NaN	627	0	-10	384	0	0	0	433	-31	10692	-34	10466	-23	10696	-26	10461	17.434	-5.237
415.9	NaN	533	NaN	618	0	-11	574	0	0	0	556	-47	10257	-53	9885	-37	10208	-41	9389	16.745	-8.031
416	NaN	546	NaN	617	0	-12	690	0	0	0	651	-50	9606	-56	8966	-39	9644	-44	8918	15.739	-9.7
416.1	NaN	542	NaN	604.6666667	0	-11	688	0	0	0	645	-52	9018	-58	8473	-42	8871	-47	5288	14.688	-11.326
416.2	NaN	551	NaN	602.8333333	0	-13	661	0	0	0	624	-51	8354	-56	7504	-43	8267	-48	2553	13.62	-11.484
416.3	NaN	560	NaN	601	0	-13	584	0	0	0	557	-50	7749	-57	7037	-44	7704	-0	202	12.551	-8.273
416.4	NaN	551	NaN	599.1666667	0	-24	404	2	0	0	429	-48	7326	-59	6632	-42	7288	-53	92	11.777	-6.788
416.5	NaN	639	NaN	597.3333333	0	-31	361	29	28	0	401	0	7232	0	6627	0	7258	-1	2748	11.294	-3.069
416.6	NaN	644	NaN	590	0	-48	358	47	44	0	404	48	7609	14	6927	109	7609	35	6717	11.412	3.249
416.7	NaN	569	NaN	599	0	-64	359	41	37	0	405	33	7574	5	6591	75	7670	13	6811	11.56	-1.014
416.8	NaN	567	NaN	609	0	-61	361	38	36	0	405	31	7836	6	6587	69	7877	14	6735	11.628	1.648
416.9	NaN	571	NaN	684	0	-60	360	38	36	0	403	27	7725	6	6594	63	7908	13	6908	11.66	-1.14
417	NaN	572	NaN	613	0	-61	358	39	36	0	404	29	7710	6	6586	66	7860	13	6747	11.691	1.369
417.1	NaN	573	NaN	605	0	-52	364	40	39	0	404	33	7869	8	6627	77	8083	18	7046	11.678	1.676
417.2	NaN	608	NaN	642	0	-54	359	42	38	0	403	32	7687	9	6733	74	7978	19	7043	11.76	0.022
417.3	NaN	629	NaN	592	0	-45	359	46	45	0	402	43	7845	14	6854	97	8052	32	7924	11.764	0.876
417.4	NaN	613	NaN	668	0	-31	358	42	34	0	403	25	7847	11	6904	56	7869	25	7137	11.948	0.286
417.5	NaN	625	NaN	606	0	-6	362	35	24	0	405	15	7620	13	7303	33	7680	34	7448	12.249	2.752
417.6	NaN	607	NaN	568	0	-11	362	53	47	0	405	4	7403	3	7407	9	7417	7	7383	12.183	-0.154
417.7	NaN	611	NaN	537	0	-8	362	54	45	0	405	46	7651	35	7520	101	7677	75	7640	12.33	8.367
417.8	NaN	602	NaN	557	0	-8	359	53	46	0	403	38	7907	33	7842	84	7984	73	7975	12.761	4.378
417.9	NaN	595	NaN	564	0	-11	359	46	39	0	404	37	8143	28	8028	80	8187	61	8187	13.209	5.612
418	NaN	609	NaN	569	0	-13	360	34	28	0	402	4	8154	4	8027	9	8201	9	7937	13.102	-1.905
418.1	NaN	636	NaN	551	0	-17	359	29	19	0	403	-0	8122	-0	7817	0	8248	-0	7940	13.147	-0.285
418.2	NaN	635	NaN	548	0	-25	361	28	21	0	404	-0	8170	-0	7712	0	8178	-0	7668	12.94	-0.99
418.3	NaN	619	NaN	538	0	-34	360	11	6	0	403	-9	7981	-12	7333	-7	8063	-10	7473	12.772	-1.705
418.4	NaN	565	NaN	628	0	-35	363	34	31	0	403	15	8165	7	7313	34	8248	15	7474	12.573	-0.666
418.5	NaN	573	NaN	614	0	-40	362	33	30	0	402	13	8189	5	7250	29	8225	12	7311	12.497	-0.101
418.6	NaN	645	NaN	551	0	-56	360	21	12	0	401	-2	7805	-5	7031	-2	7917	-4	7113	12.43	-3.407
418.7	NaN	632	NaN	553	0	-53	362	23	21	0	401	-0	7905	-0	6811	-0	7938	-0	6555	12.055	-2.88
418.8	NaN	636	NaN	554	0	-52	362	25	22	0	401	0	7665	0	6721	0	7711	0	6666	11.822	-3.156
418.9	NaN	586	NaN	633	0	-50	360	33	30	0	402	13	7762	4	6626	30	7794	9	6671	11.585	-0.381
419	NaN	567	NaN	631	0	-44	357	37	32	0	403	19	7599	7	6593	44	7684	16	7087	11.587	0.661
419.1	NaN	573	NaN	610	0	-40	359	37	32	0	405	19	7524	7	6633	44	7602	17	6796	11.614	0.446
419.2	NaN	559	NaN	623	0	-39	358	37	32	0	405	19	7581	7	6661	44	7627	18	6779	11.597	1.341
419.3	NaN	571	NaN	622	0	-41	362	37	33	0	402	20	7539	7	6699	46	7616	17	6785	11.666	0.782
419.4	NaN	588	NaN	650	0	-47	358	38	35	0	403	25	7672	8	6736	58	7747	19	6741	11.71	0.618
419.5	NaN	575	NaN	625	0	-49	362	37	31	0	403	24	7645	7	6759	54	7767	15	6800	11.82	1.071
419.6	NaN	563	NaN	613	0	-47	357	42	37	0	402	19	7698	6	6715	44	7775	15	6900	11.761	-0.656
419.7	NaN	624	NaN	619	0	-23	363	44	36	0	402	28	7697	16	6938	65	7865	35	7020	11.906	4.365
419.8	NaN	617	NaN	628	0	-3	358	39	27	0	404	12	7400	11	7271	26	7494	24	7307	12.084	0.536
419.9	NaN	591	NaN	596	0	24	363	42	32	0	403	13	7150	20	7709	29	7285	47	7724	12.111	0.16
420	NaN	640	NaN	573	0	39	357	45	35	0	405	12	7092	30	7945	27	7162	66	7961	12.271	3.241
420.1	NaN	606	NaN	554	0	41	359	45	35	0	406	11	7078	30	8117	25	7124	68	8154	12.376	0.536
420.2	NaN	604	NaN	564	0	42	362	45	35	0	405	11	7168	31	8208	26	7175	70	8284	12.488	0.751
420.3	NaN	585	NaN	555	0	39	357	50	41	0	404	16	7324	42	8384	35	7357	94	8460	12.577	2.45
420.4	NaN	554	NaN	536	0	38	363	56	47	0	405	23	7728	54	8551	51	7579	119	8618	12.828	5.662
420.5	NaN	558	NaN	533	0	30	362	64	55	0	405	27	8180	54	8709	61	7854	123	8777	13.178	5.784
420.6	NaN	591	NaN	547	0	-6	360	65	57	0	405	43	8279	39	8650	93	8299	83	8770	13.647	5.398
420.7	NaN	585	NaN	569	0	-26	361	68	65	0	405	52	8955	28	8480	112	9037	60	8598	14.107	2.814
420.8	NaN	593	NaN	573	0	-28	361	87	84	0	404	50	9257	28	8719	108	9425	59	8836	14.49	4.774
420.9	NaN	612	NaN	591	0	-31	359	87	82	0	402	53	9513	24	8883	111	9674	50	9075	14.911	4.221
421	NaN	653	NaN	579	0	-30	359	100	100	0	405	49	9843	25	9139	102	9938	52	9251	15.229	3.329
421.1	NaN	588	NaN	567	0	-29	360	100	100	0	405	49	9974	25	9534	101	9979	52	9630	15.61	2.872
421.2	NaN	606	NaN	595	0	-19	358	100	100	0	405	44	10074	29	9680	90	10297	59	9701	15.946	4.35
421.3	NaN	587	NaN	567	0	-14	357	100	100	0	403	41	10219	31	9898	83	10342	62	10046	16.342	4.463
421.4	NaN	600	NaN	549	0	-13	362	100	100	0	404	40	10410	31	10169	80	10427	62	10310	16.71	4.857
421.5	NaN	592	NaN	592	0	-12	362	100	100	0	404	33	10526	25	10425	66	10697	49	10424	17.029	4.414
421.6	NaN	589	NaN	581	0	-8	358	100	100	0	403	28	10721	23	10503	55	10806	46	10629	17.266	0.644
421.7	NaN	566	NaN	573	0	-5	357	100	100	0	404	24	10677	21	10648	46	10761	42	10775	17.469	2.008
421.8	NaN	640	NaN	600	0	-3	359	100	100	0	404	20	10732	18	10837	38	10867	36	10835	17.585	1.672
421.9	NaN	581	NaN	654	0	-1	359	100	100	0	404	17	10799	16	10851	31	10765	31	10898	17.687	0.976
422	NaN	587	NaN	595	0	0	361	100	100	0	402	17	10757	17	10985	35	10905	34	10992	17.779	1.519
422.1	NaN	593	NaN	600	0	3	361	100	100	0	405	17	10811	18	11059	32	10898	34	11126	17.816	0.525
422.2	NaN	597	NaN	586	1	2	359	100	100	0	404	15	10809	16	11120	31	10855	32	11219	17.879	-0.119
422.3	NaN	605	NaN	582	1	4	361	100	100	0	404	17	10787	18	11191	33	10934	35	11224	17.949	0.3
422.4	NaN	598	NaN	617	1	4	362	100	100	0	403	13	10860	14	11163	26	10846	28	11281	17.972	1.404
422.5	NaN	602	NaN	593	1	3	360	100	100	0	403	13	10838	14	11305	25	10966	28	11260	18.016	0.312
422.6	NaN	588	NaN	594	1	3	361	100	100	0	404	14	10867	15	11176	27	10981	29	11261	18.072	1.135
422.7	NaN	593	NaN	599	1	3	361	100	100	0	404	12	10920	13	11323	23	10965	23	11286	18.101	0.761
422.8	NaN	589	NaN	618	1	1	359	100	100	0	404	12	10935	12	11230	22	11050	22	11247	18.102	-0.168
422.9	NaN	574	NaN	614	1	-1	357	100	100	0	404	10	10997	10	11198	18	10962	18	11243	18.139	0.845
423	NaN	568	NaN	615	1	-0	363	100	100	0	404	8	10992	8	11206	17	11078	16	11218	18.106	-1.01
423.1	NaN	575	NaN	624	1	-3	359	100	100	0	404	9	11030	8	11171	16	11042	16	11221	18.115	-0.787
423.2	NaN	564	NaN	603	1	-1	363	100	100	0	404	9	11001	8	11198	18	11103	17	11228	18.103	0.342
423.3	NaN	564	NaN	606	1	-2	358	100	100	0	405	9	11003	9	11149	18	11112	17	11216	18.082	-0.842
423.4	NaN	570	NaN	617	1	-1	363	100	100	0	403	9	11037	9	11227	18	11028	16	11155	18.107	0.622
423.5	NaN	572	NaN	600	1	-2	360	100	100	0	403	9	11009	8	11119	18	11107	17	11144	18.083	0.229
423.6	NaN	573	NaN	602	1	-3	360	100	100	0	405	9	11037	8	11236	17	10996	17	11151	18.069	0.216
423.7	NaN	574	NaN	600	1	-4	358	100	100	0	405	8	11030	7	11126	16	11094	15	11129	18.071	-0.679
423.8	NaN	563	NaN	604	1	-3	362	100	100	0	405	10	11011	9	11139	19	11062	19	11202	18.079	0.251
423.9	NaN	571	NaN	603	1	-4	359	100	100	0	405	8	11044	8	11151	16	11095	15	11165	18.068	0.015
424	NaN	574	NaN	607	1	-4	363	100	100	0	404	8	11020	7	11103	17	11115	15	11145	18.043	-1.323
424.1	NaN	565	NaN	611	1	-3	362	100	100	0	405	9	11064	9	11162	18	11033	16	11136	18.077	1.12
424.2	NaN	570	NaN	601	1	-5	363	100	100	0	404	8	11010	8	11086	16	11096	14	11104	18.058	0.042
424.3	NaN	560	NaN	610	1	-4	359	100	100	0	403	10	11014	9	11221	19	11023	19	11151	18.036	0.903
424.4	NaN	572	NaN	602	1	-3	360	100	100	0	405	8	11024	8	11102	15	11076	15	11096	18.058	-0.171
424.5	NaN	559	NaN	601	1	-3	362	100	100	0	404	9	10991	9	11138	19	11080	18	11167	18.052	-0.313
424.6	NaN	576	NaN	667	1	-6	358	100	100	0	404	9	11066	8	11113	17	11099	14	11116	18.05	-0.015
424.7	NaN	569	NaN	594	1	-8	359	100	100	0	403	9	11040	7	11037	17	11129	14	11092	18.048	-1.066
424.8	NaN	570	NaN	608	1	-8	357	100	100	0	404	8	11094	7	11080	16	11071	13	11052	18.063	0.336
424.9	NaN	564	NaN	603	0	-8	356	100	100	0	404	9	11156	8	10997	19	11191	16	11024	18.031	0.2
425	NaN	575	NaN	630	0	-12	357	100	100	0	405	10	11149	8	11070	18	11129	15	11005	18.025	-0.893
425.1	NaN	569	NaN	597	0	-10	359	100	100	0	402	10	11200	8	10984	19	11214	15	11002	18.057	-0.692
425.2	NaN	570	NaN	600	0	-10	360	100	100	0	403	14	11122	11	10952	25	11204	21	11098	18.075	1.308
425.3	NaN	567	NaN	602	0	-11	361	100	100	0	405	9	11209	7	11018	18	11265	14	11018	18.058	-1.045
425.4	NaN	556	NaN	615	0	-10	359	100	100	0	403	11	11134	9	10952	23	11246	18	11040	18.064	-0.6
425.5	NaN	566	NaN	638	0	-9	359	100	100	0	403	9	11181	8	11052	17	11180	14	11016	18.067	0.946
425.6	NaN	566	NaN	613	0	-9	363	100	100	0	404	10	11108	8	10953	20	11195	17	11012	18.053	-0.791
425.7	NaN	559	NaN	611	0	-10	358	100	100	0	405	11	11155	9	11038	20	11104	18	11063	18.036	-0.446
425.8	NaN	567	NaN	600	0	-7	359	100	100	0	404	9	11070	7	11003	17	11150	14	11034	18.039	-1.108
425.9	NaN	560	NaN	612	0	-7	362	100	100	0	405	10	11034	9	10979	20	11104	17	11073	18.009	0.07
426	NaN	567	NaN	651	0	-5	361	100	100	0	403	9	11042	8	11074	17	11089	16	11058	18.005	0.763
426.1	NaN	566	NaN	593	0	-6	358	100	94	0	404	9	10958	8	11025	19	11077	16	11062	17.961	-0.684
426.2	NaN	563	NaN	604	0	-3	361	91	78	0	404	11	10956	11	11096	22	10994	22	11084	17.964	1.52
426.3	NaN	561	NaN	601	1	-1	360	76	65	0	402	10	10949	9	11077	19	11018	18	11070	17.993	-0.78
426.4	NaN	572	NaN	591	0	0	361	59	48	0	404	12	10908	12	11117	25	10924	25	11193	17.983	1.142
426.5	NaN	615	NaN	549	0	1	360	0	0	0	406	-7	10791	-6	11080	-4	10812	-5	11052	17.917	-1.986
426.6	NaN	577	NaN	614	0	4	362	0	0	0	404	-28	10502	-26	10869	-20	10580	-20	10893	17.589	-3.001
426.7	NaN	555	NaN	622	0	2	365	0	0	0	405	-47	10204	-45	10648	-36	10129	-35	10510	17.096	-5.703
426.8	NaN	553	NaN	625	0	1	362	0	0	0	402	-50	9940	-50	10232	-38	9806	-38	10083	16.502	-5.862
426.9	NaN	549	NaN	628	0	1	361	0	0	0	402	-50	9516	-51	9743	-40	9445	-40	9761	15.932	-6.442
427	NaN	546	NaN	619	0	-2	358	0	0	0	401	-53	9116	-53	9305	-43	9163	-43	9352	15.318	-5.37
427.1	NaN	548	NaN	642	0	-7	359	0	0	0	401	-52	8940	-57	9137	-43	8793	-46	8734	14.639	-8.029
427.2	NaN	553	NaN	636	0	-7	357	0	0	0	401	-52	8399	-56	8574	-44	8518	-48	8554	14.056	-5.836
427.3	NaN	541	NaN	647	0	0	363	0	0	0	402	-54	7963	-55	8219	-45	7947	-47	8140	13.399	-6.151
427.4	NaN	550	NaN	639	0	2	361	0	0	0	404	-55	6807	-53	7529	-47	7248	-46	7798	12.899	-0.111
427.5	NaN	548	NaN	629	0	5	360	0	0	0	404	-55	7196	-51	7599	-49	7144	-45	7529	12.088	-5.076
427.6	NaN	557	NaN	648	0	28	359	0	0	0	403	-61	5872	-46	7290	-54	6524	-41	7251	11.505	-4.852
427.7	NaN	554	NaN	646	0	40	362	1	0	0	404	-63	5565	-42	7122	-57	3694	-38	7031	10.842	-6.121
427.8	NaN	576	NaN	546	0	39	363	24	16	0	401	-3	5801	-2	7025	-3	706	-1	6890	10.368	-2.516
427.9	NaN	615	NaN	554	0	38	362	29	21	0	404	0	5596	0	6737	0	3067	0	6701	10.116	-2.509
428	NaN	640	NaN	636	0	37	359	34	25	0	403	3	5511	8	6705	8	4353	19	6716	9.86	-0.74
428.1	NaN	595	NaN	616	0	42	357	36	28	0	403	5	5502	13	6472	11	5600	32	6484	9.788	-0.715
428.2	NaN	619	NaN	599	0	44	362	36	28	0	403	4	5527	14	6516	11	5542	33	6520	9.755	0.015
428.3	NaN	617	NaN	614	0	44	360	39	30	0	403	6	5581	20	6610	15	5597	46	6629	9.765	-0.695
428.4	NaN	599	NaN	555	0	49	361	45	36	0	405	10	5613	34	6745	23	5914	80	6755	9.91	-0.291
428.5	NaN	627	NaN	616	0	61	363	37	26	0	403	3	5600	16	6695	7	5649	37	6692	10.051	0.032
428.6	NaN	622	NaN	620	0	62	357	37	27	0	404	2	5502	16	6705	6	5552	38	6753	9.906	-2.003
428.7	NaN	640	NaN	631	0	62	360	37	26	0	405	2	5371	16	6683	6	5457	37	6720	9.801	-1.575
428.8	NaN	638	NaN	640	0	66	362	37	26	0	404	2	5254	16	6521	5	5348	37	6568	9.692	-1.659
428.9	NaN	601	NaN	612	0	68	361	38	30	0	405	2	5217	18	6330	5	5374	41	6452	9.655	-1.21
429	NaN	589	NaN	590	0	68	358	45	36	0	405	5	5237	40	6619	12	5429	94	6691	9.501	-1.025
429.1	NaN	583	NaN	559	0	68	362	45	35	0	403	5	5237	37	6574	12	5369	87	6683	9.666	-1.083
429.2	NaN	541	NaN	531	0	65	359	56	47	0	403	9	5385	64	7000	21	5429	152	6993	9.796	4.488
429.3	NaN	493	NaN	595	0	64	363	75	65	0	404	14	5640	94	7320	34	5853	197	7255	10.095	5.143
429.4	NaN	507	NaN	566	0	65	361	100	93	0	404	14	5975	86	7503	33	6172	201	7550	10.485	4.587
429.5	NaN	514	NaN	558	0	62	363	100	100	0	405	14	6398	83	7665	32	6428	199	7886	10.862	3.572
429.6	NaN	533	NaN	543	0	43	362	100	100	0	406	24	7029	70	7672	55	6944	162	7851	11.232	4.02
429.7	NaN	546	NaN	519	0	28	357	100	100	0	404	30	7102	59	7698	68	7053	135	7893	11.699	5.069
429.8	NaN	561	NaN	537	0	5	362	100	100	0	404	41	7454	47	7777	91	7271	109	7879	12.207	5.265
429.9	NaN	559	NaN	530	0	9	360	100	100	0	405	40	7731	49	8041	87	7720	108	8110	12.718	5.565
430	NaN	596	NaN	530	0	9	357	100	100	0	404	38	8092	46	8401	86	8018	101	8417	13.219	6.002
430.1	NaN	552	NaN	525	0	10	362	100	100	0	405	36	8366	47	8722	79	8282	100	8761	13.698	4.665
430.2	NaN	571	NaN	525	0	8	359	100	100	0	405	37	8586	44	8977	81	8619	93	9041	14.128	3.891
430.3	NaN	565	NaN	533	0	4	362	100	100	0	404	37	8848	41	9156	80	8958	88	9222	14.553	4.284
430.4	NaN	570	NaN	618	0	1	361	5	0	0	403	-4	8805	-5	9100	-10	8857	-12	9107	14.911	-4.843
430.5	NaN	583	NaN	627	0	-5	360	0	0	0	403	-21	8840	-23	8896	-18	8865	-19	8876	14.535	-4.732
430.6	NaN	559	NaN	638	0	-13	360	0	0	0	402	-38	8614	-44	8416	-32	8646	-37	8415	14.132	-5.648
430.7	NaN	542	NaN	632	0	-17	358	0	0	0	402	-50	8359	-58	7967	-42	8290	-49	7591	13.467	-7.214
430.8	NaN	535	NaN	622	0	-29	361	0	0	0	399	-47	8058	-62	7053	-40	8003	-53	6567	12.808	-5.978
430.9	NaN	541	NaN	631	0	-32	358	1	0	0	403	-46	7777	-61	6693	-39	7657	-52	5347	12.047	-5.894
431	NaN	572	NaN	694	0	-38	363	9	8	0	400	-26	7402	-38	6300	-23	7368	-32	4891	11.436	-4.767
431.1	NaN	596	NaN	686	0	-50	357	14	14	0	402	-14	7128	-21	6126	-12	7147	-19	4832	10.928	-6.262
431.2	NaN	566	NaN	561	0	-54	358	31	31	0	401	14	7060	3	6008	32	7136	7	5919	10.628	-3.172
431.3	NaN	572	NaN	522	0	-60	359	32	31	0	400	15	6916	3	5798	35	7001	6	5917	10.506	-0.475
431.4	NaN	551	NaN	626	0	-58	357	36	36	0	403	21	6976	4	5783	51	7025	11	5834	10.374	-0.087
431.5	NaN	568	NaN	627	0	-59	358	45	44	0	403	46	7111	10	5960	107	7197	21	6069	10.571	2.327
431.6	NaN	566	NaN	615	0	-55	361	54	52	0	404	67	7450	14	6288	158	7632	33	6271	10.888	4.919
431.7	NaN	634	NaN	598	0	-52	361	47	44	0	403	47	7414	11	6287	108	7544	26	6719	11.091	0.488
431.8	NaN	565	NaN	595	0	-54	356	47	43	0	402	45	7616	11	6408	103	7758	25	6520	11.343	4.151
431.9	NaN	570	NaN	601	0	-45	362	46	46	0	402	45	7733	14	6526	104	7920	32	7663	11.478	-0.525
432	NaN	607	NaN	537	0	-34	363	23	19	0	403	0	7722	0	6662	-4	7662	-1	6605	11.647	-4.504
432.1	NaN	597	NaN	585	0	-18	357	21	12	0	405	4	7580	2	6964	6	7507	0	6934	11.807	0.014
432.2	NaN	594	NaN	624	0	-10	362	19	12	0	402	-13	7072	-14	7006	-11	6997	-12	6818	11.611	-4.124
432.3	NaN	601	NaN	536	0	-3	361	20	13	0	402	-8	6877	-9	6939	-7	6953	-8	6896	11.386	-0.383
432.4	NaN	611	NaN	542	0	23	363	27	18	0	404	-0	6476	0	7071	-1	6482	0	7000	11.081	-1.511
432.5	NaN	612	NaN	544	0	36	365	31	22	0	405	0	6163	1	6992	1	6286	3	7019	10.896	0.222
432.6	NaN	613	NaN	551	0	54	361	42	34	0	403	7	6057	29	7171	15	6128	68	7201	10.727	-1.335
432.7	NaN	618	NaN	551	0	58	358	44	34	0	405	7	6049	31	7241	16	6138	73	7316	10.791	1.13
432.8	NaN	621	NaN	545	0	60	359	44	34	0	404	6	6018	33	7192	14	6150	77	7301	10.839	-0.192
432.9	NaN	602	NaN	570	0	62	360	41	30	0	407	4	5961	24	7224	10	6040	57	7340	10.787	-0.832
433	NaN	624	NaN	607	0	61	359	41	29	0	404	4	5900	24	7160	9	6028	54	7284	10.712	-0.254
433.1	NaN	586	NaN	591	0	60	359	40	30	0	403	5	5892	23	7074	10	6009	56	7181	10.625	-0.432
433.2	NaN	626	NaN	562	0	55	361	43	34	0	405	6	5917	29	7032	15	6401	70	7165	10.605	-1.926
433.3	NaN	585	NaN	557	0	49	359	49	40	0	405	11	6011	42	7285	26	8219	97	7410	10.631	0.877
433.4	NaN	565	NaN	558	0	49	363	52	43	0	404	13	6225	47	7295	31	6365	111	7401	10.856	0.683
433.5	NaN	552	NaN	543	0	30	359	56	45	0	406	23	6492	49	7527	53	6654	109	7576	11.219	3.037
433.6	NaN	614	NaN	537	0	19	360	55	45	0	404	28	6858	44	7554	64	6901	100	7583	11.584	3.379
433.7	NaN	573	NaN	570	0	29	361	55	47	0	403	26	7154	49	7815	59	7134	111	7828	11.983	3.392
433.8	NaN	561	NaN	536	0	34	362	56	47	0	403	23	7317	53	8189	51	7292	119	8207	12.358	3.829
433.9	NaN	559	NaN	524	0	33	363	56	47	0	405	24	7542	52	8424	55	7529	116	8484	12.72	4.058
434	NaN	564	NaN	562	0	19	360	58	50	0	404	33	7875	51	8561	73	7890	111	8682	13.143	5.61
434.1	NaN	548	NaN	517	0	15	359	70	63	0	404	35	8218	48	8678	77	8254	104	8790	13.625	4.639
434.2	NaN	565	NaN	519	0	6	363	78	69	0	402	38	8610	42	8861	82	8565	91	9009	14.093	4.661
434.3	NaN	567	NaN	521	0	-11	358	67	59	0	404	44	8980	34	8944	94	9068	73	9172	14.537	3.543
434.4	NaN	583	NaN	566	0	-26	360	47	42	0	404	37	9346	21	8999	77	9485	44	9162	14.893	3.029
434.5	NaN	577	NaN	594	0	-37	358	40	37	0	403	28	9631	12	9005	58	9714	25	9078	15.049	0.536
434.6	NaN	573	NaN	615	0	-38	359	40	37	0	402	28	9710	13	8993	58	9796	26	9047	15.116	0.689
434.7	NaN	588	NaN	583	0	-34	358	48	44	0	403	39	9810	18	9013	83	9856	40	9164	15.151	2.517
434.8	NaN	585	NaN	559	0	-35	359	53	48	0	405	51	9886	23	9381	107	10079	47	9404	15.435	3.436
434.9	NaN	583	NaN	564	0	-31	360	70	69	0	403	48	10150	24	9354	100	10281	50	9649	15.677	4.144
435	NaN	585	NaN	560	0	-30	361	76	70	0	405	48	10203	24	9700	98	10232	50	9815	15.993	3.36
435.1	NaN	627	NaN	543	0	-11	361	76	69	0	405	39	10212	32	10170	80	10408	66	9988	16.287	4.693
435.2	NaN	593	NaN	546	0	-8	357	67	56	0	403	38	10312	32	10205	77	10486	64	10284	16.616	2.457
435.3	NaN	577	NaN	542	0	-1	360	67	56	0	405	32	10411	31	10406	61	10450	61	10501	16.931	3.162
435.4	NaN	580	NaN	533	0	23	360	59	48	0	404	25	10321	39	10877	49	10429	79	10908	17.132	2.041
435.5	NaN	543	NaN	542	0	36	362	53	42	0	406	19	10471	38	11027	36	10407	76	11191	17.291	1.648
435.6	NaN	558	NaN	529	0	33	361	53	42	0	404	20	10442	41	11275	39	10403	76	11292	17.378	1.388
435.7	NaN	574	NaN	530	0	32	360	69	60	0	404	19	10493	39	11152	35	10575	70	11280	17.429	2.253
435.8	NaN	579	NaN	529	0	27	362	99	89	0	406	20	10517	36	11212	40	10549	70	11312	17.478	1.28
435.9	NaN	587	NaN	535	0	27	359	100	100	0	402	18	10520	33	11170	37	10485	66	11267	17.506	0.451
436	NaN	581	NaN	555	0	18	362	100	100	0	404	20	10570	30	11123	38	10601	55	11252	17.584	2.977
436.1	NaN	587	NaN	565	0	9	363	100	100	0	404	20	10612	25	11153	38	10678	47	11199	17.66	1.363
436.2	NaN	613	NaN	579	0	-4	362	100	100	0	405	19	10757	17	10984	37	10846	34	11122	17.728	0.029
436.3	NaN	574	NaN	626	0	-22	356	100	100	0	405	23	11031	15	10758	44	11146	29	10809	17.784	0.735
436.4	NaN	594	NaN	611	0	-24	357	100	100	0	404	23	11211	14	10641	46	11239	27	10763	17.74	-0.177
436.5	NaN	583	NaN	571	0	-24	357	100	100	0	403	28	11168	17	10636	57	11328	34	10761	17.771	1.476
436.6	NaN	589	NaN	622	0	-25	359	100	100	0	404	24	11240	14	10721	45	11216	27	10760	17.799	1.285
436.7	NaN	586	NaN	598	0	-23	363	100	100	0	403	24	11217	15	10677	49	11354	30	10835	17.813	0.106
436.8	NaN	562	NaN	595	0	-19	357	100	100	0	402	24	11243	16	10770	45	11258	31	10860	17.857	1.797
436.9	NaN	573	NaN	586	0	-14	361	100	100	0	404	17	11146	12	10833	33	11248	24	10837	17.87	-0.052
437	NaN	571	NaN	582	0	-14	357	100	100	0	402	18	11139	14	10786	38	11243	28	10891	17.861	-0.165
437.1	NaN	569	NaN	670	0	-12	360	100	100	0	404	16	11095	13	10917	29	11126	23	10925	17.902	0.332
437.2	NaN	552	NaN	591	0	-8	356	100	100	0	403	12	11024	11	10857	27	11131	23	10974	17.882	-0.434
437.3	NaN	567	NaN	644	0	-1	363	100	100	0	405	12	10931	12	10988	23	10908	23	11025	17.894	-0.32
437.4	NaN	581	NaN	589	0	1	359	100	100	0	404	14	10824	14	11110	29	10931	28	11090	17.889	-0.586
437.5	NaN	572	NaN	600	0	1	361	100	100	0	405	15	10843	16	11083	29	10911	29	11190	17.876	0.575
437.6	NaN	567	NaN	610	0	1	361	100	100	0	404	14	10861	13	11156	27	10939	26	11136	17.895	-0.075
437.7	NaN	580	NaN	631	1	-1	360	100	100	0	404	14	10823	14	11082	28	10975	28	11160	17.886	-0.107
437.8	NaN	567	NaN	613	1	-1	359	100	100	0	403	13	10880	14	11147	26	10864	26	11142	17.912	0.821
437.9	NaN	561	NaN	604	1	1	359	100	100	0	405	14	10846	14	11089	26	10959	26	11143	17.901	-0.522
438	NaN	570	NaN	607	1	-3	358	100	100	0	403	14	10927	13	11095	27	10964	26	11153	17.919	0.663
438.1	NaN	567	NaN	614	1	-3	358	100	100	0	404	12	10918	11	11088	24	11001	22	11100	17.935	-0.241
438.2	NaN	556	NaN	627	1	-1	359	100	100	0	402	12	10948	11	11054	23	11031	22	11108	17.929	-1.208
438.3	NaN	555	NaN	639	1	-2	360	100	100	0	403	12	10960	11	11128	22	10967	22	11072	17.957	0.364
438.4	NaN	551	NaN	623	1	-2	363	100	100	0	404	11	10949	10	11054	20	11014	19	11099	17.952	0.435
438.5	NaN	576	NaN	642	1	-2	357	100	100	0	405	12	10988	11	11140	22	10936	21	11119	17.971	0.709
438.6	NaN	561	NaN	614	1	-4	362	100	100	0	405	10	10967	10	11086	20	11043	18	11134	17.957	-0.262
438.7	NaN	561	NaN	621	1	-4	362	100	100	0	404	13	10930	11	11098	24	11029	22	11134	17.98	-0.507
438.8	NaN	550	NaN	613	1	-3	361	99	90	0	403	11	10990	10	11151	21	11008	20	11104	17.997	-0.249
438.9	NaN	540	NaN	593	1	-3	359	83	74	0	403	10	10954	9	11060	20	11040	18	11128	17.988	-0.173
439	NaN	549	NaN	632	1	-3	358	84	73	0	405	11	10990	10	11187	23	10955	21	11135	18.002	1.539
439.1	NaN	549	NaN	597	1	-3	358	82	73	0	404	9	10980	9	11103	18	11034	16	11117	18	-0.626
439.2	NaN	543	NaN	608	1	-2	360	73	64	0	405	11	10962	11	11180	22	11023	21	11166	18.001	0.87
439.3	NaN	594	NaN	539	0	-1	360	11	0	0	406	-5	10923	-4	11028	-6	10917	-6	11069	17.983	-2.693
439.4	NaN	567	NaN	624	0	-2	359	0	0	0	402	-24	10662	-24	10863	-18	10717	-18	10821	17.702	-3.375
439.5	NaN	549	NaN	642	0	-3	363	0	0	0	402	-44	10380	-44	10575	-32	10316	-33	10482	17.276	-4.655
439.6	NaN	540	NaN	625	0	-1	359	0	0	0	404	-49	10028	-49	10212	-38	9888	-38	10099	16.681	-4.997
439.7	NaN	536	NaN	624	0	-2	358	0	0	0	403	-50	9611	-50	9952	-40	9485	-40	9646	16.126	-6.597
439.8	NaN	539	NaN	621	0	-1	359	0	0	0	404	-51	9271	-52	9627	-42	9329	-42	9513	15.461	-6.258
439.9	NaN	538	NaN	626	0	-2	358	0	0	0	402	-54	8823	-54	9102	-44	8904	-45	9041	14.819	-5.502
440	NaN	541	NaN	617	0	-2	359	0	0	0	401	-54	8474	-56	8688	-45	8429	-46	8473	14.179	-7.545
440.1	NaN	544	NaN	625	0	-0	360	8	1	0	403	-45	8029	-47	8256	-39	8031	-40	8242	13.556	-5.342
440.2	NaN	585	NaN	566	0	0	357	20	13	0	401	-12	7905	-13	8127	-11	7886	-11	8096	13.028	-2.877
440.3	NaN	584	NaN	525	0	9	357	20	13	0	401	-11	7634	-10	7982	-10	7653	-9	7937	12.854	-2.655
440.4	NaN	575	NaN	533	0	22	362	21	11	0	403	-12	7500	-9	7926	-10	7434	-8	7911	12.51	-5.077
440.5	NaN	598	NaN	542	0	22	360	27	20	0	405	0	7129	0	7911	0	7108	0	8078	12.251	-0.999
440.6	NaN	618	NaN	548	0	42	361	40	34	0	404	9	7134	25	7919	21	7230	55	8008	12.279	-0.419
440.7	NaN	573	NaN	559	0	41	359	40	33	0	405	9	7177	25	8071	20	7132	54	8136	12.259	0.88
440.8	NaN	576	NaN	542	0	38	359	45	37	0	404	12	7084	32	8134	28	7288	73	8261	12.296	1.963
440.9	NaN	562	NaN	541	0	39	363	47	39	0	404	15	7279	35	8221	33	7321	79	8329	12.449	1.581
441	NaN	566	NaN	531	0	38	363	47	39	0	405	15	7354	36	8364	34	7486	82	8455	12.671	1.706
441.1	NaN	565	NaN	530	0	26	360	51	43	0	404	23	7546	41	8524	51	7676	93	8595	12.846	3.7
441.2	NaN	568	NaN	545	0	23	364	52	45	0	404	25	7773	41	8542	54	7969	90	8597	13.203	1.036
441.3	NaN	548	NaN	514	0	23	360	57	48	0	407	32	9337	49	9179	71	8255	107	8777	13.612	7.626
441.4	NaN	523	NaN	514	0	35	362	70	60	0	405	26	8171	60	9051	57	9595	123	9345	13.765	-3.219
441.5	NaN	586	NaN	549	0	37	359	42	35	0	404	12	8627	30	9232	27	8301	57	9282	14.188	2.534
441.6	NaN	541	NaN	529	0	27	361	59	48	0	404	27	8611	50	9382	59	9630	106	9521	14.397	4.624
441.7	NaN	543	NaN	518	0	13	360	63	56	0	405	35	9099	47	9476	74	9150	101	9620	14.679	4.342
441.8	NaN	550	NaN	520	0	16	360	69	62	0	407	31	9532	44	9576	68	9225	93	9618	15.108	4.974
441.9	NaN	538	NaN	557	0	20	363	74	64	0	406	30	9229	45	9918	60	9286	93	10009	15.418	3.975
442	NaN	538	NaN	524	0	15	357	83	75	0	407	31	9429	44	10083	64	9515	90	10202	15.786	2.677
442.1	NaN	562	NaN	534	0	8	358	86	77	0	404	34	9894	39	10194	69	9947	80	10280	16.166	4.22
442.2	NaN	559	NaN	530	0	0	361	73	62	0	404	35	10098	36	10332	71	10201	74	10439	16.506	2.962
442.3	NaN	571	NaN	532	0	-12	358	60	55	0	404	38	10439	29	10263	76	10487	56	10381	16.831	2.128
442.4	NaN	577	NaN	562	0	-24	362	59	60	0	405	37	10730	24	10460	74	10814	51	10464	17.08	3.138
442.5	NaN	596	NaN	571	0	-32	358	61	62	0	402	36	10958	18	10388	73	11078	36	10661	17.253	0.336
442.6	NaN	549	NaN	561	0	-30	360	61	62	0	402	39	11078	21	10397	77	11203	42	10647	17.408	0.883
442.7	NaN	588	NaN	583	0	-20	358	63	62	0	401	32	11115	21	10697	61	11228	41	10717	17.568	2.61
442.8	NaN	556	NaN	573	0	-8	362	65	59	0	404	19	10928	15	10722	37	10981	32	10790	17.689	0.66
442.9	NaN	572	NaN	568	0	16	359	87	78	0	405	18	10662	24	11149	36	10772	45	11222	17.741	0.679
443	NaN	567	NaN	572	0	12	358	100	100	0	404	16	10662	22	11296	31	10739	43	11378	17.853	1.975
443.1	NaN	582	NaN	573	0	9	360	100	100	0	404	17	10705	22	11226	35	10842	43	11371	17.931	-0.08
443.2	NaN	562	NaN	611	0	4	364	100	100	0	404	13	10871	14	11225	26	10948	27	11257	17.993	1.132
443.3	NaN	553	NaN	610	0	-3	357	100	100	0	404	12	10940	11	11105	22	10928	22	11151	18.004	-1.141
443.4	NaN	553	NaN	594	0	-5	356	100	100	0	404	12	10970	11	11086	23	11086	20	11036	18.016	0.816
443.5	NaN	539	NaN	597	0	-3	363	100	100	0	404	8	10994	8	11043	15	11033	15	11034	17.943	-1.833
443.6	NaN	542	NaN	616	1	-6	356	100	100	0	404	11	10959	11	10978	23	11070	21	11020	17.927	0.232
443.7	NaN	545	NaN	606	1	-8	359	100	100	0	404	10	11066	9	11017	19	11072	16	11014	17.899	-1.12
443.8	NaN	530	NaN	585	1	-10	359	100	100	0	404	11	10951	10	10816	23	11095	21	11014	17.796	0.739
443.9	NaN	545	NaN	596	0	-10	362	100	100	0	402	17	11103	13	10894	35	11132	25	11105	17.881	-1.023
444	NaN	547	NaN	587	0	-7	360	100	100	0	403	11	11011	10	10922	22	11009	19	10943	17.849	-0.055
444.1	NaN	546	NaN	588	0	-2	362	100	100	0	404	13	10971	12	10970	26	11047	23	10973	17.799	0.455
444.2	NaN	560	NaN	619	0	-5	359	72	63	0	404	13	10911	12	10937	26	10938	22	10984	17.871	0.918
444.3	NaN	539	NaN	590	0	-2	363	25	18	0	405	11	10890	10	10902	22	10982	18	10998	17.769	-0.522
444.4	NaN	566	NaN	577	0	0	360	0	0	0	405	-18	10632	-18	10819	-13	10591	-14	10641	17.547	-4.613
444.5	NaN	551	NaN	587.625	0	2	360	0	0	0	401	-38	10251	-38	10475	-29	10265	-29	10481	17.104	-5.025
444.6	NaN	533	NaN	587.75	0	2	358	0	0	0	401	-50	9869	-50	10112	-39	9843	-38	10066	16.485	-6.139
444.7	NaN	533	NaN	587.875	0	5	360	0	0	0	402	-51	9495	-50	9772	-41	9345	-39	9694	15.869	-6.475
444.8	NaN	535	NaN	588	0	5	363	0	0	0	404	-54	9103	-52	9354	-44	8908	-41	9334	15.205	-6.844
444.9	NaN	532	NaN	588.125	0	5	359	0	0	0	402	-56	8647	-54	8914	-46	8541	-44	8874	14.531	-7.889
445	NaN	530	NaN	588.25	0	7	362	0	0	0	401	-56	8187	-53	8544	-47	8144	-44	8406	13.839	-7.754
445.1	NaN	537	NaN	588.375	0	7	358	0	0	0	401	-56	7682	-52	8136	-47	7724	-44	8051	13.154	-6.788
445.2	NaN	550	NaN	588.5	0	8	359	6	0	0	403	-51	7348	-47	7747	-45	7329	-41	7592	12.494	-6.488
445.3	NaN	568	NaN	588.625	0	-4	357	12	6	0	404	-28	7190	-29	7362	-25	7190	-25	7373	12.014	-3.801
445.4	NaN	582	NaN	588.75	0	-33	357	13	12	0	400	-18	7330	-24	6746	-16	7318	-21	6737	11.599	-4.307
445.5	NaN	589	NaN	588.875	0	-46	363	25	24	0	401	0	7350	0	6443	0	7325	0	6364	11.174	-3.129
445.6	NaN	534	NaN	594	0	-49	361	37	34	0	402	22	7368	6	6422	50	7387	14	6463	11.153	0.279
445.7	NaN	567	NaN	623	0	-51	360	46	45	0	401	45	7579	12	6490	104	7633	27	6527	11.226	3.646
445.8	NaN	581	NaN	632	0	-49	358	46	44	0	403	44	7708	12	6619	103	7777	27	6715	11.478	2.545
445.9	NaN	587	NaN	677	0	-23	357	44	40	0	401	32	7702	17	6834	71	7828	39	7007	11.715	3.169
446	NaN	587	NaN	541	0	4	364	33	23	0	405	0	7148	0	7211	1	7228	1	7228	11.826	-1.398
446.1	NaN	529	NaN	620	0	26	361	47	36	0	405	4	6817	7	7432	10	6922	17	7476	11.668	-1.825
446.2	NaN	590	NaN	631	0	45	361	37	26	0	405	5	6651	16	7523	12	6751	35	7617	11.667	-0.23
446.3	NaN	596	NaN	633	0	50	359	47	38	0	403	4	6462	16	7630	9	6485	38	7664	11.52	-1.912
446.4	NaN	629	NaN	526	0	44	361	50	40	0	404	16	6719	43	7881	35	6686	96	7986	11.777	2.696
446.5	NaN	546	NaN	561	0	45	360	45	34	0	404	13	7143	38	7885	30	6898	84	8111	11.949	2.745
446.6	NaN	588	NaN	530	0	46	362	31	20	0	405	1	6595	2	7594	2	6649	6	7691	11.846	-3.598
446.7	NaN	595	NaN	541	0	46	365	24	13	0	404	-6	6254	-3	7529	-5	6232	-3	7598	11.537	-2.987
446.8	NaN	576	NaN	607	0	48	359	37	29	0	404	2	6189	10	7451	6	6156	27	7527	11.22	-2.777
446.9	NaN	609	NaN	616	0	52	363	41	32	0	405	7	6239	25	7433	15	6324	57	7545	11.22	0.658
447	NaN	619	NaN	628	0	53	363	41	34	0	404	7	6291	27	7386	16	6337	63	7500	11.203	0.57
447.1	NaN	566	NaN	544	0	50	362	47	39	0	404	10	6332	35	7456	22	6467	82	7565	11.24	1.229
447.2	NaN	506	NaN	584	0	43	362	90	82	0	405	24	7212	70	7960	54	7494	163	7952	11.535	6.974
447.3	NaN	540	NaN	593.5133929	0	42	362	100	100	0	405	24	8502	63	8138	53	7735	142	8099	12.031	4.771
447.4	NaN	550	NaN	595.5892857	0	22	361	100	100	0	405	30	7254	53	8205	71	9847	118	8347	12.412	-1.713
447.5	NaN	549	NaN	597.6651786	0	7	363	100	100	0	406	41	8394	46	8285	93	8090	102	8459	12.883	4.343
447.6	NaN	542	NaN	599.7410714	0	15	363	100	100	0	403	31	8988	48	8364	73	8157	107	8573	13.458	7.971
447.7	NaN	548	NaN	601.8169643	0	7	361	100	100	0	404	37	8558	44	8821	81	8536	95	8903	13.888	6.281
447.8	NaN	550	NaN	603.8928571	0	7	361	100	100	0	405	37	8694	44	9102	79	8847	94	9181	14.433	3.923
447.9	NaN	559	NaN	605.96875	0	6	357	100	100	0	404	37	9024	41	9418	78	9141	87	9450	14.923	4.956
448	NaN	546	NaN	608.0446429	0	4	358	100	100	0	404	35	9270	41	9699	72	9392	85	9703	15.321	5.536
448.1	NaN	593	NaN	610.1205357	0	5	360	100	100	0	404	35	9568	39	9816	72	9720	83	10006	15.759	3.152
448.2	NaN	542	NaN	612.1964286	1	3	359	100	100	0	406	35	9866	39	10090	72	9856	78	10192	16.118	4.511
448.3	NaN	572	NaN	614.2723214	1	-0	360	100	100	0	405	37	10049	35	10314	75	10292	72	10374	16.524	3.258
448.4	NaN	584	NaN	616.3482143	1	-3	363	100	99	0	404	33	10353	31	10410	65	10484	61	10549	16.865	2.342
448.5	NaN	554	NaN	618.4241071	1	-4	361	97	88	0	404	26	10519	24	10530	52	10536	48	10639	17.153	3.792
448.6	NaN	538	NaN	596	1	-7	359	70	62	0	404	23	10652	19	10677	45	10790	37	10697	17.328	1.487
448.7	NaN	548	NaN	579	0	-6	360	59	49	0	405	21	10763	19	10676	40	10865	36	10823	17.507	1.183
448.8	NaN	586	NaN	540	0	-5	361	18	9	0	403	-7	10752	-8	10668	-4	10693	-6	10508	17.494	-2.684
448.9	NaN	561	NaN	621	0	-2	362	0	0	0	401	-28	10397	-28	10426	-21	10544	-22	10400	17.192	-2.559
449	NaN	547	NaN	635	0	0	363	0	0	0	402	-48	9902	-49	10028	-36	9906	-37	9853	16.782	-5.17
449.1	NaN	541	NaN	622	0	-1	359	0	0	0	402	-50	9750	-51	9933	-39	9514	-39	9527	16.15	-6.604
449.2	NaN	535	NaN	621	0	0	361	0	0	0	402	-53	9354	-52	9538	-41	9257	-41	9341	15.604	-6.873
449.3	NaN	544	NaN	612	0	0	359	0	0	0	402	-54	8875	-55	9066	-44	8976	-44	9067	14.965	-5.923
449.4	NaN	535	NaN	626	0	-1	361	0	0	0	402	-55	8574	-54	8773	-46	8354	-45	8469	14.302	-7.365
449.5	NaN	536	NaN	620	0	-1	360	0	0	0	402	-55	8271	-55	8403	-46	8174	-46	8224	13.68	-6.781
449.6	NaN	539	NaN	619	0	2	358	0	0	0	401	-54	7754	-53	8005	-46	7665	-46	7958	13.063	-6.896
449.7	NaN	536	NaN	625	0	4	362	0	0	0	401	-54	7252	-53	7629	-48	7235	-45	7447	12.415	-6.984
449.8	NaN	548	NaN	633	0	15	360	0	0	0	402	-57	6910	-50	7382	-51	6312	-44	7134	11.797	-7.879
449.9	NaN	589	NaN	638	0	26	362	0	0	0	401	-59	6096	-47	7027	-53	5381	-42	6980	11.139	-5.348
450	NaN	568	NaN	642	0	35	359	0	0	0	402	-62	5594	-43	6756	-56	3907	-39	6677	10.495	-6.06
450.1	NaN	582	NaN	543	0	43	362	27	19	0	405	-3	5491	0	6681	-1	4281	0	6595	9.888	-5.616
450.2	NaN	592	NaN	644	0	50	362	35	27	0	405	4	5373	13	6603	9	5392	32	6568	9.697	-1.675
450.3	NaN	632	NaN	614	0	56	362	37	29	0	406	3	5287	15	6499	8	5389	36	6506	9.601	-0.702
450.4	NaN	567	NaN	523	0	55	362	49	41	0	403	10	5426	45	6639	23	5537	105	6702	9.696	3.979
450.5	NaN	571	NaN	517	0	56	362	49	41	0	406	10	5533	45	6775	24	5720	104	6899	9.887	1.485
450.6	NaN	550.375	NaN	608	0	54	363	40	32	0	407	4	5523	19	6714	11	5601	45	6785	10.012	-0.944
450.7	NaN	552.75	NaN	552	0	38	363	41	31	0	406	12	5695	30	6818	25	5784	65	6896	10.107	3.417
450.8	NaN	555.125	NaN	613	0	-1	363	40	36	0	403	12	6062	12	6482	30	6120	29	6520	10.164	-0.723
450.9	NaN	553	NaN	613	0	-13	359	32	25	0	404	8	6325	6	6275	14	6363	11	6310	10.357	0.459
451	NaN	542	NaN	603	0	-29	363	38	34	0	403	8	6441	4	6054	20	6439	10	6074	10.263	-0.482
451.1	NaN	540	NaN	645	0	-56	362	38	37	0	404	18	6722	4	5817	45	6745	11	5892	10.165	0.31
451.2	NaN	559	NaN	574	0	-74	359	38	35	0	402	29	6803	2	5740	69	6830	6	5756	10.185	-1.45
451.3	NaN	531	NaN	628	0	-74	356	52	54	0	401	71	7335	7	5755	169	7722	16	5827	10.228	1.954
451.4	NaN	520	NaN	631	0	-73	358	54	52	0	402	72	7391	7	5796	169	7556	16	6046	10.623	4.207
451.5	NaN	580	NaN	585	0	-61	361	69	70	0	402	72	7998	12	5909	165	9015	29	6340	10.755	5.311
451.6	NaN	574	NaN	583	0	-44	357	78	77	0	402	67	7645	20	6777	151	8262	47	8017	10.974	2.859
451.7	NaN	550	NaN	531	0	-12	361	78	74	0	405	45	7767	33	6366	102	8150	74	8933	10.989	10.469
451.8	NaN	563	NaN	528	0	8	359	100	100	0	404	33	7438	39	7992	76	8246	93	11898	10.982	8.088
451.9	NaN	554	NaN	526	0	31	363	100	100	0	405	22	7348	43	8964	51	7714	100	13827	10.992	5.946
452	NaN	580	NaN	522	0	38	356	100	100	0	403	18	7290	47	8403	43	7302	106	13223	11.284	4.64
452.1	NaN	543	NaN	526	0	32	359	100	100	0	405	22	7298	50	8014	52	7298	111	11135	11.925	8.103
452.2	NaN	559	NaN	521	0	-3	361	100	100	0	404	41	7607	42	8188	94	7642	86	8251	12.686	10.306
452.3	NaN	558	NaN	530	0	-10	361	100	100	0	404	47	8259	38	8138	102	8319	85	8244	13.216	5.176
452.4	NaN	557	NaN	526	0	-10	359	100	100	0	404	45	8588	36	8441	97	8613	80	8548	13.732	5.428
452.5	NaN	553	NaN	562.0967742	0	-5	361	100	100	0	405	42	8852	37	8792	90	8924	81	8912	14.257	4.435
452.6	NaN	568	NaN	561.1935484	0	-1	361	100	100	0	405	39	9089	39	9181	84	9176	82	9265	14.718	4.296
452.7	NaN	596	NaN	560.2903226	0	-0	361	100	100	0	404	38	9292	38	9528	79	9462	79	9565	15.189	5.505
452.8	NaN	566	NaN	559.3870968	0	-1	362	100	100	0	404	37	9597	37	9771	77	9735	77	9830	15.626	3.681
452.9	NaN	584	NaN	558.483871	0	-2	360	100	100	0	403	38	9871	36	9956	76	9879	74	10067	16.043	4.274
453	NaN	534	NaN	557.5806452	1	-2	360	100	100	0	405	36	10116	35	10216	74	10206	72	10331	16.461	4.682
453.1	NaN	601	NaN	556.6774194	1	-5	356	100	100	0	404	34	10314	32	10493	68	10479	64	10498	16.8	3.333
453.2	NaN	548	NaN	555.7741935	1	-6	356	93	84	0	405	30	10496	27	10563	59	10530	53	10648	17.133	2.938
453.3	NaN	551	NaN	554.8709677	1	-2	358	78	69	0	405	21	10596	20	10723	43	10711	40	10823	17.354	2.817
453.4	NaN	554	NaN	553.9677419	1	-2	363	74	64	0	405	21	10672	20	10857	41	10842	40	10890	17.548	0.688
453.5	NaN	557	NaN	553.0645161	0	-4	359	18	9	0	405	2	10683	4	10811	3	10634	5	10828	17.718	2.283
453.6	NaN	566	NaN	552.1612903	0	-2	361	0	0	0	402	-21	10497	-21	10900	-16	10528	-16	10714	17.459	-3.97
453.7	NaN	550	NaN	551.2580645	0	-3	360	0	0	0	403	-40	10237	-41	10461	-32	10203	-31	10408	17.076	-3.874
453.8	NaN	539	NaN	550.3548387	0	2	362	0	0	0	401	-51	9801	-50	10038	-39	9763	-38	10044	16.554	-5.094
453.9	NaN	532	NaN	549.4516129	0	3	356	0	0	0	402	-53	9425	-51	9927	-42	9201	-40	9727	15.974	-6.469
454	NaN	539	NaN	548.5483871	0	6	358	5	0	0	401	-50	9023	-48	9581	-40	8795	-39	9449	15.364	-6.974
454.1	NaN	553	NaN	547.6451613	0	5	357	10	3	0	402	-38	8664	-36	9303	-31	8575	-30	9216	14.797	-6.112
454.2	NaN	553	NaN	546.7419355	0	15	359	11	4	0	402	-38	8247	-32	9008	-31	8055	-26	8992	14.323	-5.136
454.3	NaN	558	NaN	545.8387097	0	15	362	12	5	0	404	-35	7916	-30	8715	-30	7899	-26	8705	13.814	-4.7
454.4	NaN	577	NaN	544.9354839	0	17	360	25	19	0	404	0	7902	-1	8615	0	7915	-1	8621	13.524	-2.446
454.5	NaN	538	NaN	544.0322581	0	20	362	34	28	0	403	7	7808	10	8523	16	7988	23	8543	13.397	0.754
454.6	NaN	593	NaN	543.1290323	0	21	360	35	28	0	405	7	7723	11	8602	15	8340	25	8593	13.27	-1.695
454.7	NaN	578	NaN	542.2258065	0	30	364	25	18	0	406	0	7539	0	8405	0	7674	0	8381	13.212	-4.343
454.8	NaN	563	NaN	541.3225806	0	28	363	40	28	0	405	13	8023	32	8877	28	7885	56	8691	13.263	4.516
454.9	NaN	604	NaN	540.4193548	0	29	360	46	37	0	405	7	7647	14	8337	17	7941	32	8462	13.259	0.473
455	NaN	584	NaN	539.516129	0	25	363	31	22	0	405	1	7370	1	8404	2	7603	3	8427	13.095	-1.813
455.1	NaN	578	NaN	538.6129032	0	26	366	27	16	0	405	0	7371	0	8230	0	7549	0	8184	12.958	-2.341
455.2	NaN	588	NaN	537.7096774	0	27	360	36	28	0	406	4	7300	5	8248	9	7198	15	8285	12.723	-4.098
455.3	NaN	607	NaN	536.8064516	0	34	365	39	29	0	404	8	7373	17	8198	18	7480	38	8326	12.769	0.182
455.4	NaN	583	NaN	535.9032258	0	31	364	35	24	0	406	8	7371	17	8316	17	7333	37	8398	12.744	4.732
455.5	NaN	581	NaN	551	0	34	365	27	21	0	405	-0	7042	-0	7978	-0	7167	-0	8017	12.661	-1.869
455.6	NaN	569	NaN	531	0	38	364	10	0	0	405	-12	6797	-8	7949	-10	6806	-7	8007	12.358	-2.381
455.7	NaN	554	NaN	540	0	42	363	19	11	0	403	-16	6473	-11	7808	-14	5841	-10	7760	11.96	-4.798
455.8	NaN	558	NaN	534	0	40	359	19	11	0	404	-17	6093	-11	7554	-14	5722	-10	7657	11.562	-4.499
455.9	NaN	550	NaN	616	0	40	358	31	24	0	404	2	6248	5	7435	4	6183	12	7465	11.238	-2.363
456	NaN	590	NaN	579	0	44	362	42	35	0	403	8	6234	22	7280	20	6397	53	7370	11.074	-1.753
456.1	NaN	560	NaN	548	0	44	361	48	40	0	406	13	6456	40	7482	30	6553	92	7627	11.19	2.623
456.2	NaN	557	NaN	541	0	42	360	48	40	0	404	13	6699	39	7507	31	6839	90	7592	11.406	0.87
456.3	NaN	537	NaN	561	0	41	357	48	41	0	404	15	6724	39	7682	34	6712	91	7769	11.579	2.191
456.4	NaN	555	NaN	594	0	42	362	64	56	0	404	25	7108	67	7981	56	6980	150	8061	11.897	3.547
456.5	NaN	531	NaN	534	0	41	357	100	93	0	406	24	7253	64	8228	55	7262	142	8309	12.333	4.036
456.6	NaN	556	NaN	520	0	25	360	100	100	0	406	30	8227	56	8372	66	7533	123	8510	12.772	7.214
456.7	NaN	561	NaN	527	0	10	360	100	100	0	405	37	8001	47	8526	80	8010	103	8619	13.266	6.328
456.8	NaN	567	NaN	534	0	8	360	100	100	0	405	38	8386	44	8733	82	8358	96	8791	13.757	5.345
456.9	NaN	557	NaN	528	0	5	358	100	100	0	404	37	8685	43	9016	80	8655	93	9053	14.231	6.026
457	NaN	545	NaN	526	0	6	360	100	100	0	404	36	8989	41	9222	78	9006	86	9300	14.667	3.679
457.1	NaN	557	NaN	539	0	3	363	100	100	0	404	37	9185	41	9423	78	9300	85	9527	15.096	4.358
457.2	NaN	543	NaN	532	0	1	361	100	100	0	405	38	9429	38	9611	78	9593	78	9770	15.532	3.263
457.3	NaN	544	NaN	533	1	0	362	100	100	0	404	37	9709	37	9924	75	9835	78	9965	15.88	4.768
457.4	NaN	550	NaN	536	1	2	359	100	100	0	405	36	9977	37	10134	73	9993	76	10186	16.274	2.672
457.5	NaN	547	NaN	533	1	1	359	100	100	0	404	35	10151	36	10293	72	10294	72	10407	16.622	3.437
457.6	NaN	522	NaN	532	1	-2	357	100	100	0	404	33	10334	33	10549	66	10480	67	10619	16.928	3.815
457.7	NaN	521	NaN	561	1	-1	363	100	100	0	405	27	10528	26	10675	53	10554	55	10763	17.208	2.457
457.8	NaN	534	NaN	572	1	1	359	100	100	0	405	22	10615	22	10700	44	10712	42	10817	17.446	1.798
457.9	NaN	584	NaN	598	1	-3	360	100	100	0	404	19	10716	18	10934	39	10815	38	10904	17.568	2.101
458	NaN	565	NaN	616	1	-2	362	100	100	0	405	16	10786	16	10904	33	10863	32	10929	17.715	1.693
458.1	NaN	544	NaN	577	1	-1	360	100	100	0	404	13	10801	13	11011	26	10881	24	11044	17.8	-1.593
458.2	NaN	557	NaN	577	1	0	360	100	100	0	404	15	10853	15	11085	29	10852	30	11114	17.85	-1.439
458.3	NaN	549	NaN	585	1	1	360	100	100	0	402	12	10891	12	11031	23	10963	23	11137	17.936	0.804
458.4	NaN	560	NaN	572	1	-1	363	100	100	0	405	15	10867	14	11161	29	10981	29	11185	17.967	1.917
458.5	NaN	546	NaN	619	1	-1	359	100	100	0	405	11	11010	10	11070	21	11013	19	11100	17.964	0.692
458.6	NaN	536	NaN	590	1	-2	359	100	100	0	403	10	10906	11	11166	21	11023	20	11128	17.978	-2.525
458.7	NaN	566	NaN	659	1	-2	357	100	100	0	404	14	10965	13	11083	26	10968	24	11103	18.006	0.783
458.8	NaN	538	NaN	613	1	-1	358	100	100	0	405	9	11057	9	11130	17	11016	16	11094	17.982	-2.202
458.9	NaN	545	NaN	615	1	-1	357	100	100	0	404	13	10919	12	11095	26	10971	25	11134	18.005	1.716
459	NaN	546	NaN	612	1	-1	363	100	100	0	404	11	11044	11	11047	21	11062	19	11142	17.962	0.227
459.1	NaN	536	NaN	619	1	-2	363	100	100	0	405	11	10911	11	11142	22	11026	21	11109	18	-0.823
459.2	NaN	554	NaN	597	1	-4	358	100	100	0	404	12	11019	11	11057	22	11021	20	11141	17.978	0.507
459.3	NaN	533	NaN	590	1	-4	359	100	100	0	403	9	11039	8	11127	16	11042	15	11075	17.94	-2.815
459.4	NaN	534	NaN	596	1	-4	362	100	100	0	403	11	10973	10	11025	21	10957	20	11032	17.959	-0.149
459.5	NaN	534	NaN	589	1	-9	362	100	100	0	403	12	11049	10	10918	23	11136	21	11026	17.944	1.753
459.6	NaN	538	NaN	614	0	-11	363	100	100	0	404	11	11059	8	11002	19	11074	15	10985	17.93	-1.137
459.7	NaN	526	NaN	575	0	-8	361	100	100	0	403	14	11225	12	11024	29	11155	25	11017	17.939	-1.126
459.8	NaN	537	NaN	607	0	-9	359	100	100	0	402	12	10978	11	11038	25	11158	20	11020	17.972	0.423
459.9	NaN	517	NaN	613	0	-3	362	100	100	0	404	9	10977	9	10988	19	11047	18	11019	17.937	0.807
460	NaN	539	NaN	608	0	3	363	100	100	0	404	10	10899	12	11229	19	10941	22	11163	17.916	-0.469
460.1	NaN	555	NaN	565	0	13	358	100	100	0	403	16	10715	20	11340	32	10762	41	11367	17.942	-1.116
460.2	NaN	577	NaN	561	0	13	360	100	100	0	404	16	10790	22	11325	32	10860	40	11424	17.961	-0.684
460.3	NaN	571	NaN	560	0	11	359	100	100	0	405	16	10732	20	11343	32	10851	39	11396	17.967	1.887
460.4	NaN	557	NaN	583	0	6	359	100	100	0	405	17	10819	19	11266	33	10887	36	11386	17.941	0.539
460.5	NaN	581	NaN	587	0	4	360	100	100	0	403	13	10888	14	11199	25	10947	28	11223	17.995	0.598
460.6	NaN	558	NaN	597	0	-4	362	100	99	0	403	13	10925	12	11082	26	10937	24	11192	17.972	-0.322
460.7	NaN	563	NaN	531	0	-10	363	0	0	0	403	-8	10987	-8	10829	-8	11035	-8	10867	17.875	-2.61
460.8	NaN	544	NaN	619	0	-14	359	0	0	0	401	-26	10815	-29	10574	-19	10805	-23	10388	17.443	-5.336
460.9	NaN	521	NaN	620	0	-13	374	0	0	0	414	-45	10455	-51	10070	-34	10417	-39	10044	16.912	-5.727
461	NaN	530	NaN	619	0	-14	367	0	0	0	411	-47	10090	-54	9570	-37	10119	-42	9631	16.275	-5.491
461.1	NaN	523	NaN	616	0	-15	366	0	0	0	415	-49	9670	-55	9404	-39	9633	-44	8749	15.617	-6.954
461.2	NaN	522	NaN	598	0	-14	369	0	0	0	407	-50	9175	-57	8740	-41	9160	-47	8827	14.95	-6.439
461.3	NaN	531	NaN	624	0	-15	460	0	0	0	484	-51	8796	-60	8383	-41	8683	-48	8022	14.199	-7.881
461.4	NaN	518	NaN	613	0	-17	523	0	0	0	541	-48	8258	-59	7764	-41	8210	-50	7394	13.354	-9.385
461.5	NaN	528	NaN	640	0	-19	525	0	0	0	545	-48	7799	-59	7192	-42	7722	-50	5443	12.45	-8.377
461.6	NaN	538	NaN	623	0	-25	405	0	0	0	441	-47	7337	-60	6642	-41	7277	-52	5501	11.578	-7.581
461.7	NaN	525	NaN	620	0	-33	359	34	31	0	400	14	7291	7	6736	33	7334	16	6752	11.353	0.258
461.8	NaN	567	NaN	641	0	-49	363	44	44	0	402	40	7512	12	6659	91	7521	29	6705	11.33	0.592
461.9	NaN	525	NaN	662	0	-64	361	45	45	0	402	48	7671	8	6756	111	7704	18	6707	11.607	1.383
462	NaN	566	NaN	586	0	-64	362	54	55	0	401	71	8176	12	6680	167	8255	28	7096	11.745	3.767
462.1	NaN	531	NaN	603	0	-61	359	53	50	0	402	51	8017	9	6723	117	8219	22	7088	11.964	0.525
462.2	NaN	536	NaN	705	0	-50	364	40	38	0	403	27	8177	7	6823	61	8311	16	7014	12.166	1.568
462.3	NaN	592	NaN	625	0	-51	361	46	42	0	403	44	8347	12	6814	100	9188	29	8209	12.176	3.784
462.4	NaN	571	NaN	609	0	-49	358	51	47	0	402	52	8226	16	7425	116	8613	37	8171	12.262	4.424
462.5	NaN	595	NaN	578	0	-31	360	50	47	0	403	31	8117	15	7067	70	8416	36	8121	12.23	0.233
462.6	NaN	571	NaN	542	0	-7	360	48	37	0	403	39	8159	33	8015	88	8536	72	8527	12.503	4.67
462.7	NaN	559	NaN	528	0	2	363	55	47	0	403	40	8096	41	7836	89	8825	90	9223	12.725	6.727
462.8	NaN	580	NaN	595	0	3	362	44	37	0	404	22	7865	23	8188	50	7936	52	8396	13.08	3.188
462.9	NaN	568	NaN	581	0	-2	360	44	38	0	404	23	8071	21	8257	51	8141	47	8306	13.276	1.298
463	NaN	577	NaN	590	0	-6	362	45	37	0	403	25	8297	23	8340	55	8341	49	8420	13.534	2.163
463.1	NaN	589	NaN	635	0	-15	357	31	25	0	404	15	8440	11	8369	34	8444	22	8351	13.761	-0.504
463.2	NaN	533	NaN	616	0	-15	361	32	22	0	403	9	8496	7	8262	20	8481	15	8291	13.558	-0.164
463.3	NaN	586	NaN	531	0	-32	360	22	11	0	403	-8	8330	-10	7837	-6	8412	-8	7896	13.468	-2.184
463.4	NaN	583	NaN	539	0	-36	361	25	23	0	403	-0	8412	-0	7578	-0	8482	-0	7584	13.134	-0.936
463.5	NaN	582	NaN	539	0	-40	363	27	22	0	400	0	8212	0	7449	0	8262	0	7476	12.968	-2.246
463.6	NaN	593	NaN	645	0	-34	359	37	38	0	403	25	8404	11	7439	56	8485	24	7789	12.813	0.021
463.7	NaN	544	NaN	593	0	-26	361	32	21	0	402	10	8169	6	7581	23	8245	11	7678	12.974	1.721
463.8	NaN	557	NaN	543	0	-40	361	32	31	0	402	7	8250	3	7416	18	8208	7	7394	12.704	-2.663
463.9	NaN	579	NaN	538	0	-46	362	19	11	0	402	-3	8042	-3	7160	-3	8131	-3	7287	12.673	-1.919
464	NaN	530	NaN	611	0	-40	363	34	31	0	402	15	8155	5	7123	38	8240	12	6961	12.366	-2.051
464.1	NaN	535	NaN	541	0	-41	362	34	26	0	403	12	7951	5	7136	28	8014	11	7178	12.354	1.039
464.2	NaN	577	NaN	536	0	-45	357	22	14	0	399	-5	7727	-8	6878	-5	7778	-7	6839	12.141	-2.376
464.3	NaN	582	NaN	541	0	-41	363	26	23	0	401	-0	7748	0	6759	-0	7728	-0	6674	11.854	-2.126
464.4	NaN	584	NaN	536	0	-55	362	26	21	0	402	-0	7525	-0	6513	-0	7587	-0	6530	11.667	-1.107
464.5	NaN	588	NaN	537	0	-61	364	23	21	0	402	-0	7405	-0	6313	-0	7441	-0	6253	11.347	-3.272
464.6	NaN	587	NaN	541	0	-62	363	26	23	0	401	0	7236	0	6085	0	7292	0	6052	11.049	-2.621
464.7	NaN	582	NaN	536	0	-60	358	29	26	0	401	2	7063	0	6034	3	7074	0	5908	10.789	-3.744
464.8	NaN	576	NaN	614	0	-40	357	48	46	0	403	46	7312	16	6215	107	7568	37	6283	10.926	5.107
464.9	NaN	578	NaN	560	0	-20	355	49	43	0	405	37	7161	23	6660	85	7348	55	6834	11.313	5.088
465	NaN	580	NaN	537	0	15	365	27	18	0	406	0	6722	0	6981	0	6825	0	6962	11.4	-1.499
465.1	NaN	591	NaN	592	0	45	362	38	27	0	403	6	6506	17	7269	14	6555	38	7324	11.312	-0.405
465.2	NaN	621	NaN	577	0	50	361	39	30	0	405	5	6384	21	7318	14	6377	49	7371	11.305	0.549
465.3	NaN	576	NaN	558	0	45	361	50	42	0	403	15	6495	44	7592	34	6503	101	7690	11.406	3.262
465.4	NaN	560	NaN	538	0	44	357	51	42	0	403	16	6755	46	7693	35	6984	104	7846	11.618	1.603
465.5	NaN	551	NaN	522	0	45	363	52	43	0	403	16	7063	48	7855	35	7141	110	7956	11.839	2.461
465.6	NaN	594	NaN	546	0	36	359	55	46	0	405	19	7103	49	7985	42	7316	111	8065	12.103	3.213
465.7	NaN	532	NaN	550	0	15	358	61	53	0	404	34	7545	53	8141	77	7714	119	8317	12.539	4.647
465.8	NaN	558	NaN	526	0	-10	358	57	47	0	405	44	8004	39	8094	95	8163	86	8268	13.087	4.873
465.9	NaN	556	NaN	566	0	-25	362	49	44	0	403	40	8466	22	8039	88	8588	50	8176	13.436	2.151
466	NaN	572	NaN	541	0	-32	358	53	51	0	404	52	8903	26	8311	113	9035	59	8441	13.81	3.728
466.1	NaN	578	NaN	549	0	-34	361	57	52	0	404	54	9196	24	8581	116	9238	52	8692	14.26	5.416
466.2	NaN	558	NaN	550	0	-35	359	67	66	0	404	52	9478	25	8774	108	9518	53	8900	14.591	3.766
466.3	NaN	566	NaN	550	0	-34	357	72	68	0	402	52	9572	24	9352	110	9724	50	9147	14.977	4.063
466.4	NaN	579	NaN	549	0	-20	362	76	72	0	402	46	9702	28	9275	95	9924	60	9540	15.328	3.024
466.5	NaN	540	NaN	553	0	-12	360	89	81	0	405	42	9800	32	9565	88	9928	65	9661	15.753	4.999
466.6	NaN	573	NaN	533	0	-12	358	100	97	0	403	41	10036	33	9821	84	10106	67	9977	16.149	4.647
466.7	NaN	573	NaN	523	0	-8	363	100	100	0	404	40	10204	32	10158	80	10374	66	10181	16.537	3.618
466.8	NaN	569	NaN	533	0	-8	356	100	100	0	404	33	10356	29	10325	66	10500	60	10411	16.911	3.276
466.9	NaN	546	NaN	557	0	-4	357	100	100	0	405	27	10511	25	10502	51	10565	48	10640	17.153	2.872
467	NaN	531	NaN	554	0	-1	363	100	100	0	404	24	10553	23	10744	48	10698	47	10756	17.372	1.406
467.1	NaN	530	NaN	550	0	-2	357	100	100	0	401	21	10651	22	10797	43	10749	43	10855	17.533	1.904
467.2	NaN	558	NaN	572	1	0	359	100	100	0	405	19	10710	19	10917	37	10797	37	10985	17.664	1.623
467.3	NaN	559	NaN	571	1	1	359	100	100	0	404	18	10718	19	11062	36	10872	37	11088	17.766	0.333
467.4	NaN	566	NaN	592	1	3	362	100	100	0	404	17	10790	18	11021	31	10805	33	11144	17.853	1.207
467.5	NaN	577	NaN	578	1	3	362	100	100	0	403	15	10796	15	11175	29	10914	30	11179	17.922	0.59
467.6	NaN	556	NaN	570	1	3	363	100	100	0	404	16	10818	16	11161	30	10918	31	11208	17.97	-0.106
467.7	NaN	557	NaN	596	1	1	358	100	100	0	405	13	10876	14	11200	25	10952	26	11205	18.046	1.476
467.8	NaN	571	NaN	567	1	1	360	100	100	0	403	12	10885	13	11218	24	11009	25	11230	18.053	0.386
467.9	NaN	562	NaN	605	1	0	364	100	100	0	401	13	10949	12	11210	23	10933	25	11229	18.107	0.452
468	NaN	525	NaN	599	1	0	364	100	100	0	402	10	10962	11	11240	20	11032	20	11241	18.123	-0.083
468.1	NaN	538	NaN	587	1	-0	363	100	100	0	406	10	10974	11	11184	21	11022	21	11273	18.112	0.959
468.2	NaN	523	NaN	606	1	-3	362	100	100	0	404	10	11023	9	11226	18	11066	18	11217	18.143	0.37
468.3	NaN	525	NaN	591	1	-4	359	100	100	0	404	7	11016	7	11136	16	11132	14	11197	18.083	-1.172
468.4	NaN	527	NaN	601	1	-5	363	100	100	0	404	9	11024	8	11243	19	11071	16	11178	18.093	-0.228
468.5	NaN	526	NaN	596	1	-3	359	100	100	0	402	8	11015	8	11105	16	11097	14	11098	18.096	-1.962
468.6	NaN	522	NaN	623	1	-4	364	100	100	0	402	10	11028	9	11138	19	11032	18	11143	18.073	0.675
468.7	NaN	528	NaN	618	1	-6	360	100	100	0	402	8	11058	7	11080	15	11110	13	11062	18.059	-0.27
468.8	NaN	517	NaN	593	1	-5	358	100	100	0	403	9	11008	8	11033	18	11082	16	11085	18.033	0.304
468.9	NaN	522	NaN	603	1	-5	361	100	100	0	403	9	11046	8	11102	17	11086	16	11107	18.037	0.157
469	NaN	528	NaN	593	1	-5	362	100	100	0	402	8	11005	7	11046	16	11110	14	11101	18.015	-0.984
469.1	NaN	522	NaN	609	1	-5	362	100	100	0	403	10	11024	9	11163	21	11025	20	11123	18.033	0.764
469.2	NaN	532	NaN	611	1	-1	361	100	100	0	402	9	10990	9	11102	16	11041	16	11104	18.054	-1.13
469.3	NaN	540	NaN	590	1	-0	361	100	100	0	404	10	10950	10	11205	21	10969	21	11215	18.034	1.271
469.4	NaN	526	NaN	665	1	-2	361	100	100	0	405	10	11021	10	11168	18	11034	18	11162	18.068	0.146
469.5	NaN	527	NaN	599	1	0	360	100	100	0	405	9	10953	9	11161	19	11023	18	11199	18.062	-0.217
469.6	NaN	533	NaN	611	1	1	357	100	100	0	401	11	10984	12	11231	22	11052	22	11241	18.099	0.601
469.7	NaN	525	NaN	590	1	-1	357	100	100	0	403	8	10979	8	11136	15	11053	15	11211	18.093	-0.405
469.8	NaN	532	NaN	595	1	-2	358	100	100	0	405	11	10987	11	11308	22	10993	22	11266	18.105	0.442
469.9	NaN	528	NaN	598	1	-3	362	100	100	0	402	8	11069	8	11118	14	11089	13	11162	18.114	0.308
470	NaN	533	NaN	589	1	-9	359	100	100	0	404	7	11038	7	11169	15	11068	13	11135	18.07	-0.367
470.1	NaN	528	NaN	586	0	-10	361	100	100	0	404	9	11176	7	11022	17	11173	14	11003	18.069	-0.993
470.2	NaN	527	NaN	611	0	-10	362	100	100	0	404	14	11112	11	10973	26	11240	21	11035	18.057	0.532
470.3	NaN	526	NaN	591	0	-13	361	100	100	0	404	10	11242	8	11006	19	11263	14	10997	18.049	-0.539
470.4	NaN	511	NaN	594	0	-11	362	100	100	0	404	13	11224	10	10924	26	11383	20	10998	18.032	-0.564
470.5	NaN	521	NaN	591	0	-15	357	100	100	0	402	12	11199	9	11009	22	11179	18	11000	18.1	-0.67
470.6	NaN	534	NaN	584	0	-12	358	100	100	0	403	11	11231	8	10956	21	11283	16	11003	18.099	-0.801
470.7	NaN	533	NaN	648	0	-9	358	100	100	0	403	10	11103	9	11048	19	11149	16	11067	18.071	0.901
470.8	NaN	528	NaN	589	0	-7	362	100	100	0	403	8	11134	7	11051	15	11159	13	11024	18.05	-0.043
470.9	NaN	516	NaN	585	0	-5	362	100	100	0	402	10	11064	9	10983	21	11098	18	11070	18.009	0.831
471	NaN	531	NaN	618	0	-6	359	100	100	0	404	9	11056	8	11066	16	11156	14	11055	17.987	0.631
471.1	NaN	527	NaN	601	0	-6	362	100	100	0	402	10	11024	9	10980	20	11097	17	11039	17.957	-1.825
471.2	NaN	530	NaN	598	1	-4	362	100	100	0	404	10	10985	10	11079	21	11017	20	11068	17.938	0.149
471.3	NaN	527	NaN	618	1	-5	359	100	100	0	405	10	11021	10	10994	19	11048	18	11025	17.943	-0.725
471.4	NaN	534	NaN	587	1	-5	359	100	97	0	402	11	10937	10	10984	23	10955	21	11068	17.922	0.803
471.5	NaN	537	NaN	627	1	-1	362	100	92	0	400	13	10938	12	11065	24	11046	24	11078	17.937	1.166
471.6	NaN	541	NaN	596	1	-1	358	90	79	0	402	11	10887	11	11066	21	10971	19	11129	17.939	-0.246
471.7	NaN	535	NaN	586	0	0	360	34	23	0	403	13	10882	13	11179	25	10991	26	11196	18.007	1.137
471.8	NaN	562	NaN	586	0	-2	362	0	0	0	402	-17	10829	-17	10937	-12	10823	-12	10877	17.792	-3.385
471.9	NaN	537	NaN	684	0	-5	360	0	0	0	402	-35	10475	-36	10722	-27	10438	-28	10595	17.433	-4.776
472	NaN	534	NaN	630	0	-5	361	0	0	0	402	-48	10218	-49	10324	-36	10203	-38	10250	16.914	-5.59
472.1	NaN	533	NaN	654	0	-4	362	0	0	0	402	-48	9855	-50	9858	-38	9924	-39	9826	16.299	-6.073
472.2	NaN	526	NaN	652	0	-6	358	0	0	0	403	-50	9445	-53	9481	-41	9376	-41	9366	15.704	-5.844
472.3	NaN	524	NaN	654	0	-4	359	0	0	0	403	-54	9114	-55	9152	-43	8835	-44	9000	15.1	-6.156
472.4	NaN	530	NaN	638	0	-3	360	0	0	0	401	-54	8684	-56	8874	-44	8765	-46	8723	14.395	-6.207
472.5	NaN	535	NaN	647	0	-3	361	0	0	0	401	-55	8319	-55	8470	-46	8130	-46	8390	13.802	-6.81
472.6	NaN	544	NaN	653	0	4	361	0	0	0	403	-55	7726	-52	8113	-47	7646	-44	8090	13.14	-6.996
472.7	NaN	605	NaN	638	0	18	368	9	2	0	403	-42	7344	-35	7840	-37	6747	-32	7749	12.506	-12.518
472.8	NaN	579	NaN	556	0	19	358	24	16	0	402	-0	7066	0	7913	0	6796	-0	7751	12.048	-2.879
472.9	NaN	572	NaN	539	0	32	361	25	19	0	403	-0	6817	-0	7602	-0	6895	-0	7594	11.96	-2.171
473	NaN	575	NaN	539	0	39	359	25	14	0	404	-2	6665	-1	7662	-1	6654	-1	7635	11.668	-3.049
473.1	NaN	570	NaN	539	0	46	365	25	14	0	405	-1	6475	-1	7546	-1	6487	-1	7564	11.433	-2.637
473.2	NaN	571	NaN	539	0	50	364	27	18	0	403	-0	6310	-0	7451	-0	6137	-0	7421	11.172	-5.621
473.3	NaN	576	NaN	540	0	65	361	27	18	0	403	-0	5889	0	7100	0	6131	-0	7225	10.931	-2.404
473.4	NaN	577	NaN	538	0	72	362	28	20	0	404	-0	5798	0	6945	0	5825	0	7043	10.569	-4.165
473.5	NaN	574	NaN	538	0	74	361	29	22	0	403	-0	5671	0	6718	0	5752	1	6815	10.274	-2.296
473.6	NaN	572	NaN	540	0	74	359	32	24	0	405	0	5494	7	6644	1	5413	18	6726	9.946	-2.187
473.7	NaN	610	NaN	540	0	74	363	34	26	0	402	1	5158	11	6420	1	5356	28	6672	9.786	-1.552
473.8	NaN	615	NaN	593	0	74	365	38	30	0	404	2	5158	23	6551	4	5218	55	6659	9.566	-0.268
473.9	NaN	606	NaN	602	0	75	361	38	30	0	405	2	5104	23	6376	4	5247	55	6496	9.553	-1.534
474	NaN	544	NaN	538	0	74	360	50	42	0	404	4	5045	54	6732	10	5243	126	6826	9.46	2.573
474.1	NaN	537	NaN	548	0	76	363	58	49	0	405	4	5016	70	6804	11	5358	182	6792	9.765	3.85
474.2	NaN	499	NaN	524	0	76	364	100	100	0	404	6	5310	92	7488	15	5654	200	7603	9.944	4.499
474.3	NaN	493	NaN	540	0	75	362	100	100	0	403	7	5543	90	7530	18	5819	195	7659	10.247	4.047
474.4	NaN	514	NaN	541	0	62	362	100	100	0	407	13	5562	85	7457	32	6019	203	7898	10.415	3.545
474.5	NaN	537	NaN	538	0	25	360	100	100	0	405	32	6793	59	7368	75	6910	133	7954	10.637	8.146
474.6	NaN	543	NaN	518	0	8	361	100	100	0	403	36	8334	45	7231	84	8734	105	7819	10.807	7.872
474.7	NaN	554	NaN	581	0	11	362	100	100	0	404	35	10322	43	7179	80	10840	101	7697	10.997	3.712
474.8	NaN	565	NaN	531	0	22	358	100	100	0	406	32	9565	54	7338	74	9188	120	7561	11.397	2.196
474.9	NaN	548	NaN	528	0	24	358	100	100	0	403	28	10024	53	7457	66	8783	120	7611	11.857	7.27
475	NaN	538	NaN	530	0	12	361	100	100	0	403	36	7628	51	7822	83	7566	112	7960	12.434	6.47
475.1	NaN	532	NaN	560	0	19	363	100	100	0	406	35	7700	52	8254	77	7795	115	8394	12.942	4.226
475.2	NaN	541	NaN	533	0	18	361	100	100	0	404	34	8117	50	8568	73	8078	110	8677	13.423	4.579
475.3	NaN	529	NaN	518	0	19	359	100	100	0	403	33	8290	50	8898	71	8330	108	8976	13.872	4.306
475.4	NaN	552	NaN	511	0	12	365	100	100	0	405	35	8574	45	9127	74	8628	96	9167	14.297	5.131
475.5	NaN	549	NaN	527	0	3	362	95	85	0	403	38	8929	41	9243	80	8961	86	9322	14.714	4.768
475.6	NaN	575	NaN	533	0	-10	358	0	0	0	403	-10	8872	-11	8946	-7	8868	-9	8939	14.819	-3.607
475.7	NaN	545	NaN	537.15	0	-13	359	0	0	0	404	-28	8870	-32	8647	-23	8858	-27	8631	14.429	-4.844
475.8	NaN	527	NaN	538.8	0	-16	361	0	0	0	403	-44	8587	-53	8130	-37	8496	-45	8038	13.921	-6.863
475.9	NaN	582	NaN	540.45	0	-21	362	0	0	0	400	-49	8321	-60	7673	-41	8212	-51	7071	13.254	-6.796
476	NaN	581	NaN	542.1	0	-22	358	16	16	0	400	-9	8046	-12	7421	-8	7998	-10	7371	12.705	-2.184
476.1	NaN	574	NaN	543.75	0	-27	362	19	18	0	400	-5	7890	-6	7291	-4	7840	-4	7253	12.424	-3.595
476.2	NaN	571	NaN	545.4	0	-39	363	19	16	0	402	-4	7786	-6	6999	-4	7778	-6	7009	12.175	-2.249
476.3	NaN	598	NaN	547.05	0	-52	360	15	14	0	399	-11	7697	-18	6666	-10	7654	-16	6606	11.805	-5.12
476.4	NaN	609	NaN	548.7	0	-57	362	14	11	0	401	-14	7392	-25	6286	-12	7378	-22	6068	11.401	-7.238
476.5	NaN	584	NaN	550.35	0	-58	357	10	8	0	400	-21	7070	-38	5451	-19	7106	-33	3454	10.901	-5.954
476.6	NaN	572	NaN	549	0	-61	362	22	21	0	401	-4	6944	-5	5394	-3	6948	-4	2908	10.315	-3.185
476.7	NaN	523	NaN	588	0	-60	361	32	32	0	400	15	6755	3	5400	36	6874	7	4883	9.979	-1.878
476.8	NaN	578	NaN	618	0	-44	363	50	50	0	402	52	6981	17	5723	123	7417	39	6044	9.943	5.808
476.9	NaN	559	NaN	540	0	-31	357	63	60	0	402	63	6891	30	6169	150	7300	74	7909	10.162	4.538
477	NaN	615	NaN	607	0	-19	359	33	23	0	405	14	6917	8	6111	31	6962	11	6390	10.684	4.267
477.1	NaN	617	NaN	536	0	-17	359	50	50	0	404	43	6887	28	6343	99	7159	66	8334	10.628	2.617
477.2	NaN	564	NaN	523	0	-32	358	32	23	0	404	3	6906	1	6504	7	6938	3	6477	10.982	-3.478
477.3	NaN	584	NaN	565	0	-26	359	71	65	0	406	30	7125	21	6519	71	7197	59	6648	10.883	3.515
477.4	NaN	591	NaN	627	0	-23	358	11	3	0	401	-10	6864	-14	6440	-9	6835	-12	6316	11.075	-2.287
477.5	NaN	608	NaN	625	0	-3	360	19	10	0	404	-14	6565	-15	6446	-12	6688	-13	6470	10.755	-1.223
477.6	NaN	572	NaN	543	0	19	360	22	13	0	403	-12	6042	-10	6607	-12	5971	-9	6569	10.511	-3.422
477.7	NaN	591	NaN	541.3166667	0	30	361	38	27	0	405	7	5992	14	6736	16	6060	33	6727	10.421	-0.847
477.8	NaN	603	NaN	536.4083333	0	52	359	39	32	0	404	6	5917	23	6843	13	5929	54	6824	10.462	-0.458
477.9	NaN	565	NaN	550	0	50	359	43	33	0	403	8	5848	29	7120	18	5908	67	7096	10.449	-0.505
478	NaN	603	NaN	553	0	56	359	43	33	0	404	7	5823	30	7123	16	5991	70	7148	10.572	2.007
478.1	NaN	568	NaN	551	0	52	358	63	54	0	404	18	6059	73	7377	43	6483	176	7486	10.693	3.172
478.2	NaN	513	NaN	523	0	50	358	63	54	0	404	20	6702	74	7654	47	6512	166	7702	11.124	4.373
478.3	NaN	515	NaN	547	0	47	359	59	48	0	405	18	6752	63	7777	42	6637	141	7832	11.536	4.354
478.4	NaN	540	NaN	510	0	36	363	49	38	0	403	19	6843	41	7984	43	7322	88	7939	11.882	6.706
478.5	NaN	529	NaN	615	0	37	363	52	43	0	405	3	6643	7	7536	6	6768	17	7586	11.753	-2.336
478.6	NaN	532	NaN	522	0	37	359	52	41	0	403	20	6737	46	7825	47	7307	98	7964	11.701	5.651
478.7	NaN	589	NaN	502	0	34	362	57	49	0	404	24	6943	55	7886	55	7327	121	8001	11.958	3.057
478.8	NaN	545	NaN	514	0	34	360	58	49	0	406	26	7387	56	8163	59	7448	126	8245	12.348	3.376
478.9	NaN	530	NaN	525	0	34	359	59	50	0	405	26	7617	58	8441	58	7693	127	8491	12.742	3.799
479	NaN	516	NaN	546	0	33	359	60	52	0	404	26	8136	58	8680	58	7946	129	8721	13.191	4.28
479.1	NaN	537	NaN	526	0	33	359	66	58	0	405	26	8177	56	8937	57	8257	121	8961	13.563	3.701
479.2	NaN	512	NaN	507	0	32	363	68	60	0	403	26	8511	55	9070	57	8493	118	9191	13.936	3.373
479.3	NaN	537	NaN	527	0	28	361	68	60	0	405	28	8649	53	9274	59	8666	111	9374	14.296	3.745
479.4	NaN	560	NaN	547	0	13	362	64	53	0	406	32	8903	45	9375	68	8900	96	9548	14.693	4.7
479.5	NaN	530	NaN	600	0	-6	364	35	24	0	404	9	9042	7	9274	18	9028	13	9308	15.024	-0.286
479.6	NaN	569	NaN	532	0	-31	361	29	22	0	402	2	9272	0	8875	2	9282	1	8794	14.822	-2.228
479.7	NaN	573	NaN	535	0	-37	361	30	27	0	403	0	9175	0	8499	1	9289	1	8425	14.581	-2.828
479.8	NaN	567	NaN	531	0	-40	361	34	29	0	403	3	9084	1	8278	7	9182	3	8297	14.342	-2.509
479.9	NaN	519	NaN	603	0	-37	361	54	52	0	400	13	9074	6	8177	29	9164	13	8258	14.105	-1.686
480	NaN	564	NaN	575	0	-39	362	54	49	0	402	54	9332	22	8645	116	9446	48	8637	14.344	4.095
480.1	NaN	581	NaN	584	0	-40	357	63	60	0	403	54	9513	21	8664	113	9572	45	8948	14.609	4.404
480.2	NaN	568	NaN	567	0	-36	357	60	54	0	402	52	9546	24	8994	110	9738	49	9174	14.922	3.1
480.3	NaN	555	NaN	541	0	-12	361	58	53	0	402	42	9659	32	9378	88	9870	69	9327	15.248	4.637
480.4	NaN	577	NaN	578	0	-9	361	45	35	0	404	24	9701	18	9544	48	9738	40	9550	15.616	1.223
480.5	NaN	558	NaN	576	0	7	358	45	36	0	405	22	9607	25	9788	45	9664	52	9837	15.809	1.939
480.6	NaN	547	NaN	562	0	21	361	47	36	0	404	19	9454	31	10102	40	9613	64	10184	15.922	1.347
480.7	NaN	555.1	NaN	552	0	24	358	52	43	0	404	25	9624	43	10328	52	9806	91	10430	16.099	1.915
480.8	NaN	553.7	NaN	548	0	25	363	63	54	0	404	28	10031	45	10510	56	9985	93	10597	16.374	2.598
480.9	NaN	552.3	NaN	578	0	23	359	96	86	0	405	27	10306	44	10582	55	10010	91	10755	16.638	2.076
481	NaN	550.9	NaN	546	0	24	363	100	100	0	404	27	10239	43	10888	54	10347	87	10905	16.874	2.928
481.1	NaN	546	NaN	561	0	22	361	100	100	0	404	22	10431	36	10897	43	10433	73	10981	17.091	0.439
481.2	NaN	542	NaN	553	0	21	359	100	100	0	404	23	10522	36	10986	45	10331	72	11157	17.264	1.232
481.3	NaN	601	NaN	561	0	16	360	100	100	0	404	22	10529	31	11111	43	10608	60	11136	17.416	0.862
481.4	NaN	584	NaN	590	0	-3	361	100	100	0	404	24	10662	22	10901	46	10769	42	11031	17.581	0.946
481.5	NaN	628	NaN	606	0	-9	358	100	100	0	402	18	10849	16	10833	37	10898	31	10859	17.655	1.61
481.6	NaN	552	NaN	581	0	-19	361	100	100	0	405	20	10943	14	10711	37	11042	26	10815	17.689	-0.618
481.7	NaN	533	NaN	580	0	-26	361	100	100	0	402	29	11208	16	10613	56	11186	33	10874	17.709	1.376
481.8	NaN	559	NaN	572	0	-26	360	100	100	0	402	26	11193	15	10690	51	11310	30	10845	17.789	0.781
481.9	NaN	536	NaN	554	0	-23	354	100	100	0	402	23	11263	15	10662	44	11291	29	10788	17.824	-0.386
482	NaN	603	NaN	596	0	-21	356	100	100	0	402	25	11205	16	10723	50	11372	32	10824	17.86	1.557
482.1	NaN	529	NaN	598	0	-16	360	100	100	0	404	18	11188	12	10816	34	11235	23	10822	17.893	-0.515
482.2	NaN	576	NaN	603	0	-15	359	100	100	0	403	18	11124	14	10794	36	11224	28	10939	17.912	0.342
482.3	NaN	544	NaN	640	0	-13	358	100	100	0	403	16	11067	12	10927	31	11194	24	10936	17.921	1.044
482.4	NaN	526	NaN	609	0	-9	358	100	100	0	403	13	11087	11	10860	27	11123	22	10928	17.905	-0.729
482.5	NaN	540	NaN	577	0	-5	359	100	100	0	405	16	10968	14	10898	30	11097	27	10955	17.911	0.98
482.6	NaN	530	NaN	576	0	-1	362	100	100	0	404	12	10927	11	11022	24	10910	23	10998	17.871	0.618
482.7	NaN	550	NaN	565	0	0	361	100	100	0	404	14	10820	14	11013	27	10920	27	11127	17.869	0.518
482.8	NaN	559	NaN	572	0	1	360	100	100	0	405	15	10824	16	11175	30	10912	30	11154	17.875	-0.154
482.9	NaN	549	NaN	575	0	1	359	100	100	0	405	14	10868	13	11076	26	10934	25	11147	17.905	-0.362
483	NaN	560	NaN	572	1	-1	358	100	100	0	403	14	10822	15	11138	29	10969	28	11187	17.907	-1.043
483.1	NaN	552	NaN	606	1	1	359	100	100	0	402	14	10876	14	11107	26	10875	27	11145	17.919	0.459
483.2	NaN	559	NaN	570	1	0	360	100	100	0	404	12	10857	13	11103	25	10950	25	11155	17.929	0.766
483.3	NaN	558	NaN	617	1	0	359	100	100	0	404	14	10862	13	11172	28	10947	27	11159	17.943	0.688
483.4	NaN	531	NaN	617	1	-0	359	100	100	0	405	12	10945	11	11089	23	10977	22	11164	17.979	0.444
483.5	NaN	559	NaN	586	1	-0	358	100	100	0	404	12	10893	12	11215	24	11029	23	11210	17.981	-0.643
483.6	NaN	542	NaN	586	1	0	361	100	100	0	404	12	10979	12	11156	22	10953	23	11202	17.991	0.2
483.7	NaN	520	NaN	606	1	-1	362	100	100	0	405	9	10930	10	11178	19	11010	18	11186	18.014	0.109
483.8	NaN	529	NaN	581	1	-5	360	100	100	0	402	11	10998	10	11129	21	11008	19	11158	17.995	-0.477
483.9	NaN	518	NaN	591	1	-8	359	100	100	0	403	9	11060	8	11066	18	11106	15	11070	17.981	0.565
484	NaN	508	NaN	602	1	-7	361	100	100	0	402	11	10970	9	11097	20	11068	18	11036	18.006	-1.357
484.1	NaN	512	NaN	583	1	-8	357	100	100	0	404	9	11060	8	10969	20	11090	16	11051	17.985	0.082
484.2	NaN	520	NaN	589	1	-5	362	100	100	0	403	9	10984	8	11093	18	11078	16	11074	17.999	0.239
484.3	NaN	520	NaN	590	1	-4	363	100	100	0	405	10	11048	9	11016	18	11007	17	11094	17.969	-0.25
484.4	NaN	528	NaN	595	1	-2	364	100	100	0	406	8	11016	8	11099	15	11037	14	11076	17.97	-0.687
484.5	NaN	521	NaN	605	1	-2	363	100	93	0	401	11	10967	10	11071	22	11026	21	11075	17.975	0.172
484.6	NaN	523	NaN	637	1	-3	360	69	60	0	405	10	11024	9	11058	17	11047	16	11096	17.982	0.268
484.7	NaN	562	NaN	613	0	-3	359	0	0	0	403	-10	10835	-11	11079	-8	10842	-8	10960	17.887	-3.279
484.8	NaN	536	NaN	613	0	0	363	0	0	0	404	-32	10583	-31	10770	-23	10512	-24	10732	17.566	-4.121
484.9	NaN	566	NaN	613	0	1	360	0	0	0	402	-48	10140	-48	10426	-38	10152	-37	10435	17.078	-4.763
485	NaN	520	NaN	626	0	1	362	0	0	0	402	-50	9858	-50	10199	-39	9803	-39	9950	16.466	-7.818
485.1	NaN	533	NaN	613	0	0	363	0	0	0	402	-51	9526	-51	9779	-41	9474	-40	9624	15.841	-6.775
485.2	NaN	533	NaN	614	0	1	363	0	0	0	402	-53	9068	-53	9355	-43	9048	-43	9236	15.276	-5.365
485.3	NaN	525	NaN	618	0	1	360	0	0	0	401	-56	8463	-55	8952	-46	8680	-45	8924	14.635	-4.325
485.4	NaN	533	NaN	620	0	3	360	0	0	0	400	-56	8294	-54	8728	-46	8060	-45	8566	13.961	-6.357
485.5	NaN	539	NaN	606	0	4	366	0	0	0	401	-56	7771	-52	8220	-48	7776	-44	8166	13.365	-5.493
485.6	NaN	528	NaN	624	0	7	364	0	0	0	403	-55	7968	-50	7977	-47	7300	-45	7707	12.622	-17.884
485.7	NaN	544	NaN	655	0	16	357	10	2	0	403	-41	6364	-35	7692	-36	6470	-31	7809	12.06	-4.138
485.8	NaN	563	NaN	534	0	40	361	24	15	0	403	-2	6633	-2	7516	-2	6597	-1	7393	11.681	-1.289
485.9	NaN	561	NaN	537	0	40	364	23	12	0	402	-8	6295	-6	7550	-8	6348	-5	7524	11.315	-3.477
486	NaN	590	NaN	589	0	39	360	38	30	0	402	5	6340	18	7409	17	6416	42	7407	11.106	-1.071
486.1	NaN	595	NaN	576	0	28	358	40	31	0	404	10	6432	19	7386	23	6524	45	7404	11.163	0.131
486.2	NaN	605	NaN	582	0	31	363	40	31	0	405	10	6551	20	7375	23	6630	46	7398	11.234	1.433
486.3	NaN	602	NaN	583	0	29	360	41	32	0	404	10	6590	21	7472	25	6644	49	7462	11.29	0.379
486.4	NaN	578	NaN	531	0	27	359	50	43	0	404	20	6935	40	7568	49	6829	91	7608	11.487	3.823
486.5	NaN	523	NaN	498	0	20	357	65	56	0	407	36	7106	57	7891	82	7199	126	7963	11.83	5.633
486.6	NaN	554	NaN	527	0	28	361	50	42	0	404	25	9456	42	8259	48	7388	90	7928	12.472	6.517
486.7	NaN	540	NaN	519	0	16	357	75	66	0	403	33	7482	45	8326	72	10274	103	8690	12.518	4.987
486.8	NaN	501	NaN	532	0	24	357	61	56	0	404	32	8017	55	8422	76	7918	121	8476	12.997	5.668
486.9	NaN	581	NaN	583	0	20	359	41	30	0	405	11	7915	18	8583	26	7959	41	8611	13.404	0.181
487	NaN	579	NaN	571	0	23	360	44	35	0	404	16	8009	26	8765	35	8050	56	8797	13.466	1.426
487.1	NaN	567	NaN	561	0	23	363	44	35	0	404	15	8131	26	8777	34	8165	57	8830	13.637	1.422
487.2	NaN	540	NaN	534	0	24	361	49	41	0	404	21	8220	33	8938	46	8344	74	9061	13.76	1.65
487.3	NaN	531	NaN	524	0	21	362	53	44	0	404	25	8449	42	9089	55	8648	89	9208	14.084	2.086
487.4	NaN	528	NaN	531	0	13	362	58	48	0	405	34	8978	43	9394	72	8844	94	9443	14.48	4.559
487.5	NaN	566	NaN	521	0	-2	357	56	47	0	407	38	9120	38	9475	81	9266	81	9551	14.884	3.686
487.6	NaN	532	NaN	536	0	-20	359	51	47	0	405	44	9563	31	9421	92	9670	63	9568	15.342	1.938
487.7	NaN	543	NaN	563	0	-28	356	49	50	0	402	46	10023	24	9411	95	10092	51	9600	15.598	3.202
487.8	NaN	546	NaN	599	0	-26	358	47	40	0	404	35	10156	20	9611	72	10249	42	9710	15.953	3.16
487.9	NaN	547	NaN	540	0	-22	360	50	49	0	402	44	10299	27	9872	90	10451	57	9983	16.166	3.085
488	NaN	552	NaN	543	0	-21	362	54	51	0	402	43	10487	27	10153	88	10592	56	10143	16.513	3.605
488.1	NaN	574	NaN	544	0	-13	361	60	54	0	402	38	10615	28	10249	74	10708	55	10379	16.868	3.828
488.2	NaN	516	NaN	558	0	2	361	80	70	0	403	25	10460	26	10603	50	10588	52	10670	17.161	1.76
488.3	NaN	542	NaN	547	0	7	360	100	100	0	405	24	10539	28	10867	48	10617	53	10915	17.336	1.966
488.4	NaN	575	NaN	563	0	7	362	100	100	0	405	20	10643	23	10934	39	10700	44	11039	17.554	2.605
488.5	NaN	540	NaN	561	0	8	362	100	100	0	404	21	10639	23	11168	41	10715	46	11142	17.675	0.85
488.6	NaN	550	NaN	579	0	5	357	100	100	0	404	18	10735	21	11106	35	10852	40	11208	17.778	1.699
488.7	NaN	542	NaN	590	1	0	359	100	100	0	404	15	10794	16	11209	30	10894	30	11205	17.856	-0.209
488.8	NaN	566	NaN	594	1	-4	360	100	100	0	405	15	10897	14	11021	29	10961	27	11090	17.896	-0.208
488.9	NaN	522	NaN	596	1	-7	359	100	100	0	404	11	11013	10	10998	20	11068	17	11036	17.866	0.057
489	NaN	517	NaN	657	1	-7	360	100	100	0	403	10	10943	9	10982	20	10956	17	10960	17.868	-0.853
489.1	NaN	519	NaN	588	1	-9	357	100	100	0	404	13	11115	11	10908	27	11143	22	10947	17.858	0.396
489.2	NaN	553	NaN	558.8095238	0	-11	357	100	100	0	402	14	10982	11	10920	29	11148	24	10993	17.814	1.658
489.3	NaN	530	NaN	558.1190476	0	-7	363	75	71	0	404	14	11106	11	10891	26	11108	21	11059	17.901	-3.053
489.4	NaN	529	NaN	557.4285714	0	-4	362	81	76	0	403	13	11057	11	10992	25	11162	22	11024	17.877	0.54
489.5	NaN	516	NaN	556.7380952	0	-4	362	90	85	0	404	12	10943	11	11050	25	10984	21	11057	17.853	-0.463
489.6	NaN	541	NaN	556.047619	0	-1	362	69	60	0	403	13	10990	12	10877	25	11004	22	10989	17.929	1.119
489.7	NaN	525	NaN	555.3571429	0	-2	360	31	23	0	404	10	10907	10	11085	20	10970	20	11053	17.861	0.144
489.8	NaN	574	NaN	554.6666667	0	0	358	0	0	0	402	-18	10707	-17	10820	-13	10562	-13	10774	17.66	-3.545
489.9	NaN	550	NaN	553.9761905	0	5	361	0	0	0	404	-39	10223	-36	10660	-30	10296	-28	10655	17.235	-5.475
490	NaN	535	NaN	553.2857143	0	6	361	0	0	0	401	-51	9859	-49	10366	-39	9744	-38	10267	16.648	-6.569
490.1	NaN	528	NaN	552.5952381	0	5	361	0	0	0	402	-52	9513	-49	9898	-41	9305	-40	9859	16.009	-6.564
490.2	NaN	531	NaN	551.9047619	0	1	362	0	0	0	401	-53	9223	-53	9437	-42	9067	-42	9461	15.362	-6.018
490.3	NaN	543	NaN	551.2142857	0	1	360	0	0	0	403	-55	8833	-54	8986	-45	8814	-44	8897	14.735	-5.826
490.4	NaN	546	NaN	550.5238095	0	0	358	0	0	0	402	-55	8373	-55	8694	-46	8345	-45	8472	14.067	-6.66
490.5	NaN	546	NaN	549.8333333	0	4	359	0	0	0	401	-56	7931	-53	8303	-47	7866	-45	8147	13.413	-7.034
490.6	NaN	541	NaN	549.1428571	0	1	362	0	0	0	401	-54	7574	-53	7879	-47	7441	-46	7676	12.775	-7.142
490.7	NaN	535	NaN	548.452381	0	-10	358	3	0	0	403	-49	7307	-52	7366	-42	7228	-46	7249	12.135	-6.414
490.8	NaN	555	NaN	547.7619048	0	-28	361	9	7	0	402	-32	7243	-43	6791	-28	7177	-37	6660	11.531	-6.311
490.9	NaN	560	NaN	547.0714286	0	-38	362	26	25	0	403	0	7224	0	6521	0	7211	0	6473	11.173	-0.437
491	NaN	518	NaN	546.3809524	0	-38	357	30	29	0	403	8	7200	3	6393	20	7220	7	6380	11.05	-0.218
491.1	NaN	516	NaN	545.6904762	0	-40	357	31	30	0	403	11	7231	3	6314	25	7221	8	6322	10.969	-0.482
491.2	NaN	515	NaN	590	0	-42	356	32	31	0	402	13	7199	5	6335	31	7211	12	6350	10.981	-0.366
491.3	NaN	504	NaN	546	0	-29	356	34	30	0	402	12	7102	6	6471	29	7124	15	6434	11.017	0.895
491.4	NaN	542	NaN	539.75	0	-12	360	39	32	0	404	14	6935	9	6690	32	6977	23	6648	11.096	0.777
491.5	NaN	559	NaN	596	0	10	361	41	33	0	401	15	6785	18	7007	35	6842	42	7002	11.255	1.486
491.6	NaN	581	NaN	609	0	33	356	38	27	0	404	8	6611	18	7252	19	6684	40	7282	11.308	0.752
491.7	NaN	553	NaN	528	0	43	361	32	20	0	405	0	6362	1	7326	1	6334	3	7308	11.168	-3.506
491.8	NaN	532	NaN	522	0	46	363	15	4	0	404	-13	6003	-9	7135	-11	6003	-8	7158	10.957	-2.522
491.9	NaN	556	NaN	569	0	47	359	42	32	0	404	4	5918	17	7113	11	5716	46	7162	10.57	-3.238
492	NaN	559	NaN	542	0	48	358	45	35	0	403	9	6114	33	7118	23	6059	77	7202	10.687	1.607
492.1	NaN	580	NaN	561	0	48	362	44	32	0	404	8	6054	28	7238	18	6141	65	7328	10.743	0.725
492.2	NaN	571	NaN	553	0	47	360	43	31	0	405	8	6122	26	7220	18	6202	59	7322	10.825	-0.877
492.3	NaN	584	NaN	559	0	48	363	43	33	0	404	8	6112	27	7296	19	6505	63	7403	10.838	0.619
492.4	NaN	548	NaN	543	0	48	363	44	36	0	403	9	6191	31	7259	21	6297	72	7366	10.936	0.509
492.5	NaN	552	NaN	547	0	46	359	46	36	0	404	10	6362	35	7365	24	6347	80	7452	11.055	1.067
492.6	NaN	533	NaN	525	0	45	360	51	41	0	404	15	6413	43	7574	32	6516	100	7660	11.219	0.491
492.7	NaN	528	NaN	538	0	42	360	78	70	0	403	25	7736	67	7970	58	6891	154	8080	11.59	6.859
492.8	NaN	526	NaN	521	0	40	360	98	90	0	404	24	8753	61	8304	53	8380	140	8116	12.078	3.866
492.9	NaN	521	NaN	521	0	11	359	100	100	0	403	32	7350	47	8225	74	10847	104	8551	12.393	2.627
493	NaN	526	NaN	526	0	10	359	100	100	0	404	38	9562	45	8259	84	7983	99	8371	13.043	6.287
493.1	NaN	531	NaN	520	0	10	362	100	100	0	403	38	8191	49	8647	84	8565	106	8802	13.53	3.394
493.2	NaN	532	NaN	517	0	8	358	100	100	0	403	36	8616	44	8811	78	8611	94	8949	14.074	6.502
493.3	NaN	545	NaN	529	0	6	359	100	100	0	403	37	8877	41	9173	79	9206	89	9302	14.516	4.875
493.4	NaN	526	NaN	524	0	7	363	100	100	0	404	36	9195	41	9446	76	9316	86	9492	14.974	3.452
493.5	NaN	534	NaN	516	0	3	357	100	100	0	405	35	9649	40	9701	74	9530	83	9767	15.409	4.733
493.6	NaN	539	NaN	521	0	1	362	100	100	0	404	37	9698	37	9918	76	9802	75	10020	15.811	3.938
493.7	NaN	537	NaN	517	0	-1	359	100	100	0	404	36	9949	37	10078	74	10042	75	10234	16.202	2.562
493.8	NaN	544	NaN	514	1	-3	360	100	100	0	404	36	10230	35	10353	73	10346	69	10384	16.599	4.455
493.9	NaN	552	NaN	552	1	-4	363	100	100	0	405	28	10450	27	10454	55	10510	53	10533	16.917	2.88
494	NaN	567	NaN	545	1	-3	359	100	100	0	405	25	10520	24	10558	51	10587	48	10691	17.199	1.649
494.1	NaN	558	NaN	582	1	-3	358	100	93	0	405	22	10707	21	10762	43	10769	41	10799	17.352	2.642
494.2	NaN	546	NaN	601	1	-3	362	82	71	0	403	19	10734	17	10803	37	10754	34	10847	17.571	1.405
494.3	NaN	554	NaN	534	0	-1	361	4	0	0	403	-5	10667	-5	10830	-5	10734	-6	10776	17.606	-2.54
494.4	NaN	555	NaN	527.6	0	-3	362	0	0	0	403	-24	10451	-26	10544	-18	10535	-19	10530	17.398	-2.918
494.5	NaN	528	NaN	529.7	0	-2	361	0	0	0	400	-43	10218	-44	10285	-33	10121	-34	10179	16.951	-7.366
494.6	NaN	521	NaN	531.8	0	-2	358	0	0	0	402	-49	9688	-50	9921	-37	9804	-38	9928	16.368	-5.532
494.7	NaN	519	NaN	533.9	0	-2	361	0	0	0	402	-52	9518	-52	9676	-41	9267	-41	9286	15.811	-5.804
494.8	NaN	515	NaN	536	0	3	361	0	0	0	402	-54	8899	-53	9246	-44	8956	-43	9230	15.19	-6.284
494.9	NaN	523	NaN	538.1	0	2	361	0	0	0	400	-56	8652	-54	8880	-46	8573	-44	8910	14.474	-6.163
495	NaN	519	NaN	540.2	0	4	360	0	0	0	402	-56	8191	-54	8423	-46	8240	-45	8271	13.893	-5.62
495.1	NaN	522	NaN	542.3	0	5	363	0	0	0	402	-55	7862	-52	8117	-48	7692	-45	7927	13.185	-6.317
495.2	NaN	514	NaN	544.4	0	9	359	0	0	0	402	-56	7235	-51	7734	-49	7400	-44	7719	12.63	-5.1
495.3	NaN	525	NaN	546.5	0	13	357	0	0	0	402	-56	6870	-51	7415	-49	7052	-44	7366	11.896	-5.298
495.4	NaN	526	NaN	548.6	0	33	360	0	0	0	403	-61	6209	-45	7106	-56	6088	-40	7069	11.222	-6.216
495.5	NaN	535	NaN	550.7	0	45	361	0	0	0	402	-64	5208	-41	6830	-58	2435	-37	6838	10.567	-9.33
495.6	NaN	536	NaN	552.8	0	45	362	7	0	0	404	-57	3572	-36	6623	-0	103	-32	6562	9.936	-7.772
495.7	NaN	536	NaN	554.9	0	45	363	22	13	0	404	-8	4842	-5	6432	-7	1962	-5	6426	9.379	-2.478
495.8	NaN	555	NaN	539	0	45	358	34	25	0	406	0	4781	2	6233	1	3456	5	6230	9.013	-2.409
495.9	NaN	553	NaN	526	0	45	362	51	41	0	405	14	4910	44	6367	34	5442	106	6734	9.01	3.39
496	NaN	541	NaN	532	0	40	359	53	44	0	403	16	5754	48	6264	39	5945	114	6587	9.161	3.675
496.1	NaN	567	NaN	580	0	23	359	44	34	0	404	13	5310	25	6292	31	5568	58	6446	9.391	1.519
496.2	NaN	577	NaN	541.8375	0	-6	361	48	39	0	404	27	5850	25	6100	64	6045	56	6211	9.649	1.496
496.3	NaN	561	NaN	544.075	0	-10	363	35	25	0	402	14	6178	10	6064	34	6193	24	6085	9.968	0.565
496.4	NaN	532	NaN	546.3125	0	-26	364	46	41	0	402	4	6219	2	5907	10	6191	5	5904	9.856	0.172
496.5	NaN	501	NaN	548.55	0	-49	358	47	45	0	402	18	6452	5	5699	42	6441	13	5744	9.775	-0.167
496.6	NaN	519	NaN	550.7875	0	-68	357	47	45	0	404	50	6853	7	5682	118	6836	18	5735	9.952	2.487
496.7	NaN	502	NaN	553.025	0	-66	361	47	45	0	403	51	6981	7	5801	122	7065	17	5858	10.187	1.35
496.8	NaN	541	NaN	555.2625	0	-69	356	54	54	0	401	72	7514	9	5898	166	7501	22	5953	10.467	5.996
496.9	NaN	553	NaN	585	0	-62	361	66	63	0	403	84	7556	13	6062	194	7840	32	6554	10.762	4.417
497	NaN	558	NaN	588	0	-51	359	77	73	0	402	69	7814	18	6248	157	7830	42	6618	11.129	4.92
497.1	NaN	540	NaN	549	0	-31	357	100	100	0	403	55	7954	27	6275	125	9086	62	10806	11.29	2.4
497.2	NaN	568	NaN	543	0	-10	358	100	100	0	405	43	7633	35	8062	100	8052	81	10644	11.528	4.233
497.3	NaN	574	NaN	565	0	-14	355	100	100	0	404	43	7787	32	7372	97	8124	73	12214	11.759	4.3
497.4	NaN	556	NaN	540	0	-7	356	100	100	0	403	37	7824	33	7431	83	8207	75	12920	12.05	7.755
497.5	NaN	557	NaN	545	0	-2	357	100	100	0	402	35	7767	34	9576	80	7998	79	12860	12.404	5.837
497.6	NaN	535	NaN	537	0	-2	357	100	100	0	404	41	7992	40	8971	90	8099	87	8303	13.062	4.732
497.7	NaN	537	NaN	535	0	-3	361	100	100	0	404	43	8313	41	8462	93	8443	88	8618	13.598	3.933
497.8	NaN	584	NaN	530	0	-2	360	100	100	0	405	41	8649	39	8734	89	8787	85	8896	14.112	4.572
497.9	NaN	531	NaN	552	1	-6	362	100	100	0	404	41	8983	37	9062	88	9170	79	9152	14.605	4.277
498	NaN	530	NaN	556	1	-5	361	100	100	0	405	42	9314	35	9398	86	9386	74	9464	15.065	3.618
498.1	NaN	541	NaN	553	1	-3	359	100	100	0	404	39	9578	35	9639	81	9652	73	9687	15.484	3.356
498.2	NaN	559	NaN	584	1	-2	358	100	100	0	405	37	9771	37	9913	77	9807	75	9999	15.913	3.209
498.3	NaN	552	NaN	559	1	-3	359	100	100	0	403	37	9964	35	10127	76	10125	71	10246	16.351	3.5
498.4	NaN	578	NaN	565	1	-5	360	100	100	0	405	35	10336	32	10440	70	10385	65	10495	16.76	5.57
498.5	NaN	544	NaN	578	1	-5	358	100	92	0	403	27	10504	24	10553	54	10492	50	10654	17.042	2.162
498.6	NaN	518	NaN	578	1	-4	357	86	77	0	404	26	10570	23	10665	50	10717	47	10729	17.345	3.267
498.7	NaN	546	NaN	552.279375	1	-5	358	73	64	0	404	19	10740	17	10810	39	10826	34	10839	17.506	2.364
498.8	NaN	555	NaN	550.415	0	-2	359	58	49	0	403	17	10761	15	10843	34	10790	31	10964	17.643	0.213
498.9	NaN	557	NaN	548.550625	0	-2	358	9	0	0	402	-5	10672	-6	10904	-6	10758	-5	10805	17.694	-2.424
499	NaN	542	NaN	546.68625	0	-3	362	6	0	0	402	-24	10626	-25	10724	-19	10520	-20	10622	17.366	-5.921
499.1	NaN	527	NaN	544.821875	0	1	360	2	0	0	404	-44	10192	-45	10392	-34	10125	-34	10355	16.945	-4.748
499.2	NaN	518	NaN	542.9575	0	2	357	6	0	0	401	-51	9708	-50	10063	-39	9671	-38	10014	16.41	-6.496
499.3	NaN	519	NaN	541.093125	0	11	361	8	0	0	403	-47	9258	-43	9900	-37	9136	-34	9762	15.853	-6.489
499.4	NaN	525	NaN	539.22875	0	11	358	8	0	0	404	-48	8842	-42	9589	-38	8639	-34	9559	15.264	-6.468
499.5	NaN	563	NaN	537.364375	0	8	360	17	10	0	400	-20	8665	-19	9379	-16	8665	-15	9352	14.821	-3.188
499.6	NaN	551	NaN	531	0	10	362	24	18	0	405	-0	8686	-0	9231	-0	8681	-0	9161	14.611	-2.057
499.7	NaN	551	NaN	533	0	18	361	25	17	0	404	-0	8539	-0	9123	-0	8559	-0	9080	14.429	-1.105
499.8	NaN	552	NaN	534	0	27	363	25	17	0	405	-0	8317	-0	9055	0	8314	-0	9101	14.233	-3.049
499.9	NaN	540	NaN	520	0	27	362	19	7	0	404	-15	8086	-11	9000	-12	8075	-9	8923	13.941	-3.905
500	NaN	559	NaN	533	0	18	360	24	17	0	403	-5	7903	-3	8687	-3	6651	-3	8799	13.69	-0.727
500.1	NaN	557	NaN	534	0	17	363	32	24	0	405	0	7757	1	8614	2	7867	2	8618	13.426	-2.027
500.2	NaN	554	NaN	532	0	22	361	30	20	0	403	-0	7678	0	8403	0	7817	1	8455	13.351	-1.515
500.3	NaN	554	NaN	531	0	26	359	30	21	0	405	0	7550	1	8515	1	7607	3	8473	13.12	-1.53
500.4	NaN	548	NaN	537	0	28	360	31	23	0	405	2	7425	3	8381	4	7504	8	8347	12.999	-1.546
500.5	NaN	548	NaN	538	0	31	360	33	23	0	406	2	7317	4	8324	4	7425	9	8263	12.867	-1.537
500.6	NaN	514	NaN	537.0003385	0	31	362	34	25	0	404	4	7304	9	8320	9	7301	19	8286	12.682	-0.062
500.7	NaN	518	NaN	536.3184896	0	32	358	34	26	0	404	4	7217	8	8236	8	7250	18	8190	12.543	-2.833
500.8	NaN	540	NaN	535.6366406	0	36	359	31	22	0	404	2	7121	4	8069	4	7154	8	8121	12.509	-1.692
500.9	NaN	515	NaN	534.9547917	0	36	363	33	25	0	404	3	7140	8	8056	7	7047	17	7987	12.325	-3.191
501	NaN	551	NaN	534.2729427	0	37	363	30	21	0	405	0	6905	0	7850	0	6977	1	7900	12.208	-2.258
501.1	NaN	521	NaN	533.5910938	0	36	359	32	25	0	404	3	6850	7	7857	6	6981	15	7843	11.999	-2.111
501.2	NaN	524	NaN	532.9092448	0	36	360	34	27	0	403	3	6725	7	7712	7	6828	17	7736	11.909	-1.588
501.3	NaN	579	NaN	532.2273958	0	38	361	36	27	0	405	6	6709	13	7723	12	6836	30	7767	11.853	0.166
501.4	NaN	565	NaN	531.5455469	0	40	358	36	27	0	403	5	6662	12	7707	11	6896	28	7722	11.769	-1.833
501.5	NaN	548	NaN	530.8636979	0	48	362	31	21	0	405	0	6506	2	7539	1	6588	5	7586	11.668	-2.134
501.6	NaN	543	NaN	530.181849	0	47	362	31	22	0	405	1	6424	3	7493	2	6344	7	7490	11.405	-2.61
501.7	NaN	525	NaN	592	0	48	362	33	26	0	403	2	6220	7	7341	4	6272	18	7395	11.213	-3.037
501.8	NaN	578	NaN	568	0	48	361	41	33	0	404	8	6246	26	7454	18	6510	59	7488	11.14	2.402
501.9	NaN	538	NaN	520	0	49	357	47	40	0	404	11	6289	38	7488	25	6595	88	7516	11.151	-0.428
502	NaN	544	NaN	529	0	49	361	47	41	0	405	11	6482	42	7539	26	6562	96	7575	11.348	2.571
502.1	NaN	516	NaN	571	0	37	359	82	74	0	405	24	6801	62	7853	57	6886	145	7959	11.655	4.858
502.2	NaN	554	NaN	516	0	10	357	100	100	0	404	40	7883	49	7883	91	7403	110	7892	12.217	7.13
502.3	NaN	525	NaN	524	0	7	359	100	100	0	405	40	7738	47	8090	90	7783	106	8140	12.75	5.085
502.4	NaN	521	NaN	520	0	9	359	100	100	0	404	39	8127	46	8386	87	8088	100	8420	13.274	5.894
502.5	NaN	511	NaN	539	0	6	361	100	100	0	404	39	8359	43	8654	86	8477	94	8731	13.742	3.091
502.6	NaN	535	NaN	517	0	3	361	100	100	0	404	40	8668	41	8860	85	8788	88	8971	14.216	4.608
502.7	NaN	541	NaN	529	0	2	361	100	100	0	404	38	8906	41	9129	81	9074	86	9252	14.644	3.105
502.8	NaN	555	NaN	526	1	-1	361	100	100	0	405	39	9198	38	9324	84	9347	80	9442	15.071	4.651
502.9	NaN	524	NaN	530	1	-2	357	100	100	0	406	39	9499	37	9602	80	9580	76	9681	15.472	4.559
503	NaN	527	NaN	538	1	-5	360	100	100	0	405	39	9777	35	9813	81	9841	73	9849	15.852	2.605
503.1	NaN	565	NaN	526	1	-6	362	100	100	0	404	38	9964	34	9981	78	10102	69	10102	16.237	3.149
503.2	NaN	543	NaN	529	1	-6	357	100	100	0	404	37	10197	34	10209	76	10367	68	10335	16.584	3.541
503.3	NaN	513	NaN	551	1	-6	359	100	100	0	405	33	10429	28	10469	64	10454	56	10474	16.929	2.861
503.4	NaN	524	NaN	571	1	-4	360	100	100	0	401	25	10547	23	10551	50	10647	45	10641	17.172	1.232
503.5	NaN	548	NaN	561	1	-5	358	100	100	0	402	23	10616	21	10654	45	10746	42	10795	17.369	1.78
503.6	NaN	565	NaN	630	1	-5	357	100	100	0	404	18	10778	17	10810	35	10816	32	10799	17.505	0.119
503.7	NaN	583	NaN	583	1	-3	361	100	100	0	405	16	10742	15	10801	32	10864	30	10870	17.616	2.522
503.8	NaN	544	NaN	596	1	-5	358	100	100	0	402	16	10840	14	10904	31	10856	28	10952	17.701	0.431
503.9	NaN	522	NaN	590	1	-3	362	100	100	0	402	13	10887	12	10905	25	10965	23	10951	17.771	-0.052
504	NaN	534	NaN	601	1	-5	357	100	100	0	402	13	10904	12	10912	25	10978	23	10982	17.798	-0.505
504.1	NaN	526	NaN	607	1	-2	363	100	100	0	402	14	10902	12	10989	26	10982	24	10976	17.87	0.509
504.2	NaN	525	NaN	607	1	-5	358	100	100	0	404	11	10904	10	10917	21	11013	18	10984	17.869	0.58
504.3	NaN	531	NaN	586	1	-1	363	100	100	0	404	13	10932	12	11088	25	10914	24	11047	17.889	1.008
504.4	NaN	524	NaN	583	1	-3	360	100	100	0	402	12	10946	11	10969	23	11006	21	11057	17.941	0.787
504.5	NaN	515	NaN	581	1	-3	360	100	100	0	401	11	10967	10	11022	21	11026	20	11073	17.9	0.259
504.6	NaN	549	NaN	611	1	-5	358	100	100	0	401	13	10958	11	11026	24	11035	22	11028	17.951	0.844
504.7	NaN	500	NaN	597	1	-1	363	100	100	0	405	10	10964	9	10987	19	11062	18	11029	17.925	-0.361
504.8	NaN	512	NaN	593	1	-3	357	100	100	0	404	11	10991	10	11117	22	10972	20	11045	17.925	-1.197
504.9	NaN	512	NaN	627	1	-3	359	100	100	0	403	10	10966	10	11026	19	10988	19	11051	17.96	-0.378
505	NaN	516	NaN	576	1	-4	359	100	100	0	402	11	10918	10	11064	23	10999	22	11111	17.954	1.095
505.1	NaN	525	NaN	615	1	-2	360	100	100	0	403	11	11027	10	11056	20	11037	19	11072	17.962	-0.637
505.2	NaN	503	NaN	583	1	-2	360	100	100	0	403	10	11045	10	11081	22	11050	20	11065	17.955	-2.439
505.3	NaN	532	NaN	607	1	-3	357	100	100	0	402	12	10972	11	11097	23	11047	22	11063	17.98	1.065
505.4	NaN	516	NaN	609	1	-2	357	100	100	0	403	8	10920	8	11000	16	11033	16	11047	17.955	0.291
505.5	NaN	555	NaN	569	1	5	362	100	100	0	405	13	10848	15	11273	26	10859	30	11228	17.949	0.533
505.6	NaN	560	NaN	577	0	14	359	100	100	0	405	14	10791	19	11322	27	10863	36	11364	18.02	-0.185
505.7	NaN	547	NaN	562	0	15	362	100	100	0	404	16	10728	22	11510	33	10836	44	11533	18.04	-0.649
505.8	NaN	551	NaN	580	0	15	361	100	100	0	403	15	10771	22	11425	31	10887	41	11530	18.079	2.235
505.9	NaN	563	NaN	580	0	5	358	100	100	0	404	14	10797	17	11492	27	11006	33	11523	18.069	0.686
506	NaN	494	NaN	599	0	-5	361	100	100	0	403	12	11033	10	11179	23	11030	20	11266	18.126	-0.042
506.1	NaN	499	NaN	592	0	-10	362	99	93	0	404	10	11189	8	10984	20	11194	17	11060	18.075	0.204
506.2	NaN	548	NaN	587.5277778	0	-13	359	0	0	0	405	-7	10936	-7	10948	-6	10974	-7	10932	17.963	-2.993
506.3	NaN	535	NaN	586.0555556	0	-12	364	0	0	0	406	-26	10896	-29	10601	-18	10886	-21	10561	17.571	-3.462
506.4	NaN	517	NaN	584.5833333	0	-11	372	0	0	0	426	-44	10487	-49	10255	-34	10501	-36	10124	17.094	-7.803
506.5	NaN	509	NaN	583.1111111	0	-11	372	0	0	0	416	-47	10038	-53	9770	-36	10082	-41	9776	16.44	-5.969
506.6	NaN	543	NaN	581.6388889	0	-14	408	0	0	0	449	-48	9720	-56	9424	-39	9639	-44	8705	15.765	-6.835
506.7	NaN	508	NaN	580.1666667	0	-11	410	0	0	0	434	-51	9222	-57	8754	-41	9235	-47	8864	15.055	-6.621
506.8	NaN	663	NaN	578.6944444	0	-14	491	0	0	0	510	-51	8793	-59	8374	-42	8743	-49	7821	14.271	-7.813
506.9	NaN	662	NaN	577.2222222	0	-17	555	0	0	0	556	-49	8258	-59	7708	-42	8284	-50	6998	13.39	-9.182
507	NaN	587	NaN	575.75	0	-19	420	0	0	0	436	-48	7833	-60	7143	-42	7856	-51	4339	12.52	-6.722
507.1	NaN	555	NaN	574.2777778	0	-32	358	42	41	0	399	13	7733	3	6945	24	7828	7	5610	11.867	-0.366
507.2	NaN	556	NaN	572.8055556	0	-45	357	42	42	0	402	33	7852	10	7079	74	7966	24	7176	12.119	-0.384
507.3	NaN	516	NaN	571.3333333	0	-55	358	33	30	0	402	17	7999	5	7141	41	8114	11	7192	12.388	-1.104
507.4	NaN	556	NaN	569.8611111	0	-58	364	19	17	0	403	-1	7859	0	6981	-2	7877	0	7030	12.279	-5.262
507.5	NaN	521	NaN	568.3888889	0	-58	360	32	31	0	402	15	7895	3	6830	34	7964	7	6777	11.975	-2.732
507.6	NaN	503	NaN	566.9166667	0	-58	362	41	37	0	401	33	7846	7	6720	76	8064	17	7047	11.948	0.179
507.7	NaN	532	NaN	565.4444444	0	-57	362	46	42	0	403	45	7909	9	6754	101	8033	20	7056	12.011	1.938
507.8	NaN	560	NaN	563.9722222	0	-59	357	46	45	0	403	46	8134	9	6773	101	8276	22	7353	12.052	2.188
507.9	NaN	513	NaN	588	0	-57	362	46	39	0	401	40	7940	9	6933	91	8200	20	7330	12.209	1.523
508	NaN	556	NaN	570	0	-46	360	50	51	0	399	53	8166	16	7028	119	8417	35	8031	12.235	2.267
508.1	NaN	528	NaN	608	0	-38	357	41	32	0	402	24	8104	10	7384	54	8255	23	7512	12.539	0.465
508.2	NaN	527	NaN	535	0	-6	361	60	56	0	404	45	8289	37	7581	101	8809	85	8161	12.791	6.758
508.3	NaN	556	NaN	585	0	1	363	43	32	0	402	17	7958	18	8109	38	7988	39	8202	13.126	-0.042
508.4	NaN	560	NaN	542	0	-2	358	53	47	0	403	38	8222	36	8352	82	8335	78	8487	13.412	4.52
508.5	NaN	575	NaN	581	0	-9	358	43	34	0	405	21	8432	18	8478	46	8516	39	8544	13.742	0.438
508.6	NaN	546	NaN	529	0	-8	362	25	17	0	405	-0	8488	0	8439	-1	8462	0	8433	13.841	-2.166
508.7	NaN	555	NaN	530	0	-16	363	19	11	0	403	-2	8557	-2	8378	-2	8469	-2	8375	13.624	-1.478
508.8	NaN	560	NaN	543	0	-34	359	24	19	0	404	-2	8478	-5	7842	-3	8464	-5	7844	13.454	-3.759
508.9	NaN	562	NaN	531	0	-36	358	28	22	0	400	-0	8425	-0	7603	-0	8445	-0	7671	13.214	-2.119
509	NaN	559	NaN	532	0	-50	358	28	22	0	403	0	8198	0	7389	-1	8210	0	7375	13.027	-2.272
509.1	NaN	518	NaN	589	0	-44	358	36	36	0	400	18	8404	5	7322	38	8394	15	7426	12.739	-1.404
509.2	NaN	544	NaN	597	0	-35	362	39	31	0	402	22	8368	10	7564	49	8445	20	7556	12.902	3.463
509.3	NaN	516	NaN	591	0	-53	357	35	31	0	403	18	8145	5	7364	40	8251	11	7602	12.848	-3.194
509.4	NaN	521	NaN	535	0	-52	358	31	27	0	403	15	8201	4	7198	36	8334	8	7327	12.76	2.346
509.5	NaN	522	NaN	555	0	-53	358	33	32	0	403	13	8099	4	7059	32	8235	8	7066	12.472	-1.698
509.6	NaN	499	NaN	646	0	-40	363	34	30	0	402	15	8094	6	7052	34	8222	13	7182	12.394	1.551
509.7	NaN	519	NaN	552	0	-42	362	34	28	0	402	11	7920	4	7059	25	7975	9	7145	12.356	-1.719
509.8	NaN	500	NaN	624	0	-42	360	36	36	0	402	17	7987	6	7007	38	8039	14	7073	12.211	-0.664
509.9	NaN	511	NaN	627	0	-49	359	39	36	0	403	26	7972	8	7051	60	8097	18	7125	12.306	1.214
510	NaN	512	NaN	646	0	-52	357	38	38	0	401	30	8035	8	7006	67	8170	18	7216	12.286	0.582
510.1	NaN	494	NaN	603	0	-56	358	39	36	0	402	30	8101	7	7019	69	8197	16	7147	12.355	2.32
510.2	NaN	521	NaN	529	0	-49	358	40	39	0	401	12	7958	4	6868	28	8011	9	7103	12.274	-0.531
510.3	NaN	568	NaN	599	0	-24	360	43	36	0	403	27	8010	15	7132	60	8134	33	7232	12.283	4.138
510.4	NaN	558	NaN	531	0	-4	362	29	17	0	403	0	7549	0	7371	0	7583	0	7314	12.354	-1.495
510.5	NaN	549	NaN	540	0	19	361	32	23	0	405	2	7153	3	7635	5	7247	8	7651	12.173	-1.754
510.6	NaN	580	NaN	571	0	29	358	42	33	0	404	11	7010	23	7790	25	7113	53	7868	12.142	2.462
510.7	NaN	585	NaN	545	0	36	363	44	34	0	404	11	7017	27	7935	26	7126	62	8010	12.259	1.262
510.8	NaN	548	NaN	545	0	39	357	46	37	0	404	13	7164	33	8095	31	7311	77	8154	12.39	1
510.9	NaN	559	NaN	535	0	38	358	46	37	0	404	14	7312	34	8204	31	7434	77	8261	12.494	1.456
511	NaN	560	NaN	530	0	40	359	47	38	0	403	14	7320	36	8321	32	7414	81	8337	12.656	0.9
511.1	NaN	569	NaN	531	0	37	357	50	41	0	404	17	7457	41	8444	38	7523	90	8487	12.849	2.29
511.2	NaN	555	NaN	516	0	18	359	52	43	0	404	25	7672	40	8529	54	7796	88	8617	13.134	3.676
511.3	NaN	554	NaN	533	0	-19	359	53	47	0	404	43	8349	29	8285	94	8464	63	8386	13.538	4.116
511.4	NaN	549	NaN	549	0	-30	362	53	50	0	401	49	8841	25	8302	106	8968	55	8409	13.872	3.528
511.5	NaN	559	NaN	575	0	-39	357	57	54	0	402	56	9224	23	8636	117	9299	49	8661	14.308	4.828
511.6	NaN	587	NaN	554	0	-41	361	69	69	0	402	55	9617	21	8656	116	9686	45	8973	14.595	4.473
511.7	NaN	543	NaN	557	0	-45	360	69	68	0	402	55	9660	20	9203	115	9697	41	9064	14.943	3.863
511.8	NaN	551	NaN	550	0	-38	359	74	73	0	404	52	9814	21	9032	109	10014	45	9536	15.187	2.682
511.9	NaN	563	NaN	533	0	-15	361	100	97	0	403	42	9806	30	9429	89	10036	64	9723	15.522	5.077
512	NaN	544	NaN	524	0	-10	356	100	97	0	405	41	9903	33	9831	83	9983	69	9964	15.943	4.556
512.1	NaN	535	NaN	531	0	-12	355	100	100	0	402	40	10104	32	9975	82	10179	65	10106	16.351	2.78
512.2	NaN	536	NaN	528	0	-12	357	100	100	0	405	40	10311	32	10191	80	10457	64	10294	16.743	3.942
512.3	NaN	583	NaN	572	0	-6	362	100	100	0	404	29	10522	25	10466	59	10606	50	10509	17.041	3.685
512.4	NaN	607	NaN	533	0	-4	358	100	100	0	403	24	10560	23	10581	49	10635	44	10683	17.284	0.92
512.5	NaN	519	NaN	560	0	0	357	100	100	0	404	23	10570	25	10802	45	10706	49	10876	17.459	1.817
512.6	NaN	579	NaN	570	0	-0	358	100	100	0	405	21	10678	20	10959	42	10709	39	10959	17.626	2.265
512.7	NaN	568	NaN	580	0	0	357	100	100	0	404	17	10743	18	10962	33	10833	34	11038	17.75	0.732
512.8	NaN	547	NaN	566	1	4	361	100	100	0	404	18	10745	19	11142	35	10888	38	11167	17.838	1.042
512.9	NaN	562	NaN	580	1	4	361	100	100	0	404	15	10831	16	11094	29	10836	30	11193	17.913	0.02
513	NaN	547	NaN	588	1	3	358	100	100	0	404	14	10790	15	11196	27	10913	31	11233	17.969	0.006
513.1	NaN	548	NaN	583	1	5	361	100	100	0	403	15	10865	15	11171	30	10927	30	11233	18.011	0.906
513.2	NaN	548	NaN	598	1	3	360	100	100	0	405	12	10884	13	11173	24	10978	24	11226	18.045	1.065
513.3	NaN	563	NaN	579	1	0	359	100	100	0	404	14	10876	14	11254	26	11019	27	11226	18.093	-0.302
513.4	NaN	524	NaN	595	1	3	363	100	100	0	404	11	10982	11	11160	21	10978	21	11223	18.115	0.827
513.5	NaN	516	NaN	573	1	-1	359	100	100	0	404	11	10929	10	11314	21	11041	22	11283	18.125	-0.455
513.6	NaN	531	NaN	598	1	0	358	100	100	0	401	11	10999	11	11187	22	10981	22	11250	18.142	0.287
513.7	NaN	524	NaN	595	1	-1	358	100	100	0	402	9	10964	9	11269	17	11068	17	11285	18.133	0.764
513.8	NaN	514	NaN	586	1	-1	362	100	100	0	404	10	11013	9	11229	19	11070	18	11236	18.118	-1.089
513.9	NaN	518	NaN	592	1	-5	362	100	100	0	405	9	11041	8	11179	16	11082	14	11174	18.162	0.33
514	NaN	507	NaN	583	1	-4	361	100	100	0	405	8	11021	8	11159	15	11123	16	11178	18.115	-0.929
514.1	NaN	512	NaN	596	1	-3	361	100	100	0	405	9	11071	8	11106	16	11023	15	11133	18.093	0.965
514.2	NaN	508	NaN	592	1	-2	360	100	100	0	404	9	10991	8	11195	17	11060	17	11133	18.106	0.152
514.3	NaN	509	NaN	604	1	-6	358	100	100	0	404	9	11034	8	11076	18	11028	16	11151	18.062	0.629
514.4	NaN	508	NaN	616	1	-5	362	100	100	0	405	8	11055	7	11194	15	11092	14	11130	18.072	0.304
514.5	NaN	513	NaN	587	1	-4	363	100	100	0	404	9	11028	9	11084	18	11094	17	11118	18.064	-0.734
514.6	NaN	506	NaN	590	1	-3	360	100	100	0	405	9	11053	8	11104	17	11089	15	11125	18.059	0.498
514.7	NaN	512	NaN	594	1	-4	358	100	100	0	403	8	11029	7	11113	14	11109	14	11102	18.018	-1.457
514.8	NaN	508	NaN	609	1	-2	362	100	100	0	404	10	11058	9	11050	19	11007	18	11088	18.018	0.24
514.9	NaN	508	NaN	607	1	-4	362	100	100	0	404	8	11007	8	11151	16	11051	14	11074	18.026	-0.431
515	NaN	514	NaN	605	1	-1	363	100	100	0	405	11	10968	10	11091	22	11036	21	11147	18.025	1.1
515.1	NaN	524	NaN	618	1	-0	361	100	100	0	404	11	10974	11	11257	21	11017	20	11224	18.052	0.957
515.2	NaN	534	NaN	637	1	0	363	100	100	0	403	11	10925	11	11213	22	11033	23	11257	18.063	-1.059
515.3	NaN	523	NaN	668	1	-1	364	100	100	0	404	10	11009	11	11230	19	11044	18	11266	18.087	0.841
515.4	NaN	518	NaN	580	1	-8	361	100	100	0	405	7	11070	6	11140	13	11106	11	11135	18.073	-1.784
515.5	NaN	506	NaN	600	0	-9	360	100	100	0	402	10	11121	9	11003	20	11122	17	11037	18.06	-0.024
515.6	NaN	512	NaN	631	0	-13	363	100	100	0	402	10	11187	8	11008	19	11240	15	10975	18.069	1.381
515.7	NaN	510	NaN	614	0	-12	363	100	100	0	403	13	11215	10	10916	26	11208	20	11005	18.042	1.037
515.8	NaN	527	NaN	628	0	-13	362	100	100	0	403	11	11257	8	11035	20	11318	15	10997	18.059	0.094
515.9	NaN	504	NaN	584	0	-11	358	100	100	0	403	10	11171	8	10953	21	11224	16	10996	18.092	-1.433
516	NaN	509	NaN	608	0	-11	363	100	100	0	403	12	11206	9	10989	23	11281	18	11062	18.094	1.529
516.1	NaN	509	NaN	585	0	-9	359	100	100	0	403	9	11143	8	11055	17	11249	14	11014	18.07	-1.334
516.2	NaN	505	NaN	592	0	-8	358	100	100	0	401	10	11127	8	10976	21	11181	17	11034	18.041	0.077
516.3	NaN	516	NaN	606	0	-10	356	100	100	0	403	9	11108	8	11050	15	11135	14	11018	18.031	-0.379
516.4	NaN	500	NaN	586	0	-6	357	100	100	0	405	9	11049	8	10986	19	11086	16	11049	17.976	0.146
516.5	NaN	516	NaN	606	0	-7	358	100	100	0	405	10	11076	9	11022	19	11080	18	11060	17.97	-0.084
516.6	NaN	500	NaN	584	0	-7	363	100	100	0	403	10	10994	8	11029	19	11053	15	11047	17.934	-2.325
516.7	NaN	541	NaN	583	0	-9	361	100	100	0	402	12	11070	11	10946	26	11132	21	11029	17.934	0.471
516.8	NaN	508	NaN	597	1	-7	362	100	100	0	403	10	10957	8	11015	19	11096	17	11020	17.93	0.027
516.9	NaN	514	NaN	603	1	-7	358	100	100	0	403	12	10960	10	10967	23	11022	20	11025	17.892	0.02
517	NaN	528	NaN	621	1	-4	363	100	100	0	404	10	10982	9	11057	19	11022	17	11037	17.891	0.154
517.1	NaN	577	NaN	572	1	-3	359	83	73	0	405	13	10908	12	11012	26	10946	23	11067	17.907	-0.247
517.2	NaN	545	NaN	527	0	2	360	0	0	0	404	-10	10822	-11	10950	-8	10796	-8	10950	17.807	-2.26
517.3	NaN	576	NaN	606	0	1	363	0	0	0	401	-31	10476	-31	10849	-24	10507	-23	10719	17.478	-5.033
517.4	NaN	543	NaN	620	0	3	358	0	0	0	402	-49	10062	-47	10464	-37	10062	-37	10447	16.98	-5.6
517.5	NaN	530	NaN	626	0	1	361	0	0	0	403	-50	9702	-49	10172	-39	9682	-38	10026	16.375	-4.982
517.6	NaN	526	NaN	620	0	1	359	0	0	0	402	-52	9363	-53	9703	-42	8929	-42	9634	15.828	-6.692
517.7	NaN	529	NaN	612	0	2	356	0	0	0	401	-54	9003	-53	9299	-43	8852	-43	9281	15.176	-6.321
517.8	NaN	517	NaN	616	0	-1	360	0	0	0	403	-54	8770	-54	8877	-45	8754	-45	8751	14.468	-6.381
517.9	NaN	526	NaN	622	0	-2	360	0	0	0	403	-55	8329	-55	8423	-46	8286	-46	8330	13.912	-5.951
518	NaN	527	NaN	616	0	0	360	0	0	0	402	-54	7808	-54	8047	-45	7911	-46	8008	13.24	-5.931
518.1	NaN	534	NaN	619	0	12	362	0	0	0	402	-60	7698	-56	8065	-50	7172	-44	7424	12.647	-4.31
518.2	NaN	547	NaN	693	0	10	364	10	2	0	404	-40	7065	-37	7609	-35	5373	-31	6771	11.988	-4.018
518.3	NaN	543	NaN	677	0	17	360	14	8	0	401	-25	6703	-22	7218	-22	6651	-19	7220	11.59	-4.294
518.4	NaN	597	NaN	617	0	32	358	16	8	0	403	-26	6166	-19	7192	-23	6242	-17	7194	11.159	-5.296
518.5	NaN	552	NaN	535	0	41	361	25	17	0	405	0	6117	-0	7154	0	5837	-0	7152	10.846	-1.378
518.6	NaN	557	NaN	535	0	42	359	23	18	0	404	-0	5983	-0	7056	-0	5893	0	7008	10.649	-2.143
518.7	NaN	554	NaN	533	0	47	363	26	18	0	404	-0	5792	-0	6909	0	5850	0	6927	10.43	-1.404
518.8	NaN	552	NaN	535	0	59	362	26	18	0	404	0	5649	0	6795	-0	5597	-0	6769	10.191	-3.616
518.9	NaN	551	NaN	535	0	65	363	26	18	0	404	0	5427	0	6618	0	5364	0	6608	9.948	-2.748
519	NaN	543.0714286	NaN	535	0	65	363	35	27	0	404	2	5337	13	6607	4	5338	31	6611	9.748	-2.45
519.1	NaN	542.1428571	NaN	549	0	66	364	42	34	0	405	4	5297	31	6684	11	5448	76	6755	9.667	0.361
519.2	NaN	541.2142857	NaN	551	0	66	362	42	33	0	405	4	5259	31	6529	10	5388	73	6681	9.773	1.159
519.3	NaN	540.2857143	NaN	542	0	66	362	43	34	0	403	4	5228	31	6685	11	5360	75	6843	9.714	0.989
519.4	NaN	539.3571429	NaN	539	0	64	362	43	35	0	405	5	5238	32	6559	12	5470	76	6773	9.764	-1
519.5	NaN	538.4285714	NaN	533	0	52	363	49	41	0	403	11	5546	43	6878	26	5767	104	6972	9.846	2.252
519.6	NaN	561	NaN	514	0	53	358	48	38	0	405	10	5683	40	6643	23	5866	94	6750	10.099	1.449
519.7	NaN	557	NaN	518	0	54	360	48	39	0	403	10	5596	42	6981	23	6510	100	7102	10.122	2.744
519.8	NaN	572	NaN	525	0	60	359	48	39	0	404	8	5692	44	6986	19	5843	102	7220	10.304	2.2
519.9	NaN	522	NaN	506	0	60	358	55	47	0	404	11	6047	61	7197	27	6293	144	7472	10.4	2.866
520	NaN	538	NaN	537	0	55	359	61	53	0	404	16	6344	70	7232	37	6672	166	7455	10.63	2.492
520.1	NaN	508	NaN	513	0	50	362	62	52	0	405	20	6606	71	7481	45	6565	165	7657	11.048	2.698
520.2	NaN	519	NaN	512	0	39	359	73	64	0	404	26	7496	67	7739	60	6708	158	7944	11.454	5.864
520.3	NaN	553	NaN	482	0	37	360	73	65	0	405	26	7984	66	7871	61	7282	152	7991	11.867	6.818
520.4	NaN	514	NaN	509	0	34	359	82	74	0	403	28	7507	62	8103	62	7401	141	8337	12.293	5.866
520.5	NaN	519	NaN	505	0	29	358	91	83	0	404	30	7634	58	8331	67	7674	127	8436	12.768	3.611
520.6	NaN	536	NaN	506	0	22	361	100	100	0	404	32	8006	53	8655	71	7889	116	8737	13.234	4.912
520.7	NaN	558	NaN	511	0	11	362	100	100	0	403	36	8386	46	8818	79	8254	100	8838	13.717	6.035
520.8	NaN	518	NaN	515	0	2	363	100	100	0	405	40	8676	41	8991	85	8670	88	9058	14.171	4.014
520.9	NaN	536	NaN	517	0	-0	363	78	67	0	403	39	9060	39	9143	84	9087	83	9215	14.621	5.352
521	NaN	556	NaN	534	0	-7	359	15	4	0	403	-8	8907	-7	8971	-6	8882	-5	8999	14.749	-2.338
521.1	NaN	537	NaN	539	0	-12	359	9	2	0	403	-26	8811	-28	8715	-21	8804	-23	8709	14.421	-3.834
521.2	NaN	525	NaN	517.8333333	0	-20	356	10	6	0	399	-30	8606	-38	8233	-26	8607	-31	8161	13.97	-4.508
521.3	NaN	547	NaN	519.6666667	0	-24	362	12	11	0	401	-20	8487	-26	7898	-17	8490	-22	7633	13.519	-3.867
521.4	NaN	557	NaN	521.5	0	-35	360	12	12	0	400	-18	8310	-26	7322	-15	8340	-22	7374	13.091	-3.309
521.5	NaN	574	NaN	523.3333333	0	-42	357	14	15	0	400	-12	8183	-18	7114	-11	8172	-16	6722	12.649	-4.178
521.6	NaN	550	NaN	525.1666667	0	-50	363	19	19	0	401	-2	7998	-3	6943	-2	8004	-2	6872	12.274	-1.727
521.7	NaN	552	NaN	527	0	-43	359	23	23	0	401	0	7810	0	6835	0	7803	0	6766	11.975	-2.34
521.8	NaN	517	NaN	528.8333333	0	-39	361	29	29	0	401	8	7646	3	6764	19	7615	7	6783	11.742	-2.145
521.9	NaN	492	NaN	530.6666667	0	-41	358	34	34	0	400	19	7553	7	6752	43	7614	17	6792	11.693	0.495
522	NaN	497	NaN	532.5	0	-44	357	34	32	0	402	17	7589	6	6719	40	7633	14	6769	11.663	0.622
522.1	NaN	500	NaN	534.3333333	0	-45	357	33	31	0	402	14	7596	4	6659	33	7620	11	6768	11.643	-0.378
522.2	NaN	513	NaN	536.1666667	0	-48	358	33	29	0	403	13	7647	4	6569	29	7680	9	6616	11.55	-1.163
522.3	NaN	551	NaN	535	0	-54	361	24	21	0	405	-0	7457	-0	6424	-0	7478	-0	6383	11.419	-1.936
522.4	NaN	552	NaN	533	0	-56	360	27	23	0	402	0	7338	0	6301	0	7364	0	6227	11.206	-2.844
522.5	NaN	514	NaN	511	0	-56	360	31	27	0	400	11	7338	2	6155	25	7386	5	6140	10.976	-0.416
522.6	NaN	545	NaN	605	0	-40	362	50	50	0	399	43	7402	11	6167	99	7581	29	6176	10.766	0.614
522.7	NaN	550	NaN	534	0	-34	362	26	17	0	401	0	7083	0	6157	-1	7175	0	6321	11.007	-1.5
522.8	NaN	536	NaN	535	0	-12	359	31	23	0	403	4	6903	2	6439	8	6895	6	6352	10.86	-1.455
522.9	NaN	554	NaN	530	0	23	360	27	16	0	402	0	6309	0	6674	0	6401	0	6652	10.761	-2.147
523	NaN	575	NaN	529	0	30	362	52	41	0	405	21	6363	40	7097	48	6413	94	7122	10.775	4.116
523.1	NaN	543	NaN	540	0	46	358	52	41	0	404	14	6443	46	7331	34	6446	107	7385	11.077	1.362
523.2	NaN	520	NaN	522	0	53	363	52	41	0	403	12	6472	49	7596	29	6514	112	7635	11.289	1.336
523.3	NaN	571	NaN	614	0	52	361	40	28	0	403	5	6471	22	7695	12	6559	50	7755	11.456	-1.206
523.4	NaN	578	NaN	600	0	50	358	40	29	0	404	5	6417	21	7553	13	6588	48	7624	11.436	-1.749
523.5	NaN	566	NaN	581	0	51	359	41	33	0	404	7	6379	26	7640	17	6711	61	7726	11.333	0.564
523.6	NaN	544	NaN	553	0	51	360	47	38	0	405	9	6456	37	7572	22	6703	87	7678	11.366	0.94
523.7	NaN	553	NaN	550	0	51	361	47	38	0	404	11	6529	40	7664	25	6740	90	7720	11.5	4.349
523.8	NaN	547	NaN	536	0	48	361	51	42	0	405	14	6519	47	7748	31	8913	109	7950	11.549	1.001
523.9	NaN	550	NaN	563	0	47	360	51	41	0	404	14	6759	46	7895	32	7510	102	8042	11.74	4.724
524	NaN	545	NaN	542	0	47	362	51	41	0	404	14	6920	46	7954	33	7265	107	8134	11.91	2.488
524.1	NaN	568	NaN	574	0	47	359	51	40	0	404	13	7158	45	7955	30	7181	101	8073	12.041	2.14
524.2	NaN	530	NaN	518	0	45	359	51	41	0	405	14	7298	44	8055	32	7191	102	8128	12.205	2.257
524.3	NaN	558	NaN	526	0	47	362	51	41	0	404	14	7416	45	8187	33	7250	103	8233	12.371	2.96
524.4	NaN	555	NaN	541	0	46	360	50	41	0	404	15	7367	45	8265	34	7335	100	8348	12.584	2.3
524.5	NaN	533	NaN	525	0	38	362	51	44	0	404	19	7555	47	8469	42	7478	104	8567	12.767	2.169
524.6	NaN	527	NaN	538	0	24	362	52	44	0	403	24	7793	43	8493	53	7797	93	8608	13.045	3.042
524.7	NaN	532	NaN	534	0	8	363	52	42	0	404	28	8054	36	8479	63	8039	77	8614	13.385	3.449
524.8	NaN	559	NaN	602	0	-16	360	42	32	0	402	20	8411	14	8277	44	8369	31	8424	13.648	1.094
524.9	NaN	571	NaN	596	0	-26	358	42	37	0	403	27	8696	16	8229	59	8737	34	8379	13.756	1.293
525	NaN	562	NaN	595	0	-25	359	41	39	0	402	28	8785	16	8319	61	8866	36	8412	13.903	3.002
525.1	NaN	575	NaN	599	0	-35	358	41	38	0	401	30	8958	14	8308	65	9032	29	8430	14.05	1.443
525.2	NaN	546	NaN	582	0	-42	359	41	38	0	401	32	9083	12	8289	69	9191	25	8429	14.116	0.706
525.3	NaN	537	NaN	591	0	-41	358	42	38	0	402	32	9158	12	8335	69	9295	26	8421	14.161	2.225
525.4	NaN	544	NaN	567	0	-42	356	48	46	0	404	43	9267	16	8420	89	9316	36	8680	14.246	0.921
525.5	NaN	540	NaN	564	0	-39	359	53	50	0	403	55	9483	22	8824	118	9557	47	8760	14.486	5.483
525.6	NaN	541	NaN	548	0	-34	358	54	51	0	404	51	9496	25	9334	109	9667	52	9013	14.768	2.752
525.7	NaN	585	NaN	524	0	-6	359	51	45	0	402	40	9520	34	9510	84	9742	72	9262	15.07	4.777
525.8	NaN	542	NaN	544	0	8	363	50	39	0	404	27	9310	31	9551	56	9445	64	9638	15.41	2.61
525.9	NaN	521	NaN	518	0	17	358	57	47	0	404	31	9534	44	10024	65	9531	92	10072	15.682	3.391
526	NaN	546	NaN	530	0	23	360	56	46	0	405	29	9793	44	10230	59	9761	91	10299	16.025	3.053
526.1	NaN	516	NaN	519	0	24	359	56	45	0	403	27	9836	45	10433	55	9885	91	10580	16.274	3.056
526.2	NaN	472	NaN	522	0	25	358	57	47	0	404	26	9979	46	10695	52	9980	92	10724	16.529	2.144
526.3	NaN	486	NaN	523	0	25	358	72	61	0	404	27	10391	45	10726	52	10079	90	10852	16.76	1.943
526.4	NaN	526	NaN	542	0	26	361	100	99	0	404	25	10320	41	10834	50	10389	79	10985	16.947	2.562
526.5	NaN	490	NaN	542	0	25	361	100	100	0	403	23	10561	38	10988	46	10394	75	11015	17.14	1.014
526.6	NaN	526	NaN	544	0	8	361	100	100	0	404	25	10513	30	10944	51	10426	59	11085	17.315	2.873
526.7	NaN	558	NaN	579	0	-6	360	100	100	0	401	22	10652	19	10805	42	10744	37	10882	17.518	0.816
526.8	NaN	527	NaN	601	0	-13	361	100	100	0	401	20	10851	16	10690	39	10912	30	10745	17.574	0.299
526.9	NaN	540	NaN	597	0	-17	361	100	100	0	403	26	10998	18	10634	52	11106	34	10748	17.629	1.746
527	NaN	570	NaN	559	0	-21	355	100	100	0	405	23	11007	15	10735	45	11156	30	10800	17.707	1.267
527.1	NaN	522	NaN	606	0	-18	361	100	100	0	402	23	11139	15	10659	44	11192	30	10806	17.753	-0.295
527.2	NaN	519	NaN	574	0	-20	356	100	100	0	402	25	11125	17	10712	49	11246	33	10832	17.803	0.281
527.3	NaN	556	NaN	594	0	-19	359	100	100	0	403	19	11171	13	10773	37	11175	26	10772	17.83	0.362
527.4	NaN	524	NaN	579	0	-17	361	100	100	0	402	23	11186	15	10710	43	11270	30	10796	17.851	0.661
527.5	NaN	533	NaN	564	0	-16	358	100	100	0	401	20	11153	14	10833	39	11152	27	10850	17.864	-0.04
527.6	NaN	511	NaN	584	0	-13	360	100	100	0	401	16	11150	12	10799	30	11193	23	10901	17.887	-0.236
527.7	NaN	568	NaN	583	0	-10	360	100	100	0	404	18	11062	14	10807	36	11167	28	10935	17.856	-0.055
527.8	NaN	513	NaN	636	0	-11	360	100	100	0	405	15	11088	11	10871	29	11141	22	10875	17.872	1.086
527.9	NaN	528	NaN	572	0	-9	361	100	100	0	403	16	10989	13	10835	31	11123	26	10899	17.884	-0.495
528	NaN	540	NaN	579	0	-2	359	100	100	0	405	13	10905	13	11004	26	10936	25	11036	17.845	0.058
528.1	NaN	535	NaN	580	0	-1	362	100	100	0	404	13	10862	13	11066	26	10904	26	11119	17.844	-0.694
528.2	NaN	544	NaN	562	0	2	360	100	100	0	405	16	10815	16	11054	30	10885	31	11156	17.845	-0.813
528.3	NaN	552	NaN	643	0	0	360	100	100	0	403	14	10869	14	11116	28	10942	29	11122	17.873	1.298
528.4	NaN	534	NaN	568	1	1	361	100	100	0	404	14	10819	15	11042	26	10932	28	11140	17.888	-0.27
528.5	NaN	545	NaN	577	1	1	359	100	100	0	404	16	10823	16	11196	31	10868	32	11160	17.898	1.754
528.6	NaN	535	NaN	599	1	0	359	100	100	0	404	12	10927	12	11075	23	10940	23	11116	17.897	-0.8
528.7	NaN	542	NaN	584	1	-3	357	100	100	0	401	13	10890	12	11103	25	10923	25	11095	17.887	-0.369
528.8	NaN	542	NaN	605	1	0	361	100	100	0	403	13	10928	12	11054	26	11009	24	11088	17.911	0.521
528.9	NaN	534	NaN	614	1	2	359	100	100	0	404	12	10871	12	11103	23	10989	23	11182	17.918	-0.637
529	NaN	546	NaN	586	1	2	362	100	100	0	403	14	10893	14	11232	29	10941	28	11226	17.958	0.572
529.1	NaN	522	NaN	596	1	-1	358	100	100	0	404	10	10967	10	11073	19	10994	19	11122	17.992	0.425
529.2	NaN	525	NaN	580	1	-3	358	100	100	0	404	11	10907	11	11259	23	10922	24	11162	17.987	-0.961
529.3	NaN	518	NaN	592	1	-3	358	100	100	0	403	10	11011	9	11114	18	11024	17	11103	17.99	0.754
529.4	NaN	511	NaN	583	1	-0	362	100	100	0	404	10	10918	10	11171	20	10990	21	11134	18.009	-1.013
529.5	NaN	518	NaN	610	1	-1	361	100	100	0	405	12	10954	11	11160	22	11028	21	11153	18.022	-0.622
529.6	NaN	509	NaN	608	1	-1	361	100	100	0	403	8	10994	8	11040	15	11051	13	11127	18.042	-0.152
529.7	NaN	496	NaN	574	1	-3	358	100	100	0	403	10	10942	10	11203	21	10982	22	11213	18.011	-0.15
529.8	NaN	515	NaN	595	1	-1	363	100	100	0	402	8	11043	8	11076	16	11051	14	11110	18.012	-0.987
529.9	NaN	499	NaN	580	1	-2	360	100	100	0	403	9	10935	9	11234	18	10991	19	11138	18.026	-1.048
530	NaN	520	NaN	605	0	-3	356	21	14	0	405	11	11011	10	11109	22	11071	19	11127	18.023	0.666
530.1	NaN	549	NaN	593	0	0	360	0	0	0	404	-20	10731	-20	11001	-15	10757	-15	10899	17.803	-2.864
530.2	NaN	529	NaN	636	0	0	362	0	0	0	402	-40	10429	-40	10704	-30	10357	-31	10643	17.422	-5.359
530.3	NaN	530	NaN	614	0	-0	359	0	0	0	402	-48	9992	-49	10149	-37	10054	-38	10233	16.882	-4.459
530.4	NaN	526	NaN	634	0	-0	359	0	0	0	403	-52	9730	-51	10091	-40	9226	-39	9834	16.288	-6.863
530.5	NaN	516	NaN	610	0	0	359	0	0	0	400	-52	9355	-51	9699	-41	9292	-40	9525	15.65	-6.789
530.6	NaN	521	NaN	626	0	3	357	0	0	0	399	-54	8891	-53	9249	-44	8873	-43	9148	15.074	-7.096
530.7	NaN	514	NaN	609	0	4	359	0	0	0	403	-55	8435	-55	8895	-45	8359	-45	8945	14.394	-6.597
530.8	NaN	528	NaN	624	0	5	360	0	0	0	402	-55	8096	-54	8515	-48	8011	-44	8377	13.738	-7.45
530.9	NaN	526	NaN	628	0	3	359	0	0	0	399	-55	7596	-54	7986	-47	7693	-45	8052	13.094	-4.797
531	NaN	524	NaN	617	0	5	358	0	0	0	401	-56	7168	-51	7344	-48	7152	-45	7606	12.499	-3.282
531.1	NaN	555	NaN	546	0	11	360	27	18	0	401	-10	7068	-8	7589	-10	7056	-7	7426	11.72	-4.275
531.2	NaN	546	NaN	528	0	24	360	29	21	0	404	0	6765	0	7320	0	6801	0	7380	11.676	-0.825
531.3	NaN	593	NaN	578	0	32	358	41	31	0	404	10	6706	21	7594	24	7240	49	7685	11.561	-0.207
531.4	NaN	559	NaN	538	0	34	359	46	39	0	402	13	6756	30	7625	29	6852	70	7722	11.685	0.388
531.5	NaN	534	NaN	532	0	37	363	52	43	0	405	19	6995	45	7938	43	7016	101	8046	11.945	3.431
531.6	NaN	534	NaN	543	0	35	360	52	43	0	406	20	7306	45	8078	45	7366	100	8233	12.24	3.328
531.7	NaN	541	NaN	539	0	33	361	52	45	0	404	21	7512	45	8241	47	7808	102	8407	12.62	5.129
531.8	NaN	536	NaN	549	0	28	362	53	45	0	405	24	8236	45	8490	52	7758	100	8569	12.936	4.299
531.9	NaN	509	NaN	534	0	19	361	58	49	0	405	31	7875	49	8691	68	8622	109	8792	13.255	4.467
532	NaN	539	NaN	532	0	28	359	51	44	0	405	25	9823	45	8759	52	8291	98	8738	13.846	4.183
532.1	NaN	521	NaN	528	0	20	358	67	55	0	406	29	8257	45	9203	60	10925	98	9335	14.005	4.576
532.2	NaN	540	NaN	544	0	28	363	59	53	0	404	27	9319	49	9230	57	8688	104	9356	14.533	4.149
532.3	NaN	537	NaN	549	0	27	357	53	41	0	407	23	8775	43	9531	48	8873	90	9656	14.827	1.286
532.4	NaN	526	NaN	575	0	26	358	53	42	0	404	24	9199	43	9739	50	9035	90	9813	15.101	2.756
532.5	NaN	527	NaN	573	0	23	362	53	45	0	403	27	9377	45	9907	57	9542	93	9977	15.416	2.801
532.6	NaN	516	NaN	529	0	19	361	56	48	0	404	29	10153	44	9996	60	9609	91	10122	15.753	5.218
532.7	NaN	525	NaN	518	0	14	356	58	49	0	403	31	9588	42	10205	63	9850	85	10385	16.044	7.988
532.8	NaN	549	NaN	519	0	5	360	57	47	0	405	34	9855	39	10366	68	10026	81	10439	16.395	4.065
532.9	NaN	538	NaN	532	0	-12	358	56	47	0	401	37	10327	30	10273	75	10407	60	10384	16.784	4.44
533	NaN	569	NaN	551	0	-26	359	48	47	0	402	43	10686	26	10274	86	10776	51	10426	16.984	2.901
533.1	NaN	534	NaN	608	0	-34	361	46	45	0	401	41	10868	19	10383	80	11045	37	10470	17.178	0.82
533.2	NaN	549	NaN	593	0	-34	358	46	45	0	401	37	11058	18	10414	72	11182	35	10505	17.31	0.989
533.3	NaN	520	NaN	587	0	-25	360	46	46	0	401	35	11061	19	10450	69	11198	38	10605	17.401	3
533.4	NaN	512	NaN	624	0	-10	357	48	46	0	403	27	10996	21	10668	50	11102	41	10793	17.576	2.517
533.5	NaN	529	NaN	545	0	6	359	65	56	0	402	17	10657	20	10960	36	10710	40	10975	17.658	-0.152
533.6	NaN	549	NaN	546	0	7	358	100	100	0	403	21	10649	25	11176	39	10793	47	11203	17.751	1.591
533.7	NaN	552	NaN	559	0	9	362	100	100	0	404	16	10768	19	11173	32	10862	37	11188	17.896	-0.275
533.8	NaN	533	NaN	557	0	7	358	100	100	0	404	16	10738	18	11230	31	10809	36	11325	17.902	-0.045
533.9	NaN	554	NaN	577	0	9	361	100	100	0	404	16	10794	18	11281	31	10923	36	11321	18.012	1.628
534	NaN	538	NaN	578	1	-0	357	100	100	0	402	11	10878	11	11190	22	10896	23	11293	18.007	0.315
534.1	NaN	508	NaN	598	1	-4	361	100	100	0	404	12	10944	10	11145	24	11069	21	11127	18.043	-0.196
534.2	NaN	502	NaN	589	1	-7	360	100	100	0	402	9	11062	8	10991	17	11113	15	11042	17.999	-1.057
534.3	NaN	514	NaN	578	1	-8	356	100	100	0	403	12	11008	10	11032	23	11096	19	11026	17.945	-0.045
534.4	NaN	497	NaN	591	1	-7	361	100	100	0	403	10	11162	8	11097	18	11146	15	10972	17.875	-2.503
534.5	NaN	532	NaN	578	0	-10	359	100	100	0	402	15	10965	12	10841	30	11009	24	11017	17.968	1.035
534.6	NaN	506	NaN	599	0	-6	361	100	100	0	405	11	11085	9	11023	19	11145	17	11046	17.91	0.183
534.7	NaN	494	NaN	569	0	-4	364	100	100	0	403	10	11001	9	10956	20	11007	18	11023	17.922	-0.479
534.8	NaN	502	NaN	586	0	-3	356	100	100	0	405	12	10935	10	11018	25	11060	21	11056	17.892	1.681
534.9	NaN	506	NaN	613	0	-4	361	89	79	0	404	11	11010	10	10974	20	11025	19	10940	17.926	-1.891
535	NaN	542	NaN	566	0	-5	360	89	79	0	403	12	10885	12	10910	26	10978	23	11026	17.922	1.042
535.1	NaN	538	NaN	557	0	0	360	11	4	0	403	-0	10799	-1	11005	-3	10836	-1	10929	17.858	-1.711
535.2	NaN	548	NaN	659	0	2	357	0	0	0	402	-23	10591	-22	10773	-17	10507	-17	10735	17.53	-4.434
535.3	NaN	513	NaN	600	0	3	362	0	0	0	402	-42	10176	-41	10521	-33	10235	-32	10496	17.062	-4.958
535.4	NaN	509	NaN	625	0	2	359	0	0	0	402	-50	9875	-49	10126	-39	9664	-38	10110	16.458	-6.777
535.5	NaN	516	NaN	612	0	2	358	0	0	0	403	-53	9431	-50	9713	-42	9305	-40	9722	15.826	-5.719
535.6	NaN	506	NaN	618	0	6	361	0	0	0	402	-54	8967	-51	9384	-44	8913	-42	9268	15.186	-7.199
535.7	NaN	518	NaN	606	0	5	358	5	0	0	402	-55	8503	-51	9042	-43	8559	-41	8876	14.519	-6.001
535.8	NaN	521	NaN	646	0	4	363	8	3	0	400	-42	8228	-40	8685	-35	8230	-33	8544	13.963	-5.219
535.9	NaN	535	NaN	630	0	-8	361	11	7	0	403	-30	8064	-31	8288	-24	8054	-26	8223	13.468	-4.133
536	NaN	537	NaN	649	0	-25	362	11	10	0	400	-22	8100	-28	7730	-19	8114	-24	7676	13.045	-4.756
536.1	NaN	541	NaN	681	0	-44	357	13	14	0	400	-16	8020	-24	7182	-14	8055	-21	6818	12.575	-4.878
536.2	NaN	547	NaN	529	0	-47	362	19	17	0	400	-4	7877	-7	6901	-4	7919	-6	6640	12.233	-3.287
536.3	NaN	547	NaN	532	0	-48	360	27	27	0	401	2	7780	1	6674	6	7880	2	6527	11.92	-1.445
536.4	NaN	490	NaN	576	0	-42	361	36	35	0	402	17	7765	5	6667	44	7842	13	6738	11.747	0.566
536.5	NaN	525	NaN	613	0	-19	361	38	30	0	404	16	7581	10	6951	37	7679	22	7068	11.87	2.08
536.6	NaN	568	NaN	589	0	1	361	38	28	0	405	12	7291	11	7314	26	7394	26	7369	11.949	0.136
536.7	NaN	544	NaN	609.2916667	0	32	360	28	17	0	406	-0	6837	-0	7500	-0	6909	-0	7550	11.829	-2.38
536.8	NaN	544	NaN	609.5833333	0	51	365	21	10	0	406	-4	6532	-3	7513	-4	6560	-2	7543	11.596	-3.586
536.9	NaN	533	NaN	609.875	0	51	360	21	13	0	402	-12	6087	-7	7422	-10	5486	-6	7442	11.198	-3.984
537	NaN	547	NaN	610.1666667	0	54	360	24	15	0	404	-3	5821	-2	7167	-3	5786	-2	7236	10.891	-4.004
537.1	NaN	547	NaN	610.4583333	0	57	360	25	17	0	403	0	5677	0	7042	0	5648	0	7065	10.538	-1.686
537.2	NaN	540	NaN	610.75	0	60	359	32	24	0	403	1	5599	2	6820	1	5554	5	6860	10.211	-4.052
537.3	NaN	591	NaN	611.0416667	0	60	359	36	29	0	404	3	5508	16	6838	7	5541	38	6891	10.041	1.107
537.4	NaN	477	NaN	611.3333333	0	57	361	80	72	0	404	18	5742	84	7244	42	6599	199	7283	10.167	4.922
537.5	NaN	469	NaN	611.625	0	52	357	100	95	0	404	19	6685	80	7432	44	6602	189	7477	10.635	4.275
537.6	NaN	483	NaN	611.9166667	0	49	362	100	100	0	403	21	7295	76	7598	48	6622	174	7660	11.063	4.744
537.7	NaN	529	NaN	612.2083333	0	40	362	100	100	0	403	25	7685	67	7793	58	6882	155	8010	11.527	4.81
537.8	NaN	505	NaN	612.5	0	26	363	100	100	0	405	31	8338	58	7956	71	7153	128	8033	11.985	5.261
537.9	NaN	509	NaN	612.7916667	0	18	357	100	100	0	404	34	7407	53	8205	78	7670	118	8163	12.548	6.792
538	NaN	528	NaN	613.0833333	0	5	356	100	100	0	406	41	7930	45	8341	90	8115	100	8410	12.977	4.448
538.1	NaN	520	NaN	613.375	0	11	361	100	100	0	404	36	8368	45	8817	81	8329	99	8680	13.581	10.375
538.2	NaN	537	NaN	613.6666667	0	8	361	100	100	0	405	37	8529	43	8952	80	8827	93	9021	13.984	4.369
538.3	NaN	524	NaN	613.9583333	0	10	359	100	100	0	401	35	9421	44	9104	76	8936	92	9203	14.52	5.347
538.4	NaN	518	NaN	614.25	0	5	357	100	100	0	404	35	9182	40	9404	74	9354	84	9548	14.95	5.341
538.5	NaN	528	NaN	614.5416667	0	6	360	100	100	0	404	36	9336	39	9638	74	9467	83	9787	15.365	3.052
538.6	NaN	522	NaN	614.8333333	0	7	361	100	100	0	404	34	9615	40	9949	69	9623	82	10009	15.804	4.963
538.7	NaN	522	NaN	615.125	0	3	363	100	100	0	404	35	9863	38	10182	73	10016	77	10250	16.147	3.3
538.8	NaN	543	NaN	615.4166667	0	1	356	100	100	0	404	35	10148	36	10330	72	10245	73	10463	16.528	3.827
538.9	NaN	506	NaN	615.7083333	1	1	358	100	100	0	403	31	10308	32	10555	62	10371	64	10636	16.898	4.625
539	NaN	514	NaN	558	1	-1	360	100	100	0	405	26	10481	25	10618	52	10624	50	10726	17.156	2.136
539.1	NaN	511	NaN	562	1	-4	358	100	100	0	405	23	10719	20	10699	42	10744	40	10775	17.357	0.169
539.2	NaN	533	NaN	575	1	-4	362	100	100	0	404	17	10704	15	10834	35	10760	31	10829	17.48	0.78
539.3	NaN	536	NaN	606	0	-3	359	57	52	0	403	18	10817	18	10792	35	10919	34	10893	17.633	0.468
539.4	NaN	537	NaN	528	0	-2	362	0	0	0	403	-11	10711	-10	10793	-8	10693	-7	10730	17.509	-2.437
539.5	NaN	534	NaN	639	0	-1	359	0	0	0	403	-30	10417	-30	10545	-23	10392	-23	10482	17.216	-4.991
539.6	NaN	510	NaN	613	0	-0	357	0	0	0	402	-50	10127	-50	10211	-38	10068	-38	10129	16.71	-4.859
539.7	NaN	516	NaN	613	0	0	363	0	0	0	402	-51	9706	-51	9765	-40	9714	-40	9865	16.162	-4.36
539.8	NaN	507	NaN	619	0	-0	361	0	0	0	402	-52	9305	-52	9573	-41	9271	-42	9228	15.552	-6.373
539.9	NaN	506	NaN	620	0	0	369	0	0	0	404	-54	9001	-55	9253	-44	8804	-44	8978	14.927	-6.515
540	NaN	501	NaN	612	0	3	377	0	0	0	416	-55	8513	-55	8796	-45	8436	-45	8830	14.275	-6.743
540.1	NaN	506	NaN	632	0	4	384	0	0	0	423	-55	7983	-53	8355	-47	8026	-45	8290	13.636	-6.046
540.2	NaN	502	NaN	622	0	5	359	0	0	0	401	-55	7679	-52	7986	-47	7495	-44	7909	12.99	-5.266
540.3	NaN	507	NaN	629	0	10	356	0	0	0	402	-57	7302	-51	7706	-49	6962	-44	7561	12.341	-6.765
540.4	NaN	507	NaN	636	0	15	360	0	0	0	400	-56	6433	-49	7360	-50	6379	-43	7255	11.717	-5.109
540.5	NaN	519	NaN	648	0	20	359	0	0	0	399	-59	6112	-47	6995	-51	5982	-42	6961	11.044	-6.041
540.6	NaN	535	NaN	661	0	47	358	0	0	0	401	-65	5525	-40	6670	-59	4459	-37	6673	10.365	-8.648
540.7	NaN	526	NaN	645	0	53	360	3	0	0	401	-61	5106	-36	6416	-0	-121	-32	6203	9.697	-9.81
540.8	NaN	508	NaN	537	0	56	358	25	18	0	403	-8	4300	-7	6297	-8	141	-4	6245	9.117	-2.861
540.9	NaN	526	NaN	540	0	57	362	60	51	0	404	13	4892	61	6533	33	3874	165	6651	8.999	1.953
541	NaN	516.75	NaN	568	0	55	361	65	56	0	404	18	5216	81	6964	42	6039	195	7208	9.323	6.76
541.1	NaN	521	NaN	552	0	44	359	53	45	0	404	16	5920	50	6616	39	6568	121	7080	9.557	3.804
541.2	NaN	525.25	NaN	662	0	8	359	38	33	0	404	9	5500	12	6482	21	5748	29	6576	9.701	0.021
541.3	NaN	537	NaN	535	0	-17	356	59	58	0	403	55	6196	38	6327	130	7121	88	6523	9.9	7.329
541.4	NaN	583	NaN	695	0	-26	362	39	30	0	404	23	6671	11	6238	59	6657	26	6195	10.539	0.369
541.5	NaN	494	NaN	622	0	-41	362	47	43	0	405	15	6724	5	6080	34	6746	12	6130	10.404	-1.3
541.6	NaN	540	NaN	667	0	-61	357	42	39	0	402	40	7167	8	6087	95	7116	18	6070	10.551	4.031
541.7	NaN	502	NaN	519	0	-76	360	45	41	0	402	41	7087	3	5861	91	7183	7	5952	10.544	-0.321
541.8	NaN	481	NaN	619	0	-78	357	81	81	0	400	87	8147	5	5936	207	7940	13	6034	10.794	6.012
541.9	NaN	505	NaN	611	0	-76	358	86	82	0	402	86	7968	7	6111	200	8264	18	6444	11.128	4.994
542	NaN	535	NaN	592	0	-56	359	98	96	0	401	74	8109	16	6237	169	8281	36	6755	11.249	5.047
542.1	NaN	542	NaN	559	0	-31	360	100	100	0	404	54	8406	23	6244	126	9642	53	9232	11.287	4.715
542.2	NaN	538	NaN	529	0	6	358	100	100	0	403	35	7624	40	8312	82	8136	93	10931	11.258	4.469
542.3	NaN	544	NaN	525	0	14	357	100	100	0	401	30	7605	41	7646	70	7932	95	12828	11.269	4.179
542.4	NaN	531	NaN	527	0	19	361	100	100	0	403	26	7609	40	7924	58	8005	89	13913	11.361	7.42
542.5	NaN	524	NaN	522	0	40	359	100	100	0	403	16	7359	44	10254	37	7381	102	14560	11.663	7.179
542.6	NaN	521	NaN	530	0	20	359	100	100	0	402	27	7424	44	9608	61	7404	100	12300	12.307	3.729
542.7	NaN	519	NaN	525	0	-12	361	100	100	0	405	48	7905	37	8211	105	7974	82	8397	13.122	4.501
542.8	NaN	534	NaN	521	0	-13	356	100	100	0	402	46	8531	36	8344	100	8555	77	8403	13.594	5.065
542.9	NaN	537	NaN	522	0	-8	358	100	100	0	404	45	8709	36	8651	98	8879	78	8781	14.107	5.402
543	NaN	525	NaN	532	0	-3	361	100	100	0	406	40	8964	39	9015	86	9136	82	9161	14.605	5.557
543.1	NaN	528	NaN	525	0	-1	361	100	100	0	404	38	9206	39	9336	81	9427	79	9477	15.058	5.134
543.2	NaN	527	NaN	526	0	-2	357	100	100	0	404	38	9515	37	9678	78	9593	78	9796	15.517	4.237
543.3	NaN	533	NaN	523	0	-1	359	100	100	0	404	37	9755	36	9954	76	9761	75	9971	15.948	4.649
543.4	NaN	529	NaN	522	1	-1	362	100	100	0	405	37	9981	36	10176	75	10113	73	10253	16.331	2.778
543.5	NaN	542	NaN	527	1	-2	361	100	99	0	404	36	10242	34	10382	73	10401	69	10493	16.752	1.266
543.6	NaN	538	NaN	583	1	-5	358	96	87	0	403	28	10474	25	10604	57	10469	50	10609	17.091	4.785
543.7	NaN	527	NaN	545	0	-6	360	42	31	0	405	20	10553	18	10639	40	10658	35	10702	17.297	0.751
543.8	NaN	514	NaN	605	0	-4	361	37	27	0	403	12	10592	11	10721	25	10679	21	10765	17.396	-1.049
543.9	NaN	523	NaN	548	0	-2	358	32	22	0	402	5	10539	5	10697	9	10550	8	10717	17.412	0.393
544	NaN	557	NaN	512	0	-1	358	15	5	0	405	-12	10390	-13	10517	-9	10382	-10	10500	17.23	-2.239
544.1	NaN	544	NaN	527.5	0	-1	358	9	0	0	404	-33	10126	-33	10450	-25	10117	-25	10297	16.865	-4.73
544.2	NaN	566	NaN	528.5	0	-2	361	13	6	0	402	-28	9878	-29	10186	-22	9811	-22	10117	16.453	-4.4
544.3	NaN	565	NaN	529.5	0	2	361	16	9	0	404	-21	9636	-20	9888	-16	9695	-16	9951	16.078	-3.542
544.4	NaN	555	NaN	530.5	0	9	363	19	11	0	403	-16	9309	-15	9742	-13	9399	-12	9783	15.739	-2.653
544.5	NaN	539	NaN	525	0	12	364	23	16	0	405	-3	9048	-2	9797	-3	9098	-1	9708	15.461	-1.71
544.6	NaN	537	NaN	526	0	15	364	24	16	0	403	-0	8899	0	9594	-0	8987	0	9601	15.296	-1.916
544.7	NaN	540	NaN	528	0	13	359	28	21	0	403	-0	8762	0	9497	-0	8831	-0	9519	15.098	-0.831
544.8	NaN	541	NaN	528	0	21	359	21	11	0	405	-5	8615	-5	9304	-4	8686	-3	9354	14.945	-0.737
544.9	NaN	569	NaN	584	0	28	360	17	7	0	403	-24	7309	-18	9312	-19	7661	-14	9239	14.612	-3.133
545	NaN	532	NaN	522	0	23	362	20	13	0	402	-11	7876	-9	9189	-9	7504	-7	9175	14.195	-2.136
545.1	NaN	543	NaN	604	0	19	362	19	10	0	405	-18	7742	-15	8944	-15	7725	-12	8894	13.8	-4.737
545.2	NaN	539	NaN	530	0	17	364	24	17	0	404	0	7731	-0	8583	-0	7902	-0	8618	13.579	-2.217
545.3	NaN	542	NaN	530	0	17	359	25	18	0	404	-0	7784	-0	8504	-0	7689	-0	8447	13.355	-2.702
545.4	NaN	540	NaN	532	0	20	364	25	18	0	403	-0	7630	-0	8280	-0	7711	-0	8263	13.216	-3.124
545.5	NaN	541	NaN	534	0	24	360	23	13	0	405	-3	7461	-3	8235	-2	7587	-2	8214	13.042	-1.885
545.6	NaN	543	NaN	531	0	26	360	25	17	0	404	0	7353	0	8263	0	7050	-0	8226	12.764	-2.763
545.7	NaN	546	NaN	533	0	28	360	27	20	0	404	-0	7133	0	8175	-0	7155	-0	8156	12.583	-2.159
545.8	NaN	543	NaN	530	0	32	359	26	17	0	405	-0	7046	-0	8038	-0	7082	-0	8051	12.396	-0.145
545.9	NaN	538	NaN	533	0	34	363	26	19	0	403	-0	7026	-0	7854	0	6966	-0	7790	12.195	-3.488
546	NaN	538	NaN	533	0	35	363	26	19	0	404	0	6743	0	7741	0	6835	0	7797	11.964	-1.069
546.1	NaN	533	NaN	519	0	38	362	30	23	0	402	1	6671	3	7711	3	6574	7	7660	11.708	-3.122
546.2	NaN	542	NaN	533	0	43	360	27	19	0	403	0	6432	0	7473	0	6546	0	7520	11.539	-2.193
546.3	NaN	537.7857143	NaN	595	0	42	361	36	29	0	405	5	6437	16	7583	13	6522	37	7622	11.355	-1.364
546.4	NaN	534.5714286	NaN	548	0	41	358	41	34	0	403	9	6473	25	7500	22	6572	57	7554	11.375	-1.487
546.5	NaN	531.3571429	NaN	532.75	0	43	362	37	29	0	404	7	6526	18	7575	14	6478	41	7622	11.458	1.06
546.6	NaN	528.1428571	NaN	534	0	43	357	37	31	0	404	5	6436	16	7463	13	6538	37	7520	11.381	-1.375
546.7	NaN	524.9285714	NaN	535.25	0	44	363	37	30	0	403	6	6384	19	7483	14	6552	43	7570	11.356	0.206
546.8	NaN	521.7142857	NaN	565	0	42	358	40	34	0	402	8	6376	24	7547	20	6643	55	7582	11.341	-1.358
546.9	NaN	535	NaN	531	0	43	356	48	43	0	404	13	6506	39	7526	33	6722	94	7646	11.45	-0.03
547	NaN	514	NaN	542	0	44	358	72	66	0	404	23	7410	69	7944	52	6995	149	8027	11.877	4.432
547.1	NaN	488	NaN	568	0	39	359	100	96	0	404	24	7493	63	8087	55	7421	142	8223	12.322	2.961
547.2	NaN	507	NaN	522	0	20	359	100	100	0	404	34	8037	53	8278	78	7669	118	8460	12.756	5.135
547.3	NaN	545	NaN	542	0	5	356	100	100	0	405	38	8047	45	8405	87	8103	100	8534	13.29	5.497
547.4	NaN	521	NaN	528	0	6	359	100	100	0	404	39	8402	43	8645	84	8452	94	8731	13.78	5.237
547.5	NaN	517	NaN	526	0	2	360	100	100	0	403	39	8647	41	8979	84	8769	88	8965	14.251	5.44
547.6	NaN	511	NaN	521	0	0	360	100	100	0	404	38	8932	40	9173	83	9069	86	9257	14.672	3.665
547.7	NaN	523	NaN	518	0	-2	361	100	100	0	404	40	9178	38	9365	83	9364	79	9457	15.069	3.181
547.8	NaN	517	NaN	523	1	-1	360	100	100	0	404	39	9469	36	9533	80	9564	76	9655	15.454	3.882
547.9	NaN	532	NaN	523	1	-4	362	100	100	0	403	38	9746	36	9799	79	9798	75	9904	15.854	4.844
548	NaN	538	NaN	524	1	-3	359	100	100	0	403	38	9951	35	10066	77	10072	71	10116	16.203	3.189
548.1	NaN	531	NaN	523	1	-4	358	100	100	0	403	38	10134	34	10209	76	10320	69	10290	16.576	3.23
548.2	NaN	514	NaN	543	1	-3	356	100	100	0	406	32	10390	30	10386	62	10402	59	10548	16.891	3.578
548.3	NaN	501	NaN	545	1	-4	360	100	100	0	405	26	10504	24	10645	51	10621	48	10642	17.164	1.428
548.4	NaN	510	NaN	556	1	-5	359	100	100	0	404	22	10593	21	10671	45	10750	41	10739	17.351	1.46
548.5	NaN	514	NaN	533.1079545	1	-3	360	100	100	0	402	21	10705	19	10767	39	10741	38	10839	17.543	2.804
548.6	NaN	531	NaN	534.3409091	1	-3	356	100	100	0	404	15	10804	15	10916	30	10862	28	10888	17.599	0.227
548.7	NaN	520	NaN	535.5738636	1	-2	358	100	100	0	405	17	10772	16	10808	33	10841	31	10955	17.704	3.071
548.8	NaN	520	NaN	536.8068182	1	-3	361	100	100	0	404	14	10916	13	11020	26	10947	23	10961	17.78	-0.334
548.9	NaN	539	NaN	538.0397727	1	-3	360	100	100	0	405	14	10859	14	10944	29	10972	27	10979	17.829	-0.186
549	NaN	524	NaN	539.2727273	1	-2	363	100	100	0	404	13	10992	12	11032	24	10946	23	11040	17.85	1.065
549.1	NaN	503	NaN	540.5056818	1	-2	356	100	100	0	402	12	10907	11	11006	23	10969	22	11020	17.913	0.026
549.2	NaN	513	NaN	541.7386364	1	-4	362	100	100	0	403	12	10943	11	10934	24	10944	23	11073	17.916	1.266
549.3	NaN	502	NaN	542.9715909	1	-3	356	100	100	0	402	11	11007	10	11101	21	11047	19	11052	17.927	-0.062
549.4	NaN	521	NaN	544.2045455	1	-3	361	100	100	0	401	12	10934	11	10977	24	11014	23	11022	17.966	-0.429
549.5	NaN	508	NaN	545.4375	1	-5	358	100	100	0	403	11	11030	10	11083	20	11052	20	11047	17.939	1.258
549.6	NaN	506	NaN	546.6704545	1	-5	358	100	100	0	401	10	10946	10	11024	20	11022	18	11016	17.961	-1.121
549.7	NaN	506	NaN	547.9034091	1	-5	356	100	100	0	403	11	10980	10	11021	22	10982	20	11099	17.936	0.55
549.8	NaN	496	NaN	549.1363636	1	-3	362	100	100	0	404	10	11023	9	11063	18	11049	17	11034	17.925	0.19
549.9	NaN	497	NaN	550.3693182	0	-2	361	51	43	0	404	11	10978	10	11018	22	11001	21	11051	17.929	-1.07
550	NaN	551	NaN	551.6022727	0	-5	357	0	0	0	402	-14	10785	-16	10809	-12	10862	-11	10811	17.774	-2.227
550.1	NaN	518	NaN	552.8352273	0	-5	361	0	0	0	402	-35	10574	-36	10589	-26	10551	-27	10496	17.372	-5.05
550.2	NaN	514	NaN	554.0681818	0	-6	357	0	0	0	401	-48	10306	-51	10357	-36	10077	-38	9998	16.842	-5.598
550.3	NaN	541	NaN	555.3011364	0	-6	359	14	9	0	402	-24	9963	-25	9980	-19	9988	-20	9946	16.381	-1.808
550.4	NaN	538	NaN	556.5340909	0	-6	364	28	25	0	404	1	9901	1	9881	3	9901	2	9842	16.058	-2.667
550.5	NaN	522	NaN	557.7670455	0	5	357	31	26	0	403	4	9655	4	9889	9	9681	9	9882	15.924	-3.765
550.6	NaN	552	NaN	546	0	15	358	46	35	0	404	19	9715	28	10111	39	9687	57	10183	16.104	2.418
550.7	NaN	508	NaN	520	0	22	360	49	41	0	404	24	10013	37	10432	49	10056	76	10485	16.238	4.051
550.8	NaN	580	NaN	546	0	23	361	50	43	0	404	25	10113	42	10541	51	10784	83	10637	16.379	0.941
550.9	NaN	536	NaN	518	0	17	363	49	40	0	404	25	10255	36	10666	50	10136	74	10691	16.656	2.957
551	NaN	483	NaN	535	0	-2	357	53	47	0	403	34	10341	34	10659	68	10390	69	10755	16.948	5.193
551.1	NaN	512	NaN	572	0	-8	361	53	49	0	402	25	10557	22	10526	51	10636	43	10710	17.222	1.054
551.2	NaN	572	NaN	591	0	-15	358	41	38	0	403	25	10765	19	10648	49	10776	38	10665	17.364	1.567
551.3	NaN	513	NaN	534	0	-18	359	29	26	0	401	5	10827	4	10522	9	10843	7	10521	17.474	-2.086
551.4	NaN	539	NaN	528	0	-15	357	12	8	0	401	-4	10740	-3	10374	-3	10854	-3	10415	17.23	-1.944
551.5	NaN	529	NaN	607	0	-15	358	0	0	0	403	-22	10496	-25	10154	-17	10438	-19	10039	16.961	-4.173
551.6	NaN	518	NaN	625	0	-15	378	0	0	0	426	-40	10138	-46	9551	-31	10177	-36	9750	16.496	-4.168
551.7	NaN	510	NaN	627	0	-15	468	0	0	0	497	-49	9764	-56	9257	-39	9702	-45	8001	15.733	-8.261
551.8	NaN	505	NaN	607	0	-13	464	0	0	0	467	-51	9173	-59	8663	-42	9141	-48	8380	14.949	-6.616
551.9	NaN	497	NaN	623	0	-15	454	0	0	0	473	-51	8706	-58	8227	-42	8653	-48	7217	14.141	-6.723
552	NaN	504	NaN	619	0	-17	451	0	0	0	471	-50	8215	-58	7890	-42	8130	-49	7310	13.347	-7.235
552.1	NaN	509	NaN	625	0	-25	365	13	12	0	402	-28	7906	-42	7276	-25	7892	-36	6566	12.593	-4.913
552.2	NaN	538	NaN	533	0	-33	360	22	22	0	399	0	7880	-0	7115	0	7874	0	7220	12.318	-1.155
552.3	NaN	544	NaN	530	0	-36	358	27	26	0	402	1	7813	0	6990	2	7807	1	6999	12.098	-0.205
552.4	NaN	523	NaN	524	0	-40	361	29	25	0	401	4	7725	1	6899	9	7731	3	6968	11.98	-0.149
552.5	NaN	503	NaN	589	0	-41	359	33	34	0	402	13	7813	4	6844	29	7795	10	6863	11.826	-1.204
552.6	NaN	588	NaN	596	0	-40	361	40	39	0	401	31	7916	12	7004	70	7929	27	6996	11.967	2.253
552.7	NaN	590	NaN	607	0	-39	360	42	41	0	404	35	8073	14	7112	79	8185	30	7108	12.127	1.108
552.8	NaN	561	NaN	607	0	-43	359	41	37	0	403	37	8130	13	7246	84	8240	30	7740	12.334	2.312
552.9	NaN	507	NaN	541	0	-47	361	36	33	0	402	12	7949	4	6953	27	8038	8	7132	12.305	0.011
553	NaN	523	NaN	526	0	-49	360	37	35	0	403	4	7881	1	6838	10	7959	3	6909	12.171	-1.232
553.1	NaN	496	NaN	615	0	-50	358	47	47	0	402	13	7866	4	6792	31	7980	10	6886	11.959	0.326
553.2	NaN	552	NaN	658	0	-47	358	49	46	0	402	50	8011	15	7046	113	8206	32	7108	12.134	4.189
553.3	NaN	530.5	NaN	586	0	-44	356	52	50	0	403	55	8334	19	7226	124	8377	42	7415	12.468	4.295
553.4	NaN	538	NaN	562	0	-26	357	50	48	0	403	48	8400	25	7532	108	8590	55	7843	12.837	3.579
553.5	NaN	545	NaN	530	0	2	360	26	17	0	403	-1	7955	0	7872	-1	8018	-1	7907	13.092	-1.56
553.6	NaN	545	NaN	600	0	7	361	36	29	0	405	7	7829	8	8099	18	7880	22	8143	12.945	-1.51
553.7	NaN	530	NaN	539	0	5	361	31	24	0	404	3	7830	4	8111	8	7849	8	8155	13.014	-1.606
553.8	NaN	529	NaN	522	0	-2	362	31	22	0	404	3	7902	4	8025	8	7937	8	8044	12.883	-1.644
553.9	NaN	539	NaN	525	0	-15	358	31	22	0	403	2	7933	1	7746	5	7928	4	7787	12.856	-1.804
554	NaN	550	NaN	529	0	-30	360	28	19	0	403	-0	7961	-0	7474	-0	7980	-0	7562	12.697	-1.658
554.1	NaN	549	NaN	531	0	-43	360	27	21	0	403	-0	7970	0	7187	-0	8022	-0	7165	12.502	-2.408
554.2	NaN	542	NaN	531	0	-45	361	27	26	0	400	0	8050	0	7010	0	8004	0	6930	12.241	-4.17
554.3	NaN	544	NaN	557	0	-45	362	49	45	0	403	55	8406	18	7163	124	8519	41	7732	12.275	6.82
554.4	NaN	507	NaN	530	0	-58	359	35	30	0	403	17	7818	3	7038	38	7958	8	7254	12.419	-2.09
554.5	NaN	493	NaN	590	0	-56	360	34	31	0	402	25	8082	6	6922	56	8191	13	7355	12.226	1.845
554.6	NaN	545	NaN	533	0	-58	361	22	17	0	402	-2	7620	-4	6630	-2	7651	-3	6659	12.063	-4.79
554.7	NaN	546	NaN	529	0	-57	361	26	26	0	401	2	7607	0	6562	5	7679	1	6366	11.679	-2.443
554.8	NaN	529	NaN	527	0	-56	363	28	26	0	403	4	7419	1	6287	9	7503	2	6147	11.414	-1.909
554.9	NaN	519	NaN	521	0	-55	363	31	27	0	403	6	7271	1	6171	14	7350	3	6238	11.197	-0.614
555	NaN	482	NaN	620	0	-50	361	37	37	0	406	24	7427	6	6208	54	7465	14	6269	11.035	-0.079
555.1	NaN	599	NaN	625	0	-49	361	39	32	0	403	31	7407	9	6376	73	7530	21	6466	11.233	1.933
555.2	NaN	490	NaN	579	0	-52	356	43	41	0	402	22	7330	5	6335	49	7469	13	6466	11.162	-1.226
555.3	NaN	567	NaN	536	0	-45	360	44	42	0	403	39	7495	12	6588	89	7584	29	6586	11.294	3.727
555.4	NaN	546	NaN	540	0	-32	357	42	40	0	402	29	7563	13	6573	66	7639	29	6979	11.464	1.159
555.5	NaN	569	NaN	582	0	-1	362	41	30	0	404	16	7311	15	7012	37	7390	34	7131	11.743	1.812
555.6	NaN	552	NaN	591	0	13	359	40	30	0	405	12	7085	16	7389	28	7156	37	7465	11.855	0.628
555.7	NaN	604	NaN	626	0	23	357	40	30	0	404	10	6999	19	7600	24	7087	42	7666	11.961	0.497
555.8	NaN	542	NaN	564	0	26	359	41	33	0	403	13	7021	22	7781	29	7137	51	7846	12.047	1.662
555.9	NaN	550	NaN	574	0	31	363	41	33	0	403	12	7045	24	7840	27	7311	54	7924	12.163	-0.143
556	NaN	579	NaN	554	0	30	360	41	34	0	404	12	7089	24	7977	26	7169	54	8047	12.257	1.536
556.1	NaN	534	NaN	545	0	31	361	43	35	0	404	13	7147	27	8042	29	7276	61	8133	12.384	0.304
556.2	NaN	527	NaN	539	0	32	363	45	37	0	404	14	7269	30	8109	33	7316	67	8218	12.547	1.449
556.3	NaN	538	NaN	521	0	24	358	49	41	0	404	21	7461	37	8287	47	7504	82	8390	12.765	2.807
556.4	NaN	533	NaN	518	0	12	361	50	43	0	404	26	7763	34	8344	57	7802	76	8432	13.078	3.991
556.5	NaN	554	NaN	548	0	-14	363	51	44	0	404	37	8237	28	8319	81	8321	61	8394	13.462	4.138
556.6	NaN	546	NaN	540	0	-28	359	52	52	0	403	46	8755	26	8322	100	8874	56	8408	13.761	3.192
556.7	NaN	549	NaN	543	0	-33	362	56	53	0	403	54	9114	26	8742	116	9208	56	8642	14.195	5.476
556.8	NaN	556	NaN	554	0	-35	361	69	70	0	403	53	9464	24	8749	113	9593	51	9054	14.541	3.801
556.9	NaN	546	NaN	554	0	-33	359	90	90	0	403	51	9647	25	9132	108	9741	51	8978	14.894	4.591
557	NaN	540	NaN	542	0	-27	357	90	88	0	403	49	9758	26	9213	102	9820	54	9299	15.247	4.702
557.1	NaN	534	NaN	529	0	-12	358	100	100	0	404	43	9788	32	9474	89	9984	67	9625	15.62	4.73
557.2	NaN	567	NaN	531	0	-12	357	100	100	0	405	41	10003	32	9836	84	10121	66	9944	16.036	3.098
557.3	NaN	541	NaN	535	0	-11	360	100	100	0	404	40	10198	32	10118	82	10229	65	10133	16.432	4.348
557.4	NaN	548	NaN	542	0	-8	361	100	100	0	403	36	10341	30	10258	71	10495	60	10379	16.773	3.31
557.5	NaN	559	NaN	551	0	-8	358	100	100	0	404	31	10557	27	10467	62	10665	53	10562	17.051	2.669
557.6	NaN	515	NaN	546	0	-3	356	100	100	0	405	24	10587	22	10649	47	10583	43	10662	17.293	2.492
557.7	NaN	571	NaN	580	0	-1	363	100	100	0	403	22	10646	21	10714	45	10791	41	10821	17.43	1.077
557.8	NaN	592	NaN	613	0	-1	358	100	100	0	405	18	10723	19	10866	37	10818	36	10918	17.565	0.562
557.9	NaN	557	NaN	600	1	1	360	100	100	0	403	18	10727	18	10925	35	10797	36	10969	17.699	0.377
558	NaN	552	NaN	646	1	2	359	100	100	0	406	18	10771	18	10975	34	10880	36	11080	17.757	1.836
558.1	NaN	541	NaN	624	1	3	360	100	100	0	404	15	10796	16	11144	30	10806	33	11137	17.833	1.329
558.2	NaN	528	NaN	615	1	4	361	100	100	0	403	17	10784	17	11116	32	10912	34	11180	17.9	0.363
558.3	NaN	539	NaN	616	1	3	359	100	100	0	403	14	10868	16	11235	29	10963	30	11243	17.949	0.297
558.4	NaN	558	NaN	626	1	0	357	100	100	0	404	13	10900	13	11216	25	10916	25	11259	17.993	-1.047
558.5	NaN	540	NaN	617	1	0	358	100	100	0	403	14	10885	14	11229	27	11008	28	11236	18.075	-0.189
558.6	NaN	537	NaN	626	1	0	358	100	100	0	404	11	10976	12	11227	21	10957	21	11276	18.093	0.482
558.7	NaN	518	NaN	594	1	0	363	100	100	0	405	10	10967	10	11189	20	11071	20	11230	18.089	-0.38
558.8	NaN	512	NaN	603	1	-2	361	100	100	0	405	10	11023	10	11187	19	11070	18	11175	18.117	0.204
558.9	NaN	496	NaN	574	1	-1	360	100	100	0	404	8	11039	8	11136	17	11084	16	11169	18.082	-0.663
559	NaN	500	NaN	601	1	-4	359	100	100	0	405	9	11026	9	11208	18	11086	17	11129	18.083	-0.273
559.1	NaN	502	NaN	582	1	-4	359	100	100	0	405	8	11051	8	11054	16	11018	16	11128	18.079	0.997
559.2	NaN	507	NaN	591	1	-5	357	100	100	0	402	8	11018	7	11151	17	11094	15	11128	18.042	-0.083
559.3	NaN	498	NaN	622	1	-2	360	100	100	0	403	10	11060	9	11130	18	11034	17	11109	18.042	-0.11
559.4	NaN	501	NaN	588	1	-1	359	100	100	0	404	9	10963	9	11102	19	11072	18	11154	18.054	0.389
559.5	NaN	499	NaN	585	1	-0	361	100	100	0	405	11	10996	10	11187	22	11091	20	11162	18.057	0.303
559.6	NaN	499	NaN	580	1	-2	360	100	100	0	404	9	11036	9	11109	18	11033	17	11153	18.064	0.044
559.7	NaN	506	NaN	583	1	-4	356	100	100	0	404	11	10976	10	11212	21	11059	21	11164	18.09	0.798
559.8	NaN	505	NaN	603	1	-3	358	100	100	0	403	9	11045	8	11123	16	10994	16	11180	18.074	0.152
559.9	NaN	498	NaN	601	1	-3	359	100	100	0	405	9	10987	9	11242	19	11082	18	11201	18.062	-0.008
560	NaN	503	NaN	611	1	-2	360	100	100	0	404	10	11035	9	11152	18	11056	17	11189	18.075	-1.379
560.1	NaN	498	NaN	578	1	-1	364	100	100	0	404	9	11010	9	11178	17	11081	17	11197	18.081	-0.337
560.2	NaN	501	NaN	586	1	-3	360	100	100	0	404	10	10975	10	11208	21	11110	19	11222	18.076	-0.203
560.3	NaN	497	NaN	605	1	-4	358	100	100	0	404	9	11041	8	11133	17	11067	17	11169	18.091	0.837
560.4	NaN	490	NaN	585	1	-3	361	100	100	0	405	9	11002	8	11196	18	11088	16	11137	18.094	0.214
560.5	NaN	499	NaN	590	1	-5	357	100	100	0	404	8	11061	8	11099	16	11039	15	11138	18.069	0.42
560.6	NaN	502	NaN	606	1	-5	362	100	100	0	402	7	11026	7	11186	15	11086	14	11129	18.065	-0.04
560.7	NaN	505	NaN	611	1	-5	359	100	100	0	402	10	11057	9	11075	18	11063	17	11142	18.064	-0.732
560.8	NaN	496	NaN	583	1	-9	363	100	100	0	405	9	11087	8	11059	18	11157	15	11096	18.041	-0.127
560.9	NaN	491	NaN	578	0	-9	359	100	100	0	404	9	11107	7	11046	19	11198	15	11041	18.022	-1.714
561	NaN	490	NaN	574	0	-12	357	100	100	0	401	10	11179	8	11002	22	11159	17	11005	18.045	-0.585
561.1	NaN	505	NaN	656	0	-11	361	100	100	0	402	11	11104	9	11043	19	11185	17	10989	18.086	0.706
561.2	NaN	492	NaN	569	0	-10	357	100	100	0	404	11	11232	9	10936	24	11221	19	11019	18.052	0.133
561.3	NaN	502	NaN	586	0	-12	361	100	100	0	403	13	11165	10	11032	23	11220	19	11038	18.082	-0.251
561.4	NaN	491	NaN	576	0	-11	361	100	100	0	404	11	11211	8	10992	21	11169	15	11025	18.074	-1.114
561.5	NaN	499	NaN	571	0	-8	363	100	100	0	404	12	11163	10	10976	24	11230	19	11044	18.068	-0.733
561.6	NaN	499	NaN	579	0	-9	359	100	100	0	404	9	11124	8	11054	16	11176	14	11006	18.045	-0.99
561.7	NaN	493	NaN	572	0	-9	358	100	100	0	402	11	11132	10	10967	23	11175	19	11014	18.041	-0.15
561.8	NaN	504	NaN	593	0	-7	361	100	100	0	402	10	11018	9	11082	18	11129	17	11036	18.023	0.18
561.9	NaN	497	NaN	580	0	-6	359	100	100	0	402	9	11048	8	10997	17	11044	15	11044	17.976	-0.689
562	NaN	504	NaN	585	0	-5	358	100	100	0	402	11	10978	10	11023	22	11065	20	11062	17.969	0.179
562.1	NaN	512	NaN	588	0	-4	360	100	100	0	401	12	10963	10	11069	23	10989	21	11054	17.94	-0.489
562.2	NaN	517	NaN	628	0	-0	360	57	48	0	402	11	10927	11	11034	22	10997	21	11061	17.941	-0.767
562.3	NaN	538	NaN	516	0	0	359	2	0	0	404	-11	10655	-12	10978	-9	10766	-9	10908	17.771	-2.765
562.4	NaN	533	NaN	595	0	0	359	0	0	0	403	-32	10486	-32	10663	-25	10373	-24	10671	17.4	-4.803
562.5	NaN	508	NaN	598	0	-2	358	0	0	0	401	-48	10084	-50	10334	-37	10125	-38	10282	16.878	-5.601
562.6	NaN	502	NaN	614	0	-3	358	0	0	0	403	-49	9747	-50	10005	-39	9790	-39	9860	16.267	-5.685
562.7	NaN	505	NaN	616	0	-1	360	0	0	0	401	-51	9479	-52	9627	-41	9310	-41	9463	15.642	-6.276
562.8	NaN	503	NaN	616	0	-1	361	0	0	0	403	-53	9098	-54	9168	-43	8997	-43	9149	15.047	-6.721
562.9	NaN	506	NaN	620	0	-2	360	0	0	0	402	-55	8658	-55	8662	-45	8690	-46	8746	14.419	-5.571
563	NaN	507	NaN	609	0	-3	361	0	0	0	403	-53	8411	-56	8397	-45	8243	-47	8210	13.755	-7.392
563.1	NaN	501	NaN	622	0	-4	363	0	0	0	403	-52	7934	-55	8032	-45	7942	-47	7756	13.129	-6.158
563.2	NaN	500	NaN	621	0	-2	362	0	0	0	400	-53	7572	-54	7584	-46	7429	-47	7346	12.515	-6.169
563.3	NaN	506	NaN	619	0	1	358	1	0	0	402	-54	7130	-53	7276	-47	7113	-46	7208	11.876	-6.067
563.4	NaN	533	NaN	579	0	4	359	19	13	0	402	-13	6902	-13	7155	-12	6685	-12	7086	11.328	-2.853
563.5	NaN	522	NaN	608	0	13	362	30	20	0	402	5	6772	7	7134	10	6916	16	7346	11.325	0.093
563.6	NaN	532	NaN	601	0	24	359	22	14	0	406	-10	6362	-9	7087	-9	6354	-8	7057	11.131	-1.641
563.7	NaN	553	NaN	601	0	36	358	15	5	0	403	-21	6033	-14	7011	-18	6125	-12	7042	10.867	-3.564
563.8	NaN	559	NaN	631	0	38	358	16	8	0	402	-26	5836	-18	6954	-24	4252	-16	6898	10.495	-5.013
563.9	NaN	521	NaN	522	0	51	361	21	13	0	404	-12	5533	-7	6695	-11	5423	-6	6661	10.125	-4.78
564	NaN	540	NaN	533	0	57	364	23	14	0	405	-4	5299	-2	6631	-3	5286	-2	6621	9.803	-2.202
564.1	NaN	571	NaN	595	0	66	365	35	27	0	404	1	5227	7	6430	2	5209	28	6441	9.506	-2.957
564.2	NaN	539	NaN	588	0	69	362	35	27	0	403	1	5142	16	6388	4	5151	38	6402	9.412	-0.717
564.3	NaN	521.75	NaN	592	0	69	360	38	30	0	403	3	5109	22	6405	6	5136	54	6437	9.271	-1.702
564.4	NaN	522	NaN	587	0	68	360	38	31	0	404	3	5059	24	6388	7	5086	56	6459	9.234	0.118
564.5	NaN	522.25	NaN	563	0	68	363	41	33	0	404	3	5013	28	6296	8	5079	65	6326	9.262	-0.115
564.6	NaN	522.5	NaN	546	0	58	358	51	42	0	406	10	5169	49	6670	23	5248	116	6735	9.389	4.376
564.7	NaN	522.75	NaN	522	0	58	359	51	44	0	405	10	5531	51	6698	25	5757	121	6842	9.646	2.798
564.8	NaN	538	NaN	524	0	51	360	51	44	0	404	13	5733	49	6861	31	5722	114	6877	9.85	2.443
564.9	NaN	571	NaN	537	0	49	358	48	39	0	404	11	5758	40	6728	26	5862	95	6841	10.183	2.124
565	NaN	544	NaN	531	0	37	362	52	45	0	406	19	5785	47	7047	45	7983	110	7381	10.287	3.045
565.1	NaN	572	NaN	542	0	48	362	46	38	0	405	10	6324	35	6941	23	6204	81	7081	10.514	-0.091
565.2	NaN	549	NaN	537	0	54	359	47	37	0	403	9	6200	38	7142	21	6211	87	7219	10.735	1.476
565.3	NaN	525	NaN	521	0	53	357	51	43	0	406	12	6225	48	7262	27	6275	113	7366	10.893	1.783
565.4	NaN	514	NaN	588	0	51	358	57	49	0	404	15	6570	62	7551	35	6398	142	7714	11.209	3.619
565.5	NaN	463	NaN	498	0	50	363	73	65	0	406	21	6810	75	7946	48	6824	177	7996	11.611	4.26
565.6	NaN	504	NaN	540	0	50	359	81	73	0	403	19	7482	72	8097	44	7139	156	8179	12.099	5.97
565.7	NaN	485	NaN	540	0	37	358	96	87	0	406	25	7357	62	8315	55	8178	137	8532	12.427	3.794
565.8	NaN	504	NaN	520	0	30	362	100	92	0	405	28	8387	56	8383	63	8237	124	8540	12.855	4.158
565.9	NaN	560	NaN	523	0	18	360	100	99	0	405	33	8274	50	8526	72	8010	111	8699	13.329	5.022
566	NaN	521	NaN	533	0	13	360	100	100	0	406	35	8304	47	8758	75	8334	104	8891	13.813	5.195
566.1	NaN	519	NaN	534	0	7	363	100	100	0	404	38	8656	42	9039	81	8647	91	9086	14.266	5.353
566.2	NaN	532	NaN	531	0	2	359	100	100	0	404	39	8988	39	9238	82	8968	84	9277	14.688	5.611
566.3	NaN	526	NaN	561	0	-3	358	29	18	0	404	17	9183	11	9276	43	9218	29	9311	15.162	3.015
566.4	NaN	533	NaN	535.6315789	0	-8	416	0	0	0	445	-18	9013	-20	9061	-14	8983	-16	8980	14.833	-4.358
566.5	NaN	516	NaN	535.7631579	0	-11	524	0	0	0	522	-35	8666	-40	8440	-29	8678	-33	8458	14.253	-7.834
566.6	NaN	504	NaN	535.8947368	0	-19	511	0	0	0	521	-50	8343	-59	7858	-42	8224	-50	7154	13.439	-9.288
566.7	NaN	506	NaN	536.0263158	0	-32	371	0	0	0	415	-45	7972	-62	7108	-39	7942	-54	6698	12.649	-6.805
566.8	NaN	519	NaN	536.1578947	0	-35	356	5	6	0	400	-34	7715	-47	6779	-30	7655	-41	4647	11.949	-5.842
566.9	NaN	535	NaN	536.2894737	0	-45	358	7	7	0	398	-27	7307	-43	6265	-24	7337	-38	4361	11.392	-5.421
567	NaN	572	NaN	536.4210526	0	-54	361	12	12	0	401	-16	7019	-28	5871	-14	7035	-25	936	10.877	-5.393
567.1	NaN	510	NaN	536.5526316	0	-59	361	41	41	0	401	33	7060	6	5718	88	7338	15	2745	10.448	1.348
567.2	NaN	528	NaN	536.6842105	0	-58	362	43	41	0	401	40	7144	8	5774	91	7278	18	5953	10.471	1.998
567.3	NaN	564	NaN	536.8157895	0	-49	360	42	40	0	402	35	7130	9	5891	81	7298	23	6050	10.566	1.326
567.4	NaN	554	NaN	536.9473684	0	-17	358	38	29	0	402	17	6905	11	6269	34	6928	26	6303	10.796	2.056
567.5	NaN	507	NaN	537.0789474	0	-33	358	34	30	0	403	9	6758	4	6286	30	6783	11	6291	10.664	-1.295
567.6	NaN	531	NaN	537.2105263	0	-35	362	36	35	0	402	22	6920	9	6249	50	6897	23	6332	10.763	1.561
567.7	NaN	489	NaN	537.3421053	0	-35	360	37	32	0	402	15	6962	7	6253	36	6918	16	6277	10.854	0.707
567.8	NaN	539	NaN	537.4736842	0	-36	360	41	35	0	404	26	7114	11	6367	59	7173	26	6511	10.902	1.441
567.9	NaN	519	NaN	537.6052632	0	-53	362	30	26	0	403	8	7193	2	6365	15	7180	4	6243	10.985	-2.805
568	NaN	525	NaN	537.7368421	0	-44	360	27	21	0	403	7	7206	2	6178	6	7215	5	6213	10.823	1.054
568.1	NaN	561	NaN	537.8684211	0	-42	362	15	9	0	400	-14	6883	-22	5980	-13	6845	-19	5718	10.667	-3.319
568.2	NaN	552	NaN	528	0	-18	365	21	10	0	402	-6	6663	-7	6117	-6	6702	-6	6112	10.455	-0.052
568.3	NaN	550	NaN	530	0	-10	360	23	15	0	402	-6	6307	-5	6259	-4	6235	-5	6180	10.267	-2.949
568.4	NaN	532	NaN	535	0	10	364	28	19	0	405	2	6078	1	6377	2	6090	3	6310	10.23	-1.36
568.5	NaN	601	NaN	611	0	40	360	37	27	0	404	5	5730	15	6531	14	5808	36	6555	10.021	0.595
568.6	NaN	575	NaN	558	0	47	362	41	33	0	404	7	5638	24	6669	17	5686	57	6751	9.946	0.118
568.7	NaN	565	NaN	553	0	46	360	42	34	0	404	8	5706	28	6794	20	5770	65	6842	10.052	1.985
568.8	NaN	548	NaN	551	0	49	358	43	35	0	404	8	5732	29	6821	19	5804	69	6842	10.15	1.143
568.9	NaN	580	NaN	552	0	49	358	42	32	0	404	7	5705	25	6951	17	5772	60	6983	10.209	1.084
569	NaN	567	NaN	564	0	48	363	42	32	0	405	7	5782	26	6950	17	5866	61	6963	10.282	1.43
569.1	NaN	551	NaN	547	0	47	363	42	34	0	405	9	5847	28	6995	20	5979	65	7032	10.37	1.997
569.2	NaN	595	NaN	542	0	46	362	44	36	0	404	10	5857	31	7019	25	6895	74	7060	10.437	1.045
569.3	NaN	547	NaN	523	0	44	363	51	43	0	404	15	5952	46	7344	35	8623	108	7400	10.577	5.243
569.4	NaN	568	NaN	522	0	42	361	53	45	0	401	17	6385	48	7295	40	6634	113	7446	10.839	2.718
569.5	NaN	549	NaN	529	0	40	359	51	40	0	403	16	6501	42	7431	36	6479	97	7524	11.111	1.783
569.6	NaN	535	NaN	541	0	32	360	51	42	0	404	20	6640	43	7619	45	6607	99	7687	11.368	3.77
569.7	NaN	530	NaN	524	0	30	361	51	41	0	404	20	6842	39	7681	45	6920	91	7777	11.646	2.87
569.8	NaN	555	NaN	542	0	31	359	50	41	0	404	20	7082	39	7840	44	7129	89	7944	11.942	2.839
569.9	NaN	532	NaN	534	0	27	356	50	41	0	404	20	7194	38	8000	45	7359	87	8092	12.211	2.517
570	NaN	544	NaN	521	0	28	359	47	41	0	403	18	7421	37	8193	42	7489	80	8211	12.472	3.275
570.1	NaN	615	NaN	519	0	21	359	50	41	0	404	22	7594	38	8324	48	7721	83	8404	12.741	3.327
570.2	NaN	579	NaN	533	0	3	361	49	39	0	405	27	7854	31	8362	61	8020	69	8428	13.079	2.945
570.3	NaN	580	NaN	606	0	-10	359	42	33	0	403	19	8138	17	8219	43	8218	37	8259	13.279	1.734
570.4	NaN	536	NaN	616	0	-18	359	38	29	0	402	15	8293	10	8175	33	8374	22	8176	13.355	0.037
570.5	NaN	515	NaN	618	0	-23	359	37	30	0	403	16	8395	9	8106	35	8469	21	8137	13.389	0.93
570.6	NaN	546	NaN	576	0	-28	359	39	35	0	402	22	8556	11	8040	48	8595	25	8081	13.432	0.79
570.7	NaN	528	NaN	575	0	-31	361	37	36	0	402	22	8616	11	8027	49	8662	24	8071	13.502	0.711
570.8	NaN	525	NaN	617	0	-35	356	38	37	0	401	23	8720	11	8015	51	8695	24	8042	13.533	1.187
570.9	NaN	542.375	NaN	567	0	-35	358	41	38	0	402	30	8750	13	8059	65	8802	28	8092	13.61	1.412
571	NaN	536.75	NaN	581	0	-32	360	45	43	0	400	39	8890	19	8139	85	9031	39	8216	13.744	3.163
571.1	NaN	531.125	NaN	567	0	-32	360	46	43	0	402	39	8922	18	8311	84	9119	39	8389	13.988	2.558
571.2	NaN	553	NaN	566	0	-15	361	42	37	0	402	31	9031	22	8529	67	9216	46	8620	14.209	3.102
571.3	NaN	522	NaN	527	0	-11	358	33	24	0	404	5	8864	4	8566	11	8858	9	8630	14.235	-0.958
571.4	NaN	493	NaN	599	0	-3	362	37	30	0	402	8	8758	7	8597	18	8803	16	8701	14.169	0.583
571.5	NaN	512	NaN	588	0	7	360	49	42	0	402	13	8604	14	8841	25	8611	32	8854	14.173	0.38
571.6	NaN	551	NaN	517	0	21	362	51	40	0	404	25	8725	39	9260	54	8714	83	9294	14.468	3.826
571.7	NaN	520	NaN	525	0	24	358	49	38	0	405	23	8847	38	9484	48	8876	79	9501	14.73	3.118
571.8	NaN	545	NaN	519	0	22	356	47	39	0	404	20	8830	34	9594	43	9075	72	9673	14.888	1.662
571.9	NaN	529	NaN	522	0	24	362	47	39	0	404	20	9039	35	9644	43	9161	73	9786	15.081	1.834
572	NaN	527	NaN	518	0	21	359	51	43	0	406	24	9234	39	9911	50	9347	82	9977	15.289	1.867
572.1	NaN	530	NaN	505	0	19	358	54	46	0	404	29	9654	45	10026	60	9455	95	10064	15.578	3.887
572.2	NaN	539	NaN	512	0	16	360	59	51	0	404	30	9777	44	10143	63	9632	90	10269	15.883	3.48
572.3	NaN	524	NaN	511	0	5	360	60	52	0	405	33	9863	38	10222	67	9995	79	10354	16.224	3.866
572.4	NaN	537	NaN	510	0	-1	364	62	55	0	404	37	10166	36	10400	74	10274	72	10445	16.597	4.098
572.5	NaN	572	NaN	521	0	-9	365	62	57	0	403	31	10496	25	10373	62	10454	52	10510	16.878	2.814
572.6	NaN	521	NaN	542	0	-20	356	62	59	0	403	36	10692	24	10388	73	10825	47	10600	17.12	1.857
572.7	NaN	555	NaN	566	0	-22	361	65	64	0	403	31	10906	20	10514	62	10979	39	10530	17.302	2.562
572.8	NaN	524	NaN	553	0	-24	356	67	65	0	402	31	11027	19	10503	61	11119	37	10621	17.446	1.187
572.9	NaN	518	NaN	559	0	-24	359	69	67	0	402	31	11062	19	10580	61	11198	37	10746	17.568	0.476
573	NaN	517	NaN	550	0	-21	361	74	73	0	399	24	11133	15	10687	47	11161	30	10696	17.666	0.444
573.1	NaN	514	NaN	580	0	-21	356	87	86	0	401	24	11114	15	10650	47	11218	31	10748	17.716	0.736
573.2	NaN	516	NaN	593	0	-15	360	100	100	0	403	22	11159	16	10746	45	11147	32	10835	17.776	2.812
573.3	NaN	521	NaN	602	0	-11	358	100	100	0	402	16	11074	12	10803	32	11177	25	10870	17.825	-0.298
573.4	NaN	538	NaN	570	0	-9	360	100	100	0	402	17	11059	14	10827	33	11120	27	10922	17.841	-0.454
573.5	NaN	512	NaN	588	0	-3	359	100	100	0	400	12	10904	11	10970	25	11010	23	10931	17.875	0.719
573.6	NaN	537	NaN	576	0	1	358	100	100	0	403	15	10838	15	11060	29	10962	30	11081	17.847	-0.353
573.7	NaN	536	NaN	583	0	5	362	100	100	0	405	14	10824	16	11197	27	10809	31	11177	17.878	0.633
573.8	NaN	549	NaN	588	0	4	361	100	100	0	403	15	10800	16	11153	29	10918	31	11239	17.916	-0.143
573.9	NaN	521	NaN	613	1	4	360	100	100	0	403	14	10857	15	11164	28	10931	28	11252	17.92	0.54
574	NaN	526	NaN	592	1	3	359	100	100	0	402	13	10876	12	11172	26	10957	26	11213	17.949	-0.131
574.1	NaN	540	NaN	591	1	0	358	100	100	0	402	14	10886	13	11099	26	11001	26	11188	17.95	-0.65
574.2	NaN	528	NaN	596	1	-1	358	100	100	0	405	12	10946	13	11195	24	10968	24	11150	17.959	0.344
574.3	NaN	530	NaN	605	1	1	362	100	100	0	405	13	10916	12	11116	24	11004	24	11137	17.97	-0.412
574.4	NaN	526	NaN	588	1	1	358	100	100	0	404	12	10927	12	11213	24	10912	25	11182	17.988	1.928
574.5	NaN	503	NaN	599	1	-2	358	100	100	0	402	11	10995	10	11149	19	11033	19	11170	17.983	-0.941
574.6	NaN	496	NaN	597	1	-2	360	100	100	0	402	10	10972	10	11137	20	11031	20	11154	17.994	-0.934
574.7	NaN	505	NaN	606	1	-3	359	100	100	0	402	11	11019	10	11112	19	11042	19	11145	18.001	0.266
574.8	NaN	495	NaN	594	1	-2	359	100	100	0	404	9	10989	9	11069	18	11065	16	11142	17.989	-1.053
574.9	NaN	503	NaN	608	1	-3	357	100	100	0	402	11	11039	10	11170	22	11000	21	11129	17.973	1.113
575	NaN	513	NaN	606	1	0	363	100	100	0	402	11	10941	10	11021	21	11047	20	11086	18.008	1.469
575.1	NaN	514	NaN	587	1	-1	358	100	100	0	402	11	10939	11	11180	23	10973	23	11173	18	-0.048
575.2	NaN	515	NaN	609	1	2	360	100	100	0	404	11	10986	11	11143	20	11036	21	11179	18.011	0.251
575.3	NaN	505	NaN	597	1	-1	358	100	100	0	403	10	10971	9	11219	20	11045	18	11184	18.02	-1.49
575.4	NaN	505	NaN	635	1	-4	356	100	95	0	404	11	11026	10	11146	21	11027	20	11156	18.025	0.051
575.5	NaN	502	NaN	593	1	-5	359	68	59	0	402	8	11038	7	11036	15	11098	13	11106	18.001	0.057
575.6	NaN	534	NaN	530	0	-7	358	0	0	0	404	-6	10933	-8	11039	-7	10904	-6	10967	17.956	-1.974
575.7	NaN	549	NaN	631	0	-5	359	0	0	0	402	-25	10791	-27	10708	-20	10772	-20	10663	17.659	-3.84
575.8	NaN	525	NaN	604	0	-6	359	0	0	0	401	-45	10366	-47	10461	-34	10351	-36	10285	17.232	-5.779
575.9	NaN	512	NaN	629	0	-2	363	0	0	0	399	-48	10031	-50	10114	-37	10048	-38	9904	16.637	-5.201
576	NaN	498	NaN	614	0	-4	359	0	0	0	403	-51	9795	-52	9713	-39	9510	-41	9568	16.08	-5.819
576.1	NaN	505	NaN	607	0	-1	358	0	0	0	401	-52	9380	-53	9411	-41	9372	-43	9289	15.455	-6.855
576.2	NaN	512	NaN	607	0	-1	358	0	0	0	402	-54	8831	-54	9008	-44	8974	-44	9002	14.817	-5.552
576.3	NaN	511	NaN	619	0	-0	359	1	0	0	402	-53	8491	-54	8716	-44	8429	-45	8458	14.18	-6.971
576.4	NaN	520	NaN	618	0	-1	360	8	2	0	402	-46	8092	-47	8334	-37	8016	-39	8209	13.574	-5.89
576.5	NaN	538	NaN	612	0	1	358	15	8	0	403	-23	7939	-23	8118	-20	7894	-20	8022	13.088	-3.844
576.6	NaN	540	NaN	631	0	5	360	15	9	0	402	-24	7657	-22	7906	-21	7461	-19	7874	12.768	-3.911
576.7	NaN	530	NaN	635	0	21	358	16	8	0	403	-27	7203	-21	7965	-23	7231	-19	7858	12.227	-6.035
576.8	NaN	536	NaN	529	0	28	360	22	13	0	403	-9	6612	-7	7700	-7	7270	-6	7786	12.093	0.51
576.9	NaN	539	NaN	532	0	42	361	24	14	0	404	-5	6667	-3	7743	-4	6376	-3	7628	11.78	-5.982
577	NaN	543	NaN	531	0	46	360	25	16	0	405	0	6390	0	7552	0	6580	0	7603	11.507	-2.074
577.1	NaN	592	NaN	567	0	45	363	41	32	0	403	7	6467	24	7581	17	6753	56	7645	11.364	-1.186
577.2	NaN	566	NaN	580	0	36	358	41	33	0	404	9	6570	23	7540	22	6632	52	7589	11.451	0.125
577.3	NaN	554	NaN	605.9736842	0	31	360	48	40	0	403	17	6749	35	7643	39	6796	80	7677	11.621	2.939
577.4	NaN	531	NaN	604.9473684	0	29	359	52	44	0	404	21	6946	44	7861	49	7008	99	7883	11.92	3.672
577.5	NaN	520	NaN	603.9210526	0	30	360	52	43	0	404	21	7318	44	7976	48	7259	97	7991	12.339	2.745
577.6	NaN	546	NaN	602.8947368	0	20	359	55	47	0	405	30	7563	44	8274	67	7573	99	8319	12.638	5.871
577.7	NaN	529	NaN	601.8684211	0	31	359	48	40	0	403	16	7591	35	8234	37	7766	77	8281	13.034	-1.496
577.8	NaN	512	NaN	600.8421053	0	25	362	63	53	0	405	27	7863	48	8792	58	9586	107	8845	13.313	10.262
577.9	NaN	517	NaN	599.8157895	0	29	359	61	52	0	405	27	8321	55	8827	59	8506	120	8933	13.752	2.968
578	NaN	503	NaN	598.7894737	0	24	361	58	49	0	407	29	8628	53	9146	63	8619	113	9241	14.14	3.817
578.1	NaN	501	NaN	597.7631579	0	20	359	80	72	0	405	31	9183	48	9358	65	8807	100	9429	14.526	5.136
578.2	NaN	523	NaN	596.7368421	0	19	356	100	95	0	405	31	9090	47	9543	66	9221	97	9587	14.96	3.312
578.3	NaN	512	NaN	595.7105263	0	19	356	100	100	0	405	30	9687	46	9700	62	9287	95	9804	15.354	4.738
578.4	NaN	538	NaN	594.6842105	0	12	362	100	100	0	405	33	9412	42	9950	68	9912	86	10081	15.668	1.521
578.5	NaN	534	NaN	593.6578947	0	3	358	100	100	0	404	36	9726	39	10084	74	9790	81	10175	16.104	2.977
578.6	NaN	568	NaN	592.6315789	0	-8	360	100	100	0	403	38	10178	33	10171	78	10216	68	10230	16.503	4.894
578.7	NaN	542	NaN	591.6052632	0	-19	357	100	100	0	405	42	10480	28	10176	85	10609	57	10285	16.784	2.72
578.8	NaN	525	NaN	590.5789474	0	-24	356	100	100	0	404	43	10699	27	10282	86	10788	52	10443	17.067	2.759
578.9	NaN	516	NaN	589.5526316	0	-23	358	100	100	0	402	34	10901	22	10468	68	10971	41	10510	17.297	2.805
579	NaN	534	NaN	588.5263158	0	-23	358	100	100	0	404	31	10955	18	10459	60	11026	38	10539	17.441	1.43
579.1	NaN	543	NaN	569	0	-18	359	100	100	0	402	30	11047	20	10554	60	11154	41	10710	17.601	2.295
579.2	NaN	550	NaN	575	0	-4	356	100	100	0	403	17	10850	16	10820	33	10990	30	10852	17.73	-0.035
579.3	NaN	556	NaN	567	0	5	357	100	100	0	404	18	10739	20	11017	36	10821	38	11110	17.762	0.653
579.4	NaN	560	NaN	564	0	8	358	100	100	0	405	16	10752	19	11160	32	10844	36	11186	17.88	1.334
579.5	NaN	535	NaN	554	0	8	361	100	100	0	404	18	10738	20	11256	34	10760	39	11295	17.914	-0.219
579.6	NaN	542	NaN	579	0	5	358	100	100	0	404	16	10816	18	11182	31	10913	33	11268	18.022	2.554
579.7	NaN	512	NaN	595	0	-4	359	100	100	0	404	11	10952	10	11149	20	11018	19	11153	18.001	-1.373
579.8	NaN	507	NaN	598	0	-3	361	100	100	0	403	11	10946	11	10991	23	11025	21	11043	18.009	0.487
579.9	NaN	496	NaN	620	0	-5	359	100	100	0	403	9	11003	8	11028	16	11055	16	11066	17.973	-0.13
580	NaN	510	NaN	588	1	-7	360	100	100	0	403	11	11002	9	10933	22	10982	20	11012	17.893	-0.576
580.1	NaN	511	NaN	584	1	-8	358	100	100	0	401	12	11088	10	11042	23	11089	19	10978	17.85	-1.104
580.2	NaN	520	NaN	587	1	-8	357	100	100	0	404	13	10912	12	10852	26	11033	23	10952	17.863	1.041
580.3	NaN	519	NaN	613	1	-8	361	100	100	0	404	15	11000	13	10955	29	11077	25	10968	17.815	0.042
580.4	NaN	518	NaN	593	1	-3	362	100	100	0	402	11	10944	10	10969	21	11014	20	10965	17.813	-0.143
580.5	NaN	552	NaN	583	1	-1	363	100	100	0	402	13	10898	12	10949	26	10926	25	11030	17.774	0.774
580.6	NaN	529	NaN	603	1	-1	357	94	85	0	403	12	10928	12	11017	24	10960	23	11006	17.889	-1.044
580.7	NaN	520	NaN	579	1	-3	360	69	59	0	401	12	10871	12	10983	23	10934	23	11055	17.881	1.706
580.8	NaN	525	NaN	603	0	-3	362	0	0	0	404	-10	10813	-11	10933	-8	10724	-8	10781	17.761	-2.218
580.9	NaN	532	NaN	603	0	1	358	0	0	0	399	-32	10549	-32	10693	-24	10502	-24	10587	17.452	-4.903
581	NaN	511	NaN	597	0	-1	359	0	0	0	400	-48	10189	-49	10316	-37	10165	-38	10339	16.915	-5.498
581.1	NaN	497	NaN	612	0	1	357	0	0	0	399	-50	9866	-51	10004	-39	9695	-38	9890	16.354	-4.903
581.2	NaN	518	NaN	614	0	2	358	0	0	0	402	-51	9462	-51	9662	-41	9315	-40	9609	15.768	-5.429
581.3	NaN	512	NaN	608	0	6	362	0	0	0	400	-55	8995	-52	9335	-44	8980	-42	9217	15.155	-6.981
581.4	NaN	505	NaN	606	0	6	358	0	0	0	403	-56	8534	-54	8976	-47	8539	-44	8884	14.476	-6.647
581.5	NaN	518	NaN	611	0	8	358	0	0	0	400	-58	8082	-52	8574	-48	8092	-44	8469	13.829	-6.431
581.6	NaN	503	NaN	619	0	3	359	0	0	0	402	-55	7791	-53	8162	-48	7775	-45	8014	13.176	-6.472
581.7	NaN	495	NaN	601	0	-14	358	0	0	0	400	-50	7647	-57	7468	-43	7633	-49	7307	12.544	-6.544
581.8	NaN	507	NaN	628	0	-36	360	1	2	0	399	-43	7543	-60	6533	-38	7543	-52	5498	11.869	-6.372
581.9	NaN	554	NaN	703	0	-45	361	11	11	0	399	-19	7373	-29	6071	-17	7422	-26	3889	11.383	-3.106
582	NaN	539	NaN	531	0	-51	360	19	20	0	400	-1	7324	-2	6215	-1	7292	-2	4578	10.974	-3.409
582.1	NaN	537	NaN	533	0	-51	360	24	22	0	400	0	7063	0	6075	0	7047	0	5855	10.718	-3.797
582.2	NaN	493	NaN	578	0	-36	360	31	30	0	401	11	7015	4	6042	25	6996	10	5961	10.546	0.117
582.3	NaN	487	NaN	590	0	-13	356	33	26	0	402	7	6630	5	6283	17	6714	13	6291	10.572	0.96
582.4	NaN	567	NaN	624	0	16	363	36	28	0	404	7	6305	11	6627	18	6392	25	6662	10.574	0.034
582.5	NaN	567	NaN	609	0	53	361	36	28	0	405	4	5970	16	6827	9	6038	37	6894	10.507	-0.659
582.6	NaN	604	NaN	619	0	56	361	37	29	0	404	3	5864	17	6948	8	5902	40	6989	10.468	-1.995
582.7	NaN	500	NaN	519	0	51	358	63	54	0	405	19	6159	74	7560	45	6582	173	7569	10.696	5.388
582.8	NaN	513	NaN	531	0	53	362	58	47	0	402	16	7006	61	7519	37	6890	140	7625	11.114	0.784
582.9	NaN	551	NaN	531	0	49	361	48	38	0	404	11	6723	39	7664	26	6765	88	7721	11.41	2.261
583	NaN	555	NaN	565	0	46	359	43	33	0	405	9	6530	28	7675	20	6682	64	7731	11.586	0.568
583.1	NaN	554	NaN	522	0	49	362	47	39	0	404	12	6566	39	7817	28	6723	89	7871	11.644	1.779
583.2	NaN	550	NaN	547	0	53	357	46	36	0	403	9	6663	36	7821	22	6854	82	7914	11.817	1.841
583.3	NaN	547	NaN	519	0	53	358	52	44	0	403	14	7178	53	8009	31	6887	115	8132	11.934	2.676
583.4	NaN	540	NaN	506	0	48	358	54	47	0	403	16	7554	55	8032	38	7247	125	8155	12.208	2.254
583.5	NaN	525	NaN	568	0	41	360	78	71	0	405	24	7692	61	8491	51	7474	140	8576	12.571	6.774
583.6	NaN	508	NaN	522	0	41	360	100	100	0	404	23	9297	60	8673	48	8420	135	8629	12.979	6.689
583.7	NaN	569	NaN	565	0	33	358	100	100	0	405	26	7791	57	8726	60	9495	120	8764	13.37	-0.353
583.8	NaN	561	NaN	560	0	15	359	100	100	0	406	31	8316	43	8973	68	9536	96	9170	13.67	7.439
583.9	NaN	541	NaN	549	0	18	360	100	100	0	403	32	11105	46	8849	67	9797	100	8970	14.154	3.425
584	NaN	539	NaN	543	0	8	357	100	100	0	405	36	8993	43	9412	77	8901	91	9406	14.518	6.166
584.1	NaN	532	NaN	528	0	11	362	100	100	0	404	34	9266	44	9468	71	9370	90	9506	15.073	3.804
584.2	NaN	530	NaN	534	0	11	358	100	100	0	404	32	9338	43	9757	69	9404	89	9861	15.442	4.108
584.3	NaN	537	NaN	525	0	9	359	100	100	0	404	34	9562	41	9944	70	9697	84	10064	15.84	4.931
584.4	NaN	546	NaN	522	0	7	357	100	100	0	404	34	9799	39	10271	69	9935	81	10389	16.237	4.626
584.5	NaN	530	NaN	520	0	4	359	100	100	0	404	35	10240	38	10389	70	10120	75	10455	16.606	5.211
584.6	NaN	528	NaN	536	0	4	359	100	100	0	405	30	10291	33	10505	60	10531	67	10678	16.94	1.119
584.7	NaN	496	NaN	530	0	2	362	100	100	0	404	28	10461	29	10769	56	10622	57	10798	17.208	1.668
584.8	NaN	573	NaN	606	0	-3	360	100	100	0	404	23	10640	22	10780	45	10633	43	10806	17.442	1.94
584.9	NaN	536	NaN	556	1	-2	357	100	100	0	404	19	10720	18	10791	37	10881	35	10880	17.554	0.475
585	NaN	552	NaN	569	1	-5	359	100	100	0	400	19	10784	17	10901	37	10873	34	10897	17.677	0.941
585.1	NaN	539	NaN	572	0	-6	359	50	43	0	403	15	10878	14	10815	30	10915	27	10919	17.714	-0.038
585.2	NaN	544	NaN	546	0	-4	358	0	0	0	402	-13	10585	-14	10664	-10	10681	-10	10663	17.597	-1.914
585.3	NaN	535	NaN	539.2857143	0	-3	362	0	0	0	402	-34	10483	-36	10471	-25	10377	-26	10352	17.213	-4.565
585.4	NaN	515	NaN	539.0714286	0	-4	356	0	0	0	403	-47	10088	-49	10111	-37	10022	-38	10035	16.653	-5.325
585.5	NaN	535	NaN	538.8571429	0	-3	357	0	0	0	402	-50	9747	-51	9800	-39	9568	-40	9534	16.082	-5.886
585.6	NaN	522	NaN	538.6428571	0	-2	359	0	0	0	402	-51	9241	-52	9433	-41	9283	-42	9370	15.447	-5.9
585.7	NaN	523	NaN	538.4285714	0	1	367	0	0	0	406	-54	8909	-54	9043	-44	8815	-44	9029	14.821	-5.576
585.8	NaN	518	NaN	538.2142857	0	0	358	0	0	0	400	-55	8471	-54	8641	-45	8448	-45	8449	14.18	-6.242
585.9	NaN	515	NaN	538	0	4	358	0	0	0	401	-55	8040	-53	8293	-46	7892	-45	8230	13.546	-6.57
586	NaN	519	NaN	537.7857143	0	12	361	0	0	0	402	-57	7312	-51	7980	-49	7480	-44	7946	12.918	-6.497
586.1	NaN	504	NaN	537.5714286	0	15	355	0	0	0	403	-58	6862	-49	7704	-51	6984	-43	7620	12.231	-5.359
586.2	NaN	517	NaN	537.3571429	0	27	358	0	0	0	402	-60	6369	-46	7312	-52	5917	-41	7286	11.586	-5.626
586.3	NaN	529	NaN	537.1428571	0	44	359	0	0	0	403	-64	5856	-42	7120	-58	2629	-37	6980	10.897	-7.138
586.4	NaN	531	NaN	536.9285714	0	60	363	3	0	0	403	-68	4276	-38	6676	-52	607	-33	6682	10.238	-9.106
586.5	NaN	468	NaN	536.7142857	0	68	363	21	12	0	403	-12	4689	-6	6433	-1	53	-6	6518	9.644	-2.951
586.6	NaN	535	NaN	531	0	64	362	31	23	0	405	-5	4690	-1	6205	-3	2452	-1	6274	9.166	-2.699
586.7	NaN	526	NaN	516	0	52	361	59	49	0	403	17	4924	69	6886	43	4951	165	7601	9.079	3.497
586.8	NaN	525	NaN	518	0	32	362	60	53	0	404	24	5742	54	6349	57	6575	132	6709	9.235	2.095
586.9	NaN	539	NaN	542	0	22	362	26	18	0	405	0	5228	0	6311	-1	5366	-3	6287	9.569	-2.702
587	NaN	542	NaN	544	0	-10	358	58	54	0	404	51	5829	45	6334	118	7424	103	7014	9.779	6.881
587.1	NaN	579	NaN	548	0	-16	360	50	45	0	403	39	7292	25	6129	91	6862	61	6165	10.188	3.12
587.2	NaN	601	NaN	583	0	-39	361	47	42	0	402	37	6678	15	6229	86	6692	35	6273	10.475	1.998
587.3	NaN	547	NaN	620	0	-57	362	48	49	0	403	55	7379	12	6210	128	7263	30	6230	10.688	5.215
587.4	NaN	524	NaN	527	0	-75	363	31	22	0	403	4	6877	0	5971	10	6979	0	6049	10.751	-3.003
587.5	NaN	504	NaN	516	0	-73	363	59	61	0	403	18	7106	1	5862	42	7172	3	5772	10.403	-3.162
587.6	NaN	488	NaN	607	0	-72	362	62	58	0	402	89	7666	8	5914	203	7527	19	6079	10.704	5.422
587.7	NaN	507	NaN	617	0	-71	357	100	100	0	403	82	7969	8	6058	192	8381	19	6314	10.966	4.462
587.8	NaN	530	NaN	581	0	-68	358	100	100	0	402	82	7784	10	6230	190	8113	23	7076	11.23	1.091
587.9	NaN	541	NaN	574	0	-38	360	100	100	0	402	56	8138	19	6210	130	9698	45	7554	11.241	7.269
588	NaN	531	NaN	512	0	3	360	100	100	0	403	38	7634	37	8677	87	8533	85	10754	11.263	5.117
588.1	NaN	546	NaN	530	0	24	360	100	100	0	403	28	7633	46	7913	63	7999	107	11919	11.274	6.624
588.2	NaN	534	NaN	547	0	27	361	100	100	0	404	24	7423	44	7481	57	7523	102	14349	11.559	1.892
588.3	NaN	526	NaN	510	0	24	360	100	100	0	404	20	7300	35	7800	45	7290	73	17398	11.937	2.245
588.4	NaN	533	NaN	511	0	-6	358	100	100	0	404	36	7472	33	8138	80	7580	69	13644	12.538	6.485
588.5	NaN	529	NaN	519	0	-16	358	100	100	0	404	47	8363	34	8050	103	8275	79	8231	13.182	3.898
588.6	NaN	561	NaN	522	0	-16	362	100	100	0	404	50	8650	34	8323	108	8805	74	8406	13.652	3.739
588.7	NaN	530	NaN	521	0	-15	358	100	100	0	404	46	8902	33	8680	100	9098	72	8725	14.141	4.74
588.8	NaN	530	NaN	516	0	-10	359	100	100	0	405	44	9195	34	8964	90	9397	73	9050	14.639	3.526
588.9	NaN	514	NaN	518	0	-5	359	100	100	0	404	41	9369	36	9345	85	9465	76	9420	15.084	3.494
589	NaN	519	NaN	520	0	-1	359	100	100	0	404	39	9590	37	9735	82	9601	75	9714	15.51	4.205
589.1	NaN	530	NaN	516	0	2	359	100	94	0	405	36	9719	39	9975	74	9865	80	10097	15.942	3.36
589.2	NaN	513	NaN	525	0	2	358	96	86	0	405	37	10042	37	10178	74	10126	74	10294	16.341	5.032
589.3	NaN	545	NaN	527	0	-4	361	91	83	0	404	36	10271	33	10459	72	10376	66	10500	16.692	3.432
589.4	NaN	497	NaN	544	1	-2	362	84	76	0	404	30	10380	29	10539	60	10486	58	10637	17.053	1.931
589.5	NaN	493	NaN	565	0	-1	360	60	50	0	403	26	10529	25	10731	52	10666	50	10829	17.263	1.516
589.6	NaN	536	NaN	529	0	3	362	32	24	0	404	2	10421	1	10822	2	10464	3	10769	17.407	-0.825
589.7	NaN	518	NaN	598	0	-0	360	33	25	0	402	5	10324	5	10708	10	10441	10	10728	17.305	-1.925
589.8	NaN	531	NaN	530	0	-2	365	27	17	0	405	-0	10353	-0	10631	-0	10398	-0	10612	17.165	-1.792
589.9	NaN	530	NaN	528	0	-1	360	20	10	0	403	-2	10294	-2	10535	-1	10278	-2	10507	16.998	-1.305
590	NaN	535	NaN	524.7857143	0	-2	359	0	0	0	403	-22	10023	-22	10208	-17	10036	-17	10249	16.737	-3.395
590.1	NaN	506	NaN	526.0714286	0	2	361	0	0	0	402	-42	9654	-42	9969	-33	9662	-33	9893	16.304	-4.459
590.2	NaN	499	NaN	527.3571429	0	11	358	0	0	0	403	-54	9123	-50	9809	-43	8991	-39	9638	15.732	-5.888
590.3	NaN	510	NaN	528.6428571	0	9	358	3	0	0	403	-54	8724	-49	9435	-43	8321	-40	9397	15.055	-8.42
590.4	NaN	528	NaN	529.9285714	0	6	360	10	4	0	402	-38	8550	-35	9020	-31	8418	-29	8912	14.51	-5.391
590.5	NaN	537	NaN	531.2142857	0	8	363	14	7	0	402	-29	8346	-26	8753	-24	8360	-22	8647	14.028	-5.784
590.6	NaN	528	NaN	523	0	14	361	20	13	0	403	-9	8134	-8	8580	-8	8088	-7	8587	13.748	-3.326
590.7	NaN	533	NaN	530	0	18	363	21	13	0	404	-10	7987	-8	8636	-8	7862	-7	8515	13.453	-5.473
590.8	NaN	540	NaN	528	0	23	359	23	16	0	405	-3	7760	-2	8444	-2	7579	-2	8451	13.261	-3.14
590.9	NaN	532	NaN	532	0	24	363	23	15	0	405	-3	7609	-2	8513	-3	7316	-2	8360	13.015	-5.275
591	NaN	539	NaN	533	0	24	357	28	21	0	403	0	7161	0	8263	0	7503	0	8251	12.857	-0.628
591.1	NaN	528	NaN	510	0	27	360	31	23	0	403	2	7357	3	8266	4	7297	7	8154	12.667	-2.96
591.2	NaN	525	NaN	528.2571429	0	33	359	31	24	0	403	2	7028	4	8072	4	7282	9	8054	12.525	-1.235
591.3	NaN	527.2	NaN	527.6928571	0	37	359	36	29	0	404	6	7173	15	8096	14	7234	33	8146	12.438	-0.178
591.4	NaN	525.4	NaN	527.1285714	0	38	358	37	30	0	405	6	7047	16	8085	15	7460	36	8159	12.371	-2.442
591.5	NaN	523.6	NaN	526.5642857	0	39	358	38	29	0	404	7	7068	17	8152	15	7140	37	8220	12.338	-0.105
591.6	NaN	521.8	NaN	535	0	25	359	53	46	0	404	25	7217	46	8239	58	9179	104	8431	12.353	0.813
591.7	NaN	549	NaN	578	0	28	359	41	35	0	404	13	7985	24	8063	29	7585	53	8212	12.686	1.248
591.8	NaN	516	NaN	610	0	36	358	33	23	0	405	5	7364	9	8244	7	7660	19	8279	12.721	-1.099
591.9	NaN	529	NaN	505	0	44	359	32	24	0	405	1	7148	3	8140	2	7170	7	8171	12.54	-2.819
592	NaN	517	NaN	526	0	48	361	14	4	0	406	-8	6779	-5	7971	-8	6868	-5	8086	12.292	-2.043
592.1	NaN	541	NaN	527.0642857	0	48	358	13	5	0	405	-33	6166	-20	7661	-30	5353	-17	7692	11.887	-7.013
592.2	NaN	530	NaN	525	0	52	362	24	17	0	401	-12	5944	-7	7446	-6	5364	-7	7499	11.355	-6.616
592.3	NaN	573	NaN	601	0	51	360	37	31	0	402	6	6148	20	7453	12	6267	46	7633	11.062	-1.78
592.4	NaN	562	NaN	526	0	51	360	39	33	0	406	3	5947	13	7174	8	6197	29	7310	10.94	-2.096
592.5	NaN	521	NaN	526	0	46	358	57	46	0	402	18	6236	58	7375	41	6671	135	7408	10.856	3.25
592.6	NaN	501	NaN	521	0	41	357	61	54	0	404	25	7695	66	7568	56	6672	150	7671	11.243	5.023
592.7	NaN	501	NaN	531	0	39	357	85	77	0	405	24	7629	68	7713	58	6931	155	7826	11.672	6.238
592.8	NaN	495	NaN	536	0	29	362	97	90	0	405	29	8132	59	7962	67	7180	133	8027	12.122	5.373
592.9	NaN	519	NaN	526	0	23	358	100	100	0	405	32	7556	56	8218	72	7550	122	8281	12.646	4.021
593	NaN	511	NaN	526	0	21	361	100	100	0	403	32	7869	53	8497	70	7838	117	8597	13.13	4.335
593.1	NaN	512	NaN	517	0	17	362	100	100	0	404	33	8131	50	8726	74	8148	108	8868	13.595	4.251
593.2	NaN	575	NaN	525	0	8	356	100	100	0	404	36	8494	45	8903	79	8540	97	9033	14.077	4.137
593.3	NaN	517	NaN	528	0	3	357	100	100	0	405	38	8842	41	9172	80	8945	88	9172	14.517	3.283
593.4	NaN	511	NaN	524	0	2	358	100	100	0	405	38	9110	38	9365	80	9260	83	9406	14.953	4.822
593.5	NaN	526	NaN	526	0	-2	357	100	100	0	404	38	9424	38	9558	79	9543	79	9619	15.354	4.969
593.6	NaN	530	NaN	530	0	-0	357	100	100	0	404	38	9688	36	9713	78	9754	74	9855	15.732	4.417
593.7	NaN	530	NaN	523	1	-4	360	100	100	0	404	38	9877	35	9954	78	9966	73	10042	16.094	4.109
593.8	NaN	509	NaN	525	1	-3	358	100	100	0	404	37	10082	35	10223	75	10256	71	10280	16.431	3.197
593.9	NaN	539	NaN	559	1	-6	360	100	100	0	403	34	10341	31	10347	67	10428	63	10406	16.78	3.141
594	NaN	523	NaN	553	1	-3	363	100	100	0	404	28	10442	26	10447	56	10502	54	10561	17.028	3.288
594.1	NaN	497	NaN	541	1	-5	358	100	100	0	403	25	10552	24	10672	50	10695	47	10701	17.245	2.364
594.2	NaN	503	NaN	558	1	-3	361	100	100	0	403	22	10679	20	10682	41	10732	39	10782	17.434	1.968
594.3	NaN	512	NaN	584	1	-5	360	100	100	0	404	19	10712	18	10784	39	10818	37	10846	17.556	0.724
594.4	NaN	514.75	NaN	605	1	-2	360	100	100	0	404	17	10813	16	10905	33	10898	32	10905	17.612	-0.157
594.5	NaN	521	NaN	586	1	-3	360	100	100	0	402	16	10829	16	10803	31	10777	30	10920	17.751	1.542
594.6	NaN	532	NaN	596	1	-2	358	100	100	0	401	15	10864	14	11033	30	10987	27	11015	17.745	0.875
594.7	NaN	515	NaN	616	1	-3	362	100	100	0	403	13	10909	13	10912	26	10943	25	10994	17.806	-0.115
594.8	NaN	521	NaN	583	1	-2	359	100	100	0	404	13	10867	12	11011	26	10967	24	11012	17.831	0.725
594.9	NaN	531	NaN	616	1	-4	359	100	100	0	401	13	10947	13	11044	26	11006	26	10997	17.863	-1.878
595	NaN	502	NaN	590	1	-2	357	100	100	0	403	12	10941	11	10943	23	10900	23	11012	17.904	0.023
595.1	NaN	515	NaN	600	1	-3	359	100	100	0	404	13	10927	12	11107	26	11026	25	11052	17.896	-0.219
595.2	NaN	509	NaN	586	1	-6	357	100	100	0	403	10	11005	10	10945	19	10975	17	11002	17.923	-0.46
595.3	NaN	493	NaN	583	1	-5	360	100	100	0	402	11	10924	10	11062	23	11060	21	11088	17.902	0.738
595.4	NaN	501	NaN	585	1	-6	360	100	100	0	403	12	11012	11	11028	24	11055	21	11035	17.913	-1.09
595.5	NaN	491	NaN	584	1	-4	362	100	100	0	403	11	10977	10	10959	22	10974	20	11034	17.924	0.349
595.6	NaN	514	NaN	591	1	-4	357	100	100	0	402	12	10951	11	11048	23	11033	21	11028	17.92	0.892
595.7	NaN	493	NaN	598	1	-3	363	100	100	0	405	9	11012	9	10942	17	10951	16	10998	17.907	-0.005
595.8	NaN	515	NaN	594	1	-6	359	100	100	0	402	12	10924	11	11068	24	11035	22	11034	17.94	-0.316
595.9	NaN	510	NaN	590	1	-4	359	100	100	0	402	11	11025	10	10970	20	11066	18	11032	17.933	0.611
596	NaN	494	NaN	575	1	-5	358	78	69	0	403	10	10979	9	11095	21	11037	20	11101	17.871	0.495
596.1	NaN	530	NaN	578	0	-3	358	57	47	0	402	13	10945	12	11042	26	11026	24	10995	17.941	-1.14
596.2	NaN	532	NaN	580	0	8	361	68	61	0	403	12	10866	13	11076	23	10873	26	11158	17.964	0.614
596.3	NaN	539	NaN	561	0	13	359	100	92	0	401	15	10772	19	11411	31	10909	38	11376	17.982	1.753
596.4	NaN	554	NaN	537	0	17	361	100	98	0	405	16	10784	23	11392	32	11272	45	11477	18.037	1.663
596.5	NaN	527	NaN	550	0	14	363	100	100	0	405	15	10835	19	11547	29	10988	39	11523	18.062	-0.48
596.6	NaN	521	NaN	557	0	9	361	100	100	0	404	15	10783	19	11419	29	10962	36	11453	18.076	-1.818
596.7	NaN	504	NaN	595	0	-5	359	100	100	0	404	11	10969	10	11275	21	10956	19	11257	18.078	1.438
596.8	NaN	486	NaN	583	0	-7	360	18	12	0	404	9	11055	7	10971	18	11122	14	11020	18.044	-0.707
596.9	NaN	542	NaN	607	0	-9	359	0	0	0	402	-19	10851	-21	10739	-15	10853	-16	10707	17.737	-2.685
597	NaN	513	NaN	634	0	-13	361	0	0	0	401	-38	10655	-43	10433	-29	10560	-32	10243	17.268	-6.378
597.1	NaN	499	NaN	608	0	-11	361	0	0	0	402	-45	10234	-51	9918	-35	10318	-40	9968	16.632	-6.167
597.2	NaN	503	NaN	630	0	-11	362	0	0	0	400	-48	9869	-54	9538	-38	9820	-42	9198	16.042	-4.566
597.3	NaN	502	NaN	631	0	-12	360	0	0	0	400	-49	9415	-56	9067	-40	9428	-45	9113	15.416	-6.101
597.4	NaN	499	NaN	607	0	-12	363	0	0	0	402	-51	9109	-59	8785	-42	9038	-49	8125	14.73	-7.966
597.5	NaN	501	NaN	609	0	-15	359	0	0	0	399	-51	8595	-59	8426	-42	8626	-49	8140	14.077	-7.017
597.6	NaN	500	NaN	604	0	-13	362	0	0	0	401	-50	8278	-59	7994	-43	8198	-49	7665	13.409	-7.524
597.7	NaN	516	NaN	618	0	-18	358	5	1	0	399	-43	7893	-52	7622	-38	7860	-45	7302	12.772	-6.785
597.8	NaN	533	NaN	533	0	-25	357	19	17	0	402	-8	7736	-10	7372	-7	7767	-9	7273	12.314	-3.333
597.9	NaN	530	NaN	529	0	-31	363	26	26	0	403	0	7673	0	7149	0	7719	0	7138	12.121	-1.947
598	NaN	492	NaN	549	0	-36	362	30	30	0	401	9	7749	4	7022	21	7776	9	7034	11.961	-0.223
598.1	NaN	487	NaN	584	0	-51	359	33	33	0	400	16	7684	5	6867	35	7801	11	6923	11.902	-1.503
598.2	NaN	472	NaN	598	0	-56	361	39	40	0	400	32	7855	7	6782	72	7918	15	6932	11.907	-0.131
598.3	NaN	520	NaN	604	0	-58	357	41	42	0	400	39	8071	8	6797	88	8150	19	6978	11.962	2.445
598.4	NaN	532	NaN	607	0	-58	357	41	42	0	403	37	8025	9	6849	84	8202	20	7273	12.066	0.201
598.5	NaN	527	NaN	617	0	-57	357	42	42	0	401	39	8018	9	6915	88	8223	20	7202	12.168	2.05
598.6	NaN	530	NaN	588	0	-55	359	43	43	0	402	41	8220	10	6923	93	8394	22	7221	12.215	3.389
598.7	NaN	591	NaN	596	0	-49	361	51	50	0	403	59	8479	16	7225	133	8844	35	7482	12.398	3.033
598.8	NaN	544	NaN	527	0	-31	362	66	67	0	401	53	8457	25	7922	117	8813	58	9750	12.573	6.881
598.9	NaN	575	NaN	597	0	-5	362	43	37	0	402	20	8222	16	8037	44	8349	36	7945	12.843	3.434
599	NaN	528	NaN	527	0	3	359	30	21	0	404	0	7932	0	7977	1	7987	0	7987	13.047	-1.575
599.1	NaN	511	NaN	522	0	-7	357	52	53	0	403	4	7814	4	8020	9	7870	8	8036	12.949	-1.259
599.2	NaN	528	NaN	512	0	-13	358	60	54	0	404	47	8268	35	8084	101	8315	75	8130	13.195	3.577
599.3	NaN	541	NaN	530	0	-15	358	51	47	0	404	41	8588	29	8321	90	8666	63	8408	13.684	3.617
599.4	NaN	523	NaN	611	0	-19	364	28	25	0	403	9	8767	7	8440	22	8763	12	8433	13.997	-1.156
599.5	NaN	518	NaN	510	0	-17	361	33	25	0	402	4	8730	3	8364	9	8812	6	8397	13.82	0.588
599.6	NaN	536	NaN	575	0	-23	360	13	4	0	402	-11	8588	-15	8157	-9	8550	-12	8081	13.725	-3.415
599.7	NaN	481	NaN	680	0	-29	358	35	30	0	402	14	8585	8	8001	30	8665	16	8120	13.539	0.659
599.8	NaN	504	NaN	529	0	-49	360	31	28	0	403	9	8516	3	7745	20	8584	7	7911	13.499	-1.521
599.9	NaN	509	NaN	512	0	-43	357	30	32	0	400	9	8775	3	7585	20	8737	6	7772	13.208	-1.194
600	NaN	529	NaN	524	0	-48	360	7	0	0	401	-4	8343	-7	7286	-4	8441	-6	7493	13.094	-0.358
600.1	NaN	533	NaN	686	0	-50	356	11	12	0	401	-17	8267	-30	6962	-15	8139	-26	5683	12.615	-6.093
600.2	NaN	556	NaN	630	0	-50	361	17	14	0	401	-12	7867	-20	6657	-11	7892	-17	6319	12.075	-6.474
600.3	NaN	491	NaN	608	0	-36	361	31	29	0	402	10	7857	3	6673	22	7898	8	6334	11.72	-2.272
600.4	NaN	573	NaN	681	0	-36	360	43	38	0	402	31	7706	14	6693	69	7862	31	7088	11.65	3.75
600.5	NaN	544	NaN	623	0	-33	356	43	40	0	401	30	7614	13	6834	69	7749	32	7480	11.726	1.869
600.6	NaN	546	NaN	610	0	-20	361	42	37	0	404	25	7629	16	7041	57	7703	37	7210	11.887	2.879
600.7	NaN	484	NaN	618	0	-48	360	37	34	0	403	20	7652	7	6986	47	7718	15	7089	11.984	-0.32
600.8	NaN	491	NaN	627	0	-56	360	41	38	0	402	34	7988	8	6881	78	8033	17	6987	12.068	0.852
600.9	NaN	477	NaN	660	0	-55	363	41	37	0	400	33	8038	7	6873	74	8133	17	6984	12.173	1.649
601	NaN	492	NaN	609	0	-53	359	42	40	0	402	35	8081	8	6914	79	8242	18	7047	12.24	0.348
601.1	NaN	544	NaN	616	0	-29	361	50	42	0	402	46	8291	22	7194	99	8496	47	7266	12.491	4.516
601.2	NaN	549	NaN	609	0	-2	360	40	29	0	402	23	7928	20	7720	47	7996	45	7751	12.85	1.977
601.3	NaN	523	NaN	625	0	20	358	37	30	0	404	8	7500	12	8031	20	7586	29	8037	12.696	-0.745
601.4	NaN	572	NaN	600	0	42	358	39	29	0	405	7	7312	19	8166	15	7389	43	8209	12.708	0.913
601.5	NaN	585	NaN	603	0	43	357	39	29	0	403	7	7201	20	8200	15	7363	44	8263	12.682	-1.5
601.6	NaN	559	NaN	559	0	44	361	41	33	0	404	9	7227	25	8226	20	7558	56	8326	12.595	0.343
601.7	NaN	572	NaN	553	0	43	360	42	34	0	404	9	7170	25	8243	20	7469	55	8333	12.547	-1.011
601.8	NaN	533	NaN	524	0	42	359	47	40	0	404	14	7301	39	8282	32	7562	87	8438	12.641	1.269
601.9	NaN	530	NaN	521	0	38	363	52	44	0	404	19	7458	48	8441	42	7679	107	8581	12.82	2.32
602	NaN	521	NaN	518	0	1	360	51	42	0	403	30	7802	34	8353	67	8032	74	8501	13.154	4.175
602.1	NaN	565	NaN	545	0	-10	362	50	41	0	404	34	8367	27	8244	74	8495	59	8333	13.474	3.118
602.2	NaN	503	NaN	551	0	-19	362	36	29	0	402	7	8452	4	8158	15	8478	10	8180	13.559	-0.407
602.3	NaN	544	NaN	531	0	-33	362	52	51	0	402	60	8849	28	8173	129	8855	60	8334	13.614	6.341
602.4	NaN	537	NaN	535	0	-42	359	67	69	0	402	58	9156	23	8357	125	9270	51	8684	13.94	3.748
602.5	NaN	522	NaN	544	0	-40	360	82	78	0	402	58	9288	22	8938	122	9356	47	8638	14.318	4.516
602.6	NaN	548	NaN	532	0	-37	356	86	86	0	403	54	9424	23	8901	116	9600	51	9254	14.615	2.494
602.7	NaN	535	NaN	538	0	-28	356	100	100	0	404	50	9558	26	9207	105	9753	55	9265	14.973	4.49
602.8	NaN	516	NaN	518	0	-11	357	100	100	0	401	44	9692	32	9328	90	9828	68	9510	15.399	4.209
602.9	NaN	582	NaN	526	0	-8	357	100	100	0	404	40	9787	34	9672	83	9860	70	9781	15.829	3.827
603	NaN	541	NaN	518	0	-7	359	100	100	0	402	39	9971	34	10024	80	10106	70	10036	16.238	4.788
603.1	NaN	523	NaN	513	0	-5	362	100	100	0	404	38	10226	33	10221	77	10386	67	10327	16.601	3.264
603.2	NaN	511	NaN	519	0	-3	359	100	100	0	405	32	10386	28	10375	63	10480	57	10469	16.953	3.401
603.3	NaN	562	NaN	524	0	-1	362	100	100	0	403	27	10469	26	10640	54	10590	52	10678	17.195	1.994
603.4	NaN	612	NaN	533	1	0	362	100	100	0	401	24	10607	24	10760	47	10717	47	10835	17.396	0.801
603.5	NaN	513	NaN	556	1	2	357	100	100	0	403	20	10660	20	10840	39	10678	39	10955	17.574	0.668
603.6	NaN	536	NaN	547	1	4	361	100	100	0	402	20	10667	21	11049	39	10822	41	11034	17.692	1.033
603.7	NaN	518	NaN	558	1	1	359	100	100	0	402	17	10779	18	11036	33	10877	35	11100	17.805	1.617
603.8	NaN	533	NaN	575	1	4	359	100	100	0	404	15	10777	17	11193	30	10805	32	11173	17.903	0.778
603.9	NaN	544	NaN	554	1	3	365	100	100	0	404	16	10835	17	11196	31	10958	32	11241	17.96	0.93
604	NaN	508	NaN	568	1	3	363	100	100	0	404	12	10914	12	11237	22	10899	23	11252	18.014	0.648
604.1	NaN	564	NaN	555	1	2	358	100	100	0	405	14	10864	14	11219	28	11010	28	11244	18.09	-0.288
604.2	NaN	512	NaN	574	1	1	358	100	100	0	405	12	10981	12	11208	22	11042	22	11314	18.106	0.53
604.3	NaN	491	NaN	618	1	-0	361	100	100	0	404	10	10957	10	11295	20	10974	19	11251	18.111	-0.701
604.4	NaN	503	NaN	585	1	-1	362	100	100	0	402	11	10994	11	11130	20	11072	21	11195	18.14	0.022
604.5	NaN	488	NaN	575	1	-2	362	100	100	0	402	8	11037	8	11273	16	10987	15	11184	18.113	-0.42
604.6	NaN	486	NaN	579	1	-4	360	100	100	0	403	10	11024	9	11135	19	11104	18	11128	18.097	-0.909
604.7	NaN	488	NaN	583	1	-3	362	100	100	0	403	9	11044	9	11131	16	11085	15	11144	18.097	0.904
604.8	NaN	477	NaN	574	1	-3	363	100	100	0	403	9	11007	8	11161	19	11101	17	11154	18.042	-1.002
604.9	NaN	492	NaN	586	1	-2	361	100	100	0	404	10	11023	10	11131	19	11096	18	11171	18.056	-1.111
605	NaN	483	NaN	615	1	-1	363	100	100	0	402	9	10996	8	11151	18	11002	17	11167	18.081	-0.351
605.1	NaN	486	NaN	588	1	-2	363	100	100	0	405	10	11000	9	11088	19	11093	18	11134	18.062	0.245
605.2	NaN	491	NaN	580	1	-3	363	100	100	0	402	8	11048	8	11174	15	11011	14	11106	18.067	-0.246
605.3	NaN	485	NaN	614	1	-2	362	100	100	0	402	10	11001	9	11094	19	11093	18	11100	18.074	-0.194
605.4	NaN	490	NaN	591	1	-2	362	100	100	0	403	9	11027	8	11162	16	11079	16	11150	18.066	1.338
605.5	NaN	481	NaN	576	1	-3	359	100	100	0	402	10	11028	9	11170	20	11071	18	11163	18.043	-1.111
605.6	NaN	498	NaN	581	1	-3	358	100	100	0	403	9	11016	9	11127	17	11073	17	11173	18.068	-0.172
605.7	NaN	481	NaN	587	1	-2	363	100	100	0	402	9	11044	8	11174	18	10998	17	11195	18.079	-0.138
605.8	NaN	487	NaN	586	1	-4	360	100	100	0	402	10	11011	9	11118	19	11100	17	11186	18.057	0.384
605.9	NaN	489	NaN	605	1	-6	358	100	100	0	403	9	11063	8	11199	16	11045	14	11132	18.074	-0.178
606	NaN	484	NaN	583	1	-4	361	100	100	0	403	9	11030	8	11085	18	11115	15	11105	18.081	-0.207
606.1	NaN	490	NaN	596	1	-7	363	100	100	0	402	8	11064	7	11149	16	11133	14	11105	18.059	0.078
606.2	NaN	489	NaN	587	1	-6	358	100	100	0	404	8	11078	7	11056	17	11079	16	11068	18.052	-0.627
606.3	NaN	486	NaN	595	1	-7	358	100	100	0	404	9	11069	7	11040	17	11124	15	11081	18.05	-0.365
606.4	NaN	492	NaN	609	0	-11	358	100	100	0	402	9	11144	7	11055	16	11093	14	11063	18.027	-1.055
606.5	NaN	484	NaN	586	0	-9	359	100	100	0	405	11	11113	8	10976	20	11185	17	11027	18.023	-0.122
606.6	NaN	493	NaN	595	0	-9	358	100	100	0	402	10	11149	8	11075	18	11127	14	11011	18.048	0.59
606.7	NaN	480	NaN	586	0	-13	357	100	100	0	403	11	11088	8	10971	21	11198	17	11003	18.061	-1.005
606.8	NaN	499	NaN	614	0	-8	361	100	100	0	402	11	11151	9	11008	22	11227	18	11043	18.029	1.151
606.9	NaN	480	NaN	569	0	-8	361	100	100	0	403	9	11126	8	11012	19	11149	16	11015	18.026	-1.865
607	NaN	485	NaN	586	0	-8	363	100	100	0	402	11	11100	9	10977	22	11173	19	11058	18.004	-1.547
607.1	NaN	488	NaN	580	0	-10	360	100	100	0	402	9	11095	7	11025	17	11040	14	11025	17.997	-0.224
607.2	NaN	484	NaN	591	0	-8	358	100	100	0	402	11	11090	9	10974	22	11125	19	11027	17.963	-1.219
607.3	NaN	499	NaN	611	0	-9	358	100	100	0	402	10	11064	9	11052	20	11040	16	11011	17.965	0.973
607.4	NaN	487	NaN	568	0	-5	357	100	100	0	402	10	10984	9	10976	19	11085	18	11017	17.943	0.069
607.5	NaN	501	NaN	580	0	-4	359	100	100	0	402	11	10986	10	11040	22	11071	20	11073	17.91	0.542
607.6	NaN	495	NaN	579	0	-6	357	100	100	0	402	11	10979	10	11023	22	11018	20	11060	17.915	-0.098
607.7	NaN	496	NaN	602	1	-4	361	100	100	0	401	11	10948	10	10988	21	11044	20	11058	17.898	-0.067
607.8	NaN	499	NaN	578	1	-4	357	100	100	0	403	11	10984	11	11068	21	10932	20	11027	17.921	-0.089
607.9	NaN	504	NaN	582	1	-6	358	100	100	0	404	11	10943	11	10998	22	11047	21	11021	17.919	0.358
608	NaN	527	NaN	522	0	-2	362	0	0	0	405	-6	10919	-7	10994	-6	10895	-7	10953	17.913	-2.315
608.1	NaN	522	NaN	592	0	-3	359	0	0	0	402	-24	10669	-26	10736	-18	10699	-20	10727	17.637	-3.149
608.2	NaN	504	NaN	631	0	-1	357	0	0	0	401	-45	10244	-46	10450	-33	10378	-35	10414	17.162	-5.767
608.3	NaN	508	NaN	633	0	-0	357	0	0	0	401	-49	9933	-49	10236	-38	9780	-38	10036	16.568	-5.872
608.4	NaN	494	NaN	612	0	-0	362	0	0	0	402	-50	9629	-51	9831	-40	9393	-40	9714	16.011	-6.77
608.5	NaN	493	NaN	613	0	-1	362	0	0	0	401	-52	9198	-52	9375	-42	9185	-42	9404	15.408	-6.836
608.6	NaN	499	NaN	612	0	-2	362	0	0	0	399	-54	8887	-54	9105	-44	8860	-44	8959	14.722	-8.086
608.7	NaN	505	NaN	624	0	-2	361	0	0	0	399	-55	8322	-55	8644	-45	8462	-46	8640	14.117	-5.119
608.8	NaN	497	NaN	622	0	-0	363	0	0	0	401	-55	8013	-55	8234	-46	8000	-46	8153	13.489	-6.04
608.9	NaN	522	NaN	625	0	0	357	0	0	0	400	-50	7441	-51	7431	-46	7532	-46	7729	12.974	-3.091
609	NaN	551	NaN	633	0	8	362	0	0	0	403	-56	7144	-53	7610	-49	7072	-45	7306	12.194	-5.611
609.1	NaN	508	NaN	643	0	20	362	0	0	0	401	-58	6434	-47	7280	-52	6426	-42	7185	11.579	-5.254
609.2	NaN	528	NaN	630	0	30	357	0	0	0	401	-61	5995	-45	7052	-54	4762	-41	6986	10.913	-7.301
609.3	NaN	518	NaN	655	0	39	361	4	0	0	403	-56	5350	-38	6667	-52	299	-35	6638	10.332	-5.301
609.4	NaN	527	NaN	619	0	66	358	17	9	0	402	-31	4540	-15	6388	0	-228	-13	6445	9.741	-5.866
609.5	NaN	498	NaN	654	0	66	361	32	24	0	403	1	5089	8	6392	1	289	19	6475	9.379	-1.285
609.6	NaN	537	NaN	597	0	66	363	46	38	0	404	6	4951	40	6370	14	5088	95	6445	9.184	-0.365
609.7	NaN	557	NaN	549	0	65	359	46	38	0	405	6	5003	40	6531	15	5124	96	6544	9.252	3.301
609.8	NaN	549	NaN	546	0	54	357	47	38	0	404	7	5177	40	6576	19	5374	93	6603	9.373	-0.485
609.9	NaN	537	NaN	531	0	31	357	49	40	0	405	17	5464	37	6499	40	5558	87	6687	9.638	3.385
610	NaN	550	NaN	554	0	35	358	46	37	0	403	13	5817	32	6536	32	5805	75	6611	9.883	1.544
610.1	NaN	544	NaN	568	0	42	360	47	37	0	404	12	5777	34	6682	27	5858	79	6730	10.08	1.275
610.2	NaN	543	NaN	557	0	50	357	45	35	0	405	9	5863	33	6858	22	5906	77	6932	10.306	1.432
610.3	NaN	554	NaN	571	0	55	361	43	32	0	404	7	5843	28	7034	16	5854	67	7067	10.407	2.912
610.4	NaN	503	NaN	622	0	58	359	33	24	0	403	1	5665	6	6788	3	5755	14	6812	10.362	-2.531
610.5	NaN	570	NaN	603	0	55	363	43	34	0	404	3	5536	13	6937	7	5711	31	6918	10.059	-1.405
610.6	NaN	550	NaN	564	0	59	362	54	46	0	402	5	5466	25	6713	12	5621	57	6800	10.05	-0.612
610.7	NaN	519	NaN	523	0	56	360	58	47	0	405	14	5927	63	7149	33	5845	149	7150	10.309	4.915
610.8	NaN	540	NaN	533	0	58	357	60	51	0	404	14	6240	72	7412	33	6138	164	7638	10.64	5.627
610.9	NaN	541	NaN	522	0	49	358	82	73	0	404	21	7017	73	7542	48	6821	171	7710	10.992	3.829
611	NaN	524	NaN	528	0	46	362	98	89	0	403	22	7382	71	7738	51	7295	159	7902	11.436	3.593
611.1	NaN	499	NaN	495	0	45	363	100	100	0	404	21	8538	66	7936	49	7246	147	8028	11.884	3.429
611.2	NaN	517	NaN	514	0	32	362	100	100	0	404	27	7495	60	8104	64	8086	135	8293	12.294	2.851
611.3	NaN	540	NaN	506	0	26	361	100	100	0	404	31	7704	55	8257	68	7857	123	8362	12.796	4.331
611.4	NaN	530	NaN	508	0	18	363	100	100	0	404	34	7993	50	8566	75	7990	110	8638	13.243	5.609
611.5	NaN	519	NaN	522	0	17	358	100	100	0	404	34	8186	49	8830	74	8335	107	8871	13.732	3.977
611.6	NaN	525	NaN	496	0	15	357	100	100	0	404	34	8460	47	9101	73	8618	102	9140	14.152	4.076
611.7	NaN	507	NaN	516	0	11	363	100	100	0	404	35	8749	44	9290	73	8888	91	9350	14.565	3.841
611.8	NaN	518	NaN	505	0	8	358	99	93	0	403	35	9313	43	9388	74	9156	89	9480	14.983	5.444
611.9	NaN	527	NaN	522	0	-1	362	0	0	0	403	-10	9040	-10	9187	-9	8905	-8	9195	15.021	-4.061
612	NaN	527	NaN	651	0	-12	361	0	0	0	402	-29	8961	-32	8821	-24	8983	-26	8846	14.661	-3.057
612.1	NaN	511	NaN	607	0	-18	358	0	0	0	401	-45	8702	-54	8365	-38	8647	-44	8072	14.116	-6.088
612.2	NaN	511	NaN	602	0	-28	358	0	0	0	400	-46	8353	-62	7504	-39	8404	-53	7544	13.412	-5.493
612.3	NaN	522	NaN	721	0	-32	358	0	0	0	400	-46	8145	-62	7210	-39	8027	-54	4590	12.731	-6.679
612.4	NaN	497	NaN	662	0	-41	356	0	0	0	401	-43	7692	-64	6173	-37	7714	-55	3096	12.033	-4.366
612.5	NaN	493	NaN	627	0	-57	361	0	0	0	400	-38	7337	-68	5777	-34	7346	-0	-281	11.29	-8.603
612.6	NaN	519	NaN	627	0	-59	362	20	17	0	399	-4	7023	-8	5819	-3	7089	-1	996	10.715	-5.857
612.7	NaN	532	NaN	524	0	-62	359	22	21	0	401	0	6767	0	5602	0	6782	0	3557	10.315	-3.167
612.8	NaN	492	NaN	508	0	-61	362	33	30	0	400	13	6684	2	5298	36	6745	5	5049	9.9	-0.581
612.9	NaN	481	NaN	631	0	-58	357	36	33	0	399	19	6597	3	5368	51	6592	9	5449	9.757	-0.917
613	NaN	524	NaN	570	0	-27	358	50	43	0	402	42	6787	21	5858	91	6981	50	5861	10.098	7.62
613.1	NaN	552	NaN	543	0	-33	357	51	44	0	401	33	6545	16	6003	99	6739	40	6254	10.255	0.726
613.2	NaN	540	NaN	600	0	-48	358	45	39	0	402	37	6932	11	6149	82	6951	27	6174	10.639	3.727
613.3	NaN	601	NaN	559	0	-48	358	52	52	0	404	55	7306	16	6168	139	7400	37	6774	10.775	0.888
613.4	NaN	501	NaN	559	0	-59	361	37	27	0	402	27	7434	6	6428	41	7432	13	6472	11.313	-0.073
613.5	NaN	544	NaN	535	0	-29	359	100	100	0	402	43	7506	22	6453	132	8043	53	6750	11.079	1.314
613.6	NaN	534	NaN	523	0	-26	357	5	0	0	404	-7	7072	-9	6216	-6	7151	-8	6603	11.447	-1.651
613.7	NaN	536	NaN	625	0	-4	358	16	9	0	403	-21	6845	-21	6653	-18	6803	-19	6515	11.083	-3.847
613.8	NaN	545	NaN	617	0	19	361	19	10	0	404	-24	6156	-20	6687	-21	6157	-18	6671	10.736	-4.357
613.9	NaN	535	NaN	525	0	30	358	25	16	0	404	0	6042	-0	6783	0	6061	0	6733	10.503	-2.105
614	NaN	529	NaN	526	0	53	360	26	17	0	404	-0	5760	0	6703	0	5768	0	6681	10.266	-3.694
614.1	NaN	529	NaN	521	0	53	359	31	22	0	402	0	5582	2	6710	1	5509	5	6655	9.997	-3.556
614.2	NaN	595	NaN	597	0	53	357	38	30	0	404	4	5483	18	6704	10	5488	44	6681	9.875	1.04
614.3	NaN	506	NaN	508	0	45	362	54	46	0	404	16	5627	52	6889	38	5862	126	6948	9.966	3.88
614.4	NaN	534	NaN	492	0	43	363	54	46	0	404	18	5941	51	7093	42	6059	121	7095	10.323	3.975
614.5	NaN	521	NaN	528	0	34	363	54	44	0	404	20	6185	47	7099	48	6343	109	7265	10.692	3.769
614.6	NaN	523	NaN	513	0	34	358	52	42	0	404	20	6724	42	7244	46	6661	98	7358	11.081	4.438
614.7	NaN	546	NaN	534	0	48	361	46	38	0	406	10	6389	34	7386	24	7013	81	7480	11.202	1.188
614.8	NaN	538	NaN	524	0	48	364	46	38	0	406	11	6409	36	7631	25	7716	82	7730	11.335	3.164
614.9	NaN	533	NaN	520	0	45	356	49	41	0	403	13	6573	39	7637	29	7015	94	7786	11.463	0.76
615	NaN	525	NaN	506	0	44	357	52	44	0	404	15	6758	47	7781	34	6822	112	7913	11.73	2.038
615.1	NaN	491	NaN	525	0	40	359	75	67	0	404	24	7115	63	8141	53	7054	142	8293	12.095	4.067
615.2	NaN	496	NaN	501	0	34	356	100	100	0	405	25	8465	59	8272	57	7640	133	8473	12.482	6.308
615.3	NaN	500	NaN	509	0	32	357	100	100	0	406	27	8212	57	8418	61	7783	128	8560	12.909	4.941
615.4	NaN	503	NaN	515	0	26	361	100	100	0	404	30	8209	54	8725	65	7985	119	8794	13.334	4.724
615.5	NaN	516	NaN	501	0	23	360	100	100	0	406	31	8267	50	8948	68	8260	110	8979	13.769	4.429
615.6	NaN	510	NaN	516	0	16	357	100	100	0	406	33	8506	47	9138	71	8530	102	9213	14.189	4.508
615.7	NaN	529	NaN	517	0	-5	358	100	100	0	404	39	8979	39	9164	84	8947	82	9273	14.645	4.082
615.8	NaN	533	NaN	529	0	-20	359	100	100	0	404	47	9441	30	9166	99	9504	62	9307	15.044	3.461
615.9	NaN	528	NaN	552	0	-33	360	100	100	0	404	50	9820	24	9256	104	9882	51	9416	15.397	3.147
616	NaN	534	NaN	567	0	-38	359	100	100	0	404	51	10101	22	9480	107	10170	46	9475	15.68	3.113
616.1	NaN	554	NaN	556	0	-37	359	100	100	0	403	50	10246	22	9647	102	10399	46	9792	15.911	2.353
616.2	NaN	519	NaN	553	0	-39	358	100	100	0	402	49	10418	22	9826	101	10555	46	9790	16.179	3.004
616.3	NaN	551	NaN	556	0	-37	360	100	100	0	405	48	10527	22	9765	99	10711	45	10015	16.353	3.43
616.4	NaN	548	NaN	549	0	-37	359	100	100	0	400	49	10573	22	10073	97	10689	45	10172	16.583	2.572
616.5	NaN	510	NaN	550	0	-33	363	100	100	0	402	48	10807	22	10402	95	10880	44	10216	16.752	2.703
616.6	NaN	505	NaN	558	0	-30	360	93	90	0	403	42	10780	20	10757	84	10881	40	10390	16.945	1.767
616.7	NaN	505	NaN	542	0	6	361	93	84	0	405	26	10562	29	10569	52	10753	58	10638	17.193	2.841
616.8	NaN	545	NaN	522	0	20	359	100	96	0	404	24	10392	36	11025	46	10502	71	11067	17.367	0.872
616.9	NaN	508	NaN	517	0	37	358	100	99	0	404	19	10445	42	11111	37	10372	83	11247	17.452	1.858
617	NaN	515	NaN	533	0	37	359	100	100	0	405	17	10441	40	11278	34	10570	78	11354	17.459	0.626
617.1	NaN	513	NaN	537	0	28	361	100	100	0	404	17	10438	34	11146	33	10519	68	11309	17.473	-0.242
617.2	NaN	529	NaN	532	0	21	358	100	100	0	405	22	10509	34	11258	43	10505	68	11304	17.543	0.968
617.3	NaN	536	NaN	541	0	23	360	100	100	0	404	19	10533	31	11163	37	10645	59	11283	17.561	-0.194
617.4	NaN	530	NaN	534	0	23	362	100	100	0	405	18	10536	30	11187	36	10537	59	11277	17.628	0.767
617.5	NaN	521	NaN	544	0	17	360	100	100	0	404	21	10552	30	11223	39	10628	57	11311	17.655	-0.14
617.6	NaN	578	NaN	592	0	-0	361	100	100	0	404	20	10730	20	11041	37	10800	37	11151	17.745	0.884
617.7	NaN	526	NaN	585	0	-13	361	100	100	0	402	16	10883	12	10854	32	10891	24	10856	17.771	-0.353
617.8	NaN	560	NaN	586	0	-17	359	100	100	0	403	22	11112	15	10675	44	11179	30	10806	17.766	0.377
617.9	NaN	537	NaN	583	0	-22	356	100	100	0	402	25	11125	15	10735	48	11163	30	10829	17.77	0.367
618	NaN	533	NaN	586	0	-23	357	100	100	0	403	21	11140	13	10703	42	11287	26	10760	17.787	0.66
618.1	NaN	547	NaN	611	0	-23	357	100	100	0	404	25	11220	17	10674	52	11287	33	10817	17.806	0.238
618.2	NaN	546	NaN	615	0	-21	357	100	100	0	403	23	11154	14	10763	42	11287	27	10784	17.833	0.985
618.3	NaN	550	NaN	636	0	-22	356	100	100	0	403	21	11262	14	10690	42	11319	26	10787	17.832	0.028
618.4	NaN	588	NaN	643	0	-21	358	100	100	0	402	23	11167	15	10747	46	11267	31	10853	17.863	-0.15
618.5	NaN	557	NaN	591	0	-21	358	100	100	0	402	19	11261	12	10785	37	11304	24	10791	17.886	-0.334
618.6	NaN	538	NaN	572	0	-15	359	100	100	0	403	19	11165	14	10727	39	11179	28	10853	17.899	0.658
618.7	NaN	531	NaN	573.5	0	-6	357	100	100	0	401	16	11092	14	10903	29	11165	27	10947	17.921	1.304
618.8	NaN	524	NaN	575	0	-1	363	100	100	0	402	12	10915	11	11057	22	10900	21	11032	17.901	-1.505
618.9	NaN	544	NaN	568	0	3	358	100	100	0	404	16	10805	17	11115	32	10939	33	11177	17.882	-0.291
619	NaN	537	NaN	587	0	1	363	100	100	0	404	15	10842	15	11148	28	10955	30	11175	17.901	0.239
619.1	NaN	552	NaN	565	0	3	359	100	100	0	403	14	10790	16	11095	29	10855	31	11173	17.908	0.064
619.2	NaN	549	NaN	572	1	4	361	100	100	0	404	16	10819	17	11201	31	10941	34	11168	17.935	1.006
619.3	NaN	550	NaN	577	1	3	360	100	100	0	404	12	10863	13	11128	24	10860	25	11181	17.926	-0.076
619.4	NaN	554	NaN	570	1	1	360	100	100	0	404	14	10842	15	11189	29	10968	29	11182	17.939	0.644
619.5	NaN	521	NaN	583	1	1	360	100	100	0	405	12	10936	12	11058	22	10995	23	11145	17.942	-0.006
619.6	NaN	530	NaN	574	1	0	361	100	100	0	402	12	10888	12	11128	25	10947	23	11167	17.931	-1.017
619.7	NaN	539	NaN	576	1	1	358	100	100	0	404	14	10896	13	11135	26	11010	27	11140	17.967	-0.241
619.8	NaN	507	NaN	619	1	1	358	100	100	0	404	10	10958	10	11060	19	10914	20	11162	17.972	0.578
619.9	NaN	546	NaN	573	1	-1	362	100	100	0	404	13	10895	13	11220	27	11036	26	11153	17.997	-0.152
620	NaN	501	NaN	578	1	-2	362	100	100	0	404	10	11004	10	11069	17	11022	17	11131	17.985	0.089
620.1	NaN	535	NaN	563	1	-2	362	100	100	0	404	12	10908	11	11185	25	11008	24	11125	18.017	0.137
620.2	NaN	504	NaN	578	1	-2	360	100	100	0	403	11	11036	10	11083	20	11061	18	11105	18.026	0.222
620.3	NaN	494	NaN	559	1	-4	361	100	100	0	404	9	10985	8	11095	17	10972	18	11151	18.013	0.269
620.4	NaN	497	NaN	587	1	-2	357	100	100	0	405	11	11005	10	11119	22	11074	20	11086	18.021	-0.266
620.5	NaN	492	NaN	601	1	-3	356	100	100	0	405	8	11049	8	11038	15	11037	15	11109	18.02	0.359
620.6	NaN	484	NaN	577	1	-5	358	92	83	0	405	10	10988	10	11150	20	11078	19	11088	18.016	0.176
620.7	NaN	485	NaN	555	0	-2	363	8	0	0	403	0	10952	3	11003	1	11003	-1	10983	18.006	0.206
620.8	NaN	510	NaN	604	0	0	361	0	0	0	404	-21	10712	-20	10899	-16	10678	-16	10844	17.748	-3.044
620.9	NaN	511	NaN	626	0	1	362	0	0	0	402	-41	10385	-40	10583	-31	10371	-32	10491	17.345	-5.183
621	NaN	502	NaN	595	0	2	361	0	0	0	403	-49	9990	-48	10261	-38	9899	-37	10239	16.779	-5.239
621.1	NaN	507	NaN	641	0	2	358	0	0	0	402	-50	9579	-50	10117	-40	9308	-39	9795	16.223	-5.744
621.2	NaN	492	NaN	613	0	1	358	0	0	0	403	-52	9276	-50	9734	-41	9176	-40	9559	15.566	-7.746
621.3	NaN	491	NaN	609	0	1	360	0	0	0	400	-54	8852	-54	9130	-44	8980	-44	9150	14.966	-5.348
621.4	NaN	502	NaN	613	0	1	358	0	0	0	400	-54	8540	-55	8776	-45	8425	-45	8587	14.329	-7.148
621.5	NaN	496	NaN	622	0	6	359	0	0	0	401	-56	8022	-52	8469	-48	7969	-44	8268	13.698	-7.177
621.6	NaN	494	NaN	617	0	6	359	0	0	0	403	-56	7488	-52	8126	-48	7360	-44	8060	13.012	-6.313
621.7	NaN	509	NaN	616	0	7	364	0	0	0	400	-55	7195	-51	7732	-48	7029	-45	7555	12.4	-7.028
621.8	NaN	511	NaN	622	0	16	357	11	3	0	401	-43	6910	-36	7571	-40	6964	-32	7128	11.69	-9.022
621.9	NaN	539	NaN	625	0	25	360	35	26	0	402	5	6786	10	7383	13	6880	23	7537	11.496	-1.449
622	NaN	549	NaN	565	0	37	358	40	32	0	402	8	6649	22	7493	21	6768	51	7505	11.559	-0.619
622.1	NaN	557	NaN	536	0	34	358	44	34	0	405	12	6722	27	7655	28	6743	63	7724	11.609	1.803
622.2	NaN	513	NaN	504	0	31	360	55	46	0	404	24	6983	48	7858	54	6981	111	7964	11.926	3.779
622.3	NaN	501	NaN	499	0	21	358	55	47	0	405	28	7370	46	7992	62	7310	103	8135	12.335	3.922
622.4	NaN	537	NaN	511	0	23	358	55	47	0	404	28	7653	47	8281	63	7661	105	8302	12.761	4.894
622.5	NaN	516	NaN	523	0	28	358	55	44	0	405	25	7818	46	8606	55	7773	103	8709	13.098	4.652
622.6	NaN	513	NaN	505	0	27	360	54	44	0	404	24	7947	45	8785	53	8001	99	8859	13.49	3.86
622.7	NaN	505	NaN	518	0	23	360	50	42	0	404	25	9123	40	9252	55	8248	85	8874	13.832	7.379
622.8	NaN	485	NaN	526	0	27	362	61	52	0	404	30	8178	60	9043	66	8673	138	9418	13.751	-2.255
622.9	NaN	524	NaN	526	0	30	364	27	20	0	405	-4	7869	-2	8834	-2	8188	-1	8945	13.931	-1.872
623	NaN	538	NaN	572	0	29	360	41	28	0	404	11	8226	20	9070	26	8805	42	9151	14.136	2.514
623.1	NaN	488	NaN	597	0	26	363	47	38	0	405	5	8065	10	9027	12	8149	22	9053	13.953	-2.147
623.2	NaN	507	NaN	521	0	21	362	51	42	0	404	25	8879	39	9067	55	8457	85	9155	14.059	3.661
623.3	NaN	512	NaN	512	0	19	362	51	41	0	404	25	8530	37	9277	53	9113	81	9279	14.317	2.213
623.4	NaN	533	NaN	511	0	20	363	51	41	0	405	24	8690	39	9405	52	8893	80	9462	14.589	1.464
623.5	NaN	515	NaN	510	0	15	359	51	41	0	407	26	9059	38	9527	57	8988	77	9629	14.911	2.683
623.6	NaN	534	NaN	540	0	4	359	46	36	0	405	24	9200	26	9539	51	9206	53	9689	15.215	2.208
623.7	NaN	541	NaN	576	0	-12	357	42	36	0	403	24	9523	18	9432	50	9593	39	9480	15.412	2.555
623.8	NaN	529	NaN	566	0	-18	356	41	37	0	403	25	9694	18	9469	53	9800	37	9515	15.537	1.278
623.9	NaN	535	NaN	612	0	-37	358	40	38	0	400	30	9891	14	9317	63	10004	27	9445	15.643	0.451
624	NaN	528	NaN	585	0	-35	357	41	43	0	402	35	10156	16	9313	73	10159	34	9420	15.736	2.028
624.1	NaN	532	NaN	559	0	-33	359	42	43	0	402	35	10186	17	9424	73	10340	36	9760	15.852	1.717
624.2	NaN	551	NaN	572	0	-29	358	42	43	0	403	35	10137	19	9763	72	10319	39	9808	16.036	2.013
624.3	NaN	546	NaN	538	0	-16	361	46	44	0	401	36	10262	25	9900	74	10299	52	9968	16.266	3.245
624.4	NaN	527	NaN	523	0	16	359	28	19	0	404	0	9708	0	10081	1	9807	0	10027	16.246	-2.522
624.5	NaN	510	NaN	516	0	19	361	52	41	0	405	26	9817	37	10481	53	9846	77	10558	16.271	3.434
624.6	NaN	522	NaN	503	0	16	357	51	44	0	404	28	10074	41	10554	57	10159	83	10645	16.602	2.632
624.7	NaN	493	NaN	504	0	15	362	53	45	0	404	30	10334	41	10664	59	10316	82	10830	16.889	2.757
624.8	NaN	518	NaN	509	0	16	361	55	46	0	404	27	10333	37	10937	55	10519	76	10975	17.174	2.535
624.9	NaN	523	NaN	527	0	3	358	66	58	0	403	27	10515	29	10964	52	10589	58	11031	17.405	2.846
625	NaN	524	NaN	553	0	-5	362	89	85	0	403	20	10737	18	10860	38	10832	35	10958	17.613	1.393
625.1	NaN	534	NaN	592	0	-9	363	100	100	0	402	16	10852	13	10895	30	10967	26	10895	17.712	1.015
625.2	NaN	548	NaN	591	0	-11	362	100	100	0	403	16	11011	13	10826	32	11040	26	10915	17.753	0.173
625.3	NaN	516	NaN	614	0	-10	359	100	100	0	402	15	11114	12	11035	29	11129	24	10897	17.763	-1.209
625.4	NaN	486	NaN	599	0	-14	362	100	100	0	403	13	10919	10	10808	25	10950	19	10883	17.894	1.041
625.5	NaN	531	NaN	578	0	-9	357	100	100	0	403	17	11158	14	10882	33	11214	27	10959	17.841	0.447
625.6	NaN	503	NaN	577	0	-7	358	100	100	0	403	12	10945	10	10978	21	11051	18	10956	17.878	-0.375
625.7	NaN	493	NaN	575	0	-7	362	100	100	0	403	12	10998	10	10879	25	11076	21	11021	17.822	0.24
625.8	NaN	511	NaN	595	0	-3	360	68	61	0	403	13	10942	13	10997	25	11028	24	10994	17.877	-1.114
625.9	NaN	517	NaN	574	0	-3	357	58	52	0	403	14	10880	13	10922	28	10946	26	10990	17.89	1.801
626	NaN	525	NaN	524	0	-2	360	29	24	0	404	2	10891	2	10906	4	10947	4	10891	17.786	-1.218
626.1	NaN	521	NaN	511	0	4	361	0	0	0	403	-13	10604	-13	10916	-11	10578	-10	10808	17.599	-3.908
626.2	NaN	524	NaN	707	0	5	357	0	0	0	403	-34	10258	-32	10582	-26	10262	-25	10656	17.218	-4.272
626.3	NaN	501	NaN	633	0	3	358	0	0	0	400	-50	9920	-47	10299	-38	9676	-37	10256	16.669	-6.438
626.4	NaN	504	NaN	619	0	5	360	0	0	0	401	-52	9497	-49	9868	-41	9404	-39	9828	16.044	-6.229
626.5	NaN	519	NaN	649	0	4	358	0	0	0	401	-54	9076	-51	9522	-43	9024	-41	9358	15.397	-6.749
626.6	NaN	524	NaN	614	0	4	360	0	0	0	402	-55	8612	-53	9083	-46	8675	-44	9040	14.731	-6.214
626.7	NaN	520	NaN	655	0	2	358	0	0	0	401	-56	8272	-54	8682	-46	8202	-45	8540	14.09	-6.196
626.8	NaN	509	NaN	625	0	-8	361	0	0	0	401	-52	8034	-58	8093	-44	8011	-47	8062	13.438	-5.61
626.9	NaN	517	NaN	608	0	-26	359	4	4	0	400	-44	7934	-55	7428	-37	7881	-47	7317	12.795	-6.39
627	NaN	540	NaN	696	0	-41	358	10	12	0	401	-23	7835	-33	6796	-19	7812	-28	6329	12.223	-4.634
627.1	NaN	550	NaN	542	0	-41	358	19	19	0	401	-8	7705	-10	6663	-5	7673	-8	6404	11.831	-3.077
627.2	NaN	529	NaN	530	0	-40	357	25	26	0	401	0	7551	0	6622	0	7517	0	6590	11.588	-1.362
627.3	NaN	519	NaN	522	0	-39	361	26	26	0	400	2	7448	1	6588	5	7407	2	6544	11.412	-1.303
627.4	NaN	499	NaN	502	0	-27	361	29	26	0	400	5	7284	2	6638	12	7253	5	6598	11.334	-0.775
627.5	NaN	481	NaN	603	0	-3	359	33	26	0	403	6	6950	5	6875	15	6978	13	6846	11.299	-0.242
627.6	NaN	501	NaN	615	0	20	360	34	26	0	404	5	6616	8	7138	12	6689	19	7104	11.258	-0.216
627.7	NaN	505	NaN	596	0	41	360	33	22	0	405	2	6356	5	7213	5	6464	13	7217	11.179	-1.459
627.8	NaN	509	NaN	609	0	45	359	33	22	0	404	1	6174	5	7328	4	6157	11	7283	10.966	-3.07
627.9	NaN	495	NaN	607	0	49	359	33	25	0	405	2	6036	6	7132	4	6070	16	7158	10.826	-2.033
628	NaN	571	NaN	578	0	47	361	40	32	0	404	7	6050	23	7200	16	6058	53	7270	10.713	0.892
628.1	NaN	595	NaN	583	0	50	362	39	29	0	405	5	6009	19	7137	12	6062	46	7198	10.695	-0.626
628.2	NaN	548	NaN	585	0	49	358	39	29	0	404	5	5934	20	7177	12	6035	45	7228	10.648	-1.096
628.3	NaN	554	NaN	568	0	48	362	40	32	0	404	7	5987	24	7197	16	6196	57	7241	10.612	-0.91
628.4	NaN	526	NaN	605.3055556	0	49	358	48	41	0	405	9	6075	34	7162	23	6200	84	7269	10.709	0.795
628.5	NaN	490	NaN	605.6111111	0	49	360	89	80	0	404	22	6993	77	7597	51	6478	171	7637	11.06	4.87
628.6	NaN	501	NaN	605.9166667	0	50	362	100	94	0	403	19	8660	69	7893	44	6732	163	7875	11.541	3.791
628.7	NaN	527	NaN	606.2222222	0	37	362	100	100	0	405	26	7241	63	8008	59	7330	151	8132	11.945	5.888
628.8	NaN	523	NaN	606.5277778	0	30	364	100	100	0	403	30	9132	57	8186	66	7518	130	8232	12.482	5.821
628.9	NaN	506	NaN	606.8333333	0	16	358	100	100	0	404	33	7671	51	8330	74	9555	112	8470	12.892	1.013
629	NaN	533	NaN	607.1388889	0	11	360	100	100	0	404	39	8782	46	8559	85	8313	101	8686	13.399	8.363
629.1	NaN	508	NaN	607.4444444	0	17	363	100	100	0	404	35	8374	48	8799	73	8615	105	8996	13.936	2.06
629.2	NaN	507	NaN	607.75	0	10	361	100	100	0	404	36	8971	43	9212	78	8838	94	9236	14.323	6.538
629.3	NaN	502	NaN	608.0555556	0	13	363	100	100	0	402	34	8994	45	9434	71	9163	93	9466	14.819	2.801
629.4	NaN	523	NaN	608.3611111	0	13	363	100	100	0	406	33	9206	43	9674	71	9317	88	9746	15.244	3.551
629.5	NaN	523	NaN	608.6666667	0	8	361	100	100	0	402	34	9528	41	9868	69	9491	85	9963	15.661	6.083
629.6	NaN	521	NaN	608.9722222	0	4	360	100	100	0	403	34	9729	39	10129	70	9783	80	10265	16.057	4.579
629.7	NaN	531	NaN	609.2777778	0	2	357	100	100	0	404	35	10057	37	10290	72	10142	75	10349	16.451	5.266
629.8	NaN	498	NaN	609.5833333	0	1	360	100	100	0	405	35	10256	36	10421	69	10569	72	10538	16.8	2.123
629.9	NaN	486	NaN	609.8888889	0	-0	358	100	100	0	404	27	10454	29	10665	55	10454	56	10694	17.11	2.4
630	NaN	587	NaN	610.1944444	0	-2	360	100	100	0	405	25	10526	24	10771	49	10676	49	10807	17.339	2.028
630.1	NaN	558	NaN	564	1	-2	363	100	100	0	404	22	10722	20	10748	44	10840	40	10875	17.475	0.383
630.2	NaN	537	NaN	567	1	-6	359	100	100	0	403	19	10778	18	10835	36	10850	34	10859	17.634	1.2
630.3	NaN	508	NaN	548	0	-7	359	4	0	0	405	-0	10691	-1	10751	1	10788	-1	10756	17.659	-1.021
630.4	NaN	540	NaN	592	0	-5	359	0	0	0	404	-22	10523	-22	10497	-16	10503	-18	10522	17.364	-1.998
630.5	NaN	503	NaN	636	0	-3	362	0	0	0	402	-41	10454	-43	10506	-32	10139	-33	10043	16.927	-5.248
630.6	NaN	499	NaN	608	0	-2	364	0	0	0	403	-48	9913	-50	9935	-38	10026	-39	9930	16.304	-3.905
630.7	NaN	498	NaN	613	0	-5	362	0	0	0	399	-50	9568	-52	9498	-40	9467	-40	9362	15.74	-5.841
630.8	NaN	485	NaN	614	0	-3	369	0	0	0	404	-52	9149	-54	9175	-42	9100	-43	9169	15.122	-6.129
630.9	NaN	494	NaN	598	0	-2	363	0	0	0	410	-54	8717	-55	8812	-45	8740	-45	8639	14.492	-6.469
631	NaN	508	NaN	611	0	-1	369	0	0	0	409	-55	8324	-55	8501	-45	8298	-46	8168	13.853	-7.389
631.1	NaN	491	NaN	606	0	-1	401	0	0	0	427	-53	7934	-54	8086	-46	7785	-46	7902	13.203	-6.527
631.2	NaN	498	NaN	615	0	5	448	0	0	0	455	-55	7433	-53	7679	-47	7304	-46	7624	12.489	-7.259
631.3	NaN	493	NaN	612	0	10	441	0	0	0	464	-55	6799	-51	7379	-49	6715	-45	7254	11.715	-7.425
631.4	NaN	506	NaN	636	0	34	369	0	0	0	412	-61	5868	-44	7043	-54	6165	-40	7005	11.015	-6.604
631.5	NaN	511	NaN	642	0	57	360	0	0	0	400	-67	4291	-38	6770	-61	1279	-35	6747	10.375	-6.059
631.6	NaN	522	NaN	626	0	69	358	0	0	0	399	-71	2974	-34	6282	-1	-223	-32	6373	9.697	-7.127
631.7	NaN	518	NaN	610	0	69	364	33	25	0	400	1	4796	8	6160	2	704	24	6306	8.996	-3.04
631.8	NaN	574	NaN	633	0	69	363	34	26	0	403	1	4588	11	5906	3	3123	27	6046	8.716	-2.801
631.9	NaN	563	NaN	591	0	53	363	36	29	0	403	3	4485	17	5956	9	3787	41	6031	8.511	-0.693
632	NaN	545	NaN	533	0	42	360	49	43	0	404	14	4685	39	5894	35	5003	93	6002	8.486	3.273
632.1	NaN	505	NaN	512	0	37	362	63	55	0	405	25	5025	64	6050	62	5366	153	6218	8.874	4.68
632.2	NaN	514.75	NaN	526	0	33	361	72	63	0	407	32	7463	73	6397	75	5970	176	6569	9.472	7.679
632.3	NaN	502	NaN	518	0	6	360	60	49	0	404	40	6611	46	6439	93	6397	111	6572	10.129	5.68
632.4	NaN	519	NaN	632	0	-27	362	40	36	0	402	24	6525	14	6414	56	6567	33	6438	10.549	1.8
632.5	NaN	535	NaN	598	0	-50	359	39	41	0	403	33	6896	10	6167	77	6968	21	6219	10.623	0.781
632.6	NaN	474	NaN	621	0	-57	359	38	36	0	401	25	7128	6	6065	61	7203	14	6131	10.633	0.939
632.7	NaN	467	NaN	596	0	-60	362	37	38	0	402	32	7208	6	6089	71	7264	13	6179	10.713	0.399
632.8	NaN	487	NaN	612	0	-61	358	44	39	0	401	39	7408	6	6125	89	7552	15	6226	10.802	-0.09
632.9	NaN	476	NaN	623	0	-61	359	44	41	0	402	40	7388	7	6142	95	7540	16	6306	10.934	1.421
633	NaN	526	NaN	578	0	-61	358	68	65	0	402	74	7985	14	6341	173	8482	31	6995	11.121	3.676
633.1	NaN	545	NaN	546	0	-45	361	100	100	0	400	70	7842	21	6895	154	8060	47	7960	11.441	5.76
633.2	NaN	564	NaN	537	0	-19	359	100	100	0	403	47	8020	30	6707	105	8269	67	9151	11.647	10.695
633.3	NaN	528	NaN	523	0	-13	360	100	100	0	404	43	7727	34	8594	100	8252	77	10056	11.963	7.742
633.4	NaN	517	NaN	528	0	-11	358	100	100	0	404	41	7919	33	8006	94	8250	74	12105	12.269	4.246
633.5	NaN	528	NaN	528	0	-12	360	100	100	0	402	42	8026	34	8300	96	8129	76	11213	12.72	5.263
633.6	NaN	505	NaN	528	0	-9	362	100	100	0	404	45	8262	37	8270	100	8374	81	8636	13.287	4.739
633.7	NaN	517	NaN	516	0	-12	360	100	100	0	405	44	8592	37	8559	98	8776	80	8619	13.827	4.744
633.8	NaN	535	NaN	532	0	-13	358	100	100	0	404	45	8931	34	8774	97	9193	74	8881	14.286	5.33
633.9	NaN	532	NaN	526	0	-12	362	100	100	0	403	44	9218	33	9118	93	9375	70	9110	14.78	4.889
634	NaN	516	NaN	528	0	-11	358	100	100	0	404	43	9580	34	9426	90	9599	71	9421	15.255	5.258
634.1	NaN	564	NaN	530	0	-3	363	100	100	0	406	39	9634	36	9686	81	9737	76	9766	15.661	3.744
634.2	NaN	529	NaN	522	0	1	359	100	100	0	406	38	9797	36	9938	76	9950	75	10134	16.076	3.411
634.3	NaN	505	NaN	525	0	0	362	100	100	0	404	36	10050	36	10302	73	10175	73	10341	16.492	4.483
634.4	NaN	545	NaN	537	0	0	358	100	100	0	404	33	10320	34	10519	65	10355	67	10570	16.843	4.034
634.5	NaN	496	NaN	556	1	-2	361	100	100	0	405	27	10430	27	10622	56	10574	56	10742	17.128	0.076
634.6	NaN	572	NaN	559	1	-2	360	100	100	0	405	25	10561	25	10799	49	10679	47	10838	17.399	3.079
634.7	NaN	552	NaN	605	0	-1	358	49	40	0	404	19	10713	19	10864	37	10719	35	10934	17.556	0.921
634.8	NaN	534	NaN	510	0	-2	362	0	0	0	403	-14	10456	-14	10693	-11	10524	-12	10699	17.41	-2.458
634.9	NaN	527	NaN	528.9	0	-1	358	0	0	0	402	-34	10186	-35	10465	-27	10277	-27	10404	17.082	-4.151
635	NaN	512	NaN	528.8	0	-2	362	0	0	0	403	-49	9932	-50	10096	-38	9777	-38	9928	16.548	-6.644
635.1	NaN	513	NaN	528.7	0	-1	359	0	0	0	399	-51	9569	-52	9776	-40	9448	-41	9677	15.951	-6.597
635.2	NaN	531	NaN	528.6	0	0	363	0	0	0	402	-52	9214	-52	9523	-43	9084	-42	9343	15.355	-6.429
635.3	NaN	504	NaN	528.5	0	1	363	0	0	0	399	-54	8727	-53	9122	-44	8598	-43	9064	14.739	-7.092
635.4	NaN	512	NaN	528.4	0	3	363	2	0	0	400	-53	8198	-51	8697	-43	8134	-43	8667	14.105	-4.515
635.5	NaN	513	NaN	528.3	0	6	364	9	2	0	401	-43	7984	-43	8420	-37	7687	-34	8327	13.499	-6.354
635.6	NaN	540	NaN	528.2	0	10	362	15	9	0	403	-23	7721	-21	8195	-20	7721	-17	8209	13.12	-4.038
635.7	NaN	523	NaN	528.1	0	16	359	20	13	0	404	-11	7550	-10	8155	-10	7540	-8	8197	12.853	-2.549
635.8	NaN	525	NaN	529	0	17	360	21	14	0	404	-7	7400	-6	8077	-6	7451	-5	8024	12.621	-3.746
635.9	NaN	529	NaN	528	0	15	361	28	21	0	404	0	7357	0	7862	0	7258	0	7838	12.497	-2.766
636	NaN	528	NaN	523	0	12	364	29	23	0	403	1	7201	1	7841	2	7065	3	7896	12.311	-1.308
636.1	NaN	495	NaN	528	0	28	359	31	24	0	402	3	7127	6	7649	8	7246	14	7788	12.346	-1.166
636.2	NaN	508	NaN	532	0	22	358	57	46	0	406	29	7357	50	8288	66	7478	112	9241	12.32	5.319
636.3	NaN	509	NaN	576	0	19	361	36	33	0	402	3	7563	4	7673	6	7241	10	7793	12.48	-0.379
636.4	NaN	526	NaN	528	0	20	361	20	9	0	406	-6	7101	-4	7940	-5	7158	-4	7903	12.33	-2.051
636.5	NaN	525	NaN	526	0	20	362	28	22	0	403	0	7049	-0	7721	0	7078	0	7727	12.187	-0.715
636.6	NaN	525	NaN	525	0	31	364	26	17	0	403	-0	6882	-0	7739	-0	6945	-0	7666	12.068	-2.945
636.7	NaN	523	NaN	527	0	33	364	26	17	0	403	-0	6793	-0	7720	0	6700	-0	7715	11.857	-2.369
636.8	NaN	528	NaN	527	0	31	361	24	15	0	405	-1	6685	-1	7628	-1	6692	-1	7660	11.657	-2.123
636.9	NaN	528	NaN	528	0	25	360	33	27	0	403	5	6688	9	7485	12	6613	21	7562	11.496	-0.393
637	NaN	481	NaN	527	0	29	357	32	26	0	401	3	6518	7	7315	7	6634	17	7375	11.489	-0.292
637.1	NaN	529	NaN	525	0	26	362	25	15	0	404	-0	6453	-0	7287	-0	6435	-0	7341	11.321	-1.162
637.2	NaN	532	NaN	528	0	37	359	24	15	0	405	-3	6321	-2	7206	-3	6324	-2	7245	11.159	-2.211
637.3	NaN	528	NaN	529	0	37	363	26	19	0	404	-0	6224	-0	7185	-0	6191	-0	7196	10.961	-2.081
637.4	NaN	529	NaN	528	0	38	364	26	19	0	402	0	6161	-0	7067	0	6122	0	7010	10.796	-3.323
637.5	NaN	528	NaN	527	0	41	362	26	18	0	404	-1	5925	0	6935	0	5992	0	6929	10.623	-2.495
637.6	NaN	553	NaN	567	0	47	364	39	32	0	403	6	5867	22	7029	14	5859	52	7004	10.404	-0.646
637.7	NaN	542	NaN	551	0	50	360	41	34	0	405	7	5885	27	7049	17	5908	63	7049	10.489	0.617
637.8	NaN	531	NaN	530	0	50	359	59	49	0	405	18	6178	65	7480	43	6136	150	7455	10.789	5.485
637.9	NaN	509	NaN	508	0	49	360	55	45	0	404	16	6457	54	7572	36	6669	124	7610	11.099	3.622
638	NaN	538	NaN	530	0	46	360	54	45	0	403	16	6708	53	7688	37	6894	122	7715	11.351	2.612
638.1	NaN	522	NaN	518	0	46	363	54	44	0	404	16	6762	51	7819	37	7106	115	7854	11.628	2.851
638.2	NaN	530	NaN	536	0	40	360	54	47	0	404	20	7139	53	7978	46	7066	125	7995	11.942	2.691
638.3	NaN	505	NaN	512	0	39	362	64	57	0	404	25	7340	64	8222	57	7371	142	8241	12.334	2.519
638.4	NaN	533	NaN	518	0	18	359	97	90	0	404	34	7701	53	8390	75	7656	117	8466	12.801	5.209
638.5	NaN	535	NaN	522	0	13	363	100	100	0	403	38	8029	48	8534	84	8104	105	8547	13.291	4.398
638.6	NaN	550	NaN	518	0	8	361	100	100	0	404	37	8375	45	8716	81	8412	100	8776	13.786	4.184
638.7	NaN	524	NaN	521	0	4	360	100	100	0	404	39	8646	42	8974	84	8778	90	9031	14.206	2.029
638.8	NaN	547	NaN	521	0	2	358	100	100	0	404	39	8895	41	9140	82	9035	88	9267	14.64	4.307
638.9	NaN	542	NaN	538	0	1	362	100	100	0	404	40	9234	40	9333	82	9339	82	9470	15.031	4.05
639	NaN	521	NaN	506	0	-1	359	100	100	0	403	38	9480	38	9621	79	9529	78	9713	15.427	4.536
639.1	NaN	541	NaN	510	1	-3	357	95	87	0	404	38	9699	37	9846	79	9757	77	9868	15.794	3.938
639.2	NaN	518	NaN	511	0	-3	358	52	42	0	404	38	9889	35	9998	79	10060	71	10100	16.122	2.548
639.3	NaN	534	NaN	593	0	-4	362	39	30	0	404	17	10008	15	10030	36	10094	31	10094	16.341	0.313
639.4	NaN	534	NaN	582	0	-4	362	39	30	0	405	16	10071	14	10098	32	10062	28	10129	16.362	2.095
639.5	NaN	523	NaN	521	0	-6	361	26	18	0	402	-0	9927	-0	9979	1	9926	-0	9923	16.233	-2.939
639.6	NaN	527	NaN	522	0	-5	363	26	19	0	403	0	9759	0	9785	0	9891	0	9819	16.036	-1.35
639.7	NaN	524	NaN	519	0	-4	358	33	28	0	404	3	9723	3	9682	7	9728	4	9724	15.837	-2.209
639.8	NaN	529	NaN	578	0	-5	358	39	33	0	405	17	9760	15	9775	35	9790	32	9770	15.838	0.056
639.9	NaN	529	NaN	577	0	-4	363	38	32	0	404	17	9714	14	9772	34	9830	29	9808	15.869	-0.69
640	NaN	533	NaN	581	0	-6	361	38	32	0	403	16	9763	15	9730	32	9850	30	9803	15.898	-1.292
640.1	NaN	523	NaN	573	0	-5	363	38	32	0	404	16	9818	15	9783	33	9851	30	9879	15.913	1.637
640.2	NaN	519	NaN	581	0	-3	358	38	32	0	403	16	9806	15	9836	33	9838	31	9840	15.961	1.005
640.3	NaN	496	NaN	547	0	-5	363	33	24	0	402	5	9694	5	9796	11	9762	10	9751	15.889	-1.991
640.4	NaN	498	NaN	574	0	-5	360	33	24	0	403	6	9670	5	9661	13	9744	11	9717	15.765	-1.427
640.5	NaN	479	NaN	593	0	-2	361	38	31	0	402	8	9622	7	9627	17	9610	15	9694	15.671	-0.318
640.6	NaN	536	NaN	511	0	-3	358	57	49	0	403	36	9750	34	9825	72	9845	73	9870	15.795	4.166
640.7	NaN	513	NaN	508	0	-1	360	54	43	0	405	38	9882	36	10004	78	10047	73	10104	16.129	3.104
640.8	NaN	524	NaN	540	0	-0	362	47	39	0	405	27	10002	27	10066	56	10135	54	10181	16.29	1.313
640.9	NaN	504	NaN	522	0	-3	359	48	41	0	403	31	10173	29	10297	62	10178	60	10333	16.571	4.002
641	NaN	513	NaN	528	0	-5	360	55	47	0	405	32	10341	29	10413	63	10471	58	10487	16.818	1.806
641.1	NaN	519	NaN	532	0	-7	358	54	47	0	402	30	10453	26	10403	59	10609	52	10552	17.027	1.523
641.2	NaN	493	NaN	524	0	-6	359	54	49	0	404	26	10597	23	10621	49	10598	45	10668	17.21	3.635
641.3	NaN	495	NaN	561	0	-5	359	54	48	0	402	22	10637	19	10650	43	10744	37	10721	17.314	-0.032
641.4	NaN	492	NaN	571	0	-6	359	52	42	0	404	21	10686	19	10677	43	10783	38	10759	17.405	-0.06
641.5	NaN	502	NaN	581	0	-5	361	49	40	0	403	19	10768	17	10760	36	10828	34	10743	17.492	1.532
641.6	NaN	511	NaN	574	0	-5	358	45	35	0	403	18	10747	17	10747	37	10882	33	10850	17.5	1.636
641.7	NaN	522	NaN	519	0	-2	361	25	16	0	403	0	10659	0	10697	0	10590	0	10633	17.442	-3.058
641.8	NaN	519	NaN	518	0	4	359	25	15	0	403	-0	10430	-0	10686	-0	10450	0	10609	17.258	-2.253
641.9	NaN	526	NaN	523	0	13	365	24	16	0	406	-1	10101	-1	10615	-1	10238	-1	10655	16.974	-1.248
642	NaN	524	NaN	517	0	16	360	30	22	0	406	0	9805	-1	10643	0	9763	0	10577	16.744	-1.291
642.1	NaN	529	NaN	532	0	17	361	30	22	0	404	1	9628	1	10461	2	9663	3	10499	16.485	-2.543
642.2	NaN	501	NaN	573	0	16	361	32	25	0	403	4	9528	6	10230	8	9649	12	10278	16.298	-1.165
642.3	NaN	539	NaN	578	0	4	360	37	31	0	404	13	9642	14	10270	27	9766	30	10245	16.146	0.4
642.4	NaN	544	NaN	567	0	-3	362	40	35	0	403	21	9900	19	10080	43	9902	40	10107	16.23	0.25
642.5	NaN	484	NaN	565	0	-8	362	32	24	0	404	9	9994	8	9920	16	10027	15	9969	16.308	-1.107
642.6	NaN	519	NaN	520	0	-11	361	3	0	0	403	-9	9831	-10	9710	-7	9922	-8	9735	16.091	-1.917
642.7	NaN	518	NaN	635	0	-12	358	0	0	0	402	-28	9646	-32	9544	-22	9693	-25	9273	15.708	-5.009
642.8	NaN	498	NaN	637	0	-10	458	0	0	0	477	-46	9173	-50	8924	-38	9112	-41	9008	15.23	-6.146
642.9	NaN	505	NaN	635	0	-11	443	0	0	0	470	-52	8868	-58	8531	-42	8756	-48	7850	14.431	-8.706
643	NaN	524	NaN	664	0	-12	375	0	0	0	413	-51	8335	-57	8039	-43	8262	-48	7959	13.7	-6.769
643.1	NaN	501	NaN	646	0	-12	358	0	0	0	400	-52	7974	-57	7747	-43	7939	-49	7198	13.011	-6.665
643.2	NaN	513	NaN	635	0	-11	358	7	2	0	401	-38	7608	-44	7355	-33	7575	-37	7249	12.366	-5.043
643.3	NaN	533	NaN	637	0	-14	361	13	8	0	401	-22	7353	-26	7114	-19	7356	-22	7046	11.87	-3.456
643.4	NaN	520.375	NaN	801	0	-23	360	15	10	0	400	-18	7225	-23	6919	-17	7158	-20	6776	11.514	-3.826
643.5	NaN	522.25	NaN	542	0	-27	362	21	20	0	401	0	7143	0	6708	0	7089	0	6663	11.245	-1.931
643.6	NaN	524.125	NaN	538	0	-31	363	29	28	0	402	2	7096	0	6555	4	7057	2	6512	11.093	-1.215
643.7	NaN	502	NaN	634	0	-35	362	34	34	0	402	18	7139	7	6436	40	7121	17	6521	11.064	2.114
643.8	NaN	531	NaN	645	0	-37	362	40	41	0	403	27	7321	10	6444	62	7349	24	6475	11.087	1.94
643.9	NaN	573	NaN	668	0	-33	361	40	38	0	401	26	7385	12	6596	60	7465	28	6673	11.317	1.828
644	NaN	511	NaN	549	0	-46	360	26	24	0	401	4	7356	2	6614	9	7349	4	6615	11.484	-2.724
644.1	NaN	511	NaN	521	0	-45	360	37	37	0	403	4	7404	1	6463	9	7387	3	6370	11.242	-2.588
644.2	NaN	488	NaN	511	0	-47	359	37	36	0	400	11	7283	3	6378	26	7352	7	6380	11.16	0.413
644.3	NaN	487	NaN	641	0	-47	358	40	38	0	402	19	7360	6	6360	44	7437	13	6372	11.078	1.508
644.4	NaN	573	NaN	596	0	-43	362	44	44	0	401	39	7514	14	6457	89	7693	32	7020	11.221	0.63
644.5	NaN	526	NaN	590	0	-41	362	48	45	0	402	46	7608	15	6824	106	7768	35	6836	11.587	3.244
644.6	NaN	565	NaN	593	0	-36	358	48	45	0	403	43	7873	19	6898	97	7914	42	7249	11.86	1.276
644.7	NaN	526	NaN	584	0	-26	360	42	34	0	403	30	7837	16	7212	69	7959	36	7303	12.246	2.494
644.8	NaN	497	NaN	606	0	-18	361	46	40	0	403	14	7743	9	7311	32	7818	21	7348	12.297	0.282
644.9	NaN	600	NaN	576	0	-17	356	47	37	0	403	29	7832	19	7583	65	7977	43	7611	12.599	3.05
645	NaN	531	NaN	563	0	-9	360	47	39	0	405	29	7973	22	7828	65	8109	49	7855	12.879	2.723
645.1	NaN	566	NaN	572	0	-9	359	44	35	0	405	25	8143	21	8035	56	8243	46	8082	13.126	1.506
645.2	NaN	525	NaN	582	0	-10	356	42	33	0	403	20	8176	17	8144	44	8280	37	8218	13.332	2.59
645.3	NaN	520	NaN	512	0	-9	362	16	7	0	404	-8	8227	-10	8062	-8	8165	-8	8063	13.214	-3.507
645.4	NaN	529	NaN	626	0	-14	360	16	9	0	403	-18	7990	-22	7740	-17	8028	-19	7888	12.931	-2.292
645.5	NaN	523	NaN	524	0	-24	359	19	16	0	402	-5	7986	-8	7521	-5	7927	-7	7484	12.667	-3.424
645.6	NaN	526	NaN	527	0	-36	363	24	21	0	404	-0	7846	-0	7262	-1	7896	-0	7300	12.468	-2.375
645.7	NaN	527	NaN	523	0	-51	359	23	20	0	401	0	7762	0	6995	0	7779	0	6993	12.256	-2.391
645.8	NaN	506	NaN	545	0	-49	357	36	37	0	403	12	7943	4	6850	30	7923	8	6717	11.939	-2.365
645.9	NaN	538	NaN	572	0	-47	362	47	43	0	403	50	8287	16	7475	110	8214	37	7116	12.253	4.381
646	NaN	469	NaN	601	0	-42	362	38	33	0	403	23	7913	7	7100	50	7944	17	7386	12.285	-0.785
646.1	NaN	496	NaN	540	0	-35	361	25	19	0	403	4	7871	1	7015	8	7871	4	7118	12.338	1.038
646.2	NaN	527	NaN	572	0	-39	360	23	21	0	400	-6	7789	-7	6754	-5	7713	-7	6389	12.006	-2.862
646.3	NaN	509	NaN	506	0	-32	359	30	26	0	401	4	7653	2	6768	10	7686	4	6755	11.836	0.396
646.4	NaN	509	NaN	512	0	-37	363	30	24	0	403	4	7462	1	6773	9	7454	4	6796	11.778	-0.484
646.5	NaN	495	NaN	513	0	-41	361	32	28	0	403	9	7555	3	6688	21	7477	8	6689	11.627	-1.572
646.6	NaN	479	NaN	597	0	-43	360	35	31	0	400	16	7491	6	6659	38	7511	13	6684	11.606	-0.059
646.7	NaN	558	NaN	606	0	-46	356	41	38	0	402	32	7582	10	6665	72	7635	23	6747	11.652	1.244
646.8	NaN	514	NaN	612	0	-52	357	41	38	0	404	33	7726	9	6705	73	7770	22	6966	11.735	2.463
646.9	NaN	485	NaN	580	0	-53	360	38	33	0	404	19	7657	4	6565	43	7713	10	6785	11.796	0.406
647	NaN	510	NaN	601	0	-41	361	39	38	0	402	28	7862	9	6636	63	7926	21	6921	11.776	1.028
647.1	NaN	530	NaN	527	0	-10	359	25	14	0	403	-1	7502	-1	6887	-2	7503	-1	6868	11.92	-0.768
647.2	NaN	527	NaN	525	0	9	365	25	16	0	405	-1	7002	-1	7321	-1	6989	-1	7276	11.796	-1.544
647.3	NaN	532	NaN	527	0	29	362	29	21	0	406	0	6681	0	7415	0	6731	0	7392	11.628	-1.798
647.4	NaN	546	NaN	589	0	33	357	36	29	0	403	7	6667	15	7506	16	6747	35	7526	11.594	-1.676
647.5	NaN	528	NaN	536	0	35	363	46	38	0	403	15	6753	33	7666	34	6880	76	7748	11.713	0.795
647.6	NaN	539	NaN	528	0	33	358	46	38	0	404	15	6973	34	7762	34	7149	78	7875	11.942	2.513
647.7	NaN	525	NaN	558	0	33	359	46	38	0	403	14	7289	31	7868	33	7263	67	7976	12.13	2.11
647.8	NaN	542	NaN	534	0	32	359	46	38	0	404	16	7312	33	8022	35	7504	73	8085	12.311	1.627
647.9	NaN	537	NaN	532	0	26	358	46	38	0	403	17	7340	32	8121	38	7491	71	8202	12.509	1.845
648	NaN	553	NaN	575	0	3	358	45	36	0	404	22	7589	24	8065	48	7744	55	8116	12.778	3.451
648.1	NaN	536	NaN	576	0	-18	362	42	35	0	404	23	8017	16	7852	51	8104	35	7922	12.975	1.394
648.2	NaN	553	NaN	568	0	-24	359	44	40	0	403	30	8308	18	7856	67	8398	40	7928	13.149	2.667
648.3	NaN	521	NaN	568	0	-35	356	48	43	0	404	40	8623	18	7958	89	8672	40	8031	13.465	3.476
648.4	NaN	562	NaN	561	0	-37	358	59	60	0	404	56	9091	23	8129	112	9111	49	8316	13.797	4.42
648.5	NaN	530	NaN	550	0	-38	359	69	65	0	402	55	9170	23	8631	120	9275	50	8587	14.219	3.875
648.6	NaN	537	NaN	540	0	-34	362	94	94	0	405	53	9358	25	8659	114	9512	54	8963	14.57	4.28
648.7	NaN	527	NaN	524	0	-16	363	100	100	0	402	47	9440	31	9101	94	9569	66	9271	14.989	5.012
648.8	NaN	533	NaN	522	0	-9	360	100	100	0	403	42	9623	35	9505	85	9755	73	9611	15.451	5.013
648.9	NaN	532	NaN	517	0	-9	359	100	100	0	404	41	9854	33	9757	84	9953	68	9788	15.9	4.055
649	NaN	521	NaN	515	0	-8	360	100	100	0	407	40	10043	33	9954	81	10111	67	10080	16.3	4.369
649.1	NaN	519	NaN	515	0	-6	359	100	100	0	407	38	10260	34	10276	76	10446	68	10377	16.675	4.223
649.2	NaN	516	NaN	527	0	-2	363	100	100	0	403	30	10444	27	10496	58	10532	56	10538	17.026	3.493
649.3	NaN	488	NaN	531	0	1	362	100	100	0	405	24	10507	24	10622	49	10550	48	10731	17.25	2.695
649.4	NaN	503	NaN	548	0	0	359	100	100	0	406	24	10602	24	10870	47	10761	46	10904	17.477	2.102
649.5	NaN	541	NaN	585	1	1	360	100	100	0	404	19	10706	19	10937	37	10800	37	10978	17.656	-0.192
649.6	NaN	533	NaN	566	1	2	358	100	100	0	401	17	10714	19	11013	34	10801	37	11089	17.754	1.13
649.7	NaN	539	NaN	575	1	1	359	100	100	0	403	16	10809	17	11122	31	10916	33	11117	17.858	1.665
649.8	NaN	518	NaN	584	1	3	360	100	100	0	403	13	10846	14	11090	26	10857	28	11165	17.93	0.73
649.9	NaN	525	NaN	587	1	3	359	100	100	0	404	15	10839	15	11253	30	10980	31	11260	17.985	1.45
650	NaN	516	NaN	592	1	1	358	100	100	0	404	12	10952	12	11192	22	10996	22	11230	18.023	0.003
650.1	NaN	543	NaN	590	1	3	361	100	100	0	404	11	10873	12	11254	23	10942	25	11254	18.1	-0.839
650.2	NaN	513	NaN	594	1	2	362	100	100	0	403	12	10988	13	11247	23	11068	23	11276	18.119	-0.018
650.3	NaN	489	NaN	588	1	-1	362	100	100	0	405	8	10957	9	11222	15	10946	16	11251	18.133	-0.697
650.4	NaN	514	NaN	599	1	-1	360	100	100	0	404	12	10962	12	11261	24	11097	22	11249	18.169	0.806
650.5	NaN	491	NaN	610	1	-1	360	100	100	0	405	7	11049	7	11186	13	11070	13	11236	18.148	0.274
650.6	NaN	483	NaN	559	1	-2	361	100	100	0	402	10	10990	9	11297	20	11079	20	11215	18.143	-1.107
650.7	NaN	484	NaN	598	1	-5	359	100	100	0	402	8	11082	8	11071	15	11142	14	11129	18.146	0.96
650.8	NaN	488	NaN	572	1	-5	362	100	100	0	402	7	11033	7	11193	15	11069	13	11154	18.094	-0.955
650.9	NaN	482	NaN	588	1	-4	362	100	100	0	402	9	11089	9	11134	18	11127	16	11124	18.089	-0.54
651	NaN	484	NaN	569	1	-2	362	100	100	0	403	7	11006	7	11126	13	11008	13	11152	18.097	0.108
651.1	NaN	498	NaN	588	1	-2	358	100	100	0	404	11	11011	10	11151	23	11107	21	11168	18.075	-0.12
651.2	NaN	496	NaN	588	1	-1	363	100	100	0	404	7	11056	7	11116	13	11068	12	11140	18.077	0.29
651.3	NaN	485	NaN	576	1	-2	362	100	100	0	404	10	10978	9	11184	20	11048	19	11151	18.097	-0.264
651.4	NaN	492	NaN	585	1	-5	358	100	100	0	404	9	11083	8	11066	17	11115	15	11142	18.081	0.659
651.5	NaN	490	NaN	564	1	-3	361	100	100	0	404	7	11010	7	11243	15	11006	14	11166	18.063	-1.054
651.6	NaN	495	NaN	626	1	-3	359	100	100	0	403	10	11051	9	11095	19	11089	18	11133	18.072	-0.403
651.7	NaN	494	NaN	578	1	-3	360	100	100	0	403	7	11040	7	11172	13	11036	13	11162	18.074	-0.242
651.8	NaN	487	NaN	580	1	-2	363	100	100	0	403	11	10988	11	11157	23	11109	21	11186	18.05	-0.61
651.9	NaN	501	NaN	594	1	-4	358	100	100	0	404	8	11061	7	11121	14	11091	13	11114	18.069	0.195
652	NaN	483	NaN	578	1	-3	361	100	100	0	404	9	10992	9	11157	18	11048	17	11138	18.088	0.11
652.1	NaN	492	NaN	603	1	-4	362	100	100	0	404	9	11078	8	11056	16	11124	14	11113	18.064	0.586
652.2	NaN	488	NaN	580	1	-5	359	100	100	0	404	7	11046	7	11171	14	10999	13	11116	18.059	-0.875
652.3	NaN	480	NaN	606	1	-6	362	100	100	0	406	9	11057	8	11028	19	11116	16	11093	18.06	-0.18
652.4	NaN	482	NaN	597	1	-9	357	100	100	0	406	9	11060	7	11088	17	11130	15	11110	18.043	1.784
652.5	NaN	478	NaN	571	0	-9	359	100	100	0	403	9	11093	7	11021	18	11171	15	11016	18.02	-1.737
652.6	NaN	500	NaN	629	0	-12	357	100	100	0	403	12	11215	10	10993	25	11235	20	11010	18.045	-0.727
652.7	NaN	494	NaN	614	0	-13	358	100	100	0	402	10	11064	8	11048	20	11159	15	10980	18.116	0.969
652.8	NaN	471	NaN	594	0	-11	361	100	100	0	404	11	11209	9	10940	23	11306	19	11040	18.072	0.364
652.9	NaN	486	NaN	582	0	-9	360	100	100	0	401	10	11136	8	11104	20	11107	16	11083	18.108	0.371
653	NaN	482	NaN	566	0	-9	359	100	100	0	405	9	11096	7	11012	16	11203	14	11051	18.09	-0.379
653.1	NaN	483	NaN	573	0	-7	361	100	100	0	404	11	11154	9	11046	22	11129	18	11096	18.094	1.13
653.2	NaN	490	NaN	577	0	-8	357	100	100	0	406	7	11087	6	11081	13	11158	11	11041	18.072	-1.615
653.3	NaN	476	NaN	566	0	-6	362	100	100	0	403	9	11096	8	11005	19	11119	17	11060	18.069	0.95
653.4	NaN	486	NaN	612	0	-7	359	100	100	0	403	9	11002	8	11116	17	11119	15	11064	18.067	0.391
653.5	NaN	476	NaN	593	1	-4	363	100	100	0	404	8	11099	8	11016	16	11145	15	11072	18.034	-0.715
653.6	NaN	492	NaN	588	1	-6	358	100	100	0	405	9	11013	9	11096	18	11031	16	11108	18.039	0.095
653.7	NaN	481	NaN	582	1	-4	360	100	100	0	403	10	10993	9	11041	21	11114	18	11082	18.01	-1.164
653.8	NaN	485	NaN	580	1	-2	362	100	100	0	404	9	11020	8	11044	15	10945	15	11084	18.014	-0.503
653.9	NaN	499	NaN	611	1	-1	363	100	100	0	403	11	10912	11	11138	24	11061	23	11118	18.031	-0.104
654	NaN	492	NaN	578	1	-1	360	98	88	0	404	10	11015	9	11098	17	11013	17	11137	18.033	-0.773
654.1	NaN	499	NaN	575	0	-3	358	57	47	0	403	10	10935	10	11224	21	11008	20	11167	18.097	-0.64
654.2	NaN	525	NaN	597	0	0	363	0	0	0	404	-14	10809	-14	10966	-11	10899	-10	11000	17.952	-1.007
654.3	NaN	513	NaN	597	0	-1	362	0	0	0	403	-35	10590	-34	10803	-27	10575	-26	10726	17.613	-3.796
654.4	NaN	512	NaN	611	0	-4	357	0	0	0	402	-47	10183	-48	10418	-35	9928	-37	10239	17.135	-5.519
654.5	NaN	491	NaN	607	0	-3	366	0	0	0	402	-49	10026	-49	9986	-37	9740	-39	9942	16.571	-6.247
654.6	NaN	502	NaN	610	0	-4	372	0	0	0	415	-49	9590	-51	9725	-39	9668	-40	9508	15.951	-5.894
654.7	NaN	500	NaN	632	0	-2	500	0	0	0	545	-52	9226	-54	9201	-42	8991	-43	8875	15.315	-8.162
654.8	NaN	505	NaN	601	0	4	607	0	0	0	585	-56	8173	-54	8466	-46	8393	-45	8627	14.414	-6.809
654.9	NaN	505	NaN	594	0	14	621	0	0	0	581	-58	7732	-51	8291	-50	6397	-43	8186	13.375	-11.451
655	NaN	510	NaN	613	0	25	415	0	0	0	446	-60	6612	-48	7940	-52	6703	-42	7802	12.469	-5.37
655.1	NaN	501	NaN	611	0	35	365	0	0	0	403	-63	6385	-45	7566	-55	2995	-39	7545	11.808	-8.9
655.2	NaN	523	NaN	617	0	51	361	0	0	0	403	-65	4296	-41	7150	-0	-700	-36	7185	11.156	-5.555
655.3	NaN	543	NaN	624	0	74	361	8	1	0	400	-67	3885	-31	6542	-2	674	-29	6847	10.455	-7.979
655.4	NaN	496	NaN	607	0	71	361	32	24	0	404	0	5179	5	6493	1	13	14	6661	9.883	-3.262
655.5	NaN	566	NaN	556	0	66	367	44	37	0	405	3	5103	31	6514	10	5076	80	6667	9.507	0.149
655.6	NaN	544	NaN	542	0	62	366	48	40	0	404	7	5209	46	6754	18	5413	109	7092	9.54	2.246
655.7	NaN	521	NaN	529	0	60	364	51	44	0	403	9	5420	49	6604	22	6008	119	6876	9.614	0.276
655.8	NaN	513	NaN	621	0	60	362	32	24	0	407	1	5168	5	6435	2	5313	13	6610	9.63	-0.329
655.9	NaN	506.75	NaN	616	0	61	365	48	41	0	405	2	5104	14	6360	5	5227	34	6511	9.389	-1.412
656	NaN	520	NaN	559	0	61	362	62	55	0	404	13	5257	77	6704	32	6089	189	7000	9.28	4.673
656.1	NaN	513	NaN	605.6363636	0	62	364	51	44	0	404	7	5333	46	6498	17	5520	118	6696	9.526	0.434
656.2	NaN	525	NaN	604.2727273	0	61	362	51	42	0	403	10	5507	64	7301	26	5610	133	7044	9.789	6.513
656.3	NaN	499	NaN	602.9090909	0	62	359	61	55	0	404	14	5874	73	6986	32	6495	178	7213	9.958	3.551
656.4	NaN	482	NaN	601.5454545	0	56	359	65	58	0	407	17	5899	73	7075	40	6761	183	7304	10.189	1.021
656.5	NaN	485	NaN	600.1818182	0	60	361	62	52	0	404	15	6077	79	7481	35	6300	174	7655	10.567	5.296
656.6	NaN	475	NaN	598.8181818	0	60	364	63	57	0	405	16	7189	81	7677	37	6819	183	7986	10.818	4.679
656.7	NaN	488	NaN	597.4545455	0	56	362	74	67	0	404	19	6816	81	7504	42	6737	198	7783	11.029	0.165
656.8	NaN	505	NaN	596.0909091	0	55	364	100	96	0	407	18	6919	76	7847	41	6773	178	7948	11.39	4.233
656.9	NaN	477	NaN	594.7272727	0	53	360	100	95	0	404	18	7405	73	8048	41	7044	165	8239	11.685	5.207
657	NaN	486	NaN	593.3636364	0	51	360	100	93	0	404	19	8189	70	8124	43	7747	161	8214	12.019	4.546
657.1	NaN	477	NaN	592	0	38	360	100	97	0	405	23	8037	59	8291	53	8584	134	8482	12.349	4.687
657.2	NaN	506	NaN	590.6363636	0	25	360	100	100	0	405	30	8410	55	8407	65	7918	124	8543	12.817	3.33
657.3	NaN	525	NaN	589.2727273	0	12	359	100	99	0	405	36	8328	47	8618	79	8069	103	8696	13.314	5.924
657.4	NaN	506	NaN	587.9090909	0	8	360	100	99	0	405	36	8434	45	8865	78	8371	99	8937	13.812	5.038
657.5	NaN	510	NaN	586.5454545	0	5	358	100	98	0	404	38	8747	42	9091	81	8783	92	9145	14.321	5.203
657.6	NaN	535	NaN	585.1818182	0	1	359	95	86	0	405	39	9036	40	9272	83	9154	87	9357	14.754	4.422
657.7	NaN	540	NaN	583.8181818	0	-3	361	0	0	0	404	-6	8983	-7	9146	-5	9007	-5	9185	14.94	-3.48
657.8	NaN	529	NaN	582.4545455	0	-7	532	0	0	0	561	-25	8877	-27	8766	-20	8872	-22	8790	14.51	-6.848
657.9	NaN	512	NaN	581.0909091	0	-14	536	0	0	0	511	-42	8474	-47	8090	-35	8373	-40	8069	13.8	-8.689
658	NaN	499	NaN	579.7272727	0	-22	376	0	0	0	414	-48	8264	-59	7575	-42	8184	-50	6670	13.018	-6.594
658.1	NaN	501	NaN	578.3636364	0	-27	363	1	2	0	400	-46	7837	-58	6894	-40	7760	-52	6497	12.32	-4.76
658.2	NaN	553	NaN	578	0	-34	365	17	17	0	403	-10	7687	-12	6816	-10	7633	-11	6490	11.738	-3.187
658.3	NaN	546	NaN	535	0	-45	363	18	18	0	402	-4	7435	-7	6597	-4	7456	-6	6543	11.483	-2.695
658.4	NaN	547	NaN	541	0	-49	364	24	25	0	401	-0	7381	-0	6464	-0	7359	0	6407	11.206	-2.535
658.5	NaN	542	NaN	536	0	-50	364	24	25	0	403	-0	7230	-0	6298	-0	7207	0	6199	10.989	-2.688
658.6	NaN	546	NaN	536	0	-49	364	25	25	0	403	0	7078	0	5989	0	7124	0	6036	10.773	-1.226
658.7	NaN	491	NaN	581	0	-50	361	36	36	0	402	19	7089	5	5977	40	7122	12	5974	10.559	-0.513
658.8	NaN	550	NaN	577.5	0	-52	362	42	40	0	404	35	7147	9	6109	82	7220	22	6185	10.773	1.767
658.9	NaN	517	NaN	574	0	-51	360	40	38	0	403	33	7325	9	6230	79	7427	20	6237	10.88	2.13
659	NaN	488	NaN	570.5	0	-53	362	35	35	0	402	23	7229	6	6210	53	7328	13	6388	10.928	-1.273
659.1	NaN	500	NaN	567	0	-50	360	37	36	0	402	26	7265	6	6205	60	7385	16	6266	11.003	2.654
659.2	NaN	548	NaN	563.5	0	-44	363	44	45	0	401	38	7435	12	6285	85	7510	29	6948	11.006	0.49
659.3	NaN	544	NaN	538	0	-41	362	21	14	0	403	-2	7460	-3	6398	-4	7437	-2	6376	11.22	-2.66
659.4	NaN	528	NaN	618	0	-27	360	33	25	0	404	19	7436	9	6680	54	7498	23	6643	11.338	4.904
659.5	NaN	547	NaN	641	0	-18	359	13	6	0	400	-16	6893	-19	6684	-14	6814	-17	6458	11.207	-4.167
659.6	NaN	550	NaN	529	0	-5	361	21	14	0	403	-5	6667	-5	6661	-5	6665	-5	6679	10.937	0.039
659.7	NaN	548	NaN	528	0	20	360	29	21	0	404	0	6270	0	6813	0	6320	0	6775	10.734	-1.559
659.8	NaN	585	NaN	595	0	32	359	39	32	0	404	9	6196	20	6980	22	6256	47	7039	10.713	1.244
659.9	NaN	556	NaN	576	0	50	359	40	32	0	405	6	6058	23	7062	15	6181	54	7120	10.715	-0.795
660	NaN	564	NaN	553	0	50	361	41	34	0	404	8	6054	27	7190	17	6092	62	7281	10.741	0.991
660.1	NaN	577	NaN	563	0	48	361	41	33	0	403	7	6087	25	7171	17	6089	58	7245	10.827	0.534
660.2	NaN	566	NaN	563	0	34	360	42	35	0	404	11	6152	26	7313	27	6389	61	7356	10.823	1.324
660.3	NaN	548	NaN	587	0	39	362	42	35	0	404	11	6369	27	7195	25	6459	63	7254	10.985	0.514
660.4	NaN	544	NaN	557	0	39	360	42	35	0	404	10	6311	28	7361	24	6474	64	7385	11.039	0.515
660.5	NaN	567	NaN	575	0	54	362	41	32	0	405	6	6320	26	7319	15	6497	59	7382	11.171	-1.019
660.6	NaN	527	NaN	563	0	54	359	52	45	0	404	13	6382	54	7682	30	8524	124	7796	11.245	1.259
660.7	NaN	546	NaN	536	0	51	359	51	43	0	404	12	6602	49	7726	29	6695	110	7803	11.488	2.147
660.8	NaN	539	NaN	564	0	48	364	54	44	0	403	17	6675	53	7978	37	6927	121	8069	11.706	3.026
660.9	NaN	528	NaN	516	0	42	364	52	45	0	403	18	6946	48	7910	40	7088	108	8070	11.867	3.185
661	NaN	537	NaN	517	0	40	361	51	45	0	404	18	7237	47	7983	40	7129	108	8091	12.105	2.308
661.1	NaN	542	NaN	544	0	34	360	52	46	0	403	22	7334	48	8136	48	7310	108	8222	12.418	2.891
661.2	NaN	527	NaN	535	0	25	361	54	48	0	404	27	7527	47	8311	61	7569	105	8412	12.742	3.922
661.3	NaN	518	NaN	505	0	18	361	54	48	0	403	31	7874	46	8442	67	7892	100	8534	13.155	4.254
661.4	NaN	529	NaN	519	0	12	359	54	48	0	404	32	8135	43	8647	71	8159	95	8778	13.574	4.236
661.5	NaN	557	NaN	554	0	0	360	46	37	0	405	25	8460	26	8706	52	8466	56	8831	13.984	2.845
661.6	NaN	508	NaN	614	0	-14	362	37	29	0	405	13	8629	10	8594	29	8710	21	8654	14.09	-0.196
661.7	NaN	491	NaN	589	0	-27	362	34	30	0	403	13	8897	7	8398	28	8973	15	8448	14.11	0.934
661.8	NaN	494	NaN	581	0	-30	360	33	33	0	402	14	8979	7	8255	31	9074	15	8362	14.052	-0.136
661.9	NaN	537	NaN	615	0	-34	359	36	34	0	402	20	8996	9	8286	43	9064	21	8374	14.074	2.087
662	NaN	576	NaN	600	0	-35	357	39	39	0	402	27	9074	12	8307	62	9184	27	8406	14.064	1.371
662.1	NaN	540	NaN	627	0	-33	359	40	39	0	404	29	9035	14	8409	63	9098	30	8511	14.195	0.937
662.2	NaN	556	NaN	554	0	-34	358	49	48	0	400	47	9265	22	8524	103	9387	47	8665	14.298	2.876
662.3	NaN	548	NaN	563	0	-32	361	50	48	0	403	50	9407	23	8870	103	9563	50	8839	14.65	4.451
662.4	NaN	534	NaN	534	0	-17	359	56	53	0	403	46	9582	30	9107	95	9744	65	9054	14.96	4.522
662.5	NaN	569	NaN	519	0	0	358	58	48	0	405	39	9475	36	9440	80	9646	77	9550	15.388	3.457
662.6	NaN	517	NaN	521	0	11	358	57	46	0	404	33	9523	42	9903	69	9616	88	9965	15.756	3.649
662.7	NaN	492	NaN	512	0	23	362	58	51	0	404	28	9807	46	10256	58	9802	92	10336	16.083	3.491
662.8	NaN	501	NaN	520	0	28	364	60	50	0	403	26	9957	46	10463	53	10048	93	10577	16.346	2.398
662.9	NaN	505	NaN	521	0	27	358	58	50	0	404	26	10216	45	10687	51	9957	90	10759	16.596	2.682
663	NaN	515	NaN	519	0	28	363	58	50	0	405	26	10211	48	10807	52	10160	93	10918	16.8	1.335
663.1	NaN	528	NaN	527	0	25	360	65	58	0	405	24	10365	41	10849	47	10370	78	10998	17.01	2.872
663.2	NaN	560	NaN	530	0	19	358	77	71	0	405	26	10443	40	10998	51	10369	78	11028	17.197	2.852
663.3	NaN	602	NaN	526	0	8	359	85	79	0	404	27	10450	33	10967	55	10510	60	11050	17.342	2.802
663.4	NaN	528	NaN	543	0	1	359	99	93	0	404	22	10632	23	10914	43	10696	45	10964	17.522	2.303
663.5	NaN	534	NaN	543	0	-11	358	100	97	0	403	19	10756	16	10832	37	10790	32	10894	17.605	-0.17
663.6	NaN	519	NaN	550	0	-15	360	100	100	0	404	23	10989	17	10689	45	11100	33	10819	17.647	0.944
663.7	NaN	606	NaN	578	0	-20	360	100	100	0	404	22	11043	15	10728	43	11156	29	10811	17.713	0.382
663.8	NaN	522	NaN	546	0	-19	362	100	100	0	404	24	11146	15	10670	46	11218	31	10781	17.76	-0.375
663.9	NaN	514	NaN	585	0	-18	363	100	100	0	403	24	11199	16	10697	47	11262	31	10836	17.82	0.968
664	NaN	527	NaN	601	0	-19	357	100	100	0	402	19	11126	13	10786	37	11165	25	10835	17.854	-0.601
664.1	NaN	570	NaN	559	0	-16	357	100	100	0	402	21	11288	15	10750	41	11288	30	10841	17.88	0.568
664.2	NaN	519	NaN	631	0	-15	359	100	100	0	402	17	11092	13	10905	34	11098	25	10866	17.905	0.39
664.3	NaN	523	NaN	588	0	-12	360	100	100	0	403	16	11155	12	10833	30	11198	23	10895	17.902	0.172
664.4	NaN	538	NaN	576	0	-11	356	100	100	0	404	17	11102	13	10866	34	11149	27	10966	17.89	1.22
664.5	NaN	511	NaN	584	0	-12	357	100	100	0	406	13	11031	10	10904	24	11101	19	10933	17.88	-0.397
664.6	NaN	540	NaN	577	0	-7	357	100	100	0	405	16	11073	14	10836	31	11143	28	10943	17.885	0.324
664.7	NaN	537	NaN	624	0	-0	358	100	100	0	405	13	10862	13	11080	25	10906	24	11010	17.869	-0.716
664.8	NaN	540	NaN	585	0	0	362	100	100	0	405	14	10908	14	11040	27	10946	27	11065	17.865	0.221
664.9	NaN	557	NaN	580	0	1	362	100	100	0	404	13	10833	13	11143	25	10863	25	11147	17.876	-0.559
665	NaN	539	NaN	571	0	1	358	100	100	0	402	16	10828	16	11103	32	10960	32	11171	17.905	1.413
665.1	NaN	527	NaN	610	1	-1	358	100	100	0	404	13	10893	13	11050	26	10981	25	11177	17.916	1.122
665.2	NaN	550	NaN	562	1	2	362	100	100	0	404	15	10837	15	11181	29	10891	30	11186	17.912	-0.493
665.3	NaN	538	NaN	588	1	-1	359	100	100	0	404	14	10918	14	11068	27	10963	26	11139	17.934	-0.074
665.4	NaN	562	NaN	582	1	0	359	100	100	0	404	12	10863	12	11179	23	10894	24	11146	17.952	-0.542
665.5	NaN	576	NaN	571	1	1	363	100	100	0	404	14	10899	14	11120	28	11016	27	11140	17.961	0.617
665.6	NaN	515	NaN	608	1	-2	360	100	100	0	404	10	10967	10	11172	19	10995	18	11157	17.98	-0.459
665.7	NaN	540	NaN	569	1	-3	358	100	100	0	404	12	10916	11	11173	25	10984	24	11181	17.989	-0.329
665.8	NaN	515	NaN	580	1	-4	358	100	100	0	404	11	11011	11	11073	21	11055	19	11152	18.01	0.384
665.9	NaN	495	NaN	618	1	-4	359	100	100	0	405	9	10975	8	11179	17	10951	17	11153	17.992	-1.477
666	NaN	501	NaN	630	1	-6	357	100	100	0	404	11	11048	9	11044	21	11092	18	11092	17.976	-0.137
666.1	NaN	509	NaN	590	1	-7	357	100	100	0	404	9	11004	8	11110	18	11033	16	11048	18.028	0.318
666.2	NaN	490	NaN	579	1	-5	359	100	100	0	402	10	10979	10	11063	21	11083	20	11086	17.994	0.092
666.3	NaN	504	NaN	596	1	-5	358	100	100	0	404	9	11047	9	11086	17	11075	15	11077	17.998	0.002
666.4	NaN	488	NaN	598	1	-4	359	100	100	0	401	10	10979	9	11117	19	10999	19	11122	17.986	-0.779
666.5	NaN	503	NaN	588	1	-3	360	100	100	0	403	10	11045	10	11034	19	11065	18	11101	17.989	-0.068
666.6	NaN	499	NaN	590	1	-3	358	100	100	0	405	9	10986	8	11138	16	10977	16	11114	17.987	-1.364
666.7	NaN	512	NaN	586	1	-4	358	100	100	0	404	12	10987	11	11074	24	11072	22	11107	17.986	-0.395
666.8	NaN	503	NaN	596	0	-2	361	44	34	0	404	9	11014	8	11153	17	11048	16	11094	17.998	-0.035
666.9	NaN	546	NaN	561	0	-4	357	0	0	0	404	-16	10768	-16	11001	-12	10664	-12	10901	17.841	-4.908
667	NaN	519	NaN	633	0	-1	360	0	0	0	404	-35	10441	-36	10627	-27	10553	-27	10670	17.485	-2.8
667.1	NaN	510	NaN	619	0	-3	359	0	0	0	405	-48	10188	-50	10435	-37	10095	-38	10134	16.946	-7.193
667.2	NaN	509	NaN	614	0	-5	359	0	0	0	401	-48	9896	-50	10036	-38	9830	-40	9837	16.34	-6.67
667.3	NaN	506	NaN	594	0	-4	363	0	0	0	400	-49	9481	-52	9576	-39	9478	-41	9468	15.792	-6.05
667.4	NaN	513	NaN	592	0	-2	448	0	0	0	479	-52	8904	-53	9048	-42	9133	-43	9127	15.175	-5.265
667.5	NaN	506	NaN	611	0	4	531	0	0	0	514	-56	8377	-54	8926	-45	8124	-44	8601	14.358	-9.294
667.6	NaN	508	NaN	613	0	7	496	0	0	0	507	-56	7803	-52	8294	-48	7538	-44	8212	13.535	-8.854
667.7	NaN	516	NaN	615	0	17	397	0	0	0	445	-59	7377	-49	8014	-50	6529	-42	7753	12.566	-11.769
667.8	NaN	531	NaN	615	0	32	360	0	0	0	403	-62	4153	-44	7502	-54	4832	-39	7756	12.023	-1.304
667.9	NaN	537	NaN	592	0	59	358	6	0	0	401	-58	5023	-31	7225	-52	3640	-28	7238	11.268	-7.542
668	NaN	496	NaN	546	0	48	361	25	18	0	402	-11	5521	-7	7206	0	-262	-7	7120	10.592	-4.615
668.1	NaN	511	NaN	534	0	43	360	54	47	0	403	18	6049	53	7168	43	6189	124	7357	10.46	3.083
668.2	NaN	526	NaN	530	0	25	357	54	46	0	405	24	6134	46	7304	58	6996	108	7660	10.688	4.479
668.3	NaN	532	NaN	519	0	16	363	57	51	0	404	34	8126	48	7258	79	7443	111	7487	10.99	6.159
668.4	NaN	524	NaN	535	0	11	358	58	52	0	405	37	7018	47	7367	85	7515	107	7478	11.492	5.117
668.5	NaN	521	NaN	524	0	12	360	58	52	0	404	38	7420	48	7678	86	7440	108	7770	12.06	6.528
668.6	NaN	506	NaN	524	0	12	359	64	57	0	405	38	7718	51	8116	85	7733	112	8207	12.531	5.152
668.7	NaN	544	NaN	526	0	29	360	52	43	0	405	21	8318	43	8301	49	7904	95	8395	13.117	2.99
668.8	NaN	509	NaN	545	0	16	362	62	54	0	407	33	8072	47	8868	71	8220	105	8959	13.456	6.951
668.9	NaN	519	NaN	523	0	16	363	61	53	0	405	33	8415	48	8911	72	8791	102	8968	13.973	3.761
669	NaN	538	NaN	532	0	16	359	54	45	0	404	30	8727	42	9230	64	8792	93	9295	14.413	3.848
669.1	NaN	541	NaN	552	0	28	362	51	42	0	404	23	8823	42	9492	48	8857	89	9562	14.718	1.891
669.2	NaN	538	NaN	563	0	28	361	46	37	0	404	17	8907	32	9566	36	8876	68	9696	14.952	2.795
669.3	NaN	562	NaN	567	0	27	364	46	40	0	404	18	9162	34	9760	40	8971	72	9813	15.109	3.106
669.4	NaN	524	NaN	522	0	18	363	53	47	0	404	31	9137	44	9903	65	10126	92	10011	15.266	2.458
669.5	NaN	518	NaN	516	0	13	359	53	46	0	404	31	9440	42	9921	65	9673	87	10098	15.665	3.707
669.6	NaN	519	NaN	585	0	-2	363	45	37	0	406	26	9704	24	9913	53	9850	48	10017	15.993	3.089
669.7	NaN	522	NaN	528	0	-17	363	31	27	0	403	6	9925	4	9748	13	9890	10	9769	16.059	-0.729
669.8	NaN	507	NaN	585	0	-27	362	36	37	0	403	11	10032	6	9488	23	10104	13	9483	15.955	-1.397
669.9	NaN	561	NaN	604	0	-30	358	37	37	0	402	24	10104	13	9448	50	10245	27	9551	15.915	0.04
670	NaN	530	NaN	557	0	-26	363	42	43	0	403	32	10211	18	9528	65	10228	38	9742	15.985	1.894
670.1	NaN	540	NaN	546	0	-28	358	47	47	0	401	43	10318	24	9969	88	10423	48	9958	16.265	4.081
670.2	NaN	514	NaN	540	0	-5	358	52	44	0	403	39	10315	33	10150	78	10521	67	10169	16.594	4.737
670.3	NaN	554	NaN	530	0	11	358	51	43	0	405	27	10185	34	10563	54	10208	73	10674	16.837	1.97
670.4	NaN	526	NaN	513	0	17	358	62	55	0	405	28	10556	39	10900	55	10406	74	10973	17.129	3.542
670.5	NaN	503	NaN	517	0	14	361	80	72	0	403	23	10408	30	10992	44	10537	63	11087	17.354	0.054
670.6	NaN	527	NaN	535	0	6	361	100	100	0	404	23	10581	26	10967	44	10604	49	11108	17.542	1.88
670.7	NaN	566	NaN	579	0	-4	358	100	100	0	404	17	10751	17	10960	35	10849	32	10964	17.699	0.744
670.8	NaN	531	NaN	563	0	-6	359	100	100	0	402	16	10864	13	10810	31	10985	28	10902	17.737	1.53
670.9	NaN	520	NaN	579	0	-8	359	100	100	0	404	15	10956	13	10942	30	10962	24	10942	17.789	0.388
671	NaN	520	NaN	564	0	-7	358	100	100	0	403	13	10912	11	10891	25	11005	22	10915	17.808	-0.743
671.1	NaN	550	NaN	582	1	-8	359	100	100	0	402	14	10983	12	10874	28	10968	24	10960	17.787	0.66
671.2	NaN	495	NaN	574	1	-6	362	100	100	0	403	11	11021	9	11035	21	11089	19	10920	17.721	-1.448
671.3	NaN	524	NaN	546	1	-9	360	100	100	0	402	17	10883	15	10751	33	10975	29	10887	17.838	0.228
671.4	NaN	507	NaN	584	1	-6	361	100	100	0	405	12	10961	10	11007	24	11049	20	10964	17.801	1.04
671.5	NaN	536	NaN	569	1	-4	355	100	100	0	403	13	10899	12	10954	25	10978	24	10975	17.811	-1.696
671.6	NaN	536	NaN	563	1	-1	360	100	100	0	404	15	10862	14	10872	28	10912	27	11039	17.859	2.344
671.7	NaN	505	NaN	592	1	-1	362	100	100	0	404	11	10958	11	11007	21	10998	20	10964	17.872	-0.346
671.8	NaN	535	NaN	587	1	-2	358	100	100	0	404	14	10888	14	10935	28	10939	27	11001	17.919	0.24
671.9	NaN	518	NaN	591	1	0	359	100	100	0	405	12	10943	11	11085	23	11005	22	11060	17.906	1.609
672	NaN	542	NaN	569	0	1	364	62	52	0	404	13	10873	13	11077	25	10969	25	11119	17.913	-0.757
672.1	NaN	555	NaN	514	0	4	361	0	0	0	402	-13	10698	-13	11024	-9	10628	-10	10990	17.797	-2.342
672.2	NaN	520	NaN	625	0	5	359	0	0	0	404	-34	10456	-32	10756	-25	10275	-25	10745	17.448	-4.569
672.3	NaN	505	NaN	606	0	5	357	0	0	0	403	-50	10013	-48	10395	-38	9972	-37	10305	16.915	-6.267
672.4	NaN	517	NaN	601	0	3	371	0	0	0	407	-51	9633	-50	10108	-40	9623	-39	9956	16.31	-5.917
672.5	NaN	503	NaN	599	0	1	458	0	0	0	473	-52	9173	-51	9528	-41	9269	-41	9457	15.689	-6.471
672.6	NaN	503	NaN	588	0	-4	563	0	0	0	558	-53	8845	-56	8983	-43	8633	-45	8820	14.852	-8.941
672.7	NaN	517	NaN	597	0	-18	626	0	0	0	619	-50	8479	-60	8094	-42	8391	-49	7724	13.868	-10.999
672.8	NaN	521	NaN	644	0	-28	476	0	0	0	491	-46	8135	-62	7250	-40	8069	-53	4173	12.823	-6.46
672.9	NaN	515	NaN	610	0	-44	364	0	0	0	400	-42	7766	-65	6637	-37	7770	-57	224	12.134	-6.351
673	NaN	524	NaN	610	0	-43	360	8	10	0	399	-24	7521	-37	6451	-22	7504	-6	604	11.56	-5.582
673.1	NaN	551	NaN	564	0	-45	361	20	21	0	401	0	7377	0	6395	0	7378	0	1683	11.228	-3.446
673.2	NaN	521	NaN	610	0	-28	364	28	28	0	399	5	7232	3	6232	13	7267	6	3947	10.99	-0.446
673.3	NaN	509	NaN	611	0	3	362	33	25	0	404	5	6756	6	6595	13	6825	14	6609	10.917	-0.125
673.4	NaN	522	NaN	615	0	30	365	38	30	0	402	7	6388	16	6996	17	6424	35	7021	10.877	-0.782
673.5	NaN	506	NaN	517	0	52	365	54	47	0	404	15	6684	56	7386	35	6489	128	7426	11.176	3.344
673.6	NaN	545	NaN	504	0	54	360	49	41	0	404	11	6450	46	7645	25	6615	104	7698	11.352	0.452
673.7	NaN	558	NaN	537	0	64	365	24	16	0	404	-1	6201	-1	7348	-1	6343	-1	7498	11.342	-3.705
673.8	NaN	560	NaN	522	0	63	360	32	27	0	403	2	6077	10	7326	4	6105	23	7411	10.989	-3.391
673.9	NaN	550	NaN	544	0	63	360	40	36	0	402	4	5852	29	7177	9	6093	67	7311	10.895	-1.405
674	NaN	542	NaN	522	0	64	362	46	41	0	404	7	6061	45	7398	17	6150	104	7477	10.915	1.372
674.1	NaN	524	NaN	511	0	61	362	46	41	0	403	8	6044	44	7475	17	6240	102	7566	10.991	0.651
674.2	NaN	533	NaN	496	0	60	359	50	47	0	407	11	6166	56	7662	25	6371	129	7806	11.141	3.969
674.3	NaN	483	NaN	518	0	50	358	60	57	0	404	20	7109	73	7927	45	6984	166	8140	11.371	4.828
674.4	NaN	513	NaN	523	0	43	363	72	67	0	404	23	8218	66	7829	54	7736	150	8044	11.722	3.231
674.5	NaN	505	NaN	506	0	33	362	88	82	0	403	29	8073	61	8059	64	7517	134	8150	12.143	4.047
674.6	NaN	514	NaN	505	0	38	359	100	100	0	405	24	9734	60	8450	53	7771	134	8282	12.591	5.802
674.7	NaN	522	NaN	517	0	19	363	100	100	0	406	32	7638	50	8392	70	9788	110	8540	12.912	1.771
674.8	NaN	526	NaN	501	0	12	357	100	100	0	405	37	9132	46	8552	77	8178	101	8704	13.462	4.691
674.9	NaN	522	NaN	510	0	7	360	100	100	0	405	37	8398	44	8826	81	8793	95	8946	13.912	2.446
675	NaN	536	NaN	514	0	8	359	100	100	0	405	36	8931	43	9088	77	8775	93	9171	14.453	7.002
675.1	NaN	516	NaN	542	0	5	361	100	100	0	407	37	9078	43	9381	78	9220	88	9482	14.886	4.806
675.2	NaN	514	NaN	513	0	8	363	100	100	0	405	34	9364	41	9603	72	9473	86	9670	15.356	3.125
675.3	NaN	528	NaN	520	0	4	359	100	100	0	404	36	9636	39	9854	74	9696	82	9896	15.747	3.821
675.4	NaN	546	NaN	519	1	4	360	100	100	0	404	36	9784	38	10059	73	9943	78	10217	16.112	3.036
675.5	NaN	532	NaN	515	1	3	357	100	100	0	404	35	10075	37	10339	72	10140	76	10417	16.481	3.468
675.6	NaN	535	NaN	529	1	-0	359	100	100	0	405	31	10339	31	10423	62	10436	63	10464	16.874	3.694
675.7	NaN	532	NaN	549	1	-4	362	100	100	0	405	27	10465	26	10508	54	10595	51	10646	17.115	4.064
675.8	NaN	530	NaN	580	1	-3	360	100	100	0	404	24	10616	23	10721	46	10678	44	10769	17.368	3.062
675.9	NaN	533	NaN	582	1	-1	359	100	100	0	404	18	10764	16	10764	34	10789	32	10815	17.491	-0.457
676	NaN	536	NaN	557	1	-2	358	97	89	0	404	19	10726	18	10859	38	10816	35	10905	17.645	0.775
676.1	NaN	542	NaN	543	0	-1	360	9	3	0	404	-3	10732	-4	10877	-5	10764	-5	10798	17.686	-2.447
676.2	NaN	548	NaN	519.6111111	0	1	365	0	0	0	402	-24	10518	-23	10588	-18	10527	-18	10615	17.432	-3.918
676.3	NaN	518	NaN	520.7222222	0	-0	397	0	0	0	433	-42	10143	-43	10508	-34	9994	-33	10244	16.944	-6.756
676.4	NaN	515	NaN	521.8333333	0	-1	364	0	0	0	407	-49	9641	-50	10022	-38	9772	-38	10039	16.361	-5.411
676.5	NaN	512	NaN	522.9444444	0	2	369	0	0	0	404	-51	9493	-51	9662	-41	9127	-40	9471	15.771	-6.98
676.6	NaN	514	NaN	524.0555556	0	3	448	0	0	0	494	-53	8861	-53	9139	-44	8863	-42	9150	15.148	-6.221
676.7	NaN	522	NaN	525.1666667	0	2	477	0	0	0	490	-56	8512	-54	8771	-46	8316	-45	8770	14.342	-7.466
676.8	NaN	512	NaN	526.2777778	0	4	517	0	0	0	497	-55	7940	-54	8089	-46	8007	-45	7909	13.513	-7.735
676.9	NaN	524	NaN	527.3888889	0	4	500	0	0	0	493	-55	7516	-53	7718	-47	7349	-45	7439	12.661	-7.682
677	NaN	517	NaN	528.5	0	8	370	0	0	0	403	-55	6881	-51	7276	-48	7011	-46	7316	11.929	-4.907
677.1	NaN	527	NaN	529.6111111	0	18	362	4	0	0	398	-54	6460	-45	7038	-48	6587	-41	7042	11.231	-5.441
677.2	NaN	550	NaN	530.7222222	0	35	359	15	9	0	401	-25	6081	-18	6893	-22	6046	-16	6844	10.679	-4.25
677.3	NaN	565	NaN	531.8333333	0	43	363	27	21	0	404	-4	5667	-2	6781	-2	5755	-2	6791	10.318	-2.628
677.4	NaN	587	NaN	532.9444444	0	44	360	34	28	0	403	4	5692	12	6792	10	5779	28	6840	10.198	0.757
677.5	NaN	592	NaN	534.0555556	0	45	361	34	27	0	404	4	5692	12	6813	8	5722	27	6764	10.092	-1.468
677.6	NaN	592	NaN	535.1666667	0	53	362	34	26	0	405	3	5596	11	6683	7	5673	27	6698	10.063	-1.862
677.7	NaN	576	NaN	536.2777778	0	56	361	48	43	0	404	10	5672	46	6946	24	5943	107	6988	10.089	3.017
677.8	NaN	588	NaN	537.3888889	0	53	361	46	39	0	403	9	5812	38	6998	21	5876	90	7056	10.307	1.707
677.9	NaN	536	NaN	547	0	44	359	46	41	0	406	12	5952	40	7150	29	6005	94	7193	10.494	2.423
678	NaN	556	NaN	529.9259259	0	13	362	46	41	0	404	19	6154	32	7123	46	6839	72	7273	10.676	2.878
678.1	NaN	523	NaN	529.6851852	0	-13	361	33	30	0	405	10	6631	8	6644	24	6667	18	6658	10.918	0.258
678.2	NaN	556	NaN	529.4444444	0	-31	359	37	32	0	403	15	6932	8	6454	36	6915	19	6551	10.886	-0.295
678.3	NaN	511	NaN	529.2037037	0	-67	362	37	33	0	403	24	7048	5	6236	56	7060	9	6337	10.907	-0.203
678.4	NaN	535	NaN	528.962963	0	-78	358	37	33	0	403	26	7091	1	6086	61	7172	3	6093	10.815	-1.713
678.5	NaN	509	NaN	528.7222222	0	-70	359	44	44	0	404	47	7507	5	5981	110	7512	13	6071	10.787	3.704
678.6	NaN	571	NaN	528.4814815	0	-63	361	59	58	0	402	68	7501	12	6104	166	7699	29	6508	10.96	2.93
678.7	NaN	552	NaN	528.2407407	0	-56	357	68	68	0	403	73	7837	16	6297	168	8031	40	6589	11.266	3.946
678.8	NaN	534	NaN	534	0	-27	361	79	76	0	404	56	7874	26	6390	127	8747	61	10071	11.507	1.515
678.9	NaN	584	NaN	540	0	-14	356	80	73	0	401	48	7748	36	7944	107	8132	82	9276	11.825	5.031
679	NaN	556	NaN	526	0	-20	359	97	98	0	403	48	8004	30	7234	108	8380	65	11733	12.023	2.392
679.1	NaN	549	NaN	537	0	-21	362	100	100	0	405	48	7961	30	9528	107	8222	67	9915	12.401	4.99
679.2	NaN	546	NaN	545	0	-23	359	100	100	0	404	49	8169	28	8587	109	8477	59	11061	12.783	6.638
679.3	NaN	560	NaN	519	0	-7	359	100	100	0	404	45	8269	39	8226	99	8402	84	8362	13.382	6.495
679.4	NaN	566	NaN	528	0	-15	357	100	100	0	404	48	8769	33	8513	104	8785	72	8541	13.939	6.131
679.5	NaN	614	NaN	533	0	-18	357	100	100	0	404	46	9068	33	8825	99	9127	70	8998	14.38	5.386
679.6	NaN	575	NaN	526	0	-20	356	100	100	0	404	46	9372	32	9052	97	9416	67	9171	14.869	5.732
679.7	NaN	531	NaN	520	0	-10	360	100	100	0	404	41	9596	33	9342	86	9560	72	9568	15.263	3.395
679.8	NaN	596	NaN	526	0	-2	362	100	100	0	405	39	9595	36	9653	81	9831	74	9762	15.71	4.081
679.9	NaN	535	NaN	528	0	0	362	100	100	0	404	37	9909	37	9973	75	10008	75	10103	16.09	3.13
680	NaN	570	NaN	514	0	2	362	100	100	0	403	36	10101	37	10316	72	10157	75	10345	16.5	4.345
680.1	NaN	561	NaN	515	0	2	358	100	100	0	403	33	10336	35	10500	65	10351	71	10612	16.888	3.146
680.2	NaN	502	NaN	524	1	1	360	100	100	0	403	29	10423	31	10730	58	10637	60	10798	17.16	3.154
680.3	NaN	524	NaN	558	1	1	360	99	92	0	405	23	10570	23	10816	47	10628	46	10825	17.454	3.667
680.4	NaN	543	NaN	587	0	-0	361	19	10	0	405	-0	10517	-1	10769	0	10553	-2	10786	17.566	-1.299
680.5	NaN	546	NaN	592	0	-2	360	11	5	0	402	-20	10404	-21	10641	-15	10443	-16	10546	17.331	-2.055
680.6	NaN	561	NaN	534	0	-6	358	18	14	0	403	-11	10289	-12	10418	-9	10288	-9	10354	17.031	-2.468
680.7	NaN	559	NaN	523	0	-5	359	18	14	0	402	-11	10158	-11	10242	-8	10169	-8	10230	16.769	-3.311
680.8	NaN	564	NaN	535	0	-1	359	22	16	0	404	-3	10041	-3	10228	-2	10085	-2	10173	16.551	-1.902
680.9	NaN	567	NaN	538	0	3	360	22	14	0	402	-5	9856	-5	10115	-3	9871	-4	10101	16.39	-1.525
681	NaN	553	NaN	528	0	10	362	21	11	0	404	-11	9550	-11	10016	-9	9550	-8	10036	16.162	-2.902
681.1	NaN	563	NaN	539	0	6	361	22	16	0	404	-3	9426	-3	9947	-2	9490	-2	9901	15.938	-2.163
681.2	NaN	560	NaN	539	0	5	362	27	21	0	404	0	9407	-0	9918	-0	9455	-0	9841	15.766	-1.731
681.3	NaN	563	NaN	538	0	17	360	26	19	0	405	-0	9178	-0	9820	-0	9270	-0	9807	15.585	-2.37
681.4	NaN	562	NaN	540	0	21	360	25	15	0	405	0	8973	-0	9675	-0	9013	-0	9761	15.381	-0.597
681.5	NaN	554	NaN	538	0	23	362	21	12	0	406	-11	8732	-9	9620	-9	8711	-7	9572	15.15	-3.143
681.6	NaN	558	NaN	573	0	32	361	17	9	0	404	-23	8269	-17	9379	-19	8474	-14	9392	14.77	-4.384
681.7	NaN	559	NaN	592	0	65	362	14	7	0	404	-38	7441	-19	8691	-30	7917	-16	8996	14.212	-8.791
681.8	NaN	540	NaN	633	0	54	359	5	0	0	402	-54	4527	-30	8237	-45	4120	-25	8614	13.718	-4.433
681.9	NaN	549	NaN	606	0	58	362	5	4	0	402	-55	4948	-29	7795	-46	2031	-25	8152	12.805	-3.564
682	NaN	553	NaN	538	0	53	361	18	19	0	402	-5	5402	-2	7514	-5	2954	-2	7811	11.993	-6.574
682.1	NaN	566	NaN	537	0	23	363	18	19	0	402	-6	5518	-4	7421	-5	3746	-4	7533	11.228	-1.602
682.2	NaN	561	NaN	537	0	-49	362	25	27	0	404	0	6109	0	7070	1	5699	0	6845	10.576	0.14
682.3	NaN	566	NaN	538	0	-45	362	26	24	0	403	0	6168	0	6693	0	5910	0	6382	10.265	-0.254
682.4	NaN	564	NaN	590	0	-21	358	43	41	0	403	30	6941	17	6490	70	7972	39	6486	10.295	1.906
682.5	NaN	564	NaN	538	0	24	363	28	20	0	405	-0	6372	-0	6368	-1	6452	-0	6423	10.468	-6.535
682.6	NaN	545	NaN	552	0	25	363	21	11	0	406	0	6243	-1	6698	0	6138	-2	6724	10.589	-0.73
682.7	NaN	529	NaN	536.75	0	26	363	36	31	0	404	4	5998	9	6688	8	6009	21	6718	10.435	-0.785
682.8	NaN	568	NaN	535.5	0	24	362	35	28	0	405	7	6080	12	6775	16	6167	27	6825	10.473	1.041
682.9	NaN	600	NaN	534.25	0	21	358	36	31	0	404	7	6119	12	6805	17	6161	28	6823	10.51	-0.78
683	NaN	563	NaN	533	0	25	358	36	28	0	403	9	6199	14	6835	19	6252	34	6848	10.591	0.253
683.1	NaN	582	NaN	531.75	0	36	358	35	27	0	403	4	6062	11	6961	11	6047	26	6898	10.561	-0.381
683.2	NaN	582	NaN	530.5	0	38	364	35	27	0	404	4	5950	11	6969	11	6029	27	6977	10.513	1.051
683.3	NaN	572	NaN	529.25	0	39	362	38	33	0	404	5	5950	13	6979	12	5995	32	6959	10.452	-1.876
683.4	NaN	592	NaN	528	0	40	361	38	33	0	404	7	5963	20	6927	17	6004	47	6997	10.475	0.251
683.5	NaN	569	NaN	526.75	0	39	359	38	33	0	405	7	6014	21	6976	18	6032	49	7008	10.526	-0.511
683.6	NaN	575	NaN	566	0	40	363	38	32	0	404	8	6035	22	7029	18	6050	52	7087	10.575	0.189
683.7	NaN	566	NaN	578	0	40	362	38	32	0	402	7	6046	20	7086	17	6105	47	7100	10.611	0.085
683.8	NaN	572	NaN	586	0	37	360	38	33	0	404	8	6095	20	7099	19	6206	48	7114	10.659	-1.799
683.9	NaN	584	NaN	577	0	36	360	38	34	0	405	9	6178	21	7073	21	6230	50	7101	10.762	0.429
684	NaN	584	NaN	571	0	29	358	40	36	0	404	12	6279	24	7156	28	6301	56	7171	10.873	1.936
684.1	NaN	597	NaN	517	0	26	359	50	45	0	404	23	6498	41	7324	53	6572	95	7324	11.057	3.289
684.2	NaN	519	NaN	499	0	16	362	66	60	0	404	38	6922	56	7582	89	7020	131	7628	11.556	5.688
684.3	NaN	538	NaN	544	0	7	362	77	71	0	404	42	7362	49	7803	94	7469	110	7813	12.113	5.97
684.4	NaN	528	NaN	506	0	2	359	88	82	0	405	42	7720	46	8052	95	7838	103	8084	12.656	5.12
684.5	NaN	517	NaN	515	0	-1	359	100	96	0	403	43	8079	42	8314	94	8206	95	8337	13.178	5.935
684.6	NaN	555	NaN	514	0	-2	358	100	100	0	404	42	8373	40	8566	91	8514	88	8633	13.684	3.94
684.7	NaN	560	NaN	518	0	-1	360	100	100	0	404	42	8683	39	8824	89	8787	84	8902	14.138	5
684.8	NaN	522	NaN	528	1	-2	362	100	100	0	405	41	9009	38	9044	87	9029	81	9138	14.584	5.228
684.9	NaN	542	NaN	516	1	-3	359	100	100	0	404	41	9294	38	9259	86	9359	80	9378	15.015	4.931
685	NaN	518	NaN	513	1	-3	360	100	100	0	405	39	9506	36	9565	82	9630	75	9679	15.408	4.558
685.1	NaN	529	NaN	527	1	-3	362	100	100	0	404	38	9704	36	9829	79	9864	75	9868	15.845	4.139
685.2	NaN	554	NaN	524	1	-3	358	100	100	0	403	38	9969	35	10045	77	10032	73	10126	16.207	4.348
685.3	NaN	532	NaN	524	1	-3	357	100	100	0	403	37	10238	34	10220	75	10376	68	10393	16.601	3.154
685.4	NaN	568	NaN	548	1	-3	360	100	100	0	404	28	10379	28	10505	57	10516	54	10505	16.939	2.591
685.5	NaN	580	NaN	543	1	-2	359	100	100	0	403	27	10503	26	10588	54	10568	52	10681	17.215	1.927
685.6	NaN	534	NaN	560	1	-2	359	100	100	0	404	20	10699	19	10689	40	10765	37	10810	17.367	0.423
685.7	NaN	575	NaN	563	1	-1	361	100	100	0	404	19	10678	19	10877	39	10817	37	10879	17.556	1.95
685.8	NaN	557	NaN	592	1	-0	360	100	100	0	405	19	10779	19	10906	36	10872	36	10939	17.681	-0.021
685.9	NaN	554	NaN	587	1	-1	358	100	100	0	402	15	10851	14	10929	28	10907	27	10972	17.785	1.483
686	NaN	555	NaN	611	1	-3	358	100	100	0	404	14	10873	13	11005	28	10919	25	11028	17.796	-0.374
686.1	NaN	535	NaN	596	1	-4	361	100	100	0	404	13	10928	12	10917	25	11002	24	11035	17.877	1.304
686.2	NaN	509	NaN	604	1	-4	362	100	100	0	403	11	10905	10	11025	22	11022	20	11036	17.88	-0.192
686.3	NaN	531	NaN	625	1	-5	357	100	100	0	403	13	10970	12	11002	24	10986	23	11004	17.899	-0.649
686.4	NaN	534	NaN	597	1	-4	357	100	100	0	403	12	10961	11	11005	22	11020	21	11029	17.955	1.249
686.5	NaN	506	NaN	611	1	-2	361	100	100	0	404	11	10964	10	11025	23	10969	21	11038	17.907	-0.485
686.6	NaN	541	NaN	623	1	-2	358	100	100	0	404	12	10947	11	10989	22	11017	21	11043	17.955	1.344
686.7	NaN	516	NaN	603	1	-4	357	100	100	0	402	9	10958	9	11081	19	11024	19	11063	17.929	-1.807
686.8	NaN	516	NaN	622	1	-4	360	100	100	0	403	11	11022	10	10985	21	11033	19	11056	17.915	-1.326
686.9	NaN	512	NaN	587	1	-3	359	100	100	0	402	10	10945	10	11096	19	11002	18	11056	17.95	-0.588
687	NaN	527	NaN	569	1	-4	360	100	100	0	403	12	10924	11	10986	25	10997	24	11059	17.919	1.71
687.1	NaN	526	NaN	594	0	-2	358	56	48	0	404	10	11027	9	11076	17	11015	16	11036	17.94	0.234
687.2	NaN	551	NaN	520	0	-4	359	0	0	0	402	-14	10881	-15	11049	-12	10735	-12	10764	17.784	-4.869
687.3	NaN	526	NaN	632	0	-4	361	0	0	0	402	-34	10553	-36	10519	-27	10620	-28	10554	17.43	-2.088
687.4	NaN	547	NaN	592	0	-3	358	16	14	0	402	-20	10318	-19	10367	-11	10352	-11	10196	16.895	-4.448
687.5	NaN	554	NaN	534	0	8	364	26	20	0	403	0	10055	0	10425	-1	9985	0	10374	16.675	-3.844
687.6	NaN	613	NaN	624	0	18	359	41	31	0	404	13	10028	20	10533	27	10105	38	10644	16.787	0.059
687.7	NaN	520	NaN	534	0	23	360	50	40	0	404	20	10381	31	10833	37	10118	62	10889	16.943	3.673
687.8	NaN	562	NaN	533	0	23	357	49	42	0	403	18	10223	31	10910	37	10322	68	11093	17.029	1.666
687.9	NaN	540	NaN	520	0	12	360	49	40	0	404	26	10362	34	11038	53	10481	71	11078	17.243	0.392
688	NaN	526	NaN	593	0	-10	359	48	43	0	401	24	10700	18	10739	45	10776	35	10795	17.464	2.535
688.1	NaN	514	NaN	557	0	-11	358	48	47	0	404	23	10788	19	10658	46	10839	37	10804	17.545	1.117
688.2	NaN	531	NaN	568	0	-14	362	34	35	0	403	16	10916	12	10675	31	11011	24	10716	17.57	-0.124
688.3	NaN	533	NaN	561	0	-19	358	36	34	0	400	18	10990	13	10603	37	11061	24	10666	17.591	-1.397
688.4	NaN	552	NaN	533	0	-17	357	12	9	0	403	-4	10838	-5	10439	-6	10924	-6	10544	17.556	-1.65
688.5	NaN	542	NaN	600	0	-10	364	0	0	0	403	-22	10666	-25	10370	-17	10645	-19	10202	17.237	-4.819
688.6	NaN	515	NaN	617	0	-10	372	0	0	0	415	-41	10242	-45	10078	-32	10157	-35	9923	16.757	-6.268
688.7	NaN	509	NaN	603	0	-11	379	0	0	0	421	-46	9914	-52	9658	-37	9910	-41	9624	16.087	-5.886
688.8	NaN	510	NaN	607	0	-13	568	0	0	0	555	-50	9407	-56	9030	-40	9309	-45	8586	15.343	-9.304
688.9	NaN	511	NaN	602	0	-14	567	0	0	0	583	-51	8869	-60	8009	-42	8856	-48	8019	14.345	-8.264
689	NaN	527	NaN	609	0	-17	420	0	0	0	449	-50	8393	-60	7855	-41	8325	-50	6369	13.433	-8.285
689.1	NaN	509	NaN	597	0	-19	357	3	2	0	400	-44	7916	-55	7320	-39	7922	-45	7159	12.705	-5.329
689.2	NaN	543	NaN	625	0	-23	361	10	10	0	400	-26	7700	-33	7157	-23	7719	-28	7068	12.214	-5.039
689.3	NaN	566	NaN	541	0	-32	361	19	19	0	402	-2	7648	-4	6914	-2	7647	-3	7022	11.953	-2.318
689.4	NaN	572	NaN	541	0	-51	358	19	19	0	401	-2	7642	-4	6664	-2	7636	-3	6608	11.721	-3.34
689.5	NaN	564	NaN	544	0	-54	363	21	21	0	400	0	7499	0	6506	0	7576	0	6417	11.434	-3.055
689.6	NaN	523	NaN	564	0	-58	361	33	34	0	401	19	7467	4	6377	42	7503	9	6441	11.218	-1.227
689.7	NaN	496	NaN	624	0	-56	363	38	39	0	402	30	7460	7	6412	70	7599	15	6464	11.266	0.922
689.8	NaN	526	NaN	587	0	-55	359	47	48	0	401	52	7787	11	6409	121	8282	27	7585	11.304	2.317
689.9	NaN	561	NaN	603	0	-57	362	47	45	0	402	48	7689	11	6677	111	7978	25	7134	11.543	2.602
690	NaN	523	NaN	603	0	-55	359	41	42	0	403	34	7866	8	6477	75	7919	17	6923	11.626	0.173
690.1	NaN	556	NaN	567	0	-41	358	64	63	0	403	62	8192	22	6720	142	8634	50	7515	11.77	5.859
690.2	NaN	554	NaN	527	0	-21	362	63	59	0	404	53	7926	30	8780	119	8372	71	8075	12.127	3.779
690.3	NaN	565	NaN	544	0	4	360	60	51	0	404	40	8031	42	7600	90	8313	93	8466	12.554	6.43
690.4	NaN	560	NaN	573	0	3	360	45	36	0	404	22	7849	23	8212	48	7860	50	8315	13.07	1.489
690.5	NaN	567	NaN	538	0	0	359	46	44	0	404	28	8147	29	8399	61	8169	64	8445	13.362	3.371
690.6	NaN	554	NaN	554	0	-7	360	46	41	0	404	29	8394	25	8516	62	8458	54	8590	13.688	3.295
690.7	NaN	566	NaN	533	0	-11	359	28	20	0	405	-0	8626	-1	8535	-1	8568	-1	8493	13.869	-2.995
690.8	NaN	566	NaN	538	0	-18	363	7	0	0	405	-7	8473	-8	8194	-5	8566	-7	8330	13.667	-0.008
690.9	NaN	544	NaN	538	0	-32	359	9	9	0	401	-22	8447	-32	7779	-19	8376	-26	7540	13.428	-5.639
691	NaN	569	NaN	537	0	-39	359	22	22	0	401	-0	8332	-0	7532	-0	8431	-0	7556	13.11	-0.05
691.1	NaN	566	NaN	536	0	-40	363	25	23	0	401	0	8172	0	7360	0	8201	0	7202	12.942	-1.857
691.2	NaN	526	NaN	597	0	-31	359	38	39	0	400	21	8370	9	7325	46	8453	22	7213	12.621	-0.845
691.3	NaN	555	NaN	530	0	-40	363	30	24	0	400	3	7957	1	7223	8	8062	3	7388	12.745	0.179
691.4	NaN	549	NaN	527	0	-38	359	33	35	0	402	4	8164	2	7135	9	8108	4	7110	12.46	-2.606
691.5	NaN	569	NaN	538	0	-47	359	24	22	0	404	0	7950	0	6996	-1	7926	-1	7001	12.364	-2.452
691.6	NaN	539	NaN	516	0	-37	363	28	28	0	404	6	8034	2	6884	13	7986	5	6842	12.081	-1.795
691.7	NaN	537	NaN	517	0	-28	361	31	26	0	403	6	7715	3	6933	14	7728	7	6941	12.019	-0.1
691.8	NaN	527	NaN	598	0	-35	361	31	30	0	402	10	7583	4	6922	24	7595	10	6963	11.964	-1.376
691.9	NaN	514	NaN	594	0	-37	361	32	30	0	403	12	7679	5	6822	27	7666	10	6837	11.844	-0.506
692	NaN	507	NaN	587	0	-46	357	34	33	0	403	17	7666	6	6810	38	7695	13	6840	11.853	1.368
692.1	NaN	512	NaN	582	0	-54	360	34	34	0	399	20	7748	5	6706	46	7790	12	6763	11.782	0.547
692.2	NaN	517	NaN	616	0	-56	360	34	33	0	401	20	7699	4	6542	45	7776	10	6663	11.75	0.867
692.3	NaN	508	NaN	578	0	-50	363	39	39	0	401	19	7713	5	6513	43	7818	11	6795	11.664	0.083
692.4	NaN	578	NaN	542	0	-35	359	42	41	0	403	33	7837	14	6693	76	7944	31	6872	11.759	3.275
692.5	NaN	547	NaN	554	0	-9	361	29	20	0	403	3	7500	2	7019	6	7519	5	7026	12	0.264
692.6	NaN	563	NaN	538	0	19	362	29	19	0	405	-0	6981	-0	7381	-0	7050	-0	7388	11.842	-2.323
692.7	NaN	565	NaN	537	0	38	366	29	19	0	405	0	6574	0	7452	0	6696	0	7483	11.648	-1.303
692.8	NaN	525	NaN	606	0	38	362	32	25	0	404	3	6451	7	7477	6	6512	16	7466	11.499	-2.232
692.9	NaN	601	NaN	576	0	37	360	39	32	0	401	7	6424	19	7462	17	6537	43	7489	11.424	-0.095
693	NaN	567	NaN	561	0	35	359	41	34	0	404	10	6538	24	7542	23	6557	55	7562	11.484	0.983
693.1	NaN	573	NaN	545	0	36	362	42	35	0	404	11	6642	27	7582	26	6653	61	7603	11.604	0.83
693.2	NaN	552	NaN	524	0	22	359	47	40	0	404	19	6810	32	7707	43	6909	73	7763	11.767	3.293
693.3	NaN	562	NaN	527	0	13	359	49	43	0	404	25	7131	34	7702	55	7245	76	7768	12.064	2.993
693.4	NaN	555	NaN	533	0	-3	359	49	43	0	405	30	7493	30	7749	66	7582	67	7813	12.442	4.066
693.5	NaN	550	NaN	562	0	-22	363	48	44	0	404	37	7938	24	7723	83	8029	53	7781	12.738	2.555
693.6	NaN	559	NaN	556	0	-37	362	65	66	0	404	58	8630	26	7894	127	8542	58	7874	13.122	4.959
693.7	NaN	606	NaN	583	0	-48	359	69	68	0	402	61	8923	20	8048	133	8912	45	8118	13.537	3.798
693.8	NaN	569	NaN	561	0	-39	358	100	100	0	404	55	9057	23	8425	118	9120	50	8456	13.875	4.73
693.9	NaN	586	NaN	542	0	-27	360	100	100	0	403	50	9123	27	9018	109	9353	59	8875	14.28	4.32
694	NaN	542	NaN	547	0	-13	360	100	100	0	403	45	9234	34	8870	95	9417	73	9227	14.711	4.994
694.1	NaN	546	NaN	534	0	-9	363	100	100	0	403	44	9362	34	9260	91	9530	72	9361	15.177	3.773
694.2	NaN	544	NaN	533	0	-10	360	100	100	0	404	41	9685	33	9570	85	9745	71	9649	15.614	5.236
694.3	NaN	534	NaN	545	0	-7	361	100	100	0	405	40	9910	33	9865	81	10004	67	9891	16.022	3.136
694.4	NaN	536	NaN	557	0	-5	362	100	100	0	402	39	10081	33	10063	78	10240	67	10158	16.449	3.524
694.5	NaN	572	NaN	549	0	-4	360	100	100	0	405	35	10311	31	10296	70	10451	64	10427	16.779	3.675
694.6	NaN	603	NaN	565	0	-4	361	100	100	0	404	29	10486	26	10535	56	10536	51	10551	17.09	2.341
694.7	NaN	615	NaN	576	1	-2	358	100	100	0	405	23	10526	23	10641	46	10653	46	10731	17.308	1.999
694.8	NaN	564	NaN	612	1	2	360	100	100	0	404	23	10585	24	10829	45	10680	48	10934	17.49	2.621
694.9	NaN	592	NaN	599	1	0	362	100	100	0	404	20	10712	20	10989	38	10807	39	10982	17.647	0.582
695	NaN	559	NaN	560.25	1	0	361	100	100	0	404	18	10735	19	10983	35	10874	36	11057	17.772	0.576
695.1	NaN	593	NaN	568	1	2	359	100	100	0	402	16	10828	16	11111	31	10832	32	11104	17.88	1.98
695.2	NaN	568	NaN	575.75	1	3	358	100	100	0	402	13	10839	15	11115	25	10923	27	11155	17.941	-0.277
695.3	NaN	559	NaN	584	1	2	363	100	100	0	404	15	10845	16	11173	29	10935	30	11242	18.008	2.204
695.4	NaN	551	NaN	620	1	0	359	100	100	0	404	12	10929	14	11195	24	10985	25	11257	18.04	0.991
695.5	NaN	541	NaN	582	1	2	362	100	100	0	405	11	10919	11	11146	22	11009	22	11220	18.087	-0.81
695.6	NaN	537	NaN	624	1	-0	358	100	100	0	404	12	10995	12	11237	23	10992	22	11241	18.112	0.457
695.7	NaN	526	NaN	605	1	-2	358	100	100	0	403	8	10998	8	11135	16	11061	15	11169	18.111	-0.517
695.8	NaN	513	NaN	569	1	-1	359	100	100	0	404	10	10981	10	11240	22	11019	22	11187	18.127	0.302
695.9	NaN	520	NaN	584	1	-2	359	100	100	0	403	9	11042	8	11119	15	11095	15	11148	18.105	0.236
696	NaN	518	NaN	568	1	-2	363	100	100	0	405	8	10996	8	11234	17	11078	15	11176	18.075	-1.055
696.1	NaN	517	NaN	583	1	-4	359	100	100	0	405	11	11059	10	11123	20	11047	19	11165	18.109	-0.041
696.2	NaN	515	NaN	575	1	-3	359	100	100	0	403	7	11002	7	11104	14	11091	13	11168	18.088	-0.097
696.3	NaN	510	NaN	583	1	-2	361	100	100	0	404	11	11019	10	11203	20	11013	20	11188	18.079	-0.286
696.4	NaN	518	NaN	581	1	-4	359	100	100	0	404	8	11026	8	11090	15	11082	14	11137	18.103	-0.231
696.5	NaN	512	NaN	572	1	-4	358	100	100	0	404	9	10972	9	11216	20	11060	18	11182	18.084	0.842
696.6	NaN	516	NaN	605	1	-1	361	100	100	0	404	9	11056	9	11130	17	11091	16	11127	18.076	0.163
696.7	NaN	520	NaN	590	1	-3	359	100	100	0	404	8	10982	8	11223	17	11071	15	11136	18.095	-0.773
696.8	NaN	519	NaN	583	1	-3	359	100	100	0	402	11	11030	11	11159	21	11046	20	11177	18.098	0.506
696.9	NaN	520	NaN	588	1	-2	361	100	100	0	402	7	11009	7	11154	13	11081	12	11175	18.077	-0.179
697	NaN	505	NaN	575	1	-2	362	100	100	0	402	11	10993	10	11171	21	11005	20	11202	18.071	0.054
697.1	NaN	518	NaN	596	1	-3	358	100	100	0	402	8	11041	8	11096	13	11084	12	11140	18.059	-0.212
697.2	NaN	514	NaN	603	1	-3	359	100	100	0	405	10	10944	9	11214	22	11058	21	11198	18.061	0.341
697.3	NaN	523	NaN	585	1	-1	357	100	100	0	403	10	11037	10	11102	18	11074	16	11150	18.07	0.712
697.4	NaN	517	NaN	574	1	-4	359	100	100	0	403	7	10982	7	11223	16	11064	16	11135	18.07	-1.041
697.5	NaN	514	NaN	588	1	-7	360	100	100	0	404	10	11029	9	11109	19	11033	16	11117	18.071	0.216
697.6	NaN	520	NaN	584	1	-5	362	100	100	0	404	7	11079	7	11095	14	11086	12	11089	18.047	0.234
697.7	NaN	519	NaN	571	0	-8	359	100	100	0	403	9	11034	7	11059	16	11030	14	11059	18.042	-0.889
697.8	NaN	506	NaN	569	0	-10	360	100	100	0	404	11	11145	9	10948	22	11219	20	11036	18.041	0.902
697.9	NaN	518	NaN	591	0	-10	356	100	100	0	403	11	11144	9	11046	20	11182	15	11038	18.031	-0.411
698	NaN	508	NaN	566	0	-12	360	100	100	0	400	10	11214	8	10953	21	11298	17	10976	18.008	-0.094
698.1	NaN	520	NaN	575	0	-11	363	100	100	0	403	13	11157	11	10990	26	11219	20	11009	18.068	-0.133
698.2	NaN	516	NaN	572	0	-12	359	100	100	0	404	9	11114	7	10978	17	11161	14	11020	18.052	-0.314
698.3	NaN	513	NaN	584	0	-8	357	100	100	0	403	11	11151	10	10971	24	11236	20	11063	18.043	0.285
698.4	NaN	517	NaN	576	0	-8	363	100	100	0	403	9	11033	7	11045	16	11039	13	11050	18.026	-0.342
698.5	NaN	506	NaN	566	0	-8	360	100	100	0	403	10	11139	9	10937	22	11161	19	11039	17.995	-0.106
698.6	NaN	524	NaN	591	0	-8	359	100	100	0	405	11	11002	9	11071	19	11096	15	11020	17.968	0.133
698.7	NaN	512	NaN	593	0	-6	359	100	100	0	403	10	11033	10	10984	21	11068	19	11010	17.967	0.282
698.8	NaN	518	NaN	572	0	-3	361	100	100	0	402	10	10936	9	11076	19	11027	17	11075	17.949	-0.504
698.9	NaN	527	NaN	573	1	-3	358	100	100	0	404	12	10971	11	11062	25	10987	23	11092	17.938	0.035
699	NaN	516	NaN	587	1	-2	360	100	100	0	404	10	10983	10	10972	19	11028	17	11071	17.943	0.017
699.1	NaN	559	NaN	592	1	-2	359	100	100	0	404	13	10890	12	11086	26	10958	26	11111	17.931	0.902
699.2	NaN	523	NaN	662	1	-4	359	100	100	0	404	10	10981	11	11042	20	11026	18	11073	17.927	0.2
699.3	NaN	521	NaN	576	1	-4	359	98	89	0	402	11	10876	10	11080	22	11004	22	11058	17.964	0.508
699.4	NaN	554	NaN	537	0	-4	361	0	0	0	404	-8	10867	-8	11010	-7	10808	-7	10973	17.899	-1.527
699.5	NaN	538	NaN	629	0	-6	364	0	0	0	402	-28	10726	-28	10742	-19	10709	-21	10665	17.618	-4.416
699.6	NaN	510	NaN	618	0	-7	363	0	0	0	404	-45	10327	-49	10485	-34	10364	-37	10371	17.153	-4.883
699.7	NaN	508	NaN	603	0	-6	363	0	0	0	402	-47	10057	-50	9978	-37	10068	-38	10030	16.568	-4.766
699.8	NaN	512	NaN	612	0	-6	365	0	0	0	405	-49	9656	-52	9685	-39	9554	-41	9486	16.004	-6.089
699.9	NaN	510	NaN	612	0	-3	371	0	0	0	406	-52	9318	-53	9269	-41	9154	-43	9194	15.39	-6.528
700	NaN	516	NaN	613	0	-4	400	0	0	0	427	-53	8820	-55	8901	-43	8880	-44	8753	14.68	-6.17
700.1	NaN	504	NaN	609	0	-2	464	0	0	0	492	-54	8319	-55	8465	-45	8196	-46	8394	13.947	-7.943
700.2	NaN	504	NaN	634	0	3	488	0	0	0	504	-55	7773	-53	8035	-47	7728	-46	7989	13.128	-9.001
700.3	NaN	518	NaN	612	0	17	434	0	0	0	464	-58	7071	-49	7732	-52	6442	-42	7683	12.259	-9.213
700.4	NaN	518	NaN	621	0	24	375	0	0	0	412	-59	6356	-47	7456	-50	4584	-42	7787	11.532	-10.765
700.5	NaN	532	NaN	633	0	31	359	3	0	0	401	-56	5858	-42	7047	-51	3492	-37	6947	10.953	-7.9
700.6	NaN	554	NaN	567	0	43	359	18	9	0	401	-21	5430	-13	6856	-20	286	-13	6815	10.375	-5.069
700.7	NaN	538	NaN	537	0	46	360	22	15	0	403	-6	5478	-3	6733	0	292	-3	6710	10.039	-2.53
700.8	NaN	562	NaN	584	0	39	361	39	33	0	402	8	5530	21	6709	20	3653	51	6734	9.826	-0.518
700.9	NaN	556	NaN	640	0	44	358	34	26	0	402	3	5571	10	6464	8	5645	24	6531	9.869	-1.686
701	NaN	525.1	NaN	611	0	53	361	35	28	0	404	3	5482	13	6550	7	5452	30	6539	9.698	-1.76
701.1	NaN	530.7	NaN	671	0	56	361	35	28	0	405	3	5383	14	6493	7	5406	33	6514	9.672	-1.449
701.2	NaN	536.3	NaN	588	0	55	361	40	34	0	405	4	5391	21	6566	10	5368	50	6610	9.621	0.011
701.3	NaN	541.9	NaN	573	0	58	362	40	33	0	404	6	5345	27	6629	14	5410	63	6615	9.674	2.514
701.4	NaN	557	NaN	555	0	52	360	43	37	0	404	7	5361	31	6653	16	5443	72	6661	9.7	0.515
701.5	NaN	563	NaN	537	0	53	364	44	35	0	404	9	5488	34	6758	21	5589	79	6785	9.861	2.502
701.6	NaN	579	NaN	513	0	46	360	48	41	0	404	12	5648	42	6716	28	5896	99	6988	9.985	1.373
701.7	NaN	558	NaN	534	0	51	362	44	35	0	403	8	5945	32	6731	19	5807	75	6861	10.231	2.674
701.8	NaN	539.825	NaN	545	0	53	363	44	35	0	404	8	5702	32	6980	18	5981	75	7035	10.229	-1.239
701.9	NaN	569	NaN	566	0	55	360	40	31	0	404	6	5776	23	6925	13	5837	56	6993	10.38	-0.974
702	NaN	566	NaN	537	0	54	360	43	36	0	403	8	5804	33	7009	18	6033	76	7089	10.395	0.678
702.1	NaN	537	NaN	526	0	53	358	53	47	0	404	14	6026	54	7214	32	6106	126	7214	10.535	3.193
702.2	NaN	546	NaN	541	0	50	359	53	47	0	403	14	6237	55	7341	33	6202	128	7394	10.833	2.083
702.3	NaN	512	NaN	521	0	49	362	57	51	0	403	19	6358	62	7631	43	6450	143	7660	11.147	4.382
702.4	NaN	542	NaN	521	0	45	358	69	64	0	403	22	7855	68	8056	48	7208	153	7989	11.53	7.238
702.5	NaN	549	NaN	518	0	35	361	100	94	0	404	27	7872	62	7930	61	8512	137	8085	11.894	3.811
702.6	NaN	514	NaN	544	0	27	364	100	99	0	403	31	8195	56	8088	68	7555	126	8213	12.433	4.367
702.7	NaN	527	NaN	514	0	12	359	100	100	0	404	36	7786	49	8330	81	7878	111	8405	12.931	5.049
702.8	NaN	546	NaN	539	0	13	357	100	100	0	404	36	8109	48	8512	82	8276	106	8593	13.462	5.345
702.9	NaN	537	NaN	525	0	15	362	100	100	0	406	34	8331	48	8833	74	8448	105	8915	13.913	3.822
703	NaN	539	NaN	525	0	13	360	100	100	0	404	33	8590	46	9088	71	8710	99	9204	14.35	3.516
703.1	NaN	563	NaN	675	0	10	362	92	84	0	405	35	8964	44	9304	75	8930	90	9432	14.767	4.748
703.2	NaN	560	NaN	675	0	4	367	3	0	0	404	-7	8913	-6	9189	-6	8807	-5	9166	14.957	-2.848
703.3	NaN	545	NaN	675	0	-5	500	0	0	0	514	-26	8708	-28	8854	-22	8805	-22	8825	14.527	-4.66
703.4	NaN	537	NaN	676	0	-10	558	0	0	0	559	-44	8345	-48	8233	-37	8248	-40	7933	13.784	-9.349
703.5	NaN	523	NaN	610	0	-17	434	0	0	0	439	-50	7886	-58	7619	-42	7899	-50	6311	12.88	-8.094
703.6	NaN	558	NaN	643	0	-32	369	8	9	0	405	-26	7697	-35	7036	-22	7700	-30	6485	12.236	-5.629
703.7	NaN	579	NaN	676	0	-37	358	9	10	0	400	-23	7529	-32	6536	-20	7484	-29	6352	11.663	-4.849
703.8	NaN	575	NaN	684	0	-50	362	10	11	0	401	-20	7230	-31	6158	-17	7255	-27	5560	11.225	-3.833
703.9	NaN	575	NaN	694	0	-54	361	11	12	0	400	-18	7109	-30	5827	-16	7034	-27	4563	10.659	-3.809
704	NaN	596	NaN	648	0	-57	364	16	17	0	400	-10	6806	-15	5644	-8	6743	-15	4938	10.227	-4.494
704.1	NaN	574	NaN	544	0	-60	361	24	24	0	401	0	6545	0	5437	0	6507	-1	5204	9.886	-3.264
704.2	NaN	536	NaN	520	0	-55	360	33	33	0	404	11	6524	2	5264	34	6530	4	5212	9.604	-1.44
704.3	NaN	543	NaN	642	0	-41	359	36	36	0	403	23	6488	7	5490	55	6512	18	5530	9.687	0.806
704.4	NaN	554	NaN	627	0	-41	364	39	36	0	402	26	6428	9	5679	61	6463	22	5667	9.851	2.013
704.5	NaN	556.1666667	NaN	650	0	-47	360	47	47	0	404	47	6678	15	5746	109	6714	35	5846	10.02	3.265
704.6	NaN	564.8333333	NaN	610	0	-54	363	45	42	0	403	40	6888	10	5855	95	6918	24	5867	10.323	2.54
704.7	NaN	582	NaN	638	0	-50	359	45	45	0	401	43	7113	12	6008	99	7136	27	6167	10.525	0.709
704.8	NaN	528	NaN	609	0	-50	362	31	23	0	402	15	7113	5	6157	29	7090	11	6123	10.809	-0.81
704.9	NaN	563	NaN	565	0	-29	360	41	35	0	403	48	7291	22	6358	101	7679	54	6833	10.843	7.273
705	NaN	570	NaN	619	0	-28	358	12	6	0	403	-13	6713	-17	6226	-11	6714	-15	6256	10.87	-1.932
705.1	NaN	577	NaN	541	0	-9	360	13	4	0	405	-2	6666	-3	6416	-3	6737	-2	6408	10.661	-1.347
705.2	NaN	567	NaN	629	0	12	357	19	13	0	403	-21	6126	-20	6494	-19	6056	-18	6395	10.441	-5.07
705.3	NaN	569	NaN	609	0	28	361	36	25	0	404	8	6097	15	6692	16	6147	34	6672	10.4	0.31
705.4	NaN	578	NaN	595	0	47	361	36	26	0	404	4	5824	12	6772	8	5855	29	6769	10.309	-1.44
705.5	NaN	565.6875	NaN	586	0	47	362	39	31	0	405	4	5751	15	6891	10	5739	34	6854	10.196	-0.522
705.6	NaN	563.375	NaN	545	0	42	359	44	38	0	404	10	5793	32	6940	26	5838	76	7020	10.204	0.689
705.7	NaN	561.0625	NaN	533	0	40	358	48	40	0	404	14	5933	38	6940	32	6176	88	7042	10.405	1.37
705.8	NaN	558.75	NaN	538	0	40	355	48	40	0	404	14	6095	40	7107	32	6201	91	7233	10.608	2.385
705.9	NaN	556.4375	NaN	549	0	47	362	44	34	0	404	8	6133	30	7167	21	6178	70	7239	10.795	-0.492
706	NaN	554.125	NaN	547	0	48	362	44	35	0	405	9	6156	31	7354	21	6244	71	7381	10.876	1.698
706.1	NaN	551.8125	NaN	536	0	48	361	45	37	0	405	9	6186	31	7286	22	7197	74	7379	10.999	-1.055
706.2	NaN	570	NaN	522	0	47	361	47	39	0	404	12	6298	38	7511	28	9322	89	7674	11.028	1.18
706.3	NaN	568	NaN	532	0	46	358	47	40	0	404	12	6439	39	7457	28	6813	88	7602	11.236	1.229
706.4	NaN	557	NaN	542	0	42	360	49	42	0	404	15	6497	44	7633	35	6899	100	7783	11.371	1.99
706.5	NaN	542	NaN	496	0	40	358	57	50	0	404	21	6981	59	7753	49	7231	137	7898	11.636	2.602
706.6	NaN	525	NaN	516	0	39	359	59	52	0	404	24	7629	61	7941	54	7284	145	8054	11.986	3.202
706.7	NaN	543	NaN	515	0	38	358	60	52	0	405	25	7902	65	8166	56	7447	146	8258	12.431	3.865
706.8	NaN	517	NaN	526	0	24	362	61	54	0	404	32	7927	54	8390	72	7776	119	8530	12.855	4.32
706.9	NaN	542	NaN	519	0	15	358	61	53	0	405	35	8164	50	8516	76	8145	110	8669	13.357	4.719
707	NaN	535	NaN	512	0	12	359	54	44	0	404	32	8312	45	8762	69	8382	93	8901	13.828	4.589
707.1	NaN	563	NaN	585	0	-6	359	36	28	0	401	11	8441	10	8681	22	8522	21	8740	14.095	-0.114
707.2	NaN	520	NaN	599	0	-16	361	35	29	0	404	12	8692	8	8549	25	8796	18	8552	14.07	-0.254
707.3	NaN	531	NaN	584	0	-34	362	32	32	0	401	11	8754	5	8288	24	8873	12	8380	14.038	-2.049
707.4	NaN	547	NaN	595	0	-42	360	40	41	0	401	33	9021	11	8126	73	9103	25	8288	13.941	2.619
707.5	NaN	564	NaN	594	0	-47	358	44	44	0	402	37	9085	13	8255	82	9109	28	8403	14.034	3.036
707.6	NaN	561	NaN	547	0	-36	359	66	66	0	403	55	9375	24	8694	121	9447	51	8744	14.209	5.144
707.7	NaN	552	NaN	536	0	-38	359	76	74	0	404	53	9396	24	9056	114	9552	50	9183	14.543	3.151
707.8	NaN	567	NaN	531	0	-34	361	84	84	0	401	51	9527	25	8950	107	9736	53	9277	14.837	4.117
707.9	NaN	566	NaN	527	0	-23	357	83	78	0	404	48	9586	28	9249	99	9736	60	9298	15.212	4.001
708	NaN	541	NaN	517	0	-10	362	81	76	0	401	42	9781	33	9511	87	9864	68	9591	15.594	4.724
708.1	NaN	557	NaN	516	0	4	362	86	78	0	404	35	9787	38	9935	73	9988	79	9963	15.994	4.044
708.2	NaN	529	NaN	514	0	12	362	89	81	0	404	32	9880	41	10274	66	10030	83	10376	16.355	2.655
708.3	NaN	515	NaN	514	0	15	359	91	82	0	405	31	10113	41	10517	61	10048	85	10650	16.681	3.484
708.4	NaN	511	NaN	512	0	19	359	91	82	0	405	28	10319	42	10859	56	10307	82	10881	16.962	4.138
708.5	NaN	543	NaN	520	0	21	362	91	81	0	404	21	10384	34	10903	41	10438	66	11002	17.187	1.098
708.6	NaN	578	NaN	522	0	23	362	91	81	0	404	21	10460	35	11014	42	10371	69	11151	17.343	2.945
708.7	NaN	578	NaN	524	0	22	363	91	81	0	407	20	10537	32	11137	39	10573	60	11247	17.48	1.818
708.8	NaN	539	NaN	549	0	22	363	91	82	0	404	15	10547	24	11072	30	10592	49	11246	17.581	-0.048
708.9	NaN	536	NaN	530	0	18	362	91	82	0	404	19	10630	28	11246	36	10499	56	11293	17.638	2.046
709	NaN	558	NaN	560	0	6	362	96	89	0	404	19	10654	21	11088	37	10735	42	11189	17.742	2.011
709.1	NaN	546	NaN	565	0	-7	359	100	98	0	404	16	10824	15	11064	32	10912	29	11032	17.798	-0.795
709.2	NaN	544	NaN	567	0	-21	359	100	100	0	401	20	11105	13	10719	37	11139	25	10766	17.825	-0.535
709.3	NaN	540	NaN	565	0	-21	357	100	100	0	402	24	11156	16	10699	48	11295	32	10882	17.829	-0.201
709.4	NaN	532	NaN	573	0	-21	358	100	100	0	402	23	11196	14	10744	44	11217	27	10891	17.874	1.21
709.5	NaN	535	NaN	574	0	-22	359	100	100	0	400	24	11239	16	10691	45	11324	30	10802	17.904	0.554
709.6	NaN	543	NaN	567	0	-21	359	100	100	0	402	23	11232	15	10755	45	11219	29	10827	17.907	1.366
709.7	NaN	547	NaN	574	0	-20	358	100	100	0	403	19	11245	13	10752	38	11317	25	10832	17.951	1.202
709.8	NaN	546	NaN	585	0	-18	357	100	100	0	403	21	11210	15	10756	42	11314	29	10884	17.926	-0.828
709.9	NaN	542	NaN	598	0	-17	358	100	100	0	402	18	11236	12	10852	35	11278	24	10877	17.966	-0.032
710	NaN	536	NaN	583	0	-14	362	100	100	0	402	17	11175	13	10815	32	11276	25	10883	17.961	-0.303
710.1	NaN	541	NaN	596	0	-5	363	100	100	0	403	14	11131	13	10924	29	11155	26	10990	17.961	0.155
710.2	NaN	530	NaN	594	0	-1	359	100	100	0	402	11	10896	11	11049	20	11000	20	11042	17.964	-1.289
710.3	NaN	549	NaN	580	0	2	362	100	100	0	404	14	10866	15	11044	28	10895	28	11176	17.931	0.491
710.4	NaN	549	NaN	581	0	6	362	100	100	0	404	14	10846	15	11216	28	10929	30	11231	17.952	0.812
710.5	NaN	540	NaN	573	0	6	362	100	100	0	404	15	10793	17	11169	29	10897	32	11274	17.949	-0.05
710.6	NaN	543	NaN	600	1	3	362	100	100	0	404	14	10859	14	11246	27	10935	28	11232	17.974	0.672
710.7	NaN	543	NaN	637	1	1	360	100	100	0	404	12	10889	12	11091	23	10989	24	11135	17.998	-0.963
710.8	NaN	552	NaN	591	1	1	363	100	100	0	404	13	10889	14	11155	26	10939	25	11156	17.967	1.08
710.9	NaN	527	NaN	619	1	-1	358	100	100	0	401	11	10946	11	11123	22	10994	21	11123	17.984	0.496
711	NaN	527	NaN	598	1	-1	364	100	100	0	404	11	10914	11	11094	22	10975	22	11157	17.968	-0.828
711.1	NaN	532	NaN	598	1	-1	363	100	100	0	404	11	10983	11	11164	23	11022	21	11148	18.003	-0.402
711.2	NaN	523	NaN	594	1	-2	360	100	100	0	404	10	10957	9	11070	19	11047	18	11149	18	-1.033
711.3	NaN	543	NaN	588	1	-0	360	100	100	0	404	12	10922	12	11218	24	10985	24	11191	17.992	0.49
711.4	NaN	526	NaN	606	1	-1	364	100	100	0	403	10	10988	10	11090	19	11016	18	11100	18.035	0.013
711.5	NaN	527	NaN	586	1	-1	361	100	100	0	405	10	10940	10	11195	19	10955	20	11162	17.998	-0.087
711.6	NaN	524	NaN	609	1	-1	356	100	100	0	404	11	10966	11	11094	23	11058	21	11088	18.014	1.858
711.7	NaN	523	NaN	588	1	-1	356	100	100	0	405	10	10944	9	11055	18	11005	18	11131	18.019	-1.024
711.8	NaN	521	NaN	614	1	-3	360	100	93	0	404	11	10992	10	11141	23	11037	21	11118	18.009	0.277
711.9	NaN	524	NaN	600	0	-3	358	62	55	0	404	9	11023	8	11000	15	11065	14	11056	18.021	-0.991
712	NaN	553	NaN	529	0	-4	364	0	0	0	402	-11	10820	-11	11005	-7	10839	-8	10958	17.906	-1.932
712.1	NaN	558	NaN	607	0	-1	355	0	0	0	402	-32	10714	-31	10700	-22	10650	-24	10661	17.58	-3.787
712.2	NaN	528	NaN	614	0	-2	358	0	0	0	401	-47	10261	-48	10426	-36	10269	-36	10213	17.076	-6.195
712.3	NaN	525	NaN	607	0	-0	359	0	0	0	402	-48	9904	-48	10103	-38	9831	-37	10018	16.513	-4.773
712.4	NaN	519	NaN	605	0	-1	358	0	0	0	402	-50	9588	-50	9679	-40	9490	-40	9605	15.925	-5.407
712.5	NaN	521	NaN	607	0	-2	358	0	0	0	399	-52	9233	-52	9334	-41	9098	-42	9254	15.331	-6.027
712.6	NaN	525	NaN	603	0	-2	356	0	0	0	401	-53	8757	-55	8853	-43	8772	-44	8889	14.698	-5.506
712.7	NaN	547	NaN	638	0	0	360	14	10	0	402	-24	8551	-23	8691	-21	8536	-21	8478	14.089	-5.378
712.8	NaN	566	NaN	539	0	1	360	26	21	0	404	0	8369	0	8611	-1	8417	0	8525	13.804	-2.336
712.9	NaN	567	NaN	622	0	4	358	38	31	0	405	14	8354	15	8659	30	8412	32	8682	13.845	2.329
713	NaN	567	NaN	676	0	6	362	36	27	0	406	10	8316	11	8735	21	8339	24	8734	13.892	0.543
713.1	NaN	564	NaN	539	0	7	359	24	15	0	404	-1	8168	-1	8605	-1	8209	-1	8549	13.808	-2.038
713.2	NaN	552	NaN	530	0	8	363	18	9	0	404	-11	8035	-10	8531	-8	8073	-9	8515	13.584	-1.824
713.3	NaN	551	NaN	627	0	15	363	12	2	0	402	-32	7690	-27	8286	-27	7513	-23	8320	13.32	-3.952
713.4	NaN	545	NaN	645	0	8	364	14	8	0	403	-27	7563	-24	8159	-23	7565	-22	8056	12.712	-7.55
713.5	NaN	567	NaN	538	0	9	363	21	16	0	404	-5	7288	-4	7681	-4	7795	-4	7786	12.57	-0.05
713.6	NaN	556	NaN	538	0	27	362	21	13	0	404	-9	7113	-7	7945	-8	6841	-6	7880	12.326	-3.795
713.7	NaN	558	NaN	540	0	28	360	31	26	0	405	1	6911	3	7742	5	7066	4	7843	12.076	-0.292
713.8	NaN	582	NaN	574	0	30	361	41	34	0	405	11	7062	24	7917	27	7119	54	7996	12.145	-0.016
713.9	NaN	582	NaN	544	0	30	362	41	34	0	405	12	7113	23	7978	26	7179	52	8055	12.236	2.536
714	NaN	599	NaN	577	0	33	357	39	30	0	405	9	7161	19	8003	20	7214	44	8054	12.327	-0.615
714.1	NaN	530	NaN	586	0	31	358	33	24	0	405	3	7052	7	7989	7	7158	15	8040	12.321	-0.498
714.2	NaN	527	NaN	574	0	34	362	41	32	0	405	4	7036	9	8051	10	7051	22	8037	12.146	-3.302
714.3	NaN	575	NaN	539	0	37	362	42	36	0	403	9	7068	23	7769	24	7174	50	7882	12.297	1.681
714.4	NaN	558	NaN	502	0	21	360	56	48	0	403	29	7218	48	8189	67	9634	108	8558	12.337	2.377
714.5	NaN	547	NaN	526	0	27	357	44	41	0	404	16	7597	32	8101	39	7546	69	8220	12.683	0.94
714.6	NaN	538	NaN	534	0	30	358	51	39	0	404	20	7684	39	8494	43	7880	87	8519	13.012	4.223
714.7	NaN	561	NaN	525	0	27	358	46	40	0	403	17	7661	33	8566	40	7941	72	8604	13.113	1.114
714.8	NaN	546	NaN	526	0	22	360	51	44	0	404	24	8472	39	8696	54	8023	87	8766	13.421	3.672
714.9	NaN	533	NaN	532	0	21	360	57	50	0	405	32	8350	50	8922	69	8665	108	8979	13.835	2.703
715	NaN	533	NaN	514	0	20	358	60	53	0	405	32	9182	48	9084	69	8667	105	9163	14.298	4.894
715.1	NaN	553	NaN	514	0	9	359	60	53	0	403	35	8873	42	9306	74	9231	92	9483	14.68	2.74
715.2	NaN	538	NaN	532	0	-4	359	55	47	0	405	40	9207	37	9441	83	9284	77	9538	15.151	2.925
715.3	NaN	612	NaN	564	0	-15	358	43	36	0	405	25	9569	18	9416	52	9692	38	9471	15.489	2.848
715.4	NaN	586	NaN	567	0	-21	357	41	39	0	403	27	9771	18	9451	56	9888	37	9542	15.603	0.96
715.5	NaN	578	NaN	586	0	-29	358	39	36	0	402	26	9924	13	9339	54	9962	27	9443	15.716	0.726
715.6	NaN	543	NaN	574	0	-29	358	40	41	0	403	29	10063	17	9341	61	10159	34	9503	15.796	1.838
715.7	NaN	549	NaN	568	0	-24	363	41	41	0	401	30	10099	17	9501	63	10214	36	9655	15.921	1.077
715.8	NaN	567	NaN	539	0	-15	357	45	45	0	401	36	10185	25	9857	73	10262	51	9831	16.183	3.807
715.9	NaN	548	NaN	523	0	-3	356	48	42	0	404	31	10132	30	10094	64	10206	60	10162	16.484	2.466
716	NaN	547	NaN	535	0	13	362	47	39	0	404	24	10006	31	10413	47	10173	64	10536	16.675	1.057
716.1	NaN	561	NaN	514	0	12	358	61	53	0	404	30	10268	41	10852	60	10322	78	10866	16.998	3.354
716.2	NaN	531	NaN	523	0	14	357	71	62	0	405	25	10426	34	10854	50	10371	69	10975	17.271	1.757
716.3	NaN	555	NaN	532	0	8	357	100	100	0	407	25	10482	29	11002	51	10625	57	11093	17.462	2.423
716.4	NaN	577	NaN	548	0	2	359	100	100	0	406	20	10688	21	10990	39	10773	40	11004	17.643	0.566
716.5	NaN	556	NaN	571	0	-5	359	100	100	0	405	16	10794	15	10899	33	10876	31	10967	17.701	0.127
716.6	NaN	579	NaN	583	0	-5	362	100	100	0	405	16	10851	14	10958	31	10944	27	10924	17.781	0.08
716.7	NaN	541	NaN	606	0	-8	359	100	100	0	404	14	10946	12	10859	27	10905	24	10948	17.778	0.392
716.8	NaN	533	NaN	579	1	-10	359	100	100	0	405	15	10944	13	10911	30	11056	25	10952	17.763	-0.167
716.9	NaN	525	NaN	607	0	-8	360	100	100	0	405	13	11079	11	10991	26	11069	22	10917	17.727	-2.42
717	NaN	536	NaN	589	0	-9	360	100	100	0	405	18	10914	15	10758	37	11038	30	10899	17.82	1.561
717.1	NaN	532	NaN	587	0	-5	361	98	95	0	404	14	11021	12	10950	26	11098	22	10887	17.765	-0.006
717.2	NaN	546	NaN	571	0	-5	358	100	100	0	404	13	10897	12	10901	25	10884	24	10961	17.773	-0.799
717.3	NaN	547	NaN	585	0	-2	360	100	94	0	404	14	10851	13	10947	28	10962	26	11043	17.744	1.295
717.4	NaN	536	NaN	588	0	-2	361	60	51	0	403	14	10913	13	10938	26	10906	24	10939	17.789	-1.184
717.5	NaN	550	NaN	588	0	-4	358	35	28	0	405	14	10825	14	10846	28	10946	26	10988	17.789	0.756
717.6	NaN	553	NaN	551	0	0	361	0	0	0	402	-15	10624	-16	10827	-12	10673	-12	10675	17.521	-3.292
717.7	NaN	539	NaN	625	0	1	359	0	0	0	403	-36	10335	-35	10510	-27	10226	-27	10437	17.115	-5.319
717.8	NaN	517	NaN	612	0	2	362	0	0	0	403	-48	9901	-47	10133	-38	9877	-36	10154	16.526	-5.109
717.9	NaN	523	NaN	597	0	3	364	0	0	0	403	-51	9514	-49	9844	-41	9382	-38	9766	15.92	-6.192
718	NaN	525	NaN	600	0	5	364	0	0	0	402	-53	9115	-50	9438	-43	8997	-40	9398	15.277	-6.356
718.1	NaN	515	NaN	602	0	5	363	0	0	0	401	-55	8641	-52	9054	-46	8641	-43	8943	14.637	-6.242
718.2	NaN	518	NaN	603	0	6	365	0	0	0	400	-56	8202	-53	8668	-47	8224	-45	8573	13.952	-6.465
718.3	NaN	522	NaN	607	0	3	360	0	0	0	403	-55	7795	-53	8221	-48	7830	-45	8090	13.305	-6.174
718.4	NaN	523	NaN	602	0	-0	363	0	0	0	402	-54	7553	-55	7765	-46	7506	-47	7642	12.649	-5.977
718.5	NaN	518	NaN	618	0	-17	357	1	0	0	403	-49	7386	-57	7135	-43	7324	-50	7049	12.012	-6.14
718.6	NaN	570	NaN	573	0	-38	358	18	20	0	400	-8	7402	-14	6617	-9	7350	-10	6361	11.423	-3.806
718.7	NaN	561	NaN	538	0	-42	362	24	26	0	403	0	7301	0	6444	0	7290	0	6417	11.213	-1.366
718.8	NaN	498	NaN	599	0	-45	361	33	34	0	403	18	7402	6	6442	42	7396	13	6438	11.142	-0.367
718.9	NaN	508	NaN	597	0	-47	362	32	30	0	403	14	7352	4	6413	33	7383	10	6413	11.153	-0.433
719	NaN	515	NaN	574	0	-43	357	31	31	0	404	13	7333	4	6368	28	7355	10	6358	11.083	-0.466
719.1	NaN	557	NaN	540	0	-15	364	26	16	0	403	-0	7034	-0	6498	-1	7064	-0	6478	11.126	-0.888
719.2	NaN	561	NaN	539	0	8	360	26	16	0	404	-0	6612	-0	6761	-0	6683	0	6771	10.99	-1.406
719.3	NaN	559	NaN	538	0	27	361	26	16	0	405	-0	6278	-0	6919	-0	6323	0	6922	10.812	-1.754
719.4	NaN	563	NaN	536	0	40	361	26	16	0	405	0	6086	0	6942	0	6069	0	6921	10.662	-2.868
719.5	NaN	550	NaN	564	0	42	364	31	23	0	405	1	5907	4	6960	3	5885	9	6933	10.464	-1.55
719.6	NaN	538	NaN	604	0	46	363	31	23	0	404	1	5777	4	6890	3	5784	10	6818	10.322	-2.814
719.7	NaN	542	NaN	608	0	45	362	31	23	0	406	1	5672	4	6844	3	5666	9	6750	10.15	-1.615
719.8	NaN	581	NaN	594	0	48	362	39	31	0	405	5	5684	18	6760	11	5620	41	6750	10.044	-1.571
719.9	NaN	566	NaN	569	0	47	361	46	39	0	404	11	5767	37	6921	26	5753	89	6962	10.169	3.456
720	NaN	550	NaN	556	0	46	359	51	44	0	405	15	5863	48	7083	35	6242	113	7138	10.37	2.602
720.1	NaN	598	NaN	546	0	46	361	51	41	0	404	14	6155	44	7139	32	6192	103	7232	10.706	1.688
720.2	NaN	549	NaN	554	0	46	362	51	41	0	403	14	6750	44	7308	33	6305	103	7416	10.975	2.432
720.3	NaN	582	NaN	559	0	43	359	56	48	0	404	18	6626	53	7459	41	6605	123	7584	11.321	2.697
720.4	NaN	517	NaN	521	0	40	360	59	50	0	404	26	7399	65	7915	58	6818	141	7960	11.777	5.946
720.5	NaN	543	NaN	529	0	35	362	55	46	0	404	23	7829	52	8098	52	7515	118	8135	12.202	5.284
720.6	NaN	542	NaN	508	0	20	360	60	52	0	403	28	7319	49	8180	60	8965	112	8342	12.441	1.54
720.7	NaN	527	NaN	515	0	14	362	68	59	0	404	37	8483	50	8318	84	8103	109	8527	12.967	5.138
720.8	NaN	520	NaN	515	0	19	359	71	64	0	404	32	8139	51	8515	72	8150	112	8652	13.524	5.652
720.9	NaN	522	NaN	515	0	13	363	80	73	0	405	36	8607	46	8958	78	8425	100	9024	13.915	5.092
721	NaN	513	NaN	520	0	13	359	100	100	0	404	34	8636	45	9245	73	8744	98	9246	14.419	3.915
721.1	NaN	582	NaN	522	0	12	359	100	100	0	404	35	9043	44	9377	73	9075	93	9455	14.886	4.573
721.2	NaN	535	NaN	517	0	6	356	100	100	0	404	37	9266	40	9631	77	9387	84	9722	15.252	4.852
721.3	NaN	538	NaN	516	0	0	358	100	100	0	404	36	9585	39	9755	75	9716	80	9942	15.702	3.146
721.4	NaN	551	NaN	522	0	-4	358	100	100	0	404	38	9930	36	10052	77	9918	75	10087	16.104	4.243
721.5	NaN	528	NaN	523	0	-5	360	100	100	0	404	38	10146	34	10229	78	10302	68	10318	16.483	3.489
721.6	NaN	535	NaN	534	0	-5	362	100	98	0	404	34	10341	31	10328	67	10492	61	10489	16.811	2.539
721.7	NaN	521	NaN	540	1	-3	359	100	93	0	403	27	10495	25	10525	52	10540	51	10601	17.074	4.008
721.8	NaN	509	NaN	556	1	-1	357	92	86	0	405	24	10564	23	10714	47	10699	46	10750	17.253	1.304
721.9	NaN	554	NaN	551	1	-1	361	93	86	0	405	22	10626	22	10700	44	10729	43	10828	17.467	2.938
722	NaN	549	NaN	573	0	-3	360	34	25	0	406	18	10811	17	10915	33	10838	33	10896	17.596	0.406
722.1	NaN	555	NaN	561	0	-1	357	0	0	0	403	-16	10535	-17	10595	-13	10590	-12	10586	17.39	-3.13
722.2	NaN	533	NaN	630	0	-3	361	0	0	0	403	-37	10069	-37	10049	-28	10199	-27	10241	17.07	-1.46
722.3	NaN	519	NaN	607	0	1	361	0	0	0	402	-49	10016	-49	10182	-36	9979	-38	9810	16.481	-4.11
722.4	NaN	527	NaN	602	0	1	366	0	0	0	402	-51	9525	-50	9692	-40	9484	-39	9647	15.916	-5.691
722.5	NaN	520	NaN	606	0	1	383	0	0	0	425	-51	9169	-51	9333	-41	9113	-41	9307	15.266	-6.887
722.6	NaN	522	NaN	622	0	1	422	0	0	0	450	-55	8726	-54	8872	-44	8702	-44	8660	14.577	-7.482
722.7	NaN	524	NaN	612	0	2	487	0	0	0	508	-56	8172	-53	8379	-47	8187	-45	8257	13.842	-5.613
722.8	NaN	520	NaN	602	0	2	543	0	0	0	554	-55	7610	-53	7939	-47	7572	-46	7853	12.994	-8.767
722.9	NaN	513	NaN	616	0	5	561	0	0	0	554	-55	7183	-52	7332	-48	6968	-45	6960	12.077	-9.158
723	NaN	526	NaN	625	0	8	396	4	0	0	430	-51	6671	-47	7020	-44	6530	-41	6756	11.209	-7.58
723.1	NaN	540	NaN	643	0	20	364	5	0	0	402	-49	6040	-42	6711	-46	5620	-38	6619	10.655	-6.529
723.2	NaN	546	NaN	642	0	31	356	5	0	0	401	-52	5448	-39	6439	-48	4808	-35	6369	10.068	-4.935
723.3	NaN	564	NaN	594	0	43	362	18	12	0	401	-22	5311	-14	6306	-19	4922	-13	6234	9.483	-5.922
723.4	NaN	570	NaN	546	0	42	361	25	19	0	403	-0	5235	-0	6212	-0	5178	-0	6142	9.248	-2.287
723.5	NaN	568	NaN	546	0	43	363	25	19	0	404	-0	5094	-0	6119	-0	5046	0	6045	9.052	-1.577
723.6	NaN	573	NaN	546	0	44	361	25	19	0	404	0	5058	0	5937	0	5062	0	5925	8.898	-1.264
723.7	NaN	584	NaN	619	0	46	362	35	29	0	403	4	4948	15	5981	10	4954	35	5965	8.768	0.102
723.8	NaN	539	NaN	658	0	50	364	33	26	0	404	2	4925	7	5903	5	4897	19	5839	8.771	-2.558
723.9	NaN	593	NaN	645	0	46	359	34	29	0	406	4	4869	14	5973	10	4891	33	5916	8.754	0.996
724	NaN	593	NaN	611	0	39	359	35	30	0	405	5	4953	15	5979	13	4975	35	5940	8.725	-1.437
724.1	NaN	586	NaN	607	0	19	359	35	29	0	404	7	5147	11	5714	17	5147	28	5750	8.859	1.09
724.2	NaN	599	NaN	592	0	-6	359	35	30	0	405	10	5400	10	5566	25	5449	23	5589	8.942	1.776
724.3	NaN	541	NaN	599	0	-39	359	34	32	0	403	16	5746	6	5319	38	5803	15	5354	8.929	-0.796
724.4	NaN	528	NaN	559	0	-67	358	34	34	0	403	23	5930	3	5047	53	5919	7	5111	8.933	-0.385
724.5	NaN	510	NaN	628	0	-69	363	48	48	0	402	48	6245	5	5083	119	6217	14	5035	8.945	0.463
724.6	NaN	582	NaN	625	0	-69	359	64	65	0	403	94	7067	10	5307	200	7081	24	5191	9.379	6.679
724.7	NaN	561	NaN	593	0	-65	360	63	63	0	401	87	7042	12	5491	202	7172	30	5842	9.88	4.348
724.8	NaN	572	NaN	586	0	-47	360	75	75	0	402	72	7420	20	5835	163	8183	49	6159	10.265	6.956
724.9	NaN	543	NaN	520	0	-19	360	89	85	0	399	55	7087	34	7362	128	7702	80	9133	10.671	4.507
725	NaN	556	NaN	528	0	-10	360	92	86	0	403	48	7288	39	7045	111	7619	90	8189	11.148	6.353
725.1	NaN	555	NaN	527	0	-17	356	100	100	0	402	51	7428	33	7179	115	7626	76	9498	11.697	8.548
725.2	NaN	556	NaN	531	0	-21	360	100	100	0	404	52	7681	33	7775	115	7831	75	8893	12.22	7.77
725.3	NaN	542	NaN	528	0	-24	358	100	100	0	403	55	8360	32	7798	120	8247	70	7845	12.781	6.128
725.4	NaN	545	NaN	545	0	-25	356	100	100	0	403	54	8510	30	8106	118	8757	68	8258	13.28	3.808
725.5	NaN	559	NaN	537	0	-26	357	100	100	0	404	51	8848	30	8617	111	8930	65	8442	13.767	6.093
725.6	NaN	557	NaN	559	0	-20	360	100	100	0	404	50	9122	29	8626	106	9210	63	8740	14.222	4.172
725.7	NaN	532	NaN	534	0	-15	359	100	100	0	404	45	9269	32	9020	96	9392	68	8984	14.669	4.994
725.8	NaN	532	NaN	528	0	-7	357	100	100	0	404	41	9424	35	9239	86	9585	76	9366	15.143	4.773
725.9	NaN	530	NaN	523	0	-3	362	100	100	0	405	38	9561	37	9600	79	9727	76	9725	15.544	3.723
726	NaN	541	NaN	517	0	0	358	100	96	0	405	37	9795	37	9953	75	9910	77	10050	15.966	5.36
726.1	NaN	529	NaN	520	0	4	360	86	77	0	405	35	10022	38	10253	71	10071	76	10316	16.385	4.025
726.2	NaN	514	NaN	524	0	5	363	57	48	0	404	34	10197	37	10443	68	10290	77	10614	16.739	3.804
726.3	NaN	540	NaN	631	0	3	360	36	28	0	404	11	10166	11	10558	20	10220	21	10533	16.854	-2.451
726.4	NaN	542	NaN	587	0	1	357	36	30	0	403	12	10220	12	10477	24	10304	25	10492	16.877	3.904
726.5	NaN	561	NaN	623	0	-1	358	36	32	0	403	14	10284	14	10442	27	10357	28	10522	16.94	-0.241
726.6	NaN	541	NaN	594	0	-1	359	33	24	0	405	8	10254	9	10550	16	10336	15	10510	16.989	-1.251
726.7	NaN	567	NaN	538	0	-1	363	25	16	0	405	-0	10150	-0	10315	-0	10176	-0	10362	16.83	-2.869
726.8	NaN	561	NaN	535	0	-3	360	21	12	0	403	-10	10093	-10	10195	-8	10066	-8	10185	16.69	-1.309
726.9	NaN	555	NaN	537	0	-1	364	21	13	0	403	-8	9933	-9	10149	-6	10001	-6	10074	16.437	-2.316
727	NaN	566	NaN	537	0	-5	359	21	13	0	403	-7	9836	-8	9930	-6	9811	-6	9919	16.227	-1.607
727.1	NaN	562	NaN	536	0	2	360	21	12	0	403	-9	9645	-9	9830	-7	9643	-7	9829	16.004	-2.469
727.2	NaN	559	NaN	537	0	11	365	21	13	0	403	-9	9370	-8	9789	-7	9396	-7	9846	15.748	-2.928
727.3	NaN	567	NaN	541	0	12	361	31	25	0	405	1	9180	1	9861	1	9237	2	9771	15.541	-2.318
727.4	NaN	548	NaN	586	0	13	362	35	29	0	405	9	9168	12	9753	19	9293	24	9796	15.518	0.284
727.5	NaN	565	NaN	539	0	11	358	18	9	0	405	-7	9030	-6	9686	-5	9080	-5	9701	15.421	-2.175
727.6	NaN	565	NaN	596	0	27	359	18	10	0	404	-20	8068	-15	9533	-16	8709	-13	9567	15.138	-2.196
727.7	NaN	554	NaN	534	0	28	362	21	15	0	404	-9	8291	-7	9675	-8	8173	-5	9595	14.748	-1.962
727.8	NaN	566	NaN	539	0	7	359	21	13	0	406	-7	8426	-7	9067	-5	8575	-5	9207	14.536	-1.075
727.9	NaN	570	NaN	537	0	15	358	24	18	0	405	0	8342	1	9060	1	8119	1	8983	14.161	-5.605
728	NaN	555	NaN	566	0	27	363	11	3	0	402	-19	7014	-14	8503	-15	7922	-12	8707	14	0.467
728.1	NaN	554	NaN	615	0	46	360	13	7	0	401	-32	6623	-20	8520	-28	6017	-17	8648	13.477	-5.291
728.2	NaN	547	NaN	527	0	44	365	19	14	0	402	-12	6602	-8	8278	-11	7098	-7	8392	12.962	-0.9
728.3	NaN	553	NaN	522	0	41	361	19	11	0	402	-16	6193	-12	7963	-15	7054	-10	8005	12.606	-4.254
728.4	NaN	572	NaN	592	0	24	363	37	31	0	405	8	6149	15	8066	17	6317	35	8090	12.203	-3.333
728.5	NaN	565	NaN	540	0	20	361	20	15	0	405	-7	6597	-6	7787	-6	6863	-5	7815	12.041	-2.228
728.6	NaN	546	NaN	621	0	25	360	33	24	0	404	8	7109	13	7697	23	7137	32	7849	12.043	-0.852
728.7	NaN	544	NaN	575	0	27	359	31	25	0	401	3	6964	5	7525	5	6841	12	7506	11.894	-2.852
728.8	NaN	535	NaN	629	0	35	360	33	26	0	403	4	6725	8	7575	9	6870	19	7630	11.802	0.144
728.9	NaN	581	NaN	629	0	44	358	35	29	0	404	5	6656	15	7697	12	6819	35	7708	11.693	-1.836
729	NaN	567	NaN	662	0	44	359	34	26	0	404	3	6493	11	7583	8	6601	24	7647	11.649	-1.246
729.1	NaN	571	NaN	644	0	41	362	36	30	0	405	6	6507	16	7665	13	6588	37	7712	11.556	0.311
729.2	NaN	594	NaN	645	0	43	362	36	29	0	404	5	6545	15	7534	12	6609	35	7609	11.525	-2.145
729.3	NaN	582	NaN	664	0	46	360	35	27	0	404	4	6426	14	7501	10	6525	32	7579	11.435	0.529
729.4	NaN	599	NaN	630	0	51	361	36	29	0	404	4	6334	16	7413	9	6612	36	7488	11.317	-2.686
729.5	NaN	562	NaN	545	0	49	358	45	39	0	403	9	6368	34	7493	21	6523	77	7633	11.227	0.506
729.6	NaN	521	NaN	504	0	48	358	57	51	0	403	19	6800	61	7736	42	6826	143	7846	11.506	2.426
729.7	NaN	509	NaN	526	0	47	360	71	66	0	404	21	7110	71	8062	48	6849	160	8171	11.927	4.738
729.8	NaN	515	NaN	532	0	42	358	97	92	0	406	23	8314	64	8245	53	7489	143	8371	12.228	6.676
729.9	NaN	539	NaN	520	0	41	362	100	100	0	403	23	7793	63	8340	53	7698	141	8452	12.645	4.244
730	NaN	535	NaN	516	0	14	355	100	100	0	402	36	7983	49	8500	80	7893	108	8659	13.098	5.83
730.1	NaN	521	NaN	521	0	10	357	100	100	0	405	37	8254	47	8646	81	8319	103	8733	13.596	4.921
730.2	NaN	527	NaN	511	0	10	358	100	100	0	404	36	8475	45	8954	78	8582	98	9000	14.066	4.59
730.3	NaN	534	NaN	525	0	7	360	100	100	0	404	37	8854	43	9179	79	8897	90	9264	14.486	4.554
730.4	NaN	547	NaN	519	0	4	360	100	100	0	404	37	9125	42	9331	77	9204	87	9442	14.936	4.361
730.5	NaN	530	NaN	536	0	4	359	100	100	0	404	36	9372	39	9544	76	9474	83	9687	15.316	3.801
730.6	NaN	553	NaN	537	0	-2	363	100	100	0	405	37	9598	37	9780	78	9654	76	9871	15.706	4.386
730.7	NaN	545	NaN	528	0	-4	358	100	100	0	404	39	9861	36	9986	79	10017	72	10021	16.089	3.915
730.8	NaN	549	NaN	521	1	-4	359	100	100	0	403	37	10174	35	10142	76	10255	71	10233	16.416	2.997
730.9	NaN	544	NaN	520	1	-3	363	100	100	0	404	33	10316	32	10322	65	10405	64	10465	16.777	1.768
731	NaN	586	NaN	536	1	-3	361	100	100	0	404	29	10420	27	10529	58	10557	55	10562	17.077	2.18
731.1	NaN	542	NaN	557	1	-6	359	100	100	0	402	24	10644	21	10599	47	10698	42	10646	17.271	2.001
731.2	NaN	563	NaN	574	1	-3	362	100	100	0	403	21	10648	20	10701	42	10705	39	10795	17.45	1.324
731.3	NaN	535	NaN	579	1	-3	361	100	100	0	402	19	10773	17	10781	37	10882	34	10827	17.579	1.566
731.4	NaN	537	NaN	616	1	-4	359	100	100	0	402	16	10870	14	10813	31	10944	27	10877	17.638	0.511
731.5	NaN	539	NaN	572	1	-4	358	100	100	0	403	16	10799	15	10944	32	10836	30	10900	17.782	-0.059
731.6	NaN	529	NaN	582	1	-3	360	100	100	0	403	13	10936	12	10942	25	10996	24	10965	17.78	1.916
731.7	NaN	530	NaN	576	1	-5	360	100	100	0	403	13	10900	13	10930	26	10917	25	11006	17.843	0.821
731.8	NaN	545	NaN	585	1	-3	361	100	100	0	403	14	10887	13	11021	27	11024	25	11006	17.873	1.015
731.9	NaN	520	NaN	603	1	-5	361	100	100	0	402	11	11003	10	10919	20	11023	19	10999	17.877	-0.585
732	NaN	526	NaN	600	1	-3	363	100	100	0	403	12	10907	11	11078	24	10956	21	11030	17.914	-1.466
732.1	NaN	522	NaN	595	1	-5	359	100	100	0	403	12	11025	10	10977	22	11056	21	11006	17.923	0.453
732.2	NaN	527	NaN	579	1	-5	362	100	100	0	404	11	10971	11	11018	22	10948	21	11032	17.939	-0.108
732.3	NaN	522	NaN	580	1	-5	360	100	100	0	404	12	10957	11	11025	24	11075	22	11057	17.95	1.614
732.4	NaN	523	NaN	594	1	-3	360	100	100	0	405	10	11043	9	10982	19	11030	17	11037	17.943	-0.228
732.5	NaN	518	NaN	574	1	-4	356	100	100	0	404	11	10932	10	11087	22	11035	21	11053	17.953	-0.154
732.6	NaN	530	NaN	624	1	-3	358	100	100	0	403	11	11014	10	10973	21	11085	19	11031	17.959	0.55
732.7	NaN	527	NaN	587	1	-3	362	100	96	0	405	10	10975	10	11077	21	10962	19	11060	17.942	-0.584
732.8	NaN	531	NaN	578	1	-2	361	98	92	0	403	11	10997	11	11030	22	11056	20	11012	17.954	-0.211
732.9	NaN	520	NaN	573	1	-3	359	99	95	0	404	11	11023	10	11007	22	11005	21	11063	17.966	-0.641
733	NaN	514	NaN	580	1	-2	361	100	100	0	405	10	10928	10	11080	22	11078	21	11101	17.914	1.011
733.1	NaN	543	NaN	635	1	0	362	100	100	0	403	11	10966	11	11020	19	11001	19	11086	17.954	-0.822
733.2	NaN	594	NaN	556	0	11	359	100	100	0	404	13	10775	17	11373	28	10851	35	11307	17.987	-1.2
733.3	NaN	567	NaN	572	0	11	360	100	100	0	405	14	10764	19	11292	27	10889	34	11413	18.056	1.81
733.4	NaN	562	NaN	576	0	10	358	100	100	0	404	14	10804	16	11424	26	11038	32	11444	18.096	2.482
733.5	NaN	581	NaN	569	0	11	359	100	100	0	405	13	10830	17	11395	26	11228	32	11445	18.084	-0.954
733.6	NaN	535	NaN	582	0	6	364	100	100	0	404	11	10895	14	11433	21	10935	24	11421	18.121	-0.158
733.7	NaN	529	NaN	578	0	1	360	100	100	0	403	11	10934	11	11230	23	11004	23	11298	18.118	0.054
733.8	NaN	527	NaN	555	0	-5	362	10	3	0	405	4	11001	4	11065	5	11023	3	11062	18.104	-1.149
733.9	NaN	547	NaN	610	0	-6	365	0	0	0	403	-21	10833	-22	10823	-15	10795	-17	10782	17.76	-4.181
734	NaN	533	NaN	634	0	-11	362	0	0	0	403	-40	10580	-43	10401	-30	10582	-33	10202	17.261	-5.055
734.1	NaN	526	NaN	600	0	-10	361	0	0	0	400	-46	10126	-50	9949	-35	10211	-39	9999	16.668	-4.921
734.2	NaN	518	NaN	608	0	-9	363	0	0	0	403	-47	9867	-54	9628	-37	9739	-42	9354	16.03	-7.116
734.3	NaN	504	NaN	603	0	-11	365	0	0	0	402	-49	9435	-54	9275	-39	9381	-43	8997	15.391	-7.241
734.4	NaN	509	NaN	596	0	-10	357	0	0	0	400	-51	9084	-57	8865	-42	9036	-46	8827	14.705	-6.913
734.5	NaN	514	NaN	598	0	-13	357	0	0	0	400	-52	8675	-57	8448	-43	8606	-48	8126	14.078	-7.227
734.6	NaN	521	NaN	593	0	-17	357	0	0	0	401	-51	8340	-59	8007	-43	8290	-49	7906	13.399	-6.104
734.7	NaN	574	NaN	616	0	-20	357	16	13	0	400	-14	8192	-17	7767	-12	8192	-14	7665	12.997	-3.183
734.8	NaN	559	NaN	536	0	-33	359	19	19	0	400	-5	8122	-7	7479	-4	8111	-5	7450	12.683	-3.068
734.9	NaN	558	NaN	539	0	-40	359	23	24	0	404	0	8052	0	7225	0	8049	0	7214	12.473	-2.439
735	NaN	515	NaN	591	0	-36	362	37	37	0	401	22	8092	7	7105	48	8125	20	7230	12.301	0.945
735.1	NaN	522	NaN	607	0	-53	358	38	36	0	402	27	8037	8	7167	59	8089	16	7249	12.423	-0.009
735.2	NaN	499	NaN	609	0	-59	356	37	36	0	403	28	8239	6	7060	62	8241	13	7229	12.328	-1.484
735.3	NaN	546	NaN	532	0	-57	359	30	23	0	402	4	7949	1	6985	8	7976	2	7056	12.316	-2.799
735.4	NaN	542	NaN	530	0	-57	361	30	27	0	401	5	7958	1	6842	12	7952	2	6838	11.998	-1.647
735.5	NaN	536	NaN	525	0	-58	358	31	28	0	400	8	7652	2	6649	18	7730	4	6690	11.831	-2.353
735.6	NaN	522	NaN	536	0	-58	357	53	50	0	402	18	7616	4	6402	39	7713	8	6610	11.627	0.418
735.7	NaN	557	NaN	575	0	-51	360	51	51	0	401	58	7981	14	6761	132	7967	32	7270	11.762	2.928
735.8	NaN	589	NaN	574	0	-44	357	52	52	0	403	59	8214	20	6989	130	8313	44	7283	12.04	4.698
735.9	NaN	578	NaN	574	0	-33	356	54	52	0	402	56	8120	24	8072	130	8463	55	7596	12.407	6.763
736	NaN	565	NaN	529	0	-10	357	54	51	0	404	46	8179	34	7751	102	8422	78	8123	12.855	6.631
736.1	NaN	541	NaN	549	0	-1	357	49	40	0	403	28	8073	28	8244	61	8204	62	8365	13.298	3.49
736.2	NaN	554	NaN	537	0	-1	357	49	41	0	404	29	8270	29	8462	64	8409	65	8547	13.611	3.915
736.3	NaN	520	NaN	600	0	-3	358	37	28	0	404	10	8363	10	8499	21	8461	20	8591	13.855	1.369
736.4	NaN	557	NaN	532	0	-5	364	19	10	0	404	-8	8389	-8	8521	-6	8415	-6	8430	13.733	-2.166
736.5	NaN	560	NaN	606	0	-16	359	19	10	0	401	-15	8268	-17	8105	-13	8383	-14	8218	13.504	-1.03
736.6	NaN	556	NaN	564	0	-28	358	19	16	0	403	-9	8319	-11	7819	-8	8318	-10	7724	13.197	-3.708
736.7	NaN	558	NaN	534	0	-37	362	23	19	0	403	-0	8184	-1	7482	-1	8279	-1	7555	12.96	-0.97
736.8	NaN	557	NaN	536	0	-47	358	24	20	0	403	0	8107	0	7246	0	8123	0	7270	12.748	-1.574
736.9	NaN	521	NaN	564	0	-49	359	40	41	0	403	22	8307	6	7111	44	8352	14	7039	12.391	-1.438
737	NaN	554	NaN	536	0	-57	362	30	21	0	402	1	7962	0	6947	2	8016	1	7163	12.505	1.075
737.1	NaN	540	NaN	530	0	-44	362	41	43	0	401	4	7991	1	6933	9	7869	3	6894	12.141	-3.737
737.2	NaN	502	NaN	613	0	-42	360	37	31	0	401	16	7843	6	6863	37	7863	14	6997	12.05	1.305
737.3	NaN	558	NaN	630	0	-46	362	41	42	0	403	32	7980	10	6907	72	7976	24	7228	12.013	0.421
737.4	NaN	554	NaN	621	0	-47	359	49	44	0	402	50	8157	16	7074	114	8194	36	7364	12.27	3.349
737.5	NaN	511	NaN	636	0	-44	358	38	30	0	401	24	8041	9	7171	57	8103	20	7271	12.463	1.065
737.6	NaN	527	NaN	506	0	-46	359	32	28	0	400	10	8004	3	7020	23	8018	7	7077	12.26	-2.285
737.7	NaN	535	NaN	527	0	-53	360	30	23	0	403	5	7757	1	6765	10	7826	4	6926	12.162	-1.057
737.8	NaN	512	NaN	544	0	-56	360	38	35	0	403	19	7746	4	6642	49	7885	8	6615	11.839	-1.109
737.9	NaN	516	NaN	543.6428571	0	-56	359	39	35	0	402	31	7838	7	6662	71	7922	16	6817	11.84	3.393
738	NaN	553	NaN	540.7857143	0	-49	358	28	26	0	403	1	7641	0	6542	4	7632	1	6479	11.648	-1.872
738.1	NaN	509	NaN	537.9285714	0	-24	356	35	29	0	405	14	7556	8	6701	31	7602	17	6749	11.59	1.341
738.2	NaN	511	NaN	535.0714286	0	-14	361	35	28	0	404	11	7263	8	7013	24	7300	18	6983	11.674	0.059
738.3	NaN	544	NaN	532.2142857	0	16	358	35	28	0	405	8	6926	10	7317	17	6977	23	7309	11.657	-1.388
738.4	NaN	565	NaN	529.3571429	0	37	358	36	28	0	405	5	6718	13	7496	13	6737	29	7512	11.615	-1.025
738.5	NaN	586	NaN	587	0	38	362	36	28	0	404	5	6620	13	7584	13	6666	30	7561	11.565	-0.083
738.6	NaN	576	NaN	575	0	39	361	38	31	0	405	7	6551	18	7657	16	6631	42	7654	11.527	-0.704
738.7	NaN	560	NaN	535	0	38	357	43	36	0	404	12	6610	29	7680	26	6746	65	7722	11.607	0.251
738.8	NaN	554	NaN	510	0	38	358	46	40	0	404	15	6840	38	7768	34	6924	85	7844	11.755	2.123
738.9	NaN	519	NaN	511	0	36	360	50	44	0	406	19	7215	44	7903	44	7281	100	7971	11.93	3.554
739	NaN	512	NaN	514	0	25	362	50	44	0	406	22	7418	42	8019	50	7395	95	8120	12.236	3.089
739.1	NaN	566	NaN	563	0	-11	360	44	38	0	403	26	7639	21	7851	57	7721	47	7948	12.596	3.207
739.2	NaN	561	NaN	580	0	-34	360	43	42	0	406	31	8119	14	7593	71	8184	31	7669	12.753	1.006
739.3	NaN	545	NaN	557	0	-35	361	50	46	0	403	50	8558	22	7814	109	8629	47	7852	13.067	5.259
739.4	NaN	549	NaN	579	0	-35	361	46	43	0	405	40	8562	17	7869	87	8683	38	8050	13.314	2.059
739.5	NaN	541	NaN	531	0	-33	361	73	72	0	402	56	8921	25	8176	123	9063	54	8224	13.63	4.886
739.6	NaN	539	NaN	540	0	-35	356	74	73	0	403	54	9108	26	8731	115	9252	55	8572	14.054	5.587
739.7	NaN	551	NaN	527	0	-21	359	91	91	0	403	49	9246	29	8662	104	9389	63	8932	14.44	3.85
739.8	NaN	532	NaN	516	0	-10	362	100	100	0	404	42	9324	34	9102	91	9436	72	9261	14.914	4.307
739.9	NaN	534	NaN	518	0	-9	358	100	100	0	406	42	9582	34	9426	86	9688	73	9552	15.377	5.106
740	NaN	522	NaN	516	0	-6	361	100	100	0	405	39	9774	35	9785	81	9913	72	9848	15.817	3.855
740.1	NaN	552	NaN	512	0	-6	358	100	100	0	404	38	9964	35	10039	78	10047	71	10088	16.237	5.186
740.2	NaN	532	NaN	513	0	-2	358	100	100	0	405	37	10197	35	10283	74	10339	71	10431	16.592	3.054
740.3	NaN	507	NaN	521	0	1	361	100	100	0	402	30	10358	31	10552	60	10448	60	10611	16.968	3.921
740.4	NaN	565	NaN	526	1	-1	358	100	100	0	401	27	10464	27	10719	54	10554	55	10763	17.235	2.963
740.5	NaN	538	NaN	550	1	0	361	100	100	0	403	23	10627	23	10761	45	10729	44	10895	17.439	1.513
740.6	NaN	534	NaN	566	1	1	362	100	100	0	404	20	10702	19	10956	37	10795	37	10974	17.618	0.802
740.7	NaN	526	NaN	548	1	0	358	100	100	0	405	19	10757	18	10979	37	10797	35	11062	17.715	0.8
740.8	NaN	545	NaN	566	1	-0	359	100	100	0	404	15	10851	15	11043	28	10913	28	11056	17.817	1.818
740.9	NaN	560	NaN	567	1	-1	361	100	100	0	404	14	10847	14	11099	27	10913	28	11084	17.899	-0.333
741	NaN	543	NaN	566	1	1	358	100	100	0	404	14	10886	14	11063	27	10983	26	11152	17.936	1.304
741.1	NaN	514	NaN	579	1	-2	359	100	100	0	405	11	10947	10	11202	21	10987	20	11168	17.983	0.087
741.2	NaN	544	NaN	588	1	-1	363	100	100	0	405	13	10909	12	11099	25	10945	25	11172	18.039	0.068
741.3	NaN	523	NaN	591	1	-2	360	100	100	0	404	11	10986	10	11223	20	11030	19	11216	18.06	0.824
741.4	NaN	512	NaN	609	1	-2	360	100	100	0	403	10	10959	9	11178	19	10987	19	11215	18.045	-0.896
741.5	NaN	520	NaN	573	1	-3	357	100	100	0	404	11	10969	11	11175	22	11053	21	11183	18.085	0.607
741.6	NaN	512	NaN	576	1	-2	362	100	100	0	405	8	11025	8	11199	15	11066	15	11169	18.063	-0.937
741.7	NaN	515	NaN	592	1	-1	358	100	100	0	405	10	10971	10	11158	21	11024	20	11172	18.059	-0.882
741.8	NaN	513	NaN	605	1	-3	362	100	100	0	404	10	11011	10	11162	19	11066	18	11147	18.09	1.29
741.9	NaN	503	NaN	574	1	-3	364	100	100	0	402	9	10991	8	11111	17	11004	17	11179	18.038	-0.118
742	NaN	518	NaN	598	1	-3	359	100	100	0	404	10	11031	10	11249	21	11074	19	11170	18.054	0.228
742.1	NaN	511	NaN	596	1	-4	360	100	100	0	404	9	10980	8	11094	17	11051	16	11163	18.071	-0.347
742.2	NaN	506	NaN	620	1	-1	361	100	100	0	402	11	11002	10	11202	22	11091	20	11191	18.051	1.572
742.3	NaN	513	NaN	584	1	-2	358	100	100	0	406	7	11052	7	11132	14	11075	13	11109	18.052	-0.649
742.4	NaN	523	NaN	572	1	-3	357	100	100	0	402	10	10968	9	11140	20	11002	19	11148	18.052	-0.392
742.5	NaN	518	NaN	597	1	-4	361	100	100	0	404	10	11041	9	11119	20	11089	18	11119	18.053	1.545
742.6	NaN	514	NaN	567	1	-2	361	100	100	0	404	8	10996	7	11115	15	11001	14	11119	18.005	-0.819
742.7	NaN	517	NaN	588	1	-4	357	100	100	0	405	10	11029	9	11166	21	11083	19	11136	18.035	0.037
742.8	NaN	517	NaN	582	1	-4	362	100	100	0	404	7	11015	7	11066	14	11061	13	11114	18.03	-0.911
742.9	NaN	511	NaN	572	1	-2	362	100	100	0	404	11	10948	10	11201	23	11063	22	11197	18.011	0.65
743	NaN	517	NaN	646	1	-3	362	100	100	0	404	8	11064	7	11082	15	11072	13	11092	18.035	-0.845
743.1	NaN	513	NaN	575	1	-2	361	100	100	0	404	9	10951	9	11139	18	10993	17	11133	18.037	0.666
743.2	NaN	511	NaN	594	1	-4	361	100	100	0	403	10	11047	9	11106	20	11090	18	11097	18.023	0.487
743.3	NaN	513	NaN	576	1	-5	362	100	100	0	404	8	11019	7	11064	15	11050	14	11087	18.017	-0.017
743.4	NaN	508	NaN	595	1	-5	361	100	100	0	404	11	11008	9	11123	21	11079	19	11117	18.037	0.284
743.5	NaN	512	NaN	581	1	-7	364	100	100	0	401	8	11053	7	10995	15	11163	13	11065	18.009	-0.519
743.6	NaN	508	NaN	596	0	-9	363	100	100	0	403	10	11061	8	11077	19	11126	15	11041	17.996	-0.159
743.7	NaN	506	NaN	562	0	-10	362	100	100	0	402	11	11213	8	10987	19	11191	16	10958	18.016	-1.33
743.8	NaN	522	NaN	586	0	-13	359	100	100	0	402	14	11068	11	10985	28	11134	22	11006	18.051	0.533
743.9	NaN	511	NaN	589	0	-11	362	100	100	0	401	10	11227	8	10982	18	11266	15	10982	18.053	0.923
744	NaN	502	NaN	571	0	-10	363	100	100	0	404	12	11174	10	10948	25	11157	20	11030	18.058	0.004
744.1	NaN	506	NaN	585	0	-12	364	100	100	0	402	9	11099	7	11068	19	11218	14	11031	18.063	-0.679
744.2	NaN	510	NaN	560	0	-8	361	100	100	0	401	10	11153	9	10964	20	11189	17	11028	18.048	-1.941
744.3	NaN	502	NaN	588	0	-10	362	100	100	0	404	11	11082	9	11048	22	11176	18	11036	18.03	-0.675
744.4	NaN	507	NaN	593	0	-8	363	100	100	0	401	8	11077	7	11013	16	11150	13	10993	18.032	-0.109
744.5	NaN	517	NaN	587	0	-8	359	100	100	0	402	11	11010	9	10998	21	11064	18	11036	17.988	-0.075
744.6	NaN	504	NaN	595	0	-7	363	100	100	0	402	10	11032	8	11039	19	11090	16	11039	17.975	0.218
744.7	NaN	509	NaN	584	0	-4	364	100	100	0	403	9	10979	9	10967	18	10985	17	11051	17.95	-0.194
744.8	NaN	522	NaN	579	0	-4	359	100	96	0	404	12	10961	11	11082	24	11062	22	11066	17.943	0.336
744.9	NaN	554	NaN	532	0	-3	361	0	0	0	405	-6	10915	-6	10952	-7	10916	-7	10930	17.918	-4.157
745	NaN	531	NaN	600	0	-4	363	0	0	0	402	-25	10596	-25	10730	-17	10674	-19	10745	17.633	-2.136
745.1	NaN	515	NaN	649	0	-4	362	0	0	0	403	-44	10385	-47	10516	-33	10265	-35	10401	17.187	-5.96
745.2	NaN	532	NaN	631	0	-3	358	0	0	0	402	-47	9970	-48	10110	-37	9975	-38	10065	16.625	-6.258
745.3	NaN	518	NaN	626	0	-0	357	0	0	0	402	-50	9615	-50	9790	-39	9555	-39	9730	16.005	-7.336
745.4	NaN	515	NaN	630	0	-0	358	0	0	0	403	-51	9247	-51	9510	-41	9193	-41	9283	15.418	-5.993
745.5	NaN	511	NaN	619	0	-0	359	0	0	0	401	-53	8823	-54	9022	-43	8807	-44	8993	14.822	-5.559
745.6	NaN	528	NaN	634	0	-3	356	0	0	0	403	-55	8489	-56	8580	-45	8400	-46	8540	14.175	-6.914
745.7	NaN	524	NaN	627	0	-2	356	0	0	0	403	-54	8122	-54	8270	-46	7892	-47	8117	13.561	-6.687
745.8	NaN	522	NaN	643	0	-2	357	0	0	0	403	-53	7588	-55	7852	-46	7658	-46	7828	12.874	-5.506
745.9	NaN	562	NaN	657	0	1	357	16	12	0	402	-16	7518	-15	7660	-14	7467	-13	7569	12.411	-3.195
746	NaN	588	NaN	646	0	5	360	16	12	0	404	-16	7145	-16	7497	-15	7239	-14	7512	12.127	-2.285
746.1	NaN	539	NaN	529	0	21	362	32	23	0	404	2	7277	3	7693	5	7095	7	7398	11.982	-2.193
746.2	NaN	535	NaN	576	0	21	360	30	19	0	404	2	6887	4	7557	3	6914	8	7568	11.744	-0.623
746.3	NaN	572	NaN	576	0	25	360	18	12	0	402	-17	6477	-13	7356	-15	6581	-11	7356	11.594	-3.191
746.4	NaN	609	NaN	641	0	34	359	5	0	0	403	-24	6188	-17	7346	-22	6257	-15	7278	11.279	-4.307
746.5	NaN	545	NaN	536	0	43	360	28	21	0	404	-3	6060	-2	7252	-2	4847	-3	7161	10.848	-3.282
746.6	NaN	591	NaN	564	0	40	361	40	34	0	405	9	6124	25	7246	21	6195	57	7284	10.78	1.928
746.7	NaN	523	NaN	618	0	42	363	32	23	0	406	2	6035	6	7161	5	6108	15	7121	10.747	-1.161
746.8	NaN	546	NaN	518	0	46	363	31	22	0	403	1	5918	2	7007	2	5942	5	6957	10.565	-2.218
746.9	NaN	540	NaN	516	0	52	362	31	23	0	404	1	5800	3	6891	1	5813	7	6905	10.386	-1.472
747	NaN	536	NaN	617	0	61	362	43	37	0	402	1	5631	8	6742	4	5584	20	6842	10.16	-2.281
747.1	NaN	535.6428571	NaN	580	0	62	358	43	36	0	405	3	5482	19	6772	8	5590	46	6865	10.016	-0.405
747.2	NaN	535.7857143	NaN	568	0	67	363	40	31	0	404	3	5464	26	6729	8	5587	62	6848	9.96	-0.856
747.3	NaN	535.9285714	NaN	557	0	68	363	40	34	0	403	4	5392	29	6802	8	5556	67	6898	9.968	0.481
747.4	NaN	536.0714286	NaN	567	0	68	364	40	34	0	403	3	5355	29	6793	8	5595	70	6922	9.876	-0.134
747.5	NaN	536.2142857	NaN	602	0	71	359	33	28	0	406	1	5191	12	6459	3	5399	29	6603	9.896	-0.779
747.6	NaN	536.3571429	NaN	571	0	70	359	52	47	0	405	2	5262	24	6503	6	5349	57	6649	9.644	-1.523
747.7	NaN	519	NaN	527	0	69	362	52	47	0	405	7	5290	62	6997	16	5468	145	7287	9.777	3.778
747.8	NaN	491	NaN	535	0	67	363	59	55	0	404	9	5483	78	6930	24	5996	189	7198	9.946	2.211
747.9	NaN	534	NaN	502	0	67	360	52	44	0	403	8	5641	56	6983	18	5760	132	7275	10.245	1.535
748	NaN	502	NaN	512	0	58	358	61	57	0	405	15	5838	77	7687	36	6000	185	8275	10.463	5.721
748.1	NaN	500	NaN	507	0	43	358	82	77	0	403	24	6997	68	7318	56	8435	158	7867	10.639	3.347
748.2	NaN	539	NaN	503	0	38	359	71	64	0	406	27	6820	68	7442	62	7528	156	7778	10.991	1.435
748.3	NaN	532	NaN	508	0	31	361	100	100	0	404	26	9076	55	7515	59	9999	126	7954	11.256	7.405
748.4	NaN	558	NaN	508	0	10	364	100	100	0	404	35	8564	46	7508	82	10684	101	7777	11.505	3.698
748.5	NaN	572	NaN	523	0	-1	360	100	100	0	402	42	8975	40	7554	94	8989	92	7677	12.036	4.658
748.6	NaN	540	NaN	524	0	0	363	100	100	0	403	44	7853	43	7724	98	7926	99	7831	12.626	5.497
748.7	NaN	565	NaN	514	0	0	359	100	100	0	404	42	8079	44	8159	93	8144	96	8253	13.12	5.223
748.8	NaN	552	NaN	528	0	2	360	100	100	0	403	41	8313	42	8516	89	8411	92	8608	13.651	4.484
748.9	NaN	527	NaN	518	1	1	359	100	91	0	404	40	8635	42	8787	86	8730	89	8918	14.095	4.368
749	NaN	545	NaN	529	0	1	358	49	41	0	403	37	8862	36	8985	71	8960	68	9103	14.595	4.254
749.1	NaN	557	NaN	526.7	0	-8	358	4	0	0	404	-12	8708	-13	8758	-10	8722	-11	8696	14.404	-2.185
749.2	NaN	527	NaN	527.9	0	-16	362	0	0	0	402	-30	8615	-34	8342	-25	8579	-29	8338	14.044	-3.236
749.3	NaN	506	NaN	529.1	0	-18	359	4	3	0	400	-43	8342	-52	7886	-36	8328	-43	7713	13.499	-5.308
749.4	NaN	543	NaN	530.3	0	-27	357	11	10	0	403	-24	8111	-30	7438	-20	8146	-25	7587	13.029	-3.08
749.5	NaN	553	NaN	535	0	-35	361	24	25	0	403	1	8095	0	7372	0	8066	0	7241	12.639	-1.826
749.6	NaN	534	NaN	509	0	-35	359	29	27	0	402	6	7980	2	7209	13	8050	6	7263	12.529	-0.824
749.7	NaN	529	NaN	519	0	-42	362	28	27	0	404	5	7992	2	7062	12	7990	4	7047	12.316	0.009
749.8	NaN	545	NaN	530	0	-44	361	28	26	0	402	4	7901	1	6880	8	7913	3	6910	12.141	-1.395
749.9	NaN	548	NaN	534	0	-55	359	26	25	0	404	1	7760	0	6680	1	7800	0	6687	11.909	-0.919
750	NaN	555	NaN	534	0	-55	361	26	25	0	402	1	7646	0	6552	3	7631	1	6515	11.614	-1.918
750.1	NaN	535	NaN	526	0	-56	361	27	27	0	402	4	7458	1	6443	11	7451	2	6425	11.417	-2.773
750.2	NaN	529	NaN	509	0	-57	359	29	29	0	402	9	7394	2	6265	20	7417	4	6264	11.182	-2.902
750.3	NaN	540	NaN	528	0	-61	360	28	26	0	402	4	7176	1	6039	9	7179	2	5971	10.961	-2.432
750.4	NaN	533	NaN	528	0	-62	361	28	26	0	403	4	7017	1	5856	10	7028	2	5912	10.72	-0.715
750.5	NaN	519	NaN	509	0	-60	357	31	32	0	402	15	7064	2	5812	34	7038	6	5728	10.403	-2.297
750.6	NaN	520	NaN	506	0	-60	358	31	31	0	400	9	7068	2	5798	20	6992	4	5730	10.308	-2.129
750.7	NaN	542	NaN	526	0	-39	358	53	49	0	403	81	7275	30	6029	185	7516	71	6499	10.348	8.554
750.8	NaN	577	NaN	540	0	-16	362	21	15	0	403	-8	6480	-10	6071	-8	6506	-9	5883	10.407	-3.2
750.9	NaN	554	NaN	535	0	8	360	21	15	0	403	-5	6161	-4	6287	-4	6255	-4	6293	10.173	-1.472
751	NaN	552	NaN	533	0	37	363	31	23	0	403	0	5741	0	6445	0	5749	0	6414	9.996	-2.237
751.1	NaN	597	NaN	564	0	40	360	41	33	0	405	9	5700	24	6695	21	5707	55	6658	9.968	0.905
751.2	NaN	556	NaN	547	0	48	362	41	34	0	404	8	5727	26	6701	18	5756	61	6695	10.089	0.279
751.3	NaN	584	NaN	550	0	52	361	41	34	0	404	6	5698	27	6888	16	5692	62	6873	10.08	-0.225
751.4	NaN	589	NaN	566	0	52	359	41	34	0	404	6	5677	27	6867	16	5797	63	6942	10.165	0.775
751.5	NaN	498	NaN	512	0	51	365	58	51	0	404	14	5788	56	6987	32	5874	130	7070	10.244	2.596
751.6	NaN	485	NaN	515	0	49	365	60	50	0	406	19	6102	67	7303	45	6150	155	7388	10.65	3.637
751.7	NaN	505	NaN	502	0	47	359	61	53	0	405	20	6732	69	7632	47	6703	166	7849	11.061	6.261
751.8	NaN	492	NaN	564	0	32	358	60	53	0	404	27	7705	62	7658	63	7844	141	7899	11.409	4.613
751.9	NaN	574	NaN	536	0	31	358	48	42	0	404	15	6774	30	7599	33	7696	70	7721	11.751	-0.483
752	NaN	556	NaN	501	0	43	363	52	43	0	404	18	7152	49	7937	43	11955	111	8082	11.958	2.992
752.1	NaN	527	NaN	520	0	42	362	56	50	0	404	19	7487	54	8055	42	7695	123	8200	12.3	0.225
752.2	NaN	520	NaN	513	0	39	359	56	47	0	403	21	7552	53	8322	46	7426	120	8478	12.677	2.468
752.3	NaN	496	NaN	498	0	37	360	57	48	0	405	24	7834	58	8548	53	7663	129	8704	13.032	4.609
752.4	NaN	495	NaN	509	0	36	358	57	49	0	404	23	8414	58	8777	51	7906	127	8859	13.363	4.555
752.5	NaN	512	NaN	518	0	37	363	57	49	0	405	25	8415	57	9008	53	8099	124	9023	13.718	4.047
752.6	NaN	498	NaN	517	0	35	360	59	49	0	405	26	8639	55	9224	55	8272	118	9269	14.06	3.673
752.7	NaN	522	NaN	502	0	26	363	57	49	0	405	28	8886	52	9309	61	8612	109	9408	14.403	3.822
752.8	NaN	545	NaN	536	0	-0	361	47	39	0	404	31	8953	33	9261	69	9041	69	9408	14.818	3.784
752.9	NaN	535	NaN	599	0	-9	362	38	29	0	404	16	9123	13	9099	35	9215	27	9210	14.966	0.102
753	NaN	499	NaN	586	0	-24	359	38	29	0	404	15	9273	9	9025	32	9426	19	9070	14.947	-0.885
753.1	NaN	516	NaN	558	0	-46	357	34	29	0	403	14	9412	5	8666	30	9431	10	8826	14.888	-1.329
753.2	NaN	499	NaN	583	0	-47	359	37	33	0	402	20	9457	7	8542	45	9515	14	8710	14.786	0.741
753.3	NaN	539	NaN	562	0	-45	361	55	51	0	402	58	9669	20	8658	126	9856	42	8878	14.718	3.613
753.4	NaN	532	NaN	557	0	-46	359	60	56	0	401	57	9689	19	8994	120	9915	39	9114	14.946	2.778
753.5	NaN	535	NaN	548	0	-34	356	63	61	0	404	52	9828	23	9102	108	9948	49	9269	15.126	3.851
753.6	NaN	536	NaN	529	0	-21	359	60	55	0	404	47	9834	28	9786	97	9991	58	9414	15.431	5.092
753.7	NaN	528	NaN	520	0	0	357	56	45	0	403	37	9755	38	9865	77	9884	77	9839	15.787	3.838
753.8	NaN	529	NaN	549	0	12	359	50	39	0	406	26	9632	33	10101	54	9800	69	10122	16.059	1.257
753.9	NaN	522	NaN	537	0	13	356	50	42	0	404	27	9815	37	10302	56	9800	76	10422	16.305	3.981
754	NaN	501	NaN	527	0	15	357	50	42	0	406	28	9990	38	10509	56	10030	75	10602	16.539	2.072
754.1	NaN	510	NaN	548	0	19	359	50	42	0	405	26	10103	39	10674	53	10147	79	10732	16.759	2.155
754.2	NaN	506	NaN	536	0	19	360	50	43	0	404	27	10169	40	10806	53	10212	80	10935	16.959	3.021
754.3	NaN	513	NaN	533	0	21	363	56	49	0	406	27	10503	41	11007	54	10378	81	11044	17.169	2.11
754.4	NaN	559	NaN	553	0	17	359	94	86	0	404	21	10422	31	11004	42	10449	62	11135	17.332	1.612
754.5	NaN	530	NaN	552	0	16	361	100	100	0	405	24	10427	33	11126	47	10524	65	11224	17.46	-0.564
754.6	NaN	558	NaN	568	0	6	363	100	100	0	405	22	10633	25	11029	42	10705	49	11111	17.616	1.853
754.7	NaN	547	NaN	555.3333333	0	-9	359	100	100	0	405	17	10829	13	10813	33	10938	26	10906	17.702	-0.545
754.8	NaN	535	NaN	562.1666667	0	-19	358	100	100	0	404	20	11032	14	10770	38	11059	28	10774	17.715	1.129
754.9	NaN	530	NaN	548	0	-19	357	100	100	0	404	22	11083	14	10691	42	11161	29	10812	17.743	-0.665
755	NaN	545	NaN	587	0	-19	361	100	100	0	404	23	11084	16	10740	46	11148	32	10848	17.79	0.291
755.1	NaN	522	NaN	559	0	-20	360	100	100	0	404	19	11168	13	10785	36	11247	24	10795	17.833	-0.503
755.2	NaN	520	NaN	558	0	-20	358	100	100	0	403	22	11120	15	10741	42	11230	29	10833	17.854	0.902
755.3	NaN	530	NaN	560	0	-16	360	100	100	0	401	19	11206	14	10843	38	11261	28	10863	17.898	1.829
755.4	NaN	522	NaN	587	0	-15	359	100	100	0	403	16	11145	11	10825	31	11223	22	10887	17.907	-0.359
755.5	NaN	524	NaN	563	0	-11	365	100	100	0	401	18	11160	14	10816	36	11198	28	10957	17.897	0.772
755.6	NaN	513	NaN	571	0	-10	361	100	100	0	402	13	11092	11	10912	26	11138	22	10909	17.909	0.172
755.7	NaN	515	NaN	562	0	-9	361	100	100	0	403	14	11013	11	10868	27	11031	22	10931	17.885	0.26
755.8	NaN	520	NaN	582	0	-6	362	100	100	0	403	14	11021	12	10931	27	11076	23	10956	17.893	1.407
755.9	NaN	530	NaN	561	0	-1	362	100	100	0	404	13	10873	12	11015	26	10963	26	11034	17.873	-1.426
756	NaN	533	NaN	564	0	1	362	100	100	0	404	15	10887	15	11060	29	10944	28	11130	17.9	0.308
756.1	NaN	531	NaN	567	0	-2	359	100	100	0	403	13	10867	13	11133	26	10969	26	11175	17.921	-0.366
756.2	NaN	534	NaN	576	1	-2	358	100	100	0	403	14	10874	14	11057	28	10913	28	11174	17.91	0.215
756.3	NaN	539	NaN	567	1	-1	359	100	100	0	406	12	10886	12	11147	24	10953	24	11114	17.922	1.005
756.4	NaN	541	NaN	580	1	1	364	100	100	0	404	14	10862	13	11089	27	10932	27	11102	17.92	-0.276
756.5	NaN	533	NaN	577	1	-1	362	100	100	0	404	14	10911	13	11144	27	10985	25	11115	17.934	1.405
756.6	NaN	515	NaN	588	1	-0	361	100	100	0	404	12	10913	12	11117	23	10999	23	11132	17.956	-0.32
756.7	NaN	529	NaN	575	1	-3	359	100	100	0	403	13	10920	12	11083	25	10962	24	11175	17.967	1.106
756.8	NaN	505	NaN	585	1	-2	359	100	100	0	404	11	11011	10	11156	20	11011	18	11154	17.986	-0.806
756.9	NaN	504	NaN	584	1	-3	359	100	100	0	403	10	10941	10	11079	21	10965	20	11178	17.997	-0.406
757	NaN	513	NaN	608	1	-3	359	100	100	0	405	12	10985	11	11179	23	11060	21	11144	18.009	1.116
757.1	NaN	497	NaN	585	1	-4	358	100	100	0	402	9	10977	8	11108	17	11034	16	11131	18.012	-0.613
757.2	NaN	501	NaN	579	1	-4	359	100	100	0	406	11	10980	10	11165	22	11034	20	11130	18	1.528
757.3	NaN	506	NaN	600	1	-3	361	100	100	0	405	11	11019	10	11067	19	11039	18	11087	18.033	0.678
757.4	NaN	506	NaN	576	1	-5	359	100	100	0	404	10	10964	9	11078	21	10965	19	11143	18.013	-0.542
757.5	NaN	503	NaN	583	1	-4	360	100	100	0	404	11	11039	10	11109	21	11073	17	11097	18.004	0.68
757.6	NaN	497	NaN	574	1	-4	363	100	100	0	404	8	10999	8	11041	17	11030	16	11083	17.988	-1.189
757.7	NaN	510	NaN	579	1	-3	363	100	99	0	404	12	10983	11	11141	24	11060	21	11089	17.987	0.228
757.8	NaN	503	NaN	571	1	-4	360	100	98	0	403	8	11035	8	11052	15	11064	14	11050	17.968	-0.508
757.9	NaN	502	NaN	569	1	-3	362	91	82	0	403	11	10970	10	11147	24	10988	23	11104	17.962	-0.295
758	NaN	540	NaN	527	0	-4	361	0	0	0	403	-7	10935	-8	10966	-8	10923	-8	10947	17.941	-2.832
758.1	NaN	529	NaN	613	0	-1	358	0	0	0	402	-27	10621	-25	10814	-20	10606	-21	10724	17.654	-3.215
758.2	NaN	515	NaN	622	0	1	363	0	0	0	404	-45	10221	-46	10594	-35	9995	-36	10527	17.186	-3.782
758.3	NaN	521	NaN	596	0	2	362	0	0	0	405	-48	9954	-48	10267	-38	9603	-36	10000	16.675	-5.958
758.4	NaN	502	NaN	594	0	2	366	0	0	0	402	-50	9560	-48	9944	-39	9561	-38	9884	16.038	-6.783
758.5	NaN	506	NaN	614	0	1	363	0	0	0	402	-51	9093	-51	9524	-42	9180	-41	9405	15.502	-5.208
758.6	NaN	507	NaN	609	0	-1	357	0	0	0	399	-54	8789	-53	9191	-44	8731	-43	8928	14.872	-7.107
758.7	NaN	506	NaN	601	0	6	362	0	0	0	402	-56	8439	-53	8822	-47	8325	-44	8639	14.265	-7.654
758.8	NaN	505	NaN	593	0	3	363	0	0	0	401	-56	7883	-53	8371	-46	7850	-45	8391	13.588	-5.904
758.9	NaN	511	NaN	607	0	6	358	2	0	0	402	-54	7624	-50	7945	-46	6858	-43	7897	12.988	-5.671
759	NaN	542	NaN	541	0	15	362	28	21	0	403	-2	7366	-1	7916	-1	7329	0	7859	12.282	-0.605
759.1	NaN	526	NaN	538	0	35	361	31	24	0	403	2	7067	4	7555	4	7115	10	7742	12.246	0.359
759.2	NaN	535	NaN	619	0	36	362	34	25	0	405	4	6866	10	7889	9	7305	22	7862	12.015	-2.781
759.3	NaN	549	NaN	579	0	44	363	39	32	0	405	5	6766	16	7749	13	6871	41	7838	11.931	-1.714
759.4	NaN	535	NaN	515	0	42	361	47	38	0	404	12	6887	36	8024	28	6958	80	8060	11.994	0.75
759.5	NaN	545	NaN	513	0	43	360	50	42	0	404	16	7336	43	8124	36	7136	97	8241	12.182	4.059
759.6	NaN	546	NaN	511	0	36	358	53	44	0	404	20	7164	46	8204	44	7981	105	8409	12.393	1.099
759.7	NaN	523	NaN	514	0	20	359	53	46	0	406	28	8512	43	8279	61	7660	95	8475	12.734	3.927
759.8	NaN	545	NaN	538	0	16	363	54	47	0	404	31	7954	44	8488	69	8126	97	8666	13.096	4.786
759.9	NaN	552	NaN	539	0	21	362	43	36	0	405	15	8034	25	8522	34	8140	57	8561	13.601	2.168
760	NaN	533	NaN	599	0	11	360	28	17	0	405	9	8231	22	8920	26	8031	30	8851	13.87	8.798
760.1	NaN	522	NaN	518	0	19	357	54	47	0	404	30	8144	48	8863	65	8391	101	8947	13.773	3.689
760.2	NaN	542	NaN	540	0	22	360	32	25	0	406	3	8058	5	8834	5	8090	9	8835	13.868	-2.458
760.3	NaN	594	NaN	562	0	21	359	39	32	0	404	12	8064	19	8871	26	8108	41	8892	13.8	0.225
760.4	NaN	525	NaN	632	0	21	358	34	24	0	404	6	8065	9	8756	13	8096	20	8805	13.85	-0.987
760.5	NaN	541	NaN	526	0	21	364	31	21	0	405	1	7847	2	8656	3	7964	4	8743	13.694	-0.16
760.6	NaN	540	NaN	540	0	15	361	47	40	0	405	3	7907	4	8674	6	7877	9	8647	13.522	-1.223
760.7	NaN	552	NaN	531	0	12	363	52	46	0	405	18	8013	27	8610	30	8080	49	8598	13.522	0.309
760.8	NaN	556	NaN	518	0	-6	362	53	45	0	405	37	8537	33	8708	80	8611	72	8777	13.923	4.927
760.9	NaN	545	NaN	537	0	-24	361	50	50	0	404	46	8997	27	8683	98	9082	57	8763	14.28	3.055
761	NaN	549	NaN	535	0	-26	361	54	52	0	404	49	9425	28	8858	105	9481	58	8913	14.671	5.469
761.1	NaN	556	NaN	600	0	-26	361	40	34	0	404	22	9403	12	8811	47	9462	26	8893	14.87	0.408
761.2	NaN	557	NaN	582	0	-24	357	39	36	0	402	23	9430	14	8900	49	9465	29	8993	14.967	0.387
761.3	NaN	540	NaN	539	0	-21	359	47	44	0	406	36	9562	23	9110	75	9702	49	9239	15.151	2.862
761.4	NaN	540	NaN	531	0	-14	360	48	43	0	405	36	9694	26	9394	74	9801	54	9469	15.475	3.075
761.5	NaN	536	NaN	531	0	-2	363	48	42	0	404	32	9706	29	9723	67	9807	60	9762	15.808	3.818
761.6	NaN	547	NaN	512	0	12	362	57	48	0	405	34	9716	43	10115	71	9766	85	10181	16.074	3.332
761.7	NaN	521	NaN	521	0	12	356	68	59	0	405	32	9954	41	10363	64	9993	83	10485	16.421	3.536
761.8	NaN	520	NaN	521	0	12	361	81	72	0	405	31	10210	41	10671	62	10230	83	10722	16.792	2.225
761.9	NaN	544	NaN	530	0	10	358	100	100	0	405	29	10285	34	10755	59	10330	68	10858	17.104	2.969
762	NaN	521	NaN	534	0	1	361	100	100	0	403	27	10491	28	10832	54	10625	55	10879	17.383	2.521
762.1	NaN	515	NaN	578	0	-3	362	100	100	0	402	21	10697	19	10846	42	10794	38	10889	17.531	1.842
762.2	NaN	527	NaN	578	0	-6	358	100	100	0	404	18	10751	16	10806	34	10750	32	10899	17.652	0.128
762.3	NaN	542	NaN	592	0	-5	359	100	100	0	405	18	10810	16	10909	35	10941	32	10932	17.714	1.566
762.4	NaN	543	NaN	590	0	-10	360	100	100	0	404	16	10969	13	10821	30	10994	24	10869	17.734	-0.442
762.5	NaN	536	NaN	577	0	-9	363	100	100	0	404	17	11019	14	10944	36	11094	27	10863	17.715	-0.48
762.6	NaN	532	NaN	535.5238095	0	-12	362	100	100	0	403	16	10914	12	10830	31	11036	24	10899	17.845	2.058
762.7	NaN	527	NaN	535.047619	0	-8	358	100	100	0	404	15	11021	13	10858	31	11056	26	10913	17.79	-1.314
762.8	NaN	532	NaN	534.5714286	0	-2	359	100	100	0	404	14	10879	13	10984	27	11004	26	10987	17.819	1.065
762.9	NaN	537	NaN	534.0952381	0	-4	356	100	100	0	403	12	10892	11	10933	22	10907	22	10994	17.806	0.766
763	NaN	531	NaN	533.6190476	0	-4	356	99	90	0	404	15	10870	13	10936	29	10974	27	10959	17.854	-0.316
763.1	NaN	547	NaN	533.1428571	0	-6	363	99	91	0	405	14	10866	13	10955	29	10998	26	10997	17.871	1.806
763.2	NaN	584	NaN	532.6666667	1	-2	363	80	74	0	404	13	10893	12	10927	25	10942	23	11014	17.82	-0.927
763.3	NaN	547	NaN	532.1904762	0	0	361	64	55	0	404	15	10873	15	11078	29	10952	29	11057	17.868	0.582
763.4	NaN	535	NaN	531.7142857	0	4	361	0	0	0	404	-9	10696	-9	10926	-6	10688	-6	10974	17.776	-2.522
763.5	NaN	546	NaN	531.2380952	0	6	359	0	0	0	404	-31	10312	-29	10771	-22	10278	-21	10779	17.411	-3.546
763.6	NaN	512	NaN	530.7619048	0	5	358	0	0	0	402	-49	9882	-48	10444	-37	9790	-36	10402	16.897	-5.526
763.7	NaN	518	NaN	530.2857143	0	6	360	0	0	0	403	-51	9536	-47	10070	-40	9453	-37	9982	16.274	-6.755
763.8	NaN	512	NaN	529.8095238	0	1	361	0	0	0	402	-52	9163	-51	9643	-42	9243	-41	9563	15.653	-6.442
763.9	NaN	500	NaN	529.3333333	0	-5	356	0	0	0	400	-51	8969	-54	9174	-42	8910	-43	9022	15.036	-6.208
764	NaN	508	NaN	528.8571429	0	-21	362	0	0	0	398	-49	8817	-60	8506	-41	8823	-50	8245	14.385	-6.573
764.1	NaN	502	NaN	528.3809524	0	-26	359	0	0	0	400	-48	8565	-60	7939	-41	8498	-50	6207	13.729	-6.419
764.2	NaN	500	NaN	527.9047619	0	-34	362	0	0	0	400	-45	8206	-62	7244	-39	8227	-53	4466	13.082	-6.377
764.3	NaN	538	NaN	527.4285714	0	-40	362	10	11	0	401	-21	7997	-32	6680	-19	8007	-29	361	12.465	-5.372
764.4	NaN	540	NaN	526.952381	0	-44	361	15	14	0	399	-14	7746	-21	6380	-13	7795	-20	584	11.994	-3.931
764.5	NaN	532	NaN	526.4761905	0	-28	362	27	26	0	401	1	7669	0	6602	2	7704	1	1117	11.655	-1.254
764.6	NaN	519	NaN	571	0	3	362	31	24	0	401	4	7168	4	6814	9	7230	9	6796	11.432	-0.52
764.7	NaN	520	NaN	635	0	25	360	32	24	0	405	3	6602	5	7270	7	6682	12	7253	11.376	-2.003
764.8	NaN	542	NaN	543	0	51	359	42	34	0	403	8	6546	29	7395	18	6625	66	7483	11.359	0.563
764.9	NaN	587	NaN	616	0	62	362	37	25	0	404	3	6324	14	7469	7	6402	32	7488	11.337	-2.944
765	NaN	603	NaN	614	0	63	363	36	26	0	404	2	6177	15	7393	6	6221	34	7496	11.178	-1.127
765.1	NaN	573	NaN	614	0	63	363	38	31	0	405	3	6040	19	7315	7	6197	43	7429	11.004	-2.313
765.2	NaN	565	NaN	557	0	61	362	38	31	0	404	4	5970	22	7251	8	6182	50	7387	10.922	-1.657
765.3	NaN	553	NaN	534	0	60	358	47	40	0	404	8	6141	42	7435	19	6490	97	7552	10.915	1.132
765.4	NaN	542	NaN	517	0	57	360	49	41	0	406	10	6187	46	7494	23	6582	107	7635	11.038	1.097
765.5	NaN	556	NaN	514	0	55	358	48	39	0	406	10	6254	43	7606	22	6435	100	7823	11.189	4.388
765.6	NaN	501	NaN	542	0	53	360	59	52	0	404	18	7092	70	7871	41	6719	160	8099	11.325	3.515
765.7	NaN	499	NaN	511	0	45	363	76	68	0	404	23	7701	68	7962	51	7700	150	8144	11.66	4.021
765.8	NaN	512	NaN	507	0	34	360	88	80	0	406	28	7698	62	8114	62	7460	144	8231	12.041	5.014
765.9	NaN	510	NaN	507	0	34	362	99	92	0	404	26	9999	55	8506	57	8593	124	8356	12.428	7.266
766	NaN	525	NaN	512	0	14	359	100	100	0	403	33	7654	46	8310	73	11199	103	8424	12.755	1.463
766.1	NaN	534	NaN	533	0	8	359	100	100	0	403	39	9128	45	8456	83	8270	98	8572	13.284	6.172
766.2	NaN	509	NaN	512	0	12	359	100	100	0	407	37	8424	46	8732	79	8741	100	8869	13.777	-0.253
766.3	NaN	515	NaN	519	0	10	364	100	100	0	403	36	8824	44	9062	77	8781	95	9196	14.236	6.04
766.4	NaN	521	NaN	506	0	10	362	100	100	0	404	35	8895	42	9371	74	9225	92	9495	14.671	3.81
766.5	NaN	521	NaN	509	0	10	361	100	100	0	403	35	9285	42	9623	73	9272	88	9675	15.131	2.919
766.6	NaN	502	NaN	507	0	8	361	100	100	0	405	34	9670	40	9820	71	9620	84	9867	15.545	4.596
766.7	NaN	508	NaN	516	0	4	363	100	100	0	402	35	9765	38	10029	73	9979	79	10164	15.948	2.874
766.8	NaN	504	NaN	513	0	3	359	100	100	0	404	35	9988	37	10267	71	10116	75	10342	16.326	4.263
766.9	NaN	503	NaN	515	0	-2	361	100	100	0	404	35	10291	33	10416	70	10358	66	10453	16.712	3.26
767	NaN	533	NaN	532	1	-4	362	100	100	0	403	27	10498	25	10440	54	10571	50	10595	16.99	2.049
767.1	NaN	570	NaN	548	1	-4	359	100	100	0	405	26	10670	23	10603	49	10666	46	10681	17.251	2.666
767.2	NaN	531	NaN	602	1	-3	358	100	100	0	404	20	10725	19	10732	39	10805	38	10724	17.352	3.413
767.3	NaN	508	NaN	568	1	-4	360	100	99	0	404	19	10724	18	10753	37	10822	35	10832	17.546	1.829
767.4	NaN	557	NaN	573	1	-2	364	84	75	0	403	18	10772	17	10946	36	10803	34	10938	17.608	1.923
767.5	NaN	540	NaN	532	0	-1	359	0	0	0	403	-8	10645	-8	10723	-6	10678	-6	10713	17.618	-1.775
767.6	NaN	526	NaN	517.5714286	0	1	360	0	0	0	402	-29	10447	-29	10600	-23	10438	-22	10526	17.308	-6.437
767.7	NaN	507	NaN	519.6428571	0	1	359	0	0	0	402	-49	9901	-49	10295	-37	10033	-37	10286	16.814	-5.051
767.8	NaN	507	NaN	521.7142857	0	1	362	0	0	0	402	-50	9781	-50	9939	-39	9471	-39	9678	16.259	-6.495
767.9	NaN	507	NaN	523.7857143	0	0	363	0	0	0	400	-51	9221	-51	9505	-41	9209	-40	9497	15.673	-4.51
768	NaN	501	NaN	525.8571429	0	4	364	0	0	0	402	-54	8978	-52	9316	-43	8759	-42	9195	15.051	-6.412
768.1	NaN	507	NaN	527.9285714	0	4	365	0	0	0	401	-56	8495	-54	8864	-46	8559	-44	8743	14.43	-6.043
768.2	NaN	515	NaN	530	0	4	468	0	0	0	478	-55	8090	-53	8409	-47	7985	-45	8256	13.767	-8.063
768.3	NaN	494	NaN	532.0714286	0	8	517	0	0	0	520	-56	7650	-52	8010	-48	7436	-44	7785	12.97	-10.051
768.4	NaN	511	NaN	534.1428571	0	12	487	0	0	0	502	-57	6818	-50	7598	-50	6311	-44	7473	12.154	-8.145
768.5	NaN	513	NaN	536.2142857	0	20	422	0	0	0	450	-57	6349	-49	7168	-51	5911	-43	6977	11.381	-7.729
768.6	NaN	521	NaN	538.2857143	0	46	366	0	0	0	405	-65	5250	-41	6855	-59	4196	-36	6761	10.643	-6.806
768.7	NaN	516	NaN	540.3571429	0	60	360	0	0	0	399	-68	4964	-37	6597	0	269	-34	6690	9.852	-7.153
768.8	NaN	512	NaN	542.4285714	0	61	361	7	0	0	399	-58	3194	-31	6010	0	134	-27	6107	9.247	-6.811
768.9	NaN	536	NaN	531	0	66	364	50	42	0	402	6	4686	50	6124	16	1371	127	6358	8.807	0.747
769	NaN	566	NaN	518	0	62	357	48	37	0	404	7	4722	45	6277	16	4829	94	6354	8.915	2.652
769.1	NaN	557	NaN	531	0	46	364	45	37	0	403	10	4826	35	6224	25	5481	81	6571	8.938	2.608
769.2	NaN	557	NaN	569	0	37	363	46	38	0	404	9	5027	22	6030	22	5190	58	6147	8.985	1.839
769.3	NaN	586	NaN	508	0	12	360	57	49	0	404	33	5383	44	6124	79	5763	102	6401	9.35	5.896
769.4	NaN	588	NaN	578	0	-26	358	48	45	0	405	39	6203	22	5980	91	6192	48	6044	9.904	3.447
769.5	NaN	543	NaN	574	0	-52	364	67	69	0	403	91	6770	23	5925	198	6833	51	6145	10.198	3.176
769.6	NaN	499	NaN	613	0	-70	362	43	38	0	401	41	7294	6	6040	92	7253	12	5996	10.598	3.073
769.7	NaN	513	NaN	522	0	-76	362	39	34	0	400	23	6889	1	5758	54	7039	3	5831	10.504	-0.623
769.8	NaN	486	NaN	602	0	-74	364	59	61	0	401	76	7474	5	5727	189	7733	13	5863	10.445	2.458
769.9	NaN	496	NaN	608	0	-74	360	76	71	0	402	88	7650	7	5848	202	7787	19	6140	10.849	2.835
770	NaN	526	NaN	595	0	-70	359	100	100	0	401	75	8263	8	5832	171	9404	19	6243	10.974	5.291
770.1	NaN	556	NaN	553	0	-43	360	100	100	0	403	66	7734	20	6591	151	8438	49	8055	11.041	4.369
770.2	NaN	525	NaN	539	0	6	361	100	100	0	404	42	7757	40	6405	92	8241	96	8941	10.947	2.024
770.3	NaN	532	NaN	539	0	26	358	100	100	0	404	27	7389	47	6795	62	7937	106	11603	10.979	6.043
770.4	NaN	542	NaN	515	0	22	358	100	100	0	404	25	7310	41	8331	58	7751	96	14534	11.003	5.181
770.5	NaN	549	NaN	542	0	27	357	100	100	0	404	25	7284	44	9233	56	7465	100	13293	11.355	5.218
770.6	NaN	546	NaN	555	0	24	360	100	100	0	403	25	7322	47	9500	58	7454	106	10679	11.965	7.679
770.7	NaN	509	NaN	526	0	-9	359	100	100	0	404	47	7643	41	8725	107	7745	87	8272	12.713	7.979
770.8	NaN	524	NaN	547	0	-13	358	100	100	0	404	48	8262	36	8164	108	8396	79	8236	13.25	5.71
770.9	NaN	528	NaN	543	0	-9	359	100	100	0	404	46	8585	37	8444	99	8705	80	8555	13.777	5.328
771	NaN	540	NaN	538	0	-7	358	100	100	0	404	42	8808	38	8843	89	8892	82	8949	14.303	5.164
771.1	NaN	537	NaN	551	0	-5	359	100	100	0	404	41	9106	37	9186	87	9185	80	9285	14.772	3.994
771.2	NaN	535	NaN	548	0	-4	359	100	100	0	404	40	9444	36	9482	85	9518	75	9571	15.258	5.313
771.3	NaN	554	NaN	550	0	-3	358	100	100	0	403	39	9678	36	9781	80	9745	74	9816	15.696	4.433
771.4	NaN	523	NaN	547	1	-2	358	100	100	0	404	38	9822	37	10019	76	9963	75	10125	16.108	3.811
771.5	NaN	576	NaN	546	1	-1	361	100	100	0	404	37	10084	36	10261	75	10141	73	10395	16.515	3.812
771.6	NaN	513	NaN	533	1	-0	362	100	100	0	405	32	10359	31	10564	65	10466	62	10561	16.854	3.383
771.7	NaN	506	NaN	583	1	-1	363	100	100	0	405	27	10429	27	10637	54	10535	53	10696	17.176	1.441
771.8	NaN	539	NaN	583	1	-1	361	100	100	0	404	25	10589	24	10782	49	10663	47	10907	17.407	3.258
771.9	NaN	548	NaN	585	1	-3	359	100	94	0	404	20	10744	18	10908	40	10832	36	10936	17.601	1.424
772	NaN	534	NaN	571	1	-1	360	80	70	0	404	18	10759	16	10935	33	10827	32	11002	17.747	0.42
772.1	NaN	542	NaN	583	0	-3	363	41	32	0	404	15	10854	14	11114	31	10943	28	11071	17.844	1.694
772.2	NaN	546	NaN	531	0	-1	360	26	17	0	405	-0	10784	0	10920	0	10813	0	10923	17.778	-0.727
772.3	NaN	552	NaN	544	0	-1	359	0	0	0	404	-16	10502	-16	10899	-11	10513	-11	10789	17.612	-2.451
772.4	NaN	523	NaN	546	0	4	361	0	0	0	402	-37	10256	-36	10589	-27	9965	-27	10635	17.213	-4.265
772.5	NaN	514	NaN	545	0	4	360	0	0	0	402	-49	9830	-47	10329	-38	9674	-36	10191	16.696	-4.133
772.6	NaN	508	NaN	544	0	18	364	0	0	0	401	-55	8832	-47	10027	-43	9132	-37	10007	16.13	-5.433
772.7	NaN	503	NaN	543	0	23	362	0	0	0	402	-61	7993	-49	9842	-51	6381	-39	9754	15.447	-6.899
772.8	NaN	525	NaN	542	0	8	358	9	3	0	402	-40	7661	-37	9403	-33	6116	-30	9292	14.808	-4.646
772.9	NaN	545	NaN	541	0	8	363	15	9	0	405	-21	7281	-20	9081	-18	6471	-17	9039	14.279	-1.711
773	NaN	547	NaN	533	0	21	364	28	21	0	406	0	7566	0	8879	-0	7614	0	8861	13.793	-2.519
773.1	NaN	541	NaN	533	0	-12	362	16	8	0	403	-2	7956	-2	8743	-0	8159	-1	8678	13.552	-2.66
773.2	NaN	547	NaN	534	0	10	362	22	16	0	404	-4	7233	-3	8280	-3	8129	-3	8267	13.38	-1.087
773.3	NaN	548	NaN	538	0	20	360	25	13	0	404	-0	7739	-0	8440	-0	7919	-1	8346	13.251	-2.507
773.4	NaN	545	NaN	534	0	29	363	25	18	0	405	-1	7353	-1	8420	-2	7485	-1	8344	13.042	-2.432
773.5	NaN	568	NaN	541	0	32	360	44	34	0	404	13	7742	28	8471	30	7669	61	8519	13.071	1.332
773.6	NaN	580	NaN	555	0	28	363	42	32	0	404	12	7590	24	8520	29	8428	53	8580	13.13	-0.535
773.7	NaN	550	NaN	533	0	32	360	30	20	0	406	0	7513	-1	8321	-1	7574	-1	8527	13.125	-1.773
773.8	NaN	524	NaN	575	0	31	364	30	18	0	405	3	7463	6	8443	8	7551	15	8470	12.965	0.028
773.9	NaN	559	NaN	555	0	35	363	17	10	0	403	-20	6349	-14	8049	-17	6856	-12	8107	12.808	-3.794
774	NaN	553	NaN	561	0	41	359	14	5	0	404	-23	6406	-16	7915	-20	5486	-13	8058	12.382	-3.951
774.1	NaN	551	NaN	558	0	49	362	16	10	0	405	-20	6114	-12	7635	-19	5782	-11	7711	11.877	-5.303
774.2	NaN	560	NaN	571	0	47	359	18	11	0	405	-22	5701	-13	7411	-20	3442	-12	7583	11.401	-3.567
774.3	NaN	553	NaN	531	0	46	362	43	37	0	405	11	6191	32	7449	25	6742	74	7655	11.069	0.249
774.4	NaN	564	NaN	615	0	47	364	35	28	0	405	4	6081	12	7157	8	6219	27	7329	10.988	-1.058
774.5	NaN	543	NaN	556	0	42	360	47	41	0	404	7	6046	22	7161	19	6472	51	7299	10.753	-0.579
774.6	NaN	527	NaN	542	0	44	363	59	52	0	405	19	6588	56	7222	46	6490	128	7280	10.959	2.593
774.7	NaN	488	NaN	519	0	43	361	84	76	0	404	25	6754	70	7677	57	6699	159	7672	11.422	4.721
774.8	NaN	498	NaN	539	0	42	359	96	88	0	403	25	7248	68	7962	56	7001	151	7981	11.888	5.956
774.9	NaN	492	NaN	514	0	40	359	97	88	0	403	23	7565	66	8206	54	7538	150	8271	12.308	4.401
775	NaN	536	NaN	510	0	41	362	100	97	0	404	23	8244	63	8438	51	7919	140	8506	12.687	3.188
775.1	NaN	501	NaN	526	0	31	363	100	100	0	407	27	8141	58	8563	59	8181	127	8683	13.116	3.598
775.2	NaN	513	NaN	535	0	9	360	100	100	0	405	37	8227	45	8640	80	8272	99	8799	13.574	5.321
775.3	NaN	530	NaN	513	0	8	361	100	100	0	404	38	8554	43	8826	82	8610	93	8973	14.052	4.477
775.4	NaN	520	NaN	518	0	7	359	100	100	0	404	37	8856	43	9150	80	8819	91	9184	14.515	5.205
775.5	NaN	513	NaN	516	0	4	361	100	100	0	404	36	9072	41	9437	77	9072	87	9483	14.899	2.297
775.6	NaN	511	NaN	508	0	5	363	100	100	0	404	36	9274	40	9564	77	9404	85	9662	15.328	3.057
775.7	NaN	519	NaN	515	1	1	362	100	100	0	405	37	9533	39	9736	76	9683	80	9861	15.693	4.062
775.8	NaN	562	NaN	514	1	-1	361	100	100	0	405	38	9813	37	9961	77	9936	78	10052	16.078	4.964
775.9	NaN	540	NaN	515	1	-4	358	100	100	0	404	38	10088	35	10177	77	10094	71	10239	16.44	4.365
776	NaN	517	NaN	516	1	-3	361	100	100	0	404	35	10267	32	10340	69	10405	64	10401	16.748	2.625
776.1	NaN	581	NaN	538	1	-4	359	100	100	0	404	31	10417	28	10470	61	10569	56	10589	17.05	2.068
776.2	NaN	501	NaN	559	1	-5	364	100	100	0	404	25	10589	22	10643	48	10586	44	10687	17.304	3.056
776.3	NaN	510	NaN	550	1	-3	360	100	100	0	403	21	10672	18	10705	41	10787	37	10772	17.449	0.684
776.4	NaN	529	NaN	593	1	-5	362	100	100	0	404	20	10741	18	10803	38	10838	35	10835	17.599	0.618
776.5	NaN	530	NaN	573	1	-4	359	100	100	0	405	16	10794	15	10857	32	10859	29	10891	17.715	1.875
776.6	NaN	562	NaN	586	1	-3	359	100	100	0	405	15	10817	15	10912	30	10934	29	11009	17.747	0.619
776.7	NaN	530	NaN	586	1	-4	360	100	100	0	402	15	10879	15	10991	29	10851	27	10988	17.872	0.639
776.8	NaN	517	NaN	605	1	-4	359	100	100	0	404	12	10914	11	11014	25	11011	22	11033	17.861	-0.791
776.9	NaN	533	NaN	586	1	-4	358	100	100	0	405	13	10917	12	11037	26	10974	24	11030	17.901	-0.635
777	NaN	505	NaN	578	1	-4	360	100	100	0	404	11	10932	10	11021	23	11018	20	11001	17.928	0.21
777.1	NaN	507	NaN	575	1	-5	362	100	100	0	404	11	10949	10	11014	20	11023	19	11030	17.901	-0.765
777.2	NaN	505	NaN	574	1	-6	363	100	100	0	405	12	10969	11	11031	24	10950	21	10995	17.932	0.445
777.3	NaN	498	NaN	586	1	-6	358	100	100	0	403	11	10936	9	10944	21	11024	19	11038	17.904	-0.687
777.4	NaN	526	NaN	584	1	-7	360	100	100	0	405	12	10993	11	11036	24	10999	20	11022	17.899	-0.277
777.5	NaN	501	NaN	602	1	-4	362	100	100	0	402	10	10945	9	10951	20	11023	18	10975	17.919	-0.122
777.6	NaN	504	NaN	581	1	-6	358	100	100	0	404	11	10971	10	11004	21	11042	19	11019	17.902	-0.725
777.7	NaN	520	NaN	590	1	-3	363	100	100	0	402	12	10955	10	11041	22	10963	21	10996	17.913	-0.12
777.8	NaN	510	NaN	586	1	-3	359	100	100	0	404	11	10932	10	10959	23	11039	21	11060	17.912	0.473
777.9	NaN	503	NaN	599	1	-3	363	100	100	0	404	11	10988	10	11064	22	10950	20	11050	17.89	0.302
778	NaN	531	NaN	602	1	-3	363	100	100	0	403	11	10953	10	10996	21	11013	19	10994	17.905	-1.081
778.1	NaN	512	NaN	575	1	-2	363	100	100	0	404	11	10926	11	11059	23	11009	21	11054	17.897	-0.716
778.2	NaN	505	NaN	580	1	-4	358	100	100	0	404	11	10956	10	11003	21	11014	20	11020	17.859	0.741
778.3	NaN	524	NaN	588	1	0	362	100	100	0	404	12	10891	12	11022	24	10967	24	11041	17.877	-1.81
778.4	NaN	540	NaN	570	1	3	358	100	100	0	402	15	10852	17	11226	29	10840	32	11147	17.914	-0.161
778.5	NaN	561	NaN	586	0	10	359	100	100	0	404	13	10784	16	11181	25	10901	30	11294	17.975	1.549
778.6	NaN	586	NaN	551	0	15	362	100	100	0	405	17	10752	22	11454	32	10961	43	11473	17.996	1.674
778.7	NaN	544	NaN	579	0	14	364	100	100	0	406	14	10774	19	11424	28	11413	36	11540	18.006	0.09
778.8	NaN	554	NaN	570	0	4	359	100	100	0	405	14	10795	15	11428	27	10925	30	11445	18.07	-0.326
778.9	NaN	560	NaN	583	0	-1	363	100	100	0	404	14	10955	14	11206	27	10986	26	11297	18.084	0.663
779	NaN	497	NaN	590	0	-7	363	78	69	0	403	9	11059	8	11062	17	11076	14	11094	18.082	-0.249
779.1	NaN	549	NaN	523	0	-12	360	0	0	0	405	-11	10925	-13	10882	-9	10952	-9	10837	17.883	-2.806
779.2	NaN	521	NaN	635	0	-13	359	0	0	0	402	-30	10803	-35	10467	-23	10794	-27	10255	17.471	-4.23
779.3	NaN	512	NaN	617	0	-14	357	0	0	0	400	-45	10320	-52	10057	-34	10392	-39	10071	16.926	-5.325
779.4	NaN	503	NaN	609	0	-14	361	0	0	0	401	-46	10059	-53	9713	-36	9940	-41	9395	16.28	-7.34
779.5	NaN	506	NaN	617	0	-14	361	0	0	0	400	-47	9672	-54	9324	-38	9572	-43	8968	15.652	-6.181
779.6	NaN	506	NaN	606	0	-14	357	0	0	0	401	-49	9295	-56	8897	-39	9280	-45	8882	14.952	-6.188
779.7	NaN	508	NaN	582.9	0	-14	361	0	0	0	405	-50	8897	-59	8520	-42	8831	-49	8061	14.317	-8.419
779.8	NaN	507	NaN	578.8	0	-13	361	0	0	0	402	-51	8508	-59	8106	-43	8405	-49	7998	13.623	-6.717
779.9	NaN	581	NaN	574.7	0	-15	363	0	0	0	408	-49	8071	-59	7745	-43	8030	-50	7385	12.973	-6.979
780	NaN	584	NaN	570.6	0	-18	358	0	0	0	398	-47	7690	-59	7304	-42	7638	-51	7083	12.296	-7.78
780.1	NaN	563	NaN	596	0	-30	358	16	17	0	400	-9	7519	-11	6931	-7	7493	-9	6509	11.708	-3.834
780.2	NaN	541	NaN	536	0	-38	358	19	20	0	400	-0	7402	-0	6680	-0	7410	-0	6629	11.52	-1.797
780.3	NaN	537	NaN	534	0	-38	361	20	20	0	401	0	7329	0	6520	0	7337	0	6548	11.327	-1.634
780.4	NaN	535	NaN	526	0	-50	359	27	27	0	401	3	7273	1	6417	8	7303	2	6355	11.124	-3.588
780.5	NaN	513	NaN	514	0	-63	362	30	31	0	402	11	7271	2	6235	26	7301	5	6173	10.933	-2.292
780.6	NaN	493	NaN	600	0	-64	357	42	43	0	402	41	7541	7	6187	96	7544	15	6247	10.908	1.076
780.7	NaN	558	NaN	596	0	-62	359	47	47	0	402	53	7615	9	6260	123	7770	20	6852	11.139	0.432
780.8	NaN	531.5	NaN	627	0	-52	358	48	49	0	402	52	7704	14	6571	122	7912	31	6776	11.395	3.213
780.9	NaN	535	NaN	566	0	-40	359	49	48	0	403	49	7825	17	6652	113	8236	40	7011	11.658	3.418
781	NaN	550	NaN	527	0	-18	357	65	59	0	402	51	7917	31	7212	116	8512	72	8068	11.999	6.964
781.1	NaN	554	NaN	565	0	-6	357	46	39	0	402	26	7633	23	7556	59	7835	51	7702	12.336	2.275
781.2	NaN	543	NaN	567	0	-14	357	46	39	0	403	29	7805	22	7790	64	7913	48	7806	12.654	2.408
781.3	NaN	582	NaN	570	0	-15	360	44	37	0	404	27	8096	19	7882	61	8176	42	7904	12.929	2.722
781.4	NaN	506	NaN	639	0	-13	360	41	34	0	405	21	8189	16	8019	49	8332	36	8017	13.159	1.208
781.5	NaN	535	NaN	525	0	-11	362	28	19	0	405	1	8064	-0	7992	3	8192	2	7947	13.161	-0.994
781.6	NaN	533	NaN	526	0	-12	364	14	4	0	403	-8	8064	-9	7940	-7	8098	-8	7903	13.005	-3.698
781.7	NaN	529	NaN	631	0	-14	359	13	4	0	401	-27	7799	-31	7691	-22	7864	-25	7675	12.681	-5.148
781.8	NaN	535	NaN	642	0	-26	357	15	10	0	401	-17	7703	-22	7324	-15	7697	-19	7235	12.376	-4.585
781.9	NaN	549	NaN	617	0	-25	360	16	13	0	403	-11	7549	-14	7079	-9	7593	-12	7071	12.047	-2.58
782	NaN	552	NaN	522	0	-32	361	19	15	0	401	-7	7469	-9	6854	-6	7481	-8	6790	11.781	-2.893
782.1	NaN	541	NaN	531	0	-43	360	22	22	0	401	0	7469	0	6646	0	7465	0	6440	11.511	-3.195
782.2	NaN	538	NaN	585	0	-40	361	44	45	0	402	40	7743	14	6696	92	7818	32	6723	11.458	4.755
782.3	NaN	518	NaN	507	0	-41	357	33	25	0	404	7	7452	2	6700	16	7469	6	6705	11.669	-2.705
782.4	NaN	496	NaN	588	0	-32	358	34	32	0	403	11	7509	5	6713	25	7535	12	6770	11.554	0.145
782.5	NaN	517	NaN	514	0	-38	359	31	27	0	403	8	7494	3	6718	18	7447	7	6699	11.546	-2.469
782.6	NaN	484	NaN	620	0	-40	358	45	44	0	403	17	7548	6	6710	38	7518	14	6653	11.478	-1.285
782.7	NaN	502	NaN	580	0	-48	359	34	27	0	404	14	7576	5	6719	38	7596	11	6778	11.641	0.446
782.8	NaN	544	NaN	531	0	-59	360	24	20	0	402	-0	7394	-0	6426	-0	7377	0	6329	11.444	-2.388
782.9	NaN	541	NaN	531	0	-56	360	23	22	0	402	0	7395	0	6176	0	7385	0	6133	11.098	-2.112
783	NaN	540	NaN	530	0	-58	360	28	24	0	403	1	7201	0	6060	1	7173	0	6012	10.861	-2.265
783.1	NaN	487	NaN	631	0	-53	358	36	34	0	402	22	7207	5	6076	51	7228	12	6070	10.787	-0.462
783.2	NaN	560	NaN	669	0	-49	359	41	39	0	402	33	7260	9	6169	77	7344	22	6217	10.877	2.616
783.3	NaN	535.75	NaN	608	0	-46	359	45	42	0	402	39	7282	13	6307	89	7377	29	6571	11.043	2.565
783.4	NaN	536.5	NaN	592	0	-32	357	45	42	0	403	35	7404	16	6507	83	7519	36	6611	11.287	3.949
783.5	NaN	537.25	NaN	608	0	-1	360	41	31	0	405	16	7090	15	6958	36	7170	35	7008	11.553	2.383
783.6	NaN	541	NaN	555	0	16	362	42	34	0	405	15	6893	22	7370	35	6955	50	7405	11.695	0.722
783.7	NaN	565	NaN	548	0	33	356	42	34	0	405	11	6873	25	7593	26	6931	58	7662	11.818	1.339
783.8	NaN	569	NaN	535	0	46	358	42	34	0	405	9	6789	28	7714	20	6860	65	7843	11.913	1.955
783.9	NaN	539	NaN	562	0	43	361	43	35	0	406	10	6797	29	7867	23	6913	66	8016	11.979	0.428
784	NaN	538	NaN	512	0	38	361	49	41	0	404	17	7439	41	7972	37	7585	92	8153	12.079	2.561
784.1	NaN	508	NaN	520	0	31	360	56	49	0	404	25	7734	53	8115	59	8362	118	8279	12.29	2.428
784.2	NaN	525	NaN	502	0	21	362	58	51	0	405	33	8251	52	8229	73	8229	116	8378	12.735	2.838
784.3	NaN	530	NaN	502	0	1	359	62	56	0	404	41	8156	43	8327	92	8191	95	8475	13.256	5.106
784.4	NaN	523	NaN	512	0	-5	362	66	58	0	404	43	8522	39	8519	94	8606	85	8650	13.773	4.667
784.5	NaN	541	NaN	514	0	-16	363	65	58	0	403	47	8892	33	8710	103	8994	71	8826	14.221	4.762
784.6	NaN	543	NaN	530	0	-29	360	69	67	0	403	51	9357	26	8923	109	9350	56	8889	14.642	5.075
784.7	NaN	540	NaN	531	0	-38	358	69	68	0	405	52	9635	23	9011	110	9845	49	9241	15.007	3.112
784.8	NaN	523	NaN	539	0	-33	363	74	74	0	403	52	10026	24	9305	106	10039	51	9273	15.316	4.983
784.9	NaN	544	NaN	547	0	-33	358	74	74	0	402	50	10036	24	9445	105	10191	49	9534	15.659	3.385
785	NaN	552	NaN	525	0	-24	356	99	98	0	405	45	10130	27	9594	92	10252	57	9729	15.958	4.221
785.1	NaN	522	NaN	519	0	-16	360	100	100	0	404	42	10265	30	9926	87	10424	61	10028	16.34	4.884
785.2	NaN	529	NaN	522	0	-12	358	100	100	0	402	39	10393	31	10208	78	10486	63	10260	16.71	3.639
785.3	NaN	538	NaN	532	0	-7	358	100	100	0	405	32	10449	28	10375	64	10554	56	10534	17.014	2.95
785.4	NaN	504	NaN	548	0	-5	358	100	100	0	404	26	10581	24	10650	50	10681	47	10675	17.248	2.385
785.5	NaN	523	NaN	548	0	-2	360	100	100	0	405	22	10634	21	10740	43	10687	41	10773	17.457	1.342
785.6	NaN	515	NaN	546	0	1	362	100	100	0	404	22	10670	21	10814	42	10815	42	10952	17.572	0.405
785.7	NaN	552	NaN	569	1	1	358	100	100	0	403	20	10724	20	11035	38	10832	38	11058	17.711	1.106
785.8	NaN	538	NaN	554	1	2	362	100	100	0	404	16	10730	17	11033	32	10761	34	11128	17.825	0.169
785.9	NaN	541	NaN	560	1	3	356	100	100	0	404	17	10772	18	11193	33	10900	34	11186	17.876	1.494
786	NaN	543	NaN	574	1	3	357	100	100	0	404	14	10859	14	11146	25	10897	28	11181	17.949	0.705
786.1	NaN	566	NaN	560	1	3	359	100	100	0	405	14	10835	15	11209	28	10939	31	11212	18.013	0.56
786.2	NaN	539	NaN	564	1	1	356	100	100	0	404	13	10933	14	11228	25	11012	26	11241	18.048	0.396
786.3	NaN	504	NaN	570	1	1	358	100	100	0	404	10	10936	10	11189	19	10918	19	11238	18.07	-0.998
786.4	NaN	542	NaN	567	1	-0	361	100	100	0	404	13	10934	12	11240	25	11059	25	11234	18.142	1.137
786.5	NaN	506	NaN	600	1	-2	360	100	100	0	404	8	11042	9	11142	16	11042	15	11233	18.133	-0.187
786.6	NaN	493	NaN	572	1	-2	361	100	100	0	405	10	10977	9	11282	22	11081	21	11242	18.124	0.627
786.7	NaN	497	NaN	599	1	-2	361	100	100	0	404	9	11056	9	11111	16	11104	14	11161	18.15	-0.261
786.8	NaN	494	NaN	564	1	-4	359	100	100	0	404	8	11005	8	11251	17	11059	18	11191	18.105	-0.809
786.9	NaN	503	NaN	595	1	-2	359	100	100	0	404	10	11064	9	11189	18	11098	17	11125	18.103	-0.96
787	NaN	501	NaN	573	1	-4	358	100	100	0	404	8	11013	8	11100	15	10983	14	11166	18.12	0.492
787.1	NaN	499	NaN	580	1	-3	359	100	100	0	404	10	10984	10	11212	20	11101	19	11192	18.091	0.606
787.2	NaN	505	NaN	575	1	-1	363	100	100	0	405	8	11068	7	11067	13	11054	12	11142	18.093	0.121
787.3	NaN	495	NaN	571	1	-3	359	100	100	0	404	10	10947	9	11217	21	11079	21	11200	18.104	1.311
787.4	NaN	504	NaN	596	1	-1	361	100	100	0	405	9	11067	8	11107	16	11119	15	11156	18.089	0.243
787.5	NaN	490	NaN	629	1	-1	362	100	100	0	404	8	10984	8	11227	18	11011	18	11196	18.084	-1.339
787.6	NaN	531	NaN	608	1	-3	358	100	100	0	405	11	11003	11	11160	21	11081	20	11162	18.104	-0.77
787.7	NaN	498	NaN	589	1	-1	362	100	100	0	403	7	11017	7	11152	13	10985	14	11176	18.105	0.595
787.8	NaN	499	NaN	591	1	-1	362	100	100	0	404	10	10983	10	11236	20	11091	20	11187	18.086	0.061
787.9	NaN	508	NaN	651	1	-2	358	100	100	0	405	9	11043	8	11111	15	11065	14	11175	18.104	0.671
788	NaN	496	NaN	575	1	-1	361	100	100	0	405	9	10985	9	11261	20	11049	20	11225	18.104	0.193
788.1	NaN	513	NaN	600	1	-2	359	100	100	0	404	10	11039	10	11141	19	11118	19	11225	18.099	0.984
788.2	NaN	502	NaN	590	1	-1	361	100	100	0	405	8	10997	8	11254	16	10996	15	11218	18.103	-1.314
788.3	NaN	494	NaN	616	1	-3	358	100	100	0	405	10	11045	9	11116	20	11095	18	11152	18.106	-0.721
788.4	NaN	505	NaN	569	1	-6	361	100	100	0	405	7	11084	6	11134	13	11080	12	11112	18.096	-0.21
788.5	NaN	500	NaN	617	1	-9	359	100	100	0	405	7	11095	6	11055	14	11155	11	11016	18.065	-0.894
788.6	NaN	497	NaN	611	0	-11	357	100	100	0	405	12	11167	9	10993	23	11203	19	11042	18.074	0.593
788.7	NaN	498	NaN	597	0	-12	361	100	100	0	405	8	11073	6	11050	15	11158	11	11040	18.069	0.405
788.8	NaN	492	NaN	604	0	-8	359	100	100	0	401	11	11179	8	10940	23	11237	17	11024	18.044	0.375
788.9	NaN	505	NaN	613	0	-12	360	100	100	0	402	11	11158	8	11108	21	11111	15	11046	18.06	-1.601
789	NaN	496	NaN	564	0	-11	361	100	100	0	402	9	11094	7	10966	16	11176	13	10989	18.09	-1.275
789.1	NaN	498	NaN	595	0	-9	362	100	100	0	402	12	11186	10	10996	24	11163	20	11039	18.073	2.069
789.2	NaN	502	NaN	582	0	-10	357	100	100	0	403	9	11107	7	11023	16	11160	13	10991	18.05	-1.089
789.3	NaN	505	NaN	573	0	-11	359	100	100	0	403	12	11128	9	10943	24	11187	19	11038	18.03	1.033
789.4	NaN	503	NaN	602	0	-8	359	100	100	0	403	10	11063	9	11031	21	11137	16	11030	18.032	0.019
789.5	NaN	492	NaN	568	0	-7	360	100	100	0	403	11	11131	9	10963	20	11192	18	11031	17.992	-0.927
789.6	NaN	502	NaN	570	0	-6	358	100	100	0	404	11	11014	10	11057	23	11056	20	11035	18.004	0.286
789.7	NaN	499	NaN	575	0	-5	360	100	100	0	405	11	11001	10	11027	21	11089	20	11035	17.981	-0.157
789.8	NaN	492	NaN	562	0	-6	361	100	100	0	403	11	11051	9	10975	20	11000	19	11032	17.948	0.385
789.9	NaN	498	NaN	582	0	-5	363	100	100	0	405	11	10960	10	11044	21	11061	19	11029	17.952	-0.138
790	NaN	501	NaN	581	1	-5	362	100	100	0	404	12	10983	10	10964	22	11049	20	11033	17.924	0.986
790.1	NaN	517	NaN	561	1	-1	362	100	100	0	403	12	10896	12	11114	24	10970	23	11094	17.932	-0.564
790.2	NaN	527	NaN	554	1	-3	363	100	93	0	403	14	10907	14	11065	28	11019	27	11083	17.948	-0.112
790.3	NaN	512	NaN	581	0	-3	360	45	36	0	404	11	10971	11	11133	21	10905	20	11110	17.967	-0.595
790.4	NaN	531	NaN	513	0	-1	360	0	0	0	402	-14	10692	-14	10962	-11	10751	-11	10911	17.826	-3.015
790.5	NaN	515	NaN	587	0	1	364	0	0	0	403	-34	10398	-34	10632	-26	10570	-26	10685	17.447	-3.61
790.6	NaN	512	NaN	602	0	-2	393	0	0	0	426	-48	10129	-48	10417	-36	9981	-36	10219	16.872	-6.943
790.7	NaN	512	NaN	608	0	-3	433	0	0	0	450	-49	9635	-50	9877	-38	9497	-38	9801	16.246	-6.574
790.8	NaN	502	NaN	599	0	-1	429	0	0	0	463	-50	9225	-52	9430	-41	9072	-41	9385	15.548	-6.581
790.9	NaN	498	NaN	603	0	-2	449	0	0	0	473	-53	8887	-53	9078	-43	8918	-44	9003	14.763	-6.973
791	NaN	503	NaN	592	0	-3	520	0	0	0	524	-53	8379	-56	8433	-45	8303	-46	8460	14.029	-7.326
791.1	NaN	515	NaN	596	0	-2	577	0	0	0	560	-53	7777	-56	7852	-45	7729	-47	7758	13.102	-9.078
791.2	NaN	496	NaN	599	0	8	506	0	0	0	490	-59	7322	-57	7584	-48	6974	-45	7119	12.239	-3.298
791.3	NaN	532	NaN	635	0	21	364	11	4	0	405	-36	6642	-30	7358	-33	6279	-26	7000	11.575	-3.716
791.4	NaN	503.7916667	NaN	610	0	32	364	15	8	0	403	-27	6145	-20	7132	-24	5962	-17	7080	11.131	-3.728
791.5	NaN	504.5833333	NaN	613	0	44	363	15	8	0	405	-28	5778	-18	7026	-25	5390	-16	7009	10.65	-4.488
791.6	NaN	505.375	NaN	589	0	44	360	16	9	0	404	-27	5521	-17	6855	-23	3513	-16	6793	10.215	-5.021
791.7	NaN	506.1666667	NaN	534	0	41	359	45	38	0	404	11	5672	35	6852	28	5462	80	6927	10.053	-0.429
791.8	NaN	506.9583333	NaN	602	0	44	362	37	28	0	404	7	5900	19	6770	14	5885	44	6787	10.205	0.925
791.9	NaN	507.75	NaN	640	0	43	359	34	25	0	405	3	5737	8	6769	7	5694	19	6716	10.066	-2.945
792	NaN	508.5416667	NaN	627	0	52	360	34	25	0	404	3	5706	11	6714	7	5672	25	6700	9.997	-1.444
792.1	NaN	509.3333333	NaN	651	0	54	364	34	27	0	403	3	5560	12	6694	7	5554	29	6655	9.913	-0.291
792.2	NaN	510.125	NaN	626	0	56	359	34	27	0	404	3	5367	12	6644	6	5429	29	6598	9.795	1.226
792.3	NaN	510.9166667	NaN	599	0	60	363	35	29	0	404	2	5363	14	6503	6	5395	32	6558	9.694	-0.694
792.4	NaN	511.7083333	NaN	557	0	60	361	46	40	0	404	4	5309	24	6540	10	5456	56	6641	9.608	-0.637
792.5	NaN	501	NaN	524	0	60	359	57	51	0	404	11	5526	66	6843	29	5656	155	6883	9.793	3.897
792.6	NaN	545	NaN	537	0	66	363	30	22	0	406	0	5531	4	6517	1	5567	6	6638	10.104	-2.87
792.7	NaN	514	NaN	599	0	66	359	64	62	0	404	2	5370	17	6648	5	5359	41	6727	9.734	-3.293
792.8	NaN	514	NaN	598.025	0	67	358	60	53	0	405	10	5586	78	7182	23	5598	178	7109	9.943	6.561
792.9	NaN	498	NaN	597.05	0	65	362	62	58	0	405	12	5879	86	7321	28	5848	201	7454	10.28	4.061
793	NaN	482	NaN	596.075	0	64	359	59	52	0	404	11	6359	73	7371	26	6044	170	7389	10.632	2.912
793.1	NaN	492	NaN	595.1	0	59	361	60	56	0	407	15	6327	77	7647	35	6416	175	7713	10.927	4.17
793.2	NaN	486	NaN	594.125	0	57	359	71	67	0	403	17	7098	76	7878	39	6931	176	8079	11.282	6.712
793.3	NaN	525	NaN	593.15	0	49	359	88	84	0	403	20	7439	72	7896	47	8105	166	8056	11.593	2.157
793.4	NaN	491	NaN	592.175	0	49	361	83	75	0	406	20	7375	73	8087	45	7374	157	8135	12.033	2.014
793.5	NaN	500	NaN	591.2	0	39	361	100	99	0	406	25	7582	62	8319	55	7383	144	8349	12.429	6.078
793.6	NaN	508	NaN	590.225	0	17	360	100	100	0	403	34	8011	52	8385	76	8139	114	8552	12.808	4.772
793.7	NaN	510	NaN	589.25	0	8	356	100	98	0	403	38	8524	46	8449	84	8299	99	8530	13.361	5.705
793.8	NaN	511	NaN	588.275	0	9	360	100	100	0	405	36	8433	46	8785	80	8503	98	8849	13.841	4.905
793.9	NaN	521	NaN	587.3	0	9	358	100	100	0	405	36	8710	44	9047	78	8771	94	9134	14.286	4.319
794	NaN	524	NaN	586.325	0	4	361	96	88	0	404	37	9012	42	9262	79	9059	87	9416	14.706	4.684
794.1	NaN	548	NaN	585.35	0	-2	381	10	1	0	410	-6	8968	-6	9084	-5	8923	-5	9137	14.94	-1.826
794.2	NaN	537	NaN	584.375	0	-10	584	0	0	0	583	-24	8773	-27	8642	-20	8766	-23	8564	14.386	-7.059
794.3	NaN	519	NaN	583.4	0	-19	573	0	0	0	538	-40	8406	-49	7836	-34	8366	-42	7482	13.604	-8.123
794.4	NaN	516	NaN	582.425	0	-23	387	6	3	0	417	-40	8047	-49	7390	-33	8051	-41	5946	12.802	-6.241
794.5	NaN	565	NaN	581.45	0	-35	360	13	11	0	404	-18	7811	-25	6960	-16	7836	-21	6540	12.308	-4.015
794.6	NaN	568	NaN	580.475	0	-42	356	15	15	0	400	-12	7706	-18	6640	-10	7694	-14	6356	11.831	-3.471
794.7	NaN	591	NaN	548	0	-49	360	18	17	0	400	-7	7475	-12	6440	-6	7498	-10	6267	11.493	-2.594
794.8	NaN	537	NaN	532	0	-47	362	27	27	0	402	5	7396	1	6418	11	7405	3	6400	11.23	-1.642
794.9	NaN	505	NaN	587	0	-48	362	33	32	0	399	16	7321	5	6376	38	7345	11	6367	11.106	-0.454
795	NaN	516	NaN	589	0	-54	358	33	33	0	403	17	7239	4	6266	39	7278	10	6319	11.087	-0.201
795.1	NaN	508	NaN	605	0	-53	361	35	35	0	403	21	7308	5	6150	50	7314	12	6292	10.986	0.707
795.2	NaN	499	NaN	579	0	-54	364	36	36	0	403	24	7325	6	6201	58	7324	14	6432	10.987	-0.937
795.3	NaN	518	NaN	659	0	-58	362	40	38	0	403	34	7466	8	6294	77	7450	17	6320	11.111	0.37
795.4	NaN	504	NaN	616	0	-57	361	40	37	0	402	33	7478	7	6364	74	7525	15	6723	11.209	0.08
795.5	NaN	546	NaN	610	0	-58	358	39	37	0	402	30	7391	6	6352	70	7536	15	6508	11.33	-0.298
795.6	NaN	523	NaN	610	0	-55	358	42	43	0	402	39	7709	9	6402	91	7737	22	7471	11.269	1.786
795.7	NaN	513	NaN	569	0	-44	362	48	49	0	402	44	7688	7	6327	85	7774	31	6317	11.153	-2.842
795.8	NaN	558	NaN	535	0	-28	363	6	0	0	404	-4	7483	-3	6514	-8	7656	-4	6670	11.574	-1.962
795.9	NaN	555	NaN	669	0	-6	360	9	4	0	404	-22	6945	-23	6762	-19	6800	-20	6567	11.331	-4.09
796	NaN	553	NaN	650	0	24	358	14	6	0	405	-30	6209	-24	6750	-28	6339	-22	6733	10.904	-4.278
796.1	NaN	560	NaN	567	0	37	359	29	21	0	406	0	5975	0	6914	0	5969	0	6863	10.598	-2.37
796.2	NaN	556	NaN	580	0	40	359	40	33	0	404	8	5926	22	6938	20	5975	52	6945	10.512	0.968
796.3	NaN	576	NaN	565	0	45	360	41	35	0	403	9	5974	27	7031	20	5957	65	7028	10.55	0.491
796.4	NaN	576	NaN	573	0	46	360	41	35	0	403	9	5963	27	7128	19	6030	62	7157	10.613	1.505
796.5	NaN	584	NaN	535	0	50	362	50	43	0	403	13	6048	47	7195	30	6195	111	7290	10.687	0.52
796.6	NaN	517	NaN	534	0	46	363	56	50	0	405	18	6326	60	7456	40	6557	137	7559	10.916	2.321
796.7	NaN	522	NaN	553	0	47	362	60	54	0	405	21	6929	70	7637	48	6668	160	7755	11.367	4.346
796.8	NaN	484	NaN	510	0	47	363	62	57	0	404	22	6992	69	8011	51	6889	156	8028	11.765	4.786
796.9	NaN	518	NaN	543	0	47	364	58	50	0	406	20	6988	64	8147	47	8519	141	8189	12.156	3.329
797	NaN	521	NaN	516	0	46	359	58	50	0	406	20	7380	60	8346	44	11416	136	8574	12.386	5.044
797.1	NaN	508	NaN	542	0	43	364	56	51	0	404	22	8254	62	8478	48	8802	135	8682	12.701	1.295
797.2	NaN	534	NaN	532	0	43	360	55	49	0	403	20	8071	57	8634	43	8015	127	8762	13.01	2.547
797.3	NaN	499	NaN	515	0	42	361	57	53	0	403	22	8333	61	8852	49	8124	133	8874	13.318	4.384
797.4	NaN	554	NaN	519	0	44	358	57	53	0	403	21	9028	60	9034	46	8374	131	9035	13.629	4.411
797.5	NaN	533	NaN	512	0	41	364	57	53	0	406	22	8652	58	9155	48	8550	124	9277	13.948	2.397
797.6	NaN	547	NaN	526	0	42	363	45	39	0	404	13	8676	36	9177	28	8360	77	9305	14.227	0.866
797.7	NaN	538	NaN	532	0	38	362	46	42	0	404	17	8368	40	9317	34	8463	85	9477	14.325	1.465
797.8	NaN	559	NaN	540	0	7	362	46	43	0	404	27	8660	31	9312	57	8703	67	9420	14.577	4.526
797.9	NaN	557	NaN	604	0	-7	363	39	31	0	404	16	9016	14	9095	36	9065	30	9101	14.804	1.482
798	NaN	563	NaN	535	0	-23	363	31	22	0	403	1	9094	1	8846	3	9082	2	8797	14.697	-2.107
798.1	NaN	555	NaN	536	0	-34	362	33	31	0	401	3	9134	1	8518	7	9183	3	8508	14.51	-2.081
798.2	NaN	523	NaN	566	0	-38	361	45	42	0	403	11	9104	5	8338	26	9200	10	8430	14.333	-0.969
798.3	NaN	555	NaN	567	0	-41	360	50	47	0	401	50	9431	20	8493	107	9483	42	8541	14.407	3.315
798.4	NaN	595	NaN	570	0	-45	357	51	49	0	402	54	9572	19	8703	117	9688	41	8918	14.675	2.103
798.5	NaN	552	NaN	564	0	-42	361	54	53	0	401	56	9758	20	8870	117	9869	42	9083	14.895	4.755
798.6	NaN	535	NaN	557	0	-41	360	54	49	0	403	53	9784	21	9259	110	9938	45	9412	15.16	2.82
798.7	NaN	524	NaN	544	0	-18	361	54	50	0	401	46	9830	28	9807	95	9969	59	9410	15.432	3.78
798.8	NaN	530	NaN	523	0	-5	357	58	50	0	404	40	9856	35	9926	81	10054	71	9781	15.819	5.217
798.9	NaN	536	NaN	521	0	11	362	71	62	0	404	34	9828	40	10119	69	9977	81	10221	16.209	3.274
799	NaN	484	NaN	509	0	30	362	100	100	0	407	27	10031	47	10594	54	9973	93	10579	16.507	2.954
799.1	NaN	487	NaN	517	0	34	358	100	100	0	406	22	10116	49	10780	45	10022	99	10845	16.731	1.553
799.2	NaN	513	NaN	522	0	35	362	100	100	0	403	22	10482	45	10928	42	10343	86	11003	16.92	2.786
799.3	NaN	530	NaN	525	0	33	363	100	100	0	404	19	10669	39	10929	40	10303	83	11066	17.046	-0.824
799.4	NaN	513	NaN	521	0	23	361	100	100	0	403	23	10350	41	10978	48	10385	81	11147	17.143	1.916
799.5	NaN	529	NaN	528	0	18	360	100	100	0	404	20	10802	29	10987	38	10591	52	11032	17.306	1.862
799.6	NaN	529	NaN	520	0	9	362	100	100	0	403	24	10457	29	10954	48	10568	59	11074	17.417	0.724
799.7	NaN	538	NaN	543	0	0	363	100	100	0	404	23	10620	24	10996	45	10709	46	10998	17.58	2.049
799.8	NaN	543	NaN	584	0	-14	358	100	100	0	403	17	10886	13	10801	32	10911	24	10807	17.65	0.013
799.9	NaN	532	NaN	547	0	-22	359	100	100	0	402	26	11000	17	10654	51	11037	33	10776	17.692	0.143
800	NaN	532	NaN	544	0	-20	360	100	100	0	401	24	11151	15	10715	46	11244	29	10757	17.749	2.445
800.1	NaN	534	NaN	565	0	-20	360	100	100	0	402	23	11116	15	10679	46	11223	30	10793	17.785	-0.599
800.2	NaN	526	NaN	542	0	-19	358	100	100	0	402	24	11180	16	10731	47	11270	32	10791	17.824	0.723
800.3	NaN	529	NaN	570	0	-17	361	100	100	0	403	19	11157	13	10772	37	11268	25	10816	17.864	-0.357
800.4	NaN	523	NaN	573	0	-18	359	100	100	0	402	22	11154	15	10750	43	11242	29	10877	17.879	0.556
800.5	NaN	533	NaN	600	0	-15	362	100	100	0	403	18	11208	14	10859	35	11252	26	10879	17.908	1.168
800.6	NaN	530	NaN	580	0	-12	359	100	100	0	404	15	11099	11	10839	28	11135	22	10880	17.901	-1.081
800.7	NaN	550	NaN	597	0	-7	357	100	100	0	404	16	11094	13	10890	31	11107	26	10959	17.913	1.326
800.8	NaN	524	NaN	589	0	-2	361	100	100	0	404	10	10936	10	10996	19	10949	19	11007	17.885	-0.984
800.9	NaN	549	NaN	571	0	-3	357	100	100	0	404	15	10886	14	10951	29	10996	26	11053	17.883	0.393
801	NaN	562	NaN	570	0	0	359	100	100	0	405	14	10834	14	11113	27	10938	28	11139	17.89	-0.049
801.1	NaN	559	NaN	574	0	9	360	100	100	0	404	17	10743	19	11169	33	10840	37	11233	17.887	0.753
801.2	NaN	559	NaN	551	0	13	359	100	100	0	404	17	10737	22	11351	31	10807	41	11354	17.913	0.782
801.3	NaN	570	NaN	551	0	14	359	100	100	0	404	16	10700	21	11301	31	10769	40	11350	17.951	0.005
801.4	NaN	545	NaN	541	0	16	358	100	100	0	405	17	10718	24	11323	34	10839	46	11403	17.997	1.632
801.5	NaN	535	NaN	546	0	17	364	100	100	0	405	15	10707	20	11397	29	10815	41	11453	17.986	-0.634
801.6	NaN	549	NaN	545	0	14	358	100	100	0	404	16	10679	22	11366	32	10740	45	11459	18.016	0.715
801.7	NaN	543	NaN	576	0	5	363	100	100	0	405	16	10804	18	11320	31	10915	35	11350	18.041	0.62
801.8	NaN	518	NaN	583	0	-5	362	100	100	0	403	11	10921	10	11066	20	10966	19	11173	18.036	-0.196
801.9	NaN	510	NaN	621	0	-15	358	100	100	0	403	12	11076	9	10957	23	11201	17	10945	17.958	-0.039
802	NaN	523	NaN	567	0	-17	360	100	100	0	401	17	11200	12	10855	33	11295	24	10925	17.917	-1.024
802.1	NaN	523	NaN	595	0	-17	358	100	100	0	403	20	11104	13	10853	38	11230	26	10917	17.918	0.604
802.2	NaN	524	NaN	638	0	-17	362	100	100	0	403	17	11236	12	10797	33	11265	22	10845	17.92	-1.264
802.3	NaN	537	NaN	565	0	-17	360	100	100	0	404	20	11170	14	10778	40	11185	28	10889	17.919	-0.134
802.4	NaN	527	NaN	575	0	-16	356	100	100	0	402	17	11182	12	10831	33	11249	23	10875	17.938	0.477
802.5	NaN	524	NaN	587	0	-16	357	100	100	0	403	18	11153	13	10778	35	11151	24	10885	17.915	-0.527
802.6	NaN	541	NaN	583	0	-15	359	100	100	0	402	20	11180	13	10831	39	11283	27	10870	17.933	0.578
802.7	NaN	509	NaN	576	0	-15	360	100	100	0	403	15	11112	11	10843	29	11178	21	10862	17.942	-0.653
802.8	NaN	529	NaN	604	0	-16	358	100	100	0	402	19	11144	13	10818	36	11221	27	10911	17.927	0.123
802.9	NaN	533	NaN	602	0	-11	363	100	100	0	402	16	11154	12	10898	32	11225	24	10933	17.908	0.563
803	NaN	526	NaN	563	0	-12	358	29	24	0	402	13	11053	10	10849	27	11132	20	10921	17.888	-1.14
803.1	NaN	543	NaN	581	0	-6	361	0	0	0	402	-18	10752	-19	10678	-13	10828	-14	10668	17.627	-3.759
803.2	NaN	528	NaN	612	0	-2	372	0	0	0	410	-38	10316	-39	10531	-29	10325	-29	10420	17.164	-5.727
803.3	NaN	520	NaN	601	0	-3	427	0	0	0	471	-47	9927	-48	10081	-36	9870	-37	10002	16.548	-8.008
803.4	NaN	512	NaN	590	0	0	557	0	0	0	560	-50	9298	-50	9530	-40	9416	-40	9572	15.721	-8.031
803.5	NaN	518	NaN	609	0	1	584	0	0	0	588	-53	8835	-54	9029	-43	8596	-43	8796	14.802	-10.45
803.6	NaN	511	NaN	602	0	2	578	0	0	0	591	-56	8152	-54	8466	-46	8101	-45	8308	13.824	-10.511
803.7	NaN	510	NaN	625	0	5	536	0	0	0	515	-56	7547	-53	7934	-47	7351	-46	7737	12.853	-9.862
803.8	NaN	521	NaN	629	0	19	357	0	0	0	399	-59	6936	-48	7600	-51	6971	-43	7527	12.115	-7.167
803.9	NaN	520	NaN	644	0	25	364	3	0	0	402	-56	6507	-44	7420	-51	6252	-39	7257	11.363	-7.591
804	NaN	553	NaN	553	0	26	365	20	14	0	403	-13	6232	-11	7118	-13	5911	-10	7008	10.895	-3.25
804.1	NaN	562	NaN	597	0	25	364	37	32	0	401	11	6579	18	7090	23	6342	42	6989	10.695	-7.169
804.2	NaN	585	NaN	618	0	30	361	35	26	0	405	7	6374	12	7053	16	6382	30	7078	10.778	0.218
804.3	NaN	564	NaN	532	0	40	362	36	29	0	403	1	6148	3	6889	3	6159	7	6872	10.68	-3.633
804.4	NaN	579	NaN	619	0	33	364	41	34	0	405	4	6018	10	7046	10	6029	24	7109	10.486	1.284
804.5	NaN	551	NaN	595	0	36	363	52	46	0	404	7	6045	19	6947	18	6148	44	6994	10.526	-0.545
804.6	NaN	566	NaN	584	0	35	363	39	31	0	405	8	6166	18	7063	18	6193	42	7123	10.753	0.308
804.7	NaN	542	NaN	524	0	31	360	51	45	0	405	21	6455	43	7325	48	6460	100	7387	10.978	3.437
804.8	NaN	552	NaN	538	0	32	360	49	40	0	407	17	6655	37	7427	40	6760	84	7462	11.359	1.197
804.9	NaN	534	NaN	537	0	24	359	51	45	0	404	24	6956	42	7672	54	6962	95	7795	11.692	4.081
805	NaN	596	NaN	552	0	22	364	51	45	0	405	26	7171	40	7831	57	7332	92	7892	12.07	1.636
805.1	NaN	558	NaN	538	0	23	359	45	38	0	404	21	8152	31	8028	42	7466	71	7978	12.508	5.454
805.2	NaN	549	NaN	552	0	19	361	48	43	0	405	7	7302	11	7989	17	7610	24	7978	12.473	-1.486
805.3	NaN	574	NaN	542	0	21	360	25	18	0	404	0	7118	0	8004	0	7348	-1	8040	12.507	-1.323
805.4	NaN	584	NaN	665	0	22	362	39	30	0	404	11	7336	18	8013	24	7533	41	8062	12.516	0.631
805.5	NaN	524	NaN	578	0	20	359	34	25	0	405	5	7265	8	8005	11	7340	17	7998	12.503	-1.202
805.6	NaN	547	NaN	593	0	22	360	34	27	0	405	5	7238	9	7981	12	7343	19	8036	12.469	-0.298
805.7	NaN	538	NaN	622	0	20	358	34	26	0	404	6	7232	9	7950	13	7299	20	7988	12.447	-0.641
805.8	NaN	528	NaN	636	0	21	363	33	24	0	405	4	7196	6	7884	9	7258	14	7949	12.41	-0.01
805.9	NaN	573	NaN	544	0	19	363	24	15	0	404	-1	7143	-1	7816	-1	7109	-1	7823	12.267	-1.83
806	NaN	568	NaN	542	0	15	366	14	5	0	404	-13	7027	-12	7606	-12	7009	-10	7666	12.096	-1.81
806.1	NaN	542	NaN	630	0	6	363	13	9	0	401	-26	6993	-24	7335	-22	6910	-20	7242	11.736	-4.127
806.2	NaN	564	NaN	570	0	-5	358	19	15	0	405	-12	6908	-12	7004	-10	6922	-9	7005	11.449	-2.356
806.3	NaN	572	NaN	542	0	-10	365	23	19	0	404	-0	6954	-0	6841	-0	6960	-0	6823	11.299	-0.88
806.4	NaN	567	NaN	545	0	-17	359	25	21	0	402	-0	6891	-0	6719	-0	6909	-0	6684	11.151	-1.584
806.5	NaN	567	NaN	544	0	-19	362	25	22	0	402	-0	6860	-0	6589	-0	6861	0	6542	11.008	-0.844
806.6	NaN	567	NaN	545	0	-21	365	26	22	0	404	-0	6772	-0	6476	-0	6824	-0	6458	10.875	-0.265
806.7	NaN	571	NaN	544	0	-21	360	27	23	0	406	-0	6721	-0	6390	0	6733	0	6362	10.723	-1.088
806.8	NaN	573	NaN	546	0	-20	361	27	22	0	402	0	6656	-0	6301	-0	6627	-0	6296	10.589	-1.549
806.9	NaN	573	NaN	546	0	-21	361	27	22	0	403	-0	6605	-0	6226	-0	6554	-0	6212	10.476	-1.511
807	NaN	574	NaN	546	0	-21	358	27	22	0	403	-0	6497	0	6183	-0	6485	0	6125	10.369	-1.708
807.1	NaN	568	NaN	542	0	-18	362	27	21	0	402	-0	6373	0	6074	0	6391	-0	6091	10.259	-0.496
807.2	NaN	568	NaN	545	0	-16	362	26	21	0	403	-0	6303	-0	6037	-0	6350	-0	6033	10.116	-0.061
807.3	NaN	570	NaN	545	0	-13	363	24	17	0	404	-0	6207	0	6027	-0	6234	0	6016	9.986	-1.432
807.4	NaN	567	NaN	545	0	-10	361	24	16	0	403	0	6130	-0	6042	-0	6086	-1	5957	9.898	-2.039
807.5	NaN	571	NaN	543	0	-9	362	24	15	0	406	-1	6031	-1	5969	-1	6063	-1	5925	9.831	-0.715
807.6	NaN	572	NaN	542	0	-9	361	22	14	0	405	-5	5930	-6	5873	-5	5970	-6	5862	9.661	-0.896
807.7	NaN	571	NaN	609	0	-9	359	19	11	0	404	-12	5807	-13	5748	-12	5811	-12	5720	9.446	-2.703
807.8	NaN	574	NaN	635	0	-8	359	18	11	0	402	-14	5663	-15	5643	-13	5607	-13	5583	9.255	-3.32
807.9	NaN	579	NaN	635	0	-7	361	18	11	0	403	-14	5531	-15	5457	-13	5533	-14	5460	9.049	-1.894
808	NaN	563	NaN	635	0	-5	358	18	11	0	404	-14	5373	-15	5307	-13	5400	-14	5346	8.796	-1.753
808.1	NaN	574	NaN	545.3709677	0	-1	358	18	11	0	402	-14	5211	-15	5275	-14	5156	-14	5255	8.539	-3.312
808.2	NaN	551	NaN	545.7419355	0	5	361	19	14	0	403	-9	5007	-9	5233	-9	5037	-8	5170	8.367	-1.45
808.3	NaN	566	NaN	546.1129032	0	8	362	20	14	0	403	-8	4831	-7	5145	-7	4894	-7	5140	8.198	-1.081
808.4	NaN	566	NaN	546.483871	0	10	361	20	14	0	404	-8	4721	-7	5079	-8	4697	-7	5033	8.002	-1.992
808.5	NaN	585	NaN	546.8548387	0	13	356	20	11	0	402	-14	4625	-12	4954	-13	4598	-11	4915	7.839	-2.293
808.6	NaN	565	NaN	547.2258065	0	14	363	19	10	0	401	-14	4494	-12	4804	-14	4456	-12	4801	7.591	-2.102
808.7	NaN	572	NaN	547.5967742	0	11	358	13	5	0	403	-30	4313	-27	4630	-29	4244	-26	4548	7.31	-4.519
808.8	NaN	578	NaN	547.9677419	0	9	361	13	4	0	402	-30	4051	-28	4360	-29	4087	-27	4317	6.934	-3.743
808.9	NaN	568	NaN	548.3387097	0	7	363	11	2	0	401	-36	3878	-33	4099	-35	3842	-32	4000	6.511	-5.123
809	NaN	586	NaN	548.7096774	0	1	359	10	3	0	405	-35	3629	-34	3768	-33	3627	-33	3703	6.108	-3.985
809.1	NaN	579	NaN	549.0806452	0	-1	365	10	3	0	404	-34	3435	-34	3513	-33	3427	-34	3451	5.672	-4.147
809.2	NaN	588	NaN	549.4516129	0	-5	361	10	3	0	401	-33	3155	-35	3204	-33	3151	-34	3130	5.26	-4.598
809.3	NaN	613	NaN	549.8225806	0	-5	361	10	3	0	401	-34	2947	-35	2954	-33	2921	-35	2929	4.826	-4.468
809.4	NaN	594	NaN	550.1935484	0	-2	363	10	2	0	402	-34	2657	-35	2669	-34	2624	-35	2651	4.412	-3.826
809.5	NaN	573.5	NaN	550.5645161	0	-3	359	9	1	0	401	-37	2388	-38	2412	-36	2366	-37	2361	3.955	-4.422
809.6	NaN	574	NaN	550.9354839	0	-5	357	9	1	0	401	-37	2105	-38	2142	-36	2106	-38	2093	3.497	-4.481
809.7	NaN	574.5	NaN	551.3064516	0	-3	358	9	3	0	401	-34	1840	-35	1867	-34	1831	-35	1815	3.037	-4.739
809.8	NaN	575	NaN	551.6774194	0	-4	358	9	5	0	402	-33	1585	-34	1597	-33	1568	-34	1572	2.614	-4.009
809.9	NaN	575.5	NaN	552.0483871	0	-4	357	10	5	0	402	-30	1343	-31	1352	-30	1342	-31	1336	2.22	-3.321
810	NaN	576	NaN	552.4193548	0	-3	361	10	5	0	403	-31	1117	-32	1131	-31	1109	-31	1109	1.838	-3.755
810.1	NaN	576.5	NaN	552.7903226	0	-4	360	10	5	0	404	-30	885	-32	892	-30	873	-32	870	1.453	-3.999
810.2	NaN	577	NaN	553.1612903	0	-4	361	10	5	0	402	-31	645	-32	652	-31	638	-32	634	1.06	-3.714
810.3	NaN	577.5	NaN	553.5322581	0	-3	363	10	2	0	404	-34	394	-36	397	-34	389	-35	390	0.652	-4.082
810.4	NaN	578	NaN	553.9032258	0	-3	358	5	0	0	404	-0	94	-0	184	-0	119	-0	139	0.299	3.161
810.5	NaN	578.5	NaN	554.2741935	0	-4	362	0	0	0	401	-0	145	0	143	0	147	-0	147	0.236	-1.02
810.6	NaN	579	NaN	554.6451613	0	-3	366	0	0	0	403	0	103	0	102	0	105	0	105	0.168	-0.504
810.7	NaN	579.5	NaN	555.016129	0	-3	380	0	0	0	416	0	69	-0	68	-0	73	0	71	0.103	-0.348
810.8	NaN	580	NaN	555.3870968	0	-3	384	0	0	0	420	-0	18	0	18	0	22	-0	21	0.015	-0.663
810.9	NaN	580.5	NaN	555.7580645	0	-4	385	0	0	0	422	0	-0	-0	-6	0	-7	0	-4	-0.026	-0.492
811	NaN	581	NaN	556.1290323	0	-3	388	0	0	0	421	0	0	-0	1	-0	0	-0	0	-0.004	-0.305
811.1	NaN	581.5	NaN	564	0	-3	394	0	0	0	426	-0	0	0	0	0	1	0	1	-0.008	0.495
811.2	NaN	578	NaN	555	0	-3	411	0	0	0	438	-0	-0	0	-0	0	-0	-0	-0	-0.01	0.234
811.3	NaN	583	NaN	556	0	-5	415	0	0	0	444	-0	-0	0	0	0	0	-0	0	-0.006	0.128
811.4	NaN	578	NaN	556	0	-5	417	0	0	0	446	-0	0	-0	0	0	0	0	-0	-0.006	-0.051
811.5	NaN	585	NaN	557	0	-5	415	0	0	0	448	-0	0	-0	0	0	0	0	0	-0.002	0.158
811.6	NaN	582	NaN	559	0	-6	422	0	0	0	450	0	-0	-0	0	0	-0	0	0	0	0.298
811.7	NaN	578	NaN	557	0	-4	421	0	0	0	450	-0	-0	-0	0	0	-0	0	0	0	0.03
811.8	NaN	579	NaN	558	0	-5	415	0	0	0	446	-0	0	-0	0	0	0	0	0	0.002	0.055
811.9	NaN	585	NaN	558	0	-5	409	0	0	0	443	-0	-0	0	0	0	0	0	-0	-0.001	0.233
812	NaN	583	NaN	558	0	-5	411	0	0	0	443	0	-0	0	-0	0	-0	0	-0	-0.001	0.202
812.1	NaN	583	NaN	557	0	-6	411	0	0	0	443	0	0	-0	-0	0	-0	-0	-0	0	0.25
812.2	NaN	579	NaN	557	0	-3	412	0	0	0	443	0	-0	0	-0	0	-0	0	-0	0.001	0.108
812.3	NaN	578	NaN	557	0	-5	412	0	0	0	441	-0	0	0	0	0	0	0	0	0.006	0.081
812.4	NaN	582	NaN	555	0	-6	410	0	0	0	442	-0	0	-0	0	0	0	-0	0	0.006	0.222
812.5	NaN	583	NaN	554	0	-3	406	0	0	0	442	-0	0	0	0	0	0	-0	0	0.008	0.205
812.6	NaN	582	NaN	552	0	-6	406	0	0	0	440	-0	-0	0	-0	0	-0	0	-0	0.008	0.063
812.7	NaN	581	NaN	552	0	-5	407	0	0	0	438	-0	-0	0	-0	0	-0	-0	-0	0.006	0.16
812.8	NaN	582	NaN	552	0	-3	406	0	0	0	437	-0	-0	-0	-0	0	0	0	0	0.008	0.227
812.9	NaN	577	NaN	552	0	-4	409	0	0	0	439	-0	0	0	-0	0	0	0	0	0.001	0.125
813	NaN	583	NaN	552	0	-4	404	0	0	0	439	-0	-0	0	-0	0	-0	-0	0	0.002	0.157
813.1	NaN	576	NaN	551	0	-3	408	0	0	0	439	-0	0	-0	0	-0	-0	0	0	0.005	0.106
813.2	NaN	578	NaN	552	0	-3	405	0	0	0	436	-0	0	0	0	0	-0	0	-0	0.005	0.139
813.3	NaN	580	NaN	551	0	-3	403	0	0	0	435	-0	0	0	0	0	0	0	0	0.005	0.234
813.4	NaN	581	NaN	552	0	-5	402	0	0	0	436	-0	0	0	-0	0	-0	0	-0	0.004	0.133
813.5	NaN	579	NaN	552	0	-5	400	0	0	0	436	-0	0	0	0	0	0	0	0	0.006	0.183
813.6	NaN	581	NaN	552	0	-6	402	0	0	0	436	-0	-0	-0	-0	0	-0	0	-0	0.006	0.151
813.7	NaN	577	NaN	551	0	-3	406	0	0	0	436	-0	0	0	-0	0	-0	0	0	0.009	0.121
813.8	NaN	582	NaN	552	0	-5	394	0	0	0	426	-0	-0	-0	-0	0	-0	0	-0	0.008	0.2
813.9	NaN	581	NaN	552	0	-3	365	0	0	0	404	-0	-0	-0	-0	0	-0	0	-0	0.01	0.045
814	NaN	582	NaN	551	0	-4	356	0	0	0	401	-0	-2	-0	-3	-0	-2	-0	-3	0.007	0.107
814.1	NaN	577	NaN	552	0	-4	361	0	0	0	403	-0	-0	-0	0	0	0	0	0	0.013	0.3
814.2	NaN	579	NaN	551	0	-3	358	0	0	0	403	-0	-2	-0	-2	0	-2	-0	-2	0.011	0.22
814.3	NaN	577	NaN	553	0	-4	361	0	0	0	402	-0	-1	0	-2	0	-2	0	-2	0.008	0.024
814.4	NaN	578	NaN	554	0	-3	359	0	0	0	403	0	-0	-0	-1	0	-1	0	-2	0.011	0.033
814.5	NaN	578	NaN	553	0	-3	358	0	0	0	405	-0	-5	-0	-4	-0	-4	0	-4	0.009	0.253
814.6	NaN	578	NaN	554	0	-2	359	0	0	0	404	0	-4	-0	-3	-0	-4	-0	-3	0.01	0.371
814.7	NaN	576	NaN	555	0	-5	359	0	0	0	405	0	0	0	0	-0	-0	0	0	0.014	0.126
814.8	NaN	578	NaN	553	0	-5	362	0	0	0	405	-0	-2	0	-3	0	-3	0	-3	0.009	-0.098
814.9	NaN	577	NaN	555	0	-1	361	0	0	0	404	0	-2	-0	-2	0	-1	0	-1	0.01	0.402
815	NaN	579	NaN	555	0	-4	362	0	0	0	404	-0	-1	-0	-0	-0	0	0	0	0.014	0.407
815.1	NaN	581	NaN	555	0	-2	365	0	0	0	403	0	-0	0	0	0	-0	0	0	0.017	-0.069
815.2	NaN	583	NaN	556	0	-2	364	0	0	0	403	-0	-1	-0	-1	-0	-1	0	-1	0.016	0
815.3	NaN	582	NaN	557	0	-4	359	0	0	0	404	0	-1	-0	-1	-0	-0	0	-0	0.018	0.382
815.4	NaN	577	NaN	556	0	-2	363	0	0	0	404	-0	-1	-0	-0	-0	-0	0	0	0.018	0.372
815.5	NaN	582	NaN	555	0	-4	358	0	0	0	403	0	-0	-0	0	-0	-0	0	-0	0.014	0.079
815.6	NaN	577	NaN	557	0	-4	362	0	0	0	403	0	0	-0	-1	0	-0	0	-0	0.016	-0.008
815.7	NaN	576	NaN	556	0	-2	362	0	0	0	405	-0	0	-0	0	0	0	0	0	0.02	0.267
815.8	NaN	575	NaN	559	0	-2	360	0	0	0	405	0	-1	-0	-0	-0	-0	0	-0	0.017	0.396
815.9	NaN	580	NaN	559	0	-3	362	0	0	0	403	0	0	0	-0	0	-0	0	-0	0.012	0.101
816	NaN	581	NaN	555	0	-4	360	0	0	0	403	0	1	-0	0	-0	-0	0	-0	0.014	-0.024
816.1	NaN	578	NaN	557	0	-2	364	0	0	0	405	-0	-0	-0	-1	-0	-0	0	-1	0.016	0.209
816.2	NaN	578	NaN	557	0	-3	360	0	0	0	405	0	-0	-0	0	0	0	0	0	0.02	0.32
816.3	NaN	577	NaN	558	0	-3	360	0	0	0	405	-0	-1	-0	-0	-0	-1	0	-1	0.019	0.146
816.4	NaN	577	NaN	557	0	-3	363	0	0	0	405	-0	0	-0	-0	-0	-0	0	-0	0.021	0.067
816.5	NaN	577	NaN	559	0	-3	361	0	0	0	404	0	1	-0	-0	-0	0	-0	-0	0.021	0.025
816.6	NaN	575	NaN	557	0	-3	363	0	0	0	402	-0	-1	-0	-0	-0	-0	0	-0	0.022	0.295
816.7	NaN	578	NaN	557	0	-3	360	0	0	0	404	-0	-1	-0	-0	-0	-0	0	0	0.026	0.266
816.8	NaN	579	NaN	559	0	-4	361	0	0	0	404	0	0	-0	-0	-0	0	0	-0	0.028	0.057
816.9	NaN	577	NaN	559	0	-2	362	0	0	0	404	0	1	-0	0	-0	0	-0	-0	0.027	0.101
817	NaN	575	NaN	558	0	-3	363	0	0	0	403	-0	-0	0	-0	-0	-0	0	-0	0.027	0.207
817.1	NaN	578	NaN	557	0	-4	358	0	0	0	404	0	-0	-0	-0	-0	-0	0	0	0.029	0.185
817.2	NaN	572	NaN	557	0	-2	363	0	0	0	404	0	0	-0	0	-0	0	0	0	0.029	0.173
817.3	NaN	573	NaN	558	0	-2	364	0	0	0	404	-0	-0	-0	-0	0	-1	0	-1	0.019	0.126
817.4	NaN	572	NaN	556	0	-2	365	0	0	0	404	0	0	-0	-0	-0	-0	-0	-0	0.021	0.078
817.5	NaN	572	NaN	556	0	-4	358	0	0	0	405	-0	-0	-0	0	0	0	0	0	0.029	0.248
817.6	NaN	578	NaN	555	0	-2	363	0	0	0	405	-0	-1	-0	-0	0	-0	0	-0	0.029	0.245
817.7	NaN	573	NaN	554	0	-4	361	0	0	0	405	0	-0	-0	-0	-0	-1	0	-1	0.026	0.107
817.8	NaN	573	NaN	555	0	-2	363	0	0	0	404	-0	0	0	-0	0	-0	0	-0	0.028	0.054
817.9	NaN	574	NaN	554	0	-2	364	0	0	0	404	-0	-3	-0	-2	-0	-2	0	-2	0.028	0.162
818	NaN	575	NaN	556	0	-4	363	0	0	0	404	0	-1	-0	-0	-0	-0	0	-0	0.033	0.216
818.1	NaN	572	NaN	555	0	-4	359	0	0	0	404	0	-0	-0	-0	0	-0	0	-0	0.029	0.109
818.2	NaN	578	NaN	556	0	-2	360	0	0	0	405	0	0	-0	-0	-0	0	0	-0	0.032	0.235
818.3	NaN	577	NaN	556	0	-2	358	0	0	0	405	0	-0	-0	-0	-0	-0	0	-0	0.032	0.148
818.4	NaN	578	NaN	554	0	-2	363	0	0	0	404	0	-0	0	-0	-0	-0	0	-0	0.026	0.211
818.5	NaN	579	NaN	554	0	-4	360	0	0	0	404	0	-0	0	-0	-0	0	0	-0	0.029	0.199
818.6	NaN	577	NaN	555	0	-4	359	0	0	0	404	-0	-0	0	-0	0	-0	0	-0	0.03	0.078
818.7	NaN	578	NaN	554	0	-5	360	0	0	0	403	0	-0	0	-0	0	-0	-0	-0	0.031	0.165
818.8	NaN	577	NaN	555	0	-4	361	0	0	0	405	0	0	-0	0	-0	0	0	0	0.033	0.227
818.9	NaN	574	NaN	555	0	-4	358	0	0	0	406	0	-0	-0	-0	-0	-0	0	-0	0.033	0.109
819	NaN	577	NaN	555	0	-4	364	0	0	0	404	0	0	-0	-0	-0	0	0	0	0.031	0.099
819.1	NaN	577	NaN	555	0	-2	362	0	0	0	404	0	-0	-0	-1	-0	-0	0	-1	0.033	0.194
819.2	NaN	573	NaN	555	0	-2	358	0	0	0	403	0	0	-0	0	-0	0	0	0	0.035	0.176
819.3	NaN	577	NaN	554	0	-4	362	0	0	0	402	0	-1	0	-1	-0	-1	0	-1	0.03	0.228
819.4	NaN	573	NaN	555	0	-2	359	0	0	0	406	0	-1	-0	-1	-0	-1	0	-1	0.026	0.147
819.5	NaN	573	NaN	555	0	-3	362	0	0	0	404	0	0	0	0	-0	0	0	-0	0.028	0.104
819.6	NaN	573	NaN	554	0	-2	363	0	0	0	403	0	-1	-0	-1	-0	-1	0	-1	0.028	0.228
819.7	NaN	573	NaN	554	0	-2	359	0	0	0	402	0	0	-0	0	-0	0	0	0	0.026	0.187
819.8	NaN	577	NaN	554	0	-5	363	0	0	0	405	0	0	-0	-0	-0	0	-0	-0	0.022	0.132
819.9	NaN	573	NaN	554	0	-3	359	0	0	0	404	0	-0	0	-0	-0	-0	-0	-0	0.023	0.173
820	NaN	578	NaN	553	0	-4	360	0	0	0	404	0	-0	-0	0	-0	-0	0	0	0.025	0.156
820.1	NaN	572	NaN	554	0	-4	358	0	0	0	405	0	-0	-0	-0	-0	-0	0	-0	0.024	0.107
820.2	NaN	576	NaN	555	0	-4	359	0	0	0	405	0	0	0	-0	-0	-0	0	-0	0.025	0.221
820.3	NaN	577	NaN	553	0	-5	359	0	0	0	405	0	-0	-0	-0	-0	-0	0	-0	0.024	0.139
820.4	NaN	570	NaN	554	0	-2	363	0	0	0	405	0	-0	-0	-0	-0	-0	0	-0	0.026	0.12
820.5	NaN	569	NaN	555	0	-2	363	0	0	0	403	0	-0	-0	-0	-0	-0	0	-0	0.027	0.222
820.6	NaN	572	NaN	554	0	-2	363	0	0	0	405	-0	-0	-0	0	-0	-0	0	0	0.028	0.137
820.7	NaN	568	NaN	554	0	-2	363	0	0	0	403	0	-0	-0	-0	-0	-0	0	-0	0.032	0.153
820.8	NaN	574	NaN	555	0	-2	364	0	0	0	404	0	-0	-0	-0	0	-0	0	-0	0.034	0.173
820.9	NaN	575	NaN	554	0	-2	362	0	0	0	404	0	0	-0	0	0	0	0	0	0.033	0.09
821	NaN	572	NaN	554	0	-3	361	0	0	0	404	0	-0	-0	-1	-0	-1	0	-0	0.032	0.173
821.1	NaN	575	NaN	555	0	-2	362	0	0	0	403	0	-0	-0	-0	0	-0	0	-0	0.034	0.187
821.2	NaN	571	NaN	554	0	-3	362	0	0	0	402	0	0	-0	0	-0	0	0	0	0.029	0.126
821.3	NaN	571	NaN	555	0	-4	361	0	0	0	402	0	-0	-0	-0	-0	-0	-0	-0	0.028	0.146
821.4	NaN	570	NaN	554	0	-3	362	0	0	0	404	-0	-0	-0	0	0	-0	0	0	0.033	0.177
821.5	NaN	572	NaN	552	0	-4	361	0	0	0	404	-0	0	-0	0	-0	0	0	0	0.034	0.136
821.6	NaN	570	NaN	554	0	-2	361	0	0	0	406	0	-0	0	-1	-0	-1	-0	-1	0.031	0.196
821.7	NaN	571	NaN	552	0	-2	363	0	0	0	405	0	-0	0	-0	-0	-0	0	-0	0.032	0.152
821.8	NaN	577	NaN	554	0	-3	360	0	0	0	405	-0	-1	-0	-0	-0	-0	0	-0	0.029	0.153
821.9	NaN	575	NaN	553	0	-5	361	0	0	0	404	0	-0	-0	0	-0	-0	-0	0	0.031	0.235
822	NaN	574	NaN	553	0	-4	361	0	0	0	404	0	-0	-0	-1	-0	-1	-0	-1	0.03	0.184
822.1	NaN	569	NaN	553	0	-5	363	0	0	0	405	0	0	-0	-0	-0	0	0	-0	0.031	0.024
822.2	NaN	575	NaN	552	0	-2	364	0	0	0	403	-0	-0	0	-0	-0	0	-0	-0	0.032	0.209
822.3	NaN	575	NaN	554	0	-4	358	0	0	0	404	-0	-0	-0	-0	-0	-0	0	-0	0.032	0.224
822.4	NaN	568	NaN	555	0	-2	361	0	0	0	402	0	0	-0	-0	-0	-0	-0	-0	0.022	0.16
822.5	NaN	572	NaN	556	0	-2	362	0	0	0	403	0	0	-0	-0	-0	-0	-0	0	0.023	0.136
822.6	NaN	569	NaN	555	0	-4	363	0	0	0	404	0	-1	0	-0	-0	-1	0	-0	0.023	0.064
822.7	NaN	568	NaN	554	0	-1	363	0	0	0	404	0	-1	-0	-0	-0	-0	0	-0	0.015	0.171
822.8	NaN	570	NaN	553	0	-5	361	0	0	0	402	0	0	-0	0	-0	-0	0	-0	0.017	0.253
822.9	NaN	574	NaN	555	0	-2	359	0	0	0	404	0	-0	0	-0	-0	-0	0	-0	0.028	0.12
823	NaN	574	NaN	554	0	-4	359	0	0	0	403	0	-1	-0	-1	-0	-1	-0	-1	0.027	0.052
823.1	NaN	573	NaN	554	0	-3	363	0	0	0	403	0	-0	-0	-0	-0	-0	0	-0	0.029	0.217
823.2	NaN	567	NaN	553	0	-3	360	0	0	0	402	0	-0	0	0	-0	0	0	0	0.022	0.224
823.3	NaN	568	NaN	554	0	-4	364	0	0	0	404	-0	-1	-0	-1	-0	-1	-0	-1	0.021	0.24
823.4	NaN	572	NaN	554	0	-2	359	0	0	0	403	0	0	-0	-1	-0	-0	0	-0	0.023	0.118
823.5	NaN	567	NaN	554	0	-2	360	0	0	0	402	-0	-1	0	-1	-0	-0	-0	-2	0.023	-0.006
823.6	NaN	568	NaN	554	0	-4	360	0	0	0	405	0	-1	-0	-1	-0	-1	-0	-1	0.025	0.268
823.7	NaN	568	NaN	554	0	-3	364	0	0	0	405	0	0	-0	0	-0	0	0	0	0.035	0.348
823.8	NaN	566	NaN	554	0	-2	364	0	0	0	404	0	-0	0	-0	-0	-0	-0	-0	0.031	0.051
823.9	NaN	573	NaN	555	0	-2	364	0	0	0	404	0	-1	-0	-1	-0	-1	-0	-0	0.033	0.143
824	NaN	570	NaN	555	0	-4	361	0	0	0	404	0	-1	0	-1	0	-1	-0	-1	0.027	0.059
824.1	NaN	566	NaN	554	0	-2	359	0	0	0	403	-0	1	-0	1	-0	1	0	1	0.035	0.249
824.2	NaN	569	NaN	554	0	-2	360	0	0	0	404	0	0	-0	-0	-0	-1	-0	-1	0.029	0.344
824.3	NaN	569	NaN	555	0	-2	362	0	0	0	404	0	0	0	0	-0	0	0	0	0.032	0.102
824.4	NaN	571	NaN	554	0	-5	361	0	0	0	405	0	-0	-0	0	-0	0	-0	1	0.032	0.026
824.5	NaN	571	NaN	554	0	-3	359	0	0	0	405	0	-1	-0	-0	-0	-1	-0	-0	0.031	0.206
824.6	NaN	567	NaN	555	0	-3	359	0	0	0	404	0	0	-0	0	-0	0	0	0	0.035	0.335
824.7	NaN	566	NaN	555	0	-3	363	0	0	0	404	0	-0	-0	-1	-0	-1	-0	-1	0.027	0.222
824.8	NaN	566	NaN	553	0	-3	363	0	0	0	403	0	0	-0	-0	-0	0	-0	-0	0.028	-0.025
824.9	NaN	571	NaN	554	0	-3	360	0	0	0	404	-0	-1	0	-0	-0	-0	-0	0	0.029	0.125
825	NaN	565	NaN	554	0	-5	362	0	0	0	404	0	-0	-0	0	-0	0	0	0	0.023	0.236
825.1	NaN	569	NaN	555	0	-4	361	0	0	0	405	0	0	0	-0	-0	-0	0	-0	0.023	0.267
825.2	NaN	564	NaN	554	0	-5	363	0	0	0	404	0	-0	-0	-0	-0	-0	0	-0	0.02	0.115
825.3	NaN	570	NaN	555	0	-5	360	0	0	0	403	0	0	-0	-0	-0	0	-0	0	0.022	0.097
825.4	NaN	563	NaN	553	0	-5	359	0	0	0	403	0	-1	0	-0	-0	-0	0	-0	0.02	0.171
825.5	NaN	573	NaN	553	0	-2	361	0	0	0	403	-0	0	-0	-0	-0	-0	-0	-0	0.022	0.218
825.6	NaN	567	NaN	555	0	-2	359	0	0	0	404	0	1	0	0	-0	0	0	-0	0.023	0.252
825.7	NaN	567	NaN	554	0	-2	365	0	0	0	405	0	0	0	0	-0	0	0	0	0.019	0.082
825.8	NaN	565	NaN	553	0	-5	362	0	0	0	403	0	-0	-0	-0	-0	-0	-0	0	0.019	0.162
825.9	NaN	570	NaN	554	0	-3	357	0	0	0	404	0	-0	-0	-0	-0	-0	-0	-0	0.017	0.205
826	NaN	567	NaN	554	0	-2	360	0	0	0	405	0	0	0	0	-0	0	-0	0	0.018	0.244
826.1	NaN	571	NaN	553	0	-3	362	0	0	0	404	0	-0	0	-0	-0	-0	0	-0	0.017	0.108
826.2	NaN	565	NaN	555	0	-4	361	0	0	0	404	0	-0	-0	0	-0	-0	0	0	0.015	0.197
826.3	NaN	564	NaN	554	0	-2	364	0	0	0	403	-0	-0	-0	-0	-0	0	0	0	0.015	0.087
826.4	NaN	567	NaN	554	0	-3	361	0	0	0	405	0	0	0	0	-0	0	0	0	0.017	0.276
826.5	NaN	566	NaN	552	0	-3	361	0	0	0	404	0	-0	-0	0	-0	-0	0	-0	0.013	0.219
826.6	NaN	564	NaN	554	0	-2	364	0	0	0	405	0	0	-0	0	-0	-0	-0	-0	0.013	0.096
826.7	NaN	569	NaN	554	0	-4	361	0	0	0	404	0	0	0	0	-0	0	0	0	0.01	0.193
826.8	NaN	565	NaN	553	0	-3	362	0	0	0	403	0	-0	0	-0	-0	0	-0	-0	0.009	0.145
826.9	NaN	566	NaN	555	0	-2	365	0	0	0	403	0	0	-0	0	-0	-0	0	-0	0.01	0.261
827	NaN	563	NaN	553	0	-2	364	0	0	0	404	-0	-1	-0	-0	-0	-0	-0	-0	0.01	0.175
827.1	NaN	565	NaN	552	0	-3	363	0	0	0	401	0	-1	-0	-1	-0	-1	-0	-1	0.01	0.122
827.2	NaN	570	NaN	553	0	-5	360	0	0	0	403	0	0	-0	0	-0	-0	-0	0	0.009	0.097
827.3	NaN	570	NaN	554	0	-5	361	0	0	0	404	0	-0	-0	0	-0	0	0	0	0.01	0.243
827.4	NaN	566	NaN	553	0	-3	362	0	0	0	405	0	-0	0	-0	-0	-0	-0	-0	0.01	0.21
827.5	NaN	568	NaN	553	0	-4	361	0	0	0	404	0	0	-0	0	-0	0	0	-0	0.012	0.148
827.6	NaN	569	NaN	553	0	-4	361	0	0	0	405	0	-0	-0	0	-0	-0	-0	-0	0.009	0.117
827.7	NaN	565	NaN	554	0	-3	363	0	0	0	404	0	0	-0	0	-0	0	0	0	0.01	0.079
827.8	NaN	567	NaN	554	0	-4	361	0	0	0	405	0	-0	0	0	-0	0	-0	0	0.009	0.232
827.9	NaN	566	NaN	553	0	-3	363	0	0	0	404	0	-1	-0	-0	-0	-0	0	-0	0.008	0.274
828	NaN	563	NaN	552	0	-3	363	0	0	0	404	0	0	0	0	-0	-0	-0	-0	0.014	0.075
828.1	NaN	564	NaN	554	0	-4	360	0	0	0	404	0	0	-0	-0	-0	-0	-0	-0	0.014	0.045
828.2	NaN	566	NaN	552	0	-5	362	0	0	0	406	0	0	0	0	-0	0	-0	0	0.015	0.165
828.3	NaN	566	NaN	551	0	-2	361	0	0	0	405	0	-0	-0	-0	-0	-0	-0	-0	0.014	0.244
828.4	NaN	564	NaN	553	0	-3	360	0	0	0	404	0	-0	-0	0	-0	0	-0	-0	0.016	0.281
828.5	NaN	571	NaN	552	0	-2	363	0	0	0	404	0	0	-0	0	-0	-0	0	-0	0.017	0.036
828.6	NaN	569	NaN	553	0	-5	360	0	0	0	404	0	1	-0	0	-0	0	-0	0	0.019	-0.015
828.7	NaN	564	NaN	551	0	-4	366	0	0	0	404	0	0	0	-0	-0	0	0	0	0.019	0.294
828.8	NaN	564	NaN	552	0	-3	360	0	0	0	406	0	-1	0	-0	-0	-0	-0	-0	0.018	0.299
828.9	NaN	564	NaN	553	0	-2	360	0	0	0	404	0	0	-0	0	-0	-0	0	-0	0.016	0.13
829	NaN	565	NaN	552	0	-2	363	0	0	0	404	0	0	0	0	-0	0	-0	0	0.015	0.073
829.1	NaN	568	NaN	552	0	-5	363	0	0	0	402	-0	0	-0	-0	-0	-0	-0	0	0.015	0.017
829.2	NaN	572	NaN	552	0	-3	364	0	0	0	402	0	-0	-0	-0	-0	0	-0	0	0.018	0.246
829.3	NaN	567	NaN	553	0	-4	362	0	0	0	405	0	-1	-0	-0	0	0	0	-0	0.016	0.402
829.4	NaN	566	NaN	553	0	-3	363	0	0	0	402	0	0	-0	0	-0	-0	0	-0	0.014	0.054
829.5	NaN	569	NaN	552	0	-2	364	0	0	0	404	0	1	0	0	-0	-0	-0	0	0.015	-0.033
829.6	NaN	564	NaN	553	0	-3	362	0	0	0	402	0	0	-0	-0	-0	-0	-0	0	0.015	0.15
829.7	NaN	565	NaN	551	0	-3	361	0	0	0	404	0	-1	0	-0	-0	-0	0	-0	0.015	0.286
829.8	NaN	569	NaN	552	0	-5	359	0	0	0	405	0	-0	0	0	-0	0	-0	-0	0.016	0.323
829.9	NaN	570	NaN	551	0	-5	360	0	0	0	405	0	0	-0	1	-0	0	0	0	0.016	0.002
830	NaN	566	NaN	552	0	-3	365	0	0	0	403	0	-2	-0	-5	-0	-4	-0	-3	0.009	-0.198
830.1	NaN	567	NaN	553	0	-4	362	0	0	0	405	0	-28	-0	-28	0	-28	-0	-27	-0.026	-0.134
830.2	NaN	562	NaN	551	0	-3	362	0	0	0	404	-0	-4	0	-6	0	-4	-0	-8	0.004	1.286
830.3	NaN	562	NaN	551	0	-5	360	0	0	0	403	-0	12	0	11	0	11	-0	11	0.033	0.144
830.4	NaN	567	NaN	551	0	-4	360	0	0	0	404	-0	-0	-0	-5	-0	-0	-0	-2	0.008	-1.171
830.5	NaN	563	NaN	550	0	-3	366	0	0	0	405	0	-67	0	-68	0	-67	-0	-66	-0.087	-0.484
830.6	NaN	563	NaN	545	0	-5	361	0	0	0	405	0	-44	0	-46	-0	-41	-0	-45	-0.057	1.526
830.7	NaN	564	NaN	539	0	-3	364	0	0	0	404	0	0	-0	9	-0	8	-0	10	0.029	0.68
830.8	NaN	570	NaN	541	0	-5	358	0	0	0	403	-0	5	0	8	-0	3	-0	6	0.015	-0.564
830.9	NaN	565	NaN	540	0	-2	363	0	0	0	404	0	-42	0	-41	-0	-41	0	-41	-0.057	-0.815
831	NaN	562	NaN	532	0	-5	360	0	0	0	404	-0	-68	-0	-69	-0	-68	0	-70	-0.101	0.393
831.1	NaN	562	NaN	547	0	-5	360	0	0	0	403	0	-11	0	-12	-0	-10	-0	-10	-0.011	1.243
831.2	NaN	562	NaN	549	0	-2	365	0	0	0	404	0	2	-0	8	-0	8	-0	7	0.024	0.411
831.3	NaN	566	NaN	544	0	-4	359	0	0	0	405	0	-1	-0	-2	-0	-3	-0	-3	-0.009	-0.741
831.4	NaN	568	NaN	550	0	-3	363	0	0	0	403	0	-49	0	-49	-0	-47	-0	-49	-0.076	-0.64
831.5	NaN	562	NaN	550	0	-3	362	0	0	0	406	-0	-54	0	-57	0	-55	0	-53	-0.083	0.885
831.6	NaN	567	NaN	552	0	-4	360	0	0	0	404	0	1	-0	1	-0	2	0	2	0.008	1.085
831.7	NaN	566	NaN	554	0	-3	361	0	0	0	404	-0	10	-0	12	-0	8	0	11	0.013	0.183
831.8	NaN	564	NaN	552	0	-4	360	0	0	0	404	-0	-0	-0	-13	0	-11	-0	-14	-0.023	-0.499
831.9	NaN	568	NaN	552	0	-3	359	0	0	0	403	0	-52	0	-54	0	-52	-0	-51	-0.079	-0.587
832	NaN	569	NaN	536	0	-3	359	0	0	0	405	-0	-34	0	-32	0	-31	0	-31	-0.055	1.4
832.1	NaN	562	NaN	533	0	-3	363	0	0	0	404	-0	0	-0	7	0	4	-0	6	0.017	0.435
832.2	NaN	566	NaN	534	0	-2	361	0	0	0	405	-0	5	0	5	0	3	0	4	0.006	-0.192
832.3	NaN	567	NaN	533	0	-5	360	0	0	0	404	-0	-18	-0	-18	0	-17	0	-18	-0.029	-0.309
832.4	NaN	565	NaN	534	0	-3	360	0	0	0	404	-0	-50	-0	-50	-0	-49	0	-51	-0.072	-0.198
832.5	NaN	561	NaN	550	0	-2	363	0	0	0	405	-0	-23	0	-21	-0	-22	-0	-18	-0.034	1.148
832.6	NaN	561	NaN	552	0	-4	360	0	0	0	404	0	10	0	10	-0	9	-0	9	0.017	0.127
832.7	NaN	564	NaN	550	0	-5	361	0	0	0	404	0	-0	-0	-4	-0	0	-0	-1	-0.009	0.011
832.8	NaN	570	NaN	551	0	-5	360	0	0	0	404	0	-0	-0	-2	-0	-2	-0	-2	0.004	0.175
832.9	NaN	566	NaN	552	0	-3	361	0	0	0	404	0	-0	-0	0	0	0	0	0	0.008	0.26
833	NaN	564	NaN	552	0	-3	361	0	0	0	404	0	0	0	-0	-0	-0	-0	-0	0.005	0.033
833.1	NaN	561	NaN	552	0	-2	364	0	0	0	404	-0	0	0	0	-0	0	0	0	0.007	0.183
833.2	NaN	568	NaN	552	0	-3	360	0	0	0	404	0	0	-0	0	-0	0	-0	0	0.007	0.136
833.3	NaN	562	NaN	552	0	-2	362	0	0	0	403	0	-0	0	0	0	-0	0	0	0.009	0.108
833.4	NaN	565	NaN	550	0	-4	361	0	0	0	404	-0	-0	0	-0	-0	-0	-0	-0	0.005	0.218
833.5	NaN	562	NaN	551	0	-2	361	0	0	0	404	0	0	0	0	-0	0	-0	0	0.008	0.117
833.6	NaN	565	NaN	551	0	-3	361	0	0	0	404	-0	-0	0	-0	0	-0	-0	-0	0.008	0.059
833.7	NaN	563	NaN	552	0	-3	363	0	0	0	403	-0	-0	0	-0	-0	-0	-0	-0	0.009	0.211
833.8	NaN	567	NaN	552	0	-3	362	0	0	0	404	0	-0	0	0	-0	0	0	0	0.011	0.314
833.9	NaN	562	NaN	551	0	-3	362	0	0	0	403	0	0	0	0	-0	0	-0	0	0.01	0.205
834	NaN	568	NaN	553	0	-5	358	0	0	0	405	0	0	0	0	0	0	-0	-0	0.009	0.104
834.1	NaN	569	NaN	553	0	-5	359	0	0	0	403	-0	0	0	-0	0	-0	-0	-0	0.009	-0.067
834.2	NaN	562	NaN	551	0	-2	364	0	0	0	404	0	-0	0	-0	-0	0	0	0	0.011	0.29
834.3	NaN	569	NaN	552	0	-5	359	0	0	0	404	0	0	-0	0	-0	0	0	0	0.014	0.419
834.4	NaN	565	NaN	552	0	-4	360	0	0	0	405	0	0	0	0	-0	0	-0	0	0.012	0.157
834.5	NaN	566	NaN	551	0	-4	361	0	0	0	403	-0	-0	-0	-1	-0	-1	-0	-1	0.008	-0.02
834.6	NaN	565	NaN	551	0	-4	360	0	0	0	404	0	-1	0	0	-0	0	-0	0	0.012	0.038
834.7	NaN	562	NaN	551	0	-2	365	0	0	0	403	-0	-0	-0	0	0	1	-0	1	0.015	0.304
834.8	NaN	562	NaN	551	0	-3	364	0	0	0	405	-0	0	0	0	-0	0	-0	1	0.013	0.45
834.9	NaN	563	NaN	551	0	-2	364	0	0	0	404	-0	0	-0	0	0	-0	-0	-0	0.013	0.095
835	NaN	563	NaN	551	0	-3	363	0	0	0	405	0	-0	-0	-0	-0	-0	-0	-1	0.012	-0.131
835.1	NaN	570	NaN	552	0	-4	359	0	0	0	405	0	-1	0	0	-0	0	-0	0	0.015	0.199
835.2	NaN	565	NaN	553	0	-4	361	0	0	0	403	0	-1	0	-0	0	0	0	0	0.015	0.377
835.3	NaN	564	NaN	553	0	-5	364	0	0	0	405	-0	1	-0	0	-0	0	0	0	0.017	0.255
835.4	NaN	561	NaN	553	0	-4	362	0	0	0	405	-0	0	0	0	0	-0	0	-0	0.014	0.011
835.5	NaN	563	NaN	552	0	-4	365	0	0	0	404	-0	-0	0	1	-0	0	-0	0	0.021	0.009
835.6	NaN	565	NaN	553	0	-3	360	0	0	0	404	0	-1	0	-2	0	-1	-0	-1	0.016	0.214
835.7	NaN	565	NaN	553	0	-5	361	0	0	0	403	0	0	0	1	-0	-0	0	1	0.024	0.343
835.8	NaN	569	NaN	551	0	-3	360	0	0	0	405	-0	0	0	0	-0	-0	0	-0	0.02	0.209
835.9	NaN	569	NaN	552	0	-5	359	0	0	0	402	-0	-1	0	-2	-0	-2	0	-1	0.018	0.01
836	NaN	567	NaN	553	0	-4	363	0	0	0	404	0	0	0	1	-0	0	-0	0	0.023	0.104
836.1	NaN	569	NaN	553	0	-5	359	0	0	0	403	0	0	-0	-1	-0	-0	-0	-0	0.02	0.282
836.2	NaN	562	NaN	552	0	-3	365	0	0	0	405	0	0	0	-1	0	0	0	-0	0.018	0.139
836.3	NaN	563	NaN	552	0	-5	363	0	0	0	404	0	0	0	0	-0	1	-0	-0	0.02	0.214
836.4	NaN	568	NaN	550	0	-3	361	0	0	0	404	0	0	0	0	-0	-0	-0	0	0.017	0.121
836.5	NaN	561	NaN	552	0	-3	362	0	0	0	402	0	0	0	1	-0	0	-0	1	0.021	0.113
836.6	NaN	565	NaN	551	0	-3	361	0	0	0	405	0	0	0	1	-0	0	0	1	0.022	0.17
836.7	NaN	563	NaN	551	0	-3	363	0	0	0	403	0	-1	0	-3	0	-0	-0	0	0.016	0.023
836.8	NaN	565	NaN	551	0	-5	363	0	0	0	403	0	0	0	1	0	0	0	1	0.025	0.214
836.9	NaN	563	NaN	552	0	-4	363	0	0	0	404	0	0	0	1	0	0	-0	1	0.026	0.306
837	NaN	564	NaN	551	0	-4	366	0	0	0	405	0	-0	0	-0	0	0	0	-0	0.02	0.069
837.1	NaN	566	NaN	550	0	-4	361	0	0	0	403	0	-1	0	0	0	-1	-0	0	0.021	0.138
837.2	NaN	570	NaN	551	0	-3	359	0	0	0	404	0	0	0	1	-0	-0	0	0	0.026	0.19
837.3	NaN	570	NaN	551	0	-5	359	0	0	0	403	0	0	0	0	0	0	-0	0	0.026	0.35
837.4	NaN	568	NaN	552	0	-4	359	0	0	0	403	0	0	0	-1	-0	0	-0	-0	0.022	-0.001
837.5	NaN	563	NaN	551	0	-3	363	0	0	0	405	0	-1	-0	0	0	-0	0	0	0.021	0.103
837.6	NaN	563	NaN	550	0	-3	363	0	0	0	404	-0	-0	0	0	-0	0	0	-0	0.022	0.349
837.7	NaN	563	NaN	550	0	-3	363	0	0	0	404	-0	-0	0	0	-0	0	0	-0	0.022	0.349
837.8	NaN	563	NaN	550	0	-3	363	0	0	0	404	-0	-0	0	0	-0	0	0	-0	0.022	0.349
837.9	NaN	563	NaN	550	0	-3	363	0	0	0	404	-0	-0	0	0	-0	0	0	-0	0.022	0.349
838	NaN	563	NaN	550	0	-3	363	0	0	0	404	-0	-0	0	0	-0	0	0	-0	0.022	0.349
838.1	NaN	563	NaN	550	0	-3	363	0	0	0	404	-0	-0	0	0	-0	0	0	-0	0.022	0.349
838.2	NaN	563	NaN	550	0	-3	363	0	0	0	404	-0	-0	0	0	-0	0	0	-0	0.022	0.349
838.3	NaN	563	NaN	550	0	-3	363	0	0	0	404	-0	-0	0	0	-0	0	0	-0	0.022	0.349
838.4	NaN	563	NaN	550	0	-3	363	0	0	0	404	-0	-0	0	0	-0	0	0	-0	0.022	0.349
838.5	NaN	563	NaN	550	0	-3	363	0	0	0	404	-0	-0	0	0	-0	0	0	-0	0.022	0.349
838.6	NaN	563	NaN	550	0	-3	363	0	0	0	404	-0	-0	0	0	-0	0	0	-0	0.022	0.349
838.7	NaN	563	NaN	550	0	-3	363	0	0	0	404	-0	-0	0	0	-0	0	0	-0	0.022	0.349
838.8	NaN	563	NaN	550	0	-3	363	0	0	0	404	-0	-0	0	0	-0	0	0	-0	0.022	0.349
838.9	NaN	563	NaN	550	0	-3	363	0	0	0	404	-0	-0	0	0	-0	0	0	-0	0.022	0.349
839	NaN	563	NaN	550	0	-3	363	0	0	0	404	-0	-0	0	0	-0	0	0	-0	0.022	0.349
839.1	NaN	563	NaN	550	0	-3	363	0	0	0	404	-0	-0	0	0	-0	0	0	-0	0.022	0.349
839.2	NaN	564	NaN	550	0	-2	365	0	0	0	404	0	0	0	-0	0	0	-0	0	0.022	0.172
839.3	NaN	564	NaN	552	0	-2	365	0	0	0	404	0	0	0	-0	0	0	-0	0	0.022	0.172
839.4	NaN	564	NaN	552	0	-2	365	0	0	0	404	0	0	0	-0	0	0	-0	0	0.022	0.172
839.5	NaN	564	NaN	552	0	-2	365	0	0	0	404	0	0	0	-0	0	0	-0	0	0.022	0.172
839.6	NaN	564	NaN	552	0	-2	365	0	0	0	404	0	0	0	-0	0	0	-0	0	0.022	0.172
839.7	NaN	564	NaN	552	0	-2	365	0	0	0	404	0	0	0	-0	0	0	-0	0	0.022	0.172
839.8	NaN	564	NaN	552	0	-2	365	0	0	0	404	0	0	0	-0	0	0	-0	0	0.022	0.172
839.9	NaN	564	NaN	552	0	-2	365	0	0	0	404	0	0	0	-0	0	0	-0	0	0.022	0.172
840	NaN	564	NaN	552	0	-2	365	0	0	0	404	0	0	0	-0	0	0	-0	0	0.022	0.172
840.1	NaN	564	NaN	552	0	-2	365	0	0	0	404	0	0	0	-0	0	0	-0	0	0.022	0.172
840.2	NaN	564	NaN	552	0	-2	365	0	0	0	404	0	0	0	-0	0	0	-0	0	0.022	0.172
840.3	NaN	564	NaN	552	0	-2	365	0	0	0	404	0	0	0	-0	0	0	-0	0	0.022	0.172
840.4	NaN	564	NaN	552	0	-2	365	0	0	0	404	0	0	0	-0	0	0	-0	0	0.022	0.172
840.5	NaN	564	NaN	552	0	-2	365	0	0	0	404	0	0	0	-0	0	0	-0	0	0.022	0.172
840.6	NaN	564	NaN	552	0	-2	365	0	0	0	404	0	0	0	-0	0	0	-0	0	0.022	0.172
840.7	NaN	564	NaN	552	0	-2	365	0	0	0	404	0	0	0	-0	0	0	-0	0	0.022	0.172
840.8	NaN	564	NaN	552	0	-2	365	0	0	0	404	0	0	0	-0	0	0	-0	0	0.022	0.172
840.9	NaN	568	NaN	551	0	-4	362	0	0	0	404	-0	0	0	0	-0	-0	-0	0	0.023	0.334
841	NaN	566	NaN	552	0	-3	362	0	0	0	402	0	0	0	0	-0	0	-0	0	0.023	0.159
841.1	NaN	568	NaN	550	0	-5	360	0	0	0	402	0	-1	0	-0	0	0	0	-0	0.023	0.071
841.2	NaN	567	NaN	552	0	-4	361	0	0	0	404	-0	0	0	0	-0	0	-0	-0	0.021	0.187
841.3	NaN	566	NaN	552	0	-4	363	0	0	0	404	0	0	0	-0	0	-0	-0	-1	0.019	0.225
841.4	NaN	565	NaN	550	0	-2	365	0	0	0	405	0	1	0	0	-0	-0	-0	1	0.024	0.208
841.5	NaN	568	NaN	551	0	-4	360	0	0	0	404	-0	-0	-0	-1	0	-1	-0	0	0.022	0.153
841.6	NaN	563	NaN	551	0	-3	361	0	0	0	405	0	-0	0	1	0	0	-0	1	0.024	0.014
841.7	NaN	568	NaN	551	0	-4	359	0	0	0	404	0	-1	0	0	0	-0	-0	0	0.022	0.25
841.8	NaN	567	NaN	551	0	-4	359	0	0	0	403	0	-0	0	1	-0	0	-0	0	0.022	0.21
841.9	NaN	567	NaN	552	0	-4	362	0	0	0	404	-0	-1	0	-1	-0	-1	-0	-1	0.018	0.242
842	NaN	565	NaN	551	0	-3	363	0	0	0	404	-0	-0	-0	0	-0	0	-0	0	0.018	-0.009
842.1	NaN	563	NaN	551	0	-2	363	0	0	0	404	-0	-0	0	1	-0	0	-0	1	0.02	0.141
842.2	NaN	567	NaN	551	0	-4	366	0	0	0	404	0	0	0	0	0	0	0	-0	0.02	0.179
842.3	NaN	562	NaN	551	0	-3	362	0	0	0	404	-0	0	0	-1	0	-0	0	-1	0.021	0.323
842.4	NaN	565	NaN	550	0	-4	362	0	0	0	402	0	-0	0	0	-0	-0	-0	0	0.019	0.237
842.5	NaN	563	NaN	551	0	-2	363	0	0	0	405	0	0	0	2	-0	0	0	2	0.023	-0.005
842.6	NaN	564	NaN	551	0	-3	364	0	0	0	402	0	0	0	-1	0	-0	-0	-0	0.016	0.092
842.7	NaN	567	NaN	551	0	-3	361	0	0	0	402	0	-0	0	-2	0	-1	-0	-2	0.02	0.394
842.8	NaN	564	NaN	552	0	-4	360	0	0	0	403	-0	0	0	-0	0	0	0	-0	0.017	0.126
842.9	NaN	563	NaN	550	0	-3	364	0	0	0	404	0	0	-0	-0	-0	0	0	0	0.018	0.156
843	NaN	566	NaN	549	0	-4	364	0	0	0	404	0	-0	0	0	0	-0	-0	-0	0.019	0.114
843.1	NaN	567	NaN	551	0	-4	361	0	0	0	403	0	-0	0	0	0	0	0	0	0.019	0.169
843.2	NaN	564	NaN	551	0	-4	365	0	0	0	403	0	0	0	-0	-0	-0	0	-0	0.019	0.273
843.3	NaN	563	NaN	552	0	-2	363	0	0	0	403	0	0	0	0	-0	-0	-0	-0	0.02	0.141
843.4	NaN	562	NaN	551	0	-3	361	0	0	0	403	0	0	0	0	-0	0	-0	0	0.019	0.105
843.5	NaN	569	NaN	550	0	-5	359	0	0	0	405	-0	-0	-0	-0	0	-0	-0	-0	0.018	0.153
843.6	NaN	565	NaN	550	0	-3	363	0	0	0	404	0	0	0	0	-0	0	-0	0	0.023	0.196
843.7	NaN	566	NaN	551	0	-4	361	0	0	0	402	0	-0	0	-0	-0	-0	-0	-0	0.021	0.153
843.8	NaN	568	NaN	550	0	-5	361	0	0	0	405	0	0	0	-0	-0	-0	-0	-0	0.025	0.181
843.9	NaN	567	NaN	551	0	-5	359	0	0	0	404	0	-0	0	0	0	0	-0	0	0.027	0.142
844	NaN	565	NaN	550	0	-5	361	0	0	0	404	0	-0	-0	-0	-0	-0	0	-0	0.02	0.148
844.1	NaN	563	NaN	550	0	-3	363	0	0	0	404	-0	0	0	0	0	0	0	0	0.022	0.236
844.2	NaN	564	NaN	551	0	-3	364	0	0	0	404	0	-0	0	-0	0	-0	0	-0	0.02	0.113
844.3	NaN	565	NaN	551	0	-5	360	0	0	0	404	0	0	0	0	-0	0	-0	0	0.022	0.088
844.4	NaN	564	NaN	551	0	-3	365	0	0	0	403	0	-0	0	0	-0	0	0	0	0.018	0.248
844.5	NaN	568	NaN	551	0	-5	360	0	0	0	404	0	-0	0	0	-0	-0	-0	-0	0.017	0.161
844.6	NaN	565	NaN	551	0	-4	362	0	0	0	404	0	0	0	-0	0	-0	-0	0	0.016	0.117
844.7	NaN	563	NaN	551	0	-3	363	0	0	0	402	0	0	0	-0	-0	0	-0	0	0.017	0.214
844.8	NaN	565	NaN	552	0	-5	360	0	0	0	404	0	-0	0	0	0	-0	-0	-0	0.016	0.181
844.9	NaN	565	NaN	549	0	-4	360	0	0	0	404	0	0	0	-0	-0	-0	-0	0	0.017	0.254
845	NaN	564	NaN	551	0	-4	361	0	0	0	404	-0	0	0	-0	0	-0	-0	-0	0.015	0.147
845.1	NaN	569	NaN	550	0	-6	360	0	0	0	402	0	-0	0	-0	0	0	0	0	0.016	0.024
845.2	NaN	561	NaN	551	0	-3	360	0	0	0	403	0	-0	0	0	-0	0	0	0	0.015	0.153
845.3	NaN	569	NaN	549	0	-5	358	0	0	0	403	-0	0	0	-0	-0	-0	0	-0	0.015	0.31
845.4	NaN	562	NaN	551	0	-2	363	0	0	0	405	0	1	0	0	-0	0	0	0	0.013	0.164
845.5	NaN	561	NaN	551	0	-2	364	0	0	0	403	0	-0	0	-1	-0	-0	-0	-0	0.011	0.054
845.6	NaN	567	NaN	552	0	-4	360	0	0	0	404	0	-0	0	0	-0	0	0	0	0.016	0.123
845.7	NaN	563	NaN	550	0	-3	362	0	0	0	402	0	-0	-0	0	0	0	-0	0	0.016	0.192
845.8	NaN	565	NaN	551	0	-4	359	0	0	0	403	-0	0	0	-0	0	-0	0	-0	0.013	0.341
845.9	NaN	565	NaN	552	0	-4	361	0	0	0	403	0	0	0	-0	-0	-0	-0	-0	0.013	0.109
846	NaN	561	NaN	551	0	-2	358	0	0	0	401	-0	-0	0	-0	0	0	-0	-0	0.009	-0.042
846.1	NaN	563	NaN	549	0	-4	362	0	0	0	402	0	-0	0	0	-0	0	0	0	0.01	0.2
846.2	NaN	567	NaN	550	0	-3	359	0	0	0	403	0	0	0	0	-0	-0	0	-0	0.008	0.381
846.3	NaN	565	NaN	551	0	-3	362	0	0	0	405	0	0	0	-0	-0	-0	-0	-0	0.007	0.153
846.4	NaN	565	NaN	551	0	-2	363	0	0	0	403	0	0	0	-0	0	-0	-0	-0	0.003	0.013
846.5	NaN	569	NaN	550	0	-2	359	0	0	0	405	0	-0	0	0	-0	0	0	0	0.004	0.031
846.6	NaN	567	NaN	550	0	-2	362	0	0	0	404	0	0	0	0	-0	-0	-0	-0	0	0.254
846.7	NaN	567	NaN	551	0	-2	360	0	0	0	403	0	1	0	-0	0	-0	-0	-0	0.002	0.432
846.8	NaN	563	NaN	551	0	-5	363	0	0	0	404	0	0	0	-0	0	0	0	-0	0.006	0.068
846.9	NaN	563	NaN	551	0	-2	360	0	0	0	405	0	-1	0	0	-0	0	-0	0	0.005	-0.126
847	NaN	566	NaN	551	0	-5	360	0	0	0	404	0	0	0	1	0	0	-0	0	0.007	0.242
847.1	NaN	562	NaN	551	0	-5	364	0	0	0	404	-0	1	0	1	0	-0	0	-0	0.008	0.305
847.2	NaN	565	NaN	551	0	-4	359	0	0	0	403	-0	-0	0	-0	0	-0	0	-0	0.003	0.15
847.3	NaN	567	NaN	551	0	-5	361	0	0	0	404	0	0	-0	-0	0	0	-0	0	0.006	0.052
847.4	NaN	565	NaN	551	0	-4	362	0	0	0	403	0	0	0	0	-0	0	0	0	0.004	-0.08
847.5	NaN	564	NaN	550	0	-3	362	0	0	0	403	0	0	-0	0	-0	-0	0	-0	0.005	0.322
847.6	NaN	561	NaN	550	0	-5	361	0	0	0	405	0	1	0	1	-0	0	-0	-0	0.004	0.393
847.7	NaN	563	NaN	550	0	-5	362	0	0	0	405	0	-0	0	-0	-0	-0	-0	-0	0.001	0.045
847.8	NaN	566	NaN	551	0	-3	359	0	0	0	404	-0	-0	0	0	0	0	0	0	0.01	-0.082
847.9	NaN	561	NaN	550	0	-5	360	0	0	0	405	0	-0	0	-0	0	0	-0	0	0.01	0.258
848	NaN	563	NaN	550	0	-3	358	0	0	0	404	-0	0	0	0	-0	-0	-0	0	0.008	0.342
848.1	NaN	561	NaN	550	0	-4	360	0	0	0	406	0	1	0	0	0	-0	-0	-0	0.007	0.211
848.2	NaN	559	NaN	549	0	-5	364	0	0	0	406	0	0	0	-0	0	0	0	-0	0.008	0.155
848.3	NaN	563	NaN	550	0	-3	364	0	0	0	406	0	0	0	-0	0	-0	-0	0	0.008	0.142
848.4	NaN	565	NaN	551	0	-4	361	0	0	0	405	0	0	0	-0	0	0	-0	-0	0.01	0.171
848.5	NaN	566	NaN	550	0	-3	365	0	0	0	406	-0	-0	0	0	0	-0	-0	-0	0.01	0.194
848.6	NaN	560	NaN	552	0	-4	363	0	0	0	406	-0	0	0	0	0	0	-0	0	0.011	0.141
848.7	NaN	567	NaN	548	0	-4	363	0	0	0	405	0	-0	0	-0	-0	0	0	-0	0.013	0.148
848.8	NaN	566	NaN	551	0	-4	362	0	0	0	406	0	0	0	0	-0	0	-0	0	0.012	0.224
848.9	NaN	559	NaN	551	0	-3	365	0	0	0	406	-0	0	-0	-0	-0	-0	-0	-0	0.011	0.108
849	NaN	561	NaN	551	0	-3	363	0	0	0	406	0	0	0	0	0	-0	0	-0	0.015	0.205
849.1	NaN	561	NaN	551	0	-3	362	0	0	0	406	0	0	0	-0	-0	-0	0	-0	0.015	0.17
849.2	NaN	564	NaN	550	0	-4	362	0	0	0	405	-0	-0	0	-0	0	0	0	0	0.015	0.066
849.3	NaN	560	NaN	550	0	-3	364	0	0	0	406	0	0	0	0	0	0	0	-0	0.017	0.23
849.4	NaN	561	NaN	550	0	-4	361	0	0	0	406	-0	0	0	0	0	-0	0	0	0.017	0.183
849.5	NaN	563	NaN	551	0	-3	365	0	0	0	406	0	0	-0	-0	-0	0	0	0	0.018	0.137
849.6	NaN	565	NaN	550	0	-5	360	0	0	0	405	-0	-0	0	-0	0	0	-0	-0	0.018	0.214
849.7	NaN	563	NaN	551	0	-3	363	0	0	0	405	-0	-0	0	-0	0	0	0	0	0.019	0.122
849.8	NaN	563	NaN	551	0	-3	361	0	0	0	406	-0	-0	0	-0	-0	0	0	-0	0.016	0.136
849.9	NaN	561	NaN	551	0	-3	360	0	0	0	405	0	-0	0	0	0	-0	0	0	0.016	0.222
850	NaN	564	NaN	550	0	-4	360	0	0	0	405	0	-0	0	-0	-0	-0	0	-0	0.02	0.132
850.1	NaN	561	NaN	551	0	-3	364	0	0	0	406	0	0	0	0	0	-0	0	-0	0.02	0.155
850.2	NaN	565	NaN	551	0	-4	360	0	0	0	403	-0	-0	0	-0	-0	0	-0	-0	0.019	0.22
850.3	NaN	560	NaN	551	0	-4	361	0	0	0	406	0	0	0	-0	0	0	0	-0	0.019	0.112
850.4	NaN	565	NaN	551	0	-4	361	0	0	0	406	0	0	0	-0	0	0	-0	-0	0.017	0.161
850.5	NaN	566	NaN	551	0	-3	359	0	0	0	406	0	-0	0	0	-0	-0	0	-0	0.018	0.169
850.6	NaN	564	NaN	550	0	-3	365	0	0	0	404	0	-0	0	-0	0	-0	-0	-0	0.015	0.116
850.7	NaN	566	NaN	550	0	-3	360	0	0	0	406	0	0	0	0	-0	0	-0	-0	0.015	0.186
850.8	NaN	561	NaN	551	0	-4	363	0	0	0	405	0	-0	0	-0	0	-0	0	-0	0.011	0.186
850.9	NaN	563	NaN	551	0	-3	361	0	0	0	405	0	0	0	0	0	0	-0	0	0.012	0.159
851	NaN	561	NaN	552	0	-4	363	0	0	0	407	-0	-0	0	-0	0	-0	0	-0	0.011	0.206
851.1	NaN	563	NaN	551	0	-3	360	0	0	0	406	0	0	0	-0	-0	0	0	0	0.011	0.131
851.2	NaN	562	NaN	551	0	-4	364	0	0	0	404	0	0	0	-0	0	-0	-0	0	0.007	0.14
851.3	NaN	563	NaN	551	0	-5	359	0	0	0	404	-0	-0	0	-0	0	-0	-0	-0	0.007	0.241
851.4	NaN	562	NaN	550	0	-5	363	0	0	0	405	0	0	0	0	-0	0	-0	0	0.006	0.136
851.5	NaN	568	NaN	551	0	-2	362	0	0	0	405	0	0	0	-0	-0	-0	-0	-0	0.005	0.146
851.6	NaN	565	NaN	551	0	-6	360	0	0	0	403	0	-0	0	0	0	-0	0	-0	0.006	0.208
851.7	NaN	560	NaN	551	0	-5	365	0	0	0	407	0	0	0	-0	-0	0	0	0	0.006	0.112
851.8	NaN	566	NaN	550	0	-3	358	0	0	0	405	0	-0	0	-0	0	0	0	0	0.004	0.185
851.9	NaN	565	NaN	550	0	-4	360	0	0	0	406	0	0	0	-0	-0	0	-0	-0	0.004	0.188
852	NaN	562	NaN	551	0	-3	360	0	0	0	406	-0	0	0	-0	0	-0	-0	0	0.005	0.147
852.1	NaN	564	NaN	551	0	-2	364	0	0	0	406	0	-0	0	-0	-0	-0	0	-0	0.005	0.187
852.2	NaN	564	NaN	550	0	-4	360	0	0	0	406	0	0	-0	0	0	0	-0	-0	0.003	0.175
852.3	NaN	561	NaN	551	0	-3	359	0	0	0	404	0	0	0	-0	0	0	0	-0	0.002	0.152
852.4	NaN	559	NaN	552	0	-3	360	0	0	0	405	0	-0	0	-0	-0	-0	-0	-0	0.006	0.203
852.5	NaN	564	NaN	551	0	-4	364	0	0	0	405	-0	-0	0	-0	-0	0	0	0	0.006	0.135
852.6	NaN	561	NaN	552	0	-5	364	0	0	0	403	-0	-0	0	0	0	-0	0	0	0.007	0.175
852.7	NaN	561	NaN	551	0	-3	360	0	0	0	405	-0	-0	-0	0	0	-0	0	-0	0.007	0.193
852.8	NaN	562	NaN	552	0	-3	363	0	0	0	405	-0	0	0	-0	0	0	0	0	0.005	0.09
852.9	NaN	560	NaN	552	0	-6	360	0	0	0	404	0	-0	0	0	0	-0	0	0	0.005	0.226
853	NaN	564	NaN	552	0	-4	360	0	0	0	406	-0	-0	0	0	-0	-0	-0	-0	0.006	0.184
853.1	NaN	563	NaN	552	0	-4	361	0	0	0	406	0	0	0	0	-0	0	0	0	0.006	0.144
853.2	NaN	561	NaN	551	0	-5	362	0	0	0	406	0	-0	0	0	-0	-0	-0	-0	-0.001	0.208
853.3	NaN	559	NaN	552	0	-3	364	0	0	0	406	0	0	0	0	-0	0	0	0	-0.001	0.145
853.4	NaN	563	NaN	552	0	-5	360	0	0	0	406	0	0	-0	-0	-0	-0	0	0	-0.002	0.157
853.5	NaN	560	NaN	551	0	-5	360	0	0	0	405	-0	-0	0	0	0	0	-0	0	-0.002	0.194
853.6	NaN	561	NaN	551	0	-3	363	0	0	0	406	0	0	0	0	-0	0	0	0	-0.001	0.152
853.7	NaN	563	NaN	552	0	-5	360	0	0	0	406	0	0	0	-0	0	-0	-0	-0	-0	0.168
853.8	NaN	563	NaN	552	0	-4	362	0	0	0	405	0	-0	0	0	0	0	-0	0	-0.004	0.215
853.9	NaN	562	NaN	551	0	-5	360	0	0	0	406	-0	0	0	-0	0	-0	-0	-0	-0.004	0.135
854	NaN	559	NaN	552	0	-4	363	0	0	0	405	-0	-0	0	-0	0	0	-0	-0	-0.003	0.182
854.1	NaN	565	NaN	552	0	-4	364	0	0	0	406	-0	-0	0	0	0	0	-0	-0	-0.003	0.193
854.2	NaN	561	NaN	551	0	-3	361	0	0	0	406	-0	0	0	-0	-0	0	0	-0	0.003	0.122
854.3	NaN	558	NaN	552	0	-2	364	0	0	0	405	-0	-0	0	0	0	0	-0	0	0.004	0.209
854.4	NaN	564	NaN	554	0	-4	360	0	0	0	404	0	-0	-0	-0	0	0	0	-0	0.005	0.156
854.5	NaN	559	NaN	552	0	-3	363	0	0	0	405	0	0	0	-0	0	-0	0	0	0.006	0.123
854.6	NaN	562	NaN	551	0	-4	360	0	0	0	405	0	-0	0	0	-0	-0	-0	-0	-0.001	0.23
854.7	NaN	563	NaN	552	0	-5	362	0	0	0	406	-0	0	0	-0	0	-0	-0	0	-0.001	0.122
854.8	NaN	560	NaN	551	0	-3	364	0	0	0	407	0	-0	0	0	0	0	0	0	-0.001	0.179
854.9	NaN	560	NaN	552	0	-3	362	0	0	0	406	0	-0	-0	-0	0	0	0	-0	-0.001	0.168
855	NaN	559	NaN	552	0	-5	363	0	0	0	407	0	0	0	-0	0	0	0	0	-0	0.153
855.1	NaN	558	NaN	553	0	-5	362	0	0	0	406	0	-0	0	-0	-0	-0	0	0	-0.001	0.167
855.2	NaN	559	NaN	551	0	-4	363	0	0	0	406	0	-1	-0	-1	-0	-0	-0	0	0.004	0.273
855.3	NaN	559	NaN	552	0	-3	364	0	0	0	407	0	0	0	1	-0	-0	-0	1	0.005	0.141
855.4	NaN	559	NaN	552	0	-5	363	0	0	0	405	-0	0	0	1	0	0	0	0	0.005	0.167
855.5	NaN	558	NaN	553	0	-4	364	0	0	0	406	-0	-1	0	-1	0	-0	-0	-0	0.002	0.144
855.6	NaN	559	NaN	552	0	-5	362	0	0	0	406	0	1	0	0	0	0	0	0	0.004	0.105
855.7	NaN	564	NaN	553	0	-3	362	0	0	0	405	0	-0	0	-0	0	-0	0	-0	0.002	0.216
855.8	NaN	562	NaN	553	0	-3	360	0	0	0	406	-0	0	0	0	0	0	-0	0	-0	0.162
855.9	NaN	560	NaN	553	0	-3	364	0	0	0	405	-0	-0	0	-0	0	-0	0	-0	-0.002	0.179
856	NaN	560	NaN	553	0	-3	360	0	0	0	406	0	0	0	0	0	0	-0	0	-0.004	0.148
856.1	NaN	563	NaN	552	0	-4	358	0	0	0	406	0	-0	0	-0	0	-0	-0	-0	-0.004	0.127
856.2	NaN	559	NaN	551	0	-4	362	0	0	0	404	0	0	0	0	0	-0	0	0	-0.004	0.243
856.3	NaN	557	NaN	553	0	-5	363	0	0	0	406	0	-0	0	-0	0	-0	-0	-0	-0.005	0.15
856.4	NaN	563	NaN	554	0	-3	361	0	0	0	404	0	-0	-0	0	-0	-0	0	-0	-0.007	0.114
856.5	NaN	563	NaN	553	0	-4	361	0	0	0	405	0	0	0	1	-0	0	0	0	-0.004	0.226
856.6	NaN	558	NaN	553	0	-5	362	0	0	0	406	0	-1	0	-0	0	-0	-0	-0	-0.008	0.09
856.7	NaN	558	NaN	552	0	-5	357	0	0	0	406	0	0	-0	0	-0	0	-0	0	-0.002	0.169
856.8	NaN	557	NaN	552	0	-5	362	0	0	0	405	0	-0	0	-0	0	-0	-0	-0	-0.002	0.217
856.9	NaN	557	NaN	552	0	-3	364	0	0	0	405	0	-0	0	-0	-0	-0	-0	-0	-0.001	0.058
857	NaN	558	NaN	552	0	-5	360	0	0	0	407	0	-0	0	-1	-0	-1	0	-1	-0.002	0.262
857.1	NaN	557	NaN	554	0	-4	361	0	0	0	406	0	-0	0	-0	0	-0	-0	0	-0	0.101
857.2	NaN	564	NaN	553	0	-3	362	0	0	0	404	0	0	0	0	-0	0	0	0	-0.002	0.16
857.3	NaN	559	NaN	552	0	-5	360	0	0	0	404	0	-0	0	0	-0	-0	-0	-0	-0.003	0.254
857.4	NaN	565	NaN	553	0	-6	360	0	0	0	405	-0	0	-0	0	-0	0	-0	-0	-0.001	0.062
857.5	NaN	563	NaN	552	0	-4	362	0	0	0	405	0	-0	0	-0	0	0	-0	-0	-0.001	0.219
857.6	NaN	559	NaN	553	0	-4	363	0	0	0	403	-0	-1	0	-1	0	-2	0	-1	-0.001	0.206
857.7	NaN	559	NaN	551	0	-4	358	0	0	0	406	0	0	0	-0	0	0	-0	-0	0.001	0.17
857.8	NaN	559	NaN	552	0	-4	361	0	0	0	404	0	0	0	0	0	-0	-0	-0	0.001	0.192
857.9	NaN	560	NaN	555	0	-3	364	0	0	0	407	-0	0	0	0	0	-0	0	-0	0.001	0.144
858	NaN	564	NaN	553	0	-5	361	0	0	0	404	-0	1	0	0	0	0	0	0	0.002	0.162
858.1	NaN	560	NaN	554	0	-3	363	0	0	0	404	0	0	0	-0	-0	-0	-0	-0	-0	0.158
858.2	NaN	565	NaN	554	0	-5	359	0	0	0	406	-0	0	-0	0	0	0	-0	0	-0.004	0.197
858.3	NaN	558	NaN	555	0	-3	363	0	0	0	406	0	-0	0	-0	0	0	0	0	-0.004	0.145
858.4	NaN	565	NaN	556	0	-6	359	0	0	0	405	0	-0	0	-0	-0	-0	0	0	-0.003	0.161
858.5	NaN	558	NaN	555	0	-4	362	0	0	0	405	-0	0	0	0	0	0	0	0	-0.002	0.165
858.6	NaN	563	NaN	554	0	-2	363	0	0	0	405	-0	-0	0	-0	0	-0	-0	-0	-0.002	0.184
858.7	NaN	559	NaN	554	0	-3	362	0	0	0	404	0	0	0	0	0	0	-0	0	-0.001	0.156
858.8	NaN	564	NaN	554	0	-5	361	0	0	0	404	0	-0	0	-0	0	-0	-0	-0	-0.002	0.171
858.9	NaN	561	NaN	555	0	-4	362	0	0	0	402	0	0	0	0	0	0	0	-0	-0.01	-0.657
859	NaN	621	NaN	554	0	8	299	0	0	0	398	0	0	0	0	0	0	0	0	-0.014	0.224
859.1	NaN	621	NaN	554	0	8	299	0	0	0	398	0	0	0	0	0	0	0	0	-0.011	0.177
859.2	NaN	621	NaN	554	0	8	299	0	0	0	398	0	0	0	0	0	0	0	0	-0.012	0.104
859.3	NaN	621	NaN	554	0	8	299	0	0	0	398	0	0	0	0	0	0	0	0	-0.008	0.218
859.4	NaN	621	NaN	554	0	8	299	0	0	0	398	0	0	0	0	0	0	0	0	-0.011	0.135
859.5	NaN	621	NaN	554	0	8	299	0	0	0	398	0	0	0	0	0	0	0	0	-0.009	0.174
859.6	NaN	621	NaN	554	0	8	299	0	0	0	398	0	0	0	0	0	0	0	0	-0.008	0.156
859.7	NaN	621	NaN	554	0	8	299	0	0	0	398	0	0	0	0	0	0	0	0	-0.008	0.172
859.8	NaN	621	NaN	554	0	8	299	0	0	0	398	0	0	0	0	0	0	0	0	-0.012	0.192
859.9	NaN	621	NaN	554	0	8	299	0	0	0	398	0	0	0	0	0	0	0	0	-0.015	0.137
860	NaN	621	NaN	554	0	8	299	0	0	0	398	0	0	0	0	0	0	0	0	-0.002	0.167
860.1	NaN	621	NaN	554	0	8	299	0	0	0	398	0	0	0	0	0	0	0	0	-0.004	0.152
860.2	NaN	621	NaN	554	0	8	299	0	0	0	398	0	0	0	0	0	0	0	0	-0.001	0.182
860.3	NaN	621	NaN	554	0	8	299	0	0	0	398	0	0	0	0	0	0	0	0	-0.002	0.147
860.4	NaN	621	NaN	554	0	8	299	0	0	0	398	0	0	0	0	0	0	0	0	-0.001	0.201
860.5	NaN	621	NaN	554	0	8	299	0	0	0	398	0	0	0	0	0	0	0	0	-0	0.169
860.6	NaN	621	NaN	554	0	8	299	0	0	0	398	0	0	0	0	0	0	0	0	-0.005	0.162
860.7	NaN	621	NaN	554	0	8	299	0	0	0	398	0	0	0	0	0	0	0	0	-0.003	0.155
860.8	NaN	621	NaN	554	0	8	299	0	0	0	398	0	0	0	0	0	0	0	0	-0.01	0.101
860.9	NaN	621	NaN	554	0	8	299	0	0	0	398	0	0	0	0	0	0	0	0	-0.007	0.213
861	NaN	621	NaN	554	0	8	299	0	0	0	398	0	0	0	0	0	0	0	0	-0.01	0.087
861.1	NaN	621	NaN	554	0	8	299	0	0	0	398	0	0	0	0	0	0	0	0	-0.012	0.179
861.2	NaN	621	NaN	554	0	8	299	0	0	0	398	0	0	0	0	0	0	0	0	-0.005	0.218
861.3	NaN	621	NaN	554	0	8	299	0	0	0	398	0	0	0	0	0	0	0	0	-0.005	0.146
861.4	NaN	621	NaN	554	0	8	299	0	0	0	398	0	0	0	0	0	0	0	0	-0.009	0.182
861.5	NaN	621	NaN	554	0	8	299	0	0	0	398	0	0	0	0	0	0	0	0	-0.01	0.152
861.6	NaN	621	NaN	554	0	8	299	0	0	0	398	0	0	0	0	0	0	0	0	-0.009	0.164
861.7	NaN	621	NaN	554	0	8	299	0	0	0	398	0	0	0	0	0	0	0	0	-0.014	0.161
861.8	NaN	621	NaN	554	0	8	299	0	0	0	398	0	0	0	0	0	0	0	0	-0.01	0.17
861.9	NaN	621	NaN	554	0	8	299	0	0	0	398	0	0	0	0	0	0	0	0	-0.012	0.164
862	NaN	621	NaN	554	0	8	299	0	0	0	398	0	0	0	0	0	0	0	0	-0.011	0.18
862.1	NaN	621	NaN	554	0	8	299	0	0	0	398	0	0	0	0	0	0	0	0	-0.01	0.161
862.2	NaN	621	NaN	554	0	8	299	0	0	0	398	0	0	0	0	0	0	0	0	-0.009	0.181
862.3	NaN	621	NaN	554	0	8	299	0	0	0	398	0	0	0	0	0	0	0	0	-0.008	0.148
862.4	NaN	621	NaN	554	0	8	299	0	0	0	398	0	0	0	0	0	0	0	0	-0.01	0.15
862.5	NaN	621	NaN	554	0	8	299	0	0	0	398	0	0	0	0	0	0	0	0	-0.01	0.16
862.6	NaN	621	NaN	554	0	8	299	0	0	0	398	0	0	0	0	0	0	0	0	-0.01	0.19
862.7	NaN	621	NaN	554	0	8	299	0	0	0	398	0	0	0	0	0	0	0	0	-0.007	0.169
862.8	NaN	621	NaN	554	0	8	299	0	0	0	398	0	0	0	0	0	0	0	0	-0.007	0.153
862.9	NaN	621	NaN	554	0	8	299	0	0	0	398	0	0	0	0	0	0	0	0	-0.005	0.177
863	NaN	621	NaN	554	0	8	299	0	0	0	398	0	0	0	0	0	0	0	0	-0.004	0.163
863.1	NaN	621	NaN	554	0	8	299	0	0	0	398	0	0	0	0	0	0	0	0	-0.003	0.195
863.2	NaN	621	NaN	554	0	8	299	0	0	0	398	0	0	0	0	0	0	0	0	-0.001	0.184
863.3	NaN	621	NaN	554	0	8	299	0	0	0	398	0	0	0	0	0	0	0	0	-0.002	0.154
863.4	NaN	621	NaN	554	0	8	299	0	0	0	398	0	0	0	0	0	0	0	0	-0.004	0.151
863.5	NaN	621	NaN	554	0	8	299	0	0	0	398	0	0	0	0	0	0	0	0	-0.005	0.161
863.6	NaN	621	NaN	554	0	8	299	0	0	0	398	0	0	0	0	0	0	0	0	-0.003	0.161
863.7	NaN	621	NaN	554	0	8	299	0	0	0	398	0	0	0	0	0	0	0	0	-0.003	0.168
863.8	NaN	621	NaN	554	0	8	299	0	0	0	398	0	0	0	0	0	0	0	0	-0.003	0.171
863.9	NaN	621	NaN	554	0	8	299	0	0	0	398	0	0	0	0	0	0	0	0	-0.005	0.111
864	NaN	621	NaN	554	0	8	299	0	0	0	398	0	0	0	0	0	0	0	0	0.001	0.208
864.1	NaN	621	NaN	554	0	8	299	0	0	0	398	0	0	0	0	0	0	0	0	-0.002	0.129
864.2	NaN	621	NaN	554	0	8	299	0	0	0	398	0	0	0	0	0	0	0	0	0.001	0.173
864.3	NaN	621	NaN	554	0	8	299	0	0	0	398	0	0	0	0	0	0	0	0	-0.001	0.163
864.4	NaN	621	NaN	554	0	8	299	0	0	0	398	0	0	0	0	0	0	0	0	0.001	0.166
864.5	NaN	621	NaN	554	0	8	299	0	0	0	398	0	0	0	0	0	0	0	0	0	0.189
864.6	NaN	621	NaN	554	0	8	299	0	0	0	398	0	0	0	0	0	0	0	0	0.001	0.159
864.7	NaN	621	NaN	554	0	8	299	0	0	0	398	0	0	0	0	0	0	0	0	0.001	0.182
864.8	NaN	621	NaN	554	0	8	299	0	0	0	398	0	0	0	0	0	0	0	0	0.002	0.154
864.9	NaN	621	NaN	554	0	8	299	0	0	0	398	0	0	0	0	0	0	0	0	0.003	0.196
865	NaN	621	NaN	554	0	8	299	0	0	0	398	0	0	0	0	0	0	0	0	0.004	0.186
865.1	NaN	621	NaN	554	0	8	299	0	0	0	398	0	0	0	0	0	0	0	0	0.004	0.174
865.2	NaN	621	NaN	554	0	8	299	0	0	0	398	0	0	0	0	0	0	0	0	0.005	0.169
865.3	NaN	621	NaN	554	0	8	299	0	0	0	398	0	0	0	0	0	0	0	0	0.005	0.148
865.4	NaN	621	NaN	554	0	8	299	0	0	0	398	0	0	0	0	0	0	0	0	0.006	0.164
865.5	NaN	621	NaN	554	0	8	299	0	0	0	398	0	0	0	0	0	0	0	0	0.006	0.165
865.6	NaN	621	NaN	554	0	8	299	0	0	0	398	0	0	0	0	0	0	0	0	0.007	0.139
865.7	NaN	621	NaN	554	0	8	299	0	0	0	398	0	0	0	0	0	0	0	0	0.007	0.138
865.8	NaN	621	NaN	554	0	8	299	0	0	0	398	0	0	0	0	0	0	0	0	0.005	0.166
865.9	NaN	621	NaN	554	0	8	299	0	0	0	398	0	0	0	0	0	0	0	0	0.008	0.134
866	NaN	621	NaN	554	0	8	299	0	0	0	398	0	0	0	0	0	0	0	0	0.002	0.185
866.1	NaN	621	NaN	554	0	8	299	0	0	0	398	0	0	0	0	0	0	0	0	0.008	0.138
866.2	NaN	621	NaN	554	0	8	299	0	0	0	398	0	0	0	0	0	0	0	0	0.005	0.179
866.3	NaN	621	NaN	554	0	8	299	0	0	0	398	0	0	0	0	0	0	0	0	0.007	0.169
866.4	NaN	621	NaN	554	0	8	299	0	0	0	398	0	0	0	0	0	0	0	0	0.005	0.183
866.5	NaN	621	NaN	554	0	8	299	0	0	0	398	0	0	0	0	0	0	0	0	0.006	0.184
866.6	NaN	621	NaN	554	0	8	299	0	0	0	398	0	0	0	0	0	0	0	0	0.004	0.178
866.7	NaN	621	NaN	554	0	8	299	0	0	0	398	0	0	0	0	0	0	0	0	0.006	0.165
866.8	NaN	621	NaN	554	0	8	299	0	0	0	398	0	0	0	0	0	0	0	0	0.008	0.166
866.9	NaN	621	NaN	554	0	8	299	0	0	0	398	0	0	0	0	0	0	0	0	0.008	0.162
867	NaN	621	NaN	554	0	8	299	0	0	0	398	0	0	0	0	0	0	0	0	0.01	0.152
867.1	NaN	621	NaN	554	0	8	299	0	0	0	398	0	0	0	0	0	0	0	0	0.01	0.2
867.2	NaN	621	NaN	554	0	8	299	0	0	0	398	0	0	0	0	0	0	0	0	0.007	0.178
867.3	NaN	621	NaN	554	0	8	299	0	0	0	398	0	0	0	0	0	0	0	0	0.008	0.187
867.4	NaN	621	NaN	554	0	8	299	0	0	0	398	0	0	0	0	0	0	0	0	0.007	0.172
867.5	NaN	621	NaN	554	0	8	299	0	0	0	398	0	0	0	0	0	0	0	0	0.007	0.154
867.6	NaN	621	NaN	554	0	8	299	0	0	0	398	0	0	0	0	0	0	0	0	0.006	0.206
867.7	NaN	621	NaN	554	0	8	299	0	0	0	398	0	0	0	0	0	0	0	0	0.006	0.151
867.8	NaN	621	NaN	554	0	8	299	0	0	0	398	0	0	0	0	0	0	0	0	0.003	0.173
867.9	NaN	621	NaN	554	0	8	299	0	0	0	398	0	0	0	0	0	0	0	0	0.005	0.161
868	NaN	621	NaN	554	0	8	299	0	0	0	398	0	0	0	0	0	0	0	0	0.001	0.174
868.1	NaN	621	NaN	554	0	8	299	0	0	0	398	0	0	0	0	0	0	0	0	0.003	0.135
868.2	NaN	621	NaN	554	0	8	299	0	0	0	398	0	0	0	0	0	0	0	0	0.003	0.18
868.3	NaN	621	NaN	554	0	8	299	0	0	0	398	0	0	0	0	0	0	0	0	0.003	0.185
868.4	NaN	621	NaN	554	0	8	299	0	0	0	398	0	0	0	0	0	0	0	0	0.004	0.185
868.5	NaN	621	NaN	554	0	8	299	0	0	0	398	0	0	0	0	0	0	0	0	0.004	0.162
868.6	NaN	621	NaN	554	0	8	299	0	0	0	398	0	0	0	0	0	0	0	0	0.005	0.177
868.7	NaN	621	NaN	554	0	8	299	0	0	0	398	0	0	0	0	0	0	0	0	0.005	0.174
868.8	NaN	621	NaN	554	0	8	299	0	0	0	398	0	0	0	0	0	0	0	0	0.006	0.141
868.9	NaN	621	NaN	554	0	8	299	0	0	0	398	0	0	0	0	0	0	0	0	0.006	0.184
869	NaN	621	NaN	554	0	8	299	0	0	0	398	0	0	0	0	0	0	0	0	0.003	0.169
869.1	NaN	621	NaN	554	0	8	299	0	0	0	398	0	0	0	0	0	0	0	0	0.003	0.183
869.2	NaN	621	NaN	554	0	8	299	0	0	0	398	0	0	0	0	0	0	0	0	0.002	0.16
869.3	NaN	621	NaN	554	0	8	299	0	0	0	398	0	0	0	0	0	0	0	0	0.002	0.144
869.4	NaN	621	NaN	554	0	8	299	0	0	0	398	0	0	0	0	0	0	0	0	0.004	0.19
869.5	NaN	621	NaN	554	0	8	299	0	0	0	398	0	0	0	0	0	0	0	0	0.002	0.124
869.6	NaN	621	NaN	554	0	8	299	0	0	0	398	0	0	0	0	0	0	0	0	-0.001	0.15
869.7	NaN	621	NaN	554	0	8	299	0	0	0	398	0	0	0	0	0	0	0	0	0	0.172
869.8	NaN	621	NaN	554	0	8	299	0	0	0	398	0	0	0	0	0	0	0	0	0.001	0.184
869.9	NaN	621	NaN	554	0	8	299	0	0	0	398	0	0	0	0	0	0	0	0	0.001	0.176
870	NaN	621	NaN	554	0	8	299	0	0	0	398	0	0	0	0	0	0	0	0	0.001	0.173
870.1	NaN	621	NaN	554	0	8	299	0	0	0	398	0	0	0	0	0	0	0	0	0.001	0.154
870.2	NaN	621	NaN	554	0	8	299	0	0	0	398	0	0	0	0	0	0	0	0	0	0.175
870.3	NaN	621	NaN	554	0	8	299	0	0	0	398	0	0	0	0	0	0	0	0	0.001	0.166
870.4	NaN	621	NaN	554	0	8	299	0	0	0	398	0	0	0	0	0	0	0	0	-0	0.206
870.5	NaN	621	NaN	554	0	8	299	0	0	0	398	0	0	0	0	0	0	0	0	-0.001	0.155
870.6	NaN	621	NaN	554	0	8	299	0	0	0	398	0	0	0	0	0	0	0	0	0.002	0.166
870.7	NaN	621	NaN	554	0	8	299	0	0	0	398	0	0	0	0	0	0	0	0	0.008	0.177
870.8	NaN	621	NaN	554	0	8	299	0	0	0	398	0	0	0	0	0	0	0	0	0.005	0.143
870.9	NaN	621	NaN	554	0	8	299	0	0	0	398	0	0	0	0	0	0	0	0	0.005	0.124
871	NaN	621	NaN	554	0	8	299	0	0	0	398	0	0	0	0	0	0	0	0	0.007	0.195
871.1	NaN	621	NaN	554	0	8	299	0	0	0	398	0	0	0	0	0	0	0	0	0.006	0.141
871.2	NaN	621	NaN	554	0	8	299	0	0	0	398	0	0	0	0	0	0	0	0	0.008	0.151
871.3	NaN	621	NaN	554	0	8	299	0	0	0	398	0	0	0	0	0	0	0	0	0.008	0.175
871.4	NaN	621	NaN	554	0	8	299	0	0	0	398	0	0	0	0	0	0	0	0	0.004	0.169
871.5	NaN	621	NaN	554	0	8	299	0	0	0	398	0	0	0	0	0	0	0	0	0.005	0.168
871.6	NaN	621	NaN	554	0	8	299	0	0	0	398	0	0	0	0	0	0	0	0	0.004	0.151
871.7	NaN	621	NaN	554	0	8	299	0	0	0	398	0	0	0	0	0	0	0	0	0.005	0.155
871.8	NaN	621	NaN	554	0	8	299	0	0	0	398	0	0	0	0	0	0	0	0	0.003	0.192
871.9	NaN	621	NaN	554	0	8	299	0	0	0	398	0	0	0	0	0	0	0	0	0.002	0.162
872	NaN	621	NaN	554	0	8	299	0	0	0	398	0	0	0	0	0	0	0	0	0.007	0.155
872.1	NaN	621	NaN	554	0	8	299	0	0	0	398	0	0	0	0	0	0	0	0	0.007	0.168
872.2	NaN	621	NaN	554	0	8	299	0	0	0	398	0	0	0	0	0	0	0	0	-0.002	0.173
872.3	NaN	621	NaN	554	0	8	299	0	0	0	398	0	0	0	0	0	0	0	0	-0.002	0.162
872.4	NaN	621	NaN	554	0	8	299	0	0	0	398	0	0	0	0	0	0	0	0	0.001	0.178
872.5	NaN	621	NaN	554	0	8	299	0	0	0	398	0	0	0	0	0	0	0	0	0.002	0.161
872.6	NaN	621	NaN	554	0	8	299	0	0	0	398	0	0	0	0	0	0	0	0	0.002	0.175
872.7	NaN	621	NaN	554	0	8	299	0	0	0	398	0	0	0	0	0	0	0	0	0.006	0.178
872.8	NaN	621	NaN	554	0	8	299	0	0	0	398	0	0	0	0	0	0	0	0	0.002	0.162
872.9	NaN	621	NaN	554	0	8	299	0	0	0	398	0	0	0	0	0	0	0	0	0.003	0.171
873	NaN	621	NaN	554	0	8	299	0	0	0	398	0	0	0	0	0	0	0	0	0.004	0.164
873.1	NaN	621	NaN	554	0	8	299	0	0	0	398	0	0	0	0	0	0	0	0	0.005	0.166
873.2	NaN	621	NaN	554	0	8	299	0	0	0	398	0	0	0	0	0	0	0	0	0.004	0.18
873.3	NaN	621	NaN	554	0	8	299	0	0	0	398	0	0	0	0	0	0	0	0	0.006	0.167
873.4	NaN	621	NaN	554	0	8	299	0	0	0	398	0	0	0	0	0	0	0	0	0.007	0.205
873.5	NaN	621	NaN	554	0	8	299	0	0	0	398	0	0	0	0	0	0	0	0	0.007	0.16
873.6	NaN	621	NaN	554	0	8	299	0	0	0	398	0	0	0	0	0	0	0	0	0.009	0.129
873.7	NaN	621	NaN	554	0	8	299	0	0	0	398	0	0	0	0	0	0	0	0	0.011	0.127
873.8	NaN	621	NaN	554	0	8	299	0	0	0	398	0	0	0	0	0	0	0	0	0.006	0.288
873.9	NaN	621	NaN	554	0	8	299	0	0	0	398	0	0	0	0	0	0	0	0	0.012	0.17
874	NaN	621	NaN	554	0	8	299	0	0	0	398	0	0	0	0	0	0	0	0	0.009	0.191
874.1	NaN	621	NaN	554	0	8	299	0	0	0	398	0	0	0	0	0	0	0	0	0.011	0.157
874.2	NaN	621	NaN	554	0	8	299	0	0	0	398	0	0	0	0	0	0	0	0	0.011	0.176
874.3	NaN	621	NaN	554	0	8	299	0	0	0	398	0	0	0	0	0	0	0	0	0.014	0.13
874.4	NaN	621	NaN	554	0	8	299	0	0	0	398	0	0	0	0	0	0	0	0	0.012	0.194
874.5	NaN	621	NaN	554	0	8	299	0	0	0	398	0	0	0	0	0	0	0	0	0.011	0.167
874.6	NaN	621	NaN	554	0	8	299	0	0	0	398	0	0	0	0	0	0	0	0	0.01	0.147
874.7	NaN	621	NaN	554	0	8	299	0	0	0	398	0	0	0	0	0	0	0	0	0.013	0.17
874.8	NaN	621	NaN	554	0	8	299	0	0	0	398	0	0	0	0	0	0	0	0	0.008	0.137
874.9	NaN	621	NaN	554	0	8	299	0	0	0	398	0	0	0	0	0	0	0	0	0.01	0.179
875	NaN	621	NaN	554	0	8	299	0	0	0	398	0	0	0	0	0	0	0	0	0.009	0.176
875.1	NaN	621	NaN	554	0	8	299	0	0	0	398	0	0	0	0	0	0	0	0	0.01	0.173
875.2	NaN	621	NaN	554	0	8	299	0	0	0	398	0	0	0	0	0	0	0	0	0.011	0.153
875.3	NaN	621	NaN	554	0	8	299	0	0	0	398	0	0	0	0	0	0	0	0	0.012	0.192
875.4	NaN	621	NaN	554	0	8	299	0	0	0	398	0	0	0	0	0	0	0	0	0.01	0.153
875.5	NaN	621	NaN	554	0	8	299	0	0	0	398	0	0	0	0	0	0	0	0	0.014	0.136
875.6	NaN	621	NaN	554	0	8	299	0	0	0	398	0	0	0	0	0	0	0	0	0.015	0.169
875.7	NaN	621	NaN	554	0	8	299	0	0	0	398	0	0	0	0	0	0	0	0	0.014	0.186
875.8	NaN	621	NaN	554	0	8	299	0	0	0	398	0	0	0	0	0	0	0	0	0.015	0.089
875.9	NaN	621	NaN	554	0	8	299	0	0	0	398	0	0	0	0	0	0	0	0	0.016	0.248
876	NaN	621	NaN	554	0	8	299	0	0	0	398	0	0	0	0	0	0	0	0	0.019	0.082
876.1	NaN	621	NaN	554	0	8	299	0	0	0	398	0	0	0	0	0	0	0	0	0.014	0.21
876.2	NaN	621	NaN	554	0	8	299	0	0	0	398	0	0	0	0	0	0	0	0	0.018	0.145
876.3	NaN	621	NaN	554	0	8	299	0	0	0	398	0	0	0	0	0	0	0	0	0.016	0.173
876.4	NaN	621	NaN	554	0	8	299	0	0	0	398	0	0	0	0	0	0	0	0	0.017	0.167
876.5	NaN	621	NaN	554	0	8	299	0	0	0	398	0	0	0	0	0	0	0	0	0.017	0.198
876.6	NaN	621	NaN	554	0	8	299	0	0	0	398	0	0	0	0	0	0	0	0	0.018	0.189
876.7	NaN	621	NaN	554	0	8	299	0	0	0	398	0	0	0	0	0	0	0	0	0.016	0.17
876.8	NaN	621	NaN	554	0	8	299	0	0	0	398	0	0	0	0	0	0	0	0	0.015	0.158
876.9	NaN	621	NaN	554	0	8	299	0	0	0	398	0	0	0	0	0	0	0	0	0.015	0.191
877	NaN	621	NaN	554	0	8	299	0	0	0	398	0	0	0	0	0	0	0	0	0.015	0.122
877.1	NaN	621	NaN	554	0	8	299	0	0	0	398	0	0	0	0	0	0	0	0	0.016	0.205
877.2	NaN	621	NaN	554	0	8	299	0	0	0	398	0	0	0	0	0	0	0	0	0.016	0.167
877.3	NaN	621	NaN	554	0	8	299	0	0	0	398	0	0	0	0	0	0	0	0	0.019	0.183
877.4	NaN	621	NaN	554	0	8	299	0	0	0	398	0	0	0	0	0	0	0	0	0.014	0.217
877.5	NaN	621	NaN	554	0	8	299	0	0	0	398	0	0	0	0	0	0	0	0	0.018	0.11
877.6	NaN	621	NaN	554	0	8	299	0	0	0	398	0	0	0	0	0	0	0	0	0.013	0.19
877.7	NaN	621	NaN	554	0	8	299	0	0	0	398	0	0	0	0	0	0	0	0	0.015	0.141
877.8	NaN	621	NaN	554	0	8	299	0	0	0	398	0	0	0	0	0	0	0	0	0.011	0.206
877.9	NaN	621	NaN	554	0	8	299	0	0	0	398	0	0	0	0	0	0	0	0	0.014	0.148
878	NaN	621	NaN	554	0	8	299	0	0	0	398	0	0	0	0	0	0	0	0	0.014	0.239
878.1	NaN	621	NaN	554	0	8	299	0	0	0	398	0	0	0	0	0	0	0	0	0.014	0.155
878.2	NaN	621	NaN	554	0	8	299	0	0	0	398	0	0	0	0	0	0	0	0	0.013	0.104
878.3	NaN	621	NaN	554	0	8	299	0	0	0	398	0	0	0	0	0	0	0	0	0.016	0.2
878.4	NaN	621	NaN	554	0	8	299	0	0	0	398	0	0	0	0	0	0	0	0	0.011	0.126
878.5	NaN	621	NaN	554	0	8	299	0	0	0	398	0	0	0	0	0	0	0	0	0.013	0.173
878.6	NaN	621	NaN	554	0	8	299	0	0	0	398	0	0	0	0	0	0	0	0	0.009	0.14
878.7	NaN	621	NaN	554	0	8	299	0	0	0	398	0	0	0	0	0	0	0	0	0.012	0.176
878.8	NaN	621	NaN	554	0	8	299	0	0	0	398	0	0	0	0	0	0	0	0	0.013	0.241
878.9	NaN	621	NaN	554	0	8	299	0	0	0	398	0	0	0	0	0	0	0	0	0.013	0.091
879	NaN	621	NaN	554	0	8	299	0	0	0	398	0	0	0	0	0	0	0	0	0.017	0.187
879.1	NaN	621	NaN	554	0	8	299	0	0	0	398	0	0	0	0	0	0	0	0	0.014	0.193
879.2	NaN	621	NaN	554	0	8	299	0	0	0	398	0	0	0	0	0	0	0	0	0.018	0.143
879.3	NaN	621	NaN	554	0	8	299	0	0	0	398	0	0	0	0	0	0	0	0	0.018	0.197
879.4	NaN	621	NaN	554	0	8	299	0	0	0	398	0	0	0	0	0	0	0	0	0.016	0.182
879.5	NaN	621	NaN	554	0	8	299	0	0	0	398	0	0	0	0	0	0	0	0	0.017	0.141
879.6	NaN	621	NaN	554	0	8	299	0	0	0	398	0	0	0	0	0	0	0	0	0.018	0.191
879.7	NaN	621	NaN	554	0	8	299	0	0	0	398	0	0	0	0	0	0	0	0	0.018	0.168
879.8	NaN	621	NaN	554	0	8	299	0	0	0	398	0	0	0	0	0	0	0	0	0.018	0.187
879.9	NaN	621	NaN	554	0	8	299	0	0	0	398	0	0	0	0	0	0	0	0	0.017	0.176
880	NaN	621	NaN	554	0	8	299	0	0	0	398	0	0	0	0	0	0	0	0	0.022	0.121
880.1	NaN	621	NaN	554	0	8	299	0	0	0	398	0	0	0	0	0	0	0	0	0.022	0.198
880.2	NaN	621	NaN	554	0	8	299	0	0	0	398	0	0	0	0	0	0	0	0	0.021	0.19
880.3	NaN	621	NaN	554	0	8	299	0	0	0	398	0	0	0	0	0	0	0	0	0.02	0.179
880.4	NaN	621	NaN	554	0	8	299	0	0	0	398	0	0	0	0	0	0	0	0	0.022	0.155
880.5	NaN	621	NaN	554	0	8	299	0	0	0	398	0	0	0	0	0	0	0	0	0.017	0.133
880.6	NaN	621	NaN	554	0	8	299	0	0	0	398	0	0	0	0	0	0	0	0	0.017	0.18
880.7	NaN	621	NaN	554	0	8	299	0	0	0	398	0	0	0	0	0	0	0	0	0.016	0.168
880.8	NaN	621	NaN	554	0	8	299	0	0	0	398	0	0	0	0	0	0	0	0	0.015	0.17
880.9	NaN	621	NaN	554	0	8	299	0	0	0	398	0	0	0	0	0	0	0	0	0.016	0.149
881	NaN	621	NaN	554	0	8	299	0	0	0	398	0	0	0	0	0	0	0	0	0.014	0.227
881.1	NaN	621	NaN	554	0	8	299	0	0	0	398	0	0	0	0	0	0	0	0	0.013	0.255
881.2	NaN	621	NaN	554	0	8	299	0	0	0	398	0	0	0	0	0	0	0	0	0.013	0.127
881.3	NaN	621	NaN	554	0	8	299	0	0	0	398	0	0	0	0	0	0	0	0	0.015	0.178
881.4	NaN	621	NaN	554	0	8	299	0	0	0	398	0	0	0	0	0	0	0	0	0.013	0.135
881.5	NaN	621	NaN	554	0	8	299	0	0	0	398	0	0	0	0	0	0	0	0	0.015	0.152
881.6	NaN	621	NaN	554	0	8	299	0	0	0	398	0	0	0	0	0	0	0	0	0.013	0.185
881.7	NaN	621	NaN	554	0	8	299	0	0	0	398	0	0	0	0	0	0	0	0	0.013	0.164
881.8	NaN	621	NaN	554	0	8	299	0	0	0	398	0	0	0	0	0	0	0	0	0.013	0.149
881.9	NaN	621	NaN	554	0	8	299	0	0	0	398	0	0	0	0	0	0	0	0	0.013	0.195
882	NaN	621	NaN	554	0	8	299	0	0	0	398	0	0	0	0	0	0	0	0	0.011	0.172
882.1	NaN	621	NaN	554	0	8	299	0	0	0	398	0	0	0	0	0	0	0	0	0.012	0.168
882.2	NaN	621	NaN	554	0	8	299	0	0	0	398	0	0	0	0	0	0	0	0	0.012	0.147
882.3	NaN	621	NaN	554	0	8	299	0	0	0	398	0	0	0	0	0	0	0	0	0.012	0.175
882.4	NaN	621	NaN	554	0	8	299	0	0	0	398	0	0	0	0	0	0	0	0	0.01	0.162
882.5	NaN	621	NaN	554	0	8	299	0	0	0	398	0	0	0	0	0	0	0	0	0.011	0.174
882.6	NaN	621	NaN	554	0	8	299	0	0	0	398	0	0	0	0	0	0	0	0	0.011	0.157
882.7	NaN	621	NaN	554	0	8	299	0	0	0	398	0	0	0	0	0	0	0	0	0.012	0.169
882.8	NaN	621	NaN	554	0	8	299	0	0	0	398	0	0	0	0	0	0	0	0	0.01	0.141
882.9	NaN	621	NaN	554	0	8	299	0	0	0	398	0	0	0	0	0	0	0	0	0.011	0.212
883	NaN	621	NaN	554	0	8	299	0	0	0	398	0	0	0	0	0	0	0	0	0.012	0.165
883.1	NaN	621	NaN	554	0	8	299	0	0	0	398	0	0	0	0	0	0	0	0	0.013	0.183
883.2	NaN	621	NaN	554	0	8	299	0	0	0	398	0	0	0	0	0	0	0	0	0.009	0.159
883.3	NaN	621	NaN	554	0	8	299	0	0	0	398	0	0	0	0	0	0	0	0	0.009	0.203
883.4	NaN	621	NaN	554	0	8	299	0	0	0	398	0	0	0	0	0	0	0	0	0.011	0.198
883.5	NaN	621	NaN	554	0	8	299	0	0	0	398	0	0	0	0	0	0	0	0	0.01	0.148
883.6	NaN	621	NaN	554	0	8	299	0	0	0	398	0	0	0	0	0	0	0	0	0.008	0.117
883.7	NaN	621	NaN	554	0	8	299	0	0	0	398	0	0	0	0	0	0	0	0	0.012	0.261
883.8	NaN	621	NaN	554	0	8	299	0	0	0	398	0	0	0	0	0	0	0	0	0.007	0.174
883.9	NaN	621	NaN	554	0	8	299	0	0	0	398	0	0	0	0	0	0	0	0	0.008	0.124
884	NaN	621	NaN	554	0	8	299	0	0	0	398	0	0	0	0	0	0	0	0	0.009	0.215
884.1	NaN	621	NaN	554	0	8	299	0	0	0	398	0	0	0	0	0	0	0	0	0.009	0.174
884.2	NaN	621	NaN	554	0	8	299	0	0	0	398	0	0	0	0	0	0	0	0	0.004	0.148
884.3	NaN	621	NaN	554	0	8	299	0	0	0	398	0	0	0	0	0	0	0	0	0.006	0.168
884.4	NaN	621	NaN	554	0	8	299	0	0	0	398	0	0	0	0	0	0	0	0	0.005	0.158
884.5	NaN	621	NaN	554	0	8	299	0	0	0	398	0	0	0	0	0	0	0	0	0.004	0.181
884.6	NaN	621	NaN	554	0	8	299	0	0	0	398	0	0	0	0	0	0	0	0	0.005	0.176
884.7	NaN	621	NaN	554	0	8	299	0	0	0	398	0	0	0	0	0	0	0	0	0.007	0.169
884.8	NaN	621	NaN	554	0	8	299	0	0	0	398	0	0	0	0	0	0	0	0	0.005	0.191
884.9	NaN	621	NaN	554	0	8	299	0	0	0	398	0	0	0	0	0	0	0	0	0.005	0.163
885	NaN	621	NaN	554	0	8	299	0	0	0	398	0	0	0	0	0	0	0	0	0.004	0.228
885.1	NaN	621	NaN	554	0	8	299	0	0	0	398	0	0	0	0	0	0	0	0	0.006	0.113
885.2	NaN	621	NaN	554	0	8	299	0	0	0	398	0	0	0	0	0	0	0	0	0.005	0.175
885.3	NaN	621	NaN	554	0	8	299	0	0	0	398	0	0	0	0	0	0	0	0	0.005	0.142
885.4	NaN	621	NaN	554	0	8	299	0	0	0	398	0	0	0	0	0	0	0	0	0.008	0.191
885.5	NaN	621	NaN	554	0	8	299	0	0	0	398	0	0	0	0	0	0	0	0	0.008	0.171
885.6	NaN	621	NaN	554	0	8	299	0	0	0	398	0	0	0	0	0	0	0	0	0.002	0.195
885.7	NaN	621	NaN	554	0	8	299	0	0	0	398	0	0	0	0	0	0	0	0	0.004	0.124
885.8	NaN	621	NaN	554	0	8	299	0	0	0	398	0	0	0	0	0	0	0	0	0.002	0.203
885.9	NaN	621	NaN	554	0	8	299	0	0	0	398	0	0	0	0	0	0	0	0	0.003	0.099
886	NaN	621	NaN	554	0	8	299	0	0	0	398	0	0	0	0	0	0	0	0	0.005	0.188
886.1	NaN	621	NaN	554	0	8	299	0	0	0	398	0	0	0	0	0	0	0	0	0.005	0.166
886.2	NaN	621	NaN	554	0	8	299	0	0	0	398	0	0	0	0	0	0	0	0	-0.001	0.206
886.3	NaN	621	NaN	554	0	8	299	0	0	0	398	0	0	0	0	0	0	0	0	0.001	0.127
886.4	NaN	621	NaN	554	0	8	299	0	0	0	398	0	0	0	0	0	0	0	0	0	0.17
886.5	NaN	621	NaN	554	0	8	299	0	0	0	398	0	0	0	0	0	0	0	0	0.002	0.163
886.6	NaN	621	NaN	554	0	8	299	0	0	0	398	0	0	0	0	0	0	0	0	-0.001	0.16
886.7	NaN	621	NaN	554	0	8	299	0	0	0	398	0	0	0	0	0	0	0	0	-0	0.178
886.8	NaN	621	NaN	554	0	8	299	0	0	0	398	0	0	0	0	0	0	0	0	-0.003	0.179
886.9	NaN	621	NaN	554	0	8	299	0	0	0	398	0	0	0	0	0	0	0	0	-0.001	0.177
887	NaN	621	NaN	554	0	8	299	0	0	0	398	0	0	0	0	0	0	0	0	-0.004	0.163
887.1	NaN	621	NaN	554	0	8	299	0	0	0	398	0	0	0	0	0	0	0	0	-0.003	0.16
887.2	NaN	621	NaN	554	0	8	299	0	0	0	398	0	0	0	0	0	0	0	0	-0.003	0.163
887.3	NaN	621	NaN	554	0	8	299	0	0	0	398	0	0	0	0	0	0	0	0	-0.003	0.137
887.4	NaN	621	NaN	554	0	8	299	0	0	0	398	0	0	0	0	0	0	0	0	-0.006	0.153
887.5	NaN	621	NaN	554	0	8	299	0	0	0	398	0	0	0	0	0	0	0	0	-0.006	0.188
887.6	NaN	621	NaN	554	0	8	299	0	0	0	398	0	0	0	0	0	0	0	0	-0.006	0.171
887.7	NaN	621	NaN	554	0	8	299	0	0	0	398	0	0	0	0	0	0	0	0	-0.007	0.172
887.8	NaN	621	NaN	554	0	8	299	0	0	0	398	0	0	0	0	0	0	0	0	-0.006	0.162
887.9	NaN	621	NaN	554	0	8	299	0	0	0	398	0	0	0	0	0	0	0	0	-0.006	0.161
888	NaN	621	NaN	554	0	8	299	0	0	0	398	0	0	0	0	0	0	0	0	-0.006	0.163
888.1	NaN	621	NaN	554	0	8	299	0	0	0	398	0	0	0	0	0	0	0	0	-0.008	0.115
888.2	NaN	621	NaN	554	0	8	299	0	0	0	398	0	0	0	0	0	0	0	0	-0.004	0.194
888.3	NaN	621	NaN	554	0	8	299	0	0	0	398	0	0	0	0	0	0	0	0	-0.005	0.21
888.4	NaN	621	NaN	554	0	8	299	0	0	0	398	0	0	0	0	0	0	0	0	-0.005	0.176
888.5	NaN	621	NaN	554	0	8	299	0	0	0	398	0	0	0	0	0	0	0	0	-0.005	0.209
888.6	NaN	621	NaN	554	0	8	299	0	0	0	398	0	0	0	0	0	0	0	0	-0.003	0.121
888.7	NaN	621	NaN	554	0	8	299	0	0	0	398	0	0	0	0	0	0	0	0	-0.001	0.169
888.8	NaN	621	NaN	554	0	8	299	0	0	0	398	0	0	0	0	0	0	0	0	-0.005	0.163
888.9	NaN	621	NaN	554	0	8	299	0	0	0	398	0	0	0	0	0	0	0	0	-0.004	0.189
889	NaN	621	NaN	554	0	8	299	0	0	0	398	0	0	0	0	0	0	0	0	-0.001	0.274
889.1	NaN	621	NaN	554	0	8	299	0	0	0	398	0	0	0	0	0	0	0	0	-0	0.118
889.2	NaN	621	NaN	554	0	8	299	0	0	0	398	0	0	0	0	0	0	0	0	-0.004	0.069
889.3	NaN	621	NaN	554	0	8	299	0	0	0	398	0	0	0	0	0	0	0	0	0.001	0.23
889.4	NaN	621	NaN	554	0	8	299	0	0	0	398	0	0	0	0	0	0	0	0	-0.004	0.11
889.5	NaN	621	NaN	554	0	8	299	0	0	0	398	0	0	0	0	0	0	0	0	-0.002	0.201
889.6	NaN	621	NaN	554	0	8	299	0	0	0	398	0	0	0	0	0	0	0	0	-0.003	0.243
889.7	NaN	621	NaN	554	0	8	299	0	0	0	398	0	0	0	0	0	0	0	0	-0.001	0.15
889.8	NaN	621	NaN	554	0	8	299	0	0	0	398	0	0	0	0	0	0	0	0	-0.005	0.179
889.9	NaN	621	NaN	554	0	8	299	0	0	0	398	0	0	0	0	0	0	0	0	-0.004	0.272
890	NaN	621	NaN	554	0	8	299	0	0	0	398	0	0	0	0	0	0	0	0	0.005	0.056
890.1	NaN	621	NaN	554	0	8	299	0	0	0	398	0	0	0	0	0	0	0	0	-0.003	0.283
890.2	NaN	621	NaN	554	0	8	299	0	0	0	398	0	0	0	0	0	0	0	0	0.004	0.118
890.3	NaN	621	NaN	554	0	8	299	0	0	0	398	0	0	0	0	0	0	0	0	0.002	0.163
890.4	NaN	621	NaN	554	0	8	299	0	0	0	398	0	0	0	0	0	0	0	0	0.002	0.156
890.5	NaN	621	NaN	554	0	8	299	0	0	0	398	0	0	0	0	0	0	0	0	0.001	0.156
890.6	NaN	621	NaN	554	0	8	299	0	0	0	398	0	0	0	0	0	0	0	0	0.004	0.166
890.7	NaN	621	NaN	554	0	8	299	0	0	0	398	0	0	0	0	0	0	0	0	0.006	0.149
890.8	NaN	621	NaN	554	0	8	299	0	0	0	398	0	0	0	0	0	0	0	0	0.002	0.174
890.9	NaN	621	NaN	554	0	8	299	0	0	0	398	0	0	0	0	0	0	0	0	0.005	0.161
891	NaN	621	NaN	554	0	8	299	0	0	0	398	0	0	0	0	0	0	0	0	-0.004	0.168
891.1	NaN	621	NaN	554	0	8	299	0	0	0	398	0	0	0	0	0	0	0	0	-0.003	0.117
891.2	NaN	621	NaN	554	0	8	299	0	0	0	398	0	0	0	0	0	0	0	0	0	0.195
891.3	NaN	621	NaN	554	0	8	299	0	0	0	398	0	0	0	0	0	0	0	0	0.001	0.166
891.4	NaN	621	NaN	554	0	8	299	0	0	0	398	0	0	0	0	0	0	0	0	0.001	0.2
891.5	NaN	621	NaN	554	0	8	299	0	0	0	398	0	0	0	0	0	0	0	0	0.003	0.202
891.6	NaN	621	NaN	554	0	8	299	0	0	0	398	0	0	0	0	0	0	0	0	-0.002	0.184
891.7	NaN	621	NaN	554	0	8	299	0	0	0	398	0	0	0	0	0	0	0	0	0.001	0.249
891.8	NaN	621	NaN	554	0	8	299	0	0	0	398	0	0	0	0	0	0	0	0	-0.003	0.063
891.9	NaN	621	NaN	554	0	8	299	0	0	0	398	0	0	0	0	0	0	0	0	-0.001	0.275
892	NaN	621	NaN	554	0	8	299	0	0	0	398	0	0	0	0	0	0	0	0	-0.002	0.155
892.1	NaN	621	NaN	554	0	8	299	0	0	0	398	0	0	0	0	0	0	0	0	-0.004	0.169
892.2	NaN	621	NaN	554	0	8	299	0	0	0	398	0	0	0	0	0	0	0	0	-0	0.124
892.3	NaN	621	NaN	554	0	8	299	0	0	0	398	0	0	0	0	0	0	0	0	-0.005	0.155
892.4	NaN	621	NaN	554	0	8	299	0	0	0	398	0	0	0	0	0	0	0	0	0.001	-0.113
892.5	NaN	621	NaN	554	0	8	299	0	0	0	398	0	0	0	0	0	0	0	0	-0.007	-0.066
892.6	NaN	621	NaN	554	0	8	299	0	0	0	398	0	0	0	0	0	0	0	0	0.009	0.287
892.7	NaN	621	NaN	554	0	8	299	0	0	0	398	0	0	0	0	0	0	0	0	-0.003	0.033
892.8	NaN	621	NaN	554	0	8	299	0	0	0	398	0	0	0	0	0	0	0	0	0.003	0.267
892.9	NaN	621	NaN	554	0	8	299	0	0	0	398	0	0	0	0	0	0	0	0	0.002	0.099
893	NaN	621	NaN	554	0	8	299	0	0	0	398	0	0	0	0	0	0	0	0	0.005	0.209
893.1	NaN	621	NaN	554	0	8	299	0	0	0	398	0	0	0	0	0	0	0	0	0.007	0.166
893.2	NaN	621	NaN	554	0	8	299	0	0	0	398	0	0	0	0	0	0	0	0	-0.002	0.153
893.3	NaN	621	NaN	554	0	8	299	0	0	0	398	0	0	0	0	0	0	0	0	-0.001	0.194
893.4	NaN	621	NaN	554	0	8	299	0	0	0	398	0	0	0	0	0	0	0	0	-0.004	0.164
893.5	NaN	621	NaN	554	0	8	299	0	0	0	398	0	0	0	0	0	0	0	0	-0.004	0.144
893.6	NaN	621	NaN	554	0	8	299	0	0	0	398	0	0	0	0	0	0	0	0	-0.011	0.177
893.7	NaN	621	NaN	554	0	8	299	0	0	0	398	0	0	0	0	0	0	0	0	-0.011	0.165
893.8	NaN	621	NaN	554	0	8	299	0	0	0	398	0	0	0	0	0	0	0	0	-0.015	0.133
893.9	NaN	621	NaN	554	0	8	299	0	0	0	398	0	0	0	0	0	0	0	0	-0.012	0.16
894	NaN	621	NaN	554	0	8	299	0	0	0	398	0	0	0	0	0	0	0	0	-0.012	0.156
894.1	NaN	621	NaN	554	0	8	299	0	0	0	398	0	0	0	0	0	0	0	0	-0.012	0.134
894.2	NaN	621	NaN	554	0	8	299	0	0	0	398	0	0	0	0	0	0	0	0	-0.011	0.16
894.3	NaN	621	NaN	554	0	8	299	0	0	0	398	0	0	0	0	0	0	0	0	-0.011	0.172
894.4	NaN	621	NaN	554	0	8	299	0	0	0	398	0	0	0	0	0	0	0	0	-0.012	0.163
894.5	NaN	621	NaN	554	0	8	299	0	0	0	398	0	0	0	0	0	0	0	0	-0.012	0.175
894.6	NaN	621	NaN	554	0	8	299	0	0	0	398	0	0	0	0	0	0	0	0	-0.012	0.181
894.7	NaN	621	NaN	554	0	8	299	0	0	0	398	0	0	0	0	0	0	0	0	-0.011	0.14
894.8	NaN	621	NaN	554	0	8	299	0	0	0	398	0	0	0	0	0	0	0	0	-0.01	0.158
894.9	NaN	621	NaN	554	0	8	299	0	0	0	398	0	0	0	0	0	0	0	0	-0.011	0.149
895	NaN	621	NaN	554	0	8	299	0	0	0	398	0	0	0	0	0	0	0	0	-0.011	0.189
895.1	NaN	621	NaN	554	0	8	299	0	0	0	398	0	0	0	0	0	0	0	0	-0.011	0.178
895.2	NaN	621	NaN	554	0	8	299	0	0	0	398	0	0	0	0	0	0	0	0	-0.009	0.168
895.3	NaN	621	NaN	554	0	8	299	0	0	0	398	0	0	0	0	0	0	0	0	-0.01	0.144
895.4	NaN	621	NaN	554	0	8	299	0	0	0	398	0	0	0	0	0	0	0	0	-0.009	0.17
895.5	NaN	621	NaN	554	0	8	299	0	0	0	398	0	0	0	0	0	0	0	0	-0.009	0.146
895.6	NaN	621	NaN	554	0	8	299	0	0	0	398	0	0	0	0	0	0	0	0	-0.009	0.168
895.7	NaN	621	NaN	554	0	8	299	0	0	0	398	0	0	0	0	0	0	0	0	-0.009	0.157
895.8	NaN	621	NaN	554	0	8	299	0	0	0	398	0	0	0	0	0	0	0	0	-0.007	0.167
895.9	NaN	621	NaN	554	0	8	299	0	0	0	398	0	0	0	0	0	0	0	0	-0.008	0.137
896	NaN	621	NaN	554	0	8	299	0	0	0	398	0	0	0	0	0	0	0	0	-0.006	0.282
896.1	NaN	621	NaN	554	0	8	299	0	0	0	398	0	0	0	0	0	0	0	0	-0.008	0.123
896.2	NaN	621	NaN	554	0	0	299	0	0	0	0	0	0	0	0	0	0	0	0	-0.005	0.165
896.3	NaN	495	NaN	553.9759358	0	0	363	0	0	0	0	0	0	0	0	0	0	0	0	-0.006	0.15
896.4	NaN	495	NaN	553.9518717	0	0	363	0	0	0	0	0	0	0	0	0	0	0	0	-0.003	0.127
896.5	NaN	495	NaN	553.9278075	0	0	363	0	0	0	0	0	0	0	0	0	0	0	0	-0.003	0.176
896.6	NaN	495	NaN	553.9037433	0	0	363	0	0	0	0	0	0	0	0	0	0	0	0	-0.001	0.18
896.7	NaN	495	NaN	553.8796791	0	0	363	0	0	0	0	0	0	0	0	0	0	0	0	0	0.159
896.8	NaN	495	NaN	553.855615	0	0	363	0	0	0	0	0	0	0	0	0	0	0	0	-0	0.179
896.9	NaN	495	NaN	553.8315508	0	0	363	0	0	0	0	0	0	0	0	0	0	0	0	0	0.15
897	NaN	495	NaN	553.8074866	0	0	363	0	0	0	0	0	0	0	0	0	0	0	0	0.002	0.193
897.1	NaN	495	NaN	553.7834225	0	0	363	0	0	0	0	0	0	0	0	0	0	0	0	0.002	0.13
897.2	NaN	495	NaN	553.7593583	0	0	363	0	0	0	0	0	0	0	0	0	0	0	0	0.002	0.195
897.3	NaN	495	NaN	553.7352941	0	0	363	0	0	0	0	0	0	0	0	0	0	0	0	0.002	0.138
897.4	NaN	495	NaN	553.7112299	0	0	363	0	0	0	0	0	0	0	0	0	0	0	0	-0	0.184
897.5	NaN	495	NaN	553.6871658	0	0	363	0	0	0	0	0	0	0	0	0	0	0	0	0	0.17
897.6	NaN	495	NaN	553.6631016	0	0	363	0	0	0	0	0	0	0	0	0	0	0	0	0.003	0.165
897.7	NaN	495	NaN	553.6390374	0	0	363	0	0	0	0	0	0	0	0	0	0	0	0	0.004	0.18
897.8	NaN	495	NaN	553.6149733	0	0	363	0	0	0	0	0	0	0	0	0	0	0	0	0.001	0.167
897.9	NaN	495	NaN	553.5909091	0	0	363	0	0	0	0	0	0	0	0	0	0	0	0	0.002	0.178
898	NaN	495	NaN	553.5668449	0	0	363	0	0	0	0	0	0	0	0	0	0	0	0	-0.001	0.181
898.1	NaN	495	NaN	553.5427807	0	0	363	0	0	0	0	0	0	0	0	0	0	0	0	-0.001	0.151
898.2	NaN	495	NaN	553.5187166	0	0	363	0	0	0	0	0	0	0	0	0	0	0	0	0.003	0.237
898.3	NaN	495	NaN	553.4946524	0	0	363	0	0	0	0	0	0	0	0	0	0	0	0	0.002	0.201
898.4	NaN	495	NaN	553.4705882	0	0	363	0	0	0	0	0	0	0	0	0	0	0	0	0.003	0.164
898.5	NaN	495	NaN	553.4465241	0	0	363	0	0	0	0	0	0	0	0	0	0	0	0	-0.003	0.046
898.6	NaN	495	NaN	553.4224599	0	0	363	0	0	0	0	0	0	0	0	0	0	0	0	-0.011	0.205
898.7	NaN	495	NaN	553.3983957	0	0	363	0	0	0	0	0	0	0	0	0	0	0	0	-0.003	0.243
898.8	NaN	495	NaN	553.3743316	0	0	363	0	0	0	0	0	0	0	0	0	0	0	0	-0.003	0.113
898.9	NaN	495	NaN	553.3502674	0	0	363	0	0	0	0	0	0	0	0	0	0	0	0	-0.003	0.218
899	NaN	495	NaN	553.3262032	0	0	363	0	0	0	0	0	0	0	0	0	0	0	0	-0.003	0.175
899.1	NaN	495	NaN	553.302139	0	0	363	0	0	0	0	0	0	0	0	0	0	0	0	-0.003	0.181
899.2	NaN	495	NaN	553.2780749	0	0	363	0	0	0	0	0	0	0	0	0	0	0	0	-0	0.158
899.3	NaN	495	NaN	553.2540107	0	0	363	0	0	0	0	0	0	0	0	0	0	0	0	-0.001	0.161
899.4	NaN	495	NaN	553.2299465	0	0	363	0	0	0	0	0	0	0	0	0	0	0	0	0.003	0.168
899.5	NaN	495	NaN	553.2058824	0	0	363	0	0	0	0	0	0	0	0	0	0	0	0	0.003	0.16
899.6	NaN	495	NaN	553.1818182	0	0	363	0	0	0	0	0	0	0	0	0	0	0	0	0.001	0.159
899.7	NaN	495	NaN	553.157754	0	0	363	0	0	0	0	0	0	0	0	0	0	0	0	0.001	0.174
899.8	NaN	495	NaN	553.1336898	0	0	363	0	0	0	0	0	0	0	0	0	0	0	0	0.003	0.166
899.9	NaN	495	NaN	553.1096257	0	0	363	0	0	0	0	-0	-783	-0	-314	-0	200	0	0	0.001	0.144
900	NaN	495	NaN	553.0855615	0	0	363	0	0	0	0	-0	-783	-0	-314	-0	200	0	0	0.001	0.147
900.1	NaN	495	NaN	553.0614973	0	0	363	0	0	0	0	-0	-783	-0	-314	-0	200	0	0	-0	0.182
900.2	NaN	495	NaN	553.0374332	0	0	363	0	0	0	0	-0	-783	-0	-314	-0	200	0	0	-0.004	0.143
900.3	NaN	495	NaN	553.013369	0	0	363	0	0	0	0	-0	-783	-0	-314	-0	200	0	-878	-0.005	0.169
900.4	NaN	495	NaN	552.9893048	0	0	363	0	0	0	0	-0	-783	-0	-314	-0	200	0	-878	-0.004	0.148
900.5	NaN	495	NaN	552.9652406	0	0	363	0	0	0	0	-0	-783	-0	-314	-0	200	0	-878	-0.004	0.173
900.6	NaN	495	NaN	552.9411765	0	0	363	0	0	0	0	-0	-783	-0	-314	-0	200	0	-878	-0.004	0.167
900.7	NaN	495	NaN	552.9171123	0	0	363	0	0	0	0	-0	-783	-0	-314	-0	200	0	-878	-0.006	0.171
900.8	NaN	495	NaN	552.8930481	0	0	363	0	0	0	0	-0	-783	-0	-314	-0	200	0	-878	-0.003	0.177
900.9	NaN	495	NaN	552.868984	0	0	363	0	0	0	0	-0	-783	-0	-314	-0	200	0	-878	-0.003	0.16
901	NaN	495	NaN	552.8449198	0	0	363	0	0	0	0	-0	-783	-0	-314	-0	200	0	-878	-0.003	0.169
901.1	NaN	495	NaN	552.8208556	0	0	363	0	0	0	0	-0	-783	-0	-314	-0	200	0	-878	-0.003	0.186
901.2	NaN	495	NaN	552.7967914	0	0	363	0	0	0	0	-0	-783	-0	-314	-0	200	0	-878	-0.001	0.182
901.3	NaN	495	NaN	552.7727273	0	0	363	0	0	0	0	-0	-783	-0	-314	-0	200	0	-878	-0.001	0.165
901.4	NaN	495	NaN	552.7486631	0	0	363	0	0	0	0	-0	-783	-0	-314	-0	200	0	-878	-0.001	0.163
901.5	NaN	495	NaN	552.7245989	0	0	363	0	0	0	0	-0	-783	-0	-314	-0	200	0	-878	-0.001	0.167
901.6	NaN	495	NaN	552.7005348	0	0	363	0	0	0	0	-0	-783	-0	-314	-0	200	0	-878	-0.001	0.173
901.7	NaN	495	NaN	552.6764706	0	0	363	0	0	0	0	-0	-783	-0	-314	-0	200	0	-878	-0	0.191
901.8	NaN	495	NaN	552.6524064	0	0	363	0	0	0	0	-0	-783	-0	-314	-0	200	0	-878	-0.001	0.167
901.9	NaN	495	NaN	552.6283422	0	0	363	0	0	0	0	-0	-783	-0	-314	-0	200	0	-878	-0.001	0.175
902	NaN	495	NaN	552.6042781	0	0	363	0	0	0	0	-0	-783	-0	-314	-0	200	0	-878	-0.002	0.153
902.1	NaN	495	NaN	552.5802139	0	0	363	0	0	0	0	-0	-783	-0	-314	-0	200	0	-878	-0.003	0.159
902.2	NaN	495	NaN	552.5561497	0	0	363	0	0	0	0	-0	-783	-0	-314	-0	200	0	-878	-0.005	0.17
902.3	NaN	495	NaN	552.5320856	0	0	363	0	0	0	0	-0	-783	-0	-314	-0	200	0	-878	-0.004	0.192
902.4	NaN	495	NaN	552.5080214	0	0	363	0	0	0	0	-0	-783	-0	-314	-0	200	0	-878	-0.006	0.141
902.5	NaN	495	NaN	552.4839572	0	0	363	0	0	0	0	-0	-783	-0	-314	-0	200	0	-878	-0.006	0.161
902.6	NaN	495	NaN	552.459893	0	0	363	0	0	0	0	-0	-783	-0	-314	-0	200	0	-878	-0.004	0.174
902.7	NaN	495	NaN	552.4358289	0	0	363	0	0	0	0	-0	-783	-0	-314	-0	200	0	-878	-0.004	0.183
902.8	NaN	495	NaN	552.4117647	0	0	363	0	0	0	0	-0	-783	-0	-314	-0	200	0	-878	-0.003	0.168
902.9	NaN	495	NaN	552.3877005	0	0	363	0	0	0	0	-0	-783	-0	-314	-0	200	0	-878	-0.003	0.155
903	NaN	495	NaN	552.3636364	0	0	363	0	0	0	0	-0	-783	-0	-314	-0	200	0	-878	-0.004	0.16
903.1	NaN	495	NaN	552.3395722	0	0	363	0	0	0	0	-0	-783	-0	-314	-0	200	0	-878	-0.004	0.168
903.2	NaN	495	NaN	552.315508	0	0	363	0	0	0	0	-0	-783	-0	-314	-0	200	0	-878	-0.003	0.16
903.3	NaN	495	NaN	552.2914439	0	0	363	0	0	0	0	-0	-783	-0	-314	-0	200	0	-878	-0.004	0.164
903.4	NaN	495	NaN	552.2673797	0	0	363	0	0	0	0	-0	-783	-0	-314	-0	200	0	-878	-0.004	0.156
903.5	NaN	495	NaN	552.2433155	0	0	363	0	0	0	0	-0	-783	-0	-314	-0	200	0	-878	-0.004	0.176
903.6	NaN	495	NaN	552.2192513	0	0	363	0	0	0	0	-0	-783	-0	-314	-0	200	0	-878	-0.004	0.161
903.7	NaN	495	NaN	552.1951872	0	0	363	0	0	0	0	-0	-783	-0	-314	-0	200	0	-878	-0.004	0.164
903.8	NaN	495	NaN	552.171123	0	0	363	0	0	0	0	-0	-783	-0	-314	-0	200	0	-878	-0.003	0.158
903.9	NaN	495	NaN	552.1470588	0	0	363	0	0	0	0	-0	-783	-0	-314	-0	200	0	-878	-0.003	0.174
904	NaN	495	NaN	552.1229947	0	0	363	0	0	0	0	-0	-783	-0	-314	-0	200	0	-878	-0.003	0.177
904.1	NaN	495	NaN	552.0989305	0	0	363	0	0	0	0	-0	-783	-0	-314	-0	200	0	-878	-0.003	0.158
904.2	NaN	495	NaN	552.0748663	0	0	363	0	0	0	0	-0	-783	-0	-314	-0	200	0	-878	-0.001	0.159
904.3	NaN	495	NaN	552.0508021	0	0	363	0	0	0	0	-0	-783	-0	-314	-0	200	0	-878	-0.001	0.166
904.4	NaN	495	NaN	552.026738	0	0	363	0	0	0	0	-0	-783	-0	-314	-0	200	0	-878	-0	0.166
904.5	NaN	495	NaN	552.0026738	0	0	363	0	0	0	0	-0	-783	-0	-314	-0	200	0	-878	-0	0.173
904.6	NaN	495	NaN	551.9786096	0	0	363	0	0	0	0	-0	-783	-0	-314	-0	200	0	-878	-0	0.147
904.7	NaN	495	NaN	551.9545455	0	0	363	0	0	0	0	-0	-783	-0	-314	-0	200	0	-878	0	0.163
904.8	NaN	495	NaN	551.9304813	0	0	363	0	0	0	0	-0	-783	-0	-314	-0	200	0	-878	0.001	0.153
904.9	NaN	495	NaN	551.9064171	0	0	363	0	0	0	0	-0	-783	-0	-314	-0	200	0	-878	0.002	0.166
905	NaN	495	NaN	551.8823529	0	0	363	0	0	0	0	-0	-783	-0	-314	-0	200	0	-878	0.001	0.152
905.1	NaN	495	NaN	551.8582888	0	0	363	0	0	0	0	-0	-783	-0	-314	-0	200	0	-878	0.002	0.179
905.2	NaN	495	NaN	551.8342246	0	0	363	0	0	0	0	-0	-783	-0	-314	-0	200	0	-878	-0.001	0.177
905.3	NaN	495	NaN	551.8101604	0	0	363	0	0	0	0	-0	-783	-0	-314	-0	200	0	-878	-0.001	0.18
905.4	NaN	495	NaN	551.7860963	0	0	363	0	0	0	0	-0	-783	-0	-314	-0	200	0	-878	0.001	0.174
905.5	NaN	495	NaN	551.7620321	0	0	363	0	0	0	0	-0	-783	-0	-314	-0	200	0	-878	0.001	0.176
905.6	NaN	495	NaN	551.7379679	0	0	363	0	0	0	0	-0	-783	-0	-314	-0	200	0	-878	-0.003	0.167
905.7	NaN	495	NaN	551.7139037	0	0	363	0	0	0	0	-0	-783	-0	-314	-0	200	0	-878	-0.002	0.143
905.8	NaN	495	NaN	551.6898396	0	0	363	0	0	0	0	-0	-783	-0	-314	-0	200	0	-878	-0.001	0.182
905.9	NaN	495	NaN	551.6657754	0	0	363	0	0	0	0	-0	-783	-0	-314	-0	200	0	-878	-0.001	0.172
906	NaN	495	NaN	551.6417112	0	0	363	0	0	0	0	-0	-783	-0	-314	-0	200	0	-878	0	0.163
906.1	NaN	495	NaN	551.6176471	0	0	363	0	0	0	0	-0	-783	-0	-314	-0	200	0	-878	0.001	0.177
906.2	NaN	495	NaN	551.5935829	0	0	363	0	0	0	0	-0	-783	-0	-314	-0	200	0	-878	-0.002	0.158
906.3	NaN	495	NaN	551.5695187	0	0	363	0	0	0	0	-0	-783	-0	-314	-0	200	0	-878	-0.002	0.169
906.4	NaN	495	NaN	551.5454545	0	0	363	0	0	0	0	-0	-783	-0	-314	-0	200	0	-878	-0.001	0.159
906.5	NaN	495	NaN	551.5213904	0	0	363	0	0	0	0	-0	-783	-0	-314	-0	200	0	-878	-0.001	0.168
906.6	NaN	495	NaN	551.4973262	0	0	363	0	0	0	0	-0	-783	-0	-314	-0	200	0	-878	-0.002	0.169
906.7	NaN	495	NaN	551.473262	0	0	363	0	0	0	0	-0	-783	-0	-314	-0	200	0	-878	-0.002	0.153
906.8	NaN	495	NaN	551.4491979	0	0	363	0	0	0	0	-0	-783	-0	-314	-0	200	0	-878	-0.001	0.189
906.9	NaN	495	NaN	551.4251337	0	0	363	0	0	0	0	-0	-783	-0	-314	-0	200	0	-878	-0.001	0.169
907	NaN	495	NaN	551.4010695	0	0	363	0	0	0	0	-0	-783	-0	-314	-0	200	0	-878	0	0.152
907.1	NaN	495	NaN	551.3770053	0	0	363	0	0	0	0	-0	-783	-0	-314	-0	200	0	-878	-0	0.156
907.2	NaN	495	NaN	551.3529412	0	0	363	0	0	0	0	-0	-783	-0	-314	-0	200	0	-878	-0.001	0.165
907.3	NaN	495	NaN	551.328877	0	0	363	0	0	0	0	-0	-783	-0	-314	-0	200	0	-878	-0.001	0.175
907.4	NaN	495	NaN	551.3048128	0	0	363	0	0	0	0	-0	-783	-0	-314	-0	200	0	-878	-0	0.17
907.5	NaN	495	NaN	551.2807487	0	0	363	0	0	0	0	-0	-783	-0	-314	-0	200	0	-878	0	0.174
907.6	NaN	495	NaN	551.2566845	0	0	363	0	0	0	0	-0	-783	-0	-314	-0	200	0	-878	0	0.16
907.7	NaN	495	NaN	551.2326203	0	0	363	0	0	0	0	-0	-783	-0	-314	-0	200	0	-878	0	0.166
907.8	NaN	495	NaN	551.2085561	0	0	363	0	0	0	0	-0	-783	-0	-314	-0	200	0	-878	0.001	0.159
907.9	NaN	495	NaN	551.184492	0	0	363	0	0	0	0	-0	-783	-0	-314	-0	200	0	-878	0	0.163
908	NaN	495	NaN	551.1604278	0	0	363	0	0	0	0	-0	-783	-0	-314	-0	200	0	-878	-0.001	0.158
908.1	NaN	495	NaN	551.1363636	0	0	363	0	0	0	0	-0	-783	-0	-314	-0	200	0	-878	-0.001	0.16
908.2	NaN	495	NaN	551.1122995	0	0	363	0	0	0	0	-0	-783	-0	-314	-0	200	0	-878	-0.001	0.179
908.3	NaN	495	NaN	551.0882353	0	0	363	0	0	0	0	-0	-783	-0	-314	-0	200	0	-878	-0.001	0.163
908.4	NaN	495	NaN	551.0641711	0	0	363	0	0	0	0	-0	-783	-0	-314	-0	200	0	-878	0.002	0.173
908.5	NaN	495	NaN	551.040107	0	0	363	0	0	0	0	-0	-783	-0	-314	-0	200	0	-878	0.002	0.16
908.6	NaN	495	NaN	551.0160428	0	0	363	0	0	0	0	-0	-783	-0	-314	-0	200	0	-878	0	0.17
908.7	NaN	495	NaN	550.9919786	0	0	363	0	0	0	0	-0	-783	-0	-314	-0	200	0	-878	-0	0.151
908.8	NaN	495	NaN	550.9679144	0	0	363	0	0	0	0	-0	-783	-0	-314	-0	200	0	-878	-0.001	0.181
908.9	NaN	495	NaN	550.9438503	0	0	363	0	0	0	0	-0	-783	-0	-314	-0	200	0	-878	-0.001	0.184
909	NaN	495	NaN	550.9197861	0	0	363	0	0	0	0	-0	-783	-0	-314	-0	200	0	-878	-0.001	0.144
909.1	NaN	495	NaN	550.8957219	0	0	363	0	0	0	0	-0	-783	-0	-314	-0	200	0	-878	-0.001	0.158
909.2	NaN	495	NaN	550.8716578	0	0	363	0	0	0	0	-0	-783	-0	-314	-0	200	0	-878	-0	0.156
909.3	NaN	495	NaN	550.8475936	0	0	363	0	0	0	0	-0	-783	-0	-314	-0	200	0	-878	-0	0.154
909.4	NaN	495	NaN	550.8235294	0	0	363	0	0	0	0	-0	-783	-0	-314	-0	200	0	-878	-0.001	0.15
909.5	NaN	495	NaN	550.7994652	0	0	363	0	0	0	0	-0	-783	-0	-314	-0	200	0	-878	-0.001	0.179
909.6	NaN	495	NaN	550.7754011	0	0	363	0	0	0	0	-0	-783	-0	-314	-0	200	0	-878	-0.001	0.155
909.7	NaN	495	NaN	550.7513369	0	0	363	0	0	0	0	-0	-783	-0	-314	-0	200	0	-878	-0.001	0.16
909.8	NaN	495	NaN	550.7272727	0	0	363	0	0	0	0	-0	-783	-0	-314	-0	200	0	-878	-0	0.16
909.9	NaN	495	NaN	550.7032086	0	0	363	0	0	0	0	-0	-783	-0	-314	-0	200	0	-878	-0	0.165
910	NaN	495	NaN	550.6791444	0	0	363	0	0	0	0	-0	-783	-0	-314	-0	200	0	-878	-0	0.157
910.1	NaN	495	NaN	550.6550802	0	0	363	0	0	0	0	-0	-783	-0	-314	-0	200	0	-878	-0.001	0.164
910.2	NaN	495	NaN	550.631016	0	0	363	0	0	0	0	-0	-783	-0	-314	-0	200	0	-878	-0.001	0.164
910.3	NaN	495	NaN	550.6069519	0	0	363	0	0	0	0	-0	-783	-0	-314	-0	200	0	-878	-0.001	0.161
910.4	NaN	495	NaN	550.5828877	0	0	363	0	0	0	0	-0	-783	-0	-314	-0	200	0	-878	-0.003	0.157
910.5	NaN	495	NaN	550.5588235	0	0	363	0	0	0	0	-0	-783	-0	-314	-0	200	0	-878	-0.003	0.175
910.6	NaN	495	NaN	550.5347594	0	0	363	0	0	0	0	-0	-783	-0	-314	-0	200	0	-878	-0.003	0.179
910.7	NaN	495	NaN	550.5106952	0	0	363	0	0	0	0	-0	-783	-0	-314	-0	200	0	-878	-0.003	0.193
910.8	NaN	495	NaN	550.486631	0	0	363	0	0	0	0	-0	-783	-0	-314	-0	200	0	-878	-0.002	0.17
910.9	NaN	495	NaN	550.4625668	0	0	363	0	0	0	0	-0	-783	-0	-314	-0	200	0	-878	-0.002	0.154
911	NaN	495	NaN	550.4385027	0	0	363	0	0	0	0	-0	-783	-0	-314	-0	200	0	-878	-0.001	0.164
911.1	NaN	495	NaN	550.4144385	0	0	363	0	0	0	0	-0	-783	-0	-314	-0	200	0	-878	-0.002	0.139
911.2	NaN	495	NaN	550.3903743	0	0	363	0	0	0	0	-0	-783	-0	-314	-0	200	0	-878	-0.002	0.169
911.3	NaN	495	NaN	550.3663102	0	0	363	0	0	0	0	-0	-783	-0	-314	-0	200	0	-878	-0.002	0.159
911.4	NaN	495	NaN	550.342246	0	0	363	0	0	0	0	-0	-783	-0	-314	-0	200	0	-878	-0.003	0.172
911.5	NaN	495	NaN	550.3181818	0	0	363	0	0	0	0	-0	-783	-0	-314	-0	200	0	-878	-0.004	0.169
911.6	NaN	495	NaN	550.2941176	0	0	363	0	0	0	0	-0	-783	-0	-314	-0	200	0	-878	-0.003	0.165
911.7	NaN	495	NaN	550.2700535	0	0	363	0	0	0	0	-0	-783	-0	-314	-0	200	0	-878	-0.003	0.187
911.8	NaN	495	NaN	550.2459893	0	0	363	0	0	0	0	-0	-783	-0	-314	-0	200	0	-878	-0.004	0.161
911.9	NaN	495	NaN	550.2219251	0	0	363	0	0	0	0	-0	-783	-0	-314	-0	200	0	-878	-0.004	0.173
912	NaN	495	NaN	550.197861	0	0	363	0	0	0	0	-0	-783	-0	-314	-0	200	0	-878	-0.004	0.152
912.1	NaN	495	NaN	550.1737968	0	0	363	0	0	0	0	-0	-783	-0	-314	-0	200	0	-878	-0.004	0.168
912.2	NaN	495	NaN	550.1497326	0	0	363	0	0	0	0	-0	-783	-0	-314	-0	200	0	-878	-0.003	0.158
912.3	NaN	495	NaN	550.1256684	0	0	363	0	0	0	0	-0	-783	-0	-314	-0	200	0	-878	-0.003	0.173
912.4	NaN	495	NaN	550.1016043	0	0	363	0	0	0	0	-0	-783	-0	-314	-0	200	0	-878	-0.003	0.158
912.5	NaN	495	NaN	550.0775401	0	0	363	0	0	0	0	-0	-783	-0	-314	-0	200	0	-878	-0.003	0.163
912.6	NaN	495	NaN	550.0534759	0	0	363	0	0	0	0	-0	-783	-0	-314	-0	200	0	-878	-0.004	0.166
912.7	NaN	495	NaN	550.0294118	0	0	363	0	0	0	0	-0	-783	-0	-314	-0	200	0	-878	-0.004	0.165
912.8	NaN	495	NaN	550.0053476	0	0	363	0	0	0	0	-0	-783	-0	-314	-0	200	0	-878	-0.003	0.174
912.9	NaN	495	NaN	549.9812834	0	0	363	0	0	0	0	-0	-783	-0	-314	-0	200	0	-878	-0.003	0.148
913	NaN	495	NaN	549.9572193	0	0	363	0	0	0	0	-0	-783	-0	-314	-0	200	0	-878	-0.002	0.137
913.1	NaN	495	NaN	549.9331551	0	0	363	0	0	0	0	-0	-783	-0	-314	-0	200	0	-878	-0.002	0.162
913.2	NaN	495	NaN	549.9090909	0	0	363	0	0	0	0	-0	-783	-0	-314	-0	200	0	-878	-0.001	0.157
913.3	NaN	495	NaN	549.8850267	0	0	363	0	0	0	0	-0	-783	-0	-314	-0	200	0	-878	-0.001	0.178
913.4	NaN	495	NaN	549.8609626	0	0	363	0	0	0	0	-0	-783	-0	-314	-0	200	0	-878	-0.003	0.167
913.5	NaN	495	NaN	549.8368984	0	0	363	0	0	0	0	-0	-783	-0	-314	-0	200	0	-878	-0.004	0.174
913.6	NaN	495	NaN	549.8128342	0	0	363	0	0	0	0	-0	-783	-0	-314	-0	200	0	-878	-0.003	0.182
913.7	NaN	495	NaN	549.7887701	0	0	363	0	0	0	0	-0	-783	-0	-314	-0	200	0	-878	-0.003	0.168
913.8	NaN	495	NaN	549.7647059	0	0	363	0	0	0	0	-0	-783	-0	-314	-0	200	0	-878	0.001	0.155
913.9	NaN	495	NaN	549.7406417	0	0	363	0	0	0	0	-0	-783	-0	-314	-0	200	0	-878	0.001	0.172
914	NaN	495	NaN	549.7165775	0	0	363	0	0	0	0	-0	-783	-0	-314	-0	200	0	-878	-0.002	0.16
914.1	NaN	495	NaN	549.6925134	0	0	363	0	0	0	0	-0	-783	-0	-314	-0	200	0	-878	-0.002	0.181
914.2	NaN	495	NaN	549.6684492	0	0	363	0	0	0	0	-0	-783	-0	-314	-0	200	0	-878	0.001	0.152
914.3	NaN	495	NaN	549.644385	0	0	363	0	0	0	0	-0	-783	-0	-314	-0	200	0	-878	0.001	0.167
914.4	NaN	495	NaN	549.6203209	0	0	363	0	0	0	0	-0	-783	-0	-314	-0	200	0	-878	-0.002	0.188
914.5	NaN	495	NaN	549.5962567	0	0	363	0	0	0	0	-0	-783	-0	-314	-0	200	0	-878	-0.002	0.173
914.6	NaN	495	NaN	549.5721925	0	0	363	0	0	0	0	-0	-783	-0	-314	-0	200	0	-878	-0.002	0.167
914.7	NaN	495	NaN	549.5481283	0	0	363	0	0	0	0	-0	-783	-0	-314	-0	200	0	-878	-0.003	0.181
914.8	NaN	495	NaN	549.5240642	0	0	363	0	0	0	0	-0	-783	-0	-314	-0	200	0	-878	-0.002	0.172
914.9	NaN	495	NaN	549.5	0	0	363	0	0	0	0	-0	-783	-0	-314	-0	200	0	-878	-0.002	0.161
915	NaN	495	NaN	549.4759358	0	0	363	0	0	0	0	-0	-783	-0	-314	-0	200	0	-878	-0.003	0.178
915.1	NaN	495	NaN	549.4518717	0	0	363	0	0	0	0	-0	-783	-0	-314	-0	200	0	-878	-0.003	0.188
915.2	NaN	495	NaN	549.4278075	0	0	363	0	0	0	0	-0	-783	-0	-314	-0	200	0	-878	-0.004	0.168
915.3	NaN	495	NaN	549.4037433	0	0	363	0	0	0	0	-0	-783	-0	-314	-0	200	0	-878	-0.004	0.174
915.4	NaN	495	NaN	549.3796791	0	0	363	0	0	0	0	-0	-783	-0	-314	-0	200	0	-878	-0.001	0.186
915.5	NaN	495	NaN	549.355615	0	0	363	0	0	0	0	-0	-783	-0	-314	-0	200	0	-878	-0	0.166
915.6	NaN	495	NaN	549.3315508	0	0	363	0	0	0	0	-0	-783	-0	-314	-0	200	0	-878	-0.001	0.17
915.7	NaN	495	NaN	549.3074866	0	0	363	0	0	0	0	-0	-783	-0	-314	-0	200	0	-878	-0.001	0.196
915.8	NaN	495	NaN	549.2834225	0	0	363	0	0	0	0	-0	-783	-0	-314	-0	200	0	-878	-0.001	0.159
915.9	NaN	495	NaN	549.2593583	0	0	363	0	0	0	0	-0	-783	-0	-314	-0	200	0	-878	-0	0.163
916	NaN	495	NaN	549.2352941	0	0	363	0	0	0	0	-0	-783	-0	-314	-0	200	0	-878	0	0.165
916.1	NaN	495	NaN	549.2112299	0	0	363	0	0	0	0	-0	-783	-0	-314	-0	200	0	-878	0	0.164
916.2	NaN	495	NaN	549.1871658	0	0	363	0	0	0	0	-0	-783	-0	-314	-0	200	0	-878	-0.001	0.169
916.3	NaN	495	NaN	549.1631016	0	0	363	0	0	0	0	-0	-783	-0	-314	-0	200	0	-878	-0.001	0.152
916.4	NaN	495	NaN	549.1390374	0	0	363	0	0	0	0	-0	-783	-0	-314	-0	200	0	-878	-0.003	0.172
916.5	NaN	495	NaN	549.1149733	0	0	363	0	0	0	0	-0	-783	-0	-314	-0	200	0	-878	-0.003	0.167
916.6	NaN	495	NaN	549.0909091	0	0	363	0	0	0	0	-0	-783	-0	-314	-0	200	0	-878	-0.003	0.153
916.7	NaN	495	NaN	549.0668449	0	0	363	0	0	0	0	-0	-783	-0	-314	-0	200	0	-878	-0.003	0.19
916.8	NaN	495	NaN	549.0427807	0	0	363	0	0	0	0	-0	-783	-0	-314	-0	200	0	-878	-0.003	0.178
916.9	NaN	495	NaN	549.0187166	0	0	363	0	0	0	0	-0	-783	-0	-314	-0	200	0	-878	-0.004	0.173
917	NaN	495	NaN	548.9946524	0	0	363	0	0	0	0	-0	-783	-0	-314	-0	200	0	-878	-0.002	0.166
917.1	NaN	495	NaN	548.9705882	0	0	363	0	0	0	0	-0	-783	-0	-314	-0	200	0	-878	-0.002	0.203
917.2	NaN	495	NaN	548.9465241	0	0	363	0	0	0	0	-0	-783	-0	-314	-0	200	0	-878	0	0.155
917.3	NaN	495	NaN	548.9224599	0	0	363	0	0	0	0	-0	-783	-0	-314	-0	200	0	-878	0.001	0.213
917.4	NaN	495	NaN	548.8983957	0	0	363	0	0	0	0	-0	-783	-0	-314	-0	200	0	-878	0.002	0.142
917.5	NaN	495	NaN	548.8743316	0	0	363	0	0	0	0	-0	-783	-0	-314	-0	200	0	-878	0.002	0.191
917.6	NaN	495	NaN	548.8502674	0	0	363	0	0	0	0	-0	-783	-0	-314	-0	200	0	-878	-0.007	0.176
917.7	NaN	495	NaN	548.8262032	0	0	363	0	0	0	0	-0	-783	-0	-314	-0	200	0	-878	-0.007	0.154
917.8	NaN	495	NaN	548.802139	0	0	363	0	0	0	0	-0	-783	-0	-314	-0	200	0	-878	-0.008	0.147
917.9	NaN	495	NaN	548.7780749	0	0	363	0	0	0	0	-0	-783	-0	-314	-0	200	0	-878	-0.009	0.177
918	NaN	495	NaN	548.7540107	0	0	363	0	0	0	0	-0	-783	-0	-314	-0	200	0	-878	-0.008	0.165
918.1	NaN	495	NaN	548.7299465	0	0	363	0	0	0	0	-0	-783	-0	-314	-0	200	0	-878	-0.007	0.17
918.2	NaN	495	NaN	548.7058824	0	0	363	0	0	0	0	-0	-783	-0	-314	-0	200	0	-878	-0.007	0.211
918.3	NaN	495	NaN	548.6818182	0	0	363	0	0	0	0	-0	-783	-0	-314	-0	200	0	-878	-0.006	0.198
918.4	NaN	495	NaN	548.657754	0	0	363	0	0	0	0	-0	-783	-0	-314	-0	200	0	-878	-0.009	0.156
918.5	NaN	495	NaN	548.6336898	0	0	363	0	0	0	0	-0	-783	-0	-314	-0	200	0	-878	-0.01	0.145
918.6	NaN	495	NaN	548.6096257	0	0	363	0	0	0	0	-0	-783	-0	-314	-0	200	0	-878	-0.008	0.151
918.7	NaN	495	NaN	548.5855615	0	0	363	0	0	0	0	-0	-783	-0	-314	-0	200	0	-878	-0.01	0.198
918.8	NaN	495	NaN	548.5614973	0	0	363	0	0	0	0	-0	-783	-0	-314	-0	200	0	-878	-0.007	0.168
918.9	NaN	495	NaN	548.5374332	0	0	363	0	0	0	0	-0	-783	-0	-314	-0	200	0	-878	-0.007	0.138
919	NaN	495	NaN	548.513369	0	0	363	0	0	0	0	-0	-783	-0	-314	-0	200	0	-878	-0.005	0.152
919.1	NaN	495	NaN	548.4893048	0	0	363	0	0	0	0	-0	-783	-0	-314	-0	200	0	-878	-0.004	0.199
919.2	NaN	495	NaN	548.4652406	0	0	363	0	0	0	0	-0	-783	-0	-314	-0	200	0	-878	-0.004	0.176
919.3	NaN	495	NaN	548.4411765	0	0	363	0	0	0	0	-0	-783	-0	-314	-0	200	0	-878	-0.004	0.133
919.4	NaN	495	NaN	548.4171123	0	0	363	0	0	0	0	-0	-783	-0	-314	-0	200	0	-878	-0.002	0.181
919.5	NaN	495	NaN	548.3930481	0	0	363	0	0	0	0	-0	-783	-0	-314	-0	200	0	-878	-0.001	0.179
919.6	NaN	495	NaN	548.368984	0	0	363	0	0	0	0	-0	-783	-0	-314	-0	200	0	-878	-0	0.166
919.7	NaN	495	NaN	548.3449198	0	0	363	0	0	0	0	-0	-783	-0	-314	-0	200	0	-878	0	0.168
919.8	NaN	495	NaN	548.3208556	0	0	363	0	0	0	0	-0	-783	-0	-314	-0	200	0	-878	-0.002	0.157
919.9	NaN	495	NaN	548.2967914	0	0	363	0	0	0	0	-0	-783	-0	-314	-0	200	0	-878	-0.001	0.171
920	NaN	495	NaN	548.2727273	0	0	363	0	0	0	0	-0	-783	-0	-314	-0	200	0	-878	0.002	0.162
920.1	NaN	495	NaN	548.2486631	0	0	363	0	0	0	0	-0	-783	-0	-314	-0	200	0	-878	0.002	0.156
920.2	NaN	495	NaN	548.2245989	0	0	363	0	0	0	0	-0	-783	-0	-314	-0	200	0	-878	0.004	0.172
920.3	NaN	495	NaN	548.2005348	0	0	363	0	0	0	0	-0	-783	-0	-314	-0	200	0	-878	0.007	0.2
920.4	NaN	495	NaN	548.1764706	0	0	363	0	0	0	0	-0	-783	-0	-314	-0	200	0	-878	0.002	0.159
920.5	NaN	495	NaN	548.1524064	0	0	363	0	0	0	0	-0	-783	-0	-314	-0	200	0	-878	-0.001	0.11
920.6	NaN	495	NaN	548.1283422	0	0	363	0	0	0	0	-0	-783	-0	-314	-0	200	0	-878	0.006	0.24
920.7	NaN	495	NaN	548.1042781	0	0	363	0	0	0	0	-0	-783	-0	-314	-0	200	0	-878	0.005	0.152
920.8	NaN	495	NaN	548.0802139	0	0	363	0	0	0	0	-0	-783	-0	-314	-0	200	0	-878	0.008	0.202
920.9	NaN	495	NaN	548.0561497	0	0	363	0	0	0	0	-0	-783	-0	-314	-0	200	0	-878	0.006	0.168
921	NaN	495	NaN	548.0320856	0	0	363	0	0	0	0	-0	-783	-0	-314	-0	200	0	-878	0.006	0.138
921.1	NaN	495	NaN	548.0080214	0	0	363	0	0	0	0	-0	-783	-0	-314	-0	200	0	-878	0.006	0.217
921.2	NaN	495	NaN	547.9839572	0	0	363	0	0	0	0	-0	-783	-0	-314	-0	200	0	-878	0.007	0.15
921.3	NaN	495	NaN	547.959893	0	0	363	0	0	0	0	-0	-783	-0	-314	-0	200	0	-878	0.009	0.216
921.4	NaN	495	NaN	547.9358289	0	0	363	0	0	0	0	-0	-783	-0	-314	-0	200	0	-878	0.007	0.142
921.5	NaN	495	NaN	547.9117647	0	0	363	0	0	0	0	-0	-783	-0	-314	-0	200	0	-878	0.008	0.167
921.6	NaN	495	NaN	547.8877005	0	0	363	0	0	0	0	-0	-783	-0	-314	-0	200	0	-878	0.006	0.253
921.7	NaN	495	NaN	547.8636364	0	0	363	0	0	0	0	-0	-783	-0	-314	-0	200	0	-878	0.008	0.136
921.8	NaN	495	NaN	547.8395722	0	0	363	0	0	0	0	-0	-783	-0	-314	-0	200	0	-878	0.006	0.225
921.9	NaN	495	NaN	547.815508	0	0	363	0	0	0	0	-0	-783	-0	-314	-0	200	0	-878	0.006	0.138
922	NaN	495	NaN	547.7914439	0	0	363	0	0	0	0	-0	-783	-0	-314	-0	200	0	-878	0.005	0.166
922.1	NaN	495	NaN	547.7673797	0	0	363	0	0	0	0	-0	-783	-0	-314	-0	200	0	-878	0.005	0.161
922.2	NaN	495	NaN	547.7433155	0	0	363	0	0	0	0	-0	-783	-0	-314	-0	200	0	-878	0.006	0.166
922.3	NaN	495	NaN	547.7192513	0	0	363	0	0	0	0	-0	-783	-0	-314	-0	200	0	-878	0.008	0.154
922.4	NaN	495	NaN	547.6951872	0	0	363	0	0	0	0	-0	-783	-0	-314	-0	200	0	-878	0.006	0.18
922.5	NaN	495	NaN	547.671123	0	0	363	0	0	0	0	-0	-783	-0	-314	-0	200	0	-878	0.004	0.099
922.6	NaN	495	NaN	547.6470588	0	0	363	0	0	0	0	-0	-783	-0	-314	-0	200	0	-878	0.003	0.229
922.7	NaN	495	NaN	547.6229947	0	0	363	0	0	0	0	-0	-783	-0	-314	-0	200	0	-878	0.004	0.161
922.8	NaN	495	NaN	547.5989305	0	0	363	0	0	0	0	-0	-783	-0	-314	-0	200	0	-878	0.003	0.14
922.9	NaN	495	NaN	547.5748663	0	0	363	0	0	0	0	-0	-783	-0	-314	-0	200	0	-878	0.005	0.179
923	NaN	495	NaN	547.5508021	0	0	363	0	0	0	0	-0	-783	-0	-314	-0	200	0	-878	0.006	0.169
923.1	NaN	495	NaN	547.526738	0	0	363	0	0	0	0	-0	-783	-0	-314	-0	200	0	-878	0.005	0.181
923.2	NaN	495	NaN	547.5026738	0	0	363	0	0	0	0	-0	-783	-0	-314	-0	200	0	-878	0.004	0.186
923.3	NaN	495	NaN	547.4786096	0	0	363	0	0	0	0	-0	-783	-0	-314	-0	200	0	-878	0.005	0.133
923.4	NaN	495	NaN	547.4545455	0	0	363	0	0	0	0	-0	-783	-0	-314	-0	200	0	-878	0.004	0.201
923.5	NaN	495	NaN	547.4304813	0	0	363	0	0	0	0	-0	-783	-0	-314	-0	200	0	-878	0.005	0.148
923.6	NaN	495	NaN	547.4064171	0	0	363	0	0	0	0	-0	-783	-0	-314	-0	200	0	-878	0.004	0.19
923.7	NaN	495	NaN	547.3823529	0	0	363	0	0	0	0	-0	-783	-0	-314	-0	200	0	-878	0.004	0.167
923.8	NaN	495	NaN	547.3582888	0	0	363	0	0	0	0	-0	-783	-0	-314	-0	200	0	-878	0.007	0.17
923.9	NaN	495	NaN	547.3342246	0	0	363	0	0	0	0	-0	-783	-0	-314	-0	200	0	-878	0.009	0.182
924	NaN	495	NaN	547.3101604	0	0	363	0	0	0	0	-0	-783	-0	-314	-0	200	0	-878	0.008	0.156
924.1	NaN	495	NaN	547.2860963	0	0	363	0	0	0	0	-0	-783	-0	-314	-0	200	0	-878	0.008	0.203
924.2	NaN	495	NaN	547.2620321	0	0	363	0	0	0	0	-0	-783	-0	-314	-0	200	0	-878	0.009	0.152
924.3	NaN	495	NaN	547.2379679	0	0	363	0	0	0	0	-0	-783	-0	-314	-0	200	0	-878	0.01	0.175
924.4	NaN	495	NaN	547.2139037	0	0	363	0	0	0	0	-0	-783	-0	-314	-0	200	0	-878	0.007	0.18
924.5	NaN	495	NaN	547.1898396	0	0	363	0	0	0	0	-0	-783	-0	-314	-0	200	0	-878	0.007	0.136
924.6	NaN	495	NaN	547.1657754	0	0	363	0	0	0	0	-0	-783	-0	-314	-0	200	0	-878	0.012	0.245
924.7	NaN	495	NaN	547.1417112	0	0	363	0	0	0	0	-0	-783	-0	-314	-0	200	0	-878	0.014	0.126
924.8	NaN	495	NaN	547.1176471	0	0	363	0	0	0	0	-0	-783	-0	-314	-0	200	0	-878	0.01	0.18
924.9	NaN	495	NaN	547.0935829	0	0	363	0	0	0	0	-0	-783	-0	-314	-0	200	0	-878	0.014	0.167
925	NaN	495	NaN	547.0695187	0	0	363	0	0	0	0	-0	-783	-0	-314	-0	200	0	-878	0.003	0.107
925.1	NaN	495	NaN	547.0454545	0	0	363	0	0	0	0	-0	-783	-0	-314	-0	200	0	-878	0.004	0.261
925.2	NaN	495	NaN	547.0213904	0	0	363	0	0	0	0	-0	-783	-0	-314	-0	200	0	-878	0.002	0.157
925.3	NaN	495	NaN	546.9973262	0	0	363	0	0	0	0	-0	-783	-0	-314	-0	200	0	-878	0	0.184
925.4	NaN	495	NaN	546.973262	0	0	363	0	0	0	0	-0	-783	-0	-314	-0	200	0	-878	0	0.16
925.5	NaN	495	NaN	546.9491979	0	0	363	0	0	0	0	-0	-783	-0	-314	-0	200	0	-878	-0.002	0.151
925.6	NaN	495	NaN	546.9251337	0	0	363	0	0	0	0	-0	-783	-0	-314	-0	200	0	-878	0.003	0.176
925.7	NaN	495	NaN	546.9010695	0	0	363	0	0	0	0	-0	-783	-0	-314	-0	200	0	-878	0.002	0.18
925.8	NaN	495	NaN	546.8770053	0	0	363	0	0	0	0	-0	-783	-0	-314	-0	200	0	-878	0.009	0.163
925.9	NaN	495	NaN	546.8529412	0	0	363	0	0	0	0	-0	-783	-0	-314	-0	200	0	-878	0.009	0.186
926	NaN	495	NaN	546.828877	0	0	363	0	0	0	0	-0	-783	-0	-314	-0	200	0	-878	0.004	0.172
926.1	NaN	495	NaN	546.8048128	0	0	363	0	0	0	0	-0	-783	-0	-314	-0	200	0	-878	0.004	0.182
926.2	NaN	495	NaN	546.7807487	0	0	363	0	0	0	0	-0	-783	-0	-314	-0	200	0	-878	0.002	0.157
926.3	NaN	495	NaN	546.7566845	0	0	363	0	0	0	0	-0	-783	-0	-314	-0	200	0	-878	0.004	0.157
926.4	NaN	495	NaN	546.7326203	0	0	363	0	0	0	0	-0	-783	-0	-314	-0	200	0	-878	0.004	0.191
926.5	NaN	495	NaN	546.7085561	0	0	363	0	0	0	0	-0	-783	-0	-314	-0	200	0	-878	0.004	0.227
926.6	NaN	495	NaN	546.684492	0	0	363	0	0	0	0	-0	-783	-0	-314	-0	200	0	-878	0.005	0.184
926.7	NaN	495	NaN	546.6604278	0	0	363	0	0	0	0	-0	-783	-0	-314	-0	200	0	-878	0.005	0.139
926.8	NaN	495	NaN	546.6363636	0	0	363	0	0	0	0	-0	-783	-0	-314	-0	200	0	-878	0.002	0.177
926.9	NaN	495	NaN	546.6122995	0	0	363	0	0	0	0	-0	-783	-0	-314	-0	200	0	-878	0.002	0.169
927	NaN	495	NaN	546.5882353	0	0	363	0	0	0	0	-0	-783	-0	-314	-0	200	0	-878	0.002	0.167
927.1	NaN	495	NaN	546.5641711	0	0	363	0	0	0	0	-0	-783	-0	-314	-0	200	0	-878	0.001	0.161
927.2	NaN	495	NaN	546.540107	0	0	363	0	0	0	0	-0	-783	-0	-314	-0	200	0	-878	0.002	0.159
927.3	NaN	495	NaN	546.5160428	0	0	363	0	0	0	0	-0	-783	-0	-314	-0	200	0	-878	0.001	0.14
927.4	NaN	495	NaN	546.4919786	0	0	363	0	0	0	0	-0	-783	-0	-314	-0	200	0	-878	0.003	0.172
927.5	NaN	495	NaN	546.4679144	0	0	363	0	0	0	0	-0	-783	-0	-314	-0	200	0	-878	0.002	0.175
927.6	NaN	495	NaN	546.4438503	0	0	363	0	0	0	0	-0	-783	-0	-314	-0	200	0	-878	-0.001	0.15
927.7	NaN	495	NaN	546.4197861	0	0	363	0	0	0	0	-0	-783	-0	-314	-0	200	0	-878	-0.001	0.15
927.8	NaN	495	NaN	546.3957219	0	0	363	0	0	0	0	-0	-783	-0	-314	-0	200	0	-878	0.004	0.151
927.9	NaN	495	NaN	546.3716578	0	0	363	0	0	0	0	-0	-783	-0	-314	-0	200	0	-878	0.003	0.189
928	NaN	495	NaN	546.3475936	0	0	363	0	0	0	0	-0	-783	-0	-314	-0	200	0	-878	0.005	0.144
928.1	NaN	495	NaN	546.3235294	0	0	363	0	0	0	0	-0	-783	-0	-314	-0	200	0	-878	0.004	0.185
928.2	NaN	495	NaN	546.2994652	0	0	363	0	0	0	0	-0	-783	-0	-314	-0	200	0	-878	0.002	0.138
928.3	NaN	495	NaN	546.2754011	0	0	363	0	0	0	0	-0	-783	-0	-314	-0	200	0	-878	0.004	0.193
928.4	NaN	495	NaN	546.2513369	0	0	363	0	0	0	0	-0	-783	-0	-314	-0	200	0	-878	0.008	0.168
928.5	NaN	495	NaN	546.2272727	0	0	363	0	0	0	0	-0	-783	-0	-314	-0	200	0	-878	0.008	0.161
928.6	NaN	495	NaN	546.2032086	0	0	363	0	0	0	0	-0	-783	-0	-314	-0	200	0	-878	0.009	0.197
928.7	NaN	495	NaN	546.1791444	0	0	363	0	0	0	0	-0	-783	-0	-314	-0	200	0	-878	0.008	0.177
928.8	NaN	495	NaN	546.1550802	0	0	363	0	0	0	0	-0	-783	-0	-314	-0	200	0	-878	0.009	0.157
928.9	NaN	495	NaN	546.131016	0	0	363	0	0	0	0	-0	-783	-0	-314	-0	200	0	-878	0.009	0.167
929	NaN	495	NaN	546.1069519	0	0	363	0	0	0	0	-0	-783	-0	-314	-0	200	0	-878	0.008	0.182
929.1	NaN	495	NaN	546.0828877	0	0	363	0	0	0	0	-0	-783	-0	-314	-0	200	0	-878	0.009	0.174
929.2	NaN	495	NaN	546.0588235	0	0	363	0	0	0	0	-0	-783	-0	-314	-0	200	0	-878	0.01	0.172
929.3	NaN	495	NaN	546.0347594	0	0	363	0	0	0	0	-0	-783	-0	-314	-0	200	0	-878	0.008	0.2
929.4	NaN	495	NaN	546.0106952	0	0	363	0	0	0	0	-0	-783	-0	-314	-0	200	0	-878	0.009	0.155
929.5	NaN	495	NaN	545.986631	0	0	363	0	0	0	0	-0	-783	-0	-314	-0	200	0	-878	0.009	0.187
929.6	NaN	495	NaN	545.9625668	0	0	363	0	0	0	0	-0	-783	-0	-314	-0	200	0	-878	0.007	0.157
929.7	NaN	495	NaN	545.9385027	0	0	363	0	0	0	0	-0	-783	-0	-314	-0	200	0	-878	0.007	0.163
929.8	NaN	495	NaN	545.9144385	0	0	363	0	0	0	0	-0	-783	-0	-314	-0	200	0	-878	0.006	0.162
929.9	NaN	495	NaN	545.8903743	0	0	363	0	0	0	0	-0	-783	-0	-314	-0	200	0	-878	0.007	0.186
930	NaN	495	NaN	545.8663102	0	0	363	0	0	0	0	-0	-783	-0	-314	-0	200	0	-878	0.005	0.171
930.1	NaN	495	NaN	545.842246	0	0	363	0	0	0	0	-0	-783	-0	-314	-0	200	0	-878	0.005	0.149
930.2	NaN	495	NaN	545.8181818	0	0	363	0	0	0	0	-0	-783	-0	-314	-0	200	0	-878	0.003	0.146
930.3	NaN	495	NaN	545.7941176	0	0	363	0	0	0	0	-0	-783	-0	-314	-0	200	0	-878	0.003	0.187
930.4	NaN	495	NaN	545.7700535	0	0	363	0	0	0	0	-0	-783	-0	-314	-0	200	0	-878	0.007	0.164
930.5	NaN	495	NaN	545.7459893	0	0	363	0	0	0	0	-0	-783	-0	-314	-0	200	0	-878	0.007	0.175
930.6	NaN	495	NaN	545.7219251	0	0	363	0	0	0	0	-0	-783	-0	-314	-0	200	0	-878	0.004	0.162
930.7	NaN	495	NaN	545.697861	0	0	363	0	0	0	0	-0	-783	-0	-314	-0	200	0	-878	0.004	0.148
930.8	NaN	495	NaN	545.6737968	0	0	363	0	0	0	0	-0	-783	-0	-314	-0	200	0	-878	0.009	0.19
930.9	NaN	495	NaN	545.6497326	0	0	363	0	0	0	0	-0	-783	-0	-314	-0	200	0	-878	0.01	0.179
931	NaN	495	NaN	545.6256684	0	0	363	0	0	0	0	-0	-783	-0	-314	-0	200	0	-878	0.007	0.17
931.1	NaN	495	NaN	545.6016043	0	0	363	0	0	0	0	-0	-783	-0	-314	-0	200	0	-878	0.007	0.182
931.2	NaN	495	NaN	545.5775401	0	0	363	0	0	0	0	-0	-783	-0	-314	-0	200	0	-878	0.005	0.163
931.3	NaN	495	NaN	545.5534759	0	0	363	0	0	0	0	-0	-783	-0	-314	-0	200	0	-878	0.005	0.197
931.4	NaN	495	NaN	545.5294118	0	0	363	0	0	0	0	-0	-783	-0	-314	-0	200	0	-878	0.008	0.185
931.5	NaN	495	NaN	545.5053476	0	0	363	0	0	0	0	-0	-783	-0	-314	-0	200	0	-878	0.008	0.175
931.6	NaN	495	NaN	545.4812834	0	0	363	0	0	0	0	-0	-783	-0	-314	-0	200	0	-878	0.008	0.155
931.7	NaN	495	NaN	545.4572193	0	0	363	0	0	0	0	-0	-783	-0	-314	-0	200	0	-878	0.007	0.18
931.8	NaN	495	NaN	545.4331551	0	0	363	0	0	0	0	-0	-783	-0	-314	-0	200	0	-878	0.011	0.17
931.9	NaN	495	NaN	545.4090909	0	0	363	0	0	0	0	-0	-783	-0	-314	-0	200	0	-878	0.011	0.161
932	NaN	495	NaN	545.3850267	0	0	363	0	0	0	0	-0	-783	-0	-314	-0	200	0	-878	0.01	0.18
932.1	NaN	495	NaN	545.3609626	0	0	363	0	0	0	0	-0	-783	-0	-314	-0	200	0	-878	0.01	0.164
932.2	NaN	495	NaN	545.3368984	0	0	363	0	0	0	0	-0	-783	-0	-314	-0	200	0	-878	0.009	0.178
932.3	NaN	495	NaN	545.3128342	0	0	363	0	0	0	0	-0	-783	-0	-314	-0	200	0	-878	0.01	0.162
932.4	NaN	495	NaN	545.2887701	0	0	363	0	0	0	0	-0	-783	-0	-314	-0	200	0	-878	0.01	0.178
932.5	NaN	495	NaN	545.2647059	0	0	363	0	0	0	0	-0	-783	-0	-314	-0	200	0	-878	0.01	0.162
932.6	NaN	495	NaN	545.2406417	0	0	363	0	0	0	0	-0	-783	-0	-314	-0	200	0	-878	0.008	0.183
932.7	NaN	495	NaN	545.2165775	0	0	363	0	0	0	0	-0	-783	-0	-314	-0	200	0	-878	0.008	0.184
932.8	NaN	495	NaN	545.1925134	0	0	363	0	0	0	0	-0	-783	-0	-314	-0	200	0	-878	0.007	0.123
932.9	NaN	495	NaN	545.1684492	0	0	363	0	0	0	0	-0	-783	-0	-314	-0	200	0	-878	0.007	0.196
933	NaN	495	NaN	545.144385	0	0	363	0	0	0	0	-0	-783	-0	-314	-0	200	0	-878	0.009	0.144
933.1	NaN	495	NaN	545.1203209	0	0	363	0	0	0	0	-0	-783	-0	-314	-0	200	0	-878	0.01	0.17
933.2	NaN	495	NaN	545.0962567	0	0	363	0	0	0	0	-0	-783	-0	-314	-0	200	0	-878	0.007	0.18
933.3	NaN	495	NaN	545.0721925	0	0	363	0	0	0	0	-0	-783	-0	-314	-0	200	0	-878	0.007	0.196
933.4	NaN	495	NaN	545.0481283	0	0	363	0	0	0	191	-0	-783	-0	-314	-0	200	0	-878	0.007	0.16
933.5	NaN	495	NaN	545.0240642	0	0	363	0	0	0	197	-0	-783	-0	-314	-0	200	0	-878	0.007	0.19
