# F34 BrakeDataPreprocessor optimizer-compatible export
# Source session: endurance529
# Segment type: endurance_stint | source time 750.600 to 1201.900 s
# Source files: Endurance 5-29.txt
# Format: drs_22_column | estimated: none | missing-as-NaN: tempFLRaw, tempRLRaw | startup-cleaning: trimmed 0.00 s, start 20.5 C, spikes 6307
Time_s	FL_RotorTemp_RAW	FR_RotorTemp_RAW	RL_RotorTemp_RAW	RR_RotorTemp_RAW	DRS_State	Steering_pct	FrontBrakePressure_RAW	AccelPedalA_pct	AccelPedalB_pct	Reserved	RearBrakePressure_RAW	FL_FeedbackTorque_pctMn	FL_FeedbackVelocity_rpm	FR_FeedbackTorque_pctMn	FR_FeedbackVelocity_rpm	RL_FeedbackTorque_pctMn	RL_FeedbackVelocity_rpm	RR_FeedbackTorque_pctMn	RR_FeedbackVelocity_rpm	Velocity_mps	AccelX_mps2
0	NaN	810	NaN	888	0	-7	361	38	33	0	407	16	707	13	688	39	707	33	706	1.133	2.147
0.1	NaN	827	NaN	1047	0	-13	357	38	31	0	407	14	831	10	811	37	833	28	809	1.326	1.612
0.2	NaN	741	NaN	853	0	-17	355	37	30	0	406	13	940	9	910	34	957	24	910	1.51	1.703
0.3	NaN	745	NaN	815	0	-17	359	36	29	0	407	11	1036	8	994	30	1041	19	999	1.634	1.49
0.4	NaN	767	NaN	880	0	-18	359	36	29	0	407	11	1116	7	1063	30	1120	20	1073	1.758	1.329
0.5	NaN	806	NaN	1033	0	-18	359	36	30	0	407	11	1195	8	1128	30	1195	20	1144	1.886	1.013
0.6	NaN	769	NaN	839	0	-16	361	36	31	0	408	13	1280	9	1214	34	1280	23	1220	2.022	1.486
0.7	NaN	826	NaN	997	0	-19	355	36	31	0	407	13	1376	8	1288	35	1372	21	1294	2.151	1.385
0.8	NaN	757	NaN	807	0	-20	354	36	31	0	405	13	1442	8	1378	34	1459	21	1387	2.301	1.497
0.9	NaN	822	NaN	827	0	-19	359	36	31	0	406	13	1552	9	1474	35	1552	22	1473	2.441	1.582
1	NaN	716	NaN	877	0	-25	362	36	31	0	407	13	1662	8	1537	35	1665	20	1545	2.578	1.637
1.1	NaN	737	NaN	956	0	-31	362	36	31	0	408	14	1798	7	1593	38	1768	17	1596	2.712	0.934
1.2	NaN	787	NaN	931	0	-42	355	36	31	0	407	16	1894	6	1639	40	1881	15	1635	2.855	1.249
1.3	NaN	723	NaN	888	0	-41	357	36	31	0	407	15	1998	5	1740	41	1988	14	1713	2.999	1.614
1.4	NaN	677	NaN	811	0	-38	360	37	32	0	407	17	2104	6	1850	47	2105	17	1823	3.151	1.473
1.5	NaN	745	NaN	844	0	-31	356	37	32	0	407	17	2173	7	1957	43	2146	20	1964	3.344	1.288
1.6	NaN	684	NaN	884	0	-21	362	37	32	0	406	16	2213	9	2098	38	2232	25	2104	3.518	1.95
1.7	NaN	693	NaN	872.1666667	0	-2	355	37	31	0	406	13	2227	11	2273	32	2273	29	2265	3.676	1.767
1.8	NaN	726	NaN	865.8333333	0	11	360	36	31	0	405	10	2277	13	2441	25	2301	33	2442	3.834	1.478
1.9	NaN	671	NaN	885	0	25	358	37	31	0	407	9	2328	14	2580	22	2316	36	2581	3.969	1.221
2	NaN	724	NaN	846	0	28	359	37	31	0	405	7	2368	14	2696	19	2389	36	2675	4.121	1.305
2.1	NaN	715	NaN	901	0	24	360	37	31	0	408	8	2480	14	2799	21	2496	37	2806	4.257	1.665
2.2	NaN	687	NaN	870.8125	0	19	359	37	31	0	406	9	2603	14	2862	23	2578	35	2893	4.409	1.334
2.3	NaN	744	NaN	867.0416667	0	12	356	37	30	0	408	9	2698	12	2913	24	2723	31	2902	4.569	1.214
2.4	NaN	662	NaN	863.2708333	0	4	362	36	30	0	407	10	2813	12	2950	25	2841	30	2953	4.718	1.348
2.5	NaN	706	NaN	892	0	0	358	35	28	0	406	9	2901	8	3000	22	2915	22	3033	4.831	1.395
2.6	NaN	590	NaN	843	0	3	358	33	26	0	405	5	2940	6	3047	14	2981	14	3045	4.871	0.488
2.7	NaN	610	NaN	904	0	3	358	33	26	0	406	5	2983	6	3048	14	2998	15	3070	4.906	0.217
2.8	NaN	661	NaN	929	0	0	359	32	28	0	407	6	2988	7	3075	16	3009	17	3064	4.955	0.41
2.9	NaN	687	NaN	909	0	1	359	33	29	0	406	8	3011	8	3129	19	3057	20	3142	5	0.775
3	NaN	685	NaN	923	0	5	356	34	29	0	407	7	3063	8	3182	18	3048	21	3197	5.09	0.469
3.1	NaN	687	NaN	839	0	8	355	33	29	0	407	7	3092	9	3258	18	3118	22	3266	5.155	0.315
3.2	NaN	729	NaN	839	0	9	360	33	29	0	405	7	3138	9	3282	18	3132	22	3322	5.24	0.992
3.3	NaN	640	NaN	831	0	12	355	33	29	0	407	7	3167	9	3364	17	3176	22	3370	5.305	0.992
3.4	NaN	744	NaN	835	0	10	359	34	29	0	407	7	3206	9	3398	18	3231	24	3414	5.377	0.923
3.5	NaN	723	NaN	894	0	14	361	34	28	0	407	7	3245	10	3490	17	3230	24	3498	5.459	-0.511
3.6	NaN	635	NaN	846	0	15	362	34	28	0	406	6	3275	9	3551	16	3303	23	3525	5.52	0.08
3.7	NaN	698	NaN	857	0	20	359	34	28	0	406	6	3284	10	3585	16	3283	25	3615	5.622	0.807
3.8	NaN	685	NaN	862	0	21	358	34	28	0	407	6	3330	10	3695	14	3361	24	3681	5.657	0.21
3.9	NaN	700	NaN	830	0	20	356	34	28	0	408	5	3324	9	3692	14	3371	24	3717	5.746	1.517
4	NaN	670	NaN	872	0	23	356	34	29	0	407	5	3421	8	3779	12	3411	25	3789	5.763	-1.317
4.1	NaN	685	NaN	803	0	20	356	41	35	0	408	13	3532	20	3840	33	3546	51	3894	5.963	2.661
4.2	NaN	641	NaN	868	0	20	354	36	29	0	407	9	3656	13	4046	21	3645	33	4044	6.132	-0.065
4.3	NaN	622	NaN	855	0	11	355	37	30	0	408	9	3701	14	3979	23	3736	33	4029	6.243	1.541
4.4	NaN	604	NaN	865	0	10	360	35	28	0	407	7	3790	8	4048	18	3788	21	4032	6.338	0.111
4.5	NaN	677	NaN	887	0	2	356	35	31	0	408	10	3868	12	4044	24	3898	27	4078	6.403	1.237
4.6	NaN	707	NaN	840	0	1	359	35	29	0	407	10	3955	10	4107	23	3961	23	4109	6.503	0.54
4.7	NaN	625	NaN	828	0	-2	356	35	28	0	407	9	4008	9	4095	23	4059	22	4130	6.576	0.701
4.8	NaN	542	NaN	1031	0	-8	360	33	28	0	406	8	4142	7	4071	20	4106	17	4080	6.635	-0.51
4.9	NaN	501	NaN	818	0	-20	355	33	27	0	407	8	4175	6	4021	20	4216	13	4035	6.688	1.063
5	NaN	500	NaN	900	0	-22	359	32	29	0	408	8	4274	4	4034	20	4254	12	4022	6.652	-0.687
5.1	NaN	464	NaN	926	0	-20	359	33	28	0	407	10	4289	5	4019	24	4315	13	4033	6.707	0.845
5.2	NaN	465	NaN	851	0	-21	362	33	28	0	407	8	4323	4	4007	19	4313	12	4031	6.732	0.394
5.3	NaN	517	NaN	913	0	-23	359	33	29	0	407	11	4341	6	4050	26	4350	16	4054	6.783	0.768
5.4	NaN	490	NaN	854	0	-25	361	37	30	0	407	10	4373	6	4094	26	4421	16	4116	6.813	0.759
5.5	NaN	631	NaN	859.5	0	-21	360	35	31	0	407	14	4455	8	4161	35	4423	20	4160	6.959	1.916
5.6	NaN	557	NaN	859.5	0	-21	359	35	30	0	406	13	4510	7	4212	32	4553	19	4251	7.019	0.5
5.7	NaN	506	NaN	859.5	0	-21	356	34	27	0	407	11	4575	7	4302	26	4550	15	4284	7.124	0.76
5.8	NaN	585	NaN	859.5	0	-19	362	34	30	0	407	11	4526	7	4318	27	4580	18	4346	7.159	0.409
5.9	NaN	565	NaN	859.5	0	-12	360	34	30	0	406	10	4514	8	4454	26	4563	20	4458	7.236	0.7
6	NaN	661	NaN	835	0	-8	354	35	31	0	407	11	4522	9	4442	28	4525	22	4486	7.309	1.261
6.1	NaN	639	NaN	823	0	-2	359	34	30	0	407	10	4532	10	4588	25	4600	25	4616	7.39	0.599
6.2	NaN	600	NaN	855	0	7	360	35	30	0	406	10	4481	11	4705	24	4482	28	4719	7.488	1.151
6.3	NaN	685	NaN	898	0	12	359	35	30	0	407	9	4413	12	4814	21	4525	30	4841	7.549	1.642
6.4	NaN	651	NaN	911	0	17	357	35	30	0	407	8	4561	12	4938	20	4562	29	4945	7.58	-0.262
6.5	NaN	570	NaN	838	0	17	362	34	26	0	407	5	4529	8	4889	13	4546	19	4912	7.66	0.25
6.6	NaN	551	NaN	853.5	0	19	359	34	27	0	408	5	4520	8	4931	13	4550	19	4949	7.669	0.347
6.7	NaN	533	NaN	847.5	0	17	356	34	27	0	407	5	4521	8	4982	13	4510	21	4974	7.683	0.718
6.8	NaN	540	NaN	864	0	20	357	34	27	0	408	5	4511	8	4946	12	4544	19	4976	7.669	-0.019
6.9	NaN	562	NaN	841	0	21	355	34	27	0	408	5	4500	8	4984	14	4526	21	5006	7.715	0.005
7	NaN	557.8666667	NaN	922	0	19	360	34	28	0	407	6	4508	9	5015	14	4579	23	4998	7.754	1.867
7.1	NaN	556.2333333	NaN	889	0	15	363	35	30	0	406	8	4596	12	4976	21	4616	30	5013	7.769	0.14
7.2	NaN	554.6	NaN	865	0	8	360	34	27	0	408	6	4694	8	4991	16	4697	19	5009	7.862	0.954
7.3	NaN	552.9666667	NaN	893	0	4	361	34	27	0	408	7	4769	8	4992	18	4828	19	5015	7.904	0.869
7.4	NaN	551.3333333	NaN	881	0	-3	358	34	27	0	406	8	4899	7	4934	18	4861	18	4972	7.981	-0.364
7.5	NaN	549.7	NaN	842	0	-6	355	33	26	0	407	6	4954	6	4950	16	4962	14	4962	7.969	-0.397
7.6	NaN	548.0666667	NaN	840	0	-14	358	31	24	0	408	6	4998	5	4883	13	5048	11	4911	8.001	0.266
7.7	NaN	546.4333333	NaN	858.8235294	0	-16	363	28	25	0	407	1	4959	0	4736	1	4953	1	4757	7.947	0.356
7.8	NaN	544.8	NaN	858.1470588	0	-18	362	29	25	0	407	3	4910	2	4754	7	4997	4	4784	7.887	0.692
7.9	NaN	543.1666667	NaN	857.4705882	0	-18	361	29	24	0	407	2	4921	1	4695	5	4907	3	4646	7.828	-1.425
8	NaN	541.5333333	NaN	856.7941176	0	-16	360	33	28	0	407	9	4953	6	4692	23	4925	15	4701	7.808	0.077
8.1	NaN	539.9	NaN	856.1176471	0	-16	359	33	26	0	407	8	4939	6	4707	19	5011	13	4784	7.877	1.204
8.2	NaN	538.2666667	NaN	855.4411765	0	-18	359	33	28	0	407	5	4927	3	4692	14	4980	7	4672	7.807	-2.081
8.3	NaN	536.6333333	NaN	854.7647059	0	-17	357	28	20	0	408	0	4834	0	4745	1	4874	1	4738	7.889	-1.333
8.4	NaN	541	NaN	854.0882353	0	-18	361	33	30	0	407	9	4880	6	4667	25	4945	16	4714	7.77	1.519
8.5	NaN	495	NaN	853.4117647	0	-16	357	30	23	0	408	2	4960	1	4710	4	4883	3	4722	7.783	-1.281
8.6	NaN	461	NaN	852.7352941	0	-15	357	29	22	0	407	3	4819	2	4696	6	4859	6	4694	7.791	-0.407
8.7	NaN	490	NaN	852.0588235	0	-17	361	27	22	0	409	0	4766	-0	4640	-0	4807	-0	4642	7.673	-0.572
8.8	NaN	495	NaN	851.3823529	0	-13	358	27	22	0	408	0	4764	0	4667	0	4698	0	4612	7.577	-2.742
8.9	NaN	742	NaN	850.7058824	0	-15	357	42	38	0	407	23	4819	16	4614	57	4878	40	4672	7.629	3.175
9	NaN	488	NaN	850.0294118	0	-12	362	24	16	0	408	0	4822	0	4716	0	4853	0	4712	7.789	-1.862
9.1	NaN	591	NaN	849.3529412	0	-6	356	33	28	0	406	8	4707	7	4725	20	4746	18	4697	7.629	0.929
9.2	NaN	554	NaN	848.6764706	0	8	362	9	5	0	405	-12	4518	-11	4705	-11	4507	-10	4694	7.505	-3.194
9.3	NaN	714	NaN	857	0	16	358	37	32	0	407	10	4499	15	4848	26	4489	37	4851	7.481	1.163
9.4	NaN	529	NaN	826	0	21	356	33	25	0	408	4	4394	7	4877	10	4444	17	4889	7.523	0.307
9.5	NaN	489	NaN	840	0	26	362	28	21	0	408	-0	4349	-0	4878	-0	4319	0	4831	7.438	-1.541
9.6	NaN	491	NaN	857	0	31	362	27	20	0	408	0	4241	0	4836	0	4276	0	4801	7.314	-0.701
9.7	NaN	483	NaN	840	0	34	358	30	26	0	408	2	4192	5	4809	5	4156	13	4781	7.178	-1.347
9.8	NaN	498	NaN	847.2588235	0	37	356	30	26	0	407	2	4128	6	4801	5	4109	14	4764	7.147	-1.038
9.9	NaN	730	NaN	841.4441176	0	37	361	32	28	0	406	3	4119	10	4838	9	4104	25	4788	7.144	-0.018
10	NaN	717	NaN	835.6294118	0	39	358	33	29	0	405	4	4124	11	4817	10	4097	29	4812	7.154	-0.059
10.1	NaN	692	NaN	829.8147059	0	41	360	34	29	0	405	4	4146	13	4927	11	4119	31	4878	7.213	-0.156
10.2	NaN	738	NaN	811	0	39	361	36	32	0	406	6	4183	17	4881	15	4122	42	4875	7.271	1.119
10.3	NaN	640	NaN	833	0	37	362	36	31	0	407	6	4240	16	4931	16	4261	40	4977	7.411	-0.459
10.4	NaN	617	NaN	811	0	36	361	35	28	0	407	6	4318	14	5030	14	4262	37	5000	7.504	0.717
10.5	NaN	501	NaN	877	0	45	355	32	24	0	408	2	4203	6	5056	5	4207	15	5007	7.438	-1.334
10.6	NaN	520	NaN	847	0	48	357	32	24	0	407	2	4189	6	5081	4	4076	16	4980	7.385	-1.81
10.7	NaN	484	NaN	844	0	50	361	32	24	0	407	1	4138	7	5065	4	4050	16	4966	7.358	-1.162
10.8	NaN	499	NaN	849	0	53	359	32	24	0	407	1	4139	6	5002	4	3992	16	4950	7.302	-1.639
10.9	NaN	589	NaN	897	0	51	357	32	25	0	409	2	4059	7	4999	4	3982	18	4921	7.244	-0.8
11	NaN	679	NaN	861	0	51	360	33	28	0	407	3	4063	13	5012	7	3963	32	4922	7.247	-0.106
11.1	NaN	687	NaN	837	0	55	360	36	31	0	407	4	4099	18	5026	10	4024	45	4997	7.261	-0.07
11.2	NaN	644	NaN	763	0	51	359	38	33	0	406	5	4161	21	5136	13	4044	53	5080	7.377	-0.031
11.3	NaN	638	NaN	764	0	46	360	39	35	0	408	7	4271	24	5147	18	4229	61	5108	7.524	0.84
11.4	NaN	781	NaN	814	0	40	359	40	35	0	406	9	4424	25	5250	22	4400	60	5246	7.729	1.553
11.5	NaN	655	NaN	759	0	40	360	40	36	0	407	8	4540	25	5339	22	4514	59	5325	7.956	1.799
11.6	NaN	658	NaN	815	0	28	363	41	37	0	409	13	4736	26	5421	31	4796	63	5406	8.206	2.643
11.7	NaN	635	NaN	772	0	12	358	41	37	0	406	15	4963	22	5408	38	4986	55	5446	8.441	-0.018
11.8	NaN	583	NaN	718	0	8	363	51	42	0	409	28	5394	33	5655	67	5435	85	5736	8.802	5.697
11.9	NaN	617	NaN	863	0	11	359	34	26	0	406	7	5299	9	5564	15	5393	19	5630	8.974	1.373
12	NaN	615	NaN	892	0	18	363	49	44	0	409	9	5318	14	5713	22	5294	30	5732	8.93	-1.296
12.1	NaN	468	NaN	469	0	30	360	28	22	0	407	0	5170	0	5708	-1	5228	1	5740	9.004	-1.716
12.2	NaN	617	NaN	779	0	28	361	44	39	0	409	15	5216	29	6015	35	5284	72	6034	9.155	3.33
12.3	NaN	627	NaN	853	0	31	360	37	31	0	407	8	5338	17	6051	19	5300	41	6057	9.246	-0.959
12.4	NaN	603	NaN	766	0	26	362	39	35	0	407	12	5437	21	6061	29	5441	52	6090	9.343	2.286
12.5	NaN	648	NaN	739	0	26	358	41	36	0	406	13	5519	23	6158	30	5590	55	6223	9.511	1.429
12.6	NaN	579	NaN	740	0	33	361	46	40	0	406	14	5573	33	6458	33	5639	81	6467	9.673	0.39
12.7	NaN	616	NaN	715	0	34	361	42	35	0	407	12	5998	27	6589	28	5760	61	6618	10.042	2.417
12.8	NaN	617	NaN	705	0	28	359	52	46	0	408	23	5974	44	6874	54	6074	105	6919	10.224	3.819
12.9	NaN	577	NaN	725	0	26	358	48	42	0	407	20	6691	36	7031	47	6327	82	6993	10.675	4.172
13	NaN	635	NaN	811	0	28	356	55	49	0	407	7	6196	15	6976	17	6301	35	6997	10.718	-2.04
13.1	NaN	479	NaN	469	0	15	363	14	8	0	408	-3	6421	-3	7052	-2	6553	-5	7165	11.079	-4.361
13.2	NaN	531	NaN	640	0	15	357	76	71	0	407	42	6588	62	7037	96	6975	126	7251	10.946	8.772
13.3	NaN	467	NaN	826	0	20	356	35	30	0	408	6	6641	10	7142	14	6654	24	7208	11.326	-0.618
13.4	NaN	617	NaN	694	0	20	357	45	38	0	407	20	6782	31	7429	45	6770	68	7485	11.399	4.004
13.5	NaN	588	NaN	778	0	25	359	42	36	0	407	13	6744	25	7484	31	6848	60	7494	11.541	0.627
13.6	NaN	592	NaN	751	0	25	361	42	38	0	407	15	6831	27	7620	35	6947	62	7679	11.731	0.77
13.7	NaN	616	NaN	713	0	21	359	44	39	0	407	18	7002	30	7744	40	7093	66	7819	11.961	1.412
13.8	NaN	606	NaN	711	0	21	362	45	39	0	407	18	7179	29	7866	41	7301	67	7929	12.184	0.84
13.9	NaN	575	NaN	721	0	10	358	45	40	0	408	22	7425	27	7907	49	7512	60	7958	12.487	2.565
14	NaN	563	NaN	738	0	-2	355	44	39	0	405	25	7755	23	7901	55	7820	53	8030	12.717	3.015
14.1	NaN	594.75	NaN	780	0	-14	362	35	29	0	406	12	7968	9	7746	27	7974	19	7788	12.829	-0.01
14.2	NaN	592	NaN	771	0	-24	361	35	31	0	408	16	8100	9	7670	35	8136	19	7696	12.827	-0.431
14.3	NaN	589.25	NaN	766	0	-29	359	36	33	0	406	18	8182	9	7562	40	8241	20	7617	12.81	-0.207
14.4	NaN	586.5	NaN	769	0	-20	357	37	33	0	406	17	8146	11	7653	37	8201	24	7692	12.862	0.307
14.5	NaN	583.75	NaN	796	0	-21	362	35	27	0	406	12	8095	8	7726	23	8145	15	7734	12.92	-0.19
14.6	NaN	581	NaN	797	0	-19	362	33	28	0	406	9	8086	6	7667	22	8150	14	7695	12.843	-0.984
14.7	NaN	578.25	NaN	791	0	-21	361	34	30	0	407	11	8049	7	7658	26	8121	17	7679	12.827	-1.239
14.8	NaN	575.5	NaN	737	0	-8	360	44	38	0	407	27	8053	21	7859	58	8180	49	7930	12.96	2.621
14.9	NaN	572.75	NaN	710	0	6	357	39	31	0	408	14	7932	15	8166	30	8026	33	8171	13.165	0.306
15	NaN	592	NaN	725	0	18	359	41	36	0	408	16	7853	23	8482	34	7951	50	8492	13.249	1.518
15.1	NaN	619	NaN	722	0	16	356	42	37	0	408	17	7906	25	8596	37	8010	54	8661	13.433	1.26
15.2	NaN	586	NaN	703	0	14	359	47	42	0	408	24	8132	31	8640	52	8185	71	8781	13.69	1.982
15.3	NaN	562	NaN	659	0	4	359	57	52	0	408	36	8540	39	8883	75	8556	84	9036	14.12	4.964
15.4	NaN	557	NaN	674	0	-1	354	100	95	0	408	36	8914	36	9090	77	9007	77	9177	14.554	4.397
15.5	NaN	554	NaN	672	0	-4	359	100	100	0	408	38	9295	33	9256	77	9383	71	9323	14.987	4.871
15.6	NaN	574	NaN	667	0	-5	361	100	100	0	407	37	9501	32	9475	76	9630	68	9539	15.387	4.687
15.7	NaN	572	NaN	678	0	-3	358	100	100	0	409	35	9647	33	9729	73	9810	67	9886	15.781	3.164
15.8	NaN	573	NaN	700	0	-4	362	100	100	0	407	35	9922	32	9939	71	10003	66	10104	16.144	4.56
15.9	NaN	568	NaN	681	1	-8	354	100	100	0	407	36	10277	30	10191	73	10385	61	10232	16.507	4.75
16	NaN	591	NaN	759	0	-10	361	100	100	0	408	35	10494	29	10321	71	10616	58	10382	16.82	2.279
16.1	NaN	546	NaN	717	0	-2	360	100	100	0	407	33	10517	30	10829	64	10624	63	10717	17.133	5.763
16.2	NaN	658	NaN	767	0	-5	362	100	99	0	408	33	10871	30	10776	63	10941	59	10936	17.42	3.323
16.3	NaN	591	NaN	680	0	-2	359	100	100	0	409	32	10798	30	10934	62	10947	61	11063	17.706	1.59
16.4	NaN	651	NaN	687	0	2	358	100	100	0	409	30	11002	32	11261	58	11132	62	11295	17.974	4.317
16.5	NaN	551	NaN	672	1	1	361	100	95	0	407	30	11162	30	11258	59	11284	59	11352	18.299	3.071
16.6	NaN	524	NaN	786	0	1	480	4	0	0	503	-2	11016	-2	11274	-5	11163	-3	11323	18.479	2.851
16.7	NaN	559	NaN	699	0	1	588	0	0	0	628	-22	10966	-22	10945	-15	10859	-15	10786	17.979	-6.454
16.8	NaN	567	NaN	699.6176471	0	2	621	0	0	0	628	-41	10309	-41	10514	-32	10236	-31	10488	17.296	-7.023
16.9	NaN	557	NaN	699.7352941	0	0	471	0	0	0	478	-54	9891	-55	10039	-43	9889	-43	9983	16.444	-7.169
17	NaN	590	NaN	699.8529412	0	3	444	0	0	0	473	-57	9406	-55	9515	-46	9106	-43	9479	15.595	-8.954
17.1	NaN	591	NaN	699.9705882	0	2	372	0	0	0	411	-56	8989	-48	9054	-0	9035	-44	9055	14.849	-6.283
17.2	NaN	552	NaN	700.0882353	0	10	406	0	0	0	430	-57	8392	-15	8838	-0	8558	-43	8754	14.254	-6.324
17.3	NaN	567.9166667	NaN	700.2058824	0	12	448	0	0	0	473	-57	7891	-6	8664	-0	8088	-43	8492	13.685	-6.348
17.4	NaN	568.3333333	NaN	700.3235294	0	14	380	0	0	0	419	-57	7602	-6	8310	0	7734	-43	8091	13.076	-6.064
17.5	NaN	568.75	NaN	700.4411765	0	2	427	0	0	0	456	-55	7460	-6	7900	-0	7501	-46	7554	12.593	-6.975
17.6	NaN	569.1666667	NaN	700.5588235	0	-12	366	2	0	0	407	-48	7394	-6	7354	0	7467	-47	7092	12.113	-4.112
17.7	NaN	569.5833333	NaN	700.6764706	0	-36	368	0	0	0	405	-43	7349	-9	6686	-0	7447	-55	5589	11.606	-4.074
17.8	NaN	570	NaN	700.7941176	0	-54	367	0	0	0	404	-39	7053	-18	6079	-0	7297	-16	1432	11.114	-4.328
17.9	NaN	570.4166667	NaN	700.9117647	0	-49	359	0	0	0	403	-40	6883	-33	5792	-0	6999	-20	1965	10.638	-5.119
18	NaN	570.8333333	NaN	701.0294118	0	-43	359	22	21	0	404	0	6771	0	5818	0	6717	-1	2715	10.132	-4.067
18.1	NaN	571.25	NaN	701.1470588	0	-40	362	26	24	0	406	-1	6513	0	5553	0	6507	0	4742	9.866	-2.067
18.2	NaN	571.6666667	NaN	701.2647059	0	-20	358	36	32	0	405	12	6344	8	5583	34	6494	20	5572	9.639	0.219
18.3	NaN	572.0833333	NaN	701.3823529	0	-6	358	44	36	0	404	22	6101	19	6123	53	6150	45	6185	9.952	1.846
18.4	NaN	579	NaN	700	0	14	362	55	53	0	407	33	6339	47	6564	80	6359	107	6574	10.29	5.631
18.5	NaN	569.5982143	NaN	713	0	53	361	41	35	0	408	8	6235	30	7043	17	6235	67	6929	10.609	1.32
18.6	NaN	569.8214286	NaN	713	0	55	363	40	35	0	407	7	6042	29	7160	16	6189	68	7155	10.661	1.485
18.7	NaN	570.0446429	NaN	731	0	37	362	39	31	0	407	8	6114	19	7166	18	6251	44	7186	10.717	-1.633
18.8	NaN	570.2678571	NaN	783	0	33	362	35	27	0	410	7	6241	12	7122	13	6194	29	7160	10.822	-0.885
18.9	NaN	570.4910714	NaN	473	0	26	358	22	18	0	409	-2	6209	-2	6936	-3	6199	-2	6910	10.622	-1.709
19	NaN	570.7142857	NaN	477	0	41	364	21	12	0	408	-8	5976	-6	6741	-7	5953	-5	6793	10.427	-4.716
19.1	NaN	570.9375	NaN	467	0	74	359	6	0	0	407	-17	5229	-8	6451	-16	5222	-8	6649	10.116	-5.281
19.2	NaN	571.1607143	NaN	780	0	80	363	0	0	0	407	-43	4628	-19	6142	-41	4576	-17	6356	9.607	-6.614
19.3	NaN	571.3839286	NaN	935	0	77	363	30	27	0	407	0	4939	9	6146	1	2248	22	6263	9.183	-0.688
19.4	NaN	571.6071429	NaN	703	0	75	359	39	35	0	409	1	4788	31	6073	4	4871	72	6231	8.962	-0.812
19.5	NaN	571.8303571	NaN	756	0	72	360	39	35	0	407	3	4767	30	6118	7	4980	71	6208	9.008	2.189
19.6	NaN	572.0535714	NaN	662	0	64	362	52	48	0	409	8	4990	59	6383	21	5164	140	6592	9.086	1.949
19.7	NaN	572.2767857	NaN	644	0	49	363	53	47	0	409	15	5365	54	6552	36	5413	126	6686	9.491	2.818
19.8	NaN	568	NaN	659	0	32	362	60	55	0	409	27	5642	48	7049	66	6139	149	7341	9.983	9.142
19.9	NaN	576	NaN	687	0	0	360	54	51	0	406	37	5946	37	6700	90	8683	87	7105	10.349	0.72
20	NaN	568	NaN	636	0	0	362	75	70	0	410	41	6945	40	6857	93	9632	92	7071	10.815	3.729
20.1	NaN	567	NaN	707	0	14	361	100	100	0	410	38	8222	50	7189	84	7068	115	7149	11.512	7.028
20.2	NaN	585	NaN	641	0	5	360	100	100	0	408	41	7290	44	7577	91	7367	99	7704	12.078	5.998
20.3	NaN	569	NaN	715	0	10	364	100	100	0	409	36	7712	45	7929	80	7686	101	8048	12.628	6.425
20.4	NaN	572	NaN	647	0	6	362	100	100	0	409	36	7878	42	8223	81	8014	93	8385	13.127	5.748
20.5	NaN	573	NaN	649	0	4	357	100	100	0	409	36	8268	40	8496	79	8391	87	8574	13.669	3.497
20.6	NaN	584	NaN	653	0	1	359	100	100	0	408	36	8566	37	8805	80	8733	80	8867	14.11	6.198
20.7	NaN	578	NaN	648	0	-1	357	100	100	0	409	37	8886	36	9068	79	8960	76	9085	14.565	4.978
20.8	NaN	565	NaN	637	0	-2	356	100	100	0	407	36	9194	34	9290	76	9246	70	9395	14.986	4.176
20.9	NaN	584	NaN	665	1	-3	359	100	100	0	407	35	9440	34	9516	75	9532	70	9575	15.365	3.714
21	NaN	582	NaN	655	1	1	357	100	100	0	406	34	9642	35	9695	69	9776	71	9818	15.782	4.748
21.1	NaN	587	NaN	680	1	-2	358	100	100	0	407	34	9821	32	10007	70	9963	66	10083	16.145	3.717
21.2	NaN	573	NaN	684	1	-5	362	100	100	0	406	34	10176	32	10256	69	10195	65	10271	16.487	3.589
21.3	NaN	544	NaN	677	1	-3	358	100	100	0	407	33	10353	31	10400	67	10445	62	10497	16.832	1.719
21.4	NaN	519	NaN	617	1	-5	353	100	100	0	407	34	10513	31	10617	68	10677	60	10694	17.186	3.739
21.5	NaN	624	NaN	666	1	-1	357	100	100	0	408	32	10728	32	10892	62	10892	62	10912	17.499	1.794
21.6	NaN	567	NaN	667	0	-1	406	60	52	0	449	32	10874	31	10915	61	11049	59	11072	17.894	1.424
21.7	NaN	537	NaN	684	0	-5	639	0	0	0	673	-17	10461	-17	10728	-13	10374	-12	10500	17.44	-5.597
21.8	NaN	599	NaN	825	0	-4	702	0	0	0	644	-36	10075	-38	10092	-28	10027	-29	10168	16.73	-4.619
21.9	NaN	596	NaN	810	0	-4	688	0	0	0	657	-54	9513	-56	9494	-43	8869	-45	8904	15.887	-8.623
22	NaN	583	NaN	836	0	-4	731	0	0	0	719	-55	8955	-56	9116	-45	8525	-45	8603	14.865	-10.72
22.1	NaN	575.8214286	NaN	839	0	-1	593	0	0	0	555	-55	8334	-55	8428	-45	7852	-45	7787	13.801	-10.796
22.2	NaN	576.1428571	NaN	843	0	-4	469	0	0	0	473	-53	7812	-21	8007	-18	7878	-47	7658	13.033	-7.081
22.3	NaN	576.4642857	NaN	859	0	-4	461	0	0	0	470	-52	7434	-9	7624	-6	7587	-48	7117	12.398	-5.898
22.4	NaN	576.7857143	NaN	851	0	2	475	0	0	0	513	-53	7022	-7	7191	-6	7230	-47	7134	11.854	-5.711
22.5	NaN	577.1071429	NaN	848	0	15	515	0	0	0	523	-57	6404	-9	7049	-6	6651	-44	6981	11.194	-6.374
22.6	NaN	577.4285714	NaN	863	0	35	512	0	0	0	507	-40	5143	-12	6700	-12	6032	-39	6630	10.542	-6.943
22.7	NaN	577.75	NaN	918	0	73	466	0	0	0	475	-6	4140	-18	5835	-22	4908	-30	6397	9.969	-8.569
22.8	NaN	578.0714286	NaN	882	0	80	381	0	0	0	434	-26	3962	-24	5627	-31	3719	-28	5948	9.209	-6.46
22.9	NaN	578.3928571	NaN	904	0	80	384	0	0	0	414	-28	3846	-24	5420	-36	2421	-28	5621	8.552	-6.064
23	NaN	578.7142857	NaN	913	0	82	361	0	0	0	403	-34	3762	-27	5103	-1	-79	-28	5277	7.898	-5.175
23.1	NaN	579.0357143	NaN	891	0	85	357	7	3	0	405	-37	3515	-25	4778	-0	-51	-21	4941	7.265	-6.502
23.2	NaN	579.3571429	NaN	485	0	90	363	27	22	0	406	-0	3661	0	4771	-1	1433	0	4757	6.858	-4.097
23.3	NaN	579.6785714	NaN	687	0	89	363	49	42	0	407	-1	3595	47	4980	-3	3404	139	4992	6.721	0.209
23.4	NaN	580	NaN	671	0	85	364	50	43	0	408	0	3662	41	5229	0	3447	142	5579	6.954	1.353
23.5	NaN	580.3214286	NaN	703	0	49	362	52	46	0	409	13	3850	43	5351	32	3930	124	5570	7.319	5.8
23.6	NaN	580.6428571	NaN	691	0	7	358	50	45	0	406	28	4494	33	5092	70	4780	82	5445	7.787	4.271
23.7	NaN	580.9642857	NaN	872	0	-35	358	35	31	0	407	15	5018	7	4701	38	5095	16	4744	7.985	0.128
23.8	NaN	581.2857143	NaN	784	0	-59	361	50	47	0	406	26	5316	5	4552	63	5357	12	4573	7.976	0.177
23.9	NaN	581.6071429	NaN	808	0	-58	356	49	45	0	407	52	5719	9	4726	122	5822	24	4799	8.339	2.185
24	NaN	581.9285714	NaN	832	0	-54	355	44	40	0	407	38	5873	9	4983	92	5860	21	4982	8.666	4.283
24.1	NaN	582.25	NaN	493	0	-87	358	30	26	0	408	3	5638	0	4747	8	5739	-0	4751	8.56	-3.253
24.2	NaN	582.5714286	NaN	478	0	-94	359	41	37	0	406	13	5698	-0	4672	32	5725	-1	4554	8.312	-3.588
24.3	NaN	582.8928571	NaN	475	0	-89	358	58	55	0	405	41	6094	-1	4437	159	6494	-3	4529	8.379	3.875
24.4	NaN	583.2142857	NaN	495	0	-83	360	62	62	0	404	47	6259	1	4490	151	6599	4	4492	8.555	3.635
24.5	NaN	583.5357143	NaN	772	0	-56	359	81	81	0	408	40	6445	15	4731	152	6855	41	5311	8.697	5.636
24.6	NaN	583.8571429	NaN	666	0	-4	357	86	80	0	408	48	6351	41	5097	106	7902	100	7251	9.079	8.184
24.7	NaN	584.1785714	NaN	759	0	34	359	69	58	0	409	27	6013	63	6190	66	6360	121	8217	9.601	5.127
24.8	NaN	597	NaN	716	0	7	359	100	100	0	409	39	6225	46	6933	91	6247	101	9226	10.272	3.279
24.9	NaN	622	NaN	684	0	-31	359	100	100	0	408	61	7154	30	6901	141	7023	69	6894	10.904	6.444
25	NaN	577	NaN	719	0	-26	362	100	100	0	407	55	7482	31	7006	124	7592	69	6946	11.483	7.253
25.1	NaN	590	NaN	683	0	-13	362	100	100	0	407	48	7724	35	7345	108	7902	80	7379	12.061	6.972
25.2	NaN	587	NaN	683.25	0	-6	358	100	100	0	410	43	7899	37	7856	94	7964	84	7902	12.619	5.974
25.3	NaN	584	NaN	677.5	0	-9	360	100	100	0	407	43	8225	35	8160	96	8338	78	8196	13.161	6.302
25.4	NaN	620	NaN	671.75	0	-7	355	100	100	0	407	40	8507	35	8471	88	8612	77	8540	13.676	5.06
25.5	NaN	619	NaN	677	0	-4	358	100	100	0	407	38	8801	35	8825	81	8890	76	8877	14.163	4.717
25.6	NaN	576	NaN	674	0	-3	356	100	100	0	407	38	9091	34	9081	81	9174	74	9113	14.599	2.615
25.7	NaN	566	NaN	652	0	-4	361	100	100	0	407	37	9250	34	9309	76	9323	71	9412	15.048	4.249
25.8	NaN	571	NaN	645	0	-1	355	100	100	0	408	36	9457	34	9521	76	9601	70	9665	15.44	4.864
25.9	NaN	585	NaN	675	1	-4	354	100	100	0	407	35	9722	33	9830	71	9881	66	9941	15.842	4.574
26	NaN	586	NaN	658	1	-3	356	100	100	0	407	34	9997	33	10103	68	10071	66	10167	16.24	4.629
26.1	NaN	615	NaN	623	1	-1	358	100	100	0	408	33	10129	32	10287	67	10188	66	10419	16.548	3.074
26.2	NaN	636	NaN	698	1	-3	356	97	90	0	406	33	10338	32	10502	66	10528	62	10566	16.941	2.967
26.3	NaN	504	NaN	483	0	-1	363	35	32	0	409	0	10367	1	10477	2	10423	2	10466	16.981	-1.55
26.4	NaN	501	NaN	722	0	-5	372	41	38	0	409	6	10307	6	10372	13	10302	12	10423	16.879	-0.242
26.5	NaN	537	NaN	623	0	-1	356	26	18	0	408	7	10327	8	10443	2	10312	3	10429	17.068	-0.076
26.6	NaN	579	NaN	675	0	3	509	0	0	0	546	-19	10048	-19	10278	-15	10057	-15	10290	16.694	-5.115
26.7	NaN	580	NaN	835	0	3	475	0	0	0	486	-39	9590	-37	9971	-30	9483	-31	9899	16.013	-7.765
26.8	NaN	624	NaN	863	0	9	480	0	0	0	511	-58	8962	-54	9380	-46	8791	-42	9472	15.302	-8.69
26.9	NaN	575	NaN	832	0	5	370	0	0	0	412	-58	8484	-53	9145	-46	8104	-44	8984	14.475	-6.979
27	NaN	594	NaN	773	0	6	360	14	10	0	404	-29	8137	-26	8717	-19	8144	-18	8679	13.816	-3.115
27.1	NaN	517	NaN	497	0	14	362	24	19	0	408	-3	7948	-2	8603	0	7910	-0	8558	13.455	-2.006
27.2	NaN	513	NaN	486	0	7	363	24	21	0	408	-1	7810	-0	8395	-0	7878	-0	8443	13.299	-2.136
27.3	NaN	508	NaN	483	0	15	362	25	19	0	408	-0	7753	-0	8367	-0	7796	0	8332	13.086	-1.998
27.4	NaN	515	NaN	492	0	26	361	26	20	0	407	0	7559	0	8301	0	7569	0	8308	12.904	-0.864
27.5	NaN	640	NaN	874	0	6	360	38	34	0	407	14	7659	17	8158	32	8053	37	8305	12.775	1.849
27.6	NaN	512	NaN	483	0	15	357	0	0	0	409	-10	7432	-8	7885	-9	7517	-7	7991	12.83	-3.283
27.7	NaN	607	NaN	680	0	19	369	46	40	0	412	21	7512	33	8234	45	7462	71	8497	12.524	6.506
27.8	NaN	560	NaN	492	0	23	360	0	0	0	406	-16	7115	-12	7658	-14	7099	-11	7741	12.452	-5.392
27.9	NaN	603	NaN	783	0	20	365	34	25	0	407	7	7135	12	7981	12	7235	19	7981	12.188	0.978
28	NaN	570	NaN	545	0	18	360	1	0	0	407	-18	6977	-14	7566	-16	6985	-12	7570	11.981	-3.207
28.1	NaN	614	NaN	864	0	16	360	14	8	0	408	-26	6778	-22	7462	-23	6829	-20	7305	11.619	-5.486
28.2	NaN	512	NaN	483	0	12	359	23	19	0	408	0	6800	0	7243	0	6687	0	7242	11.359	-2.119
28.3	NaN	514	NaN	490	0	19	357	29	23	0	408	1	6775	2	7215	3	6706	5	7174	11.253	-3.411
28.4	NaN	705	NaN	791	0	30	361	36	29	0	407	7	6602	13	7283	17	6774	30	7306	11.169	0.588
28.5	NaN	531	NaN	537	0	45	361	30	20	0	407	0	6321	1	7267	0	6361	2	7314	11.201	-3.107
28.6	NaN	512	NaN	686	0	40	363	37	27	0	408	2	6264	5	7378	4	6210	11	7312	10.99	-2.441
28.7	NaN	510	NaN	491	0	48	365	27	18	0	408	0	6165	0	7051	0	6205	0	7057	10.856	-3.06
28.8	NaN	538	NaN	498	0	34	362	30	22	0	408	0	6114	1	7041	1	5912	2	6980	10.619	-3.971
28.9	NaN	507	NaN	484	0	21	362	14	6	0	408	-4	5988	-3	6794	-3	6007	-3	6746	10.512	-0.848
29	NaN	575	NaN	635	0	14	362	24	20	0	407	-17	5944	-15	6463	-16	5990	-14	6487	10.24	-1.665
29.1	NaN	620	NaN	782	0	12	356	36	30	0	407	11	6103	13	6483	24	6169	31	6565	10.271	0.437
29.2	NaN	537	NaN	503	0	8	360	17	9	0	408	-4	6122	-4	6467	-3	6154	-3	6447	10.257	-1.073
29.3	NaN	611	NaN	946	0	11	435	10	5	0	447	-23	5896	-21	6222	-21	5921	-19	6243	9.996	-3.968
29.4	NaN	594	NaN	847	0	19	392	0	0	0	433	-26	5531	-22	6145	-24	5596	-20	6111	9.608	-3.95
29.5	NaN	565.9615385	NaN	955	0	22	377	0	0	0	411	-47	5185	-37	5821	-43	4877	-35	5756	9.055	-5.911
29.6	NaN	566.9230769	NaN	834	0	25	361	34	29	0	407	7	5191	12	5699	16	5225	29	5760	8.84	0.581
29.7	NaN	567.8846154	NaN	814	0	31	364	36	28	0	407	6	5116	11	5830	12	5129	27	5795	8.847	-1.308
29.8	NaN	568.8461538	NaN	817	0	48	362	35	28	0	408	4	5024	13	5944	9	5032	32	5902	8.867	-1.762
29.9	NaN	569.8076923	NaN	818	0	57	360	35	28	0	407	4	4958	16	6042	9	4927	37	5989	8.851	-0.188
30	NaN	570.7692308	NaN	777	0	69	364	36	30	0	410	2	4840	19	6025	6	4767	48	6010	8.792	-2.418
30.1	NaN	571.7307692	NaN	809	0	69	363	36	30	0	408	2	4851	17	6018	4	4766	39	6001	8.764	-0.894
30.2	NaN	572.6923077	NaN	831	0	39	361	38	31	0	407	8	4999	21	6051	19	4991	52	6045	8.9	2.063
30.3	NaN	573.6538462	NaN	878	0	40	358	38	33	0	407	7	5062	19	6014	17	5068	47	5992	9.003	0.74
30.4	NaN	574.6153846	NaN	755	0	44	357	39	33	0	409	7	5168	22	6062	17	5166	55	6080	9.111	1.174
30.5	NaN	575.5769231	NaN	818	0	69	360	48	41	0	407	4	5032	41	6352	11	5045	99	6333	9.108	-1.22
30.6	NaN	576.5384615	NaN	719	0	71	360	51	44	0	407	5	5132	57	6593	14	5161	134	6586	9.403	1.384
30.7	NaN	609	NaN	716	0	71	359	47	39	0	409	4	5249	44	6844	10	5286	117	6730	9.691	3.397
30.8	NaN	641	NaN	662	0	60	356	47	41	0	407	7	5371	43	6783	18	5404	101	6954	9.79	2.64
30.9	NaN	630	NaN	671	0	37	356	52	47	0	407	18	5576	45	6843	42	5710	107	7022	10.02	3.364
31	NaN	619	NaN	679	0	24	363	53	48	0	409	26	6032	44	6915	60	6255	105	7002	10.421	4.274
31.1	NaN	586	NaN	650	0	25	356	53	48	0	407	25	6386	46	7058	59	6447	108	7257	10.827	4.735
31.2	NaN	578	NaN	671	0	22	359	54	49	0	409	26	6625	45	7258	60	6755	102	7380	11.26	4.595
31.3	NaN	572	NaN	677	0	12	362	51	43	0	409	33	7152	42	7471	74	7150	97	7603	11.819	5.832
31.4	NaN	519	NaN	489	0	-7	370	15	11	0	418	-9	7118	-9	7159	-8	7133	-8	7167	11.778	-2.836
31.5	NaN	581	NaN	642	0	-12	360	59	51	0	407	47	7591	36	7399	108	7661	81	7481	12.107	6.726
31.6	NaN	575.3418803	NaN	484	0	-21	363	14	10	0	409	-3	7614	-4	7149	-3	7613	-4	7161	12.168	-3.563
31.7	NaN	576.5491453	NaN	770	0	-28	358	36	34	0	407	18	7675	10	7145	41	7737	22	7224	12.038	2.507
31.8	NaN	577.7564103	NaN	773	0	-33	358	35	30	0	407	15	7719	8	7131	34	7729	18	7169	12.03	-1.467
31.9	NaN	578.9636752	NaN	484	0	-55	357	26	20	0	406	0	7544	0	6932	-1	7623	-1	6964	11.938	-4.782
32	NaN	580.1709402	NaN	742	0	-61	362	40	37	0	406	32	7783	5	6658	75	7945	13	6854	11.757	1.223
32.1	NaN	581.3782051	NaN	755	0	-55	361	51	48	0	406	43	7807	9	6660	100	7953	23	6976	11.803	0.424
32.2	NaN	582.5854701	NaN	717	0	-37	353	65	64	0	407	57	8068	22	7344	129	8321	50	7511	12.164	4.545
32.3	NaN	583.792735	NaN	723	0	-34	352	63	58	0	408	54	8247	24	7482	120	8504	55	7879	12.571	4.277
32.4	NaN	598	NaN	703	0	-21	357	62	59	0	407	46	8361	30	7798	102	8615	66	8044	12.993	5.261
32.5	NaN	577	NaN	667	0	-18	361	66	63	0	407	47	8480	30	8235	102	8643	65	8469	13.448	5.211
32.6	NaN	564	NaN	673	0	-20	360	90	89	0	408	45	8811	29	8457	98	8891	64	8502	13.89	5.713
32.7	NaN	578	NaN	668	0	-21	355	100	100	0	408	44	9095	28	8701	97	9217	60	8682	14.303	4.671
32.8	NaN	598	NaN	663	0	-13	361	100	100	0	407	41	9212	30	9022	87	9266	63	9041	14.731	4.789
32.9	NaN	620	NaN	674	0	-12	355	100	100	0	407	39	9361	32	9227	79	9550	66	9303	15.126	2.724
33	NaN	589	NaN	656	0	-9	356	100	100	0	406	36	9565	32	9475	75	9741	67	9590	15.497	4.737
33.1	NaN	584	NaN	670	0	-4	357	100	100	0	409	35	9826	32	9787	71	9953	66	9919	15.862	3.521
33.2	NaN	570	NaN	668	0	-2	356	100	100	0	408	33	9931	34	10154	67	9962	69	10167	16.23	2.151
33.3	NaN	587	NaN	658	0	-1	357	100	100	0	408	32	10036	34	10279	66	10214	68	10342	16.566	3.588
33.4	NaN	555	NaN	666	0	-1	358	100	100	0	408	33	10311	33	10488	65	10417	65	10650	16.842	3.681
33.5	NaN	618	NaN	687	1	0	356	100	100	0	408	31	10484	32	10729	64	10555	65	10773	17.129	2.418
33.6	NaN	563	NaN	677	1	1	360	100	100	0	408	31	10553	33	10845	61	10732	63	10939	17.441	3.214
33.7	NaN	602	NaN	696	1	2	362	100	100	0	409	31	10813	32	11087	60	10954	61	11161	17.7	3.14
33.8	NaN	561	NaN	671	1	-1	356	100	100	0	408	32	10974	31	11165	62	11043	60	11228	18.007	3.141
33.9	NaN	593	NaN	680	1	-2	355	100	100	0	407	31	11145	31	11341	59	11338	57	11512	18.245	2.475
34	NaN	583	NaN	664	1	-2	359	100	100	0	408	30	11346	30	11525	57	11318	59	11594	18.556	4.672
34.1	NaN	508	NaN	697	0	-1	379	0	0	0	435	-6	11298	-7	11518	-10	11342	-12	11588	18.788	-2.417
34.2	NaN	586	NaN	771	0	-2	617	0	0	0	637	-24	11057	-25	11221	-18	10982	-18	11107	18.271	-6.18
34.3	NaN	592	NaN	861	0	-1	696	0	0	0	676	-45	10523	-46	10589	-33	10267	-34	10435	17.528	-8.783
34.4	NaN	599	NaN	848	0	-4	745	0	0	0	724	-55	9904	-56	9958	-43	9304	-43	9886	16.448	-10.851
34.5	NaN	601	NaN	840	0	-1	651	0	0	0	587	-55	9233	-58	9323	-43	8826	-46	9101	15.357	-11.108
34.6	NaN	602	NaN	840	0	-1	537	0	0	0	531	-54	8657	-55	8773	-24	8580	-45	8629	14.428	-9.232
34.7	NaN	631	NaN	844	0	0	490	0	0	0	489	-54	8145	-54	8244	-1	8247	-46	8253	13.631	-7.494
34.8	NaN	586	NaN	855	0	0	443	0	0	0	454	-54	7793	-53	7913	-0	7782	-46	7767	12.858	-8.461
34.9	NaN	531	NaN	695	0	23	361	25	19	0	408	-0	7362	-0	7761	-1	7343	1	7804	12.389	-1.906
35	NaN	541	NaN	491	0	37	358	29	23	0	408	0	6949	0	7809	0	6885	1	7845	12.097	-1.989
35.1	NaN	636	NaN	695	0	44	356	41	35	0	407	9	6978	28	7883	20	7059	65	8008	12.074	-1.9
35.2	NaN	607	NaN	672	0	31	360	52	45	0	409	22	7345	46	8149	49	8559	101	8340	12.209	3.633
35.3	NaN	615	NaN	651	0	12	359	51	44	0	407	30	8047	39	8073	67	7792	84	8270	12.629	4.553
35.4	NaN	593.5454545	NaN	683	0	-4	356	52	48	0	407	38	8130	34	8142	85	8187	78	8362	13.065	4.708
35.5	NaN	594.5909091	NaN	713	0	-16	358	41	35	0	408	22	8389	15	8072	49	8454	32	8209	13.407	0.902
35.6	NaN	595.6363636	NaN	796	0	-27	356	41	38	0	407	25	8625	15	8072	56	8641	34	8217	13.521	3.894
35.7	NaN	596.6818182	NaN	756	0	-24	360	42	38	0	406	27	8781	16	8137	57	8777	34	8309	13.708	1.524
35.8	NaN	597.7272727	NaN	713	0	-21	358	50	47	0	408	43	8885	26	8532	93	9014	57	8556	14.05	4.058
35.9	NaN	598.7727273	NaN	679	0	-19	356	55	52	0	406	42	9105	29	8793	90	9293	62	8905	14.39	4.783
36	NaN	599.8181818	NaN	654	0	-13	362	59	53	0	405	41	9252	31	9122	84	9455	67	9152	14.833	4.667
36.1	NaN	600.8636364	NaN	715	0	-6	368	43	35	0	417	26	9402	21	9324	54	9543	44	9341	15.186	1.941
36.2	NaN	601.9090909	NaN	713.8055556	0	-6	525	0	0	0	540	-13	9086	-13	9072	-10	9021	-11	9044	14.98	-4.655
36.3	NaN	602.9545455	NaN	713.6111111	0	-2	552	0	0	0	556	-32	8709	-34	8644	-26	8654	-28	8682	14.366	-5.853
36.4	NaN	616	NaN	713.4166667	0	-5	553	0	0	0	561	-50	8202	-50	8172	-43	8015	-43	7864	13.567	-10.148
36.5	NaN	614	NaN	713.2222222	0	-3	608	0	0	0	600	-54	7511	-54	7549	-46	7380	-47	6988	12.604	-10.139
36.6	NaN	597.5056818	NaN	713.0277778	0	-2	569	0	0	0	559	-52	6964	-53	7004	-47	6754	-47	6673	11.597	-9.091
36.7	NaN	594.6704545	NaN	712.8333333	0	2	496	0	0	0	492	-53	6362	-52	6505	-22	6395	-47	6451	10.711	-6.571
36.8	NaN	591.8352273	NaN	712.6388889	0	-4	433	0	0	0	450	-51	6052	-52	6104	0	6105	-50	6038	9.945	-7.258
36.9	NaN	622	NaN	712.4444444	0	-10	367	17	13	0	410	-13	5846	-14	5845	-10	5860	-14	5843	9.501	-2.92
37	NaN	600.6322314	NaN	712.25	0	-26	361	17	13	0	406	-13	5815	-15	5414	-12	5748	-14	5422	9.196	-3.356
37.1	NaN	601.9690083	NaN	712.0555556	0	-48	361	26	23	0	406	0	5828	0	5136	0	5772	0	5192	8.936	-1.432
37.2	NaN	603.3057851	NaN	711.8611111	0	-52	362	41	39	0	407	33	6098	7	5145	78	6050	19	5095	8.86	2.571
37.3	NaN	604.642562	NaN	711.6666667	0	-59	358	37	33	0	407	22	6164	5	5145	52	6157	12	5125	8.977	-0.526
37.4	NaN	605.9793388	NaN	711.4722222	0	-94	359	34	29	0	408	17	6069	-0	4909	42	6189	-1	4974	9.018	-1.472
37.5	NaN	607.3161157	NaN	711.2777778	0	-93	357	34	30	0	408	17	6069	0	4923	42	6105	-1	4878	8.909	-2.703
37.6	NaN	608.6528926	NaN	711.0833333	0	-71	358	36	34	0	407	21	6137	2	4923	52	6105	6	4827	8.853	-0.351
37.7	NaN	609.9896694	NaN	710.8888889	0	-67	361	37	35	0	408	25	6149	3	4908	61	6209	7	4879	8.889	-0.161
37.8	NaN	611.3264463	NaN	710.6944444	0	-63	359	50	49	0	407	52	6656	8	5017	134	7462	20	5023	9.058	3.325
37.9	NaN	612.6632231	NaN	733	0	-29	360	50	50	0	408	48	6493	20	5176	112	7143	49	6182	9.423	5.434
38	NaN	637	NaN	691	0	-14	359	54	48	0	407	44	6587	31	6067	101	6989	70	6560	9.88	5.216
38.1	NaN	594	NaN	660	0	4	363	54	51	0	408	34	6534	35	6327	81	6816	88	6688	10.339	5.057
38.2	NaN	584	NaN	651	0	5	361	62	55	0	409	44	6727	47	7097	102	6774	109	7056	11.038	7.344
38.3	NaN	624	NaN	711.0564516	0	-8	354	90	87	0	407	46	7280	41	7371	106	7293	94	7369	11.628	7.141
38.4	NaN	621	NaN	710.1545699	0	-1	358	87	81	0	410	41	7519	41	7652	94	7616	94	7756	12.224	5.916
38.5	NaN	607	NaN	709.2526882	0	-4	361	70	61	0	411	41	7939	39	8075	93	7950	86	8125	12.776	5.128
38.6	NaN	562	NaN	708.3508065	0	-8	504	0	0	0	548	-3	7887	-2	7978	-3	7843	-3	7989	13.116	-3.372
38.7	NaN	624	NaN	707.4489247	0	-9	594	0	0	0	589	-20	7755	-22	7607	-18	7611	-20	6920	12.494	-6.39
38.8	NaN	626	NaN	706.547043	0	-10	534	0	0	0	531	-38	7151	-39	6585	-33	7221	-37	7066	11.87	-5.086
38.9	NaN	621	NaN	705.6451613	0	-14	544	0	0	0	547	-49	6766	-57	6499	-44	6625	-50	4481	10.985	-9.205
39	NaN	636	NaN	704.7432796	0	-27	374	15	14	0	409	-15	6407	-21	6006	-14	6484	-18	4834	10.192	-4.511
39.1	NaN	562	NaN	703.8413978	0	-37	359	22	20	0	407	-0	6363	0	5785	-1	6392	0	5736	9.981	-2.376
39.2	NaN	562	NaN	702.9395161	0	-49	358	24	21	0	409	0	6412	0	5624	0	6387	0	5517	9.788	-2.581
39.3	NaN	629	NaN	702.0376344	0	-47	361	49	48	0	408	51	6775	15	5641	120	6869	36	5663	9.752	5.243
39.4	NaN	611.775155	NaN	701.1357527	0	-36	358	35	25	0	408	9	6484	4	5761	22	6436	9	5737	10.025	-1.403
39.5	NaN	612.8922521	NaN	700.233871	0	-44	360	38	34	0	407	14	6584	5	5797	31	6528	12	5781	9.955	0.062
39.6	NaN	614.0093492	NaN	699.3319892	0	-51	360	38	34	0	407	24	6599	7	5774	57	6655	18	5779	10.002	2.458
39.7	NaN	615.1264463	NaN	698.4301075	0	-37	361	52	48	0	408	43	6761	16	5847	100	6890	33	5936	10.112	2.786
39.8	NaN	616.2435434	NaN	697.5282258	0	-37	357	56	45	0	407	49	7082	20	6308	112	7189	48	6332	10.693	3.888
39.9	NaN	617.3606405	NaN	696.6263441	0	-54	358	49	46	0	408	53	7489	13	6503	123	7498	32	6549	11.106	4.134
40	NaN	618.4777376	NaN	695.7244624	0	-65	360	45	43	0	407	46	7578	7	6467	104	7736	18	6607	11.418	0.971
40.1	NaN	619.5948347	NaN	694.8225806	0	-43	358	46	45	0	408	43	7779	15	6688	99	7993	34	6765	11.599	5.614
40.2	NaN	620.7119318	NaN	693.9206989	0	-44	363	35	30	0	406	15	7594	5	6611	35	7730	12	6864	11.738	0.454
40.3	NaN	621.8290289	NaN	693.0188172	0	-61	358	33	30	0	406	15	7525	3	6405	34	7689	6	6665	11.589	-1.427
40.4	NaN	622.946126	NaN	692.1169355	0	-63	357	35	32	0	405	21	7450	3	6330	49	7601	7	6590	11.474	0.355
40.5	NaN	624.0632231	NaN	691.2150538	0	-53	355	35	32	0	406	21	7466	5	6475	48	7523	12	6601	11.423	-0.818
40.6	NaN	625.1803202	NaN	690.313172	0	-29	359	33	29	0	407	14	7457	7	6609	33	7555	18	6599	11.404	0.797
40.7	NaN	626.2974174	NaN	689.4112903	0	-9	357	27	21	0	408	-0	6981	-0	6853	-0	7007	-0	6767	11.377	-0.414
40.8	NaN	627.4145145	NaN	688.5094086	0	16	363	27	21	0	408	0	6590	0	7058	0	6660	0	7041	11.206	-1.893
40.9	NaN	628.5316116	NaN	687.6075269	0	56	363	41	34	0	410	6	6312	28	7255	15	6405	62	7282	11.055	0.742
41	NaN	629.6487087	NaN	686.7056452	0	66	366	26	20	0	409	-1	6020	-0	6984	0	6084	0	7138	10.924	-3.19
41.1	NaN	630.7658058	NaN	685.8037634	0	66	361	28	22	0	408	0	5868	-1	6891	0	5957	0	7089	10.581	-3.767
41.2	NaN	631.8829029	NaN	684.9018817	0	62	358	37	32	0	408	2	5777	17	6792	5	5699	39	6921	10.326	-3.306
41.3	NaN	619	NaN	671	0	42	358	44	39	0	407	12	6030	35	7020	27	6073	82	7116	10.433	1.529
41.4	NaN	661	NaN	723	0	28	358	43	35	0	409	14	6146	27	7037	31	6209	63	7098	10.691	1.908
41.5	NaN	636	NaN	742	0	7	355	43	36	0	407	19	6494	23	6980	44	6585	54	7034	10.905	1.658
41.6	NaN	632	NaN	629	0	9	357	63	57	0	409	40	6929	48	7228	93	7026	109	7275	11.32	6.717
41.7	NaN	623	NaN	657	0	-13	355	58	50	0	408	47	7411	37	7482	107	7491	86	7503	11.938	7.51
41.8	NaN	623	NaN	686.4700941	0	-46	356	45	43	0	407	38	7878	13	7264	84	7940	30	7316	12.191	1.941
41.9	NaN	615	NaN	682.1760753	0	-51	359	46	44	0	407	46	8328	13	7257	102	8276	28	7383	12.421	3.862
42	NaN	621.7681431	NaN	677.8820565	0	-37	353	48	45	0	407	39	8217	16	7390	85	8444	33	7696	12.588	0.632
42.1	NaN	618.9145145	NaN	673.5880376	0	-21	357	58	50	0	408	48	8390	29	8098	106	8594	65	8108	13.071	5.429
42.2	NaN	616.0608858	NaN	669.2940188	0	-25	362	57	50	0	407	48	8663	26	8310	106	8747	57	8378	13.539	4.148
42.3	NaN	613.2072572	NaN	688	0	-23	356	62	60	0	406	46	8898	27	8522	99	9005	60	8729	13.971	4.233
42.4	NaN	610.3536286	NaN	687	0	-10	359	64	59	0	408	40	9010	32	8887	88	9229	69	8881	14.512	5.292
42.5	NaN	618	NaN	681	0	-4	359	60	52	0	407	37	9256	32	9216	79	9408	69	9277	14.974	4.435
42.6	NaN	604	NaN	659	0	-0	361	56	47	0	409	35	9463	34	9530	72	9569	71	9680	15.401	4.294
42.7	NaN	658	NaN	668	0	-2	354	74	69	0	407	34	9682	34	9772	70	9765	69	9890	15.83	4.163
42.8	NaN	594	NaN	675	0	-9	355	100	100	0	408	37	9916	32	10077	74	10041	64	10104	16.188	4.639
42.9	NaN	634	NaN	649	0	-9	355	100	100	0	407	34	10198	31	10181	70	10343	63	10289	16.562	3.262
43	NaN	682	NaN	643	0	-4	358	100	100	0	409	34	10436	31	10379	68	10520	61	10550	16.936	4.532
43.1	NaN	556	NaN	639	0	-3	360	100	100	0	407	32	10538	31	10753	63	10663	63	10777	17.27	3.079
43.2	NaN	655	NaN	669.4352151	1	4	356	100	100	0	407	30	10742	33	10955	60	10875	64	11075	17.615	1.66
43.3	NaN	618	NaN	664.5764113	1	7	358	100	100	0	408	30	10883	33	11210	57	10892	62	11323	17.922	3.604
43.4	NaN	626	NaN	659.7176075	1	6	362	100	100	0	409	30	11013	33	11414	58	11219	65	11546	18.204	3.55
43.5	NaN	605	NaN	654.8588038	1	4	359	100	100	0	409	29	11273	32	11517	55	11339	62	11703	18.495	3.039
43.6	NaN	596	NaN	664	1	2	355	100	100	0	408	30	11360	31	11779	55	11555	57	11858	18.762	1.938
43.7	NaN	610	NaN	666	1	-0	356	100	100	0	409	29	11673	29	11801	56	11785	52	12007	19.053	4.254
43.8	NaN	578	NaN	639	1	0	362	100	100	0	407	31	11762	30	12017	56	11997	56	12134	19.361	2.101
43.9	NaN	575	NaN	650	1	-4	359	100	100	0	407	29	12083	29	12147	55	12146	55	12241	19.625	3.431
44	NaN	576	NaN	643	1	-3	356	100	100	0	407	30	12136	28	12323	54	12353	53	12417	19.874	3.144
44.1	NaN	619	NaN	658	1	0	357	100	100	0	408	28	12364	29	12541	52	12312	52	12554	20.149	2.089
44.2	NaN	592	NaN	629	1	1	363	100	100	0	407	28	12434	30	12600	51	12618	51	12769	20.448	1.85
44.3	NaN	570	NaN	640	1	-1	357	100	100	0	408	29	12592	28	12852	53	12755	50	12961	20.819	4.399
44.4	NaN	610	NaN	643	1	2	362	100	100	0	408	29	12809	28	13004	50	12910	51	13026	21.027	2.684
44.5	NaN	578	NaN	641	1	-1	358	100	100	0	408	29	12866	27	13085	49	13048	49	13199	21.232	1.342
44.6	NaN	562	NaN	628	1	0	359	100	100	0	410	27	13007	27	13257	49	13142	49	13391	21.455	1.679
44.7	NaN	567	NaN	650	1	-1	362	100	100	0	407	28	13233	29	13451	48	13246	49	13441	21.642	3.326
44.8	NaN	572	NaN	655	1	-2	359	100	100	0	406	28	13343	28	13408	49	13503	47	13545	21.843	2.304
44.9	NaN	614	NaN	659	1	-5	358	100	100	0	407	29	13434	26	13616	49	13634	45	13700	22.034	0.876
45	NaN	592	NaN	642	1	-3	361	100	100	0	407	27	13627	27	13830	47	13614	46	13888	22.199	0.778
45.1	NaN	580	NaN	677	1	1	357	100	100	0	407	28	13724	28	13963	46	13764	47	13999	22.416	2.904
45.2	NaN	582	NaN	649	1	-4	360	100	100	0	408	29	13819	27	13997	47	13977	44	14085	22.585	0.985
45.3	NaN	583	NaN	650	1	-5	358	96	92	0	407	28	13900	26	14038	47	14100	42	14175	22.795	1.016
45.4	NaN	569	NaN	653	0	-7	358	47	40	0	408	29	14118	24	14155	50	14245	41	14229	22.971	2.137
45.5	NaN	605	NaN	656	0	-11	358	81	76	0	407	29	14324	25	14230	47	14295	40	14291	23.125	2.462
45.6	NaN	548	NaN	653	0	-12	358	36	32	0	408	5	14294	5	14135	5	14265	7	14127	23.174	-1.697
45.7	NaN	591	NaN	638	0	-2	355	61	54	0	408	29	14347	27	14414	47	14480	44	14463	23.269	0.62
45.8	NaN	586	NaN	670	0	-8	356	61	54	0	408	30	14405	25	14407	46	14565	41	14542	23.421	0.074
45.9	NaN	562	NaN	655	0	-9	356	81	77	0	408	29	14582	24	14373	47	14748	39	14517	23.513	1.043
46	NaN	612	NaN	672	0	-12	356	100	99	0	407	30	14648	24	14492	49	14840	41	14639	23.635	-0.251
46.1	NaN	566	NaN	634	0	-6	361	100	100	0	407	28	14641	26	14626	46	14784	42	14720	23.753	0.902
46.2	NaN	578	NaN	648	0	-4	358	100	100	0	407	28	14727	26	14792	45	14771	41	14832	23.837	1.916
46.3	NaN	576	NaN	643	0	-8	359	100	100	0	407	29	14833	25	14845	45	14817	40	14845	23.931	1.214
46.4	NaN	566	NaN	654	0	-6	361	100	100	0	407	28	14828	26	14895	43	14833	39	14918	24.039	0.565
46.5	NaN	538	NaN	717	0	0	363	2	0	0	408	-3	14634	-2	14844	-3	14576	-9	14865	24.079	-4.186
46.6	NaN	583	NaN	687	0	-1	362	0	0	0	405	-24	14348	-25	14550	-14	14434	-15	14572	23.618	-3.753
46.7	NaN	582	NaN	653.9666667	0	-3	435	0	0	0	469	-43	13980	-44	14088	-26	14023	-27	14030	23.031	-7.102
46.8	NaN	581	NaN	654.4333333	0	-1	451	0	0	0	471	-45	13582	-45	13704	-27	13425	-28	13647	22.324	-7.619
46.9	NaN	575	NaN	654.9	0	-5	561	0	0	0	541	-46	13097	-48	13262	-29	12888	-30	13235	21.549	-7.796
47	NaN	574	NaN	655.3666667	0	-4	469	0	0	0	472	-46	12652	-47	12535	-31	12792	-32	12723	20.771	-3.799
47.1	NaN	582	NaN	655.8333333	0	-1	505	0	0	0	508	-47	12143	-51	12234	-30	11919	-33	12184	19.915	-7.75
47.2	NaN	590	NaN	656.3	0	-0	649	0	0	0	621	-50	11601	-34	11954	-34	11494	-37	11406	19.09	-9.701
47.3	NaN	530	NaN	656.7666667	0	-0	704	0	0	0	681	-49	10913	-12	11187	-37	10841	-37	10859	18.201	-8.726
47.4	NaN	530	NaN	657.2333333	0	-2	757	0	0	0	707	-54	10298	-6	10728	-41	10143	-41	10563	17.188	-11.279
47.5	NaN	540	NaN	657.7	0	-3	788	0	0	0	733	-55	9823	-0	10158	-41	9490	-45	9821	16.122	-13.567
47.6	NaN	545	NaN	658.1666667	0	-5	667	0	0	0	634	-54	9127	-0	9427	-40	9243	-46	9174	15.173	-8.119
47.7	NaN	555	NaN	658.6333333	0	6	616	0	0	0	626	-56	7137	-3	8438	-43	7790	-44	8761	14.34	-9.151
47.8	NaN	562	NaN	659.1	0	0	671	0	0	0	635	-53	8004	-6	8428	-46	7281	-45	7058	13.341	-5.039
47.9	NaN	567	NaN	659.5666667	0	5	704	0	0	0	685	-56	6810	-9	7773	-47	6320	-45	7521	12.386	-7.543
48	NaN	644	NaN	660.0333333	0	17	663	0	0	0	623	-58	6456	-17	7360	-52	3036	-43	7257	11.41	-9.525
48.1	NaN	625	NaN	660.5	0	21	565	0	0	0	560	-58	4691	-32	6804	-0	174	-43	6818	10.575	-6.565
48.2	NaN	636	NaN	660.9666667	0	53	611	0	0	0	593	-24	3976	-38	5995	-1	562	-35	6350	9.631	-7.888
48.3	NaN	674	NaN	661.4333333	0	68	590	0	0	0	585	-32	4176	-35	5302	-3	1699	-32	5841	8.735	-9.6
48.4	NaN	667	NaN	661.9	0	69	576	0	0	0	560	-33	3957	-34	4648	-0	590	-32	4974	7.872	-9.322
48.5	NaN	667	NaN	662.3666667	0	74	373	0	0	0	415	-49	3876	-33	4760	-26	682	-31	4861	7.069	-7.976
48.6	NaN	582	NaN	662.8333333	0	75	362	24	20	0	406	0	3822	0	4786	0	90	0	4742	6.61	-2.86
48.7	NaN	660	NaN	663.3	0	73	355	48	42	0	407	2	3759	38	4934	9	1722	118	4901	6.424	1.946
48.8	NaN	697	NaN	663.7666667	0	76	355	53	44	0	407	4	3777	39	5140	8	3660	147	5266	6.78	1.71
48.9	NaN	706	NaN	664.2333333	0	75	357	57	48	0	407	4	3896	36	5413	11	3818	138	5782	7.177	2.89
49	NaN	642	NaN	664.7	0	65	361	46	42	0	408	1	3922	7	5220	2	3786	19	5165	7.207	-1.217
49.1	NaN	735	NaN	665.1666667	0	37	359	60	55	0	408	8	4098	23	5190	24	4120	60	5278	7.346	3.195
49.2	NaN	670	NaN	665.6333333	0	39	363	53	45	0	409	18	4553	48	5303	44	4585	115	5345	7.863	3.167
49.3	NaN	648	NaN	666.1	0	59	361	54	46	0	409	12	4850	55	5950	26	4808	139	5708	8.407	5.84
49.4	NaN	620	NaN	666.5666667	0	65	354	69	63	0	408	13	4745	70	6012	34	5008	167	6236	8.45	2.851
49.5	NaN	668	NaN	667.0333333	0	73	363	23	14	0	408	-2	4687	0	5951	-2	4698	-2	6046	8.84	-4.121
49.6	NaN	659	NaN	688	0	79	360	77	71	0	410	4	4690	45	6502	9	4723	134	7050	8.863	3.69
49.7	NaN	621	NaN	703	0	69	361	61	54	0	408	8	4744	51	6493	21	5000	150	7050	9.111	3.971
49.8	NaN	650	NaN	634	0	55	361	63	56	0	410	17	5072	51	6640	40	5602	144	7188	9.321	4.22
49.9	NaN	639	NaN	635	0	30	362	63	56	0	409	28	5405	51	6662	69	6900	127	7657	9.463	6.259
50	NaN	632	NaN	645	0	-9	362	62	54	0	408	45	6733	38	6495	107	9129	85	7447	9.696	4.146
50.1	NaN	695	NaN	679	0	-15	361	57	48	0	410	45	6678	32	6517	79	9779	75	6958	10.056	2.197
50.2	NaN	654	NaN	669	0	28	362	62	55	0	410	28	7190	54	6736	59	9990	125	7097	10.44	3.013
50.3	NaN	622	NaN	635	0	12	356	62	56	0	409	36	7451	48	6823	83	7979	109	7187	10.951	8.138
50.4	NaN	663	NaN	666	0	-2	361	67	64	0	409	45	7131	43	7087	104	7262	98	7092	11.558	6.763
50.5	NaN	638	NaN	674	0	9	357	100	100	0	410	38	7283	46	7700	86	7303	104	7754	12.081	5.299
50.6	NaN	694	NaN	605	0	6	356	100	100	0	409	39	7646	44	7996	86	7672	100	8018	12.621	4.844
50.7	NaN	619	NaN	655	0	-4	362	100	100	0	407	41	8051	38	8196	89	8097	83	8213	13.152	4.491
50.8	NaN	647	NaN	648	0	-10	360	100	100	0	407	42	8423	35	8383	91	8502	76	8444	13.587	3.968
50.9	NaN	703	NaN	656	0	-10	380	100	100	0	425	42	8677	33	8603	90	8825	72	8654	14.033	3.637
51	NaN	729	NaN	679	0	-16	434	94	88	0	437	42	8899	31	8750	90	9096	67	8888	14.43	3.15
51.1	NaN	658	NaN	666.4701389	0	-12	608	0	0	0	640	-12	8681	-13	8422	-10	8696	-10	8243	14.125	-7.135
51.2	NaN	652	NaN	667.1236111	0	-7	608	0	0	0	611	-31	8183	-33	8066	-25	8217	-27	8023	13.408	-9.07
51.3	NaN	646	NaN	667.7770833	0	-8	556	0	0	0	560	-49	7675	-53	7469	-41	7583	-46	7185	12.523	-10.473
51.4	NaN	648	NaN	668.4305556	0	-21	431	0	0	0	472	-47	7220	-59	6825	-42	7228	-51	6519	11.653	-8.997
51.5	NaN	695	NaN	669.0840278	0	-29	365	10	7	0	408	-25	6953	-34	6375	-22	6908	-30	6132	10.889	-5.512
51.6	NaN	651	NaN	669.7375	0	-28	361	24	21	0	404	-0	6713	0	6215	0	6723	1	6119	10.522	-1.302
51.7	NaN	666	NaN	670.3909722	0	-24	359	25	19	0	406	-0	6539	-0	6210	-0	6508	-0	6164	10.345	-1.194
51.8	NaN	672	NaN	671.0444444	0	-46	358	25	20	0	407	0	6602	0	5850	0	6568	0	5890	10.133	-3.038
51.9	NaN	611	NaN	671.6979167	0	-55	357	36	36	0	405	24	6732	5	5668	56	6647	13	5703	9.995	0.512
52	NaN	618	NaN	672.3513889	0	-60	355	35	33	0	407	21	6682	4	5703	50	6684	10	5681	10.06	-0.548
52.1	NaN	635	NaN	673.0048611	0	-62	356	35	32	0	407	20	6728	3	5551	47	6765	8	5596	10.008	-0.57
52.2	NaN	613	NaN	673.6583333	0	-59	359	35	32	0	405	20	6793	4	5613	46	6775	9	5638	9.969	-2.656
52.3	NaN	613	NaN	674.3118056	0	-55	361	35	31	0	407	19	6742	4	5723	47	6777	10	5651	10.136	-0.651
52.4	NaN	599	NaN	674.9652778	0	-31	360	36	33	0	407	18	6597	8	5838	43	6654	20	5790	10.08	2.28
52.5	NaN	646	NaN	675.61875	0	-53	363	32	24	0	407	7	6460	1	5729	16	6424	4	5806	10.151	-1.131
52.6	NaN	648	NaN	676.2722222	0	-66	362	41	42	0	406	12	6727	2	5553	28	6603	4	5483	9.885	-1.369
52.7	NaN	646	NaN	676.9256944	0	-63	362	30	24	0	408	7	6701	1	5610	13	6572	3	5457	9.847	-3.522
52.8	NaN	593	NaN	677.5791667	0	-29	360	70	67	0	407	17	6457	8	5721	40	6708	19	5703	9.778	1.976
52.9	NaN	671	NaN	678.2326389	0	-27	359	0	0	0	406	-6	6224	-7	5818	-5	6235	-7	5888	10.1	-3.468
53	NaN	712	NaN	678.8861111	0	-16	359	58	53	0	408	51	6312	34	5977	123	6755	78	6244	9.897	9.48
53.1	NaN	659	NaN	679.5395833	0	2	363	0	0	0	408	-12	5940	-11	6108	-10	5891	-10	6077	10.086	-4.405
53.2	NaN	684	NaN	680.1930556	0	16	363	57	50	0	408	10	5842	15	6251	25	5913	35	6273	9.897	1.607
53.3	NaN	654	NaN	680.8465278	0	40	359	36	30	0	408	3	5504	8	6316	6	5606	13	6308	9.766	-2.028
53.4	NaN	666	NaN	693	0	55	363	44	35	0	407	9	5619	34	6578	19	5637	81	6671	10.019	0.334
53.5	NaN	704	NaN	721	0	57	363	40	33	0	408	5	5555	25	6722	13	5515	62	6841	10.001	1.354
53.6	NaN	665	NaN	692	0	65	358	29	20	0	409	0	5389	0	6428	-1	5514	-1	6520	10	-3.218
53.7	NaN	647	NaN	687	0	60	360	45	39	0	407	7	5454	40	6882	18	5632	93	6865	9.934	1.565
53.8	NaN	650.25	NaN	691	0	59	357	45	37	0	408	8	5634	36	6782	17	5734	84	6825	10.165	-0.39
53.9	NaN	663	NaN	692	0	56	360	49	42	0	407	11	5742	47	7095	25	5766	111	7124	10.302	4.672
54	NaN	669	NaN	693	0	54	355	44	35	0	409	8	5750	33	7101	19	6029	75	7118	10.458	1.878
54.1	NaN	663	NaN	669	0	27	363	45	39	0	409	17	5898	32	6957	39	7788	73	7142	10.54	1.528
54.2	NaN	672	NaN	690	0	26	359	45	39	0	408	17	6268	32	7009	38	6996	74	7162	10.834	4.807
54.3	NaN	644	NaN	658	0	24	356	53	47	0	408	26	6562	45	7237	60	7504	105	7421	11.1	5.819
54.4	NaN	663	NaN	708	0	25	361	45	39	0	407	17	6652	29	7286	37	6829	66	7419	11.34	0.673
54.5	NaN	677	NaN	679	0	25	355	48	42	0	408	21	6832	36	7538	48	6963	81	7646	11.658	3.203
54.6	NaN	653	NaN	630	0	22	361	51	44	0	409	24	7086	40	7768	54	7173	91	7886	12.028	2.58
54.7	NaN	649	NaN	644	0	17	356	50	44	0	409	26	7331	38	7963	58	7405	85	8097	12.411	3.274
54.8	NaN	659	NaN	659	0	7	361	55	52	0	407	37	7749	44	8073	82	7862	96	8209	12.822	3.799
54.9	NaN	663	NaN	653	0	4	362	61	55	0	410	37	8039	41	8348	81	8136	89	8464	13.307	3.784
55	NaN	638	NaN	623	0	3	356	62	58	0	410	37	8375	38	8571	80	8509	83	8736	13.779	4.5
55.1	NaN	652	NaN	643	0	-0	357	61	56	0	410	37	8709	37	8835	80	8850	79	8956	14.226	3.784
55.2	NaN	650	NaN	684	0	-5	356	49	46	0	407	33	8975	30	9100	70	9098	68	9138	14.61	4.139
55.3	NaN	653	NaN	660	0	-4	358	84	81	0	408	36	9305	33	9303	77	9381	70	9361	15.027	3.9
55.4	NaN	646	NaN	639	0	-5	363	100	100	0	407	37	9504	33	9495	78	9601	68	9630	15.41	3.281
55.5	NaN	646	NaN	642	0	-4	359	100	100	0	407	36	9690	33	9641	74	9806	66	9817	15.756	2.945
55.6	NaN	690	NaN	658	0	-5	357	100	100	0	408	35	9910	33	9911	71	10061	67	10006	16.122	4.322
55.7	NaN	613	NaN	716	0	-3	360	41	34	0	408	28	10161	23	10158	52	10210	39	10149	16.459	2.966
55.8	NaN	649	NaN	715	0	-1	358	37	33	0	406	15	9990	15	10034	34	9993	33	10132	16.307	0.807
55.9	NaN	643	NaN	716	0	1	360	37	33	0	407	15	9936	15	10053	31	10082	31	10202	16.384	0.034
56	NaN	662	NaN	685	0	4	361	40	35	0	407	18	9979	19	10292	37	10092	39	10287	16.432	2.213
56.1	NaN	644	NaN	699	0	12	359	41	35	0	409	17	9912	22	10450	35	9963	45	10537	16.49	0.156
56.2	NaN	653	NaN	648	0	18	361	41	32	0	410	15	9857	21	10442	29	9917	43	10621	16.564	-0.454
56.3	NaN	646.375	NaN	641	0	19	361	41	32	0	407	14	9821	21	10640	28	9980	43	10634	16.569	1.268
56.4	NaN	641.75	NaN	708	0	20	363	40	32	0	407	14	9845	21	10581	27	10037	43	10666	16.571	-0.81
56.5	NaN	637.125	NaN	646	0	14	362	41	32	0	408	15	9887	19	10512	29	9868	39	10640	16.587	0.464
56.6	NaN	645	NaN	654.6111111	0	2	356	40	33	0	408	17	10018	18	10454	35	10163	36	10457	16.618	0.547
56.7	NaN	698	NaN	653.7222222	0	-7	361	40	33	0	407	19	10196	17	10293	38	10313	35	10363	16.705	0.488
56.8	NaN	657	NaN	652.8333333	0	-17	357	40	33	0	408	21	10406	14	10163	42	10443	29	10289	16.757	0.692
56.9	NaN	636	NaN	651.9444444	0	-20	361	39	35	0	407	21	10489	14	10155	44	10631	30	10191	16.719	0.25
57	NaN	628	NaN	651.0555556	0	-25	360	39	35	0	407	23	10570	14	10047	47	10709	29	10190	16.74	0.073
57.1	NaN	639	NaN	650.1666667	0	-23	358	39	36	0	408	24	10642	15	10016	48	10621	30	10163	16.788	0.408
57.2	NaN	646	NaN	649.2777778	0	-17	356	42	38	0	406	28	10567	20	10255	56	10748	38	10282	16.904	1.87
57.3	NaN	652	NaN	648.3888889	0	-25	358	43	40	0	408	30	10779	18	10250	60	10893	37	10360	16.984	0.446
57.4	NaN	628	NaN	667	0	-25	355	46	44	0	405	38	10875	24	10318	77	11001	47	10480	17.191	0.297
57.5	NaN	631	NaN	701	0	-23	355	46	44	0	405	38	11003	25	10567	74	11185	47	10611	17.425	2.706
57.6	NaN	594	NaN	698	0	-20	359	46	44	0	407	36	11153	26	10793	71	11183	50	10763	17.652	3.36
57.7	NaN	611	NaN	679	0	-14	357	47	44	0	409	36	11199	26	10835	69	11438	51	10972	17.91	2.993
57.8	NaN	636	NaN	667	0	-8	354	49	45	0	407	32	11311	28	11182	63	11340	54	11239	18.164	3.16
57.9	NaN	691	NaN	657	0	3	354	49	45	0	409	29	11239	31	11374	56	11449	60	11508	18.427	2.875
58	NaN	619	NaN	652	0	12	357	51	44	0	406	26	11304	34	11822	49	11292	62	11864	18.637	3.914
58.1	NaN	612	NaN	649	0	15	362	52	46	0	408	26	11395	37	11882	51	11517	65	12047	18.83	1.829
58.2	NaN	634	NaN	639	0	13	360	51	44	0	408	27	11514	32	12109	50	11585	65	12160	18.997	0.531
58.3	NaN	606	NaN	639	0	12	359	52	44	0	409	27	11555	34	12022	50	11692	63	12203	19.168	0.968
58.4	NaN	627	NaN	628	0	9	362	52	45	0	411	28	11689	33	12236	51	11807	58	12323	19.344	0.446
58.5	NaN	617	NaN	616	0	7	361	53	48	0	408	29	11846	32	12264	53	11991	63	12366	19.527	1.513
58.6	NaN	638	NaN	646	0	4	360	54	49	0	407	29	12000	30	12329	53	12015	58	12444	19.717	1.705
58.7	NaN	620	NaN	652	0	-0	359	56	51	0	408	30	12109	30	12446	52	12261	52	12544	19.917	1.147
58.8	NaN	628	NaN	643	0	-6	356	66	62	0	407	30	12407	27	12353	54	12395	48	12493	20.075	2.719
58.9	NaN	632	NaN	640	0	-5	357	72	67	0	408	31	12410	28	12578	55	12626	48	12592	20.239	0.672
59	NaN	635	NaN	630	0	-6	356	73	69	0	408	30	12582	28	12545	55	12722	50	12656	20.623	2.798
59.1	NaN	631	NaN	658	0	-6	362	100	100	0	408	31	12716	27	12670	54	12694	47	12755	20.738	2.115
59.2	NaN	628	NaN	632	0	-3	357	100	100	0	407	29	12711	29	12880	51	12877	51	12920	20.851	2.655
59.3	NaN	644	NaN	639	1	-2	355	100	100	0	408	30	12900	28	12873	53	12995	48	12960	20.948	2.36
59.4	NaN	637	NaN	660	1	-3	356	100	100	0	406	29	12895	26	13001	50	12920	48	13111	21.085	1.005
59.5	NaN	619	NaN	653	1	-1	357	100	94	0	408	27	12935	29	13134	49	13106	48	13219	21.239	1.267
59.6	NaN	641	NaN	660	0	0	361	0	0	0	409	-14	12831	-14	12833	-9	12838	-9	12887	21.04	-2.869
59.7	NaN	626	NaN	746	0	-2	356	0	0	0	408	-33	12466	-35	12634	-23	12397	-24	12631	20.666	-2.699
59.8	NaN	651	NaN	859	0	0	361	0	0	0	404	-48	12046	-50	12296	-34	12083	-32	12153	20.042	-6.391
59.9	NaN	650	NaN	868	0	-2	363	0	0	0	409	-46	11666	-48	11749	-34	11596	-32	11776	19.33	-7.342
60	NaN	613	NaN	808	0	-1	362	0	0	0	405	-48	11249	-51	11457	-35	11227	-36	11291	18.65	-7.971
60.1	NaN	635	NaN	660	0	-4	355	36	32	0	403	11	11066	10	11094	13	11066	13	11150	17.976	0.038
60.2	NaN	631	NaN	514	0	0	361	0	0	0	406	-8	10870	-8	10982	-5	10899	-5	10954	17.904	-3.322
60.3	NaN	664	NaN	990	0	-3	405	0	0	0	456	-28	10540	-29	10697	-21	10615	-21	10674	17.527	-6.022
60.4	NaN	675	NaN	882	0	-3	505	0	0	0	522	-48	10121	-48	10098	-36	10098	-36	10247	16.837	-7.318
60.5	NaN	661	NaN	905	0	-4	598	0	0	0	589	-57	9591	-58	9669	-44	9467	-43	9215	15.925	-10.199
60.6	NaN	638	NaN	942	0	-2	623	0	0	0	618	-56	8945	-56	8977	-45	8877	-44	8749	14.95	-10.749
60.7	NaN	643	NaN	891	0	3	576	0	0	0	558	-55	8278	-54	8372	-47	8159	-45	8238	13.923	-9.757
60.8	NaN	693	NaN	887	0	1	555	0	0	0	547	-55	7748	-54	7892	-33	7646	-45	7691	12.973	-10.893
60.9	NaN	690	NaN	879	0	2	476	0	0	0	495	-55	7172	-53	7435	-30	7177	-46	7311	12.119	-9.181
61	NaN	665	NaN	895	0	3	471	0	0	0	479	-54	6507	-52	6638	-33	6624	-47	6795	11.407	-3.652
61.1	NaN	632	NaN	863	0	6	434	0	0	0	455	-56	6223	-51	6528	-36	6136	-47	6438	10.437	-7.708
61.2	NaN	642	NaN	918	0	25	381	4	0	0	418	-52	5073	-43	6073	-46	5733	-39	6077	9.811	-2.596
61.3	NaN	657	NaN	915	0	33	373	26	21	0	413	-1	5311	-1	6129	-3	2847	-1	6084	9.144	-3.507
61.4	NaN	679	NaN	746	0	43	358	26	21	0	406	0	5039	0	5903	0	5025	0	5906	8.969	-0.992
61.5	NaN	655	NaN	765	0	34	358	41	34	0	407	13	5237	29	6077	32	5259	66	6079	9.021	4.026
61.6	NaN	721	NaN	803	0	37	357	50	44	0	407	5	5171	15	6087	13	5185	34	6053	9.029	-1.165
61.7	NaN	642	NaN	741	0	50	363	51	42	0	406	14	5419	47	6359	34	5348	111	6312	9.316	4.457
61.8	NaN	621	NaN	679	0	47	361	53	46	0	407	15	5516	51	6640	37	5519	121	6650	9.63	2.655
61.9	NaN	695	NaN	666	0	28	356	52	44	0	409	21	5883	42	6788	50	5918	99	6928	10.074	5.332
62	NaN	651	NaN	725	0	28	358	50	41	0	410	18	6106	38	6913	42	6291	88	6970	10.498	1.383
62.1	NaN	701	NaN	741	0	32	363	58	52	0	410	28	6784	54	7329	66	6561	126	7352	10.945	6.327
62.2	NaN	697	NaN	795	0	40	360	37	27	0	410	10	6765	27	7279	24	6654	67	7413	11.592	2.596
62.3	NaN	655	NaN	661	0	14	364	83	80	0	410	46	6887	63	7647	108	8268	150	8010	11.478	8.256
62.4	NaN	654	NaN	558	0	23	363	35	28	0	408	1	7207	4	7429	4	7004	8	7517	11.926	-0.691
62.5	NaN	706	NaN	684	0	24	359	70	61	0	409	40	7388	68	7963	97	8813	140	8071	12.04	12.053
62.6	NaN	663	NaN	676	0	28	356	55	48	0	407	12	7031	25	7814	30	7026	60	7931	12.021	-1.229
62.7	NaN	645	NaN	835	0	24	362	42	33	0	407	15	7821	25	8017	33	7390	59	8102	12.589	0.28
62.8	NaN	667	NaN	621	0	18	359	59	52	0	409	31	7564	48	8289	68	7770	104	8357	12.921	4.881
62.9	NaN	635	NaN	619	0	22	357	57	48	0	410	30	7932	48	8522	65	7975	106	8595	13.39	3.583
63	NaN	660	NaN	631	0	14	362	57	48	0	409	31	8132	45	8754	67	8379	97	8927	13.837	5.394
63.1	NaN	654	NaN	779	0	7	360	42	34	0	408	18	8419	21	8762	38	8534	45	8897	14.236	1.066
63.2	NaN	652.4375	NaN	719	0	-2	356	44	37	0	406	24	8724	23	8818	50	8784	49	8949	14.43	3.896
63.3	NaN	648.875	NaN	739	0	-12	356	44	35	0	408	24	8986	18	8811	51	8969	39	8860	14.626	1.685
63.4	NaN	645.3125	NaN	738	0	-27	362	37	31	0	408	18	9140	10	8696	39	9218	22	8790	14.704	0.238
63.5	NaN	641.75	NaN	746	0	-36	355	35	30	0	406	15	9169	6	8484	32	9301	13	8626	14.602	-0.335
63.6	NaN	638.1875	NaN	731	0	-33	361	35	31	0	406	15	9162	7	8399	31	9304	15	8559	14.5	0.436
63.7	NaN	634.625	NaN	736	0	-23	361	40	37	0	407	24	9241	15	8563	51	9348	33	8674	14.519	2.696
63.8	NaN	631.0625	NaN	722	0	-14	355	41	35	0	405	21	9072	16	8814	45	9059	35	8895	14.696	2.245
63.9	NaN	651	NaN	697	0	0	363	41	37	0	408	21	9040	21	9034	44	9090	43	9110	14.832	2.75
64	NaN	700	NaN	675	0	17	361	43	36	0	407	17	8871	24	9303	37	9028	50	9404	14.971	0.934
64.1	NaN	628	NaN	665	0	18	363	48	41	0	407	24	9038	35	9659	51	9119	72	9772	15.236	4.327
64.2	NaN	629	NaN	635	0	16	361	49	43	0	409	27	9237	36	9879	57	9358	77	9902	15.545	3.543
64.3	NaN	623	NaN	646	0	8	361	100	96	0	407	31	9510	38	9948	64	9642	76	10111	15.887	4.971
64.4	NaN	633	NaN	642	0	3	360	100	100	0	407	33	9824	35	10029	67	9876	71	10214	16.27	3.159
64.5	NaN	627	NaN	642	0	-7	356	100	100	0	409	35	10138	31	10202	71	10275	64	10249	16.624	4.004
64.6	NaN	627	NaN	663	0	-13	355	100	100	0	408	37	10369	28	10325	73	10533	57	10406	16.966	3.547
64.7	NaN	608	NaN	684	0	-11	357	100	100	0	407	36	10681	28	10427	71	10698	56	10623	17.221	2.041
64.8	NaN	600	NaN	663	0	-7	361	100	100	0	407	35	10748	29	10739	68	10904	56	10777	17.552	2.878
64.9	NaN	616	NaN	641	0	-6	361	100	100	0	408	33	10967	30	10871	65	11059	57	10963	17.81	3.571
65	NaN	623	NaN	641	0	-2	361	100	100	0	408	32	11203	31	11156	64	11277	58	11252	17.993	1.414
65.1	NaN	655	NaN	633	0	-4	356	100	100	0	408	32	11120	29	11223	60	11331	57	11318	18.397	2.515
65.2	NaN	618	NaN	646	0	-0	360	79	74	0	408	31	11394	30	11440	59	11494	56	11606	18.543	3.748
65.3	NaN	646	NaN	653	0	-0	359	61	53	0	407	31	11366	29	11662	56	11575	54	11688	18.741	1.117
65.4	NaN	622	NaN	715	0	0	357	33	25	0	406	27	11608	25	11628	51	11650	47	11844	19.055	4.823
65.5	NaN	642	NaN	600	0	-1	365	78	74	0	407	5	11402	5	11615	10	11498	10	11520	18.713	-1.928
65.6	NaN	635	NaN	715	0	1	374	0	0	0	422	-7	11437	-7	11515	-10	11361	-10	11643	18.867	-5.03
65.7	NaN	644	NaN	729	0	3	461	0	0	0	519	-24	11003	-25	11332	-18	11061	-17	11263	18.402	-6.511
65.8	NaN	623	NaN	857	0	-1	545	0	0	0	558	-45	10595	-45	10781	-33	10501	-33	10682	17.661	-8.383
65.9	NaN	615	NaN	785	0	-4	511	0	0	0	485	-52	10138	-54	10203	-40	9930	-41	10204	16.832	-8.566
66	NaN	621	NaN	804	0	0	534	0	0	0	554	-55	9597	-55	9630	-43	9491	-43	9579	15.895	-9.91
66.1	NaN	613	NaN	813	0	3	563	0	0	0	540	-56	8871	-55	9074	-44	8753	-45	8955	14.905	-10.641
66.2	NaN	613	NaN	796	0	9	502	0	0	0	494	-56	8147	-53	8644	-47	8002	-44	8557	13.973	-10.111
66.3	NaN	619	NaN	792	0	12	476	0	0	0	466	-57	7507	-51	8132	-48	7358	-44	8041	13.078	-8.619
66.4	NaN	628	NaN	811	0	8	412	0	0	0	423	-56	7081	-50	7600	-49	6469	-44	7486	12.245	-7.738
66.5	NaN	660	NaN	821	0	-8	386	13	7	0	424	-24	7007	-25	7076	-21	7040	-23	7093	11.703	-4.435
66.6	NaN	687	NaN	810	0	-24	365	14	11	0	404	-16	7008	-20	6623	-14	7034	-18	6586	11.254	-4.426
66.7	NaN	672	NaN	769	0	-44	360	28	25	0	405	0	6985	1	6336	1	6985	1	6269	10.841	-2.543
66.8	NaN	600	NaN	758	0	-47	360	36	33	0	406	21	7063	7	6274	48	7103	16	6273	10.823	-0.18
66.9	NaN	643	NaN	670	0	-51	357	34	29	0	406	14	7083	4	6179	32	7092	9	6208	10.77	-0.774
67	NaN	653	NaN	524	0	-59	357	34	31	0	404	8	7031	1	5993	19	7000	3	6024	10.628	-1.269
67.1	NaN	631	NaN	769	0	-29	361	43	40	0	405	14	7020	6	6119	33	6953	15	6113	10.584	1.201
67.2	NaN	631.4444444	NaN	761	0	-7	357	44	34	0	407	24	6799	19	6599	52	6802	43	6618	10.829	2.407
67.3	NaN	633.3888889	NaN	824	0	19	364	41	31	0	408	13	6537	20	7018	29	6640	44	7010	11.004	0.478
67.4	NaN	635.3333333	NaN	746	0	51	362	37	28	0	410	5	6239	17	7194	11	6390	40	7224	10.968	-1
67.5	NaN	637.2777778	NaN	538	0	53	363	21	14	0	408	-11	5982	-7	7047	-10	5993	-6	7015	10.777	-3.799
67.6	NaN	639.2222222	NaN	710	0	24	356	39	32	0	407	13	6269	27	7211	29	6296	61	7298	10.897	2.832
67.7	NaN	641.1666667	NaN	722	0	25	363	49	44	0	407	17	6306	24	7047	42	6351	72	7155	10.795	0.191
67.8	NaN	643.1111111	NaN	532	0	39	367	0	0	0	408	-12	5917	-9	6908	-11	6116	-7	6979	10.842	-1.635
67.9	NaN	645.0555556	NaN	554	0	58	363	26	20	0	408	-2	5711	-1	6848	-2	4866	-2	6894	10.435	-4.606
68	NaN	662	NaN	536	0	68	358	0	0	0	407	-16	5384	-8	6495	-14	5304	-7	6598	10.172	-5.798
68.1	NaN	646	NaN	783	0	66	363	9	3	0	407	-40	4796	-20	6284	-36	2825	-18	6378	9.74	-5.592
68.2	NaN	678	NaN	531	0	66	359	27	21	0	408	0	4931	0	6277	0	2547	0	6235	9.319	-2.764
68.3	NaN	675	NaN	671	0	60	360	51	45	0	407	9	4970	54	6575	23	5030	129	6798	9.321	5.687
68.4	NaN	628	NaN	779	0	35	363	39	35	0	405	3	5000	8	6202	7	5098	19	6304	9.433	-1.537
68.5	NaN	626	NaN	702	0	12	355	67	64	0	406	45	5438	63	6251	110	5858	146	6485	9.463	4.238
68.6	NaN	612	NaN	623	0	35	362	63	55	0	407	30	7187	64	6563	72	6173	151	6487	10.146	4.147
68.7	NaN	624	NaN	658	0	34	358	63	57	0	407	27	6274	61	7334	64	6406	158	6980	10.79	4.983
68.8	NaN	666	NaN	623	0	17	360	74	70	0	408	35	6736	54	7320	80	7067	126	7374	11.36	5.365
68.9	NaN	648	NaN	642	0	17	357	94	90	0	407	34	7843	50	7691	77	7149	113	7754	11.975	7.766
69	NaN	649	NaN	653	0	17	363	100	100	0	410	33	7450	48	7999	74	7853	109	8101	12.514	5.514
69.1	NaN	644	NaN	654	0	10	355	100	100	0	409	36	7977	44	8339	78	7867	100	8367	13.038	7.444
69.2	NaN	644	NaN	649	0	5	358	100	100	0	410	35	8184	42	8542	77	8278	92	8578	13.553	3.124
69.3	NaN	683	NaN	648	0	2	360	100	100	0	408	37	8584	38	8725	79	8636	83	8813	14.062	4.12
69.4	NaN	630	NaN	657	0	1	361	100	100	0	407	38	8897	36	8950	81	9009	76	9088	14.502	5.382
69.5	NaN	652	NaN	651	0	-2	362	100	100	0	407	37	9176	34	9135	76	9318	71	9319	14.936	3.41
69.6	NaN	665	NaN	655	0	-4	357	100	100	0	408	37	9428	33	9459	77	9540	69	9558	15.335	3.565
69.7	NaN	659	NaN	656	1	0	363	100	100	0	407	35	9607	34	9772	72	9727	71	9840	15.711	3.529
69.8	NaN	641	NaN	655	1	0	356	100	100	0	408	34	9922	33	9962	70	9989	68	10061	16.14	4.282
69.9	NaN	640	NaN	657	1	1	356	100	100	0	406	33	10063	33	10173	67	10219	67	10383	16.501	3.402
70	NaN	637	NaN	665	1	2	356	100	100	0	408	33	10284	33	10504	65	10321	66	10568	16.812	0.623
70.1	NaN	603	NaN	679	1	0	356	100	100	0	407	32	10539	32	10646	63	10642	66	10759	17.181	5.623
70.2	NaN	607	NaN	660	1	-4	362	100	100	0	408	33	10769	31	10784	64	10895	61	10970	17.555	5.011
70.3	NaN	648	NaN	690	1	-2	364	100	100	0	408	32	10901	30	11165	63	11173	60	11146	17.824	2.778
70.4	NaN	673	NaN	684	0	-3	380	49	43	0	418	33	11225	31	11147	61	11316	56	11341	18.233	2.906
70.5	NaN	683	NaN	690	0	-7	622	0	0	0	662	-16	10767	-17	10788	-12	10732	-12	10737	17.858	-5.693
70.6	NaN	664	NaN	655.5322581	0	0	762	0	0	0	682	-36	10284	-36	10204	-27	10107	-27	10080	17.037	-10.187
70.7	NaN	630	NaN	655.5645161	0	1	745	0	0	0	730	-56	9571	-57	9544	-44	9212	-44	8746	16.034	-13.155
70.8	NaN	655	NaN	655.5967742	0	4	687	0	0	0	633	-56	8882	-54	9005	-45	8232	-44	8123	14.897	-12.912
70.9	NaN	654	NaN	655.6290323	0	-2	583	0	0	0	539	-54	8258	-55	8400	-45	8192	-46	8343	13.792	-12.141
71	NaN	654	NaN	655.6612903	0	-1	545	0	0	0	512	-53	7700	-54	7684	-46	7678	-47	7448	12.857	-10.369
71.1	NaN	690	NaN	655.6935484	0	0	565	0	0	0	538	-53	7121	-54	7063	-47	7141	-47	6779	11.89	-9.781
71.2	NaN	666	NaN	655.7258065	0	4	527	0	0	0	547	-54	6614	-52	6701	-47	6256	-47	5952	10.953	-11.527
71.3	NaN	666	NaN	655.7580645	0	17	442	0	0	0	447	-57	5644	-48	6239	-51	5418	-43	6093	10.074	-6.537
71.4	NaN	680	NaN	655.7903226	0	45	406	6	1	0	435	-55	4696	-37	5898	-53	3740	-36	5947	9.236	-6.511
71.5	NaN	684	NaN	655.8225806	0	78	376	11	6	0	412	-35	4258	-18	5583	-26	598	-17	5767	8.659	-8.352
71.6	NaN	659.85	NaN	655.8548387	0	79	357	37	32	0	406	1	4390	25	5830	1	1274	59	5871	8.304	0.478
71.7	NaN	662.7	NaN	655.8870968	0	74	357	41	35	0	408	2	4354	32	5780	4	4312	80	5872	8.141	-0.161
71.8	NaN	665.55	NaN	655.9193548	0	73	359	40	35	0	407	2	4420	33	5941	6	4434	78	5999	8.234	0.751
71.9	NaN	668.4	NaN	655.9516129	0	66	361	41	35	0	407	3	4424	31	5912	8	4438	78	5885	8.318	1.545
72	NaN	671.25	NaN	655.983871	0	45	358	42	34	0	408	9	4583	28	6000	21	4686	66	6175	8.423	3.189
72.1	NaN	674.1	NaN	656.016129	0	35	363	43	37	0	407	6	4629	15	5704	14	4753	38	5922	8.456	0.729
72.2	NaN	676.95	NaN	656.0483871	0	20	361	48	41	0	408	21	5032	34	5716	50	5180	79	5860	8.734	5.198
72.3	NaN	679.8	NaN	656.0806452	0	15	360	48	41	0	405	23	5462	30	5778	54	5671	77	5852	9.034	1.161
72.4	NaN	682.65	NaN	656.1129032	0	-10	363	43	37	0	409	27	5749	23	5971	63	5792	47	5964	9.5	3.842
72.5	NaN	670	NaN	656.1451613	0	-49	363	51	52	0	406	42	6127	10	5422	105	6194	36	5607	9.347	-0.327
72.6	NaN	688	NaN	656.1774194	0	-78	361	32	28	0	410	20	6646	2	5565	49	6516	4	5607	9.852	0.514
72.7	NaN	710	NaN	656.2096774	0	-82	363	33	30	0	404	11	6236	0	5301	30	6392	1	5170	9.49	-1.603
72.8	NaN	699	NaN	656.2419355	0	-80	361	41	36	0	406	36	6571	0	5224	85	6546	2	5349	9.51	0.881
72.9	NaN	678	NaN	656.2741935	0	-85	361	51	49	0	405	67	6941	1	5199	159	7425	2	5231	9.528	3.172
73	NaN	694	NaN	656.3064516	0	-76	357	46	39	0	406	44	6846	2	5082	105	7028	6	5423	9.852	2.147
73.1	NaN	644	NaN	656.3387097	0	-61	361	47	46	0	408	53	7291	7	5234	124	8392	21	5614	9.846	6.015
73.2	NaN	733	NaN	656.3709677	0	-28	356	46	44	0	404	33	6833	15	5416	78	7294	41	6739	9.808	2.931
73.3	NaN	709	NaN	656.4032258	0	29	357	56	46	0	408	26	6811	49	5904	63	7650	68	9354	9.921	13.232
73.4	NaN	724	NaN	656.4354839	0	39	360	42	33	0	408	9	6371	23	6330	22	6392	57	8442	10.051	2.045
73.5	NaN	673	NaN	656.4677419	0	-1	357	67	65	0	407	40	6534	42	8562	93	6557	91	9143	10.615	5.384
73.6	NaN	712	NaN	763	0	-26	360	45	42	0	407	34	6946	18	7134	79	6925	42	6984	11.15	4.41
73.7	NaN	680	NaN	659	0	-19	355	60	55	0	408	50	7468	35	7113	114	7535	77	7206	11.624	5.049
73.8	NaN	683	NaN	685	0	-20	355	56	51	0	408	50	7823	32	7439	111	7945	72	7580	12.216	6.38
73.9	NaN	694	NaN	697	0	-10	358	58	55	0	410	45	8060	35	7810	99	8224	77	8002	12.802	4.88
74	NaN	656	NaN	641	0	-4	361	96	91	0	411	41	8305	36	8239	90	8371	81	8399	13.322	5.595
74.1	NaN	688	NaN	665	0	-3	356	100	100	0	407	39	8597	36	8593	85	8614	79	8713	13.847	6.707
74.2	NaN	659	NaN	666	0	-5	355	100	100	0	408	38	8884	35	8944	82	8936	75	8989	14.31	5.754
74.3	NaN	673	NaN	650	0	-3	360	100	100	0	408	37	9110	34	9205	80	9242	72	9237	14.785	5.404
74.4	NaN	676	NaN	659	0	-3	356	100	100	0	407	37	9328	34	9434	77	9494	72	9550	15.214	4.133
74.5	NaN	666	NaN	654	1	-1	360	100	100	0	407	35	9560	33	9666	72	9763	70	9805	15.606	3.802
74.6	NaN	694	NaN	642	1	-1	359	100	100	0	408	33	9857	34	9976	69	9875	68	10090	15.997	3.296
74.7	NaN	691.0833333	NaN	639	1	0	359	100	100	0	407	32	10046	33	10315	66	10163	66	10353	16.412	3.718
74.8	NaN	696.6666667	NaN	642	1	2	358	100	100	0	407	31	10169	34	10507	64	10317	68	10623	16.761	5.394
74.9	NaN	702.25	NaN	662	1	0	360	100	100	0	408	31	10396	32	10669	63	10496	64	10856	17.1	3.02
75	NaN	707.8333333	NaN	636	1	1	356	100	100	0	408	31	10709	32	10921	63	10799	62	10983	17.484	2.77
75.1	NaN	713.4166667	NaN	653	1	-4	360	98	90	0	407	31	10869	30	11012	62	11060	58	11186	17.809	5.63
75.2	NaN	716	NaN	656.9703434	0	-2	406	21	14	0	442	-5	10833	-6	11089	-6	10780	-7	11019	18.034	-2.248
75.3	NaN	722	NaN	657.5213319	0	1	581	0	0	0	582	-7	10708	-6	10922	-6	10650	-6	10806	17.677	-5.23
75.4	NaN	679	NaN	658.0723205	0	-2	576	0	0	0	569	-25	10310	-27	10587	-21	10210	-22	10446	17.079	-9.957
75.5	NaN	665	NaN	658.6233091	0	0	636	0	0	0	611	-47	9699	-46	9947	-38	9676	-36	9822	16.351	-7.132
75.6	NaN	667	NaN	659.1742976	0	3	579	0	0	0	578	-57	9028	-55	9287	-45	8922	-43	9174	15.373	-8.935
75.7	NaN	657	NaN	659.7252862	0	6	483	0	0	0	479	-57	8425	-53	8866	-46	7984	-44	8590	14.442	-8.514
75.8	NaN	671	NaN	660.2762747	0	13	411	0	0	0	434	-59	7779	-51	8430	-49	7330	-43	8379	13.658	-7.692
75.9	NaN	674	NaN	660.8272633	0	12	379	0	0	0	415	-58	7164	-50	8091	-50	6682	-43	8007	12.847	-7.456
76	NaN	699	NaN	661.3782518	0	16	364	18	13	0	407	-15	6871	-14	7816	-13	6890	-13	7812	12.148	-4.657
76.1	NaN	753	NaN	661.9292404	0	14	359	25	19	0	408	0	7040	0	7619	0	6976	0	7649	11.963	-1.592
76.2	NaN	703	NaN	662.4802289	0	16	358	32	27	0	410	5	6993	7	7607	12	7042	17	7649	11.843	-2.29
76.3	NaN	676	NaN	663.0312175	0	17	358	34	28	0	410	6	7024	9	7467	14	7311	21	7591	11.809	-0.316
76.4	NaN	733	NaN	663.582206	0	25	364	11	1	0	411	-6	6834	-5	7575	-6	6790	-4	7615	11.778	-4.562
76.5	NaN	731	NaN	664.1331946	0	20	363	41	33	0	410	13	7371	21	7605	29	7071	49	7830	11.848	2.912
76.6	NaN	744	NaN	664.6841831	0	22	359	35	30	0	408	5	6877	7	7546	11	6625	13	7548	11.734	-2.338
76.7	NaN	747	NaN	665.2351717	0	21	360	15	6	0	409	-4	6736	-3	7514	-3	6950	-3	7555	11.818	-1.956
76.8	NaN	743	NaN	665.7861602	0	18	359	38	32	0	408	11	6888	17	7553	26	6940	38	7601	11.718	2.254
76.9	NaN	775	NaN	666.3371488	0	25	361	31	22	0	409	1	6813	2	7474	2	6770	4	7504	11.722	-3.048
77	NaN	743	NaN	666.8881374	0	23	365	37	29	0	411	4	6804	6	7508	8	6783	13	7560	11.597	-1.548
77.1	NaN	752	NaN	667.4391259	0	27	358	33	23	0	408	3	6801	5	7456	7	6715	12	7553	11.529	-2.503
77.2	NaN	728	NaN	667.9901145	0	29	360	33	27	0	410	4	6571	7	7458	8	6743	16	7438	11.483	-0.995
77.3	NaN	695	NaN	668.541103	0	35	363	33	27	0	408	4	6547	9	7439	9	6722	21	7474	11.412	-1.794
77.4	NaN	749	NaN	669.0920916	0	37	364	30	21	0	408	1	6381	2	7296	2	6506	6	7379	11.378	-1.531
77.5	NaN	718	NaN	669.6430801	0	37	357	32	25	0	408	3	6367	7	7432	7	6369	16	7425	11.195	-3.209
77.6	NaN	759	NaN	670.1940687	0	38	360	0	0	0	409	-11	6120	-7	7147	-10	6181	-7	7164	11.091	-2.204
77.7	NaN	696	NaN	670.7450572	0	39	388	0	0	0	429	-34	5898	-22	6919	-29	5074	-20	6890	10.701	-5.254
77.8	NaN	747	NaN	671.2960458	0	42	355	28	24	0	404	1	5600	2	6781	0	3642	2	6697	10.203	-3.581
77.9	NaN	729	NaN	671.8470343	0	42	363	31	25	0	408	1	5468	5	6672	4	5468	12	6628	9.97	-1.795
78	NaN	742	NaN	672.3980229	0	41	359	31	24	0	407	1	5423	5	6454	4	5476	11	6529	9.796	-1.29
78.1	NaN	722	NaN	672.9490114	0	44	359	30	24	0	407	1	5426	5	6349	4	5346	12	6343	9.597	-2.878
78.2	NaN	665	NaN	716	0	49	357	41	34	0	408	7	5365	27	6413	18	5366	61	6432	9.542	0.491
78.3	NaN	762	NaN	671	0	50	364	47	41	0	407	11	5564	41	6631	25	5532	97	6649	9.784	1.414
78.4	NaN	715	NaN	669	0	44	357	48	43	0	408	14	5660	42	6892	32	5767	100	6928	10.018	3.068
78.5	NaN	712	NaN	695	0	34	358	51	45	0	408	19	5906	44	6931	45	6244	102	6960	10.296	2.148
78.6	NaN	664	NaN	630	0	21	362	57	53	0	407	32	6457	52	7092	73	6405	118	7083	10.796	6.277
78.7	NaN	660	NaN	624	0	24	356	94	88	0	408	32	6774	56	7417	75	6740	130	7482	11.338	4.573
78.8	NaN	673	NaN	668	0	17	363	100	100	0	409	34	7168	51	7738	77	7171	116	7871	11.904	5.524
78.9	NaN	665	NaN	666	0	9	359	100	100	0	409	37	7564	46	7924	83	7632	102	8045	12.46	5.109
79	NaN	712	NaN	682	0	1	361	100	100	0	409	39	8011	39	8181	87	8050	89	8234	12.968	6.065
79.1	NaN	692	NaN	674	0	-1	356	100	100	0	409	39	8265	39	8442	84	8323	85	8509	13.466	4.89
79.2	NaN	730	NaN	676	0	-3	357	100	100	0	410	39	8575	36	8717	84	8602	78	8722	13.934	5.241
79.3	NaN	694	NaN	667	0	-4	359	100	100	0	408	39	8841	34	8916	83	8901	73	8930	14.368	5.393
79.4	NaN	693	NaN	685	1	-6	358	100	100	0	407	38	9085	34	9121	83	9267	72	9205	14.731	3.058
79.5	NaN	696	NaN	675	1	-2	361	100	100	0	407	37	9289	33	9332	75	9485	69	9408	15.154	3.083
79.6	NaN	693	NaN	709	1	-3	361	100	100	0	408	36	9595	34	9536	74	9701	69	9696	15.499	4.008
79.7	NaN	716	NaN	698	1	-1	361	100	100	0	408	35	9797	33	9829	71	9823	66	9887	15.836	5.72
79.8	NaN	739	NaN	747	1	-1	360	100	100	0	407	33	9916	33	10088	67	10059	68	10220	16.225	2.089
79.9	NaN	711	NaN	658	1	-1	357	100	100	0	408	33	10129	33	10240	68	10306	67	10368	16.615	3.309
80	NaN	785	NaN	673	1	0	361	100	100	0	408	33	10430	32	10520	65	10493	63	10597	16.938	5.212
80.1	NaN	677	NaN	663	1	1	360	100	100	0	407	33	10524	30	10749	64	10671	61	10822	17.291	3.209
80.2	NaN	694	NaN	669	1	-3	357	100	100	0	407	31	10765	30	10822	60	10939	61	11009	17.604	2.101
80.3	NaN	678	NaN	677	1	-2	360	100	100	0	407	32	11005	30	11191	63	10981	57	11207	17.899	2.885
80.4	NaN	700	NaN	645	1	-4	356	100	100	0	407	32	11136	29	11267	61	11363	55	11320	18.22	0.533
80.5	NaN	679	NaN	637	1	-5	356	100	100	0	408	32	11390	30	11448	60	11466	57	11530	18.494	4.384
80.6	NaN	687	NaN	659	1	-4	361	100	100	0	407	32	11514	29	11581	62	11728	57	11639	18.764	1.31
80.7	NaN	692	NaN	643	1	-2	359	100	100	0	407	31	11736	29	11745	56	11822	56	11824	19.051	3.753
80.8	NaN	711	NaN	646	1	-1	360	100	100	0	408	31	11803	28	11928	60	12025	54	12012	19.261	1.767
80.9	NaN	704	NaN	642	1	-4	356	100	100	0	408	29	12004	29	12135	53	11978	55	12231	19.5	3.116
81	NaN	736	NaN	640	1	-1	358	100	100	0	407	31	12089	29	12184	59	12296	50	12269	19.747	2.575
81.1	NaN	686	NaN	637	1	-1	361	100	100	0	407	30	12343	28	12453	55	12340	51	12507	19.947	1.752
81.2	NaN	681	NaN	653	1	-0	362	100	100	0	407	30	12355	29	12440	54	12567	53	12595	20.248	2.978
81.3	NaN	693	NaN	668	1	-2	362	100	100	0	412	29	12506	29	12721	53	12661	52	12774	20.608	3.522
81.4	NaN	735	NaN	662.1666667	0	-5	535	0	0	0	579	-10	12355	-8	12435	-6	12350	-5	12484	20.544	-4.565
81.5	NaN	681	NaN	663.3333333	0	-5	716	0	0	0	746	-30	11931	-29	11977	-21	11818	-22	11826	19.769	-10.262
81.6	NaN	675	NaN	664.5	0	-2	683	0	0	0	721	-51	11342	-50	11334	-36	11102	-36	10898	18.805	-10.186
81.7	NaN	701	NaN	665.6666667	0	0	705	0	0	0	644	-51	10547	-53	10593	-38	10480	-38	10447	17.702	-8.005
81.8	NaN	694	NaN	666.8333333	0	-1	586	0	0	0	545	-54	9892	-53	9948	-40	10086	-41	9656	16.654	-10.631
81.9	NaN	687	NaN	668	0	-1	579	0	0	0	592	-55	9371	-57	9489	-44	8762	-45	8914	15.65	-10.625
82	NaN	693	NaN	669.1666667	0	-3	537	0	0	0	545	-55	8745	-56	8933	-44	8664	-45	8701	14.614	-10.558
82.1	NaN	774	NaN	670.3333333	0	2	382	17	14	0	426	-13	8352	-12	8506	-10	8385	-10	8511	13.832	-2.048
82.2	NaN	767	NaN	671.5	0	8	360	18	13	0	408	-13	8031	-12	8445	-11	7942	-10	8372	13.503	-3.513
82.3	NaN	770	NaN	672.6666667	0	34	360	32	26	0	408	3	7760	7	8429	8	7827	16	8475	13.266	-3.595
82.4	NaN	791	NaN	673.8333333	0	45	364	37	32	0	407	7	7589	21	8490	16	7694	47	8659	13.145	-1.704
82.5	NaN	767	NaN	675	0	36	359	40	34	0	408	10	7616	25	8409	23	7720	54	8560	13.144	-0.798
82.6	NaN	739	NaN	676.1666667	0	1	363	42	38	0	408	21	7883	22	8418	47	7980	49	8510	13.266	2.251
82.7	NaN	735	NaN	677.3333333	0	-21	357	42	42	0	408	29	8356	20	8126	64	8443	43	8251	13.48	2.492
82.8	NaN	726	NaN	678.5	0	-27	361	41	39	0	407	29	8643	15	8089	63	8729	31	8165	13.598	1.063
82.9	NaN	743	NaN	679.6666667	0	-16	363	41	38	0	406	27	8684	17	8189	57	8812	38	8284	13.751	2.631
83	NaN	737	NaN	680.8333333	0	-18	357	42	39	0	407	27	8678	19	8464	58	8834	41	8497	13.96	2.7
83.1	NaN	748	NaN	677	0	-16	358	64	62	0	408	44	8929	31	8699	92	9097	66	8783	14.214	4.703
83.2	NaN	734	NaN	677	0	-14	361	66	63	0	409	43	9199	29	8940	91	9247	63	9004	14.666	5.136
83.3	NaN	709	NaN	646	0	-7	363	57	50	0	407	40	9399	31	9179	86	9513	63	9259	15.042	3.776
83.4	NaN	724	NaN	645	0	-5	360	55	47	0	409	37	9508	33	9445	76	9639	69	9573	15.454	3.097
83.5	NaN	791	NaN	568	0	-3	561	0	0	0	576	-9	9336	-10	9273	-7	9394	-8	9322	15.306	-6.129
83.6	NaN	736	NaN	873	0	-9	687	0	0	0	650	-28	8816	-30	8852	-23	8932	-25	8655	14.578	-7.969
83.7	NaN	705	NaN	825	0	-4	643	0	0	0	632	-46	8298	-49	8230	-40	8225	-41	8041	13.707	-10.304
83.8	NaN	685	NaN	812	0	-4	657	0	0	0	647	-52	7625	-55	7629	-45	7598	-48	6910	12.598	-10.979
83.9	NaN	719	NaN	827	0	-9	515	0	0	0	498	-51	7062	-56	6923	-45	6946	-49	6636	11.526	-9.959
84	NaN	730	NaN	882	0	-11	399	0	0	0	437	-49	6494	-56	6457	-46	6455	-50	6190	10.715	-6.851
84.1	NaN	794	NaN	789	0	-17	364	17	13	0	404	-12	6336	-15	6120	-11	6353	-13	6134	10.197	-2.812
84.2	NaN	802	NaN	592	0	-46	362	19	18	0	406	-6	6350	-10	5594	-5	6343	-10	5692	9.845	-3.363
84.3	NaN	763	NaN	548	0	-76	364	36	37	0	405	30	6482	2	5449	70	6500	5	5582	9.724	0.375
84.4	NaN	794	NaN	566	0	-84	361	44	44	0	407	48	6847	1	5329	114	6819	3	5421	9.705	2.105
84.5	NaN	797	NaN	558	0	-81	357	36	33	0	408	27	6709	0	5311	63	6834	2	5482	9.842	0.275
84.6	NaN	793	NaN	580	0	-73	358	36	34	0	408	25	6764	2	5430	59	6953	4	5478	9.766	-0.565
84.7	NaN	759	NaN	747	0	-62	362	37	35	0	405	26	6742	4	5468	62	6958	10	5720	9.819	-0.759
84.8	NaN	727	NaN	831	0	-56	360	40	40	0	406	33	6777	8	5426	75	7052	18	5711	9.842	2.778
84.9	NaN	841	NaN	789	0	-50	356	43	42	0	406	37	6841	11	5533	87	7554	26	5933	9.921	1.234
85	NaN	770	NaN	687	0	-18	358	58	60	0	406	51	6994	32	6018	120	7849	75	7656	10.168	8.446
85.1	NaN	760	NaN	655	0	1	355	61	59	0	410	42	7018	39	7716	96	7600	92	8265	10.555	6.215
85.2	NaN	746	NaN	685	0	20	357	51	44	0	410	25	6991	36	7137	58	7226	81	7748	11.053	4.882
85.3	NaN	769	NaN	674	0	-8	361	52	47	0	407	39	7074	33	7596	88	7169	78	7571	11.619	5.484
85.4	NaN	721	NaN	653	0	-9	362	65	67	0	407	47	7717	37	7466	107	7830	81	7518	12.127	5.789
85.5	NaN	775	NaN	663	0	1	363	67	60	0	410	38	7768	41	8012	85	7896	94	8097	12.693	5.307
85.6	NaN	739	NaN	674	0	-1	367	70	62	0	416	38	8137	39	8367	85	8215	86	8433	13.226	6.075
85.7	NaN	819	NaN	564	0	-7	520	0	0	0	507	-7	8146	-8	8177	-6	8178	-6	8226	13.311	-4.404
85.8	NaN	746	NaN	807	0	-6	594	0	0	0	559	-26	7627	-28	7730	-22	7828	-24	7763	12.644	-4.827
85.9	NaN	715	NaN	812	0	-15	576	0	0	0	552	-43	7231	-48	6997	-37	7096	-42	6777	11.935	-8.732
86	NaN	737	NaN	830	0	-26	411	0	0	0	435	-47	6836	-59	6024	-41	6852	-53	4283	11.003	-7.568
86.1	NaN	791	NaN	782	0	-38	360	35	35	0	406	11	6832	4	6045	25	6906	8	3952	10.375	-3.27
86.2	NaN	761	NaN	743	0	-55	362	35	31	0	407	23	6847	6	6022	55	6868	12	6066	10.502	-0.245
86.3	NaN	783	NaN	678.95	0	-51	364	60	61	0	408	15	6959	4	5929	35	6994	8	6058	10.26	-0.507
86.4	NaN	769.6666667	NaN	678.4	0	-40	360	37	31	0	409	28	7075	10	6493	71	7208	23	6225	10.774	2.123
86.5	NaN	774.3333333	NaN	677.85	0	-27	365	34	30	0	408	4	6917	2	6215	8	6896	4	6094	10.619	-1.723
86.6	NaN	772	NaN	677.3	0	-32	358	34	25	0	407	12	6934	6	6445	28	6969	13	6502	10.914	0.146
86.7	NaN	815	NaN	676.75	0	-46	360	63	63	0	408	7	7102	2	6177	17	7059	5	6152	10.733	-1.305
86.8	NaN	705	NaN	676.2	0	-52	360	65	61	0	408	68	7627	20	6401	156	7606	47	6385	10.984	6.523
86.9	NaN	761	NaN	675.65	0	-39	362	54	48	0	408	57	7860	20	6687	130	7955	46	7517	11.484	6.975
87	NaN	792	NaN	675.1	0	-37	357	34	29	0	407	11	7518	5	6705	25	7592	12	6832	11.754	1.025
87.1	NaN	790	NaN	674.55	0	-47	359	46	44	0	407	45	7896	16	6902	100	7938	36	7047	11.783	3.702
87.2	NaN	768	NaN	674	0	-65	362	40	34	0	407	31	7790	4	6750	70	7869	10	6930	11.964	1.063
87.3	NaN	757	NaN	673.45	0	-66	362	41	39	0	408	36	7959	5	6721	81	8053	12	6892	11.977	2.249
87.4	NaN	773	NaN	672.9	0	-65	361	37	31	0	407	25	7929	4	6662	56	8110	8	6925	12.044	0.159
87.5	NaN	788	NaN	672.35	0	-50	361	40	38	0	405	8	7609	2	6591	19	7755	5	6701	11.877	-1.811
87.6	NaN	767	NaN	671.8	0	-18	360	41	38	0	408	29	7680	18	6835	68	7942	38	7114	11.775	5.992
87.7	NaN	772	NaN	671.25	0	-3	357	36	29	0	410	12	7335	10	7167	27	7429	24	7327	11.94	1.869
87.8	NaN	779	NaN	670.7	0	17	362	34	28	0	410	5	7033	6	7466	11	7122	15	7520	11.892	-1.089
87.9	NaN	807	NaN	670.15	0	46	361	0	0	0	411	-11	6507	-7	7376	-10	6652	-7	7506	11.697	-3.062
88	NaN	764	NaN	669.6	0	54	357	16	11	0	408	-34	5716	-19	7149	-32	5782	-14	7298	11.237	-6.01
88.1	NaN	807	NaN	669.05	0	55	365	22	16	0	408	-5	5916	-3	7052	-5	6003	-2	7128	10.861	-3.729
88.2	NaN	805	NaN	668.5	0	43	356	37	31	0	407	5	5918	17	7076	12	5901	41	7170	10.608	-0.966
88.3	NaN	817	NaN	667.95	0	26	362	40	35	0	407	11	6178	24	7011	27	6398	54	7133	10.691	1.128
88.4	NaN	787	NaN	667.4	0	20	364	45	40	0	410	18	6429	29	7036	43	6638	68	7136	10.915	1.66
88.5	NaN	779	NaN	666.85	0	11	357	46	42	0	408	23	6684	30	7150	52	6730	67	7188	11.217	3.286
88.6	NaN	799	NaN	666.3	0	-6	354	51	46	0	408	34	7050	30	7258	76	7090	72	7326	11.585	4.343
88.7	NaN	763	NaN	665.75	0	-27	360	58	55	0	408	54	7650	30	7410	122	7745	66	7466	12.111	5.379
88.8	NaN	738	NaN	665.2	0	-37	360	54	53	0	408	58	8144	23	7604	130	8208	53	7592	12.472	4.873
88.9	NaN	733	NaN	664.65	0	-34	361	44	39	0	408	35	8324	14	8025	78	8337	31	7777	12.937	2.227
89	NaN	776	NaN	664.1	0	-16	360	50	47	0	409	40	8470	27	7941	87	8632	61	8062	13.16	5.479
89.1	NaN	768	NaN	663.55	0	-15	360	52	42	0	407	38	8487	27	8518	83	8636	59	8438	13.68	5.049
89.2	NaN	733	NaN	680	0	-17	358	58	54	0	410	43	8836	31	8594	93	9003	66	8658	14.057	5.034
89.3	NaN	739	NaN	663	0	-11	362	58	54	0	408	40	9079	33	8886	84	9254	68	8954	14.53	4.702
89.4	NaN	724	NaN	667	0	0	358	53	46	0	409	35	9292	35	9256	74	9429	77	9398	14.965	4.536
89.5	NaN	739	NaN	665	0	13	360	50	42	0	408	27	9325	34	9633	57	9382	74	9830	15.348	3.059
89.6	NaN	750	NaN	651	0	21	356	48	42	0	411	26	9460	38	10083	54	9452	77	10135	15.67	3.501
89.7	NaN	766	NaN	694	0	18	357	42	36	0	406	17	9371	25	10156	36	9589	52	10190	15.812	0.341
89.8	NaN	709	NaN	659	0	6	362	47	43	0	408	27	9721	31	10079	53	9843	66	10296	16.037	2.027
89.9	NaN	746	NaN	633	0	-1	361	81	76	0	409	34	10091	32	10300	70	10195	66	10345	16.432	4.001
90	NaN	716	NaN	656	0	-12	360	100	100	0	407	36	10387	29	10319	72	10499	58	10366	16.787	3.417
90.1	NaN	759	NaN	655	0	-10	359	100	100	0	407	37	10656	27	10424	72	10826	55	10610	17.106	3.463
90.2	NaN	701	NaN	646	0	-15	361	100	100	0	409	37	10931	28	10707	72	10924	53	10798	17.428	3.321
90.3	NaN	725	NaN	677	0	-15	356	100	100	0	408	37	11058	24	10852	73	11273	50	10872	17.748	3.348
90.4	NaN	732	NaN	684	0	-9	356	100	100	0	409	35	11294	29	10978	66	11340	54	11194	18.033	3.683
90.5	NaN	742	NaN	670	0	-7	359	100	100	0	407	33	11295	28	11354	63	11496	55	11348	18.35	2.17
90.6	NaN	735	NaN	684	0	-7	361	100	100	0	409	33	11534	29	11418	63	11633	55	11632	18.613	4.136
90.7	NaN	724	NaN	668	0	-6	360	100	100	0	407	32	11634	30	11691	63	11829	56	11712	18.895	3.879
90.8	NaN	741	NaN	652	0	-9	356	100	100	0	408	33	11893	27	11730	62	11960	53	11941	19.131	1.688
90.9	NaN	753	NaN	663	0	-13	358	100	100	0	410	33	12005	27	11943	63	12202	47	11960	19.396	2.714
91	NaN	734	NaN	652	0	-10	359	100	100	0	410	32	12218	26	12002	58	12182	48	12180	19.626	2.699
91.1	NaN	711	NaN	646	0	-7	359	100	100	0	408	32	12239	26	12277	56	12442	49	12344	19.832	2.287
91.2	NaN	708	NaN	635	0	-4	361	100	100	0	408	32	12462	29	12320	57	12521	48	12517	20.052	1.859
91.3	NaN	743	NaN	658	0	0	361	100	100	0	407	30	12432	28	12579	54	12642	51	12705	20.426	5.623
91.4	NaN	743	NaN	660	0	-2	360	100	100	0	407	29	12550	28	12818	53	12709	49	12802	20.775	2.981
91.5	NaN	735	NaN	651	1	2	358	100	100	0	407	27	12684	29	12866	49	12706	52	13026	20.992	3.122
91.6	NaN	713	NaN	637	1	2	360	100	100	0	407	28	12731	31	13039	49	12944	52	13207	21.191	1.254
91.7	NaN	716	NaN	666	1	2	361	100	100	0	407	28	12914	29	13230	49	13045	51	13246	21.308	2.064
91.8	NaN	771	NaN	630	1	-1	359	100	100	0	408	29	13056	28	13207	48	13056	50	13401	21.483	1.581
91.9	NaN	711	NaN	637	1	0	360	100	100	0	407	28	13112	29	13430	47	13326	48	13555	21.673	0.944
92	NaN	693	NaN	629	1	3	359	100	100	0	407	28	13290	29	13608	50	13446	49	13642	21.878	2.122
92.1	NaN	699	NaN	650	1	2	357	100	100	0	407	28	13446	29	13787	48	13498	48	13806	22.09	4.531
92.2	NaN	737	NaN	634	1	4	362	100	100	0	407	27	13493	30	13792	45	13544	49	14006	22.341	1.865
92.3	NaN	694	NaN	639	0	2	358	67	64	0	407	27	13610	28	13911	46	13806	47	14078	22.538	1.771
92.4	NaN	711	NaN	680	0	-3	363	35	27	0	407	19	13771	18	13994	35	13927	31	14114	22.723	1.56
92.5	NaN	743	NaN	654.5714286	0	-6	544	0	0	0	523	-21	13671	-22	13469	-13	13627	-13	13496	22.455	-3.831
92.6	NaN	708	NaN	657.6428571	0	-6	807	0	0	0	743	-42	13125	-45	12756	-26	13069	-28	12605	21.63	-10.128
92.7	NaN	721	NaN	660.7142857	0	-3	592	0	0	0	631	-47	12576	-47	12375	-29	12503	-32	9750	20.69	-10.568
92.8	NaN	708	NaN	663.7857143	0	-2	383	0	0	0	420	-42	12077	-44	12043	-30	11999	-33	11745	19.915	-4.085
92.9	NaN	700	NaN	666.8571429	0	-10	361	6	1	0	404	-45	11725	-48	11618	-31	11775	-35	11471	19.244	-7.109
93	NaN	801	NaN	669.9285714	0	-9	360	32	28	0	407	5	11599	6	11501	8	11559	6	11469	18.781	0.695
93.1	NaN	715	NaN	660	0	-8	363	47	42	0	408	34	11682	27	11645	64	11879	53	11749	18.988	2.366
93.2	NaN	783	NaN	701	0	-7	359	41	34	0	406	21	11822	17	11775	38	11848	34	11781	19.088	2.006
93.3	NaN	761	NaN	666	0	-3	357	40	36	0	407	22	11823	20	11793	41	11986	38	11920	19.207	0.471
93.4	NaN	753	NaN	650	0	-4	357	46	42	0	406	32	12057	29	12129	61	12164	49	12148	19.406	2.139
93.5	NaN	718	NaN	665	0	-5	360	44	38	0	408	28	12133	24	12032	50	12240	47	12288	19.638	2.469
93.6	NaN	721	NaN	680	0	-4	359	40	36	0	408	20	12219	19	12247	37	12299	33	12236	19.737	0.805
93.7	NaN	782	NaN	666	0	-4	361	41	36	0	410	23	12233	22	12305	40	12233	40	12436	19.829	2.131
93.8	NaN	733	NaN	718	0	-2	358	38	30	0	407	16	12213	15	12387	27	12352	25	12426	19.901	-1.422
93.9	NaN	795	NaN	557	0	1	358	17	12	0	408	-15	11977	-14	12341	-11	11931	-9	12258	19.754	-2.468
94	NaN	809	NaN	568	0	-2	359	24	19	0	408	0	11945	-1	12103	-1	12030	0	12129	19.55	-3.175
94.1	NaN	805	NaN	554	0	-5	357	30	26	0	408	4	11833	6	12079	11	11942	9	12122	19.452	0.283
94.2	NaN	797	NaN	570	0	-3	361	29	21	0	407	1	11808	3	11882	5	11950	5	11958	19.304	-2.204
94.3	NaN	753	NaN	570	0	1	515	0	0	0	516	-16	11510	-19	11788	-13	11397	-12	11730	19.055	-4.404
94.4	NaN	737	NaN	842	0	-0	587	0	0	0	605	-39	11140	-38	11196	-28	11215	-28	11090	18.375	-8.73
94.5	NaN	751	NaN	864	0	-1	688	0	0	0	668	-51	10317	-53	10651	-38	10452	-39	10633	17.419	-11.548
94.6	NaN	791	NaN	1001	0	-4	739	0	0	0	678	-56	9861	-56	9508	-43	9755	-44	9096	16.342	-12.518
94.7	NaN	781	NaN	831	0	0	652	0	0	0	613	-56	9226	-56	9295	-45	7745	-44	8911	15.203	-11.884
94.8	NaN	761	NaN	885	0	2	595	0	0	0	588	-56	8421	-55	8586	-46	8517	-44	7779	14.105	-9.402
94.9	NaN	787	NaN	890	0	-1	482	0	0	0	501	-54	7909	-53	8066	-45	7589	-45	7414	13.229	-8.618
95	NaN	766	NaN	882	0	0	490	0	0	0	538	-54	7316	-54	7458	-46	7230	-46	7382	12.298	-6.664
95.1	NaN	776	NaN	875	0	4	477	0	0	0	467	-54	6920	-52	7160	-48	6367	-46	7006	11.466	-6.655
95.2	NaN	763	NaN	859	0	14	411	7	0	0	435	-47	6210	-40	6839	-43	6387	-36	6580	10.715	-0.586
95.3	NaN	751	NaN	847	0	25	368	7	1	0	408	-49	5688	-38	6496	-44	4702	-34	6415	10.161	-5.238
95.4	NaN	765.0714286	NaN	601	0	35	363	21	15	0	407	-5	5537	-3	6456	-5	5453	-4	6420	9.667	-2.899
95.5	NaN	765.6428571	NaN	819	0	46	364	22	16	0	408	-3	5365	-2	6395	-3	5246	-3	6344	9.44	-2.539
95.6	NaN	766.2142857	NaN	628	0	49	367	30	24	0	407	1	5278	3	6337	2	5145	6	6277	9.2	-2.193
95.7	NaN	766.7857143	NaN	808	0	56	362	39	34	0	408	6	5262	26	6321	14	5296	62	6401	9.246	1.462
95.8	NaN	767.3571429	NaN	831	0	65	364	39	33	0	407	4	5233	26	6404	10	5256	64	6473	9.292	-0.654
95.9	NaN	767.9285714	NaN	819	0	64	361	32	24	0	408	1	5204	8	6325	3	5209	17	6331	9.423	-0.532
96	NaN	768.5	NaN	800	0	46	363	54	48	0	408	4	5191	16	6448	11	5197	38	6466	9.261	0.101
96.1	NaN	769.0714286	NaN	754	0	31	359	50	41	0	408	18	5527	38	6527	43	5909	90	6499	9.568	3.715
96.2	NaN	769.6428571	NaN	779	0	40	361	46	38	0	407	12	5687	34	6582	29	5757	82	6657	9.865	1.148
96.3	NaN	770.2142857	NaN	607	0	60	359	11	2	0	409	-4	5537	-3	6424	-4	5625	-2	6543	10.017	-2.256
96.4	NaN	770.7857143	NaN	860	0	76	357	9	4	0	408	-30	4910	-13	6217	-28	4129	-13	6354	9.638	-5.655
96.5	NaN	771.3571429	NaN	910	0	74	356	0	0	0	404	-34	4230	-25	5773	-51	2769	-23	5963	9.152	-4.803
96.6	NaN	771.9285714	NaN	930	0	74	361	0	0	0	406	-39	4054	-32	5413	-16	619	-30	5607	8.615	-6.872
96.7	NaN	802	NaN	775	0	72	362	35	30	0	407	1	4263	18	5631	4	88	47	5814	8.061	-0.65
96.8	NaN	766.9761905	NaN	841	0	72	363	32	26	0	406	1	4036	9	5333	2	3723	25	5430	7.892	-1.554
96.9	NaN	765.7380952	NaN	776	0	70	356	38	32	0	406	2	3971	26	5494	6	3963	62	5582	7.7	-0.626
97	NaN	813	NaN	791	0	64	361	46	41	0	407	5	3962	42	5582	14	4128	100	5989	7.735	3.412
97.1	NaN	792	NaN	751	0	38	362	47	41	0	408	12	4179	37	5484	30	4500	94	5758	7.899	2.17
97.2	NaN	813	NaN	763	0	22	361	46	41	0	408	20	4709	31	5421	48	4886	77	5539	8.252	4.693
97.3	NaN	803	NaN	718	0	29	360	55	49	0	407	26	5027	47	5564	63	5083	116	5591	8.602	4.856
97.4	NaN	763	NaN	756	0	40	356	57	50	0	409	21	5205	55	6032	48	5208	134	6124	9.072	4.4
97.5	NaN	753	NaN	664	0	28	360	76	72	0	407	33	5644	64	6405	80	5668	154	6581	9.67	7.454
97.6	NaN	766	NaN	706	0	25	362	100	100	0	410	35	6035	62	6726	83	6184	141	6826	10.333	5.648
97.7	NaN	775	NaN	775	0	22	362	100	100	0	409	36	6485	56	7112	84	6543	130	7184	10.971	4.496
97.8	NaN	754	NaN	677	0	16	360	100	100	0	407	35	6878	52	7438	82	6943	117	7491	11.55	4.295
97.9	NaN	747	NaN	690	0	9	357	100	100	0	407	37	7292	46	7722	85	7378	104	7783	12.049	5.692
98	NaN	739	NaN	692	0	2	357	100	100	0	408	38	7682	42	7990	86	7737	92	8031	12.627	5.932
98.1	NaN	747	NaN	665	0	-2	359	100	100	0	407	39	8012	40	8222	87	8099	87	8281	13.103	4.117
98.2	NaN	761	NaN	654	0	-10	357	100	100	0	408	41	8397	36	8403	89	8487	78	8474	13.558	4.776
98.3	NaN	750	NaN	652	0	-10	361	100	100	0	407	41	8687	34	8590	89	8720	73	8663	14.038	5.122
98.4	NaN	770	NaN	657	0	-18	363	96	93	0	416	43	8994	30	8777	91	9141	67	8909	14.443	3.463
98.5	NaN	846	NaN	598	0	-12	563	0	0	0	560	-9	8856	-10	8461	-7	8939	-9	8438	14.323	-5.09
98.6	NaN	819	NaN	946	0	-9	646	0	0	0	626	-27	8407	-29	8070	-22	8448	-25	8058	13.617	-6.804
98.7	NaN	763	NaN	966	0	-5	552	0	0	0	539	-46	7818	-48	7627	-39	7778	-41	7636	12.795	-7.369
98.8	NaN	790	NaN	934	0	-9	432	0	0	0	454	-51	7293	-56	7154	-45	7064	-48	7021	11.82	-7.843
98.9	NaN	763	NaN	930	0	-21	362	5	2	0	405	-46	6986	-56	6606	-41	6946	-50	6440	11.203	-7.292
99	NaN	804	NaN	930	0	-40	362	10	9	0	408	-23	6784	-34	6080	-21	6782	-29	5949	10.604	-6.016
99.1	NaN	866	NaN	594	0	-47	359	30	30	0	404	2	6668	0	5900	5	6656	2	5831	10.163	-2.215
99.2	NaN	803	NaN	789	0	-51	362	33	31	0	407	17	6708	4	5771	40	6712	9	5807	10.125	0.895
99.3	NaN	829	NaN	589	0	-66	357	32	32	0	408	17	6748	3	5653	40	6728	7	5667	10.007	-1.498
99.4	NaN	843	NaN	582	0	-70	356	33	32	0	408	18	6693	2	5620	42	6708	5	5571	9.968	-1.696
99.5	NaN	809	NaN	791	0	-66	356	38	38	0	406	31	6811	4	5589	75	6839	10	5587	9.996	0.561
99.6	NaN	769	NaN	834	0	-49	362	38	38	0	407	30	6955	7	5653	71	6982	18	5685	10.094	3.6
99.7	NaN	783	NaN	808	0	-47	362	39	37	0	407	28	6905	7	5782	66	6936	18	5874	10.273	1.643
99.8	NaN	780	NaN	771	0	-36	360	40	36	0	408	27	6848	12	6049	61	7014	26	6085	10.5	2.801
99.9	NaN	814	NaN	578	0	-53	358	45	45	0	406	11	6791	3	6015	27	6837	7	5958	10.474	-1.782
100	NaN	811	NaN	733	0	-47	357	55	51	0	406	65	7558	22	6250	150	7448	51	6307	10.764	14.721
100.1	NaN	784	NaN	798	0	-29	357	61	58	0	406	15	7143	6	6262	36	7150	17	6365	10.841	1.682
100.2	NaN	794.5833333	NaN	587	0	-27	361	0	0	0	406	-4	7089	-4	6567	-5	7065	-5	6720	11.389	-1.219
100.3	NaN	792.6666667	NaN	877	0	-12	459	0	0	0	469	-21	6854	-24	6521	-19	6619	-22	6157	10.982	-5.144
100.4	NaN	790.75	NaN	846	0	0	410	0	0	0	440	-41	6284	-40	6274	-37	6253	-37	6188	10.493	-5.758
100.5	NaN	788.8333333	NaN	691	0	13	369	36	29	0	408	-15	5907	-16	6217	-9	5569	-9	6177	9.812	-5.304
100.6	NaN	786.9166667	NaN	609	0	42	362	15	7	0	409	-2	5516	-1	6244	-3	5639	-1	6296	9.859	-0.993
100.7	NaN	785	NaN	683	0	68	363	50	43	0	407	7	5414	51	6427	17	5410	126	6506	9.621	2.147
100.8	NaN	783.0833333	NaN	591	0	65	363	27	22	0	410	0	5189	0	6276	0	5286	-1	6311	9.636	-2.227
100.9	NaN	781.1666667	NaN	712	0	64	364	43	35	0	409	5	5265	39	6586	13	5372	94	6587	9.719	0.891
101	NaN	779.25	NaN	753	0	58	359	35	28	0	408	3	5314	15	6481	7	5264	36	6445	9.611	-0.912
101.1	NaN	777.3333333	NaN	876	0	46	362	37	32	0	409	4	5280	15	6396	11	5332	36	6462	9.59	0.595
101.2	NaN	775.4166667	NaN	755	0	40	356	61	55	0	408	23	5465	67	6620	57	6505	164	6886	9.656	5.182
101.3	NaN	791	NaN	694	0	43	358	40	33	0	410	12	6326	32	6659	29	5916	78	6751	10.267	1.969
101.4	NaN	800	NaN	758	0	50	357	84	78	0	408	4	5698	18	6661	10	5954	41	6684	10.086	-0.899
101.5	NaN	719	NaN	685	0	47	357	58	49	0	409	19	5926	65	7447	46	9263	154	7526	10.385	4.583
101.6	NaN	769	NaN	671	0	42	360	56	50	0	409	16	6376	51	7191	38	6884	117	7335	10.689	0.603
101.7	NaN	764	NaN	698	0	29	363	41	32	0	412	14	6644	28	7406	34	6769	69	7544	11.164	1.218
101.8	NaN	787	NaN	688	0	29	361	49	43	0	409	19	6592	40	7522	44	7086	91	7586	11.287	2.517
101.9	NaN	744	NaN	682	0	31	359	49	42	0	407	19	7155	38	7569	43	6961	86	7596	11.592	3.764
102	NaN	753	NaN	693	0	32	359	51	46	0	408	20	7197	46	7880	45	7025	103	7896	11.857	3.783
102.1	NaN	725	NaN	664	0	44	360	65	59	0	408	23	7560	61	8281	52	7258	136	8239	12.264	4.179
102.2	NaN	765	NaN	662	0	33	358	65	59	0	410	25	7923	54	8436	55	7507	124	8525	12.637	4.134
102.3	NaN	773	NaN	687.5714286	0	9	354	62	54	0	407	34	8187	43	8449	74	7963	97	8576	13.131	5.385
102.4	NaN	806	NaN	683.1428571	0	-0	358	41	32	0	407	17	8178	17	8433	36	8198	37	8539	13.475	1.195
102.5	NaN	774	NaN	678.7142857	0	-9	362	44	39	0	408	27	8437	21	8452	59	8491	46	8587	13.662	2.538
102.6	NaN	785	NaN	674.2857143	0	-32	360	41	35	0	407	26	8751	14	8317	57	8808	30	8452	13.854	0.225
102.7	NaN	786	NaN	669.8571429	0	-57	358	37	34	0	406	27	8904	7	8073	59	9037	15	8260	13.876	0.418
102.8	NaN	799	NaN	665.4285714	0	-59	359	35	31	0	404	20	8799	4	7881	43	8980	10	8095	13.76	-3.139
102.9	NaN	779	NaN	658	0	-55	356	36	34	0	405	21	8757	5	7836	46	8929	11	8038	13.668	0.117
103	NaN	748	NaN	715	0	-46	357	46	46	0	408	44	9091	15	8001	95	9160	33	8181	13.709	2.964
103.1	NaN	776	NaN	722	0	-42	356	47	43	0	406	42	9102	17	8210	89	9174	36	8413	13.944	2.79
103.2	NaN	770	NaN	721	0	-28	360	47	44	0	408	39	9177	21	8367	84	9348	45	8505	14.138	3.534
103.3	NaN	761	NaN	716	0	-21	357	48	46	0	407	40	9139	25	9204	85	9356	52	8741	14.461	3.658
103.4	NaN	735	NaN	666	0	-1	357	55	52	0	410	37	9216	35	9150	76	9431	75	9176	14.82	3.783
103.5	NaN	746	NaN	659	0	26	363	57	50	0	407	27	9179	43	9671	56	9175	92	9745	15.202	2.257
103.6	NaN	767.1875	NaN	642	0	51	359	57	50	0	409	15	9275	55	10076	33	9215	114	10102	15.435	2.634
103.7	NaN	764.875	NaN	642	0	42	357	57	49	0	408	17	9371	50	10204	36	9467	107	10226	15.602	1.496
103.8	NaN	762.5625	NaN	641	0	38	363	55	50	0	408	21	9791	46	10247	45	9650	94	10336	15.815	0.694
103.9	NaN	760.25	NaN	633	0	36	359	56	50	0	408	21	9744	46	10314	42	9657	96	10472	16.047	3.403
104	NaN	757.9375	NaN	661	0	24	363	85	80	0	410	25	9783	41	10511	52	9727	84	10578	16.258	2.518
104.1	NaN	755.625	NaN	661	0	21	358	100	100	0	410	24	10183	40	10563	50	10052	83	10701	16.512	2.519
104.2	NaN	753.3125	NaN	649	0	15	360	100	100	0	409	27	10145	37	10612	56	10189	72	10799	16.753	2.936
104.3	NaN	770	NaN	658	0	6	361	100	100	0	409	31	10324	34	10780	61	10363	68	10818	17.038	4.052
104.4	NaN	828	NaN	665	0	-4	358	100	100	0	407	32	10664	31	10754	67	10739	60	10843	17.328	3.924
104.5	NaN	751	NaN	652	0	-11	362	100	100	0	407	35	10861	28	10797	69	11028	55	10941	17.598	2.127
104.6	NaN	743	NaN	673	0	-15	361	100	100	0	408	36	11162	27	10957	70	11251	52	11071	17.82	1.874
104.7	NaN	814	NaN	694	0	-20	357	100	100	0	406	38	11357	23	10915	72	11512	46	11086	18.07	1.882
104.8	NaN	788	NaN	697	0	-24	362	100	100	0	408	37	11507	23	11097	73	11617	44	11166	18.266	1.549
104.9	NaN	766	NaN	672	0	-23	360	100	100	0	407	39	11676	24	11163	71	11812	44	11223	18.425	1.561
105	NaN	760	NaN	682	0	-14	355	100	100	0	407	35	11661	26	11342	66	11779	51	11432	18.61	2.101
105.1	NaN	752	NaN	669	0	-15	360	100	100	0	408	34	11764	27	11542	63	11897	49	11576	18.817	2.327
105.2	NaN	751	NaN	671	0	-18	358	100	100	0	408	35	11888	25	11551	62	12013	47	11663	18.994	1.338
105.3	NaN	726	NaN	670	0	-14	361	100	100	0	408	34	11998	26	11775	65	12161	48	11819	19.184	1.467
105.4	NaN	751	NaN	667	0	-9	360	100	100	0	407	33	12068	27	11860	62	12217	53	11965	19.371	2.625
105.5	NaN	730	NaN	667	0	-6	360	100	100	0	407	32	12064	28	12121	59	12215	52	12202	19.576	1.967
105.6	NaN	735	NaN	646	0	4	357	100	100	0	408	29	12151	31	12361	55	12271	55	12469	19.753	2.368
105.7	NaN	731	NaN	634	0	4	361	100	100	0	408	28	12125	30	12480	52	12166	55	12628	19.882	2.045
105.8	NaN	758	NaN	667	0	6	357	100	100	0	407	28	12369	30	12650	51	12425	55	12731	20.051	2.999
105.9	NaN	759	NaN	658	1	5	360	100	100	0	408	28	12347	31	12718	52	12490	54	12845	20.168	0.7
106	NaN	713	NaN	672	1	5	362	100	100	0	410	28	12476	29	12810	50	12612	53	12918	20.397	6.053
106.1	NaN	729	NaN	676	1	4	359	100	100	0	408	27	12584	32	13012	49	12730	53	13048	20.701	2.248
106.2	NaN	735	NaN	665	1	-0	363	86	81	0	407	28	12670	30	12911	49	12740	50	13112	20.834	1.834
106.3	NaN	740	NaN	672	1	-1	357	77	69	0	407	29	12896	29	13119	50	13036	49	13164	20.969	0.581
106.4	NaN	795	NaN	671	1	1	356	72	63	0	407	28	12941	30	13350	50	13108	52	13318	21.153	1.463
106.5	NaN	771	NaN	678	0	-1	357	64	56	0	408	28	13072	29	13334	50	13142	48	13466	21.303	0.608
106.6	NaN	747	NaN	691	0	-3	361	64	55	0	407	29	13326	27	13353	50	13419	47	13435	21.467	1.146
106.7	NaN	744.5	NaN	671.24	0	-0	360	23	14	0	408	-6	13239	-6	13441	-9	13199	-9	13385	21.536	-5.058
106.8	NaN	738	NaN	671.48	0	-2	354	52	47	0	407	27	13275	25	13518	45	13462	45	13586	21.493	2.761
106.9	NaN	731.5	NaN	671.72	0	0	359	22	13	0	409	-6	13121	-6	13229	-2	13105	-2	13222	21.464	-3.541
107	NaN	725	NaN	671.96	0	-2	362	7	0	0	408	-8	13004	-8	13208	-6	13078	-7	13209	21.177	-4.039
107.1	NaN	735	NaN	672.2	0	-2	378	0	0	0	424	-28	12702	-31	12875	-20	12767	-21	12893	20.726	-3.802
107.2	NaN	722	NaN	672.44	0	-5	458	0	0	0	457	-46	12370	-50	12296	-31	12339	-33	12224	20.084	-7.899
107.3	NaN	719	NaN	672.68	0	-2	452	0	0	0	459	-46	11689	-43	12030	-35	11709	-34	11968	19.284	-7.712
107.4	NaN	715	NaN	672.92	0	1	439	0	0	0	437	-49	11350	-49	11428	-35	11305	-36	11292	18.487	-7.097
107.5	NaN	718	NaN	673.16	0	-0	477	0	0	0	464	-50	10654	-50	10994	-38	10665	-38	10964	17.741	-5.777
107.6	NaN	693	NaN	673.4	0	-2	459	0	0	0	461	-51	10434	-54	10345	-39	10403	-41	10229	16.883	-8.885
107.7	NaN	705	NaN	673.64	0	-6	463	0	0	0	488	-53	9842	-57	10009	-42	9709	-44	9739	16.13	-8.203
107.8	NaN	701	NaN	673.88	0	-1	427	0	0	0	452	-54	9402	-58	9412	-43	9351	-46	9398	15.279	-7.59
107.9	NaN	710	NaN	674.12	0	-2	431	0	0	0	438	-55	8882	-56	9009	-45	8775	-46	8739	14.493	-9.175
108	NaN	700	NaN	674.36	0	-5	428	0	0	0	459	-54	8402	-55	8439	-44	8162	-47	8343	13.713	-7.336
108.1	NaN	704	NaN	674.6	0	-2	422	0	0	0	462	-53	7970	-57	7930	-45	7813	-47	7876	12.918	-8.74
108.2	NaN	695	NaN	674.84	0	-1	395	0	0	0	423	-52	7537	-54	7532	-46	7146	-47	7465	12.159	-8.577
108.3	NaN	712	NaN	675.08	0	-2	370	0	0	0	411	-53	6940	-53	7166	-46	6991	-48	7032	11.457	-7.449
108.4	NaN	833	NaN	675.32	0	2	370	20	16	0	407	-8	6724	-9	6905	-6	6574	-7	6874	10.884	-2.176
108.5	NaN	767	NaN	675.56	0	13	361	3	0	0	402	-17	6432	-16	6861	-17	6241	-15	6846	10.571	-4.345
108.6	NaN	824	NaN	675.8	0	23	360	43	39	0	408	2	6254	3	6911	5	6229	8	6951	10.392	-1.109
108.7	NaN	792	NaN	676.04	0	37	362	33	24	0	407	3	6066	6	6851	6	6070	16	6822	10.336	-2.307
108.8	NaN	846	NaN	676.28	0	37	359	13	5	0	409	-5	5846	-3	6847	-5	5884	-4	6850	10.157	-1.434
108.9	NaN	778	NaN	676.52	0	41	359	46	40	0	408	10	5798	26	6775	30	6042	83	6934	9.893	0.862
109	NaN	835	NaN	676.76	0	40	363	20	13	0	408	-8	5672	-5	6691	-7	5691	-4	6683	9.927	-4.003
109.1	NaN	747	NaN	671	0	38	358	43	37	0	407	12	5906	30	6883	28	5906	69	6905	10.01	4.009
109.2	NaN	773	NaN	705	0	36	361	42	34	0	407	11	6036	26	6910	25	6091	59	6938	10.193	-0.575
109.3	NaN	767	NaN	674	0	34	359	44	38	0	408	14	6355	31	7077	31	6248	72	7144	10.463	2.685
109.4	NaN	767	NaN	680	0	33	356	48	42	0	407	18	6290	38	7277	40	6554	87	7276	10.681	0.29
109.5	NaN	756	NaN	666	0	28	361	49	42	0	407	20	7123	38	7425	46	6644	89	7455	11.18	6.761
109.6	NaN	761	NaN	671	0	34	358	44	38	0	406	5	6576	11	7421	12	6578	25	7336	11.239	-4.485
109.7	NaN	719	NaN	656	0	18	357	55	48	0	408	31	6988	45	7827	69	6685	103	7831	11.605	17.511
109.8	NaN	736	NaN	631	0	17	356	47	42	0	406	18	6969	30	7480	47	7037	59	7539	11.531	-2.127
109.9	NaN	759.25	NaN	666	0	22	360	21	12	0	408	-4	7016	-3	7586	-4	7171	-4	7674	11.987	-1.655
110	NaN	740	NaN	660	0	16	358	67	59	0	410	31	7214	44	7914	70	7829	101	7984	11.98	9.367
110.1	NaN	783	NaN	698	0	26	361	38	31	0	408	7	7065	12	7842	15	7195	24	7853	12.143	-2.32
110.2	NaN	745	NaN	690	0	28	360	45	36	0	409	16	7541	30	8179	35	7469	69	8261	12.548	3.653
110.3	NaN	754	NaN	661	0	25	361	49	43	0	408	22	7655	38	8336	49	7943	84	8406	12.719	3.922
110.4	NaN	758	NaN	668	0	11	358	48	39	0	408	23	7769	30	8363	52	7968	65	8412	13.061	3.674
110.5	NaN	813	NaN	709	0	8	358	32	24	0	408	4	7885	5	8236	9	7881	11	8275	13.229	-2.389
110.6	NaN	781	NaN	798	0	-10	355	40	35	0	407	10	8070	8	8080	21	8143	18	8149	13.183	-0.639
110.7	NaN	779	NaN	681	0	-25	362	40	33	0	407	22	8323	12	7945	47	8386	28	8019	13.26	0.306
110.8	NaN	759	NaN	758	0	-25	358	40	33	0	408	21	8448	12	7948	45	8538	26	8015	13.335	0.532
110.9	NaN	744	NaN	732	0	-24	361	41	37	0	408	26	8533	15	8029	56	8575	32	8101	13.445	1.477
111	NaN	807	NaN	697	0	-20	361	48	43	0	407	36	8691	23	8287	79	8706	52	8352	13.735	4.128
111.1	NaN	769	NaN	710	0	-19	359	46	39	0	409	31	8838	20	8450	67	8850	44	8522	14.061	3.14
111.2	NaN	754	NaN	728	0	-16	363	41	36	0	408	24	8883	16	8508	51	9011	35	8602	14.253	1.726
111.3	NaN	759	NaN	704	0	-5	357	41	32	0	408	18	8809	16	8760	39	8986	34	8833	14.429	1.148
111.4	NaN	755	NaN	736	0	13	359	41	34	0	408	15	8650	20	9156	33	8825	43	9187	14.577	-0.039
111.5	NaN	751	NaN	701	0	14	355	41	34	0	408	15	8699	22	9399	32	8816	45	9385	14.677	1.99
111.6	NaN	754	NaN	662	0	5	359	45	39	0	410	24	8935	27	9377	53	9079	57	9462	14.883	2.585
111.7	NaN	729	NaN	633	0	10	364	78	73	0	408	31	9181	40	9563	64	9152	82	9629	15.204	5.177
111.8	NaN	719	NaN	640	0	3	360	100	100	0	408	34	9443	36	9707	70	9508	75	9884	15.598	3.701
111.9	NaN	724	NaN	671	0	-6	358	100	100	0	407	36	9799	31	9864	76	9960	64	9932	16.001	4.527
112	NaN	727	NaN	602	0	-9	574	0	0	0	550	-6	9776	-6	9658	-11	10004	-9	9732	16.17	-7.33
112.1	NaN	771	NaN	747	0	-6	674	0	0	0	683	-22	9359	-24	9179	-18	9324	-19	9018	15.492	-8.665
112.2	NaN	722	NaN	804	0	-11	643	0	0	0	631	-40	8879	-44	8665	-33	8837	-36	8659	14.627	-9.871
112.3	NaN	704	NaN	791	0	-9	627	0	0	0	591	-52	8285	-58	8040	-44	8201	-47	7734	13.696	-10.701
112.4	NaN	727	NaN	788	0	-7	580	0	0	0	565	-51	7649	-56	7385	-45	7581	-48	6878	12.652	-10.93
112.5	NaN	717	NaN	783	0	-13	549	0	0	0	557	-50	7149	-56	6767	-44	7042	-50	6401	11.594	-11.017
112.6	NaN	726	NaN	780	0	-24	522	0	0	0	520	-47	6568	-60	5937	-42	6629	-53	5516	10.651	-7.408
112.7	NaN	708	NaN	815	0	-32	500	0	0	0	503	-44	6169	-61	5626	-41	6076	-56	2504	9.88	-12.09
112.8	NaN	738	NaN	1028	0	-23	482	0	0	0	510	-46	5646	-58	5099	-43	5334	-9	377	8.952	-7.984
112.9	NaN	739	NaN	1004	0	-21	418	0	0	0	439	-47	5111	-58	4775	-44	5133	-14	502	8.191	-6.691
113	NaN	741	NaN	915	0	-28	372	0	0	0	412	-44	4667	-59	4382	-42	4634	-54	1841	7.483	-7.019
113.1	NaN	764	NaN	881	0	-29	368	0	0	0	409	-43	4261	-60	3918	-42	4309	-50	927	6.812	-6.697
113.2	NaN	761	NaN	943	0	-36	378	0	0	0	414	-42	3936	-60	3521	-40	3803	-58	500	6.135	-6.778
113.3	NaN	766	NaN	877	0	-30	374	0	0	0	411	-44	3399	-58	3044	-42	3345	-58	2624	5.391	-7.169
113.4	NaN	770	NaN	887	0	-16	357	0	0	0	402	-46	2907	-56	2735	-45	2854	-54	2683	4.736	-5.55
113.5	NaN	766	NaN	912	0	-2	361	0	0	0	404	-50	2412	-51	2439	-49	2314	-50	2389	4.082	-6.343
113.6	NaN	802	NaN	942	0	25	358	0	0	0	406	-58	1870	-43	2144	-55	1838	-45	2086	3.451	-6.247
113.7	NaN	911	NaN	1044	0	39	354	12	8	0	406	-31	1578	-20	1852	-31	1563	-21	1835	2.8	-2.554
113.8	NaN	902	NaN	928	0	52	361	13	8	0	406	-31	1348	-19	1650	-30	1294	-19	1603	2.51	-3.996
113.9	NaN	858	NaN	932	0	55	358	12	4	0	406	-38	1148	-22	1412	-38	1088	-22	1358	2.13	-3.659
114	NaN	955	NaN	1048	0	57	359	11	4	0	406	-41	916	-22	1131	-40	868	-22	1096	1.733	-4.309
114.1	NaN	943	NaN	1178	0	56	355	11	5	0	408	-38	697	-22	860	-38	668	-21	834	1.335	-3.995
114.2	NaN	902	NaN	1013	0	56	358	12	7	0	409	-34	488	-19	588	-34	468	-19	577	0.973	-3.493
114.3	NaN	1141	NaN	1095	0	53	363	13	9	0	407	-30	304	-17	363	-30	294	-17	352	0.623	-3.191
114.4	NaN	1115	NaN	1134	0	48	356	15	10	0	408	-0	223	-15	187	-0	191	-15	181	0.367	-0.816
114.5	NaN	1184	NaN	1265	0	48	361	15	10	0	408	0	137	0	162	0	132	0	160	0.324	-0.453
114.6	NaN	1303	NaN	1673	0	47	360	0	0	0	407	-0	104	0	135	0	100	0	135	0.284	-0.658
114.7	NaN	1260	NaN	1201	0	46	359	0	0	0	409	0	91	0	99	0	86	-0	99	0.228	-0.635
114.8	NaN	1274	NaN	1508	0	45	360	0	0	0	408	0	63	0	71	0	63	0	71	0.178	-0.283
114.9	NaN	1297	NaN	1519	0	44	356	0	0	0	406	0	39	0	47	0	38	0	45	0.147	-0.483
115	NaN	1576	NaN	1610	0	45	356	0	0	0	409	-0	16	0	17	-0	16	0	16	0.115	-0.539
115.1	NaN	1613	NaN	1582	0	46	360	0	0	0	408	0	0	0	-5	-0	0	0	-5	0.076	-0.28
115.2	NaN	1568	NaN	1668	0	46	359	0	0	0	407	0	-7	0	-9	-0	-7	0	-9	0.073	0.251
115.3	NaN	1570	NaN	1574	0	44	358	0	0	0	406	0	-7	0	-9	-0	-7	0	-9	0.073	0.126
115.4	NaN	1532	NaN	1620	0	44	359	0	0	0	408	0	-5	0	-6	-0	-5	-0	-6	0.093	0.148
115.5	NaN	1527	NaN	1551	0	46	354	0	0	0	408	-0	-2	0	-2	-0	-2	0	-2	0.096	0.032
115.6	NaN	1548	NaN	1771	0	44	353	0	0	0	408	0	0	0	0	0	-0	0	0	0.103	0.252
115.7	NaN	1523	NaN	1565	0	44	358	0	0	0	406	0	0	0	-0	0	-0	0	0	0.107	0.212
115.8	NaN	1537	NaN	1642	0	44	360	0	0	0	406	-0	0	-0	-1	0	-1	0	-1	0.112	-0.065
115.9	NaN	1543	NaN	1660	0	44	359	0	0	0	406	-0	1	-0	-0	-0	-0	-0	0	0.114	-0.163
116	NaN	1615	NaN	1631	0	43	355	0	0	0	407	-0	0	0	-0	0	-0	-0	0	0.11	-0.112
116.1	NaN	1621	NaN	1825	0	45	358	0	0	0	407	-0	1	0	0	0	0	-0	0	0.11	-0.112
116.2	NaN	1551	NaN	1562	0	46	363	0	0	0	408	-0	0	-0	-0	-0	0	0	-0	0.115	0.283
116.3	NaN	1694	NaN	1568	0	45	360	0	0	0	408	-0	0	0	0	0	-0	-0	-0	0.115	0.283
116.4	NaN	1635	NaN	1602	0	44	361	0	0	0	407	0	0	0	-0	0	-1	0	-0	0.115	0.283
116.5	NaN	1539	NaN	1548	0	45	359	0	0	0	408	0	1	0	-0	-0	0	0	-0	0.116	0.036
116.6	NaN	1555	NaN	1560	0	43	361	0	0	0	407	0	1	0	0	-0	-0	0	0	0.12	0.304
116.7	NaN	1579	NaN	1533	0	43	353	0	0	0	407	0	0	0	-0	0	-1	-0	-0	0.114	0.129
116.8	NaN	1547	NaN	1528	0	43	357	0	0	0	407	0	0	0	0	0	-0	-0	-0	0.123	0.123
116.9	NaN	1609	NaN	1433	0	44	353	0	0	0	408	0	1	0	-0	0	-0	0	0	0.123	0.123
117	NaN	1562	NaN	1693	0	45	357	0	0	0	410	0	-0	0	0	0	-0	0	-0	0.115	-0.061
117.1	NaN	1549	NaN	1627	0	44	355	0	0	0	408	-0	0	0	-0	0	-0	0	-0	0.121	0.013
117.2	NaN	1546	NaN	1638	0	45	360	0	0	0	409	0	0	0	-0	0	-0	0	-0	0.117	0.142
117.3	NaN	1543	NaN	1659	0	44	352	0	0	0	407	-0	0	0	0	0	-0	0	-0	0.122	0.035
117.4	NaN	1527	NaN	1710	0	46	360	0	0	0	407	0	-0	0	-0	0	-1	-0	-1	0.093	0.191
117.5	NaN	1538	NaN	1664	0	43	354	0	0	0	408	0	0	0	-0	0	-0	0	-0	0.094	0.059
117.6	NaN	1471	NaN	1650	0	46	360	0	0	0	406	0	0	0	0	0	-0	0	0	0.093	0.063
117.7	NaN	1478	NaN	1661	0	46	361	0	0	0	407	0	0	0	0	0	-0	0	-0	0.094	-0.059
117.8	NaN	1574	NaN	1655	0	46	362	0	0	0	408	0	0	0	-0	-0	-0	0	-0	0.094	-0.059
117.9	NaN	1579	NaN	1652	0	46	360	0	0	0	407	-0	0	0	0	0	-0	0	-0	0.1	0.29
118	NaN	1551	NaN	1600	0	43	355	0	0	0	408	-0	0	0	0	0	-0	-0	-0	0.1	0.29
118.1	NaN	1431	NaN	1620	0	43	357	0	0	0	408	0	0	0	0	0	-0	-0	-0	0.1	0.29
118.2	NaN	1514	NaN	1607	0	46	361	0	0	0	408	0	0	0	0	0	-1	0	-0	0.099	0.28
118.3	NaN	1590	NaN	1664	0	46	360	0	0	0	409	-0	0	0	0	-0	-0	0	-0	0.105	0.05
118.4	NaN	1502	NaN	1763	0	45	358	0	0	0	408	0	0	0	0	-0	-0	-0	0	0.106	-0.085
118.5	NaN	1451	NaN	1645	0	43	355	0	0	0	408	0	-0	-0	-0	0	-0	0	-1	0.103	-0.044
118.6	NaN	1500	NaN	1744	0	43	357	0	0	0	408	-0	-0	0	0	-0	-0	0	-0	0.109	0.213
118.7	NaN	1484	NaN	1798	0	44	361	0	0	0	407	0	0	0	0	0	-0	0	-0	0.107	0.023
118.8	NaN	1471	NaN	1823	0	46	361	0	0	0	407	0	-0	0	0	0	-1	0	-0	0.103	0.326
118.9	NaN	1506	NaN	1659	0	46	360	0	0	0	407	0	0	0	0	0	-0	-0	-0	0.107	0.176
119	NaN	1487	NaN	1630	0	43	354	0	0	0	408	-0	0	0	-0	0	-0	0	0	0.108	0.134
119.1	NaN	1592	NaN	1584	0	44	354	0	0	0	407	0	-0	0	-0	0	-0	0	0	0.101	-0.083
119.2	NaN	1510	NaN	1594	0	46	359	0	0	0	407	0	-0	-0	0	0	0	0	0	0.106	-0.148
119.3	NaN	1518	NaN	1579	0	44	353	0	0	0	407	-0	-0	0	0	0	0	0	-0	0.095	-0.215
119.4	NaN	1430	NaN	1563	0	45	357	0	0	0	408	0	-1	0	0	-0	-0	-0	0	0.099	0.275
119.5	NaN	1503	NaN	1633	0	45	355	0	0	0	408	0	-0	-0	0	0	0	-0	0	0.098	0.015
119.6	NaN	1500	NaN	1677	0	45	358	0	0	0	408	0	-1	0	0	0	0	0	-0	0.083	0.102
119.7	NaN	1429	NaN	1639	0	43	359	0	0	0	408	-0	-0	0	-0	0	0	-0	0	0.086	0.308
119.8	NaN	942	NaN	642	0	44	359	0	0	0	408	-0	-1	0	-0	0	0	-0	0	0.08	-0.223
119.9	NaN	959	NaN	640	0	45	360	0	0	0	409	0	0	-0	0	0	1	0	0	0.084	-0.131
120	NaN	945	NaN	638	0	46	363	0	0	0	408	-0	-0	-0	-0	0	0	0	0	0.079	-0.003
120.1	NaN	951	NaN	640	0	43	361	0	0	0	409	-0	0	0	-0	0	-0	0	-0	0.082	0.096
120.2	NaN	954	NaN	641	0	44	360	0	0	0	409	-0	0	0	0	0	-0	0	-0	0.081	0.211
120.3	NaN	955	NaN	641	0	43	359	0	0	0	408	-0	0	0	-0	0	-0	0	-0	0.084	0.27
120.4	NaN	951	NaN	639	0	45	359	0	0	0	409	0	1	0	-0	-0	-0	0	-0	0.081	0.235
120.5	NaN	942	NaN	639	0	43	361	0	0	0	409	-0	0	-0	0	0	-0	0	-0	0.084	0.306
120.6	NaN	947	NaN	638	0	44	358	0	0	0	409	-0	0	-0	-0	0	-0	0	-0	0.072	0.32
120.7	NaN	954	NaN	638	0	43	358	0	0	0	408	-0	0	0	-0	0	-0	0	-0	0.075	0.24
120.8	NaN	949	NaN	640	0	46	360	0	0	0	408	-0	-0	0	0	0	-0	0	-0	0.07	0.076
120.9	NaN	937	NaN	640	0	43	364	0	0	0	408	-0	-0	0	0	0	0	0	0	0.073	-0.048
121	NaN	940	NaN	638	0	43	360	0	0	0	408	-0	-1	0	0	-0	0	0	0	0.068	-0.134
121.1	NaN	942	NaN	638	0	43	365	0	0	0	409	0	-0	-0	-0	0	0	0	0	0.072	-0.122
121.2	NaN	943	NaN	638	0	45	359	0	0	0	409	0	-1	0	-0	0	0	0	0	0.069	-0.117
121.3	NaN	936	NaN	638	0	46	362	0	0	0	409	-0	-0	0	0	0	0	0	0	0.072	-0.124
121.4	NaN	947	NaN	638	0	44	361	0	0	0	408	-0	-0	-0	-0	0	0	0	0	0.062	-0.079
121.5	NaN	939	NaN	639	0	45	359	0	0	0	408	0	-0	0	-0	0	0	0	0	0.064	-0.161
121.6	NaN	952	NaN	639	0	45	364	0	0	0	409	-0	-0	-0	0	0	0	0	0	0.067	-0.142
121.7	NaN	950	NaN	638	0	45	357	0	0	0	408	0	-0	-0	-0	0	0	0	0	0.065	-0.074
121.8	NaN	936	NaN	636	0	45	363	0	0	0	409	-0	0	0	0	0	0	0	0	0.063	0.004
121.9	NaN	953	NaN	639	0	44	357	0	0	0	408	0	0	-0	-0	0	-0	0	-0	0.064	0.076
122	NaN	953	NaN	638	0	44	359	0	0	0	409	0	0	0	-0	0	-0	0	-0	0.061	0.101
122.1	NaN	941	NaN	637	0	44	362	0	0	0	406	-0	0	0	-0	0	-0	-0	-0	0.062	0.113
122.2	NaN	942	NaN	634	0	44	360	0	0	0	407	-0	0	0	-0	0	0	0	0	0.061	0.082
122.3	NaN	952	NaN	636	0	44	358	0	0	0	409	0	0	-0	-0	0	0	0	-0	0.063	0.118
122.4	NaN	944	NaN	636	0	43	359	0	0	0	409	-0	0	0	-0	0	-0	0	-0	0.058	0.061
122.5	NaN	943	NaN	635	0	43	360	0	0	0	408	0	0	-0	-0	0	-0	0	-0	0.061	0.138
122.6	NaN	947	NaN	635	0	43	359	0	0	0	409	0	0	-0	-0	0	-0	0	-0	0.057	0.156
122.7	NaN	942	NaN	635	0	45	361	0	0	0	408	-0	0	-0	-0	0	-0	0	-0	0.059	0.198
122.8	NaN	939	NaN	636	0	45	362	0	0	0	408	-0	0	0	-0	0	-0	0	-0	0.057	0.184
122.9	NaN	947	NaN	635	0	44	357	0	0	0	407	-0	0	0	0	0	-0	0	0	0.059	0.264
123	NaN	947	NaN	636	0	43	357	0	0	0	408	-0	1	-0	-0	-0	-0	0	0	0.054	0.271
123.1	NaN	933	NaN	637	0	46	364	0	0	0	408	0	0	-0	-0	0	-0	0	-0	0.055	0.218
123.2	NaN	945	NaN	637	0	45	360	0	0	0	408	-0	1	-0	-0	0	0	0	0	0.055	0.217
123.3	NaN	933	NaN	635	0	45	361	0	0	0	409	-0	1	-0	-0	0	-0	0	-0	0.056	0.198
123.4	NaN	934	NaN	633	0	43	357	0	0	0	407	-0	0	-0	-0	0	-0	0	-0	0.051	0.188
123.5	NaN	940	NaN	634	0	45	360	0	0	0	409	0	0	0	-0	0	-0	0	-0	0.052	0.17
123.6	NaN	944	NaN	634	0	44	358	0	0	0	408	0	0	0	-0	0	-0	0	0	0.054	0.171
123.7	NaN	929	NaN	634	0	45	363	0	0	0	408	-0	0	0	-0	0	0	0	0	0.047	0.204
123.8	NaN	971	NaN	640	0	45	316	0	0	0	237	-0	0	-0	-0	0	0	-0	-0	0.044	0.22
123.9	NaN	971	NaN	640	0	45	316	0	0	0	237	-0	0	-0	-0	0	0	-0	-0	0.044	0.013
124	NaN	971	NaN	640	0	45	316	0	0	0	237	-0	0	-0	-0	0	0	-0	-0	0.046	0.066
124.1	NaN	971	NaN	640	0	45	316	0	0	0	237	-0	0	-0	-0	0	0	-0	-0	0.039	0.074
124.2	NaN	971	NaN	640	0	45	316	0	0	0	237	-0	0	-0	-0	0	0	-0	-0	0.04	0.068
124.3	NaN	971	NaN	640	0	45	316	0	0	0	237	-0	0	-0	-0	0	0	-0	-0	0.037	0.091
124.4	NaN	971	NaN	640	0	45	316	0	0	0	237	-0	0	-0	-0	0	0	-0	-0	0.034	0.038
124.5	NaN	971	NaN	640	0	45	316	0	0	0	237	-0	0	-0	-0	0	0	-0	-0	0.036	0.049
124.6	NaN	971	NaN	640	0	45	316	0	0	0	237	-0	0	-0	-0	0	0	-0	-0	0.036	0.044
124.7	NaN	971	NaN	640	0	45	316	0	0	0	237	-0	0	-0	-0	0	0	-0	-0	0.026	0.073
124.8	NaN	971	NaN	640	0	45	316	0	0	0	237	-0	0	-0	-0	0	0	-0	-0	0.025	0.078
124.9	NaN	971	NaN	640	0	45	316	0	0	0	237	-0	0	-0	-0	0	0	-0	-0	0.025	0.066
125	NaN	971	NaN	640	0	45	316	0	0	0	237	-0	0	-0	-0	0	0	-0	-0	0.019	0.11
125.1	NaN	971	NaN	640	0	45	316	0	0	0	237	-0	0	-0	-0	0	0	-0	-0	0.02	0.069
125.2	NaN	971	NaN	640	0	45	316	0	0	0	237	-0	0	-0	-0	0	0	-0	-0	0.018	0.053
125.3	NaN	971	NaN	640	0	45	316	0	0	0	237	-0	0	-0	-0	0	0	-0	-0	0.018	0.122
125.4	NaN	971	NaN	640	0	45	316	0	0	0	237	-0	0	-0	-0	0	0	-0	-0	0.013	0.075
125.5	NaN	971	NaN	640	0	45	316	0	0	0	237	-0	0	-0	-0	0	0	-0	-0	0.013	0.039
125.6	NaN	971	NaN	640	0	45	316	0	0	0	237	-0	0	-0	-0	0	0	-0	-0	0.014	0.041
125.7	NaN	971	NaN	640	0	45	316	0	0	0	237	-0	0	-0	-0	0	0	-0	-0	0.011	0.101
125.8	NaN	971	NaN	640	0	45	316	0	0	0	237	-0	0	-0	-0	0	0	-0	-0	0.014	0.133
125.9	NaN	971	NaN	640	0	45	316	0	0	0	237	-0	0	-0	-0	0	0	-0	-0	0.013	0.025
126	NaN	971	NaN	640	0	45	316	0	0	0	237	-0	0	-0	-0	0	0	-0	-0	0.012	0.059
126.1	NaN	971	NaN	640	0	45	316	0	0	0	237	-0	0	-0	-0	0	0	-0	-0	0.012	0.078
126.2	NaN	971	NaN	640	0	45	316	0	0	0	237	-0	0	-0	-0	0	0	-0	-0	0.011	0.066
126.3	NaN	971	NaN	640	0	45	316	0	0	0	237	-0	0	-0	-0	0	0	-0	-0	0.011	0.092
126.4	NaN	971	NaN	640	0	45	316	0	0	0	237	-0	0	-0	-0	0	0	-0	-0	0.01	0.044
126.5	NaN	971	NaN	640	0	45	316	0	0	0	237	-0	0	-0	-0	0	0	-0	-0	0.01	0.051
126.6	NaN	971	NaN	640	0	45	316	0	0	0	237	-0	0	-0	-0	0	0	-0	-0	0.01	0.07
126.7	NaN	971	NaN	640	0	45	316	0	0	0	237	-0	0	-0	-0	0	0	-0	-0	0.007	0.078
126.8	NaN	971	NaN	640	0	45	316	0	0	0	237	-0	0	-0	-0	0	0	-0	-0	0.008	0.098
126.9	NaN	971	NaN	640	0	45	316	0	0	0	237	-0	0	-0	-0	0	0	-0	-0	0.008	0.055
127	NaN	971	NaN	640	0	45	316	0	0	0	237	-0	0	-0	-0	0	0	-0	-0	0.009	0.059
127.1	NaN	971	NaN	640	0	45	316	0	0	0	237	-0	0	-0	-0	0	0	-0	-0	0.008	0.09
127.2	NaN	971	NaN	640	0	45	316	0	0	0	237	-0	0	-0	-0	0	0	-0	-0	0.008	0.078
127.3	NaN	971	NaN	640	0	45	316	0	0	0	237	-0	0	-0	-0	0	0	-0	-0	0.008	0.079
127.4	NaN	971	NaN	640	0	45	316	0	0	0	237	-0	0	-0	-0	0	0	-0	-0	0.007	0.113
127.5	NaN	971	NaN	640	0	45	316	0	0	0	237	-0	0	-0	-0	0	0	-0	-0	0.006	0.023
127.6	NaN	971	NaN	640	0	45	316	0	0	0	237	-0	0	-0	-0	0	0	-0	-0	0.006	0.094
127.7	NaN	971	NaN	640	0	45	316	0	0	0	237	-0	0	-0	-0	0	0	-0	-0	0.004	0.09
127.8	NaN	971	NaN	640	0	45	316	0	0	0	237	-0	0	-0	-0	0	0	-0	-0	0.003	0.068
127.9	NaN	971	NaN	640	0	45	316	0	0	0	237	-0	0	-0	-0	0	0	-0	-0	0.003	0.038
128	NaN	971	NaN	640	0	45	316	0	0	0	237	-0	0	-0	-0	0	0	-0	-0	-0.002	0.106
128.1	NaN	971	NaN	640	0	45	316	0	0	0	237	-0	0	-0	-0	0	0	-0	-0	-0.002	0.058
128.2	NaN	971	NaN	640	0	45	316	0	0	0	237	-0	0	-0	-0	0	0	-0	-0	0.001	0.065
128.3	NaN	971	NaN	640	0	45	316	0	0	0	237	-0	0	-0	-0	0	0	-0	-0	0.001	0.079
128.4	NaN	971	NaN	640	0	45	316	0	0	0	237	-0	0	-0	-0	0	0	-0	-0	-0.001	0.077
128.5	NaN	971	NaN	640	0	45	316	0	0	0	237	-0	0	-0	-0	0	0	-0	-0	-0.001	0.054
128.6	NaN	971	NaN	640	0	45	316	0	0	0	237	-0	0	-0	-0	0	0	-0	-0	-0.003	0.088
128.7	NaN	971	NaN	640	0	45	316	0	0	0	237	-0	0	-0	-0	0	0	-0	-0	-0.003	0.041
128.8	NaN	971	NaN	640	0	45	316	0	0	0	237	-0	0	-0	-0	0	0	-0	-0	-0.001	0.086
128.9	NaN	971	NaN	640	0	45	316	0	0	0	237	-0	0	-0	-0	0	0	-0	-0	-0.002	0.066
129	NaN	971	NaN	640	0	45	316	0	0	0	237	-0	0	-0	-0	0	0	-0	-0	-0.002	0.062
129.1	NaN	971	NaN	640	0	45	316	0	0	0	237	-0	0	-0	-0	0	0	-0	-0	-0.003	0.056
129.2	NaN	971	NaN	640	0	45	316	0	0	0	237	-0	0	-0	-0	0	0	-0	-0	-0.004	0.046
129.3	NaN	971	NaN	640	0	45	316	0	0	0	237	-0	0	-0	-0	0	0	-0	-0	-0.005	0.07
129.4	NaN	971	NaN	640	0	45	316	0	0	0	237	-0	0	-0	-0	0	0	-0	-0	-0.002	0.082
129.5	NaN	971	NaN	640	0	45	316	0	0	0	237	-0	0	-0	-0	0	0	-0	-0	-0.004	0.048
129.6	NaN	971	NaN	640	0	45	316	0	0	0	237	-0	0	-0	-0	0	0	-0	-0	-0.003	0.013
129.7	NaN	971	NaN	640	0	45	316	0	0	0	237	-0	0	-0	-0	0	0	-0	-0	-0.004	0.09
129.8	NaN	971	NaN	640	0	45	316	0	0	0	237	-0	0	-0	-0	0	0	-0	-0	-0.005	0.088
129.9	NaN	971	NaN	640	0	45	316	0	0	0	237	-0	0	-0	-0	0	0	-0	-0	-0	0.097
130	NaN	971	NaN	640	0	45	316	0	0	0	237	-0	0	-0	-0	0	0	-0	-0	-0.006	0.039
130.1	NaN	971	NaN	640	0	45	316	0	0	0	237	-0	0	-0	-0	0	0	-0	-0	-0.006	0.079
130.2	NaN	971	NaN	640	0	45	316	0	0	0	237	-0	0	-0	-0	0	0	-0	-0	-0.007	0.083
130.3	NaN	971	NaN	640	0	45	316	0	0	0	237	-0	0	-0	-0	0	0	-0	-0	-0.007	0.089
130.4	NaN	971	NaN	640	0	45	316	0	0	0	237	-0	0	-0	-0	0	0	-0	-0	-0.006	0.072
130.5	NaN	971	NaN	640	0	45	316	0	0	0	237	-0	0	-0	-0	0	0	-0	-0	-0.006	0.077
130.6	NaN	971	NaN	640	0	45	316	0	0	0	237	-0	0	-0	-0	0	0	-0	-0	-0.009	0.073
130.7	NaN	971	NaN	640	0	45	316	0	0	0	237	-0	0	-0	-0	0	0	-0	-0	-0.008	0.06
130.8	NaN	971	NaN	640	0	45	316	0	0	0	237	-0	0	-0	-0	0	0	-0	-0	-0.007	0.103
130.9	NaN	971	NaN	640	0	45	316	0	0	0	237	-0	0	-0	-0	0	0	-0	-0	-0.009	0.088
131	NaN	971	NaN	640	0	45	316	0	0	0	237	-0	0	-0	-0	0	0	-0	-0	-0.006	0.106
131.1	NaN	971	NaN	640	0	45	316	0	0	0	237	-0	0	-0	-0	0	0	-0	-0	-0.006	0.026
131.2	NaN	971	NaN	640	0	45	316	0	0	0	237	-0	0	-0	-0	0	0	-0	-0	-0.003	0.057
131.3	NaN	971	NaN	640	0	45	316	0	0	0	237	-0	0	-0	-0	0	0	-0	-0	-0.004	0.05
131.4	NaN	971	NaN	640	0	45	316	0	0	0	237	-0	0	-0	-0	0	0	-0	-0	-0.005	0.118
131.5	NaN	971	NaN	640	0	45	316	0	0	0	237	-0	0	-0	-0	0	0	-0	-0	-0.007	0.016
131.6	NaN	971	NaN	640	0	45	316	0	0	0	237	-0	0	-0	-0	0	0	-0	-0	-0.006	0.007
131.7	NaN	971	NaN	640	0	45	316	0	0	0	237	-0	0	-0	-0	0	0	-0	-0	-0.005	0.112
131.8	NaN	971	NaN	640	0	45	316	0	0	0	237	-0	0	-0	-0	0	0	-0	-0	-0.005	0.045
131.9	NaN	971	NaN	640	0	45	316	0	0	0	237	-0	0	-0	-0	0	0	-0	-0	-0.003	0.003
132	NaN	971	NaN	640	0	45	316	0	0	0	237	-0	0	-0	-0	0	0	-0	-0	-0.002	0.131
132.1	NaN	971	NaN	640	0	45	316	0	0	0	237	-0	0	-0	-0	0	0	-0	-0	-0.003	0.041
132.2	NaN	971	NaN	640	0	45	316	0	0	0	237	-0	0	-0	-0	0	0	-0	-0	-0.001	-0.05
132.3	NaN	971	NaN	640	0	45	316	0	0	0	237	-0	0	-0	-0	0	0	-0	-0	0.001	0.091
132.4	NaN	971	NaN	640	0	45	316	0	0	0	237	-0	0	-0	-0	0	0	-0	-0	-0.001	0.092
132.5	NaN	971	NaN	640	0	45	316	0	0	0	237	-0	0	-0	-0	0	0	-0	-0	-0.002	0.136
132.6	NaN	971	NaN	640	0	45	316	0	0	0	237	-0	0	-0	-0	0	0	-0	-0	-0.002	0.061
132.7	NaN	971	NaN	640	0	45	316	0	0	0	237	-0	0	-0	-0	0	0	-0	-0	-0.006	0.081
132.8	NaN	971	NaN	640	0	45	316	0	0	0	237	-0	0	-0	-0	0	0	-0	-0	-0.007	0.086
132.9	NaN	971	NaN	640	0	45	316	0	0	0	237	-0	0	-0	-0	0	0	-0	-0	-0.006	0.062
133	NaN	971	NaN	640	0	45	316	0	0	0	237	-0	0	-0	-0	0	0	-0	-0	-0.006	0.107
133.1	NaN	971	NaN	640	0	45	316	0	0	0	237	-0	0	-0	-0	0	0	-0	-0	-0.007	0.073
133.2	NaN	971	NaN	640	0	45	316	0	0	0	237	-0	0	-0	-0	0	0	-0	-0	-0.008	0.02
133.3	NaN	971	NaN	640	0	45	316	0	0	0	237	-0	0	-0	-0	0	0	-0	-0	-0.008	0.113
133.4	NaN	971	NaN	640	0	45	316	0	0	0	237	-0	0	-0	-0	0	0	-0	-0	-0.01	0.078
133.5	NaN	971	NaN	640	0	45	316	0	0	0	237	-0	0	-0	-0	0	0	-0	-0	-0.01	0.002
133.6	NaN	971	NaN	640	0	45	316	0	0	0	237	-0	0	-0	-0	0	0	-0	-0	-0.01	0.084
133.7	NaN	971	NaN	640	0	45	316	0	0	0	237	-0	0	-0	-0	0	0	-0	-0	-0.01	0.072
133.8	NaN	971	NaN	640	0	45	316	0	0	0	237	-0	0	-0	-0	0	0	-0	-0	-0.008	0.086
133.9	NaN	971	NaN	640	0	45	316	0	0	0	237	-0	0	-0	-0	0	0	-0	-0	-0.008	0.079
134	NaN	971	NaN	640	0	45	316	0	0	0	237	-0	0	-0	-0	0	0	-0	-0	-0.009	0.079
134.1	NaN	971	NaN	640	0	45	316	0	0	0	237	-0	0	-0	-0	0	0	-0	-0	-0.01	0.05
134.2	NaN	971	NaN	640	0	45	316	0	0	0	237	-0	0	-0	-0	0	0	-0	-0	-0.009	0.073
134.3	NaN	971	NaN	640	0	45	316	0	0	0	237	-0	0	-0	-0	0	0	-0	-0	-0.01	0.071
134.4	NaN	971	NaN	640	0	45	316	0	0	0	237	-0	0	-0	-0	0	0	-0	-0	-0.008	0.076
134.5	NaN	971	NaN	640	0	45	316	0	0	0	237	-0	0	-0	-0	0	0	-0	-0	-0.008	0.051
134.6	NaN	971	NaN	640	0	45	316	0	0	0	237	-0	0	-0	-0	0	0	-0	-0	-0.007	0.083
134.7	NaN	971	NaN	640	0	45	316	0	0	0	237	-0	0	-0	-0	0	0	-0	-0	-0.008	0.084
134.8	NaN	971	NaN	640	0	45	316	0	0	0	237	-0	0	-0	-0	0	0	-0	-0	-0.006	0.09
134.9	NaN	971	NaN	640	0	45	316	0	0	0	237	-0	0	-0	-0	0	0	-0	-0	-0.007	0.056
135	NaN	971	NaN	640	0	45	316	0	0	0	237	-0	0	-0	-0	0	0	-0	-0	-0.008	0.071
135.1	NaN	971	NaN	640	0	45	316	0	0	0	237	-0	0	-0	-0	0	0	-0	-0	-0.01	0.096
135.2	NaN	971	NaN	640	0	45	316	0	0	0	237	-0	0	-0	-0	0	0	-0	-0	-0.009	0.083
135.3	NaN	971	NaN	640	0	45	316	0	0	0	237	-0	0	-0	-0	0	0	-0	-0	-0.01	0.11
135.4	NaN	971	NaN	640	0	45	316	0	0	0	237	-0	0	-0	-0	0	0	-0	-0	-0.009	0.075
135.5	NaN	971	NaN	640	0	45	316	0	0	0	237	-0	0	-0	-0	0	0	-0	-0	-0.009	0.065
135.6	NaN	971	NaN	640	0	45	316	0	0	0	237	-0	0	-0	-0	0	0	-0	-0	-0.009	0.074
135.7	NaN	971	NaN	640	0	45	316	0	0	0	237	-0	0	-0	-0	0	0	-0	-0	-0.011	0.088
135.8	NaN	971	NaN	640	0	45	316	0	0	0	237	-0	0	-0	-0	0	0	-0	-0	-0.011	0.062
135.9	NaN	971	NaN	640	0	45	316	0	0	0	237	-0	0	-0	-0	0	0	-0	-0	-0.012	0.083
136	NaN	971	NaN	640	0	45	316	0	0	0	237	-0	0	-0	-0	0	0	-0	-0	-0.011	0.087
136.1	NaN	971	NaN	640	0	45	316	0	0	0	237	-0	0	-0	-0	0	0	-0	-0	-0.011	0.076
136.2	NaN	971	NaN	640	0	45	316	0	0	0	237	-0	0	-0	-0	0	0	-0	-0	-0.012	0.065
136.3	NaN	971	NaN	640	0	45	316	0	0	0	237	-0	0	-0	-0	0	0	-0	-0	-0.013	0.099
136.4	NaN	971	NaN	640	0	45	316	0	0	0	237	-0	0	-0	-0	0	0	-0	-0	-0.014	0.075
136.5	NaN	971	NaN	640	0	45	316	0	0	0	237	-0	0	-0	-0	0	0	-0	-0	-0.015	0.086
136.6	NaN	971	NaN	640	0	45	316	0	0	0	237	-0	0	-0	-0	0	0	-0	-0	-0.015	0.06
136.7	NaN	971	NaN	640	0	45	316	0	0	0	237	-0	0	-0	-0	0	0	-0	-0	-0.015	0.1
136.8	NaN	971	NaN	640	0	45	316	0	0	0	237	-0	0	-0	-0	0	0	-0	-0	-0.015	0.063
136.9	NaN	971	NaN	640	0	45	316	0	0	0	237	-0	0	-0	-0	0	0	-0	-0	-0.015	0.084
137	NaN	971	NaN	640	0	45	316	0	0	0	237	-0	0	-0	-0	0	0	-0	-0	-0.012	0.079
137.1	NaN	971	NaN	640	0	45	316	0	0	0	237	-0	0	-0	-0	0	0	-0	-0	-0.014	0.14
137.2	NaN	971	NaN	640	0	45	316	0	0	0	237	-0	0	-0	-0	0	0	-0	-0	-0.012	0.084
137.3	NaN	971	NaN	640	0	45	316	0	0	0	237	-0	0	-0	-0	0	0	-0	-0	-0.012	0.029
137.4	NaN	971	NaN	640	0	45	316	0	0	0	237	-0	0	-0	-0	0	0	-0	-0	-0.012	0.048
137.5	NaN	971	NaN	640	0	45	316	0	0	0	237	-0	0	-0	-0	0	0	-0	-0	-0.013	0.089
137.6	NaN	971	NaN	640	0	45	316	0	0	0	237	-0	0	-0	-0	0	0	-0	-0	-0.014	0.104
137.7	NaN	971	NaN	640	0	45	316	0	0	0	237	-0	0	-0	-0	0	0	-0	-0	-0.015	0.063
137.8	NaN	971	NaN	640	0	45	316	0	0	0	237	-0	0	-0	-0	0	0	-0	-0	-0.013	0.07
137.9	NaN	971	NaN	640	0	45	316	0	0	0	237	-0	0	-0	-0	0	0	-0	-0	-0.014	0.06
138	NaN	971	NaN	640	0	45	316	0	0	0	237	-0	0	-0	-0	0	0	-0	-0	-0.013	0.117
138.1	NaN	971	NaN	640	0	45	316	0	0	0	237	-0	0	-0	-0	0	0	-0	-0	-0.015	0.074
138.2	NaN	971	NaN	640	0	45	316	0	0	0	237	-0	0	-0	-0	0	0	-0	-0	-0.016	0.068
138.3	NaN	971	NaN	640	0	45	316	0	0	0	237	-0	0	-0	-0	0	0	-0	-0	-0.016	0.096
138.4	NaN	971	NaN	640	0	45	316	0	0	0	237	-0	0	-0	-0	0	0	-0	-0	-0.016	0.077
138.5	NaN	971	NaN	640	0	45	316	0	0	0	237	-0	0	-0	-0	0	0	-0	-0	-0.015	0.096
138.6	NaN	971	NaN	640	0	45	316	0	0	0	237	-0	0	-0	-0	0	0	-0	-0	-0.016	0.076
138.7	NaN	971	NaN	640	0	45	316	0	0	0	237	-0	0	-0	-0	0	0	-0	-0	-0.015	0.041
138.8	NaN	971	NaN	640	0	45	316	0	0	0	237	-0	0	-0	-0	0	0	-0	-0	-0.015	0.127
138.9	NaN	971	NaN	640	0	45	316	0	0	0	237	-0	0	-0	-0	0	0	-0	-0	-0.016	0.076
139	NaN	971	NaN	640	0	45	316	0	0	0	237	-0	0	-0	-0	0	0	-0	-0	-0.015	0.122
139.1	NaN	971	NaN	640	0	45	316	0	0	0	237	-0	0	-0	-0	0	0	-0	-0	-0.015	0.061
139.2	NaN	971	NaN	640	0	45	316	0	0	0	237	-0	0	-0	-0	0	0	-0	-0	-0.015	0.114
139.3	NaN	971	NaN	640	0	45	316	0	0	0	237	-0	0	-0	-0	0	0	-0	-0	-0.016	0.113
139.4	NaN	971	NaN	640	0	45	316	0	0	0	237	-0	0	-0	-0	0	0	-0	-0	-0.013	0.072
139.5	NaN	971	NaN	640	0	45	316	0	0	0	237	-0	0	-0	-0	0	0	-0	-0	-0.013	0.07
139.6	NaN	971	NaN	640	0	45	316	0	0	0	237	-0	0	-0	-0	0	0	-0	-0	-0.008	0.062
139.7	NaN	971	NaN	640	0	45	316	0	0	0	237	-0	0	-0	-0	0	0	-0	-0	-0.009	0.072
139.8	NaN	971	NaN	640	0	45	316	0	0	0	237	-0	0	-0	-0	0	0	-0	-0	-0.009	0.092
139.9	NaN	971	NaN	640	0	45	316	0	0	0	237	-0	0	-0	-0	0	0	-0	-0	-0.01	0.066
140	NaN	971	NaN	640	0	45	316	0	0	0	237	-0	0	-0	-0	0	0	-0	-0	-0.006	0.095
140.1	NaN	971	NaN	640	0	45	316	0	0	0	237	-0	0	-0	-0	0	0	-0	-0	-0.007	0.073
140.2	NaN	971	NaN	640	0	45	316	0	0	0	237	-0	0	-0	-0	0	0	-0	-0	-0.009	0.078
140.3	NaN	971	NaN	640	0	45	316	0	0	0	237	-0	0	-0	-0	0	0	-0	-0	-0.008	0.044
140.4	NaN	971	NaN	640	0	45	316	0	0	0	237	-0	0	-0	-0	0	0	-0	-0	-0.008	0.092
140.5	NaN	971	NaN	640	0	45	316	0	0	0	237	-0	0	-0	-0	0	0	-0	-0	-0.008	0.071
140.6	NaN	971	NaN	640	0	45	316	0	0	0	237	-0	0	-0	-0	0	0	-0	-0	-0.006	0.087
140.7	NaN	971	NaN	640	0	45	316	0	0	0	237	-0	0	-0	-0	0	0	-0	-0	-0.005	0.062
140.8	NaN	971	NaN	640	0	45	316	0	0	0	237	-0	0	-0	-0	0	0	-0	-0	-0.003	0.094
140.9	NaN	971	NaN	640	0	45	316	0	0	0	237	-0	0	-0	-0	0	0	-0	-0	-0.004	0.067
141	NaN	971	NaN	640	0	45	316	0	0	0	237	-0	0	-0	-0	0	0	-0	-0	-0.006	0.068
141.1	NaN	971	NaN	640	0	45	316	0	0	0	237	-0	0	-0	-0	0	0	-0	-0	-0.005	0.081
141.2	NaN	971	NaN	640	0	45	316	0	0	0	237	-0	0	-0	-0	0	0	-0	-0	-0.006	0.077
141.3	NaN	971	NaN	640	0	45	316	0	0	0	237	-0	0	-0	-0	0	0	-0	-0	-0.006	0.081
141.4	NaN	971	NaN	640	0	45	316	0	0	0	237	-0	0	-0	-0	0	0	-0	-0	-0.007	0.066
141.5	NaN	971	NaN	640	0	45	316	0	0	0	237	-0	0	-0	-0	0	0	-0	-0	-0.007	0.087
141.6	NaN	971	NaN	640	0	45	316	0	0	0	237	-0	0	-0	-0	0	0	-0	-0	-0.009	0.077
141.7	NaN	971	NaN	640	0	45	316	0	0	0	237	-0	0	-0	-0	0	0	-0	-0	-0.009	0.074
141.8	NaN	971	NaN	640	0	45	316	0	0	0	237	-0	0	-0	-0	0	0	-0	-0	-0.009	0.074
141.9	NaN	971	NaN	640	0	45	316	0	0	0	237	-0	0	-0	-0	0	0	-0	-0	-0.01	0.078
142	NaN	971	NaN	640	0	45	316	0	0	0	237	-0	0	-0	-0	0	0	-0	-0	-0.01	0.098
142.1	NaN	971	NaN	640	0	45	316	0	0	0	237	-0	0	-0	-0	0	0	-0	-0	-0.01	0.068
142.2	NaN	971	NaN	640	0	45	316	0	0	0	237	-0	0	-0	-0	0	0	-0	-0	-0.01	0.069
142.3	NaN	971	NaN	640	0	45	316	0	0	0	237	-0	0	-0	-0	0	0	-0	-0	-0.01	0.071
142.4	NaN	971	NaN	640	0	45	316	0	0	0	237	-0	0	-0	-0	0	0	-0	-0	-0.011	0.091
142.5	NaN	971	NaN	640	0	45	316	0	0	0	237	-0	0	-0	-0	0	0	-0	-0	-0.012	0.092
142.6	NaN	971	NaN	640	0	45	316	0	0	0	237	-0	0	-0	-0	0	0	-0	-0	-0.011	0.065
142.7	NaN	971	NaN	640	0	45	316	0	0	0	237	-0	0	-0	-0	0	0	-0	-0	-0.011	0.065
142.8	NaN	971	NaN	640	0	45	316	0	0	0	237	-0	0	-0	-0	0	0	-0	-0	-0.008	0.123
142.9	NaN	971	NaN	640	0	45	316	0	0	0	237	-0	0	-0	-0	0	0	-0	-0	-0.008	0.106
143	NaN	971	NaN	640	0	45	316	0	0	0	237	-0	0	-0	-0	0	0	-0	-0	-0.009	0.074
143.1	NaN	971	NaN	640	0	45	316	0	0	0	237	-0	0	-0	-0	0	0	-0	-0	-0.009	0.081
143.2	NaN	971	NaN	640	0	45	316	0	0	0	237	-0	0	-0	-0	0	0	-0	-0	-0.008	0.074
143.3	NaN	971	NaN	640	0	45	316	0	0	0	237	-0	0	-0	-0	0	0	-0	-0	-0.006	0.155
143.4	NaN	971	NaN	640	0	45	316	0	0	0	237	-0	0	-0	-0	0	0	-0	-0	-0.017	0.021
143.5	NaN	971	NaN	640	0	45	316	0	0	0	237	-0	0	-0	-0	0	0	-0	-0	-0.008	0.102
143.6	NaN	971	NaN	640	0	45	316	0	0	0	237	-0	0	-0	-0	0	0	-0	-0	-0.013	0.119
143.7	NaN	971	NaN	640	0	45	316	0	0	0	237	-0	0	-0	-0	0	0	-0	-0	-0.01	0.052
143.8	NaN	971	NaN	640	0	45	316	0	0	0	237	-0	0	-0	-0	0	0	-0	-0	-0.011	0.059
143.9	NaN	971	NaN	640	0	45	316	0	0	0	237	-0	0	-0	-0	0	0	-0	-0	-0.011	0.076
144	NaN	971	NaN	640	0	45	316	0	0	0	237	-0	0	-0	-0	0	0	-0	-0	-0.007	0.088
144.1	NaN	971	NaN	640	0	45	316	0	0	0	237	-0	0	-0	-0	0	0	-0	-0	-0.008	0.086
144.2	NaN	971	NaN	640	0	45	316	0	0	0	237	-0	0	-0	-0	0	0	-0	-0	-0.008	0.056
144.3	NaN	971	NaN	640	0	45	316	0	0	0	237	-0	0	-0	-0	0	0	-0	-0	-0.009	0.064
144.4	NaN	971	NaN	640	0	45	316	0	0	0	237	-0	0	-0	-0	0	0	-0	-0	-0.01	0.082
144.5	NaN	971	NaN	640	0	45	316	0	0	0	237	-0	0	-0	-0	0	0	-0	-0	-0.01	0.076
144.6	NaN	971	NaN	640	0	45	316	0	0	0	237	-0	0	-0	-0	0	0	-0	-0	-0.007	0.081
144.7	NaN	971	NaN	640	0	45	316	0	0	0	237	-0	0	-0	-0	0	0	-0	-0	-0.008	0.078
144.8	NaN	971	NaN	640	0	45	316	0	0	0	237	-0	0	-0	-0	0	0	-0	-0	-0.007	0.04
144.9	NaN	971	NaN	640	0	45	316	0	0	0	237	-0	0	-0	-0	0	0	-0	-0	-0.007	0.094
145	NaN	971	NaN	640	0	45	316	0	0	0	237	-0	0	-0	-0	0	0	-0	-0	-0.01	0.117
145.1	NaN	971	NaN	640	0	45	316	0	0	0	237	-0	0	-0	-0	0	0	-0	-0	-0.011	0.065
145.2	NaN	971	NaN	640	0	45	316	0	0	0	237	-0	0	-0	-0	0	0	-0	-0	-0.01	0.069
145.3	NaN	971	NaN	640	0	45	316	0	0	0	237	-0	0	-0	-0	0	0	-0	-0	-0.01	0.075
145.4	NaN	971	NaN	640	0	45	316	0	0	0	237	-0	0	-0	-0	0	0	-0	-0	-0.01	0.098
145.5	NaN	971	NaN	640	0	45	316	0	0	0	237	-0	0	-0	-0	0	0	-0	-0	-0.01	0.073
145.6	NaN	971	NaN	640	0	45	316	0	0	0	237	-0	0	-0	-0	0	0	-0	-0	-0.01	0.082
145.7	NaN	971	NaN	640	0	45	316	0	0	0	237	-0	0	-0	-0	0	0	-0	-0	-0.011	0.079
145.8	NaN	971	NaN	640	0	45	316	0	0	0	237	-0	0	-0	-0	0	0	-0	-0	-0.008	0.06
145.9	NaN	971	NaN	640	0	45	316	0	0	0	237	-0	0	-0	-0	0	0	-0	-0	-0.008	0.063
146	NaN	971	NaN	640	0	45	316	0	0	0	237	-0	0	-0	-0	0	0	-0	-0	-0.008	0.077
146.1	NaN	971	NaN	640	0	45	316	0	0	0	237	-0	0	-0	-0	0	0	-0	-0	-0.01	0.057
146.2	NaN	971	NaN	640	0	45	316	0	0	0	237	-0	0	-0	-0	0	0	-0	-0	-0.013	0.063
146.3	NaN	971	NaN	640	0	45	316	0	0	0	237	-0	0	-0	-0	0	0	-0	-0	-0.013	0.059
146.4	NaN	971	NaN	640	0	45	316	0	0	0	237	-0	0	-0	-0	0	0	-0	-0	-0.014	0.074
146.5	NaN	971	NaN	640	0	45	316	0	0	0	237	-0	0	-0	-0	0	0	-0	-0	-0.014	0.068
146.6	NaN	971	NaN	640	0	45	316	0	0	0	237	-0	0	-0	-0	0	0	-0	-0	-0.015	0.078
146.7	NaN	971	NaN	640	0	45	316	0	0	0	237	-0	0	-0	-0	0	0	-0	-0	-0.014	0.082
146.8	NaN	971	NaN	640	0	45	316	0	0	0	237	-0	0	-0	-0	0	0	-0	-0	-0.013	0.071
146.9	NaN	971	NaN	640	0	45	316	0	0	0	237	-0	0	-0	-0	0	0	-0	-0	-0.014	0.067
147	NaN	971	NaN	640	0	0	316	0	0	0	0	-0	0	-0	-0	0	0	-0	-0	-0.01	0.049
147.1	NaN	759	NaN	301	0	0	359	0	0	0	0	-0	0	-0	-0	0	0	-0	-0	-0.01	0.075
147.2	NaN	759	NaN	301	0	0	359	0	0	0	0	-0	0	-0	-0	0	0	-0	-0	-0.012	0.076
147.3	NaN	759	NaN	301	0	0	359	0	0	0	0	-0	0	-0	-0	0	0	-0	-0	-0.013	0.072
147.4	NaN	759	NaN	301	0	0	359	0	0	0	0	-0	0	-0	-0	0	0	-0	-0	-0.011	0.053
147.5	NaN	759	NaN	301	0	0	359	0	0	0	0	-0	0	-0	-0	0	0	-0	-0	-0.012	0.085
147.6	NaN	759	NaN	301	0	0	359	0	0	0	0	-0	0	-0	-0	0	0	-0	-0	-0.011	0.068
147.7	NaN	759	NaN	301	0	0	359	0	0	0	0	-0	0	-0	-0	0	0	-0	-0	-0.009	0.113
147.8	NaN	759	NaN	301	0	0	359	0	0	0	0	-0	0	-0	-0	0	0	-0	-0	-0.008	-0.012
147.9	NaN	759	NaN	301	0	0	359	0	0	0	0	-0	0	-0	-0	0	0	-0	-0	-0.009	0.122
148	NaN	759	NaN	301	0	0	359	0	0	0	0	-0	0	-0	-0	0	0	-0	-0	-0.008	0.062
148.1	NaN	759	NaN	301	0	0	359	0	0	0	0	-0	0	-0	-0	0	0	-0	-0	-0.009	0.103
148.2	NaN	759	NaN	301	0	0	359	0	0	0	0	-0	0	-0	-0	0	0	-0	-0	-0.006	0.072
148.3	NaN	759	NaN	301	0	0	359	0	0	0	0	-0	0	-0	-0	0	0	-0	-0	-0.006	0.099
148.4	NaN	759	NaN	301	0	0	359	0	0	0	0	-0	0	-0	-0	0	0	-0	-0	-0.004	0.064
148.5	NaN	759	NaN	301	0	0	359	0	0	0	0	-0	0	-0	-0	0	0	-0	-0	-0.004	0.053
148.6	NaN	759	NaN	301	0	0	359	0	0	0	0	-0	0	-0	-0	0	0	-0	-0	-0.002	0.067
148.7	NaN	759	NaN	301	0	0	359	0	0	0	0	-0	0	-0	-0	0	0	-0	-0	-0.002	0.115
148.8	NaN	759	NaN	301	0	0	359	0	0	0	0	-0	0	-0	-0	0	0	-0	-0	-0.005	0.083
148.9	NaN	759	NaN	301	0	0	359	0	0	0	0	-0	0	-0	-0	0	0	-0	-0	-0.005	0.049
149	NaN	759	NaN	301	0	0	359	0	0	0	0	-0	0	-0	-0	0	0	-0	-0	-0.003	0.059
149.1	NaN	759	NaN	301	0	0	359	0	0	0	0	-0	0	-0	-0	0	0	-0	-0	-0.004	0.097
149.2	NaN	759	NaN	301	0	0	359	0	0	0	0	-0	0	-0	-0	0	0	-0	-0	-0.002	0.037
149.3	NaN	759	NaN	301	0	0	359	0	0	0	0	-0	0	-0	-0	0	0	-0	-0	-0.002	0.072
149.4	NaN	759	NaN	301	0	0	359	0	0	0	0	-0	0	-0	-0	0	0	-0	-0	-0.003	0.084
149.5	NaN	759	NaN	301	0	0	359	0	0	0	0	-0	0	-0	-0	0	0	-0	-0	-0.004	0.099
149.6	NaN	759	NaN	301	0	0	359	0	0	0	0	-0	0	-0	-0	0	0	-0	-0	-0.004	0.067
149.7	NaN	759	NaN	301	0	0	359	0	0	0	0	-0	0	-0	-0	0	0	-0	-0	-0.003	0.057
149.8	NaN	759	NaN	301	0	0	359	0	0	0	0	-0	0	-0	-0	0	0	-0	-0	-0.006	0.101
149.9	NaN	759	NaN	301	0	0	359	0	0	0	0	-0	0	-0	-0	0	0	-0	-0	-0.006	0.066
150	NaN	759	NaN	301	0	0	359	0	0	0	0	-0	0	-0	-0	0	0	-0	-0	-0.006	0.091
150.1	NaN	759	NaN	301	0	0	359	0	0	0	0	-0	0	-0	-0	0	0	-0	-0	-0.006	0.072
150.2	NaN	759	NaN	301	0	0	359	0	0	0	0	-0	0	-0	-0	0	0	-0	-0	-0.003	0.087
150.3	NaN	759	NaN	301	0	0	359	0	0	0	0	-0	0	-0	-0	0	0	-0	-0	-0.004	0.096
150.4	NaN	759	NaN	301	0	0	359	0	0	0	0	-0	0	-0	-0	0	0	-0	-0	-0.005	0.051
150.5	NaN	759	NaN	301	0	0	359	0	0	0	0	-0	0	-0	-0	0	0	-0	-0	-0.007	0.066
150.6	NaN	759	NaN	301	0	0	359	0	0	0	0	-0	0	-0	-0	0	0	-0	-0	-0.006	0.106
150.7	NaN	759	NaN	301	0	0	359	0	0	0	0	-0	0	-0	-0	0	0	-0	-0	-0.008	0.075
150.8	NaN	759	NaN	301	0	0	359	0	0	0	0	0	-114	0	-174	-0	1005	-0	-0	-0.011	0.032
150.9	NaN	759	NaN	301	0	0	359	0	0	0	0	0	-114	0	-174	-0	1005	-0	-0	-0.012	0.116
151	NaN	759	NaN	301	0	0	359	0	0	0	0	0	-114	0	-174	-0	1005	-0	0	-0.011	0.09
151.1	NaN	759	NaN	301	0	0	359	0	0	0	0	0	-114	0	-174	-0	1005	-0	34	-0.012	0.082
151.2	NaN	759	NaN	301	0	0	359	0	0	0	0	0	-114	0	-174	-0	1005	-0	34	-0.008	0.068
151.3	NaN	759	NaN	301	0	0	359	0	0	0	0	0	-114	0	-174	-0	1005	-0	34	-0.009	0.071
151.4	NaN	759	NaN	301	0	0	359	0	0	0	0	0	-114	0	-174	-0	1005	-0	34	-0.006	0.073
151.5	NaN	759	NaN	301	0	0	359	0	0	0	0	0	-114	0	-174	-0	1005	-0	34	-0.006	0.076
151.6	NaN	759	NaN	301	0	0	359	0	0	0	0	0	-114	0	-174	-0	1005	-0	34	-0.006	0.084
151.7	NaN	759	NaN	301	0	0	359	0	0	0	0	0	-114	0	-174	-0	1005	-0	34	-0.005	0.079
151.8	NaN	759	NaN	301	0	0	359	0	0	0	0	0	-114	0	-174	-0	1005	-0	34	-0.006	0.099
151.9	NaN	759	NaN	301	0	0	359	0	0	0	0	0	-114	0	-174	-0	1005	-0	34	-0.007	0.053
152	NaN	759	NaN	301	0	0	359	0	0	0	0	0	-114	0	-174	-0	1005	-0	34	-0.005	0.054
152.1	NaN	759	NaN	301	0	0	359	0	0	0	0	0	-114	0	-174	-0	1005	-0	34	-0.006	0.081
152.2	NaN	759	NaN	301	0	0	359	0	0	0	0	0	-114	0	-174	-0	1005	-0	34	-0.007	0.065
152.3	NaN	759	NaN	301	0	0	359	0	0	0	0	0	-114	0	-174	-0	1005	-0	34	-0.008	0.052
152.4	NaN	759	NaN	301	0	0	359	0	0	0	0	0	-114	0	-174	-0	1005	-0	34	-0.006	0.074
152.5	NaN	759	NaN	301	0	0	359	0	0	0	0	0	-114	0	-174	-0	1005	-0	34	-0.007	0.08
152.6	NaN	759	NaN	301	0	0	359	0	0	0	0	0	-114	0	-174	-0	1005	-0	34	-0.011	0.095
152.7	NaN	759	NaN	301	0	0	359	0	0	0	0	0	-114	0	-174	-0	1005	-0	34	-0.011	0.082
152.8	NaN	759	NaN	301	0	0	359	0	0	0	0	0	-114	0	-174	-0	1005	-0	34	-0.009	0.095
152.9	NaN	759	NaN	301	0	0	359	0	0	0	0	0	-114	0	-174	-0	1005	-0	34	-0.01	0.088
153	NaN	759	NaN	301	0	0	359	0	0	0	0	0	-114	0	-174	-0	1005	-0	34	-0.007	0.082
153.1	NaN	759	NaN	301	0	0	359	0	0	0	0	0	-114	0	-174	-0	1005	-0	34	-0.007	0.079
153.2	NaN	759	NaN	301	0	0	359	0	0	0	0	0	-114	0	-174	-0	1005	-0	34	-0.007	0.073
153.3	NaN	759	NaN	301	0	0	359	0	0	0	0	0	-114	0	-174	-0	1005	-0	34	-0.007	0.058
153.4	NaN	759	NaN	301	0	0	359	0	0	0	0	0	-114	0	-174	-0	1005	-0	34	-0.007	0.068
153.5	NaN	759	NaN	301	0	0	359	0	0	0	0	0	-114	0	-174	-0	1005	-0	34	-0.008	0.056
153.6	NaN	759	NaN	301	0	0	359	0	0	0	0	0	-114	0	-174	-0	1005	-0	34	-0.008	0.087
153.7	NaN	759	NaN	301	0	0	359	0	0	0	0	0	-114	0	-174	-0	1005	-0	34	-0.008	0.069
153.8	NaN	759	NaN	301	0	0	359	0	0	0	0	0	-114	0	-174	-0	1005	-0	34	-0.006	0.091
153.9	NaN	759	NaN	301	0	0	359	0	0	0	0	0	-114	0	-174	-0	1005	-0	34	-0.007	0.07
154	NaN	759	NaN	301	0	0	359	0	0	0	0	0	-114	0	-174	-0	1005	-0	34	-0.004	0.095
154.1	NaN	759	NaN	301	0	0	359	0	0	0	0	0	-114	0	-174	-0	1005	-0	34	-0.005	0.064
154.2	NaN	759	NaN	301	0	0	359	0	0	0	0	0	-114	0	-174	-0	1005	-0	34	-0.004	0.058
154.3	NaN	759	NaN	301	0	0	359	0	0	0	0	0	-114	0	-174	-0	1005	-0	34	-0.004	0.057
154.4	NaN	759	NaN	301	0	0	359	0	0	0	0	0	-114	0	-174	-0	1005	-0	34	-0.004	0.102
154.5	NaN	759	NaN	301	0	0	359	0	0	0	0	0	-114	0	-174	-0	1005	-0	34	-0.004	0.046
154.6	NaN	759	NaN	301	0	0	359	0	0	0	0	0	-114	0	-174	-0	1005	-0	34	-0.002	0.073
154.7	NaN	759	NaN	301	0	0	359	0	0	0	0	0	-114	0	-174	-0	1005	-0	34	-0.002	0.083
154.8	NaN	759	NaN	301	0	0	359	0	0	0	0	0	-114	0	-174	-0	1005	-0	34	-0.002	0.073
154.9	NaN	759	NaN	301	0	0	359	0	0	0	0	0	-114	0	-174	-0	1005	-0	34	-0.002	0.075
155	NaN	759	NaN	301	0	0	359	0	0	0	0	0	-114	0	-174	-0	1005	-0	34	-0.003	0.049
155.1	NaN	759	NaN	301	0	0	359	0	0	0	0	0	-114	0	-174	-0	1005	-0	34	-0.004	0.098
155.2	NaN	759	NaN	301	0	0	359	0	0	0	0	0	-114	0	-174	-0	1005	-0	34	-0.003	0.058
155.3	NaN	759	NaN	301	0	0	359	0	0	0	0	0	-114	0	-174	-0	1005	-0	34	-0.003	0.054
155.4	NaN	759	NaN	301	0	0	359	0	0	0	0	0	-114	0	-174	-0	1005	-0	34	-0.006	0.079
155.5	NaN	759	NaN	301	0	0	359	0	0	0	0	0	-114	0	-174	-0	1005	-0	34	-0.006	0.077
155.6	NaN	759	NaN	301	0	0	359	0	0	0	0	0	-114	0	-174	-0	1005	-0	34	-0.006	0.069
155.7	NaN	759	NaN	301	0	0	359	0	0	0	0	0	-114	0	-174	-0	1005	-0	34	-0.006	0.088
155.8	NaN	759	NaN	301	0	0	359	0	0	0	0	0	-114	0	-174	-0	1005	-0	34	-0.005	0.07
155.9	NaN	759	NaN	301	0	0	359	0	0	0	0	0	-114	0	-174	-0	1005	-0	34	-0.006	0.072
156	NaN	759	NaN	301	0	0	359	0	0	0	0	0	-114	0	-174	-0	1005	-0	34	-0.001	0.075
156.1	NaN	759	NaN	301	0	0	359	0	0	0	0	0	-114	0	-174	-0	1005	-0	34	-0.001	0.06
156.2	NaN	759	NaN	301	0	0	359	0	0	0	0	0	-114	0	-174	-0	1005	-0	34	0.001	0.087
156.3	NaN	759	NaN	301	0	0	359	0	0	0	0	0	-114	0	-174	-0	1005	-0	34	0.001	0.076
156.4	NaN	759	NaN	301	0	0	359	0	0	0	0	0	-114	0	-174	-0	1005	-0	34	-0.001	0.069
156.5	NaN	759	NaN	301	0	0	359	0	0	0	0	0	-114	0	-174	-0	1005	-0	34	-0.001	0.08
156.6	NaN	759	NaN	301	0	0	359	0	0	0	0	0	-114	0	-174	-0	1005	-0	34	-0	0.082
156.7	NaN	759	NaN	301	0	0	359	0	0	0	0	0	-114	0	-174	-0	1005	-0	34	0	0.054
156.8	NaN	759	NaN	301	0	0	359	0	0	0	0	0	-114	0	-174	-0	1005	-0	34	0.001	0.07
156.9	NaN	759	NaN	301	0	0	359	0	0	0	0	0	-114	0	-174	-0	1005	-0	34	0.001	0.097
157	NaN	759	NaN	301	0	0	359	0	0	0	0	0	-114	0	-174	-0	1005	-0	34	0	0.083
157.1	NaN	759	NaN	301	0	0	359	0	0	0	0	0	-114	0	-174	-0	1005	-0	34	0.001	0.073
157.2	NaN	759	NaN	301	0	0	359	0	0	0	0	0	-114	0	-174	-0	1005	-0	34	0.001	0.044
157.3	NaN	759	NaN	301	0	0	359	0	0	0	0	0	-114	0	-174	-0	1005	-0	34	0.002	0.071
157.4	NaN	759	NaN	301	0	0	359	0	0	0	0	0	-114	0	-174	-0	1005	-0	34	0.003	0.078
157.5	NaN	759	NaN	301	0	0	359	0	0	0	0	0	-114	0	-174	-0	1005	-0	34	0.003	0.053
157.6	NaN	759	NaN	301	0	0	359	0	0	0	0	0	-114	0	-174	-0	1005	-0	34	-0	0.102
157.7	NaN	759	NaN	301	0	0	359	0	0	0	0	0	-114	0	-174	-0	1005	-0	34	-0.001	0.072
157.8	NaN	759	NaN	301	0	0	359	0	0	0	0	0	-114	0	-174	-0	1005	-0	34	-0	0.085
157.9	NaN	759	NaN	301	0	0	359	0	0	0	0	0	-114	0	-174	-0	1005	-0	34	0	0.081
158	NaN	759	NaN	301	0	0	359	0	0	0	0	0	-114	0	-174	-0	1005	-0	34	-0	0.098
158.1	NaN	759	NaN	301	0	0	359	0	0	0	0	0	-114	0	-174	-0	1005	-0	34	-0.001	0.073
158.2	NaN	759	NaN	301	0	0	359	0	0	0	0	0	-114	0	-174	-0	1005	-0	34	0.001	0.07
158.3	NaN	759	NaN	301	0	0	359	0	0	0	0	0	-114	0	-174	-0	1005	-0	34	0.001	0.08
158.4	NaN	759	NaN	301	0	0	359	0	0	0	0	0	-114	0	-174	-0	1005	-0	34	0.001	0.063
158.5	NaN	759	NaN	301	0	0	359	0	0	0	0	0	-114	0	-174	-0	1005	-0	34	0.001	0.088
158.6	NaN	759	NaN	301	0	0	359	0	0	0	0	0	-114	0	-174	-0	1005	-0	34	0.002	0.09
158.7	NaN	759	NaN	301	0	0	359	0	0	0	0	0	-114	0	-174	-0	1005	-0	34	0.003	0.09
158.8	NaN	759	NaN	301	0	0	359	0	0	0	0	0	-114	0	-174	-0	1005	-0	34	0.001	0.061
158.9	NaN	759	NaN	301	0	0	359	0	0	0	0	0	-114	0	-174	-0	1005	-0	34	0.001	0.077
159	NaN	759	NaN	301	0	0	359	0	0	0	0	0	-114	0	-174	-0	1005	-0	34	-0.001	0.037
159.1	NaN	759	NaN	301	0	0	359	0	0	0	0	0	-114	0	-174	-0	1005	-0	34	-0.001	0.079
159.2	NaN	759	NaN	301	0	0	359	0	0	0	0	0	-114	0	-174	-0	1005	-0	34	-0.005	0.072
159.3	NaN	759	NaN	301	0	0	359	0	0	0	0	0	-114	0	-174	-0	1005	-0	34	-0.005	0.088
159.4	NaN	759	NaN	301	0	0	359	0	0	0	0	0	-114	0	-174	-0	1005	-0	34	-0.003	0.067
159.5	NaN	759	NaN	301	0	0	359	0	0	0	0	0	-114	0	-174	-0	1005	-0	34	-0.003	0.072
159.6	NaN	759	NaN	301	0	0	359	0	0	0	0	0	-114	0	-174	-0	1005	-0	34	-0.004	0.053
159.7	NaN	759	NaN	301	0	0	359	0	0	0	0	0	-114	0	-174	-0	1005	-0	34	-0	0.05
159.8	NaN	759	NaN	301	0	0	359	0	0	0	0	0	-114	0	-174	-0	1005	-0	34	0	0.091
159.9	NaN	759	NaN	301	0	0	359	0	0	0	0	0	-114	0	-174	-0	1005	-0	34	-0	0.059
160	NaN	759	NaN	301	0	0	359	0	0	0	0	0	-114	0	-174	-0	1005	-0	34	-0.003	0.059
160.1	NaN	759	NaN	301	0	0	359	0	0	0	0	0	-114	0	-174	-0	1005	-0	34	-0.003	0.059
160.2	NaN	759	NaN	301	0	0	359	0	0	0	0	0	-114	0	-174	-0	1005	-0	34	-0.003	0.065
160.3	NaN	759	NaN	301	0	0	359	0	0	0	0	0	-114	0	-174	-0	1005	-0	34	-0.003	0.063
160.4	NaN	759	NaN	301	0	0	359	0	0	0	0	0	-114	0	-174	-0	1005	-0	34	-0.006	0.074
160.5	NaN	759	NaN	301	0	0	359	0	0	0	0	0	-114	0	-174	-0	1005	-0	34	-0.006	0.084
160.6	NaN	759	NaN	301	0	0	359	0	0	0	0	0	-114	0	-174	-0	1005	-0	34	-0.001	0.1
160.7	NaN	759	NaN	301	0	0	359	0	0	0	0	0	-114	0	-174	-0	1005	-0	34	-0.001	0.061
160.8	NaN	759	NaN	301	0	0	359	0	0	0	0	0	-114	0	-174	-0	1005	-0	34	-0.005	0.078
160.9	NaN	759	NaN	301	0	0	359	0	0	0	0	0	-114	0	-174	-0	1005	-0	34	-0.004	0.074
161	NaN	759	NaN	301	0	0	359	0	0	0	0	0	-114	0	-174	-0	1005	-0	34	-0.004	0.071
161.1	NaN	759	NaN	301	0	0	359	0	0	0	0	0	-114	0	-174	-0	1005	-0	34	-0.004	0.06
161.2	NaN	759	NaN	301	0	0	359	0	0	0	0	0	-114	0	-174	-0	1005	-0	34	-0.002	0.087
161.3	NaN	759	NaN	301	0	0	359	0	0	0	0	0	-114	0	-174	-0	1005	-0	34	-0.002	0.079
161.4	NaN	759	NaN	301	0	0	359	0	0	0	0	0	-114	0	-174	-0	1005	-0	34	-0.002	0.068
161.5	NaN	759	NaN	301	0	0	359	0	0	0	0	0	-114	0	-174	-0	1005	-0	34	-0.002	0.046
161.6	NaN	759	NaN	301	0	0	359	0	0	0	0	0	-114	0	-174	-0	1005	-0	34	-0.002	0.083
161.7	NaN	759	NaN	301	0	0	359	0	0	0	0	0	-114	0	-174	-0	1005	-0	34	-0.003	0.051
161.8	NaN	759	NaN	301	0	0	359	0	0	0	0	0	-114	0	-174	-0	1005	-0	34	-0.003	0.056
161.9	NaN	759	NaN	301	0	0	359	0	0	0	0	0	-114	0	-174	-0	1005	-0	34	-0.003	0.042
162	NaN	759	NaN	301	0	0	359	0	0	0	0	0	-114	0	-174	-0	1005	-0	34	-0.003	0.098
162.1	NaN	759	NaN	301	0	0	359	0	0	0	0	0	-114	0	-174	-0	1005	-0	34	-0.003	0.04
162.2	NaN	759	NaN	301	0	0	359	0	0	0	0	0	-114	0	-174	-0	1005	-0	34	-0.003	0.086
162.3	NaN	759	NaN	301	0	0	359	0	0	0	0	0	-114	0	-174	-0	1005	-0	34	-0.003	0.07
162.4	NaN	759	NaN	301	0	0	359	0	0	0	0	0	-114	0	-174	-0	1005	-0	34	-0.004	0.068
162.5	NaN	759	NaN	301	0	0	359	0	0	0	0	0	-114	0	-174	-0	1005	-0	34	-0.004	0.041
162.6	NaN	759	NaN	301	0	0	359	0	0	0	0	0	-114	0	-174	-0	1005	-0	34	0.002	0.08
162.7	NaN	759	NaN	301	0	0	359	0	0	0	0	0	-114	0	-174	-0	1005	-0	34	0.001	0.075
162.8	NaN	759	NaN	301	0	0	359	0	0	0	0	0	-114	0	-174	-0	1005	-0	34	-0.001	0.066
162.9	NaN	759	NaN	301	0	0	359	0	0	0	0	0	-114	0	-174	-0	1005	-0	34	-0	0.071
163	NaN	759	NaN	301	0	0	359	0	0	0	0	0	-114	0	-174	-0	1005	-0	34	-0.001	0.062
163.1	NaN	759	NaN	301	0	0	359	0	0	0	0	0	-114	0	-174	-0	1005	-0	34	-0.001	0.051
163.2	NaN	759	NaN	301	0	0	359	0	0	0	0	0	-114	0	-174	-0	1005	-0	34	0.001	0.059
163.3	NaN	759	NaN	301	0	0	359	0	0	0	0	0	-114	0	-174	-0	1005	-0	34	0.001	0.086
163.4	NaN	759	NaN	301	0	0	359	0	0	0	0	0	-114	0	-174	-0	1005	-0	34	-0.001	0.09
163.5	NaN	759	NaN	301	0	0	359	0	0	0	0	0	-114	0	-174	-0	1005	-0	34	-0	0.069
163.6	NaN	759	NaN	301	0	0	359	0	0	0	0	0	-114	0	-174	-0	1005	-0	34	0	0.077
163.7	NaN	759	NaN	301	0	0	359	0	0	0	0	0	-114	0	-174	-0	1005	-0	34	0	0.048
163.8	NaN	759	NaN	301	0	0	359	0	0	0	0	0	-114	0	-174	-0	1005	-0	34	0.002	0.062
163.9	NaN	759	NaN	301	0	0	359	0	0	0	0	0	-114	0	-174	-0	1005	-0	34	0.002	0.084
164	NaN	759	NaN	301	0	0	359	0	0	0	0	0	-114	0	-174	-0	1005	-0	34	0.002	0.095
164.1	NaN	759	NaN	301	0	0	359	0	0	0	0	0	-114	0	-174	-0	1005	-0	34	0.002	0.084
164.2	NaN	759	NaN	301	0	0	359	0	0	0	0	0	-114	0	-174	-0	1005	-0	34	0.002	0.057
164.3	NaN	759	NaN	301	0	0	359	0	0	0	0	0	-114	0	-174	-0	1005	-0	34	0.001	0.076
164.4	NaN	759	NaN	301	0	0	359	0	0	0	0	0	-114	0	-174	-0	1005	-0	34	0.001	0.054
164.5	NaN	759	NaN	301	0	0	359	0	0	0	0	0	-114	0	-174	-0	1005	-0	34	0.002	0.06
164.6	NaN	759	NaN	301	0	0	359	0	0	0	0	0	-114	0	-174	-0	1005	-0	34	0.003	0.093
164.7	NaN	759	NaN	301	0	0	359	0	0	0	0	0	-114	0	-174	-0	1005	-0	34	0.002	0.066
164.8	NaN	759	NaN	301	0	0	359	0	0	0	0	0	-114	0	-174	-0	1005	-0	34	0	0.07
164.9	NaN	759	NaN	301	0	0	359	0	0	0	0	0	-114	0	-174	-0	1005	-0	34	0	0.072
165	NaN	759	NaN	301	0	0	359	0	0	0	0	0	-114	0	-174	-0	1005	-0	34	-0	0.074
165.1	NaN	759	NaN	301	0	0	359	0	0	0	0	0	-114	0	-174	-0	1005	-0	34	-0	0.051
165.2	NaN	759	NaN	301	0	0	359	0	0	0	0	0	-114	0	-174	-0	1005	-0	34	-0.001	0.068
165.3	NaN	759	NaN	301	0	0	359	0	0	0	0	0	-114	0	-174	-0	1005	-0	34	-0.002	0.089
165.4	NaN	759	NaN	301	0	0	359	0	0	0	0	0	-114	0	-174	-0	1005	-0	34	-0.003	0.08
165.5	NaN	759	NaN	301	0	0	359	0	0	0	0	0	-114	0	-174	-0	1005	-0	34	-0.003	0.072
165.6	NaN	759	NaN	301	0	0	359	0	0	0	0	0	-114	0	-174	-0	1005	-0	34	-0.003	0.092
165.7	NaN	759	NaN	301	0	0	359	0	0	0	0	0	-114	0	-174	-0	1005	-0	34	-0.004	0.075
165.8	NaN	759	NaN	301	0	0	359	0	0	0	0	0	-114	0	-174	-0	1005	-0	34	-0.005	0.074
165.9	NaN	759	NaN	301	0	0	359	0	0	0	0	0	-114	0	-174	-0	1005	-0	34	-0.006	0.069
166	NaN	759	NaN	301	0	0	359	0	0	0	0	0	-114	0	-174	-0	1005	-0	34	-0.005	0.066
166.1	NaN	759	NaN	301	0	0	359	0	0	0	0	0	-114	0	-174	-0	1005	-0	34	-0.005	0.094
166.2	NaN	759	NaN	301	0	0	359	0	0	0	0	0	-114	0	-174	-0	1005	-0	34	-0.006	0.077
166.3	NaN	759	NaN	301	0	0	359	0	0	0	0	0	-114	0	-174	-0	1005	-0	34	-0.007	0.099
166.4	NaN	759	NaN	301	0	0	359	0	0	0	0	0	-114	0	-174	-0	1005	-0	34	-0.007	0.044
166.5	NaN	759	NaN	301	0	0	359	0	0	0	0	0	-114	0	-174	-0	1005	-0	34	-0.008	0.087
166.6	NaN	759	NaN	301	0	0	359	0	0	0	0	0	-114	0	-174	-0	1005	-0	34	-0.005	0.073
166.7	NaN	759	NaN	301	0	0	359	0	0	0	0	0	-114	0	-174	-0	1005	-0	34	-0.006	0.098
166.8	NaN	759	NaN	301	0	0	359	0	0	0	0	0	-114	0	-174	-0	1005	-0	34	-0.003	0.082
166.9	NaN	759	NaN	301	0	0	359	0	0	0	0	0	-114	0	-174	-0	1005	-0	34	-0.003	0.062
167	NaN	759	NaN	301	0	0	359	0	0	0	0	0	-114	0	-174	-0	1005	-0	34	-0.005	0.1
167.1	NaN	759	NaN	301	0	0	359	0	0	0	0	0	-114	0	-174	-0	1005	-0	34	-0.005	0.054
167.2	NaN	759	NaN	301	0	0	359	0	0	0	0	0	-114	0	-174	-0	1005	-0	34	-0.005	0.069
167.3	NaN	759	NaN	301	0	0	359	0	0	0	0	0	-114	0	-174	-0	1005	-0	34	-0.005	0.071
167.4	NaN	759	NaN	301	0	0	359	0	0	0	0	0	-114	0	-174	-0	1005	-0	34	-0.006	0.088
167.5	NaN	759	NaN	301	0	0	359	0	0	0	0	0	-114	0	-174	-0	1005	-0	34	-0.006	0.063
167.6	NaN	759	NaN	301	0	0	359	0	0	0	0	0	-114	0	-174	-0	1005	-0	34	-0.004	0.095
167.7	NaN	759	NaN	301	0	0	359	0	0	0	0	0	-114	0	-174	-0	1005	-0	34	-0.004	0.067
167.8	NaN	759	NaN	301	0	0	359	0	0	0	0	0	-114	0	-174	-0	1005	-0	34	-0.003	0.065
167.9	NaN	759	NaN	301	0	0	359	0	0	0	0	0	-114	0	-174	-0	1005	-0	34	-0.003	0.056
168	NaN	759	NaN	301	0	0	359	0	0	0	0	0	-114	0	-174	-0	1005	-0	34	-0.004	0.077
168.1	NaN	759	NaN	301	0	0	359	0	0	0	0	0	-114	0	-174	-0	1005	-0	34	-0.004	0.082
168.2	NaN	759	NaN	301	0	0	359	0	0	0	0	0	-114	0	-174	-0	1005	-0	34	-0.003	0.043
168.3	NaN	759	NaN	301	0	0	359	0	0	0	0	0	-114	0	-174	-0	1005	-0	34	-0.002	0.081
168.4	NaN	759	NaN	301	0	0	359	0	0	0	0	0	-114	0	-174	-0	1005	-0	34	0	0.078
168.5	NaN	759	NaN	301	0	0	359	0	0	0	0	0	-114	0	-174	-0	1005	-0	34	0.001	0.053
168.6	NaN	759	NaN	301	0	0	359	0	0	0	0	0	-114	0	-174	-0	1005	-0	34	0.002	0.079
168.7	NaN	759	NaN	301	0	0	359	0	0	0	0	0	-114	0	-174	-0	1005	-0	34	0.002	0.111
168.8	NaN	759	NaN	301	0	0	359	0	0	0	0	0	-114	0	-174	-0	1005	-0	34	0.001	0.042
168.9	NaN	759	NaN	301	0	0	359	0	0	0	0	0	-114	0	-174	-0	1005	-0	34	0.002	0.057
169	NaN	759	NaN	301	0	0	359	0	0	0	0	0	-114	0	-174	-0	1005	-0	34	0.003	0.073
169.1	NaN	759	NaN	301	0	0	359	0	0	0	0	0	-114	0	-174	-0	1005	-0	34	0.003	0.092
169.2	NaN	759	NaN	301	0	0	359	0	0	0	0	0	-114	0	-174	-0	1005	-0	34	0.002	0.064
169.3	NaN	759	NaN	301	0	0	359	0	0	0	0	0	-114	0	-174	-0	1005	-0	34	0.003	0.085
169.4	NaN	759	NaN	301	0	0	359	0	0	0	0	0	-114	0	-174	-0	1005	-0	34	0.002	0.09
169.5	NaN	759	NaN	301	0	0	359	0	0	0	0	0	-114	0	-174	-0	1005	-0	34	0.002	0.078
169.6	NaN	759	NaN	301	0	0	359	0	0	0	0	0	-114	0	-174	-0	1005	-0	34	0.004	0.075
169.7	NaN	759	NaN	301	0	0	359	0	0	0	0	0	-114	0	-174	-0	1005	-0	34	0.003	0.076
169.8	NaN	759	NaN	301	0	0	359	0	0	0	0	0	-114	0	-174	-0	1005	-0	34	0.004	0.068
169.9	NaN	759	NaN	301	0	0	359	0	0	0	0	0	-114	0	-174	-0	1005	-0	34	0.004	0.094
170	NaN	759	NaN	301	0	0	359	0	0	0	0	0	-114	0	-174	-0	1005	-0	34	0.005	0.067
170.1	NaN	759	NaN	301	0	0	359	0	0	0	0	0	-114	0	-174	-0	1005	-0	34	0.004	0.098
170.2	NaN	759	NaN	301	0	0	359	0	0	0	207	0	-114	0	-174	-0	1005	-0	34	0.003	0.057
170.3	NaN	759	NaN	301	0	0	359	0	0	0	212	0	-114	0	-174	-0	1005	-0	34	0.004	0.066
170.4	NaN	851	NaN	602	0	43	357	0	0	0	212	0	-114	0	-174	-0	1005	-0	34	-0.002	0.104
170.5	NaN	847	NaN	603	0	43	360	0	0	0	213	0	-114	0	-174	-0	1005	-0	34	-0.002	0.094
170.6	NaN	847	NaN	603	0	43	360	0	0	0	213	0	-114	0	-174	-0	1005	-0	34	0.003	0.071
170.7	NaN	851	NaN	603	0	45	358	0	0	0	213	0	-114	0	-174	-0	1005	-0	34	0.003	0.106
170.8	NaN	836	NaN	603	0	46	363	0	0	0	213	0	-114	0	-174	-0	1005	-0	34	-0.004	0.087
170.9	NaN	850	NaN	603	0	43	356	0	0	0	213	0	-114	0	-174	-0	1005	-0	34	-0.004	0.063
171	NaN	837	NaN	603	0	46	362	0	0	0	213	0	-114	0	-174	-0	1005	-0	34	0.004	0.044
171.1	NaN	839	NaN	602	0	45	363	0	0	0	213	0	-114	0	-174	-0	1005	-0	34	0.004	0.097
171.2	NaN	838	NaN	602	0	46	363	0	0	0	212	0	-114	0	-174	-0	1005	-0	34	-0	0.063
171.3	NaN	846	NaN	602	0	44	359	0	0	0	213	0	-114	0	-174	-0	1005	-0	34	0	0.077
171.4	NaN	841	NaN	603	0	44	360	0	0	0	213	0	-114	0	-174	-0	1005	-0	34	-0.002	0.083
171.5	NaN	838	NaN	601	0	45	361	0	0	0	212	0	-114	0	-174	-0	1005	-0	34	-0.003	0.081
171.6	NaN	833	NaN	602	0	46	362	0	0	0	213	0	-114	0	-174	-0	1005	-0	34	0.001	0.071
171.7	NaN	847	NaN	602	0	44	357	0	0	0	213	0	-114	0	-174	-0	1005	-0	34	0.002	0.078
171.8	NaN	847	NaN	603	0	43	357	0	0	0	213	0	-114	0	-174	-0	1005	-0	34	-0.002	0.083
171.9	NaN	848	NaN	603	0	43	357	0	0	0	213	0	-114	0	-174	-0	1005	-0	34	-0.001	0.061
172	NaN	834	NaN	603	0	46	362	0	0	0	213	0	-114	0	-174	-0	1005	-0	34	-0.001	0.076
172.1	NaN	838	NaN	602	0	45	362	0	0	0	213	0	-114	0	-174	-0	1005	-0	34	-0.001	0.045
172.2	NaN	845	NaN	602	0	44	355	0	0	0	213	0	-114	0	-174	-0	1005	-0	34	-0.002	0.064
172.3	NaN	840	NaN	601	0	45	359	0	0	0	213	0	-114	0	-174	-0	1005	-0	34	-0.003	0.081
172.4	NaN	836	NaN	601	0	45	362	0	0	0	213	0	-114	0	-174	-0	1005	-0	34	-0.006	0.071
172.5	NaN	845	NaN	601	0	43	358	0	0	0	213	0	-114	0	-174	-0	1005	-0	34	-0.006	0.051
172.6	NaN	835	NaN	601	0	45	362	0	0	0	213	0	-114	0	-174	-0	1005	-0	34	-0.008	0.08
172.7	NaN	833	NaN	601	0	45	362	0	0	0	213	0	-114	0	-174	-0	1005	-0	34	-0.008	0.101
172.8	NaN	848	NaN	600	0	43	357	0	0	0	212	0	-114	0	-174	-0	1005	-0	34	-0.008	0.077
172.9	NaN	845	NaN	600	0	43	357	0	0	0	214	0	-114	0	-174	-0	1005	-0	34	-0.008	0.086
173	NaN	840	NaN	600	0	44	360	0	0	0	213	0	-114	0	-174	-0	1005	-0	34	-0.005	0.067
173.1	NaN	847	NaN	602	0	45	358	0	0	0	214	0	-114	0	-174	-0	1005	-0	34	-0.005	0.081
173.2	NaN	845	NaN	601	0	44	357	0	0	0	213	0	-114	0	-174	-0	1005	-0	34	-0.006	0.046
173.3	NaN	833	NaN	601	0	46	361	0	0	0	213	0	-114	0	-174	-0	1005	-0	34	-0.006	0.049
173.4	NaN	832	NaN	600	0	43	362	0	0	0	213	0	-114	0	-174	-0	1005	-0	34	-0.006	0.08
173.5	NaN	832	NaN	599	0	44	363	0	0	0	213	0	-114	0	-174	-0	1005	-0	34	-0.008	0.067
173.6	NaN	836	NaN	598	0	43	357	0	0	0	213	0	-114	0	-174	-0	1005	-0	34	-0.008	0.079
173.7	NaN	834	NaN	599	0	44	356	0	0	0	212	0	-114	0	-174	-0	1005	-0	34	-0.008	0.058
173.8	NaN	832	NaN	600	0	46	360	0	0	0	213	0	-114	0	-174	-0	1005	-0	34	-0.006	0.079
173.9	NaN	832	NaN	599	0	45	357	0	0	0	214	0	-114	0	-174	-0	1005	-0	34	-0.007	0.083
174	NaN	837	NaN	599	0	46	363	0	0	0	212	0	-114	0	-174	-0	1005	-0	34	-0.008	0.067
174.1	NaN	847	NaN	599	0	46	356	0	0	0	213	0	-114	0	-174	-0	1005	-0	34	-0.007	0.076
174.2	NaN	829	NaN	598	0	43	359	0	0	0	213	0	-114	0	-174	-0	1005	-0	34	-0.005	0.087
174.3	NaN	841	NaN	598	0	43	363	0	0	0	213	0	-114	0	-174	-0	1005	-0	34	-0.005	0.065
174.4	NaN	833	NaN	599	0	45	358	0	0	0	213	0	-114	0	-174	-0	1005	-0	34	-0.005	0.087
174.5	NaN	841	NaN	598	0	44	359	0	0	0	213	0	-114	0	-174	-0	1005	-0	34	-0.004	0.07
174.6	NaN	845	NaN	598	0	44	360	0	0	0	213	0	-114	0	-174	-0	1005	-0	34	-0.006	0.055
174.7	NaN	833	NaN	597	0	44	360	0	0	0	213	0	-114	0	-174	-0	1005	-0	34	-0.006	0.085
174.8	NaN	845	NaN	598	0	46	360	0	0	0	213	0	-114	0	-174	-0	1005	-0	34	-0.005	0.098
174.9	NaN	833	NaN	597	0	46	363	0	0	0	213	0	-114	0	-174	-0	1005	-0	34	-0.005	0.074
175	NaN	843	NaN	599	0	43	357	0	0	0	301	0	-114	0	-174	-0	1005	-0	34	-0.005	0.068
175.1	NaN	836	NaN	600	0	46	362	0	0	0	301	0	-114	0	-174	-0	1005	-0	34	-0.005	0.064
175.2	NaN	840	NaN	598	0	46	359	0	0	0	301	0	-114	0	-174	-0	1005	-0	34	-0.002	0.042
175.3	NaN	831	NaN	596	0	43	363	0	0	0	301	0	-114	0	-174	-0	1005	-0	34	-0.001	0.092
175.4	NaN	837	NaN	600	0	44	356	0	0	0	301	0	-114	0	-174	-0	1005	-0	34	-0.004	0.065
175.5	NaN	837	NaN	597	0	45	364	0	0	0	301	0	-114	0	-174	-0	1005	-0	34	-0.004	0.096
175.6	NaN	839	NaN	596	0	46	359	0	0	0	301	0	-114	0	-174	-0	1005	-0	34	-0.005	0.048
175.7	NaN	829	NaN	596	0	46	362	0	0	0	301	0	-114	0	-174	-0	1005	-0	34	-0.004	0.068
175.8	NaN	833	NaN	596	0	44	360	0	0	0	301	0	-114	0	-174	-0	1005	-0	34	-0.002	0.076
175.9	NaN	839	NaN	595	0	44	360	0	0	0	301	0	-114	0	-174	-0	1005	-0	34	-0.003	0.057
176	NaN	837	NaN	598	0	44	357	0	0	0	301	0	-114	0	-174	-0	1005	-0	34	0.001	0.06
176.1	NaN	831	NaN	598	0	44	360	0	0	0	301	0	-114	0	-174	-0	1005	-0	34	0.001	0.117
176.2	NaN	833	NaN	596	0	45	360	0	0	0	425	0	-114	0	-174	-0	1005	-0	34	0.003	0.079
176.3	NaN	842	NaN	598	0	43	356	0	0	0	408	0	-114	0	-174	-0	1005	-0	34	0.004	0.072
176.4	NaN	831	NaN	596	0	45	361	0	0	0	409	0	-114	0	-174	-0	1005	-0	34	0.004	0.066
176.5	NaN	840	NaN	597	0	44	358	0	0	0	409	0	-114	0	-174	-0	1005	-0	34	0.004	0.067
176.6	NaN	824	NaN	595	0	46	363	0	0	0	409	0	-114	0	-174	-0	1005	-0	34	0.005	0.071
176.7	NaN	827	NaN	595	0	43	359	0	0	0	409	0	-114	0	-174	-0	1005	-0	34	0.005	0.074
176.8	NaN	827	NaN	593	0	43	358	0	0	0	408	0	-114	0	-174	-0	1005	-0	34	0.005	0.099
176.9	NaN	826	NaN	596	0	46	364	0	0	0	409	0	-114	0	-174	-0	1005	-0	34	0.007	0.047
177	NaN	840	NaN	595	0	43	357	0	0	0	408	0	-114	0	-174	-0	1005	-0	34	0.005	0.079
177.1	NaN	836	NaN	594	0	43	358	0	0	0	407	0	-114	0	-174	-0	1005	-0	34	0.005	0.049
177.2	NaN	835	NaN	595	0	44	359	0	0	0	408	0	-114	0	-174	-0	1005	-0	34	0.005	0.075
177.3	NaN	831	NaN	596	0	44	361	0	0	0	409	0	-114	0	-174	-0	1005	-0	34	0.005	0.072
177.4	NaN	826	NaN	596	0	45	360	0	0	0	408	0	-114	0	-174	-0	1005	-0	34	0.005	0.066
177.5	NaN	834	NaN	595	0	44	359	0	0	0	409	0	-114	0	-174	-0	1005	-0	34	0.006	0.082
177.6	NaN	838	NaN	595	0	43	358	0	0	0	408	0	-114	0	-174	-0	1005	-0	34	0.008	0.082
177.7	NaN	827	NaN	596	0	45	359	0	0	0	407	0	0	0	0	0	0	-0	34	0.008	0.088
177.8	NaN	833	NaN	595	0	46	359	0	0	0	409	0	-0	0	-0	0	-0	-0	34	0.008	0.068
177.9	NaN	836	NaN	596	0	44	357	0	0	0	407	0	0	0	0	0	-0	-0	34	0.009	0.066
178	NaN	836	NaN	596	0	44	358	0	0	0	408	0	-0	0	-0	-0	-0	-0	34	0.006	0.067
178.1	NaN	838	NaN	595	0	43	358	0	0	0	408	0	-0	0	-0	0	-0	-0	34	0.007	0.084
178.2	NaN	823	NaN	596	0	45	363	0	0	0	408	0	-0	0	-0	0	-0	-0	34	0.011	0.06
178.3	NaN	836	NaN	596	0	44	357	0	0	0	406	0	0	0	-0	0	0	-0	34	0.012	0.088
178.4	NaN	834	NaN	595	0	44	357	0	0	0	406	0	0	0	-0	0	0	0	0	0.006	0.057
178.5	NaN	836	NaN	594	0	46	358	0	0	0	409	0	0	0	-0	0	0	0	0	0.007	0.072
178.6	NaN	834	NaN	594	0	45	360	0	0	0	409	0	-0	-0	-0	0	0	-0	0	0.006	0.073
178.7	NaN	825	NaN	594	0	46	360	0	0	0	407	0	0	0	-0	0	0	0	0	0.007	0.081
178.8	NaN	823	NaN	593	0	45	362	0	0	0	408	0	-0	0	0	-0	0	0	0	0.009	0.05
178.9	NaN	835	NaN	594	0	44	358	0	0	0	408	0	-0	0	-0	0	0	-0	0	0.009	0.071
179	NaN	834	NaN	594	0	46	360	0	0	0	408	0	0	0	0	0	0	0	-0	0.008	0.069
179.1	NaN	837	NaN	594	0	46	364	0	0	0	408	0	-0	0	-0	0	-0	0	-0	0.008	0.081
179.2	NaN	828	NaN	594	0	46	358	0	0	0	408	0	-0	-0	-0	0	0	0	-0	0.009	0.063
179.3	NaN	827	NaN	592	0	45	359	0	0	0	408	0	-0	0	-0	0	-0	0	-0	0.009	0.079
179.4	NaN	831	NaN	594	0	45	362	0	0	0	407	-0	-0	0	-0	0	-0	0	-0	0.008	0.127
179.5	NaN	822	NaN	594	0	44	357	0	0	0	408	0	-0	0	-0	-0	-0	0	-0	0.008	0.069
179.6	NaN	827	NaN	595	0	44	360	0	0	0	407	0	-0	0	-0	0	-0	-0	-0	0.01	0.081
179.7	NaN	835	NaN	593	0	46	358	0	0	0	409	-0	-0	0	0	0	0	0	-0	0.011	0.081
179.8	NaN	827	NaN	593	0	43	363	0	0	0	409	0	-0	0	-0	0	-0	0	-0	0.011	0.087
179.9	NaN	832	NaN	593	0	46	359	0	0	0	408	-0	-0	-0	-0	0	-0	0	-0	0.011	0.072
180	NaN	824	NaN	592	0	45	358	0	0	0	408	0	-0	0	-0	0	-0	0	-0	0.01	0.073
180.1	NaN	822	NaN	592	0	46	363	0	0	0	408	0	0	0	-0	0	-0	0	0	0.011	0.073
180.2	NaN	832	NaN	593	0	45	359	0	0	0	408	0	-0	0	-0	0	-0	-0	-0	0.012	0.08
180.3	NaN	821	NaN	592	0	44	362	0	0	0	408	0	0	0	-0	0	0	-0	-0	0.012	0.058
180.4	NaN	831	NaN	592	0	45	363	0	0	0	409	0	0	0	-0	0	-0	0	-0	0.011	0.065
180.5	NaN	830	NaN	592	0	44	357	0	0	0	410	0	-0	0	0	0	-0	0	-0	0.012	0.076
180.6	NaN	822	NaN	593	0	45	361	0	0	0	407	0	-0	0	-0	0	-0	0	-0	0.01	0.059
180.7	NaN	832	NaN	594	0	44	360	0	0	0	407	0	0	-0	0	0	0	0	0	0.011	0.065
180.8	NaN	832	NaN	590	0	44	361	0	0	0	408	0	-0	0	-0	0	-0	0	-0	0.009	0.074
180.9	NaN	826	NaN	591	0	44	358	0	0	0	406	0	-0	0	-0	0	-0	0	-0	0.009	0.093
181	NaN	831	NaN	590	0	44	357	0	0	0	408	0	-0	0	-0	0	-0	0	-0	0.007	0.077
181.1	NaN	818	NaN	590	0	43	363	0	0	0	408	0	0	-0	0	0	-0	-0	-0	0.007	0.066
181.2	NaN	817	NaN	590	0	46	364	0	0	0	408	0	-0	0	-0	0	0	0	0	0.01	0.078
181.3	NaN	817	NaN	592	0	46	362	0	0	0	409	0	-0	-0	-0	0	-0	0	-0	0.01	0.082
181.4	NaN	831	NaN	591	0	46	362	0	0	0	408	0	-0	-0	-0	0	0	0	-0	0.01	0.079
181.5	NaN	816	NaN	593	0	45	362	0	0	0	409	0	0	0	-0	0	0	0	-0	0.011	0.072
181.6	NaN	827	NaN	593	0	44	359	0	0	0	408	0	-0	0	-0	0	-0	0	0	0.009	0.056
181.7	NaN	830	NaN	592	0	43	358	0	0	0	409	0	-0	0	-0	0	-0	0	-0	0.009	0.083
181.8	NaN	831	NaN	592	0	43	357	0	0	0	407	0	-0	0	-0	0	-0	0	-0	0.01	0.051
181.9	NaN	830	NaN	592	0	46	360	0	0	0	405	0	-0	0	-0	0	0	-0	-0	0.011	0.08
182	NaN	818	NaN	588	0	46	363	0	0	0	408	0	-0	0	0	0	-0	-0	-0	0.011	0.05
182.1	NaN	832	NaN	590	0	46	358	0	0	0	408	0	0	0	-0	-0	0	-0	0	0.012	0.056
182.2	NaN	820	NaN	591	0	44	364	0	0	0	408	0	-0	0	-0	0	-0	0	-0	0.01	0.073
182.3	NaN	832	NaN	589	0	44	357	0	0	0	409	-0	-0	0	-0	0	-0	0	-0	0.01	0.075
182.4	NaN	830	NaN	590	0	45	362	0	0	0	408	-0	-0	-0	0	0	-0	0	-0	0.012	0.062
182.5	NaN	831	NaN	590	0	46	358	0	0	0	408	0	-0	0	0	0	0	0	0	0.013	0.082
182.6	NaN	818	NaN	591	0	43	360	0	0	0	409	0	0	-0	0	0	-0	-0	0	0.013	0.086
182.7	NaN	823	NaN	591	0	44	358	0	0	0	408	0	-0	0	-0	0	-0	0	-0	0.013	0.092
182.8	NaN	827	NaN	591	0	44	358	0	0	0	409	0	-0	0	-0	0	-0	0	-0	0.012	0.099
182.9	NaN	816	NaN	592	0	44	364	0	0	0	409	0	0	0	0	0	0	-0	-0	0.012	0.061
183	NaN	817	NaN	591	0	44	364	0	0	0	408	0	-0	0	0	0	-0	0	-0	0.011	0.08
183.1	NaN	828	NaN	590	0	45	357	0	0	0	408	0	-0	0	-0	0	0	0	0	0.011	0.072
183.2	NaN	815	NaN	589	0	43	360	0	0	0	408	0	0	-0	0	0	-0	0	0	0.01	0.069
183.3	NaN	825	NaN	590	0	44	357	0	0	0	408	0	-0	0	-0	0	-0	0	0	0.009	0.09
183.4	NaN	812	NaN	590	0	46	362	0	0	0	408	0	-0	0	0	0	0	-0	-0	0.011	0.095
183.5	NaN	821	NaN	589	0	46	360	0	0	0	408	0	0	0	0	0	0	0	0	0.011	0.083
183.6	NaN	816	NaN	590	0	43	362	0	0	0	408	0	-0	0	-0	0	-0	0	-0	0.008	0.088
183.7	NaN	811	NaN	587	0	44	359	0	0	0	409	0	0	0	-0	0	-0	0	-0	0.009	0.074
183.8	NaN	821	NaN	589	0	46	357	0	0	0	408	0	0	0	-0	-0	0	0	0	0.008	0.064
183.9	NaN	823	NaN	591	0	44	358	0	0	0	409	0	-0	0	-0	0	-0	0	-0	0.008	0.09
184	NaN	812	NaN	590	0	44	362	0	0	0	409	0	-1	0	-1	0	-0	0	-1	0.007	0.074
184.1	NaN	819	NaN	589	0	44	363	0	0	0	409	0	0	0	0	0	0	0	0	0.008	0.041
184.2	NaN	819	NaN	589	0	44	358	0	0	0	409	-0	0	0	-0	0	0	0	0	0.007	0.084
184.3	NaN	814	NaN	589	0	44	363	0	0	0	409	0	0	0	0	0	0	0	0	0.007	0.071
184.4	NaN	812	NaN	591	0	44	362	0	0	0	409	0	0	0	-0	0	-0	0	-0	0.008	0.038
184.5	NaN	813	NaN	590	0	44	364	0	0	0	409	-0	-1	0	-0	0	-0	0	-0	0.007	0.095
184.6	NaN	827	NaN	591	0	44	355	0	0	0	409	0	0	-0	0	0	0	0	0	0.008	0.029
184.7	NaN	829	NaN	587	0	44	356	0	0	0	409	0	0	0	0	0	0	-0	0	0.008	0.114
184.8	NaN	813	NaN	588	0	44	360	0	0	0	409	-0	-0	0	-0	-0	-1	0	-0	0.004	0.068
184.9	NaN	812	NaN	588	0	44	361	0	0	0	409	0	-0	0	0	0	0	0	0	0.005	0.054
185	NaN	810	NaN	588	0	44	362	0	0	0	409	0	0	0	0	0	0	-0	0	0.006	0.11
185.1	NaN	826	NaN	588	0	44	364	0	0	0	409	0	-0	0	-0	0	-0	0	-0	0.004	0.068
185.2	NaN	825	NaN	587	0	44	358	0	0	0	409	0	0	-0	0	0	-0	0	0	0.002	0.026
185.3	NaN	815	NaN	588	0	44	364	0	0	0	409	-0	0	0	0	0	0	0	-0	0.002	0.111
185.4	NaN	815	NaN	588	0	44	363	0	0	0	409	0	-0	0	-0	0	-0	0	-0	0.005	0.087
185.5	NaN	821	NaN	588	0	44	358	0	0	0	409	-0	-0	-0	-0	0	-0	-0	-0	0.005	0.05
185.6	NaN	823	NaN	588	0	44	358	0	0	0	409	-0	-0	0	-0	0	-0	0	-0	0.008	0.036
185.7	NaN	819	NaN	588	0	44	358	0	0	0	409	0	0	-0	0	0	0	-0	0	0.009	0.063
185.8	NaN	811	NaN	588	0	44	365	0	0	0	409	-0	0	-0	-0	0	-0	0	0	0.003	0.098
185.9	NaN	826	NaN	587	0	0	356	0	0	0	408	0	0	0	0	0	0	0	-0	0.003	0.08
186	NaN	813	NaN	589	0	0	359	0	0	0	408	-0	0	0	-0	0	-0	0	-0	-0.003	0.069
186.1	NaN	811	NaN	589	0	0	362	0	0	0	408	0	0	-0	-0	-0	-0	0	-0	-0.004	0.072
186.2	NaN	817	NaN	588	0	0	362	0	0	0	408	-0	0	-0	0	0	-0	-0	-0	-0.004	0.06
186.3	NaN	810	NaN	587	0	0	361	0	0	0	408	0	0	0	0	0	0	0	-0	-0.004	0.101
186.4	NaN	815	NaN	588	0	0	361	0	0	0	408	0	-0	0	-0	0	-0	0	-0	-0.003	0.056
186.5	NaN	822	NaN	588	0	0	360	0	0	0	408	0	-0	-0	0	0	-0	-0	-0	-0.004	0.076
186.6	NaN	821	NaN	587	0	0	357	0	0	0	408	0	-0	-0	0	0	0	0	-0	-0.006	0.073
186.7	NaN	819	NaN	588	0	0	360	0	0	0	408	0	0	0	0	0	0	0	0	-0.005	0.088
186.8	NaN	823	NaN	589	0	0	357	0	0	0	408	0	-0	0	-0	0	-0	0	-0	-0.004	0.057
186.9	NaN	809	NaN	589	0	0	362	0	0	0	408	-0	0	0	0	0	0	0	0	-0.003	0.031
187	NaN	819	NaN	588	0	0	358	0	0	0	408	0	0	0	-0	0	0	0	-0	-0.01	0.137
187.1	NaN	809	NaN	588	0	0	363	0	0	0	408	0	-0	0	-0	0	-0	0	0	-0.011	0.086
187.2	NaN	810	NaN	587	0	0	363	0	0	0	408	0	0	0	-0	0	-0	0	-0	-0.002	0.069
187.3	NaN	822	NaN	589	0	0	360	0	0	0	408	0	-0	0	0	0	0	0	-0	-0.002	0.087
187.4	NaN	807	NaN	588	0	0	362	0	0	0	408	0	0	-0	-1	0	0	0	-1	-0.003	0.099
187.5	NaN	809	NaN	586	0	0	362	0	0	0	408	-0	0	0	-0	0	-0	0	-0	-0.002	0.061
187.6	NaN	822	NaN	589	0	0	358	0	0	0	408	0	-0	-0	-0	0	-0	-0	-0	-0.005	0.068
187.7	NaN	812	NaN	589	0	0	363	0	0	0	408	0	-0	0	-0	0	-0	0	-1	-0.005	0.082
187.8	NaN	817	NaN	588	0	0	359	0	0	0	408	0	-0	0	-0	0	0	0	0	-0.003	0.007
187.9	NaN	822	NaN	590	0	0	358	0	0	0	408	0	0	0	0	0	-0	0	-0	-0.003	0.132
188	NaN	808	NaN	589	0	43	361	0	0	0	407	-0	0	-0	-0	0	0	0	-0	-0.003	0.026
188.1	NaN	822	NaN	586	0	43	357	0	0	0	407	0	-0	-0	-0	0	-0	0	-0	-0.003	0.146
188.2	NaN	812	NaN	587	0	46	364	0	0	0	408	0	0	0	-1	0	0	0	-0	-0.005	0.032
188.3	NaN	812	NaN	587	0	44	360	0	0	0	406	0	-0	-0	0	0	-0	0	0	-0.003	0.096
188.4	NaN	807	NaN	587	0	46	363	0	0	0	408	0	0	0	-0	0	0	0	-0	-0.004	0.074
188.5	NaN	810	NaN	585	0	45	365	0	0	0	405	0	-0	-0	0	0	-0	0	0	-0.002	0.139
188.6	NaN	820	NaN	587	0	43	357	0	0	0	406	0	-0	0	-0	0	-0	0	-0	-0.007	0.047
188.7	NaN	809	NaN	586	0	43	358	0	0	0	408	0	-0	-0	0	0	-0	-0	0	-0.003	0.134
188.8	NaN	819	NaN	588	0	46	363	0	0	0	407	0	-0	0	-0	0	-0	-0	-0	-0.006	0.03
188.9	NaN	814	NaN	588	0	44	363	0	0	0	409	0	-0	-0	0	0	-0	0	0	-0.004	0.093
189	NaN	817	NaN	587	0	45	358	0	0	0	409	-0	-0	0	0	0	-0	0	-0	-0.007	0.078
189.1	NaN	814	NaN	587	0	44	363	0	0	0	409	-0	-0	0	-0	0	0	0	-0	-0.007	0.082
189.2	NaN	811	NaN	586	0	43	356	0	0	0	406	-0	-0	0	-0	0	0	0	0	-0.008	0.053
189.3	NaN	813	NaN	587	0	46	363	0	0	0	406	-0	-0	0	-0	0	-0	-0	-0	-0.008	0.053
189.4	NaN	811	NaN	587	0	43	362	0	0	0	407	0	0	0	-0	0	0	0	0	-0.008	0.066
189.5	NaN	805	NaN	586	0	46	361	0	0	0	406	0	0	0	0	0	-0	0	-0	-0.009	0.088
189.6	NaN	805	NaN	587	0	43	361	0	0	0	408	0	-0	0	-0	0	-0	0	-0	-0.008	0.061
189.7	NaN	819	NaN	588	0	47	358	0	0	0	407	0	0	-0	-0	0	0	0	0	-0.008	0.108
189.8	NaN	815	NaN	586	0	44	364	0	0	0	407	0	0	0	0	0	0	0	0	-0.01	0.104
189.9	NaN	808	NaN	587	0	45	363	0	0	0	407	0	-0	0	-0	0	0	0	0	-0.01	0.089
190	NaN	816	NaN	586	0	43	363	0	0	0	407	0	-0	0	-0	-0	-0	0	-0	-0.009	0.05
190.1	NaN	818	NaN	587	0	44	360	0	0	0	406	0	0	0	0	0	0	0	0	-0.007	0.071
190.2	NaN	810	NaN	586	0	43	360	0	0	0	406	0	0	0	-0	0	0	0	-0	-0.009	0.126
190.3	NaN	815	NaN	586	0	44	359	0	0	0	408	0	-0	0	-0	-0	-0	0	-0	-0.01	0.093
190.4	NaN	817	NaN	588	0	46	357	0	0	0	408	0	0	0	0	0	0	0	0	-0.004	0.074
190.5	NaN	819	NaN	584	0	46	358	0	0	0	407	0	-0	-0	-0	0	0	0	0	-0.004	0.08
190.6	NaN	809	NaN	586	0	45	358	0	0	0	406	0	-0	0	-0	0	-0	0	-0	-0.006	0.072
190.7	NaN	819	NaN	586	0	44	358	0	0	0	409	0	-0	0	0	-0	-0	-0	-0	-0.006	0.059
190.8	NaN	815	NaN	586	0	44	358	0	0	0	407	0	0	0	0	0	0	0	0	-0.008	0.123
190.9	NaN	805	NaN	586	0	44	363	0	0	0	408	0	-0	0	-0	0	-0	0	-0	-0.009	0.1
191	NaN	818	NaN	585	0	45	359	0	0	0	408	0	0	0	0	0	0	-0	0	-0.011	0.042
191.1	NaN	806	NaN	584	0	43	359	0	0	0	408	0	0	0	0	0	0	-0	-0	-0.01	0.086
191.2	NaN	818	NaN	585	0	44	358	0	0	0	406	0	0	0	-0	0	0	0	-0	-0.009	0.125
191.3	NaN	815	NaN	586	0	44	358	0	0	0	405	0	-0	0	-0	0	-0	0	0	-0.009	0.068
191.4	NaN	815	NaN	586	0	44	358	0	0	0	409	0	-0	0	-0	0	-0	0	-0	-0.011	0.051
191.5	NaN	806	NaN	585	0	44	357	0	0	0	407	0	0	0	0	0	0	0	0	-0.011	0.079
191.6	NaN	804	NaN	584	0	44	359	0	0	0	408	0	-0	0	0	0	0	0	-0	-0.01	0.096
191.7	NaN	811	NaN	587	0	44	360	0	0	0	408	0	-0	0	-0	0	-0	0	0	-0.01	0.098
191.8	NaN	804	NaN	582	0	46	364	0	0	0	406	0	0	0	0	0	0	0	-0	-0.009	0.073
191.9	NaN	804	NaN	585	0	46	365	0	0	0	409	0	0	0	-0	-0	0	0	0	-0.009	0.064
192	NaN	799	NaN	584	0	46	362	0	0	0	409	0	-0	0	-0	-0	-0	0	-0	-0.008	0.071
192.1	NaN	815	NaN	584	0	43	356	0	0	0	408	0	0	0	0	0	0	0	0	-0.008	0.063
192.2	NaN	808	NaN	584	0	45	362	0	0	0	409	0	0	0	0	0	0	0	-0	-0.005	0.076
192.3	NaN	815	NaN	584	0	44	356	0	0	0	407	0	0	-0	-0	0	-0	0	0	-0.006	0.067
192.4	NaN	815	NaN	585	0	43	359	0	0	0	407	0	-0	0	-0	0	-0	0	-0	-0.005	0.061
192.5	NaN	812	NaN	584	0	45	363	0	0	0	407	0	0	-0	-0	0	0	0	-0	-0.005	0.078
192.6	NaN	814	NaN	583	0	45	363	0	0	0	408	-0	0	-0	0	0	0	0	0	-0.005	0.093
192.7	NaN	803	NaN	585	0	46	363	0	0	0	408	0	-0	0	-0	0	-0	0	-0	-0.006	0.097
192.8	NaN	805	NaN	584	0	46	363	0	0	0	408	0	-0	0	0	0	-0	0	-0	-0.008	0.04
192.9	NaN	802	NaN	582	0	46	363	0	0	0	409	0	0	-0	0	0	0	0	0	-0.007	0.064
193	NaN	801	NaN	585	0	45	360	0	0	0	408	0	0	0	0	0	0	0	0	-0.008	0.084
193.1	NaN	805	NaN	583	0	45	363	0	0	0	406	0	-0	-0	0	0	-0	0	-0	-0.008	0.057
193.2	NaN	803	NaN	586	0	45	362	0	0	0	408	0	0	0	0	0	0	0	0	-0.007	0.054
193.3	NaN	801	NaN	586	0	46	363	0	0	0	407	0	-0	-0	-0	0	-0	0	-0	-0.007	0.105
193.4	NaN	806	NaN	584	0	45	363	0	0	0	409	0	0	0	0	-0	0	-0	0	-0.006	0.048
193.5	NaN	798	NaN	586	0	46	364	0	0	0	409	0	-0	-0	0	0	0	0	-0	-0.006	0.111
193.6	NaN	803	NaN	585	0	44	360	0	0	0	409	0	0	0	0	0	-0	-0	0	-0.003	0.068
193.7	NaN	803	NaN	584	0	45	364	0	0	0	408	0	0	-0	-0	0	0	0	0	-0.003	0.089
193.8	NaN	806	NaN	585	0	44	359	0	0	0	407	0	-0	0	-0	0	-0	0	-0	-0.007	0.06
193.9	NaN	805	NaN	584	0	44	359	0	0	0	408	0	0	0	0	0	0	0	-0	-0.006	0.073
194	NaN	807	NaN	585	0	44	359	0	0	0	408	0	-0	-0	-0	0	-0	0	-0	-0.007	0.12
194.1	NaN	810	NaN	582	0	44	362	0	0	0	407	0	0	0	-0	0	-0	0	-0	-0.008	0.05
194.2	NaN	802	NaN	582	0	46	363	0	0	0	409	0	0	0	0	0	-0	0	-0	-0.002	0.063
194.3	NaN	809	NaN	581	0	43	357	0	0	0	408	-0	0	0	-0	-0	-0	0	0	-0.003	0.097
194.4	NaN	796	NaN	581	0	44	360	0	0	0	408	0	-0	-0	-0	0	-0	0	-0	-0.003	0.099
194.5	NaN	798	NaN	581	0	46	358	0	0	0	408	0	0	0	0	0	0	0	-0	-0.003	0.055
194.6	NaN	810	NaN	582	0	46	363	0	0	0	407	0	0	-0	0	0	0	0	-0	-0.003	0.075
194.7	NaN	800	NaN	584	0	44	358	0	0	0	409	0	-0	0	0	0	-0	0	-0	-0.004	0.074
194.8	NaN	797	NaN	584	0	45	363	0	0	0	409	0	0	0	0	0	0	0	0	-0.004	0.066
194.9	NaN	795	NaN	585	0	46	357	0	0	0	408	0	-0	0	-0	0	0	0	-0	-0.005	0.088
195	NaN	795	NaN	583	0	44	356	0	0	0	409	0	-0	0	-0	0	0	0	-0	-0.005	0.016
195.1	NaN	809	NaN	584	0	46	359	0	0	0	409	0	-0	0	-0	0	-0	0	-0	-0.005	0.136
195.2	NaN	808	NaN	583	0	44	359	0	0	0	408	0	-0	0	0	0	-0	-0	-0	-0.001	0.037
195.3	NaN	808	NaN	580	0	46	357	0	0	0	408	-0	-0	-0	-0	0	-0	0	-0	-0.001	0.014
195.4	NaN	804	NaN	583	0	45	358	0	0	0	409	0	0	-0	0	0	0	0	0	-0.003	0.113
195.5	NaN	802	NaN	582	0	46	361	0	0	0	408	-0	-0	0	-0	0	-0	0	-0	-0.005	0.062
195.6	NaN	801	NaN	581	0	45	362	0	0	0	408	0	0	-0	0	0	-0	-0	0	-0.002	0.102
195.7	NaN	805	NaN	582	0	46	362	0	0	0	408	0	-0	0	-0	0	-0	0	-0	-0.004	0.074
195.8	NaN	793	NaN	583	0	43	357	0	0	0	407	0	-0	-0	0	0	-0	0	-0	-0.003	0.082
195.9	NaN	804	NaN	582	0	46	362	0	0	0	408	0	0	0	0	0	0	0	-0	-0.002	0.073
196	NaN	801	NaN	582	0	45	361	0	0	0	408	0	0	0	-0	0	-0	0	-0	-0.001	0.071
196.1	NaN	798	NaN	582	0	43	360	0	0	0	408	-0	-0	0	-0	0	0	0	0	-0.001	0.05
196.2	NaN	800	NaN	583	0	45	364	0	0	0	408	-0	0	-0	0	0	0	0	0	-0.002	0.086
196.3	NaN	800	NaN	583	0	45	361	0	0	0	405	-0	-0	0	-0	0	0	0	0	-0.002	0.041
196.4	NaN	797	NaN	584	0	45	361	0	0	0	407	0	0	0	0	0	0	-0	0	0.001	0.051
196.5	NaN	807	NaN	582	0	44	356	0	0	0	409	0	-0	0	-0	0	0	0	0	0.001	0.084
196.6	NaN	808	NaN	580	0	43	358	0	0	0	408	0	0	0	-0	0	0	0	-0	-0.002	0.074
196.7	NaN	803	NaN	583	0	44	360	0	0	0	407	0	0	0	-0	0	0	0	-0	-0.002	0.096
196.8	NaN	793	NaN	583	0	45	361	0	0	0	407	0	-0	0	0	0	-0	0	-0	-0.004	0.08
196.9	NaN	806	NaN	582	0	46	363	0	0	0	409	0	-0	0	-0	0	-0	0	-0	-0.003	0.067
197	NaN	792	NaN	583	0	47	363	0	0	0	408	0	-0	0	-0	-0	0	0	-0	-0	0.061
197.1	NaN	792	NaN	583	0	43	358	0	0	0	409	-0	-0	-0	-0	0	0	0	-0	-0	0.047
197.2	NaN	796	NaN	582	0	45	361	0	0	0	406	0	0	0	0	0	-0	0	0	-0.003	0.073
197.3	NaN	806	NaN	582	0	43	357	0	0	0	408	-0	0	-0	0	0	-0	0	0	-0.002	0.097
197.4	NaN	793	NaN	581	0	46	360	0	0	0	408	-0	-0	0	0	0	-0	0	-0	-0.002	0.088
197.5	NaN	804	NaN	583	0	43	359	0	0	0	408	0	0	-0	-0	0	-0	0	-0	-0.001	0.048
197.6	NaN	797	NaN	583	0	45	365	0	0	0	409	0	0	0	0	0	0	0	0	0.003	0.061
197.7	NaN	797	NaN	581	0	45	365	0	0	0	409	0	-0	0	-0	0	-0	0	-0	0.003	0.074
197.8	NaN	803	NaN	582	0	44	357	0	0	0	408	0	-0	0	-0	0	-0	0	0	-0	0.067
197.9	NaN	790	NaN	581	0	46	364	0	0	0	409	-0	0	0	0	0	0	0	0	0	0.078
198	NaN	788	NaN	581	0	43	359	0	0	0	408	0	-0	0	-0	0	0	-0	0	0.004	0.072
198.1	NaN	804	NaN	582	0	43	357	0	0	0	408	0	-0	-0	-0	0	-0	-0	-0	0.004	0.08
198.2	NaN	791	NaN	583	0	43	357	0	0	0	408	0	0	0	-0	0	0	0	-0	0.006	0.098
198.3	NaN	801	NaN	582	0	44	357	0	0	0	408	-0	0	0	-0	-0	-0	-0	-0	0.006	0.068
198.4	NaN	803	NaN	580	0	43	357	0	0	0	407	0	0	0	0	0	-0	0	-0	0.005	0.042
198.5	NaN	789	NaN	581	0	44	362	0	0	0	408	0	-0	-0	0	0	0	-0	0	0.004	0.065
198.6	NaN	800	NaN	580	0	46	359	0	0	0	409	0	-0	0	0	0	0	-0	-0	0.003	0.084
198.7	NaN	796	NaN	581	0	45	360	0	0	0	407	0	0	0	-0	0	-0	0	-0	0.003	0.055
198.8	NaN	790	NaN	581	0	44	363	0	0	0	409	0	0	-0	-0	0	0	-0	0	0.002	0.094
198.9	NaN	794	NaN	580	0	45	359	0	0	0	409	-0	-0	0	0	0	-0	0	0	0.002	0.1
199	NaN	802	NaN	580	0	43	358	0	0	0	409	0	-0	0	0	0	-0	0	-0	0.002	0.082
199.1	NaN	794	NaN	580	0	43	364	0	0	0	408	0	-0	0	-0	0	0	0	-0	0.003	0.078
199.2	NaN	792	NaN	580	0	45	361	0	0	0	408	0	0	-0	0	0	0	-0	-0	-0.001	0.085
199.3	NaN	803	NaN	581	0	45	358	0	0	0	408	0	-0	0	-0	0	-0	0	0	-0.001	0.066
199.4	NaN	804	NaN	579	0	43	356	0	0	0	408	0	0	0	-0	0	0	0	0	0.002	0.071
199.5	NaN	795	NaN	580	0	45	358	0	0	0	408	0	-0	0	0	0	0	0	0	0.002	0.085
199.6	NaN	793	NaN	580	0	46	365	0	0	0	409	-0	-0	-0	0	0	-0	0	0	0.003	0.092
199.7	NaN	797	NaN	580	0	43	360	0	0	0	409	0	0	-0	0	0	-0	-0	0	0.004	0.069
199.8	NaN	803	NaN	580	0	43	358	0	0	0	406	0	0	0	-0	0	-0	0	0	0.002	0.07
199.9	NaN	789	NaN	580	0	44	363	0	0	0	408	0	-0	0	-0	0	-0	0	-0	0.001	0.062
200	NaN	791	NaN	582	0	45	357	0	0	0	409	0	0	0	-0	0	0	0	0	0.005	0.079
200.1	NaN	799	NaN	579	0	43	362	0	0	0	408	0	0	0	-0	0	-0	-0	0	0.004	0.09
200.2	NaN	788	NaN	580	0	46	361	0	0	0	406	0	-0	0	-0	0	-0	0	-0	0.002	0.065
200.3	NaN	800	NaN	579	0	44	361	0	0	0	407	-0	-0	0	-0	0	-0	0	-0	0.002	0.071
200.4	NaN	789	NaN	580	0	43	361	0	0	0	408	0	0	-0	0	0	0	0	0	-0.004	0.065
200.5	NaN	791	NaN	580	0	44	356	0	0	0	407	0	-0	-0	0	0	-0	0	-0	-0.005	0.076
200.6	NaN	803	NaN	581	0	44	358	0	0	0	406	-0	-0	0	0	0	-0	0	0	-0.002	0.088
200.7	NaN	786	NaN	580	0	45	362	0	0	0	407	0	-0	-0	0	0	-0	0	-0	-0.001	0.067
200.8	NaN	791	NaN	580	0	44	360	0	0	0	407	0	0	-0	-0	0	-0	0	0	-0.002	0.092
200.9	NaN	787	NaN	579	0	45	357	0	0	0	406	0	0	0	-0	0	-0	0	0	-0.002	0.053
201	NaN	798	NaN	579	0	46	359	0	0	0	409	0	0	0	0	0	0	0	0	-0.004	0.107
201.1	NaN	786	NaN	580	0	46	357	0	0	0	408	-0	0	-0	0	0	0	0	-0	-0.004	0.083
201.2	NaN	799	NaN	580	0	44	360	0	0	0	409	0	-0	0	-0	0	-0	0	-0	-0.004	0.088
201.3	NaN	792	NaN	579	0	45	360	0	0	0	407	0	-0	-0	-0	0	0	0	-0	-0.003	0.102
201.4	NaN	794	NaN	578	0	45	363	0	0	0	407	0	0	0	-0	-0	0	0	-0	-0.001	0.093
201.5	NaN	796	NaN	579	0	45	361	0	0	0	409	-0	-0	0	0	0	0	-0	0	-0.002	0.086
201.6	NaN	802	NaN	580	0	43	357	0	0	0	408	0	0	-0	0	0	-0	0	-0	0.002	0.101
201.7	NaN	786	NaN	580	0	46	363	0	0	0	409	0	0	0	0	0	0	0	0	0.003	0.123
201.8	NaN	802	NaN	579	0	43	360	0	0	0	408	0	-0	0	-0	0	-0	0	0	0.001	0.1
201.9	NaN	800	NaN	580	0	44	359	0	0	0	408	0	-0	0	0	0	-0	0	0	0	0.048
202	NaN	795	NaN	580	0	44	360	0	0	0	409	0	-0	-0	-0	0	-0	-0	0	0.001	0.067
202.1	NaN	786	NaN	579	0	45	362	0	0	0	408	-0	0	-0	0	0	0	0	0	0.002	0.077
202.2	NaN	786	NaN	579	0	45	363	0	0	0	409	0	-0	0	-0	-0	-0	0	-0	-0	0.081
202.3	NaN	787	NaN	580	0	44	357	0	0	0	408	0	0	0	-0	0	-0	0	-0	-0	0.037
202.4	NaN	793	NaN	579	0	45	360	0	0	0	407	0	0	-0	0	0	0	0	-0	-0	0.088
202.5	NaN	801	NaN	578	0	45	360	0	0	0	409	0	-0	0	0	0	-0	0	-0	-0.001	0.092
202.6	NaN	794	NaN	579	0	45	361	0	0	0	408	0	-0	-0	0	0	-0	0	0	-0.001	0.076
202.7	NaN	799	NaN	579	0	44	363	0	0	0	408	0	0	0	0	0	0	0	0	-0	0.075
202.8	NaN	788	NaN	579	0	45	363	0	0	0	409	0	0	0	0	0	0	-0	0	-0.003	0.083
202.9	NaN	787	NaN	579	0	43	362	0	0	0	408	0	-0	0	-0	0	-0	0	-0	-0.003	0.101
203	NaN	789	NaN	578	0	46	360	0	0	0	409	-0	0	0	0	0	0	0	0	-0.001	0.067
203.1	NaN	790	NaN	578	0	45	365	0	0	0	408	-0	0	0	0	0	0	0	0	-0.001	0.085
203.2	NaN	785	NaN	579	0	45	362	0	0	0	408	-0	-0	0	-0	0	-0	0	0	-0.002	0.086
203.3	NaN	799	NaN	579	0	44	356	0	0	0	409	0	-0	0	-0	0	-0	0	-0	-0.001	0.062
203.4	NaN	799	NaN	579	0	43	363	0	0	0	408	0	0	0	0	0	0	0	0	0.001	0.077
203.5	NaN	793	NaN	579	0	44	363	0	0	0	408	0	0	-0	0	0	0	-0	-0	0	0.118
203.6	NaN	794	NaN	578	0	43	360	0	0	0	406	0	-0	0	-0	0	-0	0	0	0	0.074
203.7	NaN	787	NaN	579	0	44	363	0	0	0	409	0	0	0	0	0	-0	0	-0	0.001	0.066
203.8	NaN	798	NaN	578	0	46	357	0	0	0	408	0	0	-0	0	0	0	0	0	0	0.059
203.9	NaN	789	NaN	580	0	44	363	0	0	0	408	0	-0	0	-0	0	-0	0	-0	-0	0.09
204	NaN	786	NaN	579	0	46	360	0	0	0	409	0	-0	-0	-0	0	0	0	-0	-0	0.08
204.1	NaN	792	NaN	581	0	45	359	0	0	0	408	0	0	0	0	0	0	0	0	0	0.089
204.2	NaN	790	NaN	579	0	46	361	0	0	0	408	-0	-0	0	-0	0	0	0	-0	-0.002	0.099
204.3	NaN	788	NaN	580	0	44	363	0	0	0	408	0	0	0	-0	0	0	0	-0	-0.002	0.066
204.4	NaN	798	NaN	578	0	43	364	0	0	0	409	0	0	0	0	0	-0	0	0	0	0.062
204.5	NaN	795	NaN	579	0	46	363	0	0	0	409	0	0	0	0	0	0	-0	0	0.001	0.086
204.6	NaN	783	NaN	578	0	46	359	0	0	0	408	0	-0	0	-0	0	-0	0	-0	-0.003	0.124
204.7	NaN	796	NaN	580	0	44	357	0	0	0	408	0	0	-0	0	0	-0	-0	-0	-0.002	0.073
204.8	NaN	794	NaN	577	0	46	359	0	0	0	408	0	0	0	0	0	-0	0	-0	0.005	0.083
204.9	NaN	798	NaN	577	0	45	356	0	0	0	408	0	0	0	-0	-0	-0	-0	0	0.005	0.091
205	NaN	793	NaN	577	0	45	358	0	0	0	406	0	-0	0	0	0	0	0	0	0.006	0.064
205.1	NaN	787	NaN	578	0	45	362	0	0	0	408	0	0	0	-0	0	0	0	-0	0.006	0.06
205.2	NaN	789	NaN	577	0	46	357	0	0	0	408	0	-0	0	-0	0	-0	0	-0	0.01	0.092
205.3	NaN	797	NaN	577	0	43	360	0	0	0	409	-0	0	0	-0	-0	-0	0	0	0.011	0.126
205.4	NaN	785	NaN	580	0	46	360	0	0	0	408	0	-0	-0	-0	0	-0	0	-0	0.011	0.041
205.5	NaN	787	NaN	578	0	44	359	0	0	0	408	0	0	-0	-0	0	0	0	-0	0.013	0.05
205.6	NaN	791	NaN	578	0	43	359	0	0	0	408	0	-0	-0	0	0	-0	0	0	0.01	0.072
205.7	NaN	785	NaN	578	0	46	363	0	0	0	409	-0	-0	0	-0	0	-0	0	-0	0.01	0.096
205.8	NaN	798	NaN	578	0	44	358	0	0	0	405	-0	0	-0	0	-0	0	-0	0	0.015	0.083
205.9	NaN	785	NaN	579	0	46	359	0	0	0	407	0	-0	0	0	0	-0	0	0	0.014	0.065
206	NaN	791	NaN	578	0	45	357	0	0	0	408	0	0	0	0	0	-0	0	0	0.015	0.052
206.1	NaN	789	NaN	579	0	44	359	0	0	0	409	0	-0	0	-0	0	-0	0	-0	0.015	0.081
206.2	NaN	784	NaN	578	0	46	362	0	0	0	407	0	-0	0	-0	0	0	0	-0	0.013	0.093
206.3	NaN	792	NaN	580	0	45	360	0	0	0	408	0	0	-0	-0	0	0	-0	0	0.013	0.086
206.4	NaN	793	NaN	577	0	43	358	0	0	0	407	-0	0	0	0	0	0	0	0	0.013	0.068
206.5	NaN	787	NaN	578	0	43	358	0	0	0	409	0	-0	0	-0	0	0	-0	0	0.014	0.1
206.6	NaN	782	NaN	578	0	46	364	0	0	0	409	0	-0	0	-0	0	0	0	-0	0.015	0.064
206.7	NaN	780	NaN	577	0	43	363	0	0	0	409	-0	-0	-0	0	0	-0	0	-0	0.015	0.035
206.8	NaN	786	NaN	578	0	44	363	0	0	0	408	0	0	0	0	0	0	-0	0	0.014	0.086
206.9	NaN	787	NaN	577	0	45	360	0	0	0	408	-0	-0	0	-0	0	-0	0	0	0.013	0.089
207	NaN	780	NaN	577	0	46	358	0	0	0	409	0	0	0	0	0	0	-0	0	0.012	0.073
207.1	NaN	793	NaN	577	0	46	356	0	0	0	407	0	-0	-0	0	0	0	0	-0	0.012	0.047
207.2	NaN	786	NaN	578	0	43	356	0	0	0	409	0	0	0	-0	0	-0	-0	-0	0.007	0.098
207.3	NaN	784	NaN	578	0	43	358	0	0	0	408	-0	-0	0	0	-0	-0	0	-0	0.007	0.031
207.4	NaN	791	NaN	577	0	44	357	0	0	0	408	0	0	0	-0	0	0	0	0	0.007	0.076
207.5	NaN	792	NaN	577	0	46	356	0	0	0	408	0	0	0	-0	-0	-0	0	-0	0.008	0.087
207.6	NaN	786	NaN	577	0	43	364	0	0	0	408	0	-0	-0	-0	0	-0	0	-0	0.006	0.081
207.7	NaN	795	NaN	578	0	43	363	0	0	0	406	0	-0	0	0	0	-0	0	0	0.005	0.033
207.8	NaN	783	NaN	579	0	45	364	0	0	0	407	-0	0	0	0	0	0	0	0	0.005	0.093
207.9	NaN	791	NaN	578	0	44	358	0	0	0	408	-0	0	0	0	0	0	0	-0	0.004	0.066
208	NaN	778	NaN	578	0	46	362	0	0	0	409	-0	-0	0	-0	0	0	0	-0	0.006	0.084
208.1	NaN	781	NaN	578	0	43	361	0	0	0	409	0	0	0	-0	0	-0	0	-0	0.007	0.061
208.2	NaN	778	NaN	577	0	44	362	0	0	0	408	0	0	-0	-0	0	-0	-0	-0	0.007	0.063
208.3	NaN	779	NaN	570	0	44	361	0	0	0	408	0	0	0	0	0	0	0	0	0.007	0.074
208.4	NaN	781	NaN	578	0	46	363	0	0	0	408	0	-0	0	-0	0	-0	0	0	0.005	0.074
208.5	NaN	778	NaN	576	0	44	362	0	0	0	409	-0	0	0	0	0	0	0	0	0.005	0.094
208.6	NaN	783	NaN	576	0	43	364	0	0	0	409	0	0	0	0	0	-0	-0	-0	0.004	0.084
208.7	NaN	790	NaN	574	0	44	356	0	0	0	408	0	-0	0	-0	0	-0	0	-0	0.004	0.074
208.8	NaN	789	NaN	576	0	44	363	0	0	0	407	0	-0	0	0	0	-0	0	0	0.01	0.084
208.9	NaN	782	NaN	575	0	44	367	0	0	0	409	0	0	-0	0	0	0	0	0	0.01	0.079
209	NaN	784	NaN	575	0	45	360	0	0	0	409	-0	0	0	0	0	-0	-0	0	0.006	0.081
209.1	NaN	788	NaN	573	0	44	362	0	0	0	408	0	0	-0	-0	0	0	0	0	0.006	0.069
209.2	NaN	788	NaN	574	0	44	357	0	0	0	408	0	-0	0	-0	0	-0	0	-0	0.006	0.065
209.3	NaN	783	NaN	575	0	43	360	0	0	0	408	0	0	0	-0	0	0	0	0	0.007	0.068
209.4	NaN	791	NaN	574	0	44	358	0	0	0	409	0	-0	0	-0	0	-0	0	-0	0.003	0.112
209.5	NaN	780	NaN	575	0	43	363	0	0	0	408	0	-0	-0	-0	0	-0	0	-0	0.003	0.069
209.6	NaN	787	NaN	574	0	44	361	0	0	0	409	-0	0	0	0	0	0	0	0	0.003	0.034
209.7	NaN	780	NaN	574	0	46	360	0	0	0	408	0	-0	0	-0	0	0	0	0	0.003	0.107
209.8	NaN	780	NaN	576	0	44	358	0	0	0	408	0	0	0	-0	0	-0	0	-0	0.005	0.059
209.9	NaN	782	NaN	574	0	44	359	0	0	0	407	0	0	-0	0	0	-0	0	-0	0.006	0.07
210	NaN	789	NaN	574	0	45	360	0	0	0	408	-0	-0	0	0	0	0	0	0	0.003	0.06
210.1	NaN	778	NaN	575	0	46	361	0	0	0	404	0	0	0	0	0	0	0	0	0.004	0.09
210.2	NaN	778	NaN	574	0	45	364	0	0	0	408	0	-0	0	-0	0	-0	-0	-0	0.001	0.112
210.3	NaN	788	NaN	574	0	43	359	0	0	0	408	0	0	0	0	0	0	0	0	0.003	0.116
210.4	NaN	778	NaN	576	0	46	362	0	0	0	409	0	-0	0	-0	0	-0	0	-0	-0.004	0.113
210.5	NaN	781	NaN	574	0	45	364	0	0	0	410	-0	-0	0	-0	0	-0	0	0	-0.004	0.082
210.6	NaN	782	NaN	574	0	46	364	0	0	0	408	-0	0	0	0	0	0	0	0	0.001	0.111
210.7	NaN	777	NaN	575	0	43	361	0	0	0	408	0	-0	0	-0	0	-0	0	-0	-0.001	0.082
210.8	NaN	777	NaN	576	0	45	364	0	0	0	410	-0	-0	0	-0	0	0	0	0	-0.001	0.04
210.9	NaN	785	NaN	574	0	44	360	0	0	0	407	0	0	0	0	0	0	-0	-0	-0.001	0.07
211	NaN	788	NaN	573	0	47	361	0	0	0	406	-0	0	0	0	0	0	-0	0	-0.003	0.094
211.1	NaN	784	NaN	574	0	44	363	0	0	0	408	0	-0	0	-0	0	0	0	0	-0.004	0.089
211.2	NaN	788	NaN	575	0	46	358	0	0	0	408	0	0	0	-0	0	0	0	-0	-0.002	0.086
211.3	NaN	780	NaN	574	0	47	364	0	0	0	409	0	-0	0	-0	0	-0	0	-0	-0.002	0.09
211.4	NaN	787	NaN	574	0	47	358	0	0	0	408	0	-0	-0	0	0	-0	0	0	-0.006	0.078
211.5	NaN	786	NaN	575	0	46	359	0	0	0	409	0	0	0	0	0	0	-0	0	-0.007	0.101
211.6	NaN	782	NaN	574	0	46	362	0	0	0	409	0	-0	0	0	0	0	0	0	-0.007	0.079
211.7	NaN	782	NaN	575	0	45	367	0	0	0	410	-0	-0	0	-0	0	-0	0	-0	-0.008	0.075
211.8	NaN	788	NaN	574	0	45	374	0	0	0	414	0	-0	0	0	0	-0	0	-0	-0.006	0.027
211.9	NaN	772	NaN	575	0	47	393	0	0	0	428	0	0	-0	0	0	0	0	0	-0.006	0.053
212	NaN	785	NaN	574	0	44	403	0	0	0	443	0	-0	0	-0	0	-0	0	0	-0.009	0.07
212.1	NaN	780	NaN	577	0	44	411	0	0	0	448	-0	0	0	0	0	0	0	-0	-0.009	0.075
212.2	NaN	782	NaN	576	0	45	425	0	0	0	458	0	-0	0	-0	0	0	0	0	-0.007	0.104
212.3	NaN	775	NaN	574	0	47	435	0	0	0	471	0	-0	-0	-0	0	-0	0	-0	-0.007	0.062
212.4	NaN	785	NaN	576	0	45	447	0	0	0	481	0	0	0	0	0	0	0	0	-0.008	0.028
212.5	NaN	786	NaN	575	0	47	464	0	0	0	495	-0	0	0	-0	0	-0	0	-0	-0.008	0.066
212.6	NaN	779	NaN	574	0	46	474	0	0	0	502	-0	0	0	-0	0	0	0	0	-0.003	0.1
212.7	NaN	773	NaN	574	0	45	475	0	0	0	500	0	-0	0	-0	0	-0	0	0	-0.003	0.084
212.8	NaN	773	NaN	573	0	46	481	0	0	0	500	0	-0	-0	0	0	-0	-0	-0	-0.002	0.075
212.9	NaN	783	NaN	571	0	47	473	0	0	0	500	0	-0	0	0	0	-0	0	-0	-0.003	0.013
213	NaN	775	NaN	572	0	45	480	0	0	0	502	0	0	0	0	0	0	0	0	0	0.091
213.1	NaN	771	NaN	572	0	47	483	0	0	0	507	0	-0	0	-0	0	-0	-0	-0	-0.003	0.182
213.2	NaN	778	NaN	574	0	44	495	0	0	0	519	0	-0	-0	-0	0	-0	-0	-0	-0.003	-0.043
213.3	NaN	783	NaN	573	0	47	495	0	0	0	521	-0	0	0	0	0	0	0	0	0.001	0.045
213.4	NaN	781	NaN	573	0	45	498	0	0	0	519	0	0	0	-0	0	0	0	-0	0.002	0.145
213.5	NaN	770	NaN	572	0	46	496	0	0	0	517	-0	-0	0	-0	0	-0	0	-0	0	0.075
213.6	NaN	775	NaN	573	0	46	499	0	0	0	520	0	0	-0	0	0	0	-0	0	0.003	0.082
213.7	NaN	782	NaN	572	0	46	505	0	0	0	527	-0	-0	0	-0	0	-0	0	-0	0.004	0.065
213.8	NaN	771	NaN	572	0	47	510	0	0	0	530	0	0	0	0	0	0	0	-0	0.001	0.079
213.9	NaN	772	NaN	571	0	47	512	0	0	0	529	0	0	0	0	0	0	-0	0	0.002	0.105
214	NaN	771	NaN	572	0	46	505	0	0	0	528	-0	0	-0	-0	0	-0	0	0	-0	0.058
214.1	NaN	770	NaN	573	0	45	509	0	0	0	523	0	0	-0	-0	0	0	0	0	0	0.119
214.2	NaN	783	NaN	572	0	47	509	0	0	0	523	0	-0	0	-0	0	-0	0	0	-0.003	0.018
214.3	NaN	769	NaN	574	0	44	512	0	0	0	525	0	0	0	-0	0	0	-0	0	-0.002	0.14
214.4	NaN	771	NaN	573	0	46	516	0	0	0	537	0	-0	-0	0	0	-0	0	-0	-0.005	0.027
214.5	NaN	768	NaN	573	0	45	522	0	0	0	543	0	-0	0	0	0	-0	0	0	-0.006	0.005
214.6	NaN	1503	NaN	1538	0	46	517	0	0	0	541	0	0	0	-0	0	0	0	0	-0.001	0.078
214.7	NaN	1620	NaN	1624	0	46	513	0	0	0	541	0	0	-0	-0	0	0	0	0	-0.002	-0.043
214.8	NaN	1516	NaN	1599	0	45	518	0	0	0	532	0	0	0	-0	0	-0	0	0	-0.002	0.047
214.9	NaN	1627	NaN	1543	0	44	514	0	0	0	527	0	0	0	-0	0	-0	-0	-0	-0.004	-0.072
215	NaN	1603	NaN	1503	0	44	503	0	0	0	522	0	-0	-0	0	0	0	0	-0	-0.004	-0.072
215.1	NaN	1503	NaN	1735	0	46	477	0	0	0	489	-0	0	0	0	0	1	0	0	0.002	-0.11
215.2	NaN	1647	NaN	1923	0	47	439	0	0	0	463	0	-0	0	0	0	0	0	-0	0.005	0.054
215.3	NaN	1663	NaN	1546	0	46	414	0	0	0	440	0	-0	0	0	0	0	0	-0	0.004	0.049
215.4	NaN	1583	NaN	1491	0	46	382	0	0	0	416	-0	-0	0	0	0	-0	0	0	0.004	-0.033
215.5	NaN	1543	NaN	1481	0	45	359	0	0	0	405	0	-0	0	-0	0	0	0	0	0.004	0.143
215.6	NaN	1543	NaN	1480	0	46	356	0	0	0	400	0	-0	0	-1	-0	-0	0	-0	0.004	-0.033
215.7	NaN	1517	NaN	1545	0	47	357	0	0	0	403	0	0	-0	-0	0	0	0	0	0.002	-0.077
215.8	NaN	1513	NaN	1495	0	46	357	0	0	0	405	0	0	-0	-1	0	-0	-0	-0	0.002	0.228
215.9	NaN	1511	NaN	1552	0	44	352	0	0	0	405	0	-0	0	-0	0	-0	0	0	0.004	0.079
216	NaN	1544	NaN	1552	0	44	353	0	0	0	407	0	0	0	-0	0	-0	0	0	0.005	0.172
216.1	NaN	1491	NaN	1544	0	45	355	0	0	0	406	0	-0	0	-0	0	-0	0	-0	0.003	0.084
216.2	NaN	1503	NaN	1575	0	47	357	0	0	0	405	-0	0	0	-0	-0	-0	0	0	0.003	-0.051
216.3	NaN	1523	NaN	1564	0	45	355	0	0	0	407	0	0	0	0	0	-0	0	-0	0.003	0.103
216.4	NaN	1551	NaN	1565	0	47	357	0	0	0	406	0	0	0	-0	0	-0	-0	0	0.002	-0.038
216.5	NaN	1637	NaN	1584	0	46	354	0	0	0	407	0	0	-0	-0	0	-0	0	-0	0.001	-0.1
216.6	NaN	1547	NaN	1621	0	45	353	0	0	0	405	-0	0	0	0	0	-0	0	0	0.003	0.026
216.7	NaN	1563	NaN	1593	0	46	354	0	0	0	403	0	0	0	0	-0	-0	0	-0	0.002	-0.01
216.8	NaN	1511	NaN	1581	0	45	357	0	0	0	407	-0	0	0	1	0	-0	0	0	0.004	0.259
216.9	NaN	1489	NaN	1547	0	44	355	0	0	0	406	-0	0	0	0	0	-0	-0	-0	0.005	0.265
217	NaN	1594	NaN	1586	0	45	357	0	0	0	405	0	-0	0	0	0	-0	0	-0	0.004	0.194
217.1	NaN	1673	NaN	1561	0	44	356	0	0	0	404	0	0	0	-0	0	-0	0	-0	0.005	0.185
217.2	NaN	1587	NaN	1576	0	46	353	0	0	0	404	-0	-0	0	0	0	-0	-0	0	0.005	0.203
217.3	NaN	1541	NaN	1548	0	47	357	0	0	0	406	0	-0	0	-0	0	-0	0	-0	0.005	0.203
217.4	NaN	1476	NaN	1580	0	46	359	0	0	0	405	0	-0	0	-0	0	0	-0	-0	0.004	0.213
217.5	NaN	1361	NaN	1583	0	47	358	0	0	0	407	0	-0	0	-0	0	0	0	-0	0.004	-0.017
217.6	NaN	1577	NaN	1596	0	45	355	0	0	0	406	0	-0	0	0	-0	0	0	-0	0.005	0.264
217.7	NaN	1476	NaN	1611	0	44	357	0	0	0	404	0	-0	0	-1	0	0	0	0	0.005	0.264
217.8	NaN	1361	NaN	1605	0	45	354	7	3	0	407	0	-0	0	-0	-0	0	0	0	0.003	0.237
217.9	NaN	1354	NaN	1474	0	47	360	18	14	0	408	0	0	0	0	0	0	0	0	0.003	0.237
218	NaN	1200	NaN	1093	0	45	352	31	27	0	408	0	1	4	11	2	11	11	37	0.003	0.213
218.1	NaN	1163	NaN	907	0	45	354	33	29	0	407	3	66	12	73	9	65	32	71	0.11	1.16
218.2	NaN	1093	NaN	1003	0	45	357	33	29	0	407	3	115	12	158	8	116	31	137	0.206	1.401
218.3	NaN	1026	NaN	919	0	49	362	33	29	0	408	3	175	12	216	8	165	31	214	0.305	1.39
218.4	NaN	1029	NaN	940	0	50	362	33	29	0	408	3	234	12	290	9	235	31	288	0.406	1.236
218.5	NaN	919	NaN	908	0	52	357	33	29	0	407	3	287	13	351	8	284	34	336	0.505	1.16
218.6	NaN	959	NaN	1123	0	55	361	33	29	0	406	2	350	13	435	6	340	34	419	0.617	0.788
218.7	NaN	949	NaN	907	0	62	355	35	31	0	407	3	403	18	523	7	396	46	510	0.717	1.73
218.8	NaN	869	NaN	873	0	71	360	36	31	0	407	2	485	19	634	5	471	48	601	0.862	1.836
218.9	NaN	849	NaN	1017	0	77	361	36	31	0	407	1	567	22	765	2	536	58	735	1.013	1.472
219	NaN	832	NaN	971	0	88	356	36	32	0	407	-0	662	23	899	-0	607	60	861	1.169	1.585
219.1	NaN	866	NaN	863	0	96	354	37	32	0	406	-1	754	25	1043	-4	663	64	979	1.317	1.451
219.2	NaN	877	NaN	767	0	100	359	37	32	0	407	-2	833	27	1180	-6	730	68	1094	1.459	1.398
219.3	NaN	837	NaN	768	0	100	362	39	31	0	408	-2	924	26	1323	-6	782	67	1228	1.592	1.39
219.4	NaN	828	NaN	828	0	100	358	37	32	0	407	-2	1009	25	1419	-6	862	65	1323	1.738	0.91
219.5	NaN	894	NaN	907	0	100	359	36	32	0	406	-2	1092	26	1540	-6	939	66	1431	1.899	1.41
219.6	NaN	808	NaN	849	0	100	356	37	32	0	406	-2	1168	26	1659	-6	1009	66	1536	2.031	1.229
219.7	NaN	801	NaN	867	0	100	354	37	32	0	407	-3	1253	25	1750	-6	1071	65	1639	2.195	0.791
219.8	NaN	836	NaN	830	0	100	362	37	32	0	408	-2	1340	27	1876	-6	1157	71	1758	2.321	1.696
219.9	NaN	778	NaN	745	0	100	360	37	32	0	407	-3	1438	28	1999	-6	1213	70	1885	2.483	1.067
220	NaN	789	NaN	805	0	88	358	37	32	0	407	-1	1524	26	2101	-3	1339	66	1969	2.657	1.097
220.1	NaN	774	NaN	830	0	61	357	37	32	0	406	2	1667	21	2118	7	1559	56	2064	2.882	2.045
220.2	NaN	782	NaN	828	0	41	360	36	30	0	407	5	1789	16	2100	13	1754	41	2095	3.085	2.253
220.3	NaN	847	NaN	838	0	21	355	35	29	0	407	7	1910	12	2151	17	1903	32	2155	3.248	1.481
220.4	NaN	768	NaN	899	0	12	358	36	29	0	407	8	2019	10	2172	22	2024	27	2184	3.377	1.305
220.5	NaN	787	NaN	839	0	7	356	35	28	0	406	8	2110	9	2207	19	2117	24	2220	3.488	1.127
220.6	NaN	750	NaN	813	0	9	360	35	28	0	407	7	2162	9	2281	20	2186	24	2294	3.585	1.126
220.7	NaN	755	NaN	841	0	7	359	35	28	0	408	7	2246	9	2347	20	2236	24	2347	3.678	0.672
220.8	NaN	799	NaN	843	0	7	358	35	28	0	406	7	2270	9	2381	20	2282	23	2402	3.767	1.392
220.9	NaN	781	NaN	889	0	4	356	35	28	0	405	8	2334	9	2430	20	2351	23	2438	3.859	1.045
221	NaN	798	NaN	839	0	5	355	35	28	0	407	8	2402	9	2510	20	2409	24	2524	3.949	0.944
221.1	NaN	769	NaN	794	0	7	355	35	29	0	408	7	2426	10	2567	19	2429	25	2585	4.022	0.964
221.2	NaN	757	NaN	807	0	14	355	35	29	0	407	7	2447	10	2646	18	2468	26	2649	4.118	0.961
221.3	NaN	825	NaN	857	0	18	355	35	29	0	408	7	2496	11	2752	17	2504	28	2752	4.213	0.844
221.4	NaN	758	NaN	806	0	23	357	35	29	0	407	6	2538	12	2822	16	2530	30	2828	4.287	0.525
221.5	NaN	789	NaN	840	0	31	360	35	29	0	407	6	2557	12	2888	15	2563	31	2906	4.378	0.838
221.6	NaN	723	NaN	815	0	34	360	35	29	0	407	5	2611	13	3004	14	2598	32	2965	4.482	0.779
221.7	NaN	763	NaN	799	0	40	360	35	29	0	407	5	2623	13	3078	13	2620	33	3062	4.56	0.845
221.8	NaN	753	NaN	883	0	41	355	35	29	0	405	5	2675	13	3168	12	2659	33	3148	4.639	1.326
221.9	NaN	788	NaN	879	0	44	359	34	29	0	407	4	2729	13	3248	11	2684	34	3212	4.722	0.531
222	NaN	786	NaN	878	0	48	361	35	29	0	407	4	2754	13	3313	10	2709	34	3265	4.82	1.06
222.1	NaN	722	NaN	832	0	48	356	35	29	0	407	4	2820	15	3430	10	2753	38	3346	4.899	0.794
222.2	NaN	740	NaN	882	0	51	361	35	29	0	407	3	2884	14	3458	9	2812	35	3439	4.992	1.065
222.3	NaN	778	NaN	899	0	49	355	35	28	0	407	3	2888	14	3545	9	2807	35	3505	5.082	0.595
222.4	NaN	806	NaN	842	0	54	362	35	28	0	406	3	2923	14	3539	9	2888	33	3503	5.157	1.172
222.5	NaN	746	NaN	805	0	56	356	34	26	0	407	2	2951	12	3683	5	2843	30	3615	5.204	-0.052
222.6	NaN	757	NaN	781	0	60	362	34	26	0	407	2	2969	11	3680	5	2868	28	3610	5.231	-0.366
222.7	NaN	753	NaN	833	0	59	362	34	26	0	406	2	2997	12	3730	5	2896	30	3660	5.29	0.074
222.8	NaN	760	NaN	822	0	59	358	34	27	0	407	2	3014	12	3751	5	2884	30	3702	5.327	-0.244
222.9	NaN	737	NaN	834	0	63	357	34	27	0	406	2	3012	12	3784	5	2932	30	3714	5.413	0.602
223	NaN	729	NaN	811	0	63	361	34	28	0	407	2	3073	13	3855	5	2942	31	3770	5.407	-0.89
223.1	NaN	705	NaN	833.2647059	0	61	357	34	28	0	407	2	3059	14	3871	5	2940	35	3796	5.516	0.053
223.2	NaN	783	NaN	834.0294118	0	61	361	33	26	0	406	2	3093	14	3965	5	3016	34	3882	5.582	0.955
223.3	NaN	709	NaN	834.7941176	0	63	363	26	19	0	406	-0	3088	0	3899	-0	2973	-0	3769	5.511	-1.513
223.4	NaN	687	NaN	835.5588235	0	65	362	24	17	0	408	0	3001	-0	3788	-0	2856	-0	3672	5.419	-2.333
223.5	NaN	718	NaN	836.3235294	0	70	362	21	13	0	408	-4	2946	-2	3776	-4	2828	-2	3649	5.318	-1.657
223.6	NaN	686	NaN	837.0882353	0	76	360	22	18	0	407	-0	2864	0	3729	-1	2653	-0	3595	5.128	-2.504
223.7	NaN	698	NaN	837.8529412	0	85	362	22	18	0	408	-0	2801	-0	3614	0	2609	-0	3485	5.025	-1.513
223.8	NaN	681	NaN	838.6176471	0	92	361	24	20	0	408	-0	2727	-0	3650	-0	2453	-0	3445	4.83	-2.982
223.9	NaN	707	NaN	839.3823529	0	100	363	25	21	0	405	-0	2580	0	3539	-0	2337	0	3345	4.719	-2.883
224	NaN	649	NaN	840.1470588	0	100	362	28	24	0	407	-0	2533	2	3534	-1	2195	6	3317	4.519	-1.999
224.1	NaN	670	NaN	840.9117647	0	100	358	28	24	0	405	-0	2477	2	3388	-0	2146	6	3174	4.393	-1.94
224.2	NaN	683	NaN	841.6764706	0	100	356	30	25	0	407	-0	2403	3	3333	-1	2084	9	3118	4.281	-2.98
224.3	NaN	793	NaN	842.4411765	0	100	362	34	30	0	408	-2	2416	20	3401	-5	2095	51	3200	4.341	0.154
224.4	NaN	785	NaN	843.2058824	0	90	360	35	31	0	407	-1	2492	22	3468	-3	2185	55	3255	4.44	-0.017
224.5	NaN	735	NaN	843.9705882	0	61	360	35	31	0	407	2	2586	18	3391	6	2457	47	3279	4.662	2.087
224.6	NaN	710.125	NaN	844.7352941	0	34	355	34	30	0	405	5	2821	13	3224	13	2787	33	3235	4.858	2.17
224.7	NaN	706.75	NaN	838	0	6	357	33	29	0	407	7	3004	9	3128	19	2992	23	3171	4.991	1.09
224.8	NaN	703.375	NaN	809	0	-12	360	34	29	0	407	9	3153	7	3072	24	3194	18	3116	5.079	0.274
224.9	NaN	696	NaN	857	0	-30	361	34	29	0	407	11	3315	5	3082	29	3277	13	3001	5.171	0.001
225	NaN	701	NaN	834	0	-36	359	34	31	0	407	15	3442	5	3036	37	3434	13	3039	5.231	1.203
225.1	NaN	722	NaN	845	0	-42	361	34	31	0	406	15	3590	4	3103	38	3543	11	3055	5.349	1.254
225.2	NaN	652	NaN	816	0	-42	362	34	31	0	405	15	3677	5	3196	38	3672	11	3155	5.447	0.863
225.3	NaN	701	NaN	825	0	-45	358	35	29	0	406	13	3730	4	3191	33	3716	10	3163	5.602	0.441
225.4	NaN	701	NaN	839.2857143	0	-43	356	34	29	0	408	12	3792	5	3328	32	3765	12	3267	5.716	0.336
225.5	NaN	721	NaN	839.5714286	0	-36	357	34	29	0	407	13	3814	5	3388	31	3824	13	3398	5.786	1.346
225.6	NaN	698.6875	NaN	839.8571429	0	-29	359	34	26	0	405	9	3832	4	3517	24	3833	11	3477	5.914	0.111
225.7	NaN	696.375	NaN	840.1428571	0	-23	356	35	30	0	407	13	3810	7	3595	33	3839	18	3605	6.031	1.678
225.8	NaN	694.0625	NaN	840.4285714	0	-16	358	35	30	0	407	11	3875	7	3751	28	3903	19	3730	6.136	0.778
225.9	NaN	691.75	NaN	840.7142857	0	-14	362	35	30	0	408	12	3928	8	3778	28	3940	19	3815	6.256	0.262
226	NaN	689.4375	NaN	837	0	-13	358	35	27	0	408	10	4005	8	3899	27	4030	20	3893	6.367	1.041
226.1	NaN	687.125	NaN	813	0	-12	361	32	24	0	408	5	3942	3	3905	12	4004	9	3906	6.389	0.622
226.2	NaN	684.8125	NaN	793	0	-11	361	32	24	0	408	4	3987	3	3921	11	4008	8	3911	6.397	-0.676
226.3	NaN	700	NaN	846	0	-13	358	34	29	0	407	9	3982	7	3933	23	4031	18	3961	6.443	1.028
226.4	NaN	700	NaN	861	0	-11	361	34	29	0	407	9	4087	7	4008	22	4133	16	4045	6.496	1.784
226.5	NaN	670	NaN	869	0	-17	357	34	28	0	407	9	4145	6	3994	21	4123	14	4018	6.562	0.096
226.6	NaN	643	NaN	858	0	-20	362	30	24	0	405	6	4173	4	3992	15	4214	9	3999	6.656	0.513
226.7	NaN	678	NaN	845	0	-25	357	32	30	0	407	8	4246	4	3928	23	4223	12	3954	6.552	0.257
226.8	NaN	657	NaN	796	0	-30	358	33	30	0	408	11	4260	5	3981	29	4314	14	3958	6.634	0.954
226.9	NaN	673	NaN	802	0	-28	363	33	30	0	408	12	4347	5	3980	29	4346	13	3980	6.686	0.185
227	NaN	715	NaN	849	0	-29	359	34	31	0	408	13	4393	7	4046	33	4445	18	4039	6.791	1.59
227.1	NaN	668	NaN	799	0	-31	358	34	30	0	407	13	4465	6	4103	31	4463	15	4111	6.856	0.456
227.2	NaN	679	NaN	813	0	-29	361	34	31	0	406	13	4479	7	4207	32	4515	17	4185	6.945	0.919
227.3	NaN	667	NaN	845	0	-27	360	34	31	0	405	13	4607	7	4207	33	4636	16	4220	7.019	0.784
227.4	NaN	695	NaN	878	0	-25	356	34	31	0	407	12	4600	7	4317	31	4571	18	4289	7.174	0.702
227.5	NaN	660	NaN	793	0	-23	360	34	31	0	405	13	4612	7	4345	32	4675	18	4389	7.256	1.376
227.6	NaN	682	NaN	828	0	-19	361	34	30	0	406	12	4723	7	4485	29	4728	19	4462	7.337	0.033
227.7	NaN	711	NaN	832	0	-17	362	34	31	0	407	12	4705	8	4526	30	4739	19	4541	7.453	1.006
227.8	NaN	684	NaN	887	0	-12	359	34	31	0	407	11	4772	9	4615	28	4803	21	4656	7.527	1.04
227.9	NaN	712	NaN	854	0	-9	361	34	30	0	406	11	4774	9	4731	27	4771	22	4717	7.634	1.12
228	NaN	719	NaN	873	0	-2	361	35	31	0	406	10	4741	10	4782	25	4827	24	4838	7.72	0.725
228.1	NaN	683	NaN	819	0	2	354	35	30	0	407	10	4772	10	4964	24	4812	25	4949	7.804	-0.243
228.2	NaN	696	NaN	783	0	6	359	35	31	0	407	10	4753	11	4992	23	4779	28	5021	7.907	1.139
228.3	NaN	706	NaN	792	0	8	356	35	31	0	407	9	4801	12	5062	24	4871	28	5105	7.998	0.798
228.4	NaN	717	NaN	838	0	7	357	35	30	0	406	9	4898	11	5153	23	4886	29	5148	8.075	-0.313
228.5	NaN	718	NaN	795	0	6	355	35	30	0	407	9	4925	11	5164	22	4983	28	5216	8.147	1.88
228.6	NaN	635	NaN	806	0	5	356	34	26	0	407	6	4980	7	5181	15	5014	16	5235	8.212	0.587
228.7	NaN	645	NaN	825	0	5	358	34	27	0	407	6	4953	7	5215	16	4933	17	5213	8.253	-0.86
228.8	NaN	652	NaN	834	0	8	362	34	26	0	407	6	4921	7	5200	15	5017	17	5227	8.275	0.206
228.9	NaN	640	NaN	794	0	3	356	34	27	0	407	6	5023	7	5194	16	5039	19	5260	8.293	0.952
229	NaN	644	NaN	809	0	2	356	34	28	0	407	7	4997	8	5241	17	4993	19	5240	8.353	0.215
229.1	NaN	667	NaN	946	0	-2	358	34	27	0	408	8	5072	7	5195	18	5142	18	5277	8.379	0.189
229.2	NaN	646	NaN	834	0	-6	356	34	28	0	407	8	5191	7	5203	20	5211	17	5237	8.434	0.931
229.3	NaN	624	NaN	817	0	-5	360	33	28	0	405	8	5208	7	5257	20	5206	17	5259	8.486	-0.326
229.4	NaN	644	NaN	855	0	-7	359	34	28	0	407	8	5262	7	5241	20	5334	17	5288	8.545	0.148
229.5	NaN	655	NaN	850	0	-8	363	34	29	0	407	9	5368	7	5274	22	5379	17	5305	8.567	0.175
229.6	NaN	612	NaN	813	0	-10	359	34	29	0	407	10	5379	8	5323	23	5389	18	5364	8.663	0.859
229.7	NaN	640	NaN	792	0	-12	358	34	27	0	406	9	5379	6	5361	21	5459	16	5359	8.735	0.389
229.8	NaN	629	NaN	793	0	-12	355	32	25	0	407	7	5404	5	5332	15	5463	13	5363	8.779	0.177
229.9	NaN	679	NaN	543	0	-9	358	26	19	0	408	-0	5389	0	5323	-0	5374	-0	5341	8.669	-2.32
230	NaN	684	NaN	545	0	-6	360	26	21	0	407	-0	5330	-0	5240	-0	5387	-0	5304	8.567	-0.011
230.1	NaN	687	NaN	539	0	-4	362	20	14	0	406	-7	5234	-7	5190	-6	5246	-7	5209	8.485	-1.671
230.2	NaN	684	NaN	549	0	-5	358	28	22	0	408	1	5166	0	5184	1	5145	1	5158	8.406	-1.508
230.3	NaN	700	NaN	558	0	2	362	28	22	0	407	-0	5041	-0	5130	-0	5072	-0	5147	8.309	-0.174
230.4	NaN	694	NaN	538	0	0	360	29	24	0	408	0	5045	0	5081	0	5093	0	5145	8.171	0.298
230.5	NaN	654	NaN	663	0	6	363	29	24	0	407	2	4944	2	5233	5	4925	6	5139	8.148	-1.991
230.6	NaN	620	NaN	558	0	9	358	31	27	0	407	5	4840	6	5162	12	4907	14	5144	8.146	0.141
230.7	NaN	689	NaN	525	0	14	357	30	22	0	407	1	4833	1	5174	3	4812	4	5179	8.066	-0.8
230.8	NaN	619	NaN	802	0	16	359	30	26	0	408	3	4736	5	5203	8	4731	13	5199	8.024	0.039
230.9	NaN	638	NaN	798	0	18	361	30	26	0	407	3	4710	5	5188	8	4749	13	5155	8.047	-0.584
231	NaN	647	NaN	778	0	22	363	30	26	0	407	3	4714	5	5184	7	4714	12	5183	7.978	-0.29
231.1	NaN	689	NaN	546	0	23	356	29	22	0	407	0	4662	1	5173	1	4688	3	5151	7.933	-0.751
231.2	NaN	694	NaN	546	0	22	356	29	22	0	408	0	4629	1	5119	1	4625	3	5070	7.889	-0.756
231.3	NaN	682	NaN	539	0	25	362	30	22	0	407	0	4539	1	5021	2	4509	3	5052	7.791	-1.233
231.4	NaN	682	NaN	551	0	26	361	29	22	0	408	1	4507	1	5050	1	4504	3	5029	7.69	-1.132
231.5	NaN	697	NaN	545	0	24	360	29	22	0	408	0	4433	1	4964	1	4406	2	4935	7.622	-0.481
231.6	NaN	703	NaN	540	0	25	363	29	23	0	407	0	4369	1	4886	1	4399	3	4876	7.536	-0.87
231.7	NaN	661	NaN	573	0	27	362	29	23	0	408	1	4364	2	4906	3	4329	6	4839	7.476	-0.917
231.8	NaN	688	NaN	589	0	30	361	29	23	0	407	1	4231	2	4827	3	4255	7	4812	7.389	-0.194
231.9	NaN	666	NaN	554	0	29	357	29	23	0	406	1	4243	2	4826	2	4230	5	4837	7.309	-0.742
232	NaN	674	NaN	590	0	34	359	29	23	0	406	1	4159	2	4751	3	4145	6	4715	7.277	-0.114
232.1	NaN	665	NaN	589	0	39	362	29	23	0	408	0	4112	2	4759	2	4062	4	4761	7.169	-0.969
232.2	NaN	650	NaN	591	0	43	363	29	23	0	408	1	4047	2	4813	2	3928	6	4717	7.091	-2.736
232.3	NaN	657	NaN	708	0	43	362	29	24	0	404	1	3971	3	4747	2	3919	7	4695	7.036	-0.618
232.4	NaN	695	NaN	924	0	43	355	32	27	0	405	2	3961	8	4807	7	3911	21	4760	7.009	0.348
232.5	NaN	703	NaN	870	0	48	358	32	27	0	407	2	3991	8	4816	6	3921	22	4711	7.041	-0.871
232.6	NaN	686	NaN	818	0	45	362	32	27	0	405	2	3992	8	4756	6	3907	21	4733	7.045	-0.021
232.7	NaN	657	NaN	882	0	45	362	32	27	0	407	2	4022	8	4805	6	3960	20	4761	7.044	-0.508
232.8	NaN	672.7	NaN	852	0	42	361	32	27	0	407	3	4055	8	4857	7	3962	21	4689	7.071	-2.71
232.9	NaN	667.4	NaN	827	0	38	355	39	33	0	407	9	4144	22	4833	23	4151	54	4829	7.219	2.43
233	NaN	662.1	NaN	854	0	39	356	35	27	0	407	5	4137	14	4973	12	4115	32	4920	7.294	-0.207
233.1	NaN	656.8	NaN	912	0	40	357	35	28	0	407	4	4165	12	4912	11	4159	30	4884	7.363	-0.15
233.2	NaN	648	NaN	832	0	44	360	31	23	0	408	1	4158	3	4903	2	4084	8	4884	7.359	-1.774
233.3	NaN	655	NaN	843	0	44	362	31	26	0	407	2	4120	7	4961	5	4080	16	4853	7.297	-0.72
233.4	NaN	637	NaN	845	0	47	359	30	26	0	407	2	4108	6	4824	5	4010	16	4823	7.288	-1.051
233.5	NaN	666	NaN	816	0	45	358	35	31	0	407	5	4099	15	4954	12	4077	40	4928	7.301	0.845
233.6	NaN	662	NaN	782	0	44	358	39	34	0	407	7	4213	23	5099	18	4154	56	5050	7.447	1.021
233.7	NaN	658.5	NaN	757	0	45	362	39	34	0	407	7	4299	22	5092	17	4276	54	5109	7.638	2.703
233.8	NaN	655	NaN	765	0	41	360	39	35	0	408	9	4469	23	5278	21	4431	59	5299	7.792	0.619
233.9	NaN	651.5	NaN	750	0	35	355	39	35	0	406	9	4572	23	5349	23	4571	54	5316	8.024	1.826
234	NaN	675	NaN	690	0	34	355	50	45	0	407	18	4769	41	5544	44	4806	101	5621	8.273	3.508
234.1	NaN	657	NaN	686	0	29	356	64	60	0	409	30	5115	64	5935	75	5340	168	6135	8.713	4.625
234.2	NaN	606	NaN	680	0	30	355	72	69	0	407	32	7324	69	7594	77	5645	156	6252	9.524	7.026
234.3	NaN	624	NaN	637	0	20	359	100	100	0	408	37	5952	61	6679	88	6584	140	6780	10.154	5.797
234.4	NaN	638	NaN	620	0	18	363	100	100	0	407	36	6567	57	7154	85	6621	129	7149	10.866	6.463
234.5	NaN	648	NaN	641	0	17	361	100	100	0	407	35	6872	52	7386	81	7110	119	7452	11.461	6.824
234.6	NaN	643	NaN	596	0	27	362	97	89	0	406	31	7230	55	7834	70	7267	127	7859	12.053	5.293
234.7	NaN	611	NaN	637	0	25	357	100	94	0	407	29	7785	51	8222	66	7529	113	8269	12.553	6.753
234.8	NaN	658	NaN	636	0	20	359	77	70	0	407	32	7951	49	8481	69	7838	106	8584	13.07	5.778
234.9	NaN	675	NaN	653	0	23	355	64	59	0	406	29	8126	49	8791	63	8141	107	8844	13.528	4.549
235	NaN	630	NaN	617	0	18	362	59	53	0	407	29	8378	45	8977	65	8475	97	9104	14.027	5.397
235.1	NaN	646	NaN	638	0	4	362	48	46	0	405	33	8554	37	8941	71	8718	77	9130	14.11	6.332
235.2	NaN	651	NaN	667	0	1	358	49	46	0	407	32	8837	33	9078	68	9008	69	9201	14.542	2.405
235.3	NaN	656	NaN	673	0	-4	356	51	44	0	407	37	9188	32	9207	77	9317	66	9376	14.968	4.167
235.4	NaN	648	NaN	759	0	-21	360	39	37	0	407	24	9529	14	9140	49	9578	31	9204	15.148	1.504
235.5	NaN	670	NaN	736	0	-20	359	42	40	0	406	27	9663	20	9267	57	9721	38	9307	15.317	2.656
235.6	NaN	656	NaN	715	0	-17	356	42	36	0	407	24	9693	16	9371	51	9836	35	9488	15.484	0.872
235.7	NaN	641	NaN	672	0	-17	356	82	79	0	407	40	9895	28	9585	84	10061	58	9677	15.761	2.797
235.8	NaN	668	NaN	658	0	-10	359	100	100	0	407	37	10079	30	9814	76	10122	62	9949	16.131	4.055
235.9	NaN	647	NaN	659	0	-4	357	100	100	0	408	36	10202	32	10245	72	10293	64	10254	16.521	4.533
236	NaN	594	NaN	620	0	1	361	100	100	0	406	32	10279	32	10466	65	10467	67	10567	16.823	1.809
236.1	NaN	690	NaN	654	0	12	361	100	100	0	409	29	10342	36	10750	56	10355	71	10923	17.116	2.826
236.2	NaN	608	NaN	681	0	10	362	100	100	0	409	23	10575	30	10964	45	10572	56	11048	17.408	1.613
236.3	NaN	683	NaN	681	0	4	363	100	100	0	406	20	10618	22	10967	41	10798	44	11067	17.551	0.231
236.4	NaN	635	NaN	730	0	2	355	100	100	0	407	18	10774	19	10997	35	10761	37	11040	17.712	1.175
236.5	NaN	610	NaN	710	0	-9	360	100	100	0	405	13	10901	11	10909	26	10989	22	10933	17.745	0.116
236.6	NaN	644	NaN	707	0	-7	359	100	100	0	408	15	10871	13	10850	30	10953	26	10965	17.743	-0.556
236.7	NaN	620	NaN	714	0	-8	363	100	100	0	407	15	10955	12	10891	28	11045	22	10947	17.773	1.363
236.8	NaN	616	NaN	722	0	-7	363	100	100	0	407	14	10967	12	10859	29	11129	25	10960	17.761	-1.101
236.9	NaN	629	NaN	714	0	-7	355	100	100	0	405	14	11049	13	11065	26	11025	22	10960	17.71	-2.334
237	NaN	609	NaN	715	0	-5	363	100	100	0	405	13	10856	12	10877	24	10990	22	10964	17.835	0.401
237.1	NaN	650	NaN	750	0	-1	356	100	100	0	406	13	10881	13	10959	27	10902	26	11018	17.711	0.627
237.2	NaN	650	NaN	701	0	-0	358	100	100	0	407	15	10836	16	11057	29	10936	30	11055	17.723	0.658
237.3	NaN	605	NaN	702	1	-2	359	100	100	0	408	12	10825	12	10936	26	10979	26	11054	17.734	-0.771
237.4	NaN	639	NaN	732	1	-0	361	100	100	0	407	15	10888	14	10994	29	10951	28	11018	17.739	-1.461
237.5	NaN	652	NaN	711	1	0	359	100	100	0	405	14	10845	15	10951	27	10946	28	11020	17.771	0.428
237.6	NaN	648	NaN	692	1	2	365	100	100	0	407	17	10806	16	11069	32	10832	34	11122	17.759	1.284
237.7	NaN	653	NaN	703.3269231	0	2	527	0	0	0	529	-8	10587	-8	10908	-6	10489	-5	10890	17.617	-4.662
237.8	NaN	653	NaN	702.1538462	0	-2	569	0	0	0	589	-29	10326	-29	10345	-22	10355	-23	10384	17.005	-7.682
237.9	NaN	626	NaN	700.9807692	0	0	673	0	0	0	624	-48	9672	-47	9748	-38	9539	-37	9766	16.152	-8.224
238	NaN	613	NaN	699.8076923	0	5	715	0	0	0	705	-56	8904	-56	9115	-45	8674	-44	8927	15.051	-9.801
238.1	NaN	632	NaN	698.6346154	0	2	652	0	0	0	625	-55	8179	-54	8518	-45	8041	-45	8174	13.896	-11.43
238.2	NaN	638	NaN	697.4615385	0	3	523	0	0	0	516	-55	7523	-53	7934	-47	7543	-46	7861	12.884	-9.171
238.3	NaN	632	NaN	696.2884615	0	4	517	0	0	0	521	-55	6876	-52	7397	-48	6865	-45	7285	11.977	-8.393
238.4	NaN	667	NaN	695.1153846	0	1	468	12	9	0	482	-33	6620	-27	6908	-26	6537	-25	6847	11.037	-7.779
238.5	NaN	703	NaN	693.9423077	0	-8	358	24	20	0	403	-1	6597	-0	6679	0	6642	-0	6686	10.825	-0.75
238.6	NaN	709	NaN	692.7692308	0	-21	363	22	20	0	407	-1	6649	0	6389	0	6703	0	6391	10.622	-1.476
238.7	NaN	662	NaN	691.5961538	0	-28	361	37	36	0	405	20	6866	10	6262	47	6941	23	6309	10.588	0.562
238.8	NaN	688	NaN	690.4230769	0	-30	359	41	38	0	406	27	7007	13	6385	64	7072	30	6499	10.811	0.96
238.9	NaN	640	NaN	689.25	0	-46	358	36	33	0	406	25	7186	8	6440	53	7220	18	6465	10.991	0.816
239	NaN	661	NaN	688.0769231	0	-41	361	39	39	0	406	13	7219	8	6373	49	7193	17	6294	10.799	-2.172
239.1	NaN	665	NaN	686.9038462	0	-21	357	33	24	0	407	13	7086	6	6649	22	7120	12	6664	11.166	1.658
239.2	NaN	716	NaN	685.7307692	0	-13	364	27	23	0	407	0	6895	0	6687	0	6881	0	6654	10.993	-0.676
239.3	NaN	659	NaN	684.5576923	0	10	363	32	27	0	408	6	6632	7	6890	13	6666	16	6901	10.989	-0.418
239.4	NaN	655.3333333	NaN	683.3846154	0	31	358	38	33	0	407	10	6430	19	7096	23	6501	45	7150	10.977	0.911
239.5	NaN	657.6666667	NaN	682.2115385	0	48	361	37	31	0	407	5	6269	16	7210	10	6351	38	7280	10.985	-2.191
239.6	NaN	660	NaN	681.0384615	0	47	361	20	10	0	410	0	6221	-0	7191	1	6242	-1	7257	11.019	-1.458
239.7	NaN	662.3333333	NaN	679.8653846	0	38	358	0	0	0	407	-23	6030	-16	7088	-21	5564	-14	7005	10.699	-4.671
239.8	NaN	664.6666667	NaN	678.6923077	0	29	357	5	2	0	406	-43	5677	-32	6647	-39	5460	-28	6575	10.302	-5.914
239.9	NaN	644	NaN	677.5192308	0	38	358	41	33	0	407	3	5672	7	6687	7	5730	17	6686	10.019	-1.27
240	NaN	660.6666667	NaN	676.3461538	0	64	357	35	29	0	407	2	5601	13	6580	5	5620	30	6621	9.921	-2.66
240.1	NaN	660.8333333	NaN	675.1730769	0	78	361	35	30	0	405	1	5366	19	6566	3	5459	45	6587	9.834	-0.154
240.2	NaN	661	NaN	753	0	80	363	46	41	0	407	1	5206	25	6550	2	5368	59	6660	9.719	-0.787
240.3	NaN	661.1666667	NaN	674	0	78	360	48	41	0	407	3	5267	50	6884	6	5500	117	6881	9.958	1.699
240.4	NaN	661.3333333	NaN	676	0	66	360	56	50	0	406	8	5516	69	7216	22	5802	157	7655	10.135	1.962
240.5	NaN	648	NaN	632	0	48	360	69	64	0	408	20	6385	71	7322	48	6359	172	7706	10.587	3.527
240.6	NaN	662	NaN	717	0	16	363	100	100	0	409	32	6325	51	7404	79	7267	116	7865	11.069	8.454
240.7	NaN	699	NaN	674	0	-15	357	100	100	0	407	41	6577	29	7444	95	11085	68	8125	11.276	5.065
240.8	NaN	637	NaN	666	0	0	360	100	100	0	408	37	8824	36	7441	83	10192	81	7686	11.647	5.572
240.9	NaN	656	NaN	684	0	10	358	100	100	0	407	32	9082	43	7687	74	8988	97	7738	12.187	3.081
241	NaN	671	NaN	626	0	-2	357	100	100	0	405	43	7928	39	7917	96	7984	88	7984	12.719	5.687
241.1	NaN	653	NaN	651	0	6	362	100	100	0	408	36	8005	42	8403	78	8056	93	8427	13.309	4.068
241.2	NaN	663	NaN	651	0	10	359	100	100	0	407	34	8367	42	8691	75	8388	91	8787	13.786	5.715
241.3	NaN	644	NaN	644	0	5	364	100	100	0	409	35	8650	39	8938	76	8764	84	9100	14.227	3.878
241.4	NaN	719	NaN	655	0	-0	358	100	100	0	407	36	9048	36	9133	78	9164	78	9258	14.721	3.922
241.5	NaN	688	NaN	660	0	-0	359	100	100	0	407	37	9385	36	9501	75	9469	75	9553	15.125	4.191
241.6	NaN	708	NaN	682	0	-1	355	100	100	0	406	36	9559	34	9685	75	9705	68	9795	15.537	2.405
241.7	NaN	661	NaN	655	0	-4	361	100	100	0	407	35	9807	33	9865	72	9892	68	9985	15.954	3.736
241.8	NaN	683	NaN	703	1	-4	360	100	100	0	407	35	10077	33	10086	71	10169	66	10269	16.332	5.031
241.9	NaN	686	NaN	682	1	-2	363	100	100	0	408	31	10307	31	10417	63	10401	62	10427	16.707	7.736
242	NaN	646	NaN	723	1	-1	355	100	100	0	408	30	10434	29	10545	60	10478	56	10552	17.004	2.496
242.1	NaN	661	NaN	673.2419355	1	-1	361	100	100	0	405	25	10605	23	10595	49	10738	45	10788	17.261	2.646
242.2	NaN	660	NaN	672.483871	0	-3	359	0	0	0	406	1	10498	-3	10816	-2	10531	-0	10731	17.457	1.128
242.3	NaN	692	NaN	671.7258065	0	-4	358	0	0	0	405	-22	10324	-24	10422	-17	10343	-18	10481	17.162	-3.038
242.4	NaN	656	NaN	670.9677419	0	-3	361	0	0	0	405	-41	10161	-43	10175	-33	9947	-33	10137	16.706	-6.635
242.5	NaN	647	NaN	670.2096774	0	-3	358	0	0	0	402	-56	9693	-57	9676	-43	9693	-45	9576	16.053	-8.341
242.6	NaN	636	NaN	669.4516129	0	-3	393	0	0	0	428	-56	9263	-55	9264	-45	9232	-45	9156	15.382	-6.039
242.7	NaN	633	NaN	668.6935484	0	3	359	0	0	0	401	-55	8780	-54	8909	-46	8651	-44	8894	14.669	-6.152
242.8	NaN	635	NaN	667.9354839	0	2	371	0	0	0	414	-55	8310	-55	8519	-45	8282	-45	8505	13.971	-6.243
242.9	NaN	644	NaN	667.1774194	0	3	354	0	0	0	403	-54	7873	-53	8087	-47	7833	-45	8032	13.291	-5.613
243	NaN	639	NaN	666.4193548	0	2	462	0	0	0	460	-55	7514	-54	7605	-46	7355	-46	7563	12.597	-7.258
243.1	NaN	641	NaN	665.6612903	0	4	497	0	0	0	490	-54	6922	-53	7144	-47	6751	-46	7176	11.69	-9.185
243.2	NaN	641	NaN	664.9032258	0	12	362	0	0	0	402	-55	6424	-50	6804	-49	6404	-45	6788	10.957	-6.286
243.3	NaN	645	NaN	664.1451613	0	20	363	0	0	0	404	-58	5946	-48	6571	-53	4351	-43	6498	10.306	-8.617
243.4	NaN	661	NaN	663.3870968	0	50	355	0	0	0	406	-66	4299	-39	6171	-60	3187	-36	6172	9.635	-6.253
243.5	NaN	674	NaN	662.6290323	0	75	358	0	0	0	405	-70	3939	-32	5772	-68	317	-30	5872	8.882	-8.333
243.6	NaN	701	NaN	661.8709677	0	69	362	25	21	0	406	0	4722	0	5684	-1	1294	0	5678	8.344	-6.336
243.7	NaN	706	NaN	661.1129032	0	26	358	41	37	0	407	9	4542	24	5621	27	4555	56	5728	8.078	1.361
243.8	NaN	695	NaN	660.3548387	0	29	364	14	11	0	407	0	4851	-1	5312	0	4899	0	5349	8.376	-2.876
243.9	NaN	647	NaN	659.5967742	0	60	366	80	72	0	408	19	4801	98	6005	44	5080	201	5753	8.206	7.508
244	NaN	676	NaN	658.8387097	0	87	360	16	9	0	407	-16	4262	-7	5358	-16	4451	-6	5433	8.259	-5.235
244.1	NaN	690	NaN	658.0806452	0	78	359	64	54	0	407	3	4368	94	6313	10	4078	217	6411	8.073	-0.872
244.2	NaN	733	NaN	657.3225806	0	67	356	61	54	0	405	1	4412	16	5600	4	4465	39	5593	8.236	-4.297
244.3	NaN	660	NaN	656.5645161	0	23	364	50	42	0	410	31	5185	42	6414	63	5081	119	6542	8.652	11.906
244.4	NaN	692	NaN	655.8064516	0	-6	356	42	42	0	405	12	5361	17	5292	46	5348	35	5399	8.616	-2.242
244.5	NaN	697	NaN	655.0483871	0	-48	359	20	16	0	407	-1	5772	-1	5324	-3	5844	0	5398	9.191	-2.395
244.6	NaN	658	NaN	654.2903226	0	-81	355	49	49	0	405	63	6441	3	5028	154	6772	6	5133	9.024	3.416
244.7	NaN	699	NaN	653.5322581	0	-89	358	21	15	0	407	-3	5739	-8	4815	-3	5873	-7	5008	9.074	-3.926
244.8	NaN	645	NaN	652.7741935	0	-90	357	55	56	0	406	85	6879	-1	4909	200	6852	-1	4794	8.966	3.706
244.9	NaN	650	NaN	652.016129	0	-85	361	48	43	0	406	54	6650	0	4745	129	6860	1	4973	9.293	2.143
245	NaN	642	NaN	651.2580645	0	-78	361	47	47	0	405	58	6912	3	4777	137	7427	7	4928	9.318	3.742
245.1	NaN	682	NaN	733	0	-48	356	50	46	0	404	49	6892	13	4948	118	7645	29	5369	9.337	5.964
245.2	NaN	672.1666667	NaN	630	0	25	357	81	76	0	407	29	6572	51	5201	74	8064	120	9315	9.288	7.171
245.3	NaN	669.3333333	NaN	656	0	55	355	72	61	0	407	13	6289	60	6086	29	6315	137	10955	9.449	4.925
245.4	NaN	674	NaN	619	0	30	361	98	94	0	407	21	6300	43	6672	46	6327	105	14168	9.879	6.075
245.5	NaN	666	NaN	592	0	-19	355	96	92	0	405	40	6449	26	8159	91	6520	66	16146	10.344	4.221
245.6	NaN	721	NaN	648	0	-30	357	85	81	0	407	51	7089	25	6916	119	6960	58	12246	10.922	5.798
245.7	NaN	640	NaN	661	0	-17	357	100	100	0	407	51	7506	35	7149	119	7575	79	7183	11.627	6.036
245.8	NaN	673	NaN	662	0	-19	359	100	100	0	408	51	7816	33	7577	117	7927	73	7538	12.238	6.565
245.9	NaN	654	NaN	659	0	-15	358	100	100	0	407	47	8109	33	7910	105	8267	73	7970	12.806	5.351
246	NaN	667	NaN	651	0	-7	358	100	100	0	408	43	8358	35	8340	96	8525	77	8323	13.373	6.473
246.1	NaN	703	NaN	651	0	-10	357	100	100	0	408	42	8681	34	8556	92	8957	74	8670	13.853	4.766
246.2	NaN	687	NaN	666	0	-12	358	100	100	0	407	42	9019	32	8846	90	9147	69	8977	14.36	4.149
246.3	NaN	663	NaN	661	0	-8	361	100	100	0	407	39	9305	33	9155	80	9334	69	9254	14.802	5.328
246.4	NaN	711	NaN	632	0	-3	362	100	100	0	406	37	9459	34	9442	80	9501	71	9619	15.23	2.095
246.5	NaN	695	NaN	631	0	-2	354	100	100	0	407	36	9624	35	9805	73	9758	72	9876	15.655	3.24
246.6	NaN	658	NaN	644	0	2	357	100	100	0	407	33	9886	35	10085	66	9995	72	10197	16.064	3.589
246.7	NaN	637	NaN	632	0	3	361	100	100	0	407	33	10092	34	10299	67	10249	69	10443	16.449	1.915
246.8	NaN	637	NaN	650	1	3	361	100	100	0	406	32	10255	31	10527	63	10331	66	10664	16.838	3.385
246.9	NaN	677	NaN	643	1	-1	357	100	100	0	407	29	10488	27	10720	58	10654	54	10766	17.133	3.174
247	NaN	653	NaN	651.2962963	1	-1	360	100	100	0	406	21	10631	21	10708	42	10705	41	10885	17.354	1.39
247.1	NaN	676	NaN	652.0925926	1	-2	362	100	100	0	407	22	10650	21	10945	40	10773	42	10996	17.532	1.218
247.2	NaN	662	NaN	652.8888889	1	1	359	100	100	0	407	17	10775	18	10984	37	10960	35	11057	17.697	1.438
247.3	NaN	651	NaN	653.6851852	1	0	361	100	100	0	407	13	10830	14	11153	26	10796	26	11199	17.798	-0.236
247.4	NaN	676	NaN	654.4814815	0	6	369	0	0	0	416	-5	10681	-5	11121	-7	10713	-7	11116	17.896	-1.588
247.5	NaN	663	NaN	655.2777778	0	12	427	0	0	0	473	-25	10206	-22	10795	-19	10111	-17	10840	17.469	-4.247
247.6	NaN	632	NaN	656.0740741	0	11	358	0	0	0	405	-46	9777	-41	10765	-35	9617	-32	10604	16.981	-5.314
247.7	NaN	624	NaN	656.8703704	0	12	360	0	0	0	407	-60	9310	-52	10350	-47	7734	-41	10170	16.294	-9.012
247.8	NaN	641	NaN	657.6666667	0	13	361	0	0	0	405	-60	8882	-53	9835	-47	5013	-42	9617	15.627	-9.838
247.9	NaN	624	NaN	658.462963	0	12	361	0	0	0	405	-60	8313	-52	9392	-47	2547	-42	9171	14.908	-7.433
248	NaN	643	NaN	659.2592593	0	18	360	14	8	0	406	-29	8031	-25	9031	-21	1310	-19	8653	14.277	-12.947
248.1	NaN	684	NaN	660.0555556	0	-20	356	27	20	0	408	-0	7777	0	8781	-0	2077	0	8826	13.794	-1.202
248.2	NaN	704	NaN	660.8518519	0	-13	362	24	18	0	408	-4	7461	-6	8469	-2	7120	-3	8270	13.287	-0.362
248.3	NaN	693	NaN	661.6481481	0	-14	358	23	14	0	408	-1	7690	-1	8200	-1	7694	-1	8155	13.082	-2.158
248.4	NaN	676	NaN	662.4444444	0	-9	362	26	21	0	408	0	7754	0	7936	-0	7590	-0	7910	12.936	-2.325
248.5	NaN	678	NaN	663.2407407	0	17	360	28	21	0	408	0	7643	0	7724	0	7735	0	7817	12.792	-2.613
248.6	NaN	685	NaN	664.037037	0	40	356	41	31	0	406	10	7653	25	8327	20	7565	51	8382	12.961	0.842
248.7	NaN	712	NaN	664.8333333	0	38	359	41	34	0	407	5	7329	13	8278	11	7577	29	8370	12.853	-2.095
248.8	NaN	694	NaN	665.6296296	0	35	362	7	0	0	408	-4	7294	-4	8323	-4	7309	-3	8418	12.82	-0.989
248.9	NaN	658	NaN	666.4259259	0	22	361	40	34	0	406	10	7286	16	8199	29	7556	46	8358	12.558	0.189
249	NaN	707	NaN	667.2222222	0	37	365	22	13	0	407	-0	7348	-0	7825	-0	7247	-0	7937	12.613	-1.567
249.1	NaN	663	NaN	668.0185185	0	67	362	0	0	0	406	-24	6289	-12	7608	-21	6308	-11	7879	12.23	-4.402
249.2	NaN	661	NaN	668.8148148	0	65	360	0	0	0	406	-50	5120	-25	7308	-44	5171	-22	7555	11.65	-4.75
249.3	NaN	688	NaN	669.6111111	0	55	356	4	0	0	406	-63	4623	-36	6920	-2	12	-32	7143	10.986	-6.604
249.4	NaN	698	NaN	670.4074074	0	53	359	22	16	0	408	-3	5703	-2	6854	-3	1636	-2	6930	10.497	-3.58
249.5	NaN	696	NaN	671.2037037	0	54	357	42	36	0	407	3	5402	12	6606	8	4160	40	6872	10.128	-3.408
249.6	NaN	694	NaN	718	0	53	362	38	29	0	406	9	5761	31	6931	18	6466	68	7129	10.133	2.644
249.7	NaN	691	NaN	764	0	56	356	52	46	0	406	3	5376	17	6583	8	5593	40	6764	9.952	-0.93
249.8	NaN	668	NaN	759	0	46	360	30	20	0	407	3	5529	9	6661	6	5614	17	6584	9.972	0.41
249.9	NaN	667	NaN	755	0	43	357	52	47	0	407	2	5319	7	6389	6	5289	18	6440	9.681	-0.881
250	NaN	659	NaN	781	0	41	355	59	53	0	407	16	5447	40	6439	45	5688	149	6707	9.551	-0.669
250.1	NaN	602	NaN	673	0	43	359	60	55	0	408	24	5935	67	6804	56	5909	155	6924	10.136	4.317
250.2	NaN	636	NaN	650	0	31	361	100	100	0	409	31	6382	63	7090	72	6370	147	7224	10.698	7.1
250.3	NaN	674	NaN	677	0	20	358	100	100	0	407	34	6750	56	7353	77	6822	131	7488	11.307	5.704
250.4	NaN	674	NaN	646	0	19	359	100	100	0	407	33	7075	54	7692	75	7245	125	7833	11.871	4.259
250.5	NaN	693	NaN	671	0	17	356	100	100	0	408	33	7462	51	7994	74	7627	114	8145	12.438	5.2
250.6	NaN	679	NaN	653	0	8	356	100	100	0	407	37	7813	45	8216	80	8010	98	8409	12.96	4.647
250.7	NaN	636	NaN	666	0	6	361	100	100	0	407	37	8132	41	8442	83	8319	89	8626	13.48	4.212
250.8	NaN	660	NaN	658	0	-1	356	100	100	0	407	39	8548	37	8644	84	8687	81	8832	13.938	5.606
250.9	NaN	710	NaN	663	0	-6	356	100	100	0	407	39	8867	35	8878	83	8970	77	9020	14.381	5.482
251	NaN	661	NaN	668	0	-6	356	100	100	0	407	38	9137	35	9175	79	9153	76	9269	14.799	4.696
251.1	NaN	668	NaN	706	0	-4	364	100	100	0	407	38	9351	32	9397	81	9455	69	9434	15.232	4.545
251.2	NaN	672	NaN	682	1	-6	357	100	100	0	408	38	9594	32	9572	77	9760	68	9700	15.575	3.105
251.3	NaN	719	NaN	701	1	-3	361	100	100	0	409	36	9812	33	9762	73	9997	68	9918	15.905	2.791
251.4	NaN	671	NaN	646	1	-2	360	100	100	0	407	34	10028	32	10046	70	10034	67	10172	16.279	3.412
251.5	NaN	630	NaN	661	1	-1	362	100	100	0	407	34	10207	34	10313	69	10353	67	10328	16.639	3.595
251.6	NaN	641	NaN	650	1	-3	355	100	100	0	407	31	10365	31	10470	63	10602	63	10636	16.906	3.425
251.7	NaN	655	NaN	677	1	-1	358	100	100	0	406	27	10497	27	10652	52	10511	52	10743	17.21	4.033
251.8	NaN	673	NaN	726	1	1	358	100	100	0	407	21	10627	21	10787	42	10771	42	10840	17.421	0.696
251.9	NaN	653	NaN	711	1	1	358	100	100	0	407	20	10733	20	10821	40	10884	39	10954	17.538	1.464
252	NaN	660	NaN	725	1	-2	363	100	100	0	408	17	10819	18	10959	34	10818	33	10955	17.74	2.015
252.1	NaN	682	NaN	774	1	-1	362	100	100	0	407	14	10848	13	10999	26	10954	26	11059	17.72	0.172
252.2	NaN	678	NaN	736	1	-5	363	100	100	0	407	14	10880	14	10985	28	10888	26	11040	17.784	1.946
252.3	NaN	636	NaN	754	1	-3	359	100	100	0	408	11	10936	11	10998	23	11004	22	11020	17.805	-0.239
252.4	NaN	643	NaN	754	1	-5	362	100	100	0	408	12	10908	12	10961	24	11020	23	11036	17.795	-0.936
252.5	NaN	619	NaN	759	1	-4	358	100	100	0	406	13	10976	11	11039	24	10967	22	10984	17.845	-0.516
252.6	NaN	615	NaN	731	1	-3	359	100	100	0	407	11	10949	10	10994	22	11054	21	11040	17.822	-0.847
252.7	NaN	628	NaN	750	1	-3	357	100	100	0	408	12	10996	12	11013	23	10911	23	11047	17.854	1.171
252.8	NaN	661	NaN	750	1	-2	359	100	100	0	407	10	10946	10	11051	20	11035	19	11086	17.843	0.163
252.9	NaN	656	NaN	712	1	0	363	100	100	0	407	12	10929	12	11017	24	11008	24	11110	17.855	-0.764
253	NaN	674	NaN	721	0	0	363	0	0	0	408	-8	10881	-8	10999	-6	10865	-7	10969	17.795	-3.587
253.1	NaN	718	NaN	723.5	0	-6	357	0	0	0	407	-27	10600	-28	10631	-20	10693	-21	10679	17.445	-2.785
253.2	NaN	699	NaN	726	0	-4	357	0	0	0	406	-47	10299	-48	10420	-35	10196	-37	10137	16.925	-3.639
253.3	NaN	683	NaN	728.5	0	-4	355	0	0	0	405	-55	9905	-55	9926	-42	9833	-43	9691	16.283	-6.331
253.4	NaN	642	NaN	731	0	-2	358	0	0	0	405	-56	9516	-57	9479	-43	9346	-45	9423	15.581	-7.229
253.5	NaN	642	NaN	733.5	0	0	362	9	5	0	404	-54	9133	-56	9254	-45	8960	-44	8974	14.849	-8.802
253.6	NaN	703	NaN	736	0	-3	358	18	11	0	408	-6	8893	-5	8968	-5	9007	-5	9035	14.62	-2.165
253.7	NaN	651	NaN	738.5	0	0	359	18	14	0	405	-25	8691	-25	8776	-21	8597	-21	8706	14.226	-3.762
253.8	NaN	656	NaN	735	0	2	356	38	31	0	407	15	8696	16	8928	33	8725	34	8905	14.22	1.232
253.9	NaN	654	NaN	733	0	10	360	42	38	0	407	8	8570	9	8925	18	8633	21	8997	14.159	0.052
254	NaN	652	NaN	659	0	19	356	42	36	0	407	16	8512	26	9189	34	8633	55	9306	14.234	-0.522
254.1	NaN	639	NaN	744	0	21	358	36	28	0	405	8	8514	13	9147	18	8594	29	9251	14.324	-2.524
254.2	NaN	646	NaN	734.2875	0	14	362	45	37	0	407	23	8674	31	9294	48	8792	66	9406	14.48	3.339
254.3	NaN	668	NaN	734.325	0	11	361	44	37	0	408	18	8801	24	9431	39	8911	50	9370	14.61	0.15
254.4	NaN	645	NaN	734.3625	0	-1	359	45	40	0	407	25	9025	25	9369	53	9126	53	9512	14.872	2.894
254.5	NaN	675	NaN	734.4	0	-16	363	43	38	0	406	28	9433	19	9229	58	9436	43	9399	15.076	1.619
254.6	NaN	613	NaN	734.4375	0	-19	359	35	32	0	407	15	9631	10	9066	31	9646	20	9184	15.159	-0.588
254.7	NaN	654	NaN	734.475	0	-17	356	36	33	0	406	17	9603	12	9145	35	9699	24	9238	15.18	1.754
254.8	NaN	654	NaN	734.5125	0	-16	355	42	39	0	406	25	9604	18	9321	54	9737	38	9354	15.219	1.728
254.9	NaN	666	NaN	734.55	0	-14	356	29	21	0	405	-1	9437	-0	9270	-2	9438	-1	9298	15.337	-0.682
255	NaN	679	NaN	734.5875	0	-10	360	0	0	0	407	-8	9397	-9	9222	-7	9325	-8	9223	15.117	-2.641
255.1	NaN	674	NaN	734.625	0	-7	355	0	0	0	405	-28	9071	-30	9013	-23	9006	-24	8963	14.786	-5.547
255.2	NaN	625	NaN	734.6625	0	-6	355	0	0	0	403	-47	8702	-48	8663	-38	8638	-40	8592	14.22	-7.282
255.3	NaN	637	NaN	734.7	0	-4	357	0	0	0	405	-53	8283	-55	8291	-45	8158	-47	8016	13.541	-8.436
255.4	NaN	619	NaN	734.7375	0	-5	361	0	0	0	402	-53	7848	-55	7804	-45	7759	-47	7626	12.876	-8.01
255.5	NaN	707	NaN	734.775	0	-6	358	0	0	0	403	-51	7478	-56	7424	-44	7438	-49	7226	12.165	-8.076
255.6	NaN	679	NaN	734.8125	0	-6	360	4	0	0	404	-38	7078	-41	7004	-34	7037	-36	6912	11.558	-5.424
255.7	NaN	633	NaN	734.85	0	-13	355	1	0	0	404	-50	6756	-55	6541	-45	6666	-49	6453	10.903	-7.183
255.8	NaN	665	NaN	734.8875	0	-26	358	7	4	0	403	-35	6533	-45	6099	-30	6492	-40	6092	10.308	-5.795
255.9	NaN	624	NaN	734.925	0	-39	358	31	32	0	406	10	6539	4	5885	28	6524	11	5913	9.98	0.071
256	NaN	621	NaN	734.9625	0	-51	362	31	32	0	407	14	6530	4	5738	32	6521	9	5770	9.945	-0.751
256.1	NaN	599	NaN	724	0	-64	358	39	41	0	405	33	6760	5	5626	79	6794	12	5629	9.891	-0.462
256.2	NaN	583	NaN	740	0	-63	360	39	41	0	407	36	6939	6	5725	86	7019	15	5808	10.038	0.424
256.3	NaN	614	NaN	730	0	-60	359	35	34	0	404	24	6919	4	5851	54	7017	10	5800	10.224	-0.974
256.4	NaN	624	NaN	738.7625	0	-55	356	38	39	0	406	18	6840	4	5782	43	6948	9	5860	10.191	-0.694
256.5	NaN	604	NaN	742.88125	0	-49	361	38	39	0	405	30	6998	7	5815	70	7076	18	5899	10.279	2.565
256.6	NaN	671	NaN	747	0	-36	356	41	41	0	407	33	7029	13	6015	77	7271	31	6142	10.502	3.581
256.7	NaN	634	NaN	724	0	-26	358	49	47	0	407	42	7043	21	6354	100	7329	49	6512	10.802	4.842
256.8	NaN	665	NaN	735.6980769	0	-31	357	64	63	0	406	61	7383	31	7497	143	7407	71	6829	11.259	7.396
256.9	NaN	645	NaN	736.6399038	0	-29	362	94	96	0	407	58	7743	27	7387	134	7795	63	7140	11.816	5.658
257	NaN	639	NaN	737.5817308	0	-17	361	100	100	0	407	50	7940	34	7579	113	8043	75	7560	12.432	6.222
257.1	NaN	662	NaN	738.5235577	0	-9	357	68	60	0	410	44	8157	37	8022	98	8303	81	7993	13.012	7.394
257.2	NaN	683	NaN	739.4653846	0	-4	356	0	0	0	408	-14	7896	-16	7928	-11	7889	-12	7861	12.938	-2.756
257.3	NaN	650	NaN	740.4072115	0	-5	357	0	0	0	405	-33	7627	-34	7597	-28	7656	-30	7686	12.613	-3.722
257.4	NaN	617	NaN	741.3490385	0	-5	357	0	0	0	405	-51	7351	-53	7401	-44	7289	-46	7344	12.042	-7.124
257.5	NaN	616	NaN	742.2908654	0	-9	359	0	0	0	403	-51	6782	-56	6904	-45	6899	-50	6960	11.378	-5.57
257.6	NaN	634	NaN	743.2326923	0	-21	354	0	0	0	403	-48	6640	-58	6266	-43	6598	-52	5986	10.717	-7.011
257.7	NaN	653	NaN	744.1745192	0	-31	361	12	12	0	403	-32	6413	-41	5612	-30	6381	-39	4983	10.03	-5.596
257.8	NaN	657	NaN	745.1163462	0	-33	362	24	24	0	406	0	6312	0	5753	0	6337	0	5717	9.839	-1.569
257.9	NaN	674	NaN	746.0581731	0	-39	357	47	45	0	405	40	6461	16	5810	99	6586	37	5846	9.913	5.85
258	NaN	598	NaN	747	0	-38	359	35	34	0	407	19	6697	7	5797	45	6616	17	5813	10.014	0.011
258.1	NaN	651	NaN	793	0	-46	355	36	31	0	407	30	6903	10	6141	67	6850	25	6074	10.398	4.861
258.2	NaN	645	NaN	747	0	-43	358	37	36	0	405	4	6769	1	5956	9	6659	3	5818	10.28	-2.081
258.3	NaN	663	NaN	690	0	-37	356	56	51	0	406	36	6753	22	6125	113	6964	49	6179	10.341	1.812
258.4	NaN	597	NaN	774	0	-36	359	36	32	0	407	15	6862	6	6131	36	6882	16	6134	10.539	0.187
258.5	NaN	620	NaN	733	0	-37	360	35	30	0	406	25	7028	10	6249	53	7053	21	6337	10.782	0.806
258.6	NaN	597	NaN	717	0	-41	360	41	39	0	403	13	7074	5	6227	33	7100	11	6256	10.719	-0.796
258.7	NaN	642	NaN	753	0	-50	361	42	40	0	405	34	7158	10	6326	79	7199	24	6315	10.919	2.583
258.8	NaN	639	NaN	778	0	-53	360	48	48	0	408	53	7477	12	6344	126	7688	27	6375	11.091	3.093
258.9	NaN	663	NaN	772	0	-56	356	50	50	0	406	57	7767	14	6715	134	7880	32	6721	11.429	5.337
259	NaN	599	NaN	714	0	-55	358	38	33	0	405	23	7636	5	6541	52	7758	12	6698	11.651	0.971
259.1	NaN	596	NaN	734	0	-51	360	39	38	0	406	30	7811	7	6558	67	7963	16	6752	11.614	1.211
259.2	NaN	622	NaN	764	0	-40	362	39	36	0	404	28	7700	9	6683	62	7940	22	6909	11.749	1.766
259.3	NaN	653	NaN	698	0	-28	359	52	53	0	404	42	7721	23	6858	104	8138	52	7484	11.764	2.279
259.4	NaN	627	NaN	714	0	-8	360	41	35	0	405	26	7713	20	7968	57	7841	46	7434	12.215	3.78
259.5	NaN	590	NaN	733	0	18	362	34	28	0	407	7	7312	9	7727	15	7413	21	7679	12.295	-0.094
259.6	NaN	691	NaN	774	0	47	356	35	28	0	408	5	6962	13	7903	11	7134	32	7927	12.151	-1.262
259.7	NaN	659	NaN	530	0	54	361	32	27	0	407	0	6640	1	7723	0	6801	3	7763	11.999	-1.341
259.8	NaN	640	NaN	753	0	51	357	42	36	0	408	2	6514	6	7630	4	6600	16	7681	11.691	-1.739
259.9	NaN	669	NaN	753	0	52	358	42	36	0	407	3	6441	17	7599	9	6554	38	7641	11.558	-1.006
260	NaN	667	NaN	666	0	44	358	48	43	0	410	11	6572	39	7835	27	6666	90	7838	11.595	2.322
260.1	NaN	663	NaN	663	0	30	361	61	57	0	406	27	6960	55	8036	62	7028	130	8250	12.019	4.756
260.2	NaN	630	NaN	670	0	3	359	61	56	0	407	36	7728	44	8054	81	7488	99	8321	12.526	8.423
260.3	NaN	697	NaN	750	0	-14	355	61	56	0	407	44	8102	35	8064	99	8205	78	8137	13.063	5.64
260.4	NaN	692	NaN	710	0	-29	360	59	54	0	407	51	8588	26	8206	112	8649	57	8285	13.517	4.446
260.5	NaN	658	NaN	742	0	-27	359	54	50	0	406	48	8907	27	8564	103	8983	59	8508	13.947	5.56
260.6	NaN	603	NaN	746	0	-30	361	37	34	0	405	12	8848	6	8283	25	8923	13	8337	14.038	-0.514
260.7	NaN	659	NaN	699	0	-21	358	48	47	0	407	41	9142	25	8561	86	9324	53	8607	14.284	3.852
260.8	NaN	643	NaN	730.3333333	0	-24	359	62	58	0	406	44	9327	28	8854	98	9493	59	8992	14.714	5.327
260.9	NaN	648	NaN	727.1666667	0	-14	360	100	100	0	406	43	9534	29	9110	89	9636	60	9251	15.124	4.67
261	NaN	659	NaN	724	0	-13	354	100	100	0	407	40	9629	30	9507	83	9695	63	9582	15.52	3.144
261.1	NaN	651	NaN	720.8333333	0	-6	357	100	100	0	407	37	9846	32	9826	75	9995	65	9870	15.924	5.175
261.2	NaN	644	NaN	717.6666667	0	-12	354	100	100	0	407	39	10164	31	9977	77	10287	61	10085	16.293	2.721
261.3	NaN	634	NaN	714.5	0	-12	358	100	100	0	406	37	10350	29	10154	74	10372	59	10257	16.698	3.552
261.4	NaN	675	NaN	711.3333333	0	-9	355	100	100	0	407	30	10489	26	10494	62	10650	54	10552	17.007	4.466
261.5	NaN	683	NaN	708.1666667	0	-8	359	100	100	0	405	25	10669	20	10557	50	10760	40	10635	17.262	1.484
261.6	NaN	751	NaN	717	0	-6	362	100	100	0	405	25	10735	21	10630	49	10791	41	10755	17.458	1.748
261.7	NaN	628	NaN	653	0	1	361	100	100	0	405	18	10744	19	10896	37	10881	37	10938	17.584	1.904
261.8	NaN	629	NaN	701	0	6	359	100	100	0	406	16	10733	19	11016	32	10780	37	11089	17.694	1.054
261.9	NaN	659	NaN	648	0	7	356	100	100	0	407	18	10676	21	11262	35	10812	41	11299	17.81	1.032
262	NaN	653	NaN	708	0	9	358	100	100	0	407	16	10774	21	11230	32	10943	39	11343	17.906	0.532
262.1	NaN	634	NaN	710	0	7	357	100	100	0	406	14	10777	17	11288	27	10790	33	11371	17.975	1.344
262.2	NaN	659	NaN	717	0	7	363	100	100	0	407	16	10821	19	11302	31	11006	34	11361	18.014	0.434
262.3	NaN	611	NaN	692	0	5	360	100	100	0	407	12	10900	13	11212	23	10971	26	11302	18.042	1.492
262.4	NaN	627	NaN	670	0	2	355	100	100	0	407	13	10853	13	11281	26	10986	29	11292	18.064	-0.404
262.5	NaN	607	NaN	709	0	-1	357	100	100	0	405	11	10988	12	11123	21	11078	23	11225	18.051	-0.239
262.6	NaN	596	NaN	696	1	1	362	100	100	0	405	10	10950	9	11217	19	10986	19	11239	18.037	-0.732
262.7	NaN	594	NaN	723	1	-4	356	100	100	0	406	11	10985	10	11059	21	11089	20	11134	18.005	-1.262
262.8	NaN	607	NaN	731	1	-5	356	100	100	0	407	9	11006	9	11060	18	11009	17	11155	17.963	0.148
262.9	NaN	592	NaN	705	1	-1	364	100	100	0	407	11	10952	9	11071	21	11083	19	11087	17.924	-0.823
263	NaN	610	NaN	704	1	-0	360	100	100	0	407	11	10965	11	11063	21	11050	20	11130	17.944	0.082
263.1	NaN	596	NaN	698	1	-1	357	100	100	0	407	11	10910	11	11183	22	11010	23	11202	17.966	-0.079
263.2	NaN	601	NaN	705	1	1	362	100	100	0	408	11	10969	11	11078	22	11068	22	11162	17.982	0.494
263.3	NaN	600	NaN	675	1	1	362	100	100	0	407	10	10992	9	11232	20	10933	19	11201	18.016	-0.36
263.4	NaN	599	NaN	736	1	-2	357	100	100	0	405	10	10977	10	11150	20	11080	19	11166	18.03	-0.424
263.5	NaN	606	NaN	706	1	-3	357	100	100	0	408	8	11023	8	11180	16	11060	15	11210	18.036	0.803
263.6	NaN	595	NaN	685	1	-1	364	100	100	0	408	9	11011	7	11127	18	11103	16	11139	18.034	-0.546
263.7	NaN	611	NaN	694	1	-3	359	100	100	0	407	8	11023	8	11104	17	11138	15	11173	18.028	-1.116
263.8	NaN	601	NaN	685	1	-4	359	100	100	0	407	8	11048	7	11154	17	11060	16	11167	18.014	-0.526
263.9	NaN	602	NaN	693	1	-3	355	100	100	0	407	9	11031	9	11014	17	11124	16	11111	17.998	-0.548
264	NaN	595	NaN	706	1	-1	360	100	100	0	407	9	11048	8	11186	17	10976	16	11156	18.01	0.816
264.1	NaN	585	NaN	699	1	1	362	100	100	0	406	9	10975	10	11097	18	11108	19	11128	18.006	0.02
264.2	NaN	603	NaN	705	1	-5	356	100	100	0	406	9	11052	9	11177	18	11059	17	11186	18.018	0.763
264.3	NaN	595	NaN	683	1	-6	360	100	100	0	408	8	11032	8	11071	18	11102	14	11080	18.011	-0.544
264.4	NaN	611	NaN	702	1	-6	359	100	100	0	407	10	11048	8	11040	19	11157	17	11146	17.993	-0.387
264.5	NaN	607	NaN	722	1	-6	357	100	100	0	407	9	11102	8	11110	15	11020	14	11091	17.986	-1.453
264.6	NaN	607	NaN	667	0	-9	359	100	100	0	407	10	11093	8	10917	19	11176	17	11019	17.982	-0.83
264.7	NaN	599	NaN	711	0	-10	357	100	100	0	409	10	11112	8	11045	20	11062	16	11040	17.997	3.121
264.8	NaN	604	NaN	669	0	-6	356	100	100	0	407	9	11102	8	10985	18	11186	16	11016	17.965	-0.338
264.9	NaN	607	NaN	721	0	-9	362	100	100	0	407	10	11084	9	11064	20	11123	17	11096	17.939	-0.517
265	NaN	605	NaN	669	0	-8	359	100	100	0	407	8	11077	7	11004	16	11122	13	11014	17.997	-1.508
265.1	NaN	593	NaN	687	1	-9	357	100	100	0	406	12	11049	10	10949	24	11217	20	11100	17.978	0.242
265.2	NaN	594	NaN	697	1	-7	361	100	100	0	405	9	11084	8	11050	17	11094	14	11044	17.971	0.055
265.3	NaN	584	NaN	692	1	-8	356	100	100	0	407	10	11028	8	10945	21	11158	18	11028	17.926	-1.074
265.4	NaN	606	NaN	710	1	-4	357	100	100	0	407	11	11048	10	11055	20	10991	19	11069	17.941	0.99
265.5	NaN	609	NaN	674	1	-3	356	100	100	0	407	8	11014	7	11013	16	11098	14	11020	17.932	-1.105
265.6	NaN	599	NaN	715	1	-5	360	100	100	0	408	10	10971	10	11037	18	11018	18	11136	17.951	-0.29
265.7	NaN	596	NaN	703	1	-2	358	100	100	0	407	9	10999	9	11125	18	11059	17	11083	17.966	-0.175
265.8	NaN	595	NaN	702	1	-2	356	100	100	0	407	10	10967	10	11031	21	11101	21	11188	17.977	0.369
265.9	NaN	592	NaN	698	1	0	358	100	100	0	408	11	10959	11	11198	21	11021	21	11183	18.01	1.397
266	NaN	586	NaN	695	1	2	363	100	100	0	407	11	10924	11	11148	21	11067	21	11168	18.019	0.422
266.1	NaN	592	NaN	740	1	1	360	100	100	0	407	11	10978	12	11265	21	10950	22	11259	18.026	1.052
266.2	NaN	591	NaN	728	1	-1	360	100	100	0	406	9	10982	9	11140	17	11075	17	11161	18.08	0.649
266.3	NaN	603	NaN	699	0	-2	359	29	20	0	407	7	11001	6	11165	14	11071	14	11225	18.044	-0.987
266.4	NaN	678	NaN	698	0	1	362	0	0	0	407	-18	10820	-18	11014	-13	10722	-13	10926	17.862	-3.284
266.5	NaN	608	NaN	697	0	-1	360	0	0	0	405	-39	10542	-38	10656	-29	10606	-28	10650	17.468	-3.988
266.6	NaN	666	NaN	696	0	-0	360	0	0	0	405	-53	10095	-54	10330	-40	10125	-41	10305	16.93	-7.321
266.7	NaN	610	NaN	695	0	-3	374	0	0	0	421	-55	9727	-54	9914	-43	9541	-43	9744	16.257	-6.357
266.8	NaN	616	NaN	694	0	1	357	0	0	0	401	-56	9434	-56	9461	-45	8855	-45	9357	15.597	-7.945
266.9	NaN	643	NaN	693	0	-1	356	0	0	0	405	-56	8898	-55	9089	-45	8960	-44	8911	14.896	-5.941
267	NaN	604	NaN	692	0	2	361	0	0	0	406	-55	8528	-55	8731	-47	8342	-46	8517	14.226	-6.704
267.1	NaN	621	NaN	691	0	1	357	0	0	0	406	-57	8097	-53	8441	-47	8011	-45	8216	13.55	-7.892
267.2	NaN	618	NaN	690	0	8	359	0	0	0	406	-57	7577	-52	8055	-48	7498	-44	7975	12.818	-9.051
267.3	NaN	623	NaN	689	0	16	361	0	0	0	407	-57	7004	-49	7771	-50	7353	-43	7466	12.158	-8.681
267.4	NaN	632	NaN	688	0	18	356	0	0	0	406	-58	6493	-48	7384	-51	4784	-43	7244	11.551	-6.518
267.5	NaN	683	NaN	687	0	19	356	0	0	0	406	-59	6168	-47	7045	-53	2886	-42	6809	10.869	-6.683
267.6	NaN	665	NaN	686	0	33	355	0	0	0	405	-61	5602	-45	6603	-43	971	-40	6586	10.273	-6.501
267.7	NaN	678	NaN	685	0	38	359	0	0	0	407	-62	4696	-42	6301	-0	-32	-40	6256	9.633	-5.57
267.8	NaN	628	NaN	684	0	43	362	29	22	0	407	0	5076	0	6185	-2	1537	0	6108	9.05	-1.933
267.9	NaN	623	NaN	683	0	41	364	29	24	0	408	0	4929	2	6004	2	4094	4	5966	8.828	-2.002
268	NaN	615	NaN	682	0	43	364	31	25	0	408	2	4927	5	5895	4	4862	11	5854	8.705	-0.679
268.1	NaN	621	NaN	681	0	51	359	33	26	0	407	1	4894	6	5848	4	4827	18	5816	8.585	-1.879
268.2	NaN	623.8888889	NaN	680	0	59	358	34	27	0	405	2	4761	12	5796	5	4787	29	5879	8.587	-1.822
268.3	NaN	625.7777778	NaN	679	0	64	361	34	28	0	408	2	4710	13	5892	5	4647	33	5842	8.508	-1.342
268.4	NaN	627.6666667	NaN	678	0	73	357	35	29	0	407	2	4639	17	5916	3	4630	42	5915	8.485	-0.191
268.5	NaN	629.5555556	NaN	745	0	88	364	35	28	0	407	-0	4506	18	5775	-0	4369	42	5814	8.315	-3.052
268.6	NaN	631.4444444	NaN	792	0	87	362	35	28	0	407	-0	4360	18	5694	-0	4482	42	5753	8.285	-0.318
268.7	NaN	633.3333333	NaN	716	0	86	363	42	35	0	407	-0	4398	32	5702	-0	4266	83	5739	8.197	-2.533
268.8	NaN	635.2222222	NaN	730	0	87	361	42	35	0	407	-0	4372	38	6137	-1	4318	91	6016	8.216	1.84
268.9	NaN	637.1111111	NaN	765	0	85	356	44	37	0	407	0	4326	41	5964	0	4235	103	6173	8.264	-0.477
269	NaN	659	NaN	802	0	76	363	49	43	0	408	3	4316	52	6099	7	4361	126	6336	8.343	1.661
269.1	NaN	640	NaN	684	0	61	362	53	47	0	409	9	4526	60	6361	22	4806	141	6720	8.622	5.016
269.2	NaN	632.6666667	NaN	615	0	28	359	73	67	0	408	32	4940	67	6385	78	6091	160	7173	8.947	6.451
269.3	NaN	634.8333333	NaN	707	0	9	358	72	64	0	408	42	6425	52	6461	97	6824	125	6929	9.434	5.933
269.4	NaN	637	NaN	704	0	-3	355	70	63	0	411	45	6091	41	6481	106	7637	98	6850	9.935	10.044
269.5	NaN	639.1666667	NaN	660	0	17	360	87	83	0	409	36	8763	45	6555	84	8212	109	6754	10.419	8.617
269.6	NaN	641.3333333	NaN	587	0	25	360	100	100	0	409	33	6984	59	7088	77	6733	137	7184	11.012	7.196
269.7	NaN	655	NaN	617	0	15	358	100	100	0	409	36	7013	53	7446	82	6998	121	7577	11.64	5.623
269.8	NaN	650	NaN	677	0	11	357	100	100	0	407	36	7374	49	7838	81	7366	110	7968	12.19	4.801
269.9	NaN	638	NaN	605	0	5	357	100	100	0	409	37	7754	43	8014	83	7779	99	8165	12.768	5.447
270	NaN	620	NaN	677	0	-1	363	100	100	0	409	40	8148	39	8254	87	8163	87	8429	13.289	4.557
270.1	NaN	622	NaN	630	0	-9	357	100	100	0	406	42	8560	34	8429	92	8571	75	8614	13.74	4.695
270.2	NaN	616	NaN	621	0	-8	361	100	100	0	407	41	8826	33	8697	89	8922	73	8816	14.184	4.29
270.3	NaN	671	NaN	663	0	-10	359	100	100	0	408	41	9077	32	8962	85	9214	68	9058	14.633	5.229
270.4	NaN	638	NaN	522	0	-12	360	0	0	0	408	-5	9106	-5	8926	-3	9188	-4	8897	14.777	-2.166
270.5	NaN	649	NaN	790	0	-15	357	0	0	0	407	-24	8936	-26	8715	-20	8978	-22	8686	14.448	-3.262
270.6	NaN	675	NaN	842	0	-14	355	0	0	0	405	-41	8654	-47	8407	-34	8588	-39	8227	13.937	-7.012
270.7	NaN	622	NaN	810	0	-18	357	0	0	0	403	-51	8217	-59	7894	-42	8118	-49	7802	13.277	-6.97
270.8	NaN	621	NaN	770	0	-26	356	0	0	0	403	-47	7917	-59	7333	-42	7786	-52	7083	12.539	-8.261
270.9	NaN	682	NaN	920	0	-26	359	0	0	0	405	-46	7513	-61	6717	-41	7386	-53	4990	11.87	-7.883
271	NaN	680	NaN	926	0	-30	360	0	0	0	404	-45	7154	-61	6037	-40	7057	-54	3883	11.143	-5.737
271.1	NaN	625	NaN	824	0	-33	359	0	0	0	402	-44	6808	-60	5744	-40	6672	-56	2330	10.384	-6.618
271.2	NaN	658	NaN	902	0	-42	357	10	9	0	403	-33	6422	-53	5317	-31	6334	-43	76	9.678	-6.439
271.3	NaN	639.0347222	NaN	579	0	-42	363	27	27	0	405	5	6269	2	5267	12	6285	3	3748	9.331	-3.592
271.4	NaN	639.4861111	NaN	526	0	-42	363	32	31	0	406	9	6152	3	5115	23	6177	7	5150	9.139	-0.571
271.5	NaN	639.9375	NaN	778	0	-45	358	38	37	0	406	24	6231	8	5258	57	6205	20	5312	9.179	3.011
271.6	NaN	640.3888889	NaN	806	0	-46	357	40	38	0	408	28	6325	9	5437	68	6313	21	5427	9.346	1.52
271.7	NaN	640.8402778	NaN	767	0	-41	358	40	39	0	407	29	6379	10	5571	68	6462	25	5713	9.599	2.615
271.8	NaN	641.2916667	NaN	536	0	-50	357	28	25	0	406	4	6434	1	5567	8	6432	2	5506	9.72	-1.805
271.9	NaN	641.7430556	NaN	736	0	-42	362	47	45	0	407	12	6492	4	5604	30	6498	10	5562	9.63	-0.519
272	NaN	642.1944444	NaN	802	0	-40	355	50	48	0	406	43	6692	15	5809	101	6673	38	5778	9.772	0.49
272.1	NaN	642.6458333	NaN	687	0	-34	360	52	46	0	406	50	7058	21	6596	116	6910	50	6189	10.43	7.172
272.2	NaN	643.0972222	NaN	741	0	-16	362	34	31	0	407	7	6741	4	6210	16	6726	10	6189	10.511	-1.208
272.3	NaN	643.5486111	NaN	623	0	2	360	65	57	0	410	45	6818	45	6785	103	6885	105	6878	10.822	5.708
272.4	NaN	629	NaN	524	0	21	359	33	27	0	408	0	6455	0	6990	-0	6521	0	6977	11.015	-3.832
272.5	NaN	638	NaN	658	0	52	362	11	2	0	409	0	6539	3	7371	0	6472	1	7288	11.262	-2.306
272.6	NaN	625	NaN	538	0	73	359	29	22	0	408	-5	5699	-4	6845	-4	5751	-2	7026	10.9	-7.828
272.7	NaN	629	NaN	587	0	73	363	25	17	0	409	0	5777	3	7001	0	5906	4	7013	10.578	-2.068
272.8	NaN	646	NaN	720	0	67	359	32	26	0	408	1	5680	5	6752	2	5739	14	6870	10.308	-2.223
272.9	NaN	638.2253086	NaN	731	0	53	357	38	32	0	407	5	5641	21	6855	12	5720	49	6876	10.119	-0.047
273	NaN	635.3846451	NaN	692	0	52	361	42	36	0	407	7	5702	28	6763	16	5738	67	6928	10.156	-1.034
273.1	NaN	632.5439815	NaN	648	0	53	360	46	38	0	409	9	5844	38	6962	23	5817	89	7033	10.314	1.813
273.2	NaN	629.7033179	NaN	667	0	51	357	45	36	0	407	9	5888	35	7040	21	6307	82	7068	10.522	0.318
273.3	NaN	626.8626543	NaN	674	0	45	358	45	37	0	407	11	5899	35	7146	26	7897	80	7277	10.6	0.248
273.4	NaN	624.0219907	NaN	657	0	43	361	45	37	0	407	12	6023	34	7311	26	7507	77	7461	10.789	4.71
273.5	NaN	621.1813272	NaN	630	0	29	361	53	48	0	408	23	6485	49	7391	55	7973	111	7693	10.964	4.735
273.6	NaN	618.3406636	NaN	647	0	26	358	52	45	0	407	24	7473	42	7408	55	7687	97	7610	11.365	2.761
273.7	NaN	628	NaN	598	0	40	364	54	47	0	406	19	7338	53	7799	44	7612	120	7858	11.755	3.083
273.8	NaN	702	NaN	626	0	44	362	54	46	0	406	17	7295	54	8055	40	7396	124	8122	12.109	2.495
273.9	NaN	642	NaN	581	0	42	361	54	47	0	407	20	7455	53	8248	43	7531	119	8341	12.479	1.942
274	NaN	596	NaN	614	0	25	356	54	47	0	409	26	7673	48	8433	58	7885	107	8502	12.848	3.203
274.1	NaN	602	NaN	607	0	16	352	62	58	0	406	34	8116	45	8491	73	8223	99	8619	13.313	3.462
274.2	NaN	632	NaN	598	0	10	362	100	100	0	409	35	8281	42	8696	76	8458	92	8862	13.78	3.933
274.3	NaN	605	NaN	606	0	-2	356	100	100	0	407	37	8697	37	8892	81	8761	79	9035	14.266	4.607
274.4	NaN	619	NaN	649	0	-22	355	100	100	0	407	46	9234	27	8949	94	9317	58	9059	14.69	4.471
274.5	NaN	668	NaN	668	0	-46	359	100	100	0	407	50	9649	20	9145	106	9633	43	9187	15.019	4.05
274.6	NaN	617	NaN	645.1666667	0	-66	357	72	68	0	406	59	10078	11	8955	121	10035	24	9124	15.238	1.342
274.7	NaN	584	NaN	651.8333333	0	-55	358	37	35	0	406	21	9510	5	8650	47	9829	10	8967	15.227	-1.596
274.8	NaN	617	NaN	656	0	-26	357	50	49	0	406	45	9952	24	9308	92	10081	48	9280	15.324	3.804
274.9	NaN	614	NaN	722	0	-44	356	44	40	0	407	37	9863	15	9235	76	9920	30	9490	15.514	0.622
275	NaN	606	NaN	727	0	-49	357	47	44	0	408	53	10169	15	9379	110	10239	31	9447	15.656	3.285
275.1	NaN	607	NaN	693	0	-34	355	41	37	0	408	29	10046	13	9388	58	10214	28	9620	15.754	0.84
275.2	NaN	626	NaN	698	0	-10	357	41	35	0	407	22	9991	18	9910	46	9999	37	9633	15.872	2.593
275.3	NaN	582	NaN	779	0	9	359	36	28	0	406	11	9663	12	9793	21	9761	25	9874	15.93	0.424
275.4	NaN	646	NaN	622	0	26	358	44	38	0	409	18	9427	31	10281	37	9710	64	10318	15.919	0.439
275.5	NaN	609	NaN	616	0	36	358	46	40	0	409	16	9576	36	10349	32	9769	73	10432	16.051	1.465
275.6	NaN	583	NaN	598	0	37	362	50	45	0	407	21	9862	46	10457	43	9645	93	10573	16.18	3.252
275.7	NaN	563	NaN	602	0	32	357	53	47	0	407	22	9970	45	10624	45	9944	88	10721	16.392	1.336
275.8	NaN	628	NaN	601	0	28	356	76	70	0	406	23	10373	43	10700	47	10131	84	10761	16.628	3.217
275.9	NaN	632	NaN	613	0	22	361	100	100	0	409	23	10341	38	10722	45	10172	74	10871	16.852	5.859
276	NaN	613	NaN	598	0	11	360	100	100	0	409	28	10252	38	10933	57	10345	77	11012	17.092	1.731
276.1	NaN	604.8333333	NaN	639	0	7	358	100	100	0	407	26	10445	28	10844	51	10583	55	10939	17.352	1.357
276.2	NaN	596.1666667	NaN	661	0	-7	359	100	100	0	408	19	10737	17	10752	40	10785	35	10888	17.533	0.04
276.3	NaN	582	NaN	756	0	-19	359	100	100	0	408	21	10911	15	10707	41	11050	28	10719	17.608	0.903
276.4	NaN	597	NaN	637	0	-21	358	100	100	0	405	26	11066	16	10611	52	11249	33	10727	17.663	0.781
276.5	NaN	598	NaN	684	0	-14	362	100	100	0	405	24	11080	16	10777	46	11110	33	10909	17.77	2.141
276.6	NaN	572	NaN	695	0	-20	357	100	100	0	405	16	11060	12	10788	32	11182	22	10849	17.799	-0.44
276.7	NaN	605	NaN	668	0	-24	353	100	100	0	405	23	11265	16	10671	48	11229	31	10824	17.819	1.148
276.8	NaN	593	NaN	791	0	-17	358	100	100	0	406	21	11185	14	10838	40	11310	28	10845	17.866	1.201
276.9	NaN	575	NaN	694	0	-19	354	100	100	0	406	17	11228	13	10791	34	11213	25	10874	17.873	0.157
277	NaN	656	NaN	760	0	-14	358	100	100	0	407	19	11113	14	10804	38	11283	28	10991	17.875	0.98
277.1	NaN	578	NaN	679	0	-10	359	100	100	0	408	12	11104	10	10923	22	11129	18	10962	17.884	-1.152
277.2	NaN	567	NaN	677	0	-4	356	100	100	0	407	12	11013	11	10884	26	11087	22	11009	17.881	-0.817
277.3	NaN	613	NaN	660	0	3	362	100	100	0	407	15	10800	17	11167	29	10983	32	11182	17.879	0.944
277.4	NaN	623	NaN	664	0	7	362	100	100	0	408	14	10800	17	11194	28	10788	33	11243	17.905	0.852
277.5	NaN	640	NaN	674	0	5	358	100	100	0	408	14	10774	17	11269	27	10902	32	11301	17.942	0.322
277.6	NaN	609	NaN	699	0	2	360	100	100	0	407	15	10894	16	11183	29	10971	30	11225	17.935	0.536
277.7	NaN	572	NaN	715	1	2	360	100	100	0	408	12	10862	13	11156	23	10964	25	11271	17.922	0.428
277.8	NaN	627	NaN	674	1	4	357	100	100	0	410	15	10844	15	11214	30	11000	30	11259	17.906	-0.198
277.9	NaN	574	NaN	718	1	3	359	100	100	0	408	13	10914	12	11083	23	10868	23	11227	17.93	-0.535
278	NaN	567	NaN	687	1	-2	362	100	100	0	407	12	10894	12	11229	23	10995	23	11211	17.937	-1.351
278.1	NaN	574	NaN	706	1	-3	360	100	100	0	407	12	10984	12	11086	24	10990	23	11171	17.939	-0.056
278.2	NaN	566	NaN	689	1	-2	359	100	100	0	407	10	10933	10	11153	21	11019	20	11148	17.946	0.763
278.3	NaN	570	NaN	722	1	-3	361	100	100	0	408	11	10985	11	11103	22	11083	22	11105	17.926	-0.843
278.4	NaN	570	NaN	695	1	-3	362	100	100	0	407	11	11049	9	11052	20	11015	18	11120	17.936	-0.182
278.5	NaN	558	NaN	689	1	-2	361	100	100	0	406	10	10954	9	11123	20	11078	20	11107	17.931	-0.022
278.6	NaN	566	NaN	701	1	-3	356	100	100	0	408	10	11038	10	11029	20	11004	17	11153	17.916	0.384
278.7	NaN	573	NaN	710	1	-2	360	100	100	0	405	9	10969	9	11138	18	11065	17	11088	17.922	0.354
278.8	NaN	578	NaN	735	1	-3	361	100	100	0	407	12	10943	11	11032	25	11051	23	11125	17.938	0.795
278.9	NaN	561	NaN	686	1	-4	360	100	100	0	405	10	11032	9	11077	20	11051	18	11081	17.926	0.089
279	NaN	549	NaN	694	1	-4	356	100	100	0	407	11	10964	10	11051	23	11082	21	11077	17.914	-0.928
279.1	NaN	573	NaN	714	1	-3	362	100	100	0	406	10	11043	9	11028	20	11025	17	11095	17.898	0.368
279.2	NaN	565	NaN	683	1	-4	355	100	100	0	408	9	10952	9	11081	18	11045	16	11039	17.891	-1.139
279.3	NaN	562	NaN	677	0	-6	357	5	0	0	407	12	11003	11	10994	21	10952	18	11115	17.879	0.824
279.4	NaN	618	NaN	641	0	-5	355	0	0	0	407	-20	10776	-21	10869	-15	10789	-15	10768	17.651	-2.815
279.5	NaN	607	NaN	751	0	-4	357	0	0	0	407	-39	10447	-41	10533	-30	10454	-30	10402	17.217	-6.217
279.6	NaN	589	NaN	768	0	-2	359	0	0	0	404	-53	10082	-54	10097	-41	9907	-42	9990	16.63	-5.87
279.7	NaN	581	NaN	752	0	-2	357	0	0	0	405	-55	9593	-56	9762	-43	9602	-44	9596	15.975	-6.112
279.8	NaN	580	NaN	747	0	-3	357	0	0	0	404	-55	9259	-57	9396	-44	9048	-46	9186	15.285	-7.946
279.9	NaN	591	NaN	745	0	-3	355	0	0	0	405	-54	8792	-56	8917	-44	8732	-46	8827	14.607	-7.61
280	NaN	583	NaN	783	0	-3	355	0	0	0	404	-53	8416	-55	8515	-45	8415	-47	8332	13.885	-8.344
280.1	NaN	590	NaN	761	0	-2	360	0	0	0	406	-53	7998	-55	8010	-45	8027	-47	7919	13.216	-8.789
280.2	NaN	589	NaN	799	0	-1	360	0	0	0	405	-53	7582	-54	7589	-46	7542	-47	7500	12.534	-7.503
280.3	NaN	594	NaN	767	0	-1	361	5	1	0	407	-47	7216	-47	7247	-41	7155	-42	7169	11.871	-7.354
280.4	NaN	608	NaN	730	0	3	360	21	13	0	408	-1	6985	-1	7198	-1	7121	-2	7195	11.571	-2.155
280.5	NaN	616	NaN	730	0	12	362	17	10	0	407	-18	6688	-17	7109	-16	6649	-15	7070	11.327	-4.289
280.6	NaN	620	NaN	715	0	25	364	26	20	0	408	-18	6480	-15	7196	-15	6005	-13	7118	10.868	-5.25
280.7	NaN	603	NaN	729	0	18	359	24	17	0	408	4	6463	7	7117	7	6561	10	7102	10.971	1.476
280.8	NaN	603	NaN	687	0	30	362	9	1	0	407	-18	6160	-14	6972	-17	5862	-13	6849	10.725	-4.473
280.9	NaN	608	NaN	657	0	39	364	0	0	0	408	-6	5920	-5	6984	-6	6129	-4	6938	10.583	-1.454
281	NaN	639	NaN	657	0	42	360	38	32	0	407	7	5855	21	7013	18	5763	55	6985	10.263	-1.76
281.1	NaN	610	NaN	632	0	41	362	38	32	0	408	1	5820	1	6818	1	5789	4	6767	10.218	-3.173
281.2	NaN	619	NaN	716	0	38	356	54	48	0	408	5	5789	15	6755	14	5781	35	6833	10.143	1.618
281.3	NaN	622	NaN	616	0	36	362	54	47	0	407	22	6054	49	7053	51	6102	114	7221	10.392	3.715
281.4	NaN	592	NaN	621	0	36	358	54	48	0	410	22	6788	50	7270	50	6497	118	7353	10.869	3.33
281.5	NaN	645	NaN	632	0	27	359	55	49	0	409	25	6606	49	7577	57	7294	110	7680	11.245	1.533
281.6	NaN	625	NaN	600	0	30	362	48	41	0	407	21	8441	42	7712	46	7150	96	7695	11.903	5.774
281.7	NaN	588	NaN	631	0	25	363	81	75	0	407	31	7052	58	7967	70	8994	124	8483	11.946	3.189
281.8	NaN	591	NaN	587	0	25	362	52	44	0	409	28	7978	52	8128	60	7626	113	8283	12.56	3.837
281.9	NaN	578	NaN	637	0	23	363	61	55	0	410	30	7714	49	8388	66	8747	109	8608	12.878	4.115
282	NaN	611	NaN	598	0	23	356	60	52	0	407	28	8025	49	8626	62	8260	108	8889	13.355	2.121
282.1	NaN	577	NaN	586	0	23	358	61	55	0	408	27	8788	47	8975	60	8379	106	9082	13.79	4.605
282.2	NaN	634	NaN	606	0	17	356	94	89	0	409	30	8518	44	9265	64	8783	96	9359	14.269	3.409
282.3	NaN	589	NaN	585	0	18	354	100	100	0	408	28	8886	43	9414	61	8922	89	9467	14.746	4.693
282.4	NaN	590	NaN	604	0	2	362	100	100	0	408	35	9204	37	9523	71	9184	75	9631	15.146	5.88
282.5	NaN	659	NaN	597	0	-2	361	100	100	0	407	36	9562	34	9596	74	9692	72	9794	15.515	2.733
282.6	NaN	583	NaN	596	0	-8	361	100	100	0	407	36	9835	32	9841	74	9949	67	9973	15.921	2.665
282.7	NaN	600	NaN	634	0	-19	359	100	100	0	407	40	10169	27	9988	83	10319	55	10023	16.228	3.683
282.8	NaN	605	NaN	631	0	-23	357	100	100	0	408	42	10439	25	10039	86	10544	51	10175	16.548	2.776
282.9	NaN	635	NaN	631	0	-21	359	100	100	0	406	40	10690	25	10185	80	10786	51	10300	16.848	3.522
283	NaN	577	NaN	675	0	-13	356	100	100	0	407	32	10685	23	10502	63	10843	46	10506	17.129	3.263
283.1	NaN	595	NaN	689	0	-8	358	100	100	0	409	25	10771	20	10581	50	10892	39	10710	17.323	1.81
283.2	NaN	586.75	NaN	640	0	0	364	100	100	0	407	20	10680	19	10788	39	10826	37	10890	17.473	-0.876
283.3	NaN	596	NaN	631	0	13	359	100	100	0	407	21	10584	27	11171	43	10644	54	11160	17.578	0.657
283.4	NaN	616	NaN	659	0	9	355	100	100	0	407	17	10698	21	11086	35	10784	42	11276	17.76	2.534
283.5	NaN	608	NaN	680	0	8	359	100	100	0	408	17	10688	19	11318	32	10797	37	11305	17.823	-0.011
283.6	NaN	588	NaN	671	0	-1	359	100	100	0	407	16	10842	15	11023	31	10988	30	11226	17.905	1.896
283.7	NaN	564	NaN	704	0	-7	360	100	100	0	407	10	11019	8	11063	18	11087	17	11066	17.884	-0.492
283.8	NaN	554	NaN	682	0	-10	360	100	100	0	407	12	10989	10	10916	23	11044	18	10973	17.885	-1.473
283.9	NaN	577	NaN	682	0	-9	355	100	100	0	406	13	11112	12	10888	27	11173	23	10996	17.868	1.624
284	NaN	556	NaN	742	0	-10	357	100	100	0	407	11	10990	9	10983	20	10989	18	10944	17.852	-0.364
284.1	NaN	581	NaN	677	0	-5	364	100	100	0	407	11	11106	10	10893	23	11154	20	10981	17.795	-0.824
284.2	NaN	588	NaN	694	0	-7	355	100	100	0	407	17	10921	14	10954	34	11056	29	11057	17.819	4.566
284.3	NaN	553	NaN	675	0	-3	361	100	100	0	408	13	10932	11	10962	25	11014	23	11014	17.773	-0.023
284.4	NaN	565	NaN	702	0	-0	360	100	100	0	407	12	10899	11	11043	21	10974	20	11122	17.768	-0.183
284.5	NaN	569	NaN	677	0	-3	360	100	100	0	407	13	10847	14	11088	26	10901	27	11063	17.752	-1.49
284.6	NaN	581	NaN	720	0	-1	359	61	53	0	408	15	10932	14	10895	29	10979	28	11032	17.834	0.016
284.7	NaN	588	NaN	720	0	-0	363	0	0	0	408	-14	10661	-14	10851	-10	10794	-10	10882	17.601	-2.377
284.8	NaN	611	NaN	776	0	0	359	0	0	0	406	-34	10396	-33	10557	-26	10268	-26	10474	17.145	-5.142
284.9	NaN	568	NaN	753	0	4	363	0	0	0	405	-56	9947	-52	10193	-42	9882	-40	10210	16.551	-7.697
285	NaN	566	NaN	727	0	3	362	0	0	0	406	-56	9550	-54	9852	-45	9493	-42	9771	15.869	-7.103
285.1	NaN	572	NaN	739	0	-3	355	0	0	0	405	-56	9204	-55	9321	-45	9040	-45	9246	15.157	-7.819
285.2	NaN	575	NaN	769	0	-2	362	0	0	0	405	-55	8815	-55	8833	-45	8713	-45	8822	14.454	-6.84
285.3	NaN	571	NaN	747	0	0	355	0	0	0	405	-56	8295	-54	8421	-47	8216	-45	8353	13.785	-6.425
285.4	NaN	584	NaN	756	0	4	356	0	0	0	405	-55	7729	-53	8160	-48	7548	-44	8086	13.085	-6.514
285.5	NaN	571	NaN	761	0	6	363	0	0	0	406	-56	7216	-52	7723	-48	7169	-44	7715	12.397	-5.651
285.6	NaN	594	NaN	739	0	1	362	27	23	0	408	1	7203	1	7431	1	7207	1	7462	11.903	0.444
285.7	NaN	599	NaN	520	0	-10	362	25	18	0	408	2	7247	1	7250	4	7223	3	7319	11.874	-1.857
285.8	NaN	621	NaN	521	0	-23	357	14	9	0	405	-15	7280	-19	6929	-13	7222	-16	6920	11.62	-3.295
285.9	NaN	600	NaN	519	0	-27	363	25	21	0	406	-0	7312	-0	6771	0	7311	-0	6768	11.407	-1.992
286	NaN	598	NaN	521	0	-30	357	26	21	0	407	-0	7203	0	6688	-0	7192	-0	6652	11.282	-2.245
286.1	NaN	585	NaN	519	0	-40	360	26	22	0	406	0	7186	0	6502	0	7191	0	6471	11.112	-2.568
286.2	NaN	574	NaN	507	0	-42	360	30	26	0	405	5	7213	2	6291	13	7209	4	6305	10.94	-0.563
286.3	NaN	568	NaN	578	0	-33	357	34	29	0	406	8	7161	3	6333	19	7131	9	6312	10.863	0.067
286.4	NaN	596	NaN	578	0	-14	357	38	32	0	407	16	6971	12	6621	37	7032	25	6688	11.035	0.699
286.5	NaN	610	NaN	688	0	7	363	45	41	0	406	25	6881	26	7032	57	6998	61	7098	11.254	3.736
286.6	NaN	626	NaN	744	0	31	363	36	27	0	407	6	6687	13	7319	14	6771	29	7362	11.403	-1.018
286.7	NaN	618	NaN	694	0	45	357	37	31	0	410	6	6514	19	7505	14	6565	44	7542	11.388	-0.103
286.8	NaN	577	NaN	520	0	46	362	0	0	0	409	-13	6233	-9	7411	-11	6129	-8	7385	11.16	-3.885
286.9	NaN	588	NaN	676	0	42	361	32	26	0	407	1	6109	3	7274	2	6124	5	7203	10.807	-1.602
287	NaN	570	NaN	754	0	33	363	32	25	0	407	4	6101	9	7097	10	6223	21	7074	10.827	0.565
287.1	NaN	599	NaN	518	0	59	362	25	19	0	408	0	5862	-0	6983	-0	5775	0	6982	10.531	-2.519
287.2	NaN	605	NaN	517	0	68	359	29	23	0	408	0	5652	0	6805	0	5675	0	6842	10.253	-1.059
287.3	NaN	637	NaN	665	0	70	358	43	37	0	407	3	5598	33	6938	8	5483	76	7006	10.02	0.064
287.4	NaN	624	NaN	667	0	64	359	55	49	0	407	9	5653	59	7053	19	5794	137	7191	10.226	1.65
287.5	NaN	576	NaN	606	0	49	363	62	56	0	411	21	6559	73	7387	47	6324	167	7458	10.708	3.015
287.6	NaN	606	NaN	598	0	40	360	64	57	0	409	23	6394	66	7600	51	6636	156	7931	11.179	5.028
287.7	NaN	581	NaN	652	0	16	360	76	73	0	406	33	8048	50	7639	74	7109	112	8001	11.675	6.307
287.8	NaN	631	NaN	610	0	14	357	100	100	0	409	32	7138	46	7886	71	9278	105	7976	12.175	3.585
287.9	NaN	590	NaN	606	0	16	362	100	100	0	410	30	7507	40	8016	70	12335	90	8179	12.445	0.493
288	NaN	591	NaN	644	0	18	363	100	100	0	410	31	8595	47	8349	69	7996	102	8434	13.162	9.218
288.1	NaN	611	NaN	606	0	16	359	100	100	0	408	31	8124	45	8685	69	8794	97	8811	13.58	5.95
288.2	NaN	587	NaN	603	0	16	360	100	100	0	409	32	8805	44	8986	69	8530	94	9009	14.117	6.186
288.3	NaN	585	NaN	598	0	10	359	100	100	0	407	32	8935	41	9277	69	9019	91	9320	14.546	5.992
288.4	NaN	578	NaN	600	0	7	356	100	100	0	409	33	9105	40	9456	69	9148	82	9578	14.964	2.952
288.5	NaN	635	NaN	601	0	4	355	100	100	0	407	34	9444	38	9643	69	9499	77	9778	15.423	4.698
288.6	NaN	607	NaN	604	0	0	358	100	100	0	409	34	9671	36	9872	69	9917	73	10006	15.8	2.668
288.7	NaN	572	NaN	632	0	-4	356	100	100	0	408	35	9957	33	10120	72	10068	65	10174	16.215	2.66
288.8	NaN	609	NaN	614	0	-2	362	100	100	0	407	35	10301	32	10289	71	10350	65	10390	16.608	3.945
288.9	NaN	616	NaN	621	1	-4	354	100	100	0	407	29	10410	28	10385	57	10546	58	10586	16.942	2.736
289	NaN	595	NaN	707	1	-2	354	100	100	0	407	25	10518	26	10701	53	10630	46	10743	17.214	5.471
289.1	NaN	599	NaN	534	0	1	357	15	7	0	407	-5	10610	-5	10666	-7	10648	-9	10690	17.291	-2.754
289.2	NaN	551	NaN	672	0	-3	358	69	65	0	407	8	10463	8	10581	15	10567	18	10630	17.205	-1.266
289.3	NaN	632	NaN	624	0	-0	361	76	71	0	407	23	10641	21	10807	44	10683	43	10860	17.396	2.274
289.4	NaN	590	NaN	514	0	-4	364	0	0	0	406	-6	10610	-6	10541	-4	10675	-5	10606	17.398	-1.545
289.5	NaN	586	NaN	755	0	-4	360	0	0	0	407	-26	10346	-27	10467	-21	10420	-21	10388	17.07	-5.772
289.6	NaN	567	NaN	778	0	-4	363	0	0	0	408	-46	9936	-47	10086	-35	10012	-37	10072	16.562	-6.305
289.7	NaN	574	NaN	746	0	-3	361	0	0	0	405	-55	9684	-55	9693	-43	9375	-42	9400	15.931	-6.546
289.8	NaN	569	NaN	749	0	1	358	0	0	0	405	-56	9069	-54	9207	-45	8975	-44	9290	15.281	-5.656
289.9	NaN	567	NaN	740	0	6	364	0	0	0	405	-57	8664	-54	9032	-48	8271	-44	8835	14.6	-5.541
290	NaN	600	NaN	747	0	5	363	0	0	0	406	-57	8215	-54	8642	-46	8276	-45	8322	13.909	-6.792
290.1	NaN	583	NaN	814	0	7	359	0	0	0	404	-57	7814	-51	8209	-47	7620	-44	8046	13.247	-6.372
290.2	NaN	563	NaN	747	0	11	369	0	0	0	418	-56	7287	-52	7915	-49	7146	-44	7765	12.587	-8.206
290.3	NaN	569	NaN	744	0	20	434	0	0	0	454	-59	6611	-48	7545	-52	6551	-42	7296	11.835	-6.412
290.4	NaN	572	NaN	771	0	34	372	0	0	0	413	-62	5942	-45	7113	-55	5337	-40	6970	11.071	-6.559
290.5	NaN	594	NaN	794	0	59	357	0	0	0	404	-67	4401	-38	6549	-11	-47	-34	6652	10.449	-7.478
290.6	NaN	606	NaN	749	0	63	355	0	0	0	406	-69	2376	-35	6204	-0	196	-32	6305	9.761	-8.34
290.7	NaN	607	NaN	762	0	64	357	0	0	0	406	-69	2915	-36	5832	-0	-580	-32	5891	8.927	-6.128
290.8	NaN	610	NaN	778	0	62	356	13	9	0	405	-39	3475	-23	5357	-32	1563	-17	5552	8.184	-6.418
290.9	NaN	590	NaN	522	0	34	363	26	21	0	407	0	4109	0	5425	0	1952	0	5354	7.751	-2.751
291	NaN	600	NaN	780	0	22	361	33	28	0	405	5	4181	8	5048	14	4322	23	5144	7.625	0.144
291.1	NaN	576	NaN	639	0	31	355	62	55	0	409	31	4934	61	5445	71	4859	149	5498	8.006	9.56
291.2	NaN	596	NaN	622	0	52	363	61	54	0	408	16	5602	73	5985	40	4890	168	5914	8.488	6.444
291.3	NaN	621	NaN	607	0	7	360	54	50	0	408	34	5432	40	5862	82	5462	96	6070	9.103	6.039
291.4	NaN	641	NaN	716	0	-23	363	42	39	0	407	26	5962	17	5777	61	5949	37	5829	9.585	1.701
291.5	NaN	643	NaN	715	0	-41	355	42	39	0	406	32	6301	11	5730	75	6381	27	5751	9.761	1.418
291.6	NaN	588	NaN	743	0	-49	358	41	39	0	404	32	6640	9	5747	76	6693	22	5763	9.87	1.902
291.7	NaN	540	NaN	695	0	-65	359	42	38	0	405	36	6760	5	5698	85	6804	13	5756	10.028	0.006
291.8	NaN	541	NaN	770	0	-68	361	42	41	0	405	40	7053	6	5741	94	7172	13	5756	10.098	0.397
291.9	NaN	536	NaN	642	0	-67	360	39	33	0	407	29	6961	4	5756	64	7035	9	5867	10.3	0.299
292	NaN	562	NaN	571	0	-57	356	42	42	0	405	16	6948	3	5629	39	7096	7	5737	10.157	1.143
292.1	NaN	660	NaN	701	0	-30	355	43	42	0	405	33	6877	15	5962	77	7107	37	6900	10.208	2.15
292.2	NaN	628	NaN	746	0	-28	355	43	36	0	407	27	6875	15	6223	62	6972	32	6430	10.518	2.525
292.3	NaN	647	NaN	712	0	-33	361	42	38	0	406	29	6941	12	6338	67	7043	29	6401	10.677	0.579
292.4	NaN	646	NaN	649	0	-26	359	51	49	0	407	45	7102	22	6567	107	7370	57	6597	10.939	4.526
292.5	NaN	643	NaN	663	0	-29	356	56	52	0	407	53	7421	27	7099	124	7600	63	6987	11.457	6.511
292.6	NaN	635	NaN	643	0	-26	357	81	80	0	407	54	7814	29	7311	120	7944	66	7446	12.032	7.229
292.7	NaN	619	NaN	591	0	-17	363	100	100	0	407	48	8059	33	7715	105	8205	76	7967	12.606	5.462
292.8	NaN	602	NaN	611	0	-12	356	100	100	0	410	45	8262	36	8140	100	8358	76	8303	13.192	5.276
292.9	NaN	634	NaN	614	0	-9	356	100	100	0	407	43	8554	33	8515	92	8620	74	8621	13.718	5.537
293	NaN	591	NaN	612	0	-6	361	100	100	0	407	41	8889	34	8838	88	9014	72	8846	14.232	5.467
293.1	NaN	601	NaN	605	0	-3	357	100	100	0	407	38	9117	35	9162	80	9231	74	9246	14.692	5.259
293.2	NaN	625	NaN	607	0	1	357	100	100	0	407	35	9338	36	9406	74	9447	75	9512	15.148	3.991
293.3	NaN	597	NaN	587	0	3	355	100	100	0	407	34	9548	36	9683	71	9655	74	9852	15.563	3.137
293.4	NaN	583	NaN	595	0	6	358	100	100	0	407	33	9692	37	10076	66	9763	76	10173	15.958	4.316
293.5	NaN	604.125	NaN	611	1	2	356	100	100	0	410	33	10061	35	10292	67	10119	70	10371	16.352	4.511
293.6	NaN	597.75	NaN	620	1	0	357	100	100	0	408	33	10264	34	10407	66	10375	67	10562	16.711	2.96
293.7	NaN	591.375	NaN	583	1	-1	359	100	100	0	407	30	10390	29	10620	59	10451	60	10703	17.064	3.765
293.8	NaN	587	NaN	683	1	-2	358	100	100	0	407	24	10615	24	10781	46	10726	46	10822	17.312	2.916
293.9	NaN	581	NaN	683	1	-1	359	100	100	0	407	18	10694	17	10779	35	10783	34	10940	17.506	-0.163
294	NaN	608	NaN	657	1	-1	357	100	100	0	407	21	10737	19	11002	40	10824	38	11021	17.677	2.045
294.1	NaN	581	NaN	700	1	-1	358	100	100	0	407	15	10877	14	11029	28	10960	29	11051	17.78	0.916
294.2	NaN	602	NaN	661	1	2	358	92	84	0	407	13	10795	14	11217	26	10866	29	11243	17.853	1.105
294.3	NaN	586	NaN	616.0625	0	8	361	0	0	0	405	-9	10580	-9	11055	-6	10607	-5	11106	17.839	-2.244
294.4	NaN	590	NaN	615.125	0	5	361	0	0	0	405	-30	10345	-29	10927	-23	10288	-21	10801	17.51	-4.846
294.5	NaN	571	NaN	614.1875	0	9	356	0	0	0	407	-51	9926	-46	10709	-39	9664	-35	10591	16.967	-8.048
294.6	NaN	567	NaN	613.25	0	9	358	0	0	0	407	-57	9568	-51	10158	-45	9262	-41	10187	16.291	-8.924
294.7	NaN	570	NaN	612.3125	0	13	357	0	0	0	407	-60	8954	-52	9870	-49	8007	-41	9654	15.61	-7.261
294.8	NaN	570	NaN	611.375	0	17	360	0	0	0	406	-61	7705	-50	9388	-48	6864	-41	9355	14.943	-6.626
294.9	NaN	580	NaN	610.4375	0	7	362	19	12	0	407	-2	8407	-2	9261	-2	6892	-1	9279	14.518	-0.832
295	NaN	588	NaN	609.5	0	15	357	11	8	0	407	-4	8059	-4	8969	-3	8262	-3	8865	14.3	-4.163
295.1	NaN	595	NaN	608.5625	0	9	357	30	22	0	408	2	8236	2	8917	5	8351	6	9013	14.005	-0.202
295.2	NaN	584	NaN	607.625	0	16	360	31	25	0	406	1	8239	2	8696	3	8151	3	8707	13.855	-3.149
295.3	NaN	596	NaN	606.6875	0	20	357	25	17	0	407	-1	7961	0	8686	0	8017	0	8750	13.775	-0.583
295.4	NaN	595	NaN	605.75	0	21	363	28	19	0	408	1	7906	1	8668	2	7935	3	8620	13.626	-0.348
295.5	NaN	588	NaN	604.8125	0	28	360	19	14	0	407	-18	7561	-12	8592	-13	7419	-11	8600	13.362	-3.758
295.6	NaN	574	NaN	603.875	0	22	360	31	22	0	408	4	7812	5	8601	7	7644	10	8603	13.285	-0.823
295.7	NaN	575	NaN	602.9375	0	32	363	20	13	0	407	-12	7458	-9	8260	-10	6764	-8	8316	13.042	-3.12
295.8	NaN	599	NaN	602	0	58	362	0	0	0	406	-34	5133	-19	7771	-30	6626	-16	8143	12.687	-2.368
295.9	NaN	586	NaN	601.0625	0	55	363	0	0	0	407	-58	5206	-33	7709	-51	3511	-28	7846	12.041	-5.139
296	NaN	603	NaN	600.125	0	55	362	0	0	0	405	-67	4748	-39	7004	-2	1055	-35	7267	11.327	-9.843
296.1	NaN	597	NaN	599.1875	0	42	355	10	5	0	406	-45	3309	-27	6802	0	-411	-25	6783	10.609	-5.718
296.2	NaN	586	NaN	598.25	0	40	359	29	23	0	408	0	5233	1	6631	1	3012	1	6690	10.022	-1.438
296.3	NaN	584.25	NaN	597.3125	0	40	355	45	39	0	408	13	5231	34	6754	31	5228	79	7351	9.65	3.237
296.4	NaN	588	NaN	596.375	0	31	356	50	43	0	407	18	5776	39	6444	45	6337	93	7064	9.555	1.533
296.5	NaN	612	NaN	595.4375	0	6	362	51	43	0	409	28	5933	32	6543	66	7140	76	6928	9.632	4.894
296.6	NaN	578	NaN	640	0	35	359	51	44	0	408	20	6960	43	6576	46	7738	101	7190	9.802	6.777
296.7	NaN	588	NaN	590	0	39	360	53	49	0	409	19	6366	53	6813	47	7069	123	7303	9.95	8.446
296.8	NaN	538	NaN	638	0	34	358	62	57	0	406	29	7304	65	6961	68	8710	153	7123	10.155	6.17
296.9	NaN	575	NaN	588	0	26	354	93	87	0	407	33	7403	59	7030	75	7303	137	7121	10.726	3.736
297	NaN	556	NaN	640	0	28	359	100	100	0	407	31	7252	58	7333	72	6718	131	7339	11.327	8.319
297.1	NaN	603	NaN	608	0	19	359	100	100	0	407	34	7162	52	7689	78	7098	116	7695	11.85	7.385
297.2	NaN	583	NaN	678	0	21	358	100	100	0	408	34	7517	52	8029	75	7470	114	8063	12.378	6.481
297.3	NaN	581	NaN	582	0	15	357	100	100	0	406	33	7810	47	8344	74	7793	106	8445	12.892	5.447
297.4	NaN	618	NaN	590	0	12	354	100	100	0	408	35	8069	45	8602	75	8125	99	8640	13.388	6.418
297.5	NaN	595	NaN	587	0	9	358	100	100	0	410	34	8497	43	8826	74	8374	93	8913	13.884	6.241
297.6	NaN	564	NaN	578	0	5	363	100	100	0	407	35	8708	40	9036	77	8716	84	9154	14.307	4.184
297.7	NaN	579	NaN	587	0	0	359	100	100	0	407	37	9003	37	9143	78	9099	80	9225	14.743	4.578
297.8	NaN	585	NaN	607	0	-1	363	100	100	0	408	37	9249	35	9344	78	9395	74	9506	15.132	2.967
297.9	NaN	596	NaN	587	0	-5	361	100	100	0	408	37	9497	34	9597	76	9675	71	9647	15.498	3.768
298	NaN	599	NaN	601	1	-4	361	100	100	0	408	36	9778	33	9843	73	9877	68	9916	15.835	3.334
298.1	NaN	582	NaN	607	1	-5	358	100	100	0	407	36	10015	32	9998	74	10070	65	10059	16.182	2.819
298.2	NaN	570	NaN	591	1	-2	360	100	100	0	407	35	10147	32	10144	72	10294	65	10299	16.528	2.79
298.3	NaN	566	NaN	589	1	-3	357	100	100	0	408	34	10335	31	10486	67	10497	63	10505	16.844	4.682
298.4	NaN	572.3333333	NaN	611	1	-3	358	100	100	0	407	27	10546	25	10598	53	10583	50	10662	17.089	2.089
298.5	NaN	562.1666667	NaN	598	1	0	356	100	100	0	407	23	10554	22	10616	45	10708	44	10773	17.329	2.806
298.6	NaN	561	NaN	619	1	0	359	100	100	0	408	21	10674	20	10858	42	10802	40	10924	17.505	1.277
298.7	NaN	589	NaN	682	1	1	361	100	100	0	408	16	10823	15	10886	31	10872	30	10965	17.597	0.579
298.8	NaN	605	NaN	641	1	-1	356	100	100	0	408	17	10770	17	10891	34	10911	33	10982	17.758	1.704
298.9	NaN	591	NaN	678	1	0	358	100	100	0	407	14	10931	13	11021	27	10895	27	11047	17.759	0.792
299	NaN	546	NaN	681	1	-3	356	100	100	0	407	12	10894	12	10897	23	10961	22	11003	17.809	0.226
299.1	NaN	549	NaN	663	1	-4	360	100	100	0	408	12	10909	12	11061	25	10977	23	11090	17.816	0.792
299.2	NaN	556	NaN	655	1	-4	358	100	100	0	405	12	11006	11	10986	21	11012	20	11031	17.833	-1.812
299.3	NaN	550	NaN	677	1	-2	361	100	100	0	406	13	10888	12	11061	26	11029	24	11082	17.859	-0.652
299.4	NaN	553	NaN	705	1	-2	356	100	100	0	408	12	10963	11	11095	22	10963	21	11106	17.851	0.187
299.5	NaN	552	NaN	681	1	1	358	100	100	0	408	10	10921	10	10952	18	10994	19	11051	17.892	-0.481
299.6	NaN	552	NaN	656	1	-3	354	100	100	0	408	12	10957	10	11097	23	10954	22	11143	17.87	0.545
299.7	NaN	545	NaN	680	1	-5	358	100	100	0	405	10	11032	9	10958	19	11061	17	11028	17.888	-0.727
299.8	NaN	541	NaN	682	1	-2	360	100	100	0	408	11	10935	11	11097	23	11017	22	11136	17.869	-0.392
299.9	NaN	548	NaN	685	1	-4	357	100	100	0	407	11	10995	11	11006	22	11027	20	11072	17.865	1.344
300	NaN	532	NaN	685	1	-2	361	100	100	0	407	10	10923	10	11011	20	11051	19	11091	17.864	0.839
300.1	NaN	562	NaN	683	1	-2	357	100	100	0	407	12	10979	12	11084	25	10966	24	11057	17.895	0.286
300.2	NaN	533	NaN	672	1	-2	360	100	100	0	405	10	10992	9	10942	18	11076	18	11047	17.895	1.089
300.3	NaN	527	NaN	667	1	0	358	100	100	0	407	10	10932	9	11213	19	11018	20	11146	17.814	-0.698
300.4	NaN	562	NaN	701	0	1	363	15	7	0	405	12	10963	12	11043	23	10995	21	11069	17.916	0.352
300.5	NaN	594	NaN	649	0	5	364	0	0	0	407	-20	10550	-18	11024	-15	10715	-14	10954	17.688	-2.714
300.6	NaN	577	NaN	634	0	8	363	28	24	0	407	3	10388	3	10879	2	10309	4	10887	17.254	-1.31
300.7	NaN	580	NaN	684.3	0	13	361	28	24	0	406	1	10214	1	10753	3	10107	3	10799	17.099	-0.905
300.8	NaN	574	NaN	689.6	0	14	362	31	26	0	407	4	9989	6	10867	8	10105	12	10841	16.927	-1.478
300.9	NaN	558	NaN	694.9	0	9	363	31	27	0	407	5	10001	6	10550	11	10055	13	10608	16.852	-1.053
301	NaN	557	NaN	700.2	0	3	363	51	47	0	407	31	10370	33	10698	60	10438	65	10811	16.922	4.112
301.1	NaN	558	NaN	634	0	-8	359	52	48	0	407	26	10542	23	10614	51	10691	45	10711	17.195	0.794
301.2	NaN	573	NaN	647	0	-20	357	29	24	0	407	21	10846	16	10432	41	10870	28	10539	17.337	1.314
301.3	NaN	650	NaN	604	0	-19	356	44	41	0	407	32	10919	22	10530	64	10996	43	10618	17.3	4.867
301.4	NaN	578	NaN	647	0	-12	363	0	0	0	405	-11	10711	-12	10360	-9	10681	-10	10250	17.191	-3.748
301.5	NaN	575	NaN	681.2666667	0	-9	358	0	0	0	406	-30	10359	-33	10129	-23	10350	-25	10136	16.808	-5.413
301.6	NaN	559	NaN	682.0333333	0	-7	360	0	0	0	406	-49	9836	-53	9732	-39	9956	-42	9816	16.249	-4.226
301.7	NaN	564	NaN	682.8	0	-7	360	0	0	0	411	-54	9466	-58	9515	-44	9275	-45	9183	15.534	-8.104
301.8	NaN	558	NaN	683.5666667	0	-10	358	0	0	0	403	-53	8925	-58	8979	-43	8943	-47	8877	14.851	-6.95
301.9	NaN	565	NaN	684.3333333	0	-12	356	0	0	0	404	-51	8594	-58	8497	-43	8559	-48	8408	14.14	-7.075
302	NaN	552	NaN	685.1	0	-7	357	0	0	0	406	-53	8218	-57	8128	-43	8084	-48	8022	13.43	-6.957
302.1	NaN	574	NaN	685.8666667	0	-12	353	0	0	0	407	-52	7745	-57	7657	-45	7628	-49	7627	12.738	-6.286
302.2	NaN	570	NaN	686.6333333	0	-17	356	0	0	0	404	-49	7399	-57	7200	-44	7361	-50	7115	12.044	-6.152
302.3	NaN	592	NaN	687.4	0	-28	355	16	14	0	403	-31	7148	-44	6690	-27	7066	-37	6697	11.34	-6.905
302.4	NaN	581	NaN	688.1666667	0	-44	357	20	18	0	406	-1	7065	-1	6474	-1	7053	-2	6531	11.103	-1.608
302.5	NaN	586	NaN	688.9333333	0	-66	362	21	21	0	407	-0	6918	-0	6035	-0	7010	-1	5973	10.811	-1.762
302.6	NaN	584	NaN	689.7	0	-68	363	23	23	0	406	0	6908	0	5920	0	7001	-1	5851	10.428	-2.279
302.7	NaN	572	NaN	690.4666667	0	-71	356	28	26	0	406	4	6768	0	5702	10	6863	1	5727	10.173	-2.609
302.8	NaN	554	NaN	691.2333333	0	-67	362	31	30	0	404	10	6703	1	5675	26	6781	3	5651	10.027	-1.588
302.9	NaN	527	NaN	698	0	-69	355	48	49	0	405	59	7273	6	5736	138	7636	14	5754	10.107	5.709
303	NaN	543	NaN	713	0	-63	359	49	48	0	405	57	7228	8	5960	132	7543	19	6058	10.457	3.346
303.1	NaN	648	NaN	736	0	-45	361	49	47	0	405	51	7451	15	6090	118	7717	34	6541	10.696	4.161
303.2	NaN	641	NaN	675	0	-24	361	49	46	0	406	40	7512	22	6281	92	8346	53	7032	10.904	5.385
303.3	NaN	600	NaN	641	0	6	359	49	46	0	404	30	7254	33	6908	70	7920	73	7286	11.158	6.409
303.4	NaN	602	NaN	622	0	9	361	50	45	0	408	29	7179	35	7826	65	7409	78	7459	11.633	7.739
303.5	NaN	595	NaN	640	0	-9	361	51	50	0	408	39	7499	32	7714	88	7563	74	7772	12.107	3.82
303.6	NaN	577	NaN	631	0	-2	355	52	47	0	407	35	7841	35	7886	80	7984	81	7919	12.61	4.068
303.7	NaN	576	NaN	516	0	-8	357	0	0	0	408	-5	7787	-4	8071	-6	7891	-6	8055	12.997	-1.275
303.8	NaN	597	NaN	752	0	-7	357	0	0	0	406	-22	7803	-24	7848	-19	7704	-21	7830	12.76	-4.057
303.9	NaN	571.125	NaN	798	0	-14	361	0	0	0	405	-39	7542	-43	7538	-33	7523	-38	7377	12.269	-6.268
304	NaN	563.25	NaN	790	0	-28	356	0	0	0	403	-46	7254	-61	6588	-40	7246	-54	6735	11.731	-7.215
304.1	NaN	555.375	NaN	722	0	-35	360	43	45	0	404	27	7425	9	6549	69	7577	28	6332	11.173	-2.006
304.2	NaN	575	NaN	513	0	-42	361	20	16	0	407	-2	7167	-2	6518	-2	7276	-2	6571	11.378	-2.71
304.3	NaN	542	NaN	596	0	-42	362	34	32	0	405	11	7247	4	6396	30	7355	9	6405	11.169	-0.15
304.4	NaN	527	NaN	810	0	-36	363	35	35	0	406	17	7365	6	6496	39	7345	15	6549	11.124	-1.604
304.5	NaN	631	NaN	723	0	-40	359	44	38	0	405	38	7539	14	6924	86	7518	31	6764	11.386	5.066
304.6	NaN	531	NaN	681	0	-45	355	44	42	0	406	14	7397	4	6659	33	7408	10	6655	11.426	-0.988
304.7	NaN	572	NaN	734	0	-35	357	36	31	0	404	26	7651	13	7218	56	7615	26	6908	11.732	4.675
304.8	NaN	574.4666667	NaN	686	0	-29	359	41	38	0	404	12	7656	5	6805	28	7621	12	6885	11.689	-0.399
304.9	NaN	575.4333333	NaN	594	0	-29	357	33	25	0	408	8	7566	5	7029	14	7489	9	7087	11.834	1.325
305	NaN	576.4	NaN	514	0	-50	361	36	33	0	406	12	7584	3	6830	28	7619	8	6886	11.801	-0.799
305.1	NaN	577.3666667	NaN	484	0	-77	357	38	36	0	406	31	7676	3	6571	70	7681	6	6724	11.715	-2.246
305.2	NaN	578.3333333	NaN	478	0	-78	354	38	35	0	406	31	7705	3	6419	70	7799	6	6651	11.667	0.022
305.3	NaN	579.3	NaN	612	0	-70	359	42	40	0	406	39	7706	4	6415	87	7813	9	6691	11.659	0.04
305.4	NaN	580.2666667	NaN	682	0	-66	357	41	39	0	405	38	7808	5	6467	88	7920	11	6746	11.653	1.572
305.5	NaN	581.2333333	NaN	683	0	-56	359	39	34	0	406	26	7632	6	6481	57	7727	13	6867	11.694	0.495
305.6	NaN	582.2	NaN	786	0	-34	354	39	37	0	406	25	7773	11	6650	58	7830	25	7193	11.653	0.319
305.7	NaN	583.1666667	NaN	774	0	-10	361	41	35	0	407	20	7521	16	7007	46	7566	37	7293	11.835	2.246
305.8	NaN	584.1333333	NaN	707	0	7	362	41	36	0	407	18	7304	19	7505	41	7330	43	7566	12.092	1.283
305.9	NaN	585.1	NaN	686	0	45	358	33	25	0	407	8	7158	18	7690	15	7166	40	7807	12.201	1.276
306	NaN	586.0666667	NaN	612	0	71	360	41	36	0	407	3	6651	31	7764	8	6880	70	7960	11.948	-1.186
306.1	NaN	587.0333333	NaN	636	0	65	355	39	33	0	407	3	6614	25	7777	9	6839	56	8032	11.926	-1.883
306.2	NaN	563	NaN	582	0	58	362	61	55	0	408	14	6884	68	8377	32	7449	155	8557	12.137	4.655
306.3	NaN	585	NaN	586	0	49	362	58	51	0	407	18	7752	59	8358	41	8315	132	8682	12.454	4.256
306.4	NaN	600	NaN	577	0	17	356	58	52	0	407	28	8046	49	8394	63	8792	109	8667	12.779	3.803
306.5	NaN	590	NaN	580	0	-2	356	58	53	0	409	39	8035	39	8461	87	8469	85	8602	13.262	4.16
306.6	NaN	593	NaN	595	0	-6	361	58	51	0	407	42	8576	35	8450	92	8666	76	8571	13.777	5.885
306.7	NaN	582	NaN	672	0	-25	356	41	36	0	406	22	8782	13	8506	46	8758	28	8570	14.102	2.041
306.8	NaN	613	NaN	644	0	-27	360	53	53	0	406	46	9246	27	8862	99	9283	57	8719	14.373	4.623
306.9	NaN	629	NaN	658	0	-32	357	43	39	0	407	36	9344	17	8842	76	9492	37	9003	14.758	0.994
307	NaN	595	NaN	650	0	-28	355	58	57	0	405	46	9599	24	9034	95	9767	51	9050	14.975	4.791
307.1	NaN	596	NaN	611	0	-23	357	52	50	0	407	43	9759	26	9185	91	9953	54	9404	15.336	3.81
307.2	NaN	587	NaN	600	0	-13	360	100	100	0	407	40	9892	29	9528	83	9960	59	9664	15.746	3.186
307.3	NaN	589	NaN	618	0	-17	357	100	100	0	407	41	10063	28	9855	83	10225	57	9878	16.133	3.962
307.4	NaN	583	NaN	597	0	-15	360	100	100	0	406	40	10272	28	10046	81	10446	56	10115	16.485	2.871
307.5	NaN	586	NaN	600	0	-13	359	100	100	0	407	38	10521	28	10226	77	10575	56	10314	16.849	5.342
307.6	NaN	561	NaN	635	0	-11	358	100	100	0	407	35	10644	26	10472	67	10771	52	10602	17.136	4.578
307.7	NaN	565	NaN	592	0	-7	359	100	100	0	407	23	10633	20	10649	44	10757	40	10722	17.375	1.608
307.8	NaN	567	NaN	664	0	0	361	100	100	0	407	18	10736	18	10709	38	10799	36	10846	17.523	1.535
307.9	NaN	589	NaN	643	0	4	361	100	100	0	407	20	10667	20	11038	38	10827	39	11006	17.654	0.855
308	NaN	606	NaN	631	0	5	355	100	100	0	407	20	10737	22	11072	36	10746	42	11172	17.792	1.535
308.1	NaN	570	NaN	652	0	7	364	100	100	0	405	15	10785	17	11198	28	10868	33	11241	17.881	1.817
308.2	NaN	580	NaN	637	1	8	361	100	100	0	407	16	10750	19	11257	31	10923	35	11350	17.937	0.35
308.3	NaN	575	NaN	649	1	4	357	100	100	0	407	14	10847	15	11196	28	10915	31	11321	18.005	1.171
308.4	NaN	565	NaN	654	1	7	359	100	100	0	407	12	10850	14	11329	24	10969	27	11359	18.025	-0.182
308.5	NaN	576	NaN	651	1	2	360	100	100	0	406	13	10894	14	11242	26	10916	29	11364	18.046	0.112
308.6	NaN	534	NaN	667	1	1	361	100	100	0	405	11	10952	11	11272	20	11028	20	11260	18.124	0.091
308.7	NaN	516	NaN	689	1	3	357	100	100	0	407	10	10959	11	11236	20	11053	21	11323	18.094	0.023
308.8	NaN	533	NaN	672	1	-2	359	100	100	0	408	10	11004	9	11283	18	11066	18	11236	18.099	0.473
308.9	NaN	533	NaN	646	1	0	359	100	100	0	407	8	11022	8	11177	15	11101	14	11206	18.106	-0.762
309	NaN	537	NaN	660	1	-3	358	100	100	0	408	9	11031	8	11232	17	11050	16	11217	18.075	0.866
309.1	NaN	541	NaN	663	1	-5	356	100	100	0	406	8	11048	8	11170	14	11099	13	11200	18.071	-1.379
309.2	NaN	529	NaN	659	1	-6	358	100	100	0	407	9	11005	8	11082	18	11050	17	11185	18.069	0.824
309.3	NaN	544	NaN	644	1	-7	356	100	100	0	408	8	11069	7	11156	15	11126	13	11141	18.046	-0.074
309.4	NaN	540	NaN	646	1	-5	358	100	100	0	408	8	11018	7	11059	15	11111	14	11116	18.008	-1.128
309.5	NaN	544	NaN	690	1	-5	356	100	100	0	408	9	11018	9	11151	19	11094	18	11127	18.01	0.247
309.6	NaN	532	NaN	666	1	-1	363	100	100	0	406	8	10993	8	11106	16	11101	14	11135	18.011	-0.406
309.7	NaN	534	NaN	670	1	-3	357	100	100	0	407	10	10977	10	11181	21	11004	20	11198	18.006	0.836
309.8	NaN	526	NaN	692	1	1	361	100	100	0	407	10	11016	9	11179	17	11060	17	11209	18.034	-0.049
309.9	NaN	525	NaN	644	1	-2	359	100	100	0	408	9	10981	9	11132	18	11034	18	11212	18.028	0.916
310	NaN	524	NaN	664	1	-3	362	100	100	0	406	9	11051	8	11201	19	11110	17	11215	18.034	0.801
310.1	NaN	546	NaN	587	1	-4	361	100	100	0	407	6	11051	6	11030	12	11134	12	11113	18.005	-0.87
310.2	NaN	527	NaN	679	1	-3	362	100	100	0	407	9	11018	9	11183	20	11081	18	11172	18.008	0.639
310.3	NaN	520	NaN	686	1	-5	357	100	100	0	406	8	11091	7	11075	14	11119	13	11103	18.001	-0.798
310.4	NaN	522	NaN	662	1	-4	358	100	100	0	408	10	10992	9	11148	19	11002	18	11168	18.012	0.712
310.5	NaN	523	NaN	702	1	-4	363	100	100	0	405	9	11087	8	11077	16	11113	15	11120	18.01	0.082
310.6	NaN	530	NaN	648	1	-5	360	100	100	0	408	9	11012	8	11038	18	11095	16	11115	17.99	-0.227
310.7	NaN	523	NaN	676	1	-7	359	100	100	0	405	10	11088	8	11101	19	11134	17	11131	17.998	-0.18
310.8	NaN	528	NaN	686	1	-6	363	100	100	0	407	9	11094	7	10987	18	11177	15	11074	17.992	-1.564
310.9	NaN	532	NaN	668	0	-9	359	100	100	0	405	8	11008	7	11112	19	11130	15	11092	17.978	1.172
311	NaN	538	NaN	630	0	-8	360	100	100	0	407	8	11114	7	11002	16	11168	13	11013	17.965	-1.327
311.1	NaN	517	NaN	721	0	-11	357	100	100	0	406	12	11067	10	11060	23	11076	20	11054	17.978	-0.476
311.2	NaN	531	NaN	635	0	-9	357	100	100	0	407	8	11084	7	11034	15	11145	12	11030	18.019	0.458
311.3	NaN	522	NaN	666	0	-7	358	100	100	0	407	12	11058	9	10965	23	11139	19	11086	17.956	2.059
311.4	NaN	527	NaN	664	0	-7	356	100	100	0	406	11	11054	9	11096	20	11097	16	11099	17.949	1.002
311.5	NaN	532	NaN	639	0	-6	355	100	100	0	407	9	11034	8	10990	17	11116	16	11064	17.904	-0.733
311.6	NaN	539	NaN	754	0	-4	360	100	100	0	406	11	10990	10	11042	22	11049	19	11081	17.904	-0.264
311.7	NaN	536	NaN	654	0	-4	355	100	100	0	405	9	11053	8	11015	17	11090	14	11022	17.888	-1.404
311.8	NaN	538	NaN	644	1	-4	362	100	100	0	405	12	10943	11	11010	22	10976	21	11072	17.891	-0.341
311.9	NaN	536	NaN	678	1	-3	358	100	100	0	407	12	11023	12	11093	23	11063	21	11098	17.897	0.462
312	NaN	533	NaN	698	1	-2	358	100	100	0	407	10	10906	10	11024	18	10986	20	11132	17.887	-0.685
312.1	NaN	540	NaN	673	1	-1	357	100	100	0	407	12	10939	12	11152	26	11029	25	11200	17.909	1.313
312.2	NaN	532	NaN	707	1	0	358	100	100	0	408	10	10950	10	11074	18	11039	19	11129	17.941	0.061
312.3	NaN	521	NaN	641	1	-3	362	100	100	0	408	11	10935	11	11182	23	10988	24	11198	17.949	-0.165
312.4	NaN	529	NaN	678	1	-0	360	70	62	0	407	10	11047	10	11091	19	11093	18	11122	17.995	-0.296
312.5	NaN	578	NaN	707	0	-3	361	0	0	0	406	-16	10842	-16	10915	-12	10766	-12	10889	17.797	-3.27
312.6	NaN	568	NaN	748	0	-2	361	0	0	0	407	-35	10512	-37	10707	-28	10603	-28	10645	17.458	-4.038
312.7	NaN	559	NaN	739	0	-5	360	0	0	0	405	-53	10216	-53	10242	-41	10251	-41	10101	16.844	-6.644
312.8	NaN	554	NaN	745	0	-1	362	0	0	0	405	-54	9774	-56	9998	-43	9561	-43	9832	16.204	-7.489
312.9	NaN	561	NaN	724	0	-1	362	0	0	0	405	-55	9390	-57	9590	-45	9236	-44	9415	15.566	-6.327
313	NaN	563	NaN	739	0	-2	361	0	0	0	405	-55	9027	-56	9124	-45	8954	-45	9084	14.921	-6.45
313.1	NaN	561	NaN	763	0	-4	361	0	0	0	404	-54	8704	-55	8759	-44	8502	-46	8664	14.218	-7.68
313.2	NaN	554	NaN	737	0	-1	359	0	0	0	404	-53	8170	-55	8334	-45	8178	-47	8258	13.562	-7.238
313.3	NaN	569	NaN	811	0	-1	360	0	0	0	405	-54	7850	-55	7837	-46	7767	-46	7653	12.906	-7.557
313.4	NaN	571	NaN	791	0	-3	360	0	0	0	404	-52	7229	-55	7389	-46	7178	-48	7385	12.276	-5.514
313.5	NaN	579	NaN	766	0	4	357	0	0	0	404	-54	6910	-53	7195	-48	6870	-46	7115	11.536	-6.692
313.6	NaN	581	NaN	734	0	19	361	14	11	0	405	-21	6377	-18	7024	-18	6536	-16	7000	10.993	-7.591
313.7	NaN	576	NaN	681	0	32	362	16	12	0	407	-19	6008	-15	6895	-17	5933	-13	6858	10.677	-4.347
313.8	NaN	564	NaN	494	0	36	365	27	19	0	407	0	5961	3	6942	2	5963	5	6872	10.423	-1.225
313.9	NaN	555	NaN	507	0	59	363	7	1	0	407	-22	5541	-12	6690	-20	5617	-11	6692	10.168	-4.209
314	NaN	562	NaN	510	0	70	362	27	20	0	407	-0	5375	0	6611	-0	4010	0	6587	9.721	-2.96
314.1	NaN	567	NaN	505	0	67	358	31	26	0	407	0	5111	2	6354	0	5256	7	6420	9.443	-1.385
314.2	NaN	596	NaN	671	0	44	361	43	37	0	407	10	5366	31	6586	23	5403	75	6747	9.493	1.723
314.3	NaN	577	NaN	714	0	47	361	43	34	0	407	9	5610	29	6533	22	5684	68	6557	9.708	0.285
314.4	NaN	588	NaN	707	0	60	360	38	30	0	407	5	5485	26	6643	10	5613	58	6712	9.821	2.23
314.5	NaN	562	NaN	671	0	73	363	23	14	0	408	-0	5359	3	6522	-0	5407	2	6524	9.712	-2.488
314.6	NaN	561	NaN	512	0	74	364	33	28	0	408	-2	5100	-1	6225	-1	4993	2	6236	9.352	-6.148
314.7	NaN	639	NaN	716	0	74	356	39	31	0	407	2	4999	29	6471	5	5168	69	6565	9.356	1.611
314.8	NaN	567	NaN	768	0	81	364	33	25	0	406	0	4966	9	6171	1	4964	21	6319	9.148	-4.221
314.9	NaN	567	NaN	513	0	82	361	19	12	0	408	-3	4649	-1	5837	-3	4885	-2	5980	8.98	-0.85
315	NaN	569	NaN	512	0	80	360	27	22	0	407	-0	4638	0	5704	0	4239	0	5773	8.592	-4.76
315.1	NaN	569	NaN	706	0	82	363	35	30	0	407	0	4561	21	5851	1	4101	48	5913	8.341	-0.007
315.2	NaN	599	NaN	661	0	78	361	48	43	0	407	1	4417	42	5806	4	4483	113	5854	8.3	0.743
315.3	NaN	560	NaN	677.4230769	0	70	362	57	51	0	407	7	4672	72	6435	17	4693	170	6416	8.613	3.86
315.4	NaN	526	NaN	678.8461538	0	69	359	57	52	0	407	8	4953	72	6639	19	5035	172	6848	9.054	5.362
315.5	NaN	573	NaN	680.2692308	0	47	358	58	51	0	407	17	5183	65	6751	41	5512	151	7085	9.394	6.169
315.6	NaN	576	NaN	681.6923077	0	15	362	55	48	0	407	30	5749	47	6726	71	6633	108	7386	9.808	7.767
315.7	NaN	576	NaN	683.1153846	0	9	361	55	50	0	407	32	6256	41	6611	77	7264	97	7002	10.169	5.062
315.8	NaN	575	NaN	684.5384615	0	23	357	66	61	0	407	37	7942	57	6805	84	7303	133	6902	10.711	4.713
315.9	NaN	576	NaN	685.9615385	0	35	361	100	100	0	408	28	6824	63	7368	65	6768	142	7459	11.26	4.321
316	NaN	577	NaN	687.3846154	0	25	359	100	100	0	407	32	7173	57	7707	71	7103	128	7833	11.835	4.52
316.1	NaN	577	NaN	688.8076923	0	12	360	100	100	0	408	36	7416	49	7991	81	7475	109	8070	12.365	4.899
316.2	NaN	578	NaN	690.2307692	0	8	356	100	100	0	407	38	7826	42	8168	84	7880	96	8273	12.92	3.403
316.3	NaN	605	NaN	691.6538462	0	3	360	100	100	0	407	39	8164	41	8385	85	8240	88	8542	13.426	4.209
316.4	NaN	594	NaN	693.0769231	0	-8	361	100	100	0	407	43	8619	35	8554	92	8720	75	8775	13.86	4.05
316.5	NaN	588	NaN	611	0	-16	356	100	100	0	407	43	9014	31	8758	93	9110	67	8884	14.318	5.407
316.6	NaN	596	NaN	604	0	-19	357	78	74	0	407	43	9325	29	9028	91	9433	62	9063	14.749	4.53
316.7	NaN	562	NaN	505	0	-17	363	0	0	0	406	-9	9261	-10	8785	-8	9254	-9	8711	14.706	-3.274
316.8	NaN	594	NaN	502	0	-16	365	20	17	0	406	-4	8930	-5	8736	-3	9015	-3	8704	14.411	-0.693
316.9	NaN	586	NaN	507	0	-17	362	20	16	0	407	-4	8879	-5	8549	-3	8847	-4	8596	14.156	-2.338
317	NaN	586	NaN	738	0	-29	358	0	0	0	405	-17	8768	-22	8158	-14	8750	-19	8120	13.884	-3.981
317.1	NaN	580	NaN	817	0	-30	360	0	0	0	405	-33	8526	-44	7716	-28	8493	-37	7675	13.356	-6.093
317.2	NaN	592	NaN	811	0	-35	355	0	0	0	406	-47	8139	-63	7339	-39	7927	-53	4181	12.734	-8.198
317.3	NaN	576	NaN	938	0	-37	355	0	0	0	405	-44	7707	-63	5672	-39	7590	-55	1340	12.04	-6.477
317.4	NaN	578.75	NaN	772	0	-42	360	0	0	0	404	-42	7243	-65	4032	-37	7294	-0	-311	11.279	-4.506
317.5	NaN	580	NaN	825	0	-38	357	5	6	0	403	-43	6956	-62	4828	-37	6707	-47	-252	10.336	-3.077
317.6	NaN	581.25	NaN	772	0	-6	357	31	29	0	404	6	6736	5	5352	15	6782	13	3517	9.769	0.29
317.7	NaN	582.5	NaN	716	0	-9	355	36	34	0	406	14	6477	11	5363	34	6695	27	5993	9.463	2.116
317.8	NaN	583.75	NaN	703	0	11	355	36	34	0	407	13	6301	15	5302	29	6368	34	6634	9.267	1.676
317.9	NaN	585	NaN	687	0	-2	362	37	34	0	407	14	6047	14	5803	33	6126	35	6542	9.349	0.977
318	NaN	586.25	NaN	687	0	-68	361	38	38	0	408	15	5588	2	5291	38	5933	5	5729	9.35	-2.473
318.1	NaN	577	NaN	702	0	-70	357	66	65	0	407	88	6844	9	5450	200	6636	22	6468	9.35	5.653
318.2	NaN	528	NaN	650	0	-55	363	41	42	0	406	17	6493	3	5507	42	6443	7	5460	9.569	-4.492
318.3	NaN	603	NaN	594	0	-20	358	74	68	0	408	59	6974	37	6262	139	6886	87	6118	10.136	9.126
318.4	NaN	557	NaN	502	0	-9	363	31	27	0	407	2	6283	1	6242	3	6336	3	6161	10.28	-2.008
318.5	NaN	585	NaN	577	0	9	355	84	75	0	409	46	6475	60	6664	116	6604	141	6784	10.303	2.808
318.6	NaN	563	NaN	503	0	48	361	36	30	0	408	1	6050	1	6719	0	6111	3	6798	10.603	-4.887
318.7	NaN	586	NaN	649	0	52	359	84	75	0	409	24	6118	83	7367	56	6935	183	7457	10.451	5.643
318.8	NaN	552	NaN	507	0	63	360	22	17	0	408	-12	5839	-4	6724	-10	5889	-6	6866	10.59	-5.615
318.9	NaN	568	NaN	598	0	40	356	67	58	0	408	27	6038	80	7399	65	6533	178	7467	10.421	7.393
319	NaN	641	NaN	605	0	45	357	48	43	0	406	11	6379	41	7136	30	6304	91	7205	10.763	0.377
319.1	NaN	619	NaN	578	0	51	362	51	42	0	407	14	6681	49	7569	33	6906	114	7545	10.987	2.565
319.2	NaN	635	NaN	604	0	55	356	49	41	0	406	11	6510	46	7700	25	6901	107	7725	11.194	2.208
319.3	NaN	596	NaN	633	0	62	362	41	32	0	407	5	6358	28	7567	12	6516	64	7689	11.368	0.065
319.4	NaN	639	NaN	640	0	43	362	42	35	0	407	9	6473	28	7695	21	6591	65	7761	11.414	2.039
319.5	NaN	577	NaN	607	0	30	358	48	43	0	408	19	6581	40	7692	44	9326	91	7913	11.485	1.24
319.6	NaN	630	NaN	654	0	42	360	42	34	0	407	11	7103	29	7756	23	8403	69	7870	11.727	4.373
319.7	NaN	636	NaN	627	0	56	356	43	37	0	408	8	6639	34	7794	18	7241	79	7899	11.724	0.262
319.8	NaN	624	NaN	627	0	44	361	45	40	0	408	12	6779	38	7780	28	6973	83	7835	11.797	0.861
319.9	NaN	589	NaN	557	0	40	363	49	43	0	410	16	6959	43	7980	36	7038	98	7959	11.993	1.072
320	NaN	558	NaN	612	0	47	361	55	49	0	410	19	7290	58	8238	43	7194	133	8209	12.322	4.213
320.1	NaN	558	NaN	574	0	44	362	55	49	0	406	18	7449	58	8444	42	7386	129	8478	12.659	2.112
320.2	NaN	569	NaN	561	0	23	359	56	51	0	410	28	7685	51	8552	63	7722	115	8688	13.062	4.028
320.3	NaN	631	NaN	590	0	10	362	56	50	0	407	35	8139	44	8610	74	8172	96	8737	13.551	4.308
320.4	NaN	618	NaN	586	0	1	358	49	45	0	408	36	8524	34	8731	75	8589	78	8905	14.007	4.251
320.5	NaN	600	NaN	655	0	-13	361	42	34	0	408	24	8834	17	8739	50	8914	39	8862	14.359	2.042
320.6	NaN	565	NaN	662	0	-35	360	40	35	0	406	25	9197	12	8608	54	9257	26	8755	14.446	0.23
320.7	NaN	524	NaN	612.75	0	-60	358	32	29	0	404	17	9192	4	8341	35	9336	9	8563	14.476	-0.44
320.8	NaN	516	NaN	620	0	-55	361	48	47	0	405	48	9351	11	8204	116	9526	22	8412	14.25	-2.399
320.9	NaN	595	NaN	635	0	-47	359	61	61	0	406	56	9479	17	8639	119	9597	35	8766	14.497	1.853
321	NaN	634	NaN	653	0	-38	357	73	73	0	407	50	9588	20	9115	107	9790	43	9045	14.751	2.003
321.1	NaN	584	NaN	627	0	-28	355	76	77	0	407	47	9726	24	9095	100	9941	50	9348	15.006	3.709
321.2	NaN	573	NaN	600	0	-18	359	100	98	0	407	42	9644	28	10251	87	9811	57	9387	15.359	3.87
321.3	NaN	572	NaN	585	0	-12	361	100	100	0	407	39	9831	30	9671	81	9947	63	9724	15.709	2.904
321.4	NaN	589	NaN	592	0	4	364	100	100	0	407	35	9877	35	10031	71	10050	70	10034	16.124	3.811
321.5	NaN	571	NaN	583	0	29	355	100	100	0	409	24	9985	43	10510	49	9986	88	10562	16.405	1.824
321.6	NaN	600	NaN	580	0	45	362	100	100	0	407	17	10017	50	10817	35	9900	100	10911	16.592	1.342
321.7	NaN	650	NaN	570	0	42	357	100	100	0	408	18	10095	49	10878	36	10179	99	10952	16.721	0.52
321.8	NaN	523	NaN	588	0	36	363	100	100	0	407	20	10433	45	10807	40	10374	93	11006	16.89	3.054
321.9	NaN	550	NaN	582	0	29	357	100	100	0	407	23	10432	41	10998	47	10303	79	11035	17.031	2.932
322	NaN	579	NaN	589	0	16	363	100	100	0	407	26	10418	36	11005	51	10552	74	11149	17.187	0.794
322.1	NaN	572	NaN	626	0	13	360	100	100	0	406	21	10579	28	10945	40	10596	57	11076	17.4	2.338
322.2	NaN	630	NaN	619	0	6	360	100	100	0	406	21	10546	25	11081	41	10603	47	11144	17.553	0.958
322.3	NaN	564	NaN	676	0	-6	356	100	100	0	407	21	10782	18	10864	39	10875	36	11020	17.666	0.201
322.4	NaN	602	NaN	648	0	-17	360	100	100	0	406	20	11030	13	10799	40	11110	27	10827	17.71	0.78
322.5	NaN	551	NaN	643	0	-26	355	100	100	0	404	23	11114	15	10656	47	11256	27	10791	17.706	0.798
322.6	NaN	563.5	NaN	648	0	-23	355	100	100	0	405	28	11295	17	10641	54	11338	35	11019	17.774	0.346
322.7	NaN	562	NaN	673	0	-17	356	100	100	0	406	21	11122	14	10791	39	11193	28	10913	17.828	2.022
322.8	NaN	571	NaN	656	0	-18	358	100	100	0	404	18	11209	13	10759	37	11256	26	10888	17.853	0.249
322.9	NaN	583	NaN	723	0	-20	357	100	100	0	408	19	11149	14	10844	38	11172	28	10885	17.871	0.466
323	NaN	538	NaN	663	0	-16	356	100	100	0	406	17	11160	11	10800	31	11292	22	10905	17.89	0.837
323.1	NaN	617	NaN	667	0	-14	360	100	100	0	407	19	11250	14	10799	38	11284	28	10928	17.883	-0.179
323.2	NaN	534	NaN	709	0	-10	356	100	100	0	406	14	11034	11	10950	28	11168	20	10984	17.911	-0.098
323.3	NaN	531	NaN	671	0	-5	356	100	100	0	404	13	11094	11	10886	27	11180	22	10978	17.898	-0.939
323.4	NaN	542	NaN	700	0	0	361	100	100	0	407	11	10838	12	11068	24	10947	22	11086	17.859	-0.28
323.5	NaN	590	NaN	706	0	1	357	100	100	0	408	16	10844	17	11131	31	10958	34	11193	17.867	0.901
323.6	NaN	567	NaN	682	0	4	360	100	100	0	408	13	10814	14	11137	25	10821	27	11244	17.892	0.901
323.7	NaN	608	NaN	689	0	5	358	100	100	0	407	16	10793	18	11254	33	10970	35	11314	17.89	0.851
323.8	NaN	549	NaN	692	1	4	364	100	100	0	408	13	10897	13	11095	25	10982	27	11225	17.909	0.631
323.9	NaN	575	NaN	648	1	4	358	100	100	0	407	13	10801	14	11259	27	10898	29	11257	17.931	-1.144
324	NaN	568	NaN	659	1	-0	359	100	100	0	405	15	10913	15	11108	29	11009	28	11243	17.948	-0.551
324.1	NaN	530	NaN	678	1	-1	364	100	100	0	406	10	10928	9	11205	19	10880	20	11208	17.952	-0.371
324.2	NaN	560	NaN	683	1	-0	361	100	100	0	405	13	10916	13	11145	26	11060	26	11198	17.935	-0.818
324.3	NaN	537	NaN	656	1	-3	358	100	100	0	408	10	11012	9	11130	17	11021	14	11118	17.945	-0.036
324.4	NaN	509	NaN	629	1	-3	357	100	100	0	406	11	10919	11	11157	23	11020	24	11137	17.954	-0.292
324.5	NaN	521	NaN	657	1	-4	363	100	100	0	408	11	11036	10	11039	21	11091	17	11125	17.938	0.286
324.6	NaN	513	NaN	623	1	-2	356	100	100	0	408	8	10985	9	11187	17	10964	20	11202	17.929	-0.823
324.7	NaN	513	NaN	675	1	-3	360	100	100	0	407	13	10980	12	11069	25	11078	22	11132	17.949	-0.671
324.8	NaN	524	NaN	672	1	-1	358	100	100	0	407	8	11039	8	11151	14	11029	13	11162	17.948	0.658
324.9	NaN	526	NaN	660	1	-4	361	100	100	0	408	13	10927	11	11104	25	11063	23	11159	17.938	1.055
325	NaN	523	NaN	685	1	-2	361	100	100	0	408	10	10983	10	11063	20	11076	17	11096	17.966	0.493
325.1	NaN	505	NaN	629	1	-2	361	100	100	0	406	11	10945	9	11142	21	10994	21	11147	17.946	-1.179
325.2	NaN	517	NaN	693	1	-5	356	100	100	0	406	11	11024	10	11005	21	11092	18	11075	17.944	0.052
325.3	NaN	523	NaN	660	1	-3	362	100	100	0	407	9	10999	8	11133	16	10931	16	11112	17.946	-0.388
325.4	NaN	504	NaN	656	1	-3	360	100	100	0	406	11	10989	11	11053	23	11108	21	11099	17.907	-0.354
325.5	NaN	519	NaN	674	1	-3	357	100	100	0	407	10	10994	9	11133	19	11023	17	11138	17.92	0.758
325.6	NaN	559	NaN	693	0	-3	362	0	0	0	406	-12	10813	-12	11013	-8	10811	-10	10935	17.787	-4.533
325.7	NaN	571	NaN	779	0	-4	357	0	0	0	405	-32	10588	-33	10643	-23	10635	-26	10575	17.456	-4.422
325.8	NaN	564	NaN	722	0	-1	363	0	0	0	405	-52	10183	-53	10382	-40	10092	-40	10259	16.912	-6.869
325.9	NaN	541	NaN	727	0	-2	358	0	0	0	405	-54	9812	-55	9939	-42	9722	-44	9814	16.249	-7.737
326	NaN	553	NaN	704	0	-5	356	0	0	0	404	-55	9417	-57	9482	-45	9318	-45	9471	15.561	-7.479
326.1	NaN	562	NaN	726	0	0	361	0	0	0	405	-55	8988	-55	9205	-45	8961	-45	8960	14.855	-7.199
326.2	NaN	551	NaN	761	0	0	357	0	0	0	406	-55	8493	-54	8665	-46	8522	-45	8566	14.188	-6.772
326.3	NaN	556	NaN	708	0	0	359	0	0	0	406	-55	8072	-54	8252	-47	8048	-46	8193	13.49	-6.199
326.4	NaN	550	NaN	741	0	-2	356	0	0	0	403	-54	7726	-54	7909	-46	7602	-46	7759	12.802	-6.823
326.5	NaN	545	NaN	736	0	1	361	0	0	0	405	-54	7208	-52	7519	-47	7268	-46	7413	12.144	-6.999
326.6	NaN	570	NaN	502	0	5	357	18	14	0	408	-11	6966	-10	7259	-9	7028	-9	7295	11.666	-1.874
326.7	NaN	553	NaN	594	0	17	362	35	29	0	408	2	6790	-1	7413	7	6757	12	7387	11.248	-4.641
326.8	NaN	553	NaN	507	0	45	362	23	15	0	409	-2	6593	-1	7274	-2	6787	-3	7365	11.498	0.575
326.9	NaN	525	NaN	624	0	50	363	60	54	0	407	16	6399	61	7652	42	6652	173	8019	11.102	-1.23
327	NaN	556	NaN	504	0	56	358	0	0	0	408	-10	6104	-6	7337	-9	6322	-5	7422	11.2	-2.204
327.1	NaN	627	NaN	737	0	45	363	57	50	0	407	3	6197	11	7310	10	5741	28	7319	10.8	-2.537
327.2	NaN	581	NaN	660	0	25	362	48	37	0	407	17	6519	30	7289	40	6503	73	7428	10.941	3.832
327.3	NaN	589	NaN	612	0	25	363	49	42	0	407	20	6581	36	7334	45	7275	84	7485	11.127	1.219
327.4	NaN	563	NaN	606	0	24	356	51	44	0	407	23	6989	40	7587	53	6999	93	7697	11.524	4.311
327.5	NaN	583	NaN	605	0	30	356	52	45	0	407	22	7060	44	7868	50	7400	100	7978	11.866	0.575
327.6	NaN	581	NaN	599	0	41	360	53	46	0	408	19	8445	51	8605	41	7432	119	8143	12.406	6.102
327.7	NaN	583	NaN	606	0	32	361	71	64	0	408	26	7407	56	8441	59	9164	120	8918	12.599	-0.207
327.8	NaN	572	NaN	590	0	26	358	73	67	0	410	29	8181	50	8698	63	8023	112	8802	13.14	4.768
327.9	NaN	545	NaN	581	0	23	363	67	58	0	410	29	8093	46	8862	63	9059	101	8961	13.518	5.601
328	NaN	560	NaN	565	0	18	362	59	52	0	407	30	8451	46	9070	64	8543	99	9130	13.967	2.996
328.1	NaN	552	NaN	564	0	30	356	61	55	0	409	26	9001	50	9343	55	8642	106	9452	14.377	3.429
328.2	NaN	550	NaN	587	0	26	357	63	57	0	406	25	8874	47	9619	54	8869	99	9727	14.749	3.566
328.3	NaN	572	NaN	587	0	20	360	95	90	0	409	29	9129	44	9731	58	9260	90	9888	15.157	2.647
328.4	NaN	546	NaN	594	0	5	357	100	100	0	408	32	9496	37	9865	69	9649	76	9941	15.578	3.707
328.5	NaN	562	NaN	595	0	-9	359	100	100	0	407	37	9839	31	9891	78	10007	63	9998	15.928	3.528
328.6	NaN	553	NaN	608	0	-7	358	100	100	0	407	38	10123	31	9957	75	10163	62	10119	16.285	3.505
328.7	NaN	553	NaN	603	0	-14	360	100	100	0	408	39	10463	28	10246	79	10543	57	10312	16.613	4.298
328.8	NaN	555.25	NaN	628	0	-19	358	100	100	0	407	35	10632	24	10338	72	10813	48	10451	16.926	2.748
328.9	NaN	559	NaN	631	0	-21	362	100	100	0	407	38	10896	23	10348	75	10955	46	10493	17.162	3.097
329	NaN	561	NaN	595	0	-14	359	100	100	0	405	30	10901	23	10610	57	11040	42	10682	17.403	3.692
329.1	NaN	547	NaN	682	0	-11	356	100	100	0	407	21	10875	17	10690	40	10937	31	10763	17.545	1.717
329.2	NaN	561	NaN	649	0	2	358	100	100	0	407	16	10796	16	10849	31	10944	32	10946	17.629	0.404
329.3	NaN	578	NaN	601	0	12	361	100	100	0	407	17	10591	23	11374	36	10751	47	11343	17.689	0.197
329.4	NaN	552	NaN	627	0	13	358	100	100	0	408	16	10711	22	11235	33	10771	43	11328	17.876	1.694
329.5	NaN	570	NaN	642	0	5	357	100	100	0	407	14	10820	16	11354	26	10882	31	11353	17.919	1.225
329.6	NaN	530	NaN	692	0	-1	362	100	100	0	407	13	10904	13	11167	26	10948	26	11223	17.983	-0.455
329.7	NaN	509	NaN	669	0	-7	362	100	100	0	407	9	11027	9	11060	17	11111	15	11151	17.96	1.048
329.8	NaN	523	NaN	638	0	-7	358	100	100	0	406	9	11037	8	11019	17	11112	14	11004	17.94	-1.84
329.9	NaN	503	NaN	663	0	-9	357	100	100	0	405	13	11077	11	10920	26	11154	22	11064	17.902	-0.346
330	NaN	512	NaN	648	1	-6	363	100	100	0	409	10	11074	9	10994	18	11159	15	10998	17.888	0.943
330.1	NaN	504	NaN	653	1	-8	356	100	100	0	405	10	11104	8	11029	22	11094	18	10978	17.767	-2.037
330.2	NaN	549	NaN	710	1	-8	364	100	100	0	405	16	10979	14	10899	30	11034	27	10981	17.879	2.092
330.3	NaN	503	NaN	660	1	-5	359	100	100	0	408	10	10960	8	11030	18	11036	17	11006	17.779	-1.461
330.4	NaN	577	NaN	682	1	-3	360	100	100	0	407	14	10948	14	10971	26	10971	24	11079	17.769	1
330.5	NaN	552	NaN	653	1	2	355	100	100	0	405	11	10856	11	11028	23	11015	22	11126	17.81	1.301
330.6	NaN	535	NaN	663	1	-3	361	100	100	0	407	13	10948	13	10978	26	11019	25	11081	17.799	-1.337
330.7	NaN	550	NaN	688	0	-1	363	0	0	0	407	-7	10824	-6	10968	-6	10866	-5	10977	17.815	-1.267
330.8	NaN	573	NaN	705	0	-1	357	0	0	0	405	-26	10562	-26	10783	-21	10534	-21	10739	17.451	-4.496
330.9	NaN	538	NaN	723	0	3	355	0	0	0	404	-47	10261	-46	10463	-37	10057	-35	10311	16.956	-6.684
331	NaN	559	NaN	725	0	3	361	0	0	0	406	-55	9804	-55	10102	-43	9697	-41	9998	16.351	-6.607
331.1	NaN	541	NaN	714	0	2	361	0	0	0	407	-56	9406	-55	9644	-45	9063	-44	9587	15.661	-8.312
331.2	NaN	546	NaN	688	0	2	356	0	0	0	405	-57	8944	-54	9151	-46	8834	-44	9143	14.978	-6.389
331.3	NaN	556	NaN	730	0	2	356	0	0	0	405	-55	8489	-54	8810	-46	8441	-45	8609	14.289	-6.513
331.4	NaN	557	NaN	746	0	4	356	0	0	0	405	-55	8014	-53	8416	-47	8063	-45	8341	13.587	-5.698
331.5	NaN	553	NaN	735	0	2	359	0	0	0	407	-54	7658	-53	7954	-46	7666	-46	7842	12.917	-5.826
331.6	NaN	542	NaN	578	0	-7	360	23	19	0	404	-8	7515	-12	7624	-5	7514	-5	7579	12.274	-1.825
331.7	NaN	543	NaN	720	0	-18	361	1	0	0	405	-8	7500	-9	7304	-7	7483	-8	7355	12.138	-1.91
331.8	NaN	597	NaN	748	0	-32	357	6	2	0	405	-23	7468	-33	6724	-21	7433	-28	6618	11.777	-3.461
331.9	NaN	536	NaN	720	0	-30	361	30	27	0	407	4	7402	2	6699	9	7396	4	6712	11.497	-1.257
332	NaN	498	NaN	700	0	-38	358	37	34	0	406	21	7482	8	6741	48	7507	19	6806	11.524	0.007
332.1	NaN	556	NaN	720	0	-36	358	39	36	0	407	26	7604	10	6831	57	7659	25	6876	11.651	1.538
332.2	NaN	554.8333333	NaN	736	0	-24	360	41	37	0	407	25	7643	14	7062	57	7720	33	7093	11.832	2.127
332.3	NaN	560.1666667	NaN	752	0	-9	360	43	37	0	407	24	7564	19	7417	53	7685	43	7423	12.117	1.997
332.4	NaN	549	NaN	504	0	14	364	22	13	0	408	-1	7217	-2	7713	-2	7344	-2	7667	12.261	-1.905
332.5	NaN	549	NaN	502	0	30	359	21	17	0	408	-3	6909	-2	7772	-3	6973	-2	7716	11.976	-3.036
332.6	NaN	589	NaN	752	0	29	360	0	0	0	408	-22	6705	-16	7620	-20	6527	-14	7527	11.715	-4.834
332.7	NaN	585	NaN	765	0	41	358	0	0	0	405	-45	5947	-31	7307	-41	5601	-26	7302	11.276	-5.163
332.8	NaN	537	NaN	540	0	53	361	26	17	0	406	0	5933	2	7251	2	5813	7	7183	10.743	-1.679
332.9	NaN	563	NaN	552	0	56	356	0	0	0	405	-23	5572	-13	6898	-21	5238	-11	6879	10.437	-4.729
333	NaN	546	NaN	507	0	45	361	25	19	0	407	0	5536	0	6829	0	4451	0	6808	10.022	-3.66
333.1	NaN	610	NaN	669	0	45	362	37	32	0	407	4	5468	18	6610	12	5445	39	6700	9.815	-1.975
333.2	NaN	566	NaN	719.75	0	47	356	53	47	0	407	16	5843	54	6841	37	5783	125	7033	10.089	4.62
333.3	NaN	595	NaN	719.5	0	42	358	72	66	0	407	23	7225	69	7299	55	6203	159	7530	10.533	5.441
333.4	NaN	550	NaN	719.25	0	43	355	79	73	0	407	22	8359	65	7391	53	7392	151	7561	11.042	3.355
333.5	NaN	531	NaN	719	0	36	360	85	80	0	407	26	7489	63	7764	60	7092	142	7873	11.606	4.102
333.6	NaN	589	NaN	718.75	0	35	360	100	100	0	407	24	8012	58	8014	55	7457	128	8032	12.17	5.28
333.7	NaN	547	NaN	718.5	0	26	356	100	100	0	408	27	7434	50	8262	61	9244	115	8435	12.599	0.082
333.8	NaN	584	NaN	718.25	0	16	360	100	100	0	407	33	8291	47	8451	73	8262	102	8643	13.131	3.911
333.9	NaN	556	NaN	718	0	23	355	100	100	0	405	29	8156	50	8747	63	8377	109	8865	13.652	2.428
334	NaN	621	NaN	717.75	0	18	361	100	100	0	410	31	8537	46	9136	66	8577	99	9251	14.037	5.494
334.1	NaN	587	NaN	717.5	0	12	357	100	100	0	409	32	8789	42	9331	69	8890	88	9387	14.519	4.148
334.2	NaN	565	NaN	717.25	0	13	360	100	100	0	407	32	9156	42	9478	66	9049	88	9599	15.066	3.108
334.3	NaN	607	NaN	717	0	3	363	100	100	0	409	34	9448	37	9690	70	9514	76	9744	15.452	5.486
334.4	NaN	571	NaN	716.75	0	-3	359	100	100	0	408	36	9664	34	9775	74	9936	70	10026	15.849	3.57
334.5	NaN	539	NaN	716.5	0	-3	359	100	100	0	407	35	9950	33	10137	72	10130	68	10136	16.255	4.297
334.6	NaN	551	NaN	716.25	0	-4	359	100	100	0	407	35	10265	32	10296	71	10284	66	10367	16.56	3.804
334.7	NaN	598	NaN	618	0	-6	362	100	100	0	407	30	10380	27	10379	62	10549	54	10563	16.932	2.112
334.8	NaN	575	NaN	635	1	0	360	100	100	0	406	25	10488	25	10662	52	10685	50	10694	17.173	3.218
334.9	NaN	544	NaN	587	1	1	356	100	100	0	407	21	10684	22	10751	40	10660	43	10795	17.339	0.336
335	NaN	547	NaN	597	1	0	355	100	100	0	408	21	10662	20	10762	41	10779	41	10940	17.55	1.823
335.1	NaN	581	NaN	635	1	2	355	100	100	0	407	17	10808	18	10976	33	10866	34	11004	17.623	2.05
335.2	NaN	529	NaN	678	0	-4	359	22	14	0	407	10	10845	6	10820	14	10862	17	10988	17.74	2.707
335.3	NaN	584	NaN	643	0	-3	357	0	0	0	408	-20	10773	-20	10886	-16	10611	-16	10512	17.472	-5.356
335.4	NaN	553	NaN	714	0	-1	361	0	0	0	405	-41	10366	-41	10413	-33	10330	-31	10522	16.989	-3.346
335.5	NaN	538	NaN	714	0	-1	357	0	0	0	403	-53	10026	-53	9971	-42	9770	-42	9799	16.407	-6.056
335.6	NaN	548	NaN	718	0	2	357	0	0	0	405	-57	9469	-55	9718	-44	9472	-43	9682	15.744	-7.071
335.7	NaN	542	NaN	729	0	5	362	0	0	0	406	-57	9000	-54	9308	-46	9037	-44	9278	15.083	-6.327
335.8	NaN	534	NaN	720	0	5	356	0	0	0	406	-56	8514	-53	8936	-46	8430	-44	8759	14.393	-6.504
335.9	NaN	552	NaN	754	0	5	358	0	0	0	406	-58	8098	-53	8548	-48	7771	-44	8487	13.718	-6.079
336	NaN	553	NaN	739	0	13	363	0	0	0	403	-57	7301	-50	8185	-49	7358	-43	8143	13.068	-6.348
336.1	NaN	573	NaN	831	0	21	356	0	0	0	406	-60	6872	-48	7857	-52	6834	-42	7804	12.359	-4.444
336.2	NaN	582	NaN	870	0	34	362	0	0	0	405	-61	6157	-44	7500	-55	4948	-39	7461	11.681	-4.989
336.3	NaN	577	NaN	770	0	48	360	0	0	0	405	-67	5599	-40	6985	-58	877	-36	7000	11.007	-7.749
336.4	NaN	567	NaN	857	0	55	359	0	0	0	406	-68	2739	-37	6631	-0	181	-34	6635	10.372	-8.645
336.5	NaN	585	NaN	835	0	60	361	2	0	0	407	-68	2821	-36	6264	-0	-308	-33	6352	9.537	-5.655
336.6	NaN	553	NaN	519	0	61	360	26	21	0	408	0	4563	0	5996	-1	1041	0	6164	8.879	-1.59
336.7	NaN	624	NaN	695	0	27	364	53	47	0	407	15	4552	37	6017	39	3353	94	6501	8.482	0.547
336.8	NaN	589	NaN	585	0	19	356	55	48	0	406	29	6113	44	5915	69	6073	105	6309	8.791	4.901
336.9	NaN	563	NaN	587	0	31	362	59	50	0	409	28	6259	63	6414	69	7493	150	6792	9.138	8.72
337	NaN	539	NaN	576	0	-5	359	62	58	0	407	43	5953	48	6189	108	7498	115	6640	9.42	5.623
337.1	NaN	544	NaN	506	0	-34	363	18	15	0	408	-1	6033	-2	5842	-1	6192	-2	5900	9.941	-1.799
337.2	NaN	561	NaN	704	0	-43	355	58	59	0	406	68	6616	24	5725	167	6861	57	6282	9.951	5.444
337.3	NaN	558	NaN	516	0	-65	363	32	29	0	407	4	6557	0	5650	9	6587	1	5691	10.066	-2.992
337.4	NaN	559	NaN	514	0	-82	358	36	35	0	405	11	6452	0	5466	27	6530	2	5568	9.871	-0.485
337.5	NaN	547	NaN	527	0	-77	358	39	40	0	407	20	6571	1	5364	45	6555	3	5321	9.606	-2.008
337.6	NaN	495	NaN	677	0	-78	354	50	46	0	407	62	6968	4	5371	148	6924	9	5462	9.83	4.619
337.7	NaN	492	NaN	690	0	-74	358	48	46	0	405	56	7063	5	5433	132	7700	11	5562	10.016	2.06
337.8	NaN	611	NaN	754	0	-52	356	53	53	0	406	61	7196	13	5556	139	7565	32	6211	10.122	2.583
337.9	NaN	628	NaN	639	0	-7	354	60	57	0	407	44	7224	38	5902	100	8240	90	7226	10.48	11.886
338	NaN	618	NaN	592	0	2	357	90	84	0	407	38	6981	42	7411	88	7782	95	9057	10.839	8.524
338.1	NaN	569	NaN	579	0	3	358	100	100	0	407	36	7090	40	7852	80	7336	92	9610	11.371	8.652
338.2	NaN	567	NaN	614	0	-16	359	100	100	0	407	49	7474	32	7846	107	7539	71	8884	11.951	7.763
338.3	NaN	569	NaN	588	0	-17	357	100	100	0	407	49	7968	33	7695	111	8064	76	7775	12.571	4.794
338.4	NaN	569	NaN	616	0	-20	358	100	100	0	408	48	8312	31	7983	107	8457	71	8099	13.112	4.099
338.5	NaN	585	NaN	599	0	-15	355	100	100	0	409	44	8561	32	8339	96	8687	71	8529	13.656	4.183
338.6	NaN	587	NaN	610	0	-8	356	100	100	0	407	40	8771	35	8700	87	8823	77	8890	14.154	4.923
338.7	NaN	563	NaN	608	0	-7	358	100	100	0	407	40	9045	34	8952	85	9180	72	9113	14.617	4.318
338.8	NaN	577	NaN	592	0	-7	358	100	100	0	407	41	9324	33	9314	86	9477	70	9446	15.072	3.826
338.9	NaN	589	NaN	603	0	-4	357	100	100	0	407	37	9608	34	9691	77	9701	68	9679	15.512	4.929
339	NaN	568	NaN	590	0	-4	363	100	100	0	407	35	9795	33	9872	73	9921	68	9989	15.895	4.446
339.1	NaN	581	NaN	593	1	-4	363	100	100	0	407	36	10003	33	10034	74	10153	68	10172	16.309	4.351
339.2	NaN	622	NaN	608	1	-6	358	100	100	0	407	35	10305	31	10311	71	10443	64	10396	16.707	5.017
339.3	NaN	590	NaN	654	1	-4	360	100	100	0	407	26	10501	24	10531	52	10581	48	10590	16.973	1.56
339.4	NaN	538	NaN	634	1	-1	362	100	100	0	407	27	10492	26	10666	54	10624	51	10793	17.255	1.755
339.5	NaN	558	NaN	647	1	1	358	100	100	0	409	22	10630	23	10921	42	10730	45	10965	17.47	3.687
339.6	NaN	552	NaN	628	1	4	358	100	100	0	407	19	10674	20	11024	36	10744	40	11148	17.649	1.373
339.7	NaN	562	NaN	608.3888889	1	4	363	100	100	0	407	18	10718	20	11118	36	10897	40	11187	17.819	0.917
339.8	NaN	547	NaN	607.7777778	1	1	360	100	100	0	407	13	10863	14	11168	23	10961	24	11228	17.92	1.96
339.9	NaN	544	NaN	607.1666667	0	3	362	0	0	0	407	-12	10731	-11	10990	-8	10715	-8	11045	17.825	-3.612
340	NaN	551	NaN	606.5555556	0	5	359	0	0	0	407	-33	10337	-30	10929	-25	10231	-23	10762	17.526	-5.025
340.1	NaN	553	NaN	605.9444444	0	11	360	0	0	0	405	-53	9951	-49	10660	-41	9160	-38	10545	16.97	-7.387
340.2	NaN	575	NaN	605.3333333	0	4	355	3	0	0	406	-58	9519	-53	10236	-44	8770	-41	10139	16.291	-8.731
340.3	NaN	567	NaN	604.7222222	0	11	362	20	17	0	408	-5	9316	-5	10045	-4	9475	-4	10025	15.976	-1.141
340.4	NaN	557	NaN	604.1111111	0	16	360	21	15	0	408	-6	9149	-5	9985	-5	9135	-4	9964	15.678	-3.062
340.5	NaN	548	NaN	603.5	0	20	364	21	13	0	406	-10	8605	-8	9693	-8	8964	-6	9764	15.448	-2.105
340.6	NaN	544	NaN	602.8888889	0	20	362	19	11	0	408	-10	8578	-8	9773	-8	8440	-6	9722	15.12	-2.12
340.7	NaN	569	NaN	602.2777778	0	34	360	18	11	0	406	-24	7947	-16	9564	-19	8191	-13	9451	14.772	-6.591
340.8	NaN	503	NaN	601.6666667	0	20	364	35	26	0	407	6	8341	10	9490	13	8464	20	9625	14.478	0.172
340.9	NaN	545	NaN	601.0555556	0	7	357	28	20	0	408	-0	8460	-0	8978	-0	8240	-0	9008	14.368	-3.341
341	NaN	540	NaN	600.4444444	0	10	363	27	19	0	407	0	8203	0	8748	-0	8479	0	8858	14.187	-1.218
341.1	NaN	540	NaN	599.8333333	0	23	359	6	0	0	409	-6	8081	-4	8823	-6	8202	-4	8754	13.997	-2.924
341.2	NaN	555	NaN	599.2222222	0	29	359	0	0	0	407	-28	7714	-21	8777	-24	6570	-18	8702	13.663	-4.408
341.3	NaN	559	NaN	598.6111111	0	25	357	0	0	0	408	-49	7108	-37	8308	-43	6576	-32	8499	13.115	-4.858
341.4	NaN	555	NaN	598	0	23	360	13	8	0	407	-30	7115	-24	8220	-25	3400	-21	8047	12.595	-6.275
341.5	NaN	550	NaN	597.3888889	0	29	360	21	14	0	407	-11	5967	-8	7787	-9	6282	-7	7734	12.176	-2.633
341.6	NaN	555	NaN	596.7777778	0	36	361	26	19	0	408	0	6438	0	7705	0	5605	0	7697	11.787	-1.537
341.7	NaN	597	NaN	596.1666667	0	36	361	35	28	0	407	4	6391	12	7535	11	6550	31	7561	11.519	-1.991
341.8	NaN	584	NaN	595.5555556	0	31	357	35	28	0	407	6	6535	11	7500	13	6658	26	7496	11.468	-0.162
341.9	NaN	615	NaN	594.9444444	0	64	355	34	27	0	407	3	6392	14	7234	6	6533	34	7379	11.346	-2.466
342	NaN	597	NaN	594.3333333	0	75	359	34	26	0	408	1	6107	13	7159	2	6344	30	7324	11.189	-2.927
342.1	NaN	535	NaN	593.7222222	0	72	364	14	4	0	408	-2	5942	-1	7137	-2	6045	-2	7198	10.894	-3.279
342.2	NaN	541	NaN	593.1111111	0	67	359	0	0	0	405	-28	5057	-13	6776	-25	5348	-12	6923	10.544	-3.048
342.3	NaN	579	NaN	637	0	55	358	42	35	0	407	6	5618	32	6963	16	4513	73	7101	10.096	-0.871
342.4	NaN	623	NaN	626	0	52	357	45	39	0	407	8	5701	34	6825	19	5770	82	6972	10.211	-0.163
342.5	NaN	565	NaN	599	0	38	362	47	41	0	408	14	5823	40	7077	34	6245	93	7183	10.377	4.195
342.6	NaN	547	NaN	577	0	30	362	69	64	0	409	29	6299	62	7166	68	7224	144	7314	10.76	4.245
342.7	NaN	571	NaN	579	0	27	357	100	100	0	407	30	6858	59	7419	70	6915	136	7545	11.367	6.539
342.8	NaN	571	NaN	639	0	27	356	100	100	0	407	31	7055	57	7813	69	7280	129	7870	11.928	3.657
342.9	NaN	534	NaN	567	0	23	359	100	100	0	407	32	7596	52	8102	73	7513	114	8203	12.451	5.813
343	NaN	572	NaN	580	0	17	356	100	100	0	406	33	7769	49	8320	74	7874	108	8417	12.967	4.422
343.1	NaN	558	NaN	581	0	15	362	100	100	0	407	32	8157	47	8590	72	8168	102	8688	13.457	3.995
343.2	NaN	593	NaN	595	0	10	357	100	100	0	407	34	8401	42	8803	74	8536	91	8928	13.914	4.425
343.3	NaN	567	NaN	583	0	2	359	100	100	0	407	37	8728	38	8947	79	8873	82	9095	14.363	5.018
343.4	NaN	551	NaN	614	0	-3	356	100	100	0	407	37	9035	36	9243	77	9204	78	9305	14.776	3.77
343.5	NaN	579	NaN	598	0	-4	361	100	100	0	408	38	9355	35	9445	78	9463	74	9488	15.168	5.195
343.6	NaN	590	NaN	595	0	-8	359	100	100	0	407	38	9642	33	9608	79	9684	68	9653	15.555	3.817
343.7	NaN	561	NaN	586	1	-6	359	100	100	0	407	37	9847	32	9754	76	9978	65	9883	15.921	4.511
343.8	NaN	577	NaN	590	1	-7	355	100	100	0	407	36	10013	33	10026	74	10182	67	10122	16.252	3.614
343.9	NaN	583	NaN	583	1	-4	361	100	100	0	407	36	10234	32	10300	72	10298	65	10376	16.569	4.159
344	NaN	587	NaN	579	1	-6	356	100	100	0	408	30	10427	27	10417	60	10535	54	10514	16.895	1.22
344.1	NaN	534	NaN	625	1	0	359	100	100	0	408	26	10494	25	10581	50	10644	49	10670	17.13	2.3
344.2	NaN	539	NaN	614	1	0	361	100	100	0	408	23	10607	24	10768	46	10658	47	10846	17.343	2.461
344.3	NaN	619	NaN	660	1	-1	359	100	100	0	407	16	10772	17	10747	32	10835	32	10867	17.483	0.079
344.4	NaN	565	NaN	649	1	-4	359	100	100	0	407	17	10705	17	10937	36	10856	34	10996	17.601	2.577
344.5	NaN	561	NaN	632	1	-2	355	100	100	0	407	15	10861	15	10933	30	10943	28	10966	17.688	-0.485
344.6	NaN	536	NaN	645	1	1	362	100	100	0	405	13	10843	13	10927	25	10951	25	11009	17.753	-0.445
344.7	NaN	547	NaN	648	1	0	363	100	100	0	407	15	10899	14	11075	29	10893	28	11075	17.798	0.472
344.8	NaN	537	NaN	658	1	-2	357	100	100	0	407	12	10966	12	10932	23	11059	22	11051	17.856	0.837
344.9	NaN	512	NaN	628	1	-1	359	100	100	0	407	12	10897	12	11072	25	10996	25	11158	17.85	0.262
345	NaN	525	NaN	650	1	-1	360	100	100	0	406	13	11019	11	11016	23	11020	22	11038	17.859	-0.797
345.1	NaN	515	NaN	638	1	-4	357	100	100	0	407	11	10930	11	10976	23	11042	23	11083	17.901	0.266
345.2	NaN	514	NaN	667	1	-2	360	100	100	0	408	12	10981	11	11100	23	10979	22	11090	17.862	0.722
345.3	NaN	525	NaN	719	1	-3	356	100	100	0	406	11	11000	10	10936	19	11024	19	11020	17.901	1.483
345.4	NaN	518	NaN	639	1	-4	355	100	100	0	408	12	10934	11	11154	24	10974	24	11139	17.885	0.03
345.5	NaN	514	NaN	652	1	-4	359	100	100	0	408	11	11069	10	11000	19	11059	17	11046	17.877	-1.77
345.6	NaN	495	NaN	629	1	-3	363	100	100	0	407	10	10955	10	11090	22	11061	20	11111	17.92	-0.02
345.7	NaN	499	NaN	661	1	-6	358	100	100	0	407	11	10999	10	11008	21	11090	19	11086	17.906	-0.462
345.8	NaN	501	NaN	651	1	-5	355	100	100	0	407	9	11057	9	10975	18	11104	16	11034	17.902	-0.086
345.9	NaN	530	NaN	627	1	-5	356	100	100	0	407	12	11039	12	11264	23	10963	22	11096	17.91	-0.532
346	NaN	517	NaN	691	1	0	359	100	100	0	405	10	11003	10	10977	19	11096	18	11077	17.926	2.652
346.1	NaN	542	NaN	647	1	6	359	100	100	0	407	10	10800	12	11273	22	10949	25	11283	17.926	1.147
346.2	NaN	585	NaN	648	0	10	362	100	100	0	407	15	10803	19	11373	30	11136	36	11406	17.927	-0.753
346.3	NaN	594	NaN	642	0	11	358	100	100	0	407	13	10822	16	11459	25	10886	33	11499	18.038	-0.999
346.4	NaN	582	NaN	674	0	10	362	100	100	0	408	14	10814	18	11493	28	10863	34	11483	18.071	-0.554
346.5	NaN	545	NaN	684	0	9	359	100	100	0	407	12	10906	14	11343	23	10983	28	11457	18.129	1.781
346.6	NaN	527	NaN	658	0	-2	361	100	100	0	407	11	10935	11	11380	22	10983	22	11382	18.083	-1.129
346.7	NaN	503	NaN	655	0	-9	360	100	100	0	408	9	11150	7	11012	17	11179	15	11139	18.06	-0.39
346.8	NaN	501	NaN	651	0	-14	362	100	94	0	405	11	11179	8	10979	19	11229	14	10987	18.019	-2.149
346.9	NaN	513	NaN	649	0	-16	356	53	47	0	405	16	11177	11	10779	32	11300	22	10921	17.966	1.623
347	NaN	572	NaN	684	0	-14	360	0	0	0	405	-15	11076	-17	10716	-11	11135	-12	10578	17.69	-3.649
347.1	NaN	556	NaN	749	0	-11	362	0	0	0	403	-34	10606	-38	10449	-25	10564	-28	10365	17.261	-6.548
347.2	NaN	543	NaN	703	0	-7	357	0	0	0	405	-52	10069	-55	9945	-40	10217	-42	10031	16.642	-4.757
347.3	NaN	530	NaN	703	0	-7	363	0	0	0	406	-53	9741	-57	9729	-42	9483	-45	9568	15.937	-6.641
347.4	NaN	535	NaN	709	0	-8	362	0	0	0	406	-54	9295	-59	9306	-43	9243	-46	9098	15.247	-7.931
347.5	NaN	545	NaN	725	0	-8	363	0	0	0	403	-52	8878	-58	8840	-43	8783	-47	8741	14.554	-7.951
347.6	NaN	539	NaN	730	0	-8	356	0	0	0	405	-52	8512	-57	8385	-44	8405	-48	8287	13.833	-6.24
347.7	NaN	534	NaN	706	0	-17	362	0	0	0	406	-50	8173	-58	7891	-43	8030	-48	7853	13.16	-7.77
347.8	NaN	542	NaN	722	0	-25	362	0	0	0	403	-49	7863	-61	7308	-42	7734	-52	7097	12.46	-6.764
347.9	NaN	551	NaN	717	0	-33	354	0	0	0	403	-45	7441	-61	6740	-39	7250	-54	6517	11.761	-8.706
348	NaN	557	NaN	733	0	-43	362	0	0	0	402	-42	7002	-64	5598	-38	6925	-57	3456	11.116	-9.122
348.1	NaN	568	NaN	717	0	-62	356	4	4	0	404	-32	6673	-60	3792	-28	6736	0	-297	10.422	-6.677
348.2	NaN	511	NaN	591	0	-58	360	34	35	0	404	5	6737	2	5269	14	6786	4	1801	9.686	-0.917
348.3	NaN	555	NaN	775	0	-43	360	39	40	0	406	30	6700	9	5418	72	7041	22	5535	9.605	1.704
348.4	NaN	541	NaN	703	0	-34	360	50	50	0	405	48	6684	21	5631	115	7142	49	6953	9.835	3.532
348.5	NaN	539.5	NaN	665	0	-37	357	48	46	0	405	42	6908	18	5827	98	7224	42	6778	10.143	5.723
348.6	NaN	538	NaN	631	0	-32	359	48	46	0	405	43	6996	18	6383	101	7529	42	6574	10.435	3.796
348.7	NaN	559	NaN	596	0	-14	362	54	54	0	406	46	7006	33	6886	107	7389	79	8013	10.736	6.909
348.8	NaN	582	NaN	615	0	-27	357	55	54	0	406	53	7367	30	7813	122	7470	68	7096	11.294	5.825
348.9	NaN	603	NaN	614	0	-30	354	57	58	0	407	56	7667	30	7535	128	7817	67	7301	11.879	4.923
349	NaN	566	NaN	621	0	-16	359	76	75	0	407	51	7961	32	7639	112	8110	74	7662	12.475	7.072
349.1	NaN	598	NaN	589	0	-11	357	74	68	0	407	43	8194	36	8130	96	8342	81	8141	13.044	6.019
349.2	NaN	550	NaN	595	0	-8	358	61	53	0	407	42	8506	36	8491	89	8646	79	8477	13.583	5.892
349.3	NaN	558	NaN	535	0	-8	359	0	0	0	408	-13	8336	-13	8254	-11	8343	-12	8286	13.585	-1.673
349.4	NaN	572	NaN	691	0	-9	360	0	0	0	405	-32	8210	-33	8100	-26	8219	-29	8022	13.237	-6.584
349.5	NaN	544	NaN	671	0	-21	354	32	26	0	407	15	8372	12	8148	42	8409	20	8141	13.254	3.725
349.6	NaN	535	NaN	500	0	-34	360	10	9	0	406	-2	8288	-2	7747	-1	8200	-2	7713	13.084	-3.823
349.7	NaN	529	NaN	502	0	-46	363	25	22	0	407	-0	8169	-0	7419	0	8199	-0	7542	12.898	-1.17
349.8	NaN	538	NaN	504	0	-52	358	25	22	0	406	0	7974	0	7194	0	8035	0	7207	12.679	-2.41
349.9	NaN	533	NaN	496	0	-39	358	30	31	0	405	5	8193	2	7120	8	8091	5	6922	12.333	-3.256
350	NaN	491	NaN	652	0	-43	359	33	31	0	404	15	7874	5	7061	33	8008	12	7234	12.344	0.859
350.1	NaN	498	NaN	634	0	-46	360	33	31	0	403	14	7958	5	7019	32	7965	10	7255	12.209	-1.93
350.2	NaN	507	NaN	493	0	-55	357	29	25	0	404	9	7818	2	6890	23	7868	5	7041	12.148	-1.467
350.3	NaN	531	NaN	496	0	-52	360	37	38	0	404	4	7856	1	6766	8	7759	2	6711	11.847	-4.351
350.4	NaN	490	NaN	677	0	-26	358	44	39	0	406	11	7590	6	6852	26	7637	14	6888	11.749	0.277
350.5	NaN	526	NaN	722	0	-48	357	40	35	0	405	27	7589	9	6978	63	7625	20	7065	11.9	-0.189
350.6	NaN	472	NaN	667	0	-69	359	44	44	0	404	48	7967	7	6874	105	7963	14	6890	11.959	0.577
350.7	NaN	477	NaN	643	0	-70	361	45	44	0	403	51	8216	5	6760	117	8229	11	6978	12.154	1.892
350.8	NaN	501	NaN	481	0	-74	358	37	37	0	406	30	7858	3	6671	65	8140	7	6929	12.148	-1.109
350.9	NaN	482	NaN	628	0	-62	360	36	36	0	407	28	7908	4	6617	64	8144	11	6952	12.092	2.334
351	NaN	483	NaN	698	0	-51	361	36	36	0	406	23	7844	5	6684	53	8003	12	7145	12	0.145
351.1	NaN	615	NaN	720	0	-31	359	43	45	0	405	37	8051	18	6912	84	8288	40	7298	12.091	5.61
351.2	NaN	576	NaN	643	0	2	357	44	37	0	406	25	7713	24	7384	53	8010	53	7678	12.469	3.245
351.3	NaN	578	NaN	675	0	39	365	37	29	0	407	7	7159	15	8007	15	7292	33	8107	12.467	-1.369
351.4	NaN	575	NaN	659	0	65	365	35	26	0	407	2	6897	16	7968	6	7056	33	8190	12.383	-0.409
351.5	NaN	539	NaN	494	0	69	358	31	25	0	407	0	6567	2	7621	1	6744	5	7881	12.115	-4.485
351.6	NaN	517	NaN	693	0	66	361	42	36	0	406	1	6360	9	7516	3	6556	21	7772	11.782	-1.653
351.7	NaN	516	NaN	630	0	53	361	57	52	0	406	13	6445	62	7859	35	6717	179	8070	11.563	-1.335
351.8	NaN	522	NaN	561	0	42	364	59	53	0	406	24	7300	63	7927	53	7201	142	8116	11.995	4.487
351.9	NaN	541	NaN	585	0	28	357	59	53	0	409	28	7329	54	8174	63	7425	120	8336	12.398	5.651
352	NaN	596	NaN	595	0	7	359	56	49	0	409	37	7815	44	8179	81	7911	96	8372	12.922	6.065
352.1	NaN	586	NaN	617	0	-10	359	42	35	0	407	22	8172	19	8173	50	8257	39	8312	13.316	1.636
352.2	NaN	567	NaN	640	0	-30	361	42	37	0	407	28	8626	15	8040	61	8602	32	8162	13.483	1.993
352.3	NaN	547	NaN	736	0	-37	362	41	38	0	407	29	8820	12	8114	63	8797	26	8218	13.638	3.613
352.4	NaN	571	NaN	615	0	-30	358	55	52	0	407	48	9015	23	8235	108	9150	53	8490	13.835	3.082
352.5	NaN	561	NaN	607	0	-21	358	79	76	0	407	45	9066	29	8893	97	9235	62	8771	14.302	5.594
352.6	NaN	596	NaN	600	0	-26	357	100	100	0	405	47	9335	27	9002	99	9526	57	9011	14.715	3.245
352.7	NaN	565	NaN	578	0	-21	362	100	100	0	407	44	9529	27	9224	92	9691	58	9297	15.129	3.929
352.8	NaN	559	NaN	594	0	-19	358	100	100	0	408	42	9835	28	9416	88	9868	61	9564	15.527	3.736
352.9	NaN	561	NaN	593	0	-14	361	100	100	0	407	40	9999	29	9657	84	10134	59	9819	15.922	3.242
353	NaN	549	NaN	581	0	-10	362	100	100	0	407	38	10141	29	10047	77	10316	61	10059	16.311	4.893
353.1	NaN	548	NaN	574	0	-8	357	100	100	0	408	36	10341	31	10281	71	10387	62	10398	16.653	2.881
353.2	NaN	598	NaN	586	0	-2	361	100	100	0	408	28	10465	25	10423	57	10583	52	10568	17.016	3.781
353.3	NaN	648	NaN	600	0	1	363	100	100	0	407	25	10512	25	10733	49	10700	50	10763	17.241	2.761
353.4	NaN	570	NaN	593	0	4	363	100	100	0	408	24	10643	24	10852	46	10678	45	10951	17.435	1.925
353.5	NaN	547	NaN	632	0	3	355	100	100	0	407	19	10667	21	10910	37	10757	41	11079	17.616	1.516
353.6	NaN	567	NaN	608	1	4	359	100	100	0	408	20	10674	21	11153	38	10828	41	11204	17.72	0.911
353.7	NaN	583	NaN	654	1	4	363	100	100	0	407	16	10816	18	11055	31	10916	33	11199	17.811	1.562
353.8	NaN	546	NaN	628	1	5	362	100	100	0	407	14	10790	16	11216	28	10924	31	11195	17.892	0.673
353.9	NaN	582	NaN	669	1	1	359	100	100	0	406	16	10867	16	11217	29	10903	30	11278	17.926	1.017
354	NaN	519	NaN	640	1	3	363	100	100	0	408	11	10947	12	11222	21	10986	22	11231	17.976	0.271
354.1	NaN	513	NaN	627	1	2	363	100	100	0	407	13	10891	12	11220	26	11002	26	11269	18.038	-1.051
354.2	NaN	509	NaN	656	1	-0	357	100	100	0	407	10	11002	11	11180	20	11055	19	11271	18.047	0.644
354.3	NaN	498	NaN	662	1	-2	358	100	100	0	407	9	10957	8	11257	18	11080	17	11259	18.061	-0.798
354.4	NaN	498	NaN	648	1	-1	357	100	100	0	407	11	11004	10	11113	20	11044	21	11230	18.069	-0.055
354.5	NaN	503	NaN	680	1	-4	358	100	100	0	408	7	11065	6	11220	14	11093	13	11198	18.049	-0.672
354.6	NaN	482	NaN	635	1	-3	362	100	100	0	407	10	10984	10	11159	20	11005	19	11197	18.029	-0.752
354.7	NaN	493	NaN	648	1	-4	360	100	100	0	407	9	11021	10	11202	17	11108	16	11184	18.059	1.944
354.8	NaN	492	NaN	625	1	-0	358	100	100	0	408	9	10973	7	11176	18	11069	17	11214	18.028	-0.562
354.9	NaN	499	NaN	651	1	-5	357	100	100	0	407	10	11032	10	11175	20	11081	19	11185	18.042	0.147
355	NaN	494	NaN	628	1	-5	363	100	100	0	407	8	11013	8	11171	15	11095	14	11205	18.053	-0.848
355.1	NaN	483	NaN	630	1	-4	358	100	100	0	408	10	11000	9	11099	20	11045	19	11200	18.031	0.054
355.2	NaN	503	NaN	646	1	-2	358	100	100	0	408	8	11065	8	11179	15	11096	15	11168	18.035	0.249
355.3	NaN	495	NaN	643	1	-1	359	100	100	0	408	9	10986	8	11101	18	10999	17	11161	18.028	-0.813
355.4	NaN	481	NaN	646	1	-5	358	100	100	0	407	9	11021	9	11190	18	11113	18	11175	18.023	0.799
355.5	NaN	501	NaN	604	1	-3	361	100	100	0	407	7	11009	7	11144	15	11085	14	11160	18.001	-1.085
355.6	NaN	493	NaN	639	1	-4	358	100	100	0	406	10	11003	10	11170	21	11075	19	11170	18.002	-0.129
355.7	NaN	491	NaN	646	1	-4	358	100	100	0	407	8	11040	7	11134	15	11092	15	11159	18.017	-0.985
355.8	NaN	491	NaN	632	1	-3	357	100	100	0	407	10	10983	10	11086	20	11027	19	11188	17.99	0.013
355.9	NaN	486	NaN	647	1	-7	359	100	100	0	407	10	11032	9	11161	20	11094	17	11173	18.017	-0.023
356	NaN	498	NaN	622	1	-7	360	100	100	0	408	7	11003	6	11040	14	11070	13	11118	17.996	-1.269
356.1	NaN	488	NaN	664	1	-6	362	100	100	0	406	9	11070	8	11120	18	11133	15	11109	17.997	0.12
356.2	NaN	502	NaN	623	0	-9	355	100	100	0	408	8	11105	7	10998	18	11166	14	11037	17.987	-1.102
356.3	NaN	493	NaN	660	0	-11	360	100	100	0	407	11	11064	9	11038	22	11147	18	11056	17.997	0.899
356.4	NaN	502	NaN	622	0	-10	357	100	100	0	408	9	11229	7	11018	17	11216	13	11030	17.987	-0.511
356.5	NaN	492	NaN	649	0	-8	360	100	100	0	407	11	11109	9	10995	22	11122	18	11041	17.974	0.727
356.6	NaN	495	NaN	633	0	-11	358	100	100	0	406	9	11169	7	11054	16	11160	13	11050	18.013	0.342
356.7	NaN	489	NaN	627	0	-10	356	100	100	0	407	10	11045	9	10955	20	11087	17	11098	18.004	0.339
356.8	NaN	493	NaN	651	0	-10	358	100	100	0	407	10	11099	8	11072	20	11214	17	11067	17.963	0.71
356.9	NaN	506	NaN	657	0	-6	357	100	100	0	408	7	11004	7	11026	14	11075	12	11054	17.95	-1.158
357	NaN	491	NaN	643	0	-6	358	100	100	0	407	10	10975	9	11045	21	11063	18	11077	17.916	-0.657
357.1	NaN	493	NaN	663	0	-7	356	100	100	0	405	9	11025	8	11040	17	11057	16	11097	17.931	-0.597
357.2	NaN	487	NaN	629	0	-2	362	100	100	0	407	10	10979	10	11002	20	11004	19	11094	17.891	-1.258
357.3	NaN	506	NaN	666	1	-6	357	100	100	0	408	12	10984	10	11068	23	11074	20	11106	17.917	0.961
357.4	NaN	497	NaN	639	1	-4	360	100	100	0	408	9	10960	8	11022	17	11029	15	11073	17.901	-0.448
357.5	NaN	497	NaN	651	1	-3	361	100	100	0	407	12	10936	11	11056	25	11077	23	11070	17.879	0.678
357.6	NaN	499	NaN	653	1	-3	360	100	100	0	406	9	11009	8	11053	18	11064	17	11077	17.893	-0.344
357.7	NaN	484	NaN	641	1	-3	358	100	100	0	406	12	10904	11	11028	24	11007	23	11098	17.903	-0.534
357.8	NaN	503	NaN	675	1	-4	356	100	100	0	407	12	10982	10	11141	21	11048	20	11142	17.959	0.486
357.9	NaN	484	NaN	650	1	0	362	100	100	0	407	9	10928	10	11043	18	10945	17	11148	17.97	-0.895
358	NaN	512	NaN	654	0	-4	357	0	0	0	407	1	10873	-1	11187	2	10956	3	11136	18.006	0.729
358.1	NaN	555	NaN	654	0	-5	359	0	0	0	405	-22	10741	-24	10837	-17	10835	-17	10873	17.756	-2.343
358.2	NaN	550	NaN	768	0	-3	357	0	0	0	406	-41	10450	-43	10604	-31	10366	-33	10489	17.315	-5.336
358.3	NaN	568	NaN	774	0	-4	359	0	0	0	406	-52	10139	-54	10285	-41	9802	-41	10062	16.708	-6.894
358.4	NaN	595	NaN	825	0	-1	363	0	0	0	403	-55	9753	-56	9845	-44	9566	-43	9766	16.104	-7.498
358.5	NaN	586	NaN	767	0	-4	361	0	0	0	404	-55	9291	-56	9362	-44	9229	-46	9422	15.44	-6.211
358.6	NaN	624	NaN	834	0	-6	357	0	0	0	405	-54	8934	-56	9109	-44	8898	-46	8902	14.731	-7.621
358.7	NaN	610	NaN	845	0	-5	355	0	0	0	405	-54	8384	-56	8611	-45	8449	-46	8601	14.052	-4.775
358.8	NaN	623	NaN	874	0	-2	354	0	0	0	406	-54	8073	-54	8241	-46	8016	-46	8032	13.447	-6.41
358.9	NaN	661	NaN	888	0	4	356	0	0	0	404	-55	6759	-53	6907	-47	7338	-46	7788	12.861	-1.025
359	NaN	577	NaN	809	0	11	361	0	0	0	405	-56	7021	-50	7577	-49	7001	-45	7450	12.083	-4.778
359.1	NaN	573	NaN	805	0	20	356	12	6	0	406	-44	6397	-30	7324	-39	6366	-32	7262	11.417	-4.427
359.2	NaN	665	NaN	875	0	29	363	11	5	0	407	-39	6163	-29	7117	-34	6154	-27	7032	10.967	-5.731
359.3	NaN	696	NaN	900	0	33	360	16	10	0	405	-20	5962	-15	6957	-19	4292	-13	6842	10.487	-4.652
359.4	NaN	513	NaN	712	0	41	361	31	26	0	406	2	5762	6	6791	4	5766	11	6804	10.235	-1.355
359.5	NaN	533	NaN	515	0	47	364	29	21	0	407	1	5666	2	6696	2	5736	6	6744	10.091	-0.066
359.6	NaN	609	NaN	682	0	69	359	47	40	0	407	4	5604	43	6789	11	5640	98	6875	9.914	-1.764
359.7	NaN	531	NaN	512	0	68	363	7	0	0	406	-8	5243	-5	6470	-7	5485	-4	6559	9.972	-2.014
359.8	NaN	510	NaN	747	0	62	364	44	39	0	407	1	5273	7	6483	3	4674	16	6622	9.642	1.094
359.9	NaN	601	NaN	747	0	57	363	42	34	0	408	3	5250	16	6564	7	5275	39	6565	9.536	-0.41
360	NaN	526	NaN	681	0	60	362	32	23	0	407	1	5223	7	6355	3	5230	18	6366	9.497	-0.978
360.1	NaN	553	NaN	515	0	60	358	30	22	0	408	-0	5042	1	6236	0	5040	4	6270	9.216	-1.965
360.2	NaN	540	NaN	503	0	61	365	30	23	0	408	0	4961	2	6123	0	4870	4	6122	8.964	-3.438
360.3	NaN	553	NaN	608	0	63	363	30	25	0	408	0	4813	3	5915	1	4808	7	5966	8.82	-0.93
360.4	NaN	580	NaN	757	0	68	358	42	38	0	407	1	4766	8	5850	2	4713	21	5819	8.633	-3.685
360.5	NaN	579	NaN	750	0	69	357	46	41	0	408	2	4701	22	5996	5	4632	53	5970	8.516	-1.264
360.6	NaN	590	NaN	667	0	71	358	55	51	0	407	7	4730	69	6275	18	4754	175	6489	8.732	4.287
360.7	NaN	582	NaN	654	0	69	356	59	53	0	409	8	4951	75	6675	20	5073	179	6760	9.109	4.129
360.8	NaN	554	NaN	653	0	66	357	53	45	0	407	8	5225	58	6677	20	5387	139	6922	9.489	2.293
360.9	NaN	597	NaN	673	0	44	362	55	52	0	407	17	5402	60	6846	41	5821	140	7224	9.744	3.945
361	NaN	562	NaN	683.5416667	0	25	357	65	61	0	408	31	6302	59	7038	75	6835	139	7561	10.193	7.2
361.1	NaN	583	NaN	685.5833333	0	22	358	100	100	0	407	30	7701	52	7167	71	8489	121	7553	10.569	6.814
361.2	NaN	591	NaN	687.625	0	21	359	100	100	0	409	32	7948	51	7206	73	8828	119	7438	11.078	5.273
361.3	NaN	577	NaN	689.6666667	0	19	359	100	100	0	407	32	7446	50	7449	74	8157	112	7575	11.64	9.758
361.4	NaN	575	NaN	691.7083333	0	18	360	100	100	0	410	35	7273	51	7810	78	7384	115	7948	12.18	4.58
361.5	NaN	547	NaN	693.75	0	18	360	100	100	0	411	33	7592	51	8189	74	7682	111	8306	12.702	5.387
361.6	NaN	557	NaN	695.7916667	0	9	361	100	100	0	407	36	7976	45	8427	80	8072	98	8527	13.23	6.186
361.7	NaN	602	NaN	697.8333333	0	-0	361	100	100	0	408	40	8364	38	8591	87	8525	84	8687	13.708	6.026
361.8	NaN	570	NaN	699.875	0	-9	358	100	100	0	408	41	8771	34	8767	90	8875	72	8811	14.151	5.605
361.9	NaN	567	NaN	701.9166667	0	-15	358	89	84	0	406	43	9096	30	8931	94	9190	66	8967	14.589	2.616
362	NaN	589	NaN	703.9583333	0	-21	361	43	41	0	406	29	9336	15	8852	53	9391	39	8955	14.768	0.495
362.1	NaN	589	NaN	612	0	-18	361	50	47	0	406	42	9582	29	9179	89	9681	61	9234	15.146	4.615
362.2	NaN	573	NaN	487	0	-17	357	0	0	0	405	-13	9386	-16	8897	-10	9350	-12	8765	14.92	-4.501
362.3	NaN	586	NaN	756	0	-21	355	0	0	0	404	-31	9045	-37	8494	-25	9071	-31	8511	14.553	-4.243
362.4	NaN	621	NaN	737	0	-24	355	0	0	0	403	-48	8758	-57	8024	-38	8733	-49	7062	13.928	-5.778
362.5	NaN	550	NaN	776	0	-28	362	0	0	0	403	-46	8415	-62	7040	-40	8404	-52	6125	13.236	-4.631
362.6	NaN	564	NaN	767	0	-29	355	0	0	0	404	-46	8085	-62	6856	-40	7993	-52	4182	12.46	-4.939
362.7	NaN	574.5	NaN	856	0	-37	360	0	0	0	403	-44	7654	-64	6296	-38	7541	-55	2128	11.788	-6.535
362.8	NaN	573	NaN	756	0	-36	355	0	0	0	403	-43	7188	-63	5920	-38	6924	-9	977	10.975	-6.501
362.9	NaN	571.5	NaN	786	0	-24	358	0	0	0	404	-46	6707	-59	4805	-42	6397	-9	1570	10.244	-9.514
363	NaN	570	NaN	712	0	-25	357	22	22	0	406	0	6538	0	5320	0	6554	0	2203	9.657	-1.087
363.1	NaN	568.5	NaN	693	0	-50	356	33	32	0	403	16	6329	4	5001	39	6521	10	4987	9.24	-0.448
363.2	NaN	567	NaN	700	0	-28	357	41	41	0	403	29	6286	14	5149	71	6626	34	5735	9.177	1.909
363.3	NaN	565.5	NaN	651	0	-14	361	45	43	0	405	31	6258	22	5429	73	6583	51	5839	9.417	4.79
363.4	NaN	596	NaN	712	0	-26	360	46	44	0	404	36	6240	19	5741	84	6380	46	6598	9.703	3.314
363.5	NaN	609	NaN	653	0	-40	357	50	47	0	407	48	6625	18	6075	111	6633	43	6115	10.157	0.323
363.6	NaN	584	NaN	605	0	-27	355	70	66	0	407	62	6985	33	6473	142	7248	76	6391	10.527	6.941
363.7	NaN	525	NaN	503	0	-23	365	17	9	0	408	-4	6762	-5	6378	-4	6826	-5	6430	10.957	-1.485
363.8	NaN	494	NaN	499	0	-2	360	67	63	0	407	6	6678	5	6587	16	6771	15	6628	10.776	0.652
363.9	NaN	595	NaN	718	0	20	357	45	38	0	408	13	6419	16	6822	37	6505	62	7018	10.796	0.243
364	NaN	598	NaN	504	0	35	355	38	30	0	407	11	6720	31	7321	20	6601	46	7238	11.302	1.773
364.1	NaN	562	NaN	501	0	58	359	43	38	0	407	6	6165	31	7241	16	6296	85	7406	10.992	0.914
364.2	NaN	524	NaN	499	0	58	362	27	18	0	409	0	6098	-1	7264	0	6102	-1	7196	10.969	-4.54
364.3	NaN	607	NaN	679	0	58	358	36	30	0	408	4	6009	18	7308	8	6042	42	7387	10.772	0.163
364.4	NaN	507	NaN	662	0	58	362	33	28	0	407	2	5816	8	6938	5	5900	25	7073	10.614	-3.434
364.5	NaN	613	NaN	587	0	42	363	52	45	0	407	17	6338	47	7384	41	6653	110	7504	10.722	4.115
364.6	NaN	546	NaN	570	0	47	355	52	44	0	409	15	6493	50	7415	34	6642	114	7504	11.005	0.681
364.7	NaN	578	NaN	576	0	54	357	52	44	0	407	12	6471	51	7728	29	6634	120	7669	11.328	5.143
364.8	NaN	587	NaN	576	0	53	361	52	43	0	407	13	6486	51	7911	29	9039	114	8028	11.467	2.05
364.9	NaN	566	NaN	570	0	53	360	51	42	0	408	12	6724	49	7996	28	8508	107	8132	11.704	5.784
365	NaN	538	NaN	572	0	54	363	50	45	0	409	12	6953	50	7997	28	7666	114	8263	11.846	0.729
365.1	NaN	546	NaN	566	0	40	358	53	47	0	409	20	7306	50	8097	45	7495	114	8284	12.099	1.814
365.2	NaN	535	NaN	571	0	26	359	53	47	0	408	26	7498	46	8179	57	7751	102	8281	12.448	2.267
365.3	NaN	534	NaN	583	0	34	362	84	79	0	407	25	8081	57	8405	56	7844	122	8424	12.841	3.22
365.4	NaN	546	NaN	539	0	39	356	100	100	0	408	22	8030	59	8674	49	7952	126	8754	13.222	3.256
365.5	NaN	539	NaN	585	0	25	356	100	100	0	410	28	8292	50	8857	62	8245	107	8989	13.626	3.998
365.6	NaN	556	NaN	595	0	22	357	100	100	0	409	29	8559	47	9007	62	8596	100	9149	14.07	3.536
365.7	NaN	555	NaN	562	0	5	358	100	100	0	408	36	8907	38	9083	76	8947	82	9269	14.52	4.475
365.8	NaN	563	NaN	581	0	-9	355	100	100	0	407	40	9217	33	9257	85	9339	70	9463	14.96	4.1
365.9	NaN	573	NaN	605	0	-28	354	100	100	0	407	46	9733	25	9300	97	9798	51	9463	15.278	4.914
366	NaN	548	NaN	630	0	-50	356	100	100	0	405	54	10099	17	9381	112	10152	33	9426	15.561	2.049
366.1	NaN	546	NaN	643	0	-55	362	100	100	0	407	53	10349	14	9413	109	10355	29	9427	15.776	3.694
366.2	NaN	605	NaN	643	0	-47	362	100	100	0	404	52	10311	17	9464	106	10492	36	9630	15.905	3.069
366.3	NaN	562	NaN	621	0	-37	358	100	100	0	405	47	10359	21	9796	95	10479	43	10008	16.115	1.96
366.4	NaN	565	NaN	619	0	-44	361	100	100	0	405	48	10589	18	10005	99	10630	38	9927	16.302	2.268
366.5	NaN	567	NaN	605	0	-35	361	100	100	0	406	46	10517	21	10192	92	10677	42	10102	16.513	2.275
366.6	NaN	641	NaN	600	0	-17	361	100	100	0	405	39	10570	26	11325	78	10710	55	10305	16.776	4.017
366.7	NaN	521	NaN	574	0	7	360	100	100	0	407	23	10426	27	10580	47	10585	55	10674	17.089	1.635
366.8	NaN	641	NaN	569	0	23	360	100	100	0	408	25	10311	41	10988	49	10343	82	11143	17.264	3.136
366.9	NaN	593	NaN	579	0	27	359	100	100	0	408	22	10548	39	11263	43	10781	73	11255	17.414	0.913
367	NaN	612	NaN	595	0	30	358	100	100	0	407	15	10611	27	11114	28	10585	53	11220	17.472	0.31
367.1	NaN	576	NaN	572	0	26	358	100	100	0	407	22	10516	37	11291	42	10503	73	11373	17.54	2.43
367.2	NaN	585	NaN	591	0	22	358	100	100	0	408	19	10573	32	11256	37	10869	58	11324	17.568	0.263
367.3	NaN	619	NaN	599	0	21	356	100	100	0	408	16	10596	25	11234	31	10617	51	11352	17.655	0.249
367.4	NaN	597	NaN	607	0	10	362	100	100	0	408	21	10650	26	11243	42	10727	48	11331	17.715	0.151
367.5	NaN	576	NaN	673	0	4	362	100	100	0	408	18	10765	19	11136	33	10843	38	11260	17.823	1.352
367.6	NaN	558	NaN	658	0	-8	362	100	100	0	405	15	10830	13	11128	29	10838	27	11128	17.855	-1.302
367.7	NaN	567.25	NaN	713	0	-20	356	100	100	0	406	16	11061	12	10777	35	11208	23	10870	17.859	0.769
367.8	NaN	560	NaN	666	0	-26	355	100	100	0	405	25	11255	14	10754	48	11340	27	11088	17.829	0.349
367.9	NaN	552.75	NaN	653	0	-26	359	100	100	0	406	23	11240	13	10695	44	11405	26	10826	17.85	1.705
368	NaN	542	NaN	691	0	-24	359	100	100	0	406	26	11326	16	10684	51	11404	31	10907	17.856	0.467
368.1	NaN	525	NaN	646	0	-24	356	100	100	0	404	21	11170	13	10785	40	11287	25	10847	17.875	0.57
368.2	NaN	554	NaN	617.2857143	0	-21	359	100	100	0	405	20	11251	12	10731	38	11344	25	10813	17.881	-0.414
368.3	NaN	584	NaN	621.5714286	0	-15	355	100	100	0	406	21	11172	15	10814	42	11223	30	10938	17.891	1.492
368.4	NaN	530	NaN	625.8571429	0	-14	355	100	100	0	405	15	11176	11	10829	27	11208	22	10895	17.891	-0.448
368.5	NaN	558	NaN	630.1428571	0	-7	360	100	100	0	405	15	11062	13	10848	32	11064	28	11010	17.9	0.073
368.6	NaN	548	NaN	634.4285714	0	-1	361	100	100	0	406	14	10863	14	11093	27	11036	25	11098	17.888	0.196
368.7	NaN	575	NaN	638.7142857	0	3	356	100	100	0	408	14	10870	14	11060	25	10898	28	11134	17.893	0.033
368.8	NaN	602	NaN	637	0	5	358	100	100	0	407	15	10734	18	11273	32	10882	34	11336	17.904	0.011
368.9	NaN	561	NaN	643	0	3	361	100	100	0	405	17	10851	18	11208	31	10986	35	11280	17.934	0.938
369	NaN	567	NaN	645	1	6	364	100	100	0	408	12	10817	15	11259	24	10815	26	11308	17.952	-0.218
369.1	NaN	555	NaN	633	1	4	360	100	100	0	408	17	10825	19	11269	33	10990	36	11286	17.965	0.478
369.2	NaN	569	NaN	663	1	1	356	100	100	0	407	11	10919	12	11128	21	10948	23	11268	17.992	0.297
369.3	NaN	543	NaN	643	1	3	362	100	100	0	406	13	10846	14	11263	27	10986	29	11266	17.977	0.819
369.4	NaN	516	NaN	656	1	-1	359	100	100	0	405	12	10994	11	11061	22	11069	21	11215	17.981	0.973
369.5	NaN	501	NaN	610	1	-2	358	100	100	0	407	9	10928	9	11229	18	10962	17	11196	17.985	-0.657
369.6	NaN	497	NaN	644	1	0	360	100	100	0	408	12	10973	12	11121	23	11065	22	11168	17.982	-0.389
369.7	NaN	504	NaN	619	1	-5	358	100	100	0	408	8	11018	7	11133	13	10980	13	11150	17.979	0.06
369.8	NaN	485	NaN	655	1	-4	361	100	100	0	408	10	10978	9	11132	20	11081	19	11104	17.935	-0.491
369.9	NaN	500	NaN	684	1	-4	359	100	100	0	407	11	11058	9	11024	20	11069	18	11124	17.956	-0.141
370	NaN	483	NaN	664	1	-3	364	100	100	0	408	8	10967	8	11141	18	11039	16	11113	17.934	-1.626
370.1	NaN	507	NaN	637	1	-1	361	100	100	0	408	12	10979	11	11010	23	11071	23	11152	17.937	0.195
370.2	NaN	490	NaN	623	1	-1	362	100	100	0	408	9	10968	8	11142	17	10928	15	11109	17.977	-0.412
370.3	NaN	503	NaN	633	1	-1	355	100	100	0	408	12	10949	12	11108	24	11078	22	11149	17.951	-0.267
370.4	NaN	489	NaN	647	1	-5	358	100	100	0	407	9	11022	8	11098	16	11032	16	11119	17.98	0.114
370.5	NaN	470	NaN	632	1	-6	362	100	100	0	407	10	10953	9	11134	21	11077	19	11115	17.971	-0.714
370.6	NaN	483	NaN	666	1	-3	357	100	100	0	406	10	11078	9	11022	18	11135	17	11139	17.951	0.299
370.7	NaN	495	NaN	605	0	-4	356	32	23	0	408	7	10957	7	11134	13	10963	13	11128	17.97	-0.717
370.8	NaN	562	NaN	616	0	-2	359	0	0	0	407	-19	10761	-20	10866	-14	10777	-15	10859	17.711	-3.756
370.9	NaN	547	NaN	682	0	-5	357	0	0	0	407	-39	10517	-39	10621	-30	10419	-30	10515	17.34	-4.158
371	NaN	523	NaN	682	0	-3	360	0	0	0	405	-53	10059	-53	10228	-40	9973	-41	10105	16.741	-5.695
371.1	NaN	538	NaN	702	0	-6	355	0	0	0	405	-54	9751	-56	9806	-41	9580	-43	9614	16.113	-6.512
371.2	NaN	531	NaN	694	0	-4	357	0	0	0	405	-54	9414	-57	9346	-43	9341	-47	9377	15.446	-6.562
371.3	NaN	537	NaN	711	0	-2	361	0	0	0	404	-54	9041	-56	9061	-44	8937	-46	8824	14.763	-7.386
371.4	NaN	533	NaN	707	0	-6	356	0	0	0	406	-54	8553	-55	8556	-45	8425	-45	8433	14.127	-6.852
371.5	NaN	531	NaN	701	0	-4	355	0	0	0	405	-54	8125	-55	8181	-46	8036	-47	8101	13.447	-6.678
371.6	NaN	528	NaN	725	0	-1	359	0	0	0	405	-53	7761	-54	7838	-46	7626	-47	7716	12.77	-7.758
371.7	NaN	542	NaN	724	0	4	359	0	0	0	405	-54	7194	-53	7530	-48	7233	-45	7416	12.132	-7.233
371.8	NaN	550	NaN	653	0	12	356	19	15	0	407	-19	6829	-13	7286	-14	6786	-11	7232	11.526	-3.62
371.9	NaN	491	NaN	602	0	20	357	44	39	0	407	4	6723	7	7394	8	6675	16	7389	11.165	-1.378
372	NaN	576	NaN	667	0	30	357	32	25	0	408	6	6529	11	7275	13	6641	22	7318	11.307	0.801
372.1	NaN	535	NaN	503	0	29	363	25	21	0	408	-6	6342	-2	7293	-3	5937	-1	7175	11.016	-2.081
372.2	NaN	522	NaN	500	0	55	363	7	0	0	407	-7	6004	-4	7049	-6	6222	-4	7112	10.83	-3.181
372.3	NaN	563	NaN	668	0	67	357	0	0	0	407	-33	5517	-15	6802	-29	5308	-14	6917	10.376	-7.504
372.4	NaN	549	NaN	732	0	69	360	3	0	0	407	-56	4741	-28	6476	-51	2185	-26	6535	9.785	-7.38
372.5	NaN	537.9285714	NaN	531	0	69	364	32	27	0	408	0	4953	2	6309	-1	664	6	6388	9.246	-3.412
372.6	NaN	541.8571429	NaN	581	0	56	361	47	42	0	407	9	4998	46	6622	22	2555	109	6954	9.162	-0.638
372.7	NaN	545.7857143	NaN	648	0	7	359	46	40	0	406	20	5734	27	6410	47	5853	65	6717	9.288	4.226
372.8	NaN	549.7142857	NaN	674.2727273	0	-12	361	75	75	0	406	61	6061	43	6181	146	6696	100	6356	9.68	5.845
372.9	NaN	553.6428571	NaN	673.5454545	0	-2	357	75	70	0	407	48	7090	46	6703	114	6616	111	6460	10.401	7.36
373	NaN	557.5714286	NaN	672.8181818	0	1	358	67	61	0	408	39	6655	41	6840	87	6758	100	7030	10.868	3.788
373.1	NaN	546	NaN	672.0909091	0	1	360	77	71	0	407	44	7221	46	7301	100	7218	105	7407	11.57	7.576
373.2	NaN	590	NaN	671.3636364	0	5	361	56	51	0	407	39	7475	42	7608	87	7623	95	7764	12.117	4.411
373.3	NaN	591	NaN	670.6363636	0	21	358	56	50	0	407	32	7688	49	8099	72	7720	107	8234	12.624	4.517
373.4	NaN	555	NaN	669.9090909	0	21	357	67	61	0	408	31	8086	47	8463	69	7968	104	8632	13.118	5.345
373.5	NaN	542	NaN	669.1818182	0	23	360	67	61	0	407	30	8396	48	8785	66	8249	104	8914	13.601	5.92
373.6	NaN	626	NaN	668.4545455	0	24	361	67	59	0	406	28	8549	48	9174	62	8447	101	9307	13.986	4.164
373.7	NaN	551	NaN	667.7272727	0	17	360	64	57	0	408	29	8630	43	9356	63	8665	91	9418	14.447	4.789
373.8	NaN	560	NaN	667	0	10	356	64	59	0	409	33	9008	41	9452	69	9140	85	9531	14.865	2.148
373.9	NaN	573	NaN	666.2727273	0	1	358	67	63	0	408	37	9322	36	9561	78	9483	73	9723	15.244	3.568
374	NaN	555	NaN	665.5454545	0	-15	360	65	60	0	407	39	9750	32	9594	80	9887	65	9772	15.651	2.397
374.1	NaN	550	NaN	664.8181818	0	-19	357	63	59	0	408	41	10138	28	9824	84	10120	58	9814	15.98	3.304
374.2	NaN	564	NaN	664.0909091	0	-20	357	63	58	0	407	41	10259	27	10024	82	10438	55	10085	16.321	3.529
374.3	NaN	551	NaN	663.3636364	0	-12	361	85	82	0	406	38	10473	29	10130	76	10632	59	10292	16.657	2.328
374.4	NaN	586	NaN	662.6363636	0	-12	358	100	100	0	405	36	10637	29	10390	69	10625	56	10488	16.996	3.361
374.5	NaN	524	NaN	661.9090909	0	-8	357	100	100	0	407	24	10603	21	10608	47	10798	38	10631	17.255	2.523
374.6	NaN	584	NaN	661.1818182	0	3	358	100	100	0	407	23	10667	23	10767	46	10812	44	10871	17.409	0.903
374.7	NaN	566	NaN	660.4545455	0	4	358	100	100	0	408	19	10642	21	11087	38	10678	42	11077	17.572	0.276
374.8	NaN	602	NaN	659.7272727	0	7	359	100	100	0	408	19	10668	21	11116	37	10833	43	11217	17.734	0.263
374.9	NaN	563	NaN	658	0	1	357	100	100	0	406	17	10794	18	11142	31	10828	32	11248	17.794	1.226
375	NaN	533	NaN	614	1	-1	359	100	100	0	406	14	10853	13	11144	27	10956	27	11175	17.881	-0.355
375.1	NaN	506	NaN	638	1	-1	363	100	100	0	407	12	10936	12	11004	24	11085	22	11121	17.867	0.097
375.2	NaN	502	NaN	644	1	-8	359	100	100	0	406	11	10958	10	11092	23	10964	20	11044	17.898	-0.274
375.3	NaN	484	NaN	627	1	-7	359	100	100	0	405	11	10994	10	10988	24	11100	20	11026	17.886	-0.007
375.4	NaN	495	NaN	653	1	-7	356	100	100	0	407	12	11053	10	11014	22	10977	20	11030	17.866	0.825
375.5	NaN	491	NaN	647	1	-7	355	100	100	0	407	9	11083	7	11195	16	11096	15	11053	17.783	-4.145
375.6	NaN	512	NaN	660	1	-7	359	100	100	0	406	15	10957	12	10827	30	11059	26	10983	17.912	1.385
375.7	NaN	493	NaN	643	1	-3	363	100	100	0	405	10	11016	9	11100	17	11058	16	11035	17.836	0.041
375.8	NaN	514	NaN	634	1	-6	356	100	100	0	406	13	10948	12	11022	27	11047	25	11053	17.817	-0.877
375.9	NaN	488	NaN	671	1	-5	358	100	100	0	406	10	10943	10	10977	20	10960	19	11067	17.849	1.933
376	NaN	502	NaN	697	1	-2	362	100	100	0	407	12	10940	11	11032	23	11120	21	11055	17.865	-0.899
376.1	NaN	526	NaN	658	1	-2	359	94	86	0	406	13	10941	13	10967	26	10965	25	11096	17.911	1.922
376.2	NaN	537	NaN	681	0	-3	358	0	0	0	407	-14	10784	-13	11007	-10	10737	-11	10925	17.736	-3.301
376.3	NaN	526	NaN	681	0	2	362	0	0	0	405	-35	10477	-33	10712	-25	10411	-26	10634	17.369	-5.438
376.4	NaN	530	NaN	708	0	-1	358	0	0	0	405	-53	10144	-54	10330	-40	10064	-41	10294	16.814	-5.399
376.5	NaN	526	NaN	753	0	1	359	0	0	0	405	-55	9744	-54	9921	-43	9457	-43	9862	16.163	-6.085
376.6	NaN	525	NaN	704	0	1	360	0	0	0	405	-56	9254	-56	9466	-45	9049	-44	9460	15.497	-6.826
376.7	NaN	530	NaN	726	0	4	363	0	0	0	405	-56	8791	-55	9144	-45	8703	-44	9007	14.815	-7.551
376.8	NaN	536	NaN	758	0	2	356	0	0	0	405	-57	8282	-53	8766	-47	8335	-45	8673	14.13	-5.839
376.9	NaN	535	NaN	716	0	-3	358	0	0	0	406	-53	7999	-55	8282	-44	7963	-47	8133	13.471	-6.812
377	NaN	547	NaN	728	0	-15	356	8	5	0	404	-41	7800	-47	7760	-34	7780	-39	7612	12.792	-6.743
377.1	NaN	567	NaN	766	0	-26	358	9	7	0	404	-27	7739	-35	7202	-23	7768	-31	7175	12.313	-4.853
377.2	NaN	528.875	NaN	741	0	-31	355	45	43	0	407	35	7911	17	7237	80	8014	40	7353	12.106	3.106
377.3	NaN	532.25	NaN	502	0	-24	364	21	13	0	407	-2	7768	-3	7264	-4	7811	-3	7276	12.36	-2.064
377.4	NaN	535.625	NaN	502	0	-34	356	30	27	0	406	6	7817	3	7159	14	7867	6	7233	12.192	-0.009
377.5	NaN	539	NaN	511	0	-36	358	32	31	0	406	8	7890	4	7031	19	7877	8	7073	12.138	-1.741
377.6	NaN	542.375	NaN	769	0	-23	360	41	39	0	405	27	7924	15	7239	60	8000	34	7339	12.335	3.003
377.7	NaN	545.75	NaN	825	0	-2	358	39	29	0	405	14	7742	13	7611	31	7808	31	7704	12.561	1.66
377.8	NaN	549.125	NaN	501	0	25	362	20	11	0	408	-2	7300	-2	7856	-2	7416	-2	7949	12.527	-2.331
377.9	NaN	548	NaN	699	0	50	358	6	1	0	407	-26	6540	-16	7739	-22	6738	-13	7889	12.197	-3.939
378	NaN	570	NaN	671	0	48	363	0	0	0	407	-22	6252	-13	7613	-19	5305	-11	7735	11.742	-4.047
378.1	NaN	613	NaN	952	0	54	360	0	0	0	408	-47	5457	-27	7213	-41	4923	-23	7355	11.214	-6.028
378.2	NaN	522	NaN	504	0	49	362	28	23	0	406	0	5549	0	7031	-2	1518	0	7092	10.605	-4.912
378.3	NaN	557	NaN	712	0	50	359	31	23	0	407	4	5540	10	6942	7	4456	26	7140	10.33	-0.624
378.4	NaN	544.75	NaN	694	0	42	356	46	40	0	407	12	5417	35	6947	29	5545	81	7264	9.982	1.693
378.5	NaN	555	NaN	589	0	22	363	51	47	0	407	23	6107	42	6886	54	7092	98	7274	10.107	5.29
378.6	NaN	540	NaN	587	0	24	362	59	55	0	406	32	7091	56	7124	75	8009	132	7516	10.379	5.907
378.7	NaN	552	NaN	559	0	18	361	68	64	0	408	32	10002	50	7185	76	8196	116	7616	10.744	4.976
378.8	NaN	537	NaN	580	0	13	361	99	94	0	407	32	9282	46	7387	75	9489	105	7696	11.098	4.806
378.9	NaN	563	NaN	598	0	19	361	100	100	0	408	32	10901	49	7576	73	8250	113	7671	11.596	3.964
379	NaN	541	NaN	601	0	27	359	100	100	0	407	30	8339	53	8013	68	8199	117	7758	12.198	4.98
379.1	NaN	565	NaN	590	0	15	355	100	100	0	410	33	7664	47	8341	73	7948	103	8442	12.662	5.869
379.2	NaN	567	NaN	599	0	18	361	100	100	0	408	32	8318	48	8557	69	8077	104	8617	13.299	3.922
379.3	NaN	531	NaN	566	0	14	357	100	100	0	408	31	8260	44	8952	65	8563	98	9069	13.688	6.457
379.4	NaN	553	NaN	572	0	16	360	100	100	0	407	30	9431	44	9033	65	8627	93	9150	14.234	6.604
379.5	NaN	546	NaN	584	0	13	359	100	100	0	406	33	9040	39	9322	70	9064	82	9470	14.67	4.935
379.6	NaN	552	NaN	573	0	5	357	100	100	0	408	33	9135	39	9518	69	9319	80	9677	15.089	3.21
379.7	NaN	540	NaN	572	0	2	364	100	100	0	406	34	9511	37	9769	71	9662	76	9872	15.566	4.057
379.8	NaN	566	NaN	607	0	0	358	100	100	0	406	34	9859	34	10067	68	9989	71	10073	15.931	4.244
379.9	NaN	543	NaN	575	0	1	362	100	100	0	406	35	10080	34	10187	70	10103	68	10308	16.331	3.216
380	NaN	564	NaN	604	0	0	363	100	100	0	407	32	10269	32	10391	65	10434	63	10535	16.73	4.235
380.1	NaN	563	NaN	574	1	-4	357	100	100	0	407	30	10461	27	10625	58	10640	55	10690	17.062	3.652
380.2	NaN	524	NaN	730	1	-4	357	100	100	0	405	20	10716	19	10654	41	10650	36	10722	17.296	1.767
380.3	NaN	533	NaN	638	1	-3	356	100	100	0	405	18	10669	17	10792	36	10852	34	10886	17.445	1.578
380.4	NaN	614	NaN	686	1	-3	360	100	100	0	408	18	10807	17	10841	36	10896	34	10913	17.606	-0.044
380.5	NaN	544	NaN	629	1	-2	361	100	100	0	407	14	10890	14	10870	28	10926	26	10988	17.676	-0.313
380.6	NaN	531	NaN	496	0	-1	356	0	0	0	408	-10	10714	-10	10878	-7	10747	-8	10808	17.632	-3.387
380.7	NaN	576	NaN	823	0	-3	357	0	0	0	405	-30	10552	-33	10570	-22	10492	-24	10555	17.266	-3.169
380.8	NaN	537	NaN	728	0	1	358	0	0	0	406	-50	10153	-49	10136	-38	10138	-38	10142	16.822	-5.455
380.9	NaN	517	NaN	702	0	0	357	0	0	0	404	-56	9664	-56	9920	-43	9665	-44	9737	16.199	-7.492
381	NaN	555	NaN	789	0	3	361	0	0	0	407	-57	9358	-54	9457	-44	9198	-43	9366	15.507	-8.752
381.1	NaN	617	NaN	920	0	5	418	0	0	0	449	-56	8882	-54	9127	-47	8791	-44	8964	14.844	-6.06
381.2	NaN	574	NaN	919	0	6	420	0	0	0	460	-58	8257	-53	8703	-47	8168	-44	8726	14.126	-7.322
381.3	NaN	544	NaN	787	0	14	432	0	0	0	463	-58	7805	-51	8308	-48	7416	-42	8225	13.376	-8.056
381.4	NaN	544	NaN	799	0	17	368	0	0	0	408	-58	7246	-50	8054	-50	5512	-42	7932	12.611	-7.336
381.5	NaN	537	NaN	802	0	16	357	0	0	0	403	-57	6739	-49	7572	-49	5081	-43	7409	11.959	-8.316
381.6	NaN	564	NaN	845	0	37	356	0	0	0	405	-62	4632	-44	7182	-56	3315	-39	7224	11.249	-4.358
381.7	NaN	562	NaN	820	0	77	361	0	0	0	406	-72	4295	-33	6538	-0	-428	-29	6932	10.509	-5.681
381.8	NaN	571	NaN	854	0	76	362	9	5	0	405	-64	4041	-27	6088	-59	853	-22	6400	9.658	-8.54
381.9	NaN	555	NaN	559	0	68	362	16	12	0	406	-22	4546	-11	5913	0	-83	-10	6121	9.187	-5.395
382	NaN	555.1428571	NaN	634	0	62	355	42	37	0	406	5	4779	33	6126	13	1692	80	6168	8.839	0.128
382.1	NaN	555.2857143	NaN	620	0	59	360	42	37	0	407	6	4789	33	6127	16	4896	81	6236	8.821	0.658
382.2	NaN	555.4285714	NaN	612	0	56	361	44	38	0	407	8	4918	37	6240	17	4923	89	6670	8.956	1.852
382.3	NaN	555.5714286	NaN	627	0	21	360	44	38	0	407	17	5450	29	6107	37	5574	66	6313	9.135	2.771
382.4	NaN	555.7142857	NaN	674	0	-2	355	40	38	0	407	19	5709	19	5925	46	5765	44	5996	9.443	3.498
382.5	NaN	555.8571429	NaN	687	0	-29	358	39	36	0	407	23	6121	12	5762	58	6159	27	5777	9.638	1.802
382.6	NaN	547	NaN	701	0	-50	355	38	37	0	406	26	6506	8	5605	63	6492	19	5800	9.679	0.411
382.7	NaN	507	NaN	549	0	-68	359	29	26	0	404	9	6466	2	5517	33	6494	4	5567	9.784	-1.054
382.8	NaN	553	NaN	494	0	-81	356	34	35	0	406	25	6415	1	5379	60	6542	3	5288	9.495	-1.175
382.9	NaN	512	NaN	493	0	-81	361	38	38	0	404	33	6603	1	5136	78	6691	3	5250	9.493	1.055
383	NaN	502	NaN	643	0	-75	358	42	42	0	404	43	6644	3	5199	102	6707	7	5296	9.567	1.57
383.1	NaN	619	NaN	656	0	-53	355	56	57	0	407	72	7071	16	5579	167	7342	41	5740	9.893	6.05
383.2	NaN	626	NaN	588	0	-24	356	61	61	0	405	54	7034	33	5902	127	8009	75	8048	10.257	7.85
383.3	NaN	622	NaN	581	0	-6	355	66	60	0	407	47	6953	41	7464	110	7289	95	7725	10.802	6.815
383.4	NaN	567	NaN	635	0	-9	356	100	100	0	407	48	7232	37	7085	111	7340	86	7920	11.423	6.119
383.5	NaN	607	NaN	623	0	-18	357	100	100	0	409	51	7611	34	7412	118	7661	76	7550	12.029	5.997
383.6	NaN	590	NaN	610	0	-21	360	100	100	0	407	52	8145	31	7675	113	8068	71	7764	12.606	7.498
383.7	NaN	592	NaN	619	0	-21	361	100	100	0	407	50	8425	29	7881	109	8463	67	8025	13.14	5.242
383.8	NaN	579	NaN	596	0	-15	357	100	100	0	407	46	8646	32	8282	101	8689	71	8438	13.68	6.377
383.9	NaN	550	NaN	590	0	-14	360	100	100	0	406	43	8893	34	8643	93	8986	71	8817	14.167	4.547
384	NaN	556	NaN	583	0	-12	357	100	100	0	407	42	9129	31	9025	90	9269	68	9037	14.656	5.106
384.1	NaN	547	NaN	589	0	-9	361	100	100	0	406	39	9398	32	9322	83	9606	68	9362	15.118	5.354
384.2	NaN	556	NaN	589	0	-8	355	100	100	0	407	38	9618	34	9595	79	9783	69	9722	15.536	4.327
384.3	NaN	556	NaN	583	0	-7	361	100	100	0	407	38	9892	32	9801	77	9911	66	9952	15.963	2.559
384.4	NaN	534	NaN	580	0	-4	362	100	100	0	408	37	10073	33	10097	74	10230	67	10188	16.369	4.932
384.5	NaN	629	NaN	585	0	-4	361	100	100	0	407	35	10285	33	10459	70	10444	65	10497	16.731	3.383
384.6	NaN	537	NaN	589	0	1	362	100	100	0	408	30	10460	30	10635	58	10472	60	10746	17.051	-0.434
384.7	NaN	579	NaN	618	1	4	358	100	100	0	406	22	10481	25	10772	43	10634	49	10881	17.344	2.668
384.8	NaN	571	NaN	610	1	3	357	100	100	0	407	23	10616	25	11028	47	10807	48	11074	17.532	0.361
384.9	NaN	554	NaN	619	1	4	360	100	100	0	407	19	10759	20	10925	36	10818	37	11081	17.704	2.496
385	NaN	559	NaN	632	1	2	359	100	100	0	407	16	10747	16	11086	32	10920	32	11178	17.837	1.443
385.1	NaN	542	NaN	592.25	1	1	358	100	100	0	407	16	10879	16	11134	31	10945	30	11189	17.917	1.157
385.2	NaN	515	NaN	591.5	0	0	363	0	0	0	408	-7	10842	-6	11164	-8	10877	-9	11106	17.937	-3.245
385.3	NaN	548	NaN	590.75	0	4	359	0	0	0	405	-26	10459	-24	10982	-20	10553	-19	10997	17.667	-0.992
385.4	NaN	538	NaN	590	0	6	363	17	12	0	407	-17	10186	-19	10748	-13	10006	-12	10743	17.224	-2.351
385.5	NaN	518	NaN	589.25	0	7	357	25	21	0	407	-0	10150	-0	10735	-0	10156	-0	10710	17.022	-1.844
385.6	NaN	519	NaN	588.5	0	10	359	26	21	0	408	-0	9968	-1	10533	-0	10038	-0	10633	16.821	-2.547
385.7	NaN	517	NaN	587.75	0	14	365	23	15	0	407	-1	9794	-0	10603	-1	9838	-1	10505	16.621	-1.672
385.8	NaN	561	NaN	587	0	16	358	0	0	0	407	-23	9080	-19	10347	-18	9465	-15	10376	16.343	-1.405
385.9	NaN	550	NaN	586.25	0	19	363	0	0	0	405	-45	9184	-36	10126	-36	8761	-30	9981	15.825	-7.41
386	NaN	539	NaN	585.5	0	23	358	0	0	0	405	-61	8482	-51	9234	-49	3989	-40	9589	15.302	-5.722
386.1	NaN	537	NaN	584.75	0	13	356	0	0	0	407	-59	6987	-51	9464	-48	554	-41	8955	14.546	-8.459
386.2	NaN	531	NaN	584	0	10	358	5	0	0	403	-52	6158	-50	8796	-43	2599	-40	8666	13.807	-4.62
386.3	NaN	540.5	NaN	583.25	0	5	364	24	17	0	408	-0	7439	-0	8757	0	1985	-0	8722	13.295	-2.132
386.4	NaN	540.5	NaN	582.5	0	-10	358	26	20	0	407	-0	7083	-0	8374	0	6145	-0	8283	12.828	-1.605
386.5	NaN	540.5	NaN	581.75	0	-5	363	26	20	0	409	0	6859	0	8081	0	6952	0	7964	12.478	-0.11
386.6	NaN	540.5	NaN	581	0	-13	361	35	29	0	408	10	7100	8	7976	25	7891	18	8020	12.134	0.435
386.7	NaN	540.5	NaN	580.25	0	-20	358	34	31	0	408	12	7302	6	7582	28	7640	16	7502	11.989	-1.537
386.8	NaN	540.5	NaN	579.5	0	31	359	49	40	0	408	20	7869	44	7780	44	7573	88	7852	12.44	4.566
386.9	NaN	540.5	NaN	578.75	0	63	363	34	28	0	407	1	7108	7	7320	3	7307	18	7613	12.3	-5.911
387	NaN	540.5	NaN	578	0	60	359	34	25	0	408	2	6793	13	7795	5	7016	26	7913	12.079	-1.428
387.1	NaN	540.5	NaN	577.25	0	58	358	11	2	0	406	-6	6539	-3	7716	-6	6463	-3	7708	11.818	-4.242
387.2	NaN	540.5	NaN	576.5	0	59	362	9	3	0	407	-31	5865	-16	7403	-27	5995	-15	7512	11.401	-5.373
387.3	NaN	540.5	NaN	575.75	0	57	358	33	29	0	406	2	5914	5	7193	4	4564	20	7332	10.963	-5.852
387.4	NaN	540.5	NaN	618	0	61	363	40	36	0	404	6	6067	31	7255	14	6258	71	7431	10.914	0.28
387.5	NaN	540.5	NaN	603	0	61	357	43	39	0	407	5	5904	25	7174	13	6258	77	7401	10.723	-1.993
387.6	NaN	548	NaN	617	0	61	361	48	44	0	407	9	6231	49	7286	22	6324	115	7414	10.927	2.017
387.7	NaN	550	NaN	597	0	49	355	62	59	0	410	20	6469	71	7863	47	6521	171	7794	11.157	5.849
387.8	NaN	517	NaN	502	0	61	365	12	5	0	410	-4	7045	-3	7202	-4	6430	-4	7384	11.351	-0.991
387.9	NaN	514	NaN	631	0	58	358	32	28	0	407	1	5849	5	7213	3	5503	18	7307	10.928	-3.073
388	NaN	510	NaN	580	0	48	358	71	67	0	407	20	6739	68	7756	48	6655	159	7712	11.159	5.085
388.1	NaN	516	NaN	578	0	26	356	100	100	0	409	30	7262	58	7773	71	7124	132	7844	11.689	6.469
388.2	NaN	532	NaN	588	0	10	361	100	100	0	407	38	7383	47	7842	85	7543	106	7913	12.215	5.682
388.3	NaN	548	NaN	566	0	13	357	100	100	0	407	36	7726	47	8198	81	7841	106	8245	12.766	6.332
388.4	NaN	541	NaN	568	0	12	360	100	100	0	408	35	7988	45	8518	78	8136	99	8570	13.24	4.899
388.5	NaN	558	NaN	574	0	11	355	100	100	0	407	35	8273	43	8767	74	8430	96	8821	13.705	3.804
388.6	NaN	530	NaN	565	0	9	359	100	100	0	407	35	8596	42	8948	74	8708	91	9035	14.138	3.859
388.7	NaN	529	NaN	567	0	4	357	100	100	0	408	35	8848	40	9145	74	9015	85	9254	14.558	4.916
388.8	NaN	562	NaN	568	0	2	360	100	100	0	408	37	9177	37	9315	77	9307	79	9445	14.934	4.172
388.9	NaN	549	NaN	580	0	-2	357	100	100	0	406	37	9444	35	9562	78	9465	73	9638	15.329	3.966
389	NaN	540	NaN	560	0	-2	360	100	100	0	408	36	9627	34	9763	75	9728	73	9833	15.687	3.237
389.1	NaN	596	NaN	574	1	-3	362	100	100	0	407	36	9864	33	9923	74	10033	68	10046	15.994	3.167
389.2	NaN	572	NaN	565	1	-6	355	100	100	0	408	36	10135	32	10049	72	10260	66	10183	16.338	1.876
389.3	NaN	530	NaN	576	1	-4	361	100	100	0	406	34	10294	32	10365	68	10318	63	10411	16.688	3.578
389.4	NaN	549	NaN	568	1	-6	359	100	100	0	404	29	10453	27	10476	60	10615	54	10575	16.927	2.287
389.5	NaN	528	NaN	630	1	-4	357	100	100	0	407	25	10605	24	10523	48	10692	48	10652	17.181	2.089
389.6	NaN	569	NaN	626	1	-0	361	100	100	0	408	21	10686	20	10839	41	10695	39	10820	17.367	-0.091
389.7	NaN	543	NaN	623	1	0	362	100	100	0	405	19	10721	19	10813	38	10867	37	10884	17.459	0.953
389.8	NaN	582	NaN	625	1	1	360	100	100	0	408	18	10798	18	10837	36	10815	34	10952	17.641	0.738
389.9	NaN	543	NaN	611	1	-0	360	100	100	0	408	15	10797	15	11016	30	10932	29	11004	17.657	0.807
390	NaN	549	NaN	637	1	0	362	100	100	0	407	15	10857	15	10886	31	11003	30	11013	17.721	0.973
390.1	NaN	514	NaN	634	1	-1	358	100	100	0	406	13	10910	13	11071	24	10904	23	11063	17.776	0.389
390.2	NaN	550	NaN	683	1	-2	355	100	100	0	407	14	10894	14	11055	27	11010	27	11066	17.795	-1.325
390.3	NaN	508	NaN	656	1	-1	357	100	100	0	407	11	10942	10	11027	22	10903	20	11105	17.847	0.498
390.4	NaN	492	NaN	619	1	-4	355	100	100	0	405	12	10902	11	11097	23	11024	22	11108	17.825	-0.101
390.5	NaN	506	NaN	639	1	-4	356	100	100	0	408	12	10973	12	10965	22	11033	22	11030	17.851	-1.318
390.6	NaN	487	NaN	645	1	-3	357	100	100	0	408	10	10981	9	11054	20	11025	18	11071	17.849	0.965
390.7	NaN	494	NaN	623	1	-3	356	100	100	0	406	12	10952	12	10997	24	11053	22	11016	17.851	-1.346
390.8	NaN	498	NaN	666	1	1	361	100	100	0	408	11	10993	10	11049	20	10922	20	11079	17.865	1.097
390.9	NaN	495	NaN	658	1	-3	357	100	100	0	407	12	10896	11	11018	23	11015	23	11075	17.859	0.886
391	NaN	506	NaN	645	1	-4	359	100	100	0	408	10	10968	10	10997	20	10995	20	11086	17.847	0.014
391.1	NaN	502	NaN	646	1	-1	360	100	100	0	405	12	10938	11	11069	24	11015	23	11064	17.876	-0.502
391.2	NaN	479	NaN	650	1	-5	357	100	100	0	407	11	10973	10	10909	21	11096	19	11008	17.866	0.24
391.3	NaN	490	NaN	660	1	-1	362	100	100	0	405	10	11027	10	11067	20	11011	19	11058	17.826	0.682
391.4	NaN	503	NaN	635	1	-1	357	100	100	0	406	13	10881	12	11041	25	11020	24	11013	17.874	-1.446
391.5	NaN	555	NaN	639	1	4	358	100	100	0	406	14	10866	15	11211	27	10895	29	11251	17.918	1.042
391.6	NaN	547	NaN	621	1	7	355	100	100	0	409	14	10846	15	11292	27	10959	30	11298	17.929	0.891
391.7	NaN	547	NaN	618	0	12	361	100	100	0	405	16	10773	18	11372	30	11121	37	11482	17.979	0.811
391.8	NaN	549	NaN	640	0	8	361	100	100	0	404	15	10855	18	11449	29	10939	32	11467	18.038	0.161
391.9	NaN	536	NaN	647	0	7	360	100	100	0	407	13	10919	14	11344	24	11028	27	11431	18.087	-2.001
392	NaN	522	NaN	643	0	2	356	83	76	0	407	11	10951	12	11394	22	10937	24	11378	18.097	2.214
392.1	NaN	557	NaN	647	0	-3	356	0	0	0	406	-13	10941	-13	10936	-9	10941	-10	10917	17.947	-2.107
392.2	NaN	547	NaN	648.0833333	0	-10	364	0	0	0	407	-32	10768	-35	10600	-24	10836	-27	10536	17.533	-4.6
392.3	NaN	553	NaN	651.1666667	0	-13	361	0	0	0	403	-48	10563	-56	10170	-37	10357	-44	9991	17.016	-7.645
392.4	NaN	527	NaN	654.25	0	-10	358	0	0	0	403	-51	10005	-56	9648	-40	10075	-43	9591	16.232	-4.794
392.5	NaN	528	NaN	657.3333333	0	-7	354	0	0	0	405	-54	9520	-56	9394	-43	9441	-45	9210	15.521	-6.597
392.6	NaN	537	NaN	660.4166667	0	-7	358	4	0	0	403	-49	8989	-53	8890	-40	9014	-42	8919	14.867	-5.489
392.7	NaN	553	NaN	665	0	-6	362	23	19	0	404	-21	8776	-21	8767	-17	8632	-15	8680	14.199	-5.125
392.8	NaN	567	NaN	648.1631944	0	-8	359	35	29	0	406	14	8770	12	8748	31	8825	25	8783	14.24	0.513
392.9	NaN	548	NaN	648.7847222	0	-11	360	0	0	0	405	-11	8607	-13	8485	-10	8578	-11	8481	14.003	-3.043
393	NaN	523	NaN	649.40625	0	-16	358	22	17	0	404	1	8595	1	8303	0	8580	0	8263	13.693	-2.007
393.1	NaN	563	NaN	650.0277778	0	-21	362	0	0	0	404	-16	8412	-20	7970	-13	8442	-18	7941	13.468	-4.613
393.2	NaN	552	NaN	650.6493056	0	-26	358	0	0	0	403	-32	8218	-42	7582	-27	8204	-36	7418	13.005	-5.965
393.3	NaN	545	NaN	651.2708333	0	-32	355	0	0	0	403	-45	7874	-62	6991	-40	7777	-54	6585	12.391	-6.896
393.4	NaN	529	NaN	651.8923611	0	-34	356	0	0	0	403	-45	7485	-62	6588	-39	7291	-56	6215	11.649	-8.471
393.5	NaN	567	NaN	652.5138889	0	-32	357	0	0	0	403	-45	7037	-60	6173	-41	6910	-55	2204	11.046	-8.385
393.6	NaN	495	NaN	653.1354167	0	-30	357	27	28	0	406	5	7048	3	6006	13	7086	5	3112	10.501	0.447
393.7	NaN	520	NaN	653.7569444	0	-36	362	27	23	0	406	0	6799	0	5871	0	6740	0	5803	10.292	-3.618
393.8	NaN	488	NaN	654.3784722	0	-51	356	31	29	0	405	12	6638	3	5864	27	6649	7	5925	10.193	-1.999
393.9	NaN	595	NaN	649	0	-50	358	44	46	0	405	43	6904	13	5936	101	7021	31	5940	10.235	2.074
394	NaN	513	NaN	712	0	-51	361	43	40	0	406	37	7021	9	6098	85	7055	20	6058	10.513	2.45
394.1	NaN	600	NaN	702	0	-40	360	43	42	0	405	35	7190	12	6105	84	7303	28	6482	10.692	2.957
394.2	NaN	557	NaN	662	0	-37	358	44	42	0	406	35	7304	13	6429	81	7360	32	6484	10.961	2.443
394.3	NaN	578	NaN	641	0	-21	361	51	49	0	408	45	7396	24	6764	104	7679	56	6808	11.379	5.184
394.4	NaN	556	NaN	651.921131	0	-21	354	56	53	0	407	52	7586	32	7267	120	7708	72	7303	11.945	6.21
394.5	NaN	536	NaN	651.0176091	0	-19	359	70	70	0	408	51	7954	32	7639	115	8125	72	7677	12.502	5.801
394.6	NaN	578	NaN	650.1140873	0	-9	359	57	52	0	407	45	8179	35	8055	100	8384	79	8120	13.084	5.419
394.7	NaN	582	NaN	649.2105655	0	-7	364	0	0	0	405	-12	8098	-13	8002	-11	8008	-11	7937	13.063	-2.683
394.8	NaN	557	NaN	648.3070437	0	-11	358	0	0	0	404	-31	7866	-33	7852	-27	7789	-29	7781	12.773	-5.79
394.9	NaN	578	NaN	647.4035218	0	-14	359	36	33	0	405	18	7872	13	7792	42	7934	29	7784	12.582	3.594
395	NaN	567	NaN	630	0	-36	356	1	0	0	404	-10	7778	-15	7231	-9	7740	-13	7277	12.455	-4.08
395.1	NaN	506	NaN	688	0	-37	359	35	36	0	405	21	7977	9	7176	48	7993	21	7267	12.223	1.589
395.2	NaN	484	NaN	659	0	-38	361	36	35	0	406	22	7958	8	7195	49	7959	18	7305	12.306	0.306
395.3	NaN	488	NaN	681	0	-36	360	36	35	0	405	20	8040	8	7199	46	8059	18	7436	12.331	1.278
395.4	NaN	529	NaN	725	0	-40	355	36	36	0	405	22	8153	10	7263	50	8135	22	7305	12.365	2.714
395.5	NaN	556.34375	NaN	498	0	-47	360	28	23	0	404	1	7862	0	7135	3	7859	1	7164	12.376	-2.863
395.6	NaN	556.1875	NaN	537	0	-38	355	51	51	0	407	10	7947	4	6991	23	7937	9	7110	12.178	1.879
395.7	NaN	556.03125	NaN	692	0	-42	358	44	43	0	404	37	8150	12	7096	82	8174	27	7436	12.239	1.797
395.8	NaN	555.875	NaN	651	0	-42	357	49	50	0	406	51	8400	19	7309	113	8468	43	7493	12.541	4.441
395.9	NaN	555.71875	NaN	496	0	-57	362	23	18	0	409	-1	7988	0	7306	-2	8115	0	7407	12.785	-2.753
396	NaN	555.5625	NaN	490	0	-54	360	29	29	0	406	8	8146	2	7111	21	8190	4	7069	12.431	-2.43
396.1	NaN	555.40625	NaN	609	0	-54	358	34	32	0	405	17	8039	4	6982	41	8119	10	7086	12.329	0.406
396.2	NaN	555.25	NaN	661	0	-48	356	46	48	0	405	48	8223	15	7154	107	8431	35	7267	12.385	2.251
396.3	NaN	555.09375	NaN	656	0	-47	357	48	48	0	405	51	8399	15	7828	113	8563	33	7495	12.654	5.07
396.4	NaN	554.9375	NaN	642	0	-42	358	36	33	0	405	22	8240	7	7394	48	8371	15	7592	12.797	-0.73
396.5	NaN	554.78125	NaN	638	0	-16	361	47	45	0	407	38	8354	26	7889	84	8561	59	7879	13.007	4.718
396.6	NaN	554.625	NaN	635	0	-8	359	34	30	0	406	8	8031	6	8041	18	8131	15	7962	13.161	-1.323
396.7	NaN	554.46875	NaN	680	0	20	355	36	28	0	407	13	7879	21	8325	27	7988	43	8324	13.202	2.164
396.8	NaN	554.3125	NaN	635	0	38	361	31	25	0	408	1	7470	4	8372	4	7522	9	8376	12.995	-3.309
396.9	NaN	554.15625	NaN	663	0	39	360	33	25	0	408	3	7332	8	8361	7	7442	16	8385	12.858	-3.444
397	NaN	533	NaN	585	0	38	360	49	44	0	408	17	7402	44	8541	38	7922	100	8777	12.805	1.578
397.1	NaN	540	NaN	570	0	39	359	49	44	0	408	18	8474	44	8555	39	8180	97	8786	13.081	2.358
397.2	NaN	554	NaN	559	0	25	360	53	48	0	407	25	8022	49	8780	55	8536	109	8967	13.351	2.989
397.3	NaN	560	NaN	567	0	8	358	54	49	0	407	34	8351	43	8830	73	8492	93	9007	13.818	4.985
397.4	NaN	540	NaN	575	0	-6	356	84	82	0	407	41	8783	35	8941	88	8847	74	8978	14.278	5.083
397.5	NaN	550	NaN	575	0	-19	356	100	100	0	407	43	9213	29	9041	93	9348	62	9081	14.73	5
397.6	NaN	576	NaN	611	0	-43	355	100	100	0	406	50	9823	21	9264	106	9750	45	9191	15.089	4.867
397.7	NaN	563	NaN	643	0	-39	359	100	100	0	405	49	10044	20	9250	102	10143	42	9524	15.356	2.608
397.8	NaN	554	NaN	596	0	-30	360	100	100	0	406	45	10034	22	9696	95	10141	48	9581	15.673	3.326
397.9	NaN	547	NaN	585	0	-16	356	100	100	0	407	39	10168	29	9708	80	10381	63	9906	16.001	4.551
398	NaN	555	NaN	592	0	-16	357	100	100	0	406	39	10238	29	10128	79	10444	58	10151	16.401	3.908
398.1	NaN	535	NaN	593	0	-20	357	100	100	0	408	40	10484	26	10212	79	10548	53	10305	16.753	3.934
398.2	NaN	562	NaN	585	0	-13	361	100	100	0	408	37	10734	28	10365	73	10904	53	10529	17.042	2.92
398.3	NaN	537	NaN	567	0	-11	359	100	100	0	407	24	10781	20	10589	47	10884	37	10645	17.337	0.983
398.4	NaN	555	NaN	621	0	-10	355	100	100	0	408	21	10753	17	10677	41	10882	35	10771	17.479	1.618
398.5	NaN	558	NaN	659	0	-3	359	100	100	0	407	17	10825	16	10859	33	10916	30	10894	17.607	2.255
398.6	NaN	541	NaN	611	0	2	361	100	100	0	408	16	10755	15	10985	30	10783	30	11044	17.705	-0.172
398.7	NaN	562	NaN	598	0	4	361	100	100	0	407	18	10757	19	11027	36	10913	37	11154	17.795	1.647
398.8	NaN	542	NaN	617	0	5	361	100	100	0	408	15	10811	16	11226	29	10916	32	11239	17.869	1.362
398.9	NaN	558	NaN	604	1	5	359	100	100	0	407	15	10787	16	11191	31	10857	33	11288	17.927	-0.37
399	NaN	558	NaN	625	1	4	357	100	100	0	408	15	10844	18	11287	28	10968	33	11287	17.992	0.554
399.1	NaN	521	NaN	630	1	2	355	100	100	0	408	11	10872	13	11233	21	10887	23	11332	18.001	-0.101
399.2	NaN	529	NaN	603	1	5	363	100	100	0	407	13	10862	14	11367	26	11001	29	11311	18.029	-1.078
399.3	NaN	516	NaN	637	1	3	363	100	100	0	408	12	10958	12	11177	21	11048	22	11277	18.085	-0.012
399.4	NaN	482	NaN	619	1	-1	357	100	100	0	407	9	10937	11	11261	19	11030	19	11299	18.075	-0.107
399.5	NaN	491	NaN	653	1	-1	360	100	100	0	406	11	11021	11	11264	21	11097	22	11304	18.092	0.329
399.6	NaN	481	NaN	658	1	-3	358	100	100	0	406	7	11019	7	11102	13	11020	12	11213	18.102	-0.454
399.7	NaN	474	NaN	607	1	-3	355	100	100	0	408	10	11012	9	11282	20	11111	18	11256	18.075	-0.21
399.8	NaN	477	NaN	639	1	-2	360	100	100	0	408	8	11054	8	11119	15	11086	15	11218	18.077	-0.111
399.9	NaN	468	NaN	615	1	-3	359	100	100	0	407	9	10971	8	11257	18	11116	18	11222	18.091	0.255
400	NaN	476	NaN	619	1	-2	359	100	100	0	408	10	11078	9	11146	18	11147	17	11214	18.079	-0.036
400.1	NaN	479	NaN	618	1	-4	360	100	100	0	408	8	10998	7	11226	14	11072	14	11171	18.092	-0.02
400.2	NaN	472	NaN	633	1	-5	358	100	100	0	407	9	11067	9	11165	18	11141	17	11225	18.088	0.276
400.3	NaN	490	NaN	576	1	-4	361	100	100	0	406	6	11084	7	11111	13	11050	12	11162	18.09	0.411
400.4	NaN	472	NaN	626	1	-2	358	100	100	0	408	9	11025	8	11207	18	11109	17	11241	18.069	-0.647
400.5	NaN	477	NaN	648	1	-0	359	100	100	0	408	9	11115	8	11100	15	11099	15	11178	18.082	0.162
400.6	NaN	473	NaN	635	1	-2	356	100	100	0	406	9	10985	8	11265	18	11102	16	11242	18.083	-0.135
400.7	NaN	473	NaN	664	1	-1	356	100	100	0	405	9	11107	9	11133	17	11160	16	11200	18.076	-0.234
400.8	NaN	488	NaN	613	1	-2	362	100	100	0	406	7	11048	7	11213	14	11078	13	11180	18.086	0.142
400.9	NaN	473	NaN	633	1	-3	359	100	100	0	406	10	11054	8	11161	19	11154	17	11206	18.08	0.88
401	NaN	485	NaN	607	1	-2	361	100	100	0	406	7	11103	7	11124	13	11049	12	11144	18.064	1.031
401.1	NaN	473	NaN	621	1	-4	362	100	100	0	406	9	10997	9	11183	18	11098	17	11226	18.081	-0.88
401.2	NaN	481	NaN	635	1	-3	361	100	100	0	407	7	11137	6	11043	14	11143	13	11126	18.058	-0.472
401.3	NaN	489	NaN	618	1	-7	356	100	100	0	406	7	11013	7	11156	14	11118	13	11145	18.068	-0.142
401.4	NaN	485	NaN	627.5	1	-8	356	100	100	0	407	8	11128	6	11007	16	11198	12	11094	18.039	-1.881
401.5	NaN	476	NaN	631.5	1	-7	358	100	100	0	407	10	11056	9	11100	22	11151	18	11083	18.05	0.134
401.6	NaN	493	NaN	635.5	0	-9	359	100	100	0	407	6	11102	5	11044	12	11183	10	11042	18.026	-1.109
401.7	NaN	468	NaN	618	0	-8	360	100	100	0	406	10	11210	9	11043	22	11093	18	11038	18.017	-0.953
401.8	NaN	481	NaN	623	0	-11	357	100	100	0	405	8	11094	6	11068	14	11157	12	11083	18.056	-0.164
401.9	NaN	471	NaN	615	0	-8	359	100	100	0	406	10	11130	9	10950	20	11169	18	11093	18.049	0.636
402	NaN	485	NaN	644	0	-9	356	100	100	0	407	9	11068	8	11113	18	11167	14	11116	18.03	-0.003
402.1	NaN	475	NaN	659	0	-5	361	100	100	0	406	9	11111	8	11015	17	11158	15	11098	18.011	-0.933
402.2	NaN	470	NaN	627	0	-5	361	100	100	0	406	10	11071	9	11116	19	11120	17	11115	18.006	-0.5
402.3	NaN	469	NaN	638	0	-4	361	100	100	0	406	10	11018	9	11080	19	11116	17	11140	18.005	-1.783
402.4	NaN	470	NaN	634	1	-4	360	100	100	0	408	9	11141	9	11041	18	11072	16	11094	17.992	0.148
402.5	NaN	471	NaN	638	1	-4	359	100	100	0	407	10	10959	9	11125	18	11063	18	11166	17.998	-0.243
402.6	NaN	479	NaN	678	1	-6	355	100	100	0	407	10	11088	8	10995	19	11074	17	11088	17.996	1.178
402.7	NaN	479	NaN	641	1	-2	362	100	100	0	408	9	10954	8	11150	19	11082	17	11169	18.005	0.821
402.8	NaN	464	NaN	657	1	-4	353	100	100	0	408	10	11051	10	11102	21	11140	19	11176	17.993	-0.962
402.9	NaN	479	NaN	622	1	-3	361	100	100	0	406	8	11028	8	11105	16	11070	16	11135	18.013	-0.546
403	NaN	471	NaN	616	1	-4	357	100	100	0	408	10	10990	9	11174	20	11104	20	11174	18.037	-1.163
403.1	NaN	482	NaN	641	1	-2	361	100	100	0	407	7	11065	7	11066	13	11030	12	11138	18.053	2.328
403.2	NaN	512	NaN	633.15	0	-4	363	0	0	0	408	-7	10940	-8	11153	-7	10948	-7	11076	18.047	-4.009
403.3	NaN	542	NaN	631.8	0	-3	360	0	0	0	406	-26	10779	-27	10752	-19	10868	-21	10794	17.781	-2.931
403.4	NaN	544	NaN	630.45	0	-6	356	0	0	0	405	-46	10523	-46	10509	-34	10466	-36	10345	17.33	-4.169
403.5	NaN	529	NaN	629.1	0	-3	361	0	0	0	405	-53	10091	-54	10270	-41	9781	-42	10100	16.726	-6.602
403.6	NaN	527	NaN	627.75	0	-5	355	0	0	0	405	-53	9804	-56	9770	-43	9637	-44	9694	16.111	-6.965
403.7	NaN	548	NaN	626.4	0	-4	357	0	0	0	403	-56	9342	-56	9351	-44	9258	-46	9420	15.493	-5.524
403.8	NaN	525	NaN	625.05	0	-4	362	0	0	0	405	-55	9007	-57	9200	-44	8920	-46	8928	14.794	-8.131
403.9	NaN	535	NaN	623.7	0	1	356	0	0	0	405	-54	8405	-55	8692	-45	8483	-46	8654	14.182	-5.684
404	NaN	544	NaN	622.35	0	5	358	0	0	0	405	-56	8005	-55	8337	-46	7852	-45	8221	13.527	-7.058
404.1	NaN	536	NaN	621	0	14	357	0	0	0	404	-57	6284	-50	7311	-50	6886	-43	7899	12.993	0.273
404.2	NaN	567	NaN	619.65	0	16	359	0	0	0	405	-59	6979	-49	7814	-51	3749	-42	7540	12.2	-6.38
404.3	NaN	550	NaN	618.3	0	20	361	0	0	0	403	-56	6352	-49	7397	-52	4967	-43	7234	11.539	-4.752
404.4	NaN	595	NaN	616.95	0	18	355	3	0	0	406	-56	6065	-47	7047	-50	470	-41	6956	10.928	-6.976
404.5	NaN	491	NaN	615.6	0	23	358	20	16	0	408	-6	5938	-5	6858	-5	520	-4	6821	10.552	-1.4
404.6	NaN	589	NaN	614.25	0	32	356	35	29	0	406	6	5877	13	6806	15	4143	30	6755	10.274	-0.343
404.7	NaN	515	NaN	612.9	0	38	362	22	14	0	408	-1	5802	-0	6650	0	5896	-0	6637	10.208	-0.785
404.8	NaN	554	NaN	611.55	0	50	363	0	0	0	407	-23	5466	-14	6559	-21	5138	-13	6521	9.9	-4.327
404.9	NaN	549	NaN	610.2	0	53	363	26	23	0	405	-10	4791	-7	6353	-9	4791	-5	6339	9.471	-4.245
405	NaN	539.75	NaN	608.85	0	51	358	33	28	0	408	3	5139	12	6380	7	5186	28	6367	9.305	-0.066
405.1	NaN	540.5	NaN	652	0	56	361	38	32	0	407	5	5181	21	6401	12	5439	52	6452	9.253	-1.248
405.2	NaN	541.25	NaN	676	0	62	361	34	25	0	407	2	5058	10	6217	4	5124	25	6206	9.289	-1.093
405.3	NaN	542	NaN	671	0	65	363	34	27	0	407	2	5031	14	6257	5	5054	33	6254	9.155	-0.803
405.4	NaN	542.75	NaN	652	0	76	364	29	21	0	406	0	4886	0	5949	0	4798	0	6030	8.977	-4.719
405.5	NaN	543.5	NaN	660	0	76	364	36	31	0	406	1	4669	21	6048	3	4732	51	6052	8.787	0.757
405.6	NaN	544.25	NaN	709	0	85	360	36	27	0	406	0	4710	17	5860	0	4771	42	5930	8.834	-2.664
405.7	NaN	545	NaN	625	0	85	363	45	39	0	408	0	4627	45	6268	1	4425	109	6274	8.701	0.424
405.8	NaN	545.75	NaN	616	0	89	357	45	36	0	407	-1	4494	43	6191	-1	4641	105	6380	8.824	1.114
405.9	NaN	559	NaN	599	0	85	359	45	38	0	408	0	4451	46	6310	0	4473	110	6638	8.818	0.005
406	NaN	567	NaN	619	0	78	357	47	40	0	407	2	4366	47	6239	5	4617	113	6498	8.884	1.191
406.1	NaN	549	NaN	559	0	51	356	56	50	0	408	15	4816	61	6484	37	5194	145	6912	9.06	5.21
406.2	NaN	497	NaN	637	0	13	358	74	70	0	407	40	6610	57	6429	93	7172	132	7081	9.392	6.766
406.3	NaN	526	NaN	567	0	7	356	100	100	0	409	43	7359	50	6462	100	7530	118	6715	9.903	3.995
406.4	NaN	547	NaN	565	0	22	361	100	100	0	409	35	8018	58	6638	82	6587	136	6761	10.507	4.492
406.5	NaN	535	NaN	549	0	20	360	100	100	0	408	36	6738	56	7023	85	6791	133	7130	11.125	5.182
406.6	NaN	566	NaN	597	0	17	359	100	100	0	407	36	6961	55	7447	80	6966	124	7560	11.711	4.93
406.7	NaN	546	NaN	567	0	15	360	100	100	0	407	35	7280	52	7826	79	7328	116	7886	12.226	5.242
406.8	NaN	524	NaN	570	0	10	359	100	100	0	408	37	7652	47	8094	84	7746	103	8171	12.765	2.833
406.9	NaN	535	NaN	561	0	2	359	100	100	0	408	41	8029	42	8258	89	8098	92	8392	13.247	3.523
407	NaN	554	NaN	565	0	-6	360	100	100	0	407	42	8432	37	8418	91	8496	82	8588	13.696	3.576
407.1	NaN	599	NaN	603	0	-15	355	95	91	0	408	45	8803	32	8583	96	8902	69	8710	14.128	4.113
407.2	NaN	564	NaN	568	0	-20	356	89	85	0	408	45	9139	31	8774	95	9256	65	8914	14.534	4.479
407.3	NaN	566	NaN	603	0	-21	355	42	39	0	407	29	9379	21	9003	61	9429	40	9000	14.881	2.618
407.4	NaN	512	NaN	597.1129032	0	-19	360	0	0	0	407	-6	9229	-6	8960	-4	9286	-5	8879	14.833	-1.81
407.5	NaN	556	NaN	596.2258065	0	-17	359	0	0	0	405	-24	9050	-28	8606	-20	9075	-23	8610	14.478	-4.668
407.6	NaN	527	NaN	595.3387097	0	-25	358	0	0	0	403	-40	8734	-49	8157	-34	8651	-41	8080	13.91	-6.719
407.7	NaN	523	NaN	594.4516129	0	-27	359	0	0	0	402	-48	8365	-60	7679	-40	8319	-52	7323	13.173	-8.946
407.8	NaN	531	NaN	593.5645161	0	-33	356	0	0	0	403	-47	7910	-60	7188	-39	7775	-54	5649	12.453	-10.799
407.9	NaN	555	NaN	592.6774194	0	-35	359	0	0	0	404	-44	7595	-63	6569	-39	7476	-55	3644	11.722	-9.083
408	NaN	544	NaN	591.7903226	0	-36	354	0	0	0	403	-44	7145	-62	5497	-39	7076	-56	1709	11.007	-5.601
408.1	NaN	586	NaN	590.9032258	0	-28	356	12	11	0	404	-22	6908	-30	5726	-19	6758	-1	808	10.355	-4.604
408.2	NaN	485	NaN	590.016129	0	-32	358	30	27	0	405	7	6627	3	5614	17	6693	8	5535	9.993	-0.416
408.3	NaN	554	NaN	589.1290323	0	-33	359	37	36	0	403	20	6538	8	5645	49	6672	22	5764	9.862	1.663
408.4	NaN	590	NaN	588.2419355	0	-34	357	39	36	0	404	25	6538	12	5829	58	6583	26	6002	10.025	3.819
408.5	NaN	624	NaN	587.3548387	0	-38	356	45	44	0	405	39	6725	14	5914	92	6809	33	6458	10.155	2.906
408.6	NaN	516	NaN	586.4677419	0	-51	359	21	17	0	403	-1	6759	-1	5914	-1	6695	-2	5840	10.312	-3.857
408.7	NaN	592	NaN	585.5806452	0	-43	357	46	44	0	406	46	7223	18	6090	105	7313	41	6145	10.464	5.979
408.8	NaN	547	NaN	584.6935484	0	-34	355	45	41	0	403	29	6895	7	6114	71	6980	26	6041	10.336	2.41
408.9	NaN	516	NaN	583.8064516	0	-26	361	3	0	0	407	-4	6769	-4	6245	-4	6673	-4	6374	10.723	-0.866
409	NaN	514	NaN	582.9193548	0	-23	361	29	25	0	407	-1	6677	-5	6255	-1	6616	-3	5974	10.405	-2.216
409.1	NaN	517	NaN	582.0322581	0	-10	359	8	1	0	406	-6	6357	-6	6229	-6	6425	-6	6222	10.387	-1.605
409.2	NaN	561	NaN	581.1451613	0	13	355	56	49	0	407	33	6362	44	6639	77	6424	101	6679	10.427	6.079
409.3	NaN	502	NaN	580.2580645	0	41	356	32	23	0	407	2	5979	4	6706	4	6067	10	6723	10.445	-0.18
409.4	NaN	500	NaN	579.3709677	0	66	358	33	24	0	408	1	5698	8	6688	3	5823	19	6766	10.229	-1.199
409.5	NaN	504	NaN	578.483871	0	63	365	35	29	0	406	1	5522	3	6668	3	5246	15	6708	9.893	-2.487
409.6	NaN	563	NaN	577.5967742	0	63	357	41	34	0	407	5	5510	31	6725	11	5582	72	6840	10.015	0.424
409.7	NaN	595	NaN	576.7096774	0	53	356	44	38	0	407	8	5567	36	6911	20	6047	86	7064	10.017	1.99
409.8	NaN	499	NaN	575.8225806	0	54	359	35	26	0	406	1	5532	5	6691	3	5581	12	6683	10.017	-2.51
409.9	NaN	586	NaN	574.9354839	0	36	356	56	51	0	406	6	5637	15	6752	16	5620	37	6752	9.911	0.292
410	NaN	533	NaN	574.0483871	0	36	356	57	52	0	406	25	6331	61	6943	58	6299	138	6903	10.376	6.682
410.1	NaN	549	NaN	573.1612903	0	46	356	55	49	0	407	18	6092	57	7300	42	7400	132	7210	10.679	4.309
410.2	NaN	568	NaN	572.2741935	0	52	361	52	43	0	407	14	6347	56	7610	30	7019	123	7627	11.087	5.724
410.3	NaN	557	NaN	571.3870968	0	52	358	50	44	0	407	12	6417	50	7716	28	6637	116	7866	11.303	2.304
410.4	NaN	558	NaN	570	0	43	358	50	43	0	408	16	6740	46	7763	36	6716	107	7899	11.566	3.158
410.5	NaN	546	NaN	572	0	39	356	50	44	0	408	18	6996	45	7931	40	6866	101	7999	11.838	4.445
410.6	NaN	590	NaN	560	0	40	363	55	50	0	406	21	7189	55	8149	48	7112	129	8153	12.124	5.318
410.7	NaN	543	NaN	584	0	34	356	67	63	0	407	26	7612	59	8375	58	7417	129	8343	12.569	5.141
410.8	NaN	535	NaN	547	0	22	356	100	100	0	409	31	7918	50	8532	69	7780	110	8563	13.014	5.468
410.9	NaN	554	NaN	562	0	19	358	100	100	0	407	32	8225	48	8694	69	8126	103	8734	13.492	5.296
411	NaN	535	NaN	550	0	9	364	100	100	0	407	34	8533	43	8868	74	8397	94	8979	13.943	4.988
411.1	NaN	577	NaN	571	0	-13	358	100	100	0	405	43	8903	33	8918	92	8854	70	9105	14.403	4.397
411.2	NaN	638	NaN	627	0	-40	356	70	68	0	406	52	9424	21	8811	112	9503	45	8964	14.758	2.028
411.3	NaN	482	NaN	505	0	-67	356	24	20	0	405	8	9516	4	8713	9	9482	4	8824	14.959	-0.133
411.4	NaN	496	NaN	514	0	-58	362	36	35	0	404	16	9218	3	8191	39	9477	7	8340	14.496	-2.334
411.5	NaN	561	NaN	628	0	-39	356	50	47	0	405	51	9575	18	8774	107	9687	41	8935	14.719	4.047
411.6	NaN	630	NaN	626	0	-40	360	51	50	0	406	51	9746	21	9137	108	9817	44	9099	14.963	3.005
411.7	NaN	568	NaN	620	0	-35	354	49	45	0	406	46	9749	19	9232	96	9940	41	9603	15.157	1.488
411.8	NaN	599	NaN	590	0	-17	356	48	45	0	405	40	9815	25	9508	84	9987	55	9500	15.451	5.115
411.9	NaN	568	NaN	607	0	-23	357	55	52	0	405	43	10005	27	9620	88	10069	55	9691	15.797	3.699
412	NaN	588	NaN	581	0	-15	357	100	100	0	406	39	10156	30	9986	80	10299	62	9897	16.14	4.193
412.1	NaN	527	NaN	568	0	10	362	100	100	0	408	30	10021	37	10357	62	10228	76	10412	16.505	2.527
412.2	NaN	573	NaN	570	0	38	361	100	100	0	407	21	10124	46	10742	41	10056	94	10857	16.709	1.922
412.3	NaN	503	NaN	567	0	42	361	100	100	0	407	19	10257	49	10993	37	10141	96	10994	16.893	2.576
412.4	NaN	597	NaN	570	0	35	363	100	100	0	407	20	10383	43	11006	39	10372	85	11103	17.014	2.822
412.5	NaN	527	NaN	566	0	33	363	100	100	0	407	21	10352	42	10979	42	10305	88	11154	17.133	2.449
412.6	NaN	546	NaN	573	0	32	359	100	100	0	409	23	10458	43	11141	45	10415	84	11211	17.249	1.717
412.7	NaN	644	NaN	608	0	26	357	100	100	0	407	18	10525	33	11042	37	10483	66	11236	17.371	-0.07
412.8	NaN	578	NaN	597	0	8	358	100	100	0	407	25	10538	32	11171	49	10588	60	11213	17.52	2.646
412.9	NaN	581	NaN	643	0	7	361	100	100	0	408	20	10680	22	11006	39	10776	43	11107	17.646	0.345
413	NaN	587	NaN	663	0	-5	359	100	100	0	407	19	10773	16	10983	36	10919	32	11039	17.736	0.999
413.1	NaN	531	NaN	683	0	-23	359	100	100	0	405	18	11054	12	10748	35	11037	23	10871	17.758	-0.027
413.2	NaN	613	NaN	633	0	-27	359	100	100	0	403	28	11209	16	10611	54	11351	31	10796	17.741	0.651
413.3	NaN	605	NaN	782	0	-21	355	100	100	0	407	25	11216	15	10743	47	11236	30	10878	17.789	1.418
413.4	NaN	657	NaN	650	0	-21	357	100	100	0	405	21	11188	14	10696	41	11321	26	10774	17.784	-0.917
413.5	NaN	607	NaN	757	0	-15	358	100	100	0	405	23	11173	16	10759	45	11259	31	10855	17.814	0.477
413.6	NaN	576	NaN	653	0	-19	361	100	100	0	407	16	11148	12	10845	33	11241	24	10864	17.83	0.499
413.7	NaN	587	NaN	653	0	-15	357	100	100	0	404	20	11104	14	10729	38	11219	27	10873	17.821	0.51
413.8	NaN	605	NaN	710	0	-14	355	100	100	0	406	21	11144	14	10865	39	11207	29	10927	17.845	1.316
413.9	NaN	571	NaN	642	0	-7	356	100	100	0	407	13	11043	12	10859	26	11165	22	10921	17.834	-1.182
414	NaN	534	NaN	651	0	-3	356	100	100	0	405	13	10977	13	10894	28	10987	25	10981	17.819	0.34
414.1	NaN	574	NaN	632	0	-1	361	100	100	0	407	14	10836	13	11076	27	10932	27	11082	17.838	-0.031
414.2	NaN	584	NaN	635	0	3	357	100	100	0	407	17	10778	17	11046	32	10883	33	11189	17.825	0.864
414.3	NaN	544	NaN	637	0	2	359	100	100	0	408	14	10843	15	11225	28	10904	29	11244	17.862	0.819
414.4	NaN	580	NaN	615	0	3	363	100	100	0	408	14	10789	16	11136	28	10951	31	11237	17.865	-1.42
414.5	NaN	566	NaN	621	1	4	362	100	100	0	407	14	10851	16	11200	29	10878	32	11251	17.876	1.07
414.6	NaN	550	NaN	614	1	2	358	100	100	0	408	13	10875	14	11144	25	10944	28	11188	17.89	-0.634
414.7	NaN	579	NaN	647	1	-1	358	100	100	0	406	15	10865	15	11085	29	10928	30	11149	17.887	0.318
414.8	NaN	501	NaN	639	1	-3	358	100	100	0	407	13	10932	12	11165	25	10988	23	11153	17.917	0.756
414.9	NaN	510	NaN	635	1	0	362	100	100	0	406	12	10898	12	11064	23	11032	23	11123	17.918	-0.428
415	NaN	515	NaN	628	1	1	357	100	100	0	409	12	10940	12	11171	24	10957	25	11224	17.95	1.234
415.1	NaN	483	NaN	646	1	-4	356	100	100	0	408	10	10980	10	11103	19	11015	17	11157	17.95	-1.15
415.2	NaN	481	NaN	632	1	-6	357	100	100	0	408	10	10985	10	11129	21	10973	19	11154	17.948	0.606
415.3	NaN	498	NaN	663	1	-5	357	100	100	0	408	10	11000	10	11128	20	11054	17	11142	17.971	-0.655
415.4	NaN	476	NaN	613	1	-2	358	100	100	0	408	9	10984	9	11075	18	11065	17	11103	17.931	-0.611
415.5	NaN	491	NaN	624	1	-1	356	100	100	0	407	12	10987	10	11205	22	11030	22	11166	17.936	0.185
415.6	NaN	499	NaN	689	1	-3	357	100	100	0	407	10	10968	10	11055	19	11034	19	11111	17.997	-0.504
415.7	NaN	487	NaN	624	1	-2	363	100	100	0	407	11	10977	10	11217	21	10960	21	11198	17.991	0.041
415.8	NaN	484	NaN	634	1	-5	359	100	100	0	406	8	11041	7	11065	16	11056	15	11104	17.985	-0.935
415.9	NaN	465	NaN	616	1	-4	361	100	100	0	408	9	11010	8	11054	18	11083	16	11105	17.963	0.74
416	NaN	473	NaN	699	1	-4	358	100	100	0	407	10	10997	9	11146	20	11038	20	11148	17.943	-0.378
416.1	NaN	472	NaN	685	1	-5	358	100	100	0	407	9	10968	9	11047	19	11083	17	11107	17.943	-1.044
416.2	NaN	487	NaN	644	1	-2	356	100	100	0	408	11	10968	10	11128	22	11031	21	11147	17.963	0.018
416.3	NaN	471	NaN	636	1	-2	359	100	100	0	406	10	11025	8	11006	17	11071	16	11079	17.946	-0.255
416.4	NaN	521	NaN	634.2903226	0	-3	362	0	0	0	405	-10	10831	-11	10993	-8	10765	-8	10951	17.84	-1.661
416.5	NaN	533	NaN	634.0806452	0	-2	362	0	0	0	406	-30	10530	-32	10737	-22	10561	-23	10703	17.504	-3.781
416.6	NaN	535	NaN	633.8709677	0	0	495	0	0	0	507	-50	10214	-51	10298	-38	9867	-40	10164	16.898	-8.001
416.7	NaN	518	NaN	633.6612903	0	-3	564	0	0	0	567	-54	9621	-56	9858	-44	9592	-44	9298	16.055	-9.076
416.8	NaN	526	NaN	633.4516129	0	-1	532	0	0	0	540	-54	8998	-55	9224	-44	8861	-45	9184	15.154	-8.345
416.9	NaN	536	NaN	633.2419355	0	-3	479	0	0	0	495	-54	8557	-56	8728	-45	8100	-46	8688	14.306	-8.616
417	NaN	536	NaN	633.0322581	0	-1	355	0	0	0	402	-53	8233	-55	8321	-44	8068	-46	8260	13.556	-6.634
417.1	NaN	527	NaN	632.8225806	0	4	370	0	0	0	407	-54	7717	-53	7899	-46	7753	-45	7872	12.901	-6.309
417.2	NaN	540	NaN	632.6129032	0	11	359	0	0	0	403	-57	6697	-50	7088	-49	6529	-44	7526	12.301	-3.069
417.3	NaN	572	NaN	632.4032258	0	17	361	42	38	0	405	11	6902	24	7578	33	6980	62	7780	11.561	3.646
417.4	NaN	520	NaN	632.1935484	0	32	363	4	0	0	406	-9	6505	-7	7308	-8	6864	-7	7351	11.736	-2.099
417.5	NaN	503	NaN	631.983871	0	19	364	50	45	0	408	6	6639	9	7494	14	6049	23	7525	11.343	-0.823
417.6	NaN	519	NaN	631.7741935	0	30	361	13	4	0	407	-9	6434	-7	7244	-8	6552	-6	7239	11.251	-3.133
417.7	NaN	514	NaN	631.5645161	0	36	361	20	13	0	408	-11	6269	-8	7277	-10	6152	-7	7232	10.967	-3.461
417.8	NaN	561	NaN	631.3548387	0	38	363	44	40	0	407	10	6217	34	7246	29	6325	80	7360	10.817	1.866
417.9	NaN	527	NaN	631.1451613	0	36	363	58	49	0	410	25	6606	57	7561	57	6625	130	7643	11.272	2.694
418	NaN	526.0833333	NaN	630.9354839	0	40	357	50	41	0	410	17	7088	42	7759	37	6786	96	7800	11.646	3.449
418.1	NaN	528.6666667	NaN	630.7258065	0	27	363	54	47	0	407	23	6910	48	8026	54	7621	108	8139	11.874	2.682
418.2	NaN	531.25	NaN	630.516129	0	38	362	43	35	0	407	14	8652	29	7928	29	7326	62	7990	12.454	1.012
418.3	NaN	533.8333333	NaN	630.3064516	0	35	359	72	65	0	409	23	7261	53	8466	52	9717	119	8597	12.431	2.266
418.4	NaN	536.4166667	NaN	630.0967742	0	33	362	36	27	0	407	10	7852	13	8314	17	7616	26	8361	12.974	-0.979
418.5	NaN	542	NaN	629.8870968	0	16	355	81	75	0	409	31	7761	45	8493	70	9157	101	8719	13.125	4.943
418.6	NaN	518	NaN	629.6774194	0	17	359	58	51	0	407	33	8277	47	8675	71	8419	102	8826	13.605	2.185
418.7	NaN	546	NaN	629.4677419	0	24	360	69	62	0	410	28	8815	48	9075	61	8492	106	9161	14.038	4.548
418.8	NaN	554	NaN	629.2580645	0	20	362	69	63	0	407	28	8632	47	9395	61	8923	100	9475	14.424	3.047
418.9	NaN	508	NaN	629.0483871	0	15	363	100	99	0	407	31	8937	42	9491	66	9162	90	9575	14.888	2.399
419	NaN	551	NaN	628.8387097	0	2	357	100	100	0	407	35	9356	37	9580	75	9421	79	9670	15.278	2.748
419.1	NaN	533	NaN	628.6290323	0	-4	360	100	100	0	407	36	9603	34	9660	76	9643	70	9851	15.612	3.591
419.2	NaN	546	NaN	628.4193548	0	-11	357	100	100	0	407	39	9869	31	9888	79	10023	63	9973	16.006	3.871
419.3	NaN	542	NaN	628.2096774	0	-18	357	100	100	0	406	41	10364	28	9992	85	10408	56	10055	16.324	3.424
419.4	NaN	550	NaN	605	0	-21	362	100	100	0	407	40	10503	27	10091	83	10596	54	10180	16.619	2.666
419.5	NaN	522	NaN	606	0	-20	360	100	100	0	407	41	10639	27	10262	82	10833	53	10427	16.904	4
419.6	NaN	529	NaN	614	0	-18	363	100	100	0	407	30	10827	21	10489	59	10921	41	10480	17.188	4.516
419.7	NaN	517	NaN	588	0	-11	360	100	100	0	408	25	10752	20	10593	50	10880	40	10662	17.381	1.4
419.8	NaN	539	NaN	596	0	6	362	100	100	0	406	19	10706	22	10892	39	10847	43	10963	17.512	0.701
419.9	NaN	578	NaN	603	0	10	360	100	100	0	408	18	10676	21	11127	36	10708	44	11169	17.633	0.314
420	NaN	539	NaN	596	0	8	361	100	100	0	408	20	10672	24	11103	39	10831	46	11261	17.781	1.498
420.1	NaN	553	NaN	613	0	5	354	100	100	0	407	17	10757	19	11306	32	10890	36	11334	17.835	0.411
420.2	NaN	537	NaN	631	1	3	358	100	100	0	407	14	10806	15	11115	28	10831	29	11272	17.919	0.885
420.3	NaN	537	NaN	646	1	-5	356	100	100	0	407	13	10905	13	11203	26	11013	26	11210	17.933	0.843
420.4	NaN	539.7222222	NaN	709	1	-7	357	100	100	0	407	10	11003	10	11024	20	11006	17	11036	17.939	-0.886
420.5	NaN	540.4444444	NaN	634	1	-6	361	100	100	0	408	13	10974	11	10986	26	11118	24	11073	17.902	0.601
420.6	NaN	541.1666667	NaN	635	1	-10	356	100	100	0	405	9	11052	8	11011	17	11105	14	11018	17.894	-0.648
420.7	NaN	541.8888889	NaN	649	0	-8	360	100	100	0	408	11	11106	9	10988	23	11120	18	11042	17.822	-2.762
420.8	NaN	542.6111111	NaN	625	0	-10	358	100	100	0	406	12	10953	11	10970	23	11100	19	11021	17.941	1.602
420.9	NaN	543.3333333	NaN	609	0	-6	359	100	100	0	407	12	11129	10	10977	25	11090	21	10978	17.863	-1.893
421	NaN	544.0555556	NaN	672	0	-3	363	100	100	0	406	12	10913	11	11042	24	11061	22	11043	17.863	0.908
421.1	NaN	544.7777778	NaN	646	0	-3	356	100	100	0	407	11	10936	11	11030	20	11013	19	11063	17.861	-0.001
421.2	NaN	529	NaN	642	0	-4	356	100	100	0	407	12	10884	12	10961	26	11003	25	11085	17.86	-1.132
421.3	NaN	543	NaN	650	0	-1	355	100	100	0	408	14	10862	15	11069	28	11007	29	11099	17.892	1.652
421.4	NaN	546	NaN	699	1	0	355	100	100	0	408	13	10864	13	11062	25	10900	27	11184	17.865	0.567
421.5	NaN	545	NaN	649	1	2	360	100	100	0	407	15	10827	16	11244	29	10961	32	11212	17.897	-0.265
421.6	NaN	514	NaN	691	0	3	363	0	0	0	408	-10	10770	-9	11019	-7	10716	-6	11045	17.785	-3.208
421.7	NaN	557	NaN	691	0	3	365	0	0	0	408	-30	10446	-30	10741	-22	10447	-22	10734	17.396	-3.939
421.8	NaN	518	NaN	749	0	2	447	0	0	0	472	-49	10028	-50	10310	-38	9841	-38	10251	16.789	-7.354
421.9	NaN	517	NaN	729	0	1	600	0	0	0	598	-55	9490	-56	9734	-44	9424	-44	9583	15.974	-10.256
422	NaN	547	NaN	754	0	-3	547	0	0	0	534	-55	8960	-56	9048	-45	8916	-45	8876	14.929	-9.657
422.1	NaN	554	NaN	738	0	-4	378	0	0	0	415	-54	8525	-55	8663	-45	8442	-46	8447	14.159	-8.01
422.2	NaN	573	NaN	756	0	-8	364	0	0	0	403	-52	8117	-56	8117	-44	8118	-48	8027	13.471	-6.026
422.3	NaN	578	NaN	810	0	-20	359	0	0	0	404	-50	7852	-60	7600	-42	7788	-50	7296	12.776	-6.898
422.4	NaN	592	NaN	793	0	-31	360	0	0	0	404	-46	7571	-62	6776	-39	7557	-54	6258	12.077	-6.895
422.5	NaN	549	NaN	528	0	-35	357	21	22	0	406	-0	7488	-3	6650	-0	7434	-2	5057	11.456	-3.039
422.6	NaN	532	NaN	507	0	-35	359	23	21	0	407	0	7259	0	6538	0	7236	0	6519	11.255	-2.63
422.7	NaN	573	NaN	711	0	-29	361	38	38	0	405	25	7267	11	6609	58	7259	26	6665	11.145	2.545
422.8	NaN	619	NaN	698	0	-20	364	39	32	0	405	21	7257	13	6815	51	7236	29	6835	11.37	1.605
422.9	NaN	508	NaN	507	0	0	364	35	31	0	406	4	7077	3	6980	9	7053	8	6928	11.396	-0.637
423	NaN	519	NaN	730	0	25	357	35	26	0	408	5	6751	8	7269	13	6810	21	7275	11.349	-0.202
423.1	NaN	512	NaN	501	0	44	366	31	26	0	408	1	6308	2	7319	2	6388	6	7331	11.13	-2.167
423.2	NaN	523	NaN	503	0	48	363	0	0	0	408	-10	6007	-7	7251	-9	5895	-6	7238	10.903	-1.725
423.3	NaN	533	NaN	543	0	52	360	44	39	0	407	-1	5748	1	7105	2	5456	14	7102	10.491	-4.159
423.4	NaN	616	NaN	588	0	49	356	44	37	0	407	11	6202	38	7273	24	6102	85	7315	10.74	4.197
423.5	NaN	561	NaN	599	0	53	364	44	39	0	407	10	6025	38	7321	23	6709	89	7493	10.728	2.259
423.6	NaN	595	NaN	619	0	52	358	41	35	0	408	6	6019	24	7211	14	6216	56	7352	10.804	-0.365
423.7	NaN	539	NaN	584	0	54	359	50	45	0	407	12	6142	45	7460	27	6693	104	7590	10.899	2.169
423.8	NaN	538	NaN	560	0	51	362	56	50	0	407	16	6709	62	7643	37	6608	143	7794	11.229	3.084
423.9	NaN	515	NaN	629	0	37	361	77	73	0	409	24	8235	61	7766	56	6954	137	7981	11.7	6.562
424	NaN	551	NaN	558	0	32	363	100	100	0	409	27	7186	56	8099	60	8303	125	8389	12.099	5.479
424.1	NaN	553	NaN	577	0	32	361	100	100	0	407	26	8976	54	8262	59	7918	124	8348	12.609	4.205
424.2	NaN	535	NaN	571	0	25	357	100	100	0	406	30	7818	51	8505	66	8359	113	8598	13.133	0.173
424.3	NaN	582	NaN	571	0	14	361	100	100	0	407	35	8236	43	8863	78	8375	96	8866	13.562	5.898
424.4	NaN	528	NaN	578	0	26	359	100	100	0	407	29	8582	47	9007	62	8607	102	9022	14.112	4.24
424.5	NaN	539	NaN	585	0	16	362	100	100	0	409	30	8781	45	9406	63	8910	94	9497	14.437	5.284
424.6	NaN	546	NaN	572	0	17	358	100	100	0	408	29	8961	44	9532	63	9252	91	9613	14.927	2.199
424.7	NaN	539	NaN	562	0	12	355	100	100	0	407	32	9343	40	9676	68	9336	84	9836	15.366	4.661
424.8	NaN	544	NaN	571	0	9	360	100	100	0	408	33	9569	37	10015	69	9650	78	10091	15.736	5.665
424.9	NaN	563	NaN	567	0	7	357	100	100	0	407	32	9779	38	10214	66	10125	74	10266	16.184	2.672
425	NaN	567	NaN	578	0	-2	357	100	100	0	407	35	10141	34	10317	70	10286	69	10432	16.54	3.03
425.1	NaN	538	NaN	591	0	-3	358	100	100	0	407	29	10460	28	10485	58	10484	55	10623	16.925	4.193
425.2	NaN	518	NaN	569	0	-5	358	100	100	0	408	25	10524	23	10650	49	10671	46	10685	17.191	2.711
425.3	NaN	523	NaN	571	1	-1	361	100	100	0	408	22	10643	20	10629	44	10777	40	10802	17.381	2.455
425.4	NaN	543	NaN	593	1	-3	359	100	100	0	407	18	10815	16	10835	35	10877	32	10861	17.498	0.962
425.5	NaN	539	NaN	605	1	-7	356	100	100	0	407	19	10760	17	10816	35	10910	33	10878	17.661	0.569
425.6	NaN	547	NaN	661	1	-5	356	100	100	0	408	14	10894	13	10848	27	10876	26	10972	17.698	2.371
425.7	NaN	526	NaN	629	0	-5	357	47	39	0	405	13	10854	12	10949	26	10983	24	10957	17.782	1.518
425.8	NaN	555	NaN	568	0	-4	358	0	0	0	407	-18	10757	-20	10743	-13	10645	-14	10568	17.602	-2.874
425.9	NaN	544	NaN	574.7708333	0	1	362	0	0	0	407	-38	10441	-37	10560	-30	10371	-29	10544	17.201	-1.965
426	NaN	532	NaN	575.0416667	0	1	356	0	0	0	404	-53	10010	-53	10259	-41	9583	-41	9997	16.639	-6.658
426.1	NaN	529	NaN	575.3125	0	4	368	0	0	0	407	-57	9373	-55	9728	-45	9443	-42	9787	15.987	-6.576
426.2	NaN	532	NaN	575.5833333	0	1	353	0	0	0	404	-56	9165	-56	9409	-46	8956	-43	9382	15.31	-5.394
426.3	NaN	529	NaN	575.8541667	0	5	362	0	0	0	403	-57	8644	-54	8910	-46	8739	-44	8922	14.655	-6.074
426.4	NaN	538	NaN	576.125	0	6	358	0	0	0	404	-56	8191	-53	8704	-47	7883	-44	8535	14.004	-6.567
426.5	NaN	534	NaN	576.3958333	0	17	357	0	0	0	404	-60	7735	-50	8446	-51	7281	-42	8310	13.326	-7.739
426.6	NaN	537	NaN	576.6666667	0	26	358	0	0	0	405	-61	6513	-47	8080	-53	5559	-41	8137	12.652	-6.457
426.7	NaN	529	NaN	576.9375	0	44	361	0	0	0	405	-65	5410	-43	7586	-57	2686	-37	7619	11.981	-6.892
426.8	NaN	561	NaN	577.2083333	0	76	355	0	0	0	405	-73	4243	-33	6790	-64	210	-30	7243	11.238	-6.214
426.9	NaN	552	NaN	577.4791667	0	76	356	0	0	0	407	-73	3229	-33	6388	-67	-144	-29	6763	10.391	-9.576
427	NaN	524	NaN	577.75	0	75	355	11	8	0	407	-44	2911	-20	5774	0	1	-17	6344	9.57	-4.675
427.1	NaN	603	NaN	578.0208333	0	57	362	34	28	0	407	2	4546	13	5944	6	2499	32	6265	8.977	-2.111
427.2	NaN	497	NaN	578.2916667	0	28	356	33	24	0	408	3	4557	7	5902	8	4531	16	5990	8.632	-0.75
427.3	NaN	563	NaN	578.5625	0	23	355	58	52	0	408	30	4783	50	6021	74	5749	121	6700	8.507	4.195
427.4	NaN	551	NaN	578.8333333	0	45	362	58	51	0	408	19	6472	62	6155	44	5937	149	6319	8.893	4.671
427.5	NaN	579	NaN	579.1041667	0	12	360	51	42	0	409	26	5252	38	6269	61	6775	85	6481	9.193	4.025
427.6	NaN	523	NaN	579.375	0	-45	360	37	35	0	406	22	5985	8	5673	52	6100	18	5744	9.49	1.401
427.7	NaN	521	NaN	579.6458333	0	-65	362	45	46	0	406	49	6527	8	5492	117	6532	17	5514	9.63	1.959
427.8	NaN	539.8333333	NaN	579.9166667	0	-82	358	44	40	0	406	47	7070	2	5241	110	6989	4	5373	9.673	4.227
427.9	NaN	544.1666667	NaN	580.1875	0	-89	363	37	31	0	407	26	6509	-1	5140	60	6704	-2	5296	9.706	-1.778
428	NaN	548.5	NaN	580.4583333	0	-83	357	82	83	0	407	89	7301	1	5145	196	8294	3	5141	9.606	1.676
428.1	NaN	552.8333333	NaN	580.7291667	0	-67	361	88	85	0	408	83	7262	9	5182	192	7731	23	5693	9.941	3.641
428.2	NaN	557.1666667	NaN	612	0	-47	358	88	86	0	407	59	7390	18	5458	138	9404	41	6510	9.989	6.284
428.3	NaN	558	NaN	547	0	19	362	100	99	0	407	37	6929	46	6376	88	7740	108	9263	9.921	6.483
428.4	NaN	547	NaN	574	0	58	357	100	100	0	407	12	6761	57	6583	29	7175	129	13611	9.909	4.114
428.5	NaN	566	NaN	568	0	36	361	100	100	0	407	15	6561	46	8813	36	6481	106	14332	10.247	7.26
428.6	NaN	575	NaN	591	0	-21	362	100	100	0	407	39	6783	25	8422	90	6796	65	15744	10.743	5.108
428.7	NaN	587	NaN	579	0	-21	360	100	100	0	405	42	7059	26	7379	97	7073	63	14190	11.309	5.961
428.8	NaN	564	NaN	598	0	-21	356	100	100	0	407	54	7736	31	7465	122	7760	70	7358	12.011	6.906
428.9	NaN	585	NaN	608	0	-20	357	100	100	0	407	51	8123	31	7758	113	8248	69	7875	12.526	6.939
429	NaN	575	NaN	568	0	-16	356	100	100	0	407	47	8408	32	8183	104	8558	73	8208	13.111	5.68
429.1	NaN	541	NaN	578	0	-12	357	100	100	0	407	43	8734	33	8719	94	8833	72	8506	13.637	5.89
429.2	NaN	568	NaN	582	0	-11	356	100	100	0	407	42	8880	33	8889	91	9039	71	8898	14.152	6.155
429.3	NaN	544	NaN	570	0	-14	362	100	100	0	406	41	9130	32	9048	88	9281	68	9159	14.669	4.677
429.4	NaN	576	NaN	579	0	-9	361	100	100	0	406	40	9421	32	9299	84	9638	65	9400	15.1	5.093
429.5	NaN	559	NaN	630	0	-2	357	100	100	0	407	37	9687	34	9606	74	9789	70	9846	15.559	3.071
429.6	NaN	553	NaN	580	0	-4	362	100	100	0	407	36	9903	35	10056	74	9980	71	10037	15.989	4.119
429.7	NaN	537	NaN	587	0	-1	360	100	100	0	407	35	10108	32	10227	71	10226	66	10339	16.426	3.478
429.8	NaN	546.3888889	NaN	589	0	2	361	100	100	0	407	34	10326	34	10481	67	10693	67	10602	16.821	1.045
429.9	NaN	535.1944444	NaN	577	1	2	361	100	100	0	405	25	10502	25	10698	48	10568	51	10723	17.152	3.312
430	NaN	524	NaN	579.9386574	1	3	359	100	100	0	407	23	10572	24	10893	46	10718	47	10933	17.403	0.72
430.1	NaN	591	NaN	579.6481481	1	4	360	100	100	0	408	21	10649	23	10963	40	10827	45	11075	17.589	0.916
430.2	NaN	558	NaN	579.3576389	1	4	358	100	100	0	407	17	10772	18	11114	34	10756	35	11173	17.752	2.748
430.3	NaN	524	NaN	579.0671296	0	4	365	19	15	0	405	-6	10640	-7	10992	-7	10655	-8	11019	17.833	-3.609
430.4	NaN	520	NaN	578.7766204	0	4	365	0	0	0	407	-4	10694	-3	11151	-5	10783	-5	11106	17.802	-1.939
430.5	NaN	554	NaN	578.4861111	0	5	357	0	0	0	407	-24	10439	-21	10810	-18	10392	-16	10919	17.559	-3.748
430.6	NaN	525	NaN	578.1956019	0	8	361	0	0	0	407	-45	10023	-41	10551	-34	9901	-31	10498	17.135	-4.893
430.7	NaN	547	NaN	577.9050926	0	7	356	15	11	0	406	-22	9710	-24	10482	-17	9443	-16	10337	16.537	-5.616
430.8	NaN	524	NaN	577.6145833	0	12	361	20	16	0	408	-7	9532	-6	10262	-5	9584	-4	10235	16.215	-3.336
430.9	NaN	517	NaN	577.3240741	0	16	364	16	7	0	408	-4	9440	-2	10019	-3	9461	-2	10065	16.024	-1.473
431	NaN	573	NaN	577.0335648	0	20	357	7	1	0	408	-26	8988	-20	9977	-20	9147	-16	9898	15.726	-2.75
431.1	NaN	531	NaN	576.7430556	0	26	361	20	15	0	404	-14	8612	-13	9800	-10	8492	-10	9739	15.264	-4.881
431.2	NaN	519	NaN	576.4525463	0	23	364	22	17	0	407	-2	8491	-1	9573	-1	8601	-1	9702	14.965	-1.499
431.3	NaN	503	NaN	576.162037	0	17	361	31	26	0	407	4	8640	6	9577	9	8432	13	9425	14.814	-2.813
431.4	NaN	526	NaN	575.8715278	0	19	359	21	13	0	406	-3	8373	-2	9340	-3	8628	-3	9366	14.642	-1.5
431.5	NaN	523	NaN	575.5810185	0	34	355	6	0	0	408	-25	7753	-18	9088	-22	7394	-15	9074	14.345	-4.531
431.6	NaN	523	NaN	575.2905093	0	28	358	30	25	0	408	2	7653	3	9012	4	7730	5	9044	13.893	-0.839
431.7	NaN	510	NaN	601	0	28	358	30	25	0	406	3	7532	5	8786	6	7961	11	8816	13.775	-0.221
431.8	NaN	518	NaN	576.9338542	0	15	358	30	25	0	407	3	7838	4	8646	7	7974	9	8718	13.585	-1.566
431.9	NaN	521	NaN	576.1078704	0	33	358	0	0	0	406	-11	7416	-8	8650	-10	7643	-7	8599	13.376	-1.388
432	NaN	562	NaN	575.2818866	0	42	356	0	0	0	407	-36	6920	-23	8190	-31	7273	-20	8155	12.91	-3.346
432.1	NaN	559	NaN	574.4559028	0	42	355	0	0	0	406	-51	5265	-32	7890	-45	4377	-29	7830	12.395	-8.163
432.2	NaN	520	NaN	573.629919	0	46	363	0	0	0	405	-65	4267	-41	7269	0	-210	-35	7518	11.77	-6.593
432.3	NaN	493	NaN	572.8039352	0	54	360	30	24	0	407	1	5965	6	7219	3	1595	13	7441	11.111	-1.323
432.4	NaN	525	NaN	571.9779514	0	44	364	23	16	0	408	-3	5587	-2	6960	-2	4078	-2	7120	10.635	-1.2
432.5	NaN	518	NaN	571.1519676	0	44	361	32	25	0	408	1	5449	2	6803	3	4527	8	6904	10.118	-4.106
432.6	NaN	531	NaN	570.3259838	0	41	358	43	37	0	407	9	5491	26	6645	25	5887	65	7000	9.844	0.371
432.7	NaN	571	NaN	577	0	31	362	52	42	0	408	20	5952	41	6823	46	6773	97	7069	9.915	1.355
432.8	NaN	537	NaN	568	0	25	362	63	59	0	408	30	7837	53	6996	70	8203	126	7525	10.2	9.747
432.9	NaN	554	NaN	575	0	29	360	56	52	0	407	24	8620	44	6820	60	7193	111	7026	10.434	0.648
433	NaN	507	NaN	551	0	30	359	82	74	0	408	30	7259	64	7243	70	6928	146	7350	10.985	2.807
433.1	NaN	510	NaN	557	0	40	356	93	89	0	409	25	7698	66	7575	57	6921	151	7556	11.562	6.227
433.2	NaN	499	NaN	622	0	34	362	100	100	0	409	26	7146	61	7994	59	7078	134	8059	12	5.759
433.3	NaN	519	NaN	566	0	30	360	100	100	0	408	28	7600	57	8297	62	7445	126	8342	12.525	5.527
433.4	NaN	534	NaN	581	0	23	358	100	100	0	407	30	7715	53	8517	66	7858	117	8549	12.983	4.813
433.5	NaN	555	NaN	556	0	22	363	100	100	0	409	30	8236	49	8724	65	8146	107	8783	13.451	4.662
433.6	NaN	543	NaN	575	0	14	357	100	100	0	408	34	8349	44	8925	73	8435	96	9032	13.871	4.421
433.7	NaN	579	NaN	618	0	8	356	100	100	0	406	34	8685	42	9085	73	8728	89	9158	14.343	3.707
433.8	NaN	570	NaN	555	0	2	358	100	100	0	407	36	9063	40	9207	77	9143	83	9370	14.748	4.252
433.9	NaN	536	NaN	571	0	1	355	100	100	0	406	36	9353	36	9432	74	9418	76	9586	15.163	4.601
434	NaN	598	NaN	573	0	-4	362	100	100	0	407	38	9571	34	9705	79	9729	70	9760	15.499	3.968
434.1	NaN	560	NaN	559	0	-3	361	100	100	0	407	38	9765	34	9859	77	9847	69	9894	15.892	3.385
434.2	NaN	555	NaN	561	1	-7	361	100	100	0	408	37	10076	32	9959	76	10188	65	10132	16.222	3.418
434.3	NaN	555	NaN	564	1	-4	362	100	100	0	407	36	10305	32	10285	73	10399	64	10332	16.563	4.352
434.4	NaN	523	NaN	590	1	-6	361	100	100	0	408	29	10404	26	10439	58	10464	52	10515	16.824	1.404
434.5	NaN	558	NaN	567	1	-5	362	100	100	0	408	29	10513	27	10468	58	10641	54	10609	17.108	1.724
434.6	NaN	528	NaN	608	1	-4	363	100	100	0	406	21	10681	20	10796	42	10782	42	10751	17.255	1.311
434.7	NaN	608	NaN	632	1	-3	358	100	100	0	407	21	10656	20	10786	42	10722	38	10820	17.441	0.534
434.8	NaN	535	NaN	640	1	-3	357	100	100	0	407	19	10807	17	10804	37	10933	35	10933	17.555	1.88
434.9	NaN	572	NaN	628	1	-0	359	100	100	0	406	14	10781	15	10999	28	10891	28	11009	17.629	1.223
435	NaN	577	NaN	664	1	0	360	100	100	0	407	16	10866	15	10968	31	10935	30	11010	17.732	-0.651
435.1	NaN	529	NaN	662	1	2	356	100	100	0	407	13	10937	12	11077	23	10965	24	11078	17.806	1.026
435.2	NaN	496	NaN	638	1	-1	361	100	100	0	407	12	10939	12	11048	23	10910	23	11047	17.819	-0.607
435.3	NaN	532	NaN	642	1	-1	356	100	100	0	407	13	10977	12	11011	24	11025	24	11114	17.85	0.601
435.4	NaN	532	NaN	674	1	-2	358	100	100	0	408	9	10936	9	11045	18	11001	16	11049	17.833	0.397
435.5	NaN	547	NaN	643	1	-4	355	100	100	0	406	12	10958	12	10991	26	11034	23	11067	17.835	-0.25
435.6	NaN	497	NaN	652	1	-1	356	100	100	0	405	11	10953	10	11053	21	11024	20	11056	17.862	-0.006
435.7	NaN	472	NaN	629	1	-3	363	100	100	0	407	10	10948	10	11026	20	10952	19	11036	17.83	-1.424
435.8	NaN	518	NaN	636	1	-2	360	100	100	0	408	13	10945	12	11053	25	11025	25	11093	17.881	0.81
435.9	NaN	472	NaN	646	1	-1	359	100	100	0	407	9	10947	8	11051	18	10976	17	11049	17.864	-1.218
436	NaN	499	NaN	644	0	-3	365	32	24	0	408	11	10980	9	10991	19	11038	19	11103	17.867	-0.613
436.1	NaN	553	NaN	578	0	-0	363	2	0	0	404	-19	10800	-20	10867	-14	10797	-14	10819	17.636	-4.287
436.2	NaN	532	NaN	726	0	-4	359	0	0	0	404	-38	10464	-39	10481	-29	10452	-31	10477	17.178	-5.503
436.3	NaN	536	NaN	697	0	-0	359	0	0	0	405	-53	10217	-53	10195	-41	9839	-42	10011	16.592	-7.942
436.4	NaN	522	NaN	498	0	-4	361	24	20	0	406	-1	9996	-1	10023	-1	10035	-0	10023	16.2	-2.263
436.5	NaN	562	NaN	517	0	-0	359	14	10	0	407	-15	9702	-15	9723	-12	9725	-11	9834	15.964	-1.787
436.6	NaN	516	NaN	503	0	-2	358	6	0	0	406	-7	9561	-7	9695	-6	9511	-5	9671	15.757	-2.862
436.7	NaN	552	NaN	729	0	4	360	0	0	0	407	-27	9215	-26	9594	-22	9287	-20	9515	15.438	-3.997
436.8	NaN	532	NaN	706	0	5	357	0	0	0	407	-48	8686	-44	9270	-38	8688	-37	9278	14.876	-5.817
436.9	NaN	523	NaN	703	0	8	356	0	0	0	406	-57	8410	-52	8925	-48	7806	-43	8763	14.196	-7.934
437	NaN	538	NaN	717	0	10	356	0	0	0	405	-58	7950	-52	8477	-49	7960	-43	8338	13.47	-9.304
437.1	NaN	547	NaN	696	0	5	360	11	6	0	403	-31	7680	-30	8080	-26	7575	-26	8068	12.897	-6.966
437.2	NaN	531	NaN	514	0	8	363	19	15	0	408	-10	7514	-8	7814	-8	7463	-7	7732	12.478	-4.143
437.3	NaN	517	NaN	498	0	8	363	28	24	0	407	1	7436	2	7673	4	7455	4	7657	12.294	-1.344
437.4	NaN	523	NaN	501	0	1	360	27	20	0	407	-0	7362	-0	7522	-0	7366	-0	7533	12.161	-2.276
437.5	NaN	526	NaN	501	0	-6	359	22	15	0	407	-1	7318	-1	7349	-1	7376	-1	7361	12.002	-1.088
437.6	NaN	569	NaN	724	0	-11	363	11	4	0	405	-19	7263	-21	7066	-17	7218	-19	7035	11.73	-3.563
437.7	NaN	559	NaN	725	0	-12	358	11	4	0	405	-31	6967	-35	6831	-28	6939	-32	6713	11.294	-5.339
437.8	NaN	573	NaN	716	0	-14	362	15	11	0	404	-19	6784	-20	6548	-17	6749	-18	6508	10.843	-4.003
437.9	NaN	570	NaN	757	0	-16	358	16	12	0	405	-15	6535	-18	6352	-13	6548	-17	6292	10.514	-2.54
438	NaN	579	NaN	729	0	-17	356	16	12	0	406	-14	6334	-17	6120	-13	6374	-15	6121	10.203	-2.624
438.1	NaN	585	NaN	729	0	-16	356	16	11	0	407	-16	6237	-18	5970	-14	6235	-18	5967	9.889	-3.532
438.2	NaN	582	NaN	720	0	-13	361	16	9	0	406	-16	6039	-18	5824	-14	6008	-17	5769	9.608	-2.866
438.3	NaN	582	NaN	723	0	-15	361	16	8	0	404	-20	5762	-22	5621	-18	5735	-20	5546	9.333	-3.173
438.4	NaN	569	NaN	768	0	-11	357	16	11	0	405	-17	5569	-19	5404	-15	5584	-17	5472	8.975	-1.703
438.5	NaN	617	NaN	754	0	-12	359	16	11	0	406	-16	5471	-19	5295	-15	5442	-17	5275	8.696	-3.777
438.6	NaN	577	NaN	702	0	-11	357	17	13	0	405	-13	5238	-14	5169	-12	5224	-13	5109	8.481	-2.673
438.7	NaN	578	NaN	641	0	-11	358	19	14	0	406	-10	5064	-10	4994	-10	5101	-9	5032	8.222	-1.162
438.8	NaN	522	NaN	502	0	-11	358	20	15	0	408	-6	5006	-7	4917	-6	5015	-6	4888	8.04	-2.097
438.9	NaN	523	NaN	504	0	-7	363	20	15	0	405	-6	4871	-6	4833	-6	4876	-6	4801	7.896	-1.996
439	NaN	523	NaN	501	0	-8	360	20	15	0	406	-6	4791	-7	4709	-6	4820	-6	4727	7.712	-1.835
439.1	NaN	533	NaN	491	0	-8	364	20	13	0	406	-8	4719	-8	4635	-7	4682	-8	4603	7.574	-2.393
439.2	NaN	573	NaN	607	0	-11	362	20	13	0	405	-9	4532	-10	4495	-8	4574	-9	4507	7.392	-2.202
439.3	NaN	582	NaN	688	0	-8	362	19	12	0	406	-10	4475	-11	4376	-9	4485	-10	4369	7.2	-2.25
439.4	NaN	606	NaN	754	0	-10	361	17	10	0	407	-15	4294	-17	4225	-14	4304	-16	4218	6.97	-2.003
439.5	NaN	610	NaN	780	0	-13	361	18	13	0	406	-12	4202	-14	4040	-12	4191	-13	4046	6.706	-2.078
439.6	NaN	612	NaN	773	0	-19	357	18	13	0	406	-11	4070	-13	3929	-10	4050	-12	3898	6.533	-2
439.7	NaN	588	NaN	701	0	-19	356	19	15	0	407	-8	3932	-9	3803	-8	3960	-9	3796	6.321	-1.858
439.8	NaN	562	NaN	675	0	-17	362	20	15	0	406	-7	3893	-8	3734	-7	3883	-8	3690	6.167	-1.354
439.9	NaN	526	NaN	498	0	-21	363	20	16	0	408	-5	3826	-6	3596	-5	3816	-6	3594	6.032	-1.096
440	NaN	542	NaN	507	0	-28	364	20	15	0	408	-5	3810	-6	3498	-5	3794	-6	3489	5.918	-0.36
440.1	NaN	536	NaN	508	0	-28	362	20	16	0	406	-5	3752	-6	3423	-5	3706	-6	3376	5.772	-1.552
440.2	NaN	537	NaN	516	0	-34	360	20	16	0	406	-5	3662	-6	3328	-4	3641	-6	3297	5.663	-1.088
440.3	NaN	542	NaN	538	0	-35	358	20	16	0	405	-5	3607	-7	3270	-5	3604	-6	3239	5.551	-1.527
440.4	NaN	520	NaN	508	0	-32	364	20	16	0	407	-3	3523	-4	3200	-3	3501	-5	3147	5.433	-1.098
440.5	NaN	545	NaN	589	0	-35	359	20	16	0	406	-5	3459	-7	3117	-5	3441	-6	3079	5.314	-1.581
440.6	NaN	537	NaN	563	0	-36	358	20	16	0	408	-5	3387	-6	3041	-4	3366	-6	3023	5.194	-1.373
440.7	NaN	519	NaN	503	0	-28	361	21	17	0	407	-3	3311	-5	3002	-3	3283	-5	2973	5.094	-1.213
440.8	NaN	528	NaN	504	0	-17	364	21	17	0	406	-3	3157	-3	3008	-3	3135	-3	2981	5.025	-1.311
440.9	NaN	530	NaN	507	0	-8	358	21	17	0	408	-3	3069	-3	2986	-3	3051	-3	3007	4.941	-0.85
441	NaN	533	NaN	507	0	2	357	21	17	0	406	-3	2921	-3	3031	-3	2949	-3	3016	4.867	-0.822
441.1	NaN	528	NaN	508	0	8	360	21	16	0	408	-4	2829	-3	3001	-4	2842	-3	2993	4.763	-0.739
441.2	NaN	669	NaN	710	0	7	356	19	11	0	406	-11	2770	-10	2917	-11	2792	-10	2921	4.654	-1.141
441.3	NaN	687	NaN	883	0	7	356	18	11	0	405	-14	2688	-13	2844	-14	2640	-13	2786	4.441	-2.929
441.4	NaN	708	NaN	815	0	9	356	16	8	0	405	-20	2482	-18	2654	-20	2494	-18	2633	4.258	-2.993
441.5	NaN	648	NaN	890	0	7	357	17	14	0	406	-12	2391	-11	2525	-12	2415	-11	2533	4.015	-1.972
441.6	NaN	701	NaN	836	0	8	354	18	14	0	405	-12	2288	-11	2424	-11	2274	-11	2391	3.833	-2.199
441.7	NaN	603	NaN	841	0	11	362	19	15	0	406	-8	2170	-7	2290	-8	2155	-7	2289	3.679	-1.299
441.8	NaN	675	NaN	897	0	9	359	19	15	0	406	-8	2117	-7	2214	-8	2113	-7	2238	3.544	-0.852
441.9	NaN	539.5483871	NaN	754	0	8	355	19	15	0	406	-7	2047	-7	2155	-8	2035	-7	2139	3.408	-1.25
442	NaN	539.5967742	NaN	991	0	10	360	19	13	0	407	-10	1935	-9	2068	-10	1942	-9	2052	3.27	-1.294
442.1	NaN	539.6451613	NaN	916	0	10	362	19	13	0	407	-10	1849	-9	1950	-10	1847	-9	1951	3.117	-1.454
442.2	NaN	539.6935484	NaN	877	0	7	360	19	13	0	405	-10	1770	-9	1857	-10	1776	-9	1866	2.964	-1.238
442.3	NaN	539.7419355	NaN	838	0	8	362	19	13	0	408	-10	1682	-9	1763	-10	1681	-9	1751	2.791	-2.004
442.4	NaN	539.7903226	NaN	907	0	3	361	19	13	0	406	-10	1589	-9	1661	-10	1595	-9	1653	2.644	-2.051
442.5	NaN	539.8387097	NaN	1039	0	4	356	19	13	0	407	-10	1495	-9	1538	-10	1486	-10	1544	2.503	-1.802
442.6	NaN	539.8870968	NaN	946	0	4	359	19	13	0	406	-10	1402	-10	1442	-10	1399	-10	1444	2.34	-1.39
442.7	NaN	539.9354839	NaN	859	0	4	359	19	13	0	407	-10	1317	-10	1352	-10	1308	-10	1353	2.186	-1.708
442.8	NaN	539.983871	NaN	931	0	3	356	19	14	0	407	-9	1213	-9	1252	-9	1211	-9	1247	2.04	-1.522
442.9	NaN	540.0322581	NaN	910	0	0	356	19	14	0	406	-6	1132	-7	1172	-7	1131	-6	1172	1.865	-0.915
443	NaN	540.0806452	NaN	912	0	2	359	19	14	0	407	-9	1032	-9	1067	-9	1031	-9	1066	1.737	-1.174
443.1	NaN	540.1290323	NaN	879	0	3	358	19	14	0	404	-9	939	-9	970	-9	931	-9	964	1.576	-1.444
443.2	NaN	540.1774194	NaN	1066	0	3	363	19	14	0	405	-9	839	-9	867	-9	839	-9	867	1.415	-1.722
443.3	NaN	540.2258065	NaN	921	0	0	361	19	12	0	406	-9	751	-9	775	-10	759	-10	770	1.277	-1.638
443.4	NaN	540.2741935	NaN	994	0	2	357	16	9	0	406	-15	635	-15	658	-15	647	-15	663	1.111	-2.117
443.5	NaN	540.3225806	NaN	952	0	1	359	16	8	0	407	-20	491	-19	509	-20	488	-19	500	0.848	-2.683
443.6	NaN	540.3709677	NaN	942	0	3	359	16	10	0	406	-18	335	-18	349	-18	336	-18	348	0.604	-2.137
443.7	NaN	540.4193548	NaN	1032	0	2	357	16	10	0	407	-18	195	-18	200	-18	190	-17	201	0.34	-2.178
443.8	NaN	540.4677419	NaN	1414	0	3	360	16	10	0	407	0	158	-0	170	-0	165	0	165	0.305	-0.298
443.9	NaN	540.516129	NaN	1260	0	3	360	16	10	0	406	0	135	0	143	0	137	0	142	0.245	-0.294
444	NaN	540.5645161	NaN	885	0	1	357	16	10	0	407	0	114	0	123	0	113	-0	116	0.212	-0.245
444.1	NaN	540.6129032	NaN	1273	0	2	362	2	0	0	408	0	91	0	94	0	89	-0	95	0.183	-0.039
444.2	NaN	540.6612903	NaN	1061	0	2	359	0	0	0	407	-0	67	0	68	-0	68	-0	71	0.148	-0.173
444.3	NaN	540.7096774	NaN	1290	0	1	359	0	0	0	408	-0	45	0	46	0	47	-0	48	0.11	-0.078
444.4	NaN	540.7580645	NaN	1407	0	-1	357	0	0	0	406	-0	23	-0	23	0	23	0	25	0.066	-0.352
444.5	NaN	540.8064516	NaN	1724	0	1	358	0	0	0	406	-0	1	0	0	-0	1	0	2	0.055	-0.225
444.6	NaN	540.8548387	NaN	1471	0	0	355	0	0	0	408	-0	-4	0	-7	0	-6	0	-7	0.02	0.288
444.7	NaN	540.9032258	NaN	1498	0	2	361	0	0	0	408	-0	-8	-0	-7	-0	-8	-0	-7	0.02	0.288
444.8	NaN	540.9516129	NaN	1333	0	0	356	0	0	0	407	0	-5	0	-5	0	-6	0	-6	0.026	0.364
444.9	NaN	538	NaN	516	0	2	362	0	0	0	407	0	-2	0	-2	0	-2	-0	-2	0.029	0.165
445	NaN	543	NaN	517	0	2	361	0	0	0	407	-0	0	-0	-0	0	-0	-0	-0	0.035	0.034
445.1	NaN	536	NaN	515	0	1	360	0	0	0	404	0	-0	0	-1	0	0	0	0	0.029	-0.013
445.2	NaN	537	NaN	515	0	3	362	0	0	0	407	0	0	0	0	0	1	0	1	0.034	0.014
445.3	NaN	546	NaN	514	0	0	356	0	0	0	406	0	-1	0	-0	0	0	0	0	0.031	0.051
445.4	NaN	543	NaN	514	0	1	358	0	0	0	407	0	-0	0	0	0	0	0	1	0.036	0.152
445.5	NaN	539	NaN	514	0	1	359	0	0	0	406	0	-0	-0	-0	0	0	-0	0	0.036	0.256
445.6	NaN	545	NaN	516	0	-1	364	0	0	0	408	0	0	0	0	0	0	0	-0	0.038	0.342
445.7	NaN	538	NaN	516	0	0	365	0	0	0	405	0	-0	0	0	0	-0	0	-0	0.037	0.311
445.8	NaN	546	NaN	515	0	1	362	0	0	0	407	0	0	0	-0	0	-1	-0	-1	0.037	0.155
445.9	NaN	541	NaN	515	0	3	358	0	0	0	406	-0	1	0	0	0	0	0	0	0.038	0.098
446	NaN	541	NaN	515	0	1	364	0	0	0	407	-0	-0	0	-0	0	-0	0	-0	0.038	-0.114
446.1	NaN	542	NaN	515	0	-1	363	0	0	0	407	0	-0	0	0	0	0	0	-0	0.04	0.026
446.2	NaN	536	NaN	515	0	4	363	0	0	0	408	-0	-0	0	-0	0	0	0	-0	0.041	0.036
446.3	NaN	544	NaN	515	0	2	359	0	0	0	406	0	-0	0	0	-0	0	0	-0	0.042	0.081
446.4	NaN	539	NaN	514	0	1	363	0	0	0	407	0	-0	0	0	0	0	0	-0	0.044	0.228
446.5	NaN	544	NaN	514	0	1	359	0	0	0	408	0	0	-0	0	0	0	0	0	0.041	0.397
446.6	NaN	535	NaN	514	0	1	362	0	0	0	407	0	0	0	0	0	-0	-0	1	0.043	0.376
446.7	NaN	543	NaN	514	0	0	357	0	0	0	408	0	-0	-0	-0	0	-0	0	0	0.042	0.186
446.8	NaN	540	NaN	515	0	2	357	0	0	0	407	0	0	0	-0	0	-0	0	0	0.045	0.044
446.9	NaN	534	NaN	515	0	3	362	0	0	0	407	0	0	0	-0	0	0	-0	-0	0.052	-0.017
447	NaN	540	NaN	514	0	2	359	0	0	0	406	0	-1	0	-1	0	-0	0	-1	0.052	0.018
447.1	NaN	535	NaN	514	0	2	364	0	0	0	408	0	-0	0	0	0	0	0	-0	0.049	-0.018
447.2	NaN	538	NaN	512	0	1	357	0	0	0	406	-0	-1	0	0	0	-0	0	0	0.05	0.168
447.3	NaN	538	NaN	514	0	2	358	0	0	0	407	0	-0	0	0	0	-1	0	-0	0.051	0.119
447.4	NaN	542	NaN	514	0	2	364	0	0	0	406	0	-0	0	1	0	0	0	0	0.055	0.338
447.5	NaN	534	NaN	513	0	-1	363	0	0	0	406	-0	-0	-0	0	0	0	-0	1	0.048	0.331
447.6	NaN	538	NaN	512	0	0	358	0	0	0	408	0	-0	0	1	0	-0	0	1	0.049	0.275
447.7	NaN	534	NaN	514	0	2	360	0	0	0	408	0	0	0	-1	0	-0	0	-1	0.048	0.107
447.8	NaN	539	NaN	512	0	0	357	0	0	0	407	0	-1	-0	1	0	-1	0	0	0.05	0.032
447.9	NaN	544	NaN	513	0	0	364	0	0	0	404	0	-1	0	0	0	-1	-0	-0	0.048	-0.011
448	NaN	543	NaN	513	0	2	363	0	0	0	407	0	0	0	-0	0	0	0	-0	0.051	0.042
448.1	NaN	533	NaN	514	0	-1	361	0	0	0	405	-0	-0	0	-0	0	-0	0	-0	0.047	0.027
448.2	NaN	535	NaN	514	0	1	362	0	0	0	407	0	-0	-0	-1	0	-0	0	-1	0.049	0.189
448.3	NaN	540	NaN	512	0	-1	358	0	0	0	407	0	0	0	-2	0	-0	0	-2	0.047	0.228
448.4	NaN	532	NaN	512	0	2	363	0	0	0	407	0	-2	0	0	0	-2	0	0	0.048	0.362
448.5	NaN	537	NaN	512	0	0	360	0	0	0	407	-0	0	0	1	0	0	0	1	0.049	0.259
448.6	NaN	539	NaN	512	0	1	362	0	0	0	408	0	-1	0	0	0	-1	0	0	0.049	0.206
448.7	NaN	539	NaN	510	0	-0	360	0	0	0	406	0	0	-0	-0	0	0	0	0	0.042	0.004
448.8	NaN	543	NaN	512	0	-1	359	0	0	0	407	-0	-1	0	0	0	0	0	-0	0.042	-0.044
448.9	NaN	533	NaN	512	0	2	361	0	0	0	406	-0	-0	0	-1	0	-0	0	-1	0.038	0.059
449	NaN	540	NaN	512	0	1	359	0	0	0	408	0	-0	0	-0	0	-0	0	-0	0.038	0.072
449.1	NaN	536	NaN	512	0	0	357	0	0	0	406	0	-0	0	-0	0	-0	0	-0	0.037	0.157
449.2	NaN	537	NaN	512	0	3	360	0	0	0	407	0	0	0	0	0	0	0	0	0.041	0.269
449.3	NaN	536	NaN	511	0	3	359	0	0	0	407	0	-0	0	0	0	0	0	0	0.04	0.318
449.4	NaN	533	NaN	512	0	2	362	0	0	0	404	0	0	-0	0	0	0	0	1	0.041	0.324
449.5	NaN	534	NaN	511	0	3	362	0	0	0	408	0	-1	0	0	0	-0	0	0	0.036	0.076
449.6	NaN	536	NaN	510	0	0	363	0	0	0	406	0	-0	0	-0	0	-0	0	0	0.038	-0.002
449.7	NaN	535	NaN	512	0	1	363	0	0	0	408	-0	0	0	-0	0	-0	0	-0	0.034	-0.061
449.8	NaN	540	NaN	512	0	1	358	0	0	0	405	0	0	0	-0	0	-0	0	-1	0.035	0.07
449.9	NaN	540	NaN	512	0	3	359	0	0	0	408	0	0	-0	0	0	0	0	-0	0.034	0.16
450	NaN	538	NaN	512	0	2	357	0	0	0	406	0	-0	0	-0	0	-0	0	-0	0.034	0.247
450.1	NaN	533	NaN	512	0	2	361	0	0	0	409	0	0	0	0	0	0	0	0	0.03	0.261
450.2	NaN	540	NaN	512	0	3	363	0	0	0	406	0	-3	-0	0	0	-2	0	0	0.029	0.314
450.3	NaN	539	NaN	510	0	3	358	0	0	0	408	-0	1	0	0	0	0	0	0	0.04	0.233
450.4	NaN	536	NaN	509	0	3	361	0	0	0	407	0	-1	0	-3	0	-1	0	-3	0.037	0.094
450.5	NaN	535	NaN	509	0	3	363	0	0	0	408	0	1	0	0	0	1	0	-0	0.044	-0.041
450.6	NaN	536	NaN	509	0	2	360	0	0	0	405	0	-1	0	-1	0	-1	0	-1	0.042	-0.092
450.7	NaN	533	NaN	510	0	-0	360	0	0	0	407	0	1	0	1	0	0	0	0	0.048	0.13
450.8	NaN	542	NaN	509	0	0	364	0	0	0	404	-0	-0	0	-0	0	-0	0	0	0.047	0.269
450.9	NaN	538	NaN	510	0	0	363	0	0	0	407	0	-0	-0	0	-0	0	0	0	0.04	0.368
451	NaN	541	NaN	512	0	3	362	0	0	0	407	0	0	0	1	0	0	0	1	0.043	0.284
451.1	NaN	534	NaN	510	0	-1	361	0	0	0	404	0	-1	-0	-0	0	-0	0	-0	0.035	0.127
451.2	NaN	538	NaN	512	0	3	361	0	0	0	407	0	0	0	0	0	0	-0	0	0.039	0.072
451.3	NaN	541	NaN	512	0	1	359	0	0	0	406	0	0	0	-1	0	-0	0	-1	0.035	-0.013
