# F34 BrakeDataPreprocessor optimizer-compatible export
# Source session: endurance519
# Segment type: endurance_stint | source time 10630.400 to 11228.400 s
# Source files: Endurance 5-19.txt
# Format: no_drs_21_column | estimated: none | missing-as-NaN: tempFLRaw, tempRLRaw | startup-cleaning: trimmed 0.00 s, start 22.0 C, spikes 8545
Time_s	FL_RotorTemp_RAW	FR_RotorTemp_RAW	RL_RotorTemp_RAW	RR_RotorTemp_RAW	Steering_pct	FrontBrakePressure_RAW	AccelPedalA_pct	AccelPedalB_pct	Reserved	RearBrakePressure_RAW	FL_FeedbackTorque_pctMn	FL_FeedbackVelocity_rpm	FR_FeedbackTorque_pctMn	FR_FeedbackVelocity_rpm	RL_FeedbackTorque_pctMn	RL_FeedbackVelocity_rpm	RR_FeedbackTorque_pctMn	RR_FeedbackVelocity_rpm	Velocity_mps	AccelX_mps2
0	NaN	701	NaN	758	58	356	43	39	0	407	6	574	35	741	17	566	90	716	1.157	3.141
0.1	NaN	653	NaN	698	99	362	44	39	0	408	-3	831	45	1209	-6	743	119	1131	1.475	2.928
0.2	NaN	623	NaN	670	99	361	44	39	0	409	-4	887	46	1290	-10	798	119	1212	1.736	2.405
0.3	NaN	678	NaN	609	99	357	44	36	0	409	-4	1210	42	1619	-10	1035	110	1554	2.042	2.429
0.4	NaN	650	NaN	608	99	359	44	36	0	407	-4	1250	43	1766	-9	1066	110	1634	2.286	2.197
0.5	NaN	670	NaN	703	99	361	44	36	0	405	-4	1503	42	2103	-10	1299	109	1980	2.574	2.224
0.6	NaN	679	NaN	639	99	360	44	36	0	405	-4	1586	42	2211	-9	1365	106	2042	2.819	2.639
0.7	NaN	604	NaN	618	99	356	44	40	0	407	-4	1785	47	2531	-11	1534	121	2343	3.106	2.243
0.8	NaN	610	NaN	595	99	359	44	40	0	407	-4	1861	50	2669	-11	1572	127	2456	3.291	2.612
0.9	NaN	605	NaN	581	99	355	50	45	0	409	-5	2148	61	3003	-14	1841	165	2927	3.596	4.193
1	NaN	572	NaN	608	99	357	52	48	0	407	-6	2193	71	3279	-15	1913	182	3083	3.978	4.912
1.1	NaN	564	NaN	675	90	361	58	54	0	408	-5	2534	85	3810	-10	2279	208	3641	4.532	4.508
1.2	NaN	640	NaN	586	75	359	58	53	0	408	17	2949	58	3927	3	2379	143	4165	5.169	6.711
1.3	NaN	625	NaN	605	-9	357	50	53	0	405	35	3587	31	3440	88	3563	76	3563	5.559	5.827
1.4	NaN	626	NaN	677	-21	358	41	39	0	407	24	3845	14	3557	61	3749	36	3558	5.984	3.45
1.5	NaN	665	NaN	693	-8	355	42	38	0	408	22	3973	18	3729	55	3952	45	3741	6.173	2.082
1.6	NaN	634	NaN	663	-4	358	42	37	0	408	20	4012	18	3886	50	3980	46	3944	6.456	2.689
1.7	NaN	706	NaN	697	-5	361	39	33	0	406	16	4204	14	4039	40	4187	35	4067	6.669	2.616
1.8	NaN	632	NaN	651	-2	359	43	41	0	409	23	4318	22	4182	58	4306	55	4253	6.858	3.394
1.9	NaN	656	NaN	656	-1	358	44	41	0	408	24	4445	23	4318	59	4439	56	4323	7.271	5.428
2	NaN	587	NaN	664	-3	356	62	57	0	409	48	4969	46	4842	119	4957	111	4871	7.85	6.98
2.1	NaN	631	NaN	664	-2	356	57	49	0	408	39	5117	37	5033	94	5128	92	5070	8.322	3.736
2.2	NaN	688	NaN	664	-3	357	37	29	0	406	11	5442	11	5322	22	5343	26	5398	8.714	1.338
2.3	NaN	679	NaN	669	-6	354	36	29	0	406	12	5440	10	5342	27	5406	26	5404	8.736	0.694
2.4	NaN	526	NaN	678	-9	358	31	28	0	405	5	5475	4	5267	14	5385	11	5325	8.723	-0.26
2.5	NaN	530	NaN	693	-15	358	31	28	0	405	7	5479	5	5280	17	5435	13	5296	8.736	0.425
2.6	NaN	591	NaN	695	-32	361	37	35	0	405	20	5778	9	5155	48	5702	22	5148	8.775	0.737
2.7	NaN	638	NaN	678	-38	355	37	35	0	405	20	5853	8	5114	49	5812	21	5112	8.86	0.468
2.8	NaN	544	NaN	694	-50	360	38	32	0	405	23	6112	6	5128	55	5992	15	5094	8.978	0.457
2.9	NaN	516	NaN	710	-52	360	37	32	0	404	20	6175	5	5102	50	6003	12	5089	9.037	0.399
3	NaN	519	NaN	705	-46	355	36	34	0	405	21	6204	6	5157	50	6166	14	5152	9.127	0.304
3.1	NaN	618	NaN	690	-28	355	37	34	0	403	19	6168	8	5270	45	6073	22	5346	9.255	1.788
3.2	NaN	617	NaN	700	-15	358	37	33	0	406	16	6053	12	5641	38	6003	27	5639	9.356	0.729
3.3	NaN	561	NaN	672	-7	360	30	23	0	407	3	5974	2	5662	6	5942	5	5676	9.459	-0.526
3.4	NaN	575	NaN	672	21	361	36	31	0	408	6	5708	10	5832	18	5688	29	5922	9.456	0.684
3.5	NaN	613	NaN	597	30	357	44	40	0	408	15	5678	31	6154	36	5643	74	6225	9.6	2.617
3.6	NaN	608	NaN	595	52	361	48	44	0	408	12	5743	46	6567	27	5646	107	6614	9.891	2.597
3.7	NaN	631	NaN	604	50	362	45	38	0	405	11	5772	37	6836	26	5769	87	6864	10.077	-0.297
3.8	NaN	575	NaN	559	42	359	26	20	0	407	-0	5782	-0	6703	-0	5613	0	6605	10.071	-1.743
3.9	NaN	571	NaN	559	30	360	9	4	0	407	-4	5790	-3	6452	-4	5654	-3	6453	9.914	-2.006
4	NaN	626	NaN	619	30	357	9	4	0	405	-16	5685	-12	6344	-15	5600	-11	6262	9.7	-2.524
4.1	NaN	576	NaN	564	44	363	21	18	0	408	-6	5496	-3	6094	-5	5430	-3	6086	9.419	-2.466
4.2	NaN	574	NaN	565	49	361	25	22	0	409	0	5389	0	6040	0	5270	0	6076	9.287	-1.456
4.3	NaN	577	NaN	663	57	360	33	30	0	407	3	5246	13	6181	7	5130	35	6198	9.196	-0.33
4.4	NaN	603	NaN	665	70	363	33	30	0	406	2	5196	16	6151	5	5071	37	6159	9.215	0.035
4.5	NaN	607	NaN	610	75	361	44	41	0	405	3	5115	43	6403	8	5084	108	6547	9.273	1.251
4.6	NaN	561	NaN	584	74	358	45	42	0	406	4	5141	45	6513	10	5134	109	6540	9.528	3.707
4.7	NaN	526	NaN	583	63	356	68	65	0	407	16	5636	100	7539	39	5815	195	7420	9.926	7.324
4.8	NaN	576	NaN	554	58	361	68	65	0	407	18	6186	96	7531	44	5995	195	7653	10.374	7.268
4.9	NaN	598	NaN	558	-8	355	56	51	0	407	43	6162	36	7098	103	10360	83	7590	10.763	4.424
5	NaN	604	NaN	580	-21	361	56	55	0	408	55	6736	32	7186	117	12415	72	7967	11.048	4.741
5.1	NaN	638	NaN	544	-12	358	59	58	0	406	56	12581	41	7188	124	10614	92	7076	11.699	6.201
5.2	NaN	554	NaN	571	8	357	59	55	0	408	38	10651	50	7442	86	10931	114	7480	12.328	2.695
5.3	NaN	640	NaN	613	-1	358	50	49	0	408	26	7975	26	8001	58	7903	58	7915	12.885	2.764
5.4	NaN	608	NaN	571	4	356	54	51	0	409	33	8127	39	8134	73	8123	83	8192	13.342	4.617
5.5	NaN	573	NaN	572	10	359	56	51	0	408	38	8627	46	8599	82	8447	99	8683	13.86	5.26
5.6	NaN	539	NaN	574	10	363	60	58	0	409	45	8779	57	9010	97	8756	122	9093	14.449	6.071
5.7	NaN	532	NaN	551	6	359	60	57	0	409	48	9300	54	9340	100	9392	114	9503	15.121	7.328
5.8	NaN	549	NaN	611	2	356	61	55	0	408	48	9653	52	9634	100	9626	107	9755	15.632	6.962
5.9	NaN	573	NaN	554	4	357	61	54	0	406	49	10127	50	9869	99	9809	103	9906	16.149	6.087
6	NaN	531	NaN	565	4	358	56	48	0	405	40	10343	43	10393	81	10298	87	10367	16.719	3.919
6.1	NaN	587	NaN	577	2	357	48	40	0	406	30	10454	31	10394	61	10392	62	10555	17.041	2.338
6.2	NaN	652	NaN	634	-1	358	43	40	0	406	23	10723	23	10543	47	10653	49	10653	17.273	-0.397
6.3	NaN	531	NaN	613	1	359	47	44	0	406	24	10761	24	10658	48	10847	49	10937	17.456	-0.814
6.4	NaN	536	NaN	577.3611111	1	360	25	18	0	405	5	10824	4	10739	9	10705	9	10713	17.618	-0.709
6.5	NaN	576	NaN	579.2222222	-1	358	8	1	0	405	-5	10749	-5	10681	-4	10642	-5	10659	17.39	-3.448
6.6	NaN	573	NaN	581.0833333	-1	548	0	0	0	550	-37	10269	-38	10003	-29	9973	-28	10063	16.912	-6.847
6.7	NaN	569	NaN	582.9444444	-4	671	0	0	0	724	-40	10168	-42	9913	-30	9662	-31	9571	16.034	-9.033
6.8	NaN	587	NaN	584.8055556	-2	689	0	0	0	627	-38	9037	-39	8842	-30	8999	-32	8594	14.949	-9.109
6.9	NaN	587	NaN	586.6666667	2	684	0	0	0	598	-39	8542	-39	8595	-31	8351	-32	8197	14.097	-8.542
7	NaN	594	NaN	588.5277778	2	540	0	0	0	520	-39	7946	-39	8095	-32	7751	-32	7696	13.186	-7.721
7.1	NaN	582	NaN	590.3888889	-2	472	0	0	0	490	-38	7593	-39	7523	-32	7448	-33	7593	12.513	-7.2
7.2	NaN	583	NaN	592.25	0	363	0	0	0	404	-38	7237	-36	7130	-34	7123	-32	7061	11.809	-5.419
7.3	NaN	596	NaN	594.1111111	0	358	0	0	0	403	-38	7001	-37	6938	-33	6902	-32	6886	11.305	-5.227
7.4	NaN	604	NaN	595.9722222	2	354	0	0	0	405	-37	6646	-37	6531	-33	6551	-33	6542	10.826	-5.279
7.5	NaN	605	NaN	597.8333333	4	461	0	0	0	495	-38	6407	-35	6323	-35	6100	-32	6201	10.271	-5.941
7.6	NaN	614	NaN	599.6944444	20	420	0	0	0	446	-40	5710	-33	5995	-37	5159	-31	5893	9.621	-5.45
7.7	NaN	606	NaN	601.5555556	34	363	0	0	0	404	-43	5260	-31	5788	-38	5309	-28	5821	9.05	-5.851
7.8	NaN	635	NaN	603.4166667	85	362	0	0	0	405	-52	4266	-21	5414	-49	2248	-19	5573	8.493	-6.797
7.9	NaN	668	NaN	605.2777778	81	362	10	7	0	404	-34	3213	-14	5229	-1	70	-15	5313	7.978	-2.86
8	NaN	617	NaN	607.1388889	71	364	28	21	0	407	0	4239	4	5356	1	4119	5	5270	7.696	-0.393
8.1	NaN	613	NaN	576	78	363	26	19	0	404	-0	4192	-0	5144	-0	3963	0	5143	7.525	-2.619
8.2	NaN	611	NaN	574	80	363	25	18	0	407	-0	4115	0	5166	0	3976	0	5122	7.318	-2.347
8.3	NaN	597.9166667	NaN	664	80	364	34	31	0	406	0	4037	19	5160	1	3793	46	5043	7.197	-1.518
8.4	NaN	600.8333333	NaN	671	82	360	35	31	0	407	0	3966	20	5090	1	3806	49	5029	7.278	0.608
8.5	NaN	603.75	NaN	599	65	362	47	45	0	408	6	4233	49	5407	16	4052	123	5434	7.487	3.207
8.6	NaN	606.6666667	NaN	573	63	362	47	45	0	407	7	4298	49	5418	18	4158	118	5443	7.873	4.15
8.7	NaN	609.5833333	NaN	582	11	360	47	46	0	408	26	5075	32	5396	61	5038	80	5475	8.29	4.113
8.8	NaN	613	NaN	605	-27	358	26	24	0	405	19	5212	0	4969	46	5167	49	5360	8.431	2.971
8.9	NaN	588	NaN	595.3020833	-46	359	35	37	0	406	23	5647	7	4867	56	5551	18	4850	8.421	1.515
9	NaN	594	NaN	593.7013889	-51	360	36	38	0	404	26	5800	7	4841	62	5757	17	4965	8.53	1.051
9.1	NaN	642	NaN	592.1006944	-54	357	46	47	0	405	47	6138	11	4936	111	6043	26	4982	8.688	2.122
9.2	NaN	558	NaN	655	-69	359	41	38	0	407	37	6303	4	4977	89	6073	9	4997	8.851	1.972
9.3	NaN	557	NaN	667	-72	360	44	46	0	406	51	6591	4	4904	122	6558	9	4922	9.009	1.032
9.4	NaN	551	NaN	670	-72	361	44	46	0	407	52	6724	5	4973	122	6703	12	5022	9.209	3.599
9.5	NaN	652	NaN	613	-32	357	54	56	0	404	57	7048	25	5370	135	7903	58	5909	9.499	3.699
9.6	NaN	676	NaN	652	-9	358	44	39	0	405	24	6562	20	5484	59	6728	47	6096	9.827	4.07
9.7	NaN	686	NaN	595	-7	363	51	43	0	408	33	6673	28	6028	77	6863	69	7936	10.144	5.365
9.8	NaN	638	NaN	603	-8	360	54	53	0	404	37	6663	31	7286	87	6615	74	6643	10.598	6.029
9.9	NaN	612	NaN	586	-18	358	57	56	0	405	52	7171	35	6757	121	7165	79	6799	11.137	6.985
10	NaN	606	NaN	585	-21	356	60	59	0	409	60	7577	38	7064	137	7516	85	7059	11.673	7.429
10.1	NaN	602	NaN	595	-21	357	60	60	0	406	61	7800	38	7192	136	7814	87	7313	12.336	7.992
10.2	NaN	613	NaN	601	-7	355	63	62	0	406	58	8362	49	8123	127	8333	108	8028	13.084	7.073
10.3	NaN	616	NaN	572	-1	355	54	47	0	406	38	8475	38	8176	82	8464	86	8243	13.635	4.248
10.4	NaN	583	NaN	576	1	362	55	52	0	407	42	8824	43	8771	90	8761	91	8755	14.159	4.845
10.5	NaN	617	NaN	567	2	361	56	49	0	410	40	8974	40	8872	86	8944	87	8972	14.661	5.538
10.6	NaN	648	NaN	544	6	360	56	52	0	408	41	9437	46	9419	87	9449	94	9555	15.217	5.979
10.7	NaN	604	NaN	544	5	360	57	52	0	408	42	9565	47	9670	87	9690	98	9901	15.704	5.838
10.8	NaN	610	NaN	543	2	357	54	47	0	407	36	10072	40	10141	72	10072	83	10177	16.239	4.79
10.9	NaN	629	NaN	548	-0	358	51	44	0	407	35	10328	35	10277	70	10342	70	10411	16.633	4.137
11	NaN	584	NaN	532	-2	361	48	41	0	407	33	10625	32	10473	65	10513	62	10619	17.039	4.481
11.1	NaN	576	NaN	644	1	359	43	36	0	406	22	10710	22	10544	45	10596	45	10644	17.3	4.262
11.2	NaN	648	NaN	585	6	358	43	39	0	407	23	10727	27	10776	46	10711	53	10910	17.509	3.027
11.3	NaN	614	NaN	594	3	356	43	37	0	405	22	10906	26	10876	44	10848	51	10988	17.684	1.847
11.4	NaN	595	NaN	584.9	2	361	37	32	0	406	14	11013	14	10925	27	10900	28	10950	17.83	-0.122
11.5	NaN	616	NaN	584.3	3	360	21	14	0	406	-0	10932	-1	10833	-0	10757	-0	10799	17.733	-2.376
11.6	NaN	608	NaN	583.7	4	360	0	0	0	405	-27	10647	-26	10702	-21	10509	-19	10631	17.402	-4.359
11.7	NaN	573	NaN	583.1	7	372	0	0	0	416	-41	10362	-39	10452	-30	10322	-29	10492	16.934	-5.674
11.8	NaN	610	NaN	582.5	10	355	0	0	0	404	-41	9899	-38	10025	-33	9719	-29	9997	16.393	-6.04
11.9	NaN	624	NaN	581.9	13	358	0	0	0	404	-41	9574	-37	9862	-32	9399	-29	9829	15.864	-4.969
12	NaN	612	NaN	581.3	13	360	0	0	0	405	-41	9165	-38	9491	-33	8887	-29	9409	15.328	-4.864
12.1	NaN	617	NaN	580.7	13	358	2	0	0	404	-41	8928	-37	9287	-33	8807	-29	9225	14.873	-4.376
12.2	NaN	642	NaN	580.1	18	362	14	10	0	404	-18	8429	-15	9177	-14	8512	-12	9165	14.523	-2.994
12.3	NaN	614	NaN	575	10	360	19	17	0	407	-3	8611	-3	8993	-3	8421	-3	8942	14.251	-3.212
12.4	NaN	613	NaN	576	14	361	19	16	0	407	-5	8557	-4	8897	-4	8354	-4	8821	14.065	-2.309
12.5	NaN	646	NaN	580.75	40	362	10	6	0	404	-16	7935	-16	8327	-13	8102	-9	8706	13.773	-4.616
12.6	NaN	632	NaN	580.5	35	363	11	7	0	406	-27	7859	-17	8661	-22	6836	-15	8562	13.398	-5.985
12.7	NaN	635	NaN	580.25	25	357	11	7	0	404	-23	5887	-18	8104	-21	6287	-15	8049	12.919	-3.215
12.8	NaN	634	NaN	580	7	358	13	11	0	404	-18	7084	-18	7992	-15	6818	-15	7875	12.553	-4.374
12.9	NaN	585	NaN	579.75	26	362	31	27	0	407	3	7168	4	7658	6	7171	10	7655	12.234	-1.088
13	NaN	659	NaN	579.5	16	362	33	30	0	406	7	7196	11	7695	16	7155	24	7714	12.175	-0.892
13.1	NaN	575	NaN	579.25	14	358	31	23	0	407	4	7401	5	7553	10	7302	13	7564	12.171	-0.712
13.2	NaN	614	NaN	579	31	361	27	19	0	408	0	7406	-0	7658	-0	7182	-0	7586	12.053	-1.949
13.3	NaN	611	NaN	579	38	363	27	22	0	406	-0	6962	-0	7613	0	6997	-0	7599	11.892	-1.875
13.4	NaN	612	NaN	580	44	362	27	22	0	408	-0	6627	0	7518	-1	6703	0	7554	11.727	-1.969
13.5	NaN	607	NaN	572	46	358	28	24	0	407	0	6520	2	7512	1	6421	4	7507	11.48	-2.154
13.6	NaN	609	NaN	576	63	363	26	20	0	407	0	6376	0	7234	0	6395	0	7367	11.239	-2.668
13.7	NaN	637	NaN	666	63	361	33	29	0	407	2	6183	14	7271	5	6158	32	7336	11.013	-2.477
13.8	NaN	679	NaN	664	63	357	33	29	0	406	2	6126	14	6995	5	6241	33	7152	10.898	-0.988
13.9	NaN	613	NaN	578	64	362	21	15	0	407	-2	6029	-1	6901	-3	5986	-2	7024	10.747	-2.593
14	NaN	611	NaN	579	62	358	19	15	0	407	-9	5730	-4	6708	-8	5708	-4	6783	10.495	-2.081
14.1	NaN	609	NaN	575	62	359	28	26	0	407	0	5666	3	6553	1	5631	5	6655	10.159	-1.478
14.2	NaN	667	NaN	672	64	358	34	31	0	406	2	5682	18	6685	6	5669	42	6684	10.074	-1.466
14.3	NaN	635	NaN	631	62	362	39	35	0	407	4	5687	25	6667	10	5632	59	6753	10.085	-1.354
14.4	NaN	651	NaN	616	60	362	41	37	0	407	6	5730	32	6772	14	5733	76	6889	10.179	0.391
14.5	NaN	657	NaN	628	61	358	41	37	0	408	6	5748	32	6874	14	5784	75	6951	10.229	1.614
14.6	NaN	646	NaN	618	59	360	41	37	0	406	6	5848	33	6965	13	5854	76	7006	10.308	1.509
14.7	NaN	661	NaN	613	45	364	42	41	0	407	8	5880	34	7012	25	6010	80	7146	10.474	0.997
14.8	NaN	574	NaN	576	17	358	65	63	0	408	44	6426	65	7220	102	7648	152	7696	10.813	5.016
14.9	NaN	605	NaN	560	8	360	68	65	0	408	53	8106	63	7319	116	7282	141	7456	11.509	8.833
15	NaN	568	NaN	547	11	361	75	71	0	409	60	7791	79	7949	135	7699	177	8025	12.36	8.774
15.1	NaN	565	NaN	554	3	357	75	72	0	408	69	8695	74	8472	149	8342	160	8576	13.17	8.764
15.2	NaN	604	NaN	553	6	361	76	73	0	407	69	8998	75	8976	148	8854	162	9095	14.132	9.304
15.3	NaN	608.2857143	NaN	534	3	360	84	80	0	407	82	9528	88	9349	172	9344	192	9502	14.983	10.109
15.4	NaN	605.0714286	NaN	542	2	361	83	79	0	408	72	10112	71	10068	146	10027	149	10111	15.98	9.353
15.5	NaN	601.8571429	NaN	547	2	357	90	88	0	409	62	10422	61	10356	124	10359	123	10420	16.654	6.472
15.6	NaN	598.6428571	NaN	556	1	358	89	85	0	407	47	10864	49	10835	92	10904	93	10872	17.431	5.11
15.7	NaN	595.4285714	NaN	554	2	361	92	88	0	407	43	11071	44	10974	83	11065	85	11031	17.885	4.713
15.8	NaN	592.2142857	NaN	570	2	362	100	100	0	407	36	11365	37	11206	67	11312	69	11273	18.212	3.264
15.9	NaN	593	NaN	564	3	358	100	100	0	406	32	11479	33	11326	62	11402	62	11403	18.472	1.956
16	NaN	588	NaN	587	1	357	100	100	0	407	26	11633	26	11449	49	11552	50	11562	18.669	0.966
16.1	NaN	594	NaN	580	4	355	100	100	0	404	24	11648	26	11508	47	11571	50	11617	18.822	1.954
16.2	NaN	618	NaN	613	4	355	100	100	0	406	19	11750	21	11628	36	11629	40	11701	18.915	0.641
16.3	NaN	590	NaN	619	5	358	100	100	0	406	18	11738	20	11708	34	11653	35	11778	18.97	1.819
16.4	NaN	578	NaN	619	7	358	100	100	0	407	18	11704	19	11663	32	11623	37	11782	19.026	2.583
16.5	NaN	583	NaN	661	5	360	100	100	0	406	14	11767	18	11778	29	11718	30	11863	19.06	1.119
16.6	NaN	592	NaN	606	2	361	100	100	0	407	16	11883	18	11748	33	11788	33	11799	19.075	0.132
16.7	NaN	586	NaN	619	3	359	100	100	0	406	17	11833	15	11697	31	11764	33	11794	19.077	-0.284
16.8	NaN	595	NaN	600	2	358	100	100	0	407	17	11869	19	11727	34	11766	36	11800	19.09	0.21
16.9	NaN	579	NaN	629	4	362	100	100	0	406	14	11836	15	11777	25	11710	26	11779	19.103	1.154
17	NaN	605	NaN	602	5	360	97	91	0	405	16	11870	17	11768	31	11758	33	11818	19.102	0.751
17.1	NaN	590	NaN	633	4	356	88	82	0	404	16	11794	16	11814	28	11686	30	11849	19.111	0.989
17.2	NaN	577	NaN	632	4	356	47	40	0	407	14	11846	16	11839	26	11721	28	11863	19.121	0.946
17.3	NaN	611	NaN	576	4	357	13	6	0	406	-6	11658	-5	11679	-4	11507	-4	11664	19.036	-0.363
17.4	NaN	592	NaN	626	6	360	0	0	0	406	-20	11500	-20	11480	-15	11384	-13	11526	18.673	-4.135
17.5	NaN	573	NaN	605.7777778	4	506	0	0	0	517	-41	10863	-39	11052	-32	10820	-29	10962	18.121	-7.886
17.6	NaN	565	NaN	607.5555556	6	665	0	0	0	627	-41	10552	-38	10579	-30	10413	-29	10628	17.315	-9.253
17.7	NaN	584	NaN	609.3333333	5	584	0	0	0	580	-40	9878	-38	9854	-31	9739	-30	9775	16.161	-9.473
17.8	NaN	579	NaN	611.1111111	6	635	0	0	0	581	-40	9419	-37	9435	-31	9121	-30	9410	15.296	-8.608
17.9	NaN	579	NaN	612.8888889	6	365	0	0	0	400	-39	8864	-37	8949	-33	8737	-30	8896	14.569	-6.729
18	NaN	589	NaN	614.6666667	5	359	0	0	0	404	-40	8666	-37	8721	-33	8580	-31	8725	14.059	-4.321
18.1	NaN	643	NaN	616.4444444	-7	360	22	19	0	407	-0	8572	0	8404	-0	8458	-0	8491	13.737	-2.673
18.2	NaN	641	NaN	618.2222222	-21	359	27	27	0	407	0	8635	0	8167	0	8523	0	8157	13.576	-1.636
18.3	NaN	571	NaN	632	-32	362	33	34	0	404	16	8823	8	7918	36	8793	17	8002	13.498	0.369
18.4	NaN	584	NaN	615	-38	360	36	35	0	404	21	8860	9	7957	46	8715	20	7982	13.504	0.963
18.5	NaN	617	NaN	620	-32	357	50	50	0	404	40	8959	23	8087	99	9114	46	8142	13.689	3.206
18.6	NaN	619	NaN	629	-28	357	46	43	0	404	52	9261	26	8486	116	9225	56	8390	14.005	5.069
18.7	NaN	589	NaN	592	-3	363	52	44	0	409	38	9301	33	8794	85	9259	70	8846	14.325	2.227
18.8	NaN	627	NaN	617.1666667	15	359	38	29	0	407	10	8960	15	9200	33	9069	37	8978	14.662	0.662
18.9	NaN	620	NaN	602	32	363	26	18	0	409	2	8739	3	9260	5	8690	6	9226	14.603	-1.261
19	NaN	632	NaN	579	34	361	17	10	0	407	-10	8378	-7	9131	-7	8260	-5	9223	14.457	-2.989
19.1	NaN	631	NaN	580	34	366	24	20	0	407	0	8178	0	9026	0	7968	0	9105	14.173	-3.381
19.2	NaN	702	NaN	630	33	363	35	32	0	407	8	8164	16	8942	16	8164	35	9016	13.884	-1.543
19.3	NaN	631	NaN	588	28	360	39	36	0	406	12	8161	23	8955	26	8149	50	9011	13.869	-0.187
19.4	NaN	698	NaN	610	11	357	39	37	0	406	17	8443	21	8783	36	8422	46	8857	13.924	1.115
19.5	NaN	633	NaN	619	10	360	39	37	0	406	16	8587	21	8770	36	8558	46	8852	14.059	2.084
19.6	NaN	616	NaN	620	12	359	40	37	0	406	17	8706	22	8922	36	8673	47	8972	14.239	1.613
19.7	NaN	608	NaN	613	6	365	26	20	0	407	5	8771	6	8910	10	8663	12	8875	14.243	-0.899
19.8	NaN	608	NaN	614.2222222	-7	598	0	0	0	587	-24	8504	-25	8293	-20	8360	-21	8217	13.803	-6.651
19.9	NaN	585	NaN	613.6111111	-7	829	0	0	0	770	-35	8059	-37	7721	-30	7864	-31	6970	12.824	-11.58
20	NaN	606	NaN	613	-14	894	0	0	0	810	-35	7208	-40	6572	-31	6947	-34	2219	11.607	-12.076
20.1	NaN	606	NaN	612.3888889	-13	855	0	0	0	762	-35	6599	-39	5707	-31	6588	-0	-5	10.467	-9.469
20.2	NaN	632	NaN	611.7777778	-28	363	0	0	0	408	-32	6206	-41	5374	-29	6099	-38	1258	9.585	-6.258
20.3	NaN	614	NaN	611.1666667	-42	363	0	0	0	401	-30	6014	-44	5100	-27	5878	-41	2237	9.071	-3.27
20.4	NaN	615	NaN	610.5555556	-68	361	37	35	0	402	28	6140	3	4987	63	6053	7	4907	8.863	-0.431
20.5	NaN	631	NaN	609.9444444	-79	363	34	32	0	403	21	6083	1	4846	50	6072	2	4807	8.812	-1.683
20.6	NaN	639	NaN	609.3333333	-80	363	40	40	0	404	40	6344	1	4791	95	6243	3	4800	8.819	-1.44
20.7	NaN	625	NaN	608.7222222	-77	361	48	49	0	402	42	6355	1	4822	102	6509	4	4782	8.939	1.431
20.8	NaN	610	NaN	608.1111111	-71	358	51	52	0	405	64	6816	6	4869	153	7170	15	5181	9.131	5.337
20.9	NaN	647	NaN	620	-45	360	59	60	0	403	72	7300	22	5104	187	7767	51	5998	9.425	7.088
21	NaN	634	NaN	601	-12	361	60	59	0	404	59	7156	38	6225	139	8617	87	7870	9.67	7.773
21.1	NaN	624	NaN	579	46	363	54	49	0	407	18	6701	56	6112	42	6970	134	10019	9.877	7.099
21.2	NaN	630	NaN	622	29	358	47	43	0	408	17	6649	36	7128	41	6592	85	11000	10.111	6.92
21.3	NaN	646	NaN	623	-14	358	49	47	0	409	36	6739	29	7784	83	6798	65	9759	10.537	6.216
21.4	NaN	695	NaN	608	4	364	48	42	0	404	32	6892	32	7555	75	6837	69	7315	11.004	3.682
21.5	NaN	658	NaN	565	9	363	53	50	0	407	29	7050	37	7296	67	6987	83	7415	11.518	4.681
21.6	NaN	646	NaN	581	-1	359	57	56	0	407	46	7395	46	7385	106	7393	102	7494	11.998	5.797
21.7	NaN	656	NaN	558	-1	357	48	41	0	407	31	7878	32	7782	70	7820	70	7879	12.679	4.757
21.8	NaN	656	NaN	579	1	361	48	45	0	406	29	7998	29	7978	64	7973	65	8026	12.942	1.294
21.9	NaN	649	NaN	606	-2	635	0	0	0	624	-13	7797	-12	7748	-11	7642	-11	7705	12.753	-4.487
22	NaN	633	NaN	722	-5	718	0	0	0	671	-24	7523	-25	7068	-21	7480	-22	7447	11.995	-7.125
22.1	NaN	650	NaN	755	-21	398	0	0	0	417	-34	7045	-41	6487	-31	6928	-36	6139	11.203	-7.084
22.2	NaN	657	NaN	707	-30	356	0	0	0	401	-32	6835	-43	6168	-28	6778	-39	6142	10.734	-2.089
22.3	NaN	730	NaN	690	-40	360	41	41	0	405	32	7100	13	6177	75	7000	30	6154	10.628	1.585
22.4	NaN	707	NaN	607	-50	355	41	42	0	404	34	7143	10	6153	77	7037	24	6219	10.781	2.245
22.5	NaN	689	NaN	623	-44	358	51	46	0	404	59	8332	21	7330	135	7877	50	7189	11.146	3.536
22.6	NaN	640	NaN	607.1555556	-55	360	35	27	0	403	14	7258	4	7290	31	7377	8	6684	11.578	-0.236
22.7	NaN	608	NaN	605.8944444	-36	358	35	34	0	406	17	7594	7	6506	40	7570	16	6576	11.488	-0.864
22.8	NaN	652	NaN	604.6333333	-46	363	33	28	0	404	15	7368	2	6502	34	7360	10	6638	11.416	-1.484
22.9	NaN	622	NaN	603.3722222	-32	359	38	38	0	405	12	7481	5	6514	27	7410	12	6466	11.302	-1.591
23	NaN	637	NaN	602.1111111	-47	359	40	39	0	404	22	7431	7	6462	50	7390	16	7145	11.26	0.559
23.1	NaN	644	NaN	600.85	-41	361	44	43	0	405	31	7542	10	6488	72	7494	23	6670	11.36	1.596
23.2	NaN	650	NaN	599.5888889	-34	362	47	46	0	406	41	7753	17	6711	94	7760	40	6831	11.554	3.149
23.3	NaN	724	NaN	598.3277778	-44	357	47	44	0	406	42	7872	15	6883	97	7878	33	6967	11.828	3.828
23.4	NaN	648	NaN	597.0666667	-49	357	44	42	0	405	40	8072	12	6946	89	8088	28	7070	12.143	2.09
23.5	NaN	662	NaN	595.8055556	-46	359	44	42	0	406	40	8202	13	7148	88	8183	29	7516	12.222	-0.088
23.6	NaN	647	NaN	594.5444444	-37	362	38	38	0	405	6	7934	2	6962	15	7862	6	6920	12.221	-1.168
23.7	NaN	648.0833333	NaN	593.2833333	-19	362	48	47	0	406	11	7974	7	6910	25	7905	16	7004	12.195	0.201
23.8	NaN	646.1666667	NaN	592.0222222	12	358	42	35	0	406	17	7499	21	7615	38	7480	49	7600	12.319	2.167
23.9	NaN	644.25	NaN	590.7611111	23	360	42	34	0	407	14	7426	23	7758	32	7366	50	7807	12.449	1.049
24	NaN	642.3333333	NaN	606	65	359	40	34	0	408	6	7261	32	8168	13	7276	71	8107	12.536	1.031
24.1	NaN	640.4166667	NaN	626	53	362	38	32	0	406	5	7211	23	8118	12	7300	52	8188	12.543	0.428
24.2	NaN	638.5	NaN	618	44	359	38	35	0	406	8	7278	24	8120	18	7321	53	8207	12.539	0.735
24.3	NaN	636.5833333	NaN	645	43	359	38	34	0	408	8	7200	24	8169	18	7216	54	8283	12.55	-0.083
24.4	NaN	634.6666667	NaN	617	44	358	41	39	0	409	9	7253	28	8137	21	7393	63	8216	12.562	2
24.5	NaN	632.75	NaN	578	37	363	42	41	0	409	13	7268	33	8221	28	7554	73	8421	12.601	3.581
24.6	NaN	630.8333333	NaN	646	-10	358	45	46	0	406	32	8040	27	7947	73	8030	60	8043	12.85	4.069
24.7	NaN	628.9166667	NaN	653	-23	360	45	47	0	406	36	8386	24	7881	80	8324	53	7918	13.206	3.359
24.8	NaN	641	NaN	585	-26	358	51	53	0	407	50	8941	30	8127	111	8927	62	8221	13.566	3.4
24.9	NaN	639	NaN	587	-32	357	53	53	0	405	56	9220	26	8365	121	9175	60	8400	14.04	4.154
25	NaN	598	NaN	579	-22	359	68	70	0	408	81	9842	49	8817	169	9725	104	9205	14.558	5.383
25.1	NaN	609	NaN	576	-26	358	65	60	0	407	73	10265	40	11503	147	10050	85	9524	15.267	8.167
25.2	NaN	602	NaN	559	-14	361	63	62	0	406	68	10366	49	10290	136	10288	102	9944	15.904	7.982
25.3	NaN	582	NaN	573	-6	359	64	59	0	407	59	10486	54	10248	118	10550	103	10371	16.687	7.696
25.4	NaN	574	NaN	563	-6	360	65	62	0	407	56	10910	49	10758	104	10882	93	10731	17.191	5.811
25.5	NaN	576	NaN	575	-4	361	74	73	0	406	53	11003	49	10710	105	11072	95	10848	17.777	5.438
25.6	NaN	654	NaN	583	1	358	98	96	0	406	35	11239	34	11159	66	11122	67	11183	18.228	4.22
25.7	NaN	619	NaN	592	5	360	100	100	0	406	26	11458	29	11450	51	11395	58	11512	18.61	3.13
25.8	NaN	649	NaN	618	3	357	100	100	0	406	24	11545	26	11581	45	11403	49	11569	18.819	2.615
25.9	NaN	629	NaN	606	4	358	100	100	0	407	20	11676	23	11726	40	11562	44	11740	19.027	1.567
26	NaN	625	NaN	622	5	360	100	100	0	407	19	11714	21	11773	35	11588	40	11792	19.126	1.697
26.1	NaN	641	NaN	624	1	357	100	100	0	404	16	11843	17	11791	31	11709	32	11821	19.211	1.317
26.2	NaN	629	NaN	642	3	360	100	100	0	406	14	11884	16	11831	26	11720	27	11813	19.267	0.984
26.3	NaN	628	NaN	635	2	360	100	100	0	407	14	11934	14	11818	27	11794	26	11823	19.298	1
26.4	NaN	626	NaN	638	2	359	100	100	0	407	12	11936	12	11852	22	11776	23	11849	19.306	0.682
26.5	NaN	646	NaN	638	3	360	100	100	0	407	13	11900	13	11862	25	11819	27	11918	19.342	0.213
26.6	NaN	623	NaN	648	3	358	100	100	0	408	14	11879	16	11896	25	11742	27	11911	19.379	0.675
26.7	NaN	629	NaN	638	4	356	100	100	0	407	13	11916	14	11869	24	11808	30	11935	19.373	0.212
26.8	NaN	639	NaN	637	4	357	100	100	0	407	13	11924	13	11963	22	11865	26	11990	19.399	-0.129
26.9	NaN	651	NaN	611	3	358	100	100	0	405	13	11946	15	11928	25	11851	27	12007	19.422	0.161
27	NaN	608	NaN	627	4	362	100	100	0	405	11	11979	12	11955	20	11895	24	11981	19.428	0.086
27.1	NaN	617	NaN	645	3	362	100	100	0	405	11	11976	12	11820	22	11922	23	11924	19.418	-0.229
27.2	NaN	609	NaN	661	1	362	100	100	0	407	12	12022	11	11913	18	11912	17	11897	19.404	-0.505
27.3	NaN	614	NaN	621	2	359	100	100	0	406	12	12013	12	11829	22	11917	23	11923	19.402	0.299
27.4	NaN	611	NaN	652	4	362	100	100	0	405	11	11979	11	11943	18	11848	19	11906	19.393	-0.176
27.5	NaN	614	NaN	652	4	359	100	100	0	407	11	11985	10	11949	19	11877	21	11951	19.393	-0.484
27.6	NaN	609	NaN	657	4	359	100	100	0	406	9	11954	10	11956	19	11830	20	11961	19.39	0.078
27.7	NaN	601	NaN	645	6	362	100	100	0	409	12	11995	11	11962	20	11854	22	11932	19.392	0.406
27.8	NaN	609	NaN	622	6	362	100	100	0	406	10	11965	11	11959	20	11808	20	11944	19.381	0.235
27.9	NaN	624	NaN	692	5	361	100	100	0	407	10	11974	11	12001	19	11853	22	11991	19.373	0.067
28	NaN	616	NaN	651	5	357	100	100	0	407	12	11927	13	11957	23	11792	24	12009	19.377	0.019
28.1	NaN	627	NaN	625	6	359	100	100	0	407	11	11898	13	12044	22	11777	24	12029	19.384	0.167
28.2	NaN	642	NaN	649	7	357	43	37	0	407	13	11878	14	12000	24	11738	29	12078	19.372	-0.54
28.3	NaN	651	NaN	640.6	9	379	0	0	0	423	-8	11757	-8	11910	-7	11567	-5	11936	19.163	-3.68
28.4	NaN	604	NaN	639.7	6	364	0	0	0	405	-37	11382	-36	11466	-27	11213	-26	11492	18.732	-5.094
28.5	NaN	603	NaN	638.8	5	360	0	0	0	403	-42	11237	-38	11291	-30	11042	-28	11261	18.34	-5.57
28.6	NaN	599	NaN	637.9	-3	361	0	0	0	406	-40	10886	-40	10689	-29	10715	-31	10721	17.849	-4.761
28.7	NaN	595	NaN	637	-8	373	0	0	0	492	-39	10761	-41	10552	-29	10559	-31	10414	17.254	-5.792
28.8	NaN	610	NaN	636.1	-14	602	0	0	0	577	-37	10257	-42	9588	-29	10180	-33	8627	16.537	-7.552
28.9	NaN	620	NaN	635.2	-13	458	0	0	0	451	-37	10010	-42	9150	-29	9695	-34	7368	15.669	-7.392
29	NaN	622	NaN	634.3	-4	373	0	0	0	408	-38	9259	-40	8858	-30	9115	-33	8557	15.117	-5.569
29.1	NaN	615	NaN	633.4	-6	359	0	0	0	405	-38	9001	-39	8662	-31	8717	-33	8333	14.494	-4.34
29.2	NaN	614	NaN	632.5	-14	359	9	7	0	404	-36	8655	-37	8218	-30	8582	-33	8203	14.122	-1.897
29.3	NaN	625	NaN	631.6	-11	357	46	45	0	408	36	9007	29	8552	78	9019	64	8636	13.942	4.958
29.4	NaN	639	NaN	630.7	-8	362	45	43	0	406	30	9092	26	8711	63	9023	55	8901	14.215	4.711
29.5	NaN	635	NaN	629.8	-4	359	46	46	0	407	32	9132	29	8906	68	9079	61	8942	14.532	3.498
29.6	NaN	646	NaN	628.9	5	360	46	41	0	408	26	9277	29	9154	53	9287	61	9262	14.912	4.757
29.7	NaN	612	NaN	625	6	362	53	50	0	409	37	9486	41	9427	78	9494	85	9501	15.305	5.372
29.8	NaN	616	NaN	634.5263158	4	358	53	48	0	408	38	9784	41	9896	78	9757	85	9933	15.809	4.318
29.9	NaN	610	NaN	634.3026316	5	360	53	49	0	409	38	10199	42	10291	78	10184	85	10346	16.391	4.073
30	NaN	601	NaN	634.0789474	7	359	54	50	0	408	38	10371	44	10397	77	10382	88	10589	16.85	3.477
30.1	NaN	656	NaN	633.8552632	8	363	54	50	0	409	40	10830	46	10831	79	10846	90	10991	17.366	4.066
30.2	NaN	625	NaN	633.6315789	7	359	55	50	0	408	41	10960	46	11010	79	10942	90	11087	17.829	4.898
30.3	NaN	623	NaN	633.4078947	-0	359	55	51	0	408	34	11322	34	11294	65	11286	67	11370	18.219	3.757
30.4	NaN	647	NaN	633.1842105	-1	362	55	51	0	409	27	11464	25	11396	52	11353	51	11453	18.494	2.601
30.5	NaN	634	NaN	632.9605263	0	359	42	35	0	406	22	11686	22	11509	42	11563	42	11591	18.71	2.294
30.6	NaN	653	NaN	632.7368421	-2	359	26	19	0	407	6	11633	6	11577	8	11466	8	11546	18.734	-0.985
30.7	NaN	620	NaN	632.5131579	-0	509	0	0	0	503	-27	11084	-28	10979	-19	11071	-20	11119	18.338	-5.995
30.8	NaN	613	NaN	632.2894737	-1	630	0	0	0	594	-38	10972	-38	10828	-28	10831	-30	9924	17.633	-10.095
30.9	NaN	619	NaN	632.0657895	0	752	0	0	0	719	-40	10049	-40	9660	-30	9944	-30	9353	16.75	-10.888
31	NaN	641	NaN	631.8421053	1	744	0	0	0	703	-40	9440	-38	9072	-32	9203	-30	8945	15.647	-11.456
31.1	NaN	646	NaN	631.6184211	3	739	0	0	0	675	-39	8781	-38	8651	-32	8500	-31	8497	14.724	-9.874
31.2	NaN	650	NaN	631.3947368	2	647	0	0	0	598	-39	8177	-38	8083	-32	7904	-32	8145	13.636	-8.768
31.3	NaN	649	NaN	631.1710526	1	546	0	0	0	517	-37	7676	-38	7656	-33	7539	-32	7603	12.905	-7.472
31.4	NaN	725	NaN	630.9473684	-1	514	0	0	0	506	-36	7720	-36	7884	-33	7012	-32	7170	12.06	-4.461
31.5	NaN	672	NaN	630.7236842	2	402	0	0	0	438	-38	7156	-37	7070	-33	7024	-33	6930	11.602	-1.842
31.6	NaN	755	NaN	631	21	360	15	7	0	407	-7	6692	-6	6982	-6	6659	-5	6985	11.196	-2.611
31.7	NaN	748	NaN	627	35	361	15	7	0	409	-9	6452	-7	6984	-8	6375	-6	7018	10.973	-3.169
31.8	NaN	703	NaN	583	60	363	0	0	0	407	-19	5941	-10	6937	-16	4967	-9	6931	10.572	-3.367
31.9	NaN	715	NaN	619	68	363	0	0	0	404	-22	5552	-11	6721	-20	5168	-10	6873	10.169	-4.223
32	NaN	751	NaN	629	67	360	20	16	0	408	-5	5286	-3	6501	-5	3311	-3	6567	9.747	-2.596
32.1	NaN	751	NaN	630	65	361	26	23	0	407	0	5203	0	6374	0	5204	0	6414	9.525	0.874
32.2	NaN	732	NaN	662	53	359	40	36	0	408	7	5318	29	6463	17	5382	68	6543	9.461	1.84
32.3	NaN	767	NaN	590	52	359	42	38	0	406	8	5399	33	6442	21	5456	76	6647	9.55	2.783
32.4	NaN	785	NaN	652	57	358	34	28	0	404	3	5380	13	6346	7	5535	32	6430	9.576	1.507
32.5	NaN	701	NaN	673	60	361	35	31	0	404	3	5341	16	6367	7	5611	41	6500	9.515	-0.864
32.6	NaN	816	NaN	682	68	361	35	32	0	407	2	5235	21	6199	6	5295	51	6365	9.485	-0.219
32.7	NaN	751	NaN	648	67	360	37	33	0	408	3	5255	24	6300	7	5261	57	6328	9.438	-0.53
32.8	NaN	700	NaN	690	71	360	30	24	0	409	0	5179	5	6112	1	5124	14	6164	9.346	-1.162
32.9	NaN	750	NaN	621	74	360	26	23	0	407	1	5203	0	5907	0	5100	0	5991	9.228	-1.567
33	NaN	738	NaN	620.0570175	73	363	33	30	0	406	1	5013	15	5894	3	4903	38	5972	9.061	-2.118
33.1	NaN	735	NaN	609.0285088	74	359	33	30	0	407	1	4871	17	5997	3	4769	40	6018	8.848	-1.546
33.2	NaN	765	NaN	642	77	359	36	33	0	407	1	4860	24	5964	3	4791	61	6010	8.858	1.241
33.3	NaN	692	NaN	578	76	360	47	43	0	407	3	4911	52	6291	8	4818	125	6383	8.909	2.952
33.4	NaN	725	NaN	579	70	362	49	47	0	408	5	4996	53	6476	13	4977	130	6513	9.125	3.755
33.5	NaN	681	NaN	595	52	362	62	59	0	408	20	5317	78	6789	47	5464	190	7134	9.447	5.766
33.6	NaN	709	NaN	592	45	362	62	59	0	408	23	5884	75	6827	56	5970	174	7044	9.873	6.649
33.7	NaN	667	NaN	569	26	360	62	59	0	408	35	6976	64	7063	83	7389	153	7495	10.376	6.246
33.8	NaN	659	NaN	579	1	358	62	60	0	408	47	7218	54	7113	110	7552	121	7509	10.865	6.252
33.9	NaN	680	NaN	601	16	358	65	62	0	408	43	8108	62	7331	101	8895	142	7420	11.658	6.884
34	NaN	645	NaN	541	24	362	65	62	0	406	40	7681	69	7748	88	7370	153	7740	12.304	7.167
34.1	NaN	595	NaN	584	25	361	77	74	0	408	54	8002	95	8497	121	8063	199	8623	13.025	6.883
34.2	NaN	589	NaN	633	24	361	77	74	0	407	53	8641	93	8884	114	8186	198	8849	13.834	8.921
34.3	NaN	616	NaN	549	5	360	72	67	0	408	69	12461	71	9270	142	9146	151	9456	14.663	7.134
34.4	NaN	677	NaN	567	-1	357	61	56	0	406	51	11392	52	9405	105	9354	109	9515	15.235	3.677
34.5	NaN	729	NaN	622	-5	362	12	8	0	407	-2	9528	-0	9375	-2	9387	-2	9317	15.417	0.021
34.6	NaN	712	NaN	606	-6	474	0	0	0	448	-11	9441	-11	9144	-9	9360	-10	9216	15.244	-3.613
34.7	NaN	637	NaN	683	-5	365	0	0	0	406	-38	8953	-40	8699	-31	8831	-33	8671	14.738	-5.892
34.8	NaN	645	NaN	682	-6	358	0	0	0	405	-37	8753	-40	8536	-29	8545	-34	8270	14.127	-5.236
34.9	NaN	640	NaN	690	-25	359	3	5	0	406	-31	8411	-40	7755	-27	8336	-34	7747	13.589	-4.423
35	NaN	741	NaN	621	-24	362	19	21	0	406	0	8390	0	7610	0	8276	0	7582	13.052	-2.574
35.1	NaN	723	NaN	608	-30	360	27	27	0	405	4	8296	2	7466	8	8230	4	7456	12.878	-1.636
35.2	NaN	704	NaN	592	-39	359	28	28	0	405	6	8200	2	7276	14	8156	5	7310	12.677	-2.011
35.3	NaN	712	NaN	598	-42	360	28	28	0	405	6	8171	2	7102	14	8086	5	7142	12.514	-1.88
35.4	NaN	698	NaN	592	-40	361	29	30	0	405	9	8040	3	7046	19	8010	7	7065	12.326	-0.573
35.5	NaN	742	NaN	629	-51	358	13	10	0	406	-3	7840	-5	6835	-2	7803	-4	6844	12.122	-2.274
35.6	NaN	669	NaN	599.2272727	-49	362	7	4	0	404	-17	7536	-27	6396	-15	7560	-25	5898	11.796	-4.943
35.7	NaN	658	NaN	598.9545455	-51	360	6	4	0	405	-20	7477	-34	6035	-18	7434	-31	4863	11.288	-6.361
35.8	NaN	658	NaN	598.6818182	-63	356	0	0	0	404	-26	6771	-48	4860	-23	6874	-43	3093	10.614	-6.65
35.9	NaN	722	NaN	598.4090909	-62	358	26	26	0	404	-1	6693	-1	4949	2	6713	-2	1448	10.183	-3.635
36	NaN	669	NaN	598.1363636	-37	359	31	29	0	405	9	6482	3	5070	23	6578	9	5213	9.633	-0.189
36.1	NaN	651	NaN	597.8636364	-19	361	31	29	0	405	8	6621	5	5077	20	6664	11	5626	9.309	-1.326
36.2	NaN	660	NaN	597.5909091	-13	359	33	34	0	406	9	6286	7	4945	23	6261	17	5425	9.033	0.842
36.3	NaN	701	NaN	597.3181818	0	358	36	38	0	407	18	6245	16	4941	40	6471	39	5917	8.924	2.2
36.4	NaN	684	NaN	597.0454545	6	359	45	45	0	406	19	5816	21	5270	46	5826	49	5872	9.012	3.475
36.5	NaN	664	NaN	596.7727273	14	356	59	55	0	408	38	5842	51	5801	88	5950	120	7218	9.266	6.542
36.6	NaN	656	NaN	595	24	358	51	43	0	408	22	5916	39	6338	52	5896	92	6327	9.731	4.017
36.7	NaN	683	NaN	595	41	360	51	43	0	410	17	5911	45	6501	39	5909	105	6544	10.098	2.985
36.8	NaN	673.5	NaN	647	68	359	35	29	0	406	2	5736	17	6650	5	5766	39	6755	10.182	1.57
36.9	NaN	671	NaN	653	71	357	35	30	0	405	2	5700	19	6700	5	5686	46	6733	10.139	-1.266
37	NaN	668.5	NaN	615	73	364	18	12	0	407	-4	5475	-2	6478	-4	5361	-2	6603	9.944	-2.816
37.1	NaN	666	NaN	639	71	359	35	32	0	407	1	5371	18	6450	4	5312	58	6625	9.662	-2.84
37.2	NaN	661	NaN	575	71	359	59	52	0	408	8	5508	79	7473	19	5498	182	7119	9.778	0.374
37.3	NaN	657	NaN	583	75	362	55	48	0	407	5	5520	69	7226	12	5635	164	7532	10.094	2.902
37.4	NaN	702	NaN	583	77	359	51	43	0	406	4	5451	59	7242	10	5658	136	7560	10.198	2.178
37.5	NaN	754	NaN	599	68	358	42	34	0	408	3	5389	32	7012	8	5867	74	7314	10.273	1.671
37.6	NaN	717	NaN	611	42	358	50	45	0	408	9	5482	32	6836	26	6621	77	7266	10.15	3.441
37.7	NaN	735	NaN	678	10	358	40	33	0	408	14	6084	17	6675	34	7629	43	6941	10.01	4.909
37.8	NaN	697	NaN	642	15	360	67	66	0	408	17	6373	26	6636	45	8471	64	7119	9.952	3.198
37.9	NaN	664	NaN	598	-27	362	66	62	0	407	59	6869	37	6620	163	11720	88	7228	10.088	5.859
38	NaN	711	NaN	576	-8	362	57	50	0	409	44	10718	34	6722	99	12469	82	6996	10.59	6.419
38.1	NaN	663	NaN	604	50	361	45	42	0	409	10	10905	38	6806	25	8758	88	7000	11.007	6.186
38.2	NaN	641	NaN	592	50	356	57	54	0	408	12	9148	49	7046	31	6876	116	7120	11.352	4.669
38.3	NaN	638	NaN	586	42	358	56	53	0	408	24	7121	62	7811	53	6947	136	7819	11.802	4.165
38.4	NaN	651	NaN	577	41	358	57	53	0	409	23	7251	62	7972	52	7168	147	8121	12.249	5.201
38.5	NaN	688	NaN	581	8	356	56	53	0	408	40	7776	48	8245	88	7709	102	8310	12.764	5.647
38.6	NaN	687	NaN	619	3	360	51	46	0	406	33	8044	34	8104	72	8013	76	8222	13.112	3.77
38.7	NaN	666	NaN	633	5	359	46	39	0	409	24	8384	27	8361	52	8289	58	8429	13.424	3.463
38.8	NaN	643	NaN	599	-1	360	45	38	0	409	24	8445	24	8448	53	8401	53	8542	13.727	2.313
38.9	NaN	636	NaN	596.5	-29	360	37	40	0	405	18	8823	10	8172	40	8767	21	8263	13.81	1.381
39	NaN	654	NaN	594	-36	357	37	40	0	406	23	8947	12	8095	60	9066	23	8272	13.819	1.242
39.1	NaN	642	NaN	591.5	-38	360	37	34	0	405	24	9039	10	8082	48	9012	19	8157	13.826	0.479
39.2	NaN	643	NaN	589	-29	359	37	39	0	405	24	9105	11	8077	52	9077	24	8174	13.816	-0.381
39.3	NaN	663	NaN	586.5	-24	360	39	39	0	404	26	8995	15	8214	57	8990	32	8351	13.871	0.394
39.4	NaN	685	NaN	627	-20	360	49	48	0	406	31	9130	19	8324	69	9045	41	8418	13.992	1.71
39.5	NaN	668	NaN	593	-25	356	56	52	0	407	52	9391	32	8787	115	9351	68	8750	14.285	3.538
39.6	NaN	675	NaN	579	-14	359	55	52	0	405	50	9646	35	9014	106	9701	73	9022	14.741	4.875
39.7	NaN	640	NaN	581	5	360	50	42	0	408	39	9603	39	9490	77	9575	79	9226	14.975	2.688
39.8	NaN	699	NaN	627	21	359	48	45	0	408	13	9155	22	9663	29	9128	47	9705	15.159	-0.09
39.9	NaN	724	NaN	607	26	358	48	44	0	408	17	9194	28	9745	36	9159	60	9777	15.269	1.013
40	NaN	733	NaN	582	32	356	48	42	0	408	20	9333	40	10002	42	9248	84	10092	15.496	2.264
40.1	NaN	715	NaN	568	32	362	48	42	0	407	19	9417	40	10015	42	9478	83	10149	15.669	1.752
40.2	NaN	729	NaN	572	24	357	48	41	0	408	22	9534	36	10180	46	9561	76	10288	15.873	1.529
40.3	NaN	699	NaN	571	24	360	48	43	0	405	23	9762	37	10246	47	9636	78	10311	16.082	2.309
40.4	NaN	734	NaN	586	16	360	48	45	0	407	28	9927	38	10393	57	9846	78	10469	16.354	3.263
40.5	NaN	722	NaN	573	13	358	48	46	0	408	28	10078	39	10393	59	10088	77	10530	16.657	3.423
40.6	NaN	714	NaN	559	-1	360	48	46	0	408	33	10522	34	10492	68	10513	69	10611	16.986	3.83
40.7	NaN	617	NaN	564	-6	360	48	45	0	407	37	10688	32	10510	72	10662	65	10647	17.213	3.628
40.8	NaN	616	NaN	602	-14	360	48	45	0	405	40	11170	29	10640	78	11126	57	10806	17.479	3.431
40.9	NaN	657	NaN	610	-14	362	46	43	0	407	39	11278	29	10804	72	11311	53	10898	17.784	4.246
41	NaN	631	NaN	579	-21	357	52	52	0	406	49	11617	32	10987	94	11598	61	11018	18.014	3.352
41.1	NaN	654	NaN	595	-23	361	59	60	0	406	46	11807	28	11054	87	11784	52	11205	18.284	2.395
41.2	NaN	639	NaN	589	-20	357	59	60	0	405	41	11874	28	11275	80	11890	51	11290	18.445	2.852
41.3	NaN	647	NaN	599	-9	358	60	60	0	405	31	11894	26	11307	58	11861	49	11416	18.646	3.16
41.4	NaN	625	NaN	630	-6	361	62	61	0	407	25	11869	23	11551	48	11788	41	11563	18.746	1.746
41.5	NaN	655	NaN	623	-3	360	88	86	0	407	21	11841	20	11525	39	11790	36	11631	18.862	0.921
41.6	NaN	649	NaN	683	1	362	100	100	0	407	19	11822	18	11620	35	11745	32	11647	18.9	0.517
41.7	NaN	655	NaN	616	2	358	100	100	0	405	17	11755	17	11651	36	11693	39	11741	18.951	0.223
41.8	NaN	646	NaN	609	5	358	100	100	0	406	16	11739	17	11733	31	11683	34	11767	18.972	-0.082
41.9	NaN	663	NaN	616	7	358	100	100	0	406	18	11723	21	11743	33	11652	36	11850	19.007	0.183
42	NaN	655	NaN	612	4	356	100	100	0	405	17	11727	20	11788	32	11672	40	11839	19.02	0.313
42.1	NaN	650	NaN	613	4	360	100	100	0	406	17	11780	19	11681	32	11630	33	11806	19.011	0.207
42.2	NaN	647	NaN	623	4	359	100	100	0	406	16	11767	18	11754	29	11720	33	11809	19.004	0.54
42.3	NaN	647	NaN	620	6	357	100	100	0	407	17	11756	19	11690	32	11622	36	11814	19.019	0.622
42.4	NaN	645	NaN	628	6	360	100	100	0	405	17	11744	19	11771	31	11672	35	11849	19.033	0.453
42.5	NaN	649	NaN	615	6	361	100	100	0	408	17	11737	20	11753	32	11614	40	11874	19.041	0.679
42.6	NaN	626	NaN	621	6	360	100	100	0	407	16	11757	19	11812	31	11671	37	11893	19.057	-0.032
42.7	NaN	647	NaN	637	1	357	100	100	0	406	16	11847	17	11724	29	11692	30	11826	19.066	0.451
42.8	NaN	634	NaN	682	-3	360	100	100	0	407	14	11854	13	11697	26	11799	26	11804	19.071	0.196
42.9	NaN	667	NaN	619	-1	358	100	100	0	407	18	11917	19	11675	35	11765	35	11772	19.074	0.253
43	NaN	633	NaN	671	2	358	100	100	0	406	16	11880	16	11777	27	11770	27	11763	19.075	0.261
43.1	NaN	636	NaN	635	2	356	100	100	0	407	15	11864	17	11731	28	11701	32	11820	19.077	0.126
43.2	NaN	626	NaN	624	6	361	100	100	0	406	18	11776	17	11823	31	11709	33	11819	19.082	1.111
43.3	NaN	636	NaN	631	4	358	100	100	0	407	15	11825	17	11776	29	11677	31	11852	19.093	0.413
43.4	NaN	644	NaN	631	5	359	100	100	0	405	16	11784	18	11860	29	11706	33	11862	19.093	0.545
43.5	NaN	650	NaN	629	6	358	100	100	0	407	15	11819	17	11813	29	11671	34	11917	19.108	0.148
43.6	NaN	636	NaN	624	5	358	100	100	0	408	16	11806	17	11884	29	11719	33	11899	19.113	-0.046
43.7	NaN	630	NaN	627	6	360	100	100	0	406	17	11815	19	11880	32	11757	34	11886	19.131	0.485
43.8	NaN	689	NaN	607	4	360	0	0	0	406	-6	11704	-6	11755	-5	11541	-6	11728	19.1	-0.608
43.9	NaN	646	NaN	644	7	360	0	0	0	408	-18	11565	-18	11603	-14	11419	-13	11623	18.746	-3.915
44	NaN	612	NaN	624.1	7	375	0	0	0	413	-41	11096	-38	11125	-30	10895	-29	11005	18.135	-5.476
44.1	NaN	613	NaN	622.7	7	482	0	0	0	485	-42	10770	-39	10792	-30	10557	-29	10889	17.452	-7.526
44.2	NaN	627	NaN	621.3	7	409	0	0	0	434	-41	10148	-39	10272	-32	9963	-29	10235	16.644	-7.673
44.3	NaN	612	NaN	619.9	6	383	0	0	0	420	-41	9920	-38	9967	-32	9800	-30	9973	16.039	-5.951
44.4	NaN	625	NaN	618.5	5	388	0	0	0	413	-40	9350	-37	9372	-31	9255	-31	9368	15.43	-5.654
44.5	NaN	621	NaN	617.1	5	427	0	0	0	459	-41	9088	-37	9281	-32	9053	-30	9198	14.767	-7.09
44.6	NaN	626	NaN	615.7	7	543	0	0	0	536	-40	8405	-36	8555	-34	8277	-31	8510	13.994	-9.191
44.7	NaN	622	NaN	614.3	11	580	0	0	0	564	-41	7980	-36	8229	-35	7968	-31	8307	13.423	-8.644
44.8	NaN	634	NaN	612.9	11	633	0	0	0	583	-39	7245	-36	7447	-34	7164	-31	7507	12.488	-6.378
44.9	NaN	698	NaN	611.5	13	439	0	0	0	449	-39	6568	-36	7229	-30	6938	-31	6853	11.437	-4.315
45	NaN	656	NaN	610.1	24	468	0	0	0	479	-41	6218	-32	6631	-38	3745	-29	6589	10.812	-5.353
45.1	NaN	680	NaN	608.7	27	357	6	2	0	400	-41	5710	-31	6337	-37	4692	-29	6408	10.027	-5.224
45.2	NaN	706	NaN	607.3	33	364	31	23	0	407	2	5775	4	6306	5	5726	9	6308	9.798	-3.552
45.3	NaN	732	NaN	605.9	58	363	30	22	0	406	0	5533	3	6359	1	5409	7	6323	9.635	-1.812
45.4	NaN	699	NaN	604.5	65	361	37	32	0	406	3	5367	21	6410	7	5251	54	6394	9.541	-1.465
45.5	NaN	699	NaN	603.1	70	358	48	43	0	406	5	5375	47	6560	11	5259	108	6601	9.491	-0.023
45.6	NaN	685	NaN	601.7	72	358	49	45	0	406	5	5355	56	6814	13	5249	132	6798	9.686	1.261
45.7	NaN	712	NaN	600.3	69	362	53	48	0	406	5	5438	59	6905	14	5462	146	7127	9.961	1.681
45.8	NaN	673	NaN	598.9	52	364	56	52	0	407	14	5544	66	7164	37	5847	154	7537	10.235	3.051
45.9	NaN	686	NaN	647	21	361	64	60	0	408	31	8801	56	7088	71	8376	128	7346	10.638	5.284
46	NaN	624	NaN	616	12	357	68	63	0	409	48	6519	66	7230	112	7878	153	8575	11.104	6.783
46.1	NaN	667	NaN	568	5	363	67	63	0	408	55	11225	62	7587	125	8427	139	7855	11.952	7.494
46.2	NaN	670	NaN	559	-1	362	68	63	0	407	61	12548	54	7694	132	8324	122	7879	12.643	6.982
46.3	NaN	665	NaN	698	-21	358	46	42	0	406	34	8393	22	7919	76	8317	48	7982	13.263	5.207
46.4	NaN	662	NaN	638	-32	359	46	44	0	405	39	8578	20	7915	86	8566	42	8003	13.427	2.016
46.5	NaN	655	NaN	662	-33	355	38	38	0	404	16	8629	7	7809	37	8601	16	7853	13.479	0.421
46.6	NaN	658	NaN	642	-35	356	38	38	0	405	20	8717	9	7786	45	8648	20	7905	13.439	1.063
46.7	NaN	645	NaN	649	-27	358	50	44	0	405	36	8857	20	7984	80	8820	44	8073	13.529	1.214
46.8	NaN	682	NaN	642	-27	357	40	37	0	404	23	8767	12	8058	50	8701	27	8118	13.703	1.413
46.9	NaN	604	NaN	571	-17	360	70	66	0	409	82	9314	56	10209	158	9160	110	8772	14.104	2.019
47	NaN	654	NaN	606	8	361	47	45	0	407	39	9206	28	9018	59	9247	71	9013	14.682	1.705
47.1	NaN	595	NaN	597	30	360	62	59	0	408	34	9117	76	9756	73	8945	160	9746	14.913	1.354
47.2	NaN	677	NaN	584	42	360	53	49	0	406	20	9138	55	9963	44	9032	122	10001	15.251	1.8
47.3	NaN	694	NaN	584	39	359	44	43	0	406	16	9267	38	9836	32	9219	78	9976	15.393	1.787
47.4	NaN	694	NaN	579	18	359	46	42	0	406	23	9308	35	9922	47	9320	70	10071	15.553	1.959
47.5	NaN	716	NaN	598	19	358	44	39	0	405	20	9588	31	9884	42	9580	63	9956	15.74	3.259
47.6	NaN	667	NaN	590	22	361	51	47	0	407	24	9597	40	10162	53	9557	87	10257	15.959	2.298
47.7	NaN	683	NaN	583	19	357	51	48	0	409	29	9738	46	10290	61	9693	93	10382	16.244	2.484
47.8	NaN	595	NaN	548	12	359	60	59	0	408	44	10307	58	10570	93	10256	121	10698	16.683	4.792
47.9	NaN	623	NaN	560	7	361	69	67	0	408	56	10634	65	10662	112	10450	128	10877	17.175	5.056
48	NaN	631	NaN	570	1	360	96	95	0	407	42	10987	45	10972	81	11030	88	11168	17.84	3.183
48.1	NaN	639	NaN	582	-3	362	98	98	0	407	38	11184	36	11083	74	11128	69	11155	18.163	3.195
48.2	NaN	677	NaN	595	-1	360	100	100	0	404	32	11496	31	11249	64	11421	61	11396	18.478	2.881
48.3	NaN	634	NaN	601	-2	362	100	100	0	406	28	11503	26	11376	52	11448	50	11441	18.69	1.272
48.4	NaN	643	NaN	600	-11	358	100	100	0	406	32	11895	27	11363	59	11787	50	11504	18.854	2.296
48.5	NaN	650	NaN	617	-11	359	100	100	0	405	26	11956	20	11478	50	11870	39	11505	18.941	0.765
48.6	NaN	660	NaN	630	-7	358	100	100	0	407	23	11991	20	11567	43	11975	38	11676	19.053	1.243
48.7	NaN	661	NaN	634	-8	358	100	100	0	405	22	11906	18	11615	40	11821	34	11616	19.148	1.246
48.8	NaN	699	NaN	636	-9	358	100	100	0	407	21	12140	17	11575	38	12048	31	11680	19.176	-0.256
48.9	NaN	659	NaN	623	-8	356	100	100	0	404	19	12020	16	11704	34	11905	29	11686	19.202	-0.138
49	NaN	659	NaN	632	-1	356	77	73	0	405	18	11938	18	11696	33	11897	33	11786	19.205	-0.617
49.1	NaN	653	NaN	596	1	359	31	26	0	407	13	11923	11	11799	19	11820	19	11846	19.22	-0.643
49.2	NaN	657	NaN	596	6	482	0	0	0	463	-23	11548	-21	11365	-15	11390	-15	11323	18.925	-2.139
49.3	NaN	648	NaN	596	5	413	0	0	0	426	-40	11114	-39	11168	-30	10924	-28	11072	18.205	-6.062
49.4	NaN	628	NaN	596	4	376	0	0	0	410	-42	10746	-40	10695	-30	10616	-29	10760	17.595	-6.234
49.5	NaN	638	NaN	596	7	417	0	0	0	450	-42	10431	-39	10348	-32	10064	-29	10447	16.956	-7.632
49.6	NaN	648	NaN	596	6	637	0	0	0	606	-41	9679	-38	9726	-31	9371	-30	9818	16.149	-8.969
49.7	NaN	666	NaN	596	11	756	0	0	0	720	-41	9064	-37	9296	-33	8726	-30	9076	15.208	-10.465
49.8	NaN	673	NaN	596	8	768	0	0	0	694	-41	8664	-36	8868	-33	8119	-30	8718	14.325	-9.415
49.9	NaN	697	NaN	596	10	539	0	0	0	525	-39	7918	-37	8198	-34	7641	-31	8055	13.483	-6.604
50	NaN	694	NaN	596	8	382	0	0	0	414	-39	7793	-36	8039	-34	7609	-31	8041	12.725	-6.133
50.1	NaN	696	NaN	596	-7	355	0	0	0	402	-37	7520	-39	7322	-32	7357	-34	7307	12.189	-5.501
50.2	NaN	674	NaN	596	-10	363	0	0	0	402	-35	7417	-39	7132	-31	7317	-34	7011	11.669	-5.576
50.3	NaN	674	NaN	596	-50	360	0	0	0	403	-28	7017	-45	6091	-25	7055	-42	5558	11.069	-6.012
50.4	NaN	679	NaN	596	-54	360	0	0	0	405	-27	6989	-46	5741	-24	6994	-41	4228	10.481	-6.141
50.5	NaN	709	NaN	596	-53	364	5	7	0	402	-9	6690	-14	5414	-17	6640	-2	-51	9.922	-4.378
50.6	NaN	721	NaN	596	-38	363	31	32	0	405	4	6669	2	5504	18	6613	6	696	9.749	0.492
50.7	NaN	719	NaN	596	7	356	41	37	0	407	19	6273	21	6058	42	6266	50	6060	9.85	2.801
50.8	NaN	737	NaN	627	17	361	45	41	0	406	18	6127	26	6263	44	6136	68	6375	10.026	2.588
50.9	NaN	727	NaN	599	59	360	48	42	0	408	10	6167	45	7038	23	6083	107	7020	10.344	3.402
51	NaN	715	NaN	593	61	359	48	42	0	406	8	6176	47	7179	21	6124	110	7254	10.652	1.388
51.1	NaN	754	NaN	638	39	359	38	32	0	406	9	6312	22	7289	21	6413	53	7390	10.818	1.028
51.2	NaN	737	NaN	648	38	363	36	30	0	406	6	6390	16	7204	15	6339	36	7299	10.996	0.327
51.3	NaN	754	NaN	713	36	359	33	28	0	409	5	6382	11	7149	11	6333	26	7209	10.988	-0.734
51.4	NaN	731	NaN	650	44	363	37	34	0	407	8	6420	23	7290	17	6367	53	7307	11.002	-0.365
51.5	NaN	741	NaN	669	59	363	35	31	0	409	4	6298	18	7306	8	6297	41	7382	11.01	-0.44
51.6	NaN	758	NaN	676	64	356	35	30	0	406	3	6219	17	7287	7	6210	41	7342	10.972	-1.341
51.7	NaN	750	NaN	696	63	360	34	31	0	407	2	6177	18	7208	7	6134	42	7347	10.952	0.081
51.8	NaN	720	NaN	616	67	362	40	36	0	406	4	6147	32	7278	10	6211	74	7395	10.983	0.348
51.9	NaN	736	NaN	580	67	357	48	44	0	407	7	6158	50	7310	16	6507	121	7665	11.093	0.847
52	NaN	684	NaN	556	65	360	50	46	0	406	8	6431	55	7684	19	6588	130	8158	11.289	3.74
52.1	NaN	701	NaN	575	61	358	50	46	0	406	9	6316	55	8068	23	6568	123	8252	11.407	4.31
52.2	NaN	646	NaN	561	8	358	69	65	0	410	50	6839	69	8079	121	11837	151	9340	11.537	7.33
52.3	NaN	658	NaN	565	0	361	69	65	0	409	58	9197	62	8106	128	11925	134	8854	11.812	10.585
52.4	NaN	684	NaN	580	-29	358	59	56	0	409	74	15969	37	8013	157	17093	77	9579	12.137	3.384
52.5	NaN	670	NaN	577	-44	362	67	62	0	407	64	15768	27	8053	138	18434	61	8321	12.67	2.271
52.6	NaN	598	NaN	579	0	357	95	93	0	408	111	24910	86	8814	177	16885	188	9368	13.452	4.897
52.7	NaN	650	NaN	589	9	357	88	81	0	408	-11	23440	5	9664	174	17792	202	9105	14.039	6.954
52.8	NaN	686	NaN	584	-12	359	99	98	0	408	-0	9707	-0	8766	182	11664	187	9440	14.746	5.437
52.9	NaN	681	NaN	587	-5	356	100	100	0	407	0	9754	0	8933	201	10324	212	10629	15.481	4.294
53	NaN	620	NaN	564	10	356	100	100	0	408	72	10243	61	11281	117	10241	149	12427	16.136	6.252
53.1	NaN	603	NaN	582	6	361	100	100	0	407	61	10337	65	10482	111	10576	119	10811	16.981	7.861
53.2	NaN	647	NaN	626	3	357	100	100	0	407	45	10963	46	10976	84	10971	86	11066	17.501	5.29
53.3	NaN	654	NaN	604	-1	361	100	100	0	406	36	11272	36	11201	67	11204	67	11256	18.076	3.289
53.4	NaN	679	NaN	607	-3	358	100	100	0	405	35	11507	31	11282	65	11511	62	11500	18.367	3.12
53.5	NaN	669	NaN	643	-4	358	93	89	0	404	29	11606	28	11436	55	11581	50	11539	18.73	2.835
53.6	NaN	672	NaN	631	-2	362	51	48	0	404	24	11757	24	11521	47	11671	44	11638	18.901	2.112
53.7	NaN	717	NaN	641	-3	363	23	18	0	405	2	11637	2	11492	-1	11492	-2	11538	18.926	-1.022
53.8	NaN	732	NaN	621	-2	470	0	0	0	446	-10	11511	-10	11255	-8	11442	-8	11318	18.479	-7.857
53.9	NaN	677	NaN	584.9375	-0	873	0	0	0	805	-40	10602	-40	10268	-30	10282	-31	10243	17.502	-14.579
54	NaN	690	NaN	586.875	-1	946	0	0	0	856	-40	10250	-40	9891	-31	9879	-30	9866	16.366	-12.842
54.1	NaN	724	NaN	588.8125	7	908	0	0	0	818	-41	9091	-38	9208	-32	8394	-31	8039	15.106	-11.899
54.2	NaN	735	NaN	590.75	6	805	0	0	0	707	-39	8655	-37	8697	-32	8258	-31	8690	14.033	-9.983
54.3	NaN	780	NaN	592.6875	4	756	0	0	0	690	-39	7616	-36	7658	-33	7475	-32	7553	12.97	-9.872
54.4	NaN	770	NaN	594.625	1	756	0	0	0	682	-38	7514	-38	7402	-33	6997	-32	7145	11.918	-9.005
54.5	NaN	797	NaN	596.5625	6	510	0	0	0	526	-38	6639	-36	6617	-34	6263	-32	6502	10.892	-7.421
54.6	NaN	769	NaN	598.5	10	416	0	0	0	442	-39	6380	-35	6464	-35	6210	-31	6470	10.277	-6.636
54.7	NaN	792	NaN	600.4375	58	362	4	1	0	408	-43	5244	-23	6224	-40	5208	-22	6235	9.671	-5.486
54.8	NaN	829	NaN	602.375	65	359	17	13	0	407	-18	5117	-9	6157	-12	4786	-8	6250	9.424	-2.82
54.9	NaN	826	NaN	604.3125	51	359	37	34	0	408	6	5184	22	6220	14	5153	54	6397	9.278	-0.496
55	NaN	828	NaN	606.25	44	359	37	34	0	408	7	5253	22	6264	16	5166	50	6278	9.234	1.817
55.1	NaN	808	NaN	608.1875	71	359	37	34	0	408	3	5189	26	6328	7	5184	64	6355	9.294	0.711
55.2	NaN	876	NaN	610.125	76	365	33	29	0	405	1	5193	15	6187	2	5055	37	6242	9.299	-1.208
55.3	NaN	850	NaN	612.0625	81	359	34	35	0	409	1	5021	25	6242	2	4942	60	6308	9.223	-1.727
55.4	NaN	797	NaN	644	78	357	41	42	0	406	2	5007	43	6308	6	4942	104	6564	9.232	0.187
55.5	NaN	803	NaN	614	70	361	42	42	0	407	4	4943	42	6349	10	5086	101	6517	9.366	1.222
55.6	NaN	758	NaN	623	40	361	44	44	0	408	13	5203	40	6611	31	5531	96	6804	9.531	2.662
55.7	NaN	838	NaN	680	-29	357	36	34	0	406	21	5822	12	6062	52	6006	30	6207	9.735	4.206
55.8	NaN	799	NaN	700	-39	357	39	41	0	405	28	6447	11	5524	69	6413	24	5548	9.794	0.935
55.9	NaN	835	NaN	687	-44	361	40	41	0	409	32	6654	11	5576	74	6598	25	5820	9.799	-1.564
56	NaN	814	NaN	675	-98	356	36	36	0	405	2	6010	-0	5264	45	6458	-0	5413	9.728	-2.65
56.1	NaN	807	NaN	661	-93	362	48	49	0	404	54	6591	-2	5140	142	6678	-5	5087	9.68	0.469
56.2	NaN	801	NaN	647	-85	361	54	54	0	406	81	7651	-1	4954	190	7351	-1	5241	9.841	3.987
56.3	NaN	797	NaN	628	-79	359	55	55	0	406	79	7359	2	5011	187	7400	4	5310	9.988	7.931
56.4	NaN	744	NaN	614	-6	355	68	65	0	406	62	7930	50	6289	153	8081	118	7557	10.185	8.547
56.5	NaN	693	NaN	587	8	356	73	70	0	406	62	7353	64	7285	142	8122	155	10627	10.514	5.685
56.6	NaN	723	NaN	562	-23	359	84	76	0	407	96	8431	59	13642	190	8336	146	15815	10.901	8.755
56.7	NaN	703	NaN	569	-26	362	93	89	0	406	112	10042	56	14983	200	9589	103	18275	11.302	6.812
56.8	NaN	683	NaN	590	-16	358	100	99	0	407	92	9231	63	17660	201	9335	101	18600	11.892	9.014
56.9	NaN	673	NaN	591	-14	360	78	71	0	408	87	10005	63	16740	194	9977	100	18907	12.269	9.171
57	NaN	673	NaN	593	-4	358	88	85	0	408	77	9222	73	17505	171	9364	85	19657	13.109	9.676
57.1	NaN	668	NaN	588	-8	358	89	86	0	406	76	9499	70	17094	179	9167	108	17954	14.107	9.264
57.2	NaN	691	NaN	567	-21	361	82	77	0	407	99	10754	56	17870	197	9595	108	17921	14.97	10.34
57.3	NaN	708	NaN	574	-21	360	82	74	0	407	86	12114	51	14968	174	10153	107	11327	16.148	11.402
57.4	NaN	736	NaN	592	-19	361	71	67	0	406	70	11390	47	10474	139	11165	91	10532	16.79	7.802
57.5	NaN	721	NaN	663	-21	362	34	34	0	407	27	11431	16	10481	48	11296	26	10442	17.429	1.569
57.6	NaN	734	NaN	646	19	358	41	37	0	405	14	10916	20	10772	27	10937	40	10884	17.473	1.62
57.7	NaN	762	NaN	609	23	360	41	36	0	408	16	10648	26	11189	31	10586	52	11194	17.609	1.838
57.8	NaN	727	NaN	606	8	361	43	43	0	406	26	10970	29	11142	50	10901	58	11190	17.78	2.235
57.9	NaN	732	NaN	612	7	360	46	44	0	406	27	11163	33	11277	55	11120	61	11397	17.991	2.689
58	NaN	759	NaN	599	9	359	46	44	0	407	29	11200	34	11269	55	11108	66	11413	18.163	1.333
58.1	NaN	832	NaN	634	12	366	7	2	0	408	-10	11107	-9	11300	-11	10912	-11	11266	18.161	-2.322
58.2	NaN	755	NaN	673	12	365	7	4	0	406	-23	10956	-20	11079	-17	10780	-15	11109	17.846	-3.493
58.3	NaN	784	NaN	654	9	358	12	11	0	403	-18	10610	-16	10833	-13	10410	-13	10764	17.47	-4.113
58.4	NaN	765	NaN	647	7	360	9	4	0	405	-19	10553	-19	10676	-15	10423	-13	10724	17.054	-6.711
58.5	NaN	706	NaN	690	8	489	0	0	0	523	-42	9970	-38	9935	-32	9670	-29	9996	16.467	-7.452
58.6	NaN	705	NaN	693	11	439	0	0	0	456	-41	9837	-37	9945	-33	9581	-29	9761	15.903	-5.121
58.7	NaN	762	NaN	659	24	359	14	12	0	404	-31	9081	-24	9582	-21	8929	-16	9576	15.314	-3.988
58.8	NaN	835	NaN	658	27	360	25	22	0	406	1	9052	1	9629	1	8907	1	9676	15.097	-2.748
58.9	NaN	825	NaN	635	7	361	27	26	0	406	2	8966	3	9239	5	8886	6	9300	14.947	-1.663
59	NaN	829	NaN	641	8	362	27	26	0	407	2	9054	3	9123	5	8951	6	9280	14.804	-0.262
59.1	NaN	768	NaN	627	22	361	38	36	0	406	11	8898	19	9303	27	8893	44	9335	14.771	1.143
59.2	NaN	796	NaN	643	26	360	37	30	0	408	12	8854	22	9446	24	8855	41	9449	14.8	-0.332
59.3	NaN	823	NaN	654	27	362	26	21	0	406	3	8824	5	9277	4	8652	5	9336	14.718	-4.707
59.4	NaN	822	NaN	647	26	359	18	11	0	407	-10	8620	-8	9225	-9	8068	-7	9242	14.551	-5.022
59.5	NaN	759	NaN	689	39	357	5	4	0	405	-36	6027	-25	8614	-31	7947	-21	8881	14.168	-4.577
59.6	NaN	743	NaN	696	46	359	12	8	0	404	-25	7503	-15	8724	-21	6170	-13	8756	13.565	-4.06
59.7	NaN	828	NaN	650	34	360	18	16	0	406	-6	7073	-4	8461	-5	7347	-4	8472	13.195	-1.989
59.8	NaN	832	NaN	651	24	363	19	17	0	408	-5	7459	-4	8285	-4	7356	-3	8209	12.953	-3.674
59.9	NaN	842	NaN	647	8	360	23	22	0	408	-1	7443	-1	8192	-1	7131	0	8176	12.79	-1.007
60	NaN	807	NaN	709	39	358	33	31	0	407	5	7483	10	7973	13	7676	28	8041	12.643	0.531
60.1	NaN	777	NaN	655	44	359	34	30	0	407	5	7463	14	7895	11	7538	33	8050	12.503	-2.555
60.2	NaN	838	NaN	655	58	359	23	18	0	408	0	7132	-0	7701	-0	6922	-1	7904	12.305	-3.755
60.3	NaN	836	NaN	654	60	359	20	16	0	406	-2	6903	-0	7750	-1	6827	-0	7877	11.998	-3.539
60.4	NaN	786	NaN	642	63	364	14	9	0	404	-19	6327	-9	7426	-16	5564	-8	7554	11.636	-3.55
60.5	NaN	760	NaN	666	62	364	6	2	0	403	-27	5787	-14	7268	-23	5585	-12	7472	11.182	-4.105
60.6	NaN	710	NaN	708	41	358	5	0	0	406	-39	5455	-25	6848	-35	1841	-23	6841	10.613	-5.514
60.7	NaN	729	NaN	752	36	360	2	0	0	405	-41	5281	-28	6773	-36	1945	-25	6741	10.058	-3.82
60.8	NaN	784	NaN	689	24	360	32	31	0	406	6	4913	11	6407	14	2892	27	6618	9.437	-0.721
60.9	NaN	750	NaN	667	18	363	35	35	0	406	10	4916	16	6334	40	5656	47	6585	9.24	1.804
61	NaN	806	NaN	658	-15	360	40	40	0	406	23	5356	16	5937	56	6417	38	6104	9.17	2.33
61.1	NaN	761	NaN	634	18	359	50	49	0	405	29	6149	40	5966	66	7355	93	6340	9.267	4.067
61.2	NaN	712	NaN	612	57	360	50	48	0	404	12	5829	54	6298	29	5779	133	6416	9.59	4.161
61.3	NaN	719	NaN	672	52	359	51	48	0	405	14	5914	54	6431	32	5887	128	6440	10.001	1.951
61.4	NaN	683	NaN	656.0416667	50	362	54	51	0	407	16	5945	60	6844	39	6065	140	6889	10.361	3.71
61.5	NaN	701	NaN	655.5833333	47	361	58	56	0	408	19	6247	68	7158	49	6207	160	7143	10.875	6.623
61.6	NaN	667	NaN	655.125	6	360	72	73	0	406	63	7567	72	7421	143	7456	164	7613	11.646	10.191
61.7	NaN	669	NaN	654.6666667	2	360	81	84	0	406	80	7980	83	7873	179	7727	181	7831	12.6	11.113
61.8	NaN	615	NaN	654.2083333	8	358	91	94	0	404	90	8632	107	8560	200	8530	195	8637	13.654	10.837
61.9	NaN	611	NaN	653.75	4	355	100	100	0	406	97	9884	113	10009	202	9011	199	9107	14.572	11.684
62	NaN	623	NaN	653.2916667	8	358	100	100	0	407	85	12185	104	9900	177	9316	201	9608	15.499	10.597
62.1	NaN	655	NaN	652.8333333	2	357	100	100	0	405	63	12525	74	10209	132	10098	150	10303	16.512	9.194
62.2	NaN	677	NaN	652.375	4	361	100	100	0	403	60	10812	62	10371	122	10504	123	10548	17.146	6.58
62.3	NaN	664	NaN	651.9166667	2	360	100	100	0	404	45	11021	47	10927	88	10992	92	11000	17.764	3.791
62.4	NaN	693	NaN	651.4583333	1	355	98	97	0	404	39	11096	41	11012	74	11030	78	11074	18.126	3.224
62.5	NaN	694	NaN	633	3	359	100	99	0	405	31	11437	32	11278	59	11372	62	11395	18.475	2.861
62.6	NaN	718	NaN	622	2	357	100	100	0	404	26	11464	28	11395	50	11351	55	11415	18.698	3.607
62.7	NaN	701	NaN	619	8	362	100	97	0	404	21	11579	26	11561	41	11534	47	11658	18.88	2.016
62.8	NaN	719	NaN	635	8	357	100	100	0	407	22	11631	24	11703	40	11514	47	11693	18.978	0.894
62.9	NaN	717	NaN	641	6	361	100	100	0	402	18	11679	20	11703	35	11666	40	11813	19.099	1.512
63	NaN	730	NaN	654	1	357	100	100	0	403	18	11780	18	11730	32	11715	34	11805	19.137	1.468
63.1	NaN	732	NaN	650	2	360	100	100	0	406	20	11819	20	11630	36	11756	36	11771	19.162	1.079
63.2	NaN	748	NaN	647	3	360	100	100	0	407	18	11879	18	11738	32	11781	32	11835	19.17	-0.28
63.3	NaN	737	NaN	657	3	356	100	100	0	406	16	11804	18	11710	31	11724	33	11831	19.181	0.621
63.4	NaN	707	NaN	651	3	359	100	100	0	404	15	11855	16	11785	28	11775	29	11863	19.193	-0.208
63.5	NaN	727	NaN	654	2	357	100	100	0	406	15	11880	16	11757	29	11789	31	11859	19.222	-0.573
63.6	NaN	737	NaN	651	3	356	100	100	0	404	16	11880	16	11777	29	11802	31	11853	19.224	-0.322
63.7	NaN	718	NaN	648	5	361	95	91	0	402	16	11834	17	11745	28	11755	29	11862	19.213	-0.121
63.8	NaN	703	NaN	660	7	362	90	86	0	402	14	11878	16	11898	25	11765	29	11887	19.196	0.79
63.9	NaN	720	NaN	669	4	359	90	86	0	405	14	11805	15	11822	26	11743	29	11894	19.175	0.638
64	NaN	726	NaN	654	4	356	77	72	0	405	14	11890	15	11822	25	11824	27	11872	19.162	0.202
64.1	NaN	715	NaN	671	2	360	70	66	0	404	16	11891	17	11754	29	11765	29	11833	19.159	0.341
64.2	NaN	715	NaN	656	5	358	22	17	0	405	14	11901	16	11782	-4	11589	-6	11679	19.105	-0.303
64.3	NaN	711	NaN	650	7	363	18	14	0	409	-2	11699	-2	11605	-2	11563	-1	11718	18.763	-4.149
64.4	NaN	701	NaN	697	8	601	0	0	0	601	-38	10924	-36	10981	-30	10733	-27	10951	18.141	-8.512
64.5	NaN	699	NaN	703	7	610	0	0	0	596	-43	10741	-39	10772	-30	10605	-29	10724	17.303	-8.983
64.6	NaN	709	NaN	682	6	628	0	0	0	590	-40	9829	-38	9898	-32	9589	-30	9738	16.323	-9.268
64.7	NaN	711	NaN	709	4	382	0	0	0	424	-39	9655	-39	9667	-31	9368	-30	9529	15.582	-8.761
64.8	NaN	703	NaN	704	-6	363	0	0	0	402	-38	9130	-39	8982	-31	8990	-32	8984	14.907	-5.94
64.9	NaN	705	NaN	701	-19	357	0	0	0	402	-35	9003	-42	8503	-29	8944	-34	8421	14.387	-5
65	NaN	715	NaN	658	-27	357	27	30	0	403	1	8982	1	8078	2	8877	2	8068	13.907	-2.007
65.1	NaN	731	NaN	730	-32	358	33	35	0	403	18	8941	8	8103	39	8874	19	8146	13.798	1.437
65.2	NaN	765	NaN	719	-32	355	41	42	0	404	34	9201	16	8132	73	9137	36	8208	13.85	1.335
65.3	NaN	763	NaN	708	-28	358	41	41	0	404	32	9118	16	8216	68	9145	35	8320	14.028	2.142
65.4	NaN	718	NaN	664	6	361	44	40	0	406	25	8888	25	8731	52	8872	56	8848	14.216	3.308
65.5	NaN	715	NaN	631	21	356	44	40	0	407	20	8723	31	9108	42	8774	66	9179	14.442	2.716
65.6	NaN	760	NaN	609	34	357	44	40	0	405	16	8785	34	9421	35	8759	70	9468	14.644	1.951
65.7	NaN	771	NaN	684	33	358	36	30	0	406	7	8734	14	9430	15	8633	31	9479	14.681	0.646
65.8	NaN	774	NaN	607	28	356	41	38	0	405	14	8759	28	9460	30	8791	58	9580	14.691	0.927
65.9	NaN	773	NaN	599	28	357	45	43	0	404	20	8882	37	9456	42	8958	78	9562	14.796	1.742
66	NaN	739	NaN	601	20	357	45	43	0	407	21	8910	35	9586	45	8830	72	9677	15.018	1.629
66.1	NaN	724	NaN	636	15	362	45	43	0	406	23	9213	33	9582	51	9239	69	9665	15.257	2.893
66.2	NaN	748	NaN	616	5	356	45	42	0	406	26	9370	31	9535	56	9374	63	9680	15.372	0.713
66.3	NaN	733.25	NaN	639	-0	541	0	0	0	530	-8	9442	-14	9171	-11	9256	-11	9272	15.246	-4.322
66.4	NaN	745	NaN	703	-2	650	0	0	0	633	-22	9031	-21	8954	-17	9042	-18	8992	14.484	-8.838
66.5	NaN	729	NaN	674.125	-1	791	0	0	0	718	-38	7995	-38	7878	-32	7837	-32	5650	13.366	-12.054
66.6	NaN	734	NaN	675.25	-2	787	0	0	0	724	-37	7689	-38	7650	-32	7649	-33	7200	12.268	-12.633
66.7	NaN	751	NaN	676.375	-13	550	0	0	0	536	-35	6835	-38	6391	-31	6766	-35	6461	11.154	-10.007
66.8	NaN	746	NaN	677.5	-31	374	0	0	0	414	-32	6560	-43	5848	-30	6627	-38	5862	10.451	-7.766
66.9	NaN	736	NaN	678.625	-58	360	0	0	0	400	-27	6212	-47	5256	-25	6212	-42	5278	9.742	-6.028
67	NaN	746	NaN	679.75	-67	356	0	0	0	403	-24	6115	-48	4626	-23	6106	-45	2328	9.144	-6.11
67.1	NaN	812	NaN	680.875	-80	359	18	19	0	403	-5	5905	-8	4558	-6	5849	-12	97	8.505	-6.591
67.2	NaN	796	NaN	682	-80	359	40	41	0	404	40	6157	1	4470	95	6178	3	1430	8.31	-1.453
67.3	NaN	796	NaN	683.125	-66	360	49	51	0	403	60	6491	7	4474	148	6625	18	4556	8.452	2.319
67.4	NaN	812	NaN	684.25	-59	363	50	51	0	402	59	6461	11	4616	141	6765	26	5298	8.669	3.907
67.5	NaN	776	NaN	685.375	-15	360	55	57	0	407	49	6450	34	4979	118	7055	80	7087	8.891	6.83
67.6	NaN	739	NaN	687	-8	359	60	59	0	406	51	6512	42	5209	122	7395	101	8043	9.154	8.919
67.7	NaN	708	NaN	682.8020833	1	356	71	69	0	408	62	6826	63	7877	150	7991	151	13025	9.426	8.345
67.8	NaN	683	NaN	687.5416667	21	360	74	75	0	406	52	6899	87	11582	121	7800	117	16433	9.76	6.619
67.9	NaN	729	NaN	692.28125	36	357	53	55	0	406	23	6729	53	15253	54	6867	97	16466	10.079	5.826
68	NaN	706	NaN	697.0208333	43	360	56	59	0	405	24	6854	69	15698	54	6940	103	18550	10.452	5.5
68.1	NaN	743	NaN	701.7604167	45	357	49	44	0	405	14	6762	44	16038	33	6644	112	17789	11.129	6.569
68.2	NaN	744.9285714	NaN	675	36	362	9	1	0	409	-7	6656	-2	7555	-7	6343	2	7489	11.676	5.463
68.3	NaN	745.8571429	NaN	691.4340278	5	359	42	40	0	405	24	6832	29	7657	57	7249	66	8044	11.683	1.044
68.4	NaN	746.7857143	NaN	700.4670139	-6	360	30	28	0	403	5	7373	5	7146	13	7323	11	7127	11.78	0.44
68.5	NaN	747.7142857	NaN	699	-5	360	30	26	0	405	4	7372	3	7187	9	7335	9	7146	11.771	-0.147
68.6	NaN	748.6428571	NaN	756	-5	359	32	28	0	404	7	7368	6	7143	17	7266	16	7227	11.776	0.952
68.7	NaN	749.5714286	NaN	711	-7	359	32	28	0	404	8	7322	7	7203	15	7296	14	7240	11.808	0.389
68.8	NaN	750.5	NaN	686	-35	360	5	0	0	402	-10	7362	-15	6730	-9	7259	-13	6896	11.682	-2.474
68.9	NaN	751.4285714	NaN	720	-52	358	18	19	0	403	-6	7215	-7	6470	-4	7312	-4	6575	11.46	-2.348
69	NaN	752.3571429	NaN	744	-47	360	43	42	0	406	39	7711	11	6580	90	7778	26	6736	11.336	2.305
69.1	NaN	753.2857143	NaN	708	-47	360	47	48	0	406	49	7979	15	6664	112	8087	34	7216	11.437	-0.623
69.2	NaN	754.2142857	NaN	661	-56	359	17	11	0	403	-7	7271	-11	6289	-6	7288	-9	6176	11.341	-3.827
69.3	NaN	755.1428571	NaN	755	-52	357	13	10	0	404	-11	7352	-20	6011	-11	7373	-18	4845	10.881	-3.64
69.4	NaN	756.0714286	NaN	685	-54	363	19	20	0	403	-3	6971	-7	5779	-2	7020	-5	5389	10.505	-3.48
69.5	NaN	754	NaN	740	-54	356	38	38	0	403	30	7084	7	5763	69	7257	16	5929	10.297	-1.29
69.6	NaN	771	NaN	705	-27	362	40	39	0	403	26	7062	13	5848	61	7202	32	7745	10.247	2.961
69.7	NaN	787	NaN	731	-10	362	41	37	0	404	22	6927	16	6047	52	6974	38	6416	10.414	3.56
69.8	NaN	738	NaN	686	-17	357	44	43	0	408	26	6970	19	6377	63	6941	44	6642	10.656	3.537
69.9	NaN	764	NaN	667	-43	362	51	49	0	405	45	7204	25	6739	104	7070	57	6692	10.915	3.893
70	NaN	756	NaN	697	-50	359	49	46	0	407	48	7494	15	6615	114	7390	32	6641	11.162	1.703
70.1	NaN	758	NaN	714	-51	358	36	34	0	405	22	7654	6	6508	51	7595	14	6635	11.326	0.629
70.2	NaN	768	NaN	756	-49	357	34	32	0	403	19	7647	5	6505	42	7630	12	6571	11.322	0.063
70.3	NaN	744	NaN	703	-33	359	34	31	0	405	14	7615	6	6509	32	7539	16	6674	11.322	0.407
70.4	NaN	754	NaN	725	-10	359	34	31	0	406	13	7491	8	6633	30	7449	19	6674	11.39	1.335
70.5	NaN	774	NaN	687	14	357	36	32	0	404	10	7069	13	7063	23	7060	30	7109	11.493	0.635
70.6	NaN	766	NaN	607	39	358	46	44	0	406	16	6990	40	7605	38	7026	68	7351	11.627	1.221
70.7	NaN	808	NaN	597	59	357	46	43	0	406	9	6971	48	7783	22	6962	104	7920	11.889	2.124
70.8	NaN	762	NaN	600	52	360	46	44	0	407	12	7064	46	8094	27	7184	103	8303	12.095	1.185
70.9	NaN	763	NaN	620	51	359	46	44	0	404	12	7323	45	8195	28	7436	98	8452	12.306	1.67
71	NaN	744	NaN	610	42	361	46	44	0	407	15	7335	43	8320	33	7526	96	8446	12.495	1.535
71.1	NaN	736	NaN	590	23	358	56	56	0	407	32	7988	57	8432	72	9049	126	8773	12.743	4.275
71.2	NaN	739	NaN	617	3	359	56	57	0	407	42	7937	48	8496	94	8528	108	8829	13.178	6.998
71.3	NaN	710	NaN	646	-13	361	54	49	0	406	46	8964	34	8446	101	8863	73	8528	13.865	6.539
71.4	NaN	739	NaN	629	-21	357	54	49	0	404	47	9187	32	8525	101	9169	68	8710	14.351	4.558
71.5	NaN	743	NaN	625	-35	358	55	55	0	405	62	9921	28	9379	130	9800	60	9183	14.82	5.834
71.6	NaN	721	NaN	627	-37	358	56	55	0	406	63	10168	28	9546	134	9985	58	9507	15.279	5.468
71.7	NaN	733	NaN	617	-38	357	55	55	0	405	66	10506	27	9748	135	10345	54	9556	15.682	3.907
71.8	NaN	730	NaN	617	-36	358	55	55	0	405	64	10592	27	10358	130	10484	57	10064	16.112	3.8
71.9	NaN	686	NaN	600	-12	358	63	63	0	405	63	10820	46	10871	128	10815	97	10665	16.592	5.451
72	NaN	723	NaN	604	3	360	87	87	0	407	50	10754	51	10753	94	10809	99	10907	17.121	6.548
72.1	NaN	702	NaN	608	5	360	96	94	0	406	44	10819	48	10936	84	10798	96	10976	17.635	5.379
72.2	NaN	721	NaN	616	3	357	100	100	0	406	35	11150	40	11188	67	11102	75	11303	18.117	4.842
72.3	NaN	731	NaN	616	4	362	100	100	0	405	32	11308	34	11285	62	11319	65	11443	18.447	3.633
72.4	NaN	737	NaN	632	4	358	100	100	0	407	25	11532	24	11578	43	11528	46	11630	18.735	2.76
72.5	NaN	734	NaN	634	4	357	100	100	0	404	22	11612	24	11574	43	11594	45	11690	18.888	1.757
72.6	NaN	747	NaN	654	5	357	100	100	0	405	17	11727	19	11752	32	11671	37	11829	19.059	1.289
72.7	NaN	744	NaN	635	6	359	100	100	0	407	17	11785	19	11842	34	11695	36	11927	19.177	0.891
72.8	NaN	736	NaN	662	6	359	100	100	0	404	13	11831	17	11878	27	11752	30	11927	19.261	0.845
72.9	NaN	742	NaN	680	3	361	100	100	0	406	15	11861	16	11913	29	11811	29	11966	19.311	-0.173
73	NaN	743	NaN	673	3	360	100	100	0	407	10	11962	12	11857	21	11846	23	11933	19.366	-0.17
73.1	NaN	738	NaN	683	2	362	100	100	0	407	12	11984	10	11868	20	11823	21	11890	19.404	0.849
73.2	NaN	746	NaN	666	2	356	100	100	0	404	11	11982	12	11822	19	11837	21	11878	19.406	0.484
73.3	NaN	747	NaN	683	3	359	100	100	0	404	10	12011	11	11862	17	11849	19	11946	19.392	-0.757
73.4	NaN	734	NaN	681	4	359	100	100	0	405	10	11965	11	11885	20	11843	21	11967	19.415	-0.609
73.5	NaN	748	NaN	674	2	358	100	100	0	404	10	11938	11	11841	20	11828	21	11935	19.43	1.139
73.6	NaN	746	NaN	690	0	360	100	100	0	404	10	11983	10	11843	18	11860	19	11930	19.417	1.211
73.7	NaN	764	NaN	665	1	360	100	100	0	405	10	12011	11	11846	20	11854	22	11942	19.42	0.587
73.8	NaN	731	NaN	665	2	362	100	100	0	403	11	12020	11	11847	20	11845	21	11928	19.434	0.586
73.9	NaN	738	NaN	681	1	357	100	100	0	404	11	12021	12	11835	21	11890	23	11971	19.427	0.476
74	NaN	733	NaN	662	2	357	100	100	0	405	11	12004	12	11846	20	11878	22	11943	19.422	-0.324
74.1	NaN	741	NaN	660	4	359	100	100	0	405	11	12004	12	11866	21	11880	23	11974	19.427	-0.322
74.2	NaN	742	NaN	697	5	357	100	100	0	405	11	11976	11	11893	22	11867	22	11997	19.434	0.016
74.3	NaN	730	NaN	685	7	360	100	100	0	405	11	11927	12	11917	21	11853	25	12033	19.44	0.065
74.4	NaN	722	NaN	648	7	362	100	100	0	406	13	11939	17	12017	24	11829	29	12078	19.438	-0.85
74.5	NaN	731	NaN	656	10	362	100	100	0	406	11	11895	13	12067	21	11815	26	12121	19.444	-0.61
74.6	NaN	732	NaN	655	10	364	100	100	0	404	13	11894	16	12117	25	11809	28	12157	19.464	0.287
74.7	NaN	719	NaN	646	9	356	100	100	0	405	11	11889	15	12088	21	11815	27	12161	19.469	-0.22
74.8	NaN	761	NaN	652	10	359	100	100	0	407	14	11881	16	12142	26	11829	30	12165	19.47	-0.581
74.9	NaN	736	NaN	667	5	357	100	100	0	405	12	11912	11	12046	21	11845	24	12174	19.494	-0.205
75	NaN	728	NaN	667	3	358	100	100	0	404	9	12032	10	11943	18	11890	19	12041	19.493	-0.212
75.1	NaN	720	NaN	649	-6	358	100	100	0	405	13	12196	12	11789	27	12036	24	11912	19.476	-0.236
75.2	NaN	721	NaN	651	-8	360	100	100	0	405	15	12189	11	11777	27	12052	23	11921	19.475	-0.177
75.3	NaN	722	NaN	647	-7	362	100	100	0	406	16	12223	12	11803	29	12061	24	11915	19.485	-0.413
75.4	NaN	735	NaN	674	-10	357	100	100	0	405	17	12248	13	11775	33	12077	25	11913	19.5	0.531
75.5	NaN	726	NaN	667	-10	360	100	100	0	404	17	12287	14	11766	32	12141	29	11888	19.517	1.463
75.6	NaN	737	NaN	667	-9	359	100	100	0	406	18	12257	16	11785	35	12186	29	11913	19.528	0.389
75.7	NaN	723	NaN	670	-6	359	100	100	0	402	15	12263	14	11810	29	12214	26	11908	19.546	-0.409
75.8	NaN	724	NaN	664	-8	357	100	100	0	403	15	12203	12	11854	28	12119	24	11937	19.543	-0.525
75.9	NaN	719	NaN	670	-4	361	100	100	0	404	14	12158	12	11857	26	12079	24	11917	19.523	-0.582
76	NaN	723	NaN	664	-4	360	100	100	0	404	15	12176	13	11889	29	12077	27	11915	19.503	0.195
76.1	NaN	718	NaN	677	-3	360	100	100	0	403	16	12189	13	11868	28	12060	25	11903	19.496	0.552
76.2	NaN	719	NaN	680	-4	360	100	100	0	404	13	12109	11	11903	25	11989	24	11937	19.484	0.521
76.3	NaN	722	NaN	714	3	359	100	100	0	404	12	12044	11	11923	22	11932	23	11933	19.462	0.331
76.4	NaN	722	NaN	669	3	359	100	100	0	406	11	11975	11	11967	22	11831	24	11974	19.44	0.483
76.5	NaN	726	NaN	697	4	357	100	100	0	405	11	11911	12	11961	19	11838	22	11998	19.429	1.188
76.6	NaN	746	NaN	689	4	357	35	29	0	405	13	11926	15	11933	25	11834	26	12010	19.437	0.818
76.7	NaN	763	NaN	672	4	357	0	0	0	406	-18	11711	-16	11780	-13	11605	-12	11759	19.251	-2.006
76.8	NaN	704	NaN	666.09375	3	358	0	0	0	404	-38	11432	-35	11408	-27	11190	-27	11435	18.864	-4.851
76.9	NaN	687	NaN	664.1875	0	358	0	0	0	402	-40	11133	-40	11085	-30	10997	-29	11056	18.362	-4.541
77	NaN	685	NaN	662.28125	3	361	0	0	0	402	-41	10786	-40	10683	-31	10698	-29	10723	17.78	-4.105
77.1	NaN	697	NaN	660.375	1	358	0	0	0	405	-40	10684	-39	10556	-30	10465	-29	10458	17.282	-4.594
77.2	NaN	690	NaN	658.46875	3	361	0	0	0	402	-41	10088	-39	10135	-31	9886	-30	10068	16.69	-6.018
77.3	NaN	693	NaN	656.5625	5	363	0	0	0	404	-40	9905	-38	9867	-32	9831	-30	9892	16.179	-6.485
77.4	NaN	695	NaN	654.65625	5	384	0	0	0	420	-40	9428	-37	9486	-33	9349	-30	9517	15.493	-6.351
77.5	NaN	690	NaN	652.75	4	470	0	0	0	499	-40	9045	-38	9159	-32	9063	-30	9218	14.878	-6.547
77.6	NaN	689	NaN	650.84375	9	565	0	0	0	562	-40	8495	-37	8645	-32	8361	-31	8628	14.154	-14.347
77.7	NaN	724	NaN	648.9375	17	702	0	0	0	657	-37	8664	-39	8910	-35	7528	-30	8032	13.271	-16.507
77.8	NaN	731	NaN	647.03125	18	381	0	0	0	423	-41	7178	-34	7824	-32	6739	-29	7559	12.382	-4.205
77.9	NaN	742	NaN	645.125	20	357	0	0	0	401	-42	6883	-33	7473	-36	6553	-29	7501	11.781	-4.793
78	NaN	736	NaN	643.21875	40	360	0	0	0	402	-45	6091	-29	7283	-40	4721	-27	7202	11.188	-5.697
78.1	NaN	732	NaN	641.3125	49	362	0	0	0	405	-45	5864	-28	6953	-42	2535	-25	7084	10.705	-4.861
78.2	NaN	735	NaN	639.40625	58	363	0	0	0	406	-48	5220	-27	6856	-43	560	-23	6837	10.301	-4.882
78.3	NaN	727	NaN	659	57	361	36	32	0	403	-3	5167	-1	6489	-2	3248	-1	6484	9.825	-1.077
78.4	NaN	722.5555556	NaN	658	27	360	38	33	0	404	9	5411	19	6592	21	5659	45	6778	9.628	3.09
78.5	NaN	722.1111111	NaN	645	22	360	27	20	0	405	8	5458	13	6467	2	5607	3	6433	9.666	0.656
78.6	NaN	721.6666667	NaN	671	39	365	23	16	0	406	-1	5395	-0	6156	-0	5220	-0	6154	9.477	-1.145
78.7	NaN	721.2222222	NaN	637	67	362	18	16	0	404	-9	4604	-4	5764	-10	4965	-5	5857	9.209	-2.924
78.8	NaN	720.7777778	NaN	720	66	361	32	28	0	408	1	5040	12	5886	3	5000	29	5988	9.003	-2.562
78.9	NaN	720.3333333	NaN	706	68	359	32	28	0	405	1	4977	12	5885	4	4888	29	5893	8.827	-1.622
79	NaN	719.8888889	NaN	703	66	363	33	30	0	407	2	4879	14	6027	4	4722	34	5936	8.758	-1.067
79.1	NaN	719.4444444	NaN	749	72	360	34	31	0	405	1	4835	17	5875	4	4785	41	5900	8.732	0.086
79.2	NaN	746	NaN	638	70	358	51	48	0	405	5	4880	58	6165	15	4829	138	6156	8.878	0.559
79.3	NaN	782	NaN	626	72	360	50	43	0	405	5	4979	55	6475	12	5009	130	6689	9.165	3.434
79.4	NaN	749	NaN	622	72	359	50	43	0	406	6	5015	55	6644	13	5061	130	6957	9.359	3.725
79.5	NaN	748	NaN	642	63	360	50	44	0	403	8	5127	53	6778	18	5330	128	7236	9.497	3.372
79.6	NaN	746	NaN	602	37	358	50	44	0	403	16	5234	44	6671	39	5764	105	7186	9.643	4.02
79.7	NaN	758	NaN	613	9	362	51	50	0	406	32	5814	40	6600	79	6978	90	7026	9.869	4.708
79.8	NaN	762	NaN	607	5	359	64	63	0	405	47	7684	56	6618	114	9066	134	7174	10.299	4.572
79.9	NaN	734.1111111	NaN	576	19	358	94	92	0	406	80	11733	118	7869	188	12115	203	7308	11.025	6.659
80	NaN	734.7222222	NaN	600	42	358	49	43	0	407	17	11714	54	8199	37	8946	118	7323	11.766	11.918
80.1	NaN	735.3333333	NaN	607	27	360	72	67	0	408	45	8640	84	8380	106	7593	193	8148	12.429	11.956
80.2	NaN	735.9444444	NaN	575	21	360	81	79	0	407	56	7923	93	8502	130	8004	196	8566	13.171	9.346
80.3	NaN	736.5555556	NaN	617	20	359	75	71	0	406	63	9176	90	8911	117	8817	180	9185	13.969	10.768
80.4	NaN	737.1666667	NaN	589	15	361	75	70	0	406	58	10846	86	9506	121	9054	176	9545	14.843	7.81
80.5	NaN	737.7777778	NaN	612	4	359	48	46	0	406	32	9753	34	9763	70	9667	71	9884	15.442	4.973
80.6	NaN	738.3888889	NaN	668	3	369	10	5	0	407	-4	9711	-5	9716	-6	9571	-7	9739	15.905	1.164
80.7	NaN	736	NaN	701	1	537	0	0	0	511	-23	9469	-23	9439	-19	9326	-18	9413	15.562	-4.65
80.8	NaN	706	NaN	733	-3	691	0	0	0	630	-38	8875	-39	8805	-31	8659	-32	8694	14.849	-9.06
80.9	NaN	715	NaN	731	-10	530	0	0	0	535	-36	8477	-40	8211	-30	8307	-34	7911	14.044	-8.533
81	NaN	712	NaN	738	-29	359	0	0	0	400	-32	8205	-43	7495	-27	8127	-37	7461	13.171	-6.148
81.1	NaN	706	NaN	738	-33	361	0	0	0	403	-32	8118	-45	7185	-28	8024	-37	6323	12.601	-5.934
81.2	NaN	702	NaN	749	-41	364	0	0	0	402	-30	7610	-45	6392	-26	7606	-39	4510	11.944	-5.764
81.3	NaN	709	NaN	820	-50	360	0	0	0	402	-29	7436	-46	6005	-25	7389	-40	1791	11.359	-5.314
81.4	NaN	724	NaN	751	-32	362	22	24	0	404	0	7267	0	5830	0	7145	-1	1134	10.66	-1.083
81.5	NaN	752	NaN	705	-28	357	44	46	0	402	36	7290	18	5863	85	7543	42	5423	10.479	2.929
81.6	NaN	724	NaN	653	-31	360	52	54	0	404	52	7376	25	6302	122	7986	59	8066	10.546	4.54
81.7	NaN	727	NaN	647	-14	362	52	54	0	404	47	7330	31	6667	107	7638	75	7690	10.776	5.942
81.8	NaN	742	NaN	653	-14	356	47	46	0	407	34	7384	27	7358	78	7536	62	8842	11.205	5.114
81.9	NaN	748	NaN	728	-35	362	48	45	0	404	45	7503	18	6991	100	7563	41	8634	11.468	4.147
82	NaN	738.2380952	NaN	665	-34	362	21	16	0	406	4	7376	3	6844	1	7297	2	6887	11.595	1.414
82.1	NaN	741.4484127	NaN	665	-43	359	19	19	0	403	-1	7269	-2	6713	-1	7190	-2	6440	11.516	-2.875
82.2	NaN	744.6587302	NaN	670	-38	360	22	21	0	404	0	7492	0	6505	0	7417	0	6073	11.273	-1.391
82.3	NaN	747.8690476	NaN	655	-32	363	28	27	0	404	3	7367	1	6416	9	7306	4	6289	11.082	-1.189
82.4	NaN	751.0793651	NaN	680	-25	363	24	21	0	403	-0	7175	0	6357	-0	6973	0	6210	10.962	-1.451
82.5	NaN	754.2896825	NaN	664	-10	362	24	16	0	405	0	6975	0	6332	-2	6748	-2	6392	10.824	-0.23
82.6	NaN	750	NaN	688	4	358	40	40	0	405	15	6658	18	6614	40	6605	46	6704	10.847	0.111
82.7	NaN	796	NaN	781	31	360	34	27	0	407	5	6499	10	6782	12	6469	23	6849	10.853	0.295
82.8	NaN	811	NaN	776	69	362	32	26	0	406	1	6114	10	6838	3	6170	23	6937	10.742	-1.03
82.9	NaN	819	NaN	762	70	358	32	26	0	403	1	5947	10	6892	2	5881	24	6967	10.548	-2.28
83	NaN	794	NaN	767	71	363	30	24	0	405	0	5773	6	6729	1	5780	11	6759	10.366	-2.494
83.1	NaN	815	NaN	717	65	360	33	29	0	407	2	5725	13	6829	5	5675	32	6876	10.159	-1.944
83.2	NaN	802	NaN	690	64	359	36	32	0	404	3	5662	20	6679	7	5648	49	6778	10.093	-0.401
83.3	NaN	758	NaN	660	60	357	42	39	0	404	6	5744	37	6872	15	5724	87	6926	10.114	1.12
83.4	NaN	757	NaN	620	52	361	43	39	0	404	8	5862	36	6892	21	6042	84	6976	10.241	1.691
83.5	NaN	779	NaN	621	50	361	43	39	0	404	9	5888	35	6962	23	8726	81	7188	10.396	2.445
83.6	NaN	750	NaN	630	50	361	43	38	0	404	10	5938	35	7141	22	6756	79	7223	10.501	3.422
83.7	NaN	770	NaN	625	46	364	46	43	0	406	13	6135	42	7154	30	6207	99	7300	10.628	1.721
83.8	NaN	758	NaN	610	45	359	47	45	0	407	15	6607	45	7207	34	6505	105	7390	10.81	2.402
83.9	NaN	744	NaN	597	45	363	48	45	0	406	15	6565	45	7356	35	6486	104	7419	11.036	2.333
84	NaN	749	NaN	607	45	361	48	45	0	406	14	6609	45	7407	34	6572	105	7476	11.28	2.62
84.1	NaN	754	NaN	605	43	359	49	46	0	404	16	6844	46	7676	37	6795	107	7706	11.54	2.857
84.2	NaN	746	NaN	634	43	361	50	48	0	404	17	6893	48	7772	37	6843	109	7846	11.765	3
84.3	NaN	728	NaN	639	36	359	51	51	0	405	21	7306	52	8044	47	7158	117	8125	12.06	3.724
84.4	NaN	751	NaN	606	15	360	51	51	0	402	27	7363	46	8063	63	7378	105	8264	12.472	4.867
84.5	NaN	724	NaN	664	9	360	51	50	0	403	34	7996	40	8121	75	7955	88	8192	12.859	4.281
84.6	NaN	720	NaN	629	6	357	51	45	0	404	30	8146	37	8287	68	8160	77	8394	13.292	3.935
84.7	NaN	752	NaN	686	-20	362	45	41	0	404	31	8614	20	8225	67	8499	43	8365	13.546	2.865
84.8	NaN	739	NaN	650	-32	359	50	51	0	403	44	9044	23	8212	94	8925	51	8419	13.788	3.013
84.9	NaN	743	NaN	706	-46	357	40	37	0	402	33	9183	10	8145	73	9186	22	8284	13.905	2.281
85	NaN	743	NaN	684	-43	362	35	33	0	403	19	9108	7	8043	41	9080	15	8171	13.94	-0.924
85.1	NaN	740	NaN	672	-35	356	35	33	0	403	18	9095	8	7972	40	9063	17	8088	13.823	-1.155
85.2	NaN	720	NaN	671	-34	357	38	39	0	400	23	8931	11	7986	49	8942	24	8135	13.707	-0.915
85.3	NaN	726	NaN	650	-29	358	49	50	0	402	29	9028	14	8057	65	9013	32	8234	13.791	1.45
85.4	NaN	718	NaN	627	-20	360	52	49	0	404	47	9138	29	8528	104	9127	62	8555	14.03	4.378
85.5	NaN	716	NaN	622	-15	357	52	49	0	405	45	9264	30	8699	98	9292	63	8678	14.412	5.144
85.6	NaN	730	NaN	617	14	360	49	43	0	403	28	9248	37	9249	58	9266	77	9194	14.883	4.23
85.7	NaN	711	NaN	632	24	357	49	46	0	404	22	9156	39	9469	48	9188	81	9597	15.156	1.495
85.8	NaN	737	NaN	626	41	359	45	39	0	407	14	9161	37	9803	29	9104	77	9918	15.336	1.047
85.9	NaN	756	NaN	612	38	355	45	39	0	407	15	9161	35	9945	31	9149	75	10007	15.404	0.813
86	NaN	740	NaN	599	31	359	45	41	0	406	18	9332	35	9969	36	9241	73	10064	15.5	0.851
86.1	NaN	736	NaN	592	20	359	46	44	0	404	21	9367	37	9956	45	9397	77	10098	15.68	2.062
86.2	NaN	711	NaN	581	19	358	52	50	0	405	32	9769	47	10083	65	9748	98	10256	15.95	3.583
86.3	NaN	710	NaN	593	17	360	52	51	0	406	32	9889	48	10248	65	9877	99	10367	16.209	3.546
86.4	NaN	682	NaN	575	17	361	52	51	0	406	33	10166	48	10557	68	10133	102	10651	16.549	3.979
86.5	NaN	719	NaN	588	6	362	52	48	0	404	35	10298	47	10696	71	10201	94	10777	16.941	3.978
86.6	NaN	683	NaN	625	-10	361	48	45	0	404	37	10826	30	10641	72	10727	58	10698	17.232	3.263
86.7	NaN	760	NaN	621	-15	361	48	45	0	404	39	11162	28	10630	75	11111	55	10709	17.524	2.348
86.8	NaN	723	NaN	621	-17	359	47	46	0	402	40	11318	29	10745	77	11242	56	10869	17.734	2.03
86.9	NaN	697	NaN	604	-19	357	48	50	0	404	46	11599	32	10933	92	11589	61	11034	18.005	2.706
87	NaN	794	NaN	611	-20	360	52	54	0	404	47	11801	32	10976	88	11810	63	11225	18.229	3.475
87.1	NaN	714	NaN	623	-18	358	62	64	0	402	42	11932	28	11237	80	11887	55	11289	18.483	3.171
87.2	NaN	741	NaN	621	-15	359	66	68	0	403	41	11949	29	11286	79	11892	54	11329	18.644	2.717
87.3	NaN	713	NaN	628	-4	357	100	100	0	401	28	11873	25	11508	53	11818	46	11559	18.824	0.696
87.4	NaN	711	NaN	619	-5	358	100	100	0	403	26	11889	25	11533	51	11812	45	11629	18.93	0.916
87.5	NaN	713	NaN	631	-3	358	100	100	0	404	25	11905	23	11622	45	11882	42	11707	19.035	-0.297
87.6	NaN	729	NaN	634	1	359	100	100	0	404	21	11902	21	11655	41	11826	40	11726	19.087	-0.14
87.7	NaN	728	NaN	648	4	357	100	100	0	405	18	11734	21	11814	33	11700	36	11861	19.107	-0.298
87.8	NaN	724	NaN	644	5	359	100	100	0	403	17	11779	20	11808	32	11715	36	11889	19.137	0.153
87.9	NaN	718	NaN	650	6	361	100	100	0	405	16	11769	19	11904	31	11719	37	11914	19.161	-0.094
88	NaN	718	NaN	645	8	363	100	100	0	403	16	11778	20	11854	32	11751	36	11955	19.159	0.413
88.1	NaN	721	NaN	667	6	359	100	100	0	405	15	11790	17	11921	29	11731	31	11938	19.165	-0.015
88.2	NaN	713	NaN	643	8	362	100	100	0	404	15	11785	19	11884	29	11758	34	11934	19.186	0.722
88.3	NaN	739	NaN	670	6	360	100	100	0	406	16	11793	17	11917	29	11744	32	11915	19.186	0.204
88.4	NaN	721	NaN	648	4	359	100	100	0	405	16	11827	16	11913	30	11786	30	11923	19.181	0.46
88.5	NaN	725	NaN	699	3	359	100	100	0	404	14	11892	15	11858	25	11801	27	11859	19.187	0.965
88.6	NaN	734	NaN	706	2	357	100	100	0	404	15	11868	15	11816	26	11740	30	11832	19.174	0.715
88.7	NaN	724	NaN	663	5	360	100	100	0	404	15	11829	16	11874	26	11742	28	11860	19.147	-0.105
88.8	NaN	740	NaN	652	3	357	100	100	0	403	15	11854	15	11780	27	11712	30	11870	19.144	0.493
88.9	NaN	771	NaN	668	3	358	100	100	0	403	15	11816	17	11882	28	11730	30	11870	19.147	1.219
89	NaN	735	NaN	683	4	361	100	100	0	402	13	11877	15	11752	26	11726	29	11867	19.134	0.506
89.1	NaN	755	NaN	680	4	363	100	100	0	404	14	11817	15	11824	26	11733	27	11837	19.135	0.524
89.2	NaN	744	NaN	668	3	357	100	100	0	404	14	11875	15	11771	26	11721	31	11880	19.156	0.638
89.3	NaN	737	NaN	669	6	363	100	100	0	405	14	11851	15	11776	26	11727	29	11862	19.161	0.657
89.4	NaN	770	NaN	660	6	362	100	100	0	404	15	11868	16	11807	27	11711	32	11914	19.169	0.207
89.5	NaN	742	NaN	652	7	359	100	100	0	403	13	11856	16	11818	26	11724	28	11886	19.165	-0.666
89.6	NaN	789	NaN	654	4	358	0	0	0	404	-11	11693	-8	11667	-6	11515	-6	11731	19.033	-3.478
89.7	NaN	729	NaN	694	5	360	0	0	0	403	-22	11580	-21	11511	-17	11382	-15	11569	18.636	-5.065
89.8	NaN	691	NaN	693	3	360	0	0	0	403	-40	11086	-39	11047	-30	10896	-29	11065	18.133	-5.81
89.9	NaN	684	NaN	685	3	361	0	0	0	405	-41	10895	-40	10783	-31	10759	-29	10866	17.601	-5.669
90	NaN	691	NaN	709	5	357	0	0	0	402	-40	10415	-39	10348	-31	10297	-29	10437	17.048	-5.829
90.1	NaN	691	NaN	697	5	357	0	0	0	402	-40	10297	-39	10251	-31	10071	-30	9993	16.505	-6.454
90.2	NaN	684	NaN	737	4	356	0	0	0	404	-39	9782	-38	9843	-31	9649	-30	9708	15.959	-4.539
90.3	NaN	688	NaN	710	6	360	0	0	0	400	-40	9495	-37	9568	-32	9380	-30	9557	15.56	-4.624
90.4	NaN	689	NaN	756	8	357	0	0	0	402	-40	8893	-37	9081	-33	8871	-30	9174	15.061	-6.413
90.5	NaN	677	NaN	754	6	361	0	0	0	406	-40	8861	-37	9117	-34	8565	-30	8975	14.478	-6.162
90.6	NaN	693	NaN	745	5	461	0	0	0	483	-39	8371	-37	8412	-33	8150	-31	8382	13.913	-6.101
90.7	NaN	694	NaN	734	5	536	0	0	0	545	-41	7788	-37	8603	-34	7929	-32	8070	13.166	-7.008
90.8	NaN	722	NaN	738	9	451	0	0	0	448	-39	7356	-36	7256	-36	7622	-31	7309	12.48	-5.737
90.9	NaN	690	NaN	745	25	387	0	0	0	424	-42	6923	-33	7355	-37	5764	-28	7287	11.795	-6.042
91	NaN	730	NaN	750	58	363	0	0	0	398	-47	5873	-27	6930	-42	6232	-24	7076	11.224	-6.705
91.1	NaN	735	NaN	716	62	363	0	0	0	400	-48	5542	-26	6730	-44	2940	-23	6852	10.541	-7.158
91.2	NaN	734	NaN	769	63	360	0	0	0	403	-48	5012	-25	6478	-45	1229	-23	6527	9.961	-6.133
91.3	NaN	698.3333333	NaN	640	62	359	21	17	0	403	-17	4785	-8	6148	-17	615	-9	6224	9.284	-4.102
91.4	NaN	703.1666667	NaN	672	61	359	32	29	0	403	2	4802	13	6168	5	1459	31	6339	8.944	-1.186
91.5	NaN	737	NaN	627	52	363	47	44	0	403	12	4953	46	6343	29	5130	107	6916	8.758	2.428
91.6	NaN	726	NaN	635	45	360	53	50	0	404	14	4826	50	6231	36	5518	119	6733	8.891	3.503
91.7	NaN	751	NaN	611	-2	362	58	54	0	404	44	7005	43	6318	104	8027	101	6960	9.128	6.429
91.8	NaN	762	NaN	624	-9	362	54	50	0	403	42	9607	35	6237	98	9529	79	6656	9.484	5.938
91.9	NaN	727	NaN	612	2	361	65	61	0	407	54	8117	53	6598	126	13225	128	6911	9.961	6.714
92	NaN	694	NaN	666	12	357	66	61	0	402	48	10376	59	6734	112	13037	141	6931	10.556	7.433
92.1	NaN	759	NaN	711.2222222	-20	355	53	51	0	404	49	11096	32	6930	114	8665	77	7009	11.248	4.681
92.2	NaN	723	NaN	709.4444444	-32	359	34	31	0	404	17	7287	8	6809	35	7398	17	6879	11.574	2.291
92.3	NaN	753	NaN	707.6666667	-36	358	58	61	0	403	36	7787	15	6841	81	7753	35	6980	11.612	2.354
92.4	NaN	716	NaN	705.8888889	-37	359	60	60	0	404	48	7926	20	6963	110	7882	46	6992	11.846	4.539
92.5	NaN	700	NaN	704.1111111	-29	356	67	66	0	405	79	8479	41	7580	175	8453	90	7839	12.4	6.028
92.6	NaN	713	NaN	702.3333333	-24	357	70	68	0	406	83	8473	44	8925	192	8862	98	8434	13.149	7.758
92.7	NaN	703	NaN	700.5555556	-19	359	65	60	0	402	71	9707	46	11913	137	9216	95	8641	13.752	6.791
92.8	NaN	661	NaN	698.7777778	6	363	63	62	0	406	53	9306	60	10164	113	9490	123	9137	14.487	6.851
92.9	NaN	671	NaN	697	25	360	64	60	0	407	39	9351	67	9728	84	9248	144	9861	15.055	7.161
93	NaN	652	NaN	695.2222222	27	362	66	63	0	406	41	10578	79	10435	86	9679	161	10394	15.718	5.328
93.1	NaN	660	NaN	693.4444444	25	357	66	62	0	407	45	10659	75	10700	91	10153	152	10717	16.28	5.959
93.2	NaN	702	NaN	691.6666667	22	363	64	58	0	408	43	11492	69	10954	86	10374	138	10967	16.934	5.287
93.3	NaN	687	NaN	689.8888889	23	363	57	49	0	407	35	11446	58	10976	67	10684	111	11087	17.379	5.597
93.4	NaN	690	NaN	688.1111111	17	358	56	50	0	406	36	11529	51	11255	69	10983	102	11411	17.854	4.55
93.5	NaN	667	NaN	686.3333333	17	357	56	53	0	405	35	11090	50	11435	66	11150	94	11516	18.161	3.895
93.6	NaN	706	NaN	684.5555556	15	361	67	65	0	406	27	11298	38	11635	53	11221	74	11797	18.533	3.167
93.7	NaN	711	NaN	682.7777778	17	357	73	71	0	405	28	11451	38	11747	54	11347	71	11821	18.765	1.998
93.8	NaN	719	NaN	659	1	361	100	100	0	404	23	11595	24	11720	43	11490	48	11743	18.907	1.256
93.9	NaN	691	NaN	674	0	363	100	100	0	406	19	11770	19	11643	38	11696	37	11694	18.991	0.836
94	NaN	694	NaN	682	-2	357	100	100	0	402	18	11874	17	11639	35	11813	33	11733	19.104	1.114
94.1	NaN	700	NaN	674	-5	358	100	100	0	404	17	11855	14	11663	32	11824	29	11723	19.173	1.226
94.2	NaN	699	NaN	658	-8	359	100	100	0	404	19	12046	17	11618	37	11988	31	11704	19.222	0.669
94.3	NaN	706	NaN	689	-9	357	100	100	0	403	18	12088	14	11660	33	12038	27	11718	19.26	-0.116
94.4	NaN	705	NaN	659	-5	359	100	100	0	406	14	12200	12	11834	25	12001	23	11797	19.264	1.424
94.5	NaN	714	NaN	682	-4	357	100	100	0	406	13	11985	13	11759	25	11976	24	11843	19.292	1.929
94.6	NaN	726	NaN	664	-4	363	100	100	0	404	13	12106	11	11752	24	12027	23	11822	19.319	0.403
94.7	NaN	727	NaN	680	-7	360	100	100	0	403	13	12046	11	11769	31	11924	28	11811	19.275	-0.646
94.8	NaN	700	NaN	664	-7	357	71	66	0	403	16	12038	15	11674	31	11979	28	11776	19.272	-1.854
94.9	NaN	705	NaN	645	-4	357	29	24	0	404	3	11967	2	11737	5	11898	6	11704	19.221	-2.28
95	NaN	732	NaN	622	0	359	0	0	0	402	-17	11698	-16	11489	-10	11506	-11	11467	18.953	-2.604
95.1	NaN	685	NaN	705	7	359	0	0	0	402	-37	11230	-35	11326	-26	11140	-26	11308	18.577	-5.318
95.2	NaN	675	NaN	691	8	418	0	0	0	424	-41	10926	-39	10960	-32	10718	-29	10976	18.07	-6.104
95.3	NaN	672	NaN	713	8	461	0	0	0	478	-41	10474	-39	10466	-31	10162	-29	10532	17.364	-6.809
95.4	NaN	678	NaN	743	9	481	0	0	0	523	-41	10229	-39	10247	-33	9783	-29	10280	16.704	-6.407
95.5	NaN	683	NaN	697	10	471	0	0	0	455	-41	9513	-38	9697	-33	9384	-29	9648	15.924	-6.417
95.6	NaN	678	NaN	711	9	664	0	0	0	646	-41	9106	-37	9427	-33	8913	-30	9245	15.105	-8.261
95.7	NaN	706	NaN	729	11	755	0	0	0	719	-40	8035	-36	8366	-34	7502	-30	8199	13.803	-9.533
95.8	NaN	710	NaN	727	8	519	0	0	0	512	-40	7715	-35	8190	-34	7391	-31	8108	12.966	-6.337
95.9	NaN	703	NaN	712	-11	361	0	0	0	401	-36	7581	-39	7462	-31	7472	-34	7388	12.382	-5.277
96	NaN	711	NaN	722	-26	362	0	0	0	403	-33	7492	-42	7105	-29	7432	-37	6982	11.813	-5.609
96.1	NaN	704.1	NaN	722	-52	362	8	10	0	402	-16	7293	-28	6019	-14	7290	-24	4214	11.226	-5.271
96.2	NaN	704.2	NaN	834	-54	361	9	11	0	403	-14	7111	-25	5901	-13	7096	-22	3464	10.774	-4.408
96.3	NaN	704.3	NaN	722	-34	364	20	22	0	404	-1	7006	-2	5865	-2	6842	-4	3300	10.342	-2.535
96.4	NaN	704.4	NaN	722	-23	358	28	29	0	403	2	6912	1	5748	6	6852	3	5594	10.169	-0.162
96.5	NaN	704.5	NaN	720	3	358	46	45	0	406	25	6447	27	6376	59	6427	62	6467	10.343	2.566
96.6	NaN	704.6	NaN	600	10	363	48	45	0	405	27	6495	33	6640	63	6507	78	6682	10.626	2.907
96.7	NaN	704.7	NaN	599	46	363	46	40	0	405	13	6470	38	7234	29	6461	88	7240	10.85	1.507
96.8	NaN	704.8	NaN	662	41	363	32	26	0	404	8	6478	-4	7192	-6	6214	-4	7127	11.026	-1.349
96.9	NaN	704.9	NaN	683	23	361	12	9	0	401	-20	6312	-16	6873	-18	6129	-14	6879	10.782	-3.316
97	NaN	705	NaN	668	33	361	27	28	0	404	2	6210	3	6794	4	6134	9	6769	10.49	-2.182
97.1	NaN	705.1	NaN	707	48	362	28	28	0	403	2	5988	6	6765	5	5940	15	6771	10.382	-2.177
97.2	NaN	705.2	NaN	641	69	362	28	25	0	404	0	5802	3	6722	1	5671	7	6725	10.193	-3.764
97.3	NaN	705.3	NaN	672	69	363	26	24	0	404	0	5557	0	6537	0	5426	0	6599	9.919	-4.271
97.4	NaN	705.4	NaN	641	64	360	29	30	0	402	1	5436	10	6537	3	5280	24	6555	9.657	-3.14
97.5	NaN	746	NaN	621	58	359	44	44	0	402	6	5446	36	6693	16	5417	90	6757	9.713	0.337
97.6	NaN	706	NaN	591	58	360	54	54	0	405	13	5856	67	7104	31	5729	159	7244	10.029	4.328
97.7	NaN	711	NaN	607	57	361	54	53	0	406	14	6299	66	7123	33	5885	155	7191	10.415	4.44
97.8	NaN	735	NaN	580	48	358	54	53	0	405	18	6383	61	7580	42	6327	139	7751	10.784	4.015
97.9	NaN	700	NaN	561	44	356	66	67	0	404	24	7330	75	7545	58	7085	179	7863	11.285	6.409
98	NaN	646	NaN	579	19	361	87	87	0	405	65	7994	102	8183	147	11914	205	8511	11.918	8.163
98.1	NaN	630	NaN	567	8	357	97	96	0	405	87	7783	115	8494	174	14886	196	9418	12.591	7.472
98.2	NaN	638	NaN	558	12	361	100	100	0	404	79	20186	100	9328	173	16924	206	9396	13.407	9.995
98.3	NaN	636	NaN	572	-13	360	100	100	0	406	59	19754	94	9554	134	15526	207	11056	13.963	10.949
98.4	NaN	649	NaN	595	-4	358	98	93	0	407	72	24434	88	9466	214	12258	178	9553	14.793	9.798
98.5	NaN	632	NaN	581	4	358	78	74	0	406	104	23921	79	10755	128	11857	152	10128	15.848	8.923
98.6	NaN	675	NaN	589	-5	355	99	100	0	406	82	12434	53	10608	123	10698	102	10653	16.701	5.564
98.7	NaN	698	NaN	608	4	358	100	100	0	406	55	10947	49	10727	77	11014	93	10744	17.523	3.856
98.8	NaN	705	NaN	610	5	359	100	100	0	405	36	11211	39	11186	67	11190	75	11308	17.898	3.362
98.9	NaN	740	NaN	631	1	363	100	100	0	405	29	11450	31	11378	55	11397	58	11448	18.335	2.319
99	NaN	719	NaN	640	-2	365	100	100	0	404	25	11577	25	11438	49	11516	50	11541	18.556	2.537
99.1	NaN	707	NaN	640	0	361	100	100	0	405	25	11702	25	11602	47	11638	45	11618	18.772	1.598
99.2	NaN	747	NaN	659	-1	357	100	100	0	403	19	11725	17	11607	36	11665	34	11704	18.897	0.573
99.3	NaN	721	NaN	652	0	361	51	46	0	405	20	11808	21	11712	38	11762	38	11826	19.047	0.522
99.4	NaN	723	NaN	661	0	363	3	0	0	406	-4	11728	-4	11621	-6	11561	-6	11625	18.921	-1.862
99.5	NaN	717	NaN	717	1	484	0	0	0	517	-33	11135	-33	10913	-24	10972	-23	11062	18.603	-5.889
99.6	NaN	697	NaN	746	1	644	0	0	0	597	-41	10881	-40	10873	-32	10594	-30	10876	17.845	-7.91
99.7	NaN	724	NaN	764	-1	638	0	0	0	573	-40	10150	-40	10040	-29	9803	-31	9930	16.632	-11.239
99.8	NaN	724	NaN	760	2	482	0	0	0	490	-39	9893	-39	9815	-31	9674	-31	9730	15.879	-8.482
99.9	NaN	723	NaN	810	-2	597	0	0	0	612	-39	9190	-39	9132	-31	8804	-32	9132	15.083	-8.906
100	NaN	754	NaN	767	-2	706	0	0	0	648	-38	8827	-39	8790	-31	8673	-31	8777	14.204	-9.568
100.1	NaN	754	NaN	765	0	671	0	0	0	602	-38	8014	-38	7866	-33	7835	-32	7580	13.221	-8.614
100.2	NaN	772	NaN	796	3	646	0	0	0	582	-38	7652	-37	7606	-33	7496	-32	7679	12.4	-7.35
100.3	NaN	754	NaN	803	17	445	0	0	0	457	-40	6986	-34	7155	-36	6925	-30	7197	11.658	-6.217
100.4	NaN	761	NaN	827	38	391	0	0	0	422	-43	6446	-31	7070	-40	6058	-28	7113	11.206	-6.776
100.5	NaN	781	NaN	776	79	359	0	0	0	399	-51	4599	-23	6394	-47	3560	-20	6753	10.617	-7.033
100.6	NaN	782	NaN	765	76	358	0	0	0	403	-51	4839	-22	6393	-47	1765	-20	6558	9.959	-7.728
100.7	NaN	772	NaN	747	68	362	0	0	0	405	-49	3486	-24	5908	-0	268	-22	5993	9.278	-7.336
100.8	NaN	785	NaN	736	70	364	3	1	0	402	-49	4162	-24	5753	-45	502	-21	5707	8.509	-4.958
100.9	NaN	826	NaN	641	64	359	17	16	0	404	-11	3728	-6	5332	0	167	-6	5366	7.941	-3.527
101	NaN	840	NaN	721	42	363	30	30	0	405	1	3516	5	5067	5	2736	15	5183	7.257	-0.721
101.1	NaN	817	NaN	678	-13	362	46	48	0	406	28	3688	21	4924	71	5069	53	5346	7.127	1.251
101.2	NaN	780	NaN	623	-2	360	63	63	0	406	53	5419	48	4976	132	8890	117	5634	7.173	5.454
101.3	NaN	751	NaN	623	15	363	63	59	0	406	40	7443	58	5319	98	10413	145	5829	7.593	5.509
101.4	NaN	738	NaN	627	-14	360	63	61	0	406	55	8881	46	5382	140	12857	111	6191	8.134	6.371
101.5	NaN	794	NaN	695	-44	361	43	40	0	407	44	7788	15	5379	97	11443	34	5497	8.516	4.711
101.6	NaN	785	NaN	749	-46	362	40	40	0	404	20	6105	6	5056	48	5926	14	4986	8.967	0.582
101.7	NaN	768	NaN	744	-50	362	38	33	0	405	26	6171	7	5099	65	6147	16	5134	8.947	0.261
101.8	NaN	826	NaN	645	-65	359	30	30	0	401	11	5997	1	4919	29	5946	4	4831	8.829	-1.804
101.9	NaN	810	NaN	666	-68	357	33	34	0	403	16	6004	2	4884	43	5924	5	4821	8.819	0.086
102	NaN	770	NaN	707	-80	357	48	48	0	403	60	6646	3	4833	141	6652	7	4829	8.997	3.36
102.1	NaN	780	NaN	730	-74	362	53	52	0	403	70	6737	3	4833	169	6746	8	4934	9.282	5.209
102.2	NaN	814	NaN	665	-53	360	72	74	0	405	109	8170	24	5528	203	8463	57	5996	9.656	8.039
102.3	NaN	747	NaN	713.8548387	-38	356	74	73	0	405	96	8422	37	5604	196	7591	88	6363	10.1	11.595
102.4	NaN	669	NaN	713.7096774	1	362	93	88	0	404	87	10662	88	9335	202	9553	133	15055	10.596	11.259
102.5	NaN	688	NaN	709.9724246	-0	356	89	81	0	404	84	9548	86	12298	189	8328	161	14060	11.088	10.064
102.6	NaN	705	NaN	709.5900104	-5	358	100	100	0	406	82	8337	77	18782	186	8807	115	17420	11.614	7.493
102.7	NaN	699	NaN	709.2075963	-9	355	100	100	0	405	84	8628	68	20758	185	9335	98	18936	12.149	7.407
102.8	NaN	808	NaN	708.8251821	4	359	100	100	0	406	82	8864	-9	23027	184	9794	121	16848	12.691	7.338
102.9	NaN	872	NaN	708.442768	41	360	100	100	0	404	-0	8633	0	20957	89	9908	123	16405	13.257	5.882
103	NaN	885	NaN	708.0603538	49	361	100	100	0	407	-0	8575	-0	9281	69	8894	147	15768	13.884	7.4
103.1	NaN	875	NaN	707.6779396	23	362	100	100	0	408	-0	8538	0	9361	121	8571	133	15706	14.802	6.394
103.2	NaN	881	NaN	707.2955255	-4	362	100	100	0	405	-0	9114	-0	9529	198	9732	191	13239	15.424	7.77
103.3	NaN	895	NaN	706.9131113	-4	361	100	100	0	406	0	9585	-0	9588	179	11513	175	10094	16.156	6.851
103.4	NaN	901	NaN	706.5306972	-3	360	100	100	0	404	-0	10137	-0	9903	153	10685	152	10232	16.632	5.629
103.5	NaN	893	NaN	706.148283	-1	360	100	100	0	405	-0	10442	0	10180	142	10640	135	10598	17.205	4.538
103.6	NaN	885	NaN	705.7658689	4	362	100	100	0	405	-0	10518	0	10373	118	10749	132	10678	17.543	3.555
103.7	NaN	885	NaN	705.3834547	8	363	100	100	0	405	0	10570	-0	10805	91	10797	115	11055	17.954	2.791
103.8	NaN	885	NaN	705.0010406	9	363	100	100	0	407	0	10739	0	10866	89	10999	104	11209	18.219	2.516
103.9	NaN	882	NaN	704.6186264	6	364	96	91	0	405	0	11049	-0	11063	71	11137	81	11380	18.497	2.168
104	NaN	891	NaN	704.2362123	6	362	96	91	0	405	-1	11053	0	11063	68	11245	76	11426	18.674	2.034
104.1	NaN	885	NaN	703.8537981	8	364	74	68	0	407	-0	11231	0	11063	67	11334	76	11640	18.883	1.072
104.2	NaN	893	NaN	703.471384	8	364	58	52	0	406	-0	11280	0	11063	67	11448	75	11664	19.039	-0.36
104.3	NaN	909	NaN	703.0889698	5	387	0	0	0	419	-0	11380	-0	11063	-8	11246	-7	11500	19.02	-2.438
104.4	NaN	896	NaN	702.7065557	4	522	0	0	0	523	0	11260	0	11063	-14	11100	-15	11226	18.765	-3.658
104.5	NaN	935	NaN	702.3241415	11	841	0	0	0	772	-1	10483	-0	11063	-32	9624	-28	10273	18.09	-7.062
104.6	NaN	928	NaN	701.9417274	15	849	0	0	0	764	0	10094	0	11063	-31	8762	-28	10325	17.14	-9.599
104.7	NaN	968	NaN	701.5593132	10	750	0	0	0	683	0	9360	-0	11063	-33	5192	-29	9635	16.277	-8.626
104.8	NaN	992	NaN	701.1768991	12	692	0	0	0	623	0	8904	0	11063	-33	3858	-29	9265	15.37	-7.413
104.9	NaN	1007	NaN	700.7944849	13	735	0	0	0	685	0	8358	-0	11063	-34	564	-30	8587	14.698	-7.786
105	NaN	1034	NaN	700.4120708	7	611	0	0	0	572	-0	7904	0	11063	-1	1137	-31	7760	13.9	-7.866
105.1	NaN	1030	NaN	700.0296566	5	359	0	0	0	400	-0	7691	0	11063	-33	1845	-31	8055	13.441	-5.127
105.2	NaN	1027	NaN	699.6472425	22	363	0	0	0	404	-0	7525	0	11063	-36	1864	-28	7831	12.982	-2.701
105.3	NaN	1005	NaN	699.2648283	20	359	4	1	0	407	-0	7209	0	11063	-31	3244	-27	7617	12.642	-1.813
105.4	NaN	1031	NaN	698.8824142	21	364	15	13	0	403	-0	7040	0	11063	-11	6736	-9	7532	12.254	-0.905
105.5	NaN	1017	NaN	734	19	362	17	15	0	408	-0	7032	0	11063	-8	6820	-7	7460	12.12	-0.695
105.6	NaN	989	NaN	713	20	363	35	33	0	404	0	6964	-0	7412	22	6957	35	7443	11.967	-0.322
105.7	NaN	991	NaN	683	22	363	42	40	0	407	0	6983	0	7412	38	7035	61	7522	11.997	-1.267
105.8	NaN	1009	NaN	722	39	365	25	19	0	406	-0	6834	-0	7412	-0	6656	-1	7602	12.006	-1.777
105.9	NaN	1004	NaN	721	41	366	28	24	0	403	0	6741	0	7412	0	6585	0	7582	11.869	-1.875
106	NaN	965	NaN	641	31	362	52	48	0	407	20	7031	0	7569	53	8938	110	8078	11.939	-0.974
106.1	NaN	829	NaN	645	40	363	44	37	0	406	13	7202	43	7960	31	7176	72	8037	12.175	-0.054
106.2	NaN	967	NaN	725	59	364	15	10	0	407	-3	6790	-2	7611	-3	6783	-3	7760	12.176	-0.046
106.3	NaN	910	NaN	701	57	365	6	1	0	405	-15	6331	-8	7411	-13	6540	-7	7624	11.811	-2.523
106.4	NaN	959	NaN	711	51	360	19	16	0	405	-7	6327	-4	7353	-6	4847	-4	7413	11.425	-2.952
106.5	NaN	954	NaN	711	51	362	19	16	0	405	-6	6075	-3	7124	-5	6189	-3	7282	11.219	-2.11
106.6	NaN	957	NaN	708	54	358	19	16	0	404	-7	5830	-4	6928	-5	5673	-4	7031	10.926	-3.483
106.7	NaN	919	NaN	717	54	362	19	17	0	405	-5	5669	-3	6709	-5	5788	-3	6856	10.541	-3.234
106.8	NaN	816	NaN	674	53	360	51	48	0	407	14	6391	54	7181	31	6139	125	7277	10.559	-1.139
106.9	NaN	813	NaN	658	54	361	51	46	0	406	13	6236	57	7193	29	6242	121	7277	10.814	2.431
107	NaN	860	NaN	696	47	363	43	37	0	406	10	6369	35	7319	23	6366	75	7387	10.966	1.002
107.1	NaN	854	NaN	699.620912	46	362	42	38	0	405	10	6395	32	7304	24	6424	73	7512	11.145	-0.128
107.2	NaN	790	NaN	698.7269957	41	362	56	54	0	405	22	6949	61	7659	52	6931	144	7881	11.387	1.867
107.3	NaN	788	NaN	697.8330794	38	356	65	61	0	404	30	7795	77	7809	70	7896	169	8004	11.739	4.018
107.4	NaN	765	NaN	696.9391631	34	362	72	70	0	404	40	8884	93	8339	88	8360	202	8352	12.267	6.927
107.5	NaN	749	NaN	696.0452468	28	358	77	72	0	405	52	9299	92	8569	112	8400	202	8653	13.049	8.39
107.6	NaN	714	NaN	695.1513305	27	360	99	97	0	408	78	11748	138	9292	160	8636	202	8948	13.805	6.867
107.7	NaN	726	NaN	694.2574142	33	357	100	100	0	407	59	17454	130	10493	131	9249	200	9616	14.804	7.976
107.8	NaN	726	NaN	693.3634978	29	358	100	100	0	407	66	18384	118	10450	130	9462	194	9957	15.556	7.59
107.9	NaN	863	NaN	692.4695815	-6	357	100	100	0	407	69	19558	69	10413	131	10384	119	10487	16.602	8.049
108	NaN	772	NaN	691.5756652	-5	358	100	100	0	407	77	17437	58	10411	127	10609	117	10578	17.29	6.159
108.1	NaN	801	NaN	690.6817489	2	360	100	100	0	403	43	11157	43	11021	84	11112	84	11091	17.895	3.426
108.2	NaN	790	NaN	689.7878326	3	357	100	100	0	408	35	11216	36	11124	67	11196	73	11256	18.232	2.078
108.3	NaN	805	NaN	688.8939163	0	361	100	100	0	404	31	11503	31	11332	59	11384	59	11469	18.516	1.199
108.4	NaN	811	NaN	660	1	360	100	100	0	404	25	11517	25	11430	47	11492	48	11479	18.722	1.772
108.5	NaN	801	NaN	665	-0	362	100	100	0	405	25	11730	25	11484	48	11569	45	11587	18.87	1.85
108.6	NaN	822	NaN	733	0	361	100	100	0	406	19	11733	19	11604	35	11668	36	11607	18.925	0.495
108.7	NaN	812	NaN	669	2	358	100	100	0	407	19	11822	22	11586	37	11681	39	11714	19.015	1.37
108.8	NaN	812	NaN	687	2	358	100	100	0	404	16	11790	17	11767	29	11735	30	11732	19.094	0.873
108.9	NaN	829	NaN	674	4	359	100	100	0	405	17	11814	20	11651	33	11697	35	11752	19.113	-0.144
109	NaN	837	NaN	698	3	360	100	100	0	404	15	11817	14	11782	29	11757	29	11869	19.124	-0.803
109.1	NaN	818	NaN	685	5	356	100	100	0	404	14	11812	17	11722	28	11697	30	11821	19.141	0.136
109.2	NaN	823	NaN	681	3	356	100	100	0	402	16	11774	17	11813	30	11731	34	11892	19.166	0.289
109.3	NaN	821	NaN	692	1	361	100	100	0	405	15	11827	16	11714	28	11725	30	11836	19.171	0.106
109.4	NaN	822	NaN	700	-1	359	100	100	0	406	17	11877	17	11749	30	11791	30	11825	19.171	0.298
109.5	NaN	832	NaN	667	1	358	100	100	0	406	17	11910	18	11714	32	11772	36	11799	19.171	0.554
109.6	NaN	804	NaN	689	3	355	100	100	0	403	14	11888	16	11788	26	11780	27	11832	19.153	0.381
109.7	NaN	823	NaN	678	4	359	100	100	0	405	17	11832	18	11784	31	11779	33	11875	19.148	0.504
109.8	NaN	818	NaN	702	4	358	68	64	0	406	14	11851	15	11821	24	11784	28	11839	19.153	1.211
109.9	NaN	808	NaN	683	3	360	40	34	0	405	16	11827	17	11790	32	11768	33	11860	19.032	-1.097
110	NaN	807	NaN	687.9022623	4	358	0	0	0	405	-27	11431	-29	11460	-21	11262	-21	11375	18.694	-4.432
110.1	NaN	812.3888889	NaN	687.8575665	6	360	0	0	0	403	-37	11189	-37	11293	-28	11118	-27	11267	18.193	-5.342
110.2	NaN	809.7777778	NaN	687.8128707	7	364	0	0	0	404	-40	10578	-39	10761	-31	10493	-30	10663	17.581	-6.44
110.3	NaN	807.1666667	NaN	687.7681749	7	359	0	0	0	405	-42	10557	-38	10561	-31	10384	-30	10544	17.046	-6.002
110.4	NaN	804.5555556	NaN	687.7234791	2	356	0	0	0	403	-40	10026	-38	9976	-32	9836	-30	9890	16.458	-5.304
110.5	NaN	801.9444444	NaN	687.6787833	3	354	0	0	0	403	-40	9846	-38	9881	-31	9691	-30	9786	16.042	-5.795
110.6	NaN	799.3333333	NaN	687.6340874	-12	357	0	0	0	402	-37	9478	-41	9172	-30	9368	-33	9088	15.523	-5.649
110.7	NaN	796.7222222	NaN	687.5893916	-15	362	0	0	0	402	-35	9405	-41	8906	-30	9241	-34	8877	14.9	-5.538
110.8	NaN	794.1111111	NaN	687.5446958	-29	359	28	30	0	403	-2	9199	-1	8250	5	9104	2	7755	14.452	-1.783
110.9	NaN	811	NaN	698	-30	359	43	45	0	403	38	9339	20	8301	82	9270	43	8491	14.135	3.514
111	NaN	806	NaN	665	-21	360	47	48	0	404	41	9452	23	8522	88	9456	51	8631	14.359	4.24
111.1	NaN	779	NaN	654	-8	356	48	46	0	405	37	9410	29	8801	76	9503	61	8979	14.635	4.651
111.2	NaN	785	NaN	634	20	360	48	39	0	404	23	9251	34	9445	47	9233	69	9501	14.894	2.551
111.3	NaN	776	NaN	616	26	363	48	42	0	406	23	9262	37	9777	48	9249	77	9849	15.3	1.462
111.4	NaN	784	NaN	617	29	364	47	43	0	404	22	9360	41	10004	42	9308	81	10004	15.572	1.976
111.5	NaN	792	NaN	637	31	363	42	36	0	405	13	9400	28	9964	30	9297	58	10098	15.693	1.338
111.6	NaN	791	NaN	639	27	358	41	36	0	408	14	9456	27	10106	31	9648	56	10136	15.752	-0.22
111.7	NaN	843	NaN	650	23	358	43	41	0	405	16	9453	26	10133	32	9431	55	10205	15.847	1.052
111.8	NaN	792	NaN	646	19	359	44	43	0	405	20	9565	32	10091	40	9518	65	10199	15.97	0.094
111.9	NaN	869	NaN	677	4	363	0	0	0	405	-7	9705	-7	9757	-6	9545	-5	9788	15.962	-3.575
112	NaN	799	NaN	715	6	542	0	0	0	501	-19	9647	-18	9647	-15	9531	-14	9652	15.467	-5.419
112.1	NaN	772	NaN	684.747589	3	624	0	0	0	591	-39	8620	-38	8686	-32	8475	-31	8685	14.655	-8.683
112.2	NaN	778	NaN	687.2228301	3	625	0	0	0	610	-40	8519	-38	8464	-33	8403	-31	8118	13.754	-10.583
112.3	NaN	797	NaN	689.6980712	-7	711	0	0	0	666	-36	7570	-39	7447	-31	7210	-34	7296	12.743	-10.015
112.4	NaN	797	NaN	692.1733123	-14	623	0	0	0	586	-35	7523	-39	7046	-31	7365	-34	6644	11.875	-7.869
112.5	NaN	790	NaN	694.6485534	-37	368	0	0	0	405	-30	6949	-45	6134	-27	6936	-39	6031	11.115	-6.132
112.6	NaN	786	NaN	697.1237945	-47	359	0	0	0	400	-29	6967	-45	5923	-26	6847	-41	5738	10.679	-6
112.7	NaN	785	NaN	699.5990356	-72	362	1	2	0	400	-22	6245	-48	4550	-20	6344	-42	2328	10.128	-5.694
112.8	NaN	805	NaN	702.0742767	-73	358	4	5	0	400	-19	6119	-40	4572	-17	6212	-37	439	9.454	-5.468
112.9	NaN	865	NaN	704.5495178	-69	358	29	31	0	401	12	5989	1	4583	29	6068	3	2237	8.96	-4.569
113	NaN	865	NaN	707.0247589	-71	362	52	55	0	402	65	6319	1	4583	157	6616	3	2827	8.545	-0.264
113.1	NaN	816	NaN	699	-61	359	64	65	0	402	94	7037	16	4870	201	6999	38	5390	8.728	4.047
113.2	NaN	803	NaN	655	-39	362	73	75	0	402	98	7387	31	5035	209	7774	77	6789	9.062	6.496
113.3	NaN	797	NaN	650	-12	360	63	59	0	405	56	6876	43	8001	134	7520	100	8571	9.307	8.207
113.4	NaN	745	NaN	633	17	362	64	64	0	405	44	6961	64	7059	102	8267	150	12581	9.742	7.288
113.5	NaN	770	NaN	641	37	359	63	55	0	407	29	6882	71	8820	69	7712	131	15554	10.198	5.906
113.6	NaN	771	NaN	663	43	361	53	48	0	403	19	6805	52	11205	45	6801	135	16139	10.749	5.833
113.7	NaN	781	NaN	636	41	360	54	47	0	406	19	6871	55	9482	42	6780	117	15505	11.402	5.419
113.8	NaN	834	NaN	724	-0	363	38	38	0	406	14	7239	14	7540	29	7078	35	7702	11.983	2.526
113.9	NaN	830	NaN	723	-7	357	38	39	0	404	18	7442	15	7410	41	7434	35	7497	12.13	1.38
114	NaN	819	NaN	708	-12	357	38	37	0	404	20	7858	15	7420	44	7771	35	7564	12.352	1.782
114.1	NaN	815	NaN	715	-8	355	38	37	0	404	20	7912	16	7609	44	7839	36	7596	12.508	0.188
114.2	NaN	947	NaN	711	-7	382	21	17	0	418	-0	7866	-0	7694	-0	7771	-0	7651	12.559	-1.808
114.3	NaN	928	NaN	703	-5	513	0	0	0	516	-6	7812	-6	7708	-5	7658	-5	7569	12.23	-4.574
114.4	NaN	776	NaN	703.0396142	-23	367	0	0	0	404	-33	7545	-41	6771	-28	7263	-35	6246	11.665	-6.395
114.5	NaN	765	NaN	706.7797107	-28	360	0	0	0	402	-33	7257	-41	6455	-29	7224	-36	6392	11.135	-4.674
114.6	NaN	828	NaN	710.5198071	-48	359	32	33	0	405	17	7229	5	6185	39	7215	12	6229	10.743	-1.25
114.7	NaN	845	NaN	714.2599036	-48	357	33	33	0	403	17	7155	5	6164	40	7076	12	6243	10.673	0.434
114.8	NaN	791	NaN	705	-35	360	47	48	0	404	43	7587	20	6585	100	7563	46	6632	10.765	1.904
114.9	NaN	808	NaN	737	-56	358	47	43	0	408	47	7496	15	6999	107	7456	33	6618	10.998	3.818
115	NaN	805	NaN	736	-41	361	46	44	0	404	42	7879	15	6648	97	7871	35	6820	11.232	1.956
115.1	NaN	811	NaN	756	-53	360	46	44	0	406	45	7875	13	6943	103	8000	26	6956	11.45	2.781
115.2	NaN	801	NaN	687	-21	360	53	49	0	404	49	8166	29	7040	110	8264	67	7441	11.68	2.726
115.3	NaN	798	NaN	722	-31	357	51	47	0	406	46	8210	24	7520	103	8253	54	8415	12.153	3.677
115.4	NaN	813	NaN	741	-40	360	44	40	0	402	36	8272	14	7670	80	8301	32	7761	12.379	1.325
115.5	NaN	806.875	NaN	701	-45	358	32	29	0	403	11	8314	4	7332	26	8289	9	7389	12.338	-1.377
115.6	NaN	804.25	NaN	721	-53	362	19	16	0	403	-4	7953	-7	6849	-4	8007	-6	7054	12.103	-2.411
115.7	NaN	801.625	NaN	683	-54	362	27	28	0	403	1	7921	0	6827	1	7940	0	6770	11.835	-2.431
115.8	NaN	799	NaN	724	-56	359	31	32	0	403	15	7927	3	6781	34	7995	9	6878	11.708	-1.192
115.9	NaN	796.375	NaN	725	-42	359	37	39	0	403	22	7971	5	6691	36	7888	11	6993	11.634	-0.28
116	NaN	793.75	NaN	759	-37	355	39	41	0	402	29	7989	12	6795	66	8011	29	7040	11.744	0.922
116.1	NaN	791.125	NaN	722	25	362	23	15	0	406	-0	7387	3	7102	-1	7308	-1	7222	11.882	-1.327
116.2	NaN	788.5	NaN	707	36	364	21	16	0	407	-6	7082	-5	7442	-6	7041	-4	7407	11.681	-2.454
116.3	NaN	785.875	NaN	715	53	362	21	18	0	403	-2	6627	-1	7454	-2	6508	-1	7488	11.42	-2.53
116.4	NaN	783.25	NaN	702	54	361	23	21	0	404	0	6496	0	7452	0	6336	0	7495	11.176	-1.67
116.5	NaN	780.625	NaN	691	54	362	42	40	0	406	8	6328	33	7387	19	6504	77	7537	10.976	0.127
116.6	NaN	804	NaN	716.6388889	50	361	44	43	0	407	10	6387	38	7448	25	6394	90	7631	11.043	1.293
116.7	NaN	825	NaN	715.2777778	22	358	53	54	0	405	28	7012	49	7646	64	7113	113	7791	11.342	2.964
116.8	NaN	824	NaN	713.9166667	12	359	60	61	0	404	40	7471	56	7631	92	7658	132	7926	11.85	5.121
116.9	NaN	771	NaN	712.5555556	-2	359	62	60	0	405	52	8123	52	8123	117	8067	113	8208	12.606	5.838
117	NaN	770	NaN	711.1944444	-13	359	57	54	0	405	49	8544	40	8275	108	8280	91	8265	13.343	5.85
117.1	NaN	760	NaN	709.8333333	-27	359	61	62	0	403	70	9285	40	8585	148	9257	84	8674	13.827	5.877
117.2	NaN	776	NaN	708.4722222	-41	360	66	66	0	405	89	10124	34	9366	186	9650	71	8876	14.499	6.392
117.3	NaN	742	NaN	707.1111111	-30	360	75	76	0	404	97	10493	51	9686	203	10323	106	10177	15.125	7.795
117.4	NaN	741	NaN	705.75	-24	358	79	79	0	405	83	10850	57	11546	165	10442	103	10181	16.091	7.877
117.5	NaN	746	NaN	704.3888889	-12	357	94	95	0	404	57	10802	41	10932	118	10778	88	10548	16.758	6.486
117.6	NaN	734	NaN	703.0277778	1	361	100	100	0	406	53	10847	56	10720	105	10839	112	10863	17.294	5.54
117.7	NaN	756	NaN	701.6666667	0	358	100	100	0	405	45	10946	48	10855	91	10994	92	11007	17.733	3.512
117.8	NaN	770	NaN	700.3055556	-0	357	100	100	0	405	37	11338	34	11136	73	11310	67	11299	18.187	2.598
117.9	NaN	781	NaN	698.9444444	-0	359	100	100	0	404	33	11428	30	11256	61	11379	60	11370	18.471	2.594
118	NaN	784	NaN	697.5833333	0	357	100	100	0	404	24	11640	26	11452	48	11588	47	11587	18.724	1.739
118.1	NaN	793	NaN	696.2222222	1	358	100	100	0	405	22	11660	21	11536	40	11572	43	11612	18.869	1.259
118.2	NaN	808	NaN	694.8611111	5	359	100	100	0	405	16	11753	18	11732	31	11669	34	11798	18.989	0.866
118.3	NaN	780	NaN	683	4	356	100	100	0	404	18	11745	19	11713	34	11665	38	11815	19.055	0.959
118.4	NaN	835	NaN	691	2	360	100	100	0	405	16	11874	15	11818	29	11782	30	11848	19.131	0.282
118.5	NaN	807	NaN	668	1	357	100	100	0	404	17	11868	16	11790	28	11761	29	11842	19.173	-0.889
118.6	NaN	785	NaN	697	2	361	100	100	0	406	12	11924	13	11895	23	11819	24	11884	19.209	-0.621
118.7	NaN	824	NaN	701	3	361	100	100	0	405	14	11872	15	11849	27	11791	31	11911	19.22	-0.658
118.8	NaN	791	NaN	690	4	357	100	100	0	405	11	11850	14	11887	22	11829	23	11933	19.264	-1.239
118.9	NaN	805	NaN	701	4	360	100	100	0	403	15	11867	16	11816	25	11787	26	11942	19.285	-0.248
119	NaN	779	NaN	695	3	358	100	100	0	404	12	11929	13	11921	23	11852	22	11932	19.286	0.093
119.1	NaN	803	NaN	703	2	359	100	100	0	405	11	11921	10	11899	20	11816	20	11903	19.31	-0.45
119.2	NaN	793	NaN	715	3	360	100	100	0	404	10	11979	11	11902	18	11887	21	11903	19.319	-0.732
119.3	NaN	808	NaN	706	2	357	100	100	0	404	12	11954	11	11877	19	11810	20	11889	19.327	0.018
119.4	NaN	796	NaN	747	4	361	100	100	0	403	11	11919	11	11911	19	11846	20	11919	19.324	-0.6
119.5	NaN	792	NaN	675	4	358	100	100	0	406	12	11928	13	11924	22	11798	23	11951	19.341	-0.484
119.6	NaN	786	NaN	683	4	357	100	100	0	406	12	11919	13	11978	21	11819	24	11972	19.357	0.284
119.7	NaN	804	NaN	667	4	357	100	100	0	407	13	11901	13	11920	24	11792	27	11981	19.372	0.303
119.8	NaN	783	NaN	683	6	362	100	100	0	405	11	11912	13	11982	22	11792	25	12000	19.375	-0.47
119.9	NaN	789	NaN	708	4	358	100	100	0	405	12	11920	14	11959	24	11826	27	12030	19.388	-0.707
120	NaN	788	NaN	691	5	361	100	100	0	403	10	11938	13	11948	22	11813	23	12003	19.398	-0.403
120.1	NaN	798	NaN	692	3	358	100	100	0	405	11	12000	13	11897	20	11872	24	12000	19.39	-0.503
120.2	NaN	791	NaN	702	4	362	100	100	0	403	11	11982	10	11913	19	11844	21	11964	19.376	-1.037
120.3	NaN	792	NaN	721	2	359	100	100	0	405	10	11986	12	11935	21	11898	21	11934	19.373	-1.141
120.4	NaN	788	NaN	693	3	362	100	100	0	405	11	11991	11	11857	19	11863	19	11938	19.377	-0.839
120.5	NaN	788	NaN	715	3	359	100	100	0	404	11	11973	12	11942	19	11884	21	11936	19.371	-0.845
120.6	NaN	800	NaN	691	4	362	100	100	0	404	12	11946	13	11856	21	11864	23	11981	19.36	-0.85
120.7	NaN	790	NaN	701	3	360	100	100	0	405	11	11978	11	11936	18	11898	18	11947	19.363	-0.356
120.8	NaN	791	NaN	752	3	361	100	100	0	406	12	11992	12	11855	23	11867	24	11956	19.374	-0.167
120.9	NaN	789	NaN	704	-5	359	100	100	0	404	11	11985	10	11908	19	11891	17	11892	19.373	-0.43
121	NaN	784	NaN	735	-5	356	100	100	0	404	12	12082	9	11819	20	11958	19	11836	19.371	-0.349
121.1	NaN	772	NaN	708	-7	359	100	100	0	401	14	12163	13	11814	26	12051	22	11834	19.391	0.187
121.2	NaN	806	NaN	712	-7	357	100	100	0	402	13	12176	11	11806	23	12083	20	11805	19.433	-0.006
121.3	NaN	787	NaN	768	-8	357	100	100	0	404	12	12200	12	11835	21	12031	20	11906	19.469	0.893
121.4	NaN	789	NaN	710	-6	357	100	100	0	404	12	12174	10	11838	19	12044	17	11877	19.467	0.683
121.5	NaN	807	NaN	712	-5	359	100	100	0	405	9	12144	9	11892	17	11982	14	11884	19.463	0.763
121.6	NaN	790	NaN	719	-4	361	100	100	0	405	11	12162	9	11835	20	12026	18	11915	19.465	0.182
121.7	NaN	792	NaN	714	-2	361	100	100	0	405	9	12139	10	11885	17	11981	16	11917	19.457	-0.127
121.8	NaN	804	NaN	692	0	358	100	100	0	404	10	12062	10	11876	18	11983	19	11983	19.449	-0.306
121.9	NaN	787	NaN	695	2	359	100	100	0	404	9	12024	10	11903	19	11936	19	11957	19.422	-0.514
122	NaN	777	NaN	687	1	361	100	100	0	405	13	12014	10	11839	22	11950	23	11965	19.411	-0.775
122.1	NaN	797	NaN	700	0	360	99	99	0	405	11	12083	10	11874	19	11943	20	11938	19.381	-1.711
122.2	NaN	829	NaN	681	2	356	0	0	0	405	-14	11722	-7	11768	-11	11653	-11	11790	19.26	-3.323
122.3	NaN	788	NaN	699	5	358	0	0	0	405	-23	11715	-22	11630	-16	11597	-15	11641	18.909	-4.52
122.4	NaN	745	NaN	720	5	361	0	0	0	402	-40	11178	-40	11101	-30	11017	-29	11123	18.406	-5.426
122.5	NaN	735	NaN	707.5384615	3	359	0	0	0	402	-39	11149	-39	11047	-29	10804	-29	11030	17.933	-4.909
122.6	NaN	749	NaN	706.0769231	4	358	0	0	0	402	-40	10615	-39	10541	-31	10310	-29	10479	17.363	-4.71
122.7	NaN	743	NaN	704.6153846	3	359	0	0	0	403	-40	10460	-39	10464	-31	10240	-29	10365	16.856	-5.13
122.8	NaN	733	NaN	703.1538462	4	361	0	0	0	403	-40	9898	-39	9890	-31	9837	-30	9889	16.284	-5.242
122.9	NaN	743	NaN	701.6923077	3	360	0	0	0	403	-40	9668	-38	9627	-31	9707	-31	9522	15.839	-4.861
123	NaN	743	NaN	700.2307692	1	362	0	0	0	404	-40	9400	-38	9210	-31	9089	-31	9156	15.305	-5.041
123.1	NaN	741	NaN	698.7692308	2	359	0	0	0	404	-39	9133	-38	9066	-32	9038	-31	9040	14.818	-5.436
123.2	NaN	755	NaN	697.3076923	4	357	0	0	0	404	-39	8738	-38	8644	-33	8564	-31	8510	14.239	-4.62
123.3	NaN	754	NaN	695.8461538	7	359	0	0	0	406	-40	8412	-37	8471	-33	8341	-30	8483	13.756	-4.589
123.4	NaN	776	NaN	694.3846154	15	362	0	0	0	404	-40	8019	-35	8313	-34	7617	-30	8259	13.258	-4.822
123.5	NaN	761	NaN	692.9230769	23	357	0	0	0	406	-42	7470	-34	8095	-36	7829	-29	8456	12.72	-4.845
123.6	NaN	776	NaN	691.4615385	44	361	0	0	0	404	-46	6742	-28	7757	-41	5588	-25	7718	12.194	-4.192
123.7	NaN	774	NaN	723	47	358	0	0	0	404	-45	6172	-28	7596	-41	2383	-25	7577	11.627	-4.579
123.8	NaN	770	NaN	741	56	358	4	1	0	404	-43	5414	-25	7049	-41	974	-23	7194	11.059	-3.704
123.9	NaN	852	NaN	679	55	359	19	16	0	404	-6	5695	-3	7032	-6	359	-3	7067	10.559	-2.241
124	NaN	854	NaN	685	54	360	19	16	0	406	-6	5419	-4	6776	-5	1453	-3	6942	10.108	-2.57
124.1	NaN	866	NaN	653	16	362	29	26	0	405	5	5212	3	6582	6	4788	8	6645	9.648	-0.478
124.2	NaN	773	NaN	795	2	362	32	31	0	405	7	5257	8	6385	17	5421	19	6487	9.49	2.537
124.3	NaN	768	NaN	636	25	360	53	50	0	407	26	6399	38	6389	65	8990	106	6720	9.491	4.196
124.4	NaN	760.5714286	NaN	626	41	362	54	51	0	405	21	5812	54	6556	52	9544	130	7232	9.568	2.97
124.5	NaN	763.1428571	NaN	748	57	361	37	31	0	404	5	5521	21	6114	12	5637	52	6400	9.605	-0.226
124.6	NaN	765.7142857	NaN	764	57	360	36	29	0	406	3	5391	16	5948	7	5655	37	6261	9.483	-2.672
124.7	NaN	768.2857143	NaN	700	61	363	27	21	0	406	-0	5003	0	5717	-0	5130	-0	5924	9.234	-2.57
124.8	NaN	770.8571429	NaN	695	62	360	26	21	0	406	-0	4983	0	5634	-0	4997	0	5795	8.982	-2.719
124.9	NaN	773.4285714	NaN	696	67	359	29	24	0	407	0	4946	2	5665	0	4853	4	5671	8.713	-3.081
125	NaN	806	NaN	697.4948718	66	361	32	28	0	407	1	4810	12	5806	4	4686	31	5816	8.551	-2.428
125.1	NaN	831	NaN	699.0666667	75	360	33	29	0	403	1	4723	14	5735	2	4604	34	5785	8.47	-1.364
125.2	NaN	797	NaN	700.6384615	74	359	44	40	0	407	3	4704	42	5977	8	4553	108	5948	8.556	1.361
125.3	NaN	762	NaN	702.2102564	69	357	53	49	0	406	7	4861	64	6358	16	4818	151	6367	8.861	4.086
125.4	NaN	745	NaN	703.7820513	58	361	62	59	0	406	16	5070	81	6638	38	5186	199	6851	9.23	4.046
125.5	NaN	736	NaN	705.3538462	29	355	62	58	0	406	29	6301	68	6744	71	6405	158	7175	9.765	5.687
125.6	NaN	745	NaN	706.925641	18	357	62	59	0	407	40	6450	60	6785	92	6826	138	7221	10.347	6.149
125.7	NaN	741	NaN	708.4974359	17	361	62	60	0	405	41	7491	59	7016	95	6994	140	7179	10.984	5.925
125.8	NaN	722	NaN	710.0692308	34	359	63	59	0	407	32	7186	69	7427	75	7095	159	7440	11.533	6.164
125.9	NaN	748	NaN	711.6410256	32	360	64	61	0	407	33	7207	72	7792	76	7132	163	7848	12.115	6.306
126	NaN	709	NaN	713.2128205	24	362	71	68	0	405	41	7852	79	8342	93	7815	178	8495	12.846	7.071
126.1	NaN	701	NaN	714.7846154	19	358	70	68	0	406	51	8254	78	8676	112	8118	170	8755	13.566	7.589
126.2	NaN	778	NaN	716.3564103	9	361	65	60	0	406	55	10391	73	9065	125	8846	154	9203	14.395	7.638
126.3	NaN	821	NaN	717.9282051	-1	359	46	42	0	404	36	9118	42	9211	71	9061	81	9323	14.889	5.608
126.4	NaN	788	NaN	711	-6	359	26	22	0	404	8	9522	7	9235	12	9374	10	9238	15.129	2.198
126.5	NaN	893	NaN	685	-8	358	24	20	0	404	-0	9460	-0	9136	-1	9372	-0	9185	15.044	-2.854
126.6	NaN	784	NaN	767	-12	360	0	0	0	404	-16	9288	-18	8805	-13	9224	-15	8861	14.795	-4.238
126.7	NaN	774	NaN	728	-21	361	13	14	0	404	-19	9137	-25	8722	-15	9012	-21	8718	14.432	-3.465
126.8	NaN	877	NaN	695	-25	361	22	24	0	403	-0	9052	0	8239	-0	9021	-0	8368	14.057	-2.879
126.9	NaN	877	NaN	684	-34	363	23	23	0	403	-0	8972	-0	8090	-0	8825	0	8105	13.824	-1.734
127	NaN	879	NaN	693	-36	357	22	22	0	403	-0	8834	-0	7813	-0	8735	-0	7792	13.518	-2.108
127.1	NaN	851	NaN	669	-36	361	13	11	0	401	-8	8690	-10	7584	-6	8618	-9	7494	13.228	-2.578
127.2	NaN	887	NaN	696	-30	357	19	20	0	404	-3	8423	-4	7304	-2	8345	-3	7225	12.828	-2.487
127.3	NaN	875	NaN	687	-33	359	20	20	0	403	0	8301	0	7262	0	8236	0	7286	12.585	-1.34
127.4	NaN	758	NaN	836	-44	358	35	36	0	403	22	8238	7	7171	50	8243	17	7387	12.465	-0.484
127.5	NaN	768	NaN	760	-47	359	35	36	0	402	23	8187	7	7199	52	8189	17	7313	12.445	-2.091
127.6	NaN	879	NaN	684	-48	355	26	24	0	403	8	8156	-7	6837	21	8172	7	7123	12.274	-4.407
127.7	NaN	803	NaN	783	-51	356	14	11	0	403	-11	7774	-18	6629	-9	7779	-16	5674	11.922	-4.092
127.8	NaN	801	NaN	772	-50	358	13	13	0	403	-10	7454	-17	6269	-9	7470	-15	5437	11.481	-2.677
127.9	NaN	819	NaN	739	-49	362	16	18	0	404	-7	7421	-11	6006	-6	7391	-10	4137	11.057	-2.46
128	NaN	841	NaN	743	-50	358	16	18	0	403	-5	7364	-8	5975	-4	7337	-7	3436	10.681	-2.378
128.1	NaN	798	NaN	704	-35	361	30	29	0	403	8	6955	3	5682	20	7053	7	5777	10.385	-0.538
128.2	NaN	769	NaN	769	-24	356	31	32	0	403	12	6862	6	5673	28	6824	15	5999	10.308	1.883
128.3	NaN	810	NaN	750	17	360	34	30	0	404	7	6207	11	6442	17	6181	27	6454	10.287	1.631
128.4	NaN	775	NaN	764	22	359	38	41	0	404	9	6187	13	6529	22	6165	32	6534	10.366	-0.664
128.5	NaN	828	NaN	728	58	360	31	27	0	407	2	5952	8	6582	4	5978	22	6703	10.395	-1.928
128.6	NaN	881	NaN	681	72	359	24	21	0	405	0	5742	0	6487	0	5808	-1	6645	10.156	-2.679
128.7	NaN	824	NaN	778	73	360	31	27	0	404	1	5518	10	6539	2	5396	24	6629	9.841	-1.299
128.8	NaN	806	NaN	727	76	363	33	29	0	406	1	5413	14	6397	2	5355	32	6455	9.676	-1.554
128.9	NaN	847	NaN	779	76	360	34	31	0	405	1	5262	18	6541	3	5203	42	6561	9.511	-2.338
129	NaN	814	NaN	683	76	362	35	32	0	403	1	5225	20	6354	3	5182	46	6486	9.433	-0.096
129.1	NaN	777	NaN	630	73	361	48	45	0	404	4	5219	51	6544	11	5222	119	6724	9.443	1.77
129.2	NaN	769	NaN	620	70	357	50	46	0	406	6	5287	57	7077	15	5343	135	6985	9.619	2.795
129.3	NaN	755	NaN	606	51	359	52	48	0	406	14	5408	55	6859	34	7608	130	7309	9.792	3.54
129.4	NaN	742	NaN	599	40	361	52	48	0	405	19	5558	50	7120	45	9055	118	7544	9.962	4.274
129.5	NaN	716	NaN	608	15	358	65	61	0	406	43	6039	64	7389	101	9108	159	8386	10.271	2.508
129.6	NaN	747	NaN	623	-13	361	61	60	0	407	57	8381	42	7009	129	9616	96	7506	10.764	4.472
129.7	NaN	795	NaN	618	-3	361	57	58	0	407	47	8989	42	7114	107	10208	91	7218	11.328	7.316
129.8	NaN	710	NaN	604	34	362	65	61	0	406	34	8871	73	7501	79	8227	165	7387	11.849	6.454
129.9	NaN	715	NaN	656	46	360	60	52	0	406	21	7676	66	8075	49	7471	144	7809	12.363	4.24
130	NaN	715	NaN	605	41	358	64	59	0	406	28	7751	75	8537	63	7615	172	8580	12.887	4.687
130.1	NaN	692	NaN	604	40	362	64	59	0	407	30	8159	75	8781	65	7996	167	8911	13.409	5.771
130.2	NaN	805	NaN	620	12	357	48	42	0	406	25	8556	33	8886	72	8399	118	9117	13.975	6.008
130.3	NaN	787	NaN	622	4	359	45	42	0	404	28	8673	30	8893	60	8625	64	9010	14.263	3.21
130.4	NaN	782	NaN	703	-6	357	32	27	0	403	9	8996	19	8842	19	8951	17	8873	14.472	0.854
130.5	NaN	787	NaN	730	-10	357	32	27	0	403	6	8967	6	8890	15	8907	13	8857	14.44	-1.951
130.6	NaN	860	NaN	685	-36	362	25	21	0	403	-0	9004	-0	8426	-0	8876	-0	8448	14.304	-3.27
130.7	NaN	857	NaN	686	-45	361	25	25	0	403	0	8990	0	8061	0	8915	0	8085	14.013	-3.063
130.8	NaN	798	NaN	645	-46	357	30	30	0	403	10	8909	3	7846	23	8910	7	7914	13.676	-2.18
130.9	NaN	778	NaN	702	-42	362	34	35	0	403	17	8840	6	7730	37	8826	13	7895	13.55	0.01
131	NaN	772	NaN	718	-34	357	44	46	0	403	40	9019	18	8120	87	9099	40	8419	13.56	2.81
131.1	NaN	751	NaN	703	-23	358	47	46	0	403	39	9037	22	8310	85	9095	48	8396	13.797	3.09
131.2	NaN	786	NaN	635	1	362	50	48	0	406	35	9059	36	8722	76	9084	77	8751	14.196	4.227
131.3	NaN	734	NaN	644	7	356	50	47	0	405	32	9032	37	9257	70	9059	79	9054	14.589	3.42
131.4	NaN	717	NaN	628	19	359	50	47	0	406	28	9109	42	9476	59	9143	89	9575	14.955	3.207
131.5	NaN	713	NaN	629	32	361	50	46	0	406	24	9211	46	9685	50	9159	98	9799	15.269	3.256
131.6	NaN	754	NaN	631	38	359	47	41	0	407	18	9300	41	10024	37	9299	86	10088	15.485	2.009
131.7	NaN	739	NaN	614	37	358	47	41	0	404	18	9410	41	10141	37	9442	84	10237	15.646	1.046
131.8	NaN	735	NaN	595	29	360	49	46	0	407	23	9537	44	10231	48	9640	91	10383	15.833	1.689
131.9	NaN	735	NaN	598	26	361	52	50	0	407	29	10280	50	10241	58	9826	102	10434	16.053	2.922
132	NaN	728	NaN	585	20	358	53	50	0	406	32	9954	50	10337	66	9912	101	10499	16.404	2.82
132.1	NaN	807	NaN	589	12	362	53	51	0	404	36	10328	46	10506	73	10288	90	10631	16.816	3.617
132.2	NaN	700	NaN	634	2	360	53	50	0	405	39	10484	44	10624	78	10468	85	10711	17.162	2.765
132.3	NaN	696	NaN	603	-7	358	51	48	0	405	40	11096	36	10692	84	10938	70	10807	17.548	2.958
132.4	NaN	709	NaN	617	-9	358	50	46	0	405	40	11175	34	10857	77	11052	65	10929	17.815	4.011
132.5	NaN	723	NaN	634	-15	357	46	42	0	405	35	11462	27	10961	68	11403	51	11082	18.08	3.391
132.6	NaN	737	NaN	658	-15	357	46	42	0	403	33	11615	24	10990	64	11541	47	11119	18.221	2.606
132.7	NaN	724	NaN	666	-14	358	44	42	0	404	33	11720	24	11107	61	11640	46	11166	18.361	2.225
132.8	NaN	741	NaN	640	-15	356	44	43	0	403	34	11769	26	11115	64	11708	50	11265	18.481	2.711
132.9	NaN	710	NaN	639	-12	360	45	46	0	404	35	11900	27	11330	69	11846	51	11385	18.645	2.963
133	NaN	717	NaN	635	-15	356	47	47	0	402	31	11930	24	11430	57	11847	45	11432	18.771	1.355
133.1	NaN	724	NaN	644	-7	358	61	60	0	406	26	11974	23	11548	50	11908	42	11604	18.91	1.016
133.2	NaN	726	NaN	665	-8	358	67	66	0	405	22	11937	20	11617	46	11885	38	11664	18.988	0.281
133.3	NaN	736	NaN	663	-2	360	100	100	0	404	21	11938	21	11691	38	11881	37	11712	19.066	0.349
133.4	NaN	719	NaN	677	0	360	100	100	0	402	17	11868	19	11704	35	11846	34	11758	19.096	0.047
133.5	NaN	745	NaN	659	4	358	100	100	0	405	15	11797	17	11852	29	11735	34	11855	19.097	-1.269
133.6	NaN	730	NaN	653	7	360	100	100	0	405	15	11768	19	11901	29	11699	36	11906	19.128	-0.701
133.7	NaN	747	NaN	647	6	357	100	100	0	406	15	11772	19	11945	29	11705	35	11947	19.166	-0.143
133.8	NaN	729	NaN	679	8	360	100	100	0	404	14	11781	18	11961	27	11726	32	11972	19.188	0.046
133.9	NaN	726	NaN	663	7	356	100	100	0	404	15	11831	15	11906	27	11758	32	11938	19.205	-0.393
134	NaN	748	NaN	684	5	355	100	100	0	403	14	11851	16	11917	24	11761	29	11940	19.211	-0.449
134.1	NaN	724	NaN	660	5	361	100	100	0	404	15	11855	16	11933	27	11777	29	11953	19.21	-0.531
134.2	NaN	744	NaN	659	8	361	100	100	0	405	15	11829	18	11850	26	11766	28	11966	19.22	-0.236
134.3	NaN	722	NaN	653	5	361	100	100	0	403	13	11818	16	11940	25	11752	30	11948	19.221	0.372
134.4	NaN	739	NaN	676	4	362	100	100	0	404	16	11803	18	11821	31	11764	32	11933	19.204	-0.533
134.5	NaN	725	NaN	675	5	361	100	100	0	407	13	11849	15	11870	25	11761	30	11913	19.185	-0.604
134.6	NaN	753	NaN	674	4	356	100	100	0	404	16	11874	18	11802	30	11787	35	11895	19.158	-0.597
134.7	NaN	728	NaN	668	3	356	100	100	0	403	12	11835	15	11807	25	11760	27	11833	19.134	-0.324
134.8	NaN	732	NaN	658	3	357	100	100	0	404	17	11796	20	11780	32	11746	35	11854	19.126	-0.162
134.9	NaN	719	NaN	673	4	355	61	57	0	405	14	11809	15	11796	26	11734	30	11836	19.13	-0.551
135	NaN	721	NaN	678	6	362	59	55	0	405	16	11837	18	11799	31	11764	31	11852	19.133	-0.564
135.1	NaN	755	NaN	663	3	357	59	56	0	406	16	11832	18	11850	31	11781	33	11870	19.128	-0.476
135.2	NaN	724	NaN	662	2	357	59	56	0	405	15	11824	18	11775	29	11776	33	11841	19.102	0.077
135.3	NaN	742	NaN	664	3	358	58	53	0	404	16	11839	16	11786	29	11762	32	11847	19.098	0.452
135.4	NaN	721	NaN	663	2	359	13	8	0	404	-5	11698	-5	11666	-4	11612	-4	11634	18.975	-0.908
135.5	NaN	754	NaN	673	1	358	0	0	0	403	-17	11558	-19	11537	-14	11471	-13	11480	18.62	-4.038
135.6	NaN	697	NaN	661.4285714	4	369	0	0	0	406	-42	11110	-40	11093	-29	10977	-29	11045	18.138	-5.809
135.7	NaN	704	NaN	659.3571429	5	441	0	0	0	456	-42	10733	-38	10782	-30	10692	-29	10862	17.514	-5.493
135.8	NaN	707	NaN	657.2857143	4	381	0	0	0	414	-41	10290	-38	10317	-31	10310	-29	10414	16.863	-6.633
135.9	NaN	689	NaN	655.2142857	6	368	0	0	0	401	-41	10039	-39	10140	-32	9893	-29	10114	16.292	-6.292
136	NaN	691	NaN	653.1428571	6	357	0	0	0	400	-40	9589	-38	9680	-32	9407	-31	9604	15.77	-5.178
136.1	NaN	692	NaN	651.0714286	5	360	0	0	0	403	-40	9374	-37	9386	-32	9236	-31	9416	15.311	-5.215
136.2	NaN	707	NaN	649	4	364	0	0	0	408	-40	9157	-38	9246	-33	9004	-30	9181	14.743	-6.991
136.3	NaN	712	NaN	646.9285714	7	637	0	0	0	623	-40	7982	-35	7215	-33	7960	-30	8488	13.959	-10.533
136.4	NaN	715	NaN	644.8571429	17	511	0	0	0	518	-41	7449	-35	7920	-36	7467	-30	7997	13.127	-9.22
136.5	NaN	739	NaN	642.7857143	23	365	0	0	0	402	-41	7102	-34	7551	-36	7049	-29	7634	12.312	-3.534
136.6	NaN	717	NaN	640.7142857	25	363	0	0	0	402	-42	6812	-33	7355	-36	6065	-29	7397	11.783	-5.831
136.7	NaN	741	NaN	638.6428571	56	362	0	0	0	402	-48	6106	-26	6884	-42	5277	-24	7020	11.121	-5.875
136.8	NaN	718.8888889	NaN	636.5714286	65	362	0	0	0	401	-49	4974	-25	6674	-44	2781	-22	6804	10.523	-6.385
136.9	NaN	719.7777778	NaN	646	67	359	13	10	0	403	-21	4804	-10	6432	-21	1147	-10	6570	9.854	-4.372
137	NaN	720.6666667	NaN	654	68	364	18	15	0	403	-8	5051	-4	6262	-8	2295	-4	6373	9.399	-3.791
137.1	NaN	721.5555556	NaN	674	66	364	21	18	0	402	-4	4479	-1	5960	-4	3893	-1	6045	8.878	-2.932
137.2	NaN	722.4444444	NaN	617	57	359	53	49	0	403	9	4579	52	6061	24	4824	129	6507	8.785	1.809
137.3	NaN	723.3333333	NaN	633	7	364	62	61	0	404	45	6433	54	6146	105	6495	129	6778	8.973	7.031
137.4	NaN	724.2222222	NaN	606	23	356	62	58	0	405	39	9516	62	6373	89	7542	143	6602	9.434	8.4
137.5	NaN	725.1111111	NaN	675	26	360	77	71	0	404	47	7346	89	6836	112	8867	200	7064	10.167	8.634
137.6	NaN	737	NaN	596	22	357	62	59	0	404	38	9695	66	7302	84	8354	151	7122	10.853	7.234
137.7	NaN	757	NaN	607	7	359	66	62	0	406	51	7577	60	7381	117	7155	135	7458	11.562	6.921
137.8	NaN	765	NaN	608	-3	362	60	55	0	405	47	7486	45	7448	106	7478	102	7594	12.228	6.167
137.9	NaN	726	NaN	718	-44	360	56	56	0	405	65	8523	23	7830	145	8312	51	7663	12.693	4.895
138	NaN	743	NaN	712	-47	360	59	58	0	403	67	8812	19	7731	148	8649	42	7748	13.042	5.335
138.1	NaN	725	NaN	636	-48	361	59	59	0	404	77	9200	24	7991	166	8982	52	8074	13.422	2.92
138.2	NaN	749	NaN	665	-21	362	58	61	0	405	48	9183	21	8112	105	9189	47	8542	13.86	2.338
138.3	NaN	725	NaN	663	-9	362	58	60	0	405	59	9367	43	8998	111	9379	84	9042	14.305	7.541
138.4	NaN	694	NaN	642	2	362	58	54	0	407	46	9460	46	9207	103	9558	90	9381	14.921	7.167
138.5	NaN	709	NaN	617	12	359	60	56	0	404	40	9561	53	9772	84	9569	112	9829	15.427	5.058
138.6	NaN	692	NaN	612	23	357	63	59	0	407	43	10027	70	10303	86	9852	143	10373	15.992	4.542
138.7	NaN	776	NaN	594	29	361	60	54	0	405	33	10465	65	10675	69	10107	132	10734	16.466	5.206
138.8	NaN	718	NaN	614	34	362	60	54	0	405	34	10863	64	11127	67	10270	130	11027	16.961	4.421
138.9	NaN	687	NaN	594	29	360	60	53	0	403	35	10756	70	11322	71	10721	136	11395	17.361	4.522
139	NaN	751	NaN	635	23	362	60	54	0	405	28	12767	46	11278	56	11010	91	11457	17.791	5.948
139.1	NaN	733	NaN	590	21	361	60	57	0	406	30	11152	43	11353	56	11048	91	11537	18.096	5.518
139.2	NaN	746	NaN	649	9	360	88	86	0	408	27	11379	33	11471	51	11278	62	11605	18.428	3.207
139.3	NaN	718	NaN	625	7	359	100	98	0	405	24	11418	30	11509	47	11382	56	11642	18.645	2.633
139.4	NaN	714	NaN	653	6	357	100	100	0	406	22	11563	25	11650	40	11517	45	11764	18.871	1.948
139.5	NaN	726	NaN	674	6	360	100	100	0	406	19	11660	20	11643	37	11594	42	11794	18.977	0.395
139.6	NaN	753	NaN	685	-6	359	100	100	0	403	20	11874	18	11595	38	11820	33	11720	19.062	0.42
139.7	NaN	728	NaN	651	-7	360	100	100	0	403	23	11970	21	11573	44	11894	38	11702	19.152	0.982
139.8	NaN	719	NaN	669	-7	359	100	100	0	405	21	12069	17	11599	41	11959	33	11727	19.196	1.688
139.9	NaN	731	NaN	654	-9	357	100	100	0	405	22	12126	18	11665	39	12022	32	11759	19.226	-0.234
140	NaN	758	NaN	686	-9	359	100	100	0	405	17	12159	15	11682	34	12096	28	11831	19.268	0.498
140.1	NaN	721	NaN	696	-7	357	100	100	0	403	21	12028	17	11617	36	11987	32	11773	19.302	-0.034
140.2	NaN	731	NaN	683	-5	355	100	100	0	405	16	12077	15	11750	35	12060	33	11877	19.28	-1.414
140.3	NaN	723	NaN	706	-2	359	100	100	0	402	14	11970	13	11877	26	11887	25	11872	19.239	-1.122
140.4	NaN	725	NaN	655	1	362	93	88	0	404	18	11972	17	11718	33	11896	35	11869	19.215	-1.617
140.5	NaN	723	NaN	719	-1	362	35	31	0	403	12	11924	11	11829	21	11882	19	11877	19.239	-0.317
140.6	NaN	774	NaN	651	0	367	0	0	0	412	-17	11748	-15	11558	-12	11561	-11	11483	19.044	-1.294
140.7	NaN	705	NaN	652.0625	5	498	0	0	0	494	-38	11290	-35	11272	-27	11108	-25	11155	18.566	-5.641
140.8	NaN	699	NaN	650.625	4	376	0	0	0	407	-41	10928	-38	10809	-31	10823	-29	10887	18.005	-6.78
140.9	NaN	706	NaN	649.1875	10	362	0	0	0	401	-41	10541	-38	10568	-32	10286	-29	10609	17.37	-6.474
141	NaN	696	NaN	647.75	11	524	0	0	0	524	-42	9929	-37	10139	-32	9766	-29	10205	16.759	-7.541
141.1	NaN	699	NaN	646.3125	12	672	0	0	0	659	-41	9316	-38	9643	-32	9003	-29	9509	15.917	-9.739
141.2	NaN	716	NaN	644.875	8	708	0	0	0	644	-41	8913	-36	9205	-33	8668	-30	9216	14.985	-10.323
141.3	NaN	750	NaN	643.4375	8	642	0	0	0	579	-40	8102	-36	8391	-33	7872	-31	8326	13.759	-9.198
141.4	NaN	746	NaN	642	4	560	0	0	0	526	-38	7853	-37	8034	-33	7618	-31	7983	12.933	-7.519
141.5	NaN	756	NaN	640.5625	-19	358	0	0	0	400	-34	7690	-42	7297	-29	7600	-36	7238	12.302	-6.011
141.6	NaN	744	NaN	639.125	-27	358	0	0	0	402	-33	7599	-42	6920	-28	7492	-36	6634	11.723	-6.012
141.7	NaN	765	NaN	637.6875	-56	356	8	10	0	400	-15	7267	-26	6006	-14	7281	-23	5839	11.196	-4.861
141.8	NaN	767	NaN	636.25	-57	356	7	10	0	400	-15	7090	-27	5993	-13	7082	-24	5371	10.723	-5.302
141.9	NaN	775	NaN	634.8125	-42	358	19	21	0	401	-3	6956	-4	5795	-3	6828	-6	4787	10.309	-2.906
142	NaN	780	NaN	633.375	-14	357	32	32	0	402	9	6776	6	5799	22	6755	13	5762	10.135	0.325
142.1	NaN	775	NaN	631.9375	8	360	42	39	0	403	13	6463	13	6178	43	6316	51	6464	10.259	1.931
142.2	NaN	792	NaN	651	30	359	43	40	0	403	17	6314	29	6609	40	6320	67	6646	10.435	1.995
142.3	NaN	777	NaN	645.6517857	42	358	43	38	0	404	11	6281	32	7030	27	6257	74	7108	10.628	1.443
142.4	NaN	785	NaN	645.7098214	37	358	47	43	0	406	15	6382	40	7208	27	6258	76	7181	10.841	1.531
142.5	NaN	763	NaN	645.7678571	40	365	47	43	0	405	16	6588	41	7397	37	6572	94	7448	11.071	1.859
142.6	NaN	758.71875	NaN	645.8258929	45	363	39	33	0	407	9	6612	25	7511	21	6562	63	7555	11.332	0.552
142.7	NaN	757.9375	NaN	645.8839286	49	360	0	0	0	406	-14	6292	-9	7269	-13	6224	-7	7292	11.214	-2.218
142.8	NaN	757.15625	NaN	645.9419643	49	361	0	0	0	401	-38	5848	-23	7189	-33	5361	-20	7117	10.864	-4.833
142.9	NaN	756.375	NaN	687	58	363	23	21	0	404	0	5782	-0	6939	-0	5073	-0	6929	10.474	-3.936
143	NaN	755.59375	NaN	674	60	361	26	24	0	407	0	5553	0	6636	0	5399	0	6718	10.096	-2.423
143.1	NaN	754.8125	NaN	635	59	359	50	46	0	404	8	5552	45	6765	20	5645	106	6972	10.093	0.542
143.2	NaN	754.03125	NaN	675	55	361	81	78	0	406	28	7238	120	7856	66	6610	198	7508	10.376	5.59
143.3	NaN	753.25	NaN	624	54	358	86	82	0	407	32	6748	129	7898	72	7069	188	7820	10.922	7.802
143.4	NaN	752.46875	NaN	584	54	362	92	87	0	406	37	10564	147	10489	85	8362	204	8260	11.737	9.613
143.5	NaN	751.6875	NaN	626	37	358	90	86	0	405	48	9593	135	13831	109	8683	199	8509	12.521	11.943
143.6	NaN	750.90625	NaN	623	30	359	93	90	0	406	66	10495	126	9320	149	14002	204	9191	13.403	12.309
143.7	NaN	750.125	NaN	656	42	359	94	93	0	406	54	14705	139	10800	113	11719	202	9158	14.289	10.51
143.8	NaN	749.34375	NaN	615	32	363	95	90	0	406	60	12546	117	10298	125	9456	210	9931	15.214	8.93
143.9	NaN	748.5625	NaN	641	17	358	98	97	0	406	66	15775	94	10999	137	9728	197	10231	16.099	8.172
144	NaN	747.78125	NaN	622	25	361	100	100	0	405	50	14753	75	10949	87	10445	157	10844	16.89	6.666
144.1	NaN	746	NaN	589	10	362	100	100	0	406	34	11766	47	10888	74	11063	95	11154	17.452	6.134
144.2	NaN	725	NaN	623	4	360	100	100	0	402	35	11206	38	11109	66	11266	73	11240	17.916	5.626
144.3	NaN	718	NaN	654	7	360	100	100	0	405	31	11286	34	11302	58	11275	66	11381	18.327	3.837
144.4	NaN	750	NaN	651	7	361	100	100	0	404	25	11465	29	11557	47	11429	52	11623	18.591	2.258
144.5	NaN	751	NaN	652	7	362	100	100	0	404	24	11584	26	11712	45	11535	52	11723	18.865	1.804
144.6	NaN	743	NaN	708	-2	358	100	100	0	404	19	11771	19	11773	35	11692	33	11720	18.968	0.569
144.7	NaN	744	NaN	668	-7	359	83	79	0	403	23	11905	22	11621	45	11838	40	11752	19.081	0.107
144.8	NaN	743	NaN	673	-6	358	11	8	0	403	-8	11835	-9	11508	-4	11711	-5	11443	18.994	-0.659
144.9	NaN	742	NaN	647.21875	-1	359	0	0	0	401	-31	11434	-30	11106	-23	11391	-22	11302	18.718	-3.238
145	NaN	716	NaN	648.4375	0	539	0	0	0	517	-40	11309	-41	11073	-30	10507	-30	10086	18.191	-4.936
145.1	NaN	736	NaN	649.65625	2	657	0	0	0	651	-39	10546	-39	10277	-31	10234	-30	10099	17.329	-9.679
145.2	NaN	737	NaN	650.875	4	665	0	0	0	621	-41	10070	-39	9940	-31	9905	-31	9875	16.496	-9.101
145.3	NaN	748	NaN	652.09375	4	609	0	0	0	585	-41	9263	-38	9203	-32	8981	-30	9187	15.526	-8.397
145.4	NaN	751	NaN	653.3125	5	515	0	0	0	504	-39	9065	-38	8997	-32	9014	-31	8849	14.843	-5.731
145.5	NaN	761	NaN	654.53125	6	520	0	0	0	494	-39	8427	-37	8409	-32	8196	-31	8305	13.897	-4.429
145.6	NaN	773	NaN	655.75	3	626	0	0	0	617	-40	7988	-37	8121	-33	7883	-32	8026	13.04	-8.159
145.7	NaN	747.5960937	NaN	656.96875	13	758	0	0	0	687	-41	6755	-35	7098	-35	5343	-30	7284	12.001	-10.173
145.8	NaN	748.3015625	NaN	658.1875	19	762	0	0	0	682	-40	6674	-34	6950	-36	3277	-30	6787	11.072	-9.079
145.9	NaN	749.0070312	NaN	659.40625	26	358	0	0	0	398	-41	5951	-32	6560	-37	4182	-29	6490	10.299	-6.116
146	NaN	749.7125	NaN	660.625	46	361	0	0	0	402	-45	5224	-29	6256	-41	4657	-26	6328	9.696	-5.856
146.1	NaN	750.4179688	NaN	661.84375	57	362	9	6	0	404	-32	4233	-18	6035	-28	1308	-16	6005	9.124	-5.478
146.2	NaN	751.1234375	NaN	663.0625	53	361	28	24	0	404	0	4858	0	6112	1	3983	0	6057	8.834	-2.694
146.3	NaN	751.8289063	NaN	664.28125	66	362	31	28	0	404	1	4780	11	5886	4	4722	29	5931	8.691	-0.842
146.4	NaN	752.534375	NaN	668	70	359	46	43	0	403	4	4797	40	5898	3	4716	34	5848	8.584	-0.524
146.5	NaN	753.2398437	NaN	615	69	359	52	48	0	403	7	4899	62	6391	16	4849	154	6389	8.775	1.278
146.6	NaN	753.9453125	NaN	617	66	359	53	49	0	408	9	5000	60	6426	21	5073	145	6725	9.097	3.559
146.7	NaN	754.6507813	NaN	663	37	362	46	40	0	405	15	5696	40	6437	36	5593	92	6828	9.331	3.872
146.8	NaN	755.35625	NaN	720	-6	361	43	41	0	403	25	5605	23	6290	59	6574	53	6612	9.641	3.489
146.9	NaN	756.0617187	NaN	710	-31	364	47	47	0	403	42	6911	21	5972	97	6720	48	6063	9.869	3.066
147	NaN	756.7671875	NaN	733	-38	362	46	45	0	405	39	6765	16	5896	91	6645	40	5940	10.259	2.846
147.1	NaN	757.4726562	NaN	702	-65	357	63	63	0	403	97	7767	15	6109	202	7478	36	6219	10.657	3.34
147.2	NaN	758.178125	NaN	723	-76	360	25	21	0	404	-1	6938	0	5842	-1	7197	0	6056	10.949	0.339
147.3	NaN	758.8835938	NaN	713	-71	366	27	27	0	404	3	6860	0	5772	8	7053	1	5774	10.636	0.863
147.4	NaN	759.5890625	NaN	710	-71	358	53	52	0	404	67	7504	8	5651	158	7430	19	5987	10.429	5.68
147.5	NaN	760.2945313	NaN	769	-71	361	61	60	0	403	86	7621	10	5811	196	8046	22	6237	10.687	6.145
147.6	NaN	782	NaN	669	-67	356	86	85	0	404	143	8783	25	6909	202	8149	56	7969	10.959	6.713
147.7	NaN	793	NaN	638	-60	359	87	87	0	403	157	11563	27	6310	201	10308	58	9291	11.261	5.656
147.8	NaN	737	NaN	636	-16	355	80	75	0	405	87	10675	60	11463	210	9977	139	11843	11.626	7.999
147.9	NaN	751	NaN	640	-15	357	70	70	0	407	69	8720	49	9660	151	9978	112	13234	11.916	10.502
148	NaN	755	NaN	616	-16	357	80	77	0	404	91	9461	62	12709	195	9416	109	17605	12.328	9.53
148.1	NaN	726	NaN	622	10	360	81	78	0	406	67	10263	76	11927	146	9894	81	21293	12.833	6.451
148.2	NaN	727	NaN	646	20	356	85	84	0	406	50	8849	85	12780	107	8737	84	21542	13.416	8.27
148.3	NaN	749	NaN	628	-7	361	85	84	0	406	78	8988	71	14852	165	8935	75	22254	14.17	9.26
148.4	NaN	733	NaN	620	2	357	71	69	0	405	64	9470	73	18606	135	9347	148	14954	15.12	9.701
148.5	NaN	729	NaN	619	7	357	72	73	0	408	65	10728	73	14309	148	9837	143	10451	16.245	8.658
148.6	NaN	729	NaN	604	17	359	83	78	0	407	44	10970	63	10705	88	10660	127	10777	16.938	7.192
148.7	NaN	811	NaN	625	1	357	79	78	0	407	45	10866	47	10914	91	10859	93	11048	17.678	4.774
148.8	NaN	761	NaN	629	3	360	85	88	0	404	35	11144	37	11137	67	11074	71	11214	18.085	4.819
148.9	NaN	784	NaN	637	6	359	85	83	0	406	31	11303	36	11295	59	11291	67	11427	18.485	4.325
149	NaN	786	NaN	646	6	361	54	54	0	406	26	11475	28	11564	48	11432	54	11642	18.716	4.094
149.1	NaN	776	NaN	676	6	357	70	68	0	404	24	11536	27	11565	44	11503	52	11683	18.956	2.52
149.2	NaN	792	NaN	698	7	362	70	68	0	404	22	11592	27	11721	41	11540	53	11766	19.095	1.41
149.3	NaN	796	NaN	704	7	363	27	21	0	405	10	11641	11	11762	23	11578	29	11833	19.227	-0.532
149.4	NaN	776	NaN	685	6	360	0	0	0	404	-11	11554	-11	11545	-7	11401	-6	11573	19.039	-3.05
149.5	NaN	761	NaN	755	4	358	0	0	0	403	-40	11234	-38	11110	-29	11083	-27	11227	18.546	-6.071
149.6	NaN	750	NaN	760	4	356	0	0	0	402	-41	11072	-38	10988	-30	10882	-28	11005	18.041	-6.314
149.7	NaN	761	NaN	738	21	357	0	0	0	403	-44	10245	-36	10770	-33	10108	-26	10866	17.496	-5.918
149.8	NaN	771	NaN	706	16	360	0	0	0	403	-43	10012	-37	10745	-34	9234	-27	10723	16.925	-6.358
149.9	NaN	767	NaN	755	8	362	0	0	0	401	-41	9688	-38	10117	-32	9394	-29	9955	16.364	-5.208
150	NaN	764	NaN	725	12	360	0	0	0	403	-41	9340	-38	9838	-33	9265	-29	9870	15.828	-5.419
150.1	NaN	780	NaN	745	15	356	0	0	0	403	-42	8824	-35	9478	-34	8057	-28	9422	15.282	-6.066
150.2	NaN	770	NaN	733	20	359	0	0	0	402	-44	8143	-36	9287	-34	8455	-28	9300	14.875	-6.699
150.3	NaN	778	NaN	759	28	358	1	0	0	403	-38	7839	-32	8979	-37	5743	-27	8801	14.344	-4.251
150.4	NaN	789	NaN	715	28	361	7	7	0	405	-24	6872	-20	8640	-27	6618	-19	8845	13.763	0.243
150.5	NaN	771.3928571	NaN	691	-2	358	15	15	0	405	-14	7659	-14	8387	-12	7518	-10	8289	13.452	-1.449
150.6	NaN	769.2857143	NaN	687	6	359	23	21	0	405	0	7849	0	7945	0	7721	0	7985	13.079	-0.758
150.7	NaN	767.1785714	NaN	662	8	363	29	25	0	405	3	7774	3	7957	6	7722	7	7954	12.982	-0.782
150.8	NaN	765.0714286	NaN	686	24	360	28	22	0	404	1	7637	1	7932	1	7563	2	7910	12.848	-1.326
150.9	NaN	762.9642857	NaN	692	39	360	26	21	0	405	0	7298	0	8063	0	7225	0	8012	12.693	-3.075
151	NaN	760.8571429	NaN	727	40	358	33	30	0	404	5	7230	14	8047	11	7169	31	8111	12.488	-2.767
151.1	NaN	758.75	NaN	750	44	357	33	29	0	404	4	7103	13	8014	10	7150	30	8090	12.382	-1.821
151.2	NaN	756.6428571	NaN	708	47	358	32	26	0	404	4	7002	12	7975	8	6901	25	8078	12.282	-1.604
151.3	NaN	754.5357143	NaN	711	51	360	25	19	0	404	-1	6714	-0	7680	-0	6899	-1	7823	12.103	-2.367
151.4	NaN	752.4285714	NaN	700	41	361	26	25	0	406	0	6576	0	7604	0	6396	1	7684	11.806	-1.909
151.5	NaN	750.3214286	NaN	744	47	361	31	28	0	407	3	6677	10	7497	7	6649	23	7616	11.621	-0.405
151.6	NaN	748.2142857	NaN	735	49	358	31	29	0	407	3	6490	11	7441	7	6498	27	7570	11.456	-1.463
151.7	NaN	746.1071429	NaN	725	51	361	35	33	0	403	5	6472	18	7327	10	6537	37	7416	11.442	0.444
151.8	NaN	780	NaN	635	51	362	42	39	0	407	7	6704	35	7502	14	6605	82	7675	11.485	1.277
151.9	NaN	796	NaN	664	65	358	42	39	0	405	6	6552	38	7625	14	6768	89	7748	11.497	-0.965
152	NaN	765.5331633	NaN	688	63	361	27	23	0	405	-0	6339	0	7253	0	6336	1	7311	11.324	-2.496
152.1	NaN	766.5306122	NaN	683	56	360	29	26	0	406	0	6306	2	7166	1	6176	4	7265	11.119	-2.273
152.2	NaN	767.5280612	NaN	704.4666667	51	359	57	54	0	404	18	6507	66	7585	42	6568	156	7694	11.234	1.671
152.3	NaN	768.5255102	NaN	704.9333333	54	361	64	61	0	405	21	7077	83	7871	46	7032	193	7908	11.619	4.714
152.4	NaN	769.5229592	NaN	705.4	55	358	69	66	0	407	25	7959	98	8446	54	7552	194	8318	12.105	7.373
152.5	NaN	770.5204082	NaN	705.8666667	51	362	70	67	0	407	29	8681	96	8972	58	7525	200	8691	12.653	7.748
152.6	NaN	771.5178571	NaN	706.3333333	41	357	77	73	0	406	40	8688	105	8943	90	8469	202	9001	13.201	6.943
152.7	NaN	772.5153061	NaN	706.8	36	356	91	88	0	406	61	13265	132	9821	126	8819	196	9217	13.934	9.574
152.8	NaN	773.5127551	NaN	707.2666667	21	357	100	100	0	405	64	16551	113	9967	146	9187	204	9659	14.696	10.002
152.9	NaN	774.5102041	NaN	707.7333333	17	359	100	100	0	406	70	19214	100	10158	141	9827	186	10161	15.605	9.452
153	NaN	775.5076531	NaN	708.2	3	359	100	100	0	404	56	19660	66	10314	127	10197	133	10476	16.333	7.768
153.1	NaN	776.505102	NaN	708.6666667	1	359	100	100	0	407	53	14409	53	10704	104	10794	104	10788	17.198	8.323
153.2	NaN	777.502551	NaN	709.1333333	-3	357	100	100	0	407	53	11117	47	10806	95	11040	95	10948	17.724	7.15
153.3	NaN	755	NaN	709.6	2	359	100	100	0	407	37	11356	37	11163	70	11346	72	11290	18.221	4.349
153.4	NaN	755	NaN	710.0666667	0	357	100	100	0	406	31	11432	32	11274	59	11352	60	11376	18.468	3.859
153.5	NaN	763	NaN	710.5333333	1	357	100	100	0	404	26	11606	28	11406	49	11583	50	11574	18.745	1.421
153.6	NaN	758	NaN	703	0	359	100	100	0	402	24	11634	23	11440	43	11570	41	11562	18.875	1.51
153.7	NaN	775	NaN	685	2	357	100	100	0	403	20	11743	21	11563	40	11726	39	11672	18.984	1.482
153.8	NaN	777	NaN	688	3	358	100	100	0	404	18	11738	19	11600	33	11632	36	11685	19.074	1.032
153.9	NaN	784	NaN	711	3	359	100	100	0	404	18	11790	19	11698	33	11750	35	11807	19.129	1.388
154	NaN	798	NaN	715	3	360	100	100	0	403	17	11781	18	11712	30	11695	32	11825	19.161	-0.505
154.1	NaN	778	NaN	707	2	358	100	100	0	404	14	11875	18	11759	29	11808	32	11843	19.198	-0.496
154.2	NaN	771	NaN	705	3	358	100	100	0	405	16	11852	18	11726	29	11752	31	11853	19.19	-0.963
154.3	NaN	772.9112245	NaN	743	1	359	100	100	0	402	15	11860	15	11704	30	11819	30	11833	19.195	-1.595
154.4	NaN	772.8084184	NaN	723	3	358	100	100	0	403	16	11887	14	11739	28	11764	29	11826	19.191	-1.681
154.5	NaN	772.7056122	NaN	719	5	360	100	100	0	404	15	11884	18	11721	30	11814	31	11836	19.189	-0.597
154.6	NaN	772.6028061	NaN	711	4	360	100	100	0	403	13	11851	15	11836	27	11766	30	11865	19.195	-0.429
154.7	NaN	789	NaN	691	5	358	100	100	0	403	15	11887	17	11732	30	11810	32	11885	19.209	0.377
154.8	NaN	779	NaN	680	4	360	100	100	0	402	14	11854	16	11824	27	11710	29	11853	19.226	0.636
154.9	NaN	779	NaN	712	5	361	100	100	0	403	13	11841	14	11812	25	11796	27	11892	19.22	-0.726
155	NaN	778	NaN	687	3	359	95	92	0	403	14	11830	15	11831	25	11706	28	11880	19.197	0.202
155.1	NaN	764.1262755	NaN	669	3	360	0	0	0	402	-8	11746	-8	11743	-9	11583	-9	11710	19.084	-1.541
155.2	NaN	760	NaN	720	5	363	0	0	0	403	-27	11445	-26	11452	-20	11316	-19	11461	18.833	-3.425
155.3	NaN	727	NaN	758	6	356	0	0	0	404	-38	11324	-37	11296	-29	11197	-26	11296	18.446	-5.567
155.4	NaN	730	NaN	735	5	357	0	0	0	403	-41	10996	-39	11067	-31	10882	-29	10969	17.793	-6.149
155.5	NaN	740	NaN	733	4	358	0	0	0	402	-41	10490	-39	10614	-31	10409	-30	10622	17.203	-4.034
155.6	NaN	757	NaN	749	-7	357	7	7	0	403	-30	10321	-28	10348	-20	10088	-21	10130	16.709	-4.269
155.7	NaN	768.6799107	NaN	680	-13	361	23	24	0	404	-2	10314	-2	9853	-3	10123	-3	9794	16.305	-2.274
155.8	NaN	747	NaN	698	-28	358	40	42	0	405	33	10427	18	9585	67	10325	37	9734	16.166	0.201
155.9	NaN	743	NaN	786	-34	360	40	42	0	403	33	10565	16	9636	68	10491	33	9793	16.175	0.323
156	NaN	775	NaN	716	-30	359	38	36	0	402	25	10545	12	9490	50	10517	23	9742	16.166	0.338
156.1	NaN	770	NaN	706	-20	358	37	36	0	402	22	10432	14	9514	46	10428	28	9632	16.138	1.11
156.2	NaN	762	NaN	710	4	360	35	30	0	404	10	10069	11	9846	22	10072	23	9897	16.162	0.012
156.3	NaN	778	NaN	706	14	358	35	30	0	407	10	9917	12	10087	20	9817	26	10042	16.166	-0.375
156.4	NaN	781	NaN	669	30	362	38	34	0	405	10	9677	19	10213	20	9658	41	10308	16.169	-0.234
156.5	NaN	803	NaN	629	37	362	46	44	0	404	17	9704	39	10474	28	9668	61	10392	16.225	0.283
156.6	NaN	740	NaN	598	37	359	48	43	0	407	20	9993	45	10544	40	9805	91	10719	16.346	0.63
156.7	NaN	750	NaN	596	31	356	48	42	0	407	20	9931	41	10712	41	9965	83	10897	16.539	1.893
156.8	NaN	745	NaN	621	16	358	42	39	0	405	21	10066	30	10562	41	10126	58	10727	16.651	0.568
156.9	NaN	755	NaN	665	4	364	0	0	0	407	-10	10049	-10	10186	-8	9801	-7	10266	16.688	-3.195
157	NaN	744	NaN	751	2	587	0	0	0	542	-30	9909	-30	9773	-25	9676	-23	9703	16.221	-5.927
157.1	NaN	734	NaN	730	4	713	0	0	0	711	-40	9052	-38	9078	-32	8966	-31	8873	15.445	-10.565
157.2	NaN	755	NaN	709.05	1	795	0	0	0	733	-39	8776	-38	8705	-32	8552	-31	8096	14.445	-11.684
157.3	NaN	767	NaN	710.1	-12	814	0	0	0	746	-36	7763	-40	7493	-30	7673	-34	7395	13.166	-12.765
157.4	NaN	780	NaN	711.15	-14	782	0	0	0	680	-34	7600	-40	7055	-30	7441	-35	4821	12.224	-10.408
157.5	NaN	794	NaN	712.2	-29	360	0	0	0	395	-32	7111	-42	6264	-28	7017	-38	4969	11.119	-6.095
157.6	NaN	776	NaN	713.25	-38	363	0	0	0	400	-29	6939	-44	5831	-27	6876	-40	5307	10.479	-5.401
157.7	NaN	796	NaN	714.3	-80	363	0	0	0	402	-22	6276	-51	4574	-21	6424	-45	239	9.81	-6.311
157.8	NaN	805	NaN	715.35	-92	360	0	0	0	401	-21	5955	-53	4677	-19	6256	-0	-157	9.16	-7.623
157.9	NaN	794	NaN	716.4	-88	363	18	19	0	400	-5	5504	-9	4299	-2	5694	-6	391	8.505	-7.158
158	NaN	832	NaN	717.45	-90	358	33	34	0	402	17	5621	0	4370	43	5834	-1	271	8.201	-2.522
158.1	NaN	786	NaN	718.5	-76	355	69	72	0	402	110	6554	5	4289	203	6539	17	4067	8.199	3.346
158.2	NaN	825	NaN	719.55	-72	359	78	81	0	401	141	8143	10	4377	198	6951	25	4568	8.442	6.228
158.3	NaN	763	NaN	720.6	-30	357	80	81	0	405	104	7036	46	6038	203	8061	120	7731	8.924	9.943
158.4	NaN	779	NaN	721.65	19	357	65	57	0	406	68	7028	68	5408	153	8068	162	8527	9.486	11.721
158.5	NaN	779	NaN	722.7	20	358	65	61	0	407	41	6722	64	6448	97	7169	142	11988	10.023	7.458
158.6	NaN	756	NaN	723.75	2	361	65	65	0	404	54	6884	58	11736	115	6957	150	12660	10.663	8.732
158.7	NaN	721	NaN	724.8	2	362	65	65	0	405	56	7286	57	13653	126	7277	143	12431	11.399	9.078
158.8	NaN	760	NaN	725.85	10	364	55	51	0	406	35	7561	43	7604	77	7533	97	7898	12.335	5.859
158.9	NaN	750	NaN	726.9	8	359	68	65	0	404	54	8122	67	8235	118	8147	140	8363	12.949	4.683
159	NaN	789	NaN	727.95	-2	358	52	48	0	405	40	8642	38	8573	89	8553	89	8675	13.742	6.659
159.1	NaN	780.1666667	NaN	705	-4	361	12	7	0	404	-2	8670	-3	8522	-4	8507	-4	8498	13.853	1.942
159.2	NaN	781.3333333	NaN	767	-1	365	0	0	0	405	-21	8485	-22	8462	-18	8391	-18	8480	13.757	-2.903
159.3	NaN	787	NaN	787	-9	357	0	0	0	402	-31	8303	-33	8065	-26	8262	-27	8210	13.388	-4.276
159.4	NaN	752	NaN	748	-40	361	0	0	0	403	-31	8001	-45	6969	-26	8100	-38	6960	12.852	-6.623
159.5	NaN	754	NaN	701	-57	359	0	0	0	401	-27	7664	-49	6393	-24	7899	-42	6537	12.335	-6.604
159.6	NaN	781	NaN	864	-55	362	10	11	0	402	-20	7463	-34	6039	-19	7504	-35	2306	11.532	-5.772
159.7	NaN	780.4375	NaN	745	-53	361	25	27	0	402	0	7470	0	6236	0	7459	-1	1257	11.036	-1.94
159.8	NaN	780.2916667	NaN	735	-51	355	32	31	0	401	15	6984	4	5852	34	7167	8	6053	10.735	0.39
159.9	NaN	780.1458333	NaN	757	-43	362	46	49	0	403	43	7278	13	5922	98	7447	28	6582	10.715	2.473
160	NaN	754	NaN	676	-26	359	55	53	0	405	53	7458	29	7966	123	7694	65	7710	10.903	6.474
160.1	NaN	753	NaN	638	-28	358	64	63	0	405	70	7684	38	9184	161	8475	89	9409	11.133	3.777
160.2	NaN	771	NaN	659	-7	358	66	69	0	403	33	7667	29	6701	75	7901	66	9228	11.445	4.473
160.3	NaN	733	NaN	630	-11	359	63	59	0	403	60	7993	51	7839	134	8090	117	11721	11.723	7.597
160.4	NaN	794	NaN	727	-35	360	43	43	0	403	35	7840	13	7165	77	7971	30	8434	12.033	5.394
160.5	NaN	789	NaN	768	-38	361	43	41	0	405	36	7987	15	7371	82	7928	33	7435	12.193	1.194
160.6	NaN	775.2864583	NaN	700	-50	361	23	20	0	403	0	7763	0	6868	0	7692	0	6906	12.09	-0.115
160.7	NaN	781	NaN	723	-48	359	46	48	0	403	49	8199	15	6962	78	7923	20	6928	11.933	1.566
160.8	NaN	784	NaN	736	-50	356	41	37	0	403	33	8174	9	7019	73	8166	21	7178	12.131	3.007
160.9	NaN	809	NaN	728	-8	358	38	35	0	403	19	8182	15	7230	47	8243	37	7282	12.354	2.004
161	NaN	796	NaN	730	19	362	36	31	0	405	6	7489	10	7735	16	7498	23	7718	12.434	1.095
161.1	NaN	773	NaN	628	29	359	45	40	0	407	17	7464	33	8042	37	7452	70	8047	12.497	0.586
161.2	NaN	745	NaN	601	46	361	56	52	0	407	22	8024	61	8646	48	7646	135	8514	12.79	2.219
161.3	NaN	755	NaN	611	48	361	56	52	0	404	20	8241	64	8882	46	8364	140	8847	13.235	3.486
161.4	NaN	768	NaN	633	45	359	49	43	0	406	15	7970	47	8904	33	7833	101	8847	13.485	3.124
161.5	NaN	777	NaN	637	26	361	49	42	0	407	22	8400	38	8915	47	8731	83	9091	13.759	2.235
161.6	NaN	806	NaN	655	18	358	47	42	0	406	24	8342	35	8965	51	8488	77	9123	13.967	2.796
161.7	NaN	784	NaN	656	15	357	46	42	0	407	24	8693	33	9071	50	8623	72	9155	14.312	3.823
161.8	NaN	779	NaN	642	9	359	46	42	0	407	25	8829	32	9057	54	8849	68	9187	14.593	2.819
161.9	NaN	791	NaN	719	-24	359	45	44	0	404	35	9539	20	8926	72	9458	43	9071	14.882	2.714
162	NaN	756	NaN	660	-29	359	55	58	0	404	60	9844	33	9093	128	9778	71	9191	15.214	3.75
162.1	NaN	769	NaN	671	-46	356	58	60	0	403	71	10495	25	9558	156	10344	53	9836	15.676	5.741
162.2	NaN	736	NaN	616	-40	356	76	78	0	405	104	11065	43	10047	199	10768	90	10514	16.152	7.401
162.3	NaN	782	NaN	646	-31	360	78	78	0	403	56	11023	28	10994	113	11000	60	10807	16.74	7.651
162.4	NaN	731	NaN	625	-14	359	90	90	0	403	53	11028	39	11177	106	11028	77	10779	17.08	6.999
162.5	NaN	733	NaN	624	2	360	100	100	0	404	39	10967	42	11088	76	10945	82	11184	17.578	4.702
162.6	NaN	747	NaN	628	4	362	100	100	0	404	38	11137	35	11216	73	11083	74	11259	18.088	4.01
162.7	NaN	755	NaN	642	0	359	100	100	0	404	29	11466	29	11407	53	11456	54	11467	18.336	3.023
162.8	NaN	761	NaN	663	3	360	100	100	0	402	26	11575	26	11465	47	11542	50	11541	18.628	1.986
162.9	NaN	769	NaN	671	4	357	100	100	0	404	20	11692	22	11638	38	11651	40	11661	18.783	1.824
163	NaN	783	NaN	672	1	359	100	100	0	405	19	11752	20	11628	35	11685	37	11739	18.938	0.905
163.1	NaN	767	NaN	718	3	359	100	100	0	404	17	11806	18	11755	32	11742	32	11771	19.001	0.283
163.2	NaN	780	NaN	698	3	356	100	100	0	405	15	11832	16	11725	27	11774	29	11844	19.093	0.848
163.3	NaN	767	NaN	700	5	363	100	100	0	402	15	11875	16	11832	26	11797	30	11870	19.151	1.041
163.4	NaN	779	NaN	691	2	359	100	100	0	403	14	11894	15	11837	24	11790	25	11893	19.216	0.86
163.5	NaN	781	NaN	687	3	358	100	100	0	405	12	11904	12	11827	22	11780	23	11931	19.232	-0.034
163.6	NaN	774	NaN	690	3	359	100	100	0	404	11	11891	12	11870	20	11878	23	11961	19.289	0.351
163.7	NaN	768	NaN	699	4	359	100	100	0	401	11	11924	13	11812	21	11803	22	11910	19.339	0.778
163.8	NaN	776	NaN	676	2	361	100	100	0	403	13	11962	14	11929	24	11810	23	11954	19.344	1.202
163.9	NaN	773	NaN	703	2	359	100	100	0	405	10	11985	12	11871	18	11865	20	11942	19.347	-0.035
164	NaN	762	NaN	702	1	361	100	100	0	405	11	11967	11	11930	20	11854	21	11954	19.356	-0.633
164.1	NaN	771	NaN	679	0	361	100	100	0	407	11	11976	11	11869	19	11915	22	11948	19.353	-0.273
164.2	NaN	779	NaN	698	3	359	100	100	0	406	12	11945	12	11937	20	11822	22	11954	19.363	-0.373
164.3	NaN	782	NaN	692	2	356	100	100	0	403	12	11980	11	11903	19	11871	20	11959	19.367	-0.352
164.4	NaN	775	NaN	676	4	358	100	100	0	404	11	11984	12	11963	20	11850	21	11967	19.357	-0.089
164.5	NaN	769	NaN	683	3	361	100	100	0	404	11	11963	12	11914	19	11910	22	11986	19.358	-0.534
164.6	NaN	772	NaN	699	1	363	100	100	0	405	11	11979	11	11950	20	11872	21	11957	19.368	0.185
164.7	NaN	761	NaN	690	2	357	100	100	0	403	10	11983	11	11862	21	11887	21	11967	19.367	0.424
164.8	NaN	764	NaN	699	4	358	100	100	0	404	14	11956	13	12027	23	11846	25	12022	19.378	0.134
164.9	NaN	768	NaN	756	7	359	100	100	0	404	11	11944	12	11940	20	11819	23	12030	19.394	0.187
165	NaN	766	NaN	696	8	360	100	100	0	405	13	11918	15	12024	23	11862	27	12079	19.395	-0.778
165.1	NaN	761	NaN	707	8	360	100	100	0	405	10	11935	13	11982	19	11838	22	12084	19.414	0.129
165.2	NaN	763	NaN	682	7	357	100	100	0	405	11	11929	14	12057	22	11874	26	12134	19.422	0.037
165.3	NaN	762	NaN	689	8	357	100	100	0	404	10	11914	13	12075	20	11819	23	12081	19.43	-0.037
165.4	NaN	768	NaN	692	6	362	100	100	0	405	10	11922	11	12000	20	11837	23	12114	19.42	-0.594
165.5	NaN	783	NaN	702	-2	361	100	100	0	402	10	12031	8	11977	17	11957	18	11984	19.412	-0.545
165.6	NaN	765	NaN	685	-3	358	100	100	0	402	12	12059	11	11885	24	11944	22	11958	19.401	0.173
165.7	NaN	767	NaN	703	-5	359	100	100	0	404	12	12085	10	11860	26	11993	23	11920	19.39	0.073
165.8	NaN	770	NaN	699	-7	357	100	100	0	404	16	12163	13	11841	29	12039	25	11894	19.39	-0.259
165.9	NaN	761	NaN	707	-10	360	100	100	0	404	15	12268	12	11775	29	12125	22	11819	19.406	-0.503
166	NaN	760	NaN	712	-12	357	100	100	0	403	19	12281	15	11767	38	12221	30	11839	19.445	0.228
166.1	NaN	767	NaN	738	-6	361	100	100	0	405	12	12225	10	11849	22	12051	19	11887	19.466	0.21
166.2	NaN	763	NaN	685	-9	360	100	100	0	404	16	12221	13	11844	32	12161	26	11906	19.454	-0.021
166.3	NaN	778	NaN	706	-4	361	100	100	0	403	10	12184	8	11872	19	12080	15	11898	19.459	0.032
166.4	NaN	769	NaN	716	-4	355	100	100	0	403	14	12183	12	11883	27	12024	26	11914	19.459	0.895
166.5	NaN	775	NaN	718	-3	361	100	100	0	405	10	12161	9	11874	18	12048	16	11909	19.457	0.787
166.6	NaN	770	NaN	699	-5	359	100	100	0	404	13	12107	11	11916	27	12035	24	11948	19.453	1.407
166.7	NaN	783	NaN	748	3	361	100	100	0	403	9	12014	8	11909	14	11931	16	11931	19.438	0.226
166.8	NaN	778	NaN	689	1	356	100	100	0	404	9	12026	10	11882	20	11880	22	11962	19.417	0.582
166.9	NaN	771	NaN	705	3	360	100	100	0	406	9	11984	10	11885	19	11902	20	11948	19.41	0.497
167	NaN	775	NaN	683	4	359	75	70	0	404	11	11950	12	11949	22	11856	21	11987	19.396	-0.082
167.1	NaN	797	NaN	645	4	363	0	0	0	403	-17	11731	-15	11724	-12	11603	-11	11734	19.226	-0.781
167.2	NaN	739	NaN	751	2	362	0	0	0	403	-36	11432	-34	11437	-26	11360	-25	11507	18.91	-3.656
167.3	NaN	726	NaN	721	2	358	0	0	0	405	-41	11188	-41	11150	-30	11061	-29	11128	18.483	-4.048
167.4	NaN	719	NaN	735	4	359	0	0	0	402	-41	10914	-39	10831	-31	10695	-29	10813	17.89	-5.921
167.5	NaN	721	NaN	697	1	357	0	0	0	402	-42	10699	-39	10646	-30	10552	-29	10665	17.403	-5.287
167.6	NaN	720	NaN	722	4	357	0	0	0	402	-41	10194	-39	10149	-31	10160	-29	10219	16.795	-4.991
167.7	NaN	720	NaN	747	1	358	0	0	0	402	-40	10110	-39	10053	-31	9894	-30	10008	16.357	-4.747
167.8	NaN	713	NaN	753	7	355	0	0	0	401	-40	9588	-38	9576	-31	9285	-30	9582	15.701	-5.325
167.9	NaN	723	NaN	746	6	357	0	0	0	403	-41	9428	-37	9523	-33	9228	-30	9440	15.192	-5.986
168	NaN	739	NaN	738	8	357	0	0	0	403	-40	8826	-37	9043	-33	8579	-30	8963	14.679	-4.605
168.1	NaN	714	NaN	740	10	360	0	0	0	405	-41	8604	-37	8893	-33	8569	-30	8904	14.178	-8.76
168.2	NaN	728	NaN	749	20	361	0	0	0	404	-42	8123	-34	8497	-35	7797	-29	8520	13.63	-10.504
168.3	NaN	728	NaN	767	24	367	0	0	0	407	-41	7883	-34	8528	-35	6965	-29	8399	13.133	-4.28
168.4	NaN	765	NaN	725	42	377	0	0	0	412	-45	6880	-31	7973	-40	4824	-26	7991	12.576	-6.222
168.5	NaN	735	NaN	684	43	371	0	0	0	405	-46	6521	-29	7901	-40	2841	-25	7925	12.136	-5.36
168.6	NaN	760	NaN	730	48	360	0	0	0	403	-46	5623	-28	7313	-0	-354	-25	7313	11.582	-5.949
168.7	NaN	733.4444444	NaN	699	43	357	0	0	0	401	-45	5633	-29	7172	-0	-302	-25	7129	10.881	-4.816
168.8	NaN	735.3888889	NaN	664	27	359	19	16	0	403	-9	5233	-6	6730	-7	861	-5	6674	10.202	-2.038
168.9	NaN	737.3333333	NaN	674	-11	361	31	33	0	404	6	5165	4	6427	-1	1304	0	6661	9.451	0.26
169	NaN	739.2777778	NaN	694	6	359	38	37	0	406	16	5191	17	6126	38	7186	42	6353	9.162	2.762
169.1	NaN	741.2222222	NaN	598	28	359	55	54	0	405	28	5793	55	6413	65	8692	128	7168	8.998	3.077
169.2	NaN	743.1666667	NaN	661	28	363	54	49	0	407	26	7480	49	6315	61	7560	117	6940	9.162	2.733
169.3	NaN	745.1111111	NaN	706	52	362	24	20	0	407	-1	7204	0	5560	1	5766	2	5935	9.171	1.555
169.4	NaN	747.0555556	NaN	678	58	364	19	17	0	404	-10	4593	-5	5387	-8	4598	-5	5689	8.835	-1.063
169.5	NaN	772	NaN	720	61	363	39	36	0	405	5	4810	29	5610	12	5101	70	5860	8.596	0.275
169.6	NaN	816	NaN	807	65	358	37	30	0	406	4	4825	23	5521	9	5086	59	5711	8.6	-0.355
169.7	NaN	813	NaN	751	66	363	37	30	0	407	3	4890	20	5597	6	4950	49	5627	8.504	-1.585
169.8	NaN	802	NaN	716	65	357	37	30	0	404	3	4849	21	5648	6	4747	49	5777	8.479	-0.151
169.9	NaN	718	NaN	716.775	61	363	57	53	0	407	10	4935	69	6176	23	4791	141	6088	8.651	1.629
170	NaN	724	NaN	715.55	62	358	58	54	0	407	12	5072	73	6334	28	4924	168	6400	9.067	3.775
170.1	NaN	772	NaN	714.325	52	361	58	54	0	407	16	5452	69	6712	39	5591	164	6866	9.559	4.909
170.2	NaN	741	NaN	713.1	41	356	58	54	0	405	22	5700	65	6818	51	5727	150	6977	10.019	5.901
170.3	NaN	773	NaN	711.875	26	357	58	52	0	407	29	6368	54	6967	69	6654	128	7167	10.563	5.341
170.4	NaN	740	NaN	710.65	24	357	58	53	0	406	31	6556	53	7099	72	6498	125	7188	11.08	5.475
170.5	NaN	754	NaN	709.425	30	365	58	54	0	405	29	7049	58	7626	65	7142	131	7683	11.641	5.218
170.6	NaN	727	NaN	708.2	31	358	65	62	0	407	33	7185	65	7843	75	7282	146	7916	12.035	5.177
170.7	NaN	711	NaN	706.975	26	363	68	65	0	406	43	8056	77	8491	96	8322	170	8604	12.705	6.602
170.8	NaN	826	NaN	705.75	22	362	68	65	0	405	48	9112	75	8808	97	8169	169	8914	13.475	7.223
170.9	NaN	714	NaN	704.525	18	358	68	64	0	407	48	9640	73	9213	103	9008	159	9329	14.112	6.338
171	NaN	771	NaN	703.3	12	358	68	62	0	405	51	9384	70	9566	108	9294	156	9544	14.92	5.964
171.1	NaN	744	NaN	702.075	5	361	49	45	0	405	33	9684	36	9807	69	9658	75	9895	15.344	2.713
171.2	NaN	820	NaN	700.85	-1	361	0	0	0	404	-12	9521	-12	9514	-9	9429	-9	9505	15.581	-2.825
171.3	NaN	726	NaN	699.625	-4	359	0	0	0	403	-35	9389	-36	9159	-27	9277	-28	9145	15.256	-4.368
171.4	NaN	713	NaN	698.4	-11	360	0	0	0	403	-37	9175	-42	8781	-29	9062	-34	8772	14.828	-5.231
171.5	NaN	711	NaN	697.175	-18	360	0	0	0	403	-35	9063	-41	8560	-29	8928	-34	8381	14.194	-5.107
171.6	NaN	719	NaN	695.95	-24	360	0	0	0	400	-34	8693	-43	7863	-28	8550	-36	7554	13.585	-5.759
171.7	NaN	708	NaN	694.725	-29	356	0	0	0	404	-33	8591	-43	7694	-28	8356	-37	7350	13.184	-4.577
171.8	NaN	874	NaN	706	-40	357	0	0	0	401	-2	8257	-1	7383	-1	8245	-0	7411	12.896	-1.79
171.9	NaN	857	NaN	694	-41	360	0	0	0	401	1	8323	0	7348	-0	8194	0	7301	12.561	-2.763
172	NaN	896	NaN	697	-48	363	0	0	0	403	-1	7990	0	6876	0	7983	-0	6890	12.243	-3.523
172.1	NaN	868	NaN	687	-51	359	0	0	0	402	1	7880	0	6831	1	7863	0	6835	11.946	-3.549
172.2	NaN	875	NaN	693	-51	363	0	0	0	403	1	7635	-0	6554	1	7586	-0	6511	11.614	-2.866
172.3	NaN	879	NaN	698	-50	361	0	0	0	402	-1	7565	-0	6413	-1	7553	0	6396	11.302	-2.594
172.4	NaN	877	NaN	699	-54	362	0	0	0	401	0	7325	0	6204	-0	7240	0	6203	11.021	-2.5
172.5	NaN	888	NaN	706	-51	361	0	0	0	403	-1	7198	-0	6137	-0	7146	-1	5887	10.844	-1.838
172.6	NaN	899	NaN	693	-52	358	0	0	0	402	-1	7035	-1	5909	-2	6938	-0	5720	10.594	-1.256
172.7	NaN	886	NaN	698	-54	360	1	1	0	401	0	7014	-0	5774	0	6854	0	5543	10.294	-2.319
172.8	NaN	897	NaN	692	-49	357	4	6	0	401	-0	6704	-0	5613	-1	6606	-0	5327	10.033	-1.367
172.9	NaN	906	NaN	692	-51	359	5	6	0	404	-1	6562	-1	5417	1	6589	-0	5434	9.73	-1.174
173	NaN	877	NaN	694	-39	359	6	6	0	401	1	6438	1	5393	1	6245	-0	5238	9.582	-0.276
173.1	NaN	861	NaN	692	-29	360	18	16	0	402	-1	6106	0	5436	0	6032	0	5391	9.409	-0.027
173.2	NaN	841	NaN	674	-5	357	22	20	0	404	2	5871	0	5538	1	5809	0	5526	9.331	-0.962
173.3	NaN	838	NaN	677	21	360	29	25	0	405	2	5554	0	5644	1	5534	0	5674	9.151	-1.825
173.4	NaN	821	NaN	665	61	358	31	26	0	401	0	5088	1	5701	-1	5087	0	5743	8.958	-2.908
173.5	NaN	851	NaN	668	64	357	39	36	0	407	1	4963	2	5774	0	4836	1	5794	8.732	-3.542
173.6	NaN	892	NaN	699	64	363	51	48	0	405	-0	4849	0	5757	-1	4719	-1	5747	8.497	-2.31
173.7	NaN	845	NaN	695	65	359	52	48	0	403	-0	4639	1	5592	-0	4525	0	5537	8.284	-2.289
173.8	NaN	813	NaN	652	65	360	69	66	0	405	-1	4623	-0	5541	-0	4376	-1	5470	8.102	-2.824
173.9	NaN	899	NaN	681	62	360	92	89	0	402	-0	4472	0	5374	-1	4294	-2	5285	7.922	-2.239
174	NaN	842	NaN	671	59	359	92	90	0	402	0	4442	1	5331	1	4262	1	5259	7.752	-2.26
174.1	NaN	850	NaN	661	59	362	100	100	0	405	1	4306	0	5122	1	4115	0	5036	7.598	-1.387
174.2	NaN	824	NaN	646	57	362	100	100	0	405	-2	4279	-3	4999	-2	4108	-3	4996	7.473	-1.641
174.3	NaN	881	NaN	687	51	360	100	100	0	403	-0	4203	-2	4761	0	3904	-2	4788	7.323	-2.042
174.4	NaN	891	NaN	693	51	361	100	100	0	403	-8	4135	-5	4708	2	3947	1	4736	7.134	-2.202
174.5	NaN	883	NaN	690	49	363	100	100	0	404	-7	3938	-5	4569	0	3808	-0	4536	6.914	-2.387
174.6	NaN	892	NaN	683	47	360	100	100	0	405	-6	3891	-5	4529	-0	3787	-0	4501	6.782	-2.495
174.7	NaN	907	NaN	698	47	359	100	100	0	404	-9	3722	-7	4298	-0	3597	-1	4268	6.593	-2.578
174.8	NaN	891	NaN	692	47	363	100	100	0	404	-9	3691	-7	4239	0	3590	-1	4139	6.377	-2.442
174.9	NaN	888	NaN	699	47	362	91	85	0	401	-10	3493	-9	4015	-0	3397	-0	3987	6.142	-2.711
175	NaN	898	NaN	696	44	361	75	69	0	405	-12	3403	-9	3881	-0	3356	-0	3942	5.897	-2.483
175.1	NaN	889	NaN	702	43	359	58	52	0	403	-14	3270	-11	3710	-0	3197	0	3694	5.725	-2.154
175.2	NaN	889	NaN	694	39	359	41	36	0	406	-15	3166	-11	3588	-1	3102	-0	3566	5.493	-2.513
175.3	NaN	903	NaN	697	34	362	13	7	0	404	-17	3037	-13	3363	0	3005	-0	3365	5.305	-2.516
175.4	NaN	882	NaN	685	31	364	0	0	0	405	-19	2959	-13	3242	0	2932	-1	3236	4.997	-2.59
175.5	NaN	895	NaN	690	24	363	0	0	0	401	-13	2839	-13	3014	-0	2802	-7	3030	4.782	-2.62
175.6	NaN	892	NaN	704	16	358	0	0	0	402	-15	2745	-14	2904	0	2722	-8	2909	4.602	-2.363
175.7	NaN	884	NaN	685	12	359	0	0	0	402	-15	2681	-14	2821	-0	2650	-8	2821	4.382	-2.182
175.8	NaN	903	NaN	691	13	363	0	0	0	404	-15	2500	-13	2564	-4	2465	-9	2555	4.13	-2.305
175.9	NaN	906	NaN	704	16	362	0	0	0	405	-15	2417	-13	2495	-6	2394	-10	2497	3.905	-2.401
176	NaN	877	NaN	703	26	364	0	0	0	403	-16	2115	-17	2278	-10	2133	-11	2291	3.619	-2.63
176.1	NaN	885	NaN	707	27	360	0	0	0	404	-15	2059	-17	2233	-10	2028	-12	2221	3.368	-2.676
176.2	NaN	896	NaN	707	28	359	0	0	0	402	-19	1790	-20	1921	-14	1761	-15	1924	3.071	-2.621
176.3	NaN	878	NaN	702	27	361	0	0	0	404	-20	1729	-21	1860	-17	1692	-15	1855	2.788	-2.905
176.4	NaN	903	NaN	712	19	362	0	0	0	403	-26	1413	-22	1522	-23	1397	-23	1502	2.439	-3.627
176.5	NaN	896	NaN	708	14	359	0	0	0	404	-26	1356	-21	1431	-22	1317	-21	1430	2.138	-3.728
176.6	NaN	893	NaN	697	1	359	0	0	0	402	-22	1078	-16	1091	-16	1065	-15	1101	1.812	-2.716
176.7	NaN	916	NaN	689	0	359	0	0	0	402	-20	1030	-15	1027	-14	1024	-14	1039	1.653	-2.348
176.8	NaN	879	NaN	709	-1	362	0	0	0	403	-15	822	-12	810	-10	819	-9	806	1.448	-2.293
176.9	NaN	888	NaN	696	-3	361	0	0	0	404	-14	782	-11	766	-9	728	-7	724	1.239	-1.775
177	NaN	901	NaN	687	-2	360	0	0	0	403	-10	622	-8	612	-7	618	-5	612	1.07	-1.415
177.1	NaN	888	NaN	674	-1	360	0	0	0	404	-9	556	-7	550	-6	556	-4	550	0.908	-1.328
177.2	NaN	887	NaN	705	-3	359	0	0	0	403	-7	475	-5	469	-4	469	-3	465	0.815	-0.985
177.3	NaN	894	NaN	700	-0	360	0	0	0	406	-6	426	-4	418	-4	424	-2	419	0.673	-0.718
177.4	NaN	910	NaN	736	-0	362	0	0	0	401	-4	363	-4	356	-2	359	-1	360	0.59	-0.807
177.5	NaN	906	NaN	732	-2	359	0	0	0	403	-4	328	-2	322	-2	329	-1	321	0.518	-0.78
177.6	NaN	884	NaN	703	-3	358	0	0	0	402	-3	277	-1	271	-1	271	-1	274	0.459	-0.57
177.7	NaN	873	NaN	683	-3	363	0	0	0	402	-1	252	-2	247	-1	249	-0	242	0.41	-0.368
177.8	NaN	880	NaN	725	-2	361	0	0	0	406	-1	231	-1	227	-0	232	-1	229	0.36	-0.325
177.9	NaN	899	NaN	724	-3	361	0	0	0	403	-0	186	-0	178	-0	186	-0	177	0.305	-0.434
178	NaN	902	NaN	675	-0	362	0	0	0	402	-0	171	-1	165	-0	168	-0	169	0.26	-0.622
178.1	NaN	916	NaN	659	-3	359	0	0	0	404	-0	121	-0	120	0	126	-0	120	0.21	-0.443
178.2	NaN	915	NaN	667	-1	362	0	0	0	403	0	114	-0	112	-0	109	-0	109	0.17	-0.145
178.3	NaN	913	NaN	711	-2	361	0	0	0	403	0	70	-0	71	-0	67	-0	67	0.124	-0.178
178.4	NaN	912	NaN	690	-0	362	0	0	0	404	-0	60	0	61	0	61	-0	60	0.087	-0.245
178.5	NaN	917	NaN	648	-1	360	0	0	0	402	0	19	-0	21	0	20	-0	19	0.044	-0.311
178.6	NaN	905	NaN	658	-2	362	0	0	0	406	0	11	-0	10	-0	9	-0	11	0.017	-0.079
178.7	NaN	909	NaN	655	-1	361	0	0	0	403	0	-3	0	-4	-0	-1	-0	-4	0.002	0.337
178.8	NaN	903	NaN	651	1	362	0	0	0	405	0	-1	0	0	0	-1	-0	-2	0.006	0.166
178.9	NaN	904	NaN	652	0	360	0	0	0	405	0	-0	-0	-0	0	0	-0	-0	0.009	-0.052
179	NaN	904	NaN	655	1	360	0	0	0	404	0	-0	0	0	-0	1	0	0	0.01	0.184
179.1	NaN	917	NaN	653	1	363	0	0	0	403	0	0	-0	0	-0	1	-0	-0	0.009	0.074
179.2	NaN	913	NaN	653	1	361	0	0	0	405	0	-0	-0	-0	0	0	0	-0	0.008	-0.04
179.3	NaN	916	NaN	654	-2	363	0	0	0	403	0	0	-0	-0	0	0	-0	-0	0.009	0.113
179.4	NaN	904	NaN	653	-1	361	0	0	0	403	0	0	-0	0	0	0	-0	0	0.009	0.145
179.5	NaN	907	NaN	653	0	362	0	0	0	404	0	-0	-0	-0	-0	0	0	-0	0.008	-0.017
179.6	NaN	903	NaN	652	1	363	0	0	0	402	0	0	0	-0	-0	1	0	-0	0.008	-0.224
179.7	NaN	905	NaN	652	0	363	0	0	0	405	0	0	-0	0	0	0	-0	0	0.008	-0.274
179.8	NaN	909	NaN	652	1	361	0	0	0	402	0	1	0	-0	-0	0	-0	-0	0.009	-0.008
179.9	NaN	904	NaN	652	1	359	0	0	0	404	0	-0	-0	0	-0	-1	-0	0	0.009	0.22
180	NaN	914	NaN	650	0	359	0	0	0	405	0	0	0	-0	-0	-0	-0	0	0.01	0.114
180.1	NaN	903	NaN	651	-1	362	0	0	0	404	0	0	0	0	-0	-0	-0	0	0.011	0.016
180.2	NaN	914	NaN	650	-2	359	0	0	0	403	0	0	0	-0	0	0	-0	0	0.012	0.02
180.3	NaN	911	NaN	651	-2	360	0	0	0	405	0	1	0	0	-0	-0	-0	0	0.013	0.138
180.4	NaN	913	NaN	650	-2	359	0	0	0	403	0	-1	0	-0	-0	-1	-0	-0	0.011	0.269
180.5	NaN	911	NaN	650	-2	360	0	0	0	403	0	-1	-0	-1	-0	-1	-0	-1	0.012	0.44
180.6	NaN	904	NaN	650	-1	362	0	0	0	403	0	-1	-0	-0	-0	-1	-0	-0	0.011	0.244
180.7	NaN	913	NaN	650	-0	360	0	0	0	405	0	-1	-0	-0	-0	-0	-0	-1	0.012	0.061
180.8	NaN	914	NaN	651	-3	359	0	0	0	403	0	-1	0	-0	0	-0	-0	-0	0.015	0.119
180.9	NaN	901	NaN	651	-0	363	0	0	0	405	0	-0	0	-0	0	-0	0	0	0.016	0.28
181	NaN	906	NaN	651	-2	360	0	0	0	404	0	-1	-0	0	-0	-0	-0	0	0.017	0.112
181.1	NaN	904	NaN	650	-1	365	0	0	0	404	0	0	0	1	-0	0	-0	1	0.016	-0.057
181.2	NaN	907	NaN	650	-1	361	0	0	0	405	-0	-1	0	-1	-0	0	-0	-1	0.017	0.187
181.3	NaN	905	NaN	651	-1	362	0	0	0	403	0	0	0	0	0	1	-0	-0	0.021	-0.022
181.4	NaN	911	NaN	650	-2	359	0	0	0	403	0	0	-0	0	-0	1	-0	-0	0.023	-0.075
181.5	NaN	907	NaN	649	0	358	0	0	0	403	0	0	0	0	-0	1	0	-0	0.024	0.027
181.6	NaN	909	NaN	649	-0	359	0	0	0	406	0	0	0	0	-0	-0	-0	-0	0.025	0.113
181.7	NaN	903	NaN	648	-2	359	0	0	0	402	0	1	0	0	-0	0	-0	0	0.026	0.063
181.8	NaN	911	NaN	649	-3	357	0	0	0	403	0	-0	0	-0	-0	-0	-0	-0	0.027	-0.201
181.9	NaN	898	NaN	650	-1	363	0	0	0	403	0	0	0	-0	-0	0	-0	-0	0.027	-0.055
182	NaN	907	NaN	648	-2	359	0	0	0	406	0	-1	-0	0	-0	-0	-0	-1	0.026	0.225
182.1	NaN	900	NaN	647	-2	363	0	0	0	404	0	1	0	1	-0	-1	-0	0	0.027	0.034
182.2	NaN	899	NaN	647	1	363	0	0	0	402	0	0	-0	1	0	0	0	1	0.026	0.249
182.3	NaN	901	NaN	647	0	359	0	0	0	403	0	1	0	0	-0	1	-0	0	0.025	0.172
182.4	NaN	905	NaN	648	1	359	0	0	0	404	0	-0	-0	0	0	-0	-0	1	0.027	0.008
182.5	NaN	903	NaN	648	1	360	0	0	0	403	0	0	0	-0	-0	0	-0	-0	0.026	0.111
182.6	NaN	899	NaN	648	-1	363	0	0	0	403	0	-0	0	0	-0	0	-0	0	0.026	0.325
182.7	NaN	907	NaN	648	-0	358	0	0	0	403	0	-0	0	0	-0	1	-0	0	0.025	0.141
182.8	NaN	898	NaN	648	-2	363	0	0	0	403	-0	-0	-0	0	-0	-1	-0	0	0.023	0.121
182.9	NaN	898	NaN	647	0	363	0	0	0	403	0	-0	0	-0	0	-0	-0	0	0.024	0.157
183	NaN	905	NaN	649	0	363	0	0	0	402	0	-1	0	-0	0	-0	0	0	0.024	-0.015
183.1	NaN	902	NaN	650	0	362	0	0	0	404	0	-1	0	-0	-0	-0	-0	0	0.025	0.101
183.2	NaN	904	NaN	648	-2	360	0	0	0	405	0	-0	0	0	-0	-0	-0	0	0.025	0.307
183.3	NaN	907	NaN	645	-2	360	0	0	0	404	0	-0	0	0	-0	0	0	0	0.025	0.44
183.4	NaN	906	NaN	646	-2	360	0	0	0	403	0	-0	0	-0	0	-0	0	0	0.024	0.333
183.5	NaN	902	NaN	645	-1	361	0	0	0	405	0	-0	0	-0	0	-1	0	0	0.024	0.147
183.6	NaN	896	NaN	645	0	361	0	0	0	404	0	-0	0	-0	-0	1	-0	0	0.023	0.067
183.7	NaN	899	NaN	646	-0	359	0	0	0	405	0	-0	-0	-0	-0	-0	-0	-0	0.024	0.081
183.8	NaN	897	NaN	647	0	362	0	0	0	403	0	0	-0	0	-0	0	-0	-0	0.023	0.062
183.9	NaN	894	NaN	646	-1	364	0	0	0	405	0	0	0	0	0	-0	-0	0	0.023	0.013
184	NaN	900	NaN	646	-2	362	0	0	0	405	0	0	-0	-0	-0	0	-0	0	0.023	0.085
184.1	NaN	904	NaN	646	0	362	0	0	0	405	0	0	0	-0	-0	0	-0	-0	0.025	-0.103
184.2	NaN	906	NaN	646	-1	360	0	0	0	403	0	-0	0	-0	0	1	0	-0	0.025	-0.005
184.3	NaN	899	NaN	645	-1	358	0	0	0	405	0	0	0	0	-0	1	-0	-0	0.027	0.222
184.4	NaN	899	NaN	645	0	360	0	0	0	404	0	-0	-0	-0	-0	1	-0	-0	0.027	0.013
184.5	NaN	900	NaN	644	-0	364	0	0	0	406	0	0	-0	-0	-0	0	-0	-0	0.027	0.001
184.6	NaN	905	NaN	646	0	359	0	0	0	405	0	-0	-0	-0	-0	-0	-0	-0	0.027	0.075
184.7	NaN	896	NaN	645	1	360	0	0	0	404	0	0	-0	0	-0	0	0	-0	0.028	0.055
184.8	NaN	895	NaN	644	1	363	0	0	0	403	0	0	-0	0	-0	0	-0	-0	0.027	0.039
184.9	NaN	899	NaN	644	-2	360	0	0	0	404	0	0	0	-0	-0	0	-0	-0	0.027	0.135
185	NaN	896	NaN	646	1	363	0	0	0	403	0	0	0	-0	-0	1	0	0	0.025	-0.194
185.1	NaN	896	NaN	647	1	363	0	0	0	405	0	-0	0	-0	0	-1	-0	0	0.025	0.016
185.2	NaN	895	NaN	644	1	362	0	0	0	407	0	0	0	0	-0	-0	0	-0	0.023	0.084
185.3	NaN	900	NaN	645	-1	361	0	0	0	405	0	-0	-0	-0	-0	-0	0	-0	0.023	-0.01
185.4	NaN	898	NaN	645	0	362	0	0	0	403	0	0	0	-0	-0	0	0	-0	0.024	0.041
185.5	NaN	895	NaN	645	1	364	0	0	0	404	0	-0	0	0	-0	-0	0	-0	0.024	0.22
185.6	NaN	898	NaN	644	-1	362	0	0	0	404	0	0	0	-0	-0	-0	-0	-0	0.022	0.338
185.7	NaN	895	NaN	642	-0	361	0	0	0	403	-0	-0	0	0	0	-0	-0	0	0.022	0.253
185.8	NaN	894	NaN	641	0	363	0	0	0	404	0	0	-0	0	0	0	-0	0	0.023	0.044
185.9	NaN	891	NaN	644	0	363	0	0	0	402	0	-0	-0	-0	0	0	-0	-0	0.023	0.06
186	NaN	902	NaN	644	-2	360	0	0	0	404	0	-0	-0	-0	-0	0	0	0	0.022	0.223
186.1	NaN	891	NaN	644	-2	364	0	0	0	402	0	-0	0	0	-0	-0	0	-0	0.023	0.088
186.2	NaN	902	NaN	642	-3	362	0	0	0	403	0	0	0	0	-0	0	-0	0	0.022	-0.055
186.3	NaN	898	NaN	643	-1	360	0	0	0	403	0	0	-0	0	-0	-0	-0	0	0.024	0.081
186.4	NaN	891	NaN	641	-0	363	0	0	0	403	0	0	-0	-0	-0	0	0	0	0.026	0.1
186.5	NaN	893	NaN	642	-0	360	0	0	0	403	0	-0	0	-0	-0	-0	0	-0	0.026	0.046
186.6	NaN	896	NaN	643	-1	362	0	0	0	404	0	-0	-0	-0	-0	-0	-0	0	0.026	0.085
186.7	NaN	894	NaN	641	-1	361	0	0	0	403	0	-0	-0	0	-0	0	-0	0	0.027	0.1
186.8	NaN	894	NaN	643	-1	360	0	0	0	403	-0	0	-0	0	0	0	-0	0	0.028	-0.05
186.9	NaN	898	NaN	643	-1	362	0	0	0	402	0	-0	-0	0	-0	0	0	-0	0.028	0.022
187	NaN	896	NaN	643	-1	361	0	0	0	405	0	0	0	0	0	0	-0	-0	0.029	0.242
187.1	NaN	899	NaN	642	-3	358	0	0	0	405	0	-0	0	0	-0	-0	0	-0	0.028	0.056
187.2	NaN	897	NaN	640	-3	359	0	0	0	405	0	0	-0	-0	0	-0	-0	0	0.027	-0.113
187.3	NaN	898	NaN	642	-2	360	0	0	0	403	0	0	0	0	-0	0	-0	0	0.028	0.044
187.4	NaN	896	NaN	642	-1	360	0	0	0	405	0	0	-0	0	-0	0	-0	0	0.026	0.273
187.5	NaN	897	NaN	640	-1	360	0	0	0	403	0	-2	0	-2	-0	-2	-0	-2	0.023	0.29
187.6	NaN	898	NaN	640	-1	360	0	0	0	403	0	-3	0	-2	-0	-3	-0	-3	0.025	0.081
187.7	NaN	888	NaN	638	-2	361	0	0	0	403	0	0	0	0	0	0	0	0	0.027	-0.111
187.8	NaN	895	NaN	641	-0	360	0	0	0	402	0	-0	0	-0	0	0	-0	-0	0.026	-0.014
187.9	NaN	895	NaN	639	-0	360	0	0	0	405	0	0	0	-1	-0	-0	0	-0	0.027	0.193
188	NaN	899	NaN	639	-1	359	0	0	0	405	0	0	0	0	0	0	0	0	0.027	0.13
188.1	NaN	886	NaN	638	-1	364	0	0	0	404	0	-0	-0	0	0	0	0	0	0.024	-0.123
188.2	NaN	886	NaN	639	-0	363	0	0	0	403	0	0	0	-0	0	0	0	0	0.023	-0.097
188.3	NaN	889	NaN	639	-2	365	0	0	0	405	0	-0	0	0	-0	0	-0	0	0.023	-0.007
188.4	NaN	887	NaN	640	-2	356	0	0	0	403	0	0	-0	-0	0	-0	-0	0	0.023	0.091
188.5	NaN	891	NaN	640	-1	357	0	0	0	404	0	-0	0	0	0	-0	0	-0	0.022	0.143
188.6	NaN	894	NaN	637	-2	360	0	0	0	403	0	-0	0	-0	0	-0	0	-0	0.02	0.018
188.7	NaN	887	NaN	636	-0	363	0	0	0	402	0	0	0	-0	0	0	-0	0	0.019	-0.043
188.8	NaN	895	NaN	636	-3	363	0	0	0	404	0	-0	0	-0	0	0	-0	0	0.018	0.054
188.9	NaN	890	NaN	638	-3	362	0	0	0	407	0	0	0	0	-0	0	0	0	0.017	0.279
189	NaN	887	NaN	637	0	359	0	0	0	403	0	-0	0	-0	0	-0	-0	-0	0.012	0.21
189.1	NaN	896	NaN	636	-0	359	0	0	0	405	0	0	0	-0	0	0	0	-0	0.011	0.092
189.2	NaN	887	NaN	635	-0	362	0	0	0	403	0	-0	0	-0	0	0	-0	-0	0.011	0.079
189.3	NaN	897	NaN	634	-0	359	0	0	0	404	0	-0	0	-0	-0	-0	0	-0	0.012	0.158
189.4	NaN	885	NaN	637	-2	360	0	0	0	404	0	0	0	0	-0	-0	-0	-0	0.012	0.26
189.5	NaN	883	NaN	635	-2	359	0	0	0	402	0	0	0	0	-0	0	-0	0	0.011	0.243
189.6	NaN	890	NaN	636	-2	358	0	0	0	405	0	-1	0	-1	-0	-0	-0	-1	0.008	0.078
189.7	NaN	885	NaN	637	-0	363	0	0	0	401	0	-2	0	-3	0	-2	-0	-3	0.008	-0.043
189.8	NaN	887	NaN	635	-1	363	0	0	0	403	-0	-2	0	-2	-0	-2	-0	-2	0.011	0.02
189.9	NaN	892	NaN	632	-2	361	0	0	0	402	0	0	0	1	-0	0	-0	0	0.014	0.268
190	NaN	896	NaN	633	-3	359	0	0	0	405	0	0	0	0	0	-0	-0	0	0.015	0.282
190.1	NaN	886	NaN	632	-1	364	0	0	0	404	0	-0	0	-0	0	0	-0	-0	0.014	0.034
190.2	NaN	884	NaN	632	-0	362	0	0	0	404	0	-1	0	-0	0	-1	-0	-0	0.013	-0.051
190.3	NaN	888	NaN	631	-1	361	0	0	0	402	0	-0	-0	-0	0	0	-0	0	0.018	0.054
190.4	NaN	890	NaN	630	0	364	0	0	0	405	0	0	0	0	-0	0	-0	0	0.023	0.241
190.5	NaN	884	NaN	630	-1	362	0	0	0	404	0	1	0	0	0	1	-0	0	0.019	0.199
190.6	NaN	887	NaN	629	-2	361	0	0	0	405	0	-0	0	-0	-0	-0	0	-0	0.011	-0.054
190.7	NaN	894	NaN	629	-3	360	0	0	0	401	0	0	-0	-0	-0	-0	-0	-0	0.011	-0.093
190.8	NaN	889	NaN	630	-2	361	0	0	0	404	0	0	0	0	0	0	-0	0	0.009	-0.105
190.9	NaN	891	NaN	632	-2	359	0	0	0	405	-0	-1	0	-1	0	-1	-0	-1	0.008	0.037
191	NaN	892	NaN	632	-2	359	0	0	0	405	0	-0	-0	0	-0	-0	-0	-0	0.01	0.183
191.1	NaN	881	NaN	630	0	364	0	0	0	404	0	0	0	-0	0	-0	-0	-0	0.01	-0.027
191.2	NaN	883	NaN	631	0	363	0	0	0	405	0	-0	0	-1	0	-1	0	-1	0.007	-0.246
191.3	NaN	894	NaN	632	2	360	0	0	0	403	0	-0	0	-0	-0	-0	-0	-1	0.008	-0.145
191.4	NaN	883	NaN	630	2	363	0	0	0	404	0	-1	0	-0	0	-1	-0	-1	0.008	0.092
191.5	NaN	884	NaN	631	-1	362	0	0	0	403	0	-0	-0	-0	-0	0	-0	0	0.008	0.118
191.6	NaN	888	NaN	629	0	360	0	0	0	406	0	0	0	0	0	0	-0	-0	0.008	0.103
191.7	NaN	883	NaN	630	0	364	0	0	0	404	0	-1	-0	-0	0	0	-0	0	0.009	0.062
191.8	NaN	882	NaN	631	2	363	0	0	0	404	0	1	-0	0	0	1	-0	0	0.01	0.197
191.9	NaN	882	NaN	630	-0	361	0	0	0	404	0	-0	0	0	0	0	-0	1	0.009	0.35
192	NaN	884	NaN	630	0	363	0	0	0	403	0	0	0	-0	-0	1	-0	0	0.007	0.221
192.1	NaN	882	NaN	629	2	363	0	0	0	406	-0	-1	0	-0	-0	-1	-0	0	0.007	-0.01
192.2	NaN	891	NaN	629	2	360	0	0	0	404	0	1	0	0	0	0	0	1	0.01	0.047
192.3	NaN	883	NaN	628	1	362	0	0	0	405	0	0	0	0	0	0	-0	0	0.011	0.245
192.4	NaN	885	NaN	627	-1	361	0	0	0	403	0	0	-0	0	0	0	-0	-0	0.012	0.141
192.5	NaN	887	NaN	629	-1	361	0	0	0	404	-0	0	0	0	-0	-0	-0	-0	0.01	-0.231
192.6	NaN	891	NaN	628	-1	363	0	0	0	400	0	-0	-0	-1	0	-1	-0	-1	0.008	-0.164
192.7	NaN	881	NaN	628	-2	361	0	0	0	405	0	-1	0	-0	0	-0	-0	-1	0.008	-0.035
192.8	NaN	888	NaN	629	-0	364	0	0	0	404	0	-0	-0	-0	-0	-0	-0	-1	0.009	0.019
192.9	NaN	887	NaN	626	-0	363	0	0	0	406	0	0	0	0	-0	-0	-0	0	0.006	0.06
193	NaN	879	NaN	628	0	362	0	0	0	403	-0	0	-0	0	0	-0	-0	0	0.01	0.022
193.1	NaN	887	NaN	628	1	360	0	0	0	405	0	-0	0	-1	-0	-0	-0	-1	0.008	0.126
193.2	NaN	892	NaN	627	-1	362	0	0	0	403	0	-4	0	-5	0	-4	-0	-6	0	0.206
193.3	NaN	888	NaN	626	-2	358	0	0	0	404	0	-1	0	-0	-0	-1	-0	-0	0.003	0.271
193.4	NaN	881	NaN	624	-0	363	0	0	0	403	0	0	0	-0	0	-0	-0	0	0.006	0.122
193.5	NaN	887	NaN	624	0	363	0	0	0	403	0	1	0	0	0	-0	-0	0	0.005	0.036
193.6	NaN	879	NaN	624	0	361	0	0	0	403	-0	-1	-0	-0	-0	-0	0	-0	0.002	0.108
193.7	NaN	884	NaN	625	-0	362	0	0	0	405	0	0	0	-0	0	-0	-0	-0	0.003	0.29
193.8	NaN	889	NaN	623	-0	362	0	0	0	403	0	-0	0	-0	0	-0	0	-0	0.004	0.305
193.9	NaN	883	NaN	623	0	362	0	0	0	403	0	0	0	-0	0	0	0	-0	0.003	0.138
194	NaN	883	NaN	624	-1	362	0	0	0	401	0	-0	0	-0	0	-0	-0	-0	0.003	-0.059
194.1	NaN	882	NaN	625	0	362	0	0	0	404	0	-0	0	0	0	-1	0	0	0.003	0.016
194.2	NaN	885	NaN	623	-0	362	0	0	0	405	-0	-0	0	-0	-0	-0	-0	-0	0.004	0.191
194.3	NaN	881	NaN	623	0	364	0	0	0	403	0	-0	0	-0	0	-0	0	-0	0.004	0.145
194.4	NaN	881	NaN	626	0	359	0	0	0	405	-0	0	0	0	-0	-0	-0	0	0.003	-0.038
194.5	NaN	888	NaN	625	-1	359	0	0	0	404	0	1	0	1	0	-1	-0	1	0.003	-0.11
194.6	NaN	882	NaN	627	0	360	0	0	0	403	0	-1	0	0	-0	0	-0	-1	0.004	-0.064
194.7	NaN	878	NaN	625	2	363	0	0	0	403	0	1	-0	1	0	1	-0	1	0.003	0.13
194.8	NaN	879	NaN	626	2	364	0	0	0	404	0	-1	0	-0	0	0	0	-0	-0.001	0.209
194.9	NaN	886	NaN	626	2	361	0	0	0	403	0	0	0	-0	0	-0	-0	-0	-0.004	0.083
195	NaN	877	NaN	626	-1	359	0	0	0	404	0	0	0	0	-0	-0	-0	0	-0.006	-0.129
195.1	NaN	889	NaN	626	-1	359	0	0	0	402	0	-0	0	-0	0	-1	-0	-1	-0.007	-0.011
195.2	NaN	879	NaN	625	0	362	0	0	0	403	0	0	0	0	0	0	-0	0	-0.006	0.319
195.3	NaN	881	NaN	623	1	362	0	0	0	404	0	0	0	-0	0	0	-0	-1	-0.005	0.213
195.4	NaN	882	NaN	624	2	361	0	0	0	404	0	-1	0	-1	0	-0	-0	-1	-0.005	0.082
195.5	NaN	879	NaN	624	1	362	0	0	0	401	-0	-0	0	-0	-0	-0	-0	-1	-0.002	0.006
195.6	NaN	880	NaN	623	0	363	0	0	0	405	-0	0	0	-0	0	0	-0	-0	-0.004	0.073
195.7	NaN	879	NaN	623	2	359	0	0	0	404	0	-1	0	-1	0	-0	-0	-1	-0.004	0.047
195.8	NaN	885	NaN	625	-0	361	0	0	0	407	0	0	0	0	-0	0	0	0	-0.001	0.138
195.9	NaN	887	NaN	623	0	358	0	0	0	404	-0	1	0	0	-0	1	-0	1	0.001	0.217
196	NaN	888	NaN	623	2	357	0	0	0	404	0	0	-0	1	0	-0	-0	1	-0.001	-0.013
196.1	NaN	884	NaN	623	0	361	0	0	0	403	-0	-0	0	-0	0	0	-0	0	-0.001	0.031
196.2	NaN	889	NaN	623	-1	359	0	0	0	403	0	0	0	0	0	0	0	0	0.002	0.115
196.3	NaN	878	NaN	623	0	361	0	0	0	401	0	-0	0	0	0	0	-0	0	0.002	0.099
196.4	NaN	884	NaN	622	-0	358	0	0	0	402	0	0	0	0	-0	0	-0	0	0.002	-0.054
196.5	NaN	879	NaN	621	-1	362	0	0	0	403	-0	-0	0	0	0	-0	-0	0	0.001	-0.228
196.6	NaN	881	NaN	622	-0	359	0	0	0	402	-0	0	0	0	0	0	-0	0	0.001	-0.044
196.7	NaN	885	NaN	623	-1	359	0	0	0	405	-0	-0	-0	-0	0	-0	-0	-0	0.002	0.067
196.8	NaN	877	NaN	623	1	359	0	0	0	405	0	0	0	-0	0	0	-0	-0	0.003	0.008
196.9	NaN	879	NaN	622	-2	363	0	0	0	405	0	1	-0	-0	0	1	-0	0	0.003	-0.074
197	NaN	878	NaN	623	-0	357	0	0	0	404	0	-1	0	-1	0	-1	-0	-1	0.003	-0.002
197.1	NaN	876	NaN	623	-1	360	0	0	0	404	-0	-0	-0	0	0	0	-0	0	-0.001	0.249
197.2	NaN	873	NaN	623	-2	364	0	0	0	403	0	-1	0	-1	0	-1	-0	-1	-0.002	0.185
197.3	NaN	872	NaN	622	-1	359	0	0	0	404	-0	0	0	-1	0	0	0	0	0.001	0.044
197.4	NaN	875	NaN	623	-1	366	0	0	0	402	0	0	0	1	0	0	-0	1	0.002	-0.089
197.5	NaN	879	NaN	623	-1	363	0	0	0	404	-0	-0	0	-0	-0	-0	0	-0	0.003	-0.063
197.6	NaN	878	NaN	624	-2	361	0	0	0	400	0	-1	0	-1	0	-1	0	-1	0.004	0.128
197.7	NaN	875	NaN	623	-1	363	0	0	0	403	-0	0	-0	-0	0	0	-0	0	0.004	0.114
197.8	NaN	874	NaN	623	0	362	0	0	0	403	0	-0	0	-0	0	0	-0	-0	0.003	-0.047
197.9	NaN	879	NaN	623	-0	357	0	0	0	404	0	0	0	-0	0	0	0	0	0.003	0.014
198	NaN	871	NaN	622	-2	358	0	0	0	402	0	-1	0	-0	0	-1	-0	-0	0.001	0.036
198.1	NaN	883	NaN	622	-2	358	0	0	0	403	0	0	0	0	-0	-0	0	0	0.004	0.076
198.2	NaN	877	NaN	623	-1	361	0	0	0	403	0	-0	0	-0	0	-0	-0	-1	0.005	0.348
198.3	NaN	875	NaN	623	-1	359	0	0	0	402	0	-0	0	-0	0	-0	0	-1	0.005	0.285
198.4	NaN	871	NaN	621	-2	359	0	0	0	404	-0	0	0	0	0	0	0	0	0.007	0.03
198.5	NaN	882	NaN	622	-1	360	0	0	0	403	0	0	0	-0	-0	-0	0	0	0.005	0.046
198.6	NaN	877	NaN	623	0	363	0	0	0	403	0	1	0	0	0	0	-0	0	0.004	0.131
198.7	NaN	878	NaN	620	-2	360	0	0	0	404	0	-0	0	-0	0	-0	-0	-0	0.005	0.095
198.8	NaN	875	NaN	622	-1	360	0	0	0	405	0	0	0	0	-0	0	-0	0	0.004	-0.098
198.9	NaN	871	NaN	623	-0	363	0	0	0	405	0	-0	0	-0	0	0	-0	0	0.004	-0.321
199	NaN	879	NaN	623	0	359	0	0	0	404	-0	0	0	0	0	0	-0	1	0.004	-0.2
199.1	NaN	867	NaN	623	-2	364	0	0	0	403	0	1	0	0	-0	-0	-0	1	0.006	0.074
199.2	NaN	869	NaN	623	1	363	0	0	0	402	-0	-0	-0	0	-0	-1	-0	-0	0.007	0.143
199.3	NaN	876	NaN	622	-1	359	0	0	0	402	0	-0	0	-0	-0	-0	-0	-0	0.006	0.104
199.4	NaN	868	NaN	623	0	363	0	0	0	406	0	-0	0	0	0	0	-0	0	0.006	0.113
199.5	NaN	868	NaN	622	-2	363	0	0	0	401	0	-0	0	0	0	-0	-0	-0	0.007	0.087
199.6	NaN	866	NaN	624	1	365	0	0	0	404	0	-0	0	-0	0	0	0	0	0.008	0.178
199.7	NaN	879	NaN	622	1	360	0	0	0	404	0	0	0	0	0	1	0	-0	0.008	0.233
199.8	NaN	878	NaN	622	-2	359	0	0	0	402	0	-0	0	-0	0	0	-0	-1	0.008	-0.031
199.9	NaN	869	NaN	623	1	362	0	0	0	403	0	0	0	0	0	1	-0	-0	0.009	0.061
200	NaN	875	NaN	623	-2	357	0	0	0	404	0	1	0	0	0	0	-0	-0	0.01	0.133
200.1	NaN	881	NaN	622	-2	357	0	0	0	403	0	1	-0	0	0	1	-0	-0	0.008	0.206
200.2	NaN	875	NaN	621	-1	360	0	0	0	402	-0	0	0	0	-0	0	0	-1	0.003	0.155
200.3	NaN	876	NaN	622	-1	360	0	0	0	401	0	0	0	0	0	1	0	-1	0.003	-0.026
200.4	NaN	871	NaN	620	0	360	0	0	0	402	0	0	0	-0	0	1	0	-0	0.003	-0.123
200.5	NaN	869	NaN	620	-1	360	0	0	0	403	-0	0	0	-0	0	1	-0	-0	0.003	-0.162
200.6	NaN	881	NaN	622	-2	359	0	0	0	405	0	-0	0	-0	0	1	-0	-0	0.004	0.071
200.7	NaN	877	NaN	620	-1	359	0	0	0	403	0	-0	0	0	-0	1	-0	0	0.005	0.096
200.8	NaN	875	NaN	620	-2	360	0	0	0	404	-0	0	-0	-0	0	0	-0	0	0.005	0.053
200.9	NaN	875	NaN	619	-2	361	0	0	0	403	-0	-0	0	-0	-0	0	-0	-0	0.005	0.03
201	NaN	875	NaN	620	-2	360	0	0	0	405	-0	-0	0	0	-0	1	-0	0	0.005	0.157
201.1	NaN	871	NaN	620	-0	361	0	0	0	403	0	-0	0	0	-0	0	0	0	0.006	0.332
201.2	NaN	871	NaN	619	-0	360	0	0	0	404	0	-0	0	-0	0	0	-0	1	0.009	0.458
201.3	NaN	872	NaN	619	0	361	0	0	0	401	0	-0	-0	-0	0	-1	-0	-1	0.009	0.292
201.4	NaN	876	NaN	621	-2	359	0	0	0	403	-0	-1	0	-0	-0	-1	-0	-0	0.008	0.077
201.5	NaN	872	NaN	619	-2	361	0	0	0	405	0	0	0	-0	0	-0	0	-0	0.008	0.079
201.6	NaN	870	NaN	622	1	361	0	0	0	401	-0	0	-0	0	0	-0	0	-0	0.009	0.179
201.7	NaN	868	NaN	621	-2	363	0	0	0	402	0	0	0	0	0	-0	0	-0	0.008	0.167
201.8	NaN	871	NaN	619	-1	361	0	0	0	402	-0	0	0	0	0	-1	-0	0	0.007	0.185
201.9	NaN	868	NaN	621	0	359	0	0	0	404	0	-0	0	-0	0	0	0	-0	0.007	0.067
202	NaN	869	NaN	620	0	360	0	0	0	404	-0	0	0	-0	-0	0	0	-1	0.008	-0.339
202.1	NaN	877	NaN	620	-0	361	0	0	0	405	0	0	0	0	0	1	0	0	0.009	-0.168
202.2	NaN	872	NaN	619	-2	359	0	0	0	401	-0	-1	0	-0	0	0	-0	0	0.012	-0.045
202.3	NaN	867	NaN	619	-2	363	0	0	0	403	-0	0	0	0	0	1	0	1	0.012	0.04
202.4	NaN	866	NaN	620	-0	360	0	0	0	404	0	-0	0	-0	0	0	-0	0	0.01	0.098
202.5	NaN	868	NaN	619	0	360	0	0	0	403	0	-0	-0	0	0	-0	0	0	0.012	0.017
202.6	NaN	875	NaN	621	0	359	0	0	0	401	-0	-1	0	-0	0	0	-0	0	0.015	0.192
202.7	NaN	875	NaN	620	1	361	0	0	0	403	0	0	0	0	0	1	0	1	0.016	0.449
202.8	NaN	872	NaN	621	-0	360	0	0	0	403	0	-0	0	-0	0	-1	-0	-1	0.014	0.411
202.9	NaN	867	NaN	620	-0	363	0	0	0	405	0	-0	0	-0	0	-0	-0	-0	0.013	0.269
203	NaN	871	NaN	618	-1	362	0	0	0	405	0	0	0	-0	0	-1	-0	-0	0.014	0.08
203.1	NaN	874	NaN	619	0	362	0	0	0	402	-0	1	-0	-0	0	-0	-0	-0	0.013	-0.081
203.2	NaN	868	NaN	620	-1	361	0	0	0	403	0	0	0	-0	0	-0	0	-0	0.012	-0.042
203.3	NaN	863	NaN	619	-0	361	0	0	0	406	-0	1	0	0	0	0	-0	-0	0.014	0.026
203.4	NaN	865	NaN	619	0	363	0	0	0	406	-0	0	0	-0	0	0	0	-0	0.015	-0.136
203.5	NaN	863	NaN	619	1	364	0	0	0	406	0	0	0	-0	0	0	-0	-0	0.015	-0.291
203.6	NaN	871	NaN	620	-1	361	0	0	0	405	0	-0	0	0	0	1	0	-0	0.015	-0.159
203.7	NaN	864	NaN	621	-1	360	0	0	0	402	0	0	0	0	0	1	-0	0	0.013	-0.017
203.8	NaN	865	NaN	620	1	363	0	0	0	402	-0	-1	0	-0	-0	-0	0	0	0.01	0.052
203.9	NaN	874	NaN	619	-2	359	0	0	0	402	0	0	0	-0	0	0	0	-0	0.011	0.202
204	NaN	870	NaN	621	-1	360	0	0	0	402	0	-0	0	-0	-0	-0	-0	0	0.011	0.055
204.1	NaN	865	NaN	620	1	363	0	0	0	403	-0	0	0	-0	0	-0	-0	-0	0.011	-0.066
204.2	NaN	864	NaN	620	1	363	0	0	0	403	0	-0	0	0	0	0	-0	-0	0.013	0.088
204.3	NaN	863	NaN	618	-1	360	0	0	0	404	0	0	0	-0	0	0	0	0	0.015	0.319
204.4	NaN	867	NaN	619	0	362	0	0	0	404	0	-0	0	-0	0	0	-0	-0	0.014	0.202
204.5	NaN	864	NaN	621	0	363	0	0	0	403	-0	0	0	0	0	1	0	0	0.013	0.067
204.6	NaN	863	NaN	620	1	363	0	0	0	405	-0	-1	-0	-0	0	-0	-0	-0	0.012	0.017
204.7	NaN	864	NaN	619	-2	363	0	0	0	403	-0	0	0	-0	0	0	-0	-0	0.014	0.144
204.8	NaN	872	NaN	622	-2	359	0	0	0	405	0	-0	0	-0	0	0	-0	-0	0.015	0.257
204.9	NaN	872	NaN	620	0	360	0	0	0	404	0	0	0	0	0	0	-0	0	0.014	0.124
205	NaN	862	NaN	619	-2	363	0	0	0	406	-0	-0	0	-0	-0	-0	-0	0	0.012	-0.05
205.1	NaN	862	NaN	620	-2	359	0	0	0	403	-0	0	0	0	0	0	-0	0	0.012	0.013
205.2	NaN	869	NaN	621	-2	362	0	0	0	405	0	-0	0	0	-0	0	-0	-0	0.012	0.145
205.3	NaN	862	NaN	620	-0	364	0	0	0	404	-0	-0	0	0	0	0	-0	-0	0.012	0.161
205.4	NaN	869	NaN	621	-2	360	0	0	0	403	0	-0	-0	-0	-0	-0	0	-0	0.013	0.049
205.5	NaN	869	NaN	621	1	362	0	0	0	405	0	-0	0	-0	0	-0	0	0	0.013	-0.015
205.6	NaN	861	NaN	620	-0	363	0	0	0	405	-0	-0	0	-0	-0	-0	0	0	0.012	-0.017
205.7	NaN	872	NaN	620	-2	359	0	0	0	406	0	-0	0	0	0	0	-0	0	0.013	0.069
205.8	NaN	870	NaN	620	0	363	0	0	0	403	-0	-0	-0	-0	0	-0	-0	0	0.015	0.164
205.9	NaN	866	NaN	620	-1	361	0	0	0	403	-0	-0	-0	-0	0	-0	-0	0	0.013	0.075
206	NaN	862	NaN	620	1	363	0	0	0	405	-0	0	-0	0	0	0	0	0	0.009	-0.071
206.1	NaN	861	NaN	620	-2	364	0	0	0	406	0	-0	0	-0	0	-0	-0	-0	0.008	0.029
206.2	NaN	867	NaN	619	-1	359	0	0	0	404	-0	0	0	-0	0	-0	-0	-0	0.008	0.197
206.3	NaN	874	NaN	621	1	358	0	0	0	404	-0	0	0	0	0	0	0	0	0.007	0.137
206.4	NaN	862	NaN	620	1	362	0	0	0	403	0	0	0	0	0	0	-0	-0	0.006	0.086
206.5	NaN	863	NaN	621	1	364	0	0	0	405	0	-0	0	0	-0	-0	-0	-0	0.006	0.052
206.6	NaN	870	NaN	621	-1	359	0	0	0	405	0	-0	0	-0	0	-0	-0	0	0.004	0.022
206.7	NaN	863	NaN	620	-2	358	0	0	0	405	0	0	0	-0	0	-0	-0	-0	0.005	0.128
206.8	NaN	866	NaN	620	-0	362	0	0	0	404	-0	-0	0	-0	0	-0	0	0	0.004	0.137
206.9	NaN	860	NaN	621	-2	359	0	0	0	404	0	-0	0	0	0	0	-0	-0	0.003	-0.018
207	NaN	861	NaN	620	0	362	0	0	0	403	0	-0	0	0	0	0	-0	-0	0.003	-0.061
207.1	NaN	867	NaN	619	0	360	0	0	0	403	0	0	0	-0	-0	0	0	0	0.004	-0.051
207.2	NaN	859	NaN	621	-0	364	0	0	0	404	-0	0	0	0	0	0	-0	0	0.004	0.092
207.3	NaN	890	NaN	625	-0	302	0	0	0	403	0	-0	0	0	0	-0	0	-0	0.005	0.207
207.4	NaN	890	NaN	625	-0	302	0	0	0	403	0	-0	0	0	0	-0	0	-0	0.006	0.119
207.5	NaN	890	NaN	625	-0	302	0	0	0	403	0	-0	0	0	0	-0	0	-0	0.006	0.096
207.6	NaN	890	NaN	625	-0	302	0	0	0	403	0	-0	0	0	0	-0	0	-0	0.006	0.107
207.7	NaN	890	NaN	625	-0	302	0	0	0	403	0	-0	0	0	0	-0	0	-0	0.005	0.085
207.8	NaN	890	NaN	625	-0	302	0	0	0	403	0	-0	0	0	0	-0	0	-0	0.003	0.105
207.9	NaN	890	NaN	625	-0	302	0	0	0	403	0	-0	0	0	0	-0	0	-0	0.004	0.077
208	NaN	890	NaN	625	-0	302	0	0	0	403	0	-0	0	0	0	-0	0	-0	0.004	0.072
208.1	NaN	890	NaN	625	0	302	0	0	0	0	0	-0	0	0	0	-0	0	-0	0.004	0.078
208.2	NaN	890	NaN	625	0	302	0	0	0	0	0	-0	0	0	0	-0	0	-0	0.004	0.079
208.3	NaN	890	NaN	625	0	302	0	0	0	0	0	-0	0	0	0	-0	0	-0	0.004	0.077
208.4	NaN	890	NaN	625	0	302	0	0	0	0	0	-0	0	0	0	-0	0	-0	0.005	0.084
208.5	NaN	890	NaN	625	0	302	0	0	0	0	0	-0	0	0	0	-0	0	-0	0.005	0.111
208.6	NaN	890	NaN	625	0	302	0	0	0	0	0	-0	0	0	0	-0	0	-0	0.005	0.093
208.7	NaN	890	NaN	625	0	302	0	0	0	0	0	-0	0	0	0	-0	0	-0	0.006	0.058
208.8	NaN	890	NaN	625	0	302	0	0	0	0	0	-0	0	0	0	-0	0	-0	0.008	0.074
208.9	NaN	890	NaN	625	0	302	0	0	0	187	0	-0	0	0	0	-0	0	-0	0.008	0.081
209	NaN	785	NaN	624.7058824	0	362	0	0	0	191	0	-0	0	0	0	-0	0	-0	0.007	0.083
209.1	NaN	785	NaN	624.4117647	0	362	0	0	0	191	0	-0	0	0	0	-0	0	-0	0.007	0.082
209.2	NaN	785	NaN	624.1176471	0	362	0	0	0	191	0	-0	0	0	0	-0	0	-0	0.007	0.073
209.3	NaN	785	NaN	623.8235294	0	362	0	0	0	191	0	-0	0	0	0	-0	0	-0	0.007	0.063
209.4	NaN	785	NaN	623.5294118	0	362	0	0	0	191	0	-0	0	0	0	-0	0	-0	0.007	0.069
209.5	NaN	785	NaN	623.2352941	0	362	0	0	0	191	0	-0	0	0	0	-0	0	-0	0.009	0.093
209.6	NaN	785	NaN	622.9411765	0	362	0	0	0	191	0	-0	0	0	0	-0	0	-0	0.01	0.086
209.7	NaN	785	NaN	622.6470588	0	362	0	0	0	0	0	-0	0	0	0	-0	0	-0	0.011	0.086
209.8	NaN	785	NaN	622.3529412	0	362	0	0	0	0	0	-0	0	0	0	-0	0	-0	0.012	0.079
209.9	NaN	785	NaN	622.0588235	0	362	0	0	0	0	0	-0	0	0	0	-0	0	-0	0.011	0.081
210	NaN	785	NaN	621.7647059	0	362	0	0	0	0	0	-0	0	0	0	-0	0	-0	0.01	0.097
210.1	NaN	785	NaN	621.4705882	0	362	0	0	0	0	0	-0	0	0	0	-0	0	-0	0.012	0.079
210.2	NaN	785	NaN	621.1764706	0	362	0	0	0	0	0	-0	0	0	0	-0	0	-0	0.012	0.067
210.3	NaN	785	NaN	620.8823529	0	362	0	0	0	0	0	-0	0	0	0	-0	0	-0	0.013	0.066
210.4	NaN	785	NaN	620.5882353	0	362	0	0	0	158	0	-0	0	0	0	-0	0	-0	0.013	0.061
210.5	NaN	785	NaN	620.2941176	0	362	0	0	0	188	0	-0	0	0	0	-0	0	-0	0.011	0.072
210.6	NaN	855	NaN	615	1	359	0	0	0	193	0	-0	0	0	0	-0	0	-0	0.009	0.093
210.7	NaN	861	NaN	622	1	362	0	0	0	193	0	-0	0	0	0	-0	0	-0	0.01	0.063
210.8	NaN	861	NaN	621	-0	362	0	0	0	193	0	-0	0	0	0	-0	0	-0	0.012	0.056
210.9	NaN	859	NaN	622	-1	363	0	0	0	194	0	-0	0	0	0	-0	0	-0	0.01	0.078
211	NaN	858	NaN	623	-2	364	0	0	0	194	0	-0	0	0	0	-0	0	-0	0.007	0.069
211.1	NaN	858	NaN	623	0	365	0	0	0	193	0	-0	0	0	0	-0	0	-0	0.006	0.044
211.2	NaN	864	NaN	620	0	361	0	0	0	194	0	-0	0	0	0	-0	0	-0	0.003	0.067
211.3	NaN	866	NaN	620	1	359	0	0	0	193	0	-0	0	0	0	-0	0	-0	0.004	0.088
211.4	NaN	860	NaN	622	-1	364	0	0	0	194	0	-0	0	0	0	-0	0	-0	0.004	0.069
211.5	NaN	865	NaN	621	-0	361	0	0	0	193	0	-0	0	0	0	-0	0	-0	0.002	0.037
211.6	NaN	867	NaN	621	-2	359	0	0	0	193	0	-0	0	0	0	-0	0	-0	-0	0.046
211.7	NaN	859	NaN	619	-2	363	0	0	0	193	0	-0	0	0	0	-0	0	-0	0	0.087
211.8	NaN	868	NaN	620	-2	360	0	0	0	194	0	-0	0	0	0	-0	0	-0	0	0.1
211.9	NaN	859	NaN	619	0	363	0	0	0	194	0	-0	0	0	0	-0	0	-0	0.002	0.092
212	NaN	869	NaN	619	-2	358	0	0	0	193	0	-0	0	0	0	-0	0	-0	0.004	0.072
212.1	NaN	865	NaN	620	-2	360	0	0	0	193	0	-0	0	0	0	-0	0	-0	0.003	0.092
212.2	NaN	860	NaN	618	-1	362	0	0	0	193	0	-0	0	0	0	-0	0	-0	0.002	0.077
212.3	NaN	868	NaN	619	-1	358	0	0	0	192	0	-0	0	0	0	-0	0	-0	0.001	0.078
212.4	NaN	857	NaN	618	-1	364	0	0	0	194	0	-0	0	0	0	-0	0	-0	0	0.093
212.5	NaN	867	NaN	619	0	359	0	0	0	193	0	-0	0	0	0	0	0	-0	0	0.074
212.6	NaN	856	NaN	619	-1	363	0	0	0	193	-0	-326	-0	-792	0	250	0	-0	-0	0.046
212.7	NaN	857	NaN	619	-1	364	0	0	0	194	-0	-326	-0	-792	0	250	0	-0	0	0.103
212.8	NaN	866	NaN	618	0	360	0	0	0	194	-0	-326	-0	-792	0	250	0	-0	0.002	0.085
212.9	NaN	867	NaN	619	-0	360	0	0	0	193	-0	-326	-0	-792	0	250	0	0	0.004	0.091
213	NaN	861	NaN	620	-0	360	0	0	0	194	-0	-326	-0	-792	0	250	0	503	0.005	0.06
213.1	NaN	856	NaN	620	-2	362	0	0	0	194	-0	-326	-0	-792	0	250	0	503	0.005	0.079
213.2	NaN	867	NaN	620	-2	360	0	0	0	194	-0	-326	-0	-792	0	250	0	503	0.006	0.086
213.3	NaN	860	NaN	621	-0	361	0	0	0	194	-0	-326	-0	-792	0	250	0	503	0.006	0.071
213.4	NaN	857	NaN	620	-2	360	0	0	0	194	-0	-326	-0	-792	0	250	0	503	0.006	0.074
213.5	NaN	857	NaN	620	0	365	0	0	0	194	-0	-326	-0	-792	0	250	0	503	0.006	0.081
213.6	NaN	863	NaN	620	-2	364	0	0	0	194	-0	-326	-0	-792	0	250	0	503	0.005	0.084
213.7	NaN	859	NaN	621	-1	361	0	0	0	194	-0	-326	-0	-792	0	250	0	503	0.005	0.109
213.8	NaN	862	NaN	619	1	358	0	0	0	193	-0	-326	-0	-792	0	250	0	503	0.006	0.107
213.9	NaN	862	NaN	621	1	360	0	0	0	194	-0	-326	-0	-792	0	250	0	503	0.005	0.082
214	NaN	864	NaN	619	0	363	0	0	0	194	-0	-326	-0	-792	0	250	0	503	0.003	0.09
214.1	NaN	854	NaN	620	-2	359	0	0	0	193	-0	-326	-0	-792	0	250	0	503	0.003	0.081
214.2	NaN	866	NaN	620	-2	364	0	0	0	193	-0	-326	-0	-792	0	250	0	503	0.003	0.069
214.3	NaN	866	NaN	619	-2	363	0	0	0	193	-0	-326	-0	-792	0	250	0	503	0.004	0.074
214.4	NaN	863	NaN	620	-2	361	0	0	0	194	-0	-326	-0	-792	0	250	0	503	0.004	0.093
214.5	NaN	854	NaN	619	-2	365	0	0	0	194	-0	-326	-0	-792	0	250	0	503	0.004	0.069
214.6	NaN	858	NaN	620	-1	364	0	0	0	193	-0	-326	-0	-792	0	250	0	503	0.004	0.083
214.7	NaN	855	NaN	621	-1	365	0	0	0	194	-0	-326	-0	-792	0	250	0	503	0.004	0.09
214.8	NaN	863	NaN	621	-2	361	0	0	0	194	-0	-326	-0	-792	0	250	0	503	0.004	0.069
214.9	NaN	866	NaN	623	-2	358	0	0	0	194	-0	-326	-0	-792	0	250	0	503	0.004	0.078
215	NaN	865	NaN	620	-2	358	0	0	0	193	-0	-326	-0	-792	0	250	0	503	0.004	0.076
215.1	NaN	861	NaN	619	-2	361	0	0	0	193	-0	-326	-0	-792	0	250	0	503	0.004	0.07
215.2	NaN	855	NaN	620	0	362	0	0	0	26	-0	-326	-0	-792	0	250	0	503	0.003	0.081
215.3	NaN	858	NaN	620	-2	360	0	0	0	269	-0	-326	-0	-792	0	250	0	503	0.004	0.072
215.4	NaN	853	NaN	620	1	364	0	0	0	270	-0	-326	-0	-792	0	250	0	503	0.004	0.079
215.5	NaN	858	NaN	620	-1	362	0	0	0	270	-0	-326	-0	-792	0	250	0	503	0.004	0.081
215.6	NaN	856	NaN	619	0	363	0	0	0	270	-0	-326	-0	-792	0	250	0	503	0.003	0.076
215.7	NaN	860	NaN	620	0	360	0	0	0	270	-0	-326	-0	-792	0	250	0	503	0.003	0.075
215.8	NaN	852	NaN	619	0	363	0	0	0	270	-0	-326	-0	-792	0	250	0	503	0.003	0.072
215.9	NaN	863	NaN	619	-2	359	0	0	0	271	-0	-326	-0	-792	0	250	0	503	0.003	0.082
216	NaN	856	NaN	620	-1	360	0	0	0	270	-0	-326	-0	-792	0	250	0	503	0.002	0.074
216.1	NaN	865	NaN	619	-2	361	0	0	0	269	-0	-326	-0	-792	0	250	0	503	0.002	0.055
216.2	NaN	858	NaN	618	-0	361	0	0	0	270	-0	-326	-0	-792	0	250	0	503	0.003	0.06
216.3	NaN	855	NaN	619	0	365	0	0	0	271	-0	-326	-0	-792	0	250	0	503	0.003	0.066
216.4	NaN	849	NaN	621	0	367	0	0	0	270	-0	-326	-0	-792	0	250	0	503	0.003	0.08
216.5	NaN	858	NaN	619	-1	361	0	0	0	425	-0	-326	-0	-792	0	250	0	503	0.003	0.087
216.6	NaN	858	NaN	620	-1	358	0	0	0	408	-0	-326	-0	-792	0	250	0	503	0.003	0.073
216.7	NaN	849	NaN	618	1	365	0	0	0	410	-0	-326	-0	-792	0	250	0	503	0.002	0.058
216.8	NaN	853	NaN	618	-0	363	0	0	0	408	-0	-326	-0	-792	0	250	0	503	0.001	0.08
216.9	NaN	854	NaN	618	-1	363	0	0	0	407	-0	-326	-0	-792	0	250	0	503	-0	0.125
217	NaN	854	NaN	617	-1	360	0	0	0	410	-0	-326	-0	-792	0	250	0	503	-0.001	0.163
217.1	NaN	850	NaN	618	-2	364	0	0	0	407	-0	-326	-0	-792	0	250	0	503	0.001	0.128
217.2	NaN	849	NaN	618	-0	362	0	0	0	406	-0	-326	-0	-792	0	250	0	503	0.001	0.104
217.3	NaN	860	NaN	618	0	360	0	0	0	407	-0	-326	-0	-792	0	250	0	503	0.002	0.11
217.4	NaN	850	NaN	617	1	362	0	0	0	408	-0	-326	-0	-792	0	250	0	503	0.004	0.089
217.5	NaN	863	NaN	617	-1	360	0	0	0	409	-0	-326	-0	-792	0	250	0	503	0.005	0.086
217.6	NaN	859	NaN	618	-2	362	0	0	0	409	-0	-326	-0	-792	0	250	0	503	0.006	0.046
217.7	NaN	855	NaN	618	-1	362	0	0	0	409	-0	-326	-0	-792	0	250	0	503	0.006	0.059
217.8	NaN	855	NaN	617	-2	361	0	0	0	409	-0	-326	-0	-792	0	250	0	503	0.007	0.079
217.9	NaN	851	NaN	618	-2	361	0	0	0	408	-0	-320	-0	-59	0	245	0	503	0.006	0.064
218	NaN	855	NaN	616	-0	358	0	0	0	408	-0	0	0	-0	0	-0	0	503	0.005	0.069
218.1	NaN	851	NaN	618	-2	363	0	0	0	407	0	-0	0	0	0	-0	0	503	0.006	0.072
218.2	NaN	850	NaN	616	-2	360	0	0	0	407	0	-0	0	-0	0	0	0	503	0.009	0.072
218.3	NaN	849	NaN	617	0	364	0	0	0	407	0	-0	0	-0	0	-0	0	503	0.011	0.069
218.4	NaN	859	NaN	618	0	363	0	0	0	407	0	0	-0	0	0	0	0	503	0.014	0.064
218.5	NaN	848	NaN	618	-0	362	0	0	0	407	-0	-0	0	-0	0	0	0	503	0.015	0.044
218.6	NaN	859	NaN	617	-3	358	0	0	0	408	0	-0	0	-0	0	0	0	-0	0.017	0.058
218.7	NaN	856	NaN	618	-1	363	0	0	0	407	-0	-0	-0	-0	0	-0	0	0	0.016	0.094
218.8	NaN	847	NaN	616	0	359	0	0	0	408	-0	-0	0	-0	0	-0	0	0	0.014	0.072
218.9	NaN	847	NaN	616	1	360	0	0	0	407	-0	-0	0	0	0	0	0	0	0.014	0.087
219	NaN	855	NaN	616	-1	359	0	0	0	407	-0	0	0	0	0	0	-0	-0	0.014	0.072
219.1	NaN	859	NaN	616	-2	358	0	0	0	410	0	-0	0	0	0	-0	0	0	0.013	0.071
219.2	NaN	859	NaN	616	-2	360	0	0	0	408	-0	0	-0	0	0	-0	0	0	0.011	0.084
219.3	NaN	859	NaN	615	0	364	0	0	0	409	0	0	0	-0	0	0	0	0	0.011	0.085
219.4	NaN	846	NaN	615	1	364	0	0	0	408	-0	0	-0	0	0	0	-0	0	0.01	0.063
219.5	NaN	854	NaN	615	-1	357	0	0	0	408	-0	0	0	-0	0	-0	-0	0	0.01	0.083
219.6	NaN	856	NaN	618	-2	359	0	0	0	405	-0	0	0	-0	-0	0	-0	-0	0.01	0.079
219.7	NaN	849	NaN	614	0	363	0	0	0	408	-0	-0	-0	-0	0	-0	-0	-0	0.01	0.078
219.8	NaN	855	NaN	616	-2	361	0	0	0	410	0	0	0	-0	0	0	0	0	0.011	0.085
219.9	NaN	857	NaN	617	0	363	0	0	0	407	0	-0	-0	-0	0	-0	-0	-0	0.011	0.084
220	NaN	856	NaN	616	1	364	0	0	0	408	0	-0	0	-0	-0	-0	-0	0	0.01	0.081
220.1	NaN	853	NaN	617	-0	361	0	0	0	409	0	-0	0	0	-0	-0	0	-0	0.01	0.068
220.2	NaN	845	NaN	616	0	363	0	0	0	407	-0	0	0	0	-0	0	0	0	0.01	0.084
220.3	NaN	851	NaN	618	-1	360	0	0	0	408	-0	0	0	-0	0	-0	-0	0	0.01	0.071
220.4	NaN	857	NaN	619	-2	360	0	0	0	406	-0	-0	-0	0	0	-0	-0	-0	0.009	0.072
220.5	NaN	857	NaN	617	0	361	0	0	0	407	-0	-0	0	-0	0	-0	-0	-0	0.01	0.069
220.6	NaN	848	NaN	619	-1	361	0	0	0	410	0	0	0	0	-0	0	0	0	0.01	0.106
220.7	NaN	843	NaN	617	-1	365	0	0	0	408	0	0	-0	0	0	0	0	0	0.01	0.082
220.8	NaN	854	NaN	617	-1	363	0	0	0	407	-0	0	-0	-0	0	-0	-0	0	0.011	0.06
220.9	NaN	847	NaN	617	-0	364	0	0	0	409	-0	0	0	0	0	0	0	-0	0.011	0.096
221	NaN	850	NaN	617	-2	360	0	0	0	407	-0	0	-0	-0	0	0	0	-0	0.011	0.073
221.1	NaN	847	NaN	617	-0	363	0	0	0	408	0	-0	0	-0	0	-0	-0	-0	0.011	0.052
221.2	NaN	848	NaN	617	-1	363	0	0	0	408	0	-0	0	0	0	0	-0	0	0.01	0.07
221.3	NaN	842	NaN	617	0	364	0	0	0	408	0	-0	-0	-0	0	-0	-0	0	0.009	0.08
221.4	NaN	844	NaN	617	1	364	0	0	0	406	-0	0	0	0	0	0	-0	0	0.007	0.104
221.5	NaN	853	NaN	617	-2	361	0	0	0	406	0	1	0	1	0	1	0	1	0.005	0.049
221.6	NaN	847	NaN	616	0	363	0	0	0	406	-0	0	0	-1	0	0	0	-2	0.002	0.05
221.7	NaN	844	NaN	615	0	365	0	0	0	406	-0	1	0	1	-0	1	-0	1	0.001	0.125
221.8	NaN	845	NaN	615	1	362	0	0	0	407	0	-1	0	-0	0	-0	0	-0	0.003	0.025
221.9	NaN	848	NaN	615	-2	363	0	0	0	408	0	0	0	-0	0	0	-0	0	0.004	0.108
222	NaN	855	NaN	615	-2	360	0	0	0	407	0	-0	0	0	0	0	-0	0	0.005	0.083
222.1	NaN	842	NaN	616	-2	364	0	0	0	408	-0	-0	0	0	0	0	0	0	0.004	0.057
222.2	NaN	851	NaN	616	-2	363	0	0	0	409	-0	-0	0	-0	0	-0	0	-0	0.003	0.073
222.3	NaN	853	NaN	616	0	360	0	0	0	407	-0	0	-0	0	0	0	-0	-0	0.004	0.08
222.4	NaN	852	NaN	615	-0	360	0	0	0	410	-0	-0	0	-0	0	0	-0	0	0.004	0.082
222.5	NaN	841	NaN	617	-2	366	0	0	0	407	-0	0	0	0	-0	0	0	0	0.004	0.082
222.6	NaN	845	NaN	616	-2	430	0	0	0	438	-0	0	0	0	0	-0	-0	0	0.005	0.077
222.7	NaN	842	NaN	617	-1	461	0	0	0	480	0	1	-0	0	0	-0	0	0	0.005	0.101
222.8	NaN	842	NaN	617	-1	608	0	0	0	597	0	-0	-0	0	0	-0	0	0	0.004	0.067
222.9	NaN	841	NaN	616	-2	644	0	0	0	609	-0	0	0	-0	0	-0	0	0	0.004	0.081
223	NaN	843	NaN	617	-0	664	0	0	0	640	-0	-0	-0	0	0	-0	-0	-0	0.003	0.089
223.1	NaN	852	NaN	616	0	666	0	0	0	642	-0	-0	0	-0	-0	0	0	0	0.003	0.089
223.2	NaN	848	NaN	617	1	672	0	0	0	642	-0	-0	0	0	-0	-0	-0	-0	0.002	0.042
223.3	NaN	843	NaN	618	1	666	0	0	0	640	0	-0	0	0	0	-0	0	-0	0.001	0.023
223.4	NaN	849	NaN	617	-2	663	0	0	0	639	0	0	0	0	-0	0	-0	0	0.002	0.049
223.5	NaN	849	NaN	618	-1	662	0	0	0	633	-0	-0	0	-0	0	-0	-0	0	0.002	0.046
223.6	NaN	852	NaN	618	-1	661	0	0	0	637	-0	0	-0	0	-0	0	-0	0	0.002	0.045
223.7	NaN	847	NaN	615	1	667	0	0	0	637	0	-0	0	0	0	0	-0	0	0.002	0.045
223.8	NaN	853	NaN	617	-2	658	0	0	0	636	-0	-0	0	0	0	0	0	-0	0	0.041
223.9	NaN	1266	NaN	1399	-1	658	0	0	0	635	0	0	0	-0	0	0	0	0	-0.001	0.075
224	NaN	1349	NaN	1379	-1	656	0	0	0	635	-0	0	0	-0	0	0	0	0	-0.001	0.149
224.1	NaN	1437	NaN	1349	1	655	0	0	0	626	0	-0	0	-0	0	-0	-0	-0	-0.001	0.14
224.2	NaN	1428	NaN	1354	-1	643	0	0	0	620	0	0	0	0	0	-0	0	0	-0.001	0.157
224.3	NaN	1349	NaN	1417	-1	574	0	0	0	556	0	-0	0	0	0	-0	0	-0	-0.003	0.102
224.4	NaN	1373	NaN	1383	-2	507	0	0	0	507	-0	0	0	0	0	-0	-0	-0	-0.005	-0.045
224.5	NaN	1400	NaN	1376	1	363	0	0	0	403	0	-0	0	-0	0	0	0	0	-0.004	-0.04
224.6	NaN	1358	NaN	1391	1	357	0	0	0	400	-0	-1	-0	-1	-0	-0	-0	-0	-0.004	0.037
224.7	NaN	1432	NaN	1331	2	360	0	0	0	402	0	-0	-0	-0	-0	-0	0	-0	-0.009	0.091
224.8	NaN	1377	NaN	1325	-1	356	0	0	0	405	-0	0	0	-0	0	0	-0	0	-0.009	0.098
224.9	NaN	1396	NaN	1347	-1	356	0	0	0	404	0	-0	-0	-0	-0	-0	0	0	-0.008	-0.057
225	NaN	1424	NaN	1333	-1	356	0	0	0	407	-0	-0	0	0	0	0	0	0	-0.006	0.04
225.1	NaN	1336	NaN	1426	-1	356	0	0	0	404	-0	-0	0	-0	0	-0	0	-0	-0.006	0.145
225.2	NaN	1299	NaN	1365	1	359	0	0	0	404	0	-0	-0	-0	0	-0	0	-0	-0.005	0.073
225.3	NaN	1300	NaN	1342	2	361	0	0	0	405	0	0	-0	-0	0	0	0	0	-0.003	0.172
225.4	NaN	1275	NaN	1366	-1	358	0	0	0	405	0	0	0	-0	-0	-0	0	-0	-0.004	0.079
225.5	NaN	1200	NaN	1349	0	355	0	0	0	404	0	0	-0	0	0	0	-0	0	-0.006	-0.12
225.6	NaN	1244	NaN	1385	1	358	0	0	0	407	0	-0	0	-0	0	-0	0	-0	-0.005	-0.066
225.7	NaN	1244	NaN	1357	1	362	0	0	0	406	-0	0	0	-0	-0	0	-0	-0	-0.003	0.103
225.8	NaN	1296	NaN	1395	1	362	0	0	0	407	0	0	-0	-0	0	0	0	0	-0.003	0.191
225.9	NaN	1459	NaN	1341	-1	360	0	0	0	403	-0	-0	0	-0	-0	-0	0	-0	-0.002	0.142
226	NaN	1428	NaN	1343	2	356	0	0	0	405	0	-0	-0	-0	0	-0	0	-0	-0.001	-0.014
226.1	NaN	1387	NaN	1317	-0	361	0	0	0	405	-0	-0	0	0	0	0	0	0	0	-0.163
226.2	NaN	1288	NaN	1328	0	361	0	0	0	404	-0	-0	0	-0	-0	0	0	-0	0.001	0.005
226.3	NaN	1338	NaN	1348	1	357	0	0	0	404	-0	0	-0	-0	-0	-0	-0	0	0.002	0.216
226.4	NaN	1418	NaN	1332	-1	357	0	0	0	404	-0	-0	-0	-0	-0	-1	-0	-0	0.003	0.244
226.5	NaN	1378	NaN	1329	1	358	0	0	0	403	0	-0	-0	0	-0	0	0	-0	0.002	0.168
226.6	NaN	1360	NaN	1327	-3	359	0	0	0	406	0	0	0	0	-0	0	-0	0	0.001	-0.043
226.7	NaN	1389	NaN	1321	-2	357	0	0	0	402	-0	0	-0	-0	-0	0	0	0	0.002	-0.022
226.8	NaN	1386	NaN	1317	2	356	0	0	0	407	-0	1	0	0	-0	0	0	0	0.002	0.131
226.9	NaN	1360	NaN	1327	2	359	1	0	0	405	0	0	0	0	0	0	0	0	0.001	0.216
227	NaN	957	NaN	877	3	362	37	36	0	404	14	59	14	60	37	73	40	73	0.064	1.234
227.1	NaN	932	NaN	923	4	362	47	46	0	406	31	271	34	262	59	144	63	141	0.297	4.035
227.2	NaN	875	NaN	655	16	358	53	52	0	406	29	654	42	691	75	660	109	726	0.875	5.59
227.3	NaN	835	NaN	657	27	358	53	52	0	405	25	905	47	1000	62	897	122	1029	1.498	5.735
227.4	NaN	802	NaN	734	35	362	55	53	0	407	21	1294	53	1491	56	1283	137	1507	2.014	6.753
227.5	NaN	777	NaN	674	31	360	68	67	0	406	35	1656	75	1950	90	1632	178	1900	2.731	8.265
227.6	NaN	718	NaN	667	30	359	80	78	0	406	45	2287	97	2649	117	2251	201	2618	3.482	8.828
227.7	NaN	749	NaN	666	20	363	77	73	0	407	50	2837	83	3051	127	2711	198	3087	4.757	9.784
227.8	NaN	749	NaN	632	11	360	76	74	0	405	57	3676	75	3711	144	3439	202	3769	5.683	9.614
227.9	NaN	718	NaN	634	0	362	76	72	0	405	65	4839	67	4052	165	3927	155	4250	6.443	9.046
228	NaN	745	NaN	623	-11	360	74	69	0	406	71	7000	57	4281	171	4312	139	4530	7.204	9.119
228.1	NaN	723	NaN	633	-31	360	72	71	0	407	85	7160	41	4773	201	5316	97	4962	8.069	9.24
228.2	NaN	733	NaN	632	-40	357	72	70	0	407	91	6518	34	5091	199	5652	82	5065	8.783	8.307
228.3	NaN	789	NaN	624	-39	361	68	66	0	408	87	6616	33	5683	196	6576	76	5700	9.576	8.087
228.4	NaN	733	NaN	608	-39	362	68	66	0	404	83	6825	32	5833	194	6799	74	5974	10.246	8.315
228.5	NaN	738	NaN	610	-28	358	68	65	0	403	77	7502	39	6824	178	7503	89	6781	11.036	7.741
228.6	NaN	687	NaN	600	-28	356	68	65	0	407	77	7600	41	7053	181	7658	93	6845	11.704	7.195
228.7	NaN	691	NaN	599	-16	358	68	66	0	407	73	8340	47	8462	162	8304	106	7630	12.479	7.437
228.8	NaN	634	NaN	581	-8	358	65	63	0	405	71	8398	51	10105	158	8458	114	7780	13.11	6.121
228.9	NaN	684	NaN	613	13	359	46	40	0	406	26	8597	34	11126	59	8625	74	8575	13.792	5.505
229	NaN	721	NaN	616	24	364	54	50	0	407	16	8530	26	8562	36	8538	53	8772	14.07	5.097
229.1	NaN	709	NaN	590	23	359	49	44	0	408	25	8714	40	9226	51	8626	86	9268	14.306	4.057
229.2	NaN	749	NaN	585	12	359	50	45	0	405	29	8847	36	9304	61	8846	78	9376	14.609	3.7
229.3	NaN	677	NaN	590	15	362	51	50	0	407	33	9149	42	9383	70	9084	89	9434	15.005	4.372
229.4	NaN	699	NaN	604	18	358	52	49	0	406	31	9338	46	9719	63	9312	95	9851	15.377	3.366
229.5	NaN	695	NaN	616	21	363	52	49	0	407	29	9541	47	10107	61	9537	96	10162	15.721	3.279
229.6	NaN	686	NaN	614	21	360	52	49	0	407	30	9773	47	10221	62	9702	96	10296	16.055	3.331
229.7	NaN	699	NaN	608	15	362	51	49	0	407	33	10043	45	10370	67	10022	91	10528	16.394	2.963
229.8	NaN	720	NaN	596	12	359	51	49	0	404	34	10246	45	10464	69	10229	86	10610	16.747	3.687
229.9	NaN	644	NaN	596	9	360	51	49	0	406	36	10568	43	10735	72	10503	84	10819	17.104	3.904
230	NaN	671	NaN	625	7	358	51	47	0	406	36	10727	41	10844	70	10671	81	10959	17.399	3.163
230.1	NaN	738	NaN	641	-0	361	48	44	0	404	32	10892	32	10908	63	10843	63	10961	17.643	3.144
230.2	NaN	657	NaN	624	-12	360	46	44	0	406	36	11340	28	10955	69	11253	55	10978	17.897	3.189
230.3	NaN	654	NaN	610	-12	361	46	43	0	407	35	11432	27	11006	69	11381	52	11088	18.1	3.339
230.4	NaN	673	NaN	628	-11	362	46	42	0	406	35	11633	26	11178	66	11566	50	11284	18.317	2.743
230.5	NaN	655	NaN	665	-14	362	38	35	0	403	22	11661	17	11150	41	11575	34	11240	18.393	1.971
230.6	NaN	674	NaN	641	-18	361	48	49	0	403	34	11824	23	11193	65	11735	43	11219	18.442	2.989
230.7	NaN	669	NaN	627	-18	357	48	49	0	406	42	11910	30	11181	80	11877	57	11396	18.599	2.948
230.8	NaN	687	NaN	627	-13	358	71	73	0	406	31	12092	23	11426	55	11928	46	11459	18.795	1.412
230.9	NaN	687	NaN	616	-3	359	94	93	0	405	29	11999	21	11514	54	11965	48	11555	18.919	1.658
231	NaN	678	NaN	627	0	357	100	100	0	405	18	11830	19	11709	35	11763	36	11725	19.035	0.817
231.1	NaN	675	NaN	633	6	361	100	100	0	405	18	11832	16	11743	27	11743	30	11769	19.075	0.214
231.2	NaN	676	NaN	621	5	358	100	100	0	404	17	11756	19	11889	34	11689	37	11889	19.118	0.288
231.3	NaN	673	NaN	631	6	362	100	100	0	406	18	11782	19	11889	33	11717	37	11913	19.152	0.676
231.4	NaN	684	NaN	642	7	360	100	100	0	406	16	11790	19	11951	31	11722	34	11957	19.188	0.337
231.5	NaN	702	NaN	625	4	357	100	100	0	407	16	11844	17	11907	28	11779	31	11915	19.201	0.237
231.6	NaN	707	NaN	647	5	361	100	100	0	405	16	11837	18	11903	29	11771	34	11918	19.215	-0.066
231.7	NaN	697	NaN	659	6	363	100	100	0	405	15	11870	17	11873	28	11779	30	11910	19.218	-0.141
231.8	NaN	691	NaN	640	4	358	100	100	0	405	16	11859	16	11915	30	11785	31	11917	19.209	-0.463
231.9	NaN	713	NaN	627	6	361	100	100	0	403	14	11896	17	11854	27	11771	30	11920	19.21	0.376
232	NaN	728	NaN	629	6	360	100	100	0	404	16	11855	17	11874	29	11784	32	11927	19.203	0.787
232.1	NaN	675	NaN	705	0	361	100	100	0	405	13	11940	13	11772	24	11823	22	11879	19.18	0.001
232.2	NaN	667	NaN	672	-2	361	100	100	0	405	13	11918	13	11787	25	11831	26	11810	19.168	0.017
232.3	NaN	671	NaN	653	3	363	100	100	0	403	14	11906	16	11731	25	11784	29	11848	19.152	0.429
232.4	NaN	673	NaN	648	4	357	100	100	0	407	14	11913	16	11790	28	11797	30	11839	19.138	0.629
232.5	NaN	723	NaN	642	5	360	100	100	0	405	15	11800	17	11822	27	11724	32	11853	19.141	1.024
232.6	NaN	701	NaN	654	6	359	100	100	0	405	16	11823	17	11824	29	11725	32	11885	19.155	0.552
232.7	NaN	719	NaN	631	5	362	100	100	0	407	15	11818	17	11869	26	11716	30	11891	19.158	0.513
232.8	NaN	699	NaN	626	4	359	100	100	0	406	14	11844	16	11796	28	11765	30	11892	19.162	0.112
232.9	NaN	661	NaN	635.047619	5	361	32	27	0	407	11	11864	11	11878	23	11723	23	11859	19.132	-1.904
233	NaN	688	NaN	633.5952381	4	359	0	0	0	406	-20	11634	-21	11496	-14	11525	-9	11719	18.881	-4.72
233.1	NaN	649	NaN	632.1428571	0	361	0	0	0	402	-39	11323	-39	11215	-28	11215	-29	11209	18.421	-5.376
233.2	NaN	651	NaN	630.6904762	4	363	0	0	0	403	-41	11031	-39	10956	-31	10886	-30	10915	17.88	-5.558
233.3	NaN	656	NaN	629.2380952	4	365	0	0	0	403	-40	10515	-40	10501	-31	10447	-30	10528	17.184	-5.55
233.4	NaN	657	NaN	627.7857143	5	359	0	0	0	404	-41	10231	-38	10251	-32	10122	-29	10203	16.603	-5.967
233.5	NaN	694	NaN	626.3333333	5	358	0	0	0	404	-41	9777	-38	9873	-32	9618	-30	9819	16.043	-5.736
233.6	NaN	676	NaN	624.8809524	6	360	0	0	0	400	-41	9563	-38	9681	-32	9443	-30	9613	15.481	-5.055
233.7	NaN	675	NaN	623.4285714	6	363	0	0	0	403	-40	9095	-37	9213	-32	8975	-31	9142	14.936	-5.269
233.8	NaN	700	NaN	621.9761905	5	359	0	0	0	402	-40	8872	-37	8943	-33	8737	-31	8903	14.394	-6.426
233.9	NaN	678	NaN	620.5238095	8	361	0	0	0	402	-40	8400	-37	8687	-34	8244	-30	8553	13.84	-6.088
234	NaN	704	NaN	619.0714286	8	358	0	0	0	405	-40	8126	-36	8353	-33	8088	-30	8372	13.354	-5.607
234.1	NaN	687	NaN	617.6190476	10	361	0	0	0	403	-40	7935	-37	8059	-34	7703	-30	8082	12.825	-5.129
234.2	NaN	691	NaN	616.1666667	10	361	0	0	0	405	-40	7608	-35	7750	-35	7471	-30	7735	12.2	-4.374
234.3	NaN	701	NaN	614.7142857	11	361	0	0	0	403	-39	6850	-36	7378	-36	6459	-31	7633	11.763	-5.341
234.4	NaN	659	NaN	613.2619048	28	363	0	0	0	404	-42	6780	-33	7204	-37	4313	-29	7108	11.212	-6.76
234.5	NaN	698	NaN	611.8095238	35	361	0	0	0	403	-42	6108	-31	6841	-39	6092	-28	7017	10.653	-6.634
234.6	NaN	702	NaN	610.3571429	58	362	0	0	0	403	-47	5192	-26	6538	-43	2704	-24	6614	10.021	-6.755
234.7	NaN	712	NaN	608.9047619	64	363	0	0	0	402	-48	5188	-26	6484	-44	2552	-23	6399	9.419	-6.705
234.8	NaN	696	NaN	607.452381	68	360	18	16	0	403	-11	4618	-7	5878	-10	520	-6	5955	8.754	-6.02
234.9	NaN	683.625	NaN	633	50	360	21	19	0	403	-6	4592	-2	5834	-6	228	-2	5808	8.31	-2.676
235	NaN	679.75	NaN	683	30	361	35	34	0	406	6	4314	15	5608	17	4416	37	5760	7.971	0.413
235.1	NaN	675.875	NaN	608	27	362	58	57	0	406	28	4630	53	5544	69	5277	128	5893	8.152	3.252
235.2	NaN	683	NaN	575	30	358	62	60	0	406	32	6824	68	6001	77	5487	153	6029	8.67	6.349
235.3	NaN	716	NaN	613	38	361	55	48	0	407	21	8044	56	5985	52	5488	137	6058	9.179	5.898
235.4	NaN	687	NaN	573	15	359	56	54	0	406	33	6045	50	6483	79	6235	119	6586	9.815	5.44
235.5	NaN	680	NaN	593	12	357	55	51	0	404	32	6241	45	6535	75	6203	109	6701	10.408	6.179
235.6	NaN	677	NaN	601	-2	357	57	54	0	403	42	6910	45	6926	98	6814	101	7078	10.964	4.904
235.7	NaN	680	NaN	636	-17	358	49	47	0	406	36	7242	27	6944	84	7220	62	7029	11.473	3.93
235.8	NaN	668	NaN	654	-24	364	50	51	0	404	46	7806	26	7125	106	7746	59	7213	11.866	4.649
235.9	NaN	657	NaN	651	-28	357	50	52	0	405	48	8019	26	7321	108	8040	57	7357	12.291	5.185
236	NaN	669	NaN	604	-26	361	55	56	0	404	56	8454	30	7617	125	8389	68	7735	12.755	5.475
236.1	NaN	672	NaN	615	-23	360	58	58	0	405	60	8698	35	7901	132	8772	78	7988	13.21	5.383
236.2	NaN	655	NaN	597	-17	357	59	61	0	403	61	8890	41	8721	135	9116	90	8512	13.674	4.271
236.3	NaN	690	NaN	623	1	357	50	49	0	404	22	8831	21	8519	48	8794	47	8629	14.086	2.675
236.4	NaN	653	NaN	610	2	359	52	52	0	405	28	8884	30	8785	62	8871	66	8820	14.376	3.663
236.5	NaN	653	NaN	584	16	359	52	50	0	406	34	9091	43	9238	72	9095	94	9457	14.797	3.562
236.6	NaN	652	NaN	563	22	360	53	51	0	405	30	9174	48	9493	63	9115	101	9582	15.186	4.223
236.7	NaN	675	NaN	553	27	360	53	51	0	403	30	9534	52	10018	62	9417	107	10117	15.583	5.106
236.8	NaN	672	NaN	564	27	364	53	50	0	406	29	9747	51	10257	61	9781	107	10217	15.906	4.03
236.9	NaN	630	NaN	575	24	359	53	50	0	407	30	10366	51	10502	61	9830	101	10535	16.26	3.662
237	NaN	631	NaN	553	23	362	53	48	0	406	29	10147	49	10602	59	10137	98	10730	16.584	4.442
237.1	NaN	723	NaN	583	14	360	53	50	0	404	35	10398	45	10799	71	10335	90	10885	16.943	3.787
237.2	NaN	639	NaN	579	9	362	53	53	0	406	41	10717	47	10842	80	10571	94	11003	17.352	4.245
237.3	NaN	669	NaN	564	9	357	67	66	0	405	39	11022	45	11143	75	10981	86	11272	17.841	4.849
237.4	NaN	654	NaN	582	4	363	67	65	0	404	35	11198	38	11220	67	11150	71	11401	18.184	4.291
237.5	NaN	688	NaN	612	-8	362	67	67	0	404	35	11652	30	11268	66	11623	56	11394	18.51	2.743
237.6	NaN	658	NaN	614	-6	358	67	67	0	404	31	11766	26	11369	56	11685	50	11517	18.732	2.055
237.7	NaN	666	NaN	618	-8	361	65	61	0	402	27	11900	21	11456	51	11844	41	11565	18.917	2.294
237.8	NaN	659	NaN	624	-8	362	72	71	0	405	24	11950	20	11489	45	11920	39	11601	19.03	1.706
237.9	NaN	679	NaN	617	-7	361	89	89	0	406	22	12059	18	11582	37	11996	32	11681	19.11	-0.205
238	NaN	658	NaN	644	-8	362	89	90	0	403	18	12174	14	11766	34	11963	28	11719	19.183	-0.479
238.1	NaN	672	NaN	624	-7	358	81	76	0	401	20	12102	17	11614	35	11906	31	11813	19.243	0.934
238.2	NaN	671	NaN	655	-6	360	68	66	0	405	16	12111	13	11717	28	11990	25	11792	19.222	-0.902
238.3	NaN	677	NaN	632	-6	360	65	63	0	402	16	11967	14	11697	26	11888	25	11785	19.164	-0.735
238.4	NaN	671	NaN	616	5	359	0	0	0	403	-14	11692	-14	11387	-10	11569	-11	11590	18.951	-3.549
238.5	NaN	660	NaN	706	4	359	0	0	0	403	-30	11528	-28	11379	-21	11182	-21	11325	18.488	-6.654
238.6	NaN	653	NaN	709	4	359	0	0	0	405	-40	11067	-39	10959	-31	10708	-29	10707	17.879	-7.705
238.7	NaN	645	NaN	687	5	360	0	0	0	403	-42	10751	-38	10752	-31	10607	-29	10525	17.334	-6.736
238.8	NaN	646	NaN	704	4	369	0	0	0	404	-41	10178	-39	10164	-31	9997	-30	10248	16.72	-5.564
238.9	NaN	635	NaN	680	5	445	0	0	0	494	-40	9794	-38	9774	-32	9595	-30	9768	16.156	-5.727
239	NaN	647	NaN	702	7	463	0	0	0	463	-40	9395	-38	9402	-32	9195	-29	9454	15.451	-7.712
239.1	NaN	648	NaN	717	11	675	0	0	0	655	-41	8669	-37	8814	-34	8464	-29	8774	14.685	-9.54
239.2	NaN	662	NaN	727	13	435	0	0	0	506	-40	8160	-35	8475	-34	7931	-30	8354	13.71	-8.15
239.3	NaN	667	NaN	710	14	364	0	0	0	397	-40	7807	-35	8235	-35	7756	-30	8224	13.139	-4.832
239.4	NaN	692	NaN	713	7	362	0	0	0	402	-39	7519	-36	7732	-34	7404	-31	7712	12.595	-5.137
239.5	NaN	675	NaN	663	0	359	0	0	0	403	-38	7391	-38	7472	-33	7226	-32	7422	12.112	-4.987
239.6	NaN	670	NaN	728	-25	359	0	0	0	402	-33	7284	-41	6739	-29	7176	-37	6575	11.464	-4.289
239.7	NaN	664.1176471	NaN	748	-27	360	8	10	0	402	-17	7174	-23	6464	-15	7093	-21	6384	10.999	-2.803
239.8	NaN	664.2352941	NaN	766	-33	362	12	14	0	402	-12	7029	-16	6177	-10	6864	-14	6038	10.64	-2.622
239.9	NaN	664.3529412	NaN	702	-33	359	13	15	0	403	-10	6864	-13	5998	-9	6747	-11	5962	10.342	-2.99
240	NaN	664.4705882	NaN	648	-39	361	18	20	0	403	-2	6705	-3	5836	-2	6577	-3	5798	10.132	-3.02
240.1	NaN	664.5882353	NaN	638	-36	365	27	28	0	402	3	6651	1	5815	4	6571	3	5729	9.996	-1.43
240.2	NaN	664.7058824	NaN	661	-16	360	28	26	0	404	5	6514	3	5848	12	6437	8	5802	9.955	0.069
240.3	NaN	664.8235294	NaN	657	5	361	28	25	0	404	2	6210	1	5935	4	6184	4	5983	9.909	-0.728
240.4	NaN	664.9411765	NaN	644	34	365	48	45	0	404	13	5975	22	6287	34	5957	55	6316	10.033	-0.477
240.5	NaN	665.0588235	NaN	635	55	361	40	34	0	403	6	5973	26	6655	16	5919	61	6705	10.263	0.284
240.6	NaN	665.1764706	NaN	633	35	358	22	20	0	405	2	5922	5	6805	15	5827	62	6692	10.252	-0.374
240.7	NaN	665.2941176	NaN	629	34	362	24	25	0	404	-4	5924	-8	6603	-3	5759	-1	6554	10.186	-2.074
240.8	NaN	665.4117647	NaN	676	47	363	33	33	0	405	6	5869	18	6626	14	5824	40	6632	10.09	-2.591
240.9	NaN	665.5294118	NaN	630	69	366	26	24	0	405	0	5677	2	6583	1	5522	4	6577	10.036	-3.287
241	NaN	665.6470588	NaN	637	68	362	25	23	0	406	0	5488	0	6445	0	5370	0	6498	9.802	-3.895
241.1	NaN	665.7647059	NaN	695	66	362	35	34	0	404	2	5371	19	6482	6	5249	46	6507	9.563	-2.478
241.2	NaN	665.8823529	NaN	616	67	366	43	42	0	404	5	5394	42	6602	12	5325	98	6651	9.598	1.156
241.3	NaN	687	NaN	609	62	363	48	47	0	403	8	5538	54	6829	20	5448	127	6905	9.792	2.787
241.4	NaN	694	NaN	616	60	360	48	48	0	403	9	5955	53	6995	22	5661	124	7097	10.029	2.707
241.5	NaN	696	NaN	628	28	357	54	55	0	406	26	5920	53	7196	62	6487	127	7658	10.361	4.458
241.6	NaN	686	NaN	647	29	361	56	55	0	406	30	7230	55	7145	69	6689	127	7462	10.781	7.577
241.7	NaN	625	NaN	596	25	361	63	62	0	407	34	6856	68	7779	81	7804	151	7809	11.377	9.222
241.8	NaN	594	NaN	557	6	362	88	88	0	405	83	7073	98	7872	179	14444	203	8686	12.055	9.335
241.9	NaN	571	NaN	574	25	361	100	100	0	406	74	13765	127	9730	166	14594	193	8406	12.95	8.8
242	NaN	570	NaN	578	41	360	100	98	0	407	43	15742	133	11282	112	13951	202	9118	13.804	10.314
242.1	NaN	579	NaN	580	10	363	100	100	0	405	77	18120	114	10311	199	9435	200	9489	14.764	10.429
242.2	NaN	609	NaN	583	13	359	100	100	0	407	68	20297	94	10036	141	9730	208	10224	15.717	8.389
242.3	NaN	639	NaN	559	-6	364	100	100	0	407	35	17812	62	10304	139	10539	128	10417	16.602	7.778
242.4	NaN	602	NaN	582	-6	356	100	100	0	405	36	14144	50	10649	115	10851	101	10734	17.256	5.542
242.5	NaN	669	NaN	600	-2	359	100	100	0	404	47	11080	41	10915	87	11087	83	10961	17.762	3.613
242.6	NaN	668	NaN	601	1	362	100	100	0	407	32	11337	32	11274	61	11296	62	11381	18.205	3.723
242.7	NaN	679	NaN	653	-2	359	100	100	0	406	25	11522	25	11457	51	11437	53	11419	18.467	3.362
242.8	NaN	695	NaN	630	-4	357	100	100	0	404	25	11739	24	11481	49	11672	45	11611	18.758	2.386
242.9	NaN	663	NaN	677	-3	358	84	81	0	406	20	11790	18	11673	40	11705	37	11674	18.904	3.499
243	NaN	750	NaN	641	0	365	14	9	0	405	-5	11715	-4	11483	-8	11556	-7	11548	18.97	1.059
243.1	NaN	695	NaN	607.1428571	3	361	0	0	0	403	-24	11446	-22	11525	-18	11224	-16	11399	18.709	-2.443
243.2	NaN	664	NaN	609.2857143	2	361	0	0	0	402	-40	11090	-40	11046	-30	10854	-29	11084	18.286	-4.1
243.3	NaN	654	NaN	611.4285714	3	360	0	0	0	403	-42	10739	-40	10793	-31	10629	-30	10841	17.794	-4.142
243.4	NaN	656	NaN	613.5714286	3	357	0	0	0	402	-41	10440	-39	10462	-30	10298	-30	10456	17.209	-3.872
243.5	NaN	648	NaN	615.7142857	4	486	0	0	0	548	-40	10136	-39	10194	-32	9911	-30	10034	16.636	-5.567
243.6	NaN	704	NaN	617.8571429	5	679	0	0	0	630	-40	9486	-38	9433	-31	9189	-31	9357	15.636	-8.866
243.7	NaN	709	NaN	620	5	764	0	0	0	723	-40	9065	-38	9068	-31	8138	-31	8615	14.589	-11.129
243.8	NaN	730	NaN	622.1428571	5	743	0	0	0	693	-38	8050	-37	8276	-33	7510	-31	7899	13.501	-9.888
243.9	NaN	739	NaN	624.2857143	5	575	0	0	0	550	-39	7683	-37	7707	-33	7481	-32	7638	12.56	-7.268
244	NaN	695	NaN	626.4285714	5	514	0	0	0	510	-38	7154	-36	7210	-34	6978	-32	7062	11.793	-6.755
244.1	NaN	668.975	NaN	628.5714286	12	558	0	0	0	535	-39	6668	-36	6807	-35	6681	-32	6736	10.94	-7.49
244.2	NaN	669.45	NaN	630.7142857	42	365	0	0	0	402	-44	5559	-29	6461	-40	5172	-27	6488	10.162	-6.849
244.3	NaN	669.925	NaN	632.8571429	63	362	0	0	0	401	-49	5184	-25	6090	-44	5160	-23	6331	9.661	-5.103
244.4	NaN	670.4	NaN	630	65	362	5	2	0	402	-46	4752	-9	6131	-43	2351	-21	6158	9.171	-4.385
244.5	NaN	670.875	NaN	640	67	361	14	10	0	405	-19	4480	-9	5971	-17	2819	-9	5939	8.658	-3.31
244.6	NaN	671.35	NaN	655	71	364	24	22	0	402	-21	4391	-2	5644	-4	3175	-1	5664	8.311	-1.255
244.7	NaN	671.825	NaN	605	68	361	45	43	0	403	5	4294	46	5840	14	4116	108	6498	8.052	3.155
244.8	NaN	672.3	NaN	600	62	360	47	46	0	403	7	4347	49	5768	19	4772	120	6236	8.141	5.375
244.9	NaN	672.775	NaN	617	53	363	42	36	0	407	7	4408	31	5881	17	4680	74	6166	8.215	4.136
245	NaN	673.25	NaN	653	-1	362	41	37	0	404	19	4447	20	5660	47	5059	46	5960	8.238	1.931
245.1	NaN	673.725	NaN	674	-35	363	43	45	0	404	37	5220	15	5288	89	5875	37	5434	8.328	2.889
245.2	NaN	674.2	NaN	717	-39	362	44	44	0	405	37	5911	14	5061	89	5855	33	5002	8.64	4.474
245.3	NaN	674.675	NaN	703	-65	363	51	50	0	403	60	6446	10	5139	150	6366	20	5240	9.023	4.548
245.4	NaN	675.15	NaN	708	-78	360	41	39	0	404	47	6707	2	5065	110	6490	5	5080	9.174	1.922
245.5	NaN	675.625	NaN	625	-76	362	37	35	0	403	30	6402	1	5022	71	6487	4	5059	9.21	0.509
245.6	NaN	676.1	NaN	623	-76	359	37	39	0	405	32	6406	1	4905	77	6426	3	5017	9.166	1.233
245.7	NaN	676.575	NaN	695	-71	359	64	65	0	403	91	6977	7	4947	201	7044	21	5217	9.282	3.869
245.8	NaN	677.05	NaN	646	-58	358	66	66	0	405	96	7336	15	5220	197	7543	39	5618	9.633	7.498
245.9	NaN	677.525	NaN	595	-30	361	79	74	0	407	100	8481	47	9155	197	8730	111	8304	10.157	8.15
246	NaN	685	NaN	618	-20	364	67	61	0	407	67	7324	39	7985	157	7774	91	9206	10.649	7.682
246.1	NaN	675.6807692	NaN	658	3	360	45	39	0	407	26	7810	29	9083	60	7675	47	12429	10.98	8.082
246.2	NaN	677.8740385	NaN	616	2	361	80	78	0	405	29	7300	29	10150	68	7689	70	12241	11.452	7.89
246.3	NaN	680.0673077	NaN	558	-17	362	87	85	0	407	103	8986	73	14490	198	8543	135	15670	12.128	11.426
246.4	NaN	682.2605769	NaN	574	-18	361	91	90	0	404	105	9395	62	16800	201	9248	120	16761	12.798	9.605
246.5	NaN	684.4538462	NaN	578	11	364	100	100	0	404	73	8817	86	22178	162	9442	141	15120	13.603	10.294
246.6	NaN	686.6471154	NaN	573	0	358	100	100	0	407	88	9459	84	22539	180	9230	174	13662	14.554	10.229
246.7	NaN	688.8403846	NaN	575	1	364	100	100	0	406	81	10063	94	22100	175	9865	163	13470	15.454	7.473
246.8	NaN	691.0336538	NaN	619	5	358	100	100	0	407	62	10683	23	19284	126	10165	134	10541	16.485	6.235
246.9	NaN	693.2269231	NaN	595	8	360	100	100	0	408	49	10762	65	11073	95	10724	121	11165	17.179	6.931
247	NaN	695.4201923	NaN	595	3	363	100	100	0	402	38	11158	41	11114	76	11157	77	11223	17.845	5.14
247.1	NaN	697.6134615	NaN	606	0	362	100	100	0	403	35	11412	35	11210	68	11394	67	11376	18.175	4.339
247.2	NaN	699.8067308	NaN	618	4	359	100	100	0	406	25	11578	27	11472	47	11451	51	11498	18.492	3.136
247.3	NaN	701	NaN	618	6	361	100	100	0	407	22	11645	25	11548	42	11522	47	11717	18.659	1.746
247.4	NaN	698	NaN	626	4	357	100	100	0	405	19	11640	23	11681	37	11566	45	11714	18.836	0.994
247.5	NaN	699	NaN	637	4	362	80	75	0	404	20	11689	21	11730	38	11573	41	11811	18.989	1.655
247.6	NaN	722	NaN	694	4	360	9	4	0	406	-0	11604	-0	11701	6	11497	2	11699	19.081	-1.033
247.7	NaN	734	NaN	628	5	365	0	0	0	403	-14	11561	-13	11560	-10	11391	-11	11582	18.852	-4.963
247.8	NaN	672	NaN	617.7727273	4	362	0	0	0	403	-41	11099	-39	11229	-30	11009	-28	11219	18.335	-5.581
247.9	NaN	679	NaN	618.5454545	7	358	0	0	0	403	-42	10926	-39	11100	-31	10727	-28	11025	17.819	-4.742
248	NaN	675	NaN	619.3181818	5	373	0	0	0	408	-41	10509	-40	10555	-31	10317	-30	10443	17.292	-4.326
248.1	NaN	672	NaN	620.0909091	6	398	0	0	0	417	-41	10338	-38	10230	-31	10089	-29	10216	16.75	-5.662
248.2	NaN	673	NaN	620.8636364	20	371	0	0	0	403	-43	9545	-35	10007	-34	9212	-28	10022	16.169	-6.554
248.3	NaN	676	NaN	621.6363636	19	374	0	0	0	407	-44	9220	-35	9999	-34	9021	-28	9909	15.638	-6.252
248.4	NaN	703	NaN	622.4090909	9	356	0	0	0	400	-41	8828	-38	9419	-33	8542	-30	9318	15.112	-5.063
248.5	NaN	711	NaN	623.1818182	12	358	0	0	0	402	-40	8811	-37	9079	-32	8639	-30	9048	14.721	-4.931
248.6	NaN	710	NaN	623.9545455	25	359	0	0	0	406	-45	7122	-33	8840	-37	7158	-27	8815	14.227	-5.573
248.7	NaN	676	NaN	624.7272727	27	364	15	14	0	405	-41	7863	-32	8622	-38	7663	-27	8664	13.649	-3.883
248.8	NaN	696.8482906	NaN	607	22	361	15	11	0	405	-15	7595	-12	8404	-13	7569	-10	8297	13.344	-1.906
248.9	NaN	697.1797543	NaN	638	13	362	15	14	0	404	-13	7186	-11	8213	-8	7483	-7	7774	13.005	-2.411
249	NaN	697.5112179	NaN	647	13	361	17	16	0	403	-9	7580	-8	7665	-7	7406	-7	7733	12.799	-2.518
249.1	NaN	697.8426816	NaN	646	27	363	26	23	0	406	0	7323	0	7792	0	7304	0	7842	12.585	-1.635
249.2	NaN	698.1741453	NaN	630	32	359	28	25	0	406	1	7140	2	7772	2	7058	5	7852	12.496	-0.717
249.3	NaN	698.505609	NaN	667	36	359	35	32	0	406	7	7118	16	7819	16	7071	36	7901	12.416	-0.235
249.4	NaN	698.8370726	NaN	669	31	360	30	24	0	406	6	7198	13	7897	10	7130	32	7965	12.384	-1.913
249.5	NaN	699.1685363	NaN	626	45	360	0	0	0	403	-19	6861	-12	7679	-18	6272	-10	7767	12.255	-4.618
249.6	NaN	711	NaN	617.3806818	45	364	3	0	0	404	-32	6621	-20	7507	-29	4605	-19	7569	11.898	-5.314
249.7	NaN	704	NaN	610.4204545	55	363	6	4	0	405	-36	6297	-20	6816	-32	4369	-18	7005	11.4	-5.834
249.8	NaN	700	NaN	603.4602273	60	359	8	6	0	405	-33	5322	-18	6942	-29	2931	-15	7097	10.875	-5.093
249.9	NaN	728	NaN	624	46	359	44	42	0	403	11	5651	39	7024	26	5521	89	7314	10.405	0.379
250	NaN	738	NaN	608	30	359	44	42	0	404	16	5707	34	6987	38	6080	79	7488	10.409	4.599
250.1	NaN	730	NaN	625	20	360	44	42	0	405	20	5979	31	6886	46	6741	72	7143	10.452	3.586
250.2	NaN	730	NaN	599	37	359	45	43	0	404	17	6589	36	6818	38	8336	83	7250	10.501	0.042
250.3	NaN	743	NaN	612	53	364	47	45	0	406	11	5950	46	6873	25	6408	111	7400	10.557	0.074
250.4	NaN	738	NaN	597	39	363	50	48	0	406	16	6152	46	7025	38	6684	109	7293	10.716	3.963
250.5	NaN	705	NaN	599	39	361	60	59	0	408	25	7102	66	7220	60	7342	166	7461	11.066	7.584
250.6	NaN	695	NaN	575	10	360	61	55	0	407	45	6766	75	7719	107	8527	154	8086	11.438	8.161
250.7	NaN	698.0737346	NaN	584	45	356	62	59	0	406	25	9069	76	8035	56	7369	171	7905	12.006	5.152
250.8	NaN	696.5632011	NaN	588	40	359	72	69	0	409	26	7717	83	8284	58	7565	193	8172	12.607	6.4
250.9	NaN	695.0526676	NaN	622	38	360	72	70	0	405	39	10031	95	9111	82	8088	197	8856	13.234	7.433
251	NaN	693.5421341	NaN	575	28	363	79	77	0	405	52	9274	96	9125	115	9091	202	9127	14.046	6.973
251.1	NaN	692.0316006	NaN	561	26	358	95	94	0	407	56	13289	110	10333	130	9221	200	9817	14.831	8.839
251.2	NaN	690.521067	NaN	575	19	359	100	100	0	405	62	14267	97	10114	128	9802	198	10288	15.779	7.118
251.3	NaN	689.0105335	NaN	562	17	362	100	100	0	405	54	16273	75	10683	97	10460	138	10639	16.49	5.852
251.4	NaN	699	NaN	569	3	359	100	100	0	404	49	15393	56	10750	102	10715	109	10935	17.281	5.079
251.5	NaN	658	NaN	595	-1	362	100	100	0	404	46	11166	43	10929	90	11152	83	11060	17.766	4.733
251.6	NaN	683	NaN	596	6	362	100	100	0	407	32	11324	33	11235	59	11268	64	11290	18.268	3.099
251.7	NaN	670	NaN	608	7	362	100	100	0	406	27	11347	32	11391	53	11304	57	11429	18.494	1.012
251.8	NaN	675	NaN	634	4	359	100	100	0	405	23	11518	26	11559	42	11452	50	11605	18.751	2.214
251.9	NaN	679	NaN	638	4	358	100	100	0	404	22	11575	25	11607	41	11580	45	11643	18.926	2.387
252	NaN	696	NaN	700	4	361	100	100	0	406	17	11705	19	11692	34	11611	36	11711	19.026	0.783
252.1	NaN	689	NaN	633	2	359	100	100	0	405	19	11711	20	11702	34	11670	37	11746	19.087	1.621
252.2	NaN	692	NaN	653	2	360	100	100	0	405	15	11792	15	11701	29	11712	29	11743	19.137	1.758
252.3	NaN	684	NaN	638	4	361	100	100	0	404	17	11865	19	11784	33	11774	33	11756	19.163	1.83
252.4	NaN	687	NaN	642	5	362	100	100	0	405	16	11800	16	11790	28	11720	29	11791	19.203	1.35
252.5	NaN	686	NaN	672	3	358	100	100	0	405	15	11892	16	11837	27	11788	28	11820	19.213	1.67
252.6	NaN	689	NaN	654	2	357	100	100	0	406	13	11910	13	11809	23	11799	26	11812	19.238	1.736
252.7	NaN	685	NaN	646	4	363	100	100	0	404	15	11912	15	11842	28	11819	27	11829	19.263	1.721
252.8	NaN	696	NaN	647	7	361	100	100	0	405	12	11834	15	11875	23	11773	27	11911	19.275	0.544
252.9	NaN	684	NaN	644	6	360	100	100	0	405	15	11853	16	11885	27	11744	34	11936	19.281	-0.076
253	NaN	688	NaN	645	6	362	98	94	0	405	13	11877	14	11864	25	11772	29	11901	19.274	-0.652
253.1	NaN	690	NaN	647	5	362	45	40	0	404	14	11877	14	11874	26	11776	29	11919	19.266	-1.331
253.2	NaN	768	NaN	642	5	365	0	0	0	403	-6	11845	-7	11759	-7	11651	-9	11710	19.157	-1.342
253.3	NaN	694	NaN	661	5	364	0	0	0	403	-25	11578	-24	11478	-19	11434	-18	11520	18.924	-3.94
253.4	NaN	666	NaN	683	4	360	0	0	0	401	-40	11220	-40	11162	-28	11109	-29	11135	18.491	-4.306
253.5	NaN	667	NaN	696	4	359	0	0	0	402	-41	10857	-40	10760	-31	10720	-29	10784	17.887	-4.726
253.6	NaN	659	NaN	689	5	363	0	0	0	402	-41	10660	-38	10628	-32	10502	-29	10586	17.362	-4.792
253.7	NaN	663	NaN	683	6	358	0	0	0	404	-41	10095	-38	10153	-32	9990	-30	10127	16.73	-6.119
253.8	NaN	660	NaN	686	5	359	0	0	0	403	-40	9930	-39	10058	-32	9805	-30	9971	16.215	-5.957
253.9	NaN	708	NaN	676	5	359	13	12	0	403	-25	9509	-24	9533	-20	9314	-20	9463	15.557	-4.496
254	NaN	689.5	NaN	650	4	363	18	17	0	402	-5	9383	-5	9400	-4	9311	-4	9457	15.241	-2.437
254.1	NaN	691.5	NaN	644	-11	364	18	17	0	403	-4	9397	-4	9096	-3	9273	-3	9095	15.009	-1.579
254.2	NaN	693.5	NaN	647	-18	359	18	17	0	402	-4	9335	-5	8897	-4	9190	-4	8903	14.744	-1.963
254.3	NaN	695.5	NaN	652.25	-30	358	31	34	0	405	10	9410	4	8434	24	9274	13	8479	14.489	-1.745
254.4	NaN	693	NaN	656	-31	363	36	38	0	403	24	9427	12	8506	52	9375	26	8597	14.406	0.624
254.5	NaN	704	NaN	659.75	-25	358	35	39	0	403	25	9506	13	8480	52	9476	28	8584	14.454	1.118
254.6	NaN	703	NaN	663.5	-21	357	37	39	0	404	24	9443	15	8607	50	9350	31	8679	14.525	1.048
254.7	NaN	690	NaN	667.25	9	358	40	37	0	406	18	9135	21	9076	39	9141	45	9130	14.647	0.793
254.8	NaN	637	NaN	671	18	358	52	48	0	405	26	9103	40	9353	56	9141	88	9447	14.895	3.142
254.9	NaN	681	NaN	674.75	48	361	64	60	0	406	30	10094	83	10377	62	9435	177	10247	15.362	5.56
255	NaN	777	NaN	635	40	362	18	16	0	405	9	9965	23	10190	16	9342	-2	9922	15.757	0.505
255.1	NaN	771	NaN	640	15	359	18	16	0	405	-6	9117	-5	9876	-5	8970	-4	9838	15.51	-2.908
255.2	NaN	768	NaN	630	12	359	29	29	0	405	2	9181	2	9540	5	9055	9	9517	15.238	-1.416
255.3	NaN	715	NaN	663	16	360	32	32	0	403	8	9167	12	9430	18	9090	26	9513	15.173	-1.583
255.4	NaN	768	NaN	636	19	364	17	14	0	407	-1	9067	-1	9408	-2	8920	-3	9490	15.154	-1.823
255.5	NaN	721	NaN	675	13	373	0	0	0	405	-21	8860	-18	9269	-17	8774	-16	9221	14.895	-4.61
255.6	NaN	681	NaN	685	7	526	0	0	0	524	-40	8527	-37	8677	-33	8496	-31	8735	14.433	-7.365
255.7	NaN	686	NaN	672	7	589	0	0	0	567	-40	8228	-36	8351	-32	8049	-31	8314	13.664	-8.514
255.8	NaN	665	NaN	660.5555556	-2	700	0	0	0	686	-38	7412	-37	7385	-33	7188	-33	7083	12.605	-11.043
255.9	NaN	680	NaN	659.7361111	-10	720	0	0	0	664	-36	7117	-39	6931	-31	6986	-34	6764	11.639	-10.527
256	NaN	702	NaN	658.9166667	-21	372	0	0	0	400	-32	6604	-42	5911	-29	6499	-37	5993	10.45	-8.012
256.1	NaN	690	NaN	658.0972222	-33	360	0	0	0	397	-30	6466	-43	5746	-27	6372	-39	5492	9.832	-5.957
256.2	NaN	685	NaN	657.2777778	-67	364	3	4	0	398	-23	5979	-41	4902	-20	6038	-38	3927	9.212	-4.916
256.3	NaN	742	NaN	656.4583333	-76	359	10	12	0	400	-12	5985	-26	4797	-11	5911	-24	3253	8.708	-4.44
256.4	NaN	753	NaN	655.6388889	-69	366	32	35	0	402	20	6026	2	4621	40	5920	4	4419	8.411	-1.369
256.5	NaN	761	NaN	654.8194444	-51	360	46	48	0	403	49	6161	11	4739	121	6125	28	4755	8.527	2.294
256.6	NaN	751	NaN	672	-37	359	48	49	0	402	46	6237	18	5232	106	6186	44	5320	8.94	3.011
256.7	NaN	742	NaN	682	-46	360	49	48	0	402	48	6316	16	5423	117	6256	40	5421	9.244	3.618
256.8	NaN	728	NaN	700	-58	359	49	49	0	403	55	6837	11	5668	128	6772	27	5664	9.568	2.646
256.9	NaN	757	NaN	649	-55	360	48	49	0	404	53	7029	12	5644	125	6991	30	5790	9.955	3.812
257	NaN	736	NaN	667	-46	359	49	49	0	404	51	7387	15	5910	120	7472	36	6380	10.276	6.068
257.1	NaN	715	NaN	663.1611111	-29	359	50	50	0	401	50	7509	19	6229	116	7709	56	6608	10.654	4.982
257.2	NaN	682	NaN	666.9958333	1	363	56	56	0	401	45	7493	43	6669	103	8149	97	7707	11.095	4.467
257.3	NaN	710	NaN	670.8305556	5	359	57	53	0	404	39	7439	46	7858	90	7497	102	7885	11.681	6.542
257.4	NaN	690	NaN	674.6652778	2	365	57	56	0	406	45	7810	45	7887	101	7795	100	7891	12.202	5.636
257.5	NaN	748	NaN	638	4	359	37	32	0	406	15	8008	17	8017	32	7955	33	8014	12.799	2.621
257.6	NaN	756	NaN	637	-2	364	0	0	0	403	-13	7972	-13	7843	-11	7864	-11	7843	12.759	-1.63
257.7	NaN	716	NaN	704	-2	362	14	15	0	403	-15	7888	-17	7735	-13	7723	-11	7671	12.539	-4.255
257.8	NaN	722.2	NaN	650	-4	362	17	14	0	407	-6	7793	-7	7645	-6	7747	-6	7667	12.33	-3.504
257.9	NaN	722.4	NaN	656	-30	362	23	24	0	404	0	7825	0	7200	0	7732	0	7137	12.12	-3.202
258	NaN	722.6	NaN	652	-36	360	25	27	0	404	1	7878	1	6982	4	7778	2	7022	11.935	-2.895
258.1	NaN	722.8	NaN	635	-42	361	31	31	0	402	8	7697	2	6742	21	7644	7	6784	11.752	-0.516
258.2	NaN	693	NaN	712	-42	361	37	38	0	404	23	7781	8	6789	52	7762	19	6850	11.811	2.663
258.3	NaN	721	NaN	667	-48	360	56	58	0	403	68	8735	23	7528	158	8535	52	7424	12.134	6.136
258.4	NaN	709	NaN	662.9338542	-54	358	53	46	0	404	64	8687	16	8348	144	8422	32	7441	12.462	4.561
258.5	NaN	738	NaN	660.7892361	-19	363	39	35	0	406	24	8324	16	7392	54	8342	35	7602	12.581	1.034
258.6	NaN	721.5	NaN	658.6446181	-38	360	30	25	0	404	10	8051	4	7434	19	8049	8	7482	12.502	-1.644
258.7	NaN	720.5	NaN	653	-48	360	25	23	0	404	-0	7959	-0	6965	-0	7945	-0	6979	12.199	-2.873
258.8	NaN	719.5	NaN	655	-49	359	26	23	0	403	-0	7798	-0	6868	-0	7755	-0	6700	12.026	-1.871
258.9	NaN	718.5	NaN	662	-53	365	24	21	0	403	-0	7532	-0	6663	0	7506	0	6616	11.768	-2.511
259	NaN	709	NaN	696	-55	358	28	30	0	403	0	7591	0	6426	1	7542	1	6427	11.484	-1.657
259.1	NaN	703	NaN	697	-52	364	34	34	0	403	20	7448	4	6368	44	7491	11	6601	11.418	1.152
259.2	NaN	740	NaN	697	-50	361	50	51	0	403	30	7592	7	6447	130	7864	37	6909	11.401	2.618
259.3	NaN	725	NaN	690	-52	357	31	29	0	405	12	7531	4	6555	26	7579	7	6759	11.513	2.277
259.4	NaN	720	NaN	700	-36	357	31	30	0	403	10	7651	4	6537	24	7599	11	6615	11.563	-1.383
259.5	NaN	713	NaN	697	-14	363	31	29	0	403	8	7404	5	6657	19	7367	13	6681	11.517	-0.863
259.6	NaN	715	NaN	730	16	363	36	32	0	403	6	6976	9	7020	15	6959	21	7047	11.527	0.046
259.7	NaN	758	NaN	705	25	360	37	33	0	404	9	6796	15	7317	21	6751	35	7339	11.528	0.07
259.8	NaN	757	NaN	651	40	359	37	33	0	404	8	6760	19	7446	18	6691	45	7453	11.544	0.537
259.9	NaN	785	NaN	658	37	360	38	35	0	402	8	6736	20	7498	18	6789	47	7540	11.607	0.881
260	NaN	720	NaN	664.8218137	39	362	54	50	0	404	15	6917	41	7752	36	6893	97	7833	11.714	2.478
260.1	NaN	710	NaN	664.6767004	42	364	54	50	0	405	17	7000	52	7845	39	7018	117	7964	12.01	3.483
260.2	NaN	730	NaN	664.531587	42	363	53	48	0	405	19	7557	54	8259	43	7432	121	8339	12.448	3.109
260.3	NaN	727	NaN	664.3864737	36	359	53	48	0	406	21	7464	52	8306	48	7530	115	8542	12.807	3.9
260.4	NaN	747	NaN	664.2413603	-1	363	52	48	0	405	36	8212	37	8375	79	8233	83	8509	13.256	4.907
260.5	NaN	683	NaN	664.0962469	-11	358	53	49	0	404	42	8523	32	8273	92	8461	70	8414	13.74	6.382
260.6	NaN	658	NaN	663.9511336	-21	357	74	74	0	406	89	9536	55	9181	197	9412	116	8906	14.381	8.19
260.7	NaN	649	NaN	663.8060202	-38	358	82	81	0	407	113	10557	50	10312	201	9683	105	9148	15.127	8.017
260.8	NaN	670	NaN	663.6609069	-42	361	87	87	0	403	107	11974	42	10476	199	10564	86	9955	15.927	7.981
260.9	NaN	663	NaN	663.5157935	-37	362	88	87	0	405	104	11385	41	10794	203	10726	86	10052	16.438	6.979
261	NaN	672	NaN	663.3706801	-34	360	89	88	0	405	71	11418	32	11168	141	11184	64	10668	16.958	5.715
261.1	NaN	687	NaN	663.2255668	-36	360	89	89	0	405	65	11416	28	11157	128	11256	58	10780	17.487	4.751
261.2	NaN	667	NaN	663.0804534	-5	362	100	100	0	404	51	11502	44	10916	102	11493	85	11083	17.871	4.807
261.3	NaN	686	NaN	662.9353401	14	359	100	100	0	406	31	11193	41	11169	60	11157	78	11533	18.285	4.09
261.4	NaN	695	NaN	662.7902267	6	359	100	100	0	408	27	11445	30	11527	52	11358	56	11659	18.547	3.534
261.5	NaN	688	NaN	662.6451134	4	362	100	100	0	404	23	11589	24	11621	42	11545	44	11636	18.827	2.783
261.6	NaN	698	NaN	644	3	363	100	100	0	405	19	11720	20	11605	35	11613	39	11759	18.953	1.218
261.7	NaN	685	NaN	663	2	358	100	100	0	403	18	11772	19	11772	33	11707	33	11790	19.07	0.91
261.8	NaN	702	NaN	670	4	362	100	100	0	406	16	11811	16	11715	29	11700	30	11857	19.134	1.257
261.9	NaN	705	NaN	648	6	361	100	100	0	405	15	11823	17	11853	28	11751	30	11858	19.212	0.874
262	NaN	692	NaN	647	7	363	100	100	0	403	16	11859	17	11888	28	11765	32	11916	19.254	0.445
262.1	NaN	692	NaN	675	6	359	100	100	0	403	12	11879	15	11962	24	11795	25	11954	19.309	0.645
262.2	NaN	681	NaN	653	6	362	100	100	0	405	13	11859	16	11903	25	11817	28	11948	19.337	1.276
262.3	NaN	693	NaN	671	6	363	100	100	0	405	13	11881	15	11925	22	11792	25	11922	19.353	0.127
262.4	NaN	702	NaN	653	6	362	100	100	0	404	14	11935	15	11963	27	11832	28	11973	19.368	-0.621
262.5	NaN	692	NaN	692	3	359	100	100	0	406	11	11946	12	11919	20	11844	23	11970	19.374	0.398
262.6	NaN	679	NaN	681	5	362	100	100	0	404	12	11962	12	11943	22	11896	24	11970	19.365	0.148
262.7	NaN	687	NaN	675	3	360	100	100	0	404	10	11987	11	11872	19	11904	20	11974	19.371	-0.103
262.8	NaN	683	NaN	654	2	363	100	100	0	405	11	11962	12	11937	21	11876	21	11930	19.369	-0.241
262.9	NaN	686	NaN	668	4	361	100	100	0	404	10	11986	12	11858	21	11882	23	11953	19.356	-0.38
263	NaN	692	NaN	671	4	359	100	100	0	405	12	11971	13	11943	21	11877	22	11933	19.361	0.298
263.1	NaN	694	NaN	669	5	363	100	100	0	402	11	11977	12	11852	20	11874	21	11961	19.363	-0.224
263.2	NaN	690	NaN	662	2	363	100	100	0	404	11	11939	13	11911	21	11845	25	11944	19.35	-0.362
263.3	NaN	692	NaN	656	5	361	100	100	0	405	11	11920	13	11885	21	11822	22	11968	19.338	-0.07
263.4	NaN	681	NaN	660	6	362	100	100	0	404	13	11882	14	11959	24	11808	28	11991	19.346	-0.184
263.5	NaN	683	NaN	660	7	363	100	100	0	406	12	11891	14	11930	21	11817	25	12047	19.369	0.16
263.6	NaN	686	NaN	646	6	365	100	100	0	404	13	11911	15	12075	26	11816	30	12051	19.368	-0.359
263.7	NaN	679	NaN	660	7	362	100	100	0	405	12	11898	13	11968	21	11787	27	12045	19.369	0.035
263.8	NaN	680	NaN	663	5	362	100	100	0	404	13	11924	14	12051	24	11846	24	12042	19.386	0.248
263.9	NaN	686	NaN	640	6	362	100	100	0	406	13	11919	13	12070	24	11798	26	12056	19.389	-0.149
264	NaN	673	NaN	717	5	363	100	100	0	404	12	11972	13	11970	22	11889	22	11994	19.383	-0.724
264.1	NaN	679	NaN	669	4	361	100	100	0	403	11	11958	10	11976	22	11861	22	11961	19.362	-0.319
264.2	NaN	682	NaN	734	-3	363	100	100	0	404	10	12014	10	11867	19	11936	20	11893	19.352	0.642
264.3	NaN	685	NaN	702	-5	359	100	100	0	405	13	12030	12	11872	22	11926	20	11843	19.366	0.446
264.4	NaN	680	NaN	645	-6	362	100	100	0	405	15	12185	12	11751	27	12022	23	11830	19.368	0.305
264.5	NaN	675	NaN	710	-8	359	100	100	0	404	12	12147	12	11808	25	12065	20	11800	19.372	1.075
264.6	NaN	678	NaN	657	-11	357	100	100	0	405	15	12178	13	11717	28	12141	23	11823	19.394	0.773
264.7	NaN	680	NaN	691	-7	362	100	100	0	405	12	12197	10	11846	23	12129	17	11806	19.423	-0.407
264.8	NaN	677	NaN	682	-5	361	100	100	0	404	14	12263	12	11757	26	12208	25	11847	19.449	0.252
264.9	NaN	685	NaN	690	-9	357	100	100	0	403	11	12207	10	11857	20	12063	17	11876	19.447	1.036
265	NaN	681	NaN	654	-8	358	100	100	0	404	16	12256	15	11746	30	12131	29	11845	19.449	1.022
265.1	NaN	683	NaN	687	-8	361	100	100	0	403	13	12170	11	11828	23	12077	20	11836	19.461	1.241
265.2	NaN	674	NaN	659	-1	363	100	100	0	404	12	12119	12	11824	25	11980	24	11909	19.446	0.73
265.3	NaN	687	NaN	682	-1	358	100	100	0	407	10	12082	12	11936	17	11973	21	11909	19.444	-0.144
265.4	NaN	672	NaN	647	0	362	100	100	0	403	10	12020	11	11884	22	11877	22	11949	19.42	-0.08
265.5	NaN	675	NaN	683	5	365	100	100	0	405	12	12016	12	11924	19	11892	19	11903	19.384	-0.909
265.6	NaN	674	NaN	644	4	364	1	0	0	405	-8	11867	-6	11805	-6	11771	-6	11819	19.29	-1.579
265.7	NaN	687	NaN	696	2	359	0	0	0	402	-24	11596	-24	11638	-17	11546	-17	11603	19.066	-3.747
265.8	NaN	653	NaN	714	7	361	0	0	0	402	-40	11256	-39	11264	-29	11090	-27	11317	18.658	-4.69
265.9	NaN	653	NaN	728	5	360	0	0	0	402	-41	10927	-39	10930	-31	10754	-29	10957	18.085	-5.414
266	NaN	655	NaN	709	5	356	0	0	0	402	-42	10734	-39	10833	-31	10499	-29	10816	17.619	-5.746
266.1	NaN	674	NaN	719	5	357	0	0	0	402	-41	10248	-38	10360	-31	10081	-29	10307	16.984	-5.955
266.2	NaN	661	NaN	710	4	362	0	0	0	403	-40	10161	-39	10117	-31	10057	-30	10081	16.494	-4.748
266.3	NaN	645	NaN	735	-2	362	0	0	0	402	-39	9705	-39	9546	-31	9649	-31	9592	15.822	-4.673
266.4	NaN	650	NaN	713	1	362	0	0	0	403	-39	9604	-39	9485	-31	9384	-32	9417	15.353	-5.186
266.5	NaN	670	NaN	745	2	362	0	0	0	403	-39	9119	-38	8952	-31	8756	-31	8888	14.82	-5.729
266.6	NaN	656	NaN	738	3	362	0	0	0	404	-39	9009	-38	8875	-32	8802	-31	8767	14.314	-5.308
266.7	NaN	651	NaN	698	4	360	0	0	0	403	-39	8446	-38	8426	-32	8276	-31	8347	13.782	-5.105
266.8	NaN	653	NaN	724	7	361	0	0	0	402	-39	8273	-37	8204	-33	8114	-31	8226	13.32	-3.636
266.9	NaN	666	NaN	731	19	360	6	4	0	404	-30	7806	-26	7993	-26	7049	-23	7937	12.8	-1.985
267	NaN	713	NaN	691	20	362	16	12	0	403	-21	7506	-14	7964	-16	7424	-13	7952	12.427	-5.222
267.1	NaN	719	NaN	628	27	360	16	13	0	403	-13	7104	-9	7642	-11	6947	-9	7638	12.174	-5.014
267.2	NaN	716	NaN	659	34	357	16	9	0	403	-13	7028	-11	7586	-11	6859	-8	7646	11.887	-4.12
267.3	NaN	698	NaN	709	49	359	10	4	0	402	-30	6253	-18	7445	-26	6103	-16	7409	11.479	-4.043
267.4	NaN	714	NaN	609	53	362	15	11	0	403	-26	6120	-10	7313	-24	5648	-9	7232	10.968	-4.488
267.5	NaN	757	NaN	637	57	366	21	18	0	404	-4	5700	-2	6925	-4	5730	-2	6950	10.615	-3.518
267.6	NaN	770	NaN	641	50	362	25	21	0	404	0	5747	0	6807	-1	5632	0	6818	10.155	-2.379
267.7	NaN	724	NaN	655	51	364	34	32	0	403	4	5639	17	6670	11	5660	40	6803	9.962	-1.079
267.8	NaN	735	NaN	621	55	363	37	36	0	403	6	5622	26	6514	14	5971	60	6739	9.889	0.39
267.9	NaN	723	NaN	669	62	364	28	23	0	407	0	5528	5	6552	1	5485	10	6655	9.795	0.267
268	NaN	755	NaN	644	69	363	26	23	0	405	-0	5305	-0	6281	0	5356	0	6365	9.608	-2.489
268.1	NaN	761	NaN	643	70	364	27	24	0	404	0	5254	0	6158	0	5248	0	6309	9.378	-2.536
268.2	NaN	766	NaN	673	73	361	36	34	0	405	1	5124	23	6216	4	5108	51	6295	9.205	-0.738
268.3	NaN	724	NaN	641	75	364	37	35	0	404	2	5116	28	6278	5	5103	68	6369	9.219	0.001
268.4	NaN	783	NaN	662.5714286	81	360	44	42	0	406	1	5134	45	6285	3	5098	107	6428	9.257	-0.076
268.5	NaN	741	NaN	661.1428571	79	357	44	43	0	406	2	5110	48	6615	4	5102	115	6737	9.312	1.122
268.6	NaN	733	NaN	659.7142857	78	360	44	43	0	404	2	5060	48	6613	6	5135	114	6935	9.467	1.578
268.7	NaN	715	NaN	658.2857143	69	358	44	44	0	403	4	5061	48	6627	11	5185	114	7103	9.521	1.695
268.8	NaN	716	NaN	656.8571429	21	360	45	45	0	403	20	5264	34	6629	49	6261	79	7099	9.62	3.627
268.9	NaN	692	NaN	655.4285714	0	361	46	48	0	406	28	5394	31	6631	69	6777	72	7099	9.811	4.285
269	NaN	723.7777778	NaN	654	14	363	60	61	0	407	42	6542	57	6643	97	8956	134	7019	10.182	5.622
269.1	NaN	723.5555556	NaN	652.5714286	28	363	60	61	0	406	36	7294	63	6952	83	8813	150	7025	10.579	5.823
269.2	NaN	723.3333333	NaN	651.1428571	43	363	62	54	0	406	24	7067	70	7392	55	6857	153	7448	11.132	5.007
269.3	NaN	723.1111111	NaN	649.7142857	41	365	65	61	0	406	26	6957	80	7970	60	6972	173	7720	11.741	5.37
269.4	NaN	722.8888889	NaN	648.2857143	42	358	66	62	0	405	29	8040	83	8326	66	7594	183	8418	12.349	6.378
269.5	NaN	722.6666667	NaN	646.8571429	14	359	65	61	0	408	37	7733	64	8566	102	8064	141	8698	13.073	6.736
269.6	NaN	722.4444444	NaN	645.4285714	5	360	60	57	0	407	46	8735	52	8726	99	8564	112	8864	13.681	6.014
269.7	NaN	722.2222222	NaN	621	11	360	43	37	0	407	22	8771	25	8950	47	8695	56	9050	14.402	2.422
269.8	NaN	718	NaN	647	5	362	40	36	0	405	18	8998	21	9089	38	8946	45	9123	14.616	1.091
269.9	NaN	715	NaN	639	-6	360	31	26	0	406	5	9033	4	8994	9	8951	9	9040	14.741	1.211
270	NaN	770	NaN	643	-15	360	22	18	0	404	0	9150	-0	8769	-0	8996	0	8756	14.613	-0.896
270.1	NaN	726	NaN	666	-25	358	13	10	0	403	-12	9001	-16	8473	-10	8912	-13	8472	14.37	-2.325
270.2	NaN	731	NaN	641	-27	359	16	18	0	404	-9	9095	-11	8244	-7	8972	-9	8210	14.092	-2.729
270.3	NaN	750	NaN	632	-29	360	26	28	0	403	4	8934	2	8042	9	8833	5	8097	13.862	-1.906
270.4	NaN	745	NaN	631	-26	360	26	28	0	403	4	8921	1	8084	8	8802	4	8035	13.693	-2.018
270.5	NaN	768	NaN	643	-46	361	18	15	0	403	-1	8638	-7	7612	-4	8589	-6	7636	13.449	-2.136
270.6	NaN	756	NaN	643	-45	362	18	16	0	403	-5	8554	-8	7475	-4	8553	-6	7235	13.135	-2.408
270.7	NaN	750	NaN	643	-40	360	17	16	0	403	-6	8339	-8	7149	-5	8259	-7	7165	12.769	-1.688
270.8	NaN	753	NaN	645	-46	358	17	15	0	403	-5	8148	-8	6737	-4	8179	-7	6799	12.382	-1.851
270.9	NaN	669	NaN	645	-56	357	5	2	0	403	-23	7384	-40	6148	-20	7512	-36	5283	11.851	-3.323
271	NaN	682	NaN	648	-54	359	6	7	0	401	-19	7426	-34	5903	-17	7523	-31	4762	11.249	-5.866
271.1	NaN	754	NaN	642	-56	359	28	28	0	402	0	6983	0	5616	0	7113	0	5521	10.721	-4.282
271.2	NaN	659	NaN	713	-53	359	35	37	0	400	24	7004	6	5619	57	7255	14	5659	10.451	-0.873
271.3	NaN	698	NaN	695	-42	357	37	36	0	404	23	6788	8	5617	54	7006	20	6299	10.236	-1.294
271.4	NaN	706	NaN	705	-27	360	36	38	0	404	20	6828	11	5490	47	7072	18	6789	10.035	0.384
271.5	NaN	705	NaN	648	-25	356	48	52	0	403	39	6823	20	5569	94	7159	46	7006	9.955	5.266
271.6	NaN	670	NaN	698	-19	359	41	36	0	403	29	7027	15	6424	62	7079	36	6710	9.991	7.462
271.7	NaN	711	NaN	674	34	361	39	40	0	405	10	6419	21	6097	23	6526	49	6599	10.127	3.36
271.8	NaN	724	NaN	735	43	357	34	28	0	406	4	5940	11	6625	8	5858	27	6614	10.187	-0.493
271.9	NaN	717	NaN	634	45	359	60	56	0	405	7	5819	22	6800	19	5824	53	6868	10.236	0.109
272	NaN	685	NaN	615	52	361	62	57	0	406	11	5968	44	6904	27	6109	102	6999	10.381	0.554
272.1	NaN	751	NaN	645	64	360	41	38	0	405	3	5931	25	6825	9	5953	58	6937	10.506	-0.671
272.2	NaN	710	NaN	594	63	362	44	40	0	406	6	5935	35	7077	14	5920	82	7120	10.486	0.382
272.3	NaN	715	NaN	592	63	362	41	35	0	406	6	5952	36	7173	14	5929	84	7175	10.512	0.995
272.4	NaN	742	NaN	620	62	360	41	39	0	405	4	5883	29	7030	11	5931	64	7088	10.495	-0.379
272.5	NaN	721	NaN	602	64	361	41	39	0	406	5	5887	33	7070	13	5912	77	7247	10.505	0.137
272.6	NaN	778	NaN	603	62	363	41	39	0	405	6	5885	36	7147	15	5919	83	7239	10.545	0.638
272.7	NaN	703	NaN	585	61	363	45	43	0	406	7	5941	39	7072	17	6016	90	7215	10.644	1.64
272.8	NaN	695	NaN	606	42	362	56	54	0	404	19	6181	54	7340	47	8977	125	7582	10.832	3.329
272.9	NaN	656	NaN	578	38	362	58	56	0	406	25	6228	65	7553	58	10932	149	7933	11.122	4.117
273	NaN	643	NaN	565	31	359	62	60	0	404	34	7804	68	8115	77	9337	157	8739	11.598	5.48
273.1	NaN	672	NaN	563	27	359	57	51	0	406	28	7321	54	7890	63	8084	121	8043	11.894	6.827
273.2	NaN	639	NaN	578	33	359	60	59	0	407	31	9098	67	8195	69	8799	150	8345	12.248	5.264
273.3	NaN	636	NaN	597	40	360	60	59	0	408	29	9951	71	8459	65	9199	160	8540	12.792	3.635
273.4	NaN	641	NaN	629	41	362	55	52	0	407	23	8159	59	8681	49	8044	132	8708	13.256	3.266
273.5	NaN	636	NaN	635	40	359	55	52	0	406	24	8302	59	8988	51	8144	129	8871	13.665	4.096
273.6	NaN	699	NaN	578	37	363	54	49	0	407	24	8606	56	9211	51	8535	116	9317	13.988	3.19
273.7	NaN	702	NaN	614	14	358	44	40	0	406	22	8626	30	9126	47	8677	63	9290	14.375	1.864
273.8	NaN	664	NaN	602.25	-10	358	34	29	0	403	12	9016	10	8797	24	8952	19	8851	14.433	-0.649
273.9	NaN	718	NaN	602	-19	357	30	26	0	403	5	9161	3	8637	11	9082	8	8660	14.409	-2.056
274	NaN	703	NaN	601.75	-34	357	30	29	0	403	8	9106	4	8417	18	9028	8	8475	14.252	-1.406
274.1	NaN	682	NaN	601.5	-40	362	42	44	0	403	14	9168	5	8193	30	9100	12	8329	14.118	-0.892
274.2	NaN	676	NaN	601.25	-43	362	43	45	0	402	21	9171	8	8152	45	9166	17	8256	14.065	0.908
274.3	NaN	690	NaN	653	-40	363	43	45	0	403	38	9307	15	8329	83	9291	33	8389	14.093	2.587
274.4	NaN	692	NaN	664	-35	360	44	45	0	402	39	9304	17	8280	85	9326	37	8505	14.307	3.529
274.5	NaN	665	NaN	588	-10	361	55	53	0	406	50	9385	37	9807	103	9439	79	8964	14.667	5.549
274.6	NaN	655	NaN	582	-14	357	55	53	0	406	50	9477	37	9465	106	9491	78	9165	15.106	5.392
274.7	NaN	682	NaN	575	1	358	51	47	0	407	38	9880	37	9666	76	9858	77	9621	15.608	4.838
274.8	NaN	643	NaN	587	14	362	50	45	0	407	30	9809	39	9745	62	9819	82	9839	15.951	3.754
274.9	NaN	636	NaN	605	29	358	52	48	0	406	27	10035	50	10432	54	9827	103	10527	16.292	3.73
275	NaN	626	NaN	613	34	358	52	48	0	406	25	10058	52	10589	51	9920	106	10661	16.545	3.502
275.1	NaN	634	NaN	572	35	361	52	47	0	407	24	10478	50	10889	48	10151	102	10908	16.816	2.656
275.2	NaN	632	NaN	565	29	363	52	47	0	406	24	10475	51	10823	48	10269	101	10966	16.971	2.181
275.3	NaN	637	NaN	597	24	359	54	53	0	403	32	10731	56	11184	65	10598	112	11226	17.226	2.586
275.4	NaN	665	NaN	586	19	360	54	53	0	406	34	10849	54	11163	71	10744	109	11304	17.581	3.181
275.5	NaN	659	NaN	576	17	359	54	54	0	406	34	11080	51	11524	66	10999	99	11579	17.973	4.154
275.6	NaN	661	NaN	574	14	359	54	54	0	404	33	11219	44	11596	64	11130	86	11667	18.349	3.809
275.7	NaN	658	NaN	624	-14	361	51	48	0	405	34	11660	27	11396	63	11532	51	11475	18.531	3.123
275.8	NaN	654	NaN	627	-18	360	50	48	0	405	37	11954	24	11349	69	11819	47	11419	18.739	2.329
275.9	NaN	655	NaN	615	-20	362	55	58	0	401	38	12134	24	11374	73	12031	43	11939	18.837	1.783
276	NaN	655	NaN	631	-24	358	61	62	0	404	36	12229	22	11440	65	12090	41	11572	18.962	2.103
276.1	NaN	656	NaN	629	-18	363	85	88	0	403	33	12217	21	11431	63	12117	41	11578	19.001	0.608
276.2	NaN	717	NaN	651	-16	358	97	99	0	402	32	12193	21	11531	57	12148	40	11618	19.047	1.256
276.3	NaN	665	NaN	631	-12	356	100	100	0	403	27	12142	21	11524	53	12105	38	11646	19.096	0.543
276.4	NaN	665	NaN	645	-5	361	100	100	0	402	21	12042	18	11711	39	11943	34	11756	19.141	0.174
276.5	NaN	659	NaN	645	-5	360	100	100	0	404	20	12023	19	11676	38	11960	34	11777	19.168	0.529
276.6	NaN	657	NaN	681	-5	362	100	100	0	402	19	12012	13	11741	37	11919	25	11768	19.195	0.689
276.7	NaN	667	NaN	642	-1	361	100	100	0	405	18	11972	18	11717	35	11915	33	11815	19.194	0.226
276.8	NaN	675	NaN	643	5	359	100	100	0	404	14	11840	14	11872	25	11733	28	11888	19.188	0.448
276.9	NaN	675	NaN	646	6	358	100	100	0	407	15	11854	16	11823	27	11770	31	11911	19.185	0.073
277	NaN	676	NaN	635	5	358	100	100	0	405	14	11821	16	11869	25	11716	30	11882	19.183	0.434
277.1	NaN	661	NaN	633	5	362	100	100	0	404	15	11847	17	11840	29	11756	32	11903	19.179	1.331
277.2	NaN	667	NaN	639	6	359	100	100	0	405	14	11810	15	11847	27	11701	30	11910	19.195	1.451
277.3	NaN	659	NaN	633	5	359	100	100	0	406	16	11821	16	11824	29	11738	32	11931	19.206	0.292
277.4	NaN	668	NaN	651	3	359	100	100	0	404	14	11852	16	11839	25	11728	28	11893	19.207	0.619
277.5	NaN	688	NaN	646	5	360	100	100	0	406	14	11881	16	11791	27	11744	30	11895	19.22	0.728
277.6	NaN	686	NaN	648	4	357	100	100	0	406	13	11887	14	11815	25	11730	29	11857	19.215	0.125
277.7	NaN	676	NaN	642	4	360	100	100	0	405	14	11854	15	11779	26	11764	28	11901	19.193	-0.568
277.8	NaN	669	NaN	642	5	359	100	100	0	406	15	11860	14	11826	26	11727	27	11890	19.19	0.123
277.9	NaN	696	NaN	639	4	360	100	100	0	404	16	11811	17	11803	28	11712	31	11906	19.193	0.236
278	NaN	675	NaN	640	6	358	100	100	0	406	15	11830	16	11828	27	11694	29	11931	19.186	1.075
278.1	NaN	655	NaN	636	4	359	100	100	0	403	16	11832	17	11786	29	11749	33	11916	19.198	1.399
278.2	NaN	651	NaN	656	5	362	100	100	0	405	15	11867	16	11793	27	11733	30	11884	19.201	0.972
278.3	NaN	660	NaN	651	4	359	100	100	0	404	14	11870	17	11827	28	11772	31	11900	19.181	-0.675
278.4	NaN	709	NaN	627	4	359	100	100	0	405	14	11858	16	11797	27	11737	30	11880	19.187	-1.069
278.5	NaN	645	NaN	656	4	358	93	88	0	405	15	11880	18	11767	28	11797	31	11887	19.174	-0.922
278.6	NaN	658	NaN	640	5	363	45	40	0	406	14	11871	15	11749	26	11760	30	11868	19.103	-2.126
278.7	NaN	649	NaN	670	6	367	0	0	0	403	-23	11524	-30	11468	-16	11406	-20	11479	18.825	-3.849
278.8	NaN	636	NaN	676	8	367	0	0	0	404	-38	11319	-35	11278	-27	11110	-25	11337	18.234	-4.974
278.9	NaN	635	NaN	713	8	367	0	0	0	405	-41	10733	-40	10848	-32	10555	-29	10742	17.628	-5.676
279	NaN	633	NaN	692	6	367	0	0	0	408	-41	10617	-39	10689	-31	10386	-29	10635	17.09	-6.639
279.1	NaN	640	NaN	701	4	366	0	0	0	405	-40	10108	-38	10056	-31	9912	-30	10059	16.501	-6.093
279.2	NaN	625	NaN	687	3	371	0	0	0	405	-40	10031	-39	10004	-31	9894	-30	9928	15.972	-5.05
279.3	NaN	641	NaN	711	5	371	0	0	0	409	-40	9378	-38	9364	-32	9252	-30	9304	15.399	-5.032
279.4	NaN	628	NaN	706	8	399	0	0	0	420	-41	9032	-37	9205	-33	8952	-31	9151	14.839	-5.821
279.5	NaN	651	NaN	724	13	438	0	0	0	456	-41	8430	-36	8748	-34	8174	-30	8707	14.157	-6.365
279.6	NaN	645	NaN	711	11	384	0	0	0	414	-40	8179	-36	8358	-34	8149	-30	8444	13.608	-5.069
279.7	NaN	638	NaN	722	12	360	0	0	0	399	-42	8029	-35	7921	-34	7836	-30	7890	12.972	-3.876
279.8	NaN	653	NaN	706	15	358	0	0	0	401	-41	7315	-35	7869	-35	7380	-30	7673	12.424	-5.171
279.9	NaN	665	NaN	696	43	360	0	0	0	405	-46	6639	-30	7604	-40	5656	-26	7574	11.919	-5.443
280	NaN	668	NaN	699	39	360	0	0	0	405	-45	6149	-30	7477	-40	2227	-26	7477	11.301	-4.468
280.1	NaN	663	NaN	683	25	359	0	0	0	404	-41	6020	-32	7029	-37	1931	-29	6945	10.731	-4.939
280.2	NaN	685	NaN	722	20	360	0	0	0	406	-40	5760	-33	6739	-37	2757	-30	6648	10.137	-5.604
280.3	NaN	679	NaN	701	19	360	0	0	0	402	-40	5224	-33	6281	-37	3496	-31	6157	9.562	-3.948
280.4	NaN	714	NaN	627	23	360	40	38	0	405	2	5216	5	6120	5	3341	10	6143	9.206	0.096
280.5	NaN	709	NaN	597	27	359	45	44	0	406	17	5281	33	6159	42	5705	80	6400	9.298	3.931
280.6	NaN	623	NaN	590	55	362	55	53	0	406	14	5948	65	6444	34	5630	159	6584	9.589	3.555
280.7	NaN	659	NaN	575	49	358	55	53	0	407	17	5777	64	6640	41	5961	150	6699	9.965	2.112
280.8	NaN	643	NaN	594	37	359	75	75	0	404	14	6624	58	6917	33	6120	135	7029	10.445	4.436
280.9	NaN	649.75	NaN	577	25	358	79	78	0	406	53	6328	105	7200	125	7233	196	7436	10.962	7.247
281	NaN	642	NaN	652	23	360	67	63	0	408	45	7382	76	7727	103	7277	177	8006	11.751	6.002
281.1	NaN	637	NaN	573	25	363	60	53	0	405	35	7424	59	7869	77	7317	131	7958	12.351	5.667
281.2	NaN	651	NaN	790	-20	359	35	34	0	405	16	8109	10	7788	36	8035	23	7857	12.832	2.845
281.3	NaN	660	NaN	692	-26	358	37	40	0	406	17	8227	12	7674	49	8326	28	7747	12.936	1.58
281.4	NaN	683	NaN	672	-31	361	40	41	0	402	30	8530	14	7729	65	8487	31	7813	13.052	1.748
281.5	NaN	669	NaN	703	-37	359	52	55	0	402	39	8665	17	7859	86	8769	36	7842	13.308	3.801
281.6	NaN	590	NaN	633	-28	358	54	50	0	406	63	9660	38	10542	136	9317	73	8500	13.777	4.711
281.7	NaN	652	NaN	655	-29	357	50	51	0	402	47	9157	23	11468	103	9231	51	9052	14.248	2.528
281.8	NaN	641	NaN	665.0833333	0	359	52	51	0	405	41	9277	39	9115	87	9316	84	9173	14.72	3.952
281.9	NaN	665	NaN	666.6666667	9	358	46	41	0	407	25	9317	30	9335	54	9280	63	9361	15.1	2.04
282	NaN	718	NaN	668.25	20	360	45	41	0	406	21	9257	33	9677	43	9235	69	9771	15.329	2.311
282.1	NaN	651	NaN	669.8333333	22	360	48	46	0	406	24	9409	42	9853	50	9379	85	9996	15.603	2.924
282.2	NaN	663	NaN	671.4166667	33	360	46	40	0	405	18	9535	38	10101	37	9466	79	10177	15.829	2.218
282.3	NaN	687	NaN	673	31	363	47	44	0	408	21	9562	42	10375	44	9582	87	10422	16.019	1.988
282.4	NaN	658	NaN	674.5833333	29	359	47	45	0	405	22	9853	42	10372	45	10063	86	10516	16.259	1.86
282.5	NaN	648	NaN	676.1666667	16	359	52	51	0	407	25	10015	41	10493	52	10020	82	10606	16.476	2.611
282.6	NaN	633	NaN	677.75	12	357	56	56	0	406	40	10289	53	10524	84	10300	107	10720	16.936	4.339
282.7	NaN	643	NaN	679.3333333	9	360	100	100	0	406	45	10788	50	11059	88	10700	113	11091	17.561	5.609
282.8	NaN	624	NaN	680.9166667	8	364	100	100	0	406	40	10983	48	11071	79	10863	91	11192	17.971	4.045
282.9	NaN	633	NaN	638	-3	362	100	100	0	405	32	11369	31	11344	60	11255	61	11391	18.355	1.41
283	NaN	646	NaN	615	-4	361	100	100	0	406	29	11536	26	11326	56	11444	53	11389	18.612	1.128
283.1	NaN	643	NaN	605	-7	357	100	100	0	402	28	11770	26	11474	54	11742	47	11640	18.849	0.615
283.2	NaN	648	NaN	674	-7	361	100	100	0	404	22	11896	18	11554	40	11814	37	11570	18.982	-0.086
283.3	NaN	667	NaN	619	-11	357	100	100	0	402	25	12062	20	11581	49	12002	39	11682	19.116	-0.055
283.4	NaN	648	NaN	624	-5	361	100	100	0	403	17	12121	14	11805	30	11945	28	11697	19.17	1.264
283.5	NaN	649	NaN	609	-7	360	100	100	0	403	23	11996	20	11652	39	11921	37	11764	19.235	1.147
283.6	NaN	637	NaN	622	-4	361	100	100	0	402	20	12091	18	11781	38	11986	35	11886	19.276	0.002
283.7	NaN	694	NaN	651	-5	360	100	100	0	403	18	12011	17	11777	34	11910	31	11835	19.256	0.77
283.8	NaN	646	NaN	613	-2	359	39	34	0	406	17	12007	17	11749	31	11923	29	11870	19.172	-2.344
283.9	NaN	663	NaN	691	1	373	0	0	0	406	-22	11661	-23	11513	-16	11509	-16	11492	18.903	-4.434
284	NaN	635	NaN	704	-1	359	0	0	0	401	-37	11379	-38	11224	-26	11252	-27	11229	18.435	-4.36
284.1	NaN	632	NaN	755	0	360	0	0	0	404	-40	10959	-40	10750	-30	10855	-30	10845	17.872	-6.053
284.2	NaN	627	NaN	699	3	363	0	0	0	402	-40	10783	-40	10549	-30	10574	-29	10507	17.32	-6.656
284.3	NaN	634	NaN	742	4	485	0	0	0	503	-41	10184	-38	10124	-31	9885	-30	10046	16.694	-6.783
284.4	NaN	636	NaN	702	6	514	0	0	0	517	-40	9935	-38	9742	-32	9629	-30	9788	15.923	-7.844
284.5	NaN	639	NaN	731	11	669	0	0	0	666	-41	8946	-37	9060	-34	8764	-30	8977	15.023	-9.193
284.6	NaN	655	NaN	721	18	513	0	0	0	430	-42	8523	-35	8866	-35	8022	-29	8831	14.233	-7.764
284.7	NaN	681	NaN	711	17	360	0	0	0	397	-41	8238	-34	8705	-34	8100	-29	8697	13.667	-5.099
284.8	NaN	676	NaN	719	14	362	0	0	0	403	-41	7791	-35	8172	-35	7567	-29	8194	13.098	-5.355
284.9	NaN	662	NaN	691	10	362	0	0	0	400	-39	7654	-36	7966	-34	7463	-31	7950	12.585	-5.408
285	NaN	645	NaN	711	-23	360	0	0	0	402	-35	7475	-41	7106	-29	7405	-36	7024	12.042	-5.434
285.1	NaN	647	NaN	743	-32	363	0	0	0	402	-32	7526	-42	6834	-28	7364	-38	5687	11.541	-5.124
285.2	NaN	654.25	NaN	726	-39	361	12	15	0	403	-10	7235	-15	6223	-9	7131	-14	5333	11.009	-3.87
285.3	NaN	661	NaN	642	-41	364	20	23	0	405	-0	7111	-0	6086	-0	7038	-0	6012	10.757	-3.118
285.4	NaN	667.75	NaN	633	-40	360	24	26	0	404	0	6995	0	6025	0	6839	0	5945	10.508	-2.057
285.5	NaN	647	NaN	731	-29	360	32	33	0	402	13	6893	6	6068	32	6837	14	6020	10.455	-0.471
285.6	NaN	642	NaN	655	-9	361	41	39	0	403	24	6798	19	6389	54	6756	44	6376	10.569	2.014
285.7	NaN	646.5	NaN	668	15	360	41	38	0	405	17	6628	23	6633	40	6657	54	6676	10.756	1.798
285.8	NaN	646	NaN	606	59	361	40	36	0	406	6	6397	32	7116	15	6357	71	7173	10.867	-0.583
285.9	NaN	645.5	NaN	637	64	363	17	13	0	405	-2	6190	-2	6980	-2	6121	-2	7085	10.715	-3.335
286	NaN	645	NaN	677	54	362	31	31	0	404	3	5921	10	6958	6	5893	31	7055	10.472	-1.258
286.1	NaN	644.5	NaN	645	53	363	33	33	0	405	4	5932	17	6946	10	5874	42	6949	10.425	0.544
286.2	NaN	644	NaN	651	57	361	34	34	0	404	4	5888	19	6868	9	5862	46	6936	10.369	0.115
286.3	NaN	643.5	NaN	638	60	364	34	33	0	406	4	5863	20	6943	9	5800	47	6959	10.331	-1.122
286.4	NaN	643	NaN	631	55	358	35	35	0	406	4	5849	22	6949	12	5818	53	6961	10.341	0.542
286.5	NaN	642.5	NaN	597	39	363	39	40	0	404	11	5973	28	6949	25	6009	67	7063	10.439	1.615
286.6	NaN	677	NaN	573	36	358	48	48	0	407	17	6199	40	6935	40	6197	99	7041	10.803	2.633
286.7	NaN	626	NaN	638	62	361	60	59	0	407	17	7673	79	7622	41	6553	181	7529	11.31	4.316
286.8	NaN	643	NaN	578	62	360	60	59	0	406	15	6788	83	7926	33	6719	184	7881	11.741	4.676
286.9	NaN	641	NaN	651	57	362	60	58	0	407	17	7402	80	8721	38	7184	183	8301	12.213	5.281
287	NaN	630	NaN	576	48	364	62	59	0	404	23	7526	74	8330	41	7507	180	8727	12.543	6.648
287.1	NaN	631	NaN	559	22	360	66	63	0	410	47	7848	77	9060	103	10962	176	9467	12.963	7.733
287.2	NaN	644	NaN	574	18	358	65	66	0	404	46	12251	71	9008	102	11169	156	9269	13.466	7.675
287.3	NaN	680	NaN	590	-17	363	56	53	0	407	45	8635	37	9084	93	12656	73	9147	13.958	7.659
287.4	NaN	624	NaN	580	-3	363	65	64	0	407	63	13776	55	8927	132	9372	122	9086	14.609	10.565
287.5	NaN	646	NaN	550	4	361	56	52	0	405	45	12388	48	10380	91	9770	97	9606	15.548	10.384
287.6	NaN	640	NaN	574	1	360	61	63	0	406	54	9951	56	9887	112	10059	112	10069	16.256	8.415
287.7	NaN	579	NaN	589	10	358	76	72	0	406	53	10448	66	10531	103	10473	128	10745	16.961	8.048
287.8	NaN	624	NaN	577	6	363	100	100	0	404	47	10768	53	10829	91	10697	104	10970	17.469	4.837
287.9	NaN	638	NaN	580	0	358	100	100	0	405	35	11203	36	11090	68	11188	70	11196	18.069	3.704
288	NaN	665	NaN	598	-2	361	100	100	0	405	33	11335	32	11177	65	11323	60	11294	18.427	2.538
288.1	NaN	653	NaN	615	3	363	100	100	0	405	25	11571	24	11429	46	11491	48	11463	18.646	2.069
288.2	NaN	653	NaN	638	4	363	100	100	0	404	20	11636	22	11520	38	11554	43	11564	18.828	1.904
288.3	NaN	684	NaN	663	1	360	0	0	0	406	-0	11564	-4	11450	-4	11333	-7	11445	18.882	-0.064
288.4	NaN	685	NaN	584.8548387	2	359	0	0	0	405	-17	11512	-15	11427	-13	11365	-11	11357	18.619	-2.883
288.5	NaN	632	NaN	585.2096774	-1	424	0	0	0	432	-40	11083	-41	10916	-30	10880	-30	10885	18.129	-5.102
288.6	NaN	643	NaN	585.5645161	0	359	0	0	0	400	-40	10942	-38	10731	-30	10731	-29	10591	17.625	-6.844
288.7	NaN	632	NaN	585.9193548	4	360	0	0	0	404	-40	10683	-41	10549	-29	10672	-31	10612	17.111	-5.652
288.8	NaN	636	NaN	586.2741935	8	524	0	0	0	557	-41	9958	-38	10001	-31	9855	-29	9913	16.441	-8.667
288.9	NaN	654	NaN	586.6290323	6	808	0	0	0	775	-41	9563	-37	9545	-32	9292	-30	8926	15.512	-10.584
289	NaN	660	NaN	586.983871	5	754	0	0	0	650	-40	8757	-38	8393	-31	7657	-31	8345	14.352	-10.165
289.1	NaN	711	NaN	587.3387097	2	616	0	0	0	552	-40	7939	-37	7967	-32	7664	-32	7842	13.47	-8.216
289.2	NaN	706	NaN	587.6935484	2	498	0	0	0	487	-38	7549	-37	7509	-33	7377	-32	7397	12.523	-7.401
289.3	NaN	694	NaN	588.0483871	10	507	0	0	0	524	-39	7087	-35	7059	-34	6889	-31	6832	11.823	-8.098
289.4	NaN	650.6666667	NaN	588.4032258	37	530	0	0	0	510	-43	5780	-31	6713	-39	4680	-27	6724	10.979	-9.465
289.5	NaN	651.8333333	NaN	588.7580645	62	373	0	0	0	404	-48	4509	-25	6331	-45	3695	-23	6518	10.292	-8.826
289.6	NaN	653	NaN	589.1129032	59	362	3	0	0	403	-47	4993	-26	6241	-44	1586	-24	6222	9.583	-5.628
289.7	NaN	654.1666667	NaN	589.4677419	48	364	11	8	0	405	-24	4640	-15	6137	-1	69	-14	6114	9.095	-3.581
289.8	NaN	655.3333333	NaN	589.8225806	51	359	28	26	0	405	1	4725	3	5850	2	4567	8	5928	8.678	-1.344
289.9	NaN	656.5	NaN	590.1774194	56	359	35	33	0	408	3	4628	13	5818	6	4620	37	5941	8.57	0.335
290	NaN	657.6666667	NaN	590.5322581	54	362	49	47	0	407	12	4905	50	6075	29	5422	118	6280	8.659	3.054
290.1	NaN	658.8333333	NaN	590.8870968	54	362	49	47	0	407	12	4936	51	6085	29	5082	117	6259	8.941	5.215
290.2	NaN	660	NaN	591.2419355	49	362	51	46	0	405	13	5276	50	6384	33	5366	120	6588	9.223	5.683
290.3	NaN	661.1666667	NaN	591.5967742	31	359	51	47	0	404	18	6127	46	6392	45	5573	112	6596	9.571	4.109
290.4	NaN	662.3333333	NaN	591.9516129	-11	360	43	41	0	405	26	6280	21	6119	61	6200	51	6190	9.934	3.008
290.5	NaN	663.5	NaN	592.3064516	-26	362	36	34	0	403	19	6522	11	5970	44	6461	24	6043	10.116	0.495
290.6	NaN	664.6666667	NaN	592.6612903	-49	359	35	33	0	403	19	6806	6	5799	45	6762	14	6010	10.098	-0.28
290.7	NaN	665.8333333	NaN	593.016129	-59	360	35	33	0	403	21	6801	4	5735	49	6738	9	5786	10.074	0.238
290.8	NaN	679	NaN	593.3709677	-63	358	40	40	0	403	33	6882	7	5748	78	6842	11	5772	10.145	1.778
290.9	NaN	703	NaN	593.7258065	-65	359	49	52	0	402	61	7545	8	5770	141	7605	21	5795	10.362	4.647
291	NaN	721	NaN	594.0806452	-56	364	50	52	0	403	60	7502	12	6030	139	7822	30	6508	10.602	5.439
291.1	NaN	688	NaN	594.4354839	-37	359	52	52	0	403	56	7955	21	6212	130	8147	51	6725	10.835	6.07
291.2	NaN	702	NaN	594.7903226	-8	360	59	59	0	403	55	7957	41	6423	125	9315	102	12139	11.16	7.803
291.3	NaN	663	NaN	595.1451613	-11	361	68	66	0	403	62	7813	49	9330	140	8024	122	12590	11.516	8.871
291.4	NaN	676	NaN	586	-21	359	61	56	0	407	70	9305	45	9356	134	8412	87	14717	11.94	6.317
291.5	NaN	654	NaN	584	-21	361	79	79	0	403	96	8912	60	10955	199	8903	129	15685	12.61	9.13
291.6	NaN	663	NaN	563	-40	363	82	82	0	406	122	10534	47	14567	200	9101	102	18284	13.356	9.501
291.7	NaN	645	NaN	587	-32	358	74	73	0	405	100	10595	45	12330	203	9471	92	16579	14.316	6.612
291.8	NaN	635	NaN	578	-24	358	82	83	0	408	101	10225	60	13032	197	9526	110	13392	15.151	8.775
291.9	NaN	634	NaN	588	-21	361	80	79	0	406	88	11038	50	9851	199	10561	115	9955	16.107	7.051
292	NaN	617	NaN	593	6	361	96	97	0	404	67	10678	63	10319	128	10724	130	10327	16.812	6.964
292.1	NaN	667	NaN	590	4	359	100	100	0	405	44	10835	48	10891	86	10965	91	11009	17.652	6.556
292.2	NaN	663	NaN	592	7	363	100	100	0	406	38	11061	42	11093	74	11023	86	11114	18.093	4.865
292.3	NaN	662	NaN	591	7	359	100	100	0	405	33	11274	37	11455	63	11266	70	11455	18.459	3.147
292.4	NaN	671	NaN	598	8	363	100	100	0	406	27	11373	32	11553	52	11366	64	11599	18.766	1.887
292.5	NaN	667	NaN	606	11	359	100	100	0	405	23	11540	27	11801	43	11505	54	11810	18.973	1.355
292.6	NaN	685	NaN	658	6	362	74	70	0	404	22	11603	25	11793	42	11566	48	11823	19.06	0.712
292.7	NaN	729	NaN	633	0	362	10	5	0	405	-16	11494	-15	11436	-12	11398	-12	11450	18.912	-3.378
292.8	NaN	683	NaN	701	2	359	3	0	0	403	-29	11408	-30	11285	-21	11268	-21	11213	18.609	-3.98
292.9	NaN	660	NaN	682	3	356	0	0	0	402	-41	10924	-39	10888	-30	10807	-29	11040	18.139	-5.654
293	NaN	669	NaN	687	6	361	0	0	0	404	-41	10758	-38	10624	-31	10508	-29	10728	17.569	-5.843
293.1	NaN	661	NaN	686	8	361	0	0	0	402	-41	10233	-38	10297	-31	10076	-29	10275	17.075	-5.799
293.2	NaN	666	NaN	695	6	359	0	0	0	402	-41	9985	-38	10075	-32	9849	-29	9960	16.514	-5.36
293.3	NaN	659	NaN	707	11	359	0	0	0	404	-42	9490	-38	9623	-33	9412	-29	9714	16.034	-5.906
293.4	NaN	692	NaN	682	21	360	0	0	0	405	-43	9050	-35	9509	-35	8675	-28	9492	15.47	-5.514
293.5	NaN	691	NaN	667	17	363	0	0	0	403	-42	8446	-35	9225	-34	8386	-28	9235	14.968	-5.631
293.6	NaN	664.6315789	NaN	617	11	358	16	15	0	403	-12	8581	-11	9023	-11	8462	-9	8969	14.469	-3.977
293.7	NaN	664.7631579	NaN	667	21	360	34	32	0	405	9	8554	14	8958	20	8532	30	8977	14.332	-1.225
293.8	NaN	664.8947368	NaN	662	34	364	33	27	0	403	6	8520	14	9043	14	8338	31	9073	14.279	-0.645
293.9	NaN	665.0263158	NaN	645	27	364	12	6	0	407	-5	8261	-4	9049	-3	8122	-3	9048	14.124	-1.982
294	NaN	665.1578947	NaN	717	25	363	9	9	0	403	-26	7967	-21	8694	-21	7108	-17	8535	13.734	-4.647
294.1	NaN	665.2894737	NaN	698	25	362	11	9	0	404	-23	7809	-17	8550	-17	7728	-15	8436	13.366	-4.736
294.2	NaN	665.4210526	NaN	644	31	362	25	22	0	406	0	7517	0	8227	0	7380	0	8191	13.077	-2.479
294.3	NaN	665.5526316	NaN	642	17	361	24	20	0	405	-0	7457	0	8174	0	7417	0	8225	12.844	-1.948
294.4	NaN	665.6842105	NaN	643	17	363	23	20	0	405	-0	7556	-0	7915	-0	7500	-0	7879	12.737	-2.882
294.5	NaN	665.8157895	NaN	641	31	362	24	20	0	406	-0	7387	-0	7886	-0	7348	-0	7931	12.559	-2.658
294.6	NaN	665.9473684	NaN	643	46	360	24	21	0	409	0	7146	0	7866	0	7072	0	7915	12.338	-3.22
294.7	NaN	666.0789474	NaN	632	48	364	38	36	0	404	5	7030	24	7946	14	7044	53	7999	12.216	-1.811
294.8	NaN	666.2105263	NaN	634	48	360	37	31	0	403	13	7050	37	8246	13	7102	44	8051	12.273	1.557
294.9	NaN	666.3421053	NaN	634	52	359	36	31	0	405	6	7175	21	7766	13	7292	46	7996	12.312	-1.218
295	NaN	666.4736842	NaN	627	54	360	15	14	0	403	-14	6462	-9	7500	-12	6603	-8	7673	11.982	-3.947
295.1	NaN	666.6052632	NaN	631	56	360	16	14	0	405	-12	6408	-6	7371	-10	5859	-6	7535	11.564	-3.311
295.2	NaN	666.7368421	NaN	699	60	361	31	29	0	404	0	6098	4	7102	2	6219	17	7264	11.266	-2.081
295.3	NaN	666.8684211	NaN	655	59	358	38	35	0	404	5	6161	27	7257	11	6270	62	7409	10.989	-0.055
295.4	NaN	703	NaN	609	61	359	45	42	0	403	7	6220	41	7179	17	6570	98	7451	10.985	1.49
295.5	NaN	702	NaN	603	60	358	46	44	0	403	9	6385	47	7374	21	6374	108	7555	11.033	2.132
295.6	NaN	707	NaN	603	60	360	46	44	0	404	8	6453	48	7385	20	6544	111	7630	11.179	2.881
295.7	NaN	683	NaN	630	62	360	46	42	0	406	9	6540	45	7520	19	6620	102	7691	11.329	2.858
295.8	NaN	667.2160088	NaN	622	60	358	46	43	0	406	8	6547	46	7635	20	6605	103	7762	11.507	3.162
295.9	NaN	668.2872807	NaN	638.5	46	359	70	67	0	407	29	7305	92	8133	66	7540	198	8182	11.805	4.713
296	NaN	669.3585526	NaN	639.5	45	360	83	81	0	407	38	8442	122	8725	86	7795	204	8352	12.375	6.497
296.1	NaN	670.4298246	NaN	640.5	41	360	98	95	0	408	52	12361	146	9555	118	9563	196	8802	13.315	7.734
296.2	NaN	671.5010965	NaN	641.5	36	359	100	100	0	407	65	12709	149	9874	146	8931	199	9002	14.166	9.026
296.3	NaN	672.5723684	NaN	642.5	32	359	100	100	0	406	63	16415	132	10427	131	9275	193	9739	15.062	8.255
296.4	NaN	673.6436404	NaN	643.5	26	361	100	100	0	405	56	17743	109	10330	126	9593	197	10089	15.876	8.194
296.5	NaN	674.7149123	NaN	644.5	10	360	100	100	0	406	60	17953	70	10579	111	10232	138	10673	16.653	7.831
296.6	NaN	675.7861842	NaN	645.5	4	360	100	100	0	406	56	17962	60	10736	114	10665	117	10800	17.344	5.351
296.7	NaN	676.8574561	NaN	646.5	2	362	100	100	0	407	42	11197	44	11035	82	11211	82	11113	17.916	3.474
296.8	NaN	677.9287281	NaN	622	2	357	100	100	0	407	38	11258	39	11205	72	11211	74	11257	18.201	3.286
296.9	NaN	678	NaN	639	4	362	100	100	0	408	28	11473	29	11444	51	11372	57	11504	18.439	2.683
297	NaN	681	NaN	678	3	359	100	100	0	405	25	11516	28	11440	48	11405	56	11542	18.657	1.963
297.1	NaN	705	NaN	645	3	363	100	100	0	404	23	11640	24	11560	43	11562	47	11648	18.77	0.779
297.2	NaN	683	NaN	644.25	2	357	100	100	0	403	22	11738	17	11668	40	11599	43	11692	18.89	0.925
297.3	NaN	679	NaN	649	1	362	100	100	0	405	20	11769	22	11629	39	11680	42	11734	18.966	1.306
297.4	NaN	678	NaN	677	4	362	100	100	0	404	16	11822	17	11727	30	11734	31	11734	19.034	0.049
297.5	NaN	686	NaN	633	5	359	100	100	0	404	16	11735	18	11703	32	11679	35	11812	19.063	-0.519
297.6	NaN	670	NaN	672	5	358	100	100	0	404	15	11838	17	11789	28	11725	30	11819	19.105	-0.199
297.7	NaN	683	NaN	659	4	362	100	100	0	403	17	11797	17	11768	31	11713	35	11834	19.109	-0.195
297.8	NaN	680	NaN	635	3	362	100	100	0	403	14	11860	14	11764	26	11781	28	11785	19.126	-0.646
297.9	NaN	687	NaN	637	1	364	100	100	0	402	16	11885	19	11762	32	11761	34	11808	19.129	0.108
298	NaN	703	NaN	646	1	357	100	100	0	404	13	11867	14	11720	26	11771	27	11759	19.129	0.376
298.1	NaN	677	NaN	642	1	361	100	100	0	404	13	11871	14	11768	26	11756	26	11775	19.123	-0.774
298.2	NaN	679	NaN	644	4	358	100	100	0	405	14	11869	14	11768	26	11781	26	11778	19.122	0.579
298.3	NaN	677	NaN	654	4	357	100	100	0	405	15	11876	14	11778	25	11766	26	11782	19.125	0.961
298.4	NaN	677	NaN	645	5	360	69	64	0	404	13	11887	14	11772	24	11789	25	11836	19.129	-0.18
298.5	NaN	749	NaN	669	4	362	14	9	0	403	2	11732	-1	11736	2	11592	-2	11706	18.985	-1.364
298.6	NaN	674	NaN	669	6	360	0	0	0	403	-27	11424	-26	11501	-19	11300	-19	11504	18.716	-4.329
298.7	NaN	648	NaN	684	4	359	0	0	0	402	-42	11129	-40	11253	-31	11035	-29	11180	18.264	-5.351
298.8	NaN	655	NaN	753	7	362	0	0	0	402	-40	10700	-39	10751	-30	10513	-30	10710	17.5	-4.782
298.9	NaN	752	NaN	637	5	360	24	23	0	404	-10	10510	-5	10692	-7	10398	-5	10626	17.168	-2.432
299	NaN	672	NaN	664	5	359	37	36	0	403	17	10549	19	10612	34	10503	38	10693	17.141	-0.616
299.1	NaN	691	NaN	645	-12	362	30	25	0	403	18	10664	18	10591	35	10553	34	10663	17.21	-0.378
299.2	NaN	686.25	NaN	635	-17	360	22	20	0	403	-0	10804	0	10131	-0	10616	-0	10170	17.076	-2.609
299.3	NaN	697	NaN	688	-23	363	0	0	0	402	-7	10679	-18	9759	-5	10562	-7	10017	16.778	-3.598
299.4	NaN	649	NaN	720	-23	359	3	6	0	402	-32	10409	-41	9342	-25	10281	-32	8592	16.368	-1.851
299.5	NaN	682	NaN	682	-25	358	29	32	0	403	11	10189	1	9323	23	10102	14	9422	15.88	-1.005
299.6	NaN	696	NaN	681	-20	359	29	31	0	404	10	10124	6	9232	20	10066	13	9361	15.764	-0.694
299.7	NaN	692	NaN	720	5	364	29	27	0	405	6	9858	7	9479	13	9777	14	9512	15.632	-0.16
299.8	NaN	677	NaN	702	22	361	33	29	0	405	7	9442	10	9815	14	9380	23	9791	15.574	-0.28
299.9	NaN	715	NaN	691	27	358	33	29	0	404	6	9285	11	9850	14	9208	25	9882	15.535	-0.34
300	NaN	730	NaN	667	28	359	35	32	0	406	8	9253	16	9914	18	9219	35	9933	15.503	-0.714
300.1	NaN	695	NaN	687	27	358	34	29	0	403	7	9155	14	9839	17	9213	29	9905	15.445	-0.152
300.2	NaN	711	NaN	654	26	359	35	30	0	407	8	9140	14	9749	16	9050	28	9917	15.379	0.178
300.3	NaN	720	NaN	681	25	365	25	21	0	404	3	9042	5	9680	5	8983	6	9695	15.275	-0.61
300.4	NaN	758	NaN	632	13	361	0	0	0	406	-2	9041	-2	9562	-2	8869	-1	9578	15.131	-1.6
300.5	NaN	760	NaN	640	3	361	0	0	0	405	-7	9157	-6	9135	-6	8995	-6	9106	14.938	-2.399
300.6	NaN	739	NaN	625	3	359	0	0	0	405	-11	9064	-10	9016	-8	9007	-8	9032	14.689	-2.713
300.7	NaN	683	NaN	691	-1	455	0	0	0	464	-18	8710	-19	8647	-15	8635	-16	8675	14.317	-4.837
300.8	NaN	677	NaN	682.2941176	-4	577	0	0	0	578	-22	8478	-23	8346	-18	8462	-19	8268	13.693	-7.812
300.9	NaN	658	NaN	683.5882353	-17	642	0	0	0	603	-36	7896	-42	7513	-31	7716	-36	7323	12.845	-7.788
301	NaN	659	NaN	684.8823529	-20	550	0	0	0	520	-35	7691	-41	7109	-30	7606	-36	5524	12.151	-7.39
301.1	NaN	672	NaN	686.1764706	-40	362	0	0	0	401	-30	7290	-44	6229	-27	7180	-39	5777	11.521	-6.077
301.2	NaN	662	NaN	687.4705882	-63	365	0	0	0	400	-28	7095	-47	5610	-25	7113	-41	4596	10.838	-6.417
301.3	NaN	665	NaN	688.7647059	-69	359	0	0	0	402	-23	6420	-50	4759	-22	6559	-30	-235	10.197	-6.536
301.4	NaN	721	NaN	690.0588235	-68	360	16	18	0	403	-9	6279	-13	4975	-21	6410	0	505	9.452	-5.884
301.5	NaN	694	NaN	691.3529412	-60	360	32	34	0	403	18	6236	3	4830	44	6346	7	2100	9.094	-2.339
301.6	NaN	683	NaN	692.6470588	-47	359	60	62	0	403	74	6720	22	5040	175	6796	51	5424	8.91	3.265
301.7	NaN	666	NaN	693.9411765	-39	360	61	63	0	403	74	6893	28	5352	179	7239	66	7559	9.26	7.222
301.8	NaN	678	NaN	695.2352941	-32	360	61	62	0	405	69	7061	31	5960	163	7453	75	7775	9.737	7.881
301.9	NaN	657	NaN	696.5294118	-25	362	61	61	0	405	65	7674	37	6884	153	8974	87	9773	10.097	6.114
302	NaN	654	NaN	697.8235294	15	357	58	58	0	404	28	7005	50	6629	66	7383	104	10308	10.437	4.09
302.1	NaN	644	NaN	699.1176471	25	361	57	50	0	406	32	7128	57	6806	74	7535	131	10068	10.78	5.571
302.2	NaN	690	NaN	700.4117647	-4	361	47	46	0	407	32	7159	29	7248	72	7142	67	7346	11.346	4.3
302.3	NaN	672	NaN	701.7058824	-5	360	47	46	0	405	31	7327	30	7399	71	7303	68	7296	11.753	3.317
302.4	NaN	670	NaN	648	-4	360	53	50	0	404	36	7779	32	7582	80	7779	72	7601	12.298	5.094
302.5	NaN	642	NaN	630	-4	364	54	51	0	406	40	7973	38	7787	90	7974	82	7832	12.785	4.585
302.6	NaN	690	NaN	642	-2	360	42	39	0	406	24	8270	23	8172	52	8257	50	8192	13.191	0.739
302.7	NaN	678	NaN	645	-4	366	0	0	0	405	-3	8257	-4	8079	-4	8120	-4	8103	13.169	-2.873
302.8	NaN	677	NaN	656	-6	363	0	0	0	402	-30	7945	-33	7761	-27	7888	-28	7872	12.855	-3.228
302.9	NaN	654	NaN	749	-15	358	0	0	0	403	-36	7808	-41	7481	-30	7742	-35	7425	12.421	-3.94
303	NaN	650	NaN	721	-45	361	0	0	0	404	-29	7409	-45	6493	-26	7512	-39	6403	11.824	-4.413
303.1	NaN	739	NaN	711	-50	360	18	19	0	404	-8	7489	-9	6347	-7	7484	-8	5322	11.444	-3.26
303.2	NaN	667	NaN	711	-33	360	42	44	0	403	35	7579	15	6421	81	7605	32	6780	11.29	-0.422
303.3	NaN	719	NaN	656	-21	358	46	48	0	404	39	7673	24	6586	91	7879	57	7825	11.313	3.785
303.4	NaN	721	NaN	720	-45	360	43	41	0	402	37	7613	11	6854	84	7627	27	6967	11.595	3.465
303.5	NaN	692	NaN	696	-45	359	43	42	0	402	36	8006	12	6875	81	7850	28	6929	11.811	1.53
303.6	NaN	710	NaN	608	-56	364	32	29	0	403	12	7855	3	6811	28	7852	7	6861	11.86	0.772
303.7	NaN	663	NaN	730	-52	357	35	37	0	400	25	8050	6	6735	57	8012	14	6799	11.83	-2.395
303.8	NaN	685	NaN	669	-43	359	35	37	0	403	37	8200	6	6736	85	8229	33	8091	11.861	-0.679
303.9	NaN	690	NaN	711	-37	358	33	31	0	403	13	7767	5	6669	31	7792	12	7031	11.957	-0.044
304	NaN	685	NaN	705	-14	360	35	35	0	404	16	7774	10	6860	36	7766	24	7046	11.916	-0.325
304.1	NaN	666	NaN	768	-42	362	35	36	0	404	22	7658	8	6901	47	7633	17	7142	11.882	-0.001
304.2	NaN	668	NaN	703	-49	359	40	42	0	404	36	7880	10	6938	82	7810	24	6977	11.948	0.576
304.3	NaN	658	NaN	703	-50	361	39	37	0	404	28	8033	8	6901	67	8012	18	7013	12.072	1.163
304.4	NaN	666	NaN	701	-50	357	39	37	0	404	28	8021	8	6916	64	8016	18	7149	12.117	1.696
304.5	NaN	707	NaN	729	-1	361	37	35	0	404	18	7995	15	7106	41	8045	34	7241	12.186	1.505
304.6	NaN	691	NaN	769	20	363	34	27	0	406	5	7550	8	7359	13	7609	17	7414	12.3	0.641
304.7	NaN	676.125	NaN	657	44	363	44	40	0	408	13	7327	35	8121	29	7313	81	8172	12.426	0.952
304.8	NaN	670.75	NaN	631	53	359	43	37	0	407	9	7349	34	8198	20	7244	74	8241	12.549	1.002
304.9	NaN	665.375	NaN	598	44	358	43	40	0	405	12	7321	35	8337	26	7368	79	8396	12.64	1.469
305	NaN	682	NaN	592	44	359	46	47	0	405	15	7643	45	8391	33	7525	100	8491	12.833	3.08
305.1	NaN	681	NaN	554	38	360	57	58	0	407	27	8869	68	8761	59	8108	151	8976	13.187	4.614
305.2	NaN	659	NaN	552	39	358	58	59	0	407	28	8641	69	8886	61	8206	152	8997	13.494	5.097
305.3	NaN	670	NaN	574	-10	362	60	59	0	406	56	9443	48	8937	121	9264	102	9156	13.962	5.811
305.4	NaN	656	NaN	595	-18	360	58	56	0	406	48	9513	39	8892	126	9158	84	8991	14.609	5.196
305.5	NaN	643	NaN	589	-33	357	59	61	0	404	70	10106	34	9398	149	10014	74	9620	15.108	3.921
305.6	NaN	734	NaN	593	-40	358	64	63	0	402	83	10936	33	10536	151	10204	69	9761	15.652	5.588
305.7	NaN	633	NaN	585	-31	361	100	100	0	404	86	11096	42	10570	166	10798	84	10553	16.159	6.915
305.8	NaN	647	NaN	607	-30	358	100	100	0	406	69	11128	36	11954	142	10988	70	10634	16.801	7.882
305.9	NaN	662	NaN	588	-16	358	100	100	0	404	61	11295	41	10887	122	11235	80	10780	17.23	6.99
306	NaN	659	NaN	588	6	359	100	100	0	405	35	11070	41	11059	71	11073	81	11139	17.766	5.698
306.1	NaN	641	NaN	594	4	364	100	100	0	406	35	11274	35	11255	67	11246	67	11382	18.096	3.388
306.2	NaN	659	NaN	602	3	361	100	100	0	404	27	11456	29	11442	54	11403	56	11512	18.46	2.905
306.3	NaN	659	NaN	621	3	361	100	100	0	405	26	11535	28	11436	50	11503	52	11564	18.662	2.1
306.4	NaN	658	NaN	632	1	364	100	100	0	406	21	11684	23	11611	42	11607	43	11687	18.869	1.459
306.5	NaN	683	NaN	630	3	363	100	100	0	407	20	11749	21	11631	38	11676	41	11711	18.963	0.839
306.6	NaN	661	NaN	648	3	364	100	100	0	406	15	11784	16	11770	30	11695	31	11810	19.061	0.114
306.7	NaN	667	NaN	690	2	360	100	100	0	404	17	11816	19	11736	32	11734	36	11803	19.135	1.512
306.8	NaN	693	NaN	655	3	362	100	100	0	405	15	11854	16	11861	26	11785	29	11859	19.177	1.24
306.9	NaN	668	NaN	706	1	359	100	100	0	404	14	11864	14	11800	27	11791	29	11880	19.2	0.559
307	NaN	669	NaN	662	4	361	100	100	0	407	13	11892	14	11884	23	11827	24	11884	19.233	0.475
307.1	NaN	669	NaN	684	2	362	100	100	0	404	14	11887	15	11822	27	11815	29	11895	19.265	2.167
307.2	NaN	674	NaN	671	4	360	100	100	0	406	13	11881	13	11850	23	11785	26	11872	19.274	1.247
307.3	NaN	668	NaN	656	2	359	100	100	0	404	13	11947	13	11889	24	11822	25	11919	19.279	0.293
307.4	NaN	670	NaN	647	2	360	100	100	0	406	13	11940	13	11924	21	11818	24	11910	19.287	0.498
307.5	NaN	699	NaN	648	2	359	100	100	0	407	14	11949	14	11803	23	11847	23	11957	19.308	0.07
307.6	NaN	662	NaN	692	3	358	100	100	0	406	12	11924	12	11925	22	11821	22	11935	19.305	-0.077
307.7	NaN	667	NaN	642	4	360	100	100	0	405	13	11961	14	11849	21	11803	27	11923	19.294	-0.739
307.8	NaN	691	NaN	660	5	361	100	100	0	405	12	11936	13	11924	23	11780	27	11920	19.296	-0.227
307.9	NaN	664	NaN	671	4	363	100	100	0	404	12	11936	13	11851	23	11876	26	11973	19.31	-0.035
308	NaN	666	NaN	690	4	359	100	100	0	404	10	11939	12	11925	21	11819	23	11954	19.328	0.101
308.1	NaN	715	NaN	636	5	359	100	100	0	405	13	11967	12	11923	24	11868	28	11976	19.333	0.136
308.2	NaN	670	NaN	659	4	360	100	100	0	406	11	11983	12	11900	22	11804	22	11961	19.334	0.037
308.3	NaN	664	NaN	658	4	360	100	100	0	406	12	11960	13	11957	23	11876	26	12021	19.342	-0.192
308.4	NaN	674	NaN	636	5	359	100	100	0	406	12	11945	13	11872	24	11857	25	11993	19.351	-0.165
308.5	NaN	679	NaN	668	4	358	100	100	0	405	12	11978	11	11982	21	11870	23	12000	19.345	0.165
308.6	NaN	673	NaN	666	5	363	100	100	0	404	11	11971	11	11897	23	11894	23	12005	19.348	0.733
308.7	NaN	662	NaN	668	3	357	100	100	0	405	11	11969	12	11982	20	11857	22	11969	19.346	0.594
308.8	NaN	681	NaN	649	4	359	100	100	0	404	12	11964	12	11956	22	11884	25	12016	19.348	0.193
308.9	NaN	666	NaN	680	4	362	100	100	0	404	12	11966	11	11960	20	11873	21	11953	19.352	-0.357
309	NaN	683	NaN	708	1	358	100	100	0	404	11	11973	11	11931	22	11892	24	11976	19.344	-0.501
309.1	NaN	674	NaN	662	1	360	100	100	0	406	12	11990	10	11912	20	11893	19	11941	19.341	-0.038
309.2	NaN	678	NaN	662	-6	360	100	100	0	405	14	12017	12	11914	25	11902	24	11939	19.34	-0.021
309.3	NaN	662	NaN	694	-6	361	100	100	0	405	13	12106	12	11835	23	12007	18	11830	19.344	0.45
309.4	NaN	677	NaN	647	-11	357	100	100	0	403	15	12122	14	11819	31	12062	26	11863	19.364	0.832
309.5	NaN	673	NaN	656	-12	357	100	100	0	404	15	12226	11	11781	25	12104	21	11798	19.391	0.488
309.6	NaN	688	NaN	644	-8	359	100	100	0	402	16	12218	15	11724	32	12163	25	11849	19.426	1.205
309.7	NaN	668	NaN	642	-7	357	100	100	0	406	12	12239	11	11834	20	12078	18	11859	19.461	1.107
309.8	NaN	671	NaN	655	-5	362	100	100	0	405	12	12155	11	11816	26	12073	23	11944	19.472	0.779
309.9	NaN	667	NaN	671	-4	363	100	100	0	403	9	12131	9	11869	17	12001	16	11897	19.471	0.251
310	NaN	682	NaN	648	-1	361	100	100	0	402	13	12092	11	11877	23	11982	22	11986	19.467	-0.453
310.1	NaN	671	NaN	658	-1	361	100	100	0	403	9	12045	10	11880	16	11937	17	11935	19.441	-0.201
310.2	NaN	669	NaN	662	4	360	100	100	0	405	11	11999	12	11937	20	11883	22	11972	19.422	-0.681
310.3	NaN	666	NaN	681	4	361	100	100	0	407	11	11998	12	11905	22	11910	23	11995	19.402	-0.731
310.4	NaN	664	NaN	656	4	362	100	100	0	404	11	12000	13	11979	19	11875	20	11986	19.384	-0.796
310.5	NaN	669	NaN	653	2	359	100	100	0	405	11	11975	12	11886	19	11885	22	11987	19.375	-0.52
310.6	NaN	735	NaN	641	4	363	0	0	0	406	-5	11880	-6	11836	-1	11682	-3	11862	19.304	-1.577
310.7	NaN	700	NaN	611	4	362	0	0	0	405	-14	11824	-12	11749	-10	11653	-9	11747	19.044	-3.298
310.8	NaN	649	NaN	679	1	357	0	0	0	402	-38	11393	-39	11359	-28	11157	-28	11256	18.604	-4.443
310.9	NaN	659	NaN	699	2	359	0	0	0	405	-40	11261	-39	11191	-29	11015	-29	11124	18.098	-5.576
311	NaN	651	NaN	681	2	361	0	0	0	403	-41	10751	-40	10680	-30	10526	-30	10644	17.57	-5.605
311.1	NaN	656	NaN	711	2	363	0	0	0	404	-40	10600	-40	10474	-30	10476	-30	10511	17.067	-5.093
311.2	NaN	642	NaN	698	2	362	0	0	0	403	-40	10069	-39	9959	-31	9899	-30	9990	16.527	-4.638
311.3	NaN	642	NaN	707	2	360	0	0	0	404	-40	9943	-39	9876	-31	9687	-31	9769	16.166	-4.072
311.4	NaN	651	NaN	729	3	365	0	0	0	407	-40	9477	-38	9557	-32	9342	-31	9326	15.665	-3.929
311.5	NaN	631	NaN	704	6	391	0	0	0	477	-40	9158	-38	9254	-33	9201	-30	9306	15.065	-5.787
311.6	NaN	633	NaN	715	10	571	0	0	0	568	-40	8339	-37	8560	-35	8205	-30	8565	14.378	-6.969
311.7	NaN	655	NaN	722	11	484	0	0	0	483	-39	6995	-35	6766	-34	8131	-30	8360	13.549	-8.916
311.8	NaN	662	NaN	737	15	369	0	0	0	402	-40	7584	-36	7914	-35	7050	-30	7573	12.998	-9.325
311.9	NaN	653	NaN	726	29	365	0	0	0	402	-43	6823	-32	7643	-37	6968	-28	7664	12.289	-5.615
312	NaN	667	NaN	746	39	359	0	0	0	405	-45	6683	-30	7600	-40	5778	-27	7556	11.818	-4.866
312.1	NaN	651	NaN	734	59	362	0	0	0	404	-48	5543	-26	7116	-44	650	-23	7256	11.183	-4.713
312.2	NaN	673	NaN	623	66	364	45	42	0	402	6	5906	45	7196	14	2679	105	7428	10.85	-2.832
312.3	NaN	672	NaN	616	61	362	45	43	0	407	8	5855	45	7312	19	5959	104	7557	10.551	1.466
312.4	NaN	656.25	NaN	618	52	361	45	42	0	405	9	6150	43	7175	24	6360	99	7520	10.485	1.637
312.5	NaN	657	NaN	638	41	367	23	19	0	407	0	5610	-0	6821	-0	5594	-0	6865	10.316	-1.355
312.6	NaN	657.75	NaN	645	53	366	23	19	0	406	0	5438	0	6578	0	5462	0	6764	9.967	-1.736
312.7	NaN	658.5	NaN	671	60	363	35	34	0	405	4	5083	21	6307	10	5383	48	6751	9.506	-1.271
312.8	NaN	659.25	NaN	631	56	360	43	42	0	407	7	5108	35	6307	16	5410	85	6627	9.426	1.32
312.9	NaN	663	NaN	591	53	365	49	44	0	406	11	5653	47	6551	26	5717	112	6901	9.493	3.397
313	NaN	709	NaN	600	53	362	49	47	0	405	12	6004	50	6435	28	6353	119	7069	9.545	2.225
313.1	NaN	679	NaN	590	43	361	47	44	0	405	16	6357	42	6839	36	6898	101	7221	9.629	2.619
313.2	NaN	738	NaN	718	55	364	33	26	0	406	3	5482	12	6214	9	5845	29	6531	9.639	3.687
313.3	NaN	661	NaN	608	54	360	50	47	0	406	12	5473	54	6665	28	6233	128	7131	9.531	4.624
313.4	NaN	660	NaN	654	56	359	51	48	0	407	11	5914	54	6689	28	6143	128	7100	9.616	4.261
313.5	NaN	663	NaN	648.78	45	360	51	50	0	407	17	6132	52	6753	41	6395	127	7251	9.689	3.69
313.6	NaN	660	NaN	648.06	35	360	51	50	0	406	19	6068	53	6641	41	6294	125	7290	9.739	3.918
313.7	NaN	661	NaN	647.34	11	361	61	60	0	407	41	7665	51	6715	99	8685	131	7171	9.926	4.87
313.8	NaN	654	NaN	646.62	28	359	67	65	0	406	40	9392	75	7271	114	9828	162	7658	10.29	7.34
313.9	NaN	662.6	NaN	645.9	32	359	94	92	0	407	62	13056	130	9069	141	11118	200	7874	10.873	7.735
314	NaN	664.7	NaN	645.18	34	361	92	87	0	407	59	15640	123	8607	131	11312	194	7879	11.658	8.682
314.1	NaN	666.8	NaN	644.46	31	361	79	76	0	409	52	18612	104	10174	111	10366	196	8137	12.436	8.568
314.2	NaN	668.9	NaN	643.74	31	361	76	73	0	405	48	16304	96	8834	107	8436	199	8750	13.597	6.673
314.3	NaN	644	NaN	643.02	24	362	63	58	0	407	39	12592	65	9175	83	8804	140	9279	14.343	6.262
314.4	NaN	616	NaN	642.3	15	363	61	56	0	406	41	10680	60	9545	88	9150	134	9608	14.959	5.616
314.5	NaN	635	NaN	641.58	11	362	58	54	0	406	43	9482	54	9662	90	9366	114	9810	15.332	2.197
314.6	NaN	688	NaN	640.86	-4	371	0	0	0	411	-17	9419	-15	9330	-11	9448	-12	9288	15.332	-2.367
314.7	NaN	668	NaN	640.14	-5	388	0	0	0	414	-27	9378	-27	9130	-20	9269	-21	9148	14.933	-4.642
314.8	NaN	649	NaN	639.42	-7	367	0	0	0	401	-37	8797	-40	8564	-30	8737	-32	8597	14.377	-6.27
314.9	NaN	647	NaN	638.7	-13	361	0	0	0	400	-36	8763	-40	8522	-30	8671	-34	8409	13.861	-5.797
315	NaN	645	NaN	637.98	-24	357	0	0	0	403	-34	8379	-42	7588	-29	8293	-36	7503	13.263	-5.568
315.1	NaN	637	NaN	637.26	-21	362	0	0	0	402	-35	8261	-42	7581	-29	8178	-36	6967	12.721	-5.746
315.2	NaN	636	NaN	636.54	-43	361	1	4	0	405	-29	7793	-43	6531	-25	7732	-38	6244	12.122	-5.151
315.3	NaN	686	NaN	635.82	-49	362	10	12	0	403	-16	7686	-26	6570	-14	7566	-23	4880	11.671	-3.486
315.4	NaN	710	NaN	635.1	-45	359	28	30	0	403	7	7522	2	6403	17	7477	6	6415	11.299	-1.06
315.5	NaN	684	NaN	634.38	-45	358	28	30	0	404	7	7474	3	6308	16	7410	5	6366	11.17	-1.029
315.6	NaN	662	NaN	633.66	-28	363	36	38	0	405	23	7371	12	6454	53	7386	27	6506	11.141	-0.694
315.7	NaN	708	NaN	632.94	-36	361	36	38	0	404	23	7378	11	6498	54	7348	25	6587	11.175	0.612
315.8	NaN	685	NaN	632.22	-42	358	37	39	0	405	28	7621	10	6538	64	7516	24	6591	11.305	1.246
315.9	NaN	746	NaN	624	-48	360	24	23	0	404	1	7456	1	6492	57	7501	1	6533	11.393	-0.608
316	NaN	767	NaN	635	-49	360	23	22	0	404	0	7393	-0	6348	-0	7263	-0	6273	11.2	-2.901
316.1	NaN	749	NaN	636	-45	365	23	23	0	404	0	7311	0	6195	0	7179	0	5890	10.881	-2.508
316.2	NaN	674	NaN	635.1285714	-38	359	44	46	0	402	32	7424	10	6146	78	7307	25	6204	10.753	-0.725
316.3	NaN	653	NaN	633.3571429	-47	356	47	46	0	403	47	7587	15	6442	109	7446	37	6367	10.948	2.561
316.4	NaN	662	NaN	631.5857143	-27	363	45	45	0	404	39	7586	18	6474	89	7595	39	7076	11.279	4.823
316.5	NaN	708	NaN	629.8142857	-3	359	42	36	0	407	21	7363	20	6903	52	7397	48	6946	11.506	4.303
316.6	NaN	702	NaN	628.0428571	12	362	36	28	0	408	8	7103	11	7145	19	7081	24	7127	11.616	-0.112
316.7	NaN	684	NaN	626.2714286	59	366	32	25	0	407	3	6713	14	7498	11	6782	33	7474	11.574	-0.144
316.8	NaN	742	NaN	616	64	363	29	23	0	405	-0	6528	2	7247	1	6516	5	7386	11.401	-1.592
316.9	NaN	750	NaN	630	57	360	23	19	0	407	0	6260	0	7247	-0	6163	-0	7285	11.11	-2.402
317	NaN	757	NaN	631	57	361	23	19	0	405	-0	6189	-0	7075	0	6168	0	7190	10.862	-2.88
317.1	NaN	746	NaN	627	53	361	23	21	0	403	0	5949	0	6942	0	5845	0	6956	10.597	-3.133
317.2	NaN	739	NaN	627	52	360	29	29	0	403	1	5932	4	6860	2	5828	8	6862	10.467	-1.037
317.3	NaN	711	NaN	613	58	363	37	37	0	405	5	5963	27	6891	13	6009	62	6942	10.452	0.863
317.4	NaN	715	NaN	611	58	363	37	37	0	404	6	5951	26	6933	14	6200	61	6957	10.49	0.282
317.5	NaN	693	NaN	579	55	364	43	43	0	405	9	6067	39	7164	22	6029	92	7297	10.544	1.502
317.6	NaN	643	NaN	583	53	359	53	53	0	405	14	6195	58	7280	31	6293	136	7417	10.725	2.454
317.7	NaN	632	NaN	644	38	362	58	58	0	404	26	7820	66	7592	59	7021	152	7915	11.106	3.567
317.8	NaN	682	NaN	632	34	362	51	49	0	406	23	7593	64	7713	52	7208	144	7925	11.565	4.968
317.9	NaN	702	NaN	592	34	362	47	45	0	405	18	7210	42	7755	42	7360	95	7908	11.851	4.348
318	NaN	698	NaN	626	36	363	47	45	0	406	18	7321	43	7942	41	7140	96	8025	12.18	3.298
318.1	NaN	696	NaN	623	40	361	47	45	0	406	17	7479	44	8156	38	7395	98	8252	12.385	2.363
318.2	NaN	680	NaN	591	46	362	47	44	0	404	14	7514	44	8354	32	7566	100	8449	12.732	1.407
318.3	NaN	696	NaN	628	45	363	44	42	0	404	13	7603	39	8428	28	7633	87	8585	12.906	2.089
318.4	NaN	698	NaN	592	36	362	44	42	0	404	15	7676	36	8491	34	7750	79	8667	13.041	3.215
318.5	NaN	683	NaN	616	26	361	44	42	0	403	18	7831	33	8536	40	7780	73	8609	13.199	1.665
318.6	NaN	702	NaN	701	1	363	34	32	0	406	12	8224	12	8253	26	8162	27	8325	13.347	-0.136
318.7	NaN	684	NaN	671	-6	360	34	32	0	406	13	8318	11	8183	28	8224	25	8222	13.327	-0.18
318.8	NaN	745	NaN	629	-15	363	28	22	0	406	-0	8259	-0	7979	1	8185	1	7993	13.229	-1.505
318.9	NaN	747	NaN	635	-38	364	26	24	0	405	0	8295	0	7760	0	8231	0	7763	13.007	-2.322
319	NaN	690	NaN	606	-60	360	31	33	0	403	12	8248	2	7208	29	8298	6	7365	12.738	-2.124
319.1	NaN	651	NaN	700	-56	357	37	39	0	403	30	8419	6	7260	67	8477	15	7375	12.685	-0.892
319.2	NaN	657	NaN	683	-45	361	42	44	0	404	40	8559	13	7400	88	8560	29	7776	12.761	1.867
319.3	NaN	674	NaN	679	-38	358	43	45	0	402	39	8603	14	7427	86	8648	32	7755	12.917	3.244
319.4	NaN	647	NaN	656	-29	362	47	48	0	404	41	8633	22	7974	91	8663	49	8211	13.144	3.629
319.5	NaN	640	NaN	640	-24	361	49	50	0	405	44	8714	26	8057	97	8808	57	8534	13.334	4.196
319.6	NaN	614	NaN	606	1	362	56	55	0	407	44	8839	46	10452	94	8814	99	8695	13.77	6.147
319.7	NaN	639	NaN	596	2	359	56	53	0	406	44	8949	45	8934	93	8981	97	8859	14.355	5.757
319.8	NaN	652	NaN	633	29	361	44	41	0	405	17	8900	34	9410	37	8928	70	9485	14.728	2.627
319.9	NaN	699	NaN	607	31	362	43	41	0	407	17	8943	34	9556	35	8898	72	9596	14.964	1.353
320	NaN	695	NaN	616	33	362	43	41	0	406	17	9042	34	9776	35	8952	71	9865	15.082	2.09
320.1	NaN	678	NaN	628	33	362	44	45	0	404	19	9173	38	9803	40	9117	81	9943	15.24	2.269
320.2	NaN	645	NaN	630.4375	32	363	49	51	0	407	25	9542	51	9935	51	9477	106	10077	15.43	2.52
320.3	NaN	641	NaN	632.375	24	357	53	54	0	405	32	9676	55	10088	64	9673	113	10262	15.861	4.373
320.4	NaN	632	NaN	634.3125	15	362	63	65	0	406	51	10675	69	10444	102	10079	141	10483	16.409	6.814
320.5	NaN	640	NaN	636.25	9	358	70	70	0	408	56	10695	66	10672	114	10388	128	10695	16.941	6.846
320.6	NaN	597	NaN	638.1875	4	362	88	87	0	407	51	10710	56	10826	100	10636	116	10900	17.445	5.675
320.7	NaN	631	NaN	640.125	-9	359	100	100	0	407	46	11328	38	10999	89	11230	73	11119	17.937	4.434
320.8	NaN	660	NaN	642.0625	-13	361	100	100	0	405	46	11496	37	11040	88	11423	71	11181	18.243	3.304
320.9	NaN	646	NaN	616	-21	361	100	100	0	403	38	11898	25	11316	69	11845	55	11589	18.548	2.446
321	NaN	651	NaN	600	-22	357	100	100	0	403	45	11991	27	11178	86	11935	53	11329	18.712	2.212
321.1	NaN	663	NaN	669	-16	360	100	100	0	404	29	12068	22	11446	57	11973	40	11509	18.87	2.392
321.2	NaN	668	NaN	627	-15	360	100	100	0	404	32	12076	23	11384	58	12040	43	11541	18.977	1.583
321.3	NaN	646	NaN	656	-11	357	100	100	0	405	24	12070	19	11646	44	11979	35	11648	19.082	0.552
321.4	NaN	673	NaN	634	-10	356	100	100	0	403	22	12051	19	11561	40	11996	32	11663	19.141	-0.17
321.5	NaN	664	NaN	663	-3	359	100	100	0	402	17	12013	17	11787	32	11906	30	11811	19.184	-0.709
321.6	NaN	669	NaN	635	-1	358	100	100	0	405	16	11981	14	11715	30	11905	25	11794	19.198	-0.678
321.7	NaN	655	NaN	684	5	361	100	100	0	405	14	11906	16	11831	27	11864	30	11838	19.226	-0.623
321.8	NaN	643	NaN	643	6	362	100	100	0	406	12	11869	15	11797	24	11776	28	11915	19.24	-0.418
321.9	NaN	688	NaN	643	6	362	100	100	0	404	13	11862	16	11956	26	11785	31	11954	19.246	0.317
322	NaN	657	NaN	637	4	358	100	100	0	408	14	11876	13	11934	24	11752	27	11938	19.264	0.298
322.1	NaN	658	NaN	651	5	361	100	100	0	404	12	11856	14	11923	25	11784	27	11902	19.255	-0.133
322.2	NaN	654	NaN	631	3	361	100	100	0	404	14	11860	15	11878	25	11784	27	11912	19.258	0.372
322.3	NaN	661	NaN	655	3	357	100	100	0	404	14	11871	17	11913	26	11796	28	11903	19.247	0.229
322.4	NaN	649	NaN	651	3	358	100	100	0	406	13	11864	13	11850	23	11779	26	11891	19.228	-0.213
322.5	NaN	648	NaN	645	3	360	100	100	0	403	15	11868	17	11906	26	11788	28	11904	19.228	-0.089
322.6	NaN	648	NaN	654	5	360	100	100	0	405	13	11882	14	11854	25	11768	28	11904	19.214	-0.689
322.7	NaN	647	NaN	649	2	358	100	100	0	405	13	11875	15	11876	26	11781	27	11897	19.192	-1.094
322.8	NaN	669	NaN	628	4	361	100	100	0	407	12	11873	14	11870	24	11804	27	11904	19.185	-0.632
322.9	NaN	651	NaN	651	3	358	100	100	0	404	13	11866	14	11844	25	11762	27	11872	19.187	0.425
323	NaN	667	NaN	641	4	359	100	100	0	408	13	11867	15	11859	25	11765	29	11915	19.176	0.32
323.1	NaN	677	NaN	643	5	362	100	100	0	404	13	11853	15	11829	25	11744	28	11868	19.184	0.149
323.2	NaN	668	NaN	632	2	359	100	100	0	404	15	11862	15	11865	26	11723	28	11903	19.203	0.88
323.3	NaN	644	NaN	648	4	361	100	100	0	404	13	11874	14	11809	26	11742	26	11865	19.198	0.22
323.4	NaN	651	NaN	630	5	358	100	100	0	405	15	11865	15	11844	27	11771	28	11860	19.189	0.34
323.5	NaN	659	NaN	667	2	359	97	93	0	407	13	11865	15	11786	26	11759	25	11880	19.17	0.069
323.6	NaN	706	NaN	621	4	361	0	0	0	409	-9	11681	-8	11710	-6	11539	-5	11685	19.068	-1.883
323.7	NaN	649	NaN	658	5	358	0	0	0	405	-27	11506	-25	11544	-18	11325	-11	11627	18.674	-4.698
323.8	NaN	619	NaN	656	5	364	0	0	0	403	-42	11015	-39	11101	-30	10819	-29	11078	18.143	-5.476
323.9	NaN	634	NaN	675	7	362	0	0	0	401	-41	10699	-38	10881	-31	10614	-29	10850	17.622	-5.097
324	NaN	624	NaN	710	2	358	0	0	0	403	-40	10358	-39	10321	-32	10239	-30	10420	16.933	-5.351
324.1	NaN	625	NaN	706	2	364	0	0	0	405	-40	10163	-39	10073	-31	9998	-30	9961	16.375	-5.694
324.2	NaN	628	NaN	704	2	360	0	0	0	404	-40	9772	-39	9703	-31	9636	-31	9578	15.838	-5.363
324.3	NaN	631	NaN	691	3	359	0	0	0	405	-39	9448	-38	9439	-32	9309	-30	9389	15.309	-5.576
324.4	NaN	626	NaN	665	10	358	0	0	0	403	-40	8935	-37	9020	-33	8856	-30	9124	14.75	-5.83
324.5	NaN	633	NaN	699	9	358	0	0	0	404	-41	8704	-37	8895	-34	8436	-30	8881	14.222	-5.767
324.6	NaN	631	NaN	701	6	362	0	0	0	403	-39	8348	-36	8450	-33	8168	-31	8394	13.727	-5.993
324.7	NaN	622	NaN	710	9	358	0	0	0	404	-40	8517	-36	8301	-34	7902	-31	8157	13.252	-7.589
324.8	NaN	624	NaN	695	9	361	0	0	0	403	-40	7964	-36	8050	-34	7870	-31	8051	12.745	-5.627
324.9	NaN	656	NaN	709	27	363	0	0	0	404	-42	7170	-34	7689	-38	6452	-29	7597	12.239	-5.758
325	NaN	641	NaN	707	31	359	0	0	0	407	-43	6999	-32	7608	-37	5877	-28	7538	11.663	-7.458
325.1	NaN	673	NaN	667	62	360	0	0	0	403	-48	5794	-26	7077	-43	4038	-23	7140	11.007	-6.962
325.2	NaN	675	NaN	665	64	361	0	0	0	405	-47	5601	-25	6980	-43	2022	-23	7054	10.448	-5.625
325.3	NaN	693	NaN	609	65	360	17	16	0	406	-9	5212	-5	6433	-8	3220	-4	6644	9.857	-3.865
325.4	NaN	690	NaN	607	65	359	17	15	0	405	-9	5093	-4	6460	-8	3193	-4	6529	9.412	-1.744
325.5	NaN	632	NaN	567	60	360	54	52	0	404	11	4806	64	6443	28	5266	154	7028	9.016	2.96
325.6	NaN	639	NaN	546	50	364	57	56	0	405	17	4859	66	6483	41	5552	152	7487	9.119	5.382
325.7	NaN	650	NaN	544	14	358	60	60	0	406	42	9356	56	6855	98	9070	134	7158	9.337	5.843
325.8	NaN	664	NaN	563	2	358	59	59	0	407	47	7920	53	6508	115	10508	126	7779	9.576	4.903
325.9	NaN	682	NaN	582	-28	363	56	54	0	406	56	10442	28	6438	133	12694	67	6774	9.976	6.189
326	NaN	658	NaN	575	-20	361	56	54	0	406	51	10092	33	6587	119	14124	77	6821	10.516	6.018
326.1	NaN	707	NaN	653	-37	358	38	36	0	404	23	10223	10	6465	52	10424	24	6434	11.054	5.532
326.2	NaN	641	NaN	731	-39	358	37	38	0	404	21	7606	8	6459	47	7471	20	6510	11.317	2.413
326.3	NaN	684	NaN	667	-32	356	48	50	0	402	35	7668	16	6734	81	7725	37	7071	11.451	2.635
326.4	NaN	651	NaN	665.3928571	-15	359	50	53	0	405	40	7729	27	6848	91	7787	61	7485	11.84	4.633
326.5	NaN	635	NaN	665.7857143	-19	361	58	57	0	407	54	8219	38	8087	121	7945	84	7830	12.382	5.834
326.6	NaN	638	NaN	666.1785714	-31	364	79	83	0	405	102	8686	47	7974	211	8529	104	7889	12.888	7.059
326.7	NaN	611	NaN	666.5714286	-36	358	76	76	0	406	112	9615	48	10961	194	8659	109	8846	13.483	8.288
326.8	NaN	679	NaN	666.9642857	1	361	55	57	0	405	55	9187	37	8756	122	9283	77	8677	14.039	6.133
326.9	NaN	614	NaN	667.3571429	8	360	56	56	0	406	41	9109	50	8966	87	9057	107	8923	14.595	7.242
327	NaN	573	NaN	667.75	22	360	74	67	0	407	55	9947	87	9938	112	9470	178	9819	15.258	6.315
327.1	NaN	625	NaN	668.1428571	26	358	65	58	0	405	40	10397	72	10061	82	9477	149	10108	15.89	6.782
327.2	NaN	675	NaN	668.5357143	31	360	64	60	0	406	40	10805	76	10882	80	10022	155	10821	16.498	7.369
327.3	NaN	618	NaN	668.9285714	29	360	64	61	0	406	39	11566	76	10911	79	10350	157	10862	16.99	5.909
327.4	NaN	651	NaN	669.3214286	27	364	64	61	0	405	37	12975	62	11258	71	10813	124	11325	17.496	5.989
327.5	NaN	694	NaN	669.7142857	21	363	68	67	0	408	31	12497	50	11435	64	10844	115	11402	17.879	5.951
327.6	NaN	665	NaN	670.1071429	10	361	94	94	0	405	31	11231	39	11468	60	11162	72	11606	18.262	4.056
327.7	NaN	671	NaN	650	10	361	100	100	0	406	27	11381	34	11522	50	11302	61	11654	18.531	3.092
327.8	NaN	663	NaN	674	11	362	100	100	0	406	25	11498	29	11698	46	11456	54	11800	18.77	1.853
327.9	NaN	705	NaN	667	5	361	100	100	0	407	20	11624	23	11726	38	11529	44	11840	18.906	0.712
328	NaN	692	NaN	705	-9	359	100	100	0	406	18	11920	16	11599	36	11834	31	11693	19.03	-0.238
328.1	NaN	671	NaN	671	-6	363	100	100	0	404	22	11963	18	11553	39	11851	34	11683	19.119	1.141
328.2	NaN	658	NaN	671	-7	363	100	100	0	404	19	12048	15	11643	36	11961	29	11725	19.173	0.964
328.3	NaN	692	NaN	661	-8	360	100	100	0	403	18	12106	16	11648	33	11998	28	11762	19.226	-0.05
328.4	NaN	648	NaN	655	-8	361	100	100	0	405	16	12217	12	11854	29	12029	25	11792	19.246	1.21
328.5	NaN	650	NaN	633	-7	363	100	100	0	405	17	12074	15	11651	32	12033	27	11794	19.271	1.58
328.6	NaN	642	NaN	683	-8	359	100	100	0	403	13	12196	13	11735	27	12112	23	11785	19.294	-0.149
328.7	NaN	643	NaN	632	-6	362	100	100	0	402	15	12107	15	11729	31	12045	25	11801	19.284	-0.468
328.8	NaN	648	NaN	639	0	361	89	87	0	405	12	12071	12	11818	22	11959	22	11865	19.225	-2.29
328.9	NaN	682	NaN	606	3	361	0	0	0	402	-13	11850	-12	11599	-9	11583	-9	11579	19.05	-3.856
329	NaN	638	NaN	675	1	361	0	0	0	404	-27	11568	-24	11447	-19	11539	-18	11512	18.616	-4.151
329.1	NaN	623	NaN	702	7	356	0	0	0	404	-41	10987	-38	11018	-31	10882	-28	11154	18.061	-5.602
329.2	NaN	607	NaN	677	5	363	0	0	0	404	-41	10875	-39	10931	-31	10691	-30	10860	17.561	-5.323
329.3	NaN	620	NaN	670	7	360	0	0	0	404	-42	10352	-37	10299	-32	10117	-29	10360	16.981	-4.961
329.4	NaN	614	NaN	670	7	359	0	0	0	403	-41	10228	-38	10249	-31	9915	-30	10276	16.461	-5.294
329.5	NaN	610	NaN	676	10	387	0	0	0	421	-41	9562	-37	9730	-32	9498	-30	9670	15.88	-5.931
329.6	NaN	625	NaN	674	10	525	0	0	0	514	-40	9094	-36	9317	-33	9003	-30	9539	15.263	-7.291
329.7	NaN	619	NaN	699	7	623	0	0	0	624	-41	8511	-37	8705	-33	8240	-30	8650	14.433	-8.591
329.8	NaN	628	NaN	723	8	487	0	0	0	480	-40	8173	-37	8473	-34	7919	-31	8439	13.698	-7.078
329.9	NaN	622	NaN	672	-8	363	0	0	0	399	-36	7954	-39	7846	-32	7837	-33	7809	13.042	-4.789
330	NaN	631	NaN	701	-20	358	0	0	0	401	-35	7919	-41	7456	-29	7775	-35	7298	12.514	-4.697
330.1	NaN	631	NaN	683	-40	360	0	0	0	401	-30	7579	-44	6453	-27	7566	-38	6212	11.825	-5.813
330.2	NaN	619	NaN	720	-56	362	0	0	0	400	-26	7323	-48	6247	-24	7365	-43	3969	11.257	-6.452
330.3	NaN	613	NaN	740	-50	363	0	2	0	399	-26	7022	-44	5796	-24	6958	-40	1050	10.663	-5.358
330.4	NaN	638	NaN	683	-40	361	5	8	0	402	-20	6913	-32	5472	-18	6767	-0	-259	10.108	-4.251
330.5	NaN	680	NaN	699	-2	358	10	10	0	403	-18	6291	-18	5460	-16	6162	-18	4694	9.676	-3.675
330.6	NaN	669	NaN	670	22	361	14	11	0	404	-16	5795	-13	5743	-15	5742	-13	5667	9.431	0.016
330.7	NaN	694	NaN	587	32	358	57	54	0	406	26	5756	58	6429	63	5747	139	6415	9.611	4.326
330.8	NaN	648	NaN	553	48	360	55	51	0	405	18	6084	61	6661	42	5848	143	6704	10.011	2.539
330.9	NaN	699	NaN	620	51	360	36	34	0	406	6	5866	22	6710	13	5758	50	6691	10.129	-0.602
331	NaN	705	NaN	626	42	360	24	24	0	406	0	5815	0	6630	0	5687	0	6673	10.088	-1.09
331.1	NaN	699	NaN	618	44	361	35	36	0	406	7	5802	20	6696	15	5739	47	6687	10.088	0.059
331.2	NaN	697	NaN	674	48	361	33	31	0	405	4	5865	15	6688	10	5779	34	6685	10.154	-0.486
331.3	NaN	711	NaN	675.5227273	47	362	33	33	0	407	5	5872	16	6763	11	5758	37	6753	10.161	-1.129
331.4	NaN	708	NaN	677.0454545	53	363	33	33	0	407	5	5845	18	6853	11	5758	42	6824	10.194	0.05
331.5	NaN	709	NaN	678.5681818	56	364	33	33	0	406	4	5813	17	6792	9	5758	42	6870	10.187	-0.488
331.6	NaN	697	NaN	680.0909091	66	358	41	43	0	404	5	5730	39	6879	13	5691	90	7017	10.186	0.725
331.7	NaN	628	NaN	681.6136364	66	359	54	55	0	404	10	6069	71	7290	23	5898	171	7330	10.381	2.841
331.8	NaN	604	NaN	683.1363636	63	358	59	60	0	406	14	6076	83	7684	33	6253	207	7978	10.758	4.43
331.9	NaN	610	NaN	684.6590909	54	363	59	60	0	407	19	6881	78	7812	44	6695	189	8018	11.111	6.388
332	NaN	615	NaN	686.1818182	48	362	59	61	0	407	22	6936	76	8697	52	7134	173	8573	11.544	6.574
332.1	NaN	638	NaN	687.7045455	9	358	68	70	0	406	55	6812	71	7993	135	12594	157	8816	11.887	9.965
332.2	NaN	621	NaN	689.2272727	-15	362	66	63	0	409	74	9313	54	8183	154	12800	116	8804	12.317	11.628
332.3	NaN	576	NaN	690.75	6	360	86	85	0	407	75	18615	91	8655	144	17992	205	9209	12.949	4.542
332.4	NaN	617	NaN	692.2727273	-6	362	97	96	0	407	106	20889	78	8916	177	15429	170	8985	13.794	6.878
332.5	NaN	573	NaN	693.7954545	2	362	97	96	0	406	64	24563	93	9309	187	16247	200	9312	14.673	9.792
332.6	NaN	593	NaN	695.3181818	-6	359	95	92	0	405	37	22281	82	9643	147	12113	165	9743	15.619	9.893
332.7	NaN	605	NaN	696.8409091	-9	360	96	93	0	405	98	19086	64	10183	167	10498	133	10118	16.553	6.99
332.8	NaN	596	NaN	698.3636364	-19	356	98	100	0	404	63	11162	40	10838	124	11115	81	10648	17.302	5.911
332.9	NaN	667	NaN	699.8863636	-1	360	99	100	0	407	47	11231	45	10886	92	11254	87	10894	17.736	4.309
333	NaN	638	NaN	701.4090909	2	359	100	100	0	406	34	11232	36	11145	65	11204	73	11200	18.1	4.224
333.1	NaN	628	NaN	702.9318182	0	361	100	100	0	407	28	11411	28	11387	54	11371	53	11452	18.46	3.927
333.2	NaN	645	NaN	704.4545455	-0	357	100	100	0	407	23	11549	24	11486	45	11493	44	11516	18.637	2.475
333.3	NaN	655	NaN	705.9772727	-1	360	100	100	0	405	22	11666	22	11516	41	11568	38	11664	18.81	1.384
333.4	NaN	639	NaN	666	-0	364	25	20	0	407	18	11792	18	11717	35	11682	36	11669	18.847	-0.323
333.5	NaN	671	NaN	664	-1	505	0	0	0	498	-17	11468	-18	11246	-14	11280	-13	11265	18.704	-3.537
333.6	NaN	634	NaN	671	2	433	0	0	0	431	-36	11197	-36	11245	-29	10833	-28	10726	18.191	-5.17
333.7	NaN	622	NaN	715	3	376	0	0	0	406	-40	10721	-40	10640	-30	10647	-30	10654	17.524	-5.374
333.8	NaN	621	NaN	674	0	557	0	0	0	572	-41	10215	-40	10144	-31	10083	-30	10113	16.888	-6.326
333.9	NaN	637	NaN	708	3	770	0	0	0	676	-39	9573	-38	9383	-32	9355	-31	9486	16.009	-10.863
334	NaN	645	NaN	714	6	799	0	0	0	743	-40	9133	-38	9091	-32	8844	-30	8879	15.038	-11.506
334.1	NaN	660	NaN	715	-1	679	0	0	0	647	-39	8282	-39	8185	-32	8085	-32	8148	13.905	-9.912
334.2	NaN	672	NaN	728	-3	590	0	0	0	532	-37	7961	-38	7935	-32	7739	-33	7712	13.125	-8.075
334.3	NaN	669	NaN	735	11	385	0	0	0	405	-39	7491	-36	7416	-34	7379	-31	7420	12.26	-4.491
334.4	NaN	676	NaN	722	22	356	0	0	0	400	-41	7105	-33	7445	-36	6809	-29	7407	11.699	-5.433
334.5	NaN	638.9666667	NaN	700	52	362	0	0	0	404	-47	6034	-28	7111	-41	5548	-25	7169	11.152	-6.084
334.6	NaN	639.4333333	NaN	676	63	364	0	0	0	404	-49	4973	-25	6954	-43	4326	-23	7035	10.574	-5.707
334.7	NaN	639.9	NaN	707	61	363	0	0	0	402	-47	4890	-25	6579	-45	74	-22	6608	9.929	-4.263
334.8	NaN	640.3666667	NaN	735	61	362	0	0	0	405	-48	4483	-25	6373	-45	863	-24	6337	9.251	-2.597
334.9	NaN	640.8333333	NaN	745	60	360	2	2	0	405	-45	3803	-25	5680	-1	750	-24	5758	8.533	-2.191
335	NaN	641.3	NaN	747	45	366	28	30	0	407	2	4083	6	5704	4	659	19	5846	7.963	-0.343
335.1	NaN	641.7666667	NaN	693	5	361	29	31	0	405	5	3868	6	5508	14	2903	16	5730	7.656	3.357
335.2	NaN	642.2333333	NaN	600	-14	358	59	58	0	404	50	4593	33	5157	125	7497	84	5750	7.576	6.535
335.3	NaN	642.7	NaN	624	34	360	68	67	0	406	43	7335	56	5353	102	8971	205	6669	7.996	3.803
335.4	NaN	643.1666667	NaN	692	15	359	34	27	0	407	7	5690	9	5352	20	6000	25	5500	8.395	0.572
335.5	NaN	643.6333333	NaN	760	-27	361	40	38	0	405	19	5525	10	5143	45	5513	22	5160	8.516	0.231
335.6	NaN	644.1	NaN	760	-34	358	46	46	0	405	29	5794	12	5039	67	5734	30	5093	8.77	2.279
335.7	NaN	644.5666667	NaN	741	-41	359	69	70	0	404	51	6237	18	5281	123	6163	45	5290	9.03	3.49
335.8	NaN	645.0333333	NaN	725	-77	361	69	69	0	406	112	7387	9	5371	199	6619	24	5509	9.43	5.002
335.9	NaN	672	NaN	738	-76	361	65	64	0	404	105	7361	7	5489	201	7095	15	5565	9.815	4.468
336	NaN	673	NaN	749	-73	362	61	59	0	405	91	8409	8	5590	199	8194	19	5740	10.252	5.872
336.1	NaN	669	NaN	714	-72	360	46	42	0	405	46	7304	5	5543	107	7495	12	5867	10.365	6.785
336.2	NaN	670	NaN	600	-34	356	65	66	0	404	81	8009	32	5793	174	8413	78	6761	10.357	4.905
336.3	NaN	642	NaN	586	0	357	65	65	0	402	58	7395	55	8775	133	8187	126	11224	10.483	6.917
336.4	NaN	639	NaN	554	7	357	69	66	0	405	53	7487	65	9948	125	8035	137	15957	10.564	7.691
336.5	NaN	607	NaN	571	16	362	95	94	0	406	60	7984	87	13478	137	9646	97	18794	10.667	8.146
336.6	NaN	602	NaN	578	15	362	100	98	0	403	55	7680	89	20459	128	8065	79	20123	10.9	8.508
336.7	NaN	604	NaN	577	16	359	100	100	0	404	55	7936	84	18130	124	8483	76	21797	11.263	6.903
336.8	NaN	608	NaN	590	52	361	100	100	0	406	24	7700	82	16610	54	7539	73	23155	11.882	6.544
336.9	NaN	612	NaN	580	27	359	100	100	0	403	36	7722	73	16825	83	7563	77	22280	12.772	8.665
337	NaN	661	NaN	565	-37	362	100	100	0	409	119	13271	48	12809	197	8522	103	15048	13.862	11.494
337.1	NaN	610	NaN	579	-21	358	100	100	0	407	123	18003	68	9118	206	9912	114	9181	14.787	11.948
337.2	NaN	586	NaN	569	-7	359	100	100	0	406	104	18802	77	10202	194	10157	182	9507	15.688	11.203
337.3	NaN	641	NaN	587	-13	359	88	84	0	408	68	10922	54	10524	142	10886	111	10351	16.694	10.164
337.4	NaN	706	NaN	595	-2	363	80	78	0	406	50	11037	50	10760	98	10957	98	10935	17.249	6.148
337.5	NaN	649	NaN	607	4	359	73	68	0	406	37	11120	39	11142	72	11098	80	11172	17.806	3.941
337.6	NaN	659	NaN	618	5	359	83	80	0	406	30	11307	33	11252	59	11270	63	11387	18.144	4.124
337.7	NaN	678	NaN	638	2	364	100	100	0	407	25	11504	27	11532	49	11395	52	11586	18.481	3.3
337.8	NaN	664	NaN	635	3	365	100	100	0	405	22	11556	25	11504	42	11492	46	11620	18.645	0.831
337.9	NaN	666	NaN	637	7	360	54	49	0	407	20	11636	23	11725	38	11545	45	11783	18.865	1.022
338	NaN	745	NaN	628	10	362	0	0	0	409	-10	11426	-10	11616	-8	11227	-5	11544	18.754	-0.629
338.1	NaN	649	NaN	704	6	366	0	0	0	408	-40	11079	-37	11259	-29	10913	-27	11226	18.366	-4.321
338.2	NaN	650	NaN	706	5	369	0	0	0	406	-39	11036	-37	11099	-29	10740	-27	10983	17.869	-6.926
338.3	NaN	644	NaN	728	8	525	0	0	0	566	-42	10333	-37	10264	-32	10139	-29	10270	17.091	-7.754
338.4	NaN	656	NaN	727	12	514	0	0	0	512	-42	9950	-37	9983	-32	9651	-29	10114	16.365	-6.489
338.5	NaN	660	NaN	700	13	562	0	0	0	551	-43	9306	-37	9537	-33	8384	-29	9638	15.62	-7.294
338.6	NaN	662	NaN	740	23	532	0	0	0	536	-43	8793	-35	9447	-35	8039	-28	9345	14.861	-7.4
338.7	NaN	666	NaN	738	12	361	0	0	0	401	-43	8106	-35	8924	-35	7788	-29	8921	14.242	-6.344
338.8	NaN	669	NaN	731	7	360	0	0	0	406	-40	8197	-38	8667	-33	7772	-31	8574	13.716	-7.13
338.9	NaN	661.2857143	NaN	643	18	365	33	32	0	407	2	8022	4	8361	4	7893	7	8368	13.371	-3.827
339	NaN	663.0714286	NaN	651	20	361	39	38	0	406	14	8097	24	8379	33	8158	53	8492	13.382	1.62
339.1	NaN	664.8571429	NaN	691	16	362	27	24	0	405	11	8269	17	8469	23	8032	35	8527	13.422	0.827
339.2	NaN	666.6428571	NaN	650	23	358	16	13	0	405	-1	8011	-0	8364	-0	7736	-0	8417	13.361	-1.568
339.3	NaN	668.4285714	NaN	667	22	363	14	10	0	407	-17	7692	-14	8302	-15	7599	-9	8263	13.149	-2.285
339.4	NaN	670.2142857	NaN	618	32	365	20	19	0	405	-2	7633	-2	8015	-2	7397	-7	8190	12.838	-2.31
339.5	NaN	672	NaN	650	32	365	21	20	0	408	-1	7288	-1	8075	-1	7250	-1	8094	12.66	-2.448
339.6	NaN	673.7857143	NaN	679	36	361	37	36	0	404	10	7346	23	8057	22	7469	51	8155	12.511	-0.386
339.7	NaN	675.5714286	NaN	655	43	360	38	35	0	405	8	7648	24	8089	19	7306	53	8186	12.561	-0.248
339.8	NaN	677.3571429	NaN	694	41	365	28	24	0	407	4	7268	9	8199	10	8137	23	8261	12.588	-0.178
339.9	NaN	679.1428571	NaN	616	36	364	15	13	0	406	-14	6920	-10	7936	-13	6571	-9	8058	12.401	-0.776
340	NaN	680.9285714	NaN	616	38	361	15	12	0	407	-14	6677	-9	7773	-13	6688	-9	7964	12.08	-2.529
340.1	NaN	682.7142857	NaN	620	38	361	20	20	0	405	-9	5201	-7	7516	-9	6131	-6	7598	11.819	-1.266
340.2	NaN	689	NaN	650	31	364	39	37	0	406	12	6738	25	7786	27	7062	59	7878	11.729	1.15
340.3	NaN	729	NaN	685	23	360	33	29	0	405	7	7012	12	7502	16	7020	29	7535	11.767	0.893
340.4	NaN	716	NaN	669	32	364	14	10	0	404	-17	6697	-13	7268	-15	6707	-11	7323	11.572	-2.872
340.5	NaN	729	NaN	654	47	360	14	12	0	405	-16	6513	-10	7316	-15	6399	-9	7289	11.29	-4.133
340.6	NaN	680	NaN	625	51	361	45	43	0	404	9	6371	37	7397	22	6469	84	7450	11.152	-0.764
340.7	NaN	670	NaN	599	54	364	48	46	0	406	12	6437	51	7688	29	6612	117	7787	11.305	1.818
340.8	NaN	741	NaN	717	55	360	32	29	0	407	3	6500	13	7492	7	6537	31	7642	11.436	0.076
340.9	NaN	726	NaN	714	54	359	32	29	0	406	2	6383	12	7431	7	6436	28	7531	11.332	-1.02
341	NaN	703	NaN	697	56	363	33	33	0	405	3	6298	15	7330	8	6354	36	7390	11.227	-0.759
341.1	NaN	720	NaN	621	54	358	43	43	0	407	9	6341	36	7338	20	6430	85	7559	11.211	0.627
341.2	NaN	702	NaN	560	53	362	56	55	0	406	17	6703	53	7505	39	6658	152	7867	11.437	3.076
341.3	NaN	716	NaN	576	47	360	60	59	0	406	21	7322	73	7895	47	7355	164	7971	11.81	4.546
341.4	NaN	686.484127	NaN	585	12	360	68	67	0	408	51	8284	69	8191	114	8517	154	8536	12.31	6.425
341.5	NaN	687.1111111	NaN	574	1	357	75	75	0	406	69	9335	67	8222	156	8318	130	8336	13.017	8.891
341.6	NaN	687.7380952	NaN	641	9	362	99	95	0	406	95	11930	115	9243	200	8922	200	8964	13.891	8.629
341.7	NaN	688.3650794	NaN	578	14	361	100	100	0	407	78	13658	102	9639	167	9459	196	9769	15.002	9.484
341.8	NaN	688.9920635	NaN	595	11	359	100	100	0	406	66	14583	83	10257	133	9934	167	10261	15.836	7.264
341.9	NaN	689.6190476	NaN	556	5	360	100	100	0	408	52	11898	58	10617	105	10457	121	10706	16.759	7.357
342	NaN	690.2460317	NaN	614	2	360	100	100	0	407	47	10885	49	10758	93	10826	94	10897	17.328	6.653
342.1	NaN	690.8730159	NaN	616	2	362	100	100	0	406	40	11156	41	11085	77	11126	76	11136	17.862	3.795
342.2	NaN	704	NaN	614	2	359	100	100	0	407	35	11285	38	11204	67	11284	70	11288	18.184	1.78
342.3	NaN	670	NaN	621	2	363	100	100	0	404	30	11494	32	11385	57	11500	59	11474	18.487	1.756
342.4	NaN	669	NaN	631	2	356	100	100	0	405	27	11550	29	11444	52	11503	54	11530	18.649	2.151
342.5	NaN	677	NaN	651	4	361	100	100	0	406	22	11620	25	11564	43	11582	46	11681	18.816	1.085
342.6	NaN	673	NaN	674	7	363	100	100	0	405	22	11611	24	11579	43	11547	47	11694	18.916	-0.154
342.7	NaN	685	NaN	659	4	361	100	100	0	406	19	11751	21	11725	36	11676	39	11779	18.983	-1.145
342.8	NaN	694	NaN	620.3928571	2	363	100	100	0	405	18	11767	20	11650	35	11699	37	11731	19.036	0.205
342.9	NaN	694	NaN	622.2857143	5	359	100	100	0	403	17	11836	18	11741	32	11735	35	11807	19.084	-0.062
343	NaN	678	NaN	624.1785714	3	360	100	100	0	404	17	11815	20	11706	33	11706	36	11805	19.075	0.378
343.1	NaN	699	NaN	626.0714286	3	362	100	100	0	404	16	11832	18	11767	32	11766	31	11814	19.1	-0.848
343.2	NaN	709	NaN	627.9642857	4	360	100	100	0	405	17	11813	19	11745	32	11709	34	11823	19.106	-0.01
343.3	NaN	680	NaN	629.8571429	5	358	74	70	0	403	17	11837	18	11771	31	11773	33	11818	19.098	0.054
343.4	NaN	699	NaN	631.75	4	360	69	69	0	405	14	11821	17	11790	30	11750	31	11844	19.123	0.66
343.5	NaN	715	NaN	633.6428571	4	361	68	65	0	405	16	11915	18	11868	30	11801	32	11832	19.129	0.655
343.6	NaN	741	NaN	635.5357143	5	358	0	0	0	407	-11	11613	-10	11584	-8	11538	-3	11695	19.061	-1.534
343.7	NaN	689	NaN	637.4285714	3	358	0	0	0	405	-31	11427	-31	11377	-23	11288	-23	11358	18.673	-3.737
343.8	NaN	667	NaN	639.3214286	4	359	0	0	0	402	-41	11098	-40	11011	-30	10860	-29	10936	18.119	-4.963
343.9	NaN	676	NaN	641.2142857	5	361	0	0	0	402	-41	10714	-39	10662	-30	10489	-29	10641	17.61	-4.699
344	NaN	703	NaN	643.1071429	5	362	10	9	0	404	-23	10441	-22	10403	-18	10333	-17	10434	17.048	-4.14
344.1	NaN	775	NaN	640	6	361	23	22	0	406	0	10365	0	10249	0	10217	0	10260	16.796	-3.483
344.2	NaN	736	NaN	684	7	359	29	28	0	405	4	10197	5	10213	9	10059	11	10243	16.546	-1.937
344.3	NaN	731	NaN	694	6	364	29	28	0	406	4	10125	5	10128	9	10008	11	10187	16.439	-0.455
344.4	NaN	727	NaN	676	3	359	29	28	0	403	5	10070	5	10073	10	9954	11	10076	16.32	-0.341
344.5	NaN	766	NaN	627	-6	364	25	21	0	405	1	10020	1	9957	3	9930	4	9975	16.141	-2.526
344.6	NaN	723	NaN	658	-21	360	14	13	0	404	-12	10118	-15	9392	-10	9898	-12	9371	15.81	-3.96
344.7	NaN	756	NaN	633	-27	363	15	16	0	402	-8	9914	-10	9128	-6	9784	-8	9201	15.467	-2.407
344.8	NaN	763	NaN	634	-27	361	26	28	0	403	0	9796	0	8895	1	9775	1	8875	15.18	-1.231
344.9	NaN	709	NaN	691	-24	362	37	40	0	403	23	9842	12	8926	48	9737	26	9091	15.154	0.889
345	NaN	709	NaN	642	-17	362	43	44	0	403	33	9881	23	9169	68	9877	48	9340	15.341	3.062
345.1	NaN	671	NaN	650	-3	359	42	38	0	405	26	9883	24	9429	55	9798	51	9444	15.504	2.925
345.2	NaN	769	NaN	640	16	361	25	21	0	407	-0	9378	-0	9646	-0	9283	-0	9599	15.476	0.197
345.3	NaN	761	NaN	627	24	364	25	21	0	408	0	9234	0	9596	0	9149	0	9659	15.275	-2.013
345.4	NaN	714	NaN	647	22	359	37	34	0	406	10	9069	18	9626	23	8984	38	9709	15.194	-1.284
345.5	NaN	690	NaN	633	24	362	40	37	0	407	15	9116	24	9725	32	9106	51	9806	15.205	0.787
345.6	NaN	681	NaN	640	25	361	40	36	0	407	15	9182	25	9832	31	9224	52	9848	15.309	1.762
345.7	NaN	717	NaN	643	24	360	40	35	0	406	14	9207	22	9826	28	9224	47	9864	15.402	1.122
345.8	NaN	715	NaN	720	20	365	25	20	0	406	5	9198	8	9736	8	9124	15	9781	15.381	-2.096
345.9	NaN	707	NaN	669	5	470	0	0	0	508	-18	9169	-17	9306	-15	9028	-13	9342	15.256	-4.097
346	NaN	670	NaN	643.234375	-1	582	0	0	0	591	-37	8786	-37	8654	-30	8701	-30	8580	14.642	-6.589
346.1	NaN	677	NaN	643.4151786	-0	608	0	0	0	595	-38	8324	-38	8125	-32	8141	-32	7740	13.738	-9.56
346.2	NaN	683	NaN	643.5959821	-1	601	0	0	0	568	-39	7899	-39	7760	-32	7747	-32	7297	12.923	-8.539
346.3	NaN	692	NaN	643.7767857	-16	411	0	0	0	439	-35	7400	-40	6991	-31	7278	-34	6797	11.989	-7.217
346.4	NaN	687	NaN	643.9575893	-20	368	0	0	0	401	-33	7232	-42	6731	-30	7155	-37	6698	11.424	-6.612
346.5	NaN	696	NaN	644.1383929	-44	360	0	0	0	403	-29	7012	-44	5841	-26	6847	-40	5594	10.663	-5.516
346.6	NaN	690	NaN	644.3191964	-55	360	0	0	0	403	-28	6777	-47	5336	-24	6684	-43	4176	10.083	-4.369
346.7	NaN	704	NaN	655	-60	364	18	21	0	404	-0	6508	-1	5289	-1	6435	-1	2153	9.563	-4.51
346.8	NaN	708	NaN	643	-61	364	18	21	0	404	-1	6473	-1	5175	-1	6373	-1	3484	9.248	-4.68
346.9	NaN	736	NaN	623	-60	364	30	32	0	403	10	6178	1	4949	29	6179	5	4882	8.987	-0.889
347	NaN	708	NaN	713	-61	359	53	55	0	401	67	6598	11	4937	163	6628	26	5270	9.073	3.454
347.1	NaN	755	NaN	677	-54	363	55	56	0	404	68	7013	16	5267	162	7087	38	5770	9.478	4.551
347.2	NaN	720	NaN	694	-50	363	55	56	0	405	66	6999	18	5604	154	7147	46	6180	9.773	5.323
347.3	NaN	705	NaN	581	-12	360	56	58	0	407	52	7128	36	6167	118	7535	89	7799	10.143	5.052
347.4	NaN	680	NaN	586	-1	358	57	57	0	406	46	7108	45	6146	105	7576	108	8471	10.607	5.932
347.5	NaN	669	NaN	598	-9	360	58	57	0	407	49	7350	43	8206	113	7443	97	8238	11.154	7.096
347.6	NaN	652	NaN	595	2	357	67	65	0	406	57	7662	60	9446	129	7645	133	8799	11.894	8.761
347.7	NaN	667	NaN	579	0	363	64	59	0	405	52	8023	53	8070	117	8064	115	8145	12.615	9.296
347.8	NaN	661	NaN	594	-1	363	64	59	0	408	53	8514	53	8423	117	8562	118	8479	13.397	6.247
347.9	NaN	701	NaN	571	-1	358	52	47	0	406	42	8935	43	8853	87	8864	79	8874	13.868	2.681
348	NaN	730	NaN	664	-4	387	0	0	0	418	-14	8858	-14	8673	-11	8580	-12	8678	14.22	-2.021
348.1	NaN	670	NaN	649.2541853	-6	427	0	0	0	450	-32	8511	-34	8355	-27	8385	-29	8305	13.845	-4.113
348.2	NaN	676	NaN	655.0027902	-16	359	0	0	0	403	-35	8254	-40	7817	-30	8129	-35	7726	13.323	-4.936
348.3	NaN	676	NaN	660.7513951	-25	366	1	2	0	404	-33	8154	-42	7327	-28	8073	-36	7261	12.887	-4.224
348.4	NaN	693.6428571	NaN	645	-48	364	22	23	0	405	-0	7941	-0	7047	0	7896	0	7055	12.421	-2.364
348.5	NaN	694.2857143	NaN	644	-49	359	23	24	0	406	0	7852	0	6874	0	7868	0	6908	12.186	-0.599
348.6	NaN	694.9285714	NaN	657	-51	358	46	46	0	407	49	8462	13	7105	110	8489	30	7436	12.076	0.357
348.7	NaN	695.5714286	NaN	642	-62	363	26	19	0	406	-1	7534	-0	6722	-2	7800	-0	6968	12.02	-2.786
348.8	NaN	696.2142857	NaN	642	-56	362	25	23	0	405	-0	7543	0	6344	-0	7664	-0	6396	11.612	-3.809
348.9	NaN	696.8571429	NaN	642	-58	366	25	23	0	405	0	7253	0	6349	0	7334	0	6529	11.318	-2.159
349	NaN	690	NaN	702	-51	359	33	34	0	403	19	7473	5	6228	43	7448	11	6325	11.085	-0.313
349.1	NaN	681	NaN	718	-52	360	36	36	0	406	24	7369	6	6208	56	7402	14	6559	11.044	2.158
349.2	NaN	679	NaN	689	-27	361	44	43	0	405	34	7369	17	6487	78	7485	39	6781	11.127	2.605
349.3	NaN	728	NaN	677	-18	360	44	43	0	405	31	7440	20	6544	72	7437	45	6798	11.321	3.03
349.4	NaN	744	NaN	670	-34	364	44	41	0	404	34	7576	16	6930	77	7506	37	6991	11.583	3.578
349.5	NaN	732	NaN	663	-45	358	44	41	0	404	37	7783	12	6886	84	7757	27	6928	11.825	1.568
349.6	NaN	703	NaN	651.9927804	-48	360	41	38	0	403	32	8030	9	6870	74	7967	21	6967	11.963	1.647
349.7	NaN	675	NaN	651.8570731	-48	360	41	39	0	404	31	8098	9	6910	70	8076	22	7106	12.095	1.353
349.8	NaN	708	NaN	651.7213658	-18	357	37	33	0	404	24	8099	14	7083	51	8126	32	7192	12.181	1.176
349.9	NaN	702	NaN	651.5856585	11	363	33	26	0	404	6	7566	7	7447	13	7542	16	7434	12.296	0.16
350	NaN	734	NaN	651.4499512	33	361	30	27	0	405	2	7161	6	7770	7	7072	14	7773	12.22	-0.266
350.1	NaN	690	NaN	651.3142439	49	361	45	41	0	404	11	7122	37	8013	25	7081	84	8008	12.146	1.159
350.2	NaN	693	NaN	651.1785366	45	363	50	47	0	406	17	7334	51	8298	38	7246	115	8315	12.347	1.784
350.3	NaN	732	NaN	651.0428292	45	360	51	48	0	406	18	7840	52	8356	40	7770	117	8476	12.624	2.769
350.4	NaN	697	NaN	650.9071219	43	358	50	48	0	407	18	7538	52	8566	40	7576	116	8710	12.894	4.182
350.5	NaN	698	NaN	650.7714146	33	365	51	48	0	407	22	8034	49	8661	48	8231	108	8846	13.224	4.685
350.6	NaN	692	NaN	650.6357073	8	363	50	48	0	407	31	8085	40	8735	66	8694	88	9037	13.543	4.237
350.7	NaN	697	NaN	643	-7	360	46	41	0	404	31	8862	29	8622	67	8839	62	8742	14.028	3.227
350.8	NaN	695	NaN	674	-12	360	41	36	0	406	22	8971	18	8610	47	8909	38	8704	14.291	1.655
350.9	NaN	703	NaN	674	-23	363	47	49	0	405	38	9432	22	8753	80	9399	46	8817	14.529	3.318
351	NaN	681	NaN	689	-29	357	47	49	0	405	44	9611	24	8790	95	9543	51	8905	14.865	5.577
351.1	NaN	643	NaN	604	-29	358	71	73	0	404	93	10552	49	9963	188	10265	99	9454	15.364	6.633
351.2	NaN	640	NaN	611	-31	360	82	82	0	405	100	10846	52	11991	207	10498	101	10143	16.035	7.202
351.3	NaN	632	NaN	647	1	360	100	100	0	407	55	10620	54	11438	110	10700	107	10522	16.702	7.31
351.4	NaN	625	NaN	605	8	359	100	100	0	407	47	10659	57	10809	93	10672	114	10844	17.225	5.99
351.5	NaN	650	NaN	604	5	359	100	100	0	407	37	11058	41	11205	71	10991	80	11244	17.721	5.256
351.6	NaN	684	NaN	620	0	362	100	100	0	405	30	11360	37	11271	68	11210	75	11368	18.221	4.214
351.7	NaN	677	NaN	622	0	363	100	100	0	407	25	11558	28	11490	50	11483	47	11539	18.497	3.342
351.8	NaN	662	NaN	621	2	363	100	100	0	407	27	11595	22	11515	51	11551	50	11582	18.756	2.522
351.9	NaN	676	NaN	650	3	360	100	100	0	405	20	11729	21	11672	38	11664	39	11712	18.876	1.389
352	NaN	677	NaN	656	4	361	100	100	0	404	16	11822	16	11642	31	11694	31	11756	19.023	1.882
352.1	NaN	669	NaN	651	1	363	100	100	0	406	15	11850	16	11795	29	11774	31	11822	19.108	2.689
352.2	NaN	708	NaN	724	2	358	100	100	0	406	14	11892	15	11754	25	11749	27	11831	19.181	1.303
352.3	NaN	678	NaN	667	3	360	100	100	0	407	14	11885	15	11855	26	11786	28	11876	19.213	0.269
352.4	NaN	682	NaN	675	3	358	100	100	0	404	12	11900	13	11818	23	11784	23	11910	19.26	-0.164
352.5	NaN	693	NaN	682	5	359	100	100	0	405	13	11928	14	11876	23	11802	23	11880	19.303	1.298
352.6	NaN	688	NaN	654	2	357	100	100	0	405	13	11926	13	11835	23	11785	26	11912	19.333	0.082
352.7	NaN	683	NaN	653	3	360	100	100	0	407	12	11983	13	11885	20	11847	23	11939	19.325	-1.033
352.8	NaN	689	NaN	656	2	357	100	100	0	406	11	11985	12	11890	22	11829	23	11978	19.349	-0.435
352.9	NaN	663	NaN	673	5	363	100	100	0	405	10	11945	11	11856	18	11812	21	11931	19.355	-0.688
353	NaN	680	NaN	668	3	358	100	100	0	405	11	11952	12	11868	22	11844	24	12002	19.353	-0.935
353.1	NaN	678	NaN	661	3	360	100	100	0	404	11	11966	12	11877	20	11825	22	11957	19.36	-0.63
353.2	NaN	673	NaN	688	4	360	100	100	0	405	14	11955	13	11929	24	11828	27	12007	19.37	0.161
353.3	NaN	681	NaN	679	4	361	100	100	0	405	11	11967	13	11891	20	11824	25	11991	19.364	0.799
353.4	NaN	680	NaN	684	3	360	100	100	0	405	12	11932	13	11940	22	11868	24	12037	19.371	0.029
353.5	NaN	677	NaN	665	5	360	100	100	0	406	12	11966	13	11901	20	11805	22	11990	19.382	0.85
353.6	NaN	670	NaN	665	6	358	100	100	0	406	11	11962	13	11995	23	11895	25	12009	19.39	1.073
353.7	NaN	665	NaN	667	5	361	100	100	0	405	11	11983	13	11930	19	11878	24	12029	19.401	0.706
353.8	NaN	665	NaN	689	3	360	100	100	0	407	11	11974	12	11994	22	11897	24	12010	19.395	0.249
353.9	NaN	670	NaN	673	3	357	100	100	0	406	9	11980	11	11936	19	11876	20	12005	19.387	0.267
354	NaN	679	NaN	659	3	359	100	100	0	405	12	11987	11	11983	21	11884	22	11990	19.382	0.091
354.1	NaN	675	NaN	648	2	356	100	100	0	404	9	11984	11	11891	18	11870	20	11955	19.374	-0.387
354.2	NaN	670	NaN	674	2	363	100	100	0	404	10	11971	10	11914	19	11882	20	11926	19.363	-0.532
354.3	NaN	665	NaN	664	0	361	100	100	0	404	12	12000	12	11828	22	11870	22	11922	19.355	-0.163
354.4	NaN	668	NaN	664	0	362	100	100	0	405	11	11985	11	11840	19	11911	19	11911	19.345	0.035
354.5	NaN	684	NaN	664	-2	362	100	100	0	405	14	12029	12	11802	26	11877	25	11915	19.336	-0.01
354.6	NaN	669	NaN	658	-2	364	100	100	0	404	11	12047	10	11820	23	11916	21	11905	19.34	-0.551
354.7	NaN	679	NaN	665	-7	359	100	100	0	404	16	12150	14	11783	31	11970	26	11872	19.354	-0.111
354.8	NaN	689	NaN	659	-8	358	100	100	0	405	16	12146	13	11736	29	12014	23	11832	19.376	1.006
354.9	NaN	707	NaN	673	-8	358	100	100	0	404	16	12156	14	11826	31	12067	28	11886	19.388	0.643
355	NaN	725	NaN	644	-7	362	100	100	0	405	16	12171	12	11744	29	12026	23	11862	19.394	-0.656
355.1	NaN	686	NaN	648	-5	363	100	100	0	407	16	12192	15	11828	31	12143	26	11902	19.431	-0.861
355.2	NaN	657	NaN	666	-4	363	100	100	0	404	15	12148	13	11787	27	12050	21	11897	19.439	-0.949
355.3	NaN	672	NaN	689	-3	364	100	100	0	405	12	12116	12	11892	25	12019	23	11934	19.441	-1.307
355.4	NaN	675	NaN	673	-4	360	100	100	0	402	11	12078	10	11819	24	12005	21	11945	19.445	-1.02
355.5	NaN	661	NaN	698	-1	361	100	100	0	404	11	12079	12	11936	23	11963	20	11942	19.427	-0.67
355.6	NaN	675	NaN	656	0	358	100	100	0	407	12	12060	11	11866	24	11975	23	11980	19.411	-0.186
355.7	NaN	671	NaN	678	1	360	100	100	0	407	9	11989	11	11902	16	11889	17	11946	19.394	0.076
355.8	NaN	674	NaN	655	2	358	96	91	0	406	11	12009	10	11862	20	11843	22	11949	19.373	0.264
355.9	NaN	661	NaN	669	4	364	24	19	0	405	10	11962	11	11927	18	11867	18	11932	19.306	-0.81
356	NaN	695	NaN	666	4	358	0	0	0	402	-19	11758	-16	11645	-14	11563	-12	11629	19.185	-2.469
356.1	NaN	641	NaN	662.3666667	3	359	0	0	0	403	-39	11411	-38	11421	-28	11296	-27	11383	18.821	-4.335
356.2	NaN	645	NaN	660.2333333	5	362	0	0	0	404	-41	11124	-40	11126	-29	10822	-29	11092	18.301	-5.182
356.3	NaN	651	NaN	658.1	4	359	0	0	0	403	-41	10688	-39	10803	-30	10631	-30	10732	17.819	-5.556
356.4	NaN	644	NaN	655.9666667	3	363	0	0	0	403	-40	10480	-39	10495	-30	10345	-30	10449	17.234	-5.774
356.5	NaN	639	NaN	653.8333333	1	360	0	0	0	402	-40	10308	-40	10325	-30	10202	-30	10267	16.77	-4.907
356.6	NaN	638	NaN	651.7	-3	358	0	0	0	404	-39	9940	-40	9765	-31	9741	-31	9748	16.204	-4.056
356.7	NaN	643	NaN	649.5666667	0	357	0	0	0	405	-39	9750	-39	9539	-30	9528	-31	9482	15.761	-4.732
356.8	NaN	649	NaN	647.4333333	2	357	0	0	0	404	-40	9287	-39	9268	-32	9141	-31	9081	15.096	-4.552
356.9	NaN	639	NaN	645.3	1	363	0	0	0	404	-39	9048	-38	9039	-32	9026	-31	9032	14.6	-4.544
357	NaN	645	NaN	643.1666667	15	362	0	0	0	405	-41	8348	-36	8646	-35	8283	-30	8714	14.098	-5.502
357.1	NaN	638	NaN	641.0333333	15	367	0	0	0	404	-41	8267	-36	8536	-34	8155	-30	8551	13.598	-4.904
357.2	NaN	647	NaN	638.9	15	378	0	0	0	412	-40	7767	-35	8175	-36	7175	-30	7614	13.036	-3.7
357.3	NaN	655	NaN	636.7666667	24	402	0	0	0	424	-42	7329	-33	8028	-35	7423	-29	7942	12.486	-4.698
357.4	NaN	677	NaN	634.6333333	42	427	0	0	0	452	-45	6303	-30	7519	-40	3673	-26	7594	11.834	-6.924
357.5	NaN	659	NaN	686	44	403	0	0	0	424	-45	6066	-30	7337	-41	775	-26	7345	11.386	-5.75
357.6	NaN	681	NaN	701	55	359	12	10	0	402	-30	5732	-16	6897	-1	-31	-13	6916	10.835	-4.012
357.7	NaN	718	NaN	628	50	362	28	26	0	404	0	5680	0	7025	0	273	1	7018	10.254	-1.879
357.8	NaN	722	NaN	660	41	362	37	37	0	407	6	5352	20	6706	16	5625	52	6931	10.01	1.678
357.9	NaN	692	NaN	576	27	359	47	47	0	405	21	5827	40	6790	49	6576	101	7215	9.848	4.845
358	NaN	650.45	NaN	587	17	363	46	43	0	407	24	5837	35	6679	57	8780	79	7004	9.934	3.082
358.1	NaN	652.9	NaN	627	51	362	20	17	0	407	-3	5388	-2	6252	-3	6052	-2	6489	9.96	-0.336
358.2	NaN	655.35	NaN	688	58	366	30	30	0	405	1	5231	6	6030	3	5370	22	6292	9.682	-1.487
358.3	NaN	657.8	NaN	677	53	363	34	34	0	407	4	5262	19	6116	11	5367	45	6367	9.367	0.379
358.4	NaN	660.25	NaN	684	53	364	35	34	0	406	5	5307	21	6120	12	5427	48	6216	9.32	1.076
358.5	NaN	662.7	NaN	647.375	60	363	27	23	0	406	0	5183	2	5966	1	5218	6	5996	9.266	0.213
358.6	NaN	665.15	NaN	648.3833333	67	363	26	21	0	407	0	5213	0	5825	0	5140	0	5928	9.101	-1.751
358.7	NaN	667.6	NaN	649.3916667	65	361	34	32	0	407	3	4995	20	6098	7	4880	46	6089	8.829	-1.762
358.8	NaN	670.05	NaN	650.4	66	363	35	34	0	407	3	4971	23	6078	7	4894	54	6076	8.877	0.83
358.9	NaN	674	NaN	651.4083333	62	360	48	47	0	404	8	5174	52	6412	20	5074	124	6399	9.089	2.581
359	NaN	748	NaN	652.4166667	65	359	51	49	0	404	9	5294	59	6455	21	5249	139	6492	9.427	3.709
359.1	NaN	668	NaN	653.425	59	362	59	58	0	406	14	5705	79	7047	35	5615	192	7212	9.828	5.027
359.2	NaN	675	NaN	654.4333333	57	362	60	60	0	407	16	6048	79	7187	39	5967	186	7247	10.273	4.441
359.3	NaN	671	NaN	655.4416667	17	359	65	65	0	406	45	7430	66	7415	106	8106	149	7783	10.852	7.17
359.4	NaN	673.146875	NaN	656.45	13	363	65	65	0	407	48	7377	65	7371	110	7448	149	7621	11.551	9.042
359.5	NaN	677.26875	NaN	657.4583333	17	360	72	70	0	405	52	8776	79	8039	114	8068	179	8008	12.322	7.476
359.6	NaN	681.390625	NaN	658.4666667	20	364	72	70	0	406	51	8428	81	8115	115	7953	179	8246	12.914	9.737
359.7	NaN	685.5125	NaN	659.475	21	362	74	73	0	406	54	9334	88	9315	120	8542	193	9189	13.711	8.843
359.8	NaN	689.634375	NaN	660.4833333	19	363	75	73	0	404	58	10462	90	9268	124	9062	193	9378	14.634	8.401
359.9	NaN	693.75625	NaN	661.4916667	9	360	65	62	0	409	54	9561	65	9913	116	9660	132	10079	15.262	6.714
360	NaN	697.878125	NaN	636	1	360	21	17	0	406	-2	9681	-1	9668	-3	9530	50	9974	15.864	0.177
360.1	NaN	679	NaN	652.5703125	-4	361	0	0	0	404	-22	9596	-22	9475	-17	9575	-18	9441	15.635	-3.865
360.2	NaN	648	NaN	650.203125	-11	360	0	0	0	403	-37	9454	-41	9069	-30	9387	-33	8980	15.234	-4.866
360.3	NaN	655	NaN	647.8359375	-25	362	0	0	0	401	-34	9192	-44	8478	-28	9100	-35	8213	14.724	-4.366
360.4	NaN	679	NaN	645.46875	-26	362	9	12	0	402	-17	8976	-22	8123	-14	8907	-19	7594	14.069	-5.197
360.5	NaN	683	NaN	643.1015625	-30	357	9	7	0	403	-18	8894	-25	7739	-16	8820	-21	7741	13.651	-3.907
360.6	NaN	683	NaN	640.734375	-29	361	9	9	0	402	-18	8413	-24	7503	-15	8377	-20	7271	13.152	-3.136
360.7	NaN	689	NaN	638.3671875	-33	356	9	10	0	402	-17	8330	-24	7058	-15	8234	-21	6570	12.8	-2.563
360.8	NaN	724	NaN	614	-21	363	27	28	0	405	4	8046	2	7153	8	7983	6	7170	12.381	-0.269
360.9	NaN	739	NaN	625	-26	362	27	26	0	404	4	8009	2	7109	7	7889	5	7168	12.197	-1.329
361	NaN	758	NaN	635	-50	358	26	25	0	403	1	7740	0	6776	2	7705	1	6825	11.954	-2.373
361.1	NaN	762	NaN	637	-50	358	26	24	0	403	-0	7652	0	6748	-0	7549	0	6769	11.715	-2.397
361.2	NaN	764	NaN	640	-54	360	16	13	0	404	-4	7534	-6	6312	-3	7515	-5	6354	11.431	-2.934
361.3	NaN	706	NaN	638.8261719	-54	359	13	10	0	404	-9	7345	-17	6208	-8	7281	-14	5936	11.114	-2.883
361.4	NaN	751	NaN	645	-54	361	18	20	0	405	-2	7124	-3	5871	-2	7001	-3	5807	10.704	-3.359
361.5	NaN	751	NaN	629	-53	359	26	29	0	402	1	7004	0	5777	4	6960	0	5537	10.468	-2.066
361.6	NaN	682	NaN	713	-51	361	44	48	0	403	39	7221	10	5625	95	7304	23	5880	10.331	1.912
361.7	NaN	675	NaN	664	-47	357	46	49	0	402	51	7312	14	5904	119	7614	30	6411	10.323	3.85
361.8	NaN	698	NaN	661	6	358	35	37	0	405	16	6882	16	5949	37	7067	38	6765	10.393	1.435
361.9	NaN	693.5610795	NaN	633	27	361	27	19	0	405	0	6139	2	6156	0	6114	5	6165	10.348	-0.726
362	NaN	691.3049716	NaN	621	37	363	47	44	0	404	17	5979	39	6858	38	5987	95	6971	10.422	0.303
362.1	NaN	689.0488636	NaN	625	46	362	41	35	0	406	9	6151	27	6857	21	6110	64	6943	10.562	1.22
362.2	NaN	686.7927557	NaN	650	55	363	39	34	0	407	6	6087	25	6914	14	6045	58	7030	10.613	0.149
362.3	NaN	684.5366477	NaN	605	53	358	39	33	0	406	6	6036	25	7096	15	6045	58	7107	10.641	-0.342
362.4	NaN	682.2805398	NaN	630.8977865	64	359	34	29	0	405	2	5954	16	6924	6	5921	39	7007	10.607	-0.932
362.5	NaN	680.0244318	NaN	623.1988932	64	364	35	32	0	406	3	5912	19	7013	7	5866	46	7041	10.533	-1.883
362.6	NaN	677.7683239	NaN	608	64	363	38	35	0	407	4	5843	26	6988	10	5861	60	7095	10.484	-0.837
362.7	NaN	675.5122159	NaN	564	63	360	46	43	0	407	7	5917	45	7091	16	5892	103	7153	10.49	0.463
362.8	NaN	673.256108	NaN	601	64	362	46	44	0	407	7	5954	47	7257	18	5990	110	7294	10.615	1.091
362.9	NaN	699	NaN	600	50	359	47	45	0	406	13	6093	46	7341	31	8385	110	7553	10.796	1.877
363	NaN	743	NaN	646	42	359	47	46	0	406	15	6126	45	7419	35	9780	104	7687	10.928	2.089
363.1	NaN	710	NaN	628.6591146	39	359	50	49	0	406	19	6385	50	7594	43	7085	113	8016	11.144	2.188
363.2	NaN	699	NaN	625.3693359	26	362	52	51	0	404	25	6767	47	7533	57	7313	107	7777	11.422	2.659
363.3	NaN	746	NaN	622.0795573	15	360	54	52	0	406	33	8286	46	7555	75	8300	107	7737	11.827	3.295
363.4	NaN	690	NaN	618.7897786	32	363	54	51	0	408	27	7427	53	7725	60	7418	116	7744	12.213	3.869
363.5	NaN	645	NaN	651	49	360	52	48	0	406	17	7514	55	8251	38	7390	125	8305	12.551	2.909
363.6	NaN	673	NaN	617	45	358	52	50	0	407	18	7491	57	8438	41	7453	124	8449	12.748	2.978
363.7	NaN	679	NaN	622.8328722	26	360	52	51	0	407	26	7868	52	8685	57	7980	111	8834	13.053	4.18
363.8	NaN	680	NaN	621.5662977	6	362	46	44	0	408	27	8011	41	8577	59	8009	91	8759	13.449	4.476
363.9	NaN	676	NaN	620.2997233	-12	361	36	32	0	407	16	8597	13	8348	34	8505	27	8378	13.642	2.016
364	NaN	669	NaN	619.0331489	-11	360	33	30	0	405	9	8649	7	8311	21	8565	15	8291	13.739	-0.265
364.1	NaN	669	NaN	617.7665744	-26	359	35	34	0	406	16	8688	9	8143	34	8613	20	8253	13.715	-0.651
364.2	NaN	654	NaN	636	-38	363	40	42	0	405	23	8881	9	8000	50	8815	20	8062	13.687	-0.994
364.3	NaN	649	NaN	676	-37	359	42	44	0	402	35	9017	15	7984	75	9020	32	8117	13.72	-0.454
364.4	NaN	665	NaN	699	-36	357	44	46	0	402	40	9187	17	8082	88	9258	38	8296	13.856	1.861
364.5	NaN	660	NaN	614	-30	361	50	51	0	402	47	9300	25	8291	106	9368	55	8511	14.083	2.992
364.6	NaN	655	NaN	589	-19	358	49	51	0	405	46	9378	29	8541	97	9406	61	8659	14.379	4.324
364.7	NaN	654	NaN	604	-12	359	50	51	0	407	43	9448	32	9254	90	9363	68	8844	14.724	4.037
364.8	NaN	656	NaN	597	-1	357	49	44	0	405	33	9501	33	9199	70	9468	68	9294	15.085	3.182
364.9	NaN	676	NaN	600	6	358	44	38	0	407	28	9523	29	9303	59	9498	58	9371	15.286	2.343
365	NaN	677	NaN	638	17	361	39	33	0	406	12	9257	20	9663	27	9222	40	9728	15.372	0.805
365.1	NaN	669	NaN	619	20	360	43	42	0	407	15	9254	23	9739	31	9206	49	9776	15.466	1.442
365.2	NaN	656	NaN	574	28	363	49	47	0	406	24	9424	45	10072	49	9357	93	10128	15.64	2.23
365.3	NaN	663	NaN	606	31	359	49	47	0	407	24	9553	46	10093	49	9498	95	10194	15.866	2.578
365.4	NaN	642	NaN	570	27	363	50	47	0	405	25	9810	47	10319	50	9699	96	10485	16.1	2.411
365.5	NaN	703	NaN	582	26	362	49	48	0	405	25	10006	47	10418	51	9719	96	10495	16.329	2.637
365.6	NaN	645	NaN	610	5	359	52	51	0	408	38	10282	43	10454	76	10240	84	10552	16.643	3.5
365.7	NaN	642	NaN	621	3	362	53	52	0	406	40	10451	43	10470	80	10432	86	10594	16.938	3.939
365.8	NaN	619	NaN	632	-4	364	59	57	0	407	50	11055	44	10836	98	10971	84	10904	17.351	2.785
365.9	NaN	651	NaN	629	-8	362	61	60	0	406	48	11220	41	10865	95	11160	80	11009	17.851	2.792
366	NaN	662	NaN	642	-11	356	64	64	0	406	41	11583	33	11194	77	11527	64	11328	18.179	2.843
366.1	NaN	649	NaN	644	-13	358	64	64	0	405	36	11753	28	11291	67	11620	53	11274	18.494	2.168
366.2	NaN	659	NaN	667	-12	360	75	77	0	403	36	11945	28	11314	70	11884	53	11467	18.662	0.56
366.3	NaN	638	NaN	650	-11	361	90	91	0	404	30	11975	25	11492	56	11870	42	11522	18.877	0.393
366.4	NaN	667	NaN	626	-11	359	100	100	0	405	29	12063	23	11440	52	11973	41	11612	19.008	1.048
366.5	NaN	674	NaN	684	-8	360	100	100	0	402	26	12058	22	11616	48	11948	39	11671	19.094	1.058
366.6	NaN	666	NaN	670	-5	360	100	100	0	405	21	12082	19	11601	41	11939	35	11722	19.162	0.829
366.7	NaN	693	NaN	655	-6	356	100	100	0	404	21	12024	19	11704	38	11932	33	11779	19.188	-0.293
366.8	NaN	657	NaN	653	-4	362	100	100	0	405	20	12040	17	11669	38	11899	35	11789	19.226	0.005
366.9	NaN	676	NaN	645	-2	361	100	100	0	405	17	11977	17	11768	32	11928	25	11792	19.264	-0.312
367	NaN	662	NaN	636	-1	360	100	100	0	404	16	11958	17	11763	32	11848	32	11833	19.27	-0.104
367.1	NaN	651	NaN	672	4	359	100	100	0	405	13	11896	14	11910	23	11762	24	11898	19.259	-0.412
367.2	NaN	653	NaN	629	3	358	100	100	0	405	14	11882	16	11863	27	11763	30	11925	19.258	-0.129
367.3	NaN	673	NaN	668	3	360	100	100	0	405	12	11899	13	11897	22	11791	24	11908	19.262	-0.197
367.4	NaN	662	NaN	653	5	361	100	100	0	405	15	11875	16	11886	28	11767	32	11941	19.267	-0.273
367.5	NaN	673	NaN	702	5	357	100	100	0	404	13	11888	15	11901	24	11769	26	11916	19.277	-0.445
367.6	NaN	659	NaN	627	5	359	100	100	0	406	14	11849	17	11937	28	11764	32	11973	19.275	-0.107
367.7	NaN	675	NaN	678	5	361	100	100	0	405	13	11896	14	11887	23	11794	24	11928	19.271	0.096
367.8	NaN	666	NaN	637	7	358	100	100	0	404	15	11874	16	11937	27	11803	30	11968	19.288	0.504
367.9	NaN	662	NaN	642	3	358	100	100	0	404	13	11857	13	11857	22	11801	24	11898	19.289	0.287
368	NaN	675	NaN	655	6	363	100	100	0	407	12	11905	16	11922	24	11746	31	11951	19.262	-0.017
368.1	NaN	655	NaN	676	3	358	100	100	0	407	12	11868	14	11841	24	11792	26	11894	19.251	-0.174
368.2	NaN	657	NaN	647	5	359	100	100	0	406	14	11886	14	11834	25	11758	28	11952	19.251	-0.072
368.3	NaN	652	NaN	633	5	363	100	100	0	405	13	11894	14	11777	23	11794	24	11905	19.249	0.174
368.4	NaN	662	NaN	640	8	363	100	100	0	405	14	11786	17	11873	27	11696	32	11975	19.246	0.308
368.5	NaN	656	NaN	675	7	362	100	100	0	407	12	11836	14	11849	24	11792	26	11978	19.258	0.583
368.6	NaN	681	NaN	655	7	358	100	100	0	407	15	11844	17	11944	27	11706	31	12013	19.274	-0.055
368.7	NaN	646	NaN	624	5	362	90	86	0	406	13	11826	16	11914	24	11761	27	12010	19.276	-0.252
368.8	NaN	697	NaN	623	7	362	7	1	0	405	-7	11762	-7	11838	-5	11592	-4	11853	19.182	-2.123
368.9	NaN	666	NaN	698	4	358	0	0	0	405	-18	11696	-17	11681	-13	11495	-12	11681	18.771	-5.412
369	NaN	625	NaN	657	5	362	0	0	0	403	-40	11156	-37	11203	-29	10961	-28	11114	18.257	-5.266
369.1	NaN	622	NaN	667	5	359	0	0	0	404	-40	11087	-39	10934	-30	10910	-29	10972	17.732	-5.173
369.2	NaN	631	NaN	672	3	396	0	0	0	428	-40	10373	-39	10316	-31	10286	-30	10500	17.112	-5.653
369.3	NaN	623	NaN	710	6	382	0	0	0	416	-41	10302	-39	10240	-31	10196	-30	10257	16.587	-5.817
369.4	NaN	626	NaN	666	4	507	0	0	0	503	-40	9648	-38	9696	-32	9479	-30	9708	15.92	-7.004
369.5	NaN	631	NaN	653	4	554	0	0	0	533	-40	9464	-39	9469	-32	9369	-31	9457	15.215	-7.918
369.6	NaN	636	NaN	650	5	405	0	0	0	435	-40	8641	-37	8825	-33	8632	-31	8781	14.419	-5.995
369.7	NaN	636	NaN	647	7	374	0	0	0	404	-40	8427	-37	8678	-33	8431	-31	8628	14.06	-4.903
369.8	NaN	626	NaN	644	6	360	0	0	0	403	-39	8050	-37	8171	-33	7999	-31	8182	13.573	-6.102
369.9	NaN	644	NaN	641	6	359	0	0	0	402	-39	7979	-36	8007	-33	7726	-31	8007	13.072	-6.821
370	NaN	656	NaN	638	9	361	0	0	0	403	-39	7382	-35	7630	-34	7395	-31	7524	12.525	-6.367
370.1	NaN	677	NaN	635	8	364	0	0	0	405	-41	6997	-34	7376	-36	7093	-29	7280	11.947	-5.406
370.2	NaN	637	NaN	632	39	363	0	0	0	406	-45	6318	-30	7252	-40	2756	-27	7256	11.438	-7.335
370.3	NaN	671	NaN	629	72	357	0	0	0	404	-50	5137	-24	6723	-45	4568	-21	6902	10.742	-6.97
370.4	NaN	674	NaN	646	46	358	9	8	0	406	-33	5352	-17	6720	0	-172	-17	6664	10.235	-4.224
370.5	NaN	641	NaN	685	40	363	32	30	0	405	4	5361	12	6552	10	5218	29	6635	9.627	-0.781
370.6	NaN	641.5	NaN	645	40	362	33	32	0	406	5	5361	15	6357	12	5628	35	6479	9.549	0.216
370.7	NaN	642	NaN	621	44	363	40	40	0	406	10	5442	31	6538	24	5527	73	6611	9.531	1.9
370.8	NaN	642.5	NaN	574	48	360	47	46	0	407	13	5852	40	6462	29	5646	106	6673	9.811	3.163
370.9	NaN	643	NaN	554	41	363	67	65	0	408	30	6144	84	7059	72	6472	198	7331	10.311	5.903
371	NaN	674	NaN	642	40	360	67	63	0	406	32	7606	83	7891	74	6355	188	7350	10.861	5.87
371.1	NaN	605	NaN	585	32	361	65	63	0	408	39	6981	73	7840	87	8377	183	7882	11.52	5.59
371.2	NaN	628	NaN	563	26	361	64	61	0	408	37	7852	69	7872	84	7026	170	8034	12.148	7.233
371.3	NaN	690	NaN	633	5	363	43	38	0	406	21	7828	24	8043	47	7805	53	8092	12.764	3.43
371.4	NaN	699	NaN	684	-3	359	42	39	0	406	23	7974	23	7993	51	7935	49	8064	12.987	1.361
371.5	NaN	659	NaN	643	-24	359	43	44	0	404	31	8554	19	7996	70	8512	43	8051	13.236	2.275
371.6	NaN	668	NaN	657	-34	360	50	52	0	405	40	8723	18	7969	89	8681	40	8079	13.547	0.531
371.7	NaN	631	NaN	631	-45	362	58	57	0	405	68	9464	24	8428	147	9484	53	8743	13.976	0.503
371.8	NaN	647	NaN	616	-39	362	58	58	0	405	72	9646	27	8553	154	9636	57	8568	14.212	4.416
371.9	NaN	681	NaN	674	-18	358	41	41	0	401	30	9559	17	8769	63	9544	37	9003	14.481	3.339
372	NaN	669	NaN	636.3333333	14	361	47	46	0	405	25	9497	24	8732	54	9551	72	9247	14.688	2.856
372.1	NaN	653.6428571	NaN	638.6666667	20	360	54	51	0	407	33	9285	49	9730	68	9321	105	9824	15.081	5.189
372.2	NaN	654.2857143	NaN	641	32	360	68	65	0	404	44	10265	82	10216	90	9481	168	10229	15.553	7.024
372.3	NaN	654.9285714	NaN	643.3333333	42	363	72	69	0	407	38	11285	100	11096	77	9967	203	10750	16.082	6.742
372.4	NaN	655.5714286	NaN	645.6666667	42	360	72	69	0	405	35	12724	89	11077	71	10326	178	10896	16.882	6.378
372.5	NaN	656.2142857	NaN	648	32	360	72	69	0	407	36	12598	74	11283	70	10584	141	11240	17.376	6.707
372.6	NaN	656.8571429	NaN	650.3333333	31	363	72	69	0	407	32	12372	60	11349	61	10919	112	11384	17.82	4.841
372.7	NaN	675	NaN	652.6666667	17	363	87	86	0	406	34	11116	47	11524	65	11053	94	11635	18.165	2.861
372.8	NaN	655	NaN	655	17	359	100	100	0	406	30	11353	42	11508	56	11167	72	11674	18.43	2.203
372.9	NaN	640	NaN	657.3333333	12	364	100	100	0	406	29	11324	37	11649	56	11314	68	11740	18.61	2.627
373	NaN	650	NaN	659.6666667	-4	359	100	100	0	406	23	11648	24	11525	43	11593	43	11663	18.793	2.583
373.1	NaN	670	NaN	640	-5	357	100	100	0	405	20	11751	19	11546	39	11678	38	11611	18.926	0.142
373.2	NaN	682	NaN	627	-7	360	100	100	0	405	23	11855	22	11593	43	11826	39	11703	19.022	-0.053
373.3	NaN	673	NaN	638	-7	360	100	100	0	405	20	11908	18	11599	38	11834	33	11650	19.091	-1.432
373.4	NaN	664	NaN	648	-8	361	100	100	0	404	24	12082	20	11607	46	11993	36	11748	19.134	-1.972
373.5	NaN	659	NaN	662	-7	363	100	100	0	404	19	12063	15	11652	35	12013	29	11674	19.121	-0.713
373.6	NaN	645	NaN	648	-7	358	100	100	0	405	21	12012	18	11627	40	11926	35	11784	19.145	0.903
373.7	NaN	643	NaN	689	-8	357	100	100	0	405	18	11974	16	11640	35	11889	30	11684	19.207	0.064
373.8	NaN	656	NaN	658	-5	362	100	100	0	406	20	12011	18	11706	37	11891	33	11794	19.178	-0.666
373.9	NaN	664	NaN	656	0	358	100	100	0	407	15	11979	16	11803	30	11838	26	11756	19.17	-0.588
374	NaN	727	NaN	623	-1	360	0	0	0	406	-8	11799	-7	11645	-4	11525	-5	11601	19.017	-0.687
374.1	NaN	669	NaN	646.3846154	0	362	0	0	0	403	-25	11468	-25	11332	-18	11411	-18	11432	18.767	-2.648
374.2	NaN	656	NaN	644.7692308	6	376	0	0	0	408	-41	11126	-40	11016	-30	10987	-29	11071	18.28	-5.55
374.3	NaN	659	NaN	643.1538462	1	457	0	0	0	469	-42	10748	-40	10683	-31	10525	-30	10655	17.555	-7.474
374.4	NaN	629	NaN	641.5384615	2	359	0	0	0	401	-40	10321	-39	10169	-31	10152	-30	10214	17.005	-6.769
374.5	NaN	632	NaN	639.9230769	10	363	0	0	0	403	-41	9981	-38	9969	-32	9761	-30	9977	16.164	-5.613
374.6	NaN	634	NaN	638.3076923	10	378	0	0	0	408	-41	9439	-37	9619	-32	9296	-30	9595	15.559	-6.366
374.7	NaN	640	NaN	636.6923077	10	512	0	0	0	517	-42	9030	-37	9298	-33	8833	-29	9183	14.837	-7.895
374.8	NaN	632	NaN	635.0769231	12	581	0	0	0	547	-40	8238	-36	8619	-35	8148	-30	8651	13.99	-7.946
374.9	NaN	643	NaN	633.4615385	11	509	0	0	0	452	-40	7891	-36	8295	-34	7742	-30	8194	13.308	-7.491
375	NaN	648	NaN	631.8461538	9	452	0	0	0	442	-40	7774	-35	8000	-34	7648	-30	8013	12.718	-6.28
375.1	NaN	642	NaN	630.2307692	-18	360	0	0	0	402	-36	7415	-39	7390	-31	7336	-35	7145	12.089	-5.519
375.2	NaN	652	NaN	628.6153846	-29	357	0	0	0	402	-33	7506	-42	6842	-29	7408	-37	6623	11.584	-4.927
375.3	NaN	726	NaN	617	-45	358	14	17	0	404	-6	7248	-10	6296	-5	7173	-9	6227	11.058	-3.083
375.4	NaN	732	NaN	628	-46	358	15	17	0	403	-6	7263	-9	6161	-5	7136	-8	6058	10.87	-1.281
375.5	NaN	687	NaN	682	-43	358	40	43	0	403	34	7301	12	6222	79	7202	28	6303	10.814	1.222
375.6	NaN	712	NaN	689	-39	362	40	43	0	403	34	7327	12	6317	77	7307	29	6399	11.035	1.765
375.7	NaN	669	NaN	674	6	361	37	29	0	406	11	7031	12	6818	24	6958	28	6848	11.257	1.135
375.8	NaN	655.2777778	NaN	668	16	362	37	31	0	407	9	6884	14	6979	22	6865	42	7172	11.304	0.388
375.9	NaN	654.5555556	NaN	680	56	360	30	27	0	405	2	6501	9	7226	5	6516	21	7300	11.3	-1.096
376	NaN	653.8333333	NaN	632	59	366	27	24	0	408	0	6383	-0	7255	-0	6242	-0	7272	11.088	-2.371
376.1	NaN	653.1111111	NaN	626	58	359	22	20	0	408	-0	6103	0	7101	0	6034	-0	7108	10.759	-2.481
376.2	NaN	652.3888889	NaN	632	59	361	22	23	0	404	-0	6017	-0	6951	-0	5894	-0	6951	10.522	-2.31
376.3	NaN	651.6666667	NaN	631	71	365	23	23	0	406	-0	5745	-0	6641	-0	5727	0	6747	10.233	-2.409
376.4	NaN	650.9444444	NaN	630	72	362	24	25	0	405	0	5616	0	6562	0	5475	0	6641	9.962	-2.851
376.5	NaN	650.2222222	NaN	599	69	363	44	44	0	405	5	5561	44	6731	12	5506	103	6854	9.879	0.671
376.6	NaN	666	NaN	588	61	362	53	54	0	405	12	5652	65	7066	29	5786	161	7144	10.138	3.152
376.7	NaN	685	NaN	580	58	363	60	61	0	405	16	6211	83	7399	39	6137	197	7591	10.552	5.956
376.8	NaN	705	NaN	614	54	362	60	61	0	404	19	7181	81	7772	43	6432	185	7745	10.89	7.311
376.9	NaN	680	NaN	591	52	363	61	61	0	406	21	6879	80	7684	49	6913	177	8019	11.294	6.575
377	NaN	601	NaN	614	37	358	69	69	0	407	36	8683	87	8419	81	7739	201	8374	11.771	7.231
377.1	NaN	579	NaN	575	30	362	81	83	0	407	56	10906	108	9363	126	10185	201	9039	12.305	7.626
377.2	NaN	594	NaN	537	-1	360	92	93	0	409	100	12105	89	8581	180	15496	195	9153	13.139	7.395
377.3	NaN	562	NaN	637	8	361	95	95	0	407	96	15808	99	9394	184	15264	198	9214	13.925	7.895
377.4	NaN	587	NaN	551	6	359	100	100	0	409	91	18010	92	9677	164	14824	206	9810	14.85	11.171
377.5	NaN	602	NaN	554	3	358	100	100	0	405	68	20596	79	10030	134	10340	172	9784	15.719	11.249
377.6	NaN	591	NaN	582	-1	358	100	100	0	406	60	15973	59	10476	126	10554	115	10510	16.617	7.719
377.7	NaN	648	NaN	650	0	362	100	100	0	406	46	14317	45	10818	112	10733	107	10677	17.277	5.986
377.8	NaN	657	NaN	621	6	362	100	100	0	405	36	11145	40	11065	72	11061	79	11214	17.84	4.474
377.9	NaN	651	NaN	620	4	363	100	100	0	404	33	11197	36	11255	63	11140	68	11372	18.164	4.161
378	NaN	656	NaN	619	4	356	100	100	0	404	28	11520	27	11365	52	11396	54	11498	18.49	3.612
378.1	NaN	638	NaN	605	2	360	100	100	0	407	25	11579	26	11452	48	11471	50	11615	18.694	1.788
378.2	NaN	661	NaN	640	-1	360	100	100	0	405	20	11721	21	11586	37	11608	40	11681	18.837	0.855
378.3	NaN	713	NaN	645	1	358	34	30	0	404	16	11727	18	11625	31	11611	31	11706	18.838	0.296
378.4	NaN	671	NaN	610	0	365	0	0	0	405	-22	11551	-22	11429	-16	11305	-17	11372	18.593	-3.216
378.5	NaN	647	NaN	610.5	2	488	0	0	0	450	-38	11177	-37	11010	-29	11045	-27	11142	18.049	-6.982
378.6	NaN	647	NaN	611	-1	612	0	0	0	617	-40	10769	-36	10755	-30	9740	-30	9574	17.291	-8.933
378.7	NaN	646	NaN	611.5	-2	526	0	0	0	510	-40	10227	-41	10060	-31	9917	-30	9695	16.485	-9.264
378.8	NaN	648	NaN	612	-4	411	0	0	0	437	-39	9749	-39	9616	-31	9569	-31	9530	15.857	-7.356
378.9	NaN	647	NaN	612.5	-1	446	0	0	0	471	-39	9444	-39	9256	-31	9253	-31	9340	15.305	-7.584
379	NaN	655	NaN	613	1	550	0	0	0	539	-39	9235	-37	8916	-31	8877	-31	8813	14.545	-8.544
379.1	NaN	666	NaN	613.5	0	664	0	0	0	618	-38	8227	-39	8155	-32	8239	-32	8138	13.58	-9.648
379.2	NaN	672	NaN	614	8	697	0	0	0	663	-39	7915	-37	7876	-33	7712	-31	7308	12.641	-10.564
379.3	NaN	709	NaN	614.5	7	690	0	0	0	564	-39	6851	-36	6949	-35	6115	-32	6841	11.578	-9.262
379.4	NaN	726	NaN	615	9	453	0	0	0	448	-39	6606	-35	6713	-35	6100	-32	6865	10.897	-6.658
379.5	NaN	706	NaN	615.5	47	366	0	0	0	407	-45	5584	-28	6537	-41	5068	-25	6591	10.282	-5.693
379.6	NaN	728	NaN	616	57	364	8	7	0	406	-37	5531	-21	6470	-32	5497	-19	6501	9.841	-3.603
379.7	NaN	715	NaN	616.5	65	362	46	42	0	404	7	5506	47	6630	15	5478	111	6748	9.628	1.039
379.8	NaN	742	NaN	617	66	364	46	40	0	405	6	5563	43	6728	15	5547	112	6946	9.763	0.229
379.9	NaN	779	NaN	617.5	71	362	27	24	0	406	1	5391	4	6547	1	5419	11	6623	9.781	-2.248
380	NaN	789	NaN	618	73	362	16	14	0	407	-10	5194	-5	6309	-9	5204	-5	6449	9.48	-3.357
380.1	NaN	822	NaN	618.5	70	361	18	20	0	407	-4	4905	-1	6073	-5	3340	-2	6173	9.067	-3.775
380.2	NaN	767	NaN	619	68	362	27	29	0	404	0	4732	5	5857	1	4755	17	6018	8.816	-1.476
380.3	NaN	792	NaN	619.5	48	358	35	37	0	406	7	4875	23	5962	16	4951	57	6141	8.727	1.351
380.4	NaN	710	NaN	654	46	363	44	46	0	405	13	5081	42	5962	30	5172	102	6146	8.899	4.583
380.5	NaN	722	NaN	614.15625	-4	361	44	45	0	406	28	5732	25	5868	65	5701	61	5929	9.2	4.673
380.6	NaN	765	NaN	613.0625	-34	362	43	41	0	407	33	6135	15	5613	77	6051	34	5651	9.516	2.989
380.7	NaN	727	NaN	611.96875	-62	359	49	52	0	404	61	6878	10	5492	143	6834	23	5847	9.699	3.287
380.8	NaN	717	NaN	610.875	-70	362	49	50	0	402	61	7265	7	5561	145	7043	16	5614	9.872	2.536
380.9	NaN	723	NaN	609.78125	-75	362	38	40	0	405	37	6790	2	5392	88	6968	6	5521	9.877	-0.169
381	NaN	701	NaN	608.6875	-71	358	41	44	0	403	43	7115	4	5358	103	7207	11	5502	9.848	1.485
381.1	NaN	705	NaN	607.59375	-71	359	42	42	0	403	42	7001	4	5305	100	7104	10	5556	9.922	3.039
381.2	NaN	705	NaN	646	-52	359	67	70	0	405	98	7731	24	5514	199	8409	66	6265	10.079	8.303
381.3	NaN	706	NaN	620	-27	360	100	100	0	403	98	7234	34	6702	200	7783	79	7432	10.492	14.278
381.4	NaN	602	NaN	573	-2	358	100	99	0	405	87	10944	97	11355	195	8328	174	13397	10.995	12.219
381.5	NaN	701	NaN	573	-12	365	100	100	0	408	90	9929	84	14601	203	8794	146	14799	11.631	9.282
381.6	NaN	642	NaN	620	-14	360	100	100	0	407	88	9022	69	19411	196	9357	104	17872	12.301	7.982
381.7	NaN	705	NaN	587	-10	363	100	100	0	406	91	9249	66	19672	202	9582	106	17817	12.879	9.042
381.8	NaN	626	NaN	582	2	360	100	100	0	407	76	9148	76	23482	158	9507	114	17235	13.591	8.056
381.9	NaN	749	NaN	602	2	360	100	100	0	407	-4	8953	-7	22244	193	9790	109	17524	14.216	7.684
382	NaN	805	NaN	612	27	361	100	100	0	407	-0	9213	-0	13036	101	9330	116	17425	14.964	9.393
382.1	NaN	814	NaN	571	16	363	100	100	0	407	0	9238	0	10000	172	9616	189	13085	15.655	7.249
382.2	NaN	812	NaN	588	-2	364	100	100	0	407	-0	9993	-0	10153	146	11424	145	10588	16.362	3.651
382.3	NaN	818	NaN	613	-4	359	100	100	0	407	-0	10405	-0	10148	141	11203	131	10559	16.855	4.212
382.4	NaN	818	NaN	580	-4	360	100	100	0	407	0	10751	0	10460	120	10966	115	10781	17.268	4.164
382.5	NaN	802	NaN	616	2	363	100	100	0	408	0	10850	-0	10697	95	10963	104	11039	17.597	2.761
382.6	NaN	811	NaN	608	8	365	100	100	0	408	-0	10942	-0	11068	84	11076	98	11196	17.849	2.633
382.7	NaN	803	NaN	600	8	365	100	99	0	408	-0	11142	0	11157	71	11111	81	11331	18.058	2.255
382.8	NaN	818	NaN	605	7	362	75	69	0	407	-0	11171	-0	11241	62	11222	75	11523	18.264	2.556
382.9	NaN	811	NaN	626	10	363	71	66	0	407	0	11211	0	11293	63	11284	73	11535	18.357	0.868
383	NaN	821	NaN	647	8	369	0	0	0	404	-0	11134	-0	11345	-13	10987	-12	11272	18.26	-2.811
383.1	NaN	809	NaN	607.5283203	8	363	0	0	0	405	-0	11021	0	11345	-23	10804	-21	11111	18.05	-2.89
383.2	NaN	800	NaN	608.7597656	7	365	0	0	0	404	-0	10996	0	11345	-31	10691	-29	10999	17.768	-3.993
383.3	NaN	808	NaN	609.9912109	8	362	0	0	0	407	-0	10692	-0	11345	-31	10379	-29	10643	17.433	-3.452
383.4	NaN	800	NaN	611.2226562	12	380	0	0	0	411	-0	10529	-0	11345	-32	10236	-29	10464	17.128	-2.709
383.5	NaN	821	NaN	612.4541016	11	363	0	0	0	404	-0	10154	-0	11345	-32	9895	-29	10330	16.786	-3.462
383.6	NaN	808	NaN	613.6855469	19	580	0	0	0	582	-0	10057	0	11345	-34	9302	-29	10184	16.362	-5.296
383.7	NaN	837	NaN	614.9169922	24	640	0	0	0	589	-0	9006	-0	11345	-35	7252	-27	9763	15.705	-6.551
383.8	NaN	842	NaN	616.1484375	8	388	0	0	0	432	-0	8793	0	11345	-32	5888	-30	9268	15.125	-4.655
383.9	NaN	827	NaN	617.3798828	3	359	0	0	0	403	-0	8789	-0	11345	-32	8409	-31	8801	14.625	-2.092
384	NaN	839	NaN	618.6113281	15	361	0	0	0	405	0	8672	-0	11345	-32	8044	-30	8656	14.278	-2.795
384.1	NaN	829	NaN	619.8427734	23	356	0	0	0	406	-0	8315	0	11345	-35	4926	-28	8546	13.917	-4.561
384.2	NaN	831	NaN	621.0742188	25	362	0	0	0	406	-0	7973	0	11345	-36	7540	-28	8560	13.566	-4.887
384.3	NaN	829	NaN	622.3056641	28	360	0	0	0	405	-0	7623	0	11345	-37	7320	-28	8287	13.105	-3.857
384.4	NaN	822	NaN	623.5371094	41	365	0	0	0	406	-0	7439	0	11345	-39	4844	-26	8170	12.743	-4.127
384.5	NaN	856	NaN	624.7685547	29	361	16	16	0	405	-0	6975	-0	11345	-9	6338	-6	7967	12.396	-1.682
384.6	NaN	854	NaN	641	16	364	17	17	0	407	-0	7024	-0	0	-5	6860	-4	7766	12.18	-0.694
384.7	NaN	859	NaN	616.3113281	13	362	22	22	0	407	-0	7138	-0	0	-0	6958	0	7477	11.992	-2.534
384.8	NaN	850	NaN	615.8584961	32	361	28	26	0	408	-0	7029	-0	0	0	7027	1	7493	11.84	-2.259
384.9	NaN	828	NaN	615.4056641	44	363	33	29	0	406	-0	6768	0	6822	12	6867	32	7780	11.79	-0.743
385	NaN	851	NaN	614.952832	55	361	31	28	0	407	0	6343	0	7328	4	6720	20	7537	11.764	-1.58
385.1	NaN	835	NaN	629	48	359	40	37	0	408	0	6646	1	7668	20	7037	68	7765	11.743	-1.256
385.2	NaN	735	NaN	623	47	361	41	39	0	404	10	6917	33	7649	22	6945	75	7822	11.84	1.146
385.3	NaN	733	NaN	606	46	357	40	39	0	407	10	6816	31	7807	23	7258	71	8058	11.914	1.075
385.4	NaN	721	NaN	623	41	363	39	36	0	405	10	7058	28	7753	23	7398	60	7915	12.018	1.335
385.5	NaN	742	NaN	662	46	361	34	33	0	405	7	6976	20	7780	15	7018	46	7814	11.976	0.209
385.6	NaN	725	NaN	646	64	361	34	34	0	407	4	6737	22	7853	8	6777	50	7920	11.894	-0.478
385.7	NaN	735	NaN	638	63	362	34	34	0	407	4	6713	22	7669	8	6786	51	7796	11.833	1.303
385.8	NaN	758	NaN	653	62	359	36	37	0	404	5	6653	27	7713	11	6695	60	7832	11.762	0.841
385.9	NaN	725	NaN	618	62	361	38	39	0	407	5	6684	32	7752	13	6739	72	7851	11.746	0.214
386	NaN	723	NaN	623	59	360	38	39	0	407	6	6671	31	7742	14	6729	71	7860	11.738	0.474
386.1	NaN	672	NaN	574	39	360	54	56	0	407	21	6864	58	8094	49	7073	129	8171	11.87	1.743
386.2	NaN	682	NaN	599	32	359	56	58	0	406	30	8385	62	8100	65	7727	140	8198	12.19	4.873
386.3	NaN	665	NaN	574	42	359	56	58	0	406	24	7772	69	8244	53	7683	150	8345	12.607	5.738
386.4	NaN	650	NaN	566	17	361	67	69	0	406	44	8798	75	8613	98	8395	167	8753	13.248	5.219
386.5	NaN	648	NaN	575	4	362	68	70	0	406	61	8594	67	8857	135	8584	149	8848	13.984	9.061
386.6	NaN	589	NaN	575	6	360	88	87	0	409	86	9377	101	9369	175	9353	193	9437	14.876	10.351
386.7	NaN	649	NaN	566	6	362	100	100	0	407	77	9990	86	9739	160	9755	180	9856	15.807	8.162
386.8	NaN	675	NaN	616	7	360	100	100	0	407	57	10400	65	10506	115	10341	129	10520	16.549	6.166
386.9	NaN	632	NaN	588	4	357	100	100	0	407	49	10704	56	10781	96	10716	110	10841	17.177	4.739
387	NaN	660	NaN	613	5	362	100	100	0	406	42	10998	44	11007	82	10960	85	11092	17.716	4.152
387.1	NaN	664	NaN	603	4	362	100	100	0	406	37	11166	41	11141	72	11066	78	11209	18.024	4.102
387.2	NaN	677	NaN	612	5	360	100	100	0	406	33	11276	37	11232	65	11183	70	11308	18.284	3.207
387.3	NaN	681	NaN	636	3	361	100	100	0	407	28	11449	31	11407	54	11354	58	11493	18.537	1.629
387.4	NaN	702	NaN	628	3	359	100	100	0	403	24	11539	28	11468	46	11409	52	11579	18.677	0.982
387.5	NaN	675	NaN	666	4	359	100	100	0	402	19	11627	25	11540	36	11585	40	11625	18.825	0.146
387.6	NaN	690	NaN	637	3	360	100	100	0	406	20	11764	22	11619	37	11632	41	11728	18.897	-0.483
387.7	NaN	694	NaN	672	3	359	100	100	0	404	17	11726	19	11673	34	11671	35	11709	18.962	0.166
387.8	NaN	701	NaN	655	5	360	100	100	0	404	17	11790	19	11707	32	11655	35	11805	19.033	0.116
387.9	NaN	690	NaN	701	5	361	100	100	0	404	16	11782	17	11766	29	11698	32	11761	19.072	0.126
388	NaN	703	NaN	640	3	358	100	100	0	404	17	11843	18	11738	31	11723	34	11833	19.106	-0.307
388.1	NaN	681	NaN	661	4	361	100	100	0	404	14	11844	15	11818	27	11755	27	11794	19.119	-0.096
388.2	NaN	687	NaN	668	4	362	100	100	0	405	13	11844	15	11756	25	11773	27	11793	19.111	-0.306
388.3	NaN	690	NaN	659	2	359	100	100	0	406	14	11858	14	11791	26	11783	28	11802	19.136	-0.449
388.4	NaN	692	NaN	718	4	361	100	100	0	404	14	11891	14	11767	25	11755	27	11781	19.136	-0.524
388.5	NaN	701	NaN	684	5	359	100	100	0	405	14	11813	15	11784	27	11728	27	11824	19.131	-0.624
388.6	NaN	693	NaN	672	4	355	100	100	0	406	13	11893	16	11842	26	11754	30	11858	19.136	-0.509
388.7	NaN	686	NaN	662	4	359	50	46	0	407	15	11885	16	11821	27	11755	28	11849	19.107	-0.874
388.8	NaN	768	NaN	639	4	360	0	0	0	406	-9	11698	-9	11661	-6	11554	-6	11673	18.902	-2.943
388.9	NaN	670	NaN	657.0833333	6	358	0	0	0	405	-38	11291	-36	11348	-27	11119	-26	11305	18.447	-4.838
389	NaN	672	NaN	657.1666667	6	359	0	0	0	403	-40	11081	-40	11116	-29	10914	-28	11045	17.909	-6.522
389.1	NaN	664	NaN	657.25	4	359	0	0	0	403	-40	10574	-39	10766	-31	10398	-30	10633	17.345	-5.785
389.2	NaN	668	NaN	657.3333333	4	358	0	0	0	404	-41	10384	-39	10379	-31	10264	-29	10405	16.883	-4.779
389.3	NaN	689.3	NaN	657.4166667	-1	360	7	8	0	405	-27	10261	-28	10148	-21	10120	-20	10072	16.47	-4.67
389.4	NaN	688.6	NaN	640	-12	363	18	19	0	405	-6	10150	-6	9702	-4	9989	-4	9731	16.1	-3.536
389.5	NaN	687.9	NaN	644	-32	362	25	27	0	405	1	10065	1	9324	3	10084	0	9592	15.858	-3.571
389.6	NaN	687.2	NaN	646	-41	361	27	30	0	404	4	10068	2	8978	9	9986	4	9032	15.545	-2.442
389.7	NaN	686.5	NaN	689	-38	358	31	34	0	403	17	9922	7	8906	34	9907	14	9068	15.352	0.204
389.8	NaN	685.8	NaN	663	-17	359	44	47	0	402	37	10080	25	9217	78	10147	51	9314	15.318	2.828
389.9	NaN	685.1	NaN	673	2	362	43	38	0	406	26	9894	25	9639	52	9858	54	9766	15.519	1.477
390	NaN	684.4	NaN	650	24	363	27	19	0	406	-0	9385	-0	9845	-1	9275	0	9777	15.601	-2.419
390.1	NaN	683.7	NaN	633	32	364	26	23	0	407	-0	9099	-0	9708	-0	9014	0	9816	15.409	-2.888
390.2	NaN	683	NaN	643	33	365	26	23	0	405	0	8900	0	9645	0	8698	0	9716	15.18	-2.325
390.3	NaN	682.3	NaN	646	33	361	30	29	0	405	3	8781	6	9495	6	8727	16	9587	15.002	-0.181
390.4	NaN	681.6	NaN	651	25	362	34	34	0	406	10	8837	17	9484	21	8818	37	9566	14.879	0.47
390.5	NaN	680.9	NaN	628	22	361	34	35	0	405	11	8861	18	9524	23	8866	37	9549	14.888	0.18
390.6	NaN	680.2	NaN	652	10	360	35	36	0	405	13	9078	16	9264	28	9030	36	9373	14.937	0.236
390.7	NaN	692	NaN	744	9	358	31	29	0	407	9	9128	11	9286	18	9035	20	9341	14.911	-1.576
390.8	NaN	713	NaN	669	2	361	0	0	0	404	-17	9059	-17	9028	-14	8888	-13	8979	14.67	-3.507
390.9	NaN	673	NaN	656.4814815	-3	375	0	0	0	417	-29	8849	-29	8734	-24	8817	-25	8754	14.226	-5.987
391	NaN	657	NaN	658.4212963	-12	626	0	0	0	615	-37	8260	-40	8009	-31	8049	-33	7286	13.5	-8.394
391.1	NaN	667	NaN	660.3611111	-14	539	0	0	0	539	-35	8059	-40	7397	-30	7937	-35	6538	12.67	-6.524
391.2	NaN	660	NaN	662.3009259	-22	356	0	0	0	400	-34	7600	-42	7041	-29	7499	-36	6911	12.035	-5.105
391.3	NaN	655	NaN	664.2407407	-36	364	0	0	0	403	-31	7418	-43	6316	-27	7401	-38	6065	11.531	-6.738
391.4	NaN	680	NaN	666.1805556	-58	361	0	0	0	400	-25	6853	-47	5965	-22	6997	-44	3515	10.909	-8.489
391.5	NaN	667	NaN	668.1203704	-71	359	0	0	0	402	-23	6504	-50	5017	-22	6731	-44	1727	10.208	-7.286
391.6	NaN	707	NaN	670.0601852	-64	365	33	36	0	404	16	6564	2	5188	42	6725	5	12	9.738	-3.522
391.7	NaN	705	NaN	691	-50	363	50	53	0	403	57	6809	14	5254	137	7033	36	5301	9.392	1.783
391.8	NaN	733	NaN	677	-42	362	51	54	0	403	56	7057	18	5278	131	7539	42	6041	9.558	5.334
391.9	NaN	665	NaN	623	-36	361	60	62	0	403	70	7289	30	6528	172	7982	70	8913	9.8	7.371
392	NaN	671	NaN	625	-18	362	54	54	0	402	51	7136	29	6671	118	7592	68	8821	10.036	9.495
392.1	NaN	694	NaN	598	-11	359	56	57	0	406	49	7246	38	6560	114	7935	89	9896	10.296	8.993
392.2	NaN	672	NaN	591	-2	362	56	57	0	404	46	7368	41	7215	108	7948	92	11783	10.492	6.679
392.3	NaN	679	NaN	598	17	362	45	41	0	407	27	7330	38	9387	62	7509	78	12168	10.767	6.402
392.4	NaN	685	NaN	624	40	362	44	44	0	406	14	7128	36	8126	31	7234	86	11693	11.165	3.374
392.5	NaN	723	NaN	717	27	360	36	32	0	405	7	6813	14	7629	16	6700	32	7651	11.602	1.968
392.6	NaN	776	NaN	667	6	360	36	37	0	407	12	6973	15	7562	28	6907	33	7606	11.786	1.234
392.7	NaN	707	NaN	640	3	362	44	43	0	407	19	7446	21	7379	44	7418	48	7483	11.93	1.452
392.8	NaN	677	NaN	631	2	362	46	46	0	408	27	7609	28	7589	62	7550	63	7676	12.261	2.463
392.9	NaN	694	NaN	730	-11	360	43	40	0	406	26	8094	22	7700	60	8057	50	7781	12.701	1.867
393	NaN	689.8333333	NaN	692	-9	359	31	27	0	406	10	8159	9	7804	20	8060	13	7790	12.796	0.325
393.1	NaN	700.1666667	NaN	652	-23	364	24	26	0	405	0	8221	0	7490	0	8074	0	7470	12.725	-0.615
393.2	NaN	679	NaN	729	-31	360	31	35	0	403	17	8219	9	7463	37	8153	20	7505	12.659	0.426
393.3	NaN	690	NaN	706	-43	361	34	35	0	405	20	8287	6	7314	45	8254	15	7507	12.691	-0.383
393.4	NaN	683	NaN	692	-44	363	34	35	0	401	20	8320	7	7319	45	8300	15	7380	12.636	-0.695
393.5	NaN	674	NaN	688	-45	363	36	37	0	403	26	8395	8	7199	58	8413	19	7316	12.608	0.729
393.6	NaN	667	NaN	687	-48	362	36	36	0	402	25	8167	7	7295	55	8265	17	7499	12.623	0.552
393.7	NaN	691	NaN	705	-50	359	35	31	0	403	22	8219	7	7184	49	8265	16	7334	12.505	-2.128
393.8	NaN	690.5625	NaN	653	-50	361	21	18	0	403	-0	7944	-1	6966	-1	7915	-1	6812	12.325	-4.133
393.9	NaN	693.7083333	NaN	651	-50	359	23	23	0	404	0	7784	0	6691	0	7785	0	6545	11.989	-3.711
394	NaN	696.8541667	NaN	622	-47	361	30	29	0	403	6	7575	2	6508	14	7556	4	6601	11.684	-0.838
394.1	NaN	692	NaN	717	-46	356	41	43	0	402	31	7707	9	6545	71	7697	21	6808	11.63	0.979
394.2	NaN	709	NaN	674	-47	361	48	48	0	405	50	7947	14	6841	113	7875	33	6952	11.694	3.936
394.3	NaN	712	NaN	687	-51	362	48	48	0	405	51	7937	15	7032	116	8004	33	7058	11.928	3.864
394.4	NaN	699	NaN	694	-46	362	42	41	0	404	37	8167	11	7011	82	8153	24	7148	12.18	3.165
394.5	NaN	714	NaN	713	-47	360	40	38	0	406	31	8078	10	7099	69	8121	21	7333	12.26	1.552
394.6	NaN	727	NaN	679	-11	360	36	35	0	403	18	8065	13	7196	39	8053	30	7209	12.344	1.028
394.7	NaN	701	NaN	686	2	359	33	27	0	407	7	7755	7	7384	15	7716	16	7453	12.361	0.102
394.8	NaN	764	NaN	643	29	365	28	28	0	408	1	7219	3	7755	4	7099	4	7736	12.246	-1.391
394.9	NaN	716	NaN	719	35	364	30	30	0	408	4	7116	9	7807	8	7069	20	7806	12.155	-0.092
395	NaN	725	NaN	645	36	359	40	38	0	407	11	7077	28	7906	27	7091	61	7918	12.168	-0.019
395.1	NaN	715	NaN	686.7352941	42	362	43	42	0	406	13	7143	33	7965	29	7113	76	7998	12.342	3.193
395.2	NaN	684	NaN	686.4705882	41	362	51	51	0	407	21	7574	54	8350	46	7494	120	8396	12.657	4.805
395.3	NaN	687	NaN	686.2058824	41	362	51	51	0	406	21	7784	55	8513	46	7590	120	8600	12.936	4.42
395.4	NaN	691	NaN	685.9411765	12	358	55	55	0	406	38	8115	49	8612	83	8200	110	8878	13.331	4.185
395.5	NaN	677	NaN	685.6764706	-8	358	55	54	0	406	44	8762	45	8635	95	8600	95	8715	13.867	5.573
395.6	NaN	672	NaN	685.4117647	-27	361	55	54	0	406	55	9380	30	8712	120	9283	66	8792	14.366	5.44
395.7	NaN	675	NaN	685.1470588	-35	357	63	66	0	405	82	10306	38	9058	168	9922	78	9237	14.938	5.895
395.8	NaN	703	NaN	684.8823529	-39	358	65	64	0	406	86	10723	35	10753	174	10479	70	10004	15.456	7.078
395.9	NaN	641	NaN	684.6176471	-31	358	61	60	0	405	71	10676	36	10350	147	10644	75	10223	16.062	6.108
396	NaN	669	NaN	684.3529412	-30	360	55	54	0	404	59	10873	31	11062	116	10771	64	10445	16.482	6.518
396.1	NaN	683	NaN	684.0882353	-16	357	69	70	0	404	58	11051	42	10841	114	11003	80	10609	17.02	6.159
396.2	NaN	630	NaN	683.8235294	8	360	100	100	0	406	42	10937	49	10913	81	10913	97	11019	17.493	4.181
396.3	NaN	677	NaN	683.5588235	4	359	100	100	0	406	35	11136	39	11274	69	11148	77	11312	18.041	3.315
396.4	NaN	665	NaN	683.2941176	3	359	100	100	0	407	34	11318	35	11355	65	11275	71	11402	18.335	2.129
396.5	NaN	680	NaN	683.0294118	2	359	100	100	0	407	24	11550	26	11576	45	11511	49	11584	18.659	1.159
396.6	NaN	667	NaN	682.7647059	1	361	100	100	0	404	24	11612	25	11587	46	11535	46	11624	18.82	0.84
396.7	NaN	679	NaN	686	2	358	100	100	0	407	20	11707	20	11714	37	11672	38	11738	18.984	0.644
396.8	NaN	685	NaN	653	4	363	100	100	0	407	19	11768	19	11740	35	11651	36	11789	19.08	0.639
396.9	NaN	687	NaN	663	5	363	100	100	0	405	16	11815	16	11829	32	11755	33	11862	19.162	0.346
397	NaN	698	NaN	690	6	358	100	100	0	405	16	11830	17	11849	30	11739	32	11873	19.209	0.853
397.1	NaN	664	NaN	691	5	362	100	100	0	406	15	11832	17	11885	29	11793	33	11911	19.25	-0.277
397.2	NaN	728	NaN	700	4	359	100	100	0	406	14	11898	16	11928	27	11778	30	11943	19.28	-0.234
397.3	NaN	694	NaN	690	2	362	100	100	0	407	14	11909	16	11942	26	11838	28	11957	19.301	-0.315
397.4	NaN	689	NaN	697	4	360	100	100	0	406	14	11871	14	11890	25	11824	27	11938	19.318	2.023
397.5	NaN	703	NaN	697	2	358	100	100	0	406	14	11924	13	11891	25	11871	24	11933	19.329	1.428
397.6	NaN	733	NaN	706	2	357	100	100	0	406	14	11937	14	11912	24	11846	26	11925	19.329	1.284
397.7	NaN	699	NaN	696	1	360	100	100	0	404	12	11932	13	11875	21	11841	23	11887	19.314	0.692
397.8	NaN	727	NaN	675	5	359	100	100	0	405	12	11940	13	11873	24	11832	26	11940	19.318	0.463
397.9	NaN	686	NaN	677	4	362	100	100	0	405	12	11929	13	11902	22	11826	23	11920	19.325	1.085
398	NaN	677	NaN	679	4	362	100	100	0	405	12	11914	14	11921	25	11773	26	11960	19.329	-0.013
398.1	NaN	681	NaN	686	3	357	100	100	0	403	11	11914	12	11868	21	11814	23	11918	19.32	-0.043
398.2	NaN	668	NaN	666	4	361	100	100	0	406	12	11953	12	11910	21	11823	23	11966	19.324	-0.561
398.3	NaN	678	NaN	665	3	360	100	100	0	406	11	11954	12	11871	21	11830	21	11922	19.336	-0.062
398.4	NaN	685	NaN	666	4	359	100	100	0	406	11	11961	13	11938	23	11804	24	11961	19.335	-0.278
398.5	NaN	680	NaN	645	2	361	100	100	0	406	12	11953	11	11912	21	11820	23	11962	19.336	-0.399
398.6	NaN	669	NaN	675	2	360	100	100	0	407	11	11936	12	11932	21	11824	21	11962	19.329	-0.715
398.7	NaN	679	NaN	657	5	359	100	100	0	406	11	11971	12	11951	22	11826	24	11968	19.329	-0.734
398.8	NaN	682	NaN	653	2	360	100	100	0	404	12	11939	13	11952	23	11819	24	11977	19.323	0.932
398.9	NaN	681	NaN	665	3	360	100	100	0	405	12	11919	12	11944	21	11823	22	11985	19.321	1.297
399	NaN	679	NaN	656	5	363	100	100	0	406	12	11932	13	11963	23	11841	25	11965	19.325	0.478
399.1	NaN	668	NaN	653	2	357	100	100	0	407	12	11947	13	11977	24	11801	24	11979	19.344	0.983
399.2	NaN	677	NaN	668	3	361	100	100	0	406	14	11978	12	11934	23	11850	24	11931	19.34	0.874
399.3	NaN	670	NaN	643	1	361	100	100	0	404	12	11988	10	11935	22	11858	22	11940	19.34	0.649
399.4	NaN	679	NaN	689	-4	358	100	100	0	403	11	12038	9	11814	18	11946	17	11847	19.35	-0.043
399.5	NaN	674	NaN	662	-6	360	100	100	0	404	11	12057	10	11834	21	11921	17	11838	19.37	0.342
399.6	NaN	669	NaN	663	-8	359	100	100	0	406	12	12130	12	11776	23	12022	20	11786	19.371	-0.103
399.7	NaN	661	NaN	649	-7	357	100	100	0	406	14	12151	13	11814	27	12087	29	11857	19.398	-0.369
399.8	NaN	675	NaN	651	-9	358	100	100	0	406	13	12113	11	11772	25	12050	21	11817	19.429	-0.731
399.9	NaN	692	NaN	665	-6	356	100	100	0	407	16	12209	16	11858	32	12061	28	11908	19.447	-0.716
400	NaN	678	NaN	655	-6	358	100	100	0	406	12	12161	10	11816	19	12005	16	11840	19.459	0.253
400.1	NaN	684	NaN	698	-6	357	100	100	0	406	15	12135	13	11899	30	12020	25	11929	19.466	-0.564
400.2	NaN	671	NaN	653	-6	359	100	100	0	406	11	12167	10	11796	20	12051	20	11858	19.473	-0.646
400.3	NaN	667	NaN	658	-5	363	100	100	0	404	13	12133	12	11928	25	12005	23	11957	19.474	-0.97
400.4	NaN	676	NaN	657	-3	362	100	100	0	404	13	12096	13	11878	25	11970	24	11970	19.474	-0.792
400.5	NaN	668	NaN	689	2	360	100	100	0	405	11	12081	10	11986	18	11951	20	11969	19.461	-1.374
400.6	NaN	671	NaN	674	1	360	100	100	0	405	12	12041	13	11935	22	11932	22	11986	19.438	-0.922
400.7	NaN	673	NaN	648	4	359	100	100	0	406	11	11979	11	11998	19	11894	21	11964	19.422	-0.252
400.8	NaN	691	NaN	658	4	361	75	71	0	404	10	11967	13	11996	22	11887	24	12019	19.345	-1.358
400.9	NaN	677	NaN	659	2	358	0	0	0	407	-24	11699	-25	11654	-18	11607	-16	11665	19.107	-3.594
401	NaN	663	NaN	689	4	357	0	0	0	405	-35	11447	-33	11495	-25	11355	-26	11514	18.663	-5.046
401.1	NaN	653	NaN	691	3	358	0	0	0	403	-40	10898	-39	11073	-31	10930	-29	11109	18.117	-5.837
401.2	NaN	640	NaN	692	4	366	0	0	0	406	-41	10870	-40	10932	-30	10623	-29	10820	17.628	-5.691
401.3	NaN	660	NaN	702	5	365	0	0	0	405	-41	10457	-39	10461	-31	10215	-30	10309	17.069	-5.672
401.4	NaN	651	NaN	724	3	367	0	0	0	404	-40	10194	-39	10175	-31	10161	-30	10239	16.643	-5.386
401.5	NaN	645	NaN	702	8	442	0	0	0	460	-41	9671	-39	9621	-32	9497	-30	9718	16.132	-6.043
401.6	NaN	655	NaN	687	7	443	0	0	0	466	-41	9445	-38	9511	-32	9242	-30	9422	15.431	-7.452
401.7	NaN	651	NaN	693	5	510	0	0	0	526	-40	8732	-37	8871	-33	8681	-31	8878	14.725	-7.994
401.8	NaN	657	NaN	697	4	552	0	0	0	525	-40	8566	-37	8589	-32	8279	-31	8286	13.936	-7.711
401.9	NaN	723	NaN	695	10	530	0	0	0	527	-34	8115	-34	7052	-34	7353	-31	7793	13.219	-6.007
402	NaN	674	NaN	742	10	407	0	0	0	447	-40	7369	-35	7610	-35	7187	-30	7187	12.377	-3.958
402.1	NaN	700	NaN	742	28	357	0	0	0	400	-43	6715	-32	7413	-37	6654	-28	7348	11.881	-4.325
402.2	NaN	714	NaN	708	37	361	6	4	0	402	-32	6390	-23	7251	-29	6014	-21	7254	11.327	-5.04
402.3	NaN	711	NaN	681	51	363	10	8	0	405	-27	5957	-16	7032	-23	3894	-15	7039	10.911	-4.155
402.4	NaN	710	NaN	605	49	362	48	45	0	407	12	5993	42	7121	28	5690	99	7231	10.491	-1.066
402.5	NaN	672.6666667	NaN	579	50	362	47	43	0	406	13	6086	47	7296	31	6234	107	7437	10.485	0.362
402.6	NaN	675.8333333	NaN	642	53	361	18	14	0	403	-10	5814	-6	6818	-8	5683	-5	6834	10.462	-3.668
402.7	NaN	679	NaN	663	56	366	9	6	0	406	-23	5544	-12	6762	-20	5341	-12	6800	10.085	-4.82
402.8	NaN	682.1666667	NaN	634	64	361	17	17	0	404	-8	5163	-4	6282	-8	3590	-3	6434	9.562	-4.109
402.9	NaN	685.3333333	NaN	647	66	362	21	21	0	405	0	5216	0	6232	0	3115	0	6327	9.217	-1.271
403	NaN	688.5	NaN	600	66	359	50	48	0	405	5	5012	47	6151	14	5023	115	6590	9.014	1.886
403.1	NaN	691.6666667	NaN	622	59	365	55	53	0	406	12	5085	68	6614	30	5238	156	6744	9.179	5.026
403.2	NaN	694.8333333	NaN	605	55	362	51	46	0	407	12	5460	56	6570	29	5664	132	7103	9.509	4.616
403.3	NaN	695	NaN	592	43	362	50	47	0	406	14	5590	49	6727	35	6128	112	6952	9.752	3.363
403.4	NaN	771	NaN	605	57	360	41	39	0	407	7	5668	34	6529	19	6322	80	6878	9.92	1.488
403.5	NaN	731	NaN	645	55	359	41	40	0	408	7	5509	34	6667	18	6373	80	7073	9.878	1.097
403.6	NaN	719	NaN	646.0789474	61	362	41	40	0	407	6	5527	36	6670	14	5769	85	6966	9.858	1.275
403.7	NaN	771	NaN	646.1578947	61	361	41	40	0	405	7	5553	37	6657	15	5986	85	7044	9.876	0.912
403.8	NaN	733	NaN	646.2368421	48	361	46	47	0	407	12	5654	46	6698	29	5888	110	7181	9.959	2.275
403.9	NaN	763	NaN	646.3157895	38	360	55	55	0	405	16	5969	48	6793	39	6218	135	7180	10.086	3.818
404	NaN	698	NaN	646.3947368	39	359	56	55	0	406	21	6602	62	7053	52	6994	144	7197	10.443	5.059
404.1	NaN	691	NaN	646.4736842	38	358	56	55	0	406	26	6816	61	7291	58	6770	137	7305	10.957	5.123
404.2	NaN	675	NaN	646.5526316	22	361	56	56	0	407	33	6944	56	7499	76	6950	127	7568	11.401	4.732
404.3	NaN	688	NaN	646.6315789	22	360	58	57	0	406	36	7384	57	7731	81	7303	128	7773	12.012	6.578
404.4	NaN	645	NaN	646.7105263	21	357	63	62	0	406	42	7772	66	8225	93	7733	153	8262	12.586	7.01
404.5	NaN	706	NaN	646.7894737	21	362	63	63	0	406	42	8172	70	8597	92	8129	152	8660	13.292	7.279
404.6	NaN	655	NaN	646.8684211	20	359	64	63	0	406	43	8769	69	8864	93	8343	150	8920	13.865	6.679
404.7	NaN	658	NaN	646.9473684	10	357	54	51	0	408	38	8975	51	9224	81	8928	107	9358	14.545	5.651
404.8	NaN	698	NaN	647.0263158	9	360	35	32	0	407	19	9079	23	9228	40	8999	47	9268	14.679	1.093
404.9	NaN	704	NaN	647.1052632	-5	359	0	0	0	405	-21	8917	-20	8826	-16	8858	-17	8820	14.574	-3.845
405	NaN	692	NaN	647.1842105	-11	363	0	0	0	404	-30	8947	-32	8597	-24	8769	-27	8562	14.135	-5.278
405.1	NaN	698	NaN	647.2631579	-21	357	2	2	0	403	-32	8552	-38	8030	-27	8449	-31	7941	13.574	-5.409
405.2	NaN	688	NaN	647.3421053	-20	360	2	3	0	404	-30	8489	-38	7811	-25	8310	-32	7422	13.065	-5.656
405.3	NaN	695	NaN	647.4210526	-30	359	8	9	0	402	-19	8122	-26	7284	-17	7983	-24	6625	12.533	-4.185
405.4	NaN	698	NaN	645	-32	360	18	21	0	402	-2	8108	-2	7120	-1	7982	-2	7051	12.184	-2.936
405.5	NaN	697	NaN	629	-38	361	30	32	0	403	11	7909	4	6891	27	7827	8	6829	11.98	-1.168
405.6	NaN	690	NaN	697	-37	361	30	32	0	404	13	7909	5	6866	30	7813	12	6866	11.887	-0.469
405.7	NaN	721	NaN	611	-40	362	29	29	0	403	8	7809	3	6695	18	7717	7	6742	11.809	-1.201
405.8	NaN	736	NaN	608	-48	358	18	17	0	403	7	7638	2	6750	16	7598	5	6704	11.655	-2.409
405.9	NaN	771	NaN	636	-53	358	17	15	0	403	-5	7425	-8	6258	-5	7378	-8	6265	11.348	-4.283
406	NaN	756	NaN	647	-52	361	17	17	0	404	-5	7257	-9	6166	-4	7212	-7	5510	10.986	-3.79
406.1	NaN	775	NaN	648	-56	360	26	27	0	402	1	7039	0	5852	3	7037	1	5755	10.715	-2.737
406.2	NaN	709	NaN	631	-54	362	31	33	0	403	13	7010	2	5721	31	7011	7	5790	10.425	-0.688
406.3	NaN	664	NaN	671	-48	362	36	39	0	404	23	7034	7	5783	55	6995	15	6180	10.384	1.862
406.4	NaN	697	NaN	681	-51	358	45	43	0	405	45	7274	13	5883	105	7545	30	6158	10.456	3.863
406.5	NaN	692	NaN	668	-33	356	51	53	0	402	54	7391	22	5990	123	7904	55	7317	10.661	3.801
406.6	NaN	668	NaN	726	-21	356	34	30	0	402	11	6972	7	6311	27	6940	17	6288	10.797	1.768
406.7	NaN	692	NaN	652	6	362	35	30	0	405	10	6805	10	6460	24	6837	24	6432	10.827	0.188
406.8	NaN	740	NaN	685	50	363	34	29	0	406	4	6293	12	6824	9	6267	29	6927	10.835	-0.284
406.9	NaN	759	NaN	682	61	362	35	34	0	406	3	6193	16	6950	7	6186	40	7018	10.772	0.061
407	NaN	718	NaN	618	56	362	43	41	0	407	6	6182	29	7062	15	6147	72	7179	10.76	1.249
407.1	NaN	708	NaN	595	54	358	43	41	0	406	8	6259	36	7095	20	6178	86	7223	10.888	1.597
407.2	NaN	734	NaN	629	60	359	35	32	0	405	5	6281	23	7341	11	6310	51	7342	10.979	0.832
407.3	NaN	755	NaN	686	63	363	33	31	0	407	2	6203	17	7069	6	6225	38	7238	10.923	-0.73
407.4	NaN	744	NaN	700	57	357	33	31	0	405	3	6070	16	7186	8	6055	40	7233	10.772	-1.279
407.5	NaN	763	NaN	657	58	358	33	32	0	404	4	6057	17	7038	8	6127	39	7149	10.689	-0.832
407.6	NaN	729	NaN	650	59	364	33	33	0	405	3	5984	18	6915	8	6036	42	7040	10.601	-0.394
407.7	NaN	762	NaN	667	57	358	34	34	0	405	4	6019	20	6963	10	6153	48	7046	10.564	-0.311
407.8	NaN	719	NaN	608	54	359	41	43	0	407	8	5931	35	7142	19	7898	81	7352	10.549	1.418
407.9	NaN	686	NaN	616	54	360	41	43	0	405	9	6010	38	7150	21	6033	88	7235	10.613	2.46
408	NaN	700	NaN	633	35	359	52	54	0	405	23	6626	55	7320	54	6988	125	7535	10.84	2.878
408.1	NaN	693	NaN	587	24	361	52	54	0	406	28	6788	52	7395	64	7139	115	7541	11.193	4.805
408.2	NaN	678	NaN	586	24	359	52	54	0	406	29	7196	50	7611	65	7201	116	7679	11.565	4.05
408.3	NaN	672	NaN	571	28	358	52	54	0	407	28	7467	52	7931	63	7382	117	7949	12.079	5.243
408.4	NaN	674	NaN	576	33	360	52	54	0	406	26	7634	55	8298	58	7604	121	8363	12.459	4.594
408.5	NaN	666	NaN	594	33	362	52	54	0	405	26	7871	57	8553	57	7855	123	8644	12.927	4.184
408.6	NaN	703	NaN	581	18	361	52	55	0	407	32	8182	50	8672	72	8173	108	8837	13.325	4.165
408.7	NaN	689	NaN	587	-1	357	52	55	0	406	42	8774	42	8682	90	8643	90	8852	13.843	5.767
408.8	NaN	722	NaN	594	-15	358	51	48	0	403	45	9018	34	8780	97	8919	73	8837	14.139	4.178
408.9	NaN	696	NaN	668	-24	356	43	44	0	404	34	9448	20	8726	70	9383	42	8909	14.45	1.791
409	NaN	707	NaN	669	-30	360	43	44	0	403	37	9536	19	8689	77	9457	40	8842	14.619	2.5
409.1	NaN	681	NaN	699	-34	359	43	44	0	402	38	9780	18	8910	81	9763	38	8938	14.847	2.713
409.2	NaN	694	NaN	654	-36	358	44	46	0	405	40	9851	18	8838	84	9784	37	9069	15.054	2.696
409.3	NaN	674	NaN	631	-32	358	52	53	0	406	56	10108	27	9291	118	10165	56	9501	15.353	3.348
409.4	NaN	660	NaN	607	-27	358	57	59	0	403	59	10281	32	9535	123	10295	71	9789	15.767	4.368
409.5	NaN	651	NaN	596	-12	359	60	61	0	407	60	10517	48	13695	122	10671	97	10206	16.314	6.356
409.6	NaN	642	NaN	608	-4	360	60	59	0	406	56	10667	49	13502	110	10719	98	10231	16.885	4.796
409.7	NaN	678	NaN	583	33	357	56	55	0	407	32	10633	63	11159	63	10722	123	11200	17.413	3.824
409.8	NaN	667	NaN	600	38	360	56	55	0	407	30	11036	66	11452	58	10682	127	11407	17.612	4.179
409.9	NaN	692	NaN	567	40	358	56	57	0	407	26	11129	64	11586	50	11023	117	11717	17.864	2.958
410	NaN	710	NaN	589	39	358	65	67	0	407	19	11394	44	11586	36	11124	94	11691	18.081	2.937
410.1	NaN	712	NaN	598	25	363	65	66	0	406	28	11248	46	11619	53	11138	86	11775	18.24	3.517
410.2	NaN	767	NaN	578	22	361	65	67	0	406	26	11349	43	11723	51	11301	79	11810	18.415	2.662
410.3	NaN	755	NaN	627	22	361	77	79	0	406	24	11487	38	11736	46	11320	72	11855	18.559	2.206
410.4	NaN	717	NaN	577	9	360	89	91	0	408	27	11460	32	11845	50	11414	60	11902	18.738	1.85
410.5	NaN	703	NaN	671	-10	359	100	100	0	405	26	11850	21	11465	50	11765	38	11586	18.845	0.889
410.6	NaN	690	NaN	622	-7	359	100	100	0	404	26	11975	23	11562	45	11903	41	11553	18.96	0.448
410.7	NaN	694	NaN	625	-7	357	100	100	0	407	26	11972	23	11578	47	11856	42	11720	19.012	0.506
410.8	NaN	681	NaN	623	-10	357	100	100	0	405	23	12018	19	11677	43	11958	37	11714	19.09	0.418
410.9	NaN	678	NaN	636	-17	358	100	100	0	404	25	12114	18	11544	47	12019	36	11715	19.146	1.16
411	NaN	690	NaN	656	-16	362	100	100	0	403	27	12210	21	11597	51	12166	32	11686	19.2	0.212
411.1	NaN	705	NaN	638	-12	362	100	100	0	404	25	12229	19	11536	47	12143	39	11738	19.223	-0.914
411.2	NaN	689	NaN	660	-13	358	100	100	0	405	21	12214	18	11694	40	12098	31	11725	19.246	-0.894
411.3	NaN	693	NaN	635	-8	360	100	100	0	405	21	12184	19	11634	39	12128	33	11782	19.254	-0.865
411.4	NaN	676	NaN	681	-7	362	100	100	0	405	18	12116	16	11771	36	12054	28	11788	19.276	-0.343
411.5	NaN	716	NaN	629	-6	358	100	100	0	402	19	12123	17	11685	35	12024	32	11818	19.294	-0.246
411.6	NaN	670	NaN	673	0	359	100	100	0	405	15	11994	15	11842	28	11917	26	11835	19.309	-0.816
411.7	NaN	678	NaN	661	5	362	100	100	0	404	12	12003	15	11794	24	11880	27	11887	19.294	-0.698
411.8	NaN	684	NaN	635	6	359	100	100	0	407	13	11830	16	11994	25	11747	28	12005	19.286	0.512
411.9	NaN	668	NaN	671	8	361	100	100	0	407	13	11858	16	11936	24	11728	28	12004	19.286	0.405
412	NaN	663	NaN	654	8	362	100	100	0	405	13	11833	16	12001	25	11725	32	12002	19.292	-0.003
412.1	NaN	695	NaN	683	8	359	100	100	0	404	15	11842	15	11950	24	11731	34	12023	19.3	0.199
412.2	NaN	661	NaN	657	7	360	100	100	0	404	14	11832	15	11999	27	11734	27	12014	19.295	-0.05
412.3	NaN	704	NaN	660	3	359	100	100	0	405	15	11880	16	11899	27	11796	30	12004	19.297	-0.014
412.4	NaN	665	NaN	684	1	360	100	100	0	405	11	11934	12	11846	23	11801	22	11851	19.288	-0.12
412.5	NaN	680	NaN	651	-3	361	100	100	0	404	15	11984	14	11781	27	11898	25	11887	19.258	-0.81
412.6	NaN	668	NaN	678	0	357	100	100	0	404	11	11946	12	11818	22	11801	22	11838	19.241	0.668
412.7	NaN	684	NaN	672	3	360	100	100	0	404	14	11937	15	11769	27	11831	30	11875	19.232	0.779
412.8	NaN	684	NaN	677	2	362	100	100	0	404	14	11916	16	11791	28	11792	28	11909	19.22	0.292
412.9	NaN	672	NaN	692	4	363	100	100	0	407	14	11901	16	11810	27	11812	30	11892	19.21	0.241
413	NaN	683	NaN	706	4	358	100	100	0	405	16	11864	17	11754	29	11785	30	11889	19.222	0.501
413.1	NaN	683	NaN	708	3	357	100	100	0	404	13	11888	16	11827	24	11774	26	11887	19.227	-0.886
413.2	NaN	709	NaN	700	3	358	100	100	0	404	14	11881	16	11797	29	11805	29	11921	19.224	-0.765
413.3	NaN	687	NaN	668	4	360	44	40	0	407	12	11901	14	11897	23	11786	24	11910	19.219	-2.104
413.4	NaN	742	NaN	623	4	364	0	0	0	406	-6	11848	-6	11760	-8	11646	-8	11785	19.04	-4.19
413.5	NaN	651	NaN	692	5	359	0	0	0	404	-37	11377	-36	11449	-27	11234	-26	11351	18.628	-5.078
413.6	NaN	647	NaN	688	3	360	0	0	0	405	-40	11275	-40	11173	-29	11062	-29	11236	18.129	-5.707
413.7	NaN	642	NaN	697	3	371	0	0	0	405	-42	10701	-38	10699	-32	10551	-29	10658	17.588	-5.849
413.8	NaN	650	NaN	708	4	366	0	0	0	401	-42	10539	-39	10553	-32	10360	-30	10549	17.205	-5.707
413.9	NaN	642	NaN	700	5	360	0	0	0	405	-40	10084	-38	10044	-31	9866	-30	9961	16.705	-5.491
414	NaN	639	NaN	679	5	360	0	0	0	404	-40	9917	-38	9991	-31	9799	-30	9881	16.14	-5.44
414.1	NaN	659	NaN	704	4	360	0	0	0	403	-40	9296	-38	9431	-32	9342	-30	9469	15.627	-4.805
414.2	NaN	644	NaN	713	6	380	0	0	0	407	-39	9102	-38	9231	-32	8947	-31	9052	15.062	-5.238
414.3	NaN	636	NaN	737	8	403	0	0	0	435	-39	8702	-37	8867	-32	8500	-30	8734	14.562	-6.133
414.4	NaN	650	NaN	721	8	359	0	0	0	401	-41	8387	-36	8615	-33	8279	-31	8563	13.927	-5.62
414.5	NaN	648	NaN	775	8	358	0	0	0	402	-41	8051	-36	8116	-33	7840	-31	8180	13.448	-6.909
414.6	NaN	644	NaN	739	11	362	0	0	0	404	-39	7812	-36	8009	-34	7723	-31	8024	12.832	-8.174
414.7	NaN	716	NaN	699	23	359	12	14	0	403	-25	7284	-18	7659	-20	7352	-17	7691	12.484	-5.398
414.8	NaN	692	NaN	800	27	360	0	0	0	404	-20	7127	-15	7656	-19	6150	-14	7613	12.089	-4.886
414.9	NaN	679	NaN	755	44	362	0	0	0	404	-34	6475	-23	7497	-31	6767	-21	7556	11.625	-5.524
415	NaN	650.35	NaN	657	54	364	32	32	0	407	2	6290	8	7356	4	5481	24	7405	11.051	-4.263
415.1	NaN	650.2	NaN	669	56	359	32	33	0	407	4	6223	17	7303	9	6178	40	7363	10.903	-2.039
415.2	NaN	650.05	NaN	700	62	364	27	25	0	407	1	6056	4	7038	2	6009	10	7096	10.712	-2.522
415.3	NaN	649.9	NaN	627	63	364	25	22	0	406	0	5965	-0	6958	-0	5849	-1	6984	10.418	-3.585
415.4	NaN	649.75	NaN	629	63	360	23	25	0	406	0	5737	0	6649	0	5570	0	6624	10.058	-4.037
415.5	NaN	649.6	NaN	639	62	365	24	26	0	409	0	5640	0	6708	0	5433	0	6674	9.797	-3.618
415.6	NaN	649.45	NaN	644	63	359	32	35	0	405	1	5494	15	6327	5	5414	31	6332	9.663	-0.822
415.7	NaN	649.3	NaN	620	47	363	40	44	0	409	9	5503	37	6599	22	5462	87	6557	9.668	1.169
415.8	NaN	649.15	NaN	582	35	362	42	45	0	407	14	5843	37	6497	35	5848	86	6613	9.964	3.286
415.9	NaN	648	NaN	605	27	361	51	52	0	406	21	6008	43	6666	48	6019	102	6762	10.19	3.611
416	NaN	650.0354167	NaN	608	14	361	52	52	0	407	31	6585	45	7044	72	6591	103	7091	10.668	5.215
416.1	NaN	650.3958333	NaN	578	-8	362	52	52	0	403	35	6850	41	7025	82	6789	83	7182	11.231	5.093
416.2	NaN	650.75625	NaN	671	-41	359	47	50	0	403	34	7607	12	6870	78	7559	28	6954	11.477	4.286
416.3	NaN	651.1166667	NaN	668	-50	359	48	51	0	406	50	8039	14	6937	113	7924	32	6986	11.7	2.39
416.4	NaN	651.4770833	NaN	668	-44	361	49	50	0	406	53	8312	17	7074	115	8139	39	7260	11.977	4.109
416.5	NaN	651.8375	NaN	664.4411765	-26	362	67	69	0	406	81	8623	43	7596	187	9321	95	8259	12.566	4.833
416.6	NaN	652.1979167	NaN	666.3823529	-20	360	71	71	0	405	82	8788	50	11774	184	8927	109	9311	13.258	7.445
416.7	NaN	652.5583333	NaN	668.3235294	-10	360	85	88	0	406	100	9304	81	14106	205	9286	177	8952	13.954	9.361
416.8	NaN	652.91875	NaN	670.2647059	1	357	88	90	0	405	95	9399	91	17979	203	9372	198	10108	14.87	8.422
416.9	NaN	653.2791667	NaN	672.2058824	48	360	100	100	0	407	49	10388	122	13882	99	9747	204	10384	15.822	8.646
417	NaN	653.6395833	NaN	674.1470588	63	359	100	100	0	406	27	10858	136	11712	57	9732	196	10673	16.433	4.073
417.1	NaN	651	NaN	676.0882353	59	359	52	52	0	407	13	10443	62	11083	28	10064	132	11136	16.838	1.558
417.2	NaN	598	NaN	678.0294118	49	360	67	68	0	410	28	10595	90	11240	57	10889	169	11259	17.056	3.552
417.3	NaN	648	NaN	679.9705882	43	361	74	76	0	404	24	13628	58	11416	47	11044	118	11403	17.396	5.845
417.4	NaN	607	NaN	681.9117647	44	363	73	72	0	407	28	12657	75	11526	58	10854	147	11724	17.699	5.756
417.5	NaN	666	NaN	683.8529412	6	358	88	90	0	406	31	11117	34	11323	59	11140	64	11454	18.032	4.429
417.6	NaN	688	NaN	685.7941176	4	358	89	91	0	406	33	11292	37	11270	64	11178	70	11412	18.315	2.603
417.7	NaN	647	NaN	687.7352941	17	363	100	100	0	407	25	11351	37	11638	48	11304	67	11780	18.574	1.229
417.8	NaN	656	NaN	689.6764706	17	360	100	100	0	407	25	11396	35	11751	48	11287	66	11827	18.746	1.678
417.9	NaN	655	NaN	691.6176471	-6	357	100	100	0	406	21	11759	19	11660	39	11708	33	11759	18.883	1.482
418	NaN	659	NaN	693.5588235	-9	356	100	100	0	405	22	11850	17	11564	39	11732	33	11620	19.018	1.161
418.1	NaN	653	NaN	667	-9	359	100	100	0	405	19	12022	17	11634	36	11923	31	11670	19.091	-0.091
418.2	NaN	661	NaN	657	-10	358	100	100	0	405	22	12101	16	11604	35	11879	34	11725	19.136	-0.263
418.3	NaN	661	NaN	675	-8	362	100	100	0	407	18	12188	15	11690	35	12034	28	11772	19.16	1.226
418.4	NaN	650	NaN	653	-16	363	87	84	0	405	23	12073	17	11671	42	12000	29	11668	19.222	2.71
418.5	NaN	653	NaN	659	-15	360	39	43	0	406	27	12381	20	11548	51	12267	36	11780	19.259	1.409
418.6	NaN	676	NaN	656	-11	356	45	47	0	405	21	12225	19	11691	41	12120	34	11710	19.242	0.619
418.7	NaN	721	NaN	621	2	366	0	0	0	405	-10	11763	-7	11536	-5	11734	-6	11742	19.14	-1.531
418.8	NaN	680	NaN	725	-3	478	0	0	0	508	-26	11559	-27	11475	-19	11264	-20	11373	18.798	-5.27
418.9	NaN	642	NaN	675	-3	509	0	0	0	497	-38	11169	-39	11015	-28	11185	-28	11225	18.17	-6.466
419	NaN	644	NaN	725	2	372	0	0	0	404	-41	10679	-39	10617	-31	10647	-30	10672	17.484	-6.698
419.1	NaN	657	NaN	706	3	369	0	0	0	405	-41	10564	-40	10395	-30	10354	-30	10355	16.953	-5.593
419.2	NaN	664	NaN	707	6	395	0	0	0	478	-40	9979	-39	9890	-32	9774	-30	9815	16.346	-5.468
419.3	NaN	667	NaN	721	8	421	0	0	0	471	-41	9780	-38	9770	-33	9493	-30	9702	15.698	-6.908
419.4	NaN	671	NaN	692	13	496	0	0	0	520	-41	8886	-36	9170	-34	8737	-29	9064	14.94	-6.905
419.5	NaN	652	NaN	732	14	504	0	0	0	495	-41	8630	-36	8910	-34	8471	-29	8863	14.194	-6.549
419.6	NaN	682	NaN	689	12	482	0	0	0	484	-40	7848	-35	8241	-34	7696	-30	8183	13.388	-7.214
419.7	NaN	684	NaN	730	11	427	0	0	0	451	-40	7700	-35	8062	-34	7605	-30	8000	12.753	-6.473
419.8	NaN	673	NaN	727	5	362	0	0	0	405	-38	7321	-36	7434	-34	7184	-32	7425	12.187	-4.609
419.9	NaN	678	NaN	741	-6	360	0	0	0	404	-37	7251	-37	7281	-32	7128	-33	7232	11.817	-5.434
420	NaN	662.03125	NaN	699	-37	358	14	18	0	404	-10	7275	-12	6375	-9	7177	-11	6112	11.342	-4.2
420.1	NaN	661.5625	NaN	643	-36	364	25	27	0	406	-1	7207	-1	6302	-1	7111	0	6255	10.89	-2.081
420.2	NaN	661.09375	NaN	713	-37	361	35	39	0	404	25	7212	10	6294	56	7178	22	6337	10.874	-1.359
420.3	NaN	660.625	NaN	716	-36	359	36	39	0	405	24	7291	10	6353	56	7222	23	6385	10.925	-0.215
420.4	NaN	660.15625	NaN	762	-18	363	36	36	0	404	19	7277	12	6534	44	7214	28	6581	11.043	0.82
420.5	NaN	659.6875	NaN	696	1	359	36	35	0	406	14	7045	14	6852	33	7027	33	6845	11.229	1.316
420.6	NaN	659.21875	NaN	696	25	362	36	34	0	406	11	6809	18	7185	25	6802	42	7198	11.309	0.805
420.7	NaN	658.75	NaN	695	39	362	36	33	0	406	8	6708	19	7355	18	6628	43	7382	11.381	0.519
420.8	NaN	658.28125	NaN	688	42	365	36	35	0	406	7	6645	20	7544	16	6557	47	7536	11.385	0.291
420.9	NaN	657.8125	NaN	655	50	365	36	35	0	407	7	6599	23	7544	15	6557	52	7607	11.385	-0.155
421	NaN	657.34375	NaN	695	61	361	35	33	0	405	4	6493	21	7474	9	6482	49	7551	11.353	-0.803
421.1	NaN	656.875	NaN	707	61	360	32	30	0	405	2	6363	14	7351	6	6358	33	7500	11.229	-1.481
421.2	NaN	656.40625	NaN	696	60	363	32	30	0	406	3	6317	14	7437	6	6254	33	7466	11.032	-2.611
421.3	NaN	655.9375	NaN	711	62	362	28	26	0	405	0	6055	3	7061	1	5946	9	7174	10.786	-2.11
421.4	NaN	655.46875	NaN	705	62	364	30	31	0	405	1	5992	8	7066	3	5920	21	7154	10.747	0.866
421.5	NaN	663	NaN	702.9166667	61	359	52	53	0	406	11	6583	66	7710	27	6295	156	7880	10.931	3.703
421.6	NaN	677	NaN	703.8333333	61	358	56	56	0	406	12	6487	68	7607	30	6425	159	7663	11.322	4.458
421.7	NaN	648	NaN	704.75	62	359	59	56	0	407	15	7938	80	8307	34	7223	179	8379	11.77	6.793
421.8	NaN	670	NaN	705.6666667	56	360	59	58	0	405	16	8330	78	8782	36	7534	179	8650	12.055	4.135
421.9	NaN	607	NaN	706.5833333	11	362	75	76	0	408	63	7544	82	8540	143	14307	197	9346	12.405	4.749
422	NaN	603	NaN	707.5	11	364	75	76	0	407	66	8994	80	8761	151	15821	197	10028	12.712	9.231
422.1	NaN	597	NaN	708.4166667	18	360	76	75	0	405	57	15791	90	9505	130	17695	191	10803	13.326	10.443
422.2	NaN	637	NaN	709.3333333	-21	362	79	78	0	405	67	13907	73	9081	141	17457	160	10678	13.933	9.425
422.3	NaN	610	NaN	710.25	-7	362	84	83	0	404	101	24852	77	9856	175	16472	158	10375	14.566	8.184
422.4	NaN	681	NaN	711.1666667	-4	364	86	83	0	407	-0	19325	1	9280	183	15750	178	9684	15.384	5.509
422.5	NaN	671	NaN	712.0833333	-10	361	98	97	0	406	-0	10480	-0	9582	184	10713	156	10322	15.956	4.043
422.6	NaN	671	NaN	713	-4	360	100	100	0	406	0	10521	0	9970	161	10906	137	11544	16.85	3.76
422.7	NaN	628	NaN	713.9166667	7	358	100	100	0	406	58	10890	46	10734	91	10686	103	10811	17.368	3.875
422.8	NaN	657	NaN	714.8333333	0	360	100	100	0	407	39	11050	41	11166	77	10974	82	11168	17.884	3.972
422.9	NaN	646	NaN	715.75	-4	357	100	100	0	405	37	11432	34	11218	70	11362	66	11342	18.285	3.323
423	NaN	653	NaN	716.6666667	-5	356	100	100	0	406	31	11587	30	11445	60	11540	56	11435	18.515	3.878
423.1	NaN	657	NaN	717.5833333	-2	362	77	74	0	407	29	11652	27	11369	55	11589	51	11809	18.576	-0.42
423.2	NaN	724	NaN	692	-2	360	0	0	0	406	-14	11475	-13	11236	-10	11338	-11	11186	18.521	-2.548
423.3	NaN	664	NaN	692	-3	382	0	0	0	421	-24	11381	-24	11130	-17	11229	-18	11169	18.076	-5.113
423.4	NaN	649	NaN	733	2	368	0	0	0	409	-39	10543	-41	10338	-31	10417	-30	10467	17.46	-8.005
423.5	NaN	648	NaN	692	1	365	0	0	0	402	-40	10549	-40	10472	-30	10324	-30	10475	16.944	-7.582
423.6	NaN	653	NaN	775	-2	537	0	0	0	544	-39	9887	-39	9722	-30	9750	-31	9838	16.298	-7.448
423.7	NaN	653	NaN	726	-1	553	0	0	0	569	-39	9679	-39	9599	-30	9372	-31	9418	15.557	-7.712
423.8	NaN	672	NaN	705	1	562	0	0	0	573	-39	8894	-39	8831	-31	8717	-31	8730	14.644	-9.052
423.9	NaN	661	NaN	711	0	512	0	0	0	525	-38	8735	-39	8700	-32	8447	-32	8558	14.16	-7.666
424	NaN	663	NaN	762	-4	544	0	0	0	545	-38	7933	-39	7863	-32	7871	-33	7678	13.452	-8.122
424.1	NaN	681	NaN	729	-1	562	0	0	0	545	-38	7779	-37	7690	-32	7538	-33	7575	12.612	-8.095
424.2	NaN	708	NaN	769	16	469	0	0	0	467	-40	6891	-34	7068	-35	6531	-30	6997	11.797	-6.516
424.3	NaN	709	NaN	757	26	360	0	0	0	406	-41	6672	-33	6953	-37	6248	-29	6911	11.011	-5.568
424.4	NaN	664.4166667	NaN	799	74	361	0	0	0	403	-50	4965	-25	6427	-45	4694	-21	6642	10.506	-5.816
424.5	NaN	666.8333333	NaN	711	90	361	0	0	0	404	-53	4527	-20	6124	-49	2961	-18	6412	9.824	-5.675
424.6	NaN	669.25	NaN	722	81	363	0	0	0	404	-51	4046	-21	5981	-3	-528	-19	6141	9.238	-6.174
424.7	NaN	671.6666667	NaN	738	79	365	2	4	0	402	-43	4127	-19	5596	-40	1014	-18	5675	8.3	-5.956
424.8	NaN	674.0833333	NaN	645	76	364	25	26	0	405	0	4013	0	5342	-1	1516	0	5427	7.773	-2.949
424.9	NaN	676.5	NaN	715	68	363	28	31	0	406	1	3818	10	5293	3	1549	26	5477	7.427	-0.749
425	NaN	678.9166667	NaN	691	63	361	33	35	0	405	3	3695	19	5218	7	3401	49	5537	7.281	1.104
425.1	NaN	681.3333333	NaN	602	39	362	47	49	0	406	17	3800	45	5310	41	4539	107	5923	7.306	3.388
425.2	NaN	683.75	NaN	601	27	358	47	49	0	406	21	4646	42	5284	51	4800	101	5723	7.553	4.028
425.3	NaN	686.1666667	NaN	726	-21	361	36	35	0	406	18	4824	11	4836	44	4938	25	4867	7.768	1.583
425.4	NaN	688.5833333	NaN	732	-36	362	36	34	0	405	19	5051	8	4692	48	5034	20	4697	7.816	0.829
425.5	NaN	699	NaN	766	-62	358	47	50	0	406	51	5605	9	4467	124	5511	23	4382	7.891	2.434
425.6	NaN	744	NaN	716	-60	361	50	53	0	404	60	5752	10	4496	145	5544	26	4441	8.199	4.025
425.7	NaN	726	NaN	693	-63	359	60	64	0	405	83	6384	13	4860	203	6347	33	4954	8.66	5.002
425.8	NaN	700	NaN	692	-60	363	60	63	0	405	85	6644	15	4993	197	6497	35	5076	9.09	5.098
425.9	NaN	723	NaN	672	-58	358	59	64	0	405	83	7070	15	5332	203	7258	36	5792	9.549	4.922
426	NaN	718	NaN	664	-51	356	59	59	0	405	82	7381	19	5515	196	7815	44	5670	9.827	6.661
426.1	NaN	684	NaN	713.4285714	-25	363	63	64	0	404	72	7610	35	5551	169	9035	87	7051	10.243	8.259
426.2	NaN	687	NaN	711.3571429	3	358	77	77	0	404	71	7310	75	8759	168	7880	180	11153	10.671	10.085
426.3	NaN	709	NaN	709.2857143	-8	359	65	58	0	407	54	7547	46	11293	130	7946	101	11679	11.264	7.316
426.4	NaN	686.7361111	NaN	707.2142857	-17	363	100	100	0	407	131	9106	92	16081	205	8716	93	16847	12.004	7.608
426.5	NaN	688.3888889	NaN	705.1428571	-18	358	91	90	0	405	98	8620	68	15871	203	8613	137	13976	12.811	12.874
426.6	NaN	690.0416667	NaN	703.0714286	-15	357	97	94	0	406	110	10241	78	17267	197	8812	156	13958	13.916	14.214
426.7	NaN	691.6944444	NaN	701	-12	356	75	74	0	408	86	9822	60	14970	181	9638	136	9480	14.602	12.648
426.8	NaN	693.3472222	NaN	698.9285714	-10	360	79	78	0	407	85	10383	71	12979	171	10104	140	9952	15.857	9.575
426.9	NaN	686	NaN	696.8571429	-10	360	88	89	0	406	68	10872	55	10383	138	10795	110	10525	16.953	7.893
427	NaN	673	NaN	694.7857143	-9	359	99	100	0	407	60	11052	51	10626	120	11076	100	10847	17.479	5.745
427.1	NaN	676	NaN	692.7142857	-3	361	100	100	0	407	49	11189	45	10846	95	11156	88	10978	17.91	4.453
427.2	NaN	703	NaN	690.6428571	2	360	100	100	0	407	34	11365	35	11224	65	11359	68	11363	18.342	3.095
427.3	NaN	695	NaN	688.5714286	3	359	100	100	0	407	27	11412	31	11342	54	11362	58	11437	18.584	2.741
427.4	NaN	695	NaN	653	6	362	100	100	0	406	21	11605	28	11557	39	11522	43	11677	18.827	3.156
427.5	NaN	703	NaN	641	4	357	100	100	0	404	21	11646	24	11662	41	11498	45	11684	18.966	2.7
427.6	NaN	700	NaN	678	6	357	53	48	0	408	17	11725	19	11766	30	11619	35	11839	19.075	1.036
427.7	NaN	698	NaN	704	7	362	18	13	0	407	2	11637	5	11722	4	11453	11	11727	18.945	-1.836
427.8	NaN	685	NaN	740	6	363	0	0	0	402	-35	11251	-33	11255	-26	11148	-24	11316	18.602	-4.799
427.9	NaN	679	NaN	735	5	360	0	0	0	403	-40	11158	-39	11239	-30	10976	-28	11131	18.152	-4.247
428	NaN	672	NaN	718	3	361	0	0	0	404	-40	10713	-40	10665	-31	10507	-30	10666	17.584	-5.17
428.1	NaN	687	NaN	760	6	357	0	0	0	403	-41	10454	-39	10549	-31	10479	-30	10442	17.104	-5.573
428.2	NaN	686	NaN	727	15	358	0	0	0	404	-41	9851	-37	10159	-33	9678	-29	10114	16.54	-4.59
428.3	NaN	701	NaN	742	16	359	0	0	0	404	-42	9498	-37	9911	-33	9361	-29	9955	16.046	-4.166
428.4	NaN	712	NaN	685	11	360	9	9	0	404	-23	9297	-20	9649	-18	9114	-16	9595	15.448	-3.845
428.5	NaN	740	NaN	688	15	361	13	12	0	405	-19	9069	-17	9398	-16	8975	-14	9370	15.131	-2.088
428.6	NaN	791	NaN	638	18	361	20	21	0	408	-0	8931	0	9350	-0	8841	-0	9326	14.915	-1.197
428.7	NaN	770	NaN	644	22	362	17	14	0	407	-6	8634	-5	9265	-5	8673	-4	9278	14.716	-1.439
428.8	NaN	689	NaN	725	26	363	1	0	0	406	-33	8515	-25	9062	-28	7951	-22	9061	14.361	-3.033
428.9	NaN	704	NaN	701	33	360	2	2	0	404	-41	7744	-29	8809	-35	6079	-24	8918	13.857	-5.405
429	NaN	694.9166667	NaN	649	17	360	13	13	0	404	-16	7675	-14	8686	-13	4457	-11	8631	13.377	-5.456
429.1	NaN	693.3333333	NaN	624	4	362	15	16	0	404	-11	7539	-11	8315	-9	7535	-9	8280	13.077	-1.022
429.2	NaN	691.75	NaN	640	4	361	20	21	0	406	-0	7828	0	8034	-0	7555	0	8009	12.895	-0.849
429.3	NaN	690.1666667	NaN	645	27	364	20	17	0	406	-4	7594	-4	7889	-4	7569	-3	7848	12.68	-2.204
429.4	NaN	688.5833333	NaN	640	27	363	20	17	0	406	-4	7424	-3	7950	-4	7322	-3	7958	12.48	-3.202
429.5	NaN	687	NaN	631	41	361	16	12	0	407	-13	7011	-9	7952	-11	6376	-8	7899	12.228	-3.685
429.6	NaN	685.4166667	NaN	649	41	359	10	6	0	405	-19	6783	-13	7835	-18	5912	-11	7851	11.848	-4.21
429.7	NaN	683.8333333	NaN	639	49	361	16	15	0	406	-11	6378	-7	7442	-9	3725	-6	7426	11.385	-3.821
429.8	NaN	682.25	NaN	639	48	360	18	18	0	405	-9	6107	-5	7327	-7	5959	-4	7324	11.096	-5.092
429.9	NaN	680.6666667	NaN	648	20	363	24	23	0	406	-0	6110	0	7180	0	5827	-0	7136	10.798	-2.727
430	NaN	679.0833333	NaN	632	19	364	24	24	0	408	0	6074	1	6745	0	6033	0	6991	10.664	0.617
430.1	NaN	700	NaN	719	25	363	30	30	0	406	5	6320	9	6701	12	6293	20	6776	10.588	-0.138
430.2	NaN	722	NaN	703	50	363	32	31	0	404	4	6188	13	6748	9	6130	30	6806	10.574	-0.228
430.3	NaN	761	NaN	707	52	360	34	33	0	405	5	6039	19	7008	11	5966	45	7051	10.557	-0.991
430.4	NaN	752	NaN	670	51	365	36	34	0	407	5	6071	22	7033	13	6045	51	7016	10.655	0.098
430.5	NaN	731	NaN	628	45	359	43	42	0	407	11	6295	37	7261	27	6237	87	7306	10.825	2.101
430.6	NaN	711	NaN	632	46	360	48	46	0	405	15	6469	46	7346	33	6493	108	7473	11.087	1.718
430.7	NaN	682	NaN	645.8928571	47	360	50	48	0	407	16	6760	52	7623	37	6767	118	7700	11.382	2.523
430.8	NaN	709	NaN	647.2857143	48	360	50	48	0	404	15	6805	52	7793	36	6768	121	7854	11.712	3.529
430.9	NaN	691.7048611	NaN	648.6785714	39	361	56	55	0	406	22	7046	60	8064	50	7127	137	8154	12.061	4.604
431	NaN	690.8680556	NaN	650.0714286	20	365	75	75	0	407	54	9357	84	8293	121	8389	190	8502	12.56	7.053
431.1	NaN	690.03125	NaN	651.4642857	16	365	78	77	0	406	62	11332	89	8363	137	8663	195	8510	13.391	7.817
431.2	NaN	689.1944444	NaN	652.8571429	25	360	100	100	0	407	70	15715	125	9744	145	9600	202	9112	14.36	7.967
431.3	NaN	688.3576389	NaN	654.25	24	362	100	100	0	406	71	16922	138	9949	160	9164	196	9533	15.22	8.689
431.4	NaN	687.5208333	NaN	655.6428571	21	360	100	100	0	410	56	18844	100	10373	122	9831	192	10496	16.13	7.38
431.5	NaN	686.6840278	NaN	657.0357143	19	361	100	100	0	408	60	18377	84	10495	108	10207	161	10672	16.814	6.746
431.6	NaN	685.8472222	NaN	658.4285714	5	365	100	100	0	407	39	15288	46	10986	84	10829	90	11019	17.517	7.735
431.7	NaN	685.0104167	NaN	659.8214286	2	363	100	100	0	406	45	13037	45	10961	86	10946	86	11060	17.961	6.577
431.8	NaN	684.1736111	NaN	661.2142857	8	362	100	100	0	406	31	11299	35	11365	61	11281	65	11478	18.33	3.339
431.9	NaN	683.3368056	NaN	662.6071429	7	360	100	100	0	404	26	11434	33	11411	50	11365	55	11584	18.553	2.983
432	NaN	684	NaN	637	6	358	100	100	0	406	25	11537	28	11575	47	11506	51	11673	18.758	1.447
432.1	NaN	676	NaN	649	7	357	100	100	0	407	21	11597	25	11667	42	11530	45	11713	18.874	0.467
432.2	NaN	665	NaN	651	5	362	100	100	0	405	19	11771	22	11674	37	11659	41	11768	18.978	1.037
432.3	NaN	680	NaN	662	4	358	100	100	0	406	18	11698	21	11694	35	11645	39	11758	19.043	1.463
432.4	NaN	674	NaN	657	3	361	100	100	0	406	18	11855	20	11750	35	11735	36	11771	19.085	0.422
432.5	NaN	682	NaN	666	5	363	100	100	0	404	17	11804	19	11721	33	11739	33	11786	19.107	-0.986
432.6	NaN	739	NaN	660	5	361	100	100	0	406	17	11870	18	11754	32	11765	34	11802	19.129	-0.923
432.7	NaN	690	NaN	658	4	361	100	100	0	405	18	11812	20	11744	35	11757	37	11789	19.113	0.121
432.8	NaN	699	NaN	677	3	357	100	100	0	407	16	11851	17	11772	30	11767	33	11837	19.128	-0.269
432.9	NaN	680	NaN	670	6	362	100	100	0	406	16	11785	19	11768	32	11714	33	11828	19.143	0.273
433	NaN	676	NaN	673	6	360	100	100	0	404	16	11782	18	11793	32	11751	36	11846	19.13	-0.148
433.1	NaN	709	NaN	678	6	361	100	100	0	405	15	11777	18	11836	29	11728	34	11854	19.143	-0.561
433.2	NaN	683	NaN	681	4	361	100	100	0	406	16	11789	18	11767	30	11711	33	11862	19.161	0.861
433.3	NaN	676	NaN	682	4	362	100	100	0	404	13	11796	15	11818	27	11752	28	11830	19.151	0.296
433.4	NaN	673	NaN	654	5	362	95	91	0	406	16	11825	16	11797	30	11719	32	11835	19.161	-0.038
433.5	NaN	725	NaN	682	4	360	25	21	0	406	4	11818	17	11805	9	11650	12	11743	19.105	-1.082
433.6	NaN	766	NaN	642	5	360	10	6	0	403	-6	11728	-7	11683	-5	11619	-6	11662	18.847	-3.502
433.7	NaN	660	NaN	712	3	358	0	0	0	404	-41	11214	-39	11152	-29	11094	-28	11182	18.408	-4.991
433.8	NaN	691	NaN	683	7	359	10	10	0	404	-41	11047	-38	11084	-30	10926	-27	11078	17.983	-4.899
433.9	NaN	709	NaN	662	9	358	12	12	0	407	-18	10790	-16	10828	-13	10652	-12	10892	17.561	-3.432
434	NaN	691	NaN	667	6	362	35	34	0	403	14	10695	16	10690	28	10581	30	10778	17.399	-1.189
434.1	NaN	685	NaN	688	-11	363	31	26	0	406	9	10813	8	10623	16	10742	11	10629	17.377	-1.515
434.2	NaN	774	NaN	641	-19	360	23	21	0	404	-0	10883	-0	10315	0	10770	0	10276	17.207	-2.771
434.3	NaN	760	NaN	634	-30	362	15	13	0	403	-8	10672	-10	9810	-6	10597	-8	9924	16.834	-3.153
434.4	NaN	763	NaN	640	-40	361	21	24	0	403	1	10691	0	9611	0	10539	0	9526	16.502	-2.918
434.5	NaN	689	NaN	711	-23	356	34	36	0	402	20	10580	11	9671	40	10557	22	9903	16.355	-0.237
434.6	NaN	691	NaN	687	-13	361	34	36	0	403	17	10522	13	9718	34	10458	27	9836	16.345	-1.196
434.7	NaN	693	NaN	708	8	358	35	29	0	405	10	10095	11	10053	20	10035	23	10161	16.357	-0.272
434.8	NaN	684	NaN	722	10	363	35	29	0	405	9	10022	11	10160	19	9923	23	10217	16.353	0.808
434.9	NaN	721	NaN	670	18	363	34	32	0	406	10	9888	15	10297	20	9795	30	10318	16.336	-0.116
435	NaN	719	NaN	644	20	363	35	32	0	406	10	9843	15	10292	20	9766	31	10340	16.323	-1.049
435.1	NaN	724	NaN	675	22	360	35	32	0	407	9	9789	15	10398	19	9750	31	10390	16.288	-0.871
435.2	NaN	725	NaN	688	19	358	35	32	0	406	10	9763	15	10295	20	9787	31	10346	16.253	-0.378
435.3	NaN	727	NaN	683	20	360	35	32	0	405	10	9727	16	10227	20	9695	31	10323	16.214	-1.48
435.4	NaN	766	NaN	677.3333333	13	361	0	0	0	406	-6	9659	-4	10083	-5	9510	-4	10179	16.088	-4.136
435.5	NaN	709	NaN	676.1666667	10	379	0	0	0	418	-19	9610	-17	9961	-15	9432	-14	9905	15.611	-5.182
435.6	NaN	684	NaN	675	0	661	0	0	0	658	-39	8809	-38	8785	-32	8706	-31	8790	14.836	-8.584
435.7	NaN	702	NaN	673.8333333	2	713	0	0	0	664	-38	8721	-37	8271	-32	8572	-31	8283	13.915	-10.52
435.8	NaN	681	NaN	672.6666667	-8	660	0	0	0	614	-37	7795	-39	7526	-31	7675	-34	7406	12.831	-9.655
435.9	NaN	748	NaN	671.5	-14	468	0	0	0	500	-35	7391	-40	6984	-31	7486	-35	6748	12.006	-7.448
436	NaN	715	NaN	670.3333333	-40	421	0	0	0	436	-30	7082	-43	6064	-27	7020	-39	5930	11.176	-7.274
436.1	NaN	728	NaN	669.1666667	-53	362	0	0	0	404	-28	6847	-46	5466	-25	6883	-42	4481	10.539	-7.055
436.2	NaN	693	NaN	668	-61	365	0	0	0	402	-25	6602	-48	5003	-22	6525	-44	1135	9.895	-5.412
436.3	NaN	731	NaN	666.8333333	-62	361	2	5	0	404	-22	6330	-41	4964	-20	6160	0	-155	9.367	-3.959
436.4	NaN	716	NaN	665.6666667	-62	366	35	37	0	402	27	6246	3	4804	65	6329	8	2881	8.882	-0.727
436.5	NaN	722	NaN	698	-60	364	40	44	0	402	39	6348	6	4818	95	6468	17	4900	8.889	1.434
436.6	NaN	768	NaN	675.175	-50	358	46	48	0	401	50	6507	13	4994	119	6808	31	6012	9.087	3.985
436.7	NaN	776	NaN	675.9333333	-39	357	47	50	0	404	48	6585	18	5045	114	6900	43	5988	9.31	5.241
436.8	NaN	732	NaN	676.6916667	-18	360	56	57	0	404	51	6664	32	5460	120	7203	76	6864	9.662	6.593
436.9	NaN	718	NaN	677.45	-9	363	62	63	0	404	58	6822	45	6336	134	7138	110	8725	10.141	6.813
437	NaN	674	NaN	678.2083333	-10	362	71	71	0	407	71	7477	56	8792	166	7733	130	10994	10.777	6.562
437.1	NaN	680	NaN	678.9666667	-4	361	67	64	0	407	60	7358	54	10870	139	7481	127	10066	11.42	8.353
437.2	NaN	650	NaN	679.725	9	363	68	69	0	407	57	7559	67	12376	130	7902	160	11122	12.068	5.158
437.3	NaN	762	NaN	680.4833333	8	358	47	44	0	407	25	7720	30	7928	55	7695	67	7985	12.702	1.373
437.4	NaN	693	NaN	681.2416667	2	363	66	66	0	405	32	7994	38	7988	72	7975	84	8099	13.235	4.962
437.5	NaN	738	NaN	673	-0	359	49	45	0	406	18	8559	33	8552	70	8490	35	8566	13.85	4.182
437.6	NaN	728	NaN	651	-10	360	11	7	0	408	15	8649	13	8404	32	8597	26	8509	13.826	-0.582
437.7	NaN	709	NaN	671.503125	-20	363	6	2	0	405	-24	8522	-29	7897	-20	8431	-25	8135	13.592	-3.37
437.8	NaN	733	NaN	668.5020833	-40	363	9	11	0	403	-16	8448	-23	7462	-13	8323	-20	7393	13.229	-3.057
437.9	NaN	740	NaN	665.5010417	-45	363	11	12	0	402	-12	8101	-20	7026	-11	8152	-17	6997	12.731	-2.831
438	NaN	788	NaN	652	-46	359	19	19	0	403	-6	7848	-9	6873	-5	7908	-8	5856	12.36	-2.04
438.1	NaN	728	NaN	680	-40	357	43	46	0	402	35	8152	15	6874	80	8199	32	7551	12.05	0.368
438.2	NaN	745	NaN	681	-38	362	45	48	0	403	44	8336	18	6974	99	8464	40	7483	12.154	1.786
438.3	NaN	747	NaN	698	-30	360	38	36	0	404	23	8047	11	7153	53	8148	25	7680	12.356	1.845
438.4	NaN	737	NaN	745	-23	360	38	36	0	403	20	8152	12	7134	47	8133	27	7407	12.337	-1.09
438.5	NaN	809	NaN	659	-47	359	20	18	0	405	-2	7806	-3	6856	-2	7736	-3	6808	12.215	-3.088
438.6	NaN	801	NaN	650	-38	362	22	24	0	402	0	7972	0	6864	0	7844	0	6816	11.958	-1.638
438.7	NaN	751	NaN	595	-46	360	29	29	0	405	8	7666	2	6692	19	7573	6	6767	11.859	-0.216
438.8	NaN	733	NaN	616	-42	360	29	29	0	403	8	7686	3	6697	20	7618	6	6682	11.733	0.137
438.9	NaN	707	NaN	736	-30	363	34	36	0	405	19	7675	10	6760	43	7606	22	6774	11.681	1.872
439	NaN	702	NaN	715	-31	360	34	36	0	403	19	7638	9	6760	43	7587	20	6956	11.75	1.989
439.1	NaN	755	NaN	696	-38	358	38	39	0	404	27	7783	12	6911	61	7709	27	6910	11.836	1.512
439.2	NaN	761	NaN	683	-37	358	38	39	0	403	28	7889	11	6871	62	7792	25	7060	11.967	1.7
439.3	NaN	745	NaN	666	-35	358	40	42	0	403	33	7993	14	6975	73	8022	32	7127	12.155	2.078
439.4	NaN	745	NaN	687	11	359	32	24	0	405	15	7856	14	7317	34	7866	31	7343	12.354	1.267
439.5	NaN	738	NaN	611	30	358	40	40	0	406	9	7467	18	7716	25	7469	39	7675	12.414	0.839
439.6	NaN	732	NaN	600	39	360	44	45	0	406	15	7439	30	8107	34	7369	80	8217	12.575	2.146
439.7	NaN	687	NaN	612	39	365	57	57	0	406	25	7668	50	8324	55	7525	147	8760	12.887	3.109
439.8	NaN	673	NaN	603	45	359	54	53	0	406	21	9046	62	8882	47	8157	136	8972	13.295	4.161
439.9	NaN	680	NaN	621	47	359	54	52	0	405	20	8632	61	9089	44	8449	135	9138	13.619	4.406
440	NaN	664	NaN	590	36	365	53	52	0	405	24	8717	59	9170	53	8725	127	9309	13.953	4.02
440.1	NaN	687	NaN	665	10	362	54	53	0	406	36	8587	47	9239	77	8638	102	9385	14.335	4.445
440.2	NaN	663	NaN	637	-13	358	54	53	0	405	48	9507	37	9024	102	9514	77	9187	14.885	5.248
440.3	NaN	666	NaN	601	-25	361	61	61	0	404	63	9904	38	9172	132	9808	80	9306	15.378	5.91
440.4	NaN	651	NaN	585	-40	359	76	76	0	405	109	11593	46	11847	199	10564	89	10089	16.126	7.247
440.5	NaN	667	NaN	613	-36	360	75	71	0	406	75	11349	31	11067	150	10865	66	10472	16.739	7.03
440.6	NaN	658	NaN	607	-27	356	84	86	0	403	65	11184	38	11289	129	11176	72	10819	17.262	6.262
440.7	NaN	661	NaN	618	-24	361	86	88	0	404	52	11347	32	10894	103	11305	64	11136	17.72	4.682
440.8	NaN	659	NaN	597	-3	364	100	100	0	404	45	11461	40	11024	86	11497	75	11243	18.114	4.562
440.9	NaN	679	NaN	599	6	359	100	100	0	407	30	11358	34	11356	60	11322	67	11420	18.448	3.525
441	NaN	710	NaN	622	2	359	100	100	0	406	24	11523	26	11506	44	11436	48	11603	18.678	2.652
441.1	NaN	691	NaN	643	1	358	100	100	0	407	22	11650	22	11569	41	11550	43	11664	18.845	1.729
441.2	NaN	705	NaN	636	3	359	100	100	0	407	20	11711	21	11577	38	11626	39	11691	18.949	1.156
441.3	NaN	702	NaN	646	5	363	100	100	0	406	17	11799	18	11707	34	11691	34	11774	19.06	0.889
441.4	NaN	687	NaN	662	3	357	100	100	0	405	17	11803	19	11702	31	11693	34	11780	19.138	0.724
441.5	NaN	691	NaN	660	3	362	100	100	0	404	15	11849	15	11799	28	11721	29	11850	19.188	0.587
441.6	NaN	681	NaN	664	3	363	100	100	0	405	14	11853	15	11837	25	11765	27	11877	19.22	0.714
441.7	NaN	695	NaN	661	5	361	100	100	0	405	15	11866	14	11874	28	11735	29	11940	19.27	0.676
441.8	NaN	686	NaN	705	5	362	100	100	0	406	11	11872	13	11912	22	11787	25	11956	19.296	0.122
441.9	NaN	687	NaN	687	6	361	100	100	0	404	14	11927	14	11925	27	11774	28	11965	19.296	-0.173
442	NaN	683	NaN	687	3	363	100	100	0	404	13	11871	14	11886	24	11787	26	11926	19.284	0.241
442.1	NaN	734	NaN	665	3	361	100	100	0	404	12	11955	13	11855	23	11830	25	11938	19.321	0.897
442.2	NaN	707	NaN	676	2	359	100	100	0	405	13	11990	13	11831	25	11839	25	11908	19.342	1.298
442.3	NaN	702	NaN	664	2	361	100	100	0	403	12	11981	12	11825	23	11844	24	11891	19.336	0.63
442.4	NaN	687	NaN	648	1	361	100	100	0	404	11	11974	13	11818	23	11915	21	11903	19.326	0.091
442.5	NaN	706	NaN	652	3	362	100	100	0	405	11	11979	12	11821	23	11911	23	11908	19.33	-0.138
442.6	NaN	703	NaN	654	4	360	100	100	0	403	12	11918	13	11797	24	11892	24	11911	19.34	0.441
442.7	NaN	686	NaN	684	3	360	100	100	0	403	12	11962	13	11824	23	11888	24	11922	19.333	0.426
442.8	NaN	687	NaN	674	4	357	100	100	0	405	13	11992	14	11835	22	11903	24	11960	19.333	-0.165
442.9	NaN	690	NaN	677	2	359	100	100	0	405	13	11974	12	11854	24	11895	23	11938	19.345	0.175
443	NaN	693	NaN	702	4	361	100	100	0	402	11	11962	13	11861	22	11861	24	11959	19.341	0.059
443.1	NaN	695	NaN	690	5	364	100	100	0	405	12	11935	13	11882	23	11861	24	11974	19.345	-0.284
443.2	NaN	686	NaN	682	4	363	100	100	0	406	12	11968	13	11911	22	11849	22	11980	19.351	-0.464
443.3	NaN	703	NaN	707	4	359	100	100	0	406	11	11949	13	11917	21	11843	23	11968	19.358	0.059
443.4	NaN	699	NaN	681	2	363	100	100	0	405	12	11954	13	11948	21	11828	23	11962	19.353	-0.022
443.5	NaN	707	NaN	687	2	359	100	100	0	405	11	11956	12	11938	22	11858	22	11984	19.349	0.202
443.6	NaN	688	NaN	716	3	361	100	100	0	406	10	11958	12	11979	19	11836	22	11948	19.354	0.83
443.7	NaN	696	NaN	709	3	361	100	100	0	407	11	11970	12	11948	20	11849	21	11971	19.361	0.771
443.8	NaN	691	NaN	680	-0	360	100	100	0	405	10	11991	10	11849	20	11840	20	11910	19.362	0.745
443.9	NaN	689	NaN	675.75	-1	364	100	100	0	405	13	12010	10	11912	24	11886	21	11922	19.355	0.558
444	NaN	699	NaN	700	-3	361	100	100	0	404	12	12048	12	11779	20	11934	21	11886	19.357	0.865
444.1	NaN	690	NaN	682	-7	360	100	100	0	404	13	12086	11	11867	28	11988	21	11867	19.366	0.911
444.2	NaN	697	NaN	669	-7	360	100	100	0	405	14	12175	13	11736	27	12031	24	11825	19.374	0.921
444.3	NaN	692	NaN	659	-8	360	100	100	0	405	17	12187	13	11723	32	12109	27	11832	19.377	1.184
444.4	NaN	687	NaN	661	-8	356	100	100	0	403	15	12121	15	11736	28	12086	24	11855	19.399	-0.041
444.5	NaN	699	NaN	657	-8	357	100	100	0	404	15	12210	13	11755	30	12089	25	11879	19.427	-0.815
444.6	NaN	682	NaN	648	-6	359	100	100	0	405	13	12157	13	11797	25	12064	24	11891	19.446	0.236
444.7	NaN	675	NaN	671	-6	359	100	100	0	405	14	12184	13	11792	27	12062	27	11902	19.448	-0.797
444.8	NaN	684	NaN	662	-6	360	100	100	0	404	13	12167	13	11810	27	12045	24	11912	19.459	-0.427
444.9	NaN	684	NaN	650	-6	356	100	100	0	404	14	12171	14	11848	27	12036	25	11923	19.453	0.214
445	NaN	681	NaN	677	-1	358	100	100	0	405	10	12082	11	11882	23	11949	22	11945	19.45	0.481
445.1	NaN	683	NaN	654	1	361	100	100	0	406	12	12069	11	11893	22	11979	25	11983	19.406	0.542
445.2	NaN	681	NaN	716	3	363	100	100	0	407	11	12018	13	11945	20	11929	21	11960	19.401	0.845
445.3	NaN	741	NaN	647	1	361	53	48	0	403	11	12020	12	11905	21	11934	23	11965	19.37	-0.663
445.4	NaN	688	NaN	631	3	359	0	0	0	405	-10	11919	-9	11808	-7	11747	-16	11669	19.126	-3.418
445.5	NaN	670	NaN	755	5	360	0	0	0	404	-37	11503	-36	11461	-27	11388	-26	11441	18.709	-4.247
445.6	NaN	655	NaN	700	5	363	0	0	0	401	-40	11096	-39	11082	-30	10803	-28	11070	18.224	-5.296
445.7	NaN	653	NaN	701	9	359	0	0	0	404	-42	10776	-39	10840	-32	10536	-28	10884	17.645	-5.81
445.8	NaN	654	NaN	695	6	360	0	0	0	403	-41	10274	-39	10496	-31	10220	-29	10465	17.158	-5.727
445.9	NaN	646	NaN	680	5	367	0	0	0	404	-40	10031	-38	10190	-31	9845	-30	10128	16.596	-6.684
446	NaN	645	NaN	719	2	366	0	0	0	402	-40	9748	-38	9824	-32	9642	-30	9810	16.125	-6.457
446.1	NaN	668	NaN	716	3	364	0	0	0	405	-40	9493	-39	9457	-32	9308	-30	9351	15.57	-4.986
446.2	NaN	655	NaN	709	4	386	0	0	0	416	-39	9236	-38	9267	-32	9156	-30	9184	15.036	-5.837
446.3	NaN	655	NaN	731	4	379	0	0	0	411	-39	8790	-38	8735	-32	8710	-31	8833	14.459	-5.283
446.4	NaN	654	NaN	729	11	518	0	0	0	543	-40	8401	-37	8512	-33	8207	-30	8355	13.861	-5.113
446.5	NaN	653	NaN	702	12	442	0	0	0	457	-41	7333	-36	7920	-34	7636	-30	7960	12.948	-11.19
446.6	NaN	691	NaN	759	24	363	0	0	0	400	-40	7609	-31	7806	-37	6843	-29	7822	12.331	-12.996
446.7	NaN	679	NaN	698	30	361	3	3	0	406	-37	6780	-27	7477	-32	6696	-24	7632	11.778	-6.979
446.8	NaN	670	NaN	758	34	360	3	2	0	403	-39	6619	-27	7333	-34	5760	-24	7245	11.296	-4.161
446.9	NaN	671.4090909	NaN	642	35	364	18	17	0	407	-7	6272	-4	7079	-6	6060	-4	7075	10.872	-2.998
447	NaN	673.8181818	NaN	642	35	363	22	22	0	406	0	6222	0	7045	0	6006	0	7011	10.674	-1.34
447.1	NaN	676.2272727	NaN	679	32	361	33	33	0	404	7	6303	16	6933	17	6278	37	7026	10.638	0.054
447.2	NaN	678.6363636	NaN	704	40	360	32	28	0	405	5	6290	11	7006	11	6206	26	7013	10.645	-0.677
447.3	NaN	681.0454545	NaN	616	42	362	28	25	0	407	0	6207	2	6986	2	6077	4	6946	10.539	-1.597
447.4	NaN	683.4545455	NaN	710	42	364	27	26	0	406	1	6078	3	6950	2	5939	8	6906	10.404	-1.771
447.5	NaN	685.8636364	NaN	744	54	363	27	27	0	407	1	5912	5	6847	3	5801	12	6862	10.288	-1.434
447.6	NaN	688.2727273	NaN	732	62	362	28	27	0	406	1	5802	6	6726	3	5719	13	6729	10.138	-1.613
447.7	NaN	690.6818182	NaN	693	66	364	27	27	0	405	0	5584	5	6671	2	5488	13	6696	9.987	-2.766
447.8	NaN	693.0909091	NaN	775	73	359	28	28	0	406	0	5441	8	6367	2	5424	18	6481	9.779	-2.486
447.9	NaN	704	NaN	673	74	363	33	34	0	404	2	5305	21	6444	4	5266	49	6575	9.671	-1.455
448	NaN	755	NaN	698	79	363	33	34	0	404	1	5079	21	6244	2	5290	50	6385	9.623	0.361
448.1	NaN	729	NaN	644	78	361	33	34	0	406	1	5186	22	6425	3	5193	51	6472	9.515	-0.667
448.2	NaN	742	NaN	657	79	360	33	34	0	407	1	5053	22	6399	3	5089	53	6470	9.375	0.149
448.3	NaN	767	NaN	668	77	364	33	34	0	404	1	5054	22	6183	2	5083	52	6355	9.313	-0.431
448.4	NaN	734	NaN	644	76	360	39	41	0	407	2	4994	35	6313	5	4989	85	6543	9.202	0.073
448.5	NaN	697	NaN	584	76	363	52	55	0	407	4	4977	68	6545	10	5097	173	6596	9.377	3.192
448.6	NaN	654	NaN	590	67	359	60	62	0	405	11	5549	88	6992	27	5591	201	7163	9.765	5.203
448.7	NaN	649	NaN	573	68	360	59	62	0	406	11	5521	87	7437	27	5671	199	7571	10.088	5.987
448.8	NaN	694	NaN	560	35	362	60	62	0	405	28	6081	74	7266	65	6641	167	7722	10.389	7.599
448.9	NaN	676	NaN	589	3	364	61	63	0	407	50	7917	54	7244	117	8794	125	7892	10.762	7.947
449	NaN	703	NaN	627	-7	360	61	63	0	407	56	8824	48	7250	129	11188	110	7666	11.25	7.506
449.1	NaN	686	NaN	608	1	361	61	63	0	408	52	10421	52	7428	118	12937	119	7641	11.824	7.818
449.2	NaN	641	NaN	581	6	362	62	59	0	406	51	11047	57	7876	112	10543	126	7880	12.549	6.708
449.3	NaN	651	NaN	583	5	357	59	53	0	408	41	9113	47	8093	93	8170	106	8204	13.168	5.792
449.4	NaN	664	NaN	604	8	361	53	50	0	406	39	8560	44	8670	84	8527	106	8517	13.663	4.345
449.5	NaN	688	NaN	586	5	358	51	49	0	408	36	8744	42	8838	77	8728	90	8994	14.207	4.894
449.6	NaN	691	NaN	666	-5	363	25	22	0	404	11	9039	11	8933	23	8980	19	9011	14.446	2.362
449.7	NaN	727	NaN	655	-8	362	15	12	0	404	-12	9062	-10	8725	-11	8893	-11	8665	14.502	-2.266
449.8	NaN	699	NaN	709	-14	359	12	7	0	406	-19	8868	-22	8389	-16	8768	-18	8424	14.218	-3.457
449.9	NaN	714	NaN	644	-21	361	13	15	0	406	-12	8808	-14	8058	-10	8705	-12	8088	13.883	-3.339
450	NaN	774	NaN	641	-21	363	21	23	0	404	-0	8712	-0	7917	-0	8648	-0	8047	13.638	-2.156
450.1	NaN	782	NaN	643	-37	359	23	24	0	403	-0	8599	-0	7696	-0	8469	-0	7708	13.376	-2.572
450.2	NaN	777	NaN	646	-37	358	14	12	0	403	-3	8541	-5	7450	-2	8438	-4	7452	13.117	-3.643
450.3	NaN	699	NaN	680	-44	364	14	16	0	403	-13	8268	-17	7043	-10	8184	-16	6692	12.773	-3.843
450.4	NaN	769	NaN	649	-42	363	20	22	0	403	0	8206	0	7106	-1	8118	0	7069	12.431	-2.892
450.5	NaN	741	NaN	623	-44	359	26	28	0	401	5	7945	1	6809	11	7909	4	6871	12.096	-1.721
450.6	NaN	717	NaN	606	-42	357	29	32	0	403	8	7829	3	6804	18	7798	6	6838	11.934	0.014
450.7	NaN	672	NaN	674	-50	358	32	35	0	403	18	7747	6	6780	41	7757	13	6865	11.831	0.402
450.8	NaN	679	NaN	673	-48	360	32	35	0	404	18	7826	5	6676	41	7789	12	6964	11.765	-0.095
450.9	NaN	683	NaN	669	-49	362	32	33	0	402	17	7718	5	6629	40	7725	11	6995	11.714	0.702
451	NaN	690	NaN	674	-52	357	32	32	0	403	15	7721	5	6565	34	7689	10	6638	11.615	-0.717
451.1	NaN	696	NaN	625	-48	361	31	31	0	403	12	7716	3	6359	28	7661	8	7013	11.468	-2.907
451.2	NaN	707	NaN	633	-47	363	30	29	0	402	10	7666	3	6404	23	7574	7	6440	11.285	-1.876
451.3	NaN	676	NaN	714	-35	359	36	36	0	402	23	7596	9	6424	52	7533	23	6512	11.235	0.353
451.4	NaN	710	NaN	701	0	361	36	35	0	403	19	7340	11	6529	44	7369	26	6792	11.342	1.317
451.5	NaN	701.9	NaN	646	34	362	21	15	0	405	-3	6627	-2	7015	-3	6551	-2	6980	11.274	-0.174
451.6	NaN	700.8	NaN	710	40	361	31	30	0	404	1	6452	3	7108	3	6330	11	7167	11.103	-1.724
451.7	NaN	699.7	NaN	694	45	359	33	32	0	405	6	6394	16	7158	14	6360	38	7206	11.054	-0.578
451.8	NaN	698.6	NaN	683	48	363	33	31	0	407	5	6318	16	7180	11	6259	36	7226	11.008	-0.896
451.9	NaN	697.5	NaN	645	47	361	33	31	0	407	5	6253	16	7167	11	6244	37	7265	10.963	-0.638
452	NaN	696.4	NaN	660	50	361	34	31	0	406	4	6216	16	7109	10	6234	38	7192	10.931	-0.803
452.1	NaN	695.3	NaN	651	52	363	35	35	0	407	5	6199	21	7170	13	6152	48	7284	10.881	-1.306
452.2	NaN	694.2	NaN	635	58	361	35	35	0	406	4	6181	23	7108	11	6165	52	7232	10.864	-0.717
452.3	NaN	693.1	NaN	640	57	360	35	35	0	405	5	6133	22	7196	10	6116	52	7219	10.838	-0.724
452.4	NaN	692	NaN	646	58	362	36	37	0	404	5	6101	26	7090	13	6673	63	7185	10.835	-0.754
452.5	NaN	714	NaN	635	57	364	37	38	0	408	6	6072	29	7216	15	7349	67	7411	10.821	-0.08
452.6	NaN	710	NaN	612	59	358	37	37	0	407	5	6086	28	7169	13	6257	66	7325	10.796	0.581
452.7	NaN	713	NaN	613	56	361	37	36	0	406	6	6036	27	7127	14	6229	63	7339	10.738	0.031
452.8	NaN	704	NaN	594	46	363	43	43	0	406	11	6152	37	7211	26	6366	88	7344	10.779	1.631
452.9	NaN	695	NaN	571	31	359	45	46	0	407	17	6352	38	7155	40	6455	88	7322	11.009	4.111
453	NaN	652	NaN	589	35	365	60	61	0	407	30	7334	71	7588	70	6899	160	7605	11.442	4.973
453.1	NaN	638	NaN	549	43	363	60	62	0	408	27	7301	75	7758	62	7025	164	7797	11.967	5.218
453.2	NaN	658	NaN	586	40	362	60	61	0	408	28	7774	74	8305	63	7442	164	8347	12.509	6.029
453.3	NaN	649	NaN	584	31	363	59	58	0	406	33	7840	68	8437	73	7750	148	8536	12.944	6.163
453.4	NaN	667	NaN	588	-1	359	52	50	0	406	39	8444	38	8506	85	8404	83	8580	13.427	4.754
453.5	NaN	687	NaN	637	-14	360	43	40	0	403	29	8671	25	8408	62	8589	53	8539	13.89	2.473
453.6	NaN	692	NaN	648	-29	356	42	41	0	406	32	9158	17	8444	69	9081	36	8679	14.066	2.1
453.7	NaN	729	NaN	648	-28	357	42	41	0	405	32	9244	17	8410	67	9157	37	8616	14.24	2.081
453.8	NaN	712	NaN	701	-28	356	42	43	0	405	33	9412	18	8553	70	9367	39	8641	14.377	1.955
453.9	NaN	676	NaN	623	-28	356	42	43	0	403	33	9434	18	8607	70	9409	40	8722	14.55	1.661
454	NaN	692	NaN	654	-34	355	42	43	0	404	36	9648	17	8699	76	9614	36	8818	14.728	1.269
454.1	NaN	711	NaN	641	-29	358	42	44	0	404	35	9789	17	8729	75	9731	37	9085	14.892	2.062
454.2	NaN	653	NaN	596	-19	357	49	51	0	405	45	9826	29	9396	98	9841	62	9211	15.12	3.044
454.3	NaN	661	NaN	610	-4	361	46	43	0	405	32	9856	27	9496	66	9833	57	9490	15.467	3.665
454.4	NaN	655	NaN	615	8	358	43	37	0	406	23	9776	26	9595	47	9754	52	9649	15.66	1.275
454.5	NaN	682	NaN	591	15	358	41	41	0	406	19	9610	28	9941	40	9570	58	10053	15.853	1.054
454.6	NaN	676	NaN	593	13	364	41	42	0	403	21	9708	28	10006	43	9679	57	10076	16.009	2.83
454.7	NaN	696	NaN	593	22	363	41	40	0	406	19	9806	28	10242	38	9727	58	10311	16.234	2.342
454.8	NaN	670	NaN	607	31	365	41	41	0	406	16	9789	31	10387	33	9751	65	10444	16.332	1.338
454.9	NaN	677	NaN	583	37	363	41	40	0	403	15	9755	33	10441	30	9746	68	10591	16.375	0.872
455	NaN	709	NaN	582	29	364	41	43	0	403	17	9914	33	10445	36	9879	67	10628	16.45	1.637
455.1	NaN	714	NaN	593	8	362	43	46	0	407	27	10074	31	10460	55	10132	62	10547	16.59	2.378
455.2	NaN	692	NaN	568	2	359	51	54	0	406	39	10433	42	10412	79	10442	86	10501	16.902	3.92
455.3	NaN	654	NaN	613	4	359	55	55	0	406	44	10804	48	10828	86	10754	94	10860	17.469	5.472
455.4	NaN	634	NaN	582	5	363	54	54	0	406	39	11043	43	11002	77	10963	82	11072	17.815	5.37
455.5	NaN	667	NaN	584	-2	359	54	54	0	407	36	11314	36	11229	71	11242	70	11280	18.134	4.368
455.6	NaN	678	NaN	600	-11	360	54	54	0	407	39	11552	32	11248	72	11473	58	11318	18.451	3.555
455.7	NaN	675	NaN	594	-12	358	66	68	0	404	36	11788	30	11312	70	11738	56	11440	18.631	3.006
455.8	NaN	699	NaN	621	-14	356	99	100	0	406	29	11923	26	11426	52	11806	43	11480	18.836	2.656
455.9	NaN	702	NaN	615	-14	359	100	100	0	404	28	12033	23	11529	54	11918	42	11621	18.94	2.814
456	NaN	701	NaN	640	-13	357	100	100	0	404	23	12064	19	11517	43	11960	34	11578	19.051	2.747
456.1	NaN	678	NaN	627	-13	358	100	100	0	405	27	12126	21	11588	52	12033	38	11684	19.1	2.317
456.2	NaN	688	NaN	636	-10	363	100	100	0	404	21	12105	17	11566	37	12011	32	11656	19.17	2.119
456.3	NaN	694	NaN	635	-8	358	100	100	0	407	17	12070	16	11677	32	11948	27	11698	19.206	1
456.4	NaN	703	NaN	661	-5	359	100	100	0	406	13	12043	13	11690	27	11941	27	11759	19.25	0.958
456.5	NaN	681	NaN	635	-1	362	100	100	0	404	14	11990	14	11743	26	11901	25	11768	19.264	0.879
456.6	NaN	682	NaN	642	3	360	100	100	0	406	13	11938	14	11757	23	11862	26	11829	19.278	-0.372
456.7	NaN	687	NaN	634	4	357	100	100	0	404	14	11910	14	11861	25	11822	28	11875	19.263	-1.192
456.8	NaN	680	NaN	670	6	361	100	100	0	404	13	11884	15	11819	26	11802	27	11906	19.262	-0.571
456.9	NaN	668	NaN	692	4	361	100	100	0	403	14	11895	17	11857	28	11797	33	11896	19.269	-0.422
457	NaN	675	NaN	664	7	363	100	100	0	405	14	11871	15	11821	26	11772	27	11927	19.279	-0.113
457.1	NaN	677	NaN	648	7	361	100	100	0	408	16	11868	18	11875	29	11791	33	11932	19.275	0.098
457.2	NaN	669	NaN	639.7	6	360	100	100	0	405	13	11895	16	11875	25	11745	28	11952	19.282	0.609
457.3	NaN	666	NaN	644.9	4	363	100	100	0	406	15	11896	16	11864	28	11815	31	11967	19.274	-0.331
457.4	NaN	667	NaN	650.1	7	362	100	100	0	407	12	11869	16	11862	24	11765	28	11972	19.274	-0.26
457.5	NaN	667	NaN	655.3	4	363	100	100	0	406	15	11880	16	11857	28	11792	29	11956	19.256	-0.405
457.6	NaN	666	NaN	647	6	364	100	100	0	405	13	11851	14	11881	23	11750	26	11954	19.253	-0.733
457.7	NaN	687	NaN	642	6	359	100	100	0	406	15	11911	16	11847	27	11787	29	11952	19.255	0.292
457.8	NaN	675	NaN	660	4	363	100	99	0	405	12	11889	13	11835	23	11797	25	11910	19.247	-0.178
457.9	NaN	671	NaN	638	4	361	54	49	0	406	15	11905	15	11827	26	11765	28	11875	19.256	0.381
458	NaN	689	NaN	661	2	359	52	47	0	406	14	11928	16	11840	25	11831	28	11882	19.236	0.734
458.1	NaN	732	NaN	635	3	362	19	14	0	405	-1	11788	0	11714	-1	11595	3	11714	19.209	-0.172
458.2	NaN	672	NaN	672	3	359	0	0	0	406	-21	11643	-19	11558	-16	11520	-16	11564	18.949	-2.867
458.3	NaN	643	NaN	674	6	358	0	0	0	402	-42	11233	-41	11236	-31	11093	-29	11204	18.496	-4.785
458.4	NaN	647	NaN	692	6	360	0	0	0	402	-41	11065	-37	11138	-30	10888	-28	11021	17.992	-5.441
458.5	NaN	651	NaN	706	7	362	0	0	0	403	-42	10527	-38	10592	-31	10406	-29	10569	17.382	-5.302
458.6	NaN	643	NaN	704	7	361	0	0	0	404	-41	10391	-39	10393	-31	10206	-30	10382	16.883	-5.924
458.7	NaN	646	NaN	684	3	363	0	0	0	405	-40	9883	-39	9934	-32	9704	-30	9879	16.197	-5.524
458.8	NaN	654	NaN	708	4	362	7	7	0	405	-33	9726	-33	9646	-26	9605	-25	9690	15.739	-3.815
458.9	NaN	690	NaN	667	4	358	13	13	0	404	-15	9466	-15	9484	-12	9384	-12	9435	15.371	-3.727
459	NaN	707	NaN	612	3	361	15	15	0	404	-11	9422	-11	9391	-10	9273	-9	9350	15.11	-3.186
459.1	NaN	732	NaN	626	6	362	17	15	0	405	-9	9079	-8	9126	-7	8992	-6	9144	14.88	-2.626
459.2	NaN	741	NaN	631	9	361	17	16	0	405	-7	8942	-7	9159	-6	8894	-5	9149	14.629	-2.537
459.3	NaN	743	NaN	628	13	360	17	16	0	407	-7	8728	-6	9057	-6	8602	-5	9015	14.396	-2.001
459.4	NaN	745	NaN	632	14	363	17	16	0	404	-7	8635	-6	8789	-6	8547	-5	8922	14.242	-2.011
459.5	NaN	679	NaN	706	24	361	0	0	0	407	-29	8175	-24	8806	-24	8183	-20	8761	13.913	-3.318
459.6	NaN	696	NaN	714	29	362	0	0	0	406	-41	7481	-31	8702	-35	7447	-27	8861	13.42	-2.965
459.7	NaN	695	NaN	736	55	359	0	0	0	403	-48	6380	-28	7906	-42	4229	-24	7978	12.874	-3.496
459.8	NaN	702	NaN	760	55	359	0	0	0	406	-48	5860	-27	7871	-42	1450	-24	7813	12.149	-6.137
459.9	NaN	703	NaN	722	47	364	0	0	0	404	-47	5899	-29	7304	-3	-460	-25	7297	11.473	-7.233
460	NaN	727	NaN	662	44	362	13	14	0	405	-16	4812	-11	6971	-14	2586	-9	7000	10.633	-5.167
460.1	NaN	729	NaN	626	8	364	18	19	0	405	-4	5234	-4	6779	-4	3668	-3	6715	10.024	-1.816
460.2	NaN	699	NaN	587	-8	361	26	28	0	405	3	5151	2	6356	7	5104	5	6295	9.363	-0.196
460.3	NaN	709	NaN	573	36	364	60	59	0	408	26	5154	51	6057	62	6151	134	6766	9.132	2.281
460.4	NaN	594	NaN	566	34	362	78	77	0	406	43	7344	100	7445	102	7752	199	7691	9.077	6.151
460.5	NaN	627	NaN	561	18	362	78	77	0	406	57	10212	89	8196	136	8571	200	7070	9.623	9.094
460.6	NaN	615	NaN	558	-3	359	82	79	0	407	82	14062	75	6879	154	15297	176	7389	10.312	8.135
460.7	NaN	616	NaN	545	-5	358	82	80	0	408	85	16621	75	7275	167	15435	173	7357	10.983	6.362
460.8	NaN	638	NaN	576	-13	358	62	58	0	406	68	21243	45	7400	123	13806	93	7535	12.053	4.112
460.9	NaN	736	NaN	629	-35	360	17	13	0	405	-3	15236	-3	7207	-2	8028	-4	7367	12.557	2.256
461	NaN	659	NaN	619	-48	360	56	54	0	403	79	9261	21	7891	167	8745	46	7710	12.827	7.506
461.1	NaN	678	NaN	648	-44	354	52	50	0	404	54	8806	20	8205	120	8756	45	8140	13.25	5.11
461.2	NaN	668	NaN	609	-34	360	52	49	0	404	59	8842	27	8623	126	8907	57	8335	13.582	4.781
461.3	NaN	643	NaN	597	-29	358	60	64	0	404	45	9087	22	8168	100	9082	53	8909	14.023	4.41
461.4	NaN	647	NaN	598	-20	358	56	51	0	405	52	9342	32	10445	109	9393	69	9032	14.559	6.524
461.5	NaN	615	NaN	596	12	365	55	52	0	405	44	9506	41	10279	93	9539	89	9021	14.91	5.112
461.6	NaN	623	NaN	596	15	359	54	47	0	406	33	9413	45	9732	66	9412	93	9782	15.362	5.409
461.7	NaN	687	NaN	583	30	363	50	44	0	407	33	9556	50	10008	69	9528	107	9984	15.761	4.386
461.8	NaN	697	NaN	571	28	366	50	46	0	408	25	9756	44	10353	51	9724	91	10444	16.01	3.074
461.9	NaN	656	NaN	595	26	360	50	46	0	406	25	10095	45	10382	51	9871	90	10492	16.304	2.661
462	NaN	616	NaN	566	24	359	50	46	0	407	27	10075	46	10617	54	10031	91	10695	16.535	2.242
462.1	NaN	647	NaN	560	27	361	50	47	0	407	26	10925	45	10742	53	10251	92	10789	16.82	2.818
462.2	NaN	660	NaN	592	17	363	52	52	0	408	31	10520	48	10990	62	10555	97	11063	17.098	3.083
462.3	NaN	628	NaN	553	15	363	57	57	0	405	41	11171	54	11136	79	10780	107	11274	17.463	4.191
462.4	NaN	648	NaN	578	14	360	62	61	0	407	36	11038	48	11171	71	10902	96	11315	17.848	4.728
462.5	NaN	671	NaN	567	6	361	100	100	0	406	29	11285	36	11386	55	11218	69	11529	18.259	3.098
462.6	NaN	648	NaN	605	-1	364	100	100	0	406	29	11440	30	11413	55	11400	54	11485	18.485	2.184
462.7	NaN	650	NaN	617	-5	362	100	100	0	407	28	11856	24	11419	52	11744	46	11560	18.747	3.09
462.8	NaN	647	NaN	617	-5	362	100	100	0	404	23	11778	21	11505	45	11731	40	11577	18.894	2.665
462.9	NaN	671	NaN	632	-8	358	100	100	0	406	20	11916	17	11606	39	11819	32	11641	18.984	1.834
463	NaN	652	NaN	632	-7	360	100	100	0	404	20	11979	17	11607	37	11859	32	11652	19.066	1.921
463.1	NaN	663	NaN	633	-6	364	99	98	0	405	17	12148	16	11762	34	11989	31	11749	19.122	1.557
463.2	NaN	680	NaN	596.3947368	-8	360	100	100	0	404	18	12032	15	11652	35	12005	29	11745	19.147	1.406
463.3	NaN	661	NaN	596.7894737	-6	363	72	72	0	404	19	12172	15	11663	32	12090	28	11724	19.228	0.119
463.4	NaN	671	NaN	597.1842105	-6	359	77	80	0	403	14	12108	13	11744	29	11996	25	11741	19.25	-0.138
463.5	NaN	674	NaN	597.5789474	1	363	62	57	0	405	14	11894	15	11722	26	11828	30	11901	19.281	-1.045
463.6	NaN	691	NaN	597.9736842	-1	361	0	0	0	403	1	11836	2	11766	3	11656	-1	11697	19.216	-2.793
463.7	NaN	642	NaN	598.3684211	-2	359	0	0	0	402	-33	11496	-30	11298	-22	11326	-24	11319	18.774	-4.869
463.8	NaN	635	NaN	598.7631579	4	360	0	0	0	401	-41	11377	-37	11105	-31	11165	-29	11049	18.251	-5.948
463.9	NaN	628	NaN	599.1578947	3	363	0	0	0	402	-41	10803	-40	10742	-30	10608	-29	10707	17.773	-5.483
464	NaN	638	NaN	599.5526316	5	363	0	0	0	405	-42	10462	-39	10404	-32	10233	-30	10429	17.142	-5.648
464.1	NaN	626	NaN	599.9473684	8	509	0	0	0	470	-41	10068	-37	10074	-32	9807	-29	10185	16.528	-6.666
464.2	NaN	645	NaN	600.3421053	9	567	0	0	0	565	-41	9339	-37	9469	-33	9235	-30	9449	15.681	-8.255
464.3	NaN	643	NaN	600.7368421	9	526	0	0	0	534	-40	8759	-37	8974	-33	8655	-30	8973	14.946	-8.342
464.4	NaN	647	NaN	601.1315789	9	439	0	0	0	442	-40	8372	-36	8573	-33	8232	-30	8562	14.052	-6.987
464.5	NaN	669	NaN	601.5263158	7	369	3	6	0	402	-30	8219	-27	8468	-26	8112	-24	8391	13.574	-5.533
464.6	NaN	644	NaN	601.9210526	-13	362	3	0	0	402	-30	8057	-34	7752	-26	7984	-29	7774	13.058	-4.223
464.7	NaN	650	NaN	602.3157895	-18	361	0	0	0	401	-35	8025	-41	7512	-29	7888	-35	7410	12.591	-4.77
464.8	NaN	645	NaN	602.7105263	-26	361	4	5	0	400	-28	7663	-36	6797	-25	7598	-32	6575	11.911	-5.426
464.9	NaN	647.8	NaN	603.1052632	-32	358	12	14	0	402	-13	7579	-18	6820	-12	7433	-15	6693	11.568	-3.643
465	NaN	647.1	NaN	639	-37	362	22	24	0	403	0	7407	0	6533	0	7325	0	6501	11.299	-1.703
465.1	NaN	646.4	NaN	620	-35	362	30	33	0	402	9	7415	4	6489	23	7319	10	6472	11.202	-0.386
465.2	NaN	645.7	NaN	675	-17	360	32	33	0	404	13	7300	8	6641	30	7248	20	6628	11.235	0.871
465.3	NaN	645	NaN	626	-2	365	27	25	0	405	3	7131	2	6693	6	7035	5	6710	11.192	-0.637
465.4	NaN	644.3	NaN	633	41	363	25	22	0	408	-0	6430	-0	7011	0	6411	0	7032	11.004	-2.369
465.5	NaN	643.6	NaN	631	58	365	25	25	0	407	0	6267	0	6974	0	6243	0	7035	10.833	-2.721
465.6	NaN	642.9	NaN	642	57	360	28	29	0	404	1	5956	5	6932	2	5815	17	7028	10.616	-1.576
465.7	NaN	642.2	NaN	590	58	361	39	41	0	404	6	5968	30	7067	15	5910	69	7072	10.461	0.356
465.8	NaN	641.5	NaN	589	59	361	39	40	0	406	7	6073	34	7139	16	6011	80	7202	10.557	0.16
465.9	NaN	640.8	NaN	589	63	363	39	39	0	407	6	6076	34	7220	14	6016	78	7246	10.647	0.141
466	NaN	640.1	NaN	675	61	363	33	31	0	406	3	5981	18	7137	7	5958	40	7198	10.611	-0.312
466.1	NaN	639.4	NaN	655	60	362	34	33	0	407	3	5928	18	7082	8	5962	43	7164	10.547	-1.511
466.2	NaN	638.7	NaN	604	55	362	41	43	0	407	8	5993	37	7119	20	6011	87	7248	10.57	0.862
466.3	NaN	689	NaN	590	51	362	54	56	0	403	16	6231	60	7250	37	6302	144	7362	10.683	3.301
466.4	NaN	647.4291667	NaN	585	46	363	68	69	0	408	28	6867	90	7868	65	6836	205	7843	11.071	4.595
466.5	NaN	650.2083333	NaN	584	43	364	74	75	0	405	35	9908	105	9077	79	7288	210	8295	11.683	8.17
466.6	NaN	652.9875	NaN	603	40	362	75	75	0	408	37	10151	106	8907	87	8324	205	8420	12.279	7.108
466.7	NaN	655.7666667	NaN	587	14	359	79	79	0	407	70	8806	87	8763	158	13465	202	9181	13.074	8.156
466.8	NaN	658.5458333	NaN	572	16	359	79	79	0	406	68	12707	91	9504	154	12833	202	9164	13.842	10.161
466.9	NaN	661.325	NaN	590	16	358	79	78	0	408	61	13175	100	9774	138	11384	197	9827	14.931	9.327
467	NaN	664.1041667	NaN	554	13	360	79	79	0	406	72	16186	93	10231	148	9557	181	9865	15.795	11.702
467.1	NaN	666.8833333	NaN	581	13	359	90	89	0	406	55	17385	68	10527	107	10388	131	10596	16.645	8.768
467.2	NaN	669.6625	NaN	561	6	359	100	100	0	407	52	15667	60	10759	101	10461	120	10846	17.327	5.748
467.3	NaN	672.4416667	NaN	614	-3	359	100	100	0	407	39	11260	36	11065	75	11205	70	11149	17.927	3.738
467.4	NaN	675.2208333	NaN	615	-1	362	100	100	0	405	37	11334	34	11224	71	11254	68	11265	18.268	3.756
467.5	NaN	656	NaN	626	4	363	100	100	0	407	25	11532	27	11472	47	11422	50	11511	18.573	2.163
467.6	NaN	654	NaN	625	2	362	100	100	0	405	26	11590	27	11505	49	11526	52	11589	18.744	1.015
467.7	NaN	666	NaN	647	2	363	100	100	0	404	20	11803	21	11640	37	11640	39	11684	18.857	0.342
467.8	NaN	660	NaN	643	0	362	99	97	0	406	19	11787	15	11622	35	11683	36	11736	18.971	0.526
467.9	NaN	673	NaN	690	1	363	0	0	0	405	-21	11542	-20	11575	-15	11349	-14	11429	18.821	-1.1
468	NaN	643	NaN	695	1	359	0	0	0	403	-40	11166	-39	11048	-22	11052	-29	11155	18.425	-4.314
468.1	NaN	635	NaN	679	-1	363	0	0	0	405	-39	11030	-40	11071	-30	10475	-30	10649	17.976	-5.715
468.2	NaN	679	NaN	720	-1	505	0	0	0	495	-40	10494	-42	10358	-29	10468	-31	10528	17.337	-7.008
468.3	NaN	645	NaN	691	-0	560	0	0	0	555	-39	10014	-40	9813	-31	9841	-32	9838	16.652	-6.432
468.4	NaN	675	NaN	670	-3	603	0	0	0	588	-38	9413	-40	9310	-31	9328	-31	9452	15.744	-8.605
468.5	NaN	677	NaN	677	-1	636	0	0	0	611	-38	8858	-39	8784	-31	8591	-32	8819	14.947	-8.398
468.6	NaN	682	NaN	667	-0	615	0	0	0	581	-39	8251	-39	8153	-31	8225	-32	8162	13.944	-8.571
468.7	NaN	679	NaN	677	-4	598	0	0	0	561	-37	8038	-38	7960	-31	7875	-32	7837	13.207	-8.819
468.8	NaN	701	NaN	679	3	512	0	0	0	498	-38	7427	-37	7148	-34	7235	-32	7293	12.271	-7.915
468.9	NaN	682	NaN	701	12	417	0	0	0	437	-40	7120	-35	7192	-35	6791	-31	7128	11.732	-6.449
469	NaN	701	NaN	685	37	365	2	0	0	403	-41	6324	-29	6979	-36	6198	-25	6928	11.014	-5.283
469.1	NaN	672.9107639	NaN	704	48	361	2	0	0	406	-43	5885	-27	6806	-38	5770	-24	6874	10.476	-4.861
469.2	NaN	673.1006944	NaN	701	73	362	0	0	0	405	-51	4071	-23	6350	-46	1045	-21	6451	9.849	-6.497
469.3	NaN	673.290625	NaN	686	73	360	0	0	0	402	-50	4862	-24	6333	-46	12	-22	6280	9.249	-5.806
469.4	NaN	673.4805556	NaN	626	68	363	16	16	0	406	-10	4380	-5	5856	-9	1160	-5	5979	8.66	-3.1
469.5	NaN	673.6704861	NaN	639	63	362	17	18	0	405	-7	4251	-4	5690	-7	1935	-4	5814	8.173	-2.154
469.6	NaN	673.8604167	NaN	646	24	361	22	24	0	407	0	3828	0	5383	0	3359	0	5370	7.684	-0.083
469.7	NaN	674.0503472	NaN	753	11	360	38	39	0	405	13	3887	19	5278	33	4003	45	5486	7.464	1.605
469.8	NaN	674.2402778	NaN	597	4	360	57	58	0	407	43	6179	45	5191	105	6883	109	5753	7.625	5.218
469.9	NaN	674.4302083	NaN	605	3	360	57	57	0	407	42	6422	43	5170	103	6526	110	5575	7.996	5.903
470	NaN	674.6201389	NaN	751	-29	363	47	43	0	405	38	5931	19	5290	92	5612	45	5316	8.468	4.033
470.1	NaN	674.8100694	NaN	687	-49	358	46	44	0	404	42	6128	13	5207	97	6060	29	5213	9.037	2.663
470.2	NaN	699	NaN	664	-50	361	58	61	0	404	63	6623	17	5364	155	6598	43	5826	9.329	3.273
470.3	NaN	702	NaN	710	-63	361	53	52	0	404	65	6987	10	5630	155	6847	25	5637	9.753	4.08
470.4	NaN	726	NaN	674	-63	362	53	53	0	405	68	7211	11	5694	154	7164	26	5917	10.043	3.392
470.5	NaN	711	NaN	659	-58	359	55	58	0	404	72	7689	15	5922	173	7978	35	6259	10.37	4.247
470.6	NaN	720	NaN	678.1333333	-57	362	56	52	0	405	70	7877	15	6249	158	7874	36	6206	10.602	5.101
470.7	NaN	663	NaN	678.2666667	-25	359	60	60	0	405	63	7767	35	6327	144	8688	79	7187	10.902	6.059
470.8	NaN	633	NaN	678.4	-10	359	81	80	0	407	88	7775	67	8694	205	8239	152	10774	11.321	12.12
470.9	NaN	689	NaN	678.5333333	-13	360	52	47	0	405	37	7811	28	10305	89	8176	59	12266	11.87	13.191
471	NaN	674.8558377	NaN	678.6666667	-9	359	97	95	0	406	106	8553	93	11872	192	9346	117	14883	12.22	6.267
471.1	NaN	675.3764323	NaN	678.8	-21	361	93	92	0	406	99	9608	67	17386	202	9244	105	17856	12.828	5.43
471.2	NaN	675.8970269	NaN	678.9333333	-16	359	90	84	0	407	82	10367	59	17847	176	9671	111	17199	13.568	8.558
471.3	NaN	676.4176215	NaN	679.0666667	-1	363	95	94	0	406	81	9562	67	21143	179	9550	137	15543	14.549	7.635
471.4	NaN	676.9382161	NaN	679.2	-10	361	95	91	0	408	90	9901	100	22225	198	9666	150	14243	15.54	6.773
471.5	NaN	677.4588108	NaN	679.3333333	-17	364	91	87	0	407	71	11987	67	13613	146	10536	100	10311	16.567	7.134
471.6	NaN	677.9794054	NaN	679.4666667	-16	362	91	89	0	406	70	11243	54	11120	137	11071	98	10508	17.139	6.902
471.7	NaN	717	NaN	679.6	-15	359	96	96	0	407	49	11385	36	11418	96	11418	69	11060	17.588	5.576
471.8	NaN	685	NaN	679.7333333	-5	361	95	95	0	406	48	11477	41	10945	91	11459	80	11089	18.028	3.454
471.9	NaN	679	NaN	679.8666667	7	358	100	100	0	405	28	11337	33	11503	52	11366	64	11550	18.324	2.24
472	NaN	671	NaN	636	7	361	100	100	0	407	28	11419	26	11599	53	11322	63	11636	18.608	2.425
472.1	NaN	694	NaN	653	4	364	100	100	0	406	22	11743	23	11674	41	11632	44	11723	18.776	1.379
472.2	NaN	689	NaN	671	4	362	75	71	0	406	18	11683	20	11702	35	11601	38	11776	18.945	0.049
472.3	NaN	678	NaN	635	10	362	0	0	0	405	-12	11481	-12	11639	-7	11357	-7	11561	18.847	-2.076
472.4	NaN	678	NaN	682	10	359	0	0	0	405	-32	11229	-30	11498	-23	11070	-21	11459	18.612	-4.382
472.5	NaN	660	NaN	705	8	364	0	0	0	404	-40	10870	-38	11011	-30	10566	-27	10947	18.182	-5.218
472.6	NaN	655	NaN	696	6	360	0	0	0	404	-42	10621	-37	10762	-31	10478	-30	10712	17.636	-4.396
472.7	NaN	658	NaN	678	8	364	0	0	0	404	-42	10476	-38	10550	-32	10309	-30	10507	17.2	-5.998
472.8	NaN	660	NaN	714	12	362	0	0	0	403	-42	9946	-38	10102	-32	9735	-29	10128	16.626	-5.703
472.9	NaN	662	NaN	701	16	361	0	0	0	404	-43	9704	-36	10050	-32	9452	-28	9975	16.161	-5.455
473	NaN	668	NaN	693	15	360	0	0	0	403	-41	9110	-36	9517	-34	8848	-29	9518	15.498	-5.741
473.1	NaN	660	NaN	683	14	360	0	0	0	405	-41	8947	-37	9438	-33	8709	-30	9424	15.029	-4.769
473.2	NaN	713	NaN	765	17	361	6	6	0	406	-30	8341	-25	8994	-25	8108	-21	8993	14.541	-4.127
473.3	NaN	746	NaN	652	20	360	22	22	0	407	-12	8459	-12	8929	-11	8321	-9	8912	14.327	-1.896
473.4	NaN	759	NaN	672	17	359	37	36	0	407	14	8836	20	9001	30	8701	43	9010	14.361	-0.591
473.5	NaN	729	NaN	740	20	361	32	27	0	407	12	8685	15	8948	24	8529	36	9084	14.328	-2.199
473.6	NaN	700	NaN	710	32	363	6	0	0	404	-28	7843	-20	8750	-24	7728	-17	8807	14.08	-2.744
473.7	NaN	678.6	NaN	652	32	362	14	11	0	405	-36	7794	-27	8698	-30	7303	-22	8595	13.769	-4.373
473.8	NaN	678.7	NaN	613	25	358	16	14	0	406	-11	7654	-9	8319	-10	7278	-7	8325	13.442	-3.86
473.9	NaN	678.8	NaN	636	23	363	17	16	0	405	-11	7353	-9	8350	-9	7056	-7	8306	13.135	-2.282
474	NaN	678.9	NaN	773	24	359	31	29	0	406	5	7488	9	8001	12	7438	21	8065	12.967	-1.304
474.1	NaN	679	NaN	701	33	360	31	29	0	406	5	7433	10	7981	11	7380	23	8047	12.818	-1.68
474.2	NaN	679.1	NaN	644	39	363	24	18	0	408	-0	7301	-0	8000	-0	7223	-1	8024	12.662	-3.565
474.3	NaN	679.2	NaN	638	38	361	21	16	0	408	-3	7125	-3	7890	-3	6770	-2	7919	12.455	-4.189
474.4	NaN	679.3	NaN	619	44	363	20	19	0	403	-7	5305	-6	7585	-7	6648	-4	7636	12.235	-1.853
474.5	NaN	679.4	NaN	676	42	361	40	36	0	407	10	6833	28	7867	23	7463	62	7971	12.031	-0.307
474.6	NaN	679.5	NaN	633	45	359	40	36	0	406	9	6974	28	7703	21	7055	61	7853	12.067	1.077
474.7	NaN	679.6	NaN	645	41	363	27	22	0	407	0	6783	2	7738	1	6951	1	7802	11.988	-0.937
474.8	NaN	679.7	NaN	638	39	362	22	19	0	404	-0	6707	-0	7593	-1	6722	-0	7623	11.816	-2.078
474.9	NaN	679.8	NaN	631	46	365	22	21	0	407	0	6549	0	7350	0	6542	0	7444	11.563	-2.705
475	NaN	679.9	NaN	656	52	363	31	30	0	405	1	6506	5	7411	1	6385	7	7392	11.392	-1.757
475.1	NaN	681	NaN	612	56	363	44	41	0	403	9	6496	41	7439	21	6500	97	7559	11.329	1.017
475.2	NaN	742	NaN	619	53	360	49	46	0	405	12	6525	51	7709	27	6580	116	7799	11.492	3.064
475.3	NaN	710	NaN	631	51	363	57	54	0	406	18	7036	67	7962	42	6996	151	8124	11.79	4.518
475.4	NaN	738	NaN	638	42	358	63	61	0	405	24	7383	76	8157	55	7451	173	8224	12.288	5.053
475.5	NaN	622	NaN	572	33	362	73	71	0	405	44	10663	92	8640	97	9118	206	8818	12.906	7.017
475.6	NaN	612	NaN	577	36	359	73	71	0	406	40	11992	97	9222	91	8952	201	8950	13.452	9.195
475.7	NaN	615	NaN	589	7	359	78	76	0	407	71	13088	82	9253	148	8991	173	9315	14.199	9.306
475.8	NaN	606	NaN	573	8	361	80	79	0	406	76	14855	82	9325	158	9124	173	9429	14.804	9.214
475.9	NaN	608	NaN	612	15	364	94	92	0	405	64	13844	82	10250	127	9946	177	10357	15.641	9.222
476	NaN	637	NaN	587	15	359	100	100	0	405	58	14029	75	10725	116	10222	153	10565	16.573	9.244
476.1	NaN	682	NaN	629	12	359	100	100	0	407	44	10794	56	11021	85	10823	110	11114	17.212	7.612
476.2	NaN	658	NaN	601	9	359	100	100	0	407	39	10905	44	11162	77	10948	95	11264	17.805	4.304
476.3	NaN	671	NaN	603	8	363	100	100	0	406	29	11259	35	11426	57	11196	68	11473	18.112	3.657
476.4	NaN	683	NaN	617	9	363	100	100	0	407	27	11397	31	11477	50	11369	59	11580	18.518	2.448
476.5	NaN	672	NaN	626	6	358	100	100	0	406	23	11510	27	11642	43	11462	51	11658	18.697	2.178
476.6	NaN	761	NaN	634	7	363	100	100	0	406	20	11590	25	11625	38	11553	45	11749	18.849	1.127
476.7	NaN	681	NaN	702	3	360	100	100	0	406	19	11736	20	11744	35	11659	35	11765	18.961	0.615
476.8	NaN	679	NaN	650	3	360	100	100	0	408	17	11782	19	11653	32	11709	34	11746	19.042	2.126
476.9	NaN	686	NaN	667	4	363	100	100	0	406	15	11798	16	11716	28	11698	29	11772	19.071	1.328
477	NaN	690	NaN	656	4	364	100	100	0	407	15	11846	18	11786	26	11752	28	11797	19.094	1.747
477.1	NaN	742	NaN	652	4	358	100	100	0	404	15	11754	17	11711	28	11667	34	11798	19.13	1.853
477.2	NaN	680	NaN	645	5	360	100	100	0	404	15	11818	17	11843	25	11765	33	11890	19.136	1.41
477.3	NaN	688	NaN	646	4	359	100	100	0	407	14	11789	16	11781	27	11670	31	11871	19.168	0.983
477.4	NaN	668	NaN	639	5	362	100	100	0	404	16	11853	17	11804	29	11712	31	11854	19.176	0.026
477.5	NaN	672	NaN	656	4	361	100	100	0	407	14	11948	14	11753	24	11771	26	11816	19.178	-1.292
477.6	NaN	667	NaN	623	2	361	100	100	0	406	16	11925	17	11830	29	11799	32	11842	19.182	0.475
477.7	NaN	676	NaN	640	2	361	100	100	0	404	14	11870	14	11706	24	11796	25	11820	19.157	0.158
477.8	NaN	682	NaN	636	4	363	100	100	0	403	14	11887	15	11814	28	11775	30	11865	19.158	-0.637
477.9	NaN	684	NaN	682	2	358	100	100	0	405	14	11857	15	11720	25	11770	28	11810	19.163	-0.846
478	NaN	683	NaN	632	4	360	39	34	0	405	15	11854	17	11867	28	11757	33	11841	19.133	-2.431
478.1	NaN	681.5454545	NaN	628	4	360	0	0	0	404	-5	11786	-11	11690	-6	11668	-8	11674	19.044	-3.425
478.2	NaN	681.5909091	NaN	681	6	361	0	0	0	405	-37	11258	-36	11307	-27	11160	-27	11281	18.706	-4.752
478.3	NaN	681.6363636	NaN	687	4	359	0	0	0	405	-41	11030	-38	11121	-30	11037	-29	10961	18.194	-6.865
478.4	NaN	681.6818182	NaN	666	5	358	2	2	0	402	-41	10717	-38	10752	-31	10577	-30	10740	17.618	-5.433
478.5	NaN	681.7272727	NaN	623	3	365	16	16	0	404	-9	10543	-9	10453	-7	10394	-7	10492	17.026	-2.612
478.6	NaN	681.7727273	NaN	633	-5	362	21	22	0	407	-0	10411	-0	10256	-0	10290	0	10302	16.784	-2.376
478.7	NaN	681.8181818	NaN	630	-13	365	22	23	0	406	0	10512	0	9950	-0	10331	-0	9944	16.527	-2.395
478.8	NaN	681.8636364	NaN	635	-20	360	22	24	0	405	-0	10337	-0	9720	-0	10265	-0	9734	16.253	-2.435
478.9	NaN	681.9090909	NaN	633	-26	360	23	26	0	403	0	10333	0	9551	0	10237	0	9470	16.028	-2.381
479	NaN	681.9545455	NaN	629	-27	359	26	28	0	402	3	10352	2	9339	6	10158	4	9379	15.852	-1.561
479.1	NaN	689	NaN	639	-17	361	42	44	0	407	33	10379	22	9514	69	10352	43	9543	15.858	0.945
479.2	NaN	663	NaN	624	-13	357	42	44	0	405	31	10322	23	9664	64	10260	47	9721	15.994	1.754
479.3	NaN	668	NaN	683	10	361	34	27	0	405	8	9978	10	9867	18	9949	20	9931	16.05	-0.13
479.4	NaN	682	NaN	702	19	361	32	29	0	408	6	9754	9	9974	14	9842	19	10100	15.988	-1.027
479.5	NaN	720	NaN	628	27	359	32	32	0	407	7	9513	14	10138	15	9485	29	10233	15.931	-1.028
479.6	NaN	727	NaN	668	26	359	32	32	0	406	8	9506	14	10172	16	9460	28	10210	15.877	-0.537
479.7	NaN	749	NaN	640	25	360	32	32	0	406	8	9419	13	10034	15	9416	28	10103	15.79	0.331
479.8	NaN	728	NaN	646	23	360	32	31	0	407	7	9382	13	10051	15	9353	28	10090	15.69	-1.416
479.9	NaN	717	NaN	619	12	363	0	0	0	407	-17	9259	-15	9699	-14	9073	-12	9677	15.505	-3.345
480	NaN	690	NaN	680	7	359	0	0	0	406	-25	9199	-23	9490	-20	9049	-18	9479	15.255	-4.989
480.1	NaN	642	NaN	665	1	358	0	0	0	405	-39	8898	-38	8839	-32	8783	-32	8773	14.705	-7.03
480.2	NaN	656	NaN	639.5357143	-7	387	0	0	0	490	-38	8784	-40	8350	-30	8472	-32	8670	14.07	-8.067
480.3	NaN	647	NaN	639.5714286	-14	531	0	0	0	532	-36	8156	-40	7712	-30	8050	-34	7465	13.374	-8.109
480.4	NaN	646	NaN	639.6071429	-15	574	0	0	0	555	-35	7721	-40	7232	-30	7547	-35	7069	12.432	-9.122
480.5	NaN	656	NaN	639.6428571	-26	379	0	0	0	401	-32	7347	-42	6719	-29	7234	-38	6420	11.807	-7.688
480.6	NaN	655	NaN	639.6785714	-35	359	0	0	0	401	-31	7101	-43	6279	-28	7012	-38	6212	10.883	-5.24
480.7	NaN	653	NaN	639.7142857	-49	359	0	0	0	401	-27	6743	-46	5646	-26	6688	-42	4665	10.297	-4.905
480.8	NaN	716	NaN	639.75	-65	361	10	12	0	402	-11	6650	-22	5318	-11	6606	-19	3717	9.845	-4.823
480.9	NaN	737	NaN	639.7857143	-65	359	13	15	0	401	-10	6512	-19	5265	-9	6448	-18	2432	9.559	-1.547
481	NaN	682	NaN	639.8214286	-56	358	40	42	0	403	35	6678	8	5240	84	6737	18	5370	9.397	1.72
481.1	NaN	686	NaN	639.8571429	-55	361	40	42	0	404	33	6643	8	5309	78	6692	19	5426	9.541	1.263
481.2	NaN	735	NaN	639.8928571	-51	359	50	52	0	403	56	7123	15	5545	133	7282	35	6453	9.77	3.89
481.3	NaN	720	NaN	639.9285714	-44	361	51	52	0	404	55	7084	16	5633	129	7265	37	6171	10.051	4.534
481.4	NaN	702	NaN	639.9642857	-21	357	54	56	0	404	51	7246	32	6581	119	7549	72	7769	10.365	5.057
481.5	NaN	688	NaN	623	-20	359	55	57	0	407	53	7278	34	6250	125	7628	77	8513	10.761	6.587
481.6	NaN	679	NaN	579	10	362	59	55	0	406	40	7443	49	8494	91	7690	113	8993	11.288	7.139
481.7	NaN	641	NaN	594	18	361	59	56	0	408	36	7420	54	8978	82	7659	124	9473	11.896	8.025
481.8	NaN	672	NaN	572	12	361	59	54	0	408	40	7763	51	8209	89	7970	116	8311	12.637	6.781
481.9	NaN	664	NaN	578	4	362	59	55	0	407	43	8110	49	8273	95	7958	111	8334	13.02	5.867
482	NaN	704	NaN	653	-8	359	32	28	0	406	12	8690	7	8502	16	8591	22	8510	13.5	2.266
482.1	NaN	757	NaN	633	-9	361	18	14	0	405	-8	8602	-5	8333	-4	8514	-7	8317	13.773	-2.126
482.2	NaN	761	NaN	639	-12	361	18	16	0	404	-5	8551	-6	8292	-5	8432	-5	8271	13.577	-2.078
482.3	NaN	766	NaN	642	-32	360	21	22	0	405	0	8500	0	7912	0	8483	0	7941	13.399	-2.146
482.4	NaN	728	NaN	639.1571429	-48	359	14	14	0	403	-9	8355	-14	7343	-8	8323	-12	7459	13.127	-2.935
482.5	NaN	708	NaN	638.6178571	-48	357	6	2	0	401	-16	8097	-29	6681	-14	8203	-24	6516	12.74	-2.935
482.6	NaN	668	NaN	638.0785714	-48	362	6	8	0	402	-20	7921	-34	6471	-18	7852	-29	3705	12.262	-2.687
482.7	NaN	762	NaN	637.5392857	-47	360	25	28	0	403	1	7798	0	6425	1	7820	1	2274	11.536	-1.08
482.8	NaN	757	NaN	633	-36	361	28	26	0	403	3	7382	1	6168	6	7356	3	6307	11.227	-0.773
482.9	NaN	714	NaN	644	-11	361	28	27	0	405	4	7386	3	6282	9	7340	7	6438	10.977	-0.765
483	NaN	713	NaN	615	-21	359	29	27	0	405	4	7171	3	6124	11	7143	6	6319	10.842	1.069
483.1	NaN	656	NaN	623	-30	356	43	46	0	405	34	7190	17	6286	77	7181	39	6704	10.812	2.829
483.2	NaN	732	NaN	657	-34	361	53	56	0	404	55	7430	26	6472	131	7394	63	6612	11.21	5.323
483.3	NaN	767	NaN	641	-43	363	54	48	0	404	53	7779	19	6960	122	7667	45	6901	11.722	4.169
483.4	NaN	681	NaN	652	-38	360	51	48	0	405	49	7867	21	7070	113	7899	47	7107	12.018	3.768
483.5	NaN	698	NaN	680	-38	360	41	38	0	404	31	8127	13	7136	68	8067	27	7242	12.31	2.467
483.6	NaN	705	NaN	671	-38	359	41	38	0	404	30	8104	12	7220	68	8102	27	7387	12.435	1.987
483.7	NaN	678	NaN	677	-41	356	39	36	0	405	30	8274	11	7272	67	8234	25	7340	12.554	1.387
483.8	NaN	687	NaN	619	-36	361	30	27	0	405	9	8105	4	7196	17	8090	8	7328	12.559	0.187
483.9	NaN	680	NaN	698	1	361	31	28	0	404	6	7787	6	7487	13	7736	14	7496	12.493	0.469
484	NaN	667	NaN	716	7	360	34	33	0	404	6	7726	7	7547	14	7642	16	7598	12.526	-0.15
484.1	NaN	740	NaN	646	24	360	42	42	0	405	11	7491	19	7910	25	7449	43	7920	12.547	0.001
484.2	NaN	700	NaN	588	31	359	42	42	0	405	14	7504	28	8128	31	7458	63	8120	12.654	0.812
484.3	NaN	705	NaN	575	36	363	42	42	0	406	15	7548	35	8379	33	7524	79	8468	12.87	1.416
484.4	NaN	752	NaN	593	36	359	42	43	0	405	15	7729	35	8440	33	7755	78	8495	13.075	2.084
484.5	NaN	696	NaN	567	27	361	54	53	0	406	30	8177	55	8667	65	8054	117	8842	13.377	3.66
484.6	NaN	686	NaN	586	24	358	52	49	0	407	28	8357	47	8811	60	8568	103	8914	13.786	3.642
484.7	NaN	663	NaN	565	13	362	52	50	0	406	32	8627	45	9007	68	8589	97	9168	14.211	4.268
484.8	NaN	683	NaN	588	-10	359	51	49	0	406	42	9067	33	8947	88	9030	71	9127	14.637	4.51
484.9	NaN	646	NaN	581	-24	364	60	62	0	407	68	9869	39	9170	143	9837	84	9390	15.08	4.766
485	NaN	651	NaN	579	-27	358	62	63	0	406	73	10333	40	10208	151	10132	82	9553	15.562	6.15
485.1	NaN	625	NaN	579	-37	361	67	67	0	406	90	10857	38	10218	184	10337	78	9897	16.144	7.31
485.2	NaN	642	NaN	596	-27	359	88	90	0	407	83	11155	45	11309	169	10872	91	10441	16.82	7.103
485.3	NaN	628	NaN	583	-20	358	95	97	0	406	64	11141	41	11003	126	11027	81	10697	17.327	4.964
485.4	NaN	638	NaN	591	2	360	100	100	0	407	43	11095	44	11041	84	11126	85	11046	17.875	4.577
485.5	NaN	655	NaN	589	3	359	100	100	0	407	35	11179	37	11152	67	11180	72	11227	18.204	3.4
485.6	NaN	672	NaN	602	0	363	100	100	0	404	29	11483	28	11371	55	11393	55	11504	18.54	3.421
485.7	NaN	669	NaN	610	1	359	100	100	0	405	24	11563	25	11478	45	11467	47	11494	18.752	2.547
485.8	NaN	672	NaN	614	3	360	100	100	0	406	21	11689	23	11541	41	11570	45	11697	18.921	1.057
485.9	NaN	676	NaN	647	2	359	100	100	0	406	18	11757	19	11670	34	11625	35	11685	19.013	0.293
486	NaN	698	NaN	672	4	361	100	100	0	408	16	11807	17	11682	31	11683	33	11826	19.118	0.935
486.1	NaN	674	NaN	644	2	357	100	100	0	407	18	11830	18	11786	31	11727	34	11833	19.18	1.893
486.2	NaN	663	NaN	658	4	363	100	100	0	408	15	11865	17	11801	27	11728	30	11868	19.227	1.19
486.3	NaN	687	NaN	640	3	358	100	100	0	407	15	11867	15	11846	27	11798	31	11883	19.253	0.277
486.4	NaN	679	NaN	638	2	361	100	100	0	408	12	11913	13	11850	23	11804	25	11910	19.3	-0.881
486.5	NaN	667	NaN	652	3	363	100	100	0	407	14	11931	15	11891	29	11837	27	11897	19.336	0.041
486.6	NaN	676	NaN	632	0	356	100	100	0	407	14	11916	15	11841	26	11803	28	11891	19.336	1.319
486.7	NaN	664	NaN	652	1	359	100	100	0	407	13	11958	13	11911	22	11890	24	11936	19.328	-0.097
486.8	NaN	662	NaN	644	3	360	100	100	0	407	12	11961	13	11921	22	11831	25	11939	19.359	-0.33
486.9	NaN	670	NaN	656	1	356	100	100	0	405	12	11960	12	11886	23	11875	23	11918	19.363	0.384
487	NaN	667	NaN	660	4	360	100	100	0	404	12	11972	12	11920	22	11895	23	11952	19.366	0.298
487.1	NaN	670	NaN	634	3	363	100	100	0	407	11	11993	10	11933	21	11861	21	11936	19.369	0.715
487.2	NaN	672	NaN	661	2	360	100	100	0	405	12	11946	13	11937	21	11888	24	11964	19.379	1.224
487.3	NaN	662	NaN	644	5	364	100	100	0	405	11	11956	11	11883	21	11860	21	11983	19.385	0.843
487.4	NaN	663	NaN	647	3	359	100	100	0	407	12	11974	13	11979	24	11876	24	11979	19.384	0.225
487.5	NaN	654	NaN	650	5	363	100	100	0	405	11	11961	12	11889	22	11823	24	11992	19.381	0.602
487.6	NaN	674	NaN	672	3	358	100	100	0	406	10	11978	12	11976	19	11853	24	11980	19.367	0.887
487.7	NaN	660	NaN	678	4	358	100	100	0	404	12	11944	13	11969	24	11889	24	11992	19.358	0.632
487.8	NaN	650	NaN	658	3	360	100	100	0	404	11	11950	11	11958	20	11836	22	11963	19.357	0.156
487.9	NaN	663	NaN	645	2	360	100	100	0	406	12	11972	11	11968	21	11826	21	11986	19.348	0.499
488	NaN	674	NaN	673	3	361	100	100	0	406	11	11993	11	11920	23	11854	26	11958	19.351	1.084
488.1	NaN	659	NaN	655	2	361	100	100	0	404	12	11970	12	11895	22	11843	24	11949	19.34	0.696
488.2	NaN	661	NaN	690	0	360	100	100	0	406	12	11967	13	11924	23	11855	23	11957	19.332	0.279
488.3	NaN	664	NaN	651	1	359	100	100	0	407	12	11946	14	11887	23	11845	26	11928	19.326	0.492
488.4	NaN	657	NaN	644	1	359	100	100	0	406	12	11975	13	11912	23	11893	26	11923	19.316	0.401
488.5	NaN	661	NaN	643	-1	362	100	100	0	404	12	11996	13	11884	25	11868	24	11907	19.32	-0.431
488.6	NaN	669	NaN	667	-4	359	100	100	0	405	13	12033	12	11886	22	11910	22	11893	19.322	-0.383
488.7	NaN	702	NaN	676	-6	358	100	100	0	403	14	12081	13	11858	26	11958	22	11865	19.337	0.166
488.8	NaN	657	NaN	654	-7	359	100	100	0	402	14	12062	11	11834	28	12006	23	11842	19.331	0.195
488.9	NaN	663	NaN	663	-6	364	100	100	0	405	15	12097	14	11810	29	12035	24	11823	19.333	-0.617
489	NaN	656	NaN	674	-7	360	100	100	0	405	15	12117	13	11801	29	12052	23	11842	19.363	0.71
489.1	NaN	659	NaN	675	-9	359	100	100	0	406	16	12125	14	11808	28	12011	22	11806	19.403	0.567
489.2	NaN	654	NaN	653	-6	363	100	100	0	402	14	12141	12	11841	27	12023	22	11832	19.411	0.603
489.3	NaN	655	NaN	724	-5	360	100	100	0	405	13	12141	12	11854	23	12017	21	11852	19.429	0.81
489.4	NaN	655	NaN	651	-6	363	100	100	0	406	11	12104	13	11765	26	12001	19	11844	19.442	1.072
489.5	NaN	651	NaN	667	-6	364	100	100	0	407	13	12135	11	11875	20	11996	19	11875	19.441	1.025
489.6	NaN	665	NaN	646	-4	358	100	100	0	405	12	12079	11	11789	23	11946	22	11898	19.44	0.82
489.7	NaN	664	NaN	664	1	360	100	100	0	405	11	12042	11	11914	19	11940	18	11885	19.42	0.169
489.8	NaN	674	NaN	642	3	359	100	100	0	405	12	11996	13	11860	22	11877	24	11931	19.385	-0.491
489.9	NaN	658	NaN	654	2	360	100	100	0	406	11	11959	12	11985	20	11885	20	11948	19.366	-0.544
490	NaN	667	NaN	674	4	361	30	25	0	406	12	11965	13	11864	23	11867	25	11957	19.356	-1.07
490.1	NaN	697	NaN	657.4	4	363	0	0	0	404	-11	11760	-11	11795	-10	11633	-7	11784	19.158	-3.71
490.2	NaN	643	NaN	655.8	4	359	0	0	0	404	-40	11422	-38	11393	-28	11153	-27	11342	18.749	-5.059
490.3	NaN	648	NaN	654.2	5	363	0	0	0	405	-41	11200	-40	11215	-30	11038	-29	11213	18.25	-6
490.4	NaN	647	NaN	652.6	3	363	0	0	0	407	-40	10759	-39	10770	-31	10570	-30	10763	17.622	-5.668
490.5	NaN	641	NaN	651	5	358	0	0	0	404	-41	10526	-39	10505	-31	10328	-29	10535	17.088	-5.229
490.6	NaN	644	NaN	649.4	4	363	0	0	0	405	-40	10071	-40	10103	-32	9943	-30	10127	16.561	-4.915
490.7	NaN	639	NaN	647.8	5	367	0	0	0	405	-40	9919	-39	9829	-32	9724	-30	9753	16.061	-5.118
490.8	NaN	657	NaN	646.2	4	365	0	0	0	408	-39	9584	-38	9557	-31	9332	-31	9350	15.533	-4.846
490.9	NaN	644	NaN	644.6	4	372	0	0	0	408	-40	9231	-38	9239	-32	9138	-30	9320	14.989	-5.292
491	NaN	646	NaN	643	9	369	0	0	0	409	-40	8738	-37	8906	-33	8678	-30	8821	14.493	-5.33
491.1	NaN	646	NaN	641.4	19	537	0	0	0	547	-43	7170	-35	7360	-35	8017	-29	8711	13.905	-7.4
491.2	NaN	682	NaN	639.8	31	693	0	0	0	665	-45	7834	-34	8480	-38	5325	-27	8312	13.001	-9.801
491.3	NaN	674	NaN	638.2	21	439	0	0	0	446	-42	6817	-34	7800	-36	4395	-29	7733	12.118	-6.178
491.4	NaN	674	NaN	636.6	20	358	0	0	0	401	-41	6610	-34	7549	-36	3479	-30	7432	11.561	-3.803
491.5	NaN	654.4117647	NaN	635	26	361	20	19	0	407	-2	6339	-0	7253	0	3566	-1	7228	10.994	-2.468
491.6	NaN	654.8235294	NaN	633.4	28	364	22	21	0	406	0	6165	0	7094	1	5110	1	7187	10.776	-0.91
491.7	NaN	655.2352941	NaN	631.8	31	357	43	40	0	406	15	6739	31	7125	35	6588	72	7241	10.715	2.302
491.8	NaN	655.6470588	NaN	630.2	38	361	36	31	0	406	-8	6075	23	6994	24	6916	-4	6902	10.644	-0.359
491.9	NaN	656.0588235	NaN	628.6	52	361	0	0	0	407	-30	5873	-19	6594	-29	4551	-16	6692	10.301	-4.288
492	NaN	656.4705882	NaN	664	53	359	10	9	0	404	-26	5604	-14	6421	-23	2751	-13	6458	9.882	-4.948
492.1	NaN	656.8823529	NaN	621	57	362	14	14	0	406	-18	5002	-9	6274	-13	3612	-9	6310	9.465	-3.165
492.2	NaN	657.2941176	NaN	653	55	360	32	31	0	406	2	5135	13	6310	7	4905	29	6386	9.222	-1.079
492.3	NaN	657.7058824	NaN	665	64	358	33	33	0	404	3	4996	19	6132	7	5074	46	6196	9.101	0.604
492.4	NaN	658.1176471	NaN	651	59	364	39	38	0	407	5	5046	29	6213	14	5186	71	6347	9.103	0.107
492.5	NaN	658.5294118	NaN	640	56	360	40	40	0	407	7	5286	34	6237	16	5287	80	6294	9.213	1.671
492.6	NaN	658.9411765	NaN	617	53	360	40	40	0	406	8	5306	34	6243	19	5498	78	6305	9.376	1.581
492.7	NaN	659.3529412	NaN	618	50	361	41	41	0	407	9	5536	34	6461	22	5690	82	6548	9.536	2.368
492.8	NaN	659.7647059	NaN	613	58	364	41	39	0	404	7	5495	35	6520	16	5465	80	6580	9.719	2.067
492.9	NaN	660.1764706	NaN	653	53	363	41	39	0	406	8	5660	33	6668	20	5624	77	6673	9.866	1.401
493	NaN	660.5882353	NaN	633	51	360	43	43	0	408	10	5699	39	6687	24	5698	90	6799	10.083	1.561
493.1	NaN	713	NaN	621	52	361	53	52	0	406	15	6081	58	7011	35	6024	134	7095	10.413	3.504
493.2	NaN	680	NaN	618	52	361	55	54	0	407	17	6153	65	7234	40	6151	152	7283	10.758	4.585
493.3	NaN	707	NaN	650	44	361	60	59	0	406	24	6668	72	7478	57	6604	170	7514	11.203	4.664
493.4	NaN	647	NaN	643	39	360	66	64	0	407	30	6934	83	7797	73	7657	182	7854	11.817	5.397
493.5	NaN	636	NaN	633.2947368	33	361	71	70	0	406	41	7653	87	8165	91	7302	204	8124	12.433	8.148
493.6	NaN	607	NaN	633.3894737	27	359	71	70	0	406	42	9564	89	8817	96	8016	197	8586	13.184	7.841
493.7	NaN	606	NaN	633.4842105	26	362	71	70	0	406	47	9477	86	9146	100	8228	191	8884	13.858	7.801
493.8	NaN	638	NaN	633.5789474	17	363	68	64	0	407	52	11577	73	9495	112	8930	156	9522	14.637	6.266
493.9	NaN	671	NaN	633.6736842	1	361	39	37	0	404	25	9542	26	9474	52	9387	52	9538	15.129	3.767
494	NaN	695	NaN	633.7684211	-5	360	38	35	0	406	19	9601	19	9421	41	9585	39	9523	15.496	1.219
494.1	NaN	719	NaN	633.8631579	-3	360	10	6	0	404	-12	9508	-12	9279	-10	9379	-10	9267	15.389	-0.979
494.2	NaN	674	NaN	633.9578947	-12	362	0	0	0	402	-30	9230	-33	8950	-25	9157	-27	8976	15.03	-4.643
494.3	NaN	645	NaN	634.0526316	-23	359	0	0	0	403	-34	9275	-42	8516	-28	9145	-35	8399	14.542	-5.313
494.4	NaN	661	NaN	634.1473684	-29	359	0	0	0	403	-33	8695	-43	7929	-28	8640	-36	7896	13.884	-5.355
494.5	NaN	661	NaN	634.2421053	-30	361	0	0	0	403	-32	8638	-44	7635	-27	8523	-37	6478	13.35	-5.109
494.6	NaN	652	NaN	634.3368421	-35	359	0	0	0	402	-31	8166	-44	7060	-27	8048	-38	4871	12.599	-4.221
494.7	NaN	647	NaN	634.4315789	-39	358	0	0	0	402	-30	7953	-44	6561	-27	7857	-38	2730	11.948	-4.299
494.8	NaN	650	NaN	634.5263158	-39	361	0	0	0	400	-29	7456	-45	5833	-26	7327	-38	23	11.264	-3.691
494.9	NaN	707	NaN	634.6210526	-38	358	17	19	0	403	-7	7335	-9	5879	-6	7228	-8	1794	10.679	-2.155
495	NaN	697	NaN	634.7157895	-26	361	36	38	0	402	20	7079	11	5671	47	7229	27	5614	10.313	-0.179
495.1	NaN	703	NaN	634.8105263	-9	362	37	40	0	405	20	6971	16	5761	48	7064	36	6525	10.221	2.67
495.2	NaN	713	NaN	634.9052632	7	361	38	33	0	405	13	6679	16	6070	31	6642	35	6459	10.296	1.743
495.3	NaN	709	NaN	655	-12	360	40	41	0	402	23	6608	18	6304	55	6588	42	7576	10.411	0.628
495.4	NaN	666	NaN	679	-21	356	41	43	0	407	29	6735	18	6385	68	6699	42	8660	10.61	1.992
495.5	NaN	653	NaN	659	-38	358	42	45	0	405	32	7221	13	6335	87	7314	30	6621	10.879	2.53
495.6	NaN	751	NaN	638	-34	362	24	21	0	406	0	7327	13	6395	72	7332	0	6238	10.932	2.624
495.7	NaN	760	NaN	612	-30	359	27	22	0	405	3	7234	0	6287	3	7084	4	6349	10.87	-0.647
495.8	NaN	756	NaN	632	-28	361	26	26	0	403	1	7027	1	6260	2	6868	1	6185	10.799	-1.198
495.9	NaN	737	NaN	627	-25	361	26	26	0	402	2	6857	1	6241	5	6784	3	6245	10.679	-0.377
496	NaN	737	NaN	618	-2	361	27	26	0	406	2	6736	2	6369	4	6629	4	6318	10.621	-0.554
496.1	NaN	751	NaN	639	27	360	26	20	0	407	-0	6243	0	6600	0	6189	0	6581	10.5	-1.468
496.2	NaN	746	NaN	625	41	362	26	26	0	407	0	5965	1	6586	1	5966	3	6632	10.345	-1.765
496.3	NaN	710	NaN	629.3831579	46	365	28	27	0	405	2	5864	5	6706	4	5732	13	6687	10.171	-1.373
496.4	NaN	716	NaN	624.2873684	53	361	28	26	0	405	1	5740	5	6572	3	5665	11	6609	10.024	-2.241
496.5	NaN	694	NaN	619.1915789	59	359	29	28	0	406	1	5566	8	6577	3	5430	17	6556	9.838	-2.251
496.6	NaN	729	NaN	614.0957895	61	360	31	30	0	406	2	5509	10	6510	4	5430	25	6526	9.737	-0.107
496.7	NaN	697	NaN	604	61	362	41	40	0	406	6	5485	36	6719	15	5440	83	6730	9.764	1.346
496.8	NaN	696	NaN	597	63	363	41	41	0	405	7	5593	37	6751	16	5577	87	6720	9.923	1.276
496.9	NaN	708	NaN	598	61	363	41	40	0	403	7	5601	36	6810	16	6991	85	6901	10.012	0.221
497	NaN	730	NaN	639	61	359	38	36	0	406	6	5576	30	6882	13	7806	68	7080	10.04	0.347
497.1	NaN	754	NaN	602	53	357	39	40	0	406	8	5610	33	6787	19	6311	76	7206	10.053	0.816
497.2	NaN	701	NaN	603	40	358	43	43	0	407	13	5782	33	6836	29	5910	81	7025	10.176	2.621
497.3	NaN	672	NaN	605	23	359	53	54	0	406	29	6527	49	6890	68	7074	116	7138	10.537	7.044
497.4	NaN	652	NaN	599	33	362	62	60	0	407	33	6549	66	7298	78	6562	153	7318	10.904	8.181
497.5	NaN	685	NaN	636	38	360	62	60	0	406	29	7923	71	7389	66	7394	164	7399	11.292	2.91
497.6	NaN	659	NaN	585	48	364	50	48	0	406	17	6964	53	7882	36	6905	119	7795	11.715	2.363
497.7	NaN	690	NaN	613	42	362	50	50	0	407	18	7143	52	7876	41	7153	120	8153	12.005	3.102
497.8	NaN	679	NaN	579	17	363	50	50	0	407	29	7474	44	8077	64	7481	98	8229	12.355	4.195
497.9	NaN	712	NaN	605	3	360	51	50	0	405	35	7961	38	8055	79	7960	83	8152	12.748	4.071
498	NaN	667	NaN	619	3	358	49	44	0	405	32	8282	36	8217	71	8255	79	8320	13.191	4.316
498.1	NaN	677	NaN	607.4166667	-14	357	35	32	0	406	18	8411	16	8291	40	8341	32	8373	13.394	1.891
498.2	NaN	674	NaN	605.8333333	-35	359	32	30	0	404	13	8716	6	7983	28	8629	13	8041	13.481	-0.781
498.3	NaN	671	NaN	604.25	-36	360	31	31	0	403	13	8758	6	7908	28	8678	12	7907	13.394	-1.02
498.4	NaN	666	NaN	602.6666667	-34	359	34	36	0	404	18	8784	8	7721	39	8679	18	7836	13.299	-0.411
498.5	NaN	709	NaN	601.0833333	-34	359	40	42	0	404	22	8715	10	7789	48	8657	23	7822	13.292	1.466
498.6	NaN	670	NaN	628	-31	360	50	53	0	405	40	8876	19	7924	89	8847	42	7999	13.438	3.456
498.7	NaN	655	NaN	616	-30	358	51	53	0	404	52	9063	26	8098	113	9021	56	8208	13.755	4.926
498.8	NaN	664	NaN	604	-17	355	51	53	0	405	48	9235	32	8696	101	9245	68	8634	14.156	5.19
498.9	NaN	646	NaN	625	-4	364	51	51	0	407	40	9239	38	9255	86	9339	81	8840	14.579	4.702
499	NaN	656	NaN	598	19	365	46	44	0	405	24	9121	33	9341	51	9098	73	9356	14.892	2.399
499.1	NaN	649	NaN	603	27	361	47	44	0	406	22	9104	39	9604	46	9069	83	9659	15.148	2.541
499.2	NaN	665	NaN	571	25	359	47	47	0	406	23	9361	42	9829	49	9410	88	9953	15.413	2.847
499.3	NaN	678	NaN	577	25	360	47	47	0	404	23	9452	42	9989	48	9434	87	10095	15.613	2.23
499.4	NaN	666	NaN	574	29	363	47	45	0	404	23	9599	43	10102	47	9432	89	10156	15.835	2.215
499.5	NaN	644	NaN	554	28	363	47	45	0	406	23	9777	42	10287	46	9664	85	10346	16.055	1.929
499.6	NaN	666	NaN	559	18	359	47	46	0	406	24	9810	40	10389	53	9923	84	10448	16.257	2.37
499.7	NaN	680	NaN	562	13	361	48	49	0	403	30	10051	41	10521	62	10150	81	10561	16.529	3.301
499.8	NaN	677	NaN	605	5	362	66	66	0	405	54	10623	63	10641	111	10524	119	10767	16.907	3.846
499.9	NaN	612	NaN	568	-5	362	85	84	0	406	51	11030	46	10837	101	10963	87	10927	17.428	3.852
500	NaN	636	NaN	601	-9	363	100	100	0	404	44	11334	37	10994	87	11273	71	11069	17.799	3.227
500.1	NaN	644	NaN	584	-12	357	100	100	0	406	45	11641	33	11076	87	11560	63	11270	18.188	3.619
500.2	NaN	645	NaN	598	-12	361	100	100	0	404	33	11750	26	11313	65	11718	50	11344	18.443	3.646
500.3	NaN	648	NaN	610	-14	360	100	100	0	404	36	11936	26	11289	69	11946	49	11517	18.69	3.342
500.4	NaN	666	NaN	621	-12	362	100	100	0	403	32	12011	26	11363	62	11968	47	11496	18.832	3.54
500.5	NaN	659	NaN	622	-14	361	100	100	0	405	28	12090	21	11467	50	12007	41	11584	18.977	1.92
500.6	NaN	676	NaN	626	-10	361	100	100	0	406	25	12116	21	11505	47	12032	36	11617	19.057	1.883
500.7	NaN	673	NaN	631	-8	358	100	100	0	404	21	12072	18	11617	38	12005	33	11726	19.135	0.423
500.8	NaN	673	NaN	655	-8	359	100	100	0	402	19	12089	16	11642	37	11994	32	11741	19.185	0.587
500.9	NaN	681	NaN	630	-3	360	100	100	0	405	16	12055	17	11692	32	11978	30	11797	19.233	0.517
501	NaN	693	NaN	631	1	362	100	100	0	407	15	12017	15	11744	27	11902	28	11826	19.257	0.447
501.1	NaN	680	NaN	660	4	363	100	100	0	405	12	11902	14	11777	24	11817	26	11871	19.253	1.069
501.2	NaN	666	NaN	675	4	362	100	100	0	406	12	11909	14	11813	23	11782	24	11892	19.257	0.357
501.3	NaN	670	NaN	645	6	363	100	100	0	404	12	11897	13	11824	22	11783	22	11951	19.259	0.076
501.4	NaN	676	NaN	626	6	361	100	100	0	404	12	11875	14	11834	23	11771	24	11955	19.263	0.109
501.5	NaN	653	NaN	619	6	363	100	100	0	407	13	11837	15	11888	25	11741	27	11999	19.267	-0.209
501.6	NaN	690	NaN	627	7	359	100	100	0	405	13	11857	15	11890	23	11751	28	11992	19.291	-0.228
501.7	NaN	661	NaN	645	7	363	100	100	0	405	12	11853	15	11939	24	11769	26	11991	19.292	-0.181
501.8	NaN	667	NaN	661	6	363	100	100	0	404	13	11890	15	11916	26	11796	26	11975	19.284	-0.346
501.9	NaN	659	NaN	651	4	360	100	100	0	405	12	11924	12	11884	22	11842	22	11929	19.29	0.121
502	NaN	658	NaN	648	2	362	100	100	0	405	13	11978	13	11830	23	11853	21	11837	19.266	-0.104
502.1	NaN	665	NaN	680	1	360	100	100	0	404	14	11949	15	11769	27	11881	28	11860	19.237	-0.671
502.2	NaN	707	NaN	636	3	359	100	100	0	404	13	11914	14	11825	25	11877	25	11878	19.231	-0.313
502.3	NaN	659	NaN	675	4	363	100	100	0	405	14	11877	14	11933	25	11801	28	11901	19.234	-0.496
502.4	NaN	710	NaN	636	5	359	100	100	0	405	15	11873	16	11871	27	11816	28	11962	19.227	-0.59
502.5	NaN	661	NaN	629	7	359	100	100	0	404	14	11835	16	11854	28	11782	31	11953	19.244	0.059
502.6	NaN	680	NaN	640	5	360	100	100	0	405	14	11846	17	11868	27	11782	32	11980	19.269	-0.003
502.7	NaN	662	NaN	652	7	362	100	100	0	406	14	11855	18	11895	28	11793	30	12013	19.266	-0.38
502.8	NaN	659	NaN	647	6	362	62	58	0	406	13	11874	15	11847	26	11812	30	11990	19.263	-0.891
502.9	NaN	700	NaN	641	4	361	0	0	0	405	-1	11743	-1	11741	-5	11574	0	11856	19.124	-2.143
503	NaN	646	NaN	669	1	361	0	0	0	404	-30	11587	-30	11357	-22	11417	-22	11395	18.722	-4.964
503.1	NaN	634	NaN	677	1	359	0	0	0	404	-39	11355	-38	11169	-29	11175	-28	11206	18.21	-6.336
503.2	NaN	626	NaN	664	4	367	0	0	0	405	-40	11060	-39	10860	-30	10604	-28	10957	17.644	-5.593
503.3	NaN	635	NaN	662	5	359	0	0	0	402	-41	10468	-38	10574	-31	10381	-29	10614	17.082	-5.158
503.4	NaN	628	NaN	668	6	359	0	0	0	404	-40	10083	-38	10107	-32	9975	-30	10070	16.519	-5.515
503.5	NaN	635	NaN	698	6	361	0	0	0	405	-40	9842	-38	9989	-32	9571	-30	9800	16.045	-5.944
503.6	NaN	636	NaN	676	2	356	0	0	0	402	-40	9493	-38	9408	-32	9362	-30	9335	15.548	-5.136
503.7	NaN	620	NaN	723	3	359	0	0	0	404	-40	9214	-38	9210	-32	8996	-31	9180	14.988	-4.48
503.8	NaN	631	NaN	682	4	401	0	0	0	427	-39	8657	-38	8707	-33	8642	-31	8743	14.448	-5.586
503.9	NaN	639	NaN	711	6	417	0	0	0	449	-39	8585	-37	8482	-32	8238	-31	8493	13.812	-6.605
504	NaN	623	NaN	684	17	446	0	0	0	474	-40	7814	-34	8027	-35	7760	-30	8053	13.34	-6.515
504.1	NaN	631	NaN	719	18	449	0	0	0	464	-41	7683	-34	7942	-35	7206	-29	7958	12.67	-6.23
504.2	NaN	678	NaN	700	16	358	0	0	0	404	-42	5921	-34	7594	-36	6446	-30	7537	12.05	-4.753
504.3	NaN	714	NaN	624	33	362	17	13	0	404	-10	6790	-7	7417	-9	6686	-6	7313	11.61	-4.381
504.4	NaN	691	NaN	707	41	363	5	0	0	406	-31	6176	-21	7260	-27	6293	-18	7261	11.312	-4.31
504.5	NaN	678	NaN	640	44	361	9	7	0	404	-33	5529	-22	7013	-31	6029	-19	7112	10.866	-4.028
504.6	NaN	708	NaN	617	50	361	18	13	0	406	-9	5964	-6	6885	-9	5838	-5	6987	10.517	-3.592
504.7	NaN	688	NaN	599	62	360	17	12	0	407	-13	5691	-7	6790	-11	5643	-6	6777	10.142	-3.441
504.8	NaN	697	NaN	617	65	360	29	29	0	405	0	5562	2	6522	1	5474	3	6575	9.915	0.034
504.9	NaN	687	NaN	589	65	361	48	47	0	405	8	5754	55	7001	18	5600	129	7080	10.03	3.075
505	NaN	738	NaN	570	67	362	48	47	0	406	8	5922	55	7037	17	5778	129	7154	10.228	2.489
505.1	NaN	677	NaN	571	48	360	46	43	0	405	8	5814	48	7061	21	5818	113	7204	10.417	3.467
505.2	NaN	693	NaN	564	48	361	45	42	0	406	12	6600	39	6921	28	6168	92	7145	10.723	5.446
505.3	NaN	655	NaN	603	11	363	60	58	0	409	45	6733	58	7552	98	7227	126	7437	11.131	4.812
505.4	NaN	669	NaN	562	5	359	71	71	0	403	59	9491	63	7276	140	7381	142	7474	11.716	6.064
505.5	NaN	660.5	NaN	724	-5	361	40	35	0	404	18	7626	18	7628	43	7590	40	7656	12.198	5.534
505.6	NaN	664	NaN	677	-21	360	39	39	0	404	23	7923	15	7456	53	7887	33	7564	12.495	1.031
505.7	NaN	654	NaN	730	-32	362	55	58	0	403	45	8460	21	7552	99	8368	46	7711	12.739	2.977
505.8	NaN	645	NaN	611	-36	363	58	61	0	405	67	8749	35	8569	178	8839	67	7939	13.132	5.808
505.9	NaN	641	NaN	605	-35	358	64	66	0	405	81	9280	36	8345	172	9353	77	8607	13.642	6.425
506	NaN	603	NaN	576	-23	363	67	65	0	405	79	9878	51	11510	173	9785	102	8810	14.289	5.922
506.1	NaN	691	NaN	631	-1	365	47	45	0	403	34	9490	30	10181	72	9496	59	9240	14.756	5.925
506.2	NaN	666	NaN	567	24	359	50	44	0	407	24	9200	41	9721	51	9105	87	9696	15.191	3.82
506.3	NaN	659	NaN	570	29	359	58	53	0	405	32	9649	61	10185	67	9408	126	10240	15.521	2.402
506.4	NaN	638	NaN	635	35	359	57	54	0	406	29	9991	64	10367	61	9711	134	10460	15.953	3.246
506.5	NaN	661.8333333	NaN	599	35	358	57	54	0	407	30	10130	64	10529	60	9963	129	10591	16.286	3.367
506.6	NaN	656.1666667	NaN	578	30	359	58	56	0	409	32	10532	64	10766	67	10332	131	10869	16.685	4.021
506.7	NaN	653	NaN	573	25	361	61	59	0	406	39	10572	67	11050	77	10309	135	11042	17.059	5.135
506.8	NaN	631	NaN	592	19	363	86	85	0	406	36	11407	54	11279	71	10887	106	11284	17.645	5.616
506.9	NaN	667	NaN	601	7	358	100	100	0	407	38	11010	44	11225	72	10939	85	11325	18.037	4.775
507	NaN	636	NaN	598	0	360	100	100	0	406	31	11410	31	11340	56	11330	59	11366	18.349	3.633
507.1	NaN	648	NaN	621	2	364	100	100	0	406	29	11496	28	11431	54	11423	54	11472	18.572	1.989
507.2	NaN	656	NaN	638	0	363	100	100	0	404	24	11656	22	11567	43	11581	41	11591	18.763	1.665
507.3	NaN	651	NaN	629	-1	360	100	100	0	407	25	11754	24	11581	45	11667	45	11636	18.902	2.086
507.4	NaN	650	NaN	645	-8	358	100	100	0	405	23	11891	20	11606	41	11797	37	11651	19.017	1.421
507.5	NaN	674	NaN	646	-6	363	100	100	0	407	23	11975	21	11655	42	11871	37	11743	19.097	0.029
507.6	NaN	648	NaN	660	-5	359	100	100	0	404	19	12015	19	11728	35	11913	31	11768	19.143	0.297
507.7	NaN	647	NaN	624	-4	363	100	100	0	404	19	12040	18	11745	36	11928	33	11781	19.183	-0.216
507.8	NaN	655	NaN	670	-5	362	100	100	0	404	17	11956	17	11767	33	11917	31	11813	19.206	-1.387
507.9	NaN	661	NaN	652	-4	359	45	42	0	404	22	12015	14	11747	28	11937	37	11880	19.228	-0.753
508	NaN	672	NaN	656	-3	356	52	56	0	407	16	11956	16	11785	29	11947	29	11780	19.194	0.108
508.1	NaN	673	NaN	642	0	358	33	30	0	405	13	11906	13	11712	23	11869	24	11846	19.202	1.097
508.2	NaN	680	NaN	625.3125	-1	359	0	0	0	405	-18	11722	-17	11617	-12	11468	-13	11459	19.013	-0.055
508.3	NaN	641	NaN	624.125	-1	358	0	0	0	405	-38	11355	-37	11180	-27	11241	-28	11220	18.632	-3.664
508.4	NaN	622	NaN	622.9375	6	362	0	0	0	404	-40	11064	-38	10967	-30	10974	-28	11002	18.186	-5.406
508.5	NaN	628	NaN	621.75	6	365	0	0	0	404	-41	10668	-39	10724	-31	10427	-30	10621	17.585	-5.337
508.6	NaN	623	NaN	620.5625	7	374	0	0	0	412	-42	10479	-38	10505	-31	10334	-29	10542	17.063	-6.116
508.7	NaN	636	NaN	619.375	8	376	0	0	0	408	-42	10014	-38	9998	-33	9794	-29	10025	16.448	-5.95
508.8	NaN	661	NaN	618.1875	9	397	0	0	0	417	-41	9761	-37	9747	-33	9573	-29	9836	15.911	-6.468
508.9	NaN	656	NaN	617	11	563	0	0	0	576	-41	8956	-36	9224	-33	8715	-30	9145	15.057	-7.443
509	NaN	653	NaN	615.8125	12	573	0	0	0	564	-41	8639	-36	9010	-34	8488	-30	8929	14.269	-7.771
509.1	NaN	662	NaN	614.625	5	431	0	0	0	433	-39	8060	-37	8328	-33	7897	-31	8323	13.553	-6.693
509.2	NaN	639	NaN	613.4375	3	392	0	0	0	418	-39	7986	-38	8057	-34	7837	-31	8046	12.966	-6.077
509.3	NaN	647	NaN	612.25	-26	363	0	0	0	401	-33	7812	-42	7239	-29	7712	-36	7132	12.38	-5.949
509.4	NaN	642	NaN	611.0625	-28	361	0	0	0	398	-32	7776	-43	6962	-28	7662	-37	6644	11.877	-5.283
509.5	NaN	650.6071429	NaN	609.875	-36	363	13	16	0	403	-9	7485	-13	6594	-8	7394	-11	6488	11.488	-3.53
509.6	NaN	650.7142857	NaN	608.6875	-39	363	15	18	0	403	-8	7429	-12	6466	-8	7331	-10	6325	11.223	-3.791
509.7	NaN	650.8214286	NaN	637	-39	359	24	27	0	405	0	7212	0	6318	0	7058	0	6242	10.989	-2.424
509.8	NaN	650.9285714	NaN	680	-33	359	35	38	0	405	11	7249	4	6219	30	7140	10	6237	10.842	0.055
509.9	NaN	651.0357143	NaN	671	-1	363	35	33	0	406	15	7048	13	6500	35	7007	30	6578	10.918	-0.007
510	NaN	651.1428571	NaN	635	29	365	23	20	0	407	-1	6671	0	6841	-0	6413	-0	6709	10.914	-2.498
510.1	NaN	651.25	NaN	625	49	360	0	0	0	405	-18	6049	-11	6781	-16	6049	-10	6832	10.628	-3.683
510.2	NaN	651.3571429	NaN	617	52	361	23	23	0	406	-3	5835	-3	6784	-4	5063	-2	6738	10.246	-5.005
510.3	NaN	651.4642857	NaN	665	56	364	30	30	0	406	2	5691	11	6686	6	5602	27	6685	10.021	-2.658
510.4	NaN	651.5714286	NaN	697	55	362	30	30	0	406	2	5662	11	6715	6	5535	26	6632	9.869	-1.532
510.5	NaN	651.6785714	NaN	706	61	364	30	29	0	405	2	5567	10	6542	4	5498	23	6535	9.75	-2.421
510.6	NaN	651.7857143	NaN	673	60	359	30	29	0	407	2	5503	11	6561	4	5339	24	6539	9.645	-2.387
510.7	NaN	651.8928571	NaN	590	61	362	40	40	0	404	4	5489	30	6581	13	5408	64	6600	9.72	0.394
510.8	NaN	656	NaN	582	58	359	55	55	0	407	13	5715	69	7134	30	5775	166	7156	9.949	4.022
510.9	NaN	729	NaN	554	58	363	55	55	0	406	14	5917	69	7129	32	5861	160	7203	10.336	5.027
511	NaN	653	NaN	578	51	362	55	55	0	405	18	6715	65	7434	42	6426	149	7563	10.831	5.214
511.1	NaN	681	NaN	533	49	363	55	55	0	405	19	6559	66	7563	44	7034	147	7963	11.181	5.184
511.2	NaN	655	NaN	548	41	358	64	65	0	405	29	8330	81	8147	67	7527	184	8292	11.598	6.307
511.3	NaN	653.7252747	NaN	598	38	363	68	68	0	406	33	8509	86	8779	78	8470	203	8718	12.097	5.193
511.4	NaN	656.0398352	NaN	546	8	358	88	87	0	411	82	8997	99	8637	149	15946	205	9401	12.697	4.826
511.5	NaN	658.3543956	NaN	548	6	358	94	93	0	406	90	13935	100	9235	166	16454	211	9281	13.369	7.894
511.6	NaN	660.668956	NaN	574	2	361	100	100	0	411	76	19015	90	9443	177	16003	199	10655	14.117	11.619
511.7	NaN	662.9835165	NaN	548	-10	361	100	100	0	407	96	22932	77	9609	172	12976	156	9659	14.773	11.391
511.8	NaN	665.2980769	NaN	568	-14	360	100	100	0	407	-0	16096	-0	9463	171	16973	159	10752	15.507	7.255
511.9	NaN	667.6126374	NaN	598	-12	358	100	100	0	407	0	10496	-0	9604	193	12840	138	9851	16.27	6.734
512	NaN	669.9271978	NaN	574	-1	359	100	100	0	408	0	10687	0	10101	136	10864	151	11856	16.698	4.738
512.1	NaN	672.2417582	NaN	576	2	360	100	100	0	406	6	10612	50	10962	89	10945	116	12671	17.25	6.094
512.2	NaN	674.5563187	NaN	582	1	359	100	100	0	407	38	11127	38	11111	74	11185	72	11307	17.701	5.284
512.3	NaN	676.8708791	NaN	604	-3	363	100	100	0	407	31	11375	30	11262	59	11334	59	11291	18.169	4.341
512.4	NaN	679.1854396	NaN	608	-4	359	90	88	0	406	28	11613	27	11389	55	11560	51	11518	18.411	2.388
512.5	NaN	658	NaN	632	-2	358	82	80	0	407	24	11707	22	11587	44	11618	44	11552	18.658	1.863
512.6	NaN	705	NaN	650	-1	363	18	14	0	406	-2	11589	-1	11421	-4	11445	-4	11486	18.717	-0.262
512.7	NaN	668	NaN	660	2	411	0	0	0	426	-22	11449	-21	11392	-15	11321	-15	11313	18.636	-2.845
512.8	NaN	646	NaN	716	1	477	0	0	0	502	-33	11160	-32	10964	-24	11103	-23	11139	18.164	-4.852
512.9	NaN	640	NaN	714	4	571	0	0	0	543	-41	10457	-40	10435	-31	10379	-30	10525	17.464	-7.364
513	NaN	646	NaN	695	3	636	0	0	0	632	-40	10322	-38	10129	-32	10037	-30	10126	16.697	-8.882
513.1	NaN	658	NaN	714	3	622	0	0	0	574	-40	9391	-38	9395	-32	8798	-30	9370	15.62	-7.744
513.2	NaN	651	NaN	689	-1	567	0	0	0	560	-40	8915	-38	9146	-32	8893	-31	9134	14.807	-7.215
513.3	NaN	662	NaN	718	1	545	0	0	0	545	-39	8477	-38	8356	-33	8308	-32	8466	14.019	-7.245
513.4	NaN	670	NaN	724	2	585	0	0	0	554	-38	8132	-38	8106	-33	7945	-31	8090	13.205	-7.6
513.5	NaN	684	NaN	782	6	589	0	0	0	574	-39	7411	-37	7369	-33	7258	-32	7355	12.315	-7.537
513.6	NaN	679	NaN	763	11	555	0	0	0	530	-40	7093	-35	7177	-35	6696	-31	7252	11.589	-6.368
513.7	NaN	669.1673711	NaN	731	41	361	0	0	0	402	-44	6063	-30	6880	-41	5831	-27	6901	10.939	-5.663
513.8	NaN	670.5284235	NaN	737	55	361	0	0	0	404	-48	5734	-27	6801	-42	5546	-24	6852	10.538	-6.037
513.9	NaN	671.8894759	NaN	647	62	362	24	22	0	405	-1	5546	0	6571	0	4200	0	6571	10.101	-1.895
514	NaN	673.2505283	NaN	716	62	365	27	26	0	405	1	5379	4	6473	2	5229	10	6476	9.69	-1.018
514.1	NaN	674.6115807	NaN	658	64	363	27	26	0	404	0	5029	3	6248	1	5025	7	6320	9.437	-1.996
514.2	NaN	675.9726331	NaN	686	62	362	27	26	0	408	0	5037	3	5978	1	4932	8	6129	9.138	-1.248
514.3	NaN	677.3336855	NaN	710	60	362	27	28	0	406	1	4831	5	5856	2	4768	14	5954	8.949	-0.664
514.4	NaN	678.694738	NaN	622	61	363	39	41	0	405	5	4844	33	5895	14	4997	78	6061	8.76	1.095
514.5	NaN	680.0557904	NaN	629	58	361	41	43	0	404	8	5027	39	6074	18	5042	93	6143	8.867	1.566
514.6	NaN	681.4168428	NaN	584	43	361	41	44	0	406	11	5188	36	6041	26	5176	85	6126	9.055	2.134
514.7	NaN	682.7778952	NaN	665	4	365	40	39	0	407	19	5354	24	6073	48	5601	55	6196	9.233	1.103
514.8	NaN	684.1389476	NaN	670	-41	359	41	44	0	402	32	6205	11	5488	84	6185	26	5523	9.443	0.726
514.9	NaN	690	NaN	640	-42	360	54	58	0	406	62	6518	23	5608	149	6513	54	5917	9.699	2.892
515	NaN	704	NaN	660	-50	363	48	48	0	405	50	6991	14	5931	116	6834	32	6011	10.163	3.792
515.1	NaN	696	NaN	699	-60	362	45	45	0	402	51	7166	10	5912	117	7003	23	5948	10.308	1.286
515.2	NaN	728	NaN	660	-58	364	31	31	0	404	14	7058	3	5741	33	7033	6	5760	10.276	-0.459
515.3	NaN	720	NaN	660	-57	361	37	37	0	405	16	6935	3	5644	37	6929	7	5793	10.201	0.352
515.4	NaN	750	NaN	640	-48	362	79	81	0	405	45	7153	13	5819	107	7172	29	6055	10.215	2.031
515.5	NaN	682	NaN	662.85	-39	359	89	91	0	404	118	7362	50	6622	220	7653	103	7893	10.696	6.787
515.6	NaN	649	NaN	663.2	-30	357	90	84	0	407	117	9594	57	11175	193	7990	130	11133	11.456	10.9
515.7	NaN	658	NaN	663.55	-29	358	90	85	0	405	124	11677	58	10297	203	9410	126	12281	12.023	8.918
515.8	NaN	647	NaN	663.9	-36	359	85	83	0	407	119	10189	51	11579	202	8727	117	13260	12.856	9.132
515.9	NaN	638	NaN	664.25	-34	361	85	83	0	406	122	11131	50	12698	202	8805	113	12614	13.802	9.888
516	NaN	660	NaN	664.6	-48	359	69	72	0	407	101	10231	32	9688	204	9917	67	9041	14.624	9.646
516.1	NaN	682	NaN	664.95	-55	356	70	72	0	405	103	10570	30	9924	196	10334	62	9386	15.43	7.841
516.2	NaN	659	NaN	665.3	-37	361	70	71	0	407	104	11670	39	9930	200	11021	80	10292	15.899	5.654
516.3	NaN	631	NaN	665.65	8	363	70	70	0	405	52	10573	61	14013	97	10927	115	10783	16.449	5.626
516.4	NaN	756	NaN	636	22	365	27	22	0	409	-1	10297	-2	10688	-3	10132	-6	10473	16.76	5.143
516.5	NaN	659	NaN	613	7	362	41	40	0	406	23	10353	26	10647	46	10252	52	10805	17.066	2.59
516.6	NaN	689	NaN	584	7	361	47	49	0	407	33	10730	38	10872	66	10695	75	10875	17.37	4.254
516.7	NaN	723	NaN	581	5	360	69	69	0	406	40	11076	43	10982	77	11010	84	11113	17.81	5.531
516.8	NaN	694	NaN	583	7	363	70	72	0	405	34	11144	38	11234	64	11109	76	11259	18.123	5.104
516.9	NaN	780	NaN	652	11	363	26	22	0	407	-3	11163	-3	11324	-6	11027	-7	11326	18.442	2.405
517	NaN	710	NaN	643	10	358	35	36	0	405	6	11174	8	11392	15	11130	22	11361	18.493	-0.652
517.1	NaN	727	NaN	653	11	363	34	30	0	406	10	11241	13	11419	20	11180	23	11489	18.552	0.253
517.2	NaN	698	NaN	657.7142857	8	358	31	26	0	405	9	11262	10	11488	17	11177	19	11497	18.425	-2.027
517.3	NaN	692	NaN	655.4285714	7	359	0	0	0	404	-28	11014	-26	11124	-20	10931	-19	11142	18.153	-3.662
517.4	NaN	672	NaN	653.1428571	7	359	0	0	0	405	-36	10917	-36	11012	-28	10726	-27	10931	17.726	-5.345
517.5	NaN	676	NaN	650.8571429	16	363	0	0	0	404	-43	10282	-38	10594	-33	10050	-28	10473	17.209	-5.318
517.6	NaN	686	NaN	648.5714286	18	361	0	0	0	406	-43	10101	-36	10445	-34	9850	-28	10446	16.697	-4.606
517.7	NaN	691	NaN	646.2857143	7	362	0	0	0	406	-41	9596	-38	9975	-32	9387	-30	9884	16.137	-5.756
517.8	NaN	691	NaN	644	6	359	0	0	0	404	-41	9551	-38	9803	-33	9268	-30	9781	15.765	-5.272
517.9	NaN	688	NaN	641.7142857	19	360	0	0	0	403	-43	8903	-35	9421	-35	8659	-28	9341	15.285	-5.413
518	NaN	685	NaN	639.4285714	20	362	0	0	0	404	-43	8713	-35	9323	-35	8552	-28	9213	14.718	-5.692
518.1	NaN	680	NaN	637.1428571	20	359	0	0	0	406	-42	7909	-35	8817	-35	7683	-29	8829	14.175	-4.281
518.2	NaN	696	NaN	634.8571429	19	364	9	9	0	405	-38	7601	-18	8555	-20	7560	-14	8643	13.569	-3.285
518.3	NaN	717	NaN	632.5714286	20	361	9	9	0	403	-23	7741	-18	8469	-19	4811	-16	8151	13.208	-0.943
518.4	NaN	719	NaN	630.2857143	1	363	11	13	0	408	-16	7122	-16	7969	-14	7450	-13	7894	12.782	-1.983
518.5	NaN	723	NaN	654	1	359	13	14	0	406	-14	7734	-14	7520	-12	7580	-12	7528	12.564	-2.179
518.6	NaN	715	NaN	652	24	364	15	12	0	405	-14	7289	-11	7589	-12	7325	-10	7616	12.277	-2.683
518.7	NaN	767	NaN	634	40	365	17	14	0	407	-10	6800	-7	7697	-9	6643	-6	7718	12.042	-2.492
518.8	NaN	741	NaN	621	50	360	17	13	0	408	-12	6048	-7	7418	-11	6548	-6	7479	11.731	-3.128
518.9	NaN	763	NaN	641	47	362	20	18	0	409	-8	6566	-4	7498	-6	6258	-3	7498	11.52	-0.953
519	NaN	740	NaN	629	40	359	38	36	0	407	9	6629	25	7542	21	6619	56	7567	11.343	2.347
519.1	NaN	720	NaN	607	37	364	39	38	0	407	11	6634	26	7449	25	7252	60	7554	11.418	1.492
519.2	NaN	722	NaN	705	39	361	29	28	0	405	2	6440	6	7228	6	6627	14	7325	11.43	-0.875
519.3	NaN	709	NaN	710	38	363	29	27	0	408	2	6616	7	7445	6	6523	15	7386	11.293	-2.837
519.4	NaN	727	NaN	650	58	361	33	32	0	404	3	6399	15	7183	7	6354	39	7288	11.128	-2.016
519.5	NaN	707	NaN	639	51	363	36	35	0	408	6	6351	22	7436	14	6549	51	7450	11.068	-0.146
519.6	NaN	737	NaN	627	44	360	36	35	0	407	7	6467	21	7329	16	6415	50	7346	11.117	0.528
519.7	NaN	743	NaN	658	44	362	36	35	0	407	7	6434	21	7373	16	6453	49	7426	11.142	0.147
519.8	NaN	656	NaN	639.0758929	46	361	56	56	0	406	21	6689	67	7867	49	7237	156	7852	11.355	2.691
519.9	NaN	627	NaN	638.9375	46	361	57	56	0	406	22	6964	67	7873	50	6842	154	7930	11.659	4.656
520	NaN	678	NaN	638.7991071	50	359	50	46	0	406	15	7228	51	8067	33	7302	116	8206	11.979	3.115
520.1	NaN	687	NaN	638.6607143	49	361	50	46	0	406	15	7256	50	8198	33	7216	113	8281	12.278	1.667
520.2	NaN	704	NaN	638.5223214	49	363	50	47	0	406	15	7579	52	8319	33	7904	114	8452	12.539	3.132
520.3	NaN	652	NaN	638.3839286	49	360	56	56	0	407	17	7545	68	8600	46	7975	122	8662	12.822	3.872
520.4	NaN	617	NaN	638.2455357	51	361	57	57	0	406	21	8521	73	8760	46	8203	161	8835	13.136	2.948
520.5	NaN	621	NaN	638.1071429	34	362	62	63	0	406	33	8605	77	9036	77	8550	162	9204	13.578	4.519
520.6	NaN	621	NaN	637.96875	9	359	68	68	0	406	57	10551	69	9190	121	8990	148	9262	14.12	7.57
520.7	NaN	609	NaN	637.8303571	9	360	79	78	0	406	72	10021	88	9639	154	9418	184	9685	14.929	8.68
520.8	NaN	605	NaN	637.6919643	8	363	100	100	0	407	68	10140	80	10156	139	9947	167	10213	15.681	7.827
520.9	NaN	631	NaN	637.5535714	9	360	100	100	0	405	58	10655	72	10620	119	10431	147	10619	16.599	7.456
521	NaN	640	NaN	637.4151786	11	361	100	100	0	405	50	10591	60	10695	96	10550	115	10790	17.133	6.789
521.1	NaN	654	NaN	637.2767857	8	363	100	100	0	405	41	10990	48	11082	78	10913	90	11200	17.79	3.68
521.2	NaN	640	NaN	637.1383929	7	362	100	100	0	407	36	11105	42	11238	69	11087	82	11349	18.124	2.651
521.3	NaN	662	NaN	629	7	363	100	100	0	406	29	11364	32	11362	54	11282	58	11475	18.409	2.695
521.4	NaN	674	NaN	615	6	362	100	100	0	406	25	11440	29	11469	49	11391	55	11553	18.61	2.505
521.5	NaN	674	NaN	633	5	363	100	100	0	407	22	11609	25	11520	42	11489	46	11617	18.757	2.283
521.6	NaN	731	NaN	672	4	359	100	100	0	406	20	11636	22	11644	39	11562	42	11658	18.834	0.988
521.7	NaN	714	NaN	637	6	363	100	100	0	404	19	11714	21	11589	35	11568	40	11685	18.917	-0.293
521.8	NaN	669	NaN	644	6	361	100	100	0	406	17	11670	22	11725	35	11612	41	11747	18.942	-0.288
521.9	NaN	665	NaN	634	5	363	100	100	0	406	19	11661	22	11630	37	11554	41	11709	18.973	1.369
522	NaN	672	NaN	633	3	364	100	100	0	406	17	11676	20	11754	32	11623	36	11782	18.989	1.253
522.1	NaN	691	NaN	620	2	359	100	100	0	407	18	11755	18	11655	33	11636	37	11715	18.975	1.462
522.2	NaN	677	NaN	624	4	360	100	100	0	408	16	11752	18	11716	38	11741	32	11786	18.993	0.632
522.3	NaN	683	NaN	623	4	363	100	100	0	404	17	11799	17	11625	32	11681	33	11717	19.015	0.598
522.4	NaN	673	NaN	638	4	363	100	100	0	404	17	11803	22	11706	38	11726	35	11761	19.012	-0.491
522.5	NaN	684	NaN	639	3	362	100	100	0	405	18	11795	19	11598	33	11679	34	11734	19.023	0.033
522.6	NaN	670	NaN	659	4	361	100	100	0	404	20	11808	20	11689	34	11705	36	11726	19.016	-0.09
522.7	NaN	674	NaN	648	3	361	100	100	0	406	18	11774	19	11657	35	11606	38	11736	18.974	-0.786
522.8	NaN	682	NaN	637	5	363	100	100	0	407	17	11766	20	11734	33	11701	35	11836	18.977	-1.192
522.9	NaN	667	NaN	639	5	362	81	77	0	408	18	11767	18	11662	31	11622	35	11760	19.006	-0.194
523	NaN	663	NaN	638	6	361	35	31	0	406	18	11767	20	11730	34	11697	39	11775	19.009	0.143
523.1	NaN	670	NaN	631	4	363	0	0	0	407	-5	11628	-5	11522	-5	11528	-6	11608	18.853	-1.383
523.2	NaN	649	NaN	678	3	361	0	0	0	405	-33	11185	-35	11202	-27	11068	-24	11230	18.4	-4.685
523.3	NaN	652	NaN	675	4	365	0	0	0	403	-41	11103	-39	10969	-30	10876	-29	10990	17.78	-6.33
523.4	NaN	644	NaN	663	0	362	0	0	0	404	-38	10531	-38	10373	-30	10354	-30	10359	17.19	-5.246
523.5	NaN	729	NaN	626	-3	361	16	16	0	405	-12	10436	-12	10311	-9	10345	-9	10348	16.786	-3.802
523.6	NaN	762	NaN	634	-10	360	21	20	0	405	-0	10318	-1	9974	-0	10191	-1	9968	16.504	-2.321
523.7	NaN	759	NaN	635	-18	362	21	20	0	404	-0	10314	-0	9785	-0	10250	-1	9817	16.236	-1.486
523.8	NaN	767	NaN	634	-34	364	21	21	0	404	-0	10263	-0	9241	-0	10233	0	9253	15.924	-2.367
523.9	NaN	761	NaN	634	-34	360	21	22	0	403	0	10099	0	9185	0	9982	0	9163	15.683	-2.72
524	NaN	671	NaN	694	-18	360	34	36	0	404	18	9979	11	9152	36	9896	24	9227	15.491	-1.467
524.1	NaN	785	NaN	671	1	363	37	34	0	404	19	9940	15	9184	38	9852	32	9344	15.44	0.943
524.2	NaN	702	NaN	643	21	360	35	33	0	407	10	9353	16	9696	21	9288	35	9769	15.471	0.174
524.3	NaN	716	NaN	604	27	360	37	36	0	406	13	9313	22	9807	26	9256	46	9917	15.471	-0.4
524.4	NaN	767	NaN	603	32	363	37	34	0	406	10	9235	22	9925	22	9171	45	9938	15.467	0.13
524.5	NaN	736	NaN	612	32	363	35	33	0	406	10	9177	19	9928	20	9115	41	9992	15.449	0.093
524.6	NaN	754	NaN	633	29	363	34	30	0	405	7	9069	13	9814	14	9038	28	9896	15.391	0.173
524.7	NaN	755	NaN	669	23	363	34	31	0	406	8	9055	13	9738	16	9017	27	9817	15.269	-0.149
524.8	NaN	747	NaN	621	5	360	25	23	0	406	-0	9189	-0	9443	-0	9007	-1	9416	15.166	-1.165
524.9	NaN	717	NaN	619	5	370	0	0	0	413	-11	9216	-12	9222	-10	9100	-10	9188	14.956	-3.964
525	NaN	687	NaN	634.5	5	497	0	0	0	507	-23	8969	-23	8979	-19	8877	-19	8947	14.415	-6.961
525.1	NaN	682	NaN	635	-1	625	0	0	0	588	-38	8250	-39	8114	-32	8151	-32	7890	13.568	-8.848
525.2	NaN	671	NaN	635.5	-11	642	0	0	0	595	-38	7776	-39	7788	-31	7704	-33	7675	12.658	-9.365
525.3	NaN	671	NaN	636	-30	362	0	0	0	403	-31	7698	-43	6632	-28	7464	-37	6319	11.778	-7.628
525.4	NaN	686	NaN	636.5	-30	359	0	0	0	400	-32	7399	-43	6530	-28	7251	-38	6211	11.231	-4.711
525.5	NaN	740	NaN	637	-36	365	13	16	0	402	-9	7079	-13	6125	-8	6943	-11	6130	10.772	-3.161
525.6	NaN	746	NaN	637.5	-38	365	16	18	0	402	-8	7001	-10	6012	-6	6855	-9	5961	10.529	-3.138
525.7	NaN	759	NaN	637	-55	361	25	28	0	403	3	6898	0	5770	8	6864	2	5709	10.296	-3.676
525.8	NaN	749	NaN	634	-58	362	25	28	0	406	4	6868	1	5737	9	6772	2	5658	10.097	-3.025
525.9	NaN	684	NaN	636.0625	-66	364	35	37	0	405	27	6849	3	5622	64	6839	8	5543	9.941	-0.596
526	NaN	692	NaN	636.875	-68	359	38	41	0	403	31	6923	4	5531	77	6862	11	5539	9.943	1.456
526.1	NaN	731	NaN	637.6875	-55	359	50	52	0	403	54	7129	11	5666	132	7112	23	5846	10.112	3.48
526.2	NaN	703	NaN	656	-39	361	52	54	0	405	62	7301	17	5867	144	7607	39	6570	10.352	4.431
526.3	NaN	707	NaN	614	-23	360	53	55	0	406	53	7482	29	6123	121	7918	68	8468	10.687	5.143
526.4	NaN	690	NaN	593	-3	359	54	55	0	407	48	7581	40	7608	99	7830	91	8407	11.078	6.93
526.5	NaN	691	NaN	593	6	362	51	48	0	408	33	7530	37	7762	76	7587	85	7969	11.514	7.36
526.6	NaN	694	NaN	601	-2	363	51	48	0	409	36	7591	35	7619	81	7562	80	7724	12.08	6.564
526.7	NaN	676	NaN	603	-3	361	51	49	0	406	38	8018	34	7834	83	7989	74	7836	12.519	5.114
526.8	NaN	670	NaN	600	-2	363	50	46	0	406	34	8208	33	8046	75	8216	71	8090	13.149	3.81
526.9	NaN	681	NaN	593	-6	359	50	48	0	407	36	8559	33	8460	79	8509	73	8429	13.603	3.677
527	NaN	722	NaN	692	-3	359	32	27	0	405	10	8694	8	8502	15	8558	13	8497	13.861	1.497
527.1	NaN	694.3	NaN	615	-4	359	28	24	0	406	4	8654	3	8488	8	8561	7	8530	13.805	-1.404
527.2	NaN	697.1	NaN	643	-32	364	24	25	0	405	-0	8749	0	8012	0	8625	-0	7961	13.653	-1.392
527.3	NaN	699.9	NaN	639	-34	360	25	26	0	406	-0	8768	-0	7735	-0	8687	-0	7774	13.427	-1.301
527.4	NaN	702.7	NaN	634.925	-50	360	8	4	0	402	-6	8259	-15	7385	-7	8334	-8	7318	13.168	-2.908
527.5	NaN	699	NaN	633.56875	-49	360	9	10	0	402	-14	8373	-25	7114	-12	8307	-21	6688	12.781	-2.974
527.6	NaN	666	NaN	632.2125	-42	362	36	32	0	404	20	8108	7	7156	46	8189	17	7333	12.55	-0.067
527.7	NaN	696	NaN	630.85625	-36	362	33	29	0	402	12	8040	5	7152	26	8032	10	7418	12.525	-0.53
527.8	NaN	694.02	NaN	646	-46	361	14	10	0	407	-2	7751	-2	6923	-2	7824	-2	7066	12.308	-1.808
527.9	NaN	692.89	NaN	625	-53	361	11	8	0	405	-6	7719	-11	6814	-6	7722	-9	6781	11.949	-4.276
528	NaN	691.76	NaN	646	-47	360	21	21	0	406	-0	7591	-0	6437	-0	7545	-0	5565	11.543	-2.384
528.1	NaN	690.63	NaN	638	-50	361	23	22	0	402	0	7424	0	6373	0	7440	0	5677	11.376	-1.738
528.2	NaN	706	NaN	732	-41	359	41	43	0	405	33	7669	12	6433	76	7665	29	6587	11.275	0.137
528.3	NaN	712	NaN	748	-41	359	48	49	0	402	46	7712	18	6717	106	7753	41	6952	11.375	4.726
528.4	NaN	740	NaN	665	-41	360	47	46	0	403	45	7865	17	6871	104	7994	39	7672	11.646	5.175
528.5	NaN	736	NaN	683	-40	358	47	47	0	405	43	7972	17	7180	102	8103	39	7632	11.891	4.204
528.6	NaN	673	NaN	634	-29	358	53	55	0	405	50	8158	24	7264	112	8211	56	8067	12.23	6.638
528.7	NaN	678	NaN	618	3	363	51	45	0	407	40	8253	36	7672	75	8195	76	7753	12.746	6.281
528.8	NaN	685.575	NaN	637	17	363	26	22	0	407	0	7674	0	7971	0	7593	0	7972	12.803	0.188
528.9	NaN	697	NaN	652	38	363	32	33	0	407	5	7532	14	8094	14	7468	37	8201	12.76	-0.71
529	NaN	703	NaN	638.7647059	46	363	47	48	0	405	16	7628	48	8573	36	7509	108	8485	12.88	3.011
529.1	NaN	705	NaN	639.0294118	45	363	49	48	0	406	17	7832	50	8707	37	7850	113	8852	13.119	2.702
529.2	NaN	709	NaN	639.2941176	46	362	51	50	0	408	18	7865	54	8681	40	7831	121	8877	13.44	3.373
529.3	NaN	662	NaN	639.5588235	43	361	56	56	0	405	24	8865	66	9181	52	8735	147	9225	13.826	4.449
529.4	NaN	683	NaN	639.8235294	41	363	56	56	0	405	24	8996	66	9327	54	8365	143	9487	14.321	6.006
529.5	NaN	636	NaN	640.0882353	-10	361	77	76	0	406	72	10289	70	9419	167	10192	146	9639	15.007	9.323
529.6	NaN	639	NaN	640.3529412	-14	358	88	88	0	406	104	13533	70	9711	190	9965	144	9609	15.782	8.74
529.7	NaN	650	NaN	640.6176471	-53	364	100	100	0	406	102	11563	31	10682	199	10927	63	10060	16.686	6.222
529.8	NaN	655	NaN	640.8823529	-55	358	100	100	0	407	94	11807	27	10920	197	11026	53	10290	16.968	7.058
529.9	NaN	696	NaN	641.1470588	-47	360	100	100	0	404	82	11727	28	10642	180	11594	56	12150	17.181	4.998
530	NaN	683	NaN	641.4117647	-46	358	100	100	0	405	76	11904	29	11040	170	11473	58	10578	17.468	6.52
530.1	NaN	675	NaN	641.6764706	-12	362	100	100	0	403	46	11492	35	11281	88	11553	70	12135	17.732	6.127
530.2	NaN	676	NaN	641.9411765	2	359	100	100	0	404	25	11271	28	11113	53	11331	62	11005	17.959	2.702
530.3	NaN	671	NaN	642.2058824	5	362	100	100	0	406	31	11318	33	11419	57	11279	65	11519	18.298	1.797
530.4	NaN	663	NaN	642.4705882	7	358	100	100	0	405	28	11447	33	11461	57	11353	59	11558	18.644	2.013
530.5	NaN	668	NaN	642.7352941	2	363	100	100	0	406	22	11705	23	11592	42	11656	44	11655	18.879	1.874
530.6	NaN	676	NaN	635	2	362	100	100	0	406	21	11775	22	11680	37	11631	38	11702	19.067	0.84
530.7	NaN	687	NaN	632	3	360	100	100	0	408	16	11781	19	11740	31	11713	33	11807	19.135	-0.163
530.8	NaN	695	NaN	623	3	360	100	100	0	407	17	11788	17	11844	30	11686	33	11864	19.232	0.808
530.9	NaN	694	NaN	634	5	363	100	100	0	406	13	11868	15	11861	26	11773	27	11915	19.292	0.408
531	NaN	684	NaN	641	3	358	100	100	0	406	14	11880	15	11937	26	11757	27	11931	19.344	-0.132
531.1	NaN	677	NaN	646	4	360	100	100	0	406	12	11892	13	11869	23	11809	24	11930	19.375	0.001
531.2	NaN	675	NaN	637	5	357	100	100	0	406	12	11897	13	11948	22	11781	23	11968	19.391	1.431
531.3	NaN	675	NaN	650	3	361	100	100	0	405	11	11961	12	11954	22	11807	25	11939	19.428	1.01
531.4	NaN	671	NaN	633	2	364	100	100	0	404	13	11914	14	11948	24	11782	26	11934	19.43	1.265
531.5	NaN	675	NaN	634	3	357	100	100	0	407	10	11978	11	11990	21	11855	23	11981	19.418	0.862
531.6	NaN	674	NaN	646	2	357	100	100	0	407	11	11995	12	11867	21	11895	20	11972	19.436	1.216
531.7	NaN	666	NaN	681	4	359	100	100	0	407	11	11952	10	11954	19	11838	20	11975	19.443	1.063
531.8	NaN	669	NaN	651	3	359	100	100	0	404	11	12002	11	11857	21	11875	21	11948	19.442	0.972
531.9	NaN	664	NaN	645	3	359	100	100	0	407	11	12013	11	11962	19	11844	21	11982	19.448	0.625
532	NaN	670	NaN	659	5	363	100	100	0	406	11	11985	11	11894	20	11870	21	12000	19.455	0.123
532.1	NaN	663	NaN	645	3	362	100	100	0	403	11	11985	11	12001	20	11845	21	12039	19.456	0.578
532.2	NaN	677	NaN	639	4	358	100	100	0	405	9	11986	11	11918	18	11878	18	12011	19.466	-0.454
532.3	NaN	677	NaN	652	3	361	100	100	0	406	11	11993	11	11990	20	11837	20	11998	19.477	-0.759
532.4	NaN	676	NaN	655	3	359	100	100	0	403	10	12044	10	12002	17	11892	18	12028	19.483	-0.179
532.5	NaN	669	NaN	634	2	362	100	100	0	404	9	11994	11	11993	19	11860	18	12037	19.498	0.329
532.6	NaN	670	NaN	657	4	362	100	100	0	405	10	12034	10	12013	17	11936	17	12019	19.493	-0.266
532.7	NaN	682	NaN	644	2	360	100	100	0	406	7	12077	9	12001	13	11932	12	12003	19.484	-0.017
532.8	NaN	673	NaN	725	0	362	100	100	0	407	9	12075	9	11988	17	11976	17	11979	19.48	-0.519
532.9	NaN	683	NaN	661	3	360	100	100	0	407	8	12065	8	11974	14	11899	14	11967	19.477	0.393
533	NaN	686	NaN	647	0	359	100	100	0	407	8	12038	8	11981	16	11931	15	11966	19.47	-0.184
533.1	NaN	672	NaN	646	3	365	100	100	0	406	8	12047	10	11971	16	11881	17	11965	19.489	0.047
533.2	NaN	679	NaN	675	3	361	100	100	0	404	8	12035	7	11991	14	11919	14	11989	19.491	0.243
533.3	NaN	675	NaN	652	0	360	100	100	0	406	8	12069	10	11915	17	11916	18	11965	19.486	-0.733
533.4	NaN	677	NaN	668	1	364	100	100	0	407	9	12076	9	11986	13	11883	15	11969	19.479	-1.249
533.5	NaN	673	NaN	655	-3	362	100	100	0	404	8	12114	7	11887	23	12036	21	11955	19.479	-1.207
533.6	NaN	669	NaN	657	-4	360	100	100	0	404	8	12144	8	11906	15	11953	14	11900	19.492	-0.431
533.7	NaN	674	NaN	646	-6	363	100	100	0	407	10	12191	12	11850	27	12088	23	11922	19.485	-0.65
533.8	NaN	667	NaN	655	-6	357	100	100	0	407	11	12152	10	11846	18	12025	17	11874	19.482	-0.152
533.9	NaN	666	NaN	645	-6	361	100	100	0	403	14	12223	13	11865	28	12151	24	11933	19.51	-0.748
534	NaN	681	NaN	651	-6	357	100	100	0	405	10	12201	9	11855	18	12086	16	11867	19.534	-0.844
534.1	NaN	665	NaN	661	-5	360	100	100	0	404	13	12183	11	11914	26	12088	22	11951	19.541	-0.648
534.2	NaN	659	NaN	677	-5	362	100	100	0	404	9	12231	8	11857	15	12082	15	11965	19.538	-1.081
534.3	NaN	659	NaN	646	-1	362	100	100	0	405	11	12099	11	11985	20	11985	19	11988	19.526	-1.594
534.4	NaN	681	NaN	646	0	360	100	100	0	405	9	12118	8	11980	14	11935	13	11976	19.512	-1.445
534.5	NaN	681	NaN	655	2	358	92	88	0	407	9	12061	9	11969	15	11911	15	11996	19.487	-0.402
534.6	NaN	738	NaN	645	2	362	6	2	0	408	-4	12038	-4	11919	-5	11770	-5	11879	19.395	-0.843
534.7	NaN	659	NaN	667	2	364	0	0	0	404	-29	11684	-31	11699	-22	11508	-20	11643	19.081	-3.7
534.8	NaN	649	NaN	681	1	358	0	0	0	403	-38	11537	-40	11453	-28	11339	-27	11349	18.636	-4.6
534.9	NaN	640	NaN	675	2	360	0	0	0	404	-39	11004	-39	11040	-29	10938	-28	11009	18.136	-5.051
535	NaN	640	NaN	648	2	363	0	0	0	404	-41	10881	-39	10882	-30	10673	-29	10805	17.641	-4.993
535.1	NaN	641	NaN	688	3	360	0	0	0	401	-41	10499	-40	10450	-31	10350	-30	10381	17.136	-4.561
535.2	NaN	642	NaN	678	4	361	0	0	0	403	-41	10279	-39	10214	-30	10174	-30	10177	16.716	-5.819
535.3	NaN	643	NaN	687	4	362	0	0	0	403	-40	10126	-38	10034	-32	9935	-30	10028	16.275	-5.404
535.4	NaN	639	NaN	673	3	359	0	0	0	405	-40	9647	-39	9606	-31	9451	-30	9579	15.733	-4.612
535.5	NaN	640	NaN	692	4	360	0	0	0	404	-40	9536	-39	9434	-31	9275	-31	9315	15.262	-5.081
535.6	NaN	639	NaN	693	7	366	0	0	0	406	-40	9131	-37	9092	-33	8879	-31	8976	14.709	-5.813
535.7	NaN	636	NaN	692	6	370	0	0	0	408	-40	8779	-37	8885	-33	8748	-31	8893	14.243	-5.313
535.8	NaN	645	NaN	697	4	367	0	0	0	405	-39	8216	-37	8424	-33	8160	-31	8392	13.732	-5.495
535.9	NaN	637	NaN	722	6	373	0	0	0	405	-40	8201	-37	8232	-33	8092	-31	8284	13.275	-6.068
536	NaN	659	NaN	705	20	368	0	0	0	406	-41	7634	-33	7933	-37	6649	-29	7341	12.684	-9.339
536.1	NaN	674	NaN	686	27	369	0	0	0	411	-42	7288	-33	7844	-39	7210	-28	7867	12.184	-9.825
536.2	NaN	677	NaN	764	60	359	0	0	0	400	-49	5518	-26	7324	-43	4741	-23	7499	11.614	-5.197
536.3	NaN	691	NaN	606	64	358	8	7	0	402	-15	5988	-18	7096	-14	1923	-7	7332	11.136	-4.368
536.4	NaN	735	NaN	626	49	360	19	17	0	406	-7	5796	-3	7073	-5	2912	-3	7047	10.641	-2.785
536.5	NaN	742	NaN	629	47	365	28	27	0	407	0	5537	0	6842	1	3509	1	6914	10.314	-0.214
536.6	NaN	680	NaN	577	27	359	49	49	0	405	22	5912	45	7034	50	6879	106	7547	10.166	3.52
536.7	NaN	679	NaN	580	24	359	52	52	0	406	28	6203	48	7074	65	8437	113	7757	10.24	3.453
536.8	NaN	646.6666667	NaN	580	37	362	48	45	0	408	18	5953	43	6800	43	9874	101	7738	10.269	3.634
536.9	NaN	649.3333333	NaN	615	29	359	45	43	0	407	18	6406	36	6950	41	9602	85	7616	10.177	1.307
537	NaN	652	NaN	642	10	359	23	25	0	406	0	5409	-0	6439	-0	6407	0	6499	9.898	-1.948
537.1	NaN	654.6666667	NaN	635	14	363	24	25	0	408	0	5198	0	6300	0	5306	0	6321	9.421	-0.946
537.2	NaN	657.3333333	NaN	695	35	361	36	37	0	408	5	4757	12	5884	13	4996	34	6162	8.97	0.403
537.3	NaN	689	NaN	589	34	358	43	44	0	407	16	5186	35	5989	37	6099	84	6622	8.712	3.045
537.4	NaN	656.8	NaN	586	36	360	44	43	0	407	15	5410	36	5828	35	6375	85	6217	8.67	2.218
537.5	NaN	657.6	NaN	587	34	361	43	40	0	406	14	5493	31	5770	35	7118	77	6208	8.598	2.473
537.6	NaN	658.4	NaN	599	36	358	43	40	0	406	13	5248	32	5722	32	6028	77	6293	8.624	2.703
537.7	NaN	659.2	NaN	581	38	362	54	54	0	405	21	5468	51	5826	51	6063	127	6231	8.689	3.01
537.8	NaN	668	NaN	553	38	359	55	55	0	406	24	6154	59	6073	56	6646	141	6446	8.956	5.057
537.9	NaN	631	NaN	555	38	363	61	59	0	404	30	6123	76	6675	69	5650	177	6523	9.477	4.96
538	NaN	706	NaN	571	34	360	61	62	0	407	27	6720	67	6440	63	6057	158	6497	10.079	3.751
538.1	NaN	634	NaN	595	30	360	62	63	0	406	35	6541	71	7137	82	6439	162	7175	10.691	5.578
538.2	NaN	621	NaN	549	32	363	67	67	0	406	38	6655	80	7616	86	6594	166	7307	11.304	6.46
538.3	NaN	561	NaN	580	31	358	72	73	0	406	44	7571	92	8121	100	7476	191	8136	12.036	6.837
538.4	NaN	585	NaN	571	33	359	72	72	0	406	44	8496	94	8445	97	7630	203	8398	12.739	8.838
538.5	NaN	609	NaN	551	24	358	73	73	0	405	52	8892	88	8902	113	8336	189	8996	13.531	8.72
538.6	NaN	583	NaN	558	20	362	72	73	0	406	54	9732	84	9194	116	8715	179	9195	14.257	7.891
538.7	NaN	654	NaN	558	10	363	55	52	0	405	43	9542	55	9517	89	9292	111	9707	15.052	4.358
538.8	NaN	728	NaN	630	0	362	27	24	0	404	2	9332	2	9382	3	9273	3	9443	15.228	-1.094
538.9	NaN	735	NaN	627	-6	360	4	0	0	404	-7	9330	-8	9138	-6	9195	-6	9136	15.029	-1.737
539	NaN	666	NaN	724	-4	364	3	2	0	402	-22	9108	-22	8990	-18	9024	-18	8975	14.676	-3.006
539.1	NaN	650	NaN	695	-21	363	3	2	0	402	-30	8879	-36	8440	-25	8753	-30	8419	14.181	-3.46
539.2	NaN	651	NaN	683	-24	359	3	2	0	401	-29	8814	-38	8099	-24	8612	-31	7827	13.654	-4.456
539.3	NaN	667	NaN	727	-30	356	6	7	0	403	-23	8411	-30	7605	-20	8335	-26	7512	13.145	-4.026
539.4	NaN	747	NaN	625	-30	362	23	25	0	403	0	8385	1	7527	0	8240	0	7402	12.799	-2.394
539.5	NaN	738	NaN	627	-31	360	25	28	0	403	3	8265	1	7339	5	8192	3	7345	12.577	-1.51
539.6	NaN	708	NaN	604	-37	360	27	29	0	401	6	8121	3	7213	14	8034	6	7143	12.362	-2.386
539.7	NaN	710	NaN	609	-39	358	27	26	0	403	3	8089	2	7058	9	7939	3	7047	12.157	-2.248
539.8	NaN	747	NaN	630	-49	360	25	24	0	403	-0	7729	-0	6758	1	7641	-0	6728	11.897	-2.522
539.9	NaN	750	NaN	634	-49	360	22	21	0	405	0	7779	-0	6695	-0	7616	0	6638	11.619	-3.614
540	NaN	745	NaN	635	-52	360	20	23	0	403	0	7500	-0	6318	-0	7401	0	6144	11.296	-3.023
540.1	NaN	712	NaN	612	-52	362	26	28	0	405	5	7373	0	6258	0	7357	3	6153	11.079	-1.361
540.2	NaN	649	NaN	640	-52	358	34	36	0	404	20	7380	6	6125	47	7357	12	6418	10.929	0.291
540.3	NaN	640	NaN	661	-50	361	37	39	0	404	28	7282	8	6196	66	7362	17	6297	10.933	1.122
540.4	NaN	653	NaN	592	-39	360	55	58	0	404	65	7946	25	6512	152	8087	58	9192	11.099	2.948
540.5	NaN	631	NaN	620.1666667	-39	361	35	34	0	402	18	7768	7	6388	40	7629	15	6667	11.3	6.265
540.6	NaN	653	NaN	611.8333333	-8	361	27	24	0	405	9	7563	6	6552	12	7467	6	6661	11.379	2.123
540.7	NaN	736	NaN	612	-2	361	28	26	0	404	3	7118	2	6865	5	7039	6	6696	11.386	-0.35
540.8	NaN	736	NaN	629	30	360	20	12	0	407	-9	6602	-7	6978	-8	6566	-6	6991	11.21	-0.858
540.9	NaN	746	NaN	619	32	360	30	30	0	407	3	6469	3	7131	3	6366	13	7146	11.046	-1.578
541	NaN	733	NaN	619	60	363	24	19	0	405	-0	6255	0	6950	-0	6206	-1	6993	10.922	-1.503
541.1	NaN	737	NaN	625	72	365	22	21	0	406	0	6080	0	6833	0	6055	0	6966	10.697	-2.01
541.2	NaN	741	NaN	623.6944444	64	362	33	30	0	407	2	5914	15	6977	5	5883	36	7037	10.535	-0.603
541.3	NaN	711	NaN	622.3888889	64	363	33	30	0	407	2	5921	16	6863	6	5832	37	6945	10.452	-1.173
541.4	NaN	733	NaN	621.0833333	63	363	30	31	0	407	2	5834	16	6939	6	5843	37	6988	10.329	-1.497
541.5	NaN	726	NaN	619.7777778	63	363	33	31	0	407	2	5740	16	6817	6	5786	38	6870	10.211	-1.026
541.6	NaN	734	NaN	618.4722222	62	360	34	32	0	407	3	5699	19	6749	7	5672	43	6843	10.196	1.007
541.7	NaN	683	NaN	617.1666667	59	362	46	44	0	406	9	5767	40	6910	17	6048	112	6995	10.265	1.709
541.8	NaN	694	NaN	615.8611111	58	360	50	49	0	407	11	5796	56	7023	27	7334	132	7171	10.433	2.355
541.9	NaN	700	NaN	614.5555556	53	359	50	46	0	406	13	6359	52	7229	30	6622	120	7515	10.652	2.924
542	NaN	704	NaN	613.25	41	360	50	46	0	407	16	6114	48	7299	38	7083	111	7828	10.785	4.053
542.1	NaN	680	NaN	611.9444444	27	363	53	50	0	406	26	6583	47	7350	58	6960	111	7668	11.03	4.025
542.2	NaN	630	NaN	610.6388889	35	362	69	67	0	406	37	8910	84	8092	83	8613	205	8207	11.457	3.337
542.3	NaN	597	NaN	609.3333333	37	363	74	71	0	403	39	10270	96	8193	88	8202	213	8124	12.036	5.635
542.4	NaN	602	NaN	608.0277778	34	360	73	71	0	406	42	10406	92	8400	94	7788	196	8209	12.626	7.473
542.5	NaN	644	NaN	606.7222222	27	358	68	63	0	406	42	10284	77	8777	93	8163	168	8763	13.369	6.973
542.6	NaN	611	NaN	605.4166667	18	362	68	64	0	407	47	9289	73	9066	104	8547	156	9065	14.045	6.809
542.7	NaN	693	NaN	604.1111111	-4	360	49	45	0	406	36	9197	34	9136	75	9090	67	9249	14.735	4.566
542.8	NaN	686	NaN	602.8055556	-9	363	41	37	0	407	24	9313	20	9090	49	9202	41	9157	14.964	1.131
542.9	NaN	669	NaN	627	-16	363	30	25	0	404	7	9413	5	9011	13	9305	9	9071	14.998	-0.914
543	NaN	742	NaN	627	-35	359	28	24	0	406	2	9439	1	8678	3	9342	2	8776	14.813	-2.308
543.1	NaN	738	NaN	630	-43	360	27	27	0	404	2	9372	1	8273	4	9236	1	8318	14.431	-3.446
543.2	NaN	723	NaN	617	-41	361	33	35	0	403	4	9265	2	8116	9	9181	3	8174	14.112	-2.385
543.3	NaN	634	NaN	678	-37	361	54	56	0	404	20	9038	8	7992	44	9080	17	8147	13.887	-0.2
543.4	NaN	663	NaN	659	-31	359	54	56	0	403	31	9157	16	8065	67	9125	33	8404	13.861	1.63
543.5	NaN	650	NaN	619	-13	360	57	59	0	406	38	9113	28	8276	80	9130	60	8483	14.221	4.482
543.6	NaN	678.5	NaN	617.4166667	0	359	59	59	0	406	51	9259	50	9553	106	9305	109	9135	14.807	6.167
543.7	NaN	675.5	NaN	619.625	15	360	63	60	0	406	53	9467	57	9524	111	9527	117	9407	15.359	5.709
543.8	NaN	672.5	NaN	621.8333333	40	362	71	70	0	407	40	10259	91	10584	81	9770	190	10430	16.009	5.888
543.9	NaN	669.5	NaN	624.0416667	53	360	100	100	0	408	41	10822	115	10974	61	10107	199	10901	16.517	6.177
544	NaN	666.5	NaN	626.25	49	359	100	100	0	406	31	11434	92	11371	61	10432	174	11173	17.06	4.843
544.1	NaN	663.5	NaN	628.4583333	38	359	100	100	0	407	28	11587	77	11427	63	10725	146	11358	17.403	4.406
544.2	NaN	643	NaN	630.6666667	19	363	100	100	0	407	36	11017	51	11321	70	10887	105	11470	17.782	4.788
544.3	NaN	658	NaN	632.875	20	359	100	100	0	407	33	11117	50	11447	63	11011	92	11543	18.069	4.424
544.4	NaN	659	NaN	635.0833333	20	359	100	100	0	406	28	11271	45	11573	54	11114	84	11707	18.377	3.642
544.5	NaN	651	NaN	637.2916667	5	361	100	100	0	405	29	11340	34	11624	56	11259	64	11733	18.584	2.349
544.6	NaN	635	NaN	631	-5	360	100	100	0	404	28	11701	27	11468	54	11623	49	11579	18.789	1.892
544.7	NaN	653	NaN	640	-5	364	100	100	0	406	27	11770	25	11513	50	11684	45	11596	18.899	2.07
544.8	NaN	666	NaN	666	-5	364	100	100	0	405	24	11833	21	11603	45	11738	41	11686	19.005	1.402
544.9	NaN	667	NaN	647	-9	357	100	100	0	405	25	11938	22	11568	48	11834	40	11712	19.068	0.404
545	NaN	660	NaN	655	-12	362	100	100	0	404	28	12120	22	11550	51	12004	41	11675	19.133	0.74
545.1	NaN	670	NaN	651	-12	362	100	100	0	404	28	12147	21	11547	51	12049	42	11712	19.186	1.451
545.2	NaN	667	NaN	642	-12	363	100	100	0	407	26	12197	20	11568	48	12117	38	11720	19.231	0.94
545.3	NaN	713	NaN	626	-13	358	100	100	0	405	25	12196	20	11571	48	12114	37	11701	19.253	-0.17
545.4	NaN	661	NaN	636	-12	357	100	100	0	405	24	12197	20	11605	44	12145	34	11749	19.267	-0.746
545.5	NaN	660	NaN	625	-8	362	100	100	0	403	23	12229	19	11616	44	12099	34	11768	19.278	0.155
545.6	NaN	685	NaN	639	-7	359	100	100	0	405	21	12166	18	11691	39	12058	32	11786	19.288	0.827
545.7	NaN	652	NaN	680	-5	361	100	100	0	406	19	12053	17	11693	35	11961	33	11821	19.294	0.423
545.8	NaN	673	NaN	622	0	358	100	100	0	405	18	12006	17	11742	34	11932	33	11820	19.287	-0.348
545.9	NaN	669	NaN	642	5	360	100	100	0	404	15	11860	16	11878	26	11764	29	11896	19.257	-0.321
546	NaN	655	NaN	628	6	362	100	100	0	406	13	11864	16	11865	25	11727	29	11924	19.26	0.591
546.1	NaN	677	NaN	632	4	359	100	100	0	406	15	11829	16	11862	27	11747	28	11898	19.27	0.756
546.2	NaN	668	NaN	628	7	361	100	100	0	403	13	11834	16	11884	27	11694	30	11932	19.263	0.465
546.3	NaN	653	NaN	643	6	358	100	100	0	407	15	11804	16	11901	27	11718	30	11948	19.262	-0.027
546.4	NaN	684	NaN	639	5	359	100	100	0	406	15	11829	16	11942	27	11701	30	11959	19.261	-0.208
546.5	NaN	647	NaN	660	6	359	100	100	0	404	15	11823	16	11840	27	11728	29	11944	19.258	0.133
546.6	NaN	649	NaN	668	4	362	100	100	0	405	15	11866	15	11837	28	11739	31	11911	19.24	0.137
546.7	NaN	655	NaN	690	3	361	100	100	0	405	13	11836	14	11770	26	11737	29	11844	19.2	-0.165
546.8	NaN	643	NaN	638	2	360	100	100	0	405	14	11876	14	11758	25	11748	26	11842	19.178	-0.504
546.9	NaN	653	NaN	638	4	359	100	100	0	406	14	11895	16	11735	27	11751	28	11824	19.164	-0.037
547	NaN	652	NaN	633	5	363	100	100	0	404	13	11891	15	11748	25	11747	27	11855	19.166	0.338
547.1	NaN	648	NaN	638	5	363	100	100	0	408	15	11868	17	11765	27	11723	30	11895	19.206	0.308
547.2	NaN	647	NaN	632	7	364	100	100	0	407	14	11868	15	11792	26	11728	29	11911	19.222	0.648
547.3	NaN	659	NaN	630	5	358	100	100	0	407	14	11863	15	11823	26	11730	29	11928	19.237	0.348
547.4	NaN	675	NaN	627	5	360	100	100	0	403	13	11900	16	11856	26	11751	28	11951	19.262	0.062
547.5	NaN	666	NaN	659	4	363	15	10	0	407	1	11761	2	11729	2	11632	-0	11813	19.202	-1.471
547.6	NaN	677	NaN	587	4	358	0	0	0	406	-14	11735	-14	11646	-11	11557	-10	11676	19.005	-3.36
547.7	NaN	633	NaN	694	4	362	0	0	0	404	-31	11538	-29	11407	-22	11411	-20	11475	18.577	-4.788
547.8	NaN	643	NaN	649	4	363	0	0	0	401	-40	11018	-39	10971	-29	10917	-29	10871	18.018	-5.846
547.9	NaN	624	NaN	634.85	3	370	0	0	0	406	-41	10664	-39	10771	-30	10700	-29	10791	17.512	-5.193
548	NaN	632	NaN	631.7	7	371	0	0	0	402	-40	10349	-38	10223	-32	10149	-29	10222	16.914	-5.509
548.1	NaN	631	NaN	628.55	7	380	0	0	0	411	-40	9912	-38	10049	-33	9756	-30	10030	16.368	-6.397
548.2	NaN	629	NaN	625.4	6	424	0	0	0	459	-40	9408	-38	9569	-32	9374	-30	9548	15.714	-6.54
548.3	NaN	624	NaN	622.25	6	393	0	0	0	426	-40	9076	-37	9193	-33	8950	-30	9159	15.167	-5.539
548.4	NaN	635	NaN	619.1	9	360	0	0	0	402	-40	8680	-37	8881	-33	8594	-30	8829	14.547	-5.798
548.5	NaN	627	NaN	615.95	10	359	0	0	0	401	-40	8561	-36	8687	-34	8345	-30	8685	14.074	-5.464
548.6	NaN	634	NaN	612.8	21	359	0	0	0	402	-41	7965	-34	8318	-36	7693	-29	8277	13.51	-5.278
548.7	NaN	633	NaN	609.65	23	359	0	0	0	401	-41	8106	-33	8046	-36	7675	-29	8159	13.005	-4.58
548.8	NaN	719	NaN	617	20	360	17	15	0	405	-7	7479	-6	7828	-7	7450	-6	7909	12.471	-1.443
548.9	NaN	650	NaN	653	27	362	0	0	0	405	-21	7217	-16	7703	-19	6947	-14	7699	12.142	-4.291
549	NaN	655	NaN	694	38	361	0	0	0	403	-45	6355	-30	7451	-39	6493	-27	7458	11.589	-6.568
549.1	NaN	640	NaN	666	48	358	8	8	0	404	-31	6380	-19	7275	-26	4652	-15	7331	11.066	-5.802
549.2	NaN	721	NaN	624	56	364	24	23	0	405	0	5915	0	7123	0	5768	0	7076	10.655	-2.992
549.3	NaN	671	NaN	642	60	360	32	32	0	404	3	5869	17	6964	8	5856	40	7096	10.409	-0.594
549.4	NaN	673	NaN	586	59	360	44	44	0	406	8	5862	43	7088	20	5887	104	7236	10.372	-0.302
549.5	NaN	671	NaN	596	58	361	45	45	0	405	9	6150	46	7117	22	5973	108	7164	10.506	2.059
549.6	NaN	680	NaN	577	59	362	51	48	0	406	11	6013	53	7144	24	6028	126	7314	10.775	3.672
549.7	NaN	671	NaN	597	50	360	56	53	0	407	18	7493	65	7339	41	6570	148	7441	11.157	5.572
549.8	NaN	619	NaN	583	18	359	61	59	0	409	22	6583	61	7709	88	8813	141	7883	11.583	5.232
549.9	NaN	644	NaN	548	7	360	62	60	0	406	46	7781	56	7689	111	7621	119	7868	12.188	6.353
550	NaN	675	NaN	597	-5	363	47	42	0	406	33	8026	31	7870	74	7989	66	7976	12.652	5.008
550.1	NaN	642	NaN	608	-14	362	45	44	0	407	32	8329	25	7954	71	8267	54	8065	13.092	3.134
550.2	NaN	662	NaN	626	-35	360	45	44	0	405	37	8710	17	7931	82	8635	38	8028	13.336	3.509
550.3	NaN	636	NaN	605	-36	360	50	49	0	403	55	9142	24	8110	117	8998	54	8215	13.627	3.562
550.4	NaN	652	NaN	681	-29	361	48	52	0	404	45	9234	21	8193	97	9211	46	8514	13.897	3.709
550.5	NaN	659	NaN	606	-26	361	47	44	0	404	43	9370	24	8888	91	9279	53	8689	14.216	2.245
550.6	NaN	669	NaN	607	-15	357	45	43	0	403	33	9357	23	9146	72	9332	50	8875	14.515	2.176
550.7	NaN	644	NaN	586	20	361	55	51	0	407	22	8975	36	9390	46	8944	74	9380	14.783	3.047
550.8	NaN	596	NaN	560	21	361	58	56	0	406	38	9148	58	9675	79	9329	122	9753	15.143	2.863
550.9	NaN	619	NaN	547	23	359	58	56	0	407	37	10228	60	10048	77	9570	126	10145	15.734	4.019
551	NaN	612	NaN	570	24	362	58	54	0	409	36	9837	59	10260	74	9895	121	10417	16.217	3.901
551.1	NaN	579	NaN	557	24	362	58	55	0	405	36	10358	60	10699	75	10705	119	10732	16.702	5.028
551.2	NaN	605	NaN	563	23	359	58	56	0	407	38	10783	62	10964	77	10327	122	10948	17.178	4.907
551.3	NaN	629	NaN	572	17	358	66	66	0	407	37	11311	54	11224	70	10766	102	11250	17.662	4.383
551.4	NaN	631	NaN	557	9	362	75	74	0	407	40	11020	47	11302	77	10979	90	11386	18.071	3.704
551.5	NaN	658	NaN	572	3	361	96	95	0	406	30	11345	33	11369	56	11271	62	11441	18.39	2.298
551.6	NaN	629	NaN	595	6	363	100	100	0	406	27	11458	29	11474	50	11392	53	11528	18.605	1.852
551.7	NaN	630	NaN	607	5	363	100	100	0	407	21	11634	26	11573	46	11464	50	11618	18.778	1.697
551.8	NaN	667	NaN	612	-0	359	100	100	0	406	20	11687	22	11649	39	11623	41	11703	18.925	0.887
551.9	NaN	656	NaN	650	-1	359	100	100	0	407	20	11781	20	11688	38	11704	37	11733	19.002	0.477
552	NaN	658	NaN	630	-6	359	100	100	0	406	17	11888	15	11642	31	11794	28	11739	19.101	0.654
552.1	NaN	658	NaN	638	-8	358	73	71	0	405	23	12060	20	11666	42	11928	35	11740	19.163	1.127
552.2	NaN	660	NaN	635	-9	361	73	75	0	404	18	12149	14	11685	31	12015	28	11701	19.195	-0.405
552.3	NaN	642	NaN	664	-7	360	100	100	0	405	21	12023	18	11681	39	11918	34	11746	19.218	-1.374
552.4	NaN	651	NaN	651	-7	363	96	96	0	406	17	12202	14	11710	30	12031	25	11770	19.272	-0.648
552.5	NaN	652	NaN	671	-7	360	90	90	0	405	19	12091	17	11751	37	11958	31	11790	19.268	0.067
552.6	NaN	663	NaN	653	-2	364	48	44	0	404	14	11983	12	11743	23	11907	24	11818	19.303	1.208
552.7	NaN	704	NaN	616	1	365	26	21	0	404	-2	11922	-2	11689	-3	11717	-4	11678	19.212	1.114
552.8	NaN	704	NaN	613	1	360	0	0	0	405	-8	11669	-9	11529	-7	11502	-7	11493	18.983	-1.828
552.9	NaN	663	NaN	611.0769231	4	364	0	0	0	407	-23	11467	-22	11418	-17	11297	-16	11386	18.626	-5.448
553	NaN	618	NaN	609.6538462	4	371	0	0	0	406	-41	10997	-39	11012	-30	10830	-29	10945	18	-6.024
553.1	NaN	621	NaN	608.2307692	4	357	0	0	0	401	-40	10782	-38	10791	-30	10657	-30	10786	17.441	-5.267
553.2	NaN	622	NaN	606.8076923	8	358	0	0	0	402	-42	10283	-37	10379	-32	10080	-29	10364	16.883	-5.644
553.3	NaN	625	NaN	605.3846154	10	406	0	0	0	418	-41	9913	-37	10146	-32	9761	-29	10130	16.31	-5.344
553.4	NaN	616	NaN	603.9615385	11	484	0	0	0	509	-41	9366	-37	9582	-32	9215	-30	9571	15.651	-7.008
553.5	NaN	626	NaN	602.5384615	10	484	0	0	0	483	-41	8982	-37	9324	-33	8870	-29	9279	14.934	-7.555
553.6	NaN	634	NaN	601.1153846	2	480	0	0	0	493	-39	8553	-38	8644	-33	8464	-32	8540	14.215	-7.396
553.7	NaN	625	NaN	599.6923077	-14	438	0	0	0	487	-37	8385	-40	8198	-30	8264	-34	8162	13.617	-7.323
553.8	NaN	638	NaN	598.2692308	-28	361	0	0	0	400	-33	8190	-44	7401	-28	8094	-37	6823	13.011	-6.11
553.9	NaN	641	NaN	596.8461538	-41	362	0	1	0	401	-30	8018	-44	6801	-27	7977	-37	6201	12.353	-5.454
554	NaN	680	NaN	595.4230769	-44	362	13	16	0	403	-10	7675	-16	6360	-10	7640	-13	3133	11.89	-5.465
554.1	NaN	724	NaN	628	-42	362	21	25	0	406	0	7570	0	6324	0	7471	0	5128	11.395	-3.247
554.2	NaN	720	NaN	625	-16	363	25	28	0	405	1	7337	1	6331	3	7253	3	6270	11.174	-1
554.3	NaN	673	NaN	679	11	359	33	30	0	406	7	6823	9	6767	18	6775	22	6780	11.023	-0.167
554.4	NaN	694	NaN	694	27	358	33	30	0	407	6	6530	11	7060	14	6496	23	6880	10.995	0.099
554.5	NaN	683	NaN	688	44	361	29	26	0	404	3	6388	8	7098	7	6358	17	7119	10.958	-0.73
554.6	NaN	676	NaN	594	51	363	15	13	0	403	-14	6047	-8	7075	-13	5776	-7	7004	10.736	-2.976
554.7	NaN	649.8571429	NaN	651	53	363	42	40	0	405	7	5987	29	7069	17	5870	87	7182	10.424	-0.524
554.8	NaN	647.7142857	NaN	592	53	361	50	47	0	406	13	6114	53	7172	29	6033	123	7272	10.59	2.612
554.9	NaN	645.5714286	NaN	708	57	362	32	29	0	408	3	6157	12	7059	7	6099	30	7134	10.812	0.38
555	NaN	643.4285714	NaN	665	58	362	32	28	0	405	3	6101	12	7105	6	6017	28	7127	10.718	-0.665
555.1	NaN	641.2857143	NaN	617	54	361	44	43	0	405	10	6081	40	7190	23	6166	95	7303	10.649	1.166
555.2	NaN	639.1428571	NaN	594	52	359	47	46	0	406	12	6180	48	7364	29	6347	112	7401	10.855	2.131
555.3	NaN	676	NaN	575	53	360	47	46	0	406	12	6607	49	7489	29	6405	110	7676	11.109	2.752
555.4	NaN	703	NaN	574	52	357	47	46	0	406	12	6667	49	7581	28	6552	114	7631	11.328	3.088
555.5	NaN	681	NaN	560	48	364	53	52	0	406	18	6928	59	7931	40	6885	143	8123	11.581	3.342
555.6	NaN	630	NaN	558	44	359	54	54	0	407	20	7943	59	8028	45	7157	135	8065	11.978	4.335
555.7	NaN	622	NaN	556	7	359	66	66	0	407	47	7641	62	8114	114	11501	138	8546	12.404	7.163
555.8	NaN	657	NaN	563	2	364	69	68	0	406	63	7806	61	8415	140	12189	134	9318	12.841	7.509
555.9	NaN	554	NaN	542	23	361	84	82	0	406	66	15190	106	8980	143	10376	198	8794	13.654	7.491
556	NaN	533	NaN	569	22	359	94	91	0	408	71	13663	112	9259	138	10345	206	9232	14.585	11.28
556.1	NaN	556	NaN	565	17	362	100	100	0	408	65	16025	96	10485	127	9743	201	10307	15.417	10.951
556.2	NaN	621	NaN	534	14	360	100	100	0	405	56	16431	80	10554	115	10261	158	10620	16.413	10.435
556.3	NaN	623	NaN	580	4	362	100	100	0	406	46	11688	52	10907	92	10791	102	10886	17.074	7.155
556.4	NaN	612	NaN	603	2	361	100	100	0	406	40	11146	42	10993	78	11139	80	11191	17.76	3.98
556.5	NaN	632	NaN	591	4	363	100	100	0	406	32	11318	33	11322	59	11300	63	11334	18.088	4.098
556.6	NaN	646	NaN	594	5	363	100	100	0	404	26	11500	28	11371	50	11451	56	11508	18.481	3.277
556.7	NaN	642	NaN	604	4	361	100	100	0	405	23	11602	26	11610	43	11537	50	11637	18.684	2.379
556.8	NaN	675	NaN	618	5	359	89	84	0	406	18	11727	19	11628	33	11638	38	11722	18.856	1.701
556.9	NaN	665	NaN	644	6	362	84	80	0	408	16	11735	19	11679	31	11673	34	11766	18.964	1.824
557	NaN	710	NaN	621	4	362	22	17	0	407	-2	11728	-3	11627	-5	11596	-6	11627	19.036	0.134
557.1	NaN	699	NaN	614	3	362	0	0	0	404	-10	11696	-9	11558	-7	11539	-8	11588	18.801	-4.043
557.2	NaN	630	NaN	684	1	448	0	0	0	461	-39	11303	-40	10925	-28	11076	-28	10966	18.391	-6.615
557.3	NaN	682	NaN	691	0	557	0	0	0	528	-40	11037	-40	10807	-31	10718	-29	10392	17.692	-8.289
557.4	NaN	683	NaN	651	4	541	0	0	0	497	-40	10217	-39	10126	-31	10134	-30	10045	16.889	-8.192
557.5	NaN	693	NaN	667	3	555	0	0	0	560	-41	9966	-39	9830	-31	9771	-30	9828	16.125	-8.942
557.6	NaN	639.1071429	NaN	712	4	636	0	0	0	584	-40	9253	-38	9173	-30	9232	-31	9230	15.288	-8.888
557.7	NaN	641.2142857	NaN	677	3	686	0	0	0	655	-39	8866	-39	8741	-32	8729	-31	8696	14.367	-10.219
557.8	NaN	643.3214286	NaN	715	8	804	0	0	0	736	-41	7905	-36	7898	-34	7723	-31	7716	13.29	-10.232
557.9	NaN	645.4285714	NaN	690	15	561	0	0	0	688	-40	7057	-35	7453	-36	6053	-30	7608	12.45	-8.769
558	NaN	647.5357143	NaN	682	35	369	0	0	0	404	-43	6478	-31	7345	-39	5865	-28	7280	11.722	-6.798
558.1	NaN	649.6428571	NaN	711	43	365	2	2	0	403	-41	5724	-27	7147	-36	6061	-22	7035	11.074	-4.345
558.2	NaN	651.75	NaN	629	68	366	17	16	0	402	-14	5573	-8	6693	-14	3387	-8	6840	10.636	-4.09
558.3	NaN	653.8571429	NaN	632	51	363	36	34	0	404	5	5621	23	6907	13	5652	55	7062	10.14	-1.203
558.4	NaN	655.9642857	NaN	651	48	364	36	31	0	404	6	5613	21	6779	15	5830	49	7009	10.042	0.16
558.5	NaN	658.0714286	NaN	639	60	368	26	24	0	405	0	5327	-0	6387	-0	5303	0	6512	9.898	-1.885
558.6	NaN	660.1785714	NaN	651	61	366	25	21	0	407	0	5144	0	6238	0	5101	-1	6361	9.588	-2.08
558.7	NaN	662.2857143	NaN	703	63	365	28	28	0	403	1	4983	5	5911	2	4976	15	6107	9.217	-1.455
558.8	NaN	664.3928571	NaN	658	61	365	32	32	0	403	2	4862	13	5958	4	4962	32	6101	9.116	0.221
558.9	NaN	689	NaN	621	34	361	56	54	0	406	24	5204	59	6298	56	7209	140	6633	9.152	2.97
559	NaN	731	NaN	613	3	363	47	43	0	407	29	5755	33	6415	68	5580	77	6582	9.401	2.517
559.1	NaN	739	NaN	631	-38	364	31	33	0	402	6	6326	2	5519	14	6163	6	5498	9.661	-0.862
559.2	NaN	714	NaN	691	-39	365	31	33	0	405	8	6429	3	5463	20	6346	8	5455	9.562	-1.92
559.3	NaN	712	NaN	654	-59	363	33	32	0	404	17	6355	2	5359	40	6316	7	5306	9.439	-1.229
559.4	NaN	703	NaN	655.775	-60	362	36	38	0	404	20	6463	3	5274	48	6372	8	5247	9.376	0.549
559.5	NaN	687	NaN	655.55	-61	364	40	40	0	406	33	6586	6	5245	78	6549	14	5293	9.411	1.77
559.6	NaN	699	NaN	655.325	-63	362	40	41	0	405	36	6586	7	5356	85	6567	15	5353	9.541	2.644
559.7	NaN	709	NaN	655.1	-58	363	63	63	0	405	65	7039	13	5513	152	6941	31	5650	9.785	4.475
559.8	NaN	674	NaN	654.875	-52	358	77	77	0	402	113	7386	27	5829	202	7312	65	7717	10.111	4.191
559.9	NaN	607	NaN	654.65	-17	358	100	94	0	408	118	12504	83	9905	197	8031	187	11856	10.66	7.36
560	NaN	629	NaN	654.425	-23	358	100	97	0	403	113	13138	65	12741	199	9217	141	13946	11.504	10.48
560.1	NaN	635	NaN	654.2	-27	361	99	94	0	406	98	11143	55	13264	208	9906	112	16652	12.33	11.152
560.2	NaN	656	NaN	653.975	-38	361	82	79	0	407	138	9534	51	14854	199	8883	108	16402	13.17	7.389
560.3	NaN	657	NaN	653.75	-43	360	79	79	0	406	111	10530	39	13798	202	9255	92	18881	13.847	7.005
560.4	NaN	632	NaN	653.525	-38	359	92	92	0	406	114	11091	47	14425	207	9732	104	16279	14.783	9.811
560.5	NaN	649	NaN	653.3	-27	360	87	84	0	406	86	10913	46	10356	165	10463	93	14246	15.539	9.848
560.6	NaN	615	NaN	653.075	4	363	100	100	0	407	63	10664	67	12138	133	10862	141	10359	16.417	8.575
560.7	NaN	623	NaN	652.85	5	363	100	100	0	407	46	10823	52	10655	90	10801	101	10921	16.987	8.307
560.8	NaN	659	NaN	652.625	5	360	100	100	0	407	38	11166	41	11095	72	11073	81	11171	17.629	3.629
560.9	NaN	662	NaN	652.4	9	359	82	78	0	406	35	11187	42	11217	68	11171	79	11298	18.004	2.393
561	NaN	687	NaN	652.175	6	360	79	76	0	407	28	11431	31	11579	52	11407	60	11611	18.401	1.744
561.1	NaN	675	NaN	651.95	8	360	85	83	0	406	26	11497	29	11550	48	11416	56	11658	18.589	2.182
561.2	NaN	691	NaN	651.725	9	362	41	37	0	404	22	11611	25	11748	41	11566	48	11819	18.78	0.507
561.3	NaN	777	NaN	641	8	361	22	17	0	405	0	11518	-0	11589	1	11310	1	11581	18.744	-2.305
561.4	NaN	695	NaN	651	9	363	9	3	0	406	-19	11246	-18	11370	-14	11060	-13	11368	18.501	-3.212
561.5	NaN	675	NaN	652.5333333	9	359	4	0	0	404	-31	11097	-29	11138	-23	10949	-21	11269	18.116	-3.425
561.6	NaN	664	NaN	651.6541667	8	363	0	0	0	403	-42	10684	-39	10770	-31	10475	-29	10802	17.617	-5.659
561.7	NaN	663	NaN	650.775	8	361	0	0	0	404	-41	10543	-38	10623	-32	10336	-29	10593	17.101	-5.194
561.8	NaN	651	NaN	649.8958333	8	363	0	0	0	403	-41	10054	-38	10144	-32	9872	-29	10000	16.595	-4.782
561.9	NaN	657	NaN	649.0166667	10	359	0	0	0	402	-41	9893	-37	10002	-33	9740	-29	9904	16.202	-5.425
562	NaN	679	NaN	648.1375	24	359	0	0	0	403	-44	8980	-34	9845	-35	8775	-27	9832	15.713	-5.033
562.1	NaN	668	NaN	647.2583333	19	364	0	0	0	405	-42	8831	-35	9618	-34	8447	-28	9522	15.138	-5.315
562.2	NaN	737	NaN	646.3791667	7	362	0	0	0	404	1	9027	1	9106	0	8863	1	9110	14.867	-4.338
562.3	NaN	729	NaN	652	7	361	0	0	0	403	1	8934	0	8974	1	8876	1	9020	14.701	-0.897
562.4	NaN	719	NaN	620	22	362	6	4	0	406	2	8739	-0	9049	2	8608	0	9038	14.541	-2.03
562.5	NaN	721	NaN	636	25	363	6	4	0	407	0	8447	-0	9044	0	8383	-0	9117	14.342	-2.497
562.6	NaN	755	NaN	648	27	364	6	1	0	406	-2	8360	-1	8675	-1	8169	-1	8820	14.162	-1.574
562.7	NaN	794	NaN	649	26	362	4	0	0	406	-2	8151	-2	8871	-1	8115	-1	8830	13.941	-2.873
562.8	NaN	796	NaN	658	34	365	1	0	0	404	-1	8022	-1	8546	-1	7901	-1	8586	13.758	-2.008
562.9	NaN	800	NaN	660	36	365	0	0	0	407	-1	7728	-1	8587	-1	7756	-1	8625	13.532	-2.351
563	NaN	731	NaN	639	39	359	0	0	0	406	-1	7575	0	8462	-0	7612	-1	8486	13.335	-2.113
563.1	NaN	776	NaN	619	47	361	0	0	0	407	-1	7303	2	8205	-1	7314	2	8327	13.083	-2.446
563.2	NaN	793	NaN	650	46	364	0	0	0	405	-1	7313	-3	8243	-1	7022	-2	8229	12.82	-4.456
563.3	NaN	741	NaN	614	38	359	0	0	0	404	-1	7025	2	7925	0	6787	2	8029	12.442	-5.595
563.4	NaN	797	NaN	657	34	364	0	0	0	405	-1	6999	-1	7939	0	7030	-1	7914	12.217	-2.894
563.5	NaN	732	NaN	620	37	362	0	0	0	404	3	6876	0	7648	2	6603	0	7647	12.001	-2.508
563.6	NaN	801	NaN	650	35	362	0	0	0	405	-0	6652	-1	7606	-0	6545	-0	7653	11.719	-2.348
563.7	NaN	733	NaN	607	41	363	14	11	0	403	-1	6508	0	7388	0	6207	0	7433	11.482	-2.528
563.8	NaN	759	NaN	619	43	361	14	12	0	404	-2	6409	1	7347	0	6390	1	7350	11.263	-1.955
563.9	NaN	786	NaN	643	39	362	26	25	0	404	-2	6270	-2	7112	-2	6179	-2	7133	11.056	-2.881
564	NaN	740	NaN	612	41	364	31	29	0	404	0	6270	2	7054	0	6159	2	7039	10.908	-2.622
564.1	NaN	808	NaN	658	38	360	61	61	0	403	-1	6032	-2	6911	0	5998	-1	6868	10.727	-3.191
564.2	NaN	792	NaN	650	40	361	67	65	0	406	-1	6019	0	6802	3	5994	0	6776	10.549	-2.956
564.3	NaN	799	NaN	653	39	361	67	65	0	406	-1	5932	-1	6719	-0	5813	-0	6672	10.369	-2.521
564.4	NaN	806	NaN	658	39	360	67	65	0	406	-1	5850	-1	6602	-0	5730	-0	6568	10.187	-1.596
564.5	NaN	805	NaN	656	39	361	67	65	0	404	-0	5777	-0	6457	-1	5621	-1	6444	10.045	-1.588
564.6	NaN	805	NaN	656	38	363	67	65	0	404	-1	5676	-1	6343	-0	5586	0	6337	9.861	-1.755
564.7	NaN	796	NaN	656	31	365	67	65	0	405	-0	5655	-1	6196	-0	5542	-0	6191	9.745	-1.46
564.8	NaN	803	NaN	652	31	363	67	65	0	405	-1	5604	-0	6128	0	5497	0	6075	9.61	-1.443
564.9	NaN	795	NaN	652	25	365	59	55	0	405	-0	5558	-0	6010	-1	5483	0	6011	9.491	-1.628
565	NaN	801	NaN	656	22	364	42	38	0	406	-0	5525	-0	5899	-1	5470	-0	5894	9.335	-1.255
565.1	NaN	721	NaN	620	21	361	37	34	0	406	-1	5464	0	5865	-1	5393	-0	5815	9.232	-0.957
565.2	NaN	801	NaN	652	18	360	27	23	0	406	-1	5448	0	5715	-1	5313	0	5641	9.076	-1.357
565.3	NaN	736	NaN	622	15	359	23	19	0	405	-0	5376	1	5620	1	5307	1	5655	8.948	-0.783
565.4	NaN	806	NaN	654	15	365	17	13	0	406	0	5310	-0	5467	-0	5260	0	5489	8.819	-1.39
565.5	NaN	745	NaN	626	13	361	16	11	0	405	1	5253	0	5454	0	5194	1	5446	8.709	-1.589
565.6	NaN	758	NaN	636	10	361	10	5	0	403	-1	5201	-2	5329	-1	5137	-2	5293	8.572	-0.86
565.7	NaN	751	NaN	636	8	364	2	0	0	404	2	5142	1	5200	1	5072	0	5235	8.44	-1.135
565.8	NaN	738	NaN	628	1	362	0	0	0	404	0	5094	0	5103	0	5042	-0	5096	8.305	-1.55
565.9	NaN	759	NaN	635	-0	362	0	0	0	404	1	5073	0	4997	0	4984	0	5044	8.222	-1.156
566	NaN	730	NaN	624	-0	363	0	0	0	404	-1	4990	-1	4893	-2	4893	-2	4889	8.112	-0.825
566.1	NaN	768	NaN	645	-2	361	0	0	0	404	-1	4912	0	4849	-0	4863	1	4856	7.975	-0.889
566.2	NaN	761	NaN	639	-3	359	0	0	0	404	-1	4846	1	4739	-0	4800	1	4770	7.842	-1.322
566.3	NaN	760	NaN	653	-6	361	0	0	0	406	-0	4784	-1	4721	-0	4717	-1	4698	7.697	-0.621
566.4	NaN	798	NaN	660	-5	361	0	0	0	404	-1	4711	-1	4568	-1	4679	-0	4575	7.6	-0.744
566.5	NaN	804	NaN	652	-7	362	0	0	0	405	-1	4650	-1	4478	-1	4586	-1	4488	7.472	-1.428
566.6	NaN	730	NaN	626	-3	361	0	0	0	404	1	4599	0	4446	1	4545	0	4430	7.372	-1.059
566.7	NaN	768	NaN	640	1	364	0	0	0	407	1	4486	0	4371	1	4428	0	4388	7.251	-0.855
566.8	NaN	776	NaN	652	3	362	0	0	0	405	-1	4396	-1	4355	-0	4365	0	4345	7.157	-1.14
566.9	NaN	775	NaN	643	6	366	0	0	0	405	-1	4318	-0	4269	-1	4255	0	4291	7.025	-1.25
567	NaN	789	NaN	655	6	363	0	0	0	407	-7	4215	-5	4200	0	4205	1	4256	6.872	-1.824
567.1	NaN	786	NaN	658	5	362	0	0	0	405	-18	4072	-7	4031	-3	4010	2	4071	6.663	-2.175
567.2	NaN	788	NaN	661	5	364	0	0	0	405	-10	3983	-7	3998	3	3924	2	3997	6.483	-2.307
567.3	NaN	788	NaN	651	5	365	0	0	0	404	-17	3799	-9	3814	-2	3759	3	3818	6.224	-2.083
567.4	NaN	787	NaN	660	5	362	0	0	0	405	-13	3721	-9	3759	1	3684	2	3752	6.034	-1.933
567.5	NaN	805	NaN	658	5	361	0	0	0	403	-16	3593	-10	3595	1	3554	2	3605	5.823	-1.813
567.6	NaN	787	NaN	655	6	363	0	0	0	406	-14	3482	-9	3495	1	3443	-0	3493	5.619	-2.879
567.7	NaN	799	NaN	659	6	365	0	0	0	405	-18	3299	-11	3297	-0	3268	0	3318	5.398	-3.019
567.8	NaN	799	NaN	647	4	363	0	0	0	406	-18	3223	-11	3243	-1	3203	-0	3243	5.196	-2.025
567.9	NaN	794	NaN	655	3	361	0	0	0	404	-20	3023	-14	3026	-0	3005	0	3047	4.966	-2.094
568	NaN	790	NaN	661	3	364	0	0	0	404	-22	2951	-15	2955	-0	2959	-0	2990	4.807	-2.382
568.1	NaN	788	NaN	661	2	363	0	0	0	401	-18	2722	-13	2725	-1	2721	-9	2752	4.611	-2.333
568.2	NaN	794	NaN	659	3	360	0	0	0	405	-19	2666	-14	2650	-1	2654	-9	2677	4.366	-1.857
568.3	NaN	798	NaN	648	-1	361	0	0	0	402	-17	2469	-12	2470	-7	2443	-10	2453	4.132	-2.144
568.4	NaN	798	NaN	662	1	362	0	0	0	404	-18	2331	-13	2400	-8	2388	-11	2319	3.875	-2.161
568.5	NaN	785	NaN	655	0	361	0	0	0	404	-20	2168	-14	2141	-10	2169	-13	2180	3.655	-2.604
568.6	NaN	783	NaN	660	2	361	0	0	0	405	-20	2041	-16	2029	-13	2014	-14	2032	3.363	-2.824
568.7	NaN	791	NaN	659	1	361	0	0	0	403	-22	1853	-17	1834	-16	1819	-17	1828	3.116	-2.639
568.8	NaN	797	NaN	663	2	364	0	0	0	406	-24	1663	-21	1652	-19	1641	-19	1651	2.798	-2.925
568.9	NaN	795	NaN	654	2	363	8	8	0	403	-26	1447	-23	1457	-22	1444	-22	1445	2.52	-3.133
569	NaN	807	NaN	661	2	362	6	3	0	403	-25	1278	-19	1265	-19	1261	-17	1260	2.163	-3.089
569.1	NaN	790	NaN	662	0	362	29	30	0	405	-23	1184	-17	1173	-18	1173	-16	1179	1.919	-2.793
569.2	NaN	795	NaN	650	2	360	53	54	0	403	-18	968	-14	973	-14	963	-12	961	1.635	-2.283
569.3	NaN	791	NaN	654	-1	361	74	76	0	404	-16	895	-13	896	-11	886	-10	886	1.456	-1.986
569.4	NaN	787	NaN	668	1	364	66	63	0	403	-13	739	-10	738	-8	728	-7	731	1.22	-1.439
569.5	NaN	810	NaN	673	2	364	16	13	0	404	-12	693	-9	690	-8	684	-6	685	1.083	-1.359
569.6	NaN	778	NaN	660	1	362	0	0	0	403	-9	571	-7	560	-5	560	-4	565	0.948	-1.308
569.7	NaN	798	NaN	654	0	365	0	0	0	406	-8	536	-7	528	-5	530	-3	534	0.845	-1.158
569.8	NaN	799	NaN	646	1	364	0	0	0	404	-6	446	-5	438	-3	437	-2	442	0.744	-0.743
569.9	NaN	795	NaN	642	0	363	0	0	0	405	-6	418	-4	412	-3	416	-2	415	0.664	-0.619
570	NaN	779	NaN	659	0	362	0	0	0	405	-4	351	-3	344	-2	341	-2	346	0.586	-0.855
570.1	NaN	775	NaN	661	2	365	0	0	0	406	-3	330	-3	323	-2	329	-1	326	0.541	-0.719
570.2	NaN	811	NaN	682	1	362	0	0	0	403	-2	276	-2	267	-2	274	-1	272	0.486	-0.458
570.3	NaN	807	NaN	646	2	364	0	0	0	404	-2	259	-2	254	-1	256	-1	258	0.422	-0.501
570.4	NaN	805	NaN	679	1	360	0	0	0	406	-1	209	-1	205	-0	207	-0	206	0.372	-0.56
570.5	NaN	797	NaN	660	2	359	0	0	0	406	-0	188	-1	196	-0	184	-0	186	0.323	-0.414
570.6	NaN	784	NaN	674	2	362	0	0	0	403	-0	164	-0	162	-0	163	-0	163	0.291	-0.431
570.7	NaN	777	NaN	671	2	365	0	0	0	406	-0	143	-0	142	0	142	0	145	0.253	-0.481
570.8	NaN	783	NaN	644	0	360	0	0	0	404	-0	122	-0	123	0	120	0	120	0.227	-0.301
570.9	NaN	784	NaN	672	1	361	0	0	0	405	0	102	-0	103	-0	102	0	100	0.192	-0.132
571	NaN	781	NaN	657	0	362	0	0	0	406	0	77	-0	77	-0	74	-0	76	0.158	-0.379
571.1	NaN	778	NaN	640	0	362	0	0	0	407	0	56	-0	55	0	54	0	54	0.114	-0.656
571.2	NaN	787	NaN	648	1	361	0	0	0	407	-0	43	0	42	0	43	0	44	0.082	-0.456
571.3	NaN	784	NaN	664	2	362	0	0	0	404	-0	10	0	11	-0	10	-0	10	0.042	-0.246
571.4	NaN	780	NaN	666	-1	363	0	0	0	404	-0	-1	0	-1	0	-1	0	-1	0.025	-0.221
571.5	NaN	786	NaN	667	0	360	0	0	0	406	-0	-2	0	-3	-0	-1	0	-3	0.014	-0.044
571.6	NaN	785	NaN	666	2	365	0	0	0	403	0	-0	0	0	-0	0	0	0	0.018	0.088
571.7	NaN	788	NaN	663	1	361	0	0	0	405	-0	-0	0	-0	0	0	-0	0	0.02	0.04
571.8	NaN	784	NaN	665	1	361	0	0	0	404	0	0	0	0	-0	-0	-0	0	0.022	-0.107
571.9	NaN	783	NaN	666	2	360	0	0	0	405	-0	-0	0	0	0	-0	-0	0	0.022	-0.059
572	NaN	779	NaN	665	1	365	0	0	0	407	-0	-0	0	-0	-0	0	0	-1	0.023	0.024
572.1	NaN	779	NaN	665	0	364	0	0	0	404	0	0	0	0	-0	0	-0	1	0.026	-0.013
572.2	NaN	781	NaN	665	1	362	0	0	0	405	-0	1	0	0	0	0	-0	0	0.025	-0.001
572.3	NaN	783	NaN	665	1	361	0	0	0	403	-0	-0	0	0	-0	-0	0	-0	0.024	0.151
572.4	NaN	779	NaN	665	1	365	0	0	0	404	-0	-0	-0	-0	-0	0	-0	-0	0.025	0.053
572.5	NaN	778	NaN	665	3	366	0	0	0	406	-0	-0	0	-0	-0	0	-0	-1	0.026	-0.055
572.6	NaN	787	NaN	665	2	360	0	0	0	406	-0	-0	-0	-1	0	-0	0	-1	0.026	0.054
572.7	NaN	783	NaN	664	2	363	0	0	0	404	-0	-0	-0	1	-0	0	0	1	0.026	-0.031
572.8	NaN	779	NaN	663	1	366	0	0	0	405	0	-1	0	-1	-0	-0	-0	-2	0.027	0.075
572.9	NaN	782	NaN	663	0	361	0	0	0	403	-0	-0	0	0	-0	-0	0	1	0.028	0.094
573	NaN	781	NaN	665	1	361	0	0	0	404	0	-1	0	-1	0	-1	0	-1	0.032	0.066
573.1	NaN	775	NaN	664	2	364	0	0	0	406	0	-0	0	0	-0	-0	-0	0	0.034	0.067
573.2	NaN	777	NaN	662	0	362	0	0	0	403	-0	0	0	0	0	-0	-0	0	0.035	0.006
573.3	NaN	773	NaN	664	2	364	0	0	0	405	-0	-0	-0	-0	0	0	0	-1	0.036	-0.021
573.4	NaN	770	NaN	665	0	362	0	0	0	404	-0	-0	-0	0	-0	-0	-0	0	0.036	-0.25
573.5	NaN	776	NaN	664	-0	362	0	0	0	405	-0	-0	0	-0	-0	-0	-0	0	0.037	-0.13
573.6	NaN	779	NaN	662	-1	361	0	0	0	406	-0	-0	-0	-0	-0	0	-0	-0	0.038	0.07
573.7	NaN	779	NaN	663	2	360	0	0	0	407	-0	-1	0	-0	-0	-0	-0	-0	0.039	-0.008
573.8	NaN	779	NaN	664	0	364	0	0	0	404	-0	0	0	0	-0	0	0	0	0.04	-0.154
573.9	NaN	772	NaN	662	1	363	0	0	0	405	0	-2	0	-1	-0	-1	0	-1	0.039	-0.117
574	NaN	778	NaN	662	-1	362	0	0	0	404	-0	0	0	-0	-0	1	0	0	0.043	0.161
574.1	NaN	773	NaN	663	1	364	0	0	0	407	-0	-0	0	-0	0	0	0	-0	0.041	-0.012
574.2	NaN	773	NaN	662	1	364	0	0	0	404	-0	-1	0	-0	-0	-1	0	-0	0.04	-0.184
574.3	NaN	771	NaN	663	1	364	0	0	0	404	-0	0	0	0	-0	0	0	0	0.043	-0.049
574.4	NaN	770	NaN	662	-0	363	0	0	0	403	-0	0	0	1	0	0	0	1	0.043	-0.024
574.5	NaN	772	NaN	662	0	363	0	0	0	405	0	0	0	-1	-0	0	0	-1	0.037	-0.021
574.6	NaN	773	NaN	662	-1	362	0	0	0	403	-0	1	0	1	-0	-0	-0	2	0.038	-0.038
574.7	NaN	769	NaN	661	1	363	0	0	0	404	-0	-0	-0	-1	-0	-0	0	-1	0.04	0.008
574.8	NaN	771	NaN	663	0	363	0	0	0	403	-0	0	0	-0	-0	0	0	-0	0.039	0.002
574.9	NaN	777	NaN	663	0	362	0	0	0	405	-0	1	0	0	0	1	-0	0	0.039	-0.106
575	NaN	770	NaN	662	0	363	0	0	0	402	-0	0	0	-0	0	-0	-0	-0	0.039	-0.13
575.1	NaN	771	NaN	663	0	363	0	0	0	402	-0	0	0	0	-0	0	-0	0	0.038	0.038
575.2	NaN	769	NaN	662	1	365	0	0	0	405	-0	-0	0	-0	-0	0	0	0	0.037	0.003
575.3	NaN	766	NaN	662	1	364	0	0	0	403	-0	0	-0	-0	0	-0	0	-0	0.037	-0.004
575.4	NaN	773	NaN	662	0	361	0	0	0	404	-0	-0	-0	-0	-0	0	0	-0	0.036	0.059
575.5	NaN	771	NaN	663	2	362	0	0	0	401	-0	0	0	-1	0	-0	0	-1	0.036	-0.1
575.6	NaN	769	NaN	662	1	362	0	0	0	404	0	0	-0	0	-0	-1	-0	0	0.036	-0.068
575.7	NaN	767	NaN	662	-0	362	0	0	0	406	-0	1	-0	0	-0	0	-0	0	0.038	0.152
575.8	NaN	775	NaN	662	0	365	0	0	0	404	-0	0	0	0	-0	0	0	0	0.039	0.088
575.9	NaN	767	NaN	659	1	365	0	0	0	406	0	-0	-0	-0	-0	-0	-0	-0	0.039	-0.126
576	NaN	767	NaN	659	0	364	0	0	0	405	-0	0	-0	0	-0	0	-0	0	0.039	-0.028
576.1	NaN	772	NaN	659	-1	361	0	0	0	404	0	-0	0	-0	-0	0	-0	-0	0.039	0.124
576.2	NaN	771	NaN	661	1	360	0	0	0	403	-0	0	0	-0	-0	-0	0	-0	0.038	0.018
576.3	NaN	775	NaN	659	-2	362	0	0	0	404	0	1	0	0	-0	0	-0	0	0.04	-0.106
576.4	NaN	771	NaN	659	-1	363	0	0	0	405	-0	-0	0	1	-0	0	0	1	0.039	-0.059
576.5	NaN	773	NaN	659	1	360	0	0	0	403	-0	0	0	-0	-0	0	-0	-0	0.038	-0.072
576.6	NaN	764	NaN	661	0	365	0	0	0	403	-0	-0	-0	-0	-0	-0	0	-0	0.038	-0.232
576.7	NaN	769	NaN	659	0	362	0	0	0	403	-0	0	-0	-0	-0	0	0	-0	0.038	-0.03
576.8	NaN	764	NaN	660	-1	364	0	0	0	404	-0	-0	0	-1	-0	-0	0	-1	0.039	0.152
576.9	NaN	767	NaN	662	1	361	0	0	0	403	-0	-0	0	0	-0	0	0	-0	0.039	0.016
577	NaN	763	NaN	661	1	364	0	0	0	402	0	-0	0	-0	0	0	0	0	0.037	-0.075
577.1	NaN	763	NaN	660	1	365	0	0	0	404	-0	-0	-0	-1	-0	-0	0	-1	0.036	-0.062
577.2	NaN	763	NaN	660	1	365	0	0	0	405	-0	-0	0	0	-0	0	0	1	0.035	-0.009
577.3	NaN	772	NaN	662	0	361	0	0	0	407	-0	0	0	0	-0	0	-0	1	0.033	-0.195
577.4	NaN	769	NaN	661	0	363	0	0	0	403	-0	0	0	1	0	0	0	1	0.035	-0.202
577.5	NaN	763	NaN	659	1	366	0	0	0	404	-0	0	0	1	-0	-0	-0	1	0.034	0.165
577.6	NaN	765	NaN	660	-2	364	0	0	0	405	-0	1	0	0	-0	0	-0	0	0.032	0.088
577.7	NaN	770	NaN	661	-1	362	0	0	0	408	-0	0	0	1	-0	0	0	1	0.035	-0.337
577.8	NaN	767	NaN	660	0	365	0	0	0	406	-0	0	-0	-0	-0	0	0	-1	0.033	-0.074
577.9	NaN	767	NaN	659	0	362	0	0	0	406	-0	-1	0	0	-0	0	0	-1	0.035	0.163
578	NaN	766	NaN	661	1	361	0	0	0	403	-0	-0	0	2	-0	-0	-0	2	0.037	0.029
578.1	NaN	768	NaN	661	1	364	0	0	0	405	-0	0	0	0	-0	0	-0	0	0.036	0.058
578.2	NaN	768	NaN	659	-0	362	0	0	0	404	0	0	0	0	-0	0	-0	1	0.035	0.153
578.3	NaN	768	NaN	661	0	363	0	0	0	404	-0	0	0	-1	-0	0	-0	-1	0.035	0.06
578.4	NaN	771	NaN	660	1	361	0	0	0	403	-0	1	-0	2	-0	0	0	2	0.037	-0.131
578.5	NaN	772	NaN	660	0	360	0	0	0	403	-0	-1	-0	-1	-0	0	-0	-1	0.031	-0.22
578.6	NaN	761	NaN	661	1	363	0	0	0	403	0	0	-0	0	-0	0	0	1	0.031	0.094
578.7	NaN	763	NaN	661	2	363	0	0	0	403	0	0	-0	-0	-0	-0	-0	-1	0.033	-0.049
578.8	NaN	766	NaN	661	1	362	0	0	0	403	0	0	0	-0	-0	-0	0	-0	0.034	0.037
578.9	NaN	762	NaN	659	1	366	0	0	0	406	-0	-1	-0	-1	-0	-1	-0	-0	0.034	-0.006
579	NaN	763	NaN	659	1	360	0	0	0	403	-0	-1	-0	0	-0	-0	0	0	0.037	0.151
579.1	NaN	763	NaN	659	0	365	0	0	0	407	0	0	-0	2	-0	0	0	1	0.036	0.276
579.2	NaN	772	NaN	660	-0	362	0	0	0	404	0	-0	-0	-2	-0	0	-0	-1	0.031	-0.003
579.3	NaN	773	NaN	659	0	364	0	0	0	407	-0	-0	-0	-1	0	1	0	-1	0.034	-0.083
579.4	NaN	767	NaN	660	-0	360	0	0	0	406	-0	0	0	1	-0	0	0	1	0.04	-0.127
579.5	NaN	770	NaN	659	0	360	0	0	0	406	-0	1	0	0	-0	1	0	-0	0.039	-0.048
579.6	NaN	767	NaN	657	1	363	0	0	0	405	-0	0	0	1	-0	0	-0	0	0.038	-0.091
579.7	NaN	761	NaN	659	2	366	0	0	0	404	-0	1	0	0	-0	0	-0	0	0.039	0.079
579.8	NaN	767	NaN	658	0	362	0	0	0	405	-0	-0	-0	1	-0	0	0	1	0.037	0.367
579.9	NaN	766	NaN	658	0	362	0	0	0	403	-0	-1	-0	-2	0	-0	0	-2	0.033	0.246
580	NaN	768	NaN	656	-1	360	0	0	0	405	-0	-1	0	-2	-0	-2	0	-1	0.034	0.013
580.1	NaN	767	NaN	657	-0	362	0	0	0	405	-0	0	-0	0	-0	-0	-0	0	0.037	-0.177
580.2	NaN	768	NaN	658	0	362	0	0	0	405	-0	-1	-0	-0	-0	-0	-0	0	0.036	-0.206
580.3	NaN	763	NaN	656	1	362	0	0	0	406	0	-0	-0	-0	-0	-0	0	0	0.037	-0.075
580.4	NaN	763	NaN	657	2	362	0	0	0	405	-0	-0	0	-0	-0	0	-0	0	0.036	0.003
580.5	NaN	770	NaN	657	0	362	0	0	0	403	-0	0	0	0	-0	0	0	0	0.038	0.115
580.6	NaN	769	NaN	657	1	362	0	0	0	403	-0	-0	0	0	-0	0	0	0	0.038	-0.042
580.7	NaN	761	NaN	657	1	366	0	0	0	403	0	-0	-0	-1	-0	0	0	-1	0.038	-0.007
580.8	NaN	761	NaN	658	-0	365	0	0	0	404	0	0	-0	0	0	0	-0	0	0.04	0.084
580.9	NaN	764	NaN	656	-1	362	0	0	0	404	-0	-1	-0	-0	-0	1	0	-0	0.039	-0.205
581	NaN	767	NaN	659	0	362	0	0	0	408	0	0	-0	0	0	0	0	0	0.039	-0.072
581.1	NaN	763	NaN	656	0	365	0	0	0	404	-0	0	0	0	-0	-0	0	0	0.038	0.036
581.2	NaN	770	NaN	659	0	360	0	0	0	406	0	0	0	0	-0	0	0	0	0.037	0.019
581.3	NaN	772	NaN	658	2	362	0	0	0	403	-0	-0	0	-0	-0	0	0	0	0.037	-0.127
581.4	NaN	761	NaN	658	3	364	0	0	0	403	0	0	0	-0	-0	1	0	0	0.037	-0.118
581.5	NaN	763	NaN	658	2	366	0	0	0	406	-0	0	0	0	-0	0	0	0	0.037	0.112
581.6	NaN	766	NaN	656	0	362	0	0	0	406	-0	0	-0	0	0	0	0	0	0.036	0.08
581.7	NaN	761	NaN	657	3	365	0	0	0	406	0	-0	-0	0	-0	0	-0	0	0.035	-0.111
581.8	NaN	766	NaN	656	2	362	0	0	0	405	0	0	0	-0	-0	1	-0	-0	0.034	-0.045
581.9	NaN	762	NaN	656	2	363	0	0	0	407	0	0	0	0	-0	0	0	-0	0.035	0.172
582	NaN	762	NaN	656	1	362	0	0	0	403	-0	0	-0	-0	0	0	0	-0	0.036	0.183
582.1	NaN	762	NaN	657	1	364	0	0	0	405	-0	1	0	0	-0	0	-0	0	0.036	-0.026
582.2	NaN	759	NaN	657	1	366	0	0	0	404	-0	1	0	0	-0	0	-0	0	0.033	-0.036
582.3	NaN	763	NaN	658	1	364	0	0	0	407	-0	-0	0	0	-0	-0	0	0	0.034	0.064
582.4	NaN	759	NaN	657	1	365	0	0	0	404	-0	-0	0	0	-0	-0	-0	0	0.031	0.058
582.5	NaN	765	NaN	657	-0	363	0	0	0	405	-0	-0	0	0	-0	0	-0	0	0.033	-0.012
582.6	NaN	767	NaN	656	0	362	0	0	0	405	-0	-0	0	-0	-0	0	-0	0	0.035	0.119
582.7	NaN	758	NaN	656	3	364	0	0	0	406	-0	0	0	0	0	-0	0	0	0.036	0.164
582.8	NaN	759	NaN	658	3	361	0	0	0	404	-0	1	0	0	-0	0	-0	0	0.035	0.165
582.9	NaN	759	NaN	658	2	364	0	0	0	404	-0	-1	0	0	-0	-1	0	0	0.037	0.062
583	NaN	762	NaN	658	1	360	0	0	0	404	-0	-0	-0	2	-0	-0	0	2	0.037	-0.057
583.1	NaN	769	NaN	658	0	364	0	0	0	405	0	0	0	-0	-0	-0	0	-1	0.033	-0.063
583.2	NaN	762	NaN	658	1	361	0	0	0	404	-0	0	-0	0	0	-0	0	0	0.03	0.161
583.3	NaN	767	NaN	658	2	363	0	0	0	407	0	1	0	-0	0	0	0	-0	0.029	-0.086
583.4	NaN	767	NaN	657	2	362	0	0	0	406	-0	0	0	-0	-0	-0	0	-0	0.027	-0.22
583.5	NaN	762	NaN	657	2	366	0	0	0	405	0	0	0	-0	-0	0	0	0	0.028	0.005
583.6	NaN	760	NaN	656	3	364	0	0	0	407	-0	0	-0	0	-0	-0	-0	0	0.029	0.199
583.7	NaN	762	NaN	656	0	360	0	0	0	403	0	0	0	-0	0	-0	0	0	0.029	0.051
583.8	NaN	764	NaN	657	0	361	0	0	0	405	0	-0	0	0	-0	0	0	0	0.027	-0.066
583.9	NaN	759	NaN	659	3	365	0	0	0	407	-0	-0	0	-0	0	0	-0	-0	0.028	0.068
584	NaN	765	NaN	658	0	360	0	0	0	407	-0	0	0	0	-0	-0	0	0	0.027	0.168
584.1	NaN	757	NaN	658	3	365	0	0	0	405	-0	-0	0	-0	-0	-0	-0	-0	0.027	-0.024
584.2	NaN	764	NaN	657	1	361	0	0	0	407	-0	-0	0	-0	-0	0	0	-0	0.028	-0.3
584.3	NaN	760	NaN	656	2	363	0	0	0	405	-0	-0	-0	0	-0	0	-0	0	0.029	-0.13
584.4	NaN	765	NaN	655	1	360	0	0	0	406	-0	0	-0	0	-0	-0	-0	-0	0.027	0.106
584.5	NaN	759	NaN	655	2	362	0	0	0	404	-0	0	-0	0	-0	-0	-0	0	0.027	0.035
584.6	NaN	765	NaN	656	1	361	0	0	0	405	-0	-0	0	-0	-0	0	0	0	0.027	-0.087
584.7	NaN	757	NaN	656	2	363	0	0	0	404	-0	0	0	0	-0	0	-0	0	0.026	-0.051
584.8	NaN	758	NaN	656	2	361	0	0	0	405	-0	-0	0	-0	0	-1	0	-0	0.026	0.074
584.9	NaN	756	NaN	655	3	363	0	0	0	406	-0	-0	0	-0	-0	0	0	-0	0.027	0.067
585	NaN	764	NaN	655	0	360	0	0	0	403	0	0	0	0	0	0	-0	0	0.026	-0.116
585.1	NaN	761	NaN	655	2	362	0	0	0	404	-0	0	0	-0	-0	-0	-0	-0	0.027	-0.142
585.2	NaN	763	NaN	655	3	362	0	0	0	407	-0	1	0	0	-0	0	-0	0	0.027	-0.006
585.3	NaN	763	NaN	655	1	361	0	0	0	403	0	-0	0	-1	-0	-0	-0	-1	0.025	-0.052
585.4	NaN	756	NaN	655	0	363	0	0	0	406	0	0	-0	-0	-0	-0	-0	-0	0.024	-0.121
585.5	NaN	762	NaN	656	1	362	0	0	0	403	-0	-0	-0	0	-0	-0	-0	0	0.025	-0.084
585.6	NaN	759	NaN	656	2	358	0	0	0	403	-0	-1	-0	0	-0	-0	-0	-0	0.025	0.015
585.7	NaN	762	NaN	657	2	362	0	0	0	407	-0	1	0	1	-0	0	0	0	0.023	-0.063
585.8	NaN	763	NaN	655	3	359	0	0	0	406	-0	-3	0	-2	-0	-2	-0	-3	0.022	0.044
585.9	NaN	759	NaN	657	2	362	0	0	0	405	-0	1	0	0	-0	1	-0	0	0.026	0.17
586	NaN	763	NaN	655	3	361	0	0	0	407	0	0	0	0	-0	0	0	0	0.025	-0.026
586.1	NaN	755	NaN	656	2	362	0	0	0	406	-0	-0	-0	-0	-0	-0	0	-0	0.025	-0.18
586.2	NaN	757	NaN	655	3	363	0	0	0	403	-0	0	0	-0	0	0	-0	-0	0.026	-0.016
586.3	NaN	763	NaN	655	1	359	0	0	0	405	-0	-0	-0	-0	-0	0	-0	0	0.026	0.075
586.4	NaN	759	NaN	655	2	362	0	0	0	406	-0	0	-0	-0	-0	0	0	0	0.025	-0.054
586.5	NaN	763	NaN	655	1	362	0	0	0	407	-0	0	0	-0	-0	-0	0	-0	0.024	-0.115
586.6	NaN	757	NaN	657	2	363	0	0	0	403	-0	0	-0	0	0	-0	0	-0	0.023	0.008
586.7	NaN	764	NaN	656	1	362	0	0	0	404	-0	-0	-0	-0	-0	0	-0	0	0.024	0.077
586.8	NaN	757	NaN	655	1	361	0	0	0	403	0	-0	-0	0	-0	0	0	0	0.024	-0.058
586.9	NaN	756	NaN	655	2	364	0	0	0	405	-0	-0	0	-0	-0	-0	-0	-0	0.024	-0.078
587	NaN	754	NaN	654	1	364	0	0	0	402	-0	-0	0	0	-0	0	-0	0	0.025	-0.064
587.1	NaN	756	NaN	656	1	362	0	0	0	405	0	-0	0	-0	-0	0	-0	-0	0.026	-0.074
587.2	NaN	754	NaN	653	2	365	0	0	0	405	-0	-0	0	-0	-0	0	-0	0	0.026	0.07
587.3	NaN	759	NaN	654	3	361	0	0	0	407	0	0	-0	-0	0	-0	-0	-0	0.026	-0.01
587.4	NaN	754	NaN	655	3	363	0	0	0	405	-0	-0	0	0	-0	-1	0	-0	0.026	-0.169
587.5	NaN	758	NaN	654	2	363	0	0	0	407	-0	0	-0	-0	-0	1	0	0	0.027	-0.101
587.6	NaN	760	NaN	653	1	361	0	0	0	406	-0	-0	-0	-0	-0	0	-0	-0	0.029	0.04
587.7	NaN	759	NaN	653	1	361	0	0	0	406	-0	0	0	0	-0	-0	-0	0	0.028	0.042
587.8	NaN	753	NaN	653	3	364	0	0	0	405	-0	-0	0	0	-0	-0	-0	-0	0.026	-0.078
587.9	NaN	755	NaN	653	2	362	0	0	0	403	-0	-0	-0	-0	-0	-0	0	0	0.026	-0.051
588	NaN	753	NaN	654	1	360	0	0	0	408	-0	-0	-0	-0	-0	0	0	0	0.025	0.061
588.1	NaN	755	NaN	654	1	363	0	0	0	406	-0	-0	-0	0	-0	-0	0	0	0.025	0.023
588.2	NaN	753	NaN	653	2	361	0	0	0	405	-0	0	-0	0	-0	-1	0	0	0.023	-0.112
588.3	NaN	752	NaN	653	2	363	0	0	0	404	-0	-0	0	0	-0	-1	0	0	0.023	0.073
588.4	NaN	756	NaN	654	1	362	0	0	0	407	0	0	-0	-0	-0	1	-0	0	0.022	0.107
588.5	NaN	753	NaN	654	3	365	0	0	0	403	-0	-0	-0	-0	0	0	0	0	0.022	-0.003
588.6	NaN	753	NaN	653	3	366	0	0	0	406	-0	0	0	-0	-0	-0	-0	-0	0.021	-0.064
588.7	NaN	756	NaN	655	3	362	0	0	0	403	0	0	0	0	0	0	-0	-0	0.021	-0.061
588.8	NaN	762	NaN	654	1	360	0	0	0	407	-0	-0	0	-0	-0	-0	0	0	0.021	0.21
588.9	NaN	759	NaN	654	3	362	0	0	0	405	-0	0	-0	0	-0	-0	0	0	0.021	0.054
589	NaN	755	NaN	654	2	365	0	0	0	405	0	-0	-0	-0	-0	-0	-0	-0	0.019	-0.312
589.1	NaN	752	NaN	652	3	365	0	0	0	405	-0	-0	-0	0	-0	-1	-0	-0	0.019	-0.212
589.2	NaN	754	NaN	653	2	362	0	0	0	405	-0	0	0	0	-0	1	-0	-0	0.018	-0.04
589.3	NaN	821	NaN	640	2	304	0	0	0	406	0	0	0	0	0	0	-0	0	0.018	0.051
589.4	NaN	821	NaN	640	2	304	0	0	0	406	0	0	0	0	0	0	-0	0	0.018	-0.029
589.5	NaN	821	NaN	640	2	304	0	0	0	406	0	0	0	0	0	0	-0	0	0.018	0.01
589.6	NaN	821	NaN	640	2	304	0	0	0	406	0	0	0	0	0	0	-0	0	0.017	-0.002
589.7	NaN	821	NaN	640	2	304	0	0	0	406	0	0	0	0	0	0	-0	0	0.017	-0.013
589.8	NaN	821	NaN	640	2	304	0	0	0	406	0	0	0	0	0	0	-0	0	0.015	-0.03
589.9	NaN	821	NaN	640	2	304	0	0	0	406	0	0	0	0	0	0	-0	0	0.015	-0.008
590	NaN	821	NaN	640	2	304	0	0	0	406	0	0	0	0	0	0	-0	0	0.015	-0.02
590.1	NaN	821	NaN	640	2	304	0	0	0	406	0	0	0	0	0	0	-0	0	0.016	-0.011
590.2	NaN	821	NaN	640	2	304	0	0	0	406	0	0	0	0	0	0	-0	0	0.016	-0.005
590.3	NaN	821	NaN	640	2	304	0	0	0	406	0	0	0	0	0	0	-0	0	0.015	-0.04
590.4	NaN	821	NaN	640	2	304	0	0	0	406	0	0	0	0	0	0	-0	0	0.013	-0.031
590.5	NaN	821	NaN	640	2	304	0	0	0	406	0	0	0	0	0	0	-0	0	0.013	-0.018
590.6	NaN	821	NaN	640	2	304	0	0	0	406	0	0	0	0	0	0	-0	0	0.013	-0.021
590.7	NaN	821	NaN	640	2	304	0	0	0	406	0	0	0	0	0	0	-0	0	0.013	0.002
590.8	NaN	821	NaN	640	2	304	0	0	0	406	0	0	0	0	0	0	-0	0	0.014	0.008
590.9	NaN	821	NaN	640	2	304	0	0	0	406	0	0	0	0	0	0	-0	0	0.014	-0.002
591	NaN	821	NaN	640	2	304	0	0	0	406	0	0	0	0	0	0	-0	0	0.014	-0.032
591.1	NaN	821	NaN	640	2	304	0	0	0	406	0	0	0	0	0	0	-0	0	0.015	-0.043
591.2	NaN	821	NaN	640	2	304	0	0	0	406	0	0	0	0	0	0	-0	0	0.016	-0.044
591.3	NaN	821	NaN	640	2	304	0	0	0	406	0	0	0	0	0	0	-0	0	0.017	-0.015
591.4	NaN	821	NaN	640	2	304	0	0	0	406	0	0	0	0	0	0	-0	0	0.017	-0.001
591.5	NaN	821	NaN	640	2	304	0	0	0	406	0	0	0	0	0	0	-0	0	0.017	0.002
591.6	NaN	821	NaN	640	2	304	0	0	0	406	0	0	0	0	0	0	-0	0	0.017	0.012
591.7	NaN	821	NaN	640	2	304	0	0	0	406	0	0	0	0	0	0	-0	0	0.017	0.001
591.8	NaN	821	NaN	640	2	304	0	0	0	406	0	0	0	0	0	0	-0	0	0.016	-0.036
591.9	NaN	821	NaN	640	2	304	0	0	0	406	0	0	0	0	0	0	-0	0	0.016	-0.053
592	NaN	821	NaN	640	2	304	0	0	0	406	0	0	0	0	0	0	-0	0	0.015	-0.079
592.1	NaN	821	NaN	640	2	304	0	0	0	406	0	0	0	0	0	0	-0	0	0.017	-0.039
592.2	NaN	821	NaN	640	2	304	0	0	0	406	0	0	0	0	0	0	-0	0	0.016	0.018
592.3	NaN	821	NaN	640	2	304	0	0	0	406	0	0	0	0	0	0	-0	0	0.014	-0.045
592.4	NaN	821	NaN	640	2	304	0	0	0	406	0	0	0	0	0	0	-0	0	0.014	-0.06
592.5	NaN	821	NaN	640	2	304	0	0	0	406	0	0	0	0	0	0	-0	0	0.018	-0.067
592.6	NaN	821	NaN	640	2	304	0	0	0	406	0	0	0	0	0	0	-0	0	0.016	0.019
592.7	NaN	821	NaN	640	2	304	0	0	0	406	0	0	0	0	0	0	-0	0	0.018	0.08
592.8	NaN	821	NaN	640	2	304	0	0	0	406	0	0	0	0	0	0	-0	0	0.017	0.002
592.9	NaN	821	NaN	640	2	304	0	0	0	406	0	0	0	0	0	0	-0	0	0.016	0.104
593	NaN	821	NaN	640	2	304	0	0	0	406	0	0	0	0	0	0	-0	0	0.018	-0.005
593.1	NaN	821	NaN	640	2	304	0	0	0	406	0	0	0	0	0	0	-0	0	0.013	0.032
593.2	NaN	821	NaN	640	2	304	0	0	0	406	0	0	0	0	0	0	-0	0	0.014	0.104
593.3	NaN	821	NaN	640	2	304	0	0	0	406	0	0	0	0	0	0	-0	0	0.014	-0.005
593.4	NaN	821	NaN	640	2	304	0	0	0	406	0	0	0	0	0	0	-0	0	0.015	-0.007
593.5	NaN	821	NaN	640	2	304	0	0	0	406	0	0	0	0	0	0	-0	0	0.018	-0.045
593.6	NaN	821	NaN	640	0	304	0	0	0	0	0	0	0	0	0	0	-0	0	0.016	-0.002
593.7	NaN	675	NaN	354	0	360	0	0	0	0	0	0	0	0	0	0	-0	0	0.017	0.011
593.8	NaN	675	NaN	354	0	360	0	0	0	0	0	0	0	0	0	0	-0	0	0.017	-0.053
593.9	NaN	675	NaN	354	0	360	0	0	0	0	0	0	0	0	0	0	-0	0	0.017	0.02
594	NaN	675	NaN	354	0	360	0	0	0	0	0	0	0	0	0	0	-0	0	0.021	0.047
594.1	NaN	675	NaN	354	0	360	0	0	0	0	0	0	0	0	0	0	-0	0	0.021	-0.017
594.2	NaN	675	NaN	354	0	360	0	0	0	0	0	0	0	0	0	0	-0	0	0.02	0.001
594.3	NaN	675	NaN	354	0	360	0	0	0	0	0	0	0	0	0	0	-0	0	0.021	-0.034
594.4	NaN	675	NaN	354	0	360	0	0	0	0	0	0	0	0	0	0	-0	0	0.021	-0.046
594.5	NaN	675	NaN	354	0	360	0	0	0	0	0	0	0	0	0	0	-0	0	0.022	-0.041
594.6	NaN	675	NaN	354	0	360	0	0	0	0	0	0	0	0	0	0	-0	0	0.023	-0.052
594.7	NaN	675	NaN	354	0	360	0	0	0	0	0	0	0	0	0	0	-0	0	0.021	-0.065
594.8	NaN	675	NaN	354	0	360	0	0	0	0	0	0	0	0	0	0	-0	0	0.021	-0.029
594.9	NaN	675	NaN	354	0	360	0	0	0	0	0	0	0	0	0	0	-0	0	0.021	-0.025
595	NaN	675	NaN	354	0	360	0	0	0	0	0	0	0	0	0	0	-0	0	0.022	-0.038
595.1	NaN	675	NaN	354	0	360	0	0	0	0	0	0	0	0	0	0	-0	0	0.021	-0.013
595.2	NaN	675	NaN	354	0	360	0	0	0	0	0	0	0	0	0	0	-0	0	0.021	-0.036
595.3	NaN	675	NaN	354	0	360	0	0	0	0	0	0	0	0	0	0	-0	0	0.021	-0.015
595.4	NaN	675	NaN	354	0	360	0	0	0	0	0	0	0	0	0	0	-0	0	0.021	-0.006
595.5	NaN	675	NaN	354	0	360	0	0	0	0	0	0	0	0	0	0	-0	0	0.018	-0.022
595.6	NaN	675	NaN	354	0	360	0	0	0	0	0	0	0	0	0	0	-0	0	0.013	-0.026
595.7	NaN	675	NaN	354	0	360	0	0	0	0	0	0	0	0	0	0	-0	0	0.014	-0.037
595.8	NaN	675	NaN	354	0	360	0	0	0	0	0	0	0	0	0	0	-0	0	0.014	-0.008
595.9	NaN	675	NaN	354	0	360	0	0	0	0	0	0	0	0	0	0	-0	0	0.015	-0.01
596	NaN	675	NaN	354	0	360	0	0	0	0	0	0	0	0	0	0	-0	0	0.016	-0.032
596.1	NaN	675	NaN	354	0	360	0	0	0	0	0	0	0	0	0	0	-0	0	0.016	0.001
596.2	NaN	675	NaN	354	0	360	0	0	0	0	0	0	0	0	0	0	-0	0	0.017	0.026
596.3	NaN	675	NaN	354	0	360	0	0	0	0	0	0	0	0	0	0	-0	0	0.017	0.017
596.4	NaN	675	NaN	354	0	360	0	0	0	0	0	0	0	0	0	0	-0	0	0.017	-0.001
596.5	NaN	675	NaN	354	0	360	0	0	0	0	0	0	0	0	0	0	-0	0	0.018	-0.001
596.6	NaN	675	NaN	354	0	360	0	0	0	0	0	0	0	0	0	0	-0	0	0.02	-0.015
596.7	NaN	675	NaN	354	0	360	0	0	0	0	0	0	0	0	0	0	-0	0	0.021	0.007
596.8	NaN	675	NaN	354	0	360	0	0	0	0	0	0	0	0	0	0	-0	0	0.022	-0.023
596.9	NaN	675	NaN	354	0	360	0	0	0	0	0	0	0	0	0	0	-0	0	0.023	-0.023
597	NaN	675	NaN	354	0	360	0	0	0	0	0	0	0	0	0	0	-0	0	0.025	-0.021
597.1	NaN	675	NaN	354	0	360	0	0	0	0	0	0	0	0	0	0	-0	0	0.025	-0.002
597.2	NaN	675	NaN	354	0	360	0	0	0	0	0	0	0	0	0	0	-0	0	0.025	-0.016
597.3	NaN	675	NaN	354	0	360	0	0	0	0	0	0	0	0	0	0	-0	0	0.026	-0.029
597.4	NaN	675	NaN	354	0	360	0	0	0	0	0	416	-0	205	0	-424	-0	0	0.025	-0.013
597.5	NaN	675	NaN	354	0	360	0	0	0	0	0	416	-0	205	0	-424	-0	0	0.023	-0.035
597.6	NaN	675	NaN	354	0	360	0	0	0	0	0	416	-0	205	0	-424	-0	0	0.021	-0.023
597.7	NaN	675	NaN	354	0	360	0	0	0	0	0	416	-0	205	0	-424	-0	0	0.02	-0.008
597.8	NaN	675	NaN	354	0	360	0	0	0	0	0	416	-0	205	0	-424	-0	0	0.02	-0.002
597.9	NaN	675	NaN	354	0	360	0	0	0	182	0	416	-0	205	0	-424	-1	296	0.019	-0.015
598	NaN	675	NaN	354	0	360	0	0	0	190	0	416	-0	205	0	-424	-1	296	0.019	-0.008
