# F34 BrakeDataPreprocessor optimizer-compatible export
# Source session: autox527
# Segment type: autocross_run | source time 3086.700 to 3525.200 s
# Source files: AutoX 5-27.txt
# Format: drs_22_column | estimated: none | missing-as-NaN: tempFLRaw, tempRLRaw | startup-cleaning: trimmed 0.00 s, start 21.5 C, spikes 706
Time_s	FL_RotorTemp_RAW	FR_RotorTemp_RAW	RL_RotorTemp_RAW	RR_RotorTemp_RAW	DRS_State	Steering_pct	FrontBrakePressure_RAW	AccelPedalA_pct	AccelPedalB_pct	Reserved	RearBrakePressure_RAW	FL_FeedbackTorque_pctMn	FL_FeedbackVelocity_rpm	FR_FeedbackTorque_pctMn	FR_FeedbackVelocity_rpm	RL_FeedbackTorque_pctMn	RL_FeedbackVelocity_rpm	RR_FeedbackTorque_pctMn	RR_FeedbackVelocity_rpm	Velocity_mps	AccelX_mps2
0	NaN	752	NaN	601	0	4	361	0	0	0	408	-0	-0	-0	0	-0	0	0	-0	0.005	0.149
0.1	NaN	757	NaN	602	0	5	360	0	0	0	407	-0	0	-0	0	-0	0	0	-0	0.005	0.168
0.2	NaN	757	NaN	600	0	2	357	0	0	0	407	0	0	0	0	-0	-0	-0	-0	0.006	0.132
0.3	NaN	762	NaN	599	0	3	357	0	0	0	406	-0	-0	0	0	0	0	0	0	0.007	0.167
0.4	NaN	750	NaN	599	0	4	359	0	0	0	407	0	0	-0	-0	-0	0	-0	-0	0.005	0.147
0.5	NaN	751	NaN	600	0	5	360	0	0	0	408	-0	0	0	0	-0	0	-0	0	0.006	0.174
0.6	NaN	755	NaN	599	0	5	359	0	0	0	405	-0	0	-0	0	-0	0	0	0	0.007	0.152
0.7	NaN	759	NaN	600	0	3	360	0	0	0	406	0	-0	-0	0	-0	-0	0	0	0.007	0.15
0.8	NaN	755	NaN	599	0	3	360	0	0	0	407	-0	-0	0	-0	-0	0	0	-0	0.007	0.149
0.9	NaN	754	NaN	599	0	5	359	0	0	0	407	-0	-0	-0	0	-0	-0	0	0	0.007	0.148
1	NaN	754	NaN	599	0	3	359	0	0	0	407	0	-0	-0	0	-0	-0	0	-0	0.007	0.161
1.1	NaN	752	NaN	600	0	4	358	0	0	0	407	-0	0	0	-0	0	0	0	0	0.008	0.155
1.2	NaN	758	NaN	599	0	5	362	0	0	0	406	0	-0	0	-0	-0	-0	0	-0	0.003	0.154
1.3	NaN	753	NaN	599	0	4	360	0	0	0	407	-0	0	0	-0	-0	-0	0	0	0.005	0.142
1.4	NaN	754	NaN	599	0	5	361	0	0	0	406	-0	0	-0	-0	0	0	0	0	0.004	0.156
1.5	NaN	750	NaN	598	0	3	360	0	0	0	406	-0	0	0	0	-0	-0	0	0	0.004	0.153
1.6	NaN	756	NaN	599	0	3	360	0	0	0	406	-0	0	-0	0	0	-0	0	0	0.004	0.1
1.7	NaN	752	NaN	599	0	6	360	0	0	0	406	0	0	-0	-0	-0	0	-0	-0	0.004	0.258
1.8	NaN	755	NaN	598	0	2	359	0	0	0	406	-0	0	0	0	-0	-0	-0	-0	0.003	0.116
1.9	NaN	753	NaN	598	0	4	358	0	0	0	405	0	-0	0	-1	-0	-0	-0	-1	-0	-0.013
2	NaN	750	NaN	599	0	5	358	0	0	0	406	-0	-5	0	-5	-0	-4	0	-6	-0.004	0.377
2.1	NaN	750	NaN	598	0	3	357	0	0	0	405	-0	5	0	9	-0	8	0	9	0.018	0.091
2.2	NaN	751	NaN	597	0	4	357	0	0	0	406	0	-0	0	-7	-0	-1	0	-7	-0.01	-0.047
2.3	NaN	755	NaN	600	0	5	360	0	0	0	407	-0	-4	0	-5	-0	-3	0	-5	-0.003	0.384
2.4	NaN	753	NaN	601	0	3	358	0	0	0	405	0	0	-0	5	-0	0	0	5	0.013	0.141
2.5	NaN	754	NaN	599	0	5	360	0	0	0	407	-0	0	0	-2	-0	-0	0	-2	-0.001	0.144
2.6	NaN	750	NaN	598	0	5	358	0	0	0	406	-0	0	0	2	-0	0	0	2	0.012	0.133
2.7	NaN	752	NaN	599	0	2	358	0	0	0	407	-0	0	-0	-8	-0	-0	0	-8	-0.005	-0.164
2.8	NaN	754	NaN	601	0	4	360	0	0	0	407	-0	-0	0	0	-0	-0	-0	0	0.005	0.33
2.9	NaN	750	NaN	601	0	4	359	0	0	0	407	-0	0	0	1	-0	0	0	1	0.008	0.175
3	NaN	748	NaN	602	0	3	361	0	0	0	408	-0	-3	0	-4	-0	-4	0	-4	-0.002	0.117
3.1	NaN	751	NaN	601	0	2	359	0	0	0	407	-0	-0	0	4	-0	0	-0	4	0.015	0.21
3.2	NaN	753	NaN	600	0	1	360	0	0	0	407	-0	-1	-0	-0	-0	-1	0	-0	0.012	-0.036
3.3	NaN	754	NaN	601	0	5	359	0	0	0	406	-0	0	-0	-0	-0	-1	0	-1	0.014	0.371
3.4	NaN	754	NaN	600	0	3	359	0	0	0	405	-0	-0	-0	-0	-0	-0	0	-0	0.012	0.074
3.5	NaN	757	NaN	599	0	2	359	0	0	0	406	-0	0	0	-0	-0	0	-0	-0	0.014	0.178
3.6	NaN	749	NaN	597	0	4	359	0	0	0	405	-0	0	-0	0	-0	-1	0	0	0.01	0.207
3.7	NaN	756	NaN	599	0	4	359	0	0	0	407	-0	-0	0	2	-0	0	0	2	0.016	0.108
3.8	NaN	750	NaN	600	0	3	361	0	0	0	408	-0	-0	-0	-3	0	-3	-0	-3	0.002	0.232
3.9	NaN	751	NaN	599	0	4	360	0	0	0	407	-0	-0	-0	3	-0	0	0	3	0.013	0.105
4	NaN	753	NaN	598	0	3	359	0	0	0	407	-0	0	0	-0	-0	-0	0	-0	0.009	0.098
4.1	NaN	753	NaN	598	0	4	360	0	0	0	407	-0	-1	0	-0	-0	-1	0	-0	0.009	0.306
4.2	NaN	753	NaN	599	0	5	358	0	0	0	408	-0	-1	0	0	-0	-0	0	0	0.008	0.088
4.3	NaN	751	NaN	599	0	5	360	0	0	0	406	-0	0	0	5	0	0	0	5	0.019	0.238
4.4	NaN	756	NaN	599	0	2	357	0	0	0	407	0	4	0	3	-0	4	0	2	0.019	-0.044
4.5	NaN	749	NaN	600	0	4	362	0	0	0	407	-0	0	-0	-4	-0	-4	0	-4	0.006	0.103
4.6	NaN	749	NaN	601	0	5	361	0	0	0	408	-0	-3	0	-3	0	-3	-0	-2	0.007	0.243
4.7	NaN	756	NaN	602	0	2	358	0	0	0	408	-0	-0	-0	1	-0	0	0	1	0.016	0.165
4.8	NaN	752	NaN	601	0	4	361	0	0	0	408	-0	0	0	1	-0	1	-0	1	0.003	0.112
4.9	NaN	750	NaN	601	0	4	360	0	0	0	405	-0	-0	-0	-2	-0	-0	0	-2	-0.003	0.135
5	NaN	753	NaN	601	0	3	358	0	0	0	405	-0	-0	-0	0	-0	-0	0	0	0.001	0.24
5.1	NaN	751	NaN	600	0	3	359	0	0	0	406	-0	0	0	3	-0	0	0	3	0.007	0.249
5.2	NaN	751	NaN	599	0	1	357	0	0	0	405	0	-0	-0	0	-0	0	0	-0	0.002	-0.067
5.3	NaN	753	NaN	598	0	4	359	0	0	0	408	0	0	0	-5	-0	-4	0	-5	-0.007	0.163
5.4	NaN	753	NaN	585	0	3	357	0	0	0	407	-0	1	0	2	-0	1	-0	2	0.003	0.168
5.5	NaN	751	NaN	596	0	1	360	0	0	0	408	-0	-0	-0	3	-0	0	-0	3	0.002	0.083
5.6	NaN	747	NaN	597	0	4	363	0	0	0	408	-0	0	0	-3	-0	-0	-0	-3	-0.008	0.203
5.7	NaN	746	NaN	597	0	3	360	0	0	0	406	-0	-0	0	0	-0	0	-0	0	-0.003	0.184
5.8	NaN	754	NaN	597	0	2	358	0	0	0	407	0	0	0	0	-0	-0	0	0	-0.003	0.068
5.9	NaN	754	NaN	597	0	2	359	0	0	0	406	-0	-0	0	-0	-0	-0	0	-0	-0.003	0.243
6	NaN	751	NaN	597	0	1	358	0	0	0	408	-0	0	-0	0	-0	-0	0	0	-0.002	0.077
6.1	NaN	752	NaN	597	0	3	360	0	0	0	405	-0	0	0	-1	-0	-0	0	-1	-0.005	0.192
6.2	NaN	753	NaN	597	0	2	357	0	0	0	406	-0	0	0	0	-0	0	0	0	-0.001	0.052
6.3	NaN	755	NaN	597	0	2	358	0	0	0	406	-0	-0	0	-1	-0	0	0	-1	-0.003	0.271
6.4	NaN	754	NaN	598	0	1	358	0	0	0	408	-0	0	-0	1	-0	-0	0	1	-0.003	0.089
6.5	NaN	746	NaN	595	0	4	360	0	0	0	407	0	-0	-0	-1	-0	-1	-0	-1	-0.009	0.195
6.6	NaN	750	NaN	597	0	1	358	0	0	0	408	-0	0	0	1	-0	0	-0	1	-0.005	0.169
6.7	NaN	747	NaN	597	0	3	361	0	0	0	409	-0	-0	0	0	-0	-0	-0	0	-0.008	0.196
6.8	NaN	746	NaN	597	0	4	360	0	0	0	406	-0	-0	-0	-0	-0	-0	0	-0	-0.009	0.212
6.9	NaN	753	NaN	597	0	1	357	0	0	0	407	-0	-0	0	-0	-0	-0	0	0	-0.008	0.121
7	NaN	748	NaN	597	0	3	362	0	0	0	406	-0	-0	0	0	-0	-0	0	0	-0.007	0.12
7.1	NaN	749	NaN	596	0	4	360	0	0	0	405	-0	0	0	0	-0	0	-0	0	-0.008	0.138
7.2	NaN	751	NaN	598	0	4	360	0	0	0	411	-0	-0	0	-0	-0	-0	0	-0	-0.002	0.188
7.3	NaN	751	NaN	597	0	3	361	0	0	0	407	-0	0	0	-0	-0	-0	-0	-0	-0.003	0.107
7.4	NaN	742	NaN	599	0	5	362	0	0	0	407	-0	0	0	-0	-0	0	0	-0	-0.002	0.131
7.5	NaN	747	NaN	599	0	5	357	0	0	0	406	-0	0	0	-0	-0	-0	-0	-0	-0.003	0.152
7.6	NaN	751	NaN	598	0	5	360	0	0	0	407	0	-0	-0	-0	-0	-0	0	-0	-0.003	0.121
7.7	NaN	749	NaN	598	0	3	358	0	0	0	408	-0	0	0	0	-0	0	-0	-0	-0.003	0.157
7.8	NaN	751	NaN	598	0	3	359	0	0	0	407	0	-0	0	0	-0	-0	0	0	-0.001	0.152
7.9	NaN	745	NaN	598	0	4	361	0	0	0	408	-0	-0	0	1	-0	0	0	1	0.002	0.142
8	NaN	746	NaN	597	0	5	363	0	0	0	408	-0	0	0	-0	-0	-0	-0	-0	-0.004	0.208
8.1	NaN	752	NaN	596	0	2	359	0	0	0	408	-0	0	-0	0	-0	0	0	0	-0.002	0.125
8.2	NaN	745	NaN	595	0	4	360	0	0	0	405	-0	0	0	-0	-0	-0	0	-0	-0.004	0.178
8.3	NaN	742	NaN	595	0	5	363	0	0	0	407	-0	0	0	0	-0	0	0	-0	-0.003	0.113
8.4	NaN	746	NaN	595	0	5	359	0	0	0	408	-0	-0	-0	0	-0	0	-0	-0	-0.004	0.15
8.5	NaN	749	NaN	596	0	6	358	0	0	0	406	-0	-0	0	-0	-0	-0	-0	-0	-0.004	0.16
8.6	NaN	749	NaN	595	0	4	360	0	0	0	406	-0	0	0	-0	-0	0	-0	-0	-0.002	0.152
8.7	NaN	747	NaN	596	0	3	358	0	0	0	407	-0	-0	-0	-0	-0	-0	-0	-0	-0.002	0.154
8.8	NaN	745	NaN	596	0	2	360	0	0	0	407	-0	-0	0	0	-0	0	0	0	0.002	0.152
8.9	NaN	749	NaN	595	0	2	360	0	0	0	407	-0	0	0	0	-0	-0	-0	-0	0.002	0.139
9	NaN	748	NaN	595	0	4	360	0	0	0	407	-0	-0	0	-0	-0	-0	0	0	0.002	0.144
9.1	NaN	743	NaN	596	0	4	358	0	0	0	407	-0	-0	-0	-0	-0	-0	-0	-0	0.001	0.146
9.2	NaN	749	NaN	596	0	5	359	0	0	0	407	-0	-0	-0	0	-0	-0	0	-0	0.001	0.151
9.3	NaN	745	NaN	595	0	3	360	0	0	0	404	0	0	-0	0	-0	0	0	0	0.001	0.164
9.4	NaN	745	NaN	596	0	5	362	0	0	0	407	-0	0	0	0	-0	-0	0	0	0.003	0.132
9.5	NaN	746	NaN	596	0	3	360	0	0	0	407	-0	-0	0	0	-0	0	0	0	0.003	0.18
9.6	NaN	744	NaN	596	0	4	360	0	0	0	409	0	0	0	-0	-0	-0	-0	0	0.002	0.157
9.7	NaN	753	NaN	596	0	2	357	0	0	0	407	-0	-0	0	0	-0	-0	-0	0	0.002	0.136
9.8	NaN	748	NaN	596	0	2	359	0	0	0	406	-0	0	0	-0	-0	0	0	0	0.002	0.145
9.9	NaN	749	NaN	595	0	4	360	0	0	0	408	-0	-0	-0	0	-0	-0	-0	0	0.001	0.138
10	NaN	749	NaN	596	0	4	415	0	0	0	451	-0	-0	0	1	-0	0	-0	1	0.007	0.231
10.1	NaN	745	NaN	597	0	4	481	0	0	0	502	-0	-0	-0	-1	-0	0	0	-1	0	0.044
10.2	NaN	746	NaN	595	0	5	530	0	0	0	541	-0	0	0	1	-0	0	0	0	0.006	0.125
10.3	NaN	749	NaN	596	0	5	544	0	0	0	554	-0	-0	-0	-1	-0	-0	-0	0	0.001	0.141
10.4	NaN	753	NaN	596	0	3	555	0	0	0	566	-0	-0	0	1	-0	0	0	1	0.004	0.142
10.5	NaN	749	NaN	596	0	4	561	0	0	0	571	-0	0	0	-1	-0	0	0	-1	-0.001	0.104
10.6	NaN	1344	NaN	1267	0	3	559	0	0	0	568	-0	0	0	1	-0	0	0	0	0.003	0.232
10.7	NaN	1356	NaN	1267	0	2	552	0	0	0	558	-0	0	0	0	0	0	0	-0	0.002	0.109
10.8	NaN	1391	NaN	1286	0	4	539	0	0	0	545	-0	-0	-0	-0	0	0	0	-0	-0.001	0.171
10.9	NaN	1414	NaN	1281	0	5	446	0	0	0	462	0	0	0	0	-0	-0	0	-0	-0.002	0.098
11	NaN	1352	NaN	1336	0	6	371	0	0	0	405	-0	0	0	1	-0	0	0	0	-0.001	0.124
11.1	NaN	1369	NaN	1330	0	4	357	0	0	0	401	-0	0	0	-1	-0	-0	-0	-1	-0.006	0.063
11.2	NaN	1372	NaN	1374	0	3	357	0	0	0	406	-0	1	0	1	0	0	0	1	-0	0.189
11.3	NaN	1383	NaN	1487	0	2	356	0	0	0	405	-0	0	0	0	0	0	-0	-0	-0.003	0.091
11.4	NaN	1385	NaN	1518	0	5	358	0	0	0	405	0	-0	0	-0	0	-0	0	-0	-0.003	0.139
11.5	NaN	1368	NaN	1392	0	3	356	0	0	0	405	0	-0	-0	-0	0	0	0	0	-0.002	0.198
11.6	NaN	1406	NaN	1359	0	2	355	0	0	0	406	-0	-0	0	-0	0	0	0	-0	-0.004	0.143
11.7	NaN	1413	NaN	1360	0	5	357	0	0	0	403	0	-0	0	-0	-0	0	-0	0	-0.003	0.151
11.8	NaN	1372	NaN	1336	0	3	357	0	0	0	406	-0	0	-0	-0	0	-0	0	0	-0.002	0.201
11.9	NaN	1367	NaN	1345	0	5	358	0	0	0	404	0	0	-0	-0	0	-0	0	-0	-0.003	0.167
12	NaN	1335	NaN	1366	0	5	360	0	0	0	405	0	-0	0	0	0	0	0	0	-0.003	0.174
12.1	NaN	1353	NaN	1347	0	5	358	0	0	0	403	0	-0	0	0	0	-0	0	-0	-0.004	0.118
12.2	NaN	1363	NaN	1338	0	5	360	0	0	0	403	-0	-0	-0	-0	0	0	0	-0	-0.004	0.157
12.3	NaN	1381	NaN	1343	0	4	356	0	0	0	405	0	0	-0	0	-0	-0	0	-0	-0.004	0.15
12.4	NaN	1360	NaN	1349	0	4	358	0	0	0	406	0	-0	-0	-0	0	-0	-0	0	-0.003	0.178
12.5	NaN	1369	NaN	1373	0	3	354	0	0	0	407	0	-0	-0	-0	0	-0	0	-0	-0.005	0.105
12.6	NaN	1363	NaN	1364	0	5	357	0	0	0	404	-0	0	0	0	-0	0	0	0	-0.005	0.195
12.7	NaN	1364	NaN	1356	0	4	356	0	0	0	406	-0	-0	-0	-0	0	-0	-0	-0	-0.006	0.109
12.8	NaN	1354	NaN	1372	0	3	357	0	0	0	405	-0	0	0	0	0	-0	-0	0	-0.006	0.179
12.9	NaN	1362	NaN	1398	0	5	356	0	0	0	405	-0	0	-0	-0	-0	0	0	-0	-0.006	0.169
13	NaN	1354	NaN	1432	0	4	356	0	0	0	403	0	-0	0	0	0	-0	0	0	-0.006	0.121
13.1	NaN	1386	NaN	1465	0	3	355	0	0	0	405	-0	-0	0	0	-0	-0	0	0	-0.006	0.05
13.2	NaN	1371	NaN	1334	0	2	359	0	0	0	406	-0	0	0	0	0	-0	0	-0	-0.008	0.171
13.3	NaN	1368	NaN	1291	0	4	358	0	0	0	406	0	0	0	0	0	0	-0	0	-0.007	0.099
13.4	NaN	1383	NaN	1345	0	4	355	0	0	0	404	0	0	0	-0	-0	-0	0	-0	-0.004	0.203
13.5	NaN	1368	NaN	1396	0	4	355	0	0	0	406	0	-0	0	-0	0	0	0	0	-0.005	0.188
13.6	NaN	1347	NaN	1400	0	3	356	0	0	0	407	0	-0	0	-0	-0	0	-0	0	-0.001	0.089
13.7	NaN	1331	NaN	1362	0	3	358	0	0	0	407	-0	-0	0	-0	0	-0	-0	-0	-0.002	0.226
13.8	NaN	1367	NaN	1333	0	4	358	0	0	0	404	-0	-0	-0	-0	0	0	-0	0	-0.002	0.053
13.9	NaN	1366	NaN	1375	0	5	357	5	1	0	405	0	-0	-0	0	0	0	0	0	-0.003	0.251
14	NaN	1366	NaN	1337	0	4	358	22	18	0	406	0	0	-0	0	-0	0	0	-0	-0.003	0.089
14.1	NaN	1358	NaN	1374	0	5	358	27	23	0	406	0	0	0	0	0	0	0	0	-0.003	0.196
14.2	NaN	1383	NaN	1278	0	6	359	28	24	0	404	1	2	1	2	3	5	3	3	0	0.207
14.3	NaN	984	NaN	923	0	6	358	34	29	0	404	7	37	8	37	18	36	22	42	0.051	1.194
14.4	NaN	977	NaN	938	0	6	359	35	31	0	406	10	116	11	123	24	118	28	118	0.187	1.586
14.5	NaN	870	NaN	857	0	12	359	36	31	0	405	10	200	12	217	24	199	31	216	0.334	1.788
14.6	NaN	891	NaN	857	0	20	357	36	31	0	406	8	286	13	311	21	287	35	316	0.484	1.583
14.7	NaN	819	NaN	699	0	35	359	36	31	0	406	6	358	15	422	17	371	40	423	0.633	1.633
14.8	NaN	836	NaN	758	0	50	360	36	31	0	406	4	440	17	538	11	437	45	525	0.78	1.589
14.9	NaN	840	NaN	687	0	64	358	36	31	0	407	2	518	19	645	6	503	49	641	0.919	1.634
15	NaN	795	NaN	638	0	74	359	36	31	0	406	1	593	21	761	3	559	53	748	1.044	1.325
15.1	NaN	784	NaN	643	0	84	357	36	31	0	406	-0	662	22	875	-0	605	56	849	1.165	1.047
15.2	NaN	766	NaN	701	0	86	354	40	33	0	405	-1	726	30	1043	-2	639	77	1003	1.286	2.065
15.3	NaN	796	NaN	688	0	88	357	40	33	0	407	-1	854	31	1198	-2	744	81	1148	1.492	2.183
15.4	NaN	724	NaN	737	0	90	357	40	33	0	406	-1	958	32	1356	-3	845	80	1287	1.688	2.011
15.5	NaN	793	NaN	690	0	90	360	39	31	0	407	-1	1056	26	1495	-3	933	68	1412	1.874	1.559
15.6	NaN	851	NaN	733	0	88	358	38	30	0	406	-1	1159	24	1605	-2	1024	63	1511	2.024	1.497
15.7	NaN	780	NaN	715	0	89	356	38	30	0	406	-1	1228	25	1698	-2	1090	63	1618	2.167	1.392
15.8	NaN	764	NaN	681	0	90	358	38	30	0	407	-1	1300	24	1801	-2	1147	61	1743	2.308	0.766
15.9	NaN	762	NaN	744	0	91	357	34	28	0	406	-1	1388	15	1791	-2	1257	38	1735	2.443	0.468
16	NaN	792	NaN	708	0	90	355	33	27	0	405	-1	1407	14	1833	-2	1304	37	1760	2.478	0.556
16.1	NaN	787	NaN	718	0	91	358	34	27	0	407	-1	1434	15	1861	-2	1321	38	1809	2.52	1.188
16.2	NaN	765	NaN	738	0	92	356	34	28	0	407	-1	1458	16	1914	-2	1318	42	1861	2.562	-0.268
16.3	NaN	767	NaN	734	0	93	358	34	28	0	405	-1	1477	17	1913	-2	1369	43	1875	2.625	0.168
16.4	NaN	777	NaN	718	0	94	359	34	27	0	405	-1	1509	15	1975	-2	1374	39	1888	2.648	0.237
16.5	NaN	815	NaN	766	0	94	357	34	27	0	407	-1	1522	16	1998	-2	1370	39	1920	2.698	0.165
16.6	NaN	772	NaN	689	0	95	356	34	27	0	407	-1	1536	16	2014	-2	1418	41	1970	2.761	0.53
16.7	NaN	761	NaN	720	0	94	354	34	26	0	407	-1	1559	14	2014	-2	1431	37	1977	2.799	-0.435
16.8	NaN	772	NaN	696	0	95	357	34	26	0	406	-1	1565	14	2091	-2	1417	37	1992	2.805	-0.447
16.9	NaN	776	NaN	678	0	96	359	34	26	0	407	-1	1581	13	2105	-3	1452	34	2012	2.837	0.105
17	NaN	744	NaN	739	0	96	356	34	26	0	407	-1	1596	14	2101	-3	1434	36	2032	2.834	-0.479
17.1	NaN	792	NaN	709	0	99	360	34	26	0	406	-1	1597	14	2121	-3	1461	36	2037	2.885	0.654
17.2	NaN	758	NaN	731	0	98	360	34	27	0	404	-1	1607	16	2154	-3	1444	38	2049	2.895	0.366
17.3	NaN	747	NaN	694	0	98	357	34	27	0	407	-1	1623	15	2166	-3	1475	41	2098	2.94	0.303
17.4	NaN	771	NaN	695	0	98	358	34	29	0	404	-2	1650	19	2215	-4	1489	48	2109	2.97	0.9
17.5	NaN	758	NaN	703	0	99	357	35	29	0	407	-2	1669	19	2252	-4	1511	48	2146	3.053	0.133
17.6	NaN	764	NaN	700	0	98	357	34	29	0	404	-2	1723	18	2242	-4	1572	48	2178	3.111	0.342
17.7	NaN	742	NaN	704	0	98	356	35	29	0	406	-1	1768	19	2346	-4	1578	48	2262	3.182	-0.438
17.8	NaN	759	NaN	674	0	98	358	35	29	0	405	-2	1778	20	2405	-4	1591	51	2282	3.233	0.382
17.9	NaN	770	NaN	660	0	98	356	35	29	0	407	-2	1803	20	2472	-4	1615	53	2357	3.302	0.803
18	NaN	785	NaN	697	0	98	355	35	30	0	407	-2	1860	21	2543	-5	1632	55	2430	3.365	-0.151
18.1	NaN	796	NaN	703	0	100	356	35	30	0	406	-2	1901	21	2560	-5	1716	55	2475	3.486	0.512
18.2	NaN	755	NaN	680	0	99	357	35	30	0	405	-2	1939	22	2645	-5	1798	56	2510	3.567	0.698
18.3	NaN	726	NaN	658	0	99	357	36	30	0	407	-2	2019	22	2720	-5	1818	57	2620	3.664	0.569
18.4	NaN	727	NaN	655	0	99	356	36	31	0	407	-2	2057	24	2784	-5	1863	60	2689	3.768	0.3
18.5	NaN	741	NaN	697	0	98	358	39	33	0	404	-3	2148	32	2953	-6	1978	80	2827	3.912	1.585
18.6	NaN	744	NaN	629	0	96	358	42	36	0	407	-3	2257	37	3113	-7	2039	94	3047	4.083	1.804
18.7	NaN	774	NaN	603	0	90	359	44	39	0	406	-2	2429	43	3261	-4	2221	109	3146	4.369	1.652
18.8	NaN	745	NaN	607	0	82	356	47	41	0	407	0	2581	47	3494	0	2390	125	3502	4.694	2.934
18.9	NaN	724	NaN	591	0	55	358	49	42	0	405	7	2804	45	3727	20	2677	115	3747	5.066	4.041
19	NaN	780	NaN	587	0	30	356	46	43	0	405	16	3223	34	3630	42	3233	86	3852	5.568	3.822
19.1	NaN	743	NaN	607	0	12	357	45	38	0	407	18	3498	26	3785	46	3522	64	3905	5.974	3.629
19.2	NaN	767	NaN	590	0	3	359	49	46	0	407	28	3867	31	3863	69	3925	76	3955	6.335	4.446
19.3	NaN	764	NaN	591	0	-5	355	51	46	0	406	33	4193	30	4141	82	4256	73	4252	6.814	4.844
19.4	NaN	738	NaN	582	0	-7	358	53	49	0	406	39	4602	31	4397	95	4721	76	4475	7.312	4.986
19.5	NaN	761	NaN	576	0	-6	359	55	50	0	405	40	4901	34	4756	98	5003	83	4890	7.842	4.784
19.6	NaN	706	NaN	554	0	-8	358	56	50	0	408	40	5397	36	5137	97	5312	86	5309	8.427	5.928
19.7	NaN	724	NaN	547	0	-5	356	56	50	0	408	41	5589	35	5447	99	5675	85	5564	9.016	6.015
19.8	NaN	693	NaN	562	0	-5	359	54	48	0	406	37	5961	34	5849	88	6013	80	5924	9.548	5.434
19.9	NaN	687	NaN	561	0	-3	358	54	48	0	407	38	6265	34	6106	87	6353	81	6292	10.038	5.204
20	NaN	694	NaN	551	0	-3	357	53	47	0	406	36	6606	33	6409	85	6783	79	6573	10.551	4.607
20.1	NaN	715	NaN	542	0	-5	356	53	48	0	407	37	6860	34	6718	86	6954	79	6900	11.039	5.229
20.2	NaN	733	NaN	549	0	-6	358	51	45	0	406	35	7162	30	7014	78	7260	68	7151	11.528	3.777
20.3	NaN	698	NaN	542	0	-5	358	51	45	0	405	36	7485	31	7287	79	7521	71	7412	11.994	3.925
20.4	NaN	688	NaN	553	0	-8	358	50	46	0	406	35	7782	31	7565	78	7846	70	7690	12.413	4.913
20.5	NaN	683	NaN	528	0	-6	355	54	51	0	405	39	7972	35	7822	89	8126	83	8009	12.846	5.468
20.6	NaN	704	NaN	576	0	-3	359	42	39	0	407	24	8218	22	8027	51	8251	49	8195	13.261	0.841
20.7	NaN	697	NaN	543	0	-2	357	52	46	0	408	34	8411	32	8338	76	8484	71	8507	13.611	3.735
20.8	NaN	734	NaN	543	0	-2	356	48	43	0	406	32	8687	32	8566	68	8785	69	8751	14.02	3.826
20.9	NaN	711	NaN	552	0	0	356	50	46	0	406	32	9173	30	8839	67	8868	64	9024	14.327	5.489
21	NaN	659	NaN	609	0	1	359	54	49	0	405	18	8947	17	8895	38	9068	37	9094	14.48	-0.555
21.1	NaN	649	NaN	622	0	-0	357	33	28	0	406	8	8925	7	8861	16	9035	17	9072	14.656	-0.488
21.2	NaN	718	NaN	602	0	-1	358	43	38	0	406	14	9023	14	8972	30	9086	29	9057	14.662	0.669
21.3	NaN	738	NaN	613	0	-1	357	37	33	0	404	14	9033	14	8953	30	9072	29	9076	14.768	1.171
21.4	NaN	671	NaN	608	0	-4	358	38	33	0	407	16	9115	15	9049	34	9162	32	9208	14.84	-0.209
21.5	NaN	664	NaN	612	0	-4	356	38	32	0	406	17	9219	15	9020	35	9284	31	9226	14.949	1.75
21.6	NaN	681	NaN	658	0	-6	357	34	29	0	405	13	9232	13	9098	29	9269	25	9244	15.003	0.746
21.7	NaN	656	NaN	628	0	-6	357	33	31	0	406	7	9219	6	8979	16	9273	14	9091	14.947	-0.541
21.8	NaN	645	NaN	647	0	-4	359	33	27	0	405	7	9172	7	8937	15	9199	14	9057	14.906	-0.064
21.9	NaN	686	NaN	575	0	-9	356	31	26	0	406	5	9143	4	8872	11	9174	9	9013	14.856	-0.811
22	NaN	717	NaN	555	0	-8	360	28	22	0	407	1	9018	1	8821	3	9091	2	8949	14.763	-0.998
22.1	NaN	701	NaN	562	0	-8	356	0	0	0	404	-13	8917	-13	8651	-10	8918	-11	8790	14.598	-1.946
22.2	NaN	648	NaN	703	0	-8	357	0	0	0	403	-33	8513	-33	8427	-26	8687	-28	8158	14.183	-3.793
22.3	NaN	634	NaN	657	0	-10	360	0	0	0	404	-49	8161	-54	8022	-41	8259	-46	7031	13.728	-4.849
22.4	NaN	615	NaN	708	0	-9	358	0	0	0	404	-52	7957	-56	7707	-44	7977	-48	4051	13.045	-6.488
22.5	NaN	613	NaN	675	0	-10	356	0	0	0	402	-50	7578	-56	7231	-44	7472	-50	4713	12.407	-5.928
22.6	NaN	622	NaN	694	0	-10	355	0	0	0	403	-50	7268	-55	6896	-45	6999	-50	3915	11.686	-9.059
22.7	NaN	660	NaN	691	0	-5	357	11	7	0	403	-29	6834	-30	6539	-26	6813	-28	6583	11.121	-2.739
22.8	NaN	674	NaN	683	0	-8	354	12	8	0	405	-25	6533	-27	6260	-23	6520	-26	6283	10.741	-4.715
22.9	NaN	679	NaN	649	0	-5	359	16	14	0	404	-13	6379	-14	6211	-11	6316	-12	6250	10.408	-4.618
23	NaN	715	NaN	580	0	-3	357	20	17	0	405	-5	6217	-5	6080	-4	6213	-5	6198	10.176	-1.845
23.1	NaN	733	NaN	567	0	2	360	24	20	0	405	0	6108	0	6037	0	6108	0	6124	10.063	-1.216
23.2	NaN	724	NaN	564	0	4	360	27	24	0	407	0	5941	0	6038	1	5991	0	6059	9.928	-0.46
23.3	NaN	700	NaN	572	0	5	356	29	25	0	405	1	5922	1	6001	3	5935	3	6042	9.841	-1.603
23.4	NaN	641	NaN	665	0	8	356	33	27	0	407	7	5961	8	6010	16	5964	19	6143	9.809	0.041
23.5	NaN	655	NaN	672	0	12	359	33	28	0	405	6	5895	8	6109	15	5950	19	6246	9.845	0.457
23.6	NaN	676	NaN	668	0	15	361	33	28	0	407	6	5859	8	6127	14	5892	21	6220	9.901	0.305
23.7	NaN	724	NaN	691	0	17	357	35	30	0	405	8	5883	12	6246	19	5882	29	6286	9.908	0.181
23.8	NaN	715	NaN	637	0	25	357	37	33	0	407	10	5905	18	6277	24	5928	42	6362	9.998	2.721
23.9	NaN	699	NaN	555	0	34	357	47	39	0	407	15	5841	35	6675	34	5841	82	6794	10.101	2.649
24	NaN	692	NaN	579	0	36	359	45	36	0	407	13	5933	32	6891	31	5888	76	7092	10.319	4.313
24.1	NaN	716	NaN	571	0	43	357	43	37	0	406	10	6120	30	6888	26	6119	69	7111	10.524	2.877
24.2	NaN	695	NaN	569	0	42	360	43	34	0	407	10	6140	27	7022	24	6182	65	7238	10.674	0.735
24.3	NaN	723	NaN	590	0	45	359	40	32	0	407	8	6142	23	7144	18	6208	54	7379	10.75	1.078
24.4	NaN	703	NaN	593	0	48	356	40	32	0	407	7	6174	24	7123	16	6242	56	7359	10.828	0.804
24.5	NaN	684	NaN	607	0	47	359	39	30	0	406	6	6146	20	7158	14	6230	47	7372	10.831	0.674
24.6	NaN	678	NaN	625	0	46	357	39	31	0	406	6	6126	21	7116	15	6235	48	7420	10.798	1.5
24.7	NaN	678	NaN	626	0	48	357	35	27	0	404	4	6073	14	6989	11	6342	35	7242	10.754	-1.845
24.8	NaN	680	NaN	568	0	52	359	0	0	0	405	-12	5513	-7	6631	-10	5736	-6	6842	10.488	-3.069
24.9	NaN	646	NaN	671	0	60	359	5	0	0	405	-20	4303	-20	6250	-35	3879	-17	6522	10.017	-4.526
25	NaN	703	NaN	598	0	61	359	23	18	0	404	-8	4297	-5	6111	-4	2229	-5	6362	9.406	-2.827
25.1	NaN	673	NaN	606	0	50	357	47	38	0	407	6	4845	31	6205	22	4907	68	6639	8.906	-2.25
25.2	NaN	727	NaN	607	0	19	358	39	34	0	407	13	5136	22	6126	30	5695	53	7269	9.089	3.547
25.3	NaN	693	NaN	618	0	6	355	42	35	0	407	17	4911	20	5855	41	5614	46	6335	8.932	2.12
25.4	NaN	714	NaN	572	0	15	360	25	17	0	406	-5	4507	-4	5743	-3	4605	-5	5764	8.574	-1.618
25.5	NaN	738	NaN	628	0	-8	357	45	37	0	407	21	4583	19	5730	57	5940	45	6110	8.265	3.592
25.6	NaN	709	NaN	605	0	-14	355	46	38	0	406	27	5146	19	5601	65	7520	45	6068	8.369	3.183
25.7	NaN	703	NaN	572	0	-13	357	48	40	0	407	27	4950	21	5664	69	9068	50	6176	8.443	3.977
25.8	NaN	694	NaN	562	0	-8	358	55	47	0	404	38	5748	32	5810	73	8631	77	6670	8.681	5.834
25.9	NaN	684	NaN	546	0	1	359	55	48	0	406	36	6132	35	5898	64	8384	84	6460	8.982	5.681
26	NaN	659	NaN	555	0	32	358	56	47	0	409	24	6319	50	6312	55	8423	118	6837	9.279	6.377
26.1	NaN	645	NaN	563	0	40	357	54	46	0	408	18	6430	50	6375	43	6504	116	6845	9.627	4.903
26.2	NaN	613	NaN	571	0	40	359	63	54	0	408	26	6188	67	6740	61	7192	161	7129	9.957	2.114
26.3	NaN	636	NaN	556	0	30	358	63	57	0	407	31	7941	40	9105	73	6797	147	7310	10.539	6.807
26.4	NaN	591	NaN	587	0	22	359	70	61	0	408	39	6755	69	7123	97	7431	159	7406	11.079	4.897
26.5	NaN	619	NaN	554	0	16	357	58	51	0	408	35	7087	52	7886	76	6865	110	7880	11.745	7.19
26.6	NaN	568	NaN	581	0	15	356	80	70	0	407	60	7762	77	8019	137	8813	189	8464	12.44	10.045
26.7	NaN	590	NaN	544	0	17	358	69	63	0	406	47	7963	68	8378	107	8104	160	8716	13.128	6.399
26.8	NaN	585	NaN	538	0	13	358	80	73	0	408	64	10373	84	8933	141	8633	186	9231	13.98	8.52
26.9	NaN	577	NaN	550	0	37	359	73	64	0	408	28	10569	76	9949	83	9076	191	9870	14.711	6.541
27	NaN	594	NaN	554	0	21	357	69	60	0	407	44	10004	74	10055	95	9469	151	10300	15.327	7.528
27.1	NaN	618	NaN	538	0	4	360	68	61	0	408	56	9871	63	10051	118	10047	129	10398	15.993	5.956
27.2	NaN	610	NaN	546	0	-4	355	59	55	0	407	52	10362	48	10214	104	10429	98	10516	16.677	4.761
27.3	NaN	625	NaN	544	0	-8	356	58	54	0	407	53	10861	46	10559	105	10891	89	10790	17.239	5.323
27.4	NaN	586	NaN	547	0	-15	360	58	56	0	407	59	11336	42	10775	116	11420	82	10922	17.688	5.111
27.5	NaN	629	NaN	550	0	-13	357	58	56	0	407	59	11559	43	11140	109	11694	82	11331	18.208	4.976
27.6	NaN	621	NaN	547	0	-8	360	58	59	0	406	58	11939	48	11464	108	11986	88	11592	18.699	6.006
27.7	NaN	573	NaN	531	0	-10	360	76	75	0	407	90	12386	74	12259	175	12454	144	12155	19.337	10.271
27.8	NaN	598	NaN	530	0	-2	358	100	100	0	407	87	14043	-5	13827	142	12929	124	12620	20.181	7.718
27.9	NaN	574	NaN	522	0	3	358	100	100	0	407	80	13085	94	13525	149	13230	164	13458	21.064	8.968
28	NaN	548	NaN	512	0	6	358	100	100	0	407	55	15925	96	13907	142	13573	155	14279	21.841	8.493
28.1	NaN	567	NaN	517	0	6	357	100	100	0	406	27	15495	89	14231	135	14837	146	14819	22.528	7.224
28.2	NaN	560	NaN	507	0	-5	358	100	100	0	407	52	16465	77	14358	137	14555	125	14926	23.342	8.727
28.3	NaN	562	NaN	513	0	-4	356	100	100	0	407	87	15974	78	14819	130	15120	119	15125	24.071	8.233
28.4	NaN	550	NaN	518	0	-7	358	100	100	0	408	100	15775	86	15343	150	15613	128	15679	24.771	8.702
28.5	NaN	587	NaN	530	0	-5	358	57	53	0	406	69	15861	72	15633	114	15996	92	15911	25.465	6.584
28.6	NaN	663	NaN	559	0	-3	630	0	0	0	593	-14	15315	-13	15003	-12	15501	-13	15251	24.937	-4.588
28.7	NaN	684	NaN	559	0	-1	768	0	0	0	705	-14	14756	-15	14742	-9	14553	-7	14443	24.257	-7.348
28.8	NaN	672	NaN	614	0	-4	756	0	0	0	687	-23	14206	-22	14075	-13	14439	-13	14326	23.312	-8.633
28.9	NaN	654	NaN	637	0	-2	708	0	0	0	691	-40	13548	-39	12677	-25	13534	-25	13639	22.404	-9.84
29	NaN	642	NaN	650	0	1	849	0	0	0	771	-41	12816	-41	12633	-25	12626	-27	11928	21.264	-11.704
29.1	NaN	676	NaN	645	0	9	968	0	0	0	846	-41	11955	-40	12120	-31	11010	-29	11594	19.974	-12.529
29.2	NaN	694	NaN	653	0	8	789	0	0	0	726	-47	11175	-43	11338	-33	10233	-31	11624	18.705	-11.616
29.3	NaN	704	NaN	644	0	-2	587	0	0	0	538	-46	10716	-46	10731	-32	10205	-35	10880	17.657	-10.35
29.4	NaN	685	NaN	656	0	4	581	0	0	0	579	-49	10217	-47	10057	-38	10158	-37	10280	16.77	-9.862
29.5	NaN	695	NaN	664	0	10	634	0	0	0	599	-52	9406	-48	9633	-42	8950	-38	9871	15.815	-9.73
29.6	NaN	701	NaN	667	0	13	509	0	0	0	536	-56	8747	-50	9294	-46	8408	-40	9267	14.864	-9.06
29.7	NaN	723	NaN	632	0	10	473	0	0	0	492	-58	7980	-52	8757	-47	8009	-43	8699	13.936	-7.843
29.8	NaN	757	NaN	650	0	-8	355	4	0	0	402	-34	8047	-38	8171	-29	8117	-32	8201	13.347	-5.191
29.9	NaN	712	NaN	652	0	-25	403	0	0	0	443	-47	7843	-60	7315	-40	8002	-52	6995	12.722	-7.483
30	NaN	703	NaN	703	0	-47	367	0	0	0	412	-41	7165	-66	5957	-36	7596	-57	1802	12.017	-6.106
30.1	NaN	827	NaN	633	0	-30	362	32	31	0	402	5	7528	3	6613	8	7551	3	3104	11.398	-1.412
30.2	NaN	752	NaN	673	0	-36	355	39	37	0	403	26	7525	11	6527	59	7681	25	6828	11.385	1.286
30.3	NaN	743	NaN	613	0	-26	357	49	49	0	405	42	7668	22	6707	100	8042	51	7415	11.518	4.496
30.4	NaN	742	NaN	579	0	-15	358	50	50	0	404	42	7752	30	6977	94	8028	66	7854	11.88	2.909
30.5	NaN	771	NaN	638	0	14	357	37	27	0	408	12	7622	15	7370	28	7767	36	7536	12.258	1.318
30.6	NaN	830	NaN	624	0	21	358	35	26	0	407	3	7203	5	7797	7	7202	12	7893	12.224	-1.03
30.7	NaN	794	NaN	633	0	24	358	40	30	0	406	8	7193	15	7792	19	7193	33	7956	12.153	0.149
30.8	NaN	804	NaN	604	0	44	359	0	0	0	407	-18	6792	-11	7547	-16	6923	-10	7725	11.965	-3.907
30.9	NaN	764	NaN	653	0	52	360	0	0	0	404	-42	6129	-25	7308	-37	5511	-22	7516	11.44	-5.622
31	NaN	757	NaN	665	0	51	356	0	0	0	406	-46	5330	-38	6889	-58	2766	-35	7009	10.815	-6.479
31.1	NaN	867	NaN	606	0	33	360	29	22	0	408	0	5556	0	6887	-1	2267	1	6993	10.193	-0.724
31.2	NaN	863	NaN	600	0	24	360	30	21	0	407	1	5288	1	6683	3	5183	5	6750	9.801	-0.823
31.3	NaN	784	NaN	607	0	-10	360	35	29	0	404	4	5217	3	6349	9	5091	7	6362	9.389	0.393
31.4	NaN	797	NaN	588	0	-9	358	52	47	0	407	36	5780	30	6341	88	9247	71	6866	9.35	4.583
31.5	NaN	750	NaN	619	0	19	360	52	47	0	407	23	5881	39	6353	54	9257	94	7079	9.447	3.368
31.6	NaN	831	NaN	621	0	-4	359	45	37	0	406	25	6895	22	6399	57	8276	55	7058	9.694	3.956
31.7	NaN	732	NaN	607	0	-8	361	84	76	0	409	43	6173	33	6547	78	9593	77	7297	9.876	5.654
31.8	NaN	722	NaN	571	0	4	357	100	100	0	405	51	7056	53	7246	91	8914	124	8402	10.31	8.468
31.9	NaN	704	NaN	603	0	-1	361	100	100	0	409	29	7730	60	7496	81	9319	136	8413	10.778	7.739
32	NaN	718	NaN	614	0	-6	360	100	100	0	406	19	7518	50	8148	56	10394	146	8621	11.339	7.633
32.1	NaN	704	NaN	573	0	-16	357	100	100	0	410	83	7480	75	7893	54	9845	152	8756	11.848	8.946
32.2	NaN	705	NaN	555	0	-2	359	100	100	0	406	6	9854	80	8305	114	9138	176	8508	12.577	9.277
32.3	NaN	673	NaN	567	0	-4	359	100	100	0	408	107	8629	84	8357	120	10162	137	10824	13.301	3.208
32.4	NaN	701	NaN	603	0	2	361	100	100	0	406	13	10964	87	9104	160	8942	195	9199	14.036	9.567
32.5	NaN	650	NaN	558	0	7	357	100	100	0	409	59	10485	106	9477	143	12066	200	9633	14.986	4.958
32.6	NaN	645	NaN	563	0	9	359	100	100	0	410	91	10576	94	9967	166	10166	195	10202	15.81	8.47
32.7	NaN	677	NaN	547	0	6	359	100	100	0	406	81	11209	67	11013	191	10617	197	10834	16.773	11.765
32.8	NaN	643	NaN	548	0	-1	355	100	100	0	409	107	11127	102	11259	203	11237	205	11485	17.717	9.832
32.9	NaN	642	NaN	546	0	4	359	100	100	0	407	74	12113	107	12062	190	11757	193	12130	18.686	12.112
33	NaN	652	NaN	572	0	-1	357	100	100	0	409	90	12614	89	12237	156	12296	174	12563	19.663	10.19
33.1	NaN	664	NaN	544	0	-2	356	100	100	0	407	78	13141	89	12865	160	12982	162	13381	20.676	8.976
33.2	NaN	751	NaN	686	0	4	614	0	0	0	624	-10	12525	-17	12652	-18	12771	-18	13127	21.098	-9.307
33.3	NaN	848	NaN	616	0	-1	970	0	0	0	879	-11	12253	-10	12188	-7	12235	-8	12338	20.268	-11.622
33.4	NaN	832	NaN	633	0	2	719	0	0	0	684	-17	11682	-17	11682	-13	11725	-12	11866	19.33	-7.838
33.5	NaN	789	NaN	676	0	1	750	0	0	0	698	-39	11017	-40	10939	-31	11089	-30	11193	18.536	-9.051
33.6	NaN	767	NaN	663	0	2	894	0	0	0	807	-54	10487	-48	10114	-38	8814	-37	8498	17.363	-13.972
33.7	NaN	803	NaN	659	0	5	843	0	0	0	731	-54	9394	-52	9603	-42	7540	-41	9659	16.039	-12.765
33.8	NaN	810	NaN	658	0	2	412	0	0	0	429	-55	9008	-54	9026	-44	6642	-44	9206	15.092	-7.271
33.9	NaN	804	NaN	664	0	1	380	0	0	0	411	-53	8760	-53	8728	-45	8546	-44	8585	14.389	-8.291
34	NaN	792	NaN	679	0	4	491	0	0	0	494	-55	8139	-52	8280	-48	7938	-44	8278	13.593	-7.916
34.1	NaN	794	NaN	685	0	3	571	0	0	0	540	-54	7538	-53	7472	-46	7520	-46	6867	12.706	-8.735
34.2	NaN	804	NaN	687	0	4	373	0	0	0	404	-55	7170	-52	7229	-48	7046	-46	7227	11.885	-6.793
34.3	NaN	799	NaN	691	0	11	361	0	0	0	400	-56	6616	-50	6924	-50	6660	-44	7013	11.228	-6.287
34.4	NaN	801	NaN	709	0	11	362	10	5	0	403	-40	6288	-35	6599	-35	6242	-31	6695	10.554	-6.227
34.5	NaN	812	NaN	737	0	44	359	0	0	0	404	-57	5558	-36	6180	-52	5342	-34	6442	10.029	-8.047
34.6	NaN	797	NaN	690	0	46	358	0	0	0	404	-64	4309	-40	5977	-60	1364	-37	5998	9.392	-7.423
34.7	NaN	859	NaN	651	0	46	358	61	55	0	407	5	5097	18	6111	13	5075	44	6199	9.072	0.575
34.8	NaN	856	NaN	608	0	53	359	41	33	0	406	9	5222	41	6181	22	5246	89	6376	9.251	2.408
34.9	NaN	923	NaN	681	0	51	360	31	22	0	406	2	5091	8	6126	5	5066	19	6217	9.139	-1.537
35	NaN	846	NaN	598	0	74	358	46	38	0	407	3	4992	37	6085	7	5031	97	6309	8.994	0.921
35.1	NaN	845	NaN	625	0	75	360	64	55	0	406	6	5055	54	6402	15	5121	162	6894	9.231	2.38
35.2	NaN	807	NaN	639	0	60	358	66	56	0	407	14	5362	57	6706	33	5571	161	7189	9.539	3.43
35.3	NaN	827	NaN	571	0	25	360	58	47	0	406	27	5768	51	6713	61	6329	118	7321	9.949	5.175
35.4	NaN	852	NaN	612	0	-31	359	53	51	0	405	49	6159	27	6528	114	7708	61	7292	10.288	4.085
35.5	NaN	960	NaN	642	0	-47	360	0	0	0	404	-5	6731	-7	6106	-4	6744	-7	6074	10.571	-3.333
35.6	NaN	829	NaN	786	0	-41	357	0	0	0	403	-20	6678	-29	5713	-17	6618	-26	5396	10.296	-4.12
35.7	NaN	770	NaN	713	0	-63	358	3	0	0	402	-29	6104	-49	4773	-26	6281	-51	3200	9.665	-5.577
35.8	NaN	817	NaN	778	0	-69	357	0	0	0	402	-35	5585	-42	4396	-32	5853	-31	1098	9.006	-5.841
35.9	NaN	838	NaN	759	0	-57	357	52	51	0	404	40	5963	9	4466	132	6946	24	1947	8.345	1.528
36	NaN	803	NaN	590	0	-24	360	70	66	0	405	48	6038	38	5130	130	6966	95	6099	8.535	7.961
36.1	NaN	839	NaN	588	0	2	356	53	48	0	406	35	6088	36	4982	82	6833	87	8298	8.914	7.133
36.2	NaN	834	NaN	630	0	27	357	41	34	0	403	13	6058	23	5149	31	6529	58	8270	9.015	4.06
36.3	NaN	835	NaN	603	0	20	360	86	83	0	406	20	5912	32	5594	46	6187	74	8233	9.168	2.852
36.4	NaN	770	NaN	586	0	-19	355	100	100	0	407	58	6595	63	6706	151	6275	129	7394	9.642	11.885
36.5	NaN	798	NaN	583	0	-22	356	100	100	0	407	54	7461	53	6968	171	7498	74	9492	10.402	7.339
36.6	NaN	801	NaN	568	0	-29	359	100	100	0	405	63	7692	36	8219	195	7371	136	8569	11.183	10.036
36.7	NaN	769	NaN	572	0	-30	356	100	100	0	407	62	8300	47	8628	187	7847	147	8552	11.997	9.15
36.8	NaN	755	NaN	576	0	-19	359	100	100	0	405	80	8494	68	9012	203	8462	162	9493	12.956	9.069
36.9	NaN	744	NaN	577	0	-17	357	100	100	0	406	88	9220	76	9176	201	9114	189	9006	13.955	10.14
37	NaN	735	NaN	581	0	-23	356	100	100	0	408	99	9879	75	10152	201	9643	181	10014	14.937	7.735
37.1	NaN	731	NaN	631	0	-3	358	100	100	0	407	106	10397	88	10242	200	10182	200	10161	15.95	10.982
37.2	NaN	757	NaN	546	0	-12	358	100	100	0	407	83	11968	74	11173	200	10868	166	10601	16.99	9.495
37.3	NaN	737	NaN	566	0	-13	356	100	100	0	406	89	11720	82	11824	212	11882	158	11423	17.94	8.266
37.4	NaN	745	NaN	579	0	3	358	100	100	0	407	101	11996	72	12046	188	12047	207	12075	18.938	8.894
37.5	NaN	743	NaN	563	0	5	358	100	100	0	408	86	13720	93	12805	168	12493	181	12829	19.92	8.766
37.6	NaN	735	NaN	563	0	4	360	100	100	0	406	9	14439	92	13469	147	12959	162	13535	20.808	8.457
37.7	NaN	742	NaN	559	0	-4	356	86	77	0	408	85	15189	82	13591	151	13508	141	13776	21.695	9.655
37.8	NaN	828	NaN	644	0	0	670	0	0	0	687	-7	13053	-7	12898	-6	13023	-7	13100	21.666	-6.493
37.9	NaN	916	NaN	642	0	2	592	0	0	0	540	-11	12677	-8	12508	-7	12826	-7	12854	20.997	-5.849
38	NaN	870	NaN	664	0	3	666	0	0	0	622	-19	12247	-17	12266	-12	12190	-11	12366	20.41	-8.096
38.1	NaN	828	NaN	682	0	8	852	0	0	0	803	-51	11483	-44	11425	-37	11314	-33	11822	19.35	-13.208
38.2	NaN	843	NaN	682	0	11	754	0	0	0	706	-50	10394	-42	10960	-36	10040	-32	11133	18.206	-12.837
38.3	NaN	841	NaN	684	0	15	592	0	0	0	564	-56	9199	-48	10396	-43	6033	-38	10737	17.258	-10.787
38.4	NaN	888	NaN	686	0	8	416	0	0	0	446	-51	9424	-47	10149	0	4378	-35	10236	16.471	-6.298
38.5	NaN	835	NaN	673	0	3	408	0	0	0	428	-57	8915	-54	9792	-45	4791	-43	9464	15.736	-5.324
38.6	NaN	839	NaN	649	0	5	408	0	0	0	435	-58	7595	-55	9211	-47	4034	-44	9003	14.954	-4.127
38.7	NaN	834	NaN	657	0	6	395	0	0	0	423	-57	7027	-52	8752	-40	3642	-44	8353	14.063	-4.641
38.8	NaN	826	NaN	653	0	-27	359	0	0	0	401	-47	7358	-61	8429	-40	4437	-51	7550	13.146	-5.493
38.9	NaN	882	NaN	746	0	-44	360	14	12	0	402	-16	7343	-26	7915	-14	6241	-21	6267	12.317	-4.885
39	NaN	894	NaN	661	0	-29	360	35	32	0	404	22	7857	8	7556	42	8201	19	7546	12.108	4.34
39.1	NaN	878	NaN	614	0	37	361	43	38	0	404	13	7372	31	7233	30	10576	71	8232	12.128	-0.827
39.2	NaN	864	NaN	632	0	41	358	45	39	0	408	12	7850	33	7329	29	7623	80	7833	12.254	1.712
39.3	NaN	869	NaN	619	0	57	358	45	36	0	407	8	7692	38	7851	18	7571	81	7829	12.571	0.699
39.4	NaN	844	NaN	633	0	51	358	52	43	0	405	14	7684	52	8302	32	7435	115	8482	12.699	3.162
39.5	NaN	996	NaN	654	0	74	360	31	23	0	408	0	7038	5	7593	1	7256	11	8090	12.689	-2.946
39.6	NaN	962	NaN	669	0	25	361	16	8	0	405	-7	6904	-5	7881	-7	7080	-5	7990	12.451	-2.619
39.7	NaN	911	NaN	657	0	25	359	39	31	0	406	8	7251	16	7673	23	7333	41	7850	12.308	1.118
39.8	NaN	856	NaN	626	0	42	359	52	46	0	405	18	7204	50	8096	40	7401	113	8314	12.432	1.632
39.9	NaN	985	NaN	666	0	67	361	0	0	0	407	-3	7022	-4	7891	-5	7126	-8	8318	12.618	-2.305
40	NaN	894	NaN	695	0	62	357	0	0	0	405	-27	6558	-15	7259	-25	6548	-13	7665	12.212	-8.28
40.1	NaN	865	NaN	783	0	45	360	0	0	0	402	-13	5138	-31	7118	-43	2223	-28	7429	11.63	-5.129
40.2	NaN	826	NaN	695	0	17	359	0	0	0	404	-46	5595	-47	7140	-27	1154	-43	6945	10.893	-6.649
40.3	NaN	801	NaN	675	0	12	357	0	0	0	405	-55	4951	-50	6549	-51	3067	-46	6294	10.06	-3.763
40.4	NaN	830	NaN	687	0	10	359	0	0	0	404	-49	4690	-51	6161	-23	1208	-45	5468	9.207	-5.259
40.5	NaN	965	NaN	658	0	-29	358	30	27	0	405	5	4647	2	5840	15	3333	6	5842	8.39	-0.15
40.6	NaN	851	NaN	627	0	-29	359	58	56	0	404	58	5374	29	5663	92	8633	70	6435	8.198	5.987
40.7	NaN	854	NaN	609	0	-5	360	66	63	0	406	2	7041	46	5798	50	8682	115	6598	8.364	6.917
40.8	NaN	881	NaN	623	0	30	357	49	40	0	406	17	6303	35	5710	41	7530	88	6318	8.647	0.798
40.9	NaN	862	NaN	645	0	32	356	50	44	0	406	19	5531	42	5985	46	6076	97	6507	8.843	4.742
41	NaN	844	NaN	603	0	18	356	83	78	0	406	31	5916	47	6108	73	7145	115	6760	9.047	7.067
41.1	NaN	805	NaN	619	0	14	360	100	100	0	406	5	7802	67	6298	67	9349	167	7003	9.625	6.524
41.2	NaN	778	NaN	613	0	14	359	100	100	0	406	32	8073	74	6764	95	9172	178	7126	10.333	6.644
41.3	NaN	786	NaN	598	0	16	361	100	100	0	409	65	7882	79	7196	146	8414	186	7491	11.133	7.01
41.4	NaN	776	NaN	593	0	6	359	100	100	0	406	62	7778	85	7659	162	8098	192	7954	11.958	10.09
41.5	NaN	767	NaN	581	0	9	361	100	100	0	407	81	8332	92	8223	191	8193	199	8486	12.892	8.91
41.6	NaN	756	NaN	588	0	8	360	100	100	0	409	85	8826	97	8794	197	8761	198	9054	13.9	9.474
41.7	NaN	755	NaN	578	0	8	358	100	100	0	410	39	10991	101	9683	198	9347	201	9734	14.903	9.759
41.8	NaN	764	NaN	573	0	6	359	100	100	0	408	45	11121	110	10124	205	10231	206	10470	15.871	10.17
41.9	NaN	765	NaN	577	0	5	360	100	100	0	406	37	12145	99	10668	196	10684	198	10977	16.838	8.23
42	NaN	760	NaN	578	0	-1	359	100	100	0	406	83	11668	98	11225	203	11308	189	11443	17.829	9.654
42.1	NaN	777	NaN	587	0	-3	358	100	100	0	406	95	12661	98	11962	219	11949	210	12035	18.837	11.388
42.2	NaN	779	NaN	569	0	-2	356	100	100	0	406	96	12442	89	12452	151	12526	169	12704	19.8	8.422
42.3	NaN	778	NaN	574	0	1	359	100	100	0	406	88	13870	89	12976	152	13079	158	13237	20.756	11.335
42.4	NaN	790	NaN	575	0	2	358	100	100	0	407	86	14467	82	13580	143	13591	143	13840	21.781	8.959
42.5	NaN	777	NaN	575	0	-3	357	100	100	0	407	81	14029	82	14058	145	14157	137	14361	22.574	7.582
42.6	NaN	781	NaN	571	0	-4	356	100	100	0	406	84	15036	78	14510	139	14582	123	14795	23.409	8.955
42.7	NaN	774	NaN	570	0	-0	356	100	100	0	406	82	14943	81	14786	129	15138	129	15183	24.039	6.582
42.8	NaN	786	NaN	562	0	-3	357	100	100	0	407	81	15391	79	15201	124	15406	118	15568	24.924	8.601
42.9	NaN	774	NaN	565	0	-1	359	100	100	0	406	81	15818	78	15678	118	15848	109	15975	25.553	7.055
43	NaN	783	NaN	565	0	-1	359	100	100	0	407	80	16178	77	15993	115	16200	112	16390	26.167	5.858
43.1	NaN	765	NaN	571	0	-2	358	100	100	0	406	79	16483	78	16551	105	16556	110	16782	26.755	6.221
43.2	NaN	774	NaN	570	0	1	358	100	100	0	407	77	16862	75	16703	112	16965	104	17095	27.298	5.896
43.3	NaN	779	NaN	568	0	-2	358	92	87	0	407	79	17145	78	17120	106	17272	107	17357	27.859	4.892
43.4	NaN	902	NaN	648	0	2	888	0	0	0	862	-5	16540	-8	16456	4	16484	27	16756	27.547	-7.674
43.5	NaN	897	NaN	689	0	-2	1000	0	0	0	928	-36	15589	-35	15692	-19	15884	-23	15814	26.236	-12.282
43.6	NaN	934	NaN	681	0	-1	968	0	0	0	901	-38	14967	-39	14715	-19	14975	-20	14765	24.883	-13.84
43.7	NaN	958	NaN	687	0	1	902	0	0	0	780	-37	14042	-38	14077	-22	14171	-22	14210	23.595	-11.665
43.8	NaN	976	NaN	701	0	1	810	0	0	0	718	-40	13479	-43	13485	-25	13381	-25	13572	22.337	-14.283
43.9	NaN	993	NaN	697	0	-5	723	0	0	0	643	-40	12818	-42	12621	-27	12803	-27	12842	21.237	-10.511
44	NaN	1004	NaN	697	0	8	456	0	0	0	459	-42	12276	-40	12284	-31	12333	-28	12334	20.262	-7.949
44.1	NaN	983	NaN	693	0	23	357	0	0	0	404	-47	11189	-38	12049	-34	11562	-25	12476	19.523	-6.5
44.2	NaN	1039	NaN	693	0	14	361	32	26	0	407	5	11286	7	12009	11	11267	16	12257	19.133	-0.8
44.3	NaN	945	NaN	697	0	11	360	66	59	0	406	54	13085	66	12182	102	13827	124	12696	19.123	5.146
44.4	NaN	964	NaN	697	0	4	359	61	53	0	406	39	14275	49	12300	84	12404	92	12642	19.621	1.071
44.5	NaN	939	NaN	697	0	-6	359	68	62	0	406	63	13565	64	12434	122	12721	110	12764	20.246	6.087
44.6	NaN	1007	NaN	709	0	-10	360	0	0	0	406	-11	12681	-11	12349	-19	12689	-14	12529	20.683	-7.872
44.7	NaN	1006	NaN	707	0	-7	695	0	0	0	633	-25	12306	-28	11816	-17	12292	-18	12113	20.074	-8.602
44.8	NaN	977	NaN	719	0	-5	600	0	0	0	586	-42	11528	-47	11319	-33	11667	-33	11398	19.034	-10.919
44.9	NaN	995	NaN	715	0	-7	745	0	0	0	701	-43	11038	-47	10590	-32	11013	-34	9923	18.073	-10.418
45	NaN	1030	NaN	755	0	-10	777	0	0	0	689	-47	10024	-52	9847	-36	10260	-40	7728	16.941	-11.501
45.1	NaN	1035	NaN	764	0	-7	422	0	0	0	467	-53	9857	-58	9456	-41	9790	-2	3763	15.873	-8.58
45.2	NaN	1013	NaN	725	0	-3	497	0	0	0	475	-53	9128	-54	9051	-43	9174	-44	7824	15.153	-10.159
45.3	NaN	1026	NaN	726	0	-19	644	0	0	0	629	-49	8628	-59	8326	-42	8637	-49	6363	14.132	-11.974
45.4	NaN	1027	NaN	759	0	-18	448	0	0	0	471	-49	8287	-59	7695	-42	8241	-49	3350	13.191	-8.704
45.5	NaN	1022	NaN	731	0	-24	386	0	0	0	414	-47	7819	-60	7232	-41	7812	-52	4066	12.428	-8.223
45.6	NaN	1017	NaN	936	0	-36	355	0	0	0	401	-44	7338	-62	6615	-39	7378	-11	2008	11.743	-7.714
45.7	NaN	1010	NaN	877	0	-46	359	2	0	0	402	-41	6806	-65	5403	-36	6957	-12	1735	11.096	-5.942
45.8	NaN	1086	NaN	698	0	-56	355	36	35	0	403	22	6962	4	5815	54	7211	12	6084	10.576	-0.026
45.9	NaN	1045	NaN	724	0	-29	356	45	45	0	405	35	7143	18	6045	83	7421	42	6552	10.585	2
46	NaN	1067	NaN	781	0	-53	361	31	27	0	406	22	7158	7	5991	47	7254	12	6323	10.804	0.958
46.1	NaN	1081	NaN	775	0	-83	358	0	0	0	405	-9	6081	-21	5235	-8	6652	-20	5272	10.468	-6.706
46.2	NaN	1066	NaN	665	0	-86	358	55	54	0	402	70	6764	1	4886	142	7172	3	5468	9.98	2.072
46.3	NaN	1032	NaN	695	0	-77	359	73	73	0	402	49	7252	6	5314	154	7562	15	5770	10.011	4.056
46.4	NaN	1003	NaN	631	0	-35	359	78	78	0	404	53	7213	38	5919	137	8369	93	6895	10.289	5.081
46.5	NaN	977	NaN	633	0	18	359	95	93	0	406	72	7197	76	6591	129	8686	104	8992	10.835	11.78
46.6	NaN	1022	NaN	609	0	11	358	87	84	0	405	61	7843	25	8808	129	8899	92	9562	11.394	8.254
46.7	NaN	993	NaN	638	0	13	357	81	82	0	409	71	7839	38	8916	158	8645	113	9782	12.103	10.929
46.8	NaN	963	NaN	630	0	25	355	82	79	0	406	57	8034	60	8668	127	8617	133	9590	12.881	9.714
46.9	NaN	969	NaN	628	0	-12	356	86	84	0	408	97	8993	66	9686	204	8557	122	10448	13.757	7.174
47	NaN	963	NaN	595	0	-12	358	84	81	0	407	77	9790	71	9630	198	9218	156	9186	14.677	9.865
47.1	NaN	984	NaN	620	0	-15	358	59	56	0	406	63	9887	51	10226	145	9967	97	9571	15.645	7.794
47.2	NaN	1056	NaN	700	0	-15	503	0	0	0	502	-13	9805	-15	9017	-10	9789	-12	8379	15.54	-5.214
47.3	NaN	993	NaN	742	0	-2	500	0	0	0	518	-34	8914	-33	8574	-27	9092	-27	9037	14.887	-3.359
47.4	NaN	957	NaN	733	0	-30	566	0	0	0	563	-46	8377	-59	7453	-37	8685	-49	7045	14.129	-9.387
47.5	NaN	999	NaN	807	0	-46	485	0	0	0	494	-42	7300	-39	6723	-36	8101	-41	3665	13.356	-8.904
47.6	NaN	1000	NaN	681	0	-44	359	1	2	0	402	-40	7648	-58	6782	-35	7832	-0	2016	12.702	-8.81
47.7	NaN	1040	NaN	828	0	-53	359	4	0	0	403	-13	7421	-23	6243	-11	7718	-20	4447	12.126	-5.167
47.8	NaN	1001	NaN	751	0	-58	360	0	0	0	404	-26	6927	-35	5568	-22	7161	-41	4542	11.637	-5.824
47.9	NaN	1036	NaN	773	0	-51	359	47	47	0	403	15	7092	4	5669	37	7416	8	2804	10.926	-0.149
48	NaN	1011	NaN	732	0	-9	355	57	56	0	404	24	7088	19	5756	54	7395	43	6596	10.742	1.231
48.1	NaN	996	NaN	651	0	-9	357	56	53	0	404	38	7126	32	5885	88	8009	72	8347	10.789	3.347
48.2	NaN	985	NaN	663	0	-6	357	61	59	0	406	53	7486	45	6870	126	8270	44	10933	10.899	7.271
48.3	NaN	983	NaN	645	0	13	357	50	47	0	406	28	7159	38	6700	64	7694	71	10358	11.117	6.404
48.4	NaN	995	NaN	726	0	-7	359	15	10	0	407	-4	6885	-5	5931	-4	6897	-4	8317	11.106	-0.686
48.5	NaN	997	NaN	706	0	-16	358	45	45	0	404	27	6778	21	5874	57	7187	41	6504	10.67	0.819
48.6	NaN	985	NaN	622	0	-30	355	63	62	0	405	54	7625	35	7270	147	8398	80	9062	10.802	6.73
48.7	NaN	957	NaN	642	0	2	361	64	64	0	407	55	7548	54	7933	127	8674	68	10128	11.04	8.132
48.8	NaN	995	NaN	633	0	-9	359	55	50	0	406	42	7474	35	8635	95	8055	58	10764	11.403	4.545
48.9	NaN	985	NaN	646	0	28	360	53	50	0	406	27	7380	48	7719	62	7804	70	10384	11.683	5.372
49	NaN	992	NaN	659	0	34	359	46	38	0	407	18	7295	40	7725	42	7403	95	9688	12.133	4.298
49.1	NaN	1036	NaN	738	0	-11	359	0	0	0	406	-13	6963	-15	7214	-11	7049	-12	7228	12.284	-2.837
49.2	NaN	984	NaN	725	0	15	360	0	0	0	403	-35	6808	-31	6868	-30	6952	-27	7064	11.863	-5.32
49.3	NaN	992	NaN	705	0	74	368	27	18	0	406	0	6210	1	6689	0	6413	3	7046	11.352	-3.84
49.4	NaN	1068	NaN	699	0	87	358	20	10	0	406	-11	5740	-4	6369	-9	6119	-4	6865	11.016	-3.783
49.5	NaN	985	NaN	677	0	92	357	56	47	0	405	-1	5560	74	7317	-2	5886	166	7362	10.797	2.477
49.6	NaN	1003	NaN	647	0	95	359	73	64	0	407	-4	5216	65	7465	-8	5761	173	7740	10.995	2.172
49.7	NaN	981	NaN	655	0	92	361	70	59	0	406	-2	5188	64	7620	-6	5621	155	8319	11.055	2.666
49.8	NaN	939	NaN	621	0	46	360	69	63	0	405	26	5844	61	7661	56	6605	132	8922	11	4.191
49.9	NaN	969	NaN	627	0	-38	360	70	65	0	407	10	8662	35	7277	85	9682	83	8601	11.026	7.397
50	NaN	974	NaN	664	0	-58	359	70	65	0	407	71	7515	21	7197	73	10144	52	7837	11.189	5.11
50.1	NaN	977	NaN	665	0	-67	357	66	64	0	406	72	7944	14	7100	99	10038	33	7189	11.639	3.471
50.2	NaN	1047	NaN	715	0	-63	359	4	0	0	404	-3	8065	-7	6709	-3	7905	-5	6549	12.134	-3.412
50.3	NaN	982	NaN	653	0	-28	357	56	56	0	404	57	8223	28	6687	131	8620	60	7611	12.118	5.443
50.4	NaN	960	NaN	636	0	-19	355	61	57	0	405	58	8238	38	8100	132	8656	84	9021	12.577	4.573
50.5	NaN	986	NaN	682	0	-16	359	41	38	0	403	24	8345	16	7298	55	8564	34	9398	12.886	2.923
50.6	NaN	904	NaN	631	0	-4	358	100	100	0	405	75	8708	106	8618	149	9777	138	10819	13.044	9.196
50.7	NaN	937	NaN	632	0	6	361	100	100	0	406	84	8915	44	9245	161	10113	95	11627	13.637	7.58
50.8	NaN	936	NaN	634	0	13	357	100	100	0	403	85	9394	35	10484	184	9931	108	11359	14.489	10.557
50.9	NaN	910	NaN	622	0	14	358	100	100	0	406	84	9653	77	10457	172	10104	117	11882	15.35	8.645
51	NaN	925	NaN	625	0	13	357	100	100	0	404	90	9908	62	10952	184	10115	186	10862	16.407	11.491
51.1	NaN	894	NaN	631	0	11	356	100	100	0	406	25	13075	107	11023	175	10673	204	11121	17.392	9.945
51.2	NaN	900	NaN	593	0	8	358	100	100	0	407	75	12662	103	11567	176	11996	197	11802	18.315	10.478
51.3	NaN	894	NaN	616	0	4	357	100	100	0	405	51	13484	109	11932	196	12001	199	12231	19.293	10.191
51.4	NaN	914	NaN	610	0	2	356	100	100	0	406	43	13514	89	12774	160	12420	171	12791	20.235	9.92
51.5	NaN	895	NaN	600	0	1	356	100	100	0	406	72	14659	90	12979	145	12932	151	13380	21.176	9.73
51.6	NaN	902	NaN	596	0	1	359	100	100	0	405	102	13923	84	13471	151	13599	145	13751	22.096	9.298
51.7	NaN	914	NaN	611	0	-2	357	100	100	0	404	85	14167	82	13972	138	14045	136	14310	22.986	9.788
51.8	NaN	900	NaN	618	0	-2	361	100	100	0	404	81	14585	83	14453	131	14579	135	14781	23.895	6.801
51.9	NaN	924	NaN	603	0	1	360	100	100	0	405	80	14930	84	14959	125	15066	130	15312	24.627	6.73
52	NaN	913	NaN	590	0	1	358	100	100	0	405	81	15902	82	15408	116	15451	119	15735	25.383	6.557
52.1	NaN	900	NaN	611	0	-1	359	100	100	0	405	82	16002	84	15812	122	15915	113	16143	26.038	6.412
52.2	NaN	897	NaN	607	0	-2	356	100	100	0	406	80	16194	79	16160	119	16311	114	16498	26.693	5.978
52.3	NaN	903	NaN	605	0	1	358	100	100	0	405	80	16604	81	16567	101	16614	108	16860	27.33	6.217
52.4	NaN	903	NaN	611	0	-0	358	100	100	0	405	73	17086	78	16872	101	17026	106	17219	27.919	7.891
52.5	NaN	907	NaN	610	0	0	356	100	100	0	405	81	17254	75	17237	107	17374	97	17649	28.499	5.519
52.6	NaN	894	NaN	608	0	-0	359	100	100	0	404	68	17572	75	17506	94	17644	101	17987	29.052	4.66
52.7	NaN	900	NaN	613	0	0	362	100	100	0	405	96	17978	80	17841	83	17952	99	18189	29.533	4.149
52.8	NaN	907	NaN	613	0	-2	357	100	100	0	405	103	18280	83	18156	89	18245	94	18533	30	6.069
52.9	NaN	906	NaN	607	0	-1	357	100	100	0	405	93	18460	73	18349	88	18524	88	18770	30.403	3.811
53	NaN	896	NaN	606	0	0	358	100	100	0	404	79	18645	76	18622	42	18633	92	19002	30.772	2.955
53.1	NaN	889	NaN	612	0	4	356	100	100	0	406	52	18746	89	18996	81	18750	96	19390	31.159	3.203
53.2	NaN	905	NaN	603	0	-0	358	100	100	0	405	12	18782	81	19068	116	19187	95	19610	31.514	1.741
53.3	NaN	918	NaN	605	0	-7	360	100	100	0	405	132	19562	69	19146	68	19616	84	19585	31.866	4.356
53.4	NaN	883	NaN	601	0	-9	359	100	100	0	404	94	19883	92	19338	32	19477	83	19627	32.174	0.288
53.5	NaN	892	NaN	603	0	-9	360	25	21	0	406	37	19740	45	19307	101	19964	34	19629	32.398	2.416
53.6	NaN	931	NaN	652	0	-4	634	0	0	0	606	-15	18873	-28	18476	-22	19107	26	19062	31.67	-8.557
53.7	NaN	964	NaN	710	0	-2	721	0	0	0	658	-24	18419	-28	18150	-10	18394	-13	18280	30.697	-10.402
53.8	NaN	993	NaN	699	0	-3	822	0	0	0	839	-32	17478	-31	17415	-14	17692	-16	17713	29.634	-10.229
53.9	NaN	1008	NaN	722	0	-4	852	0	0	0	762	-33	16957	-31	16715	-15	16991	-15	16773	28.505	-13.78
54	NaN	1022	NaN	718	0	-5	852	0	0	0	817	-34	16277	-39	15904	-18	16293	-19	16019	27.355	-11.792
54.1	NaN	1046	NaN	742	0	-3	752	0	0	0	742	-36	15617	-35	15245	-17	15668	-19	15407	26.197	-10.778
54.2	NaN	1057	NaN	747	0	-0	653	0	0	0	654	-37	14969	-38	14827	-20	15001	-20	14866	25.201	-9.201
54.3	NaN	1059	NaN	746	0	-1	586	0	0	0	566	-38	14283	-38	14400	-23	14399	-22	14428	24.302	-9.736
54.4	NaN	1066	NaN	748	0	-2	721	0	0	0	615	-38	13812	-39	13712	-22	14044	-23	13949	23.373	-10.045
54.5	NaN	1075	NaN	775	0	2	767	0	0	0	754	-41	13183	-42	13154	-27	12683	-25	13219	22.351	-12.716
54.6	NaN	1086	NaN	761	0	-1	613	0	0	0	587	-41	12605	-42	12531	-26	12721	-28	12844	21.326	-8.814
54.7	NaN	1098	NaN	748	0	5	807	0	0	0	712	-44	11855	-42	12006	-25	12057	-27	12079	20.278	-11.382
54.8	NaN	1098	NaN	748	0	7	847	0	0	0	753	-45	11076	-43	11226	-33	11115	-31	11529	19.089	-11.539
54.9	NaN	1112	NaN	754	0	5	717	0	0	0	670	-50	10462	-47	10703	-36	7939	-35	10738	18.048	-9.279
55	NaN	1102	NaN	771	0	3	688	0	0	0	658	-53	10043	-50	10180	-41	6446	-39	10033	17.012	-13.095
55.1	NaN	1119	NaN	750	0	8	722	0	0	0	654	-56	9017	-52	9274	-43	7369	-40	9525	-1.224	-11.321
55.2	NaN	1143	NaN	753	0	13	655	0	0	0	615	-53	8273	-47	8875	-53	4959	-47	7554	-1.189	-9.895
55.3	NaN	1151	NaN	757	0	26	465	0	0	0	460	-3	4663	-42	6656	-6	2003	-41	8363	15.857	-4.814
55.4	NaN	1160	NaN	786	0	10	356	0	0	0	401	-23	7530	-48	8113	-0	2429	-42	7657	16.033	-3.928
55.5	NaN	1156	NaN	774	0	20	358	0	0	0	403	-51	6735	-42	7574	-54	6623	-43	7740	7.501	-5.974
55.6	NaN	1132	NaN	780	0	58	375	0	0	0	405	-65	5514	-37	7003	-62	2645	-36	7473	6.255	-6.786
55.7	NaN	1144	NaN	812	0	75	363	0	0	0	402	-69	3400	-33	6166	-1	764	-31	6928	4.918	-7.349
55.8	NaN	1201	NaN	768	0	73	358	33	28	0	403	0	5233	-0	6350	1	611	24	6855	4.283	-5.313
55.9	NaN	1247	NaN	812	0	73	361	33	27	0	407	-0	5248	0	6189	2	5391	3	6507	3.095	-2.937
56	NaN	1229	NaN	828	0	72	361	56	50	0	407	-0	5125	-0	5968	13	5408	0	6213	2.855	-3.166
56.1	NaN	1226	NaN	776	0	72	359	73	67	0	406	-0	5078	-0	5740	20	5322	4	5977	3.871	-3.05
56.2	NaN	1217	NaN	841	0	90	360	66	56	0	406	-2	4890	0	5541	-4	5052	15	5883	3.968	-3.638
56.3	NaN	1199	NaN	770	0	98	362	0	0	0	405	-16	4498	-5	5540	-15	4504	-5	5789	3.752	-6.848
56.4	NaN	1181	NaN	782	0	98	359	81	75	0	404	-12	4298	0	5343	-30	4384	42	5609	3.314	-2.971
56.5	NaN	1142	NaN	699	0	50	359	100	99	0	405	35	4794	16	5596	85	4680	149	5886	6.989	1.605
56.6	NaN	1139	NaN	706	0	32	359	99	92	0	404	31	6295	26	5671	144	5220	143	5911	7.884	6.406
56.7	NaN	1121	NaN	691	0	64	360	100	92	0	404	30	5556	52	6199	73	5441	165	6338	9.25	3.386
56.8	NaN	1226	NaN	852	0	95	361	0	0	0	405	-8	5015	-3	5775	-7	5262	-3	6086	9.531	-3.409
56.9	NaN	1150	NaN	759	0	100	360	0	0	0	402	-35	4264	-12	5421	-32	4591	-10	5851	9.259	-7.193
57	NaN	1157	NaN	769	0	100	359	45	37	0	403	-2	4449	34	5643	-4	2162	81	6007	8.704	-3.295
57.1	NaN	1135	NaN	738	0	100	360	62	55	0	403	-7	4155	46	6096	-16	4214	150	6465	8.525	1.725
57.2	NaN	1156	NaN	726	0	84	359	76	68	0	405	-2	4185	43	6193	-6	3811	117	7232	8.37	2.131
57.3	NaN	1101	NaN	712	0	3	358	74	67	0	404	57	5910	49	6050	140	7207	115	7304	8.417	8.591
57.4	NaN	1083	NaN	707	0	-14	360	70	64	0	405	68	5794	46	5974	103	7915	111	7080	8.743	6.622
57.5	NaN	1107	NaN	712	0	-0	357	81	77	0	404	35	6772	57	6347	78	8425	136	7346	9.069	7.78
57.6	NaN	1107	NaN	732	0	-5	358	81	76	0	407	29	6802	57	6542	57	8771	132	7625	9.424	8.4
57.7	NaN	1111	NaN	700	0	-23	357	80	77	0	405	6	8043	53	6587	75	8513	124	7248	10.058	8.019
57.8	NaN	1090	NaN	684	0	28	357	100	100	0	406	28	7944	72	7113	53	9625	174	7442	10.621	5.006
57.9	NaN	1084	NaN	680	0	22	358	100	100	0	405	24	8307	68	7541	75	9461	178	7826	11.207	7.076
58	NaN	1078	NaN	680	0	-7	358	100	100	0	407	38	8446	90	7701	139	7903	196	7964	12.026	10.556
58.1	NaN	1083	NaN	699	0	27	360	100	100	0	406	44	9342	81	8724	164	8130	195	8545	12.978	7.874
58.2	NaN	1069	NaN	689	0	20	359	100	100	0	409	43	9743	89	9148	184	8835	195	9317	13.821	9.412
58.3	NaN	1070	NaN	663	0	0	356	100	100	0	406	72	9886	98	9496	202	9430	197	9797	14.839	10.247
58.4	NaN	1071	NaN	700	0	2	359	100	100	0	404	83	10271	108	10207	197	10202	203	10339	15.912	11.418
58.5	NaN	1170	NaN	790	0	-3	620	0	0	0	624	-12	9758	-12	9658	-10	9762	-9	9798	16.059	-5.408
58.6	NaN	1134	NaN	813	0	-5	623	0	0	0	593	-31	9495	-32	9256	-26	9500	-25	9375	15.257	-8.496
58.7	NaN	1106	NaN	773	0	-8	678	0	0	0	643	-49	8871	-51	8506	-41	8870	-42	8245	14.691	-10.448
58.8	NaN	1107	NaN	861	0	-20	704	0	0	0	662	-48	8104	-59	7495	-42	8374	-21	1893	13.686	-8.529
58.9	NaN	1136	NaN	783	0	-26	496	0	0	0	495	-47	7757	-61	6941	-40	7862	-0	1260	12.625	-7.034
59	NaN	1125	NaN	858	0	-25	419	0	0	0	434	-47	7473	-60	6425	-41	7456	-16	3361	11.866	-6.606
59.1	NaN	1120	NaN	822	0	-34	356	0	0	0	402	-44	6974	-60	5898	-39	6974	-17	2610	10.928	-6.089
59.2	NaN	1136	NaN	854	0	-38	360	14	13	0	401	-27	6674	-41	5420	-20	6634	-31	2429	10.218	-6.249
59.3	NaN	1142	NaN	736	0	-12	356	46	45	0	400	32	6818	24	5804	76	7141	58	6215	10.221	5.038
59.4	NaN	1241	NaN	862	0	-27	361	0	0	0	403	-5	6450	-6	5846	-5	6502	-6	5989	10.343	-2.321
59.5	NaN	1143	NaN	787	0	-77	359	0	0	0	404	-16	5815	-33	4857	-15	6325	-31	4857	9.643	-5.937
59.6	NaN	1128	NaN	765	0	-92	358	0	0	0	402	-22	5359	-42	4277	-21	5930	-57	3739	9.003	-6.514
59.7	NaN	1172	NaN	753	0	-96	360	42	42	0	402	47	5985	-3	4712	119	6005	-6	4859	8.708	-0.991
59.8	NaN	1182	NaN	751	0	-95	358	43	43	0	403	51	6226	-3	4693	122	6235	-6	4739	8.889	-0.587
59.9	NaN	1173	NaN	780	0	-84	360	46	43	0	401	47	6561	-1	4719	129	6525	0	4819	8.832	2.569
60	NaN	1102	NaN	821	0	-52	358	54	56	0	401	46	6543	14	4948	135	7285	37	5427	8.936	2.507
60.1	NaN	1113	NaN	684	0	-8	359	58	51	0	404	44	6836	37	5288	105	7106	88	6495	9.51	10.574
60.2	NaN	1092	NaN	688	0	9	357	83	83	0	408	68	6566	87	5912	148	7804	106	8377	9.806	8.59
60.3	NaN	1153	NaN	694	0	-11	358	59	53	0	406	50	6858	-1	8761	115	6908	88	6688	10.574	6.79
60.4	NaN	1123	NaN	729	0	-13	356	49	47	0	405	43	7041	31	6854	93	7102	67	6886	11.024	4.127
60.5	NaN	1133	NaN	719	0	13	359	48	41	0	405	20	6942	25	7083	45	6991	58	7197	11.435	3.124
60.6	NaN	1206	NaN	831	0	29	363	0	0	0	406	-4	6755	-4	7277	-5	6816	-3	7415	11.517	-1.907
60.7	NaN	1152	NaN	800	0	50	359	0	0	0	406	-28	6044	-17	7092	-26	6295	-16	7280	11.042	-4.487
60.8	NaN	1114	NaN	775	0	74	359	14	8	0	404	-53	5235	-24	6677	-45	4934	-20	6961	10.382	-7.819
60.9	NaN	1160	NaN	743	0	72	357	37	29	0	406	2	5667	20	6885	5	5766	45	7114	10.189	-0.373
61	NaN	1201	NaN	803	0	74	363	23	16	0	403	-8	5460	-3	6433	-6	5497	-2	6645	9.95	-4.935
61.1	NaN	1111	NaN	698	0	51	359	50	42	0	404	10	5570	43	6746	26	5655	107	6970	9.634	2.221
61.2	NaN	1096	NaN	694	0	71	362	57	49	0	404	8	5848	55	6982	18	5767	168	7247	9.993	3.185
61.3	NaN	1215	NaN	795	0	78	358	23	17	0	406	-7	5238	-2	6382	-5	5347	-2	6656	9.841	-3.52
61.4	NaN	1131	NaN	715	0	74	359	45	39	0	406	1	5294	34	6394	5	5202	94	6797	9.543	-0.716
61.5	NaN	1082	NaN	694	0	18	357	62	55	0	407	33	5625	58	6823	84	8706	136	7388	10.075	5.794
61.6	NaN	1099	NaN	695	0	16	358	60	54	0	406	29	6372	45	6828	70	6938	106	7228	10.658	3.476
61.7	NaN	1112	NaN	714	0	24	358	46	36	0	405	16	6596	30	7204	36	7593	64	7413	11.109	4.609
61.8	NaN	1094	NaN	700	0	27	360	76	68	0	405	27	6718	47	7392	60	6869	111	7757	11.383	5.363
61.9	NaN	1083	NaN	711	0	47	359	61	52	0	406	22	8641	65	7788	51	7080	151	7988	11.961	3.886
62	NaN	1088	NaN	703	0	71	361	81	73	0	404	16	7668	71	8348	36	7221	188	8381	12.439	4.104
62.1	NaN	1080	NaN	686	0	69	360	88	80	0	404	20	7810	74	8534	45	7506	192	8654	12.767	3.946
62.2	NaN	1059	NaN	681	0	32	357	82	73	0	406	49	9161	78	8715	103	8284	192	9054	13.268	6.999
62.3	NaN	1066	NaN	700	0	16	360	77	67	0	405	5	10726	82	9026	123	10008	174	9531	13.985	6.275
62.4	NaN	1066	NaN	668	0	-6	356	76	66	0	405	29	10704	68	9189	156	11729	137	9744	14.734	8.509
62.5	NaN	1099	NaN	717	0	-27	357	52	49	0	404	55	10529	31	9235	105	9584	57	9428	15.452	5.808
62.6	NaN	1200	NaN	799	0	-41	360	0	0	0	405	-6	9682	-6	8887	-7	9890	-6	8929	15.533	-3.564
62.7	NaN	1108	NaN	785	0	-51	357	0	0	0	402	-19	9128	-30	7946	-15	9568	-25	7783	14.978	-3.987
62.8	NaN	1136	NaN	705	0	-51	357	37	33	0	401	13	8951	0	7583	17	9278	7	7388	14.257	-5.305
62.9	NaN	1082	NaN	705	0	-38	358	58	58	0	402	54	10071	28	8783	145	10442	62	9224	14.291	6.442
63	NaN	1069	NaN	703	0	-23	358	58	54	0	404	58	10029	35	9557	124	10577	73	10568	14.489	6.211
63.1	NaN	1080	NaN	709	0	14	354	50	50	0	405	32	9565	41	8956	66	9998	92	11638	14.648	3.811
63.2	NaN	1079	NaN	701	0	-1	359	51	47	0	405	36	9632	37	10095	74	9897	75	10879	14.981	3.1
63.3	NaN	1081	NaN	693	0	-5	355	60	61	0	405	56	10029	51	11358	118	10422	105	10188	15.45	7.233
63.4	NaN	1086	NaN	681	0	9	359	67	68	0	406	59	10053	12	11938	121	10403	148	10349	16.078	8.021
63.5	NaN	1066	NaN	696	0	44	361	62	51	0	407	26	10382	70	10982	51	10067	144	11133	16.614	2.939
63.6	NaN	1053	NaN	686	0	61	357	60	50	0	406	16	10805	74	11288	33	10303	142	11410	16.959	2.503
63.7	NaN	1060	NaN	684	0	58	359	61	50	0	404	19	10920	75	11676	38	10539	156	11775	17.265	4.419
63.8	NaN	1055	NaN	680	0	46	359	61	49	0	405	24	11483	69	11493	47	10974	144	11851	17.511	1.408
63.9	NaN	1073	NaN	698	0	28	358	57	49	0	404	31	12284	57	11456	60	11272	115	11844	17.776	3.179
64	NaN	1059	NaN	679	0	28	358	67	59	0	406	44	13305	78	11877	84	11732	152	12103	18.161	3.49
64.1	NaN	1036	NaN	685	0	26	359	71	63	0	407	47	13309	88	12205	93	11840	170	12316	18.698	5.634
64.2	NaN	1044	NaN	666	0	15	356	72	64	0	406	49	14326	79	12253	110	11987	149	12543	19.269	5.689
64.3	NaN	1056	NaN	683	0	-7	360	61	52	0	405	41	13002	50	12412	107	12478	89	12750	19.934	8.133
64.4	NaN	1077	NaN	701	0	-15	357	54	49	0	404	50	13035	38	12370	93	13048	67	12553	20.265	3.62
64.5	NaN	1069	NaN	694	0	-21	357	57	55	0	403	63	13387	40	12901	111	13376	73	13583	20.629	2.757
64.6	NaN	1061	NaN	698	0	-23	361	60	58	0	406	69	13728	45	13757	118	13621	78	13363	21.167	5.754
64.7	NaN	1045	NaN	677	0	-23	354	72	73	0	405	97	14455	65	14300	170	14065	106	13761	21.745	6.563
64.8	NaN	1042	NaN	676	0	-29	356	89	89	0	404	66	14784	66	15331	178	14393	109	14067	22.434	7.28
64.9	NaN	1039	NaN	673	0	-34	358	90	90	0	405	113	15687	58	15824	178	14765	98	14406	23.065	6.099
65	NaN	1044	NaN	681	0	-33	359	100	100	0	405	83	15403	61	16582	184	15191	96	14770	23.619	6.092
65.1	NaN	1040	NaN	681	0	-29	358	100	100	0	404	94	16378	63	17427	167	15400	105	15182	24.129	4.853
65.2	NaN	1039	NaN	674	0	-16	357	100	100	0	405	82	15870	27	18057	149	15680	109	15546	24.694	5.898
65.3	NaN	1031	NaN	671	0	-19	356	100	100	0	405	105	16608	25	16976	138	16038	103	15909	25.371	5.597
65.4	NaN	1043	NaN	676	0	-1	358	100	100	0	407	76	16250	52	15869	116	16461	119	16311	25.962	5.408
65.5	NaN	1020	NaN	674	0	1	360	100	100	0	407	76	16488	98	16624	112	16554	111	16833	26.426	5.174
65.6	NaN	1038	NaN	675	0	2	359	100	100	0	407	76	17160	76	16884	98	16880	111	17244	27.018	6.283
65.7	NaN	1032	NaN	673	0	-0	356	100	100	0	406	75	17188	75	17248	97	17254	103	17649	27.614	6.804
65.8	NaN	1021	NaN	677	0	-1	361	100	100	0	405	88	17631	77	17448	111	17672	100	17919	28.166	5.599
65.9	NaN	1025	NaN	666	0	-1	357	100	100	0	405	60	17702	82	17787	123	17921	102	18110	28.603	3.571
66	NaN	1132	NaN	744	0	1	870	0	0	0	879	4	17186	2	17300	6	17300	8	17507	28.286	-7.472
66.1	NaN	1122	NaN	775	0	1	746	0	0	0	649	-33	16515	-32	16600	-22	16608	-11	17026	27.262	-9.679
66.2	NaN	1128	NaN	778	0	8	715	0	0	0	656	-41	15737	-33	15892	-21	15731	-19	16265	26.241	-8.921
66.3	NaN	1139	NaN	783	0	6	647	0	0	0	642	-37	15135	-31	15584	-19	14962	-19	15768	25.219	-9.041
66.4	NaN	1141	NaN	764	0	6	437	0	0	0	486	-37	14646	-37	14920	-22	14623	-21	15244	24.377	-6.948
66.5	NaN	1141	NaN	776	0	4	400	0	0	0	424	-38	14336	-37	14462	-23	14493	-22	14775	23.673	-5.863
66.6	NaN	1138	NaN	778	0	5	726	0	0	0	694	-41	13799	-37	13809	-25	13662	-23	14131	22.922	-10.346
66.7	NaN	1178	NaN	789	0	5	766	0	0	0	710	-40	12920	-38	13232	-25	12913	-25	13449	21.772	-11.487
66.8	NaN	1168	NaN	790	0	6	400	0	0	0	428	-41	12535	-38	12934	-27	12556	-26	12939	20.755	-6.088
66.9	NaN	1166	NaN	778	0	5	375	0	0	0	407	-42	12011	-38	12419	-29	12276	-27	12623	20.164	-6.915
67	NaN	1167	NaN	804	0	5	750	0	0	0	711	-46	11724	-39	11748	-32	11968	-30	11955	19.218	-11.252
67.1	NaN	1202	NaN	806	0	8	720	0	0	0	650	-45	10854	-42	11264	-34	10768	-30	11410	18.083	-11.275
67.2	NaN	1204	NaN	791	0	12	602	0	0	0	575	-55	7673	-48	10613	-42	7837	-38	10592	17.276	-5.806
67.3	NaN	1223	NaN	767	0	4	539	0	0	0	528	-53	9737	-51	10336	-43	4623	-40	10156	16.287	-8.428
67.4	NaN	1217	NaN	795	0	2	361	0	0	0	401	-51	9217	-50	9541	-42	9220	-39	9564	15.427	-4.687
67.5	NaN	1196	NaN	779	0	26	361	0	0	0	401	-62	7632	-50	9032	-50	7805	-39	9159	14.755	-13.225
67.6	NaN	1177	NaN	776	0	37	361	0	0	0	402	-63	6664	-44	8743	-55	3338	-37	9132	13.962	-4.447
67.7	NaN	1259	NaN	834	0	45	361	31	24	0	403	2	7086	6	8613	4	7863	14	8813	13.442	-3.015
67.8	NaN	1198	NaN	724	0	17	359	50	42	0	405	24	8143	38	8792	52	8436	81	9167	13.359	1.907
67.9	NaN	1188	NaN	737	0	32	358	60	51	0	405	29	9576	60	9078	67	9359	132	9477	13.741	5.862
68	NaN	1176	NaN	740	0	33	359	66	58	0	407	33	9435	71	9382	72	9028	152	9712	14.005	6.09
68.1	NaN	1180	NaN	737	0	50	360	61	51	0	407	23	10654	71	9693	50	9394	151	9789	14.54	4.894
68.2	NaN	1165	NaN	736	0	54	359	56	47	0	406	18	9557	62	9805	37	9054	132	10059	14.805	3.626
68.3	NaN	1181	NaN	757	0	63	360	56	48	0	405	12	8845	64	9704	26	9163	134	10194	14.915	-1.625
68.4	NaN	1220	NaN	791	0	62	361	34	28	0	406	4	9214	17	9613	8	9032	32	9623	15.23	-2.118
68.5	NaN	1194	NaN	762	0	25	360	70	60	0	406	15	8839	29	9741	32	10085	63	10087	14.885	0.384
68.6	NaN	1153	NaN	720	0	31	359	71	65	0	405	41	10377	74	9841	87	9697	164	10136	15.137	5.526
68.7	NaN	1152	NaN	726	0	35	360	76	67	0	407	43	11083	75	10434	90	10812	188	10720	15.624	4.254
68.8	NaN	1138	NaN	757	0	22	358	77	68	0	407	37	11521	86	10637	114	10436	185	10972	16.263	7.593
68.9	NaN	1139	NaN	717	0	22	358	75	65	0	407	58	11056	83	11201	112	11079	179	11397	16.937	6.726
69	NaN	1140	NaN	723	0	24	360	73	64	0	406	54	11672	85	11421	103	11022	187	11807	17.576	8.199
69.1	NaN	1135	NaN	717	0	-7	356	68	59	0	405	34	13079	58	11390	127	11515	110	11810	18.205	6.253
69.2	NaN	1151	NaN	733	0	-17	359	64	60	0	407	69	12139	54	11589	125	12128	96	11756	18.83	6.386
69.3	NaN	1151	NaN	732	0	-29	360	61	60	0	404	76	12977	39	11932	140	12766	78	11989	19.096	7.174
69.4	NaN	1164	NaN	738	0	-27	359	52	46	0	406	46	12622	29	12624	86	12660	52	12520	19.321	0.108
69.5	NaN	1133	NaN	717	0	-10	356	57	60	0	404	62	12795	50	12290	115	12927	90	12491	19.66	5.013
69.6	NaN	1145	NaN	714	0	-14	356	81	81	0	405	99	13459	71	13554	182	13395	141	13243	20.158	7.003
69.7	NaN	1144	NaN	708	0	10	360	100	100	0	405	66	14320	31	13909	141	13547	157	13713	21.049	11.2
69.8	NaN	1115	NaN	850	0	14	489	0	0	0	466	-48	10440	-42	10816	-38	10329	-32	11005	16.681	-8.073
69.9	NaN	1115	NaN	855	0	13	483	0	0	0	492	-49	10291	-43	10700	-37	10245	-32	10920	16.562	-8.166
70	NaN	1115	NaN	855	0	13	483	0	0	0	492	-49	10291	-43	10700	-37	10245	-32	10920	16.562	-8.166
70.1	NaN	1115	NaN	855	0	13	483	0	0	0	492	-49	10291	-43	10700	-37	10245	-32	10920	16.562	-8.166
70.2	NaN	1115	NaN	855	0	13	483	0	0	0	492	-49	10291	-43	10700	-37	10245	-32	10920	16.562	-8.166
70.3	NaN	1115	NaN	855	0	13	483	0	0	0	492	-49	10291	-43	10700	-37	10245	-32	10920	16.562	-8.166
70.4	NaN	1115	NaN	855	0	13	483	0	0	0	492	-49	10291	-43	10700	-37	10245	-32	10920	16.562	-8.166
70.5	NaN	1115	NaN	855	0	13	483	0	0	0	492	-49	10291	-43	10700	-37	10245	-32	10920	16.562	-8.166
70.6	NaN	1310	NaN	870	0	12	489	0	0	0	497	-49	10244	-43	10679	-38	10184	-32	10887	16.477	-8.782
70.7	NaN	1310	NaN	870	0	12	489	0	0	0	497	-49	10244	-43	10679	-38	10184	-32	10887	16.477	-8.782
70.8	NaN	1310	NaN	870	0	12	489	0	0	0	497	-49	10244	-43	10679	-38	10184	-32	10887	16.477	-8.782
70.9	NaN	1310	NaN	870	0	12	489	0	0	0	497	-49	10244	-43	10679	-38	10184	-32	10887	16.477	-8.782
71	NaN	1310	NaN	870	0	12	489	0	0	0	497	-49	10244	-43	10679	-38	10184	-32	10887	16.477	-8.782
71.1	NaN	1310	NaN	870	0	12	489	0	0	0	497	-49	10244	-43	10679	-38	10184	-32	10887	16.477	-8.782
71.2	NaN	1310	NaN	870	0	12	489	0	0	0	497	-49	10244	-43	10679	-38	10184	-32	10887	16.477	-8.782
71.3	NaN	1310	NaN	854	0	13	496	0	0	0	505	-49	10002	-43	10461	-38	9998	-34	10654	16.307	-8.189
71.4	NaN	1310	NaN	853	0	9	640	0	0	0	630	-52	9190	-47	9977	-42	8625	-37	10016	15.453	-9.516
71.5	NaN	1324	NaN	847	0	-7	594	0	0	0	579	-49	8751	-54	9189	-41	8736	-44	8943	14.488	-10.317
71.6	NaN	1298	NaN	843	0	-18	365	0	0	0	404	-48	8856	-58	8381	-40	8865	-48	8406	13.612	-7.929
71.7	NaN	1290	NaN	828	0	-33	360	0	0	0	403	-45	8394	-62	7555	-39	8536	-53	7020	12.887	-6.337
71.8	NaN	1307	NaN	945	0	-48	360	0	0	0	401	-41	7818	-66	6690	-35	8090	-45	1531	12.069	-8.241
71.9	NaN	1366	NaN	926	0	-45	360	28	28	0	403	6	7872	2	6857	13	8060	4	4565	11.501	-3.461
72	NaN	1316	NaN	836	0	-24	363	39	38	0	403	15	7842	9	6754	36	8059	20	6898	11.054	0.982
72.1	NaN	1281	NaN	804	0	-13	359	51	48	0	402	40	8003	28	7169	90	8431	67	8598	11.416	4.288
72.2	NaN	1275	NaN	812	0	16	362	51	51	0	403	32	8042	42	7354	75	8595	94	10586	11.648	5.33
72.3	NaN	1285	NaN	795	0	40	361	52	41	0	405	17	7573	45	8377	39	7620	99	8499	12.268	4.027
72.4	NaN	1361	NaN	894	0	41	369	11	1	0	408	-3	7229	-3	8487	-3	7255	-4	8583	12.42	-1.485
72.5	NaN	1302	NaN	847	0	43	409	0	0	0	440	-27	6176	-17	8004	-23	6306	-14	8186	12.094	-3.762
72.6	NaN	1271	NaN	864	0	40	366	0	0	0	404	-47	5689	-33	7528	-42	3613	-28	7617	11.38	-4.945
72.7	NaN	1269	NaN	856	0	9	358	0	0	0	403	-46	5338	-48	7292	-21	2048	-42	6928	10.597	-4.728
72.8	NaN	1253	NaN	803	0	-27	359	0	0	0	403	-45	5296	-60	6652	-41	2691	-55	4661	9.517	-3.116
72.9	NaN	1246	NaN	806	0	-36	360	0	0	0	404	-43	4452	-61	6051	-35	992	-57	4641	8.433	-4.096
73	NaN	1235	NaN	818	0	-80	359	3	0	0	402	-29	4114	-66	5393	-26	1131	-63	2727	7.163	-3.233
73.1	NaN	1261	NaN	865	0	-93	361	9	7	0	405	-17	3551	-45	4806	-17	1041	-45	2282	5.973	-1.071
73.2	NaN	1271	NaN	921	0	-100	359	14	12	0	404	-9	3190	-27	4262	-9	1847	-26	2756	5.063	0.562
73.3	NaN	1257	NaN	904	0	-100	649	14	10	0	645	-10	2057	-32	3605	-11	177	-32	1886	4.266	-1.916
73.4	NaN	1283	NaN	1207	0	-100	738	13	9	0	709	-0	153	-34	2918	0	1	-1	171	3.152	-3.19
73.5	NaN	1293	NaN	1263	0	-100	656	13	9	0	641	0	1	-34	2250	-0	-0	-33	308	2.099	-1.458
73.6	NaN	1308	NaN	1207	0	-100	638	12	8	0	624	0	-0	-36	1561	0	-10	-30	-52	1.186	-1.217
73.7	NaN	1322	NaN	1594	0	-100	707	10	5	0	689	0	0	-47	926	0	1	0	-9	0.519	-1.086
73.8	NaN	1276	NaN	1509	0	-100	688	5	0	0	672	-0	-0	-66	418	0	-3	-0	5	0.049	-1.028
73.9	NaN	1385	NaN	1495	0	-100	617	0	0	0	618	0	-0	0	166	-0	-21	0	-2	-0.149	1.803
74	NaN	1500	NaN	1597	0	-100	554	0	0	0	561	-0	-26	0	-54	0	-87	0	-7	0.002	4.085
74.1	NaN	1440	NaN	1331	0	-100	449	0	0	0	469	0	0	0	2	-0	3	0	15	0.127	-0.127
74.2	NaN	1498	NaN	1577	0	-100	411	0	0	0	445	-0	1	0	-2	-0	-1	-0	-21	0.02	0.09
74.3	NaN	1654	NaN	1571	0	-100	365	0	0	0	406	-0	-11	-0	0	0	-9	-0	1	0.034	0.19
74.4	NaN	1565	NaN	1523	0	-99	352	0	0	0	401	-0	-1	-0	0	-0	-0	-0	1	0.048	-0.116
74.5	NaN	1449	NaN	1606	0	-99	358	0	0	0	405	-0	-4	0	-4	0	-3	0	-6	0.012	0.267
74.6	NaN	1593	NaN	1535	0	-96	354	0	0	0	405	-0	-3	0	3	-0	-2	0	1	0.009	0.142
74.7	NaN	1529	NaN	1505	0	-95	355	0	0	0	404	0	-0	-0	0	0	-0	-0	0	-0	-0.017
74.8	NaN	1506	NaN	1458	0	-94	357	0	0	0	404	0	-3	0	-5	-0	-3	0	-2	-0.016	0.101
74.9	NaN	1521	NaN	1474	0	-94	354	0	0	0	401	0	1	0	0	-0	0	-0	-0	-0.016	0.168
75	NaN	1490	NaN	1504	0	-96	354	0	0	0	405	0	-0	0	-0	-0	0	0	0	-0.025	0.024
75.1	NaN	1527	NaN	1529	0	-93	357	6	3	0	403	0	-2	-0	-1	0	-2	0	0	-0.03	0.023
75.2	NaN	1570	NaN	1634	0	-94	355	35	33	0	403	22	56	-0	19	63	87	0	5	0.021	2.119
75.3	NaN	1378	NaN	1369	0	-95	358	37	36	0	405	31	204	-0	179	83	219	0	166	0.262	2.604
75.4	NaN	1397	NaN	1318	0	-79	356	29	23	0	404	6	333	-0	284	7	243	0	253	0.436	1.344
75.5	NaN	1400	NaN	1293	0	-50	358	23	16	0	405	0	318	0	258	-0	312	0	232	0.381	-0.045
75.6	NaN	1449	NaN	1233	0	-5	356	11	4	0	404	-0	221	0	247	0	237	-0	247	0.34	-0.648
75.7	NaN	1533	NaN	1327	0	17	358	8	2	0	405	0	205	0	213	-0	213	0	211	0.295	-0.583
75.8	NaN	1394	NaN	1190	0	32	358	5	0	0	405	0	162	-0	195	-0	172	-0	196	0.234	-0.281
75.9	NaN	1568	NaN	1302	0	47	357	3	0	0	406	-0	142	0	165	-0	141	-0	169	0.207	-0.349
76	NaN	1383	NaN	1443	0	49	360	1	0	0	404	-0	116	0	129	-0	109	0	132	0.153	-0.559
76.1	NaN	1446	NaN	1278	0	47	357	0	0	0	404	-0	88	0	101	0	85	0	101	0.105	-0.386
76.2	NaN	1363	NaN	1444	0	46	356	0	0	0	404	-0	54	0	64	0	54	0	64	0.047	-0.382
76.3	NaN	1383	NaN	1278	0	49	356	1	0	0	405	-0	30	0	36	-0	29	-0	33	0.003	-0.337
76.4	NaN	1537	NaN	1278	0	52	354	17	14	0	404	0	0	0	2	0	1	0	1	-0.045	-0.543
76.5	NaN	1261	NaN	953	0	59	361	35	31	0	406	2	13	16	49	7	14	43	43	-0.019	1.224
76.6	NaN	1235	NaN	915	0	68	355	37	34	0	406	2	101	23	139	6	108	60	136	0.137	1.87
76.7	NaN	1215	NaN	836	0	83	358	37	34	0	407	0	216	26	285	1	207	68	282	0.342	2.146
76.8	NaN	1259	NaN	826	0	93	358	37	34	0	406	-0	328	28	459	-0	313	73	444	0.546	2.126
76.9	NaN	1244	NaN	841	0	100	356	37	34	0	406	-3	450	29	617	-0	403	75	591	0.749	1.806
77	NaN	1227	NaN	831	0	100	355	37	33	0	405	-3	552	29	774	-7	485	76	727	0.923	1.584
77.1	NaN	1244	NaN	854	0	100	359	38	34	0	405	-3	657	32	924	-8	563	83	868	1.108	1.716
77.2	NaN	1155	NaN	771	0	100	357	39	35	0	404	-3	764	34	1089	-8	670	88	994	1.311	2.421
77.3	NaN	1240	NaN	776	0	100	358	42	38	0	406	-4	898	40	1233	-9	780	103	1178	1.532	2.669
77.4	NaN	1231	NaN	884	0	78	359	46	42	0	405	-1	1066	47	1498	-2	939	127	1434	1.854	3.744
77.5	NaN	1206	NaN	813	0	18	358	46	42	0	404	18	1378	32	1539	47	1369	81	1563	2.298	4.026
77.6	NaN	1207	NaN	821	0	-26	359	47	48	0	406	36	1802	21	1586	91	1812	54	1639	2.705	4.209
77.7	NaN	1230	NaN	853	0	-54	356	53	52	0	405	54	2243	13	1778	141	2254	34	1789	3.15	4.237
77.8	NaN	1222	NaN	846	0	-76	358	89	89	0	405	49	2757	8	2042	166	2635	23	1957	3.614	4.071
77.9	NaN	1227	NaN	857	0	-78	358	100	100	0	406	44	3093	6	2308	160	3298	15	2174	4.032	4.718
78	NaN	1208	NaN	831	0	-78	356	100	100	0	405	43	3406	7	2559	162	3308	20	2504	4.47	3.706
78.1	NaN	1232	NaN	859	0	-80	359	100	100	0	405	39	3693	5	2799	166	3651	11	2616	4.92	3.856
78.2	NaN	1213	NaN	872	0	-76	360	100	100	0	405	40	4010	7	3026	166	3928	17	2934	5.345	4.274
78.3	NaN	1228	NaN	875	0	-78	359	100	100	0	406	41	4334	7	3287	164	4261	19	3173	5.822	3.505
78.4	NaN	1204	NaN	811	0	-70	359	100	100	0	405	38	4578	17	3586	164	4532	42	3530	6.266	4.737
78.5	NaN	1189	NaN	778	0	-56	360	100	100	0	405	39	4937	28	3905	140	5251	69	3914	6.77	5.556
78.6	NaN	1174	NaN	741	0	-10	358	100	100	0	406	52	5163	86	5274	158	5614	198	5660	7.573	10.948
78.7	NaN	1176	NaN	741	0	-12	357	100	100	0	407	64	5639	75	5419	186	5604	196	5519	8.645	10.219
78.8	NaN	1169	NaN	725	0	-15	361	100	100	0	409	63	6390	73	6270	186	6369	192	6419	9.643	12.722
78.9	NaN	1174	NaN	750	0	-13	357	100	100	0	406	69	7021	87	6717	193	6922	144	7557	10.639	12.023
79	NaN	1170	NaN	726	0	-10	360	100	100	0	404	71	7427	81	7712	166	8358	183	8268	11.703	10.764
79.1	NaN	1169	NaN	723	0	-11	361	100	100	0	405	52	8216	47	8942	183	9188	206	8277	12.68	9.772
79.2	NaN	1170	NaN	741	0	-8	357	100	100	0	409	64	8991	66	9799	199	9228	200	8932	13.678	10.935
79.3	NaN	1153	NaN	749	0	-7	357	100	100	0	407	75	9383	92	9391	199	9836	200	9557	14.747	10.902
79.4	NaN	1147	NaN	729	0	-2	358	100	100	0	407	66	10165	88	10315	194	10044	201	10301	15.795	11.379
79.5	NaN	1158	NaN	718	0	-2	360	100	100	0	404	90	11518	82	11259	194	10772	202	10818	16.866	12.003
79.6	NaN	1159	NaN	725	0	1	357	100	100	0	410	100	11636	107	11342	203	11611	212	11682	17.861	8.33
79.7	NaN	1160	NaN	723	0	1	357	100	100	0	409	91	12028	113	11945	191	11967	180	12246	18.901	10.391
79.8	NaN	1153	NaN	732	0	-2	359	100	100	0	406	91	12876	88	12320	169	12583	161	12686	19.918	9.427
79.9	NaN	1150	NaN	740	0	-2	361	100	100	0	407	84	14053	86	12927	159	13091	147	13350	20.917	7.104
80	NaN	1254	NaN	843	0	1	735	0	0	0	684	-4	12623	-3	12591	5	12883	7	13008	21.255	-3.708
80.1	NaN	1278	NaN	862	0	-1	912	0	0	0	864	-13	12132	-12	12092	-8	12230	-7	12216	20.242	-10.281
80.2	NaN	1274	NaN	849	0	0	924	0	0	0	853	-18	11315	-16	11296	-13	11129	-12	11594	19.293	-9.12
80.3	NaN	1260	NaN	859	0	4	1034	0	0	0	937	-26	10681	-26	10674	-18	10394	-18	11028	18.096	-13.045
80.4	NaN	1251	NaN	849	0	0	1056	0	0	0	951	-50	9476	-50	9941	-41	9010	-37	9190	16.729	-14.48
80.5	NaN	1293	NaN	907	0	1	973	0	0	0	861	-57	8798	-56	8834	-0	3007	-43	4191	15.442	-12.198
80.6	NaN	1314	NaN	895	0	3	826	0	0	0	742	-55	8203	-55	8555	-2	3791	-45	3918	14.212	-12.725
80.7	NaN	1326	NaN	894	0	-5	597	0	0	0	565	-54	7490	-55	7970	-6	3752	-46	3521	13.106	-9.449
80.8	NaN	1293	NaN	865	0	-17	508	0	0	0	509	-49	6928	-58	7376	-42	3778	-52	6139	12.12	-9.266
80.9	NaN	1310	NaN	838	0	-29	384	0	0	0	422	-45	6598	-61	6743	-40	4479	-54	6208	11.182	-6.829
81	NaN	1294	NaN	851	0	-10	412	0	0	0	435	-50	6225	-57	6095	-45	4401	-51	6017	10.525	-6.923
81.1	NaN	1324	NaN	904	0	48	446	0	0	0	466	-9	4177	-41	5460	-21	913	-38	5855	9.787	-8.593
81.2	NaN	1304	NaN	863	0	50	442	0	0	0	451	-37	4349	-39	5343	-31	1398	-35	5631	9.06	-6.016
81.3	NaN	1280	NaN	845	0	16	429	0	0	0	450	-56	4681	-47	5009	-50	2569	-45	5113	8.365	-7.463
81.4	NaN	1297	NaN	909	0	26	371	0	0	0	410	-58	4280	-45	4570	-54	3775	-43	4504	7.681	-6.444
81.5	NaN	1288	NaN	905	0	52	359	6	1	0	403	-54	3697	-32	4402	-51	3322	-30	4445	6.927	-6.552
81.6	NaN	1325	NaN	905	0	85	357	32	27	0	405	-0	3497	11	4415	0	3420	26	4357	6.574	-1.898
81.7	NaN	1317	NaN	810	0	100	357	48	42	0	405	-4	3444	52	4701	-11	3240	146	4644	6.511	0.363
81.8	NaN	1295	NaN	793	0	100	356	61	54	0	404	-8	3455	46	5042	-19	3007	157	5125	6.761	1.332
81.9	NaN	1306	NaN	828	0	98	356	67	60	0	406	-9	3483	43	5133	-20	2757	147	5514	6.914	1.412
82	NaN	1273	NaN	757	0	24	359	68	61	0	404	34	4321	46	5129	89	4345	141	5728	7.25	8.05
82.1	NaN	1285	NaN	794	0	1	358	58	55	0	405	42	4477	44	5026	103	5022	105	5393	7.952	6.451
82.2	NaN	1284	NaN	771	0	2	357	71	64	0	404	58	5225	58	5189	140	6016	141	5646	8.576	7.999
82.3	NaN	1284	NaN	778	0	-12	358	56	52	0	405	45	5875	36	5553	109	5766	82	5692	9.351	5.927
82.4	NaN	1276	NaN	810	0	-39	358	61	63	0	405	72	6470	28	5702	176	6436	65	5755	9.857	9.322
82.5	NaN	1349	NaN	917	0	-55	360	0	0	0	405	-3	6376	-5	5582	-4	6520	-6	5753	10.212	-4.279
82.6	NaN	1297	NaN	936	0	-72	356	0	0	0	402	-13	6043	-31	4936	-13	6245	-29	4559	9.827	-4.852
82.7	NaN	1321	NaN	848	0	-72	358	40	39	0	402	19	6129	1	5024	72	6316	5	4602	9.252	-3.029
82.8	NaN	1284	NaN	820	0	-71	356	51	52	0	404	47	6847	7	5073	157	6889	16	5175	9.471	5.397
82.9	NaN	1294	NaN	856	0	-66	356	52	53	0	403	54	6808	8	5193	157	7338	21	5568	9.687	3.673
83	NaN	1261	NaN	779	0	-31	358	61	61	0	403	53	6947	29	5396	139	7606	74	6262	9.903	6.154
83.1	NaN	1228	NaN	776	0	3	358	80	77	0	405	60	7070	79	5911	128	8395	101	8907	10.392	9.533
83.2	NaN	1258	NaN	802	0	3	356	61	57	0	407	45	7065	49	7342	106	7715	113	8761	10.793	6.457
83.3	NaN	1267	NaN	795	0	6	355	67	64	0	405	57	7479	67	6944	127	9071	68	10240	11.274	6.943
83.4	NaN	1262	NaN	798	0	13	357	87	89	0	405	70	7797	18	8611	153	9221	74	10532	11.771	8.533
83.5	NaN	1263	NaN	786	0	-2	358	100	100	0	404	68	8413	14	9748	177	8592	117	9879	12.509	9.894
83.6	NaN	1255	NaN	782	0	-8	356	100	100	0	405	72	8774	55	9436	187	9052	136	9887	13.317	9.889
83.7	NaN	1239	NaN	759	0	-1	359	100	100	0	406	83	9269	72	9859	202	9073	181	9307	14.263	11.106
83.8	NaN	1234	NaN	737	0	-1	356	100	100	0	407	87	11001	95	9521	200	9862	191	9768	15.277	9.034
83.9	NaN	1227	NaN	755	0	-2	359	100	100	0	406	52	11895	95	10508	201	10370	202	10475	16.309	10.993
84	NaN	1245	NaN	735	0	-3	356	100	100	0	406	54	11766	98	11021	199	10981	197	11152	17.418	12.173
84.1	NaN	1224	NaN	731	0	2	359	100	100	0	407	102	11937	100	11618	203	11612	204	11708	18.445	10.492
84.2	NaN	1230	NaN	741	0	4	355	100	100	0	407	88	13229	100	12516	173	12127	200	12510	19.439	9.168
84.3	NaN	1220	NaN	755	0	5	357	100	100	0	406	61	14079	85	12808	136	12683	154	13061	20.43	9.214
84.4	NaN	1232	NaN	753	0	1	358	100	100	0	407	48	14557	86	13297	150	13255	152	13655	21.242	6.444
84.5	NaN	1228	NaN	753	0	-2	358	100	100	0	405	93	14969	86	13706	157	13827	150	14064	22.118	8.907
84.6	NaN	1330	NaN	852	0	5	685	0	0	0	613	-4	13364	-1	13164	6	13444	12	13698	22.213	-4.564
84.7	NaN	1354	NaN	899	0	4	870	0	0	0	837	-11	12719	-10	12996	-7	12789	-6	12995	21.281	-11.44
84.8	NaN	1339	NaN	870	0	1	643	0	0	0	597	-15	12333	-15	12404	-11	12355	-11	12576	20.513	-7.816
84.9	NaN	1317	NaN	856	0	2	630	0	0	0	557	-27	11943	-23	11968	-18	12079	-17	12243	19.728	-7.476
85	NaN	1317	NaN	843	0	5	620	0	0	0	552	-44	11223	-44	11310	-31	11258	-31	11521	18.81	-8.15
85.1	NaN	1321	NaN	853	0	17	615	0	0	0	576	-49	10351	-41	11131	-38	9747	-30	11264	17.865	-9.625
85.2	NaN	1326	NaN	844	0	11	369	0	0	0	410	-50	10016	-46	10740	-38	8721	-34	10718	17.054	-6.939
85.3	NaN	1323	NaN	869	0	5	360	1	0	0	403	-47	9450	-45	10094	-36	9478	-35	10201	16.423	-4.037
85.4	NaN	1306	NaN	838	0	29	398	0	0	0	432	-59	8308	-44	9639	-48	8631	-35	9938	15.718	-6.569
85.5	NaN	1288	NaN	845	0	32	359	0	0	0	399	-43	7075	-46	9159	-52	6463	-37	9469	14.98	-4.924
85.6	NaN	1381	NaN	902	0	14	357	48	43	0	403	3	8519	3	9364	5	8425	8	9370	14.51	-2.281
85.7	NaN	1334	NaN	836	0	6	356	60	55	0	402	15	8634	17	9074	33	9374	38	9307	14.446	2.31
85.8	NaN	1307	NaN	816	0	27	362	47	37	0	404	18	9205	33	9194	39	10479	71	9508	14.459	0.123
85.9	NaN	1373	NaN	909	0	50	359	21	12	0	407	-12	7847	-7	8608	-9	8403	-6	9105	14.347	-3.402
86	NaN	1315	NaN	911	0	47	360	0	0	0	404	-29	7436	-18	8634	-23	7631	-14	8932	13.888	-6.028
86.1	NaN	1299	NaN	843	0	49	360	0	0	0	401	-20	6216	-32	8162	-45	6837	-27	8519	13.469	-5.869
86.2	NaN	1287	NaN	831	0	39	358	0	0	0	402	-49	6760	-42	8114	-55	6262	-36	8066	12.763	-7.724
86.3	NaN	1378	NaN	906	0	15	363	27	20	0	406	0	6924	0	7960	0	4194	0	8029	12.318	-2.401
86.4	NaN	1294	NaN	775	0	11	356	48	41	0	405	22	7231	32	7917	49	8116	72	8252	12.044	2.221
86.5	NaN	1372	NaN	914	0	5	358	27	18	0	407	-1	6990	-1	7729	0	6919	-2	7848	12.211	-1.314
86.6	NaN	1383	NaN	913	0	19	361	6	0	0	406	-4	6775	-4	7284	-4	7197	-3	7441	12.111	-1.202
86.7	NaN	1302	NaN	858	0	40	360	0	0	0	406	-27	5690	-18	7142	-24	5765	-16	7402	11.697	-4.893
86.8	NaN	1274	NaN	860	0	40	356	0	0	0	406	-42	5200	-32	6932	-45	4364	-28	7091	11.123	-5.315
86.9	NaN	1271	NaN	854	0	39	357	0	0	0	403	-58	5344	-42	6735	-48	2490	-38	6788	10.465	-6.362
87	NaN	1307	NaN	894	0	38	357	20	15	0	403	-19	5330	-13	6595	-18	1791	-12	6532	9.832	-4.59
87.1	NaN	1303	NaN	800	0	39	359	42	37	0	404	10	5197	29	6462	25	5358	67	6872	9.486	1.522
87.2	NaN	1274	NaN	790	0	18	359	52	44	0	404	29	5511	43	6577	70	6660	102	7363	9.774	6.894
87.3	NaN	1269	NaN	801	0	21	360	64	58	0	405	26	6777	41	6680	60	6909	95	7224	9.947	5.2
87.4	NaN	1260	NaN	788	0	16	359	71	64	0	407	45	8457	65	6863	110	9146	167	7567	10.336	6.108
87.5	NaN	1240	NaN	793	0	17	358	72	64	0	407	50	8166	72	7329	116	9537	164	7904	10.981	5.364
87.6	NaN	1247	NaN	780	0	29	358	77	70	0	406	45	8224	74	7729	105	9139	161	8310	11.606	6.383
87.7	NaN	1248	NaN	754	0	-1	356	100	100	0	406	60	8288	83	8029	108	9693	161	8946	12.223	10.642
87.8	NaN	1242	NaN	782	0	3	357	100	100	0	407	24	9485	92	8393	144	9712	190	8808	13.051	9.022
87.9	NaN	1240	NaN	789	0	6	360	100	100	0	406	48	9373	98	8691	105	10682	199	9103	13.896	10.562
88	NaN	1247	NaN	765	0	24	357	100	100	0	408	46	10294	98	9608	155	10250	198	9509	14.787	8.951
88.1	NaN	1242	NaN	810	0	18	360	100	100	0	404	36	11483	94	10305	180	9657	201	10194	15.76	10.254
88.2	NaN	1242	NaN	764	0	15	355	100	100	0	406	42	11547	113	10538	172	10540	198	10863	16.681	8.999
88.3	NaN	1240	NaN	766	0	10	359	100	100	0	407	21	13262	103	11177	175	10947	205	11352	17.627	9.671
88.4	NaN	1237	NaN	765	0	1	357	100	100	0	406	86	12234	104	11593	186	11979	180	11936	18.533	11.108
88.5	NaN	1234	NaN	758	0	-2	359	100	100	0	405	49	13593	106	12309	199	12101	189	12190	19.437	11.117
88.6	NaN	1233	NaN	782	0	3	359	100	100	0	406	105	12747	102	12628	170	12707	170	12803	20.453	8.979
88.7	NaN	1235	NaN	801	0	0	355	100	100	0	407	81	13135	81	13113	141	13160	138	13378	21.335	10.056
88.8	NaN	1238	NaN	785	0	2	356	100	100	0	407	86	14039	88	13621	144	13736	148	13864	22.285	7.656
88.9	NaN	1233	NaN	791	0	-0	357	100	100	0	405	86	14156	83	14022	139	14234	139	14424	23.046	6.934
89	NaN	1237	NaN	788	0	-2	357	100	100	0	406	77	15657	82	14699	128	14651	132	14847	23.886	10.427
89.1	NaN	1236	NaN	779	0	1	359	100	100	0	407	83	15036	84	15067	129	15235	128	15385	24.447	8.603
89.2	NaN	1239	NaN	785	0	0	357	100	100	0	405	78	15340	79	15423	120	15583	130	15775	25.328	7.681
89.3	NaN	1234	NaN	781	0	3	356	100	100	0	407	77	16243	75	15831	113	15963	109	16218	25.878	8.224
89.4	NaN	1227	NaN	773	0	-3	354	100	100	0	407	80	16329	78	16175	111	16367	111	16572	26.492	6.453
89.5	NaN	1217	NaN	778	0	-4	355	100	100	0	406	86	16706	77	16582	120	16808	106	16758	27.048	5.757
89.6	NaN	1217	NaN	774	0	-2	357	100	100	0	405	74	17064	78	16734	113	17169	106	17167	27.558	4.758
89.7	NaN	1224	NaN	768	0	-1	357	100	100	0	405	102	17344	91	17190	117	17471	107	17600	28.051	4.348
89.8	NaN	1221	NaN	808	0	1	444	0	0	0	470	-20	17147	-9	17021	-3	17150	-38	17309	28.46	-7.766
89.9	NaN	1303	NaN	860	0	-0	957	0	0	0	864	-10	16495	-11	16373	-10	16654	-19	16646	27.415	-10.34
90	NaN	1322	NaN	879	0	-1	938	0	0	0	880	-39	15631	-35	15566	-17	15681	-16	15699	26.109	-12.382
90.1	NaN	1327	NaN	882	0	4	946	0	0	0	855	-42	14865	-38	14809	-22	14862	-22	14908	24.811	-12.742
90.2	NaN	1361	NaN	896	0	1	854	0	0	0	754	-40	14108	-38	14044	-22	14318	-23	14400	23.486	-9.146
90.3	NaN	1380	NaN	908	0	0	741	0	0	0	692	-41	13500	-41	13348	-24	13453	-25	13515	22.345	-12.737
90.4	NaN	1379	NaN	904	0	18	392	0	0	0	419	-43	12884	-36	13237	-28	12892	-24	13447	21.41	-8.23
90.5	NaN	1349	NaN	878	0	14	363	0	0	0	404	-43	11977	-38	13000	-31	11848	-25	13044	20.778	-3.044
90.6	NaN	1410	NaN	940	0	10	363	46	41	0	406	5	12066	5	12730	3	12004	5	12917	20.176	-2.122
90.7	NaN	1365	NaN	844	0	9	362	73	67	0	405	14	11992	18	12517	27	12150	34	12795	20.009	1.187
90.8	NaN	1320	NaN	803	0	-7	359	74	65	0	406	81	12917	66	12782	122	12942	124	13038	20.431	8.135
90.9	NaN	1323	NaN	814	0	-5	360	95	89	0	408	132	13431	97	13464	181	13471	162	13348	21.187	8.649
91	NaN	1388	NaN	912	0	-11	791	0	0	0	730	-11	12791	-10	12244	-10	12849	-10	12609	20.965	-5.469
91.1	NaN	1439	NaN	936	0	-4	622	0	0	0	601	-13	12423	-10	12076	-8	12539	-9	12100	19.961	-8.392
91.2	NaN	1415	NaN	918	0	-4	754	0	0	0	676	-20	11738	-20	11597	-15	11807	-14	11759	19.242	-9.106
91.3	NaN	1412	NaN	890	0	-3	925	0	0	0	825	-56	10427	-56	10648	-39	11051	-39	10824	18.102	-12.396
91.4	NaN	1444	NaN	909	0	-20	878	0	0	0	797	-50	10117	-60	9580	-38	10371	-43	3697	16.794	-14.252
91.5	NaN	1482	NaN	925	0	-27	756	0	0	0	699	-24	8888	-33	8318	-19	9785	-0	2300	15.636	-12.176
91.6	NaN	1476	NaN	945	0	-35	710	0	0	0	667	-31	8505	-44	7373	-24	9300	-0	1116	14.561	-10.867
91.7	NaN	1485	NaN	945	0	-67	681	0	0	0	635	-30	6806	-16	6130	-26	8574	0	35	13.31	-8.203
91.8	NaN	1474	NaN	1025	0	-67	515	0	0	0	513	-36	6589	-37	5814	-31	8100	-0	2441	12.615	-7.278
91.9	NaN	1458	NaN	947	0	-59	356	0	0	0	400	-36	7101	-47	6188	-32	7640	-23	2857	11.812	-8.094
92	NaN	1459	NaN	1059	0	-62	357	0	0	0	400	-37	6558	-35	5696	-33	7094	-30	2911	11.177	-6.76
92.1	NaN	1462	NaN	1070	0	-67	358	0	0	0	401	-36	6314	-26	5313	-32	6674	-31	1846	10.479	-7.754
92.2	NaN	1509	NaN	944	0	-67	359	29	27	0	401	7	6516	0	5377	17	6822	2	2268	9.825	-2.519
92.3	NaN	1426	NaN	983	0	-57	357	46	46	0	401	44	6772	8	5340	109	7177	20	5785	9.619	0.825
92.4	NaN	1428	NaN	871	0	-38	358	56	52	0	402	52	7043	24	5700	136	7709	54	6965	9.882	3.864
92.5	NaN	1432	NaN	875	0	-14	356	56	57	0	405	51	7004	38	6140	120	7752	88	9037	10.199	5.643
92.6	NaN	1417	NaN	888	0	-9	358	58	58	0	406	51	7312	38	6648	116	7910	64	10653	10.488	4.738
92.7	NaN	1409	NaN	853	0	-3	357	60	54	0	406	47	7491	43	6942	114	8847	102	9541	10.904	6.112
92.8	NaN	1427	NaN	884	0	31	358	48	42	0	405	19	7348	45	6838	48	7840	93	9702	11.231	5.215
92.9	NaN	1415	NaN	863	0	3	360	57	56	0	406	25	7404	24	7454	55	7517	58	8430	11.534	2.724
93	NaN	1396	NaN	846	0	2	359	100	100	0	406	89	7967	36	8902	186	8652	103	10271	12.088	7.289
93.1	NaN	1410	NaN	851	0	-14	358	100	100	0	407	91	8552	30	9991	194	8282	141	10257	13.035	7.608
93.2	NaN	1392	NaN	798	0	-11	359	100	100	0	407	87	9164	81	9089	200	8980	201	8955	14.089	11.03
93.3	NaN	1389	NaN	826	0	-15	360	100	100	0	404	92	10009	74	10058	198	9772	200	9547	15.194	12.149
93.4	NaN	1438	NaN	918	0	-18	361	0	0	0	406	-11	9618	2	9234	-13	9749	-8	9709	16.099	-1.5
93.5	NaN	1430	NaN	933	0	0	586	0	0	0	581	-21	9474	-20	9456	-16	9565	-16	9509	15.514	-6.627
93.6	NaN	1416	NaN	916	0	-21	642	0	0	0	626	-36	8867	-43	8629	-29	8961	-36	8693	14.869	-10.6
93.7	NaN	1457	NaN	927	0	-38	614	0	0	0	605	-41	7813	-9	6271	-34	8647	-2	2258	13.992	-7.06
93.8	NaN	1427	NaN	900	0	-43	459	0	0	0	497	-43	7853	-42	6673	-37	8058	-2	1696	13.104	-7.001
93.9	NaN	1394	NaN	945	0	-41	355	0	0	0	401	-44	7686	-56	6368	-37	7716	-0	1149	12.252	-5.681
94	NaN	1401	NaN	933	0	-42	358	0	0	0	403	-42	7091	-39	5804	-37	7223	-56	5163	11.593	-5.169
94.1	NaN	1460	NaN	933	0	-34	359	31	32	0	402	5	7192	0	5842	4	7084	1	1144	10.747	-2.035
94.2	NaN	1414	NaN	924	0	-19	360	36	35	0	405	18	6985	11	5691	42	7387	25	6073	10.459	1.332
94.3	NaN	1380	NaN	856	0	23	359	55	50	0	405	28	6910	48	5965	66	7626	114	8928	10.365	6.842
94.4	NaN	1401	NaN	853	0	-14	359	55	55	0	405	47	7038	35	7255	109	7522	69	10879	10.556	3.791
94.5	NaN	1486	NaN	978	0	-44	361	0	0	0	406	-5	6351	-8	5790	-4	6783	-6	7048	10.742	-0.994
94.6	NaN	1418	NaN	913	0	-51	357	0	0	0	402	-19	5968	-31	4926	-17	6384	-29	4343	10.274	-4.57
94.7	NaN	1423	NaN	929	0	-59	357	49	49	0	402	15	6105	3	5121	34	6432	7	5017	9.701	-0.553
94.8	NaN	1406	NaN	948	0	-59	359	53	53	0	405	35	6255	6	5281	82	6453	15	5636	9.589	2.411
94.9	NaN	1399	NaN	911	0	-59	358	76	77	0	403	60	6690	12	5478	146	7046	28	5755	9.638	3.461
95	NaN	1382	NaN	861	0	-51	360	84	84	0	405	60	7034	34	6327	174	7238	78	6843	10.084	6.423
95.1	NaN	1357	NaN	840	0	-40	359	84	85	0	404	65	7272	46	7205	181	7427	105	7565	10.702	6.135
95.2	NaN	1369	NaN	847	0	-6	357	74	69	0	406	72	7515	62	7396	163	7775	141	9098	11.533	9.851
95.3	NaN	1368	NaN	831	0	-3	360	70	61	0	405	59	7763	56	7809	130	7881	127	7959	12.405	8.244
95.4	NaN	1373	NaN	829	0	15	361	52	44	0	405	30	8093	40	8254	72	8173	87	8370	13.163	5.9
95.5	NaN	1420	NaN	909	0	60	370	15	10	0	405	-19	7190	-10	8087	-16	7426	-9	8420	12.93	-6.041
95.6	NaN	1457	NaN	937	0	68	357	24	16	0	404	-6	6741	-2	7821	-7	7100	-3	8169	12.496	-5.119
95.7	NaN	1419	NaN	914	0	66	358	33	25	0	405	1	6905	10	7818	3	7098	22	8137	12.273	-1.991
95.8	NaN	1400	NaN	894	0	65	360	37	30	0	405	3	6845	21	7758	7	6995	47	8065	12.123	-2.048
95.9	NaN	1392	NaN	884	0	65	359	40	33	0	406	4	6779	28	7804	10	6955	64	8114	12.045	0.26
96	NaN	1364	NaN	845	0	58	358	58	50	0	405	14	6938	69	8282	31	7091	156	8609	12.095	3.059
96.1	NaN	1349	NaN	831	0	5	359	58	51	0	406	39	7828	46	8034	86	8025	101	8514	12.497	5.076
96.2	NaN	1355	NaN	825	0	-27	359	58	57	0	405	61	8647	34	7792	133	8451	75	7971	13.099	5.067
96.3	NaN	1344	NaN	828	0	-39	359	79	79	0	404	108	9603	44	8414	188	9382	95	9201	13.579	6.489
96.4	NaN	1345	NaN	841	0	-35	356	90	91	0	404	58	9674	58	10348	182	9853	128	10030	14.19	7.329
96.5	NaN	1347	NaN	854	0	-16	355	100	100	0	404	74	9926	66	9952	177	10343	105	12208	14.842	9.318
96.6	NaN	1343	NaN	845	0	-11	357	100	100	0	406	84	10344	62	10757	192	10603	140	11936	15.574	11.474
96.7	NaN	1347	NaN	836	0	-13	357	100	100	0	407	84	10896	46	11466	203	11031	126	12380	16.362	8.043
96.8	NaN	1343	NaN	816	0	-14	356	100	100	0	406	80	11386	49	12416	199	11152	159	11944	17.259	10.552
96.9	NaN	1330	NaN	810	0	-3	359	100	100	0	406	94	11916	102	11952	200	11737	187	11639	18.283	9.642
97	NaN	1323	NaN	799	0	-4	357	100	100	0	408	88	12476	90	12163	177	12282	166	12433	19.298	10.642
97.1	NaN	1334	NaN	823	0	-1	358	100	100	0	407	80	13118	89	12673	164	12860	160	12866	20.362	9.478
97.2	NaN	1318	NaN	828	0	-2	357	100	100	0	406	89	13638	84	13284	150	13352	150	13547	21.264	8.871
97.3	NaN	1327	NaN	818	0	-2	361	100	100	0	407	88	13834	84	13786	145	13940	142	14152	22.22	9.51
97.4	NaN	1326	NaN	816	0	0	361	100	100	0	407	85	14329	83	14266	137	14395	133	14615	23.092	9.82
97.5	NaN	1326	NaN	831	0	-1	359	100	100	0	406	82	14885	81	14776	127	14853	126	15072	23.812	8.669
97.6	NaN	1325	NaN	829	0	-2	358	100	100	0	405	83	15313	83	15225	125	15305	132	15592	24.671	10.032
97.7	NaN	1317	NaN	830	0	0	360	100	100	0	406	84	15650	83	15646	120	15727	120	16019	25.703	7.332
97.8	NaN	1331	NaN	824	0	-2	358	100	100	0	406	79	16055	77	16014	100	16075	117	16429	26.354	6.031
97.9	NaN	1320	NaN	819	0	1	359	100	100	0	404	75	16600	77	16382	114	16471	111	16779	26.918	6.331
98	NaN	1314	NaN	825	0	-2	355	100	100	0	405	81	16830	80	16722	119	16873	109	17170	27.521	7.71
98.1	NaN	1313	NaN	824	0	-2	358	100	100	0	407	85	17261	84	17091	115	17211	103	17406	28.026	5.035
98.2	NaN	1308	NaN	805	0	-0	358	100	100	0	407	78	17469	78	17369	85	17522	103	17752	28.549	4.699
98.3	NaN	1318	NaN	810	0	0	357	100	100	0	407	76	17900	76	17744	86	17850	99	18167	29.023	5.97
98.4	NaN	1310	NaN	818	0	1	357	100	100	0	406	43	17888	79	18047	98	18106	99	18458	29.518	6.239
98.5	NaN	1308	NaN	807	0	-1	356	100	100	0	406	33	18052	84	18322	100	18411	95	18743	29.946	5.244
98.6	NaN	1305	NaN	810	0	-1	359	100	100	0	406	96	18722	76	18641	80	18666	93	19075	30.357	4.139
98.7	NaN	1307	NaN	825	0	-2	360	100	100	0	405	120	18984	78	18799	37	18796	93	19253	30.73	4.201
98.8	NaN	1299	NaN	810	0	-3	357	100	100	0	406	90	19137	78	19022	138	19176	92	19480	31.074	4.134
98.9	NaN	1303	NaN	823	0	2	359	100	100	0	404	56	19169	63	19199	88	19292	73	19551	31.337	3.558
99	NaN	1305	NaN	824	0	1	359	100	100	0	405	36	19268	67	19390	59	19400	82	19878	31.665	0.639
99.1	NaN	1284	NaN	809	0	-2	359	100	100	0	406	111	19825	72	19635	39	19566	96	20094	31.994	3.643
99.2	NaN	1294	NaN	810	0	-7	359	100	100	0	406	95	19955	58	19593	116	20084	88	20126	32.228	3.211
99.3	NaN	1321	NaN	854	0	-16	422	0	0	0	439	16	19744	6	19111	18	19872	-4	19174	31.904	-4.616
99.4	NaN	1416	NaN	976	0	-4	627	0	0	0	635	-0	19314	0	18590	-0	19298	0	18869	31.25	-8.473
99.5	NaN	1428	NaN	993	0	4	658	0	0	0	667	0	18558	-0	18300	-0	18643	0	18372	30.536	-7.419
99.6	NaN	1435	NaN	1003	0	-1	790	0	0	0	719	-0	17876	0	18052	-0	18047	0	18365	29.667	-9.306
99.7	NaN	1458	NaN	1013	0	-5	881	0	0	0	806	-0	17540	0	17186	-0	17562	0	17497	28.775	-9.092
99.8	NaN	1479	NaN	1032	0	-2	858	0	0	0	837	-0	16970	0	16562	0	17182	0	16853	27.839	-8.4
99.9	NaN	1508	NaN	1049	0	-0	1039	0	0	0	946	-0	16315	0	16249	-0	16337	0	16236	26.829	-9.954
100	NaN	1542	NaN	1065	0	-1	1111	0	0	0	1002	0	15527	0	15568	-0	15653	0	15674	25.754	-10.348
100.1	NaN	1576	NaN	1086	0	-6	1165	0	0	0	1058	-0	14891	0	14689	-0	15048	0	14769	24.582	-10.853
100.2	NaN	1629	NaN	1102	0	1	1169	0	0	0	1047	-0	14141	0	14042	-0	14196	0	14089	23.377	-13.421
100.3	NaN	1665	NaN	1105	0	0	1106	0	0	0	956	0	13466	-0	13468	-0	13438	0	13563	22.232	-12.976
100.4	NaN	1689	NaN	1125	0	-4	970	0	0	0	858	-0	12871	-0	12743	-0	13053	0	13066	21.235	-8.313
100.5	NaN	1726	NaN	1139	0	-4	977	0	0	0	909	-0	12339	-0	12185	0	12380	0	12348	20.24	-8.946
100.6	NaN	1763	NaN	1150	0	2	1057	0	0	0	965	-0	11615	0	11568	-0	11697	-0	11812	19.218	-11.072
100.7	NaN	1808	NaN	1168	0	3	1100	0	0	0	1000	-0	10949	-0	10878	-0	10960	0	11028	18.181	-11.8
100.8	NaN	1836	NaN	1186	0	7	1112	0	0	0	959	-0	10281	0	10555	-0	9233	-0	10610	17.089	-12.181
100.9	NaN	1877	NaN	1175	0	6	1035	0	0	0	921	0	9458	0	9802	-0	9665	-0	9921	16.007	-9.292
101	NaN	1918	NaN	1204	0	5	920	0	0	0	811	-0	9109	0	9145	-0	9128	-0	9103	15.054	-9.002
101.1	NaN	1935	NaN	1189	0	15	795	0	0	0	732	0	8593	0	8990	0	8566	0	8743	14.22	-10.864
101.2	NaN	1946	NaN	1186	0	16	744	0	0	0	685	-0	7757	0	8551	-0	6997	-0	9077	13.413	-11.225
101.3	NaN	1955	NaN	1196	0	22	699	0	0	0	660	-0	5114	-0	7955	-0	6939	0	8201	12.833	-6.511
101.4	NaN	1967	NaN	1203	0	24	678	0	0	0	640	-0	6342	-0	7686	-0	6666	-0	7807	12.101	-5.662
101.5	NaN	1981	NaN	1195	0	29	702	0	0	0	692	-0	6399	-0	7158	-0	6635	0	7374	11.444	-6.547
101.6	NaN	1984	NaN	1192	0	32	761	0	0	0	691	-0	5503	0	6510	-0	3703	-0	6838	10.712	-10.043
101.7	NaN	1988	NaN	1206	0	44	798	0	0	0	717	0	1958	0	6180	-0	4512	0	6451	9.969	-7.483
101.8	NaN	2010	NaN	1222	0	62	794	0	0	0	708	-0	4	-0	5216	-0	3965	0	5783	9.149	-7.909
101.9	NaN	2009	NaN	1202	0	75	574	0	0	0	554	-0	2	0	4642	0	4307	-0	5320	8.342	-4.59
102	NaN	1982	NaN	1191	0	78	449	0	0	0	449	0	3634	-0	4559	-0	4438	0	5044	7.779	-4.028
102.1	NaN	1980	NaN	1215	0	78	531	0	0	0	526	-0	3964	0	4614	-0	3636	0	4795	7.203	-8.079
102.2	NaN	1977	NaN	1229	0	87	562	0	0	0	538	-0	3383	-0	4383	-0	3613	0	4574	6.707	-4.987
102.3	NaN	1986	NaN	1199	0	93	406	0	0	0	438	0	3354	-0	4324	0	3216	-0	4321	6.226	-4.627
102.4	NaN	1981	NaN	1180	0	79	359	0	0	0	404	0	3307	-0	4233	-0	3142	-0	4125	6.013	-1.496
102.5	NaN	1981	NaN	1176	0	65	356	26	22	0	405	-0	3274	0	4124	-0	3105	-0	4048	5.912	-1.614
102.6	NaN	1948	NaN	1170	0	56	360	32	28	0	405	-0	3296	0	3902	-0	3196	0	3842	5.878	-1.266
102.7	NaN	1961	NaN	1171	0	56	357	32	26	0	404	-0	3235	0	3831	-0	3163	0	3835	5.774	-0.954
102.8	NaN	1944	NaN	1165	0	55	360	34	29	0	406	-0	3181	0	3745	-0	3093	0	3739	5.682	-1.148
102.9	NaN	1945	NaN	1162	0	56	359	0	0	0	407	-0	3122	-0	3708	-0	3042	-0	3695	5.561	-1.549
103	NaN	1937	NaN	1165	0	57	361	0	0	0	405	-0	3060	0	3614	-0	2987	0	3596	5.482	-1.362
103.1	NaN	1908	NaN	1175	0	57	361	0	0	0	406	-0	3012	0	3583	-0	2936	0	3571	5.349	-1.414
103.2	NaN	1912	NaN	1200	0	56	360	0	0	0	404	-0	2968	0	3528	-0	2895	-0	3506	5.251	-1.409
103.3	NaN	1880	NaN	1217	0	58	361	0	0	0	406	-0	2912	-0	3474	0	2839	-0	3450	5.171	-1.682
103.4	NaN	1907	NaN	1198	0	59	359	0	0	0	405	-0	2848	0	3395	0	2771	0	3396	5.086	-1.63
103.5	NaN	1910	NaN	1158	0	61	358	0	0	0	405	-0	2805	-0	3368	-0	2724	0	3317	4.972	-1.325
103.6	NaN	1822	NaN	1155	0	64	361	0	0	0	402	-0	2730	-0	3332	-0	2624	0	3305	4.86	-1.544
103.7	NaN	1882	NaN	1151	0	64	360	0	0	0	403	0	2678	-0	3258	-0	2567	-0	3214	4.749	-1.347
103.8	NaN	1891	NaN	1147	0	64	359	0	0	0	401	-0	2623	0	3195	0	2558	-0	3185	4.643	-1.148
103.9	NaN	1860	NaN	1203	0	66	360	0	0	0	405	-0	2568	-0	3138	-0	2468	0	3102	4.53	-1.648
104	NaN	1880	NaN	1176	0	66	361	0	0	0	404	-0	2513	0	3063	0	2427	0	3022	4.429	-1.698
104.1	NaN	1815	NaN	1151	0	64	360	0	0	0	405	-0	2463	-0	2991	-0	2374	0	2988	4.317	-0.992
104.2	NaN	1859	NaN	1142	0	65	360	0	0	0	404	0	2414	0	2952	-0	2309	-0	2902	4.205	-1.486
104.3	NaN	1843	NaN	1194	0	65	360	0	0	0	406	-0	2354	0	2879	-0	2259	0	2846	4.111	-1.373
104.4	NaN	1860	NaN	1170	0	63	361	0	0	0	405	-0	2308	-0	2814	0	2227	0	2783	4.001	-1.418
104.5	NaN	1834	NaN	1143	0	60	363	0	0	0	403	-0	2282	-0	2736	0	2194	0	2690	3.905	-1.332
104.6	NaN	1878	NaN	1147	0	52	359	0	0	0	405	-0	2211	0	2651	0	2164	-0	2647	3.835	-0.749
104.7	NaN	1831	NaN	1180	0	42	359	0	0	0	406	0	2223	-0	2558	-0	2179	0	2565	3.757	-0.466
104.8	NaN	1817	NaN	1143	0	33	362	0	0	0	406	-0	2213	-0	2452	0	2182	-0	2447	3.694	-0.963
104.9	NaN	1841	NaN	1169	0	23	360	0	0	0	403	-0	2186	-0	2378	-0	2181	0	2385	3.637	-0.874
105	NaN	1847	NaN	1139	0	14	360	0	0	0	405	0	2207	-0	2290	-0	2198	0	2332	3.564	-0.664
105.1	NaN	1833	NaN	1121	0	4	361	0	0	0	404	0	2192	-0	2213	-0	2187	-0	2231	3.522	-0.601
105.2	NaN	1787	NaN	1202	0	7	360	0	0	0	406	-0	2140	-0	2174	0	2150	0	2188	3.454	-0.67
105.3	NaN	1750	NaN	1140	0	15	361	0	0	0	403	-0	2062	0	2145	-0	2090	0	2187	3.389	-0.493
105.4	NaN	1799	NaN	1219	0	21	362	0	0	0	405	-0	2019	0	2153	-0	2009	0	2173	3.309	-0.911
105.5	NaN	1806	NaN	1143	0	20	359	0	0	0	404	-0	1982	0	2118	0	1979	-0	2126	3.241	-0.844
105.6	NaN	1799	NaN	1167	0	20	360	0	0	0	406	-0	1945	-0	2076	0	1938	0	2093	3.184	-0.685
105.7	NaN	1810	NaN	1124	0	21	360	0	0	0	404	-0	1902	-0	2015	-0	1906	-0	2076	3.119	-0.488
105.8	NaN	1823	NaN	1131	0	18	362	0	0	0	406	-0	1871	-0	1996	0	1872	0	2014	3.048	-0.594
105.9	NaN	1842	NaN	1117	0	19	359	0	0	0	404	-0	1835	-0	1944	-0	1837	0	1953	2.985	-0.869
106	NaN	1830	NaN	1125	0	18	360	0	0	0	406	-0	1790	-0	1911	-0	1801	0	1942	2.914	-0.777
106.1	NaN	1790	NaN	1115	0	14	361	0	0	0	404	0	1760	-0	1852	-0	1770	0	1889	2.849	-0.602
106.2	NaN	1790	NaN	1126	0	9	360	0	0	0	406	-0	1759	-0	1788	-0	1753	-0	1805	2.786	-0.625
106.3	NaN	1793	NaN	1152	0	1	359	0	0	0	403	-0	1729	-0	1720	-0	1739	-0	1730	2.729	-0.734
106.4	NaN	1749	NaN	1184	0	-2	361	0	0	0	405	-0	1712	0	1679	-0	1710	0	1709	2.666	-0.365
106.5	NaN	1763	NaN	1151	0	-4	361	0	0	0	405	-0	1676	0	1643	0	1682	-0	1670	2.615	-0.691
106.6	NaN	1786	NaN	1219	0	-3	359	0	0	0	406	-0	1638	0	1597	-0	1640	0	1627	2.55	-0.862
106.7	NaN	1835	NaN	1099	0	-4	358	0	0	0	406	-0	1598	0	1575	-0	1603	0	1580	2.489	-1.006
106.8	NaN	1797	NaN	1123	0	-5	360	0	0	0	404	0	1555	-0	1529	-0	1562	-0	1537	2.429	-0.427
106.9	NaN	1745	NaN	1145	0	-2	359	0	0	0	406	-0	1515	0	1492	-0	1517	-0	1515	2.383	-0.736
107	NaN	1703	NaN	1140	0	-4	359	0	0	0	404	-0	1487	-0	1453	-0	1488	0	1477	2.313	-0.544
107.1	NaN	1791	NaN	1193	0	-2	359	0	0	0	405	-0	1442	0	1417	0	1445	0	1437	2.256	-0.833
107.2	NaN	1785	NaN	1098	0	-2	359	0	0	0	406	0	1401	0	1378	-0	1396	0	1389	2.197	-0.253
107.3	NaN	1753	NaN	1127	0	-3	360	0	0	0	405	-0	1363	0	1335	-0	1370	-0	1343	2.136	-0.434
107.4	NaN	1769	NaN	1203	0	-4	359	0	0	0	404	-0	1331	-0	1306	-0	1333	0	1323	2.077	-0.643
107.5	NaN	1805	NaN	1103	0	-3	360	0	0	0	405	-0	1288	0	1279	0	1293	-0	1293	2.021	-0.751
107.6	NaN	1680	NaN	1112	0	-2	361	0	0	0	404	-0	1250	-0	1230	-0	1248	0	1247	1.956	-0.509
107.7	NaN	1779	NaN	1203	0	-2	361	0	0	0	406	-0	1208	0	1191	-0	1214	0	1205	1.902	-0.561
107.8	NaN	1764	NaN	1096	0	-4	358	0	0	0	405	-0	1179	-0	1156	-0	1179	-0	1163	1.843	-0.586
107.9	NaN	1749	NaN	1141	0	-4	358	0	0	0	405	-0	1141	-0	1114	-0	1141	0	1122	1.778	-0.711
108	NaN	1783	NaN	1157	0	-3	359	0	0	0	405	0	1105	0	1085	0	1097	-0	1092	1.717	-0.483
108.1	NaN	1678	NaN	1157	0	-2	360	0	0	0	405	-0	1067	0	1050	-0	1066	-0	1061	1.663	-0.596
108.2	NaN	1834	NaN	1107	0	-4	356	0	0	0	404	-0	1028	-0	1023	-0	1027	0	1034	1.619	-0.596
108.3	NaN	1647	NaN	1113	0	-1	362	0	0	0	405	-0	998	-0	982	-0	1003	0	996	1.562	-0.504
108.4	NaN	1809	NaN	1177	0	-3	361	0	0	0	406	-0	961	0	940	-0	958	-0	956	1.502	-0.643
108.5	NaN	1711	NaN	1152	0	-2	362	0	0	0	406	-0	924	-0	903	-0	926	0	916	1.444	-0.609
108.6	NaN	1789	NaN	1100	0	-2	360	0	0	0	405	-0	896	0	867	-0	893	0	873	1.382	-0.767
108.7	NaN	1713	NaN	1127	0	-1	361	0	0	0	404	-0	847	-0	839	0	855	0	841	1.331	-0.363
108.8	NaN	1746	NaN	1149	0	-1	359	0	0	0	406	0	824	-0	799	-0	826	0	806	1.267	-0.375
108.9	NaN	1757	NaN	1213	0	-2	357	0	0	0	403	-0	785	0	777	-0	788	0	787	1.225	-0.544
109	NaN	1687	NaN	1094	0	2	363	0	0	0	406	0	755	-0	742	-0	753	-0	755	1.173	-0.578
109.1	NaN	1814	NaN	1142	0	4	360	0	0	0	403	-0	716	0	720	0	720	-0	731	1.124	-0.423
109.2	NaN	1669	NaN	1126	0	6	359	0	0	0	406	-0	677	0	690	0	686	0	702	1.066	-0.429
109.3	NaN	1695	NaN	1098	0	7	360	0	0	0	403	0	650	-0	661	-0	649	0	671	1.021	-0.564
109.4	NaN	1803	NaN	1226	0	6	361	0	0	0	406	-0	616	0	628	-0	618	-0	639	0.969	-0.546
109.5	NaN	1706	NaN	1154	0	4	360	0	0	0	403	-0	592	-0	597	-0	590	0	604	0.916	-0.725
109.6	NaN	1727	NaN	1059	0	2	358	0	0	0	405	-0	563	-0	562	-0	559	-0	569	0.864	-0.55
109.7	NaN	1777	NaN	1100	0	2	360	0	0	0	404	-0	529	-0	531	0	533	0	536	0.81	-0.527
109.8	NaN	1720	NaN	1125	0	-1	359	0	0	0	404	-0	496	0	496	-0	502	0	499	0.761	-0.376
109.9	NaN	1702	NaN	1076	0	2	359	0	0	0	404	-0	469	0	470	-0	470	-0	473	0.711	-0.678
110	NaN	1719	NaN	1105	0	3	360	0	0	0	403	-0	439	0	439	0	436	-0	441	0.662	-0.545
110.1	NaN	1757	NaN	1222	0	2	361	0	0	0	404	0	407	0	410	-0	412	0	413	0.619	-0.474
110.2	NaN	1779	NaN	1146	0	0	361	0	0	0	405	0	378	-0	380	0	380	-0	385	0.568	-0.477
110.3	NaN	1681	NaN	1197	0	2	361	0	0	0	405	0	349	-0	350	-0	353	-0	356	0.523	-0.577
110.4	NaN	1649	NaN	1116	0	1	360	0	0	0	405	0	318	-0	321	0	321	0	327	0.478	-0.621
110.5	NaN	1700	NaN	1027	0	1	360	0	0	0	405	-0	286	-0	290	-0	286	-0	298	0.433	-0.603
110.6	NaN	1728	NaN	1016	0	0	361	0	0	0	406	0	261	0	265	0	267	0	265	0.382	-0.471
110.7	NaN	1769	NaN	1031	0	0	359	0	0	0	405	0	236	0	234	0	232	-0	235	0.337	-0.457
110.8	NaN	1804	NaN	1091	0	1	361	0	0	0	405	-0	200	0	203	-0	206	0	208	0.292	-0.538
110.9	NaN	1765	NaN	1191	0	1	360	0	0	0	405	-0	175	-0	178	-0	176	-0	177	0.245	-0.417
111	NaN	1714	NaN	1153	0	1	358	0	0	0	404	-0	146	-0	146	-0	148	0	154	0.2	-0.471
111.1	NaN	1696	NaN	1125	0	0	358	0	0	0	406	-0	124	-0	123	-0	122	0	124	0.159	-0.4
111.2	NaN	1660	NaN	1120	0	2	363	0	0	0	404	-0	94	0	95	-0	95	0	93	0.117	-0.565
111.3	NaN	1649	NaN	1159	0	2	360	0	0	0	406	0	67	-0	67	-0	70	0	70	0.076	-0.337
111.4	NaN	1633	NaN	1106	0	0	360	0	0	0	404	-0	44	-0	43	0	43	0	44	0.036	-0.357
111.5	NaN	1622	NaN	982	0	1	357	0	0	0	406	0	20	0	19	0	21	0	21	-0.003	-0.337
111.6	NaN	1623	NaN	953	0	0	358	0	0	0	401	0	-2	0	-1	0	-2	-0	-1	-0.041	-0.504
111.7	NaN	1626	NaN	956	0	0	359	0	0	0	403	0	-3	-0	-4	0	-4	0	-4	-0.042	0.009
111.8	NaN	1619	NaN	959	0	2	358	0	0	0	402	0	0	-0	1	0	0	0	0	-0.033	0.076
111.9	NaN	1618	NaN	958	0	2	363	0	0	0	407	0	-0	-0	-0	0	-0	0	-0	-0.038	0.068
112	NaN	1613	NaN	959	0	1	360	0	0	0	405	0	0	-0	-0	0	0	0	0	-0.035	-0.023
112.1	NaN	1617	NaN	959	0	3	359	0	0	0	407	0	-0	-0	-0	0	-0	0	-0	-0.034	-0.211
112.2	NaN	1615	NaN	958	0	0	359	0	0	0	405	-0	0	-0	0	0	0	0	0	-0.03	-0.004
112.3	NaN	1616	NaN	957	0	3	363	0	0	0	405	0	-0	-0	0	0	-0	-0	-0	-0.034	0.079
112.4	NaN	1607	NaN	957	0	0	362	0	0	0	404	0	0	-0	0	0	0	-0	0	-0.032	0.104
112.5	NaN	1607	NaN	955	0	2	359	0	0	0	405	0	-0	-0	-0	0	0	-0	-0	-0.032	-0.177
112.6	NaN	1617	NaN	957	0	3	359	0	0	0	404	0	-0	-0	0	0	0	0	0	-0.03	-0.13
112.7	NaN	1614	NaN	955	0	0	360	0	0	0	406	0	-0	-0	-0	0	-0	-0	-0	-0.029	-0.028
112.8	NaN	1606	NaN	957	0	2	360	0	0	0	406	0	0	-0	0	0	0	-0	0	-0.026	0.145
112.9	NaN	1608	NaN	954	0	2	361	0	0	0	403	0	0	-0	-0	0	0	0	0	-0.026	-0.042
113	NaN	1606	NaN	956	0	2	360	0	0	0	406	0	-0	-0	0	0	0	0	0	-0.024	-0.136
113.1	NaN	1600	NaN	955	0	2	362	0	0	0	405	0	-0	-0	0	0	-0	-0	-0	-0.025	-0.068
113.2	NaN	1600	NaN	956	0	2	362	0	0	0	406	0	0	0	0	0	-0	0	0	-0.023	0.096
113.3	NaN	1600	NaN	957	0	2	360	0	0	0	404	0	0	-0	0	0	0	-0	0	-0.025	0.121
113.4	NaN	1597	NaN	958	0	0	360	0	0	0	406	0	-0	-0	-0	0	-0	-0	0	-0.024	-0.165
113.5	NaN	1598	NaN	958	0	2	361	0	0	0	404	0	-0	-0	0	0	0	-0	0	-0.021	-0.076
113.6	NaN	1606	NaN	955	0	0	360	0	0	0	406	0	-0	0	0	0	-0	-0	-0	-0.019	-0.046
113.7	NaN	1606	NaN	953	0	-1	361	0	0	0	404	0	0	-0	0	0	0	-0	0	-0.02	0.181
113.8	NaN	1604	NaN	953	0	0	359	0	0	0	406	0	-0	0	-0	0	-0	0	-0	-0.021	-0.072
113.9	NaN	1594	NaN	955	0	2	361	0	0	0	404	0	0	-0	-0	0	0	0	0	-0.02	-0.087
114	NaN	1598	NaN	953	0	-1	357	0	0	0	407	0	-0	-0	-0	0	-0	-0	-1	-0.02	-0.188
114.1	NaN	1605	NaN	954	0	0	358	0	0	0	403	0	0	0	0	0	0	-0	0	-0.016	0.17
114.2	NaN	1597	NaN	952	0	3	361	0	0	0	406	0	-0	-0	-0	0	-0	-0	-0	-0.017	0.024
114.3	NaN	1600	NaN	954	0	3	359	0	0	0	405	0	0	0	0	0	0	-0	0	-0.013	-0.024
114.4	NaN	1595	NaN	953	0	2	362	0	0	0	405	0	-1	0	-0	0	-0	-0	-0	-0.014	-0.211
114.5	NaN	1592	NaN	951	0	2	361	0	0	0	404	0	0	0	0	0	0	-0	0	-0.01	-0.002
114.6	NaN	1595	NaN	952	0	1	359	0	0	0	405	0	-0	-0	-0	0	-0	0	-1	-0.01	0.129
114.7	NaN	1597	NaN	952	0	1	360	0	0	0	405	0	-0	-0	-0	0	-0	0	-0	-0.012	0.064
114.8	NaN	1598	NaN	950	0	3	360	0	0	0	406	0	-0	0	-0	0	-0	-0	-0	-0.01	-0.211
114.9	NaN	1601	NaN	952	0	2	358	0	0	0	406	-0	0	0	0	0	0	-0	0	-0.011	-0.066
115	NaN	1589	NaN	951	0	2	362	0	0	0	405	0	0	-0	2	0	0	0	1	-0.006	0.005
115.1	NaN	1592	NaN	951	0	0	361	0	0	0	406	0	-1	-0	-2	0	-1	-0	-2	-0.019	0.218
115.2	NaN	1593	NaN	951	0	2	360	0	0	0	404	0	0	-0	0	0	0	-0	1	-0.009	-0.078
115.3	NaN	1591	NaN	950	0	1	360	0	0	0	405	0	-0	0	-0	0	-0	-0	-0	-0.009	-0.137
115.4	NaN	1587	NaN	951	0	0	359	0	0	0	405	0	0	0	0	0	-0	-0	0	-0.006	-0.094
115.5	NaN	1587	NaN	950	0	2	362	0	0	0	405	-0	-0	0	-0	0	-0	-0	-1	-0.004	0.108
115.6	NaN	1599	NaN	951	0	0	357	0	0	0	404	0	0	-0	0	0	-0	-0	0	-0	0.076
115.7	NaN	1593	NaN	951	0	1	360	0	0	0	405	0	-0	0	-0	0	-0	-0	-0	-0.004	-0.048
115.8	NaN	1591	NaN	949	0	1	362	0	0	0	405	0	-0	-0	-0	0	0	0	0	0.001	-0.199
115.9	NaN	1588	NaN	951	0	2	361	0	0	0	406	0	-0	-0	-0	0	0	0	0	0.001	0
116	NaN	1589	NaN	949	0	2	361	0	0	0	404	0	0	0	0	0	-0	-0	0	0.005	0.058
116.1	NaN	1584	NaN	949	0	2	361	0	0	0	405	0	0	-0	-0	0	-0	0	-0	0.005	0.086
116.2	NaN	1587	NaN	949	0	2	361	0	0	0	405	0	0	-0	-0	0	0	-0	0	0.007	-0.085
116.3	NaN	1585	NaN	948	0	2	363	0	0	0	406	0	-0	0	-0	0	0	-0	0	0.003	-0.174
116.4	NaN	1583	NaN	949	0	1	358	0	0	0	404	0	0	-0	0	0	0	-0	0	0.006	-0.022
116.5	NaN	1587	NaN	948	0	0	363	0	0	0	406	0	0	-0	-0	0	-0	-0	-0	0.003	-0.017
116.6	NaN	1588	NaN	948	0	1	358	0	0	0	404	0	0	0	0	0	0	-0	-0	0.006	-0.095
116.7	NaN	1577	NaN	948	0	0	360	0	0	0	406	0	-0	-0	-0	0	0	0	0	0.006	-0.159
116.8	NaN	1588	NaN	947	0	2	358	0	0	0	405	0	-0	-0	-0	0	0	0	0	0.009	0.046
116.9	NaN	1585	NaN	947	0	1	358	0	0	0	405	0	-0	-0	0	0	-0	-0	-0	0.008	0.058
117	NaN	1577	NaN	947	0	0	359	0	0	0	405	0	0	0	0	0	-0	0	-0	0.01	0.032
117.1	NaN	1586	NaN	947	0	0	359	0	0	0	404	0	-0	-0	-0	0	-0	-0	-0	0.007	-0.157
117.2	NaN	1582	NaN	947	0	2	363	0	0	0	405	0	0	-0	-0	0	0	-0	-0	0.01	-0.074
117.3	NaN	1582	NaN	945	0	2	359	0	0	0	404	0	0	-0	-0	0	0	0	0	0.007	-0.011
117.4	NaN	1578	NaN	944	0	2	360	0	0	0	407	0	-0	0	0	0	-0	-0	0	0.01	0.137
117.5	NaN	1572	NaN	947	0	2	361	0	0	0	403	0	-0	-0	0	0	-0	0	-0	0.006	-0.068
117.6	NaN	1570	NaN	946	0	0	359	0	0	0	405	0	0	-0	-0	0	-0	-0	-0	0.007	-0.092
117.7	NaN	1575	NaN	945	0	0	359	0	0	0	402	0	0	-0	-0	0	0	-0	0	0.006	-0.09
117.8	NaN	1583	NaN	945	0	1	359	0	0	0	403	0	-0	-0	-0	0	0	0	-0	0.007	0.064
117.9	NaN	1585	NaN	945	0	1	359	0	0	0	404	0	-0	-0	0	0	0	0	0	0.004	0.037
118	NaN	1583	NaN	945	0	1	358	0	0	0	405	0	-0	0	0	0	-0	-0	-0	0.006	-0.06
118.1	NaN	1579	NaN	945	0	1	360	0	0	0	403	0	-0	-0	0	0	0	-0	-0	0.004	-0.092
118.2	NaN	1573	NaN	944	0	1	361	0	0	0	406	0	0	0	0	0	0	0	-0	0.006	-0.02
118.3	NaN	1580	NaN	944	0	3	362	0	0	0	405	0	-0	-0	-0	0	0	0	0	0.004	-0.008
118.4	NaN	1568	NaN	943	0	2	362	0	0	0	406	0	-0	0	-0	0	-0	-0	0	0.006	-0.007
118.5	NaN	1569	NaN	943	0	0	361	0	0	0	405	0	-0	-0	-0	0	0	0	0	0.004	-0.054
118.6	NaN	1579	NaN	944	0	1	361	0	0	0	406	0	-0	-0	0	0	-0	0	-0	0.006	-0.002
118.7	NaN	1567	NaN	942	0	2	360	0	0	0	404	0	-0	-0	-0	0	0	-0	0	0	-0.009
118.8	NaN	1576	NaN	942	0	0	359	0	0	0	405	0	-0	-0	-0	0	-0	0	-0	0.001	-0.046
118.9	NaN	1567	NaN	943	0	2	362	0	0	0	404	0	0	-0	-0	0	-0	-0	-0	-0.006	-0.023
119	NaN	1568	NaN	941	0	1	359	0	0	0	407	0	0	0	0	0	0	-0	0	-0.004	-0.063
119.1	NaN	1575	NaN	942	0	0	359	0	0	0	406	0	0	0	-0	0	0	-0	0	-0.006	0.094
119.2	NaN	1567	NaN	941	0	1	360	0	0	0	405	0	0	0	0	0	-0	0	-0	-0.005	-0.041
119.3	NaN	1568	NaN	941	0	2	361	0	0	0	406	0	0	-0	-0	0	0	0	0	-0.005	-0.085
119.4	NaN	1571	NaN	941	0	1	361	0	0	0	402	0	0	0	0	0	0	0	-0	-0.004	-0.125
119.5	NaN	1574	NaN	941	0	2	360	0	0	0	405	0	0	-0	-0	0	0	0	0	-0.002	0.02
119.6	NaN	1569	NaN	944	0	0	361	0	0	0	404	0	0	-0	-0	0	-0	-0	0	-0.001	0.079
119.7	NaN	1563	NaN	944	0	2	362	0	0	0	406	0	-0	0	-0	0	-0	0	0	-0.003	0.057
119.8	NaN	1566	NaN	943	0	1	363	0	0	0	405	0	0	-0	0	0	0	-0	-0	-0.002	-0.171
119.9	NaN	1575	NaN	939	0	3	363	0	0	0	406	0	-0	-0	-0	0	0	-0	-0	-0.004	-0.088
120	NaN	1572	NaN	939	0	2	361	0	0	0	404	0	0	0	0	0	0	-0	0	-0.001	-0.007
120.1	NaN	1559	NaN	939	0	2	361	0	0	0	406	0	-0	0	-0	0	-0	0	-0	-0.001	0.176
120.2	NaN	1574	NaN	938	0	0	360	0	0	0	404	-0	-0	0	0	0	-0	-0	-0	0	-0.075
120.3	NaN	1566	NaN	939	0	2	360	0	0	0	405	0	-0	-0	0	0	-0	-0	-0	-0.005	-0.133
120.4	NaN	1565	NaN	938	0	2	362	0	0	0	403	0	0	-0	0	0	0	0	0	-0.002	-0.152
120.5	NaN	1565	NaN	937	0	2	361	0	0	0	406	0	-0	-0	-0	0	0	-0	-0	-0.005	0.111
120.6	NaN	1566	NaN	936	0	0	362	0	0	0	405	0	0	-0	-0	0	-0	-0	-0	-0.002	0.064
120.7	NaN	1564	NaN	938	0	1	359	0	0	0	407	-0	-0	0	-0	0	-0	-0	-0	-0.001	0.014
120.8	NaN	1561	NaN	940	0	1	362	0	0	0	404	0	0	-0	0	0	-0	-0	0	0	-0.198
120.9	NaN	1560	NaN	938	0	2	359	0	0	0	404	0	-0	0	-0	0	-0	-0	0	-0.001	-0.012
121	NaN	1563	NaN	937	0	2	359	0	0	0	405	0	0	0	-0	0	0	-0	0	0.001	-0.004
121.1	NaN	1559	NaN	937	0	1	363	0	0	0	406	-0	-0	-0	-0	0	0	-0	-0	-0.002	0.098
121.2	NaN	1564	NaN	937	0	2	361	0	0	0	404	0	0	-0	0	0	0	-0	0	-0	-0.105
121.3	NaN	1562	NaN	938	0	1	357	0	0	0	405	0	0	0	-0	0	-0	0	-0	0	-0.026
121.4	NaN	1550	NaN	935	0	1	362	0	0	0	405	0	0	0	-0	0	-0	-0	0	0.001	-0.061
121.5	NaN	1553	NaN	936	0	1	360	0	0	0	406	0	0	-0	-0	0	-0	0	0	-0.004	0.025
121.6	NaN	1570	NaN	936	0	3	360	0	0	0	405	0	0	-0	-0	0	0	-0	0	-0.003	-0.067
121.7	NaN	1559	NaN	934	0	2	361	0	0	0	405	0	-0	-0	0	0	0	0	0	-0.007	-0.03
121.8	NaN	1568	NaN	935	0	2	361	0	0	0	405	0	0	-0	-0	0	-0	-0	-0	-0.004	-0.019
121.9	NaN	1562	NaN	934	0	1	360	0	0	0	404	0	-0	-0	-0	0	-0	-0	-0	-0.007	0.046
122	NaN	1554	NaN	934	0	2	361	0	0	0	404	-0	-0	0	0	0	0	-0	-0	-0.005	-0.058
122.1	NaN	1554	NaN	934	0	2	360	0	0	0	403	0	0	0	0	0	0	0	-0	-0.006	-0.029
122.2	NaN	1552	NaN	934	0	1	361	0	0	0	407	0	0	0	0	0	-0	-0	-0	-0.004	-0.028
122.3	NaN	1547	NaN	933	0	1	361	0	0	0	405	0	-0	0	-0	0	-0	-0	-0	-0.005	0.093
122.4	NaN	1556	NaN	933	0	2	359	0	0	0	403	0	0	-0	0	0	0	-0	0	-0.003	-0.016
122.5	NaN	1557	NaN	933	0	2	361	0	0	0	404	0	0	-0	0	0	0	0	-0	-0.006	-0.085
122.6	NaN	1554	NaN	933	0	1	361	0	0	0	405	0	0	-0	0	0	-0	0	0	-0.004	-0.126
122.7	NaN	1547	NaN	932	0	3	362	0	0	0	405	0	0	0	-0	0	-0	-0	-0	-0.006	-0.005
122.8	NaN	1555	NaN	934	0	3	364	0	0	0	405	0	0	0	-0	0	0	-0	0	-0.002	0.131
122.9	NaN	1553	NaN	933	0	1	363	0	0	0	403	0	0	-0	-0	0	0	0	0	-0.007	0.004
123	NaN	1555	NaN	933	0	2	360	0	0	0	406	0	0	0	0	0	-0	-0	0	-0.006	-0.142
123.1	NaN	1552	NaN	931	0	2	360	0	0	0	404	0	0	0	0	0	-0	0	-0	-0.008	-0.124
123.2	NaN	1547	NaN	933	0	2	363	0	0	0	404	0	0	0	0	0	-0	-0	0	-0.005	0.053
123.3	NaN	1553	NaN	932	0	3	361	0	0	0	403	0	-0	0	-0	0	0	-0	0	-0.008	0.138
123.4	NaN	1546	NaN	933	0	2	362	0	0	0	406	0	-0	-0	0	0	0	-0	0	-0.006	-0.011
123.5	NaN	1546	NaN	931	0	2	361	0	0	0	404	0	-0	-0	0	0	0	-0	-0	-0.01	-0.181
123.6	NaN	1544	NaN	931	0	2	361	0	0	0	404	0	-0	-0	0	0	-0	-0	-0	-0.008	-0.081
123.7	NaN	1550	NaN	933	0	1	357	0	0	0	403	0	0	-0	-0	0	-0	0	-0	-0.009	0.045
123.8	NaN	1546	NaN	931	0	2	362	0	0	0	405	0	0	-0	0	-0	0	-0	0	-0.008	0.146
123.9	NaN	1543	NaN	930	0	2	362	0	0	0	406	0	-0	0	0	-0	0	0	-0	-0.011	-0.112
124	NaN	1548	NaN	930	0	2	359	0	0	0	405	0	0	-0	0	0	0	-0	0	-0.009	-0.122
124.1	NaN	1553	NaN	930	0	2	359	0	0	0	407	0	-0	-0	-0	0	-0	-0	-0	-0.011	-0.064
124.2	NaN	1546	NaN	929	0	0	361	0	0	0	404	0	-0	-0	-0	0	0	-0	0	-0.009	0.123
124.3	NaN	1548	NaN	931	0	0	358	0	0	0	406	0	0	0	-0	0	0	0	0	-0.014	-0.028
124.4	NaN	1549	NaN	929	0	1	358	0	0	0	404	0	-0	0	0	0	0	-0	0	-0.012	-0.032
124.5	NaN	1550	NaN	930	0	3	358	0	0	0	405	0	-0	0	-0	0	-0	0	-0	-0.011	-0.147
124.6	NaN	1552	NaN	930	0	1	360	0	0	0	402	0	-0	0	0	0	-0	0	0	-0.008	0.044
124.7	NaN	1545	NaN	929	0	2	363	0	0	0	405	0	-0	0	-0	0	0	-0	0	-0.01	-0.001
124.8	NaN	1537	NaN	930	0	2	360	0	0	0	405	0	-0	0	0	0	0	0	0	-0.009	0.079
124.9	NaN	1548	NaN	928	0	0	356	0	0	0	405	0	-0	0	0	0	0	-0	-0	-0.012	-0.135
125	NaN	1543	NaN	928	0	2	361	0	0	0	405	0	-0	0	0	0	-0	0	-0	-0.011	-0.011
125.1	NaN	1547	NaN	928	0	1	359	0	0	0	406	0	0	-0	-0	0	0	0	0	-0.011	-0.042
125.2	NaN	1538	NaN	927	0	0	359	0	0	0	404	0	-0	-0	-0	0	0	0	-0	-0.01	0.025
125.3	NaN	1542	NaN	929	0	0	361	0	0	0	406	0	-0	-0	0	0	0	-0	0	-0.01	-0.051
125.4	NaN	1543	NaN	928	0	3	361	0	0	0	404	0	-0	0	0	0	0	0	0	-0.009	-0.034
125.5	NaN	1543	NaN	928	0	0	359	0	0	0	404	0	0	-0	0	0	0	-0	0	-0.01	0.008
125.6	NaN	1543	NaN	929	0	3	361	0	0	0	406	0	-0	0	-0	0	-0	0	-0	-0.01	-0.005
125.7	NaN	1545	NaN	929	0	2	360	0	0	0	405	0	0	-0	0	0	0	-0	0	-0.012	-0.02
125.8	NaN	1538	NaN	930	0	1	361	0	0	0	403	0	-0	-0	0	0	-0	-0	-0	-0.011	-0.043
125.9	NaN	1542	NaN	929	0	0	359	0	0	0	406	0	0	-0	0	0	0	-0	0	-0.01	0.006
126	NaN	1543	NaN	930	0	2	358	0	0	0	404	0	0	-0	-0	0	-0	-0	-0	-0.01	0.016
126.1	NaN	1540	NaN	929	0	2	360	0	0	0	405	-0	-0	-0	0	0	0	0	0	-0.015	-0.021
126.2	NaN	1536	NaN	929	0	0	363	0	0	0	406	-0	-0	0	0	0	-0	-0	-0	-0.014	-0.137
126.3	NaN	1529	NaN	927	0	0	361	0	0	0	406	0	0	0	0	0	-0	-0	-0	-0.015	-0.013
126.4	NaN	1535	NaN	929	0	0	359	0	0	0	405	0	-0	-0	0	0	0	0	0	-0.014	0.032
126.5	NaN	1531	NaN	927	0	1	361	0	0	0	404	0	0	0	0	0	-0	-0	0	-0.014	0.133
126.6	NaN	1540	NaN	925	0	2	358	0	0	0	406	0	-0	-0	0	0	-0	-0	-0	-0.014	-0.158
126.7	NaN	1539	NaN	925	0	-0	359	0	0	0	405	0	-0	-0	0	0	0	0	0	-0.012	-0.105
126.8	NaN	1540	NaN	926	0	0	359	0	0	0	406	0	-0	0	-0	0	-0	0	-0	-0.011	-0.068
126.9	NaN	1533	NaN	925	0	0	358	0	0	0	404	0	-0	0	-0	0	-0	-0	0	-0.011	0.172
127	NaN	1528	NaN	925	0	3	362	0	0	0	405	0	0	0	-0	0	0	-0	0	-0.01	0.003
127.1	NaN	1531	NaN	925	0	0	359	0	0	0	405	0	0	0	-0	0	0	-0	0	-0.01	-0.096
127.2	NaN	1531	NaN	925	0	1	361	0	0	0	406	0	0	0	-0	0	-0	-0	-0	-0.009	-0.174
127.3	NaN	1534	NaN	923	0	2	360	0	0	0	405	0	-0	0	0	0	-0	0	-0	-0.011	0.06
127.4	NaN	1528	NaN	925	0	1	359	0	0	0	406	0	0	-0	0	0	0	0	0	-0.009	0.063
127.5	NaN	1543	NaN	924	0	0	359	0	0	0	403	0	0	-0	-0	0	0	0	0	-0.007	0.06
127.6	NaN	1529	NaN	921	0	2	362	0	0	0	404	0	0	-0	-0	0	-0	0	-0	-0.008	-0.179
127.7	NaN	1526	NaN	922	0	2	362	0	0	0	404	0	0	-0	0	0	0	0	0	-0.009	-0.108
127.8	NaN	1528	NaN	922	0	2	361	0	0	0	404	0	-0	-0	0	0	-0	-0	-0	-0.009	0.064
127.9	NaN	1527	NaN	924	0	1	362	0	0	0	404	0	-0	0	-0	0	-0	-0	-0	-0.008	0.218
128	NaN	1520	NaN	921	0	2	363	0	0	0	405	0	-1	-0	-1	0	-0	0	-0	-0.011	-0.032
128.1	NaN	1526	NaN	922	0	2	361	0	0	0	404	0	-0	0	-0	0	-0	-0	-0	-0.013	-0.154
128.2	NaN	1529	NaN	923	0	3	360	0	0	0	407	0	-0	-0	0	0	-0	0	-0	-0.011	-0.033
128.3	NaN	1524	NaN	922	0	0	361	0	0	0	405	0	0	-0	0	0	0	-0	-0	-0.012	0.056
128.4	NaN	1531	NaN	923	0	2	360	0	0	0	405	0	0	-0	-0	0	-0	0	-0	-0.012	0.071
128.5	NaN	1521	NaN	922	0	3	361	0	0	0	405	0	0	-0	-0	0	0	-0	0	-0.013	-0.096
128.6	NaN	1528	NaN	923	0	1	360	0	0	0	404	0	-0	0	-0	0	-0	-0	-0	-0.012	-0.03
128.7	NaN	1528	NaN	922	0	0	360	0	0	0	407	0	0	-0	0	0	0	0	-0	-0.015	-0.042
128.8	NaN	1523	NaN	921	0	1	361	0	0	0	404	0	0	-0	-0	0	0	0	0	-0.013	0.043
128.9	NaN	1528	NaN	923	0	0	359	0	0	0	405	0	-0	-0	0	0	-0	0	-0	-0.015	-0.074
129	NaN	1517	NaN	922	0	3	362	0	0	0	404	0	-0	-0	-0	0	-0	-0	-0	-0.014	0.131
129.1	NaN	1524	NaN	922	0	1	361	0	0	0	406	0	-0	-0	0	0	-0	0	-0	-0.015	-0.138
129.2	NaN	1525	NaN	922	0	1	360	0	0	0	401	0	0	0	0	0	0	0	0	-0.011	0.034
129.3	NaN	1527	NaN	921	0	1	358	0	0	0	405	0	-0	0	-0	0	-0	-0	-0	-0.014	-0.025
129.4	NaN	1528	NaN	922	0	1	357	0	0	0	405	0	0	-0	0	0	-0	-0	0	-0.011	-0.048
129.5	NaN	1524	NaN	923	0	2	360	0	0	0	404	0	-0	0	0	0	-0	0	-0	-0.013	-0.041
129.6	NaN	1525	NaN	922	0	2	360	0	0	0	403	0	0	0	0	0	0	0	0	-0.011	0.001
129.7	NaN	1516	NaN	920	0	1	357	0	0	0	406	0	-0	-0	-0	0	-0	0	-0	-0.013	0.007
129.8	NaN	1519	NaN	921	0	3	361	0	0	0	404	0	0	-0	0	0	0	-0	0	-0.012	-0.132
129.9	NaN	1518	NaN	922	0	2	359	0	0	0	407	-0	-0	-0	-0	0	-0	-0	-0	-0.014	-0.001
130	NaN	1521	NaN	923	0	2	362	0	0	0	404	0	-0	-0	-0	0	-0	-0	-0	-0.013	-0.044
130.1	NaN	1527	NaN	922	0	0	361	0	0	0	405	0	0	-0	-0	0	-0	-0	-0	-0.014	0.038
130.2	NaN	1524	NaN	923	0	2	358	0	0	0	405	0	0	-0	0	0	0	0	0	-0.013	-0.117
130.3	NaN	1517	NaN	920	0	1	359	0	0	0	406	0	0	0	-0	0	0	0	-0	-0.014	-0.088
130.4	NaN	1515	NaN	921	0	1	361	0	0	0	402	0	0	-0	0	0	0	-0	-0	-0.013	0.001
130.5	NaN	1520	NaN	921	0	1	360	0	0	0	403	0	-0	0	0	0	-0	0	-0	-0.014	0.109
130.6	NaN	1513	NaN	922	0	2	361	0	0	0	404	0	-0	0	-0	0	-0	0	-0	-0.014	0.007
130.7	NaN	1514	NaN	921	0	2	360	0	0	0	406	0	-0	0	-0	0	0	0	0	-0.014	-0.148
130.8	NaN	1520	NaN	921	0	2	360	0	0	0	405	0	0	-0	-0	0	0	-0	-0	-0.014	-0.03
130.9	NaN	1523	NaN	921	0	0	361	0	0	0	406	0	-0	0	0	0	-0	-0	-0	-0.015	-0.025
131	NaN	1513	NaN	919	0	1	361	0	0	0	406	0	0	0	0	0	-0	-0	0	-0.013	0.024
131.1	NaN	1520	NaN	920	0	0	359	0	0	0	406	0	-0	-0	0	0	0	-0	0	-0.012	-0.028
131.2	NaN	1518	NaN	918	0	0	359	0	0	0	405	0	0	-0	-0	0	0	-0	-0	-0.011	-0.046
131.3	NaN	1518	NaN	917	0	-0	360	0	0	0	405	0	-0	-0	0	0	-0	-0	0	-0.013	-0.041
131.4	NaN	1517	NaN	918	0	-0	358	0	0	0	406	0	0	-0	-0	0	-0	0	-0	-0.012	0.087
131.5	NaN	1523	NaN	917	0	0	359	0	0	0	404	0	0	-0	-0	0	-0	0	-0	-0.015	-0.006
131.6	NaN	1521	NaN	917	0	0	359	0	0	0	406	0	-0	0	-0	0	-0	-0	-0	-0.015	-0.031
131.7	NaN	1508	NaN	917	0	1	359	0	0	0	404	0	-0	-0	-0	0	0	0	0	-0.014	-0.121
131.8	NaN	1515	NaN	917	0	2	361	0	0	0	405	0	0	0	0	0	0	0	0	-0.013	0.021
131.9	NaN	1523	NaN	916	0	0	358	0	0	0	404	0	0	-0	0	0	-0	0	-0	-0.013	0.067
132	NaN	1503	NaN	916	0	2	362	0	0	0	405	0	0	-0	0	0	-0	0	0	-0.012	0.036
132.1	NaN	1512	NaN	915	0	2	358	0	0	0	404	-0	-0	-0	-0	0	-0	-0	-0	-0.015	-0.11
132.2	NaN	1516	NaN	915	0	1	361	0	0	0	406	0	-0	0	0	0	0	-0	0	-0.014	-0.122
132.3	NaN	1517	NaN	913	0	0	360	0	0	0	402	0	-0	-0	0	0	-0	-0	-0	-0.013	0.077
132.4	NaN	1507	NaN	916	0	2	360	0	0	0	405	0	0	-0	0	0	-0	0	-0	-0.013	0.052
132.5	NaN	1513	NaN	915	0	1	361	0	0	0	404	0	0	0	-0	0	0	0	-0	-0.014	0.018
132.6	NaN	1516	NaN	914	0	0	358	0	0	0	406	0	-0	-0	-0	0	0	0	0	-0.014	-0.194
132.7	NaN	1509	NaN	914	0	2	362	0	0	0	405	0	-0	-0	-0	0	-0	0	0	-0.015	-0.059
132.8	NaN	1510	NaN	914	0	2	361	0	0	0	406	0	-0	-0	0	0	-0	0	-0	-0.014	0.05
132.9	NaN	1507	NaN	914	0	2	362	0	0	0	404	0	0	-0	0	0	-0	-0	-0	-0.015	0.113
133	NaN	1507	NaN	914	0	2	362	0	0	0	405	0	-0	0	0	0	-0	0	-0	-0.014	-0.04
133.1	NaN	1508	NaN	912	0	1	360	0	0	0	405	0	-0	0	-0	0	0	0	0	-0.014	-0.132
133.2	NaN	1506	NaN	913	0	0	361	0	0	0	403	0	-0	-0	0	0	-0	-0	-0	-0.013	0.006
133.3	NaN	1511	NaN	912	0	2	361	0	0	0	406	0	0	-0	0	0	0	-0	0	-0.014	-0.035
133.4	NaN	1507	NaN	914	0	1	359	0	0	0	404	0	0	-0	-0	0	-0	0	-0	-0.014	0.026
133.5	NaN	1510	NaN	913	0	1	361	0	0	0	406	0	-0	-0	0	0	-0	0	0	-0.017	-0.09
133.6	NaN	1509	NaN	914	0	1	359	0	0	0	404	0	0	-0	0	0	0	-0	0	-0.017	0.03
133.7	NaN	1504	NaN	914	0	0	361	0	0	0	406	0	-0	-0	-0	0	-0	-0	-0	-0.017	-0.017
133.8	NaN	1502	NaN	915	0	3	361	0	0	0	405	-0	-0	0	-0	0	0	0	-0	-0.017	-0.057
133.9	NaN	1501	NaN	915	0	1	362	0	0	0	404	0	-0	-0	-0	0	-0	0	-0	-0.016	-0.029
134	NaN	1500	NaN	915	0	0	361	0	0	0	405	0	0	-0	0	0	0	-0	0	-0.015	-0.067
134.1	NaN	1501	NaN	911	0	1	359	0	0	0	404	0	0	0	0	0	-0	0	0	-0.013	0.157
134.2	NaN	1508	NaN	911	0	1	359	0	0	0	403	0	0	-0	0	-0	0	-0	-0	-0.013	-0.066
134.3	NaN	1499	NaN	911	0	2	358	0	0	0	405	0	-0	0	-0	0	0	0	0	-0.016	-0.116
134.4	NaN	1496	NaN	909	0	0	359	0	0	0	406	0	0	-0	0	0	0	-0	0	-0.015	-0.114
134.5	NaN	1506	NaN	911	0	1	361	0	0	0	404	0	-0	-0	-0	0	-0	0	-0	-0.018	0.089
134.6	NaN	1509	NaN	910	0	2	362	0	0	0	404	0	0	-0	0	0	-0	0	-0	-0.016	0.097
134.7	NaN	1490	NaN	910	0	1	359	0	0	0	405	0	-0	-0	-0	0	0	0	0	-0.018	-0.066
134.8	NaN	1502	NaN	911	0	1	360	0	0	0	405	0	-0	-0	-0	0	0	0	-0	-0.017	-0.119
134.9	NaN	1501	NaN	911	0	0	356	0	0	0	406	0	-0	-0	0	0	0	-0	0	-0.02	-0.096
135	NaN	1503	NaN	909	0	0	359	0	0	0	404	0	0	0	-0	0	-0	0	-0	-0.019	0.114
135.1	NaN	1498	NaN	908	0	2	360	0	0	0	405	0	-0	0	-0	0	-0	-0	-0	-0.023	-0.005
135.2	NaN	1501	NaN	908	0	1	359	0	0	0	404	0	0	0	-0	0	0	0	-0	-0.023	-0.025
135.3	NaN	1492	NaN	907	0	0	361	0	0	0	405	0	0	-0	0	0	0	0	0	-0.021	-0.1
135.4	NaN	1489	NaN	907	0	1	358	0	0	0	404	0	-0	0	-0	0	-0	-0	-0	-0.02	-0.008
135.5	NaN	1502	NaN	906	0	0	357	0	0	0	406	0	0	-0	0	0	-0	-0	-0	-0.019	0.02
135.6	NaN	1498	NaN	904	0	0	359	0	0	0	405	0	-0	0	-0	0	-0	0	0	-0.018	-0.078
135.7	NaN	1492	NaN	905	0	3	362	0	0	0	406	-0	0	-0	-0	0	-0	0	-0	-0.018	-0.011
135.8	NaN	1497	NaN	907	0	-0	358	0	0	0	405	0	0	0	0	0	0	0	0	-0.016	0.012
135.9	NaN	1497	NaN	906	0	0	359	0	0	0	405	0	-0	0	-0	0	-0	-0	-0	-0.017	-0.043
136	NaN	1493	NaN	906	0	2	361	0	0	0	406	0	0	-0	0	0	-0	0	0	-0.016	0.017
136.1	NaN	1502	NaN	905	0	0	359	0	0	0	405	0	0	-0	-0	0	0	0	0	-0.015	-0.088
136.2	NaN	1502	NaN	906	0	0	357	0	0	0	405	0	0	-0	0	0	0	-0	0	-0.013	0.102
136.3	NaN	1490	NaN	906	0	1	360	0	0	0	404	0	-0	0	-0	0	0	0	0	-0.015	-0.079
136.4	NaN	1489	NaN	905	0	3	362	0	0	0	405	0	0	-0	0	0	0	0	0	-0.014	-0.042
136.5	NaN	1486	NaN	905	0	2	360	0	0	0	404	0	-0	0	-0	0	-0	0	-0	-0.016	-0.044
136.6	NaN	1495	NaN	905	0	1	363	0	0	0	406	0	-0	-0	-0	0	-0	0	-0	-0.015	0.06
136.7	NaN	1493	NaN	906	0	1	357	0	0	0	404	0	0	0	0	0	-0	-0	0	-0.017	0.069
136.8	NaN	1502	NaN	905	0	1	358	0	0	0	406	0	-0	0	-0	0	-0	-0	-0	-0.017	-0.101
136.9	NaN	1491	NaN	905	0	2	360	0	0	0	404	0	0	-0	0	0	0	0	0	-0.017	-0.11
137	NaN	1496	NaN	906	0	1	358	0	0	0	405	0	-0	-0	-0	0	0	-0	0	-0.016	-0.068
137.1	NaN	1488	NaN	908	0	0	360	0	0	0	404	0	-0	0	-0	0	0	-0	-0	-0.018	0.162
137.2	NaN	1488	NaN	907	0	2	361	0	0	0	407	0	0	-0	0	0	-0	-0	0	-0.017	0.026
137.3	NaN	1493	NaN	908	0	2	360	0	0	0	404	0	0	-0	-0	0	-0	-0	-0	-0.019	-0.076
137.4	NaN	1485	NaN	908	0	2	360	0	0	0	406	0	0	0	0	0	0	0	0	-0.019	-0.177
137.5	NaN	1487	NaN	905	0	3	361	0	0	0	402	0	-0	-0	0	0	0	0	-0	-0.019	0.052
137.6	NaN	1482	NaN	909	0	2	361	0	0	0	406	0	-0	0	-0	0	-0	-0	-0	-0.019	0.09
137.7	NaN	1487	NaN	908	0	0	362	0	0	0	404	0	-0	0	0	0	-0	0	0	-0.02	0.019
137.8	NaN	1490	NaN	906	0	1	360	0	0	0	406	0	-0	0	0	0	-0	-0	-0	-0.021	-0.13
137.9	NaN	1479	NaN	904	0	2	363	0	0	0	405	0	0	-0	0	0	0	0	0	-0.021	-0.083
138	NaN	1488	NaN	904	0	0	361	0	0	0	406	0	0	-0	-0	0	0	0	0	-0.019	0.076
138.1	NaN	1482	NaN	903	0	1	360	0	0	0	405	0	0	-0	-0	0	-0	0	-0	-0.02	0.051
138.2	NaN	1481	NaN	901	0	2	361	0	0	0	404	0	0	0	0	-0	-0	0	0	-0.018	-0.009
138.3	NaN	1487	NaN	902	0	-1	361	0	0	0	405	-0	0	-0	0	0	0	0	-0	-0.017	-0.104
138.4	NaN	1485	NaN	904	0	1	361	0	0	0	406	-0	0	-0	0	0	0	0	-0	-0.016	0.035
138.5	NaN	1479	NaN	903	0	2	361	0	0	0	406	0	0	-0	0	0	0	-0	0	-0.019	-0.053
138.6	NaN	1488	NaN	902	0	2	358	0	0	0	406	0	-0	0	-0	0	-0	0	-0	-0.018	0.052
138.7	NaN	1491	NaN	903	0	0	358	0	0	0	406	0	-0	-0	-0	0	-0	-0	0	-0.018	-0.09
138.8	NaN	1483	NaN	901	0	0	361	0	0	0	404	0	-0	-0	-0	0	-0	0	0	-0.018	0.013
138.9	NaN	1487	NaN	901	0	2	360	0	0	0	403	0	-0	-0	-0	0	0	-0	0	-0.015	-0.017
139	NaN	1481	NaN	902	0	1	361	0	0	0	405	-0	0	-0	0	0	0	-0	-0	-0.014	-0.028
139.1	NaN	1489	NaN	900	0	0	358	0	0	0	406	0	0	0	-0	0	0	-0	0	-0.012	0.012
139.2	NaN	1485	NaN	900	0	1	359	0	0	0	404	0	-0	0	-0	0	-0	0	-0	-0.014	-0.083
139.3	NaN	1479	NaN	898	0	0	361	0	0	0	406	0	0	-0	-0	0	0	-0	0	-0.015	0.045
139.4	NaN	1492	NaN	900	0	0	358	0	0	0	404	0	0	-0	-0	0	0	-0	0	-0.016	-0.05
139.5	NaN	1480	NaN	900	0	3	360	0	0	0	406	0	-0	-0	-0	0	0	0	-0	-0.017	-0.043
139.6	NaN	1484	NaN	899	0	0	360	0	0	0	405	0	0	0	-0	0	0	-0	0	-0.016	-0.084
139.7	NaN	1482	NaN	899	0	3	362	0	0	0	405	0	-0	-0	-0	0	-0	-0	-0	-0.015	0.029
139.8	NaN	1477	NaN	899	0	3	361	0	0	0	404	0	-0	0	0	0	0	-0	0	-0.014	0.034
139.9	NaN	1478	NaN	899	0	1	361	0	0	0	406	0	-0	0	-0	0	-0	-0	-0	-0.016	-0.015
140	NaN	1470	NaN	900	0	1	359	0	0	0	404	0	0	0	0	0	-0	-0	-0	-0.016	-0.151
140.1	NaN	1474	NaN	899	0	2	361	0	0	0	407	0	-0	-0	0	0	-0	0	0	-0.017	-0.005
140.2	NaN	1469	NaN	898	0	2	360	0	0	0	405	0	-0	0	-0	0	0	-0	-0	-0.016	0.062
140.3	NaN	1478	NaN	897	0	2	359	0	0	0	404	0	0	-0	-0	0	0	0	-0	-0.017	0.046
140.4	NaN	1479	NaN	897	0	2	362	0	0	0	404	0	-0	0	0	0	0	-0	-0	-0.017	-0.034
140.5	NaN	1470	NaN	898	0	1	358	0	0	0	406	0	0	0	0	0	-0	0	0	-0.022	-0.169
140.6	NaN	1475	NaN	898	0	1	360	0	0	0	404	0	0	-0	0	0	0	0	-0	-0.021	0.008
140.7	NaN	1472	NaN	897	0	2	360	0	0	0	406	0	0	-0	-0	0	0	-0	0	-0.02	0.109
140.8	NaN	1478	NaN	898	0	1	360	0	0	0	402	0	-0	-0	0	0	0	-0	-0	-0.02	0.079
140.9	NaN	1477	NaN	898	0	0	360	0	0	0	406	0	-0	-0	0	-0	-0	-0	0	-0.02	-0.139
141	NaN	1478	NaN	897	0	1	358	0	0	0	407	0	-0	0	0	0	-0	0	-0	-0.021	-0.135
141.1	NaN	1484	NaN	898	0	0	357	0	0	0	407	-0	0	0	0	0	0	0	0	-0.04	0.038
141.2	NaN	1478	NaN	896	0	0	360	0	0	0	406	0	-0	-0	-0	0	0	0	-0	-0.041	0.085
141.3	NaN	1472	NaN	898	0	1	361	0	0	0	403	0	-0	0	0	0	0	-0	0	-0.037	0.016
141.4	NaN	1467	NaN	897	0	2	361	0	0	0	405	0	-0	0	0	0	0	-0	0	-0.038	-0.198
141.5	NaN	1476	NaN	897	0	2	360	0	0	0	403	0	-1	0	-2	0	-1	0	-2	-0.058	0.076
141.6	NaN	1469	NaN	899	0	2	361	0	0	0	406	-0	-1	0	-2	0	-1	0	-1	-0.057	0.073
141.7	NaN	1478	NaN	900	0	2	360	0	0	0	404	0	0	-0	0	0	0	0	1	-0.057	0.043
141.8	NaN	1476	NaN	901	0	2	359	0	0	0	406	0	-0	0	1	0	-0	0	0	-0.057	-0.072
141.9	NaN	1479	NaN	899	0	1	358	0	0	0	404	0	0	0	1	0	-0	0	0	-0.053	-0.148
142	NaN	1471	NaN	899	0	2	360	0	0	0	405	0	0	0	-0	0	0	-0	0	-0.053	0.021
142.1	NaN	1467	NaN	899	0	2	358	0	0	0	404	0	-0	0	0	0	0	0	0	-0.052	0.014
142.2	NaN	1477	NaN	898	0	0	359	0	0	0	407	0	0	0	0	0	0	0	0	-0.052	0.029
142.3	NaN	1470	NaN	897	0	2	360	0	0	0	405	0	0	0	-0	0	0	-0	0	-0.05	-0.123
142.4	NaN	1462	NaN	897	0	2	362	0	0	0	405	0	0	0	-0	0	-0	0	0	-0.05	0.006
142.5	NaN	1464	NaN	899	0	2	362	0	0	0	405	0	-0	0	0	0	0	0	0	-0.046	-0.023
142.6	NaN	1476	NaN	899	0	0	358	0	0	0	406	-0	0	-0	-0	0	0	0	-0	-0.047	-0.026
142.7	NaN	1463	NaN	899	0	2	362	0	0	0	402	0	-0	-0	0	0	0	0	-0	-0.043	-0.002
142.8	NaN	1476	NaN	898	0	0	359	0	0	0	406	0	-0	0	0	0	0	-0	-0	-0.043	-0.058
142.9	NaN	1474	NaN	896	0	1	359	0	0	0	405	-0	-0	0	-0	0	0	-0	0	-0.042	0.064
143	NaN	1469	NaN	897	0	0	358	0	0	0	406	0	-0	0	0	0	0	0	0	-0.043	-0.082
143.1	NaN	1459	NaN	895	0	0	357	0	0	0	403	0	0	0	0	-0	0	0	0	-0.039	-0.033
143.2	NaN	1458	NaN	897	0	2	364	0	0	0	406	0	-0	0	-0	0	-0	-0	-0	-0.04	-0.085
143.3	NaN	1460	NaN	896	0	2	360	0	0	0	405	0	-0	0	0	0	0	-0	0	-0.035	0.068
143.4	NaN	1471	NaN	896	0	2	359	0	0	0	405	0	-0	-0	-0	-0	0	-0	-0	-0.036	0.131
143.5	NaN	1464	NaN	898	0	1	360	0	0	0	407	0	0	-0	-0	0	-0	-0	-0	-0.036	-0.228
143.6	NaN	1469	NaN	896	0	2	360	0	0	0	405	0	-0	-0	-0	0	0	-0	-1	-0.035	-0.192
143.7	NaN	1466	NaN	899	0	0	359	0	0	0	405	0	-0	-0	-1	0	-0	0	-0	-0.036	-0.05
143.8	NaN	1470	NaN	901	0	0	361	0	0	0	404	0	-0	-0	-0	0	0	0	-0	-0.037	0.208
143.9	NaN	1468	NaN	900	0	0	360	0	0	0	406	0	-0	-0	0	0	-0	-0	0	-0.033	0.054
144	NaN	1463	NaN	902	0	2	360	0	0	0	405	0	0	-0	1	0	0	-0	1	-0.028	-0.029
144.1	NaN	1468	NaN	898	0	2	359	0	0	0	406	0	0	0	1	0	0	0	1	-0.034	-0.274
144.2	NaN	1460	NaN	895	0	3	362	0	0	0	406	0	-0	0	-1	0	-0	0	-1	-0.038	0.079
144.3	NaN	1462	NaN	898	0	3	360	0	0	0	406	0	0	-0	0	0	0	0	1	-0.028	0.031
144.4	NaN	1456	NaN	897	0	2	360	0	0	0	404	0	-0	0	0	0	-0	0	0	-0.031	0.034
144.5	NaN	1458	NaN	897	0	1	362	0	0	0	406	0	0	-0	0	0	-0	-0	-0	-0.026	-0.184
144.6	NaN	1455	NaN	898	0	1	360	0	0	0	404	0	-0	0	-0	0	0	-0	-0	-0.024	-0.038
144.7	NaN	1459	NaN	898	0	1	358	0	0	0	407	0	-0	-0	-0	0	0	0	0	-0.021	0.159
144.8	NaN	1454	NaN	898	0	2	362	0	0	0	406	0	-0	0	0	-0	0	-0	0	-0.021	0.021
144.9	NaN	1464	NaN	899	0	2	361	0	0	0	407	0	0	0	0	0	-0	0	0	-0.027	-0.074
145	NaN	1455	NaN	899	0	2	362	0	0	0	404	0	0	0	-0	0	-0	-0	-0	-0.027	-0.141
145.1	NaN	1464	NaN	897	0	2	360	0	0	0	403	-0	0	-0	0	0	0	-0	0	-0.023	0.084
145.2	NaN	1463	NaN	899	0	2	362	0	0	0	401	0	0	-0	0	0	0	-0	0	-0.022	0.107
145.3	NaN	1452	NaN	898	0	2	362	0	0	0	405	0	-0	-0	-0	0	-0	-0	-0	-0.024	-0.065
145.4	NaN	1460	NaN	896	0	1	358	0	0	0	403	0	0	-0	0	0	0	0	0	-0.022	-0.072
145.5	NaN	1460	NaN	899	0	1	360	0	0	0	406	-0	0	-0	-0	0	-0	-0	-0	-0.024	-0.068
145.6	NaN	1463	NaN	899	0	0	358	0	0	0	404	0	0	0	0	0	0	0	0	-0.022	0.1
145.7	NaN	1456	NaN	896	0	2	360	0	0	0	405	0	0	-0	-0	0	0	0	-0	-0.025	-0.076
145.8	NaN	1454	NaN	896	0	0	359	0	0	0	404	0	0	-0	0	0	0	-0	0	-0.023	0.055
145.9	NaN	1450	NaN	896	0	2	362	0	0	0	404	0	0	-0	-0	0	-0	-0	-0	-0.026	-0.059
146	NaN	1462	NaN	897	0	2	360	0	0	0	406	0	-0	0	-0	0	0	0	0	-0.026	0.039
146.1	NaN	1454	NaN	896	0	2	361	0	0	0	406	0	0	0	0	0	1	-0	1	-0.023	-0.027
146.2	NaN	1466	NaN	897	0	0	357	0	0	0	407	0	-1	-0	-1	0	-1	-0	-1	-0.03	-0.039
146.3	NaN	1455	NaN	898	0	2	360	0	0	0	405	-0	1	0	1	0	0	0	1	-0.024	-0.025
146.4	NaN	1462	NaN	897	0	0	357	0	0	0	405	0	-0	0	0	0	-0	-0	-0	-0.027	0.065
146.5	NaN	1455	NaN	898	0	1	361	0	0	0	404	-0	-0	0	-0	0	-0	-0	-0	-0.023	-0.091
146.6	NaN	1455	NaN	897	0	2	360	0	0	0	406	0	0	0	-0	0	0	-0	-0	-0.022	-0.065
146.7	NaN	1453	NaN	899	0	2	359	0	0	0	405	0	0	-0	0	0	0	-0	0	-0.022	0.064
146.8	NaN	1456	NaN	897	0	1	360	0	0	0	405	0	0	-0	0	0	0	0	0	-0.022	0.166
146.9	NaN	1456	NaN	896	0	0	359	0	0	0	405	0	-0	-0	-0	0	-0	-0	-0	-0.023	-0.026
147	NaN	1452	NaN	897	0	1	360	0	0	0	406	0	0	0	-0	0	0	0	0	-0.021	-0.151
147.1	NaN	1449	NaN	894	0	1	361	0	0	0	405	0	-0	0	-0	0	-0	-0	-0	-0.023	-0.004
147.2	NaN	1446	NaN	897	0	2	360	0	0	0	405	0	-0	-0	0	0	-0	-0	-0	-0.021	0.035
147.3	NaN	1448	NaN	898	0	-0	363	0	0	0	404	0	-0	0	0	0	0	-0	0	-0.02	0.155
147.4	NaN	1457	NaN	897	0	0	357	0	0	0	405	0	-0	0	-0	0	0	0	0	-0.021	-0.144
147.5	NaN	1454	NaN	897	0	2	359	0	0	0	405	0	-0	-0	-0	0	-0	0	-0	-0.019	-0.133
147.6	NaN	1452	NaN	896	0	2	360	0	0	0	406	0	0	-0	0	0	-0	-0	-0	-0.019	-0.049
147.7	NaN	1447	NaN	897	0	2	363	0	0	0	404	0	0	0	-0	0	0	0	0	-0.02	0.145
147.8	NaN	1447	NaN	897	0	2	360	0	0	0	405	0	0	-0	-0	0	0	-0	0	-0.02	0.014
147.9	NaN	1450	NaN	897	0	0	361	0	0	0	404	0	-0	-0	-0	0	-0	-0	-0	-0.023	-0.14
148	NaN	1445	NaN	897	0	3	359	0	0	0	404	0	0	-0	0	0	-0	-0	0	-0.023	-0.032
148.1	NaN	1445	NaN	897	0	1	362	0	0	0	405	0	0	0	0	0	0	0	0	-0.025	0.04
148.2	NaN	1443	NaN	896	0	1	361	0	0	0	406	0	0	0	0	0	0	-0	0	-0.024	0.102
148.3	NaN	1462	NaN	896	0	2	358	0	0	0	404	0	0	-0	0	0	-0	-0	0	-0.021	-0.101
148.4	NaN	1442	NaN	897	0	1	360	0	0	0	405	0	-0	0	0	0	-0	0	-0	-0.021	-0.045
148.5	NaN	1455	NaN	896	0	2	359	0	0	0	404	0	0	-0	0	0	-0	-0	0	-0.023	-0.015
148.6	NaN	1439	NaN	894	0	2	360	0	0	0	406	0	-0	-0	0	0	-0	0	0	-0.024	0.07
148.7	NaN	1442	NaN	895	0	2	363	0	0	0	406	0	0	-0	0	0	0	-0	0	-0.02	-0.041
148.8	NaN	1457	NaN	893	0	0	361	0	0	0	405	0	-0	-0	-0	-0	-0	-0	-0	-0.021	-0.039
148.9	NaN	1441	NaN	893	0	0	360	0	0	0	404	0	-0	0	-0	0	-0	-0	-0	-0.02	-0.005
149	NaN	1452	NaN	893	0	1	359	0	0	0	405	0	0	-0	0	0	0	-0	0	-0.02	0.003
149.1	NaN	1447	NaN	892	0	1	357	0	0	0	405	0	0	-0	-0	0	-0	-0	-0	-0.018	-0.028
149.2	NaN	1448	NaN	893	0	0	359	0	0	0	404	0	0	-0	0	0	0	-0	0	-0.018	-0.013
149.3	NaN	1452	NaN	894	0	2	361	0	0	0	403	0	0	0	0	0	0	-0	-0	-0.018	0.059
149.4	NaN	1452	NaN	893	0	1	358	0	0	0	404	0	-0	0	-0	0	-0	0	-0	-0.018	-0.045
149.5	NaN	1443	NaN	891	0	2	359	0	0	0	405	0	0	0	-0	0	0	0	0	-0.016	-0.007
149.6	NaN	1443	NaN	893	0	2	358	0	0	0	403	0	-0	-0	-0	0	-0	0	0	-0.016	-0.135
149.7	NaN	1440	NaN	893	0	0	359	0	0	0	404	0	0	0	0	0	0	0	0	-0.014	0.085
149.8	NaN	1448	NaN	895	0	2	359	0	0	0	406	0	-0	-0	-0	0	-0	0	-0	-0.014	0.062
149.9	NaN	1436	NaN	893	0	2	359	0	0	0	404	0	-0	-0	-0	0	-0	-0	0	-0.016	-0.053
150	NaN	1440	NaN	892	0	3	361	0	0	0	404	0	0	-0	0	0	-0	-0	1	-0.014	-0.175
150.1	NaN	1444	NaN	891	0	1	358	0	0	0	405	0	-0	-0	0	0	-0	0	-1	-0.02	-0.087
150.2	NaN	1437	NaN	891	0	2	361	0	0	0	404	0	0	-0	1	0	0	-0	0	-0.015	0.151
150.3	NaN	1441	NaN	890	0	1	359	0	0	0	406	0	-0	0	-0	0	-0	-0	-0	-0.02	0.022
150.4	NaN	1446	NaN	890	0	-0	357	0	0	0	404	0	0	0	-0	0	0	0	0	-0.019	-0.038
150.5	NaN	1446	NaN	890	0	0	360	0	0	0	404	0	-0	-0	-0	0	-0	-0	-0	-0.022	-0.183
150.6	NaN	1434	NaN	890	0	2	362	0	0	0	404	0	0	-0	0	0	-0	-0	0	-0.02	0.052
150.7	NaN	1435	NaN	889	0	2	361	0	0	0	406	0	-0	-0	-0	0	-0	-0	-0	-0.023	0.013
150.8	NaN	1438	NaN	889	0	1	362	0	0	0	404	0	0	0	0	0	-0	0	0	-0.021	0.02
150.9	NaN	1436	NaN	889	0	3	360	0	0	0	405	0	0	-0	0	0	0	-0	0	-0.023	-0.233
151	NaN	1439	NaN	889	0	2	358	0	0	0	403	0	-0	0	-0	0	-0	-0	-0	-0.024	0.122
151.1	NaN	1434	NaN	890	0	3	357	0	0	0	406	-0	-0	0	-0	0	-0	0	-0	-0.024	0.013
151.2	NaN	1431	NaN	890	0	3	360	0	0	0	404	0	0	-0	-0	-0	0	0	0	-0.022	0.119
151.3	NaN	1442	NaN	889	0	1	358	0	0	0	403	0	-0	-0	0	0	0	0	0	-0.027	-0.087
151.4	NaN	1435	NaN	889	0	1	360	0	0	0	404	0	0	-0	1	0	0	-0	1	-0.023	-0.156
151.5	NaN	1434	NaN	889	0	2	362	0	0	0	405	0	0	0	-0	0	-0	-0	-0	-0.033	0.181
151.6	NaN	1428	NaN	888	0	3	360	0	0	0	406	0	-0	-0	0	0	-0	0	0	-0.032	0.024
151.7	NaN	1439	NaN	887	0	2	360	0	0	0	404	0	-0	0	0	0	-0	-0	0	-0.031	-0.012
151.8	NaN	1431	NaN	885	0	0	358	0	0	0	404	0	0	0	-0	0	-0	-0	-0	-0.032	-0.215
151.9	NaN	1445	NaN	885	0	0	357	0	0	0	403	0	0	-0	0	0	-0	0	0	-0.03	0.087
152	NaN	1436	NaN	885	0	0	360	0	0	0	406	0	-0	-0	-0	0	-0	-0	-0	-0.033	0.015
152.1	NaN	1435	NaN	884	0	2	361	0	0	0	402	0	0	-0	0	0	0	-0	0	-0.032	0.04
152.2	NaN	1434	NaN	884	0	0	360	0	0	0	406	0	0	-0	-0	0	0	-0	-0	-0.035	-0.156
152.3	NaN	1442	NaN	884	0	-1	359	0	0	0	404	0	0	0	0	0	0	-0	0	-0.033	0.009
152.4	NaN	1425	NaN	883	0	2	360	0	0	0	405	0	-0	-0	-0	0	-0	-0	-0	-0.035	0.035
152.5	NaN	1440	NaN	883	0	0	359	0	0	0	402	0	-0	-0	-0	0	-0	-0	-0	-0.036	0.014
152.6	NaN	1431	NaN	884	0	3	362	0	0	0	403	0	0	-0	0	0	0	-0	0	-0.034	-0.11
152.7	NaN	1428	NaN	883	0	2	360	0	0	0	403	0	-0	-0	-0	0	0	0	-0	-0.037	0.019
152.8	NaN	1423	NaN	883	0	3	361	0	0	0	404	0	-0	-0	0	0	-0	0	0	-0.035	-0.018
152.9	NaN	1429	NaN	882	0	1	361	0	0	0	402	0	0	-0	-0	0	0	0	0	-0.034	-0.027
153	NaN	1426	NaN	882	0	2	360	0	0	0	406	0	0	-0	0	0	0	-0	-0	-0.034	-0.05
153.1	NaN	1434	NaN	881	0	2	361	0	0	0	403	0	-0	-0	0	0	0	0	0	-0.033	-0.024
153.2	NaN	1432	NaN	881	0	1	359	0	0	0	404	0	0	-0	-0	0	-0	0	-0	-0.036	-0.004
153.3	NaN	1428	NaN	882	0	2	360	0	0	0	402	0	-0	0	0	0	0	0	0	-0.034	-0.037
153.4	NaN	1429	NaN	880	0	2	358	0	0	0	406	0	0	0	-0	0	-0	-0	-0	-0.037	-0.071
153.5	NaN	1440	NaN	881	0	1	360	0	0	0	403	0	-0	0	-0	0	-0	0	-0	-0.035	0.052
153.6	NaN	1419	NaN	880	0	1	359	0	0	0	404	0	-0	-0	-0	0	-0	0	0	-0.035	0.018
153.7	NaN	1422	NaN	880	0	0	359	0	0	0	405	0	0	0	0	0	-0	0	-0	-0.036	-0.007
153.8	NaN	1423	NaN	880	0	2	359	0	0	0	404	0	0	-0	0	0	0	0	0	-0.037	-0.128
153.9	NaN	1430	NaN	881	0	0	358	0	0	0	403	0	-0	-0	-0	0	-0	-0	-0	-0.036	0.064
154	NaN	1426	NaN	880	0	1	360	0	0	0	404	0	-0	-0	-0	0	-0	0	0	-0.036	0.041
154.1	NaN	1430	NaN	879	0	-0	359	0	0	0	406	0	0	0	-0	0	-0	0	0	-0.037	0.058
154.2	NaN	1433	NaN	879	0	0	360	0	0	0	404	0	0	0	0	0	0	-0	1	-0.037	-0.235
154.3	NaN	1433	NaN	879	0	2	360	0	0	0	404	0	-0	-0	-0	0	0	-0	-0	-0.034	0.05
154.4	NaN	1424	NaN	878	0	1	361	0	0	0	403	0	-0	-0	-0	0	-0	-0	0	-0.034	0.026
154.5	NaN	1428	NaN	879	0	0	357	0	0	0	406	-0	0	0	-0	0	0	-0	-0	-0.033	0.112
154.6	NaN	1427	NaN	878	0	0	360	0	0	0	405	0	0	-0	0	0	0	0	-0	-0.033	-0.175
154.7	NaN	1428	NaN	878	0	2	359	0	0	0	403	0	-0	-0	0	0	0	0	0	-0.03	-0.084
154.8	NaN	1429	NaN	879	0	1	358	0	0	0	404	-0	-0	-0	-0	0	-0	0	0	-0.032	0.006
154.9	NaN	1420	NaN	878	0	1	359	0	0	0	404	0	0	0	0	0	-0	0	0	-0.03	0.079
155	NaN	1423	NaN	878	0	2	358	0	0	0	403	0	0	-0	-0	0	-0	-0	0	-0.031	-0.059
155.1	NaN	1421	NaN	879	0	2	361	0	0	0	403	0	-0	0	0	-0	0	0	0	-0.028	-0.144
155.2	NaN	1417	NaN	877	0	3	358	0	0	0	404	0	-0	-0	-0	0	-0	0	0	-0.029	-0.04
155.3	NaN	1417	NaN	876	0	2	359	0	0	0	406	0	0	-0	0	0	0	-0	0	-0.023	0.106
155.4	NaN	1432	NaN	876	0	1	362	0	0	0	402	0	0	-0	-0	0	-0	0	-0	-0.024	0.021
155.5	NaN	1421	NaN	875	0	1	360	0	0	0	406	0	0	-0	-0	0	0	-0	-0	-0.026	-0.152
155.6	NaN	1419	NaN	876	0	2	363	0	0	0	403	0	0	-0	-0	0	0	0	-0	-0.025	0.014
155.7	NaN	1417	NaN	876	0	1	359	0	0	0	405	0	-0	-0	-0	0	0	0	-0	-0.027	0.019
155.8	NaN	1425	NaN	876	0	1	359	0	0	0	403	0	0	-0	0	0	-0	-0	-0	-0.027	0.069
155.9	NaN	1422	NaN	875	0	2	361	0	0	0	404	0	0	-0	-0	0	-0	-0	-0	-0.029	-0.101
156	NaN	1419	NaN	874	0	1	360	0	0	0	404	0	0	0	0	0	-0	-0	-0	-0.028	-0.026
156.1	NaN	1422	NaN	875	0	0	358	0	0	0	404	0	-0	-0	0	0	0	0	0	-0.026	0.026
156.2	NaN	1422	NaN	875	0	2	360	0	0	0	403	0	0	-0	-0	0	0	0	-0	-0.028	-0.035
156.3	NaN	1420	NaN	875	0	1	359	0	0	0	405	0	0	0	-0	0	0	-0	0	-0.027	-0.002
156.4	NaN	1416	NaN	874	0	1	360	0	0	0	405	0	0	-0	-0	0	0	0	0	-0.029	-0.04
156.5	NaN	1424	NaN	875	0	2	358	0	0	0	404	0	0	-0	-0	0	-0	0	-0	-0.028	0.035
156.6	NaN	1416	NaN	874	0	2	358	0	0	0	404	0	-0	-0	0	0	0	-0	0	-0.028	-0.02
156.7	NaN	1413	NaN	875	0	2	360	0	0	0	404	0	-0	0	-0	0	-0	0	-0	-0.028	0.004
156.8	NaN	1414	NaN	874	0	1	360	0	0	0	406	0	0	-0	-0	0	-0	0	0	-0.029	-0.074
156.9	NaN	1424	NaN	874	0	0	359	0	0	0	403	0	0	-0	-0	0	-0	-0	-0	-0.028	0.077
157	NaN	1423	NaN	874	0	1	359	0	0	0	405	0	-0	-0	-0	0	-0	0	-0	-0.029	-0.051
157.1	NaN	1412	NaN	874	0	2	362	0	0	0	405	0	0	-0	0	0	-0	-0	-0	-0.029	-0.035
157.2	NaN	1421	NaN	875	0	2	360	0	0	0	403	0	-0	-0	0	0	-0	0	0	-0.029	-0.044
157.3	NaN	1416	NaN	874	0	2	358	0	0	0	402	0	0	0	-0	0	0	0	0	-0.027	0.031
157.4	NaN	1409	NaN	873	0	2	359	0	0	0	404	0	-0	0	-0	0	0	-0	0	-0.028	0.052
157.5	NaN	1420	NaN	874	0	3	359	0	0	0	404	0	0	-0	0	0	-0	0	0	-0.027	-0.133
157.6	NaN	1410	NaN	874	0	3	360	0	0	0	404	0	-0	0	0	0	0	-0	0	-0.027	-0.015
157.7	NaN	1411	NaN	873	0	1	360	0	0	0	402	0	-0	-0	-0	0	-0	-0	-0	-0.018	-0.004
157.8	NaN	1407	NaN	874	0	1	358	0	0	0	405	0	0	-0	0	0	0	0	0	-0.017	0.143
157.9	NaN	1415	NaN	871	0	1	359	0	0	0	403	0	0	-0	0	0	-0	-0	-0	-0.016	-0.078
158	NaN	1411	NaN	871	0	0	360	0	0	0	405	0	0	0	0	0	-0	0	-0	-0.017	-0.084
158.1	NaN	1412	NaN	871	0	1	360	0	0	0	403	0	-0	-0	0	0	0	0	-0	-0.017	-0.058
158.2	NaN	1414	NaN	871	0	2	357	0	0	0	407	0	-0	-0	-0	0	-0	-0	0	-0.017	0.103
158.3	NaN	1407	NaN	872	0	3	360	0	0	0	402	0	0	-0	-0	0	0	0	0	-0.023	0.031
158.4	NaN	1411	NaN	870	0	2	358	0	0	0	404	0	-0	-0	-0	0	-0	0	-0	-0.024	-0.06
158.5	NaN	1403	NaN	870	0	1	360	0	0	0	405	0	-0	0	0	0	-0	-0	-0	-0.024	-0.123
158.6	NaN	1414	NaN	871	0	2	359	0	0	0	406	0	-0	0	-0	0	0	-0	-0	-0.025	0.014
158.7	NaN	1413	NaN	870	0	1	359	0	0	0	401	0	0	0	-0	0	0	-0	0	-0.024	0.163
158.8	NaN	1424	NaN	870	0	0	360	0	0	0	406	0	0	-0	-0	0	0	0	0	-0.025	-0.044
158.9	NaN	1410	NaN	869	0	0	361	0	0	0	404	0	0	-0	0	0	-0	-0	-0	-0.029	-0.11
159	NaN	1408	NaN	870	0	2	358	0	0	0	404	0	-0	-0	0	0	0	0	0	-0.029	-0.091
159.1	NaN	1413	NaN	869	0	3	362	0	0	0	405	0	-0	0	-0	0	-0	0	0	-0.031	0.127
159.2	NaN	1408	NaN	870	0	0	357	0	0	0	404	0	0	0	0	0	0	-0	0	-0.031	0.081
159.3	NaN	1414	NaN	870	0	2	360	0	0	0	402	0	0	-0	0	0	-0	0	-0	-0.028	-0.112
159.4	NaN	1413	NaN	870	0	0	361	0	0	0	405	0	-0	-0	0	0	0	0	0	-0.028	-0.128
159.5	NaN	1403	NaN	870	0	1	359	0	0	0	403	0	-0	-0	-0	0	-0	0	-0	-0.035	0.051
159.6	NaN	1410	NaN	868	0	2	360	0	0	0	404	0	0	-0	0	0	0	0	0	-0.035	0.129
159.7	NaN	1409	NaN	870	0	0	360	0	0	0	406	0	0	-0	-0	0	-0	-0	-0	-0.04	-0.033
159.8	NaN	1399	NaN	868	0	0	360	0	0	0	404	0	0	-0	0	0	0	-0	0	-0.041	-0.153
159.9	NaN	1401	NaN	869	0	2	361	0	0	0	406	0	-0	-0	-0	0	-0	0	-0	-0.037	-0.09
160	NaN	1409	NaN	869	0	1	360	0	0	0	402	0	0	0	-0	0	0	-0	0	-0.037	0.192
160.1	NaN	1411	NaN	869	0	0	358	0	0	0	403	0	0	-0	-0	0	0	-0	0	-0.036	-0.001
160.2	NaN	1407	NaN	868	0	2	359	0	0	0	404	0	0	-0	-0	0	-0	-0	-0	-0.038	-0.088
160.3	NaN	1406	NaN	870	0	2	361	0	0	0	403	0	-0	-0	0	0	-0	-0	-0	-0.038	-0.104
160.4	NaN	1401	NaN	868	0	2	359	0	0	0	404	0	-0	-0	-0	0	0	-0	0	-0.038	0.086
160.5	NaN	1414	NaN	867	0	1	360	0	0	0	404	0	-0	0	-0	0	0	0	0	-0.036	0.135
160.6	NaN	1403	NaN	866	0	1	360	0	0	0	402	0	0	0	-0	0	-0	-0	-0	-0.037	-0.097
160.7	NaN	1408	NaN	866	0	2	361	0	0	0	403	0	0	-0	-0	0	-0	0	-0	-0.039	-0.105
160.8	NaN	1402	NaN	866	0	1	359	0	0	0	405	0	-0	0	0	0	0	-0	-0	-0.04	-0.022
160.9	NaN	1411	NaN	866	0	1	357	0	0	0	407	0	-0	-0	-0	0	0	-0	0	-0.042	0.121
161	NaN	1405	NaN	866	0	2	360	0	0	0	405	0	0	0	0	0	-0	0	-0	-0.043	-0.052
161.1	NaN	1403	NaN	865	0	1	361	0	0	0	406	0	0	-0	0	0	-0	0	0	-0.042	-0.11
161.2	NaN	1403	NaN	864	0	3	359	0	0	0	404	0	0	-0	-0	0	-0	-0	-0	-0.043	-0.055
161.3	NaN	1408	NaN	865	0	2	358	0	0	0	405	0	-0	-0	-0	0	0	0	0	-0.042	0.112
161.4	NaN	1404	NaN	863	0	1	359	0	0	0	405	0	-0	0	0	0	0	-0	0	-0.043	0
161.5	NaN	1406	NaN	865	0	2	360	0	0	0	403	0	0	0	0	0	-0	-0	-0	-0.038	-0.097
161.6	NaN	1399	NaN	863	0	2	360	0	0	0	404	0	0	-0	0	0	-0	0	-0	-0.038	-0.056
161.7	NaN	1400	NaN	864	0	2	360	0	0	0	405	0	0	-0	-0	0	-0	0	0	-0.037	0.049
161.8	NaN	1396	NaN	863	0	2	361	0	0	0	402	-0	-0	0	0	0	0	0	0	-0.037	0.053
161.9	NaN	1399	NaN	864	0	1	360	0	0	0	404	0	0	0	0	0	-0	-0	-0	-0.039	-0.123
162	NaN	1402	NaN	862	0	1	357	0	0	0	405	0	0	0	0	0	0	0	0	-0.039	-0.001
162.1	NaN	1402	NaN	864	0	1	358	0	0	0	405	0	0	0	-0	0	-0	-0	-0	-0.032	-0.031
162.2	NaN	1403	NaN	865	0	2	361	0	0	0	404	0	-0	-0	-0	0	0	0	0	-0.033	0.075
162.3	NaN	1399	NaN	862	0	3	361	0	0	0	404	0	-0	0	0	0	-0	-0	0	-0.037	-0.07
162.4	NaN	1400	NaN	862	0	2	361	0	0	0	404	-0	0	0	0	0	-0	-0	0	-0.037	0.007
162.5	NaN	1395	NaN	863	0	0	361	0	0	0	403	0	0	0	0	0	-0	0	0	-0.035	0.015
162.6	NaN	1395	NaN	863	0	1	360	0	0	0	405	0	-0	0	-0	0	0	-0	-0	-0.036	-0.037
162.7	NaN	1406	NaN	865	0	1	358	0	0	0	405	0	0	0	-0	0	0	-0	0	-0.036	0.01
162.8	NaN	1399	NaN	861	0	2	362	0	0	0	403	0	-0	-0	-0	0	-0	0	0	-0.036	-0.05
162.9	NaN	1399	NaN	862	0	2	360	0	0	0	405	0	0	0	0	0	0	0	0	-0.039	0.052
163	NaN	1394	NaN	863	0	2	360	0	0	0	404	0	0	-0	-0	0	-0	-0	-0	-0.04	-0.059
163.1	NaN	1400	NaN	863	0	1	360	0	0	0	405	0	0	0	0	0	0	-0	0	-0.036	-0.043
163.2	NaN	1391	NaN	863	0	3	361	0	0	0	405	0	0	-0	0	0	-0	-0	0	-0.035	0.075
163.3	NaN	1394	NaN	861	0	1	361	0	0	0	405	0	0	0	0	-0	0	-0	0	-0.038	0.069
163.4	NaN	1399	NaN	860	0	2	362	0	0	0	405	0	-0	-0	0	0	0	0	0	-0.038	0.002
163.5	NaN	1397	NaN	860	0	2	358	0	0	0	405	0	-0	-0	-0	0	-0	-0	-0	-0.036	-0.093
163.6	NaN	1399	NaN	861	0	0	361	0	0	0	405	0	0	0	0	0	0	-0	0	-0.036	-0.075
163.7	NaN	1405	NaN	862	0	1	360	0	0	0	405	0	0	0	-0	0	0	-0	-0	-0.037	0.03
163.8	NaN	1403	NaN	862	0	0	357	0	0	0	404	0	0	0	0	0	0	0	0	-0.037	0.118
163.9	NaN	1389	NaN	862	0	1	360	0	0	0	402	0	0	0	-0	0	0	-0	-0	-0.039	-0.07
164	NaN	1390	NaN	862	0	0	358	0	0	0	405	0	-0	-0	-0	0	0	-0	-0	-0.04	-0.108
164.1	NaN	1389	NaN	861	0	2	358	0	0	0	404	0	0	-0	0	0	0	-0	-0	-0.037	-0.069
164.2	NaN	1400	NaN	860	0	1	358	0	0	0	405	0	-0	0	0	0	-0	-0	0	-0.038	0.123
164.3	NaN	1399	NaN	862	0	2	359	0	0	0	405	0	0	-0	-0	0	-0	-0	-0	-0.036	0.045
164.4	NaN	1388	NaN	860	0	3	361	0	0	0	405	0	0	-0	-0	0	0	0	0	-0.037	-0.142
164.5	NaN	1393	NaN	859	0	2	360	0	0	0	402	0	0	0	0	0	0	-0	-0	-0.037	-0.045
164.6	NaN	1389	NaN	858	0	0	362	0	0	0	406	0	0	0	0	0	-0	0	-0	-0.037	0.068
164.7	NaN	1393	NaN	860	0	2	359	0	0	0	402	0	-0	0	-0	-0	-0	-0	-0	-0.037	0.154
164.8	NaN	1391	NaN	857	0	0	358	0	0	0	406	0	-0	-0	-0	0	0	0	0	-0.038	-0.136
164.9	NaN	1398	NaN	859	0	0	359	0	0	0	405	-0	0	0	0	0	0	-0	0	-0.039	-0.141
165	NaN	1397	NaN	860	0	0	360	0	0	0	406	0	-0	0	0	0	-0	-0	-0	-0.039	0.06
165.1	NaN	1399	NaN	859	0	2	356	0	0	0	404	0	-0	-0	0	0	0	-0	0	-0.037	0.133
165.2	NaN	1397	NaN	859	0	1	358	0	0	0	405	0	-0	-0	-0	0	0	-0	-0	-0.039	-0.004
165.3	NaN	1384	NaN	856	0	0	360	0	0	0	406	0	0	-0	-0	0	0	0	0	-0.037	-0.164
165.4	NaN	1397	NaN	857	0	2	358	0	0	0	404	0	0	-0	-0	0	0	-0	-0	-0.038	-0.008
165.5	NaN	1387	NaN	855	0	2	359	0	0	0	404	0	-0	-0	0	0	-0	-0	-0	-0.038	0.088
165.6	NaN	1390	NaN	856	0	1	358	0	0	0	403	0	-0	-0	0	0	-0	0	-0	-0.039	0.06
165.7	NaN	1398	NaN	855	0	0	358	0	0	0	403	0	-0	-0	-0	0	-0	0	-0	-0.039	-0.124
165.8	NaN	1388	NaN	855	0	1	361	0	0	0	403	0	0	0	0	0	0	0	0	-0.037	0.038
165.9	NaN	1395	NaN	854	0	2	360	0	0	0	404	0	0	-0	-0	0	-0	0	-0	-0.036	0.009
166	NaN	1394	NaN	855	0	0	358	0	0	0	404	0	0	-0	0	0	-0	-0	0	-0.035	0.002
166.1	NaN	1392	NaN	854	0	1	358	0	0	0	405	0	-0	-0	-0	0	-0	0	-0	-0.034	-0.007
166.2	NaN	1388	NaN	854	0	0	359	0	0	0	404	0	-0	0	-0	0	0	0	0	-0.035	-0.034
166.3	NaN	1390	NaN	854	0	2	358	0	0	0	404	0	-0	0	-0	0	-0	0	-0	-0.036	0.056
166.4	NaN	1386	NaN	854	0	2	360	0	0	0	404	0	-0	-0	0	0	0	0	0	-0.036	-0.092
166.5	NaN	1387	NaN	853	0	2	359	0	0	0	404	0	-0	0	0	0	-0	0	-0	-0.034	0.044
166.6	NaN	1384	NaN	853	0	2	356	0	0	0	404	0	0	-0	-0	0	0	0	-0	-0.034	-0.064
166.7	NaN	1384	NaN	852	0	0	360	0	0	0	404	0	-0	-0	-0	0	0	-0	0	-0.035	0.043
166.8	NaN	1389	NaN	851	0	0	360	0	0	0	404	0	-0	-0	0	0	-0	-0	-0	-0.036	-0.033
166.9	NaN	1390	NaN	852	0	1	359	0	0	0	405	0	0	-0	0	0	0	0	0	-0.035	-0.06
167	NaN	1392	NaN	854	0	1	359	0	0	0	402	0	0	-0	0	0	-0	0	-0	-0.036	0
167.1	NaN	1382	NaN	852	0	1	361	0	0	0	406	0	0	-0	0	0	0	0	0	-0.033	0.02
167.2	NaN	1388	NaN	853	0	2	360	0	0	0	402	0	-0	-0	-0	0	-0	0	-0	-0.035	0.012
167.3	NaN	1395	NaN	852	0	1	302	0	0	0	401	0	0	-0	0	0	-0	-0	-0	-0.033	-0.079
167.4	NaN	1395	NaN	852	0	1	302	0	0	0	401	0	0	-0	0	0	-0	-0	-0	-0.034	-0.022
167.5	NaN	1395	NaN	852	0	1	302	0	0	0	401	0	0	-0	0	0	-0	-0	-0	-0.031	-0.004
167.6	NaN	1395	NaN	852	0	1	302	0	0	0	401	0	0	-0	0	0	-0	-0	-0	-0.031	0.012
167.7	NaN	1395	NaN	852	0	1	302	0	0	0	401	0	0	-0	0	0	-0	-0	-0	-0.029	-0.018
167.8	NaN	1395	NaN	852	0	0	302	0	0	0	0	0	0	-0	0	0	-0	-0	-0	-0.029	-0.028
167.9	NaN	1378	NaN	484	0	0	363	0	0	0	0	0	0	-0	0	0	-0	-0	-0	-0.029	-0.017
168	NaN	1378	NaN	484	0	0	363	0	0	0	0	0	0	-0	0	0	-0	-0	-0	-0.029	-0.001
168.1	NaN	1378	NaN	484	0	0	363	0	0	0	0	0	0	-0	0	0	-0	-0	-0	-0.025	-0.01
168.2	NaN	1378	NaN	484	0	0	363	0	0	0	0	0	0	-0	0	0	-0	-0	-0	-0.028	-0.006
168.3	NaN	1378	NaN	484	0	0	363	0	0	0	105	0	0	-0	0	0	-0	-0	-0	-0.029	0.03
168.4	NaN	1378	NaN	484	0	0	363	0	0	0	195	0	0	-0	0	0	-0	-0	-0	-0.031	-0.02
168.5	NaN	1379	NaN	670	0	2	360	0	0	0	195	0	0	-0	0	0	-0	-0	-0	-0.029	0.026
168.6	NaN	1373	NaN	848	0	3	360	0	0	0	195	0	0	-0	0	0	-0	-0	-0	-0.032	-0.031
168.7	NaN	1383	NaN	849	0	0	358	0	0	0	195	0	0	-0	0	0	-0	-0	-0	-0.023	-0.074
168.8	NaN	1371	NaN	850	0	3	362	0	0	0	195	0	0	-0	0	0	-0	-0	-0	-0.02	-0.029
168.9	NaN	1387	NaN	849	0	3	363	0	0	0	196	0	0	-0	0	0	-0	-0	-0	-0.019	0.029
169	NaN	1389	NaN	850	0	0	358	0	0	0	196	0	0	-0	0	0	-0	-0	-0	-0.018	0.017
169.1	NaN	1376	NaN	851	0	1	360	0	0	0	195	0	0	-0	0	0	-0	-0	-0	-0.019	-0.056
169.2	NaN	1373	NaN	852	0	3	363	0	0	0	195	0	0	-0	0	0	-0	-0	-0	-0.018	0.036
169.3	NaN	1386	NaN	851	0	0	358	0	0	0	196	0	0	-0	0	0	-0	-0	-0	-0.019	-0.017
169.4	NaN	1375	NaN	851	0	2	361	0	0	0	195	0	0	-0	0	0	-0	-0	-0	-0.019	0.057
169.5	NaN	1390	NaN	851	0	-0	358	0	0	0	195	0	0	-0	0	0	-0	-0	-0	-0.02	-0.078
169.6	NaN	1386	NaN	850	0	0	357	0	0	0	195	0	0	-0	0	0	-0	-0	-0	-0.016	0.005
169.7	NaN	1379	NaN	850	0	1	359	0	0	0	195	0	0	-0	0	0	-0	-0	-0	-0.019	-0.002
169.8	NaN	1381	NaN	850	0	0	361	0	0	0	195	0	0	-0	0	0	-0	-0	-0	-0.019	0.005
169.9	NaN	1387	NaN	851	0	-0	358	0	0	0	195	0	0	-0	0	0	-0	-0	-0	-0.021	-0.038
170	NaN	1389	NaN	848	0	0	358	0	0	0	195	0	0	-0	0	0	-0	-0	-0	-0.021	-0.008
170.1	NaN	1380	NaN	848	0	2	359	0	0	0	196	0	0	-0	0	0	-0	-0	-0	-0.025	-0.028
170.2	NaN	1369	NaN	849	0	2	361	0	0	0	195	0	0	-0	0	0	-0	-0	-0	-0.025	-0
170.3	NaN	1366	NaN	848	0	3	361	0	0	0	196	0	0	-0	0	0	-0	-0	-0	-0.023	-0.013
170.4	NaN	1369	NaN	848	0	3	361	0	0	0	195	0	0	-0	0	0	-0	-0	-0	-0.024	-0.002
170.5	NaN	1380	NaN	848	0	-0	357	0	0	0	196	0	0	-0	0	0	-0	-0	-0	-0.025	-0.015
170.6	NaN	1384	NaN	848	0	-0	357	0	0	0	195	0	0	-0	0	0	-0	-0	-0	-0.025	0.008
170.7	NaN	1377	NaN	848	0	0	358	0	0	0	195	0	0	-0	0	0	-0	-0	-0	-0.025	-0.03
170.8	NaN	1367	NaN	847	0	2	362	0	0	0	196	0	0	-0	0	0	-0	-0	-0	-0.025	0.003
170.9	NaN	1381	NaN	847	0	0	359	0	0	0	195	0	0	-0	0	0	-0	-0	-0	-0.026	-0.023
171	NaN	1365	NaN	846	0	0	359	0	0	0	196	0	0	-0	0	0	-0	-0	-0	-0.026	-0.027
171.1	NaN	1385	NaN	848	0	1	358	0	0	0	195	0	0	-0	0	0	-0	-0	-0	-0.026	0.002
171.2	NaN	1377	NaN	847	0	-0	358	0	0	0	196	0	0	-0	0	0	-0	-0	-0	-0.026	-0.017
171.3	NaN	1380	NaN	848	0	0	358	0	0	0	195	0	0	-0	0	0	-0	-0	-0	-0.024	-0.015
171.4	NaN	1374	NaN	847	0	1	360	0	0	0	195	0	0	-0	0	0	-0	-0	-0	-0.024	-0.011
171.5	NaN	1364	NaN	846	0	3	363	0	0	0	195	0	0	-0	0	0	-0	-0	-0	-0.026	-0.01
171.6	NaN	1365	NaN	847	0	2	363	0	0	0	196	-0	144	-0	199	-0	-690	-0	-0	-0.024	-0.012
171.7	NaN	1381	NaN	846	0	1	357	0	0	0	195	-0	144	-0	199	-0	-690	-0	-0	-0.022	-0.003
171.8	NaN	1371	NaN	847	0	2	362	0	0	0	196	-0	144	-0	199	-0	-690	-0	-0	-0.023	-0.007
171.9	NaN	1364	NaN	845	0	2	362	0	0	0	195	-0	144	-0	199	-0	-690	-0	-0	-0.025	-0.001
172	NaN	1380	NaN	845	0	0	358	0	0	0	195	-0	144	-0	199	-0	-690	-0	-0	-0.027	-0.037
172.1	NaN	1364	NaN	843	0	2	363	0	0	0	195	-0	144	-0	199	-0	-690	0	-99	-0.027	-0.001
172.2	NaN	1373	NaN	844	0	2	360	0	0	0	195	-0	144	-0	199	-0	-690	0	-99	-0.027	0.006
172.3	NaN	1364	NaN	846	0	3	364	0	0	0	196	-0	144	-0	199	-0	-690	0	-99	-0.026	-0.012
172.4	NaN	1377	NaN	845	0	0	357	0	0	0	195	-0	144	-0	199	-0	-690	0	-99	-0.026	0.002
172.5	NaN	1370	NaN	845	0	1	359	0	0	0	195	-0	144	-0	199	-0	-690	0	-99	-0.025	-0.023
172.6	NaN	1359	NaN	846	0	3	362	0	0	0	195	-0	144	-0	199	-0	-690	0	-99	-0.025	-0.013
172.7	NaN	1375	NaN	845	0	0	359	0	0	0	195	-0	144	-0	199	-0	-690	0	-99	-0.024	0.003
172.8	NaN	1360	NaN	845	0	2	361	0	0	0	196	-0	144	-0	199	-0	-690	0	-99	-0.024	-0.029
172.9	NaN	1362	NaN	844	0	3	361	0	0	0	194	-0	144	-0	199	-0	-690	0	-99	-0.025	0.02
173	NaN	1373	NaN	846	0	3	362	0	0	0	195	-0	144	-0	199	-0	-690	0	-99	-0.026	-0.023
173.1	NaN	1371	NaN	847	0	3	363	0	0	0	41	-0	144	-0	199	-0	-690	0	-99	-0.025	0.018
173.2	NaN	1364	NaN	847	0	2	362	0	0	0	266	-0	144	-0	199	-0	-690	0	-99	-0.027	-0.026
173.3	NaN	1370	NaN	845	0	0	358	0	0	0	266	-0	144	-0	199	-0	-690	0	-99	-0.026	-0.011
173.4	NaN	1373	NaN	844	0	0	359	0	0	0	267	-0	144	-0	199	-0	-690	0	-99	-0.027	-0.003
173.5	NaN	1357	NaN	844	0	3	360	0	0	0	267	-0	144	-0	199	-0	-690	0	-99	-0.025	-0.024
173.6	NaN	1369	NaN	843	0	2	358	0	0	0	266	-0	144	-0	199	-0	-690	0	-99	-0.025	0.016
173.7	NaN	1364	NaN	843	0	0	360	0	0	0	266	-0	144	-0	199	-0	-690	0	-99	-0.024	-0.003
173.8	NaN	1357	NaN	843	0	3	362	0	0	0	267	-0	144	-0	199	-0	-690	0	-99	-0.025	-0
173.9	NaN	1371	NaN	842	0	1	359	0	0	0	266	-0	144	-0	199	-0	-690	0	-99	-0.024	-0.012
174	NaN	1373	NaN	842	0	0	357	0	0	0	266	-0	144	-0	199	-0	-690	0	-99	-0.025	-0.001
174.1	NaN	1364	NaN	842	0	2	358	0	0	0	267	-0	144	-0	199	-0	-690	0	-99	-0.019	-0.004
174.2	NaN	1359	NaN	843	0	2	364	0	0	0	267	-0	144	-0	199	-0	-690	0	-99	-0.019	-0.009
174.3	NaN	1364	NaN	840	0	0	358	0	0	0	425	-0	144	-0	199	-0	-690	0	-99	-0.015	-0.019
174.4	NaN	1358	NaN	840	0	2	362	0	0	0	397	-0	144	-0	199	-0	-690	0	-99	-0.014	-0.011
174.5	NaN	1354	NaN	841	0	3	363	0	0	0	407	-0	144	-0	199	-0	-690	0	-99	-0.021	-0.008
174.6	NaN	1367	NaN	842	0	2	358	0	0	0	408	-0	144	-0	199	-0	-690	0	-99	-0.02	0.009
174.7	NaN	1360	NaN	842	0	1	359	0	0	0	408	-0	144	-0	199	-0	-690	0	-99	-0.02	0.003
174.8	NaN	1370	NaN	840	0	1	358	0	0	0	407	-0	144	-0	199	-0	-690	0	-99	-0.02	-0.01
174.9	NaN	1352	NaN	841	0	2	363	0	0	0	407	-0	144	-0	199	-0	-690	0	-99	-0.021	-0.008
175	NaN	1357	NaN	841	0	2	360	0	0	0	408	-0	144	-0	199	-0	-690	0	-99	-0.021	-0.025
175.1	NaN	1366	NaN	842	0	1	358	0	0	0	408	-0	144	-0	199	-0	-690	0	-99	-0.022	-0.006
175.2	NaN	1352	NaN	842	0	3	361	0	0	0	407	-0	144	-0	199	-0	-690	0	-99	-0.022	-0.012
175.3	NaN	1362	NaN	842	0	2	360	0	0	0	408	-0	144	-0	199	-0	-690	0	-99	-0.023	-0.002
175.4	NaN	1354	NaN	842	0	2	361	0	0	0	407	-0	144	-0	199	-0	-690	0	-99	-0.024	-0.01
175.5	NaN	1362	NaN	841	0	2	362	0	0	0	407	-0	144	-0	199	-0	-690	0	-99	-0.022	0.006
175.6	NaN	1362	NaN	841	0	-1	356	0	0	0	408	-0	144	-0	199	-0	-690	0	-99	-0.023	-0.025
175.7	NaN	1357	NaN	840	0	0	359	0	0	0	408	-0	144	-0	199	-0	-690	0	-99	-0.026	-0.045
175.8	NaN	1359	NaN	838	0	2	363	0	0	0	408	-0	144	-0	199	-0	-690	0	-99	-0.027	-0.032
175.9	NaN	1363	NaN	838	0	0	358	0	0	0	407	0	-0	-0	0	0	-0	0	-99	-0.028	-0.03
176	NaN	1362	NaN	837	0	1	359	0	0	0	407	0	0	-0	-0	0	-0	0	-99	-0.029	0.039
176.1	NaN	1361	NaN	838	0	1	360	0	0	0	408	0	-0	-0	-0	0	-0	0	-99	-0.025	-0.018
176.2	NaN	1366	NaN	837	0	2	362	0	0	0	407	0	-0	-0	-0	0	0	0	-99	-0.024	-0.004
176.3	NaN	1356	NaN	838	0	1	359	0	0	0	407	0	0	-0	0	0	0	0	-99	-0.022	0.024
176.4	NaN	1367	NaN	838	0	0	360	0	0	0	408	0	-0	-0	1	0	0	0	-99	-0.022	-0.012
176.5	NaN	1359	NaN	836	0	1	358	0	0	0	407	0	-0	-0	0	0	0	0	-99	-0.022	-0.016
176.6	NaN	1355	NaN	836	0	2	361	0	0	0	408	0	-0	0	0	0	-0	0	-99	-0.022	0.014
176.7	NaN	1351	NaN	836	0	1	358	0	0	0	407	0	-0	-0	-0	-0	-0	0	-99	-0.021	-0.008
176.8	NaN	1351	NaN	835	0	0	357	0	0	0	407	0	0	0	-0	-0	0	0	-99	-0.021	0.011
176.9	NaN	1362	NaN	836	0	2	361	0	0	0	408	0	0	0	0	0	0	-0	-0	-0.024	-0.002
177	NaN	1352	NaN	835	0	0	359	0	0	0	407	0	0	-0	-0	0	0	-0	0	-0.025	0
177.1	NaN	1356	NaN	835	0	1	358	0	0	0	407	0	0	-0	0	0	0	-0	0	-0.024	0.007
177.2	NaN	1355	NaN	833	0	0	357	0	0	0	407	0	-0	0	0	-0	-0	0	1	-0.023	0.019
177.3	NaN	1347	NaN	834	0	3	360	0	0	0	407	0	-0	-0	0	0	-0	-0	0	-0.025	0.01
177.4	NaN	1348	NaN	834	0	0	359	0	0	0	407	-0	0	-0	1	0	0	-0	1	-0.025	0.038
177.5	NaN	1352	NaN	834	0	3	361	0	0	0	408	0	0	0	-0	-0	-0	0	-0	-0.024	-0.017
177.6	NaN	1347	NaN	833	0	2	358	0	0	0	407	0	-0	0	-0	0	0	-0	-0	-0.025	-0.003
177.7	NaN	1356	NaN	832	0	0	358	0	0	0	408	0	-0	0	0	0	0	-0	0	-0.028	0.008
177.8	NaN	1343	NaN	831	0	2	363	0	0	0	407	0	0	-0	-1	0	-0	-0	-1	-0.029	0.02
177.9	NaN	1351	NaN	834	0	0	359	0	0	0	408	0	0	0	-1	-0	-0	-0	-1	-0.032	-0.022
178	NaN	1350	NaN	834	0	2	360	0	0	0	407	0	0	0	0	0	0	-0	0	-0.031	-0.034
178.1	NaN	1344	NaN	834	0	2	361	0	0	0	409	-0	-0	-0	0	0	-0	-0	0	-0.03	-0.02
178.2	NaN	1346	NaN	834	0	0	362	0	0	0	409	0	0	0	0	0	0	-0	0	-0.03	0.014
178.3	NaN	1353	NaN	832	0	2	359	0	0	0	407	-0	-0	-0	0	-0	-0	-0	-0	-0.032	-0.023
178.4	NaN	1359	NaN	833	0	1	356	0	0	0	408	0	-0	0	0	-0	0	-0	0	-0.032	-0.005
178.5	NaN	1344	NaN	833	0	3	362	0	0	0	407	0	0	0	0	0	-0	-0	-0	-0.031	-0.02
178.6	NaN	1358	NaN	832	0	0	357	0	0	0	408	0	-0	-0	-0	0	0	-0	-0	-0.031	0.008
178.7	NaN	1346	NaN	835	0	0	360	0	0	0	408	0	0	-0	0	0	-0	0	-0	-0.031	-0.004
178.8	NaN	1357	NaN	835	0	1	358	0	0	0	408	-0	0	-0	-0	0	0	0	-0	-0.031	0.014
178.9	NaN	1343	NaN	835	0	2	361	0	0	0	407	0	-0	0	0	0	-0	-0	-0	-0.029	-0.008
179	NaN	1362	NaN	834	0	0	356	0	0	0	408	0	-0	0	-0	0	0	-0	0	-0.029	-0
179.1	NaN	1346	NaN	831	0	2	361	0	0	0	407	0	-0	-0	0	0	0	0	0	-0.026	-0.026
179.2	NaN	1341	NaN	832	0	3	361	0	0	0	407	0	0	-0	0	0	-0	0	0	-0.027	0.001
179.3	NaN	1350	NaN	832	0	1	358	0	0	0	407	-0	-0	0	0	0	0	-0	0	-0.024	0.002
179.4	NaN	1340	NaN	831	0	3	362	0	0	0	408	-0	0	0	-0	-0	-0	0	0	-0.024	-0.015
179.5	NaN	1350	NaN	832	0	1	359	0	0	0	408	0	0	-0	-0	0	0	-0	0	-0.026	0.002
179.6	NaN	1339	NaN	830	0	2	362	0	0	0	406	-0	-0	0	0	0	0	0	-0	-0.027	-0.026
179.7	NaN	1342	NaN	831	0	0	360	0	0	0	407	-0	-0	-0	-0	0	0	0	0	-0.026	-0.009
179.8	NaN	1341	NaN	831	0	3	363	0	0	0	408	0	0	-0	-0	0	-0	0	-0	-0.027	-0.02
179.9	NaN	1339	NaN	830	0	3	361	0	0	0	407	-0	0	-0	0	0	0	-0	0	-0.025	-0.008
180	NaN	1337	NaN	832	0	3	360	0	0	0	408	0	0	0	-0	-0	-0	0	-0	-0.027	-0.008
180.1	NaN	1352	NaN	832	0	1	356	0	0	0	408	0	0	0	-0	-0	0	-0	0	-0.028	-0.007
180.2	NaN	1347	NaN	829	0	1	357	0	0	0	406	0	0	0	0	-0	0	-0	-0	-0.029	0.004
180.3	NaN	1337	NaN	831	0	3	360	0	0	0	407	0	-0	0	-0	0	-0	0	-0	-0.03	-0.004
180.4	NaN	1355	NaN	831	0	2	359	0	0	0	408	-0	-0	-0	-0	-0	0	0	-0	-0.031	0.003
180.5	NaN	1342	NaN	828	0	3	361	0	0	0	408	0	-0	0	0	-0	0	0	-0	-0.031	-0.024
180.6	NaN	1351	NaN	829	0	0	358	0	0	0	407	0	-0	0	-0	0	0	0	-0	-0.032	-0.002
180.7	NaN	1336	NaN	830	0	2	362	0	0	0	408	-0	0	0	0	0	-0	0	-0	-0.033	-0.015
180.8	NaN	1338	NaN	828	0	2	361	0	0	0	407	-0	0	-0	-0	-0	0	0	0	-0.034	-0.017
180.9	NaN	1348	NaN	829	0	0	359	0	0	0	408	0	0	0	0	0	-0	-0	-0	-0.037	-0.02
181	NaN	1335	NaN	827	0	2	362	0	0	0	408	0	0	0	0	0	0	-0	-0	-0.037	-0.003
181.1	NaN	1346	NaN	829	0	3	361	0	0	0	407	0	0	-0	0	0	-0	-0	-0	-0.036	0.004
181.2	NaN	1335	NaN	827	0	2	362	0	0	0	406	0	-0	0	-0	0	0	0	-0	-0.036	-0.003
181.3	NaN	1345	NaN	827	0	0	358	0	0	0	407	0	-0	0	0	0	0	0	0	-0.036	-0.019
181.4	NaN	1336	NaN	828	0	3	361	0	0	0	407	0	0	0	0	0	-0	-0	0	-0.037	-0.007
181.5	NaN	1333	NaN	828	0	3	362	0	0	0	407	-0	0	-0	-0	0	0	0	-0	-0.035	0.014
181.6	NaN	1341	NaN	829	0	1	361	0	0	0	407	0	-0	-0	0	-0	-0	0	0	-0.035	-0.014
181.7	NaN	1345	NaN	828	0	2	361	0	0	0	408	0	-0	-0	0	0	-0	0	0	-0.031	0.006
181.8	NaN	1337	NaN	829	0	2	361	0	0	0	408	0	0	-0	-0	0	0	0	0	-0.032	-0.015
181.9	NaN	1332	NaN	827	0	3	362	0	0	0	408	0	-0	-0	-0	0	-0	0	0	-0.032	0.001
182	NaN	1339	NaN	828	0	2	361	0	0	0	408	0	0	0	-0	0	-0	-0	-0	-0.033	-0.015
182.1	NaN	1351	NaN	826	0	0	357	0	0	0	409	0	0	0	0	0	-0	0	0	-0.031	-0.007
182.2	NaN	1336	NaN	827	0	2	361	0	0	0	408	0	-0	0	-0	0	-0	0	-0	-0.033	-0.033
182.3	NaN	1346	NaN	825	0	0	358	0	0	0	408	0	-0	0	0	0	0	-0	0	-0.033	-0.016
182.4	NaN	1342	NaN	825	0	0	359	0	0	0	407	0	-0	-0	-0	0	0	-0	-0	-0.038	-0.01
182.5	NaN	1336	NaN	827	0	1	359	0	0	0	408	0	-0	-0	0	0	0	-0	0	-0.032	-0.007
182.6	NaN	1348	NaN	826	0	2	359	0	0	0	408	0	0	-0	-0	0	-0	-0	-0	-0.034	-0.004
182.7	NaN	1341	NaN	827	0	3	358	0	0	0	408	0	-0	-0	0	0	0	-0	0	-0.038	-0.009
182.8	NaN	1332	NaN	826	0	1	363	0	0	0	408	0	0	0	-0	0	-0	0	-0	-0.037	-0.006
182.9	NaN	1345	NaN	826	0	0	359	0	0	0	408	0	0	-0	0	0	0	0	0	-0.035	-0.006
183	NaN	1338	NaN	827	0	2	362	0	0	0	408	0	0	-0	0	0	-0	-0	-0	-0.036	0.001
183.1	NaN	1330	NaN	826	0	3	363	0	0	0	408	0	0	-0	-0	0	0	0	0	-0.036	-0.007
183.2	NaN	1346	NaN	827	0	2	356	0	0	0	407	0	0	-0	-0	0	-0	0	0	-0.037	0.025
183.3	NaN	1338	NaN	826	0	2	359	0	0	0	408	0	0	0	0	0	-0	-0	0	-0.036	-0.042
183.4	NaN	1334	NaN	824	0	0	361	0	0	0	407	-0	0	-0	-0	0	0	-0	-0	-0.036	0.033
183.5	NaN	1340	NaN	825	0	0	359	0	0	0	407	0	0	0	0	0	0	-0	0	-0.035	-0.022
183.6	NaN	1340	NaN	825	0	1	360	0	0	0	405	0	0	0	0	0	0	0	-0	-0.036	-0.02
183.7	NaN	1331	NaN	822	0	0	358	0	0	0	405	0	0	-0	0	0	-0	-0	0	-0.035	-0.011
183.8	NaN	1332	NaN	822	0	2	359	0	0	0	408	0	0	-0	-0	0	-0	-0	-0	-0.038	-0.01
183.9	NaN	1339	NaN	823	0	2	359	0	0	0	408	-0	-0	-0	0	-0	-0	-0	-0	-0.036	0.002
184	NaN	1340	NaN	822	0	2	362	0	0	0	407	0	-0	0	0	0	-0	-0	0	-0.037	-0.016
184.1	NaN	1328	NaN	823	0	1	361	0	0	0	408	0	0	0	0	-0	-0	0	0	-0.038	-0.01
184.2	NaN	1334	NaN	822	0	2	359	0	0	0	408	0	-0	-0	0	0	0	0	0	-0.038	-0.017
184.3	NaN	1335	NaN	821	0	1	359	0	0	0	407	0	0	0	-0	0	-0	0	-0	-0.04	-0.023
184.4	NaN	1326	NaN	823	0	1	360	0	0	0	407	0	-0	-0	-0	0	0	0	0	-0.04	0.012
184.5	NaN	1344	NaN	823	0	1	357	0	0	0	407	0	-0	0	-0	0	0	0	0	-0.041	-0.03
184.6	NaN	1334	NaN	822	0	1	357	0	0	0	408	0	-0	-0	-0	0	0	-0	-0	-0.04	0.017
184.7	NaN	1342	NaN	822	0	0	358	0	0	0	408	0	0	-0	0	-0	-0	0	-0	-0.04	-0.021
184.8	NaN	1341	NaN	821	0	1	361	0	0	0	407	0	0	-0	-0	0	0	0	0	-0.042	-0.001
184.9	NaN	1341	NaN	822	0	2	361	0	0	0	409	0	-0	0	0	-0	-0	-0	0	-0.043	0.02
185	NaN	1334	NaN	821	0	3	360	0	0	0	408	0	0	0	0	0	0	-0	0	-0.04	-0.029
185.1	NaN	1338	NaN	825	0	2	360	0	0	0	408	0	0	-0	0	0	0	-0	-0	-0.036	-0.006
185.2	NaN	1328	NaN	824	0	0	355	0	0	0	408	0	-0	0	-0	0	0	0	0	-0.038	-0.018
185.3	NaN	1341	NaN	822	0	1	360	0	0	0	408	0	-0	-0	-0	0	0	-0	-0	-0.037	-0.002
185.4	NaN	1327	NaN	823	0	0	357	0	0	0	408	0	0	-0	-0	0	-0	-0	-0	-0.034	-0.004
185.5	NaN	1325	NaN	822	0	3	362	0	0	0	407	0	0	-0	0	0	0	0	-0	-0.034	0.002
185.6	NaN	1333	NaN	820	0	2	360	0	0	0	408	0	0	-0	-0	0	-0	0	0	-0.033	-0.007
185.7	NaN	1329	NaN	820	0	2	360	0	0	0	407	0	-0	-0	0	0	-0	0	0	-0.032	-0.019
185.8	NaN	1335	NaN	819	0	2	360	0	0	0	407	0	-0	0	0	-0	-0	-0	-0	-0.032	0.003
185.9	NaN	1323	NaN	818	0	1	358	0	0	0	407	-0	0	0	0	-0	0	0	-0	-0.033	-0.008
186	NaN	1324	NaN	820	0	0	357	0	0	0	408	-0	0	0	0	0	0	0	0	-0.033	-0.002
186.1	NaN	1322	NaN	820	0	3	362	0	0	0	408	-0	-0	-0	-0	0	-0	0	-0	-0.034	-0.003
186.2	NaN	1329	NaN	818	0	-0	358	0	0	0	407	-0	0	0	0	0	0	-0	-0	-0.034	-0.016
186.3	NaN	1330	NaN	819	0	0	358	0	0	0	407	-0	0	0	-0	-0	0	-0	0	-0.034	0.02
186.4	NaN	1337	NaN	819	0	2	360	0	0	0	408	0	0	0	0	0	0	-0	-0	-0.035	-0.035
186.5	NaN	1336	NaN	818	0	2	359	0	0	0	408	0	-0	-0	-0	0	-0	-0	-0	-0.034	0.022
186.6	NaN	1324	NaN	819	0	2	362	0	0	0	406	-0	0	0	0	0	0	0	0	-0.033	-0.023
186.7	NaN	1327	NaN	819	0	1	362	0	0	0	408	0	-0	0	0	0	0	-0	-0	-0.033	0.028
186.8	NaN	1326	NaN	820	0	2	361	0	0	0	407	0	0	-0	0	0	0	-0	0	-0.032	-0.02
186.9	NaN	1326	NaN	820	0	2	359	0	0	0	407	0	0	-0	-0	0	0	-0	-0	-0.031	0.009
187	NaN	1324	NaN	818	0	2	361	0	0	0	407	0	-0	-0	-0	0	0	-0	-0	-0.031	-0.005
187.1	NaN	1335	NaN	819	0	0	357	0	0	0	408	0	0	0	0	0	0	0	-0	-0.032	-0.013
187.2	NaN	1325	NaN	819	0	2	360	0	0	0	407	0	0	-0	0	0	0	-0	0	-0.032	0
187.3	NaN	1316	NaN	818	0	3	361	0	0	0	407	0	-0	-0	0	0	-0	0	0	-0.03	0.008
187.4	NaN	1333	NaN	819	0	0	359	0	0	0	408	0	-0	0	-0	0	-0	-0	0	-0.03	-0.011
187.5	NaN	1329	NaN	819	0	2	358	0	0	0	407	0	-0	-0	-0	0	-0	0	-0	-0.031	0.007
187.6	NaN	1323	NaN	817	0	2	363	0	0	0	405	0	0	-0	0	-0	0	0	0	-0.029	-0.008
187.7	NaN	1319	NaN	818	0	3	362	0	0	0	408	0	0	0	0	-0	-0	-0	-0	-0.027	0.006
187.8	NaN	1328	NaN	818	0	1	358	0	0	0	406	0	0	0	0	0	0	0	0	-0.025	-0.012
187.9	NaN	1327	NaN	817	0	0	360	0	0	0	407	0	-0	-0	-0	0	-0	0	0	-0.023	-0.018
188	NaN	1325	NaN	816	0	-1	359	0	0	0	405	0	-0	0	-0	-0	0	0	0	-0.022	0.006
188.1	NaN	1325	NaN	815	0	2	360	0	0	0	407	0	0	-0	0	0	0	0	-0	-0.023	-0.03
188.2	NaN	1321	NaN	816	0	2	362	0	0	0	406	0	-0	-0	0	0	-0	0	-0	-0.023	0.016
188.3	NaN	1322	NaN	815	0	3	360	0	0	0	407	-0	-0	-0	-0	0	0	-0	0	-0.019	-0.003
188.4	NaN	1327	NaN	817	0	1	358	0	0	0	408	-0	-0	-0	0	0	0	0	0	-0.019	-0.004
188.5	NaN	1325	NaN	816	0	1	361	0	0	0	408	0	-0	-0	-0	-0	-0	-0	0	-0.02	-0
188.6	NaN	1317	NaN	815	0	3	362	0	0	0	407	0	0	0	-0	0	0	0	-0	-0.02	-0.006
188.7	NaN	1325	NaN	815	0	-1	361	0	0	0	408	0	-0	0	0	0	0	0	0	-0.021	-0.002
188.8	NaN	1320	NaN	816	0	0	360	0	0	0	408	0	-0	0	0	0	0	0	0	-0.021	-0.018
188.9	NaN	1317	NaN	815	0	3	362	0	0	0	408	-0	-0	0	0	0	-0	-0	0	-0.02	-0.004
189	NaN	1324	NaN	815	0	2	362	0	0	0	407	-0	0	-0	-0	0	-0	-0	-0	-0.02	0.007
189.1	NaN	1321	NaN	815	0	2	361	0	0	0	408	0	-0	0	-0	0	0	-0	-0	-0.02	0.004
189.2	NaN	1312	NaN	816	0	3	362	0	0	0	407	0	0	-0	-0	0	-0	0	0	-0.02	-0.01
189.3	NaN	1331	NaN	816	0	0	359	0	0	0	405	-0	-0	0	0	0	0	0	-0	-0.019	-0.014
189.4	NaN	1321	NaN	817	0	2	362	0	0	0	407	0	0	-0	-0	-0	-0	0	-0	-0.019	-0.014
189.5	NaN	1325	NaN	816	0	3	361	0	0	0	407	-0	0	-0	0	0	-0	0	-0	-0.02	0.005
189.6	NaN	1310	NaN	815	0	2	360	0	0	0	406	-0	-0	-0	-0	0	0	-0	0	-0.02	-0.003
189.7	NaN	1318	NaN	815	0	1	360	0	0	0	406	0	0	-0	-0	0	-0	-0	0	-0.02	0.003
189.8	NaN	1327	NaN	814	0	2	363	0	0	0	406	0	-0	0	-0	0	0	-0	-0	-0.02	-0.007
189.9	NaN	1311	NaN	816	0	2	362	0	0	0	407	0	0	0	0	0	0	-0	0	-0.021	0.001
190	NaN	1329	NaN	815	0	0	357	0	0	0	405	-0	0	0	-0	-0	-0	0	-0	-0.022	-0.003
190.1	NaN	1322	NaN	813	0	2	360	0	0	0	407	0	-0	-0	0	0	-0	0	-0	-0.02	0.004
190.2	NaN	1310	NaN	815	0	2	362	0	0	0	406	0	-0	0	-0	0	-0	-0	0	-0.02	0.009
190.3	NaN	1314	NaN	814	0	2	360	0	0	0	407	0	0	-0	0	0	0	0	0	-0.021	-0.023
190.4	NaN	1313	NaN	815	0	3	362	0	0	0	408	0	-0	0	-0	0	0	-0	0	-0.02	0.026
190.5	NaN	1327	NaN	813	0	0	358	0	0	0	408	0	-0	-0	0	-0	-0	-0	0	-0.018	-0.007
190.6	NaN	1313	NaN	814	0	2	360	0	0	0	408	0	0	0	-0	0	0	0	-0	-0.018	-0.011
190.7	NaN	1314	NaN	812	0	2	362	0	0	0	408	0	0	0	0	0	-0	0	-0	-0.019	-0.005
190.8	NaN	1310	NaN	814	0	2	361	0	0	0	407	0	-0	0	0	0	-0	-0	0	-0.016	-0.005
190.9	NaN	1313	NaN	814	0	2	363	0	0	0	406	0	0	-0	-0	-0	-0	0	0	-0.014	-0.012
191	NaN	1317	NaN	812	0	1	358	0	0	0	407	0	-0	0	0	-0	-0	0	-0	-0.015	0.004
191.1	NaN	1309	NaN	813	0	0	361	0	0	0	408	0	0	-0	0	0	0	-0	0	-0.015	-0.027
191.2	NaN	1321	NaN	812	0	2	362	0	0	0	406	0	0	0	0	-0	-0	-0	0	-0.016	-0.003
191.3	NaN	1309	NaN	813	0	3	363	0	0	0	408	-0	0	-0	0	0	-0	0	0	-0.014	0.004
191.4	NaN	1317	NaN	812	0	0	361	0	0	0	409	0	-0	-0	-0	0	0	-0	0	-0.013	-0.008
191.5	NaN	1315	NaN	812	0	1	358	0	0	0	406	0	-0	-0	-0	0	-0	0	-0	-0.012	-0.007
191.6	NaN	1307	NaN	811	0	2	359	0	0	0	405	0	0	-0	-0	0	0	-0	-0	-0.012	0.007
191.7	NaN	1314	NaN	811	0	2	358	0	0	0	406	0	0	-0	0	0	-0	-0	-0	-0.013	-0.023
191.8	NaN	1322	NaN	811	0	3	358	0	0	0	407	-0	0	0	0	0	-0	-0	0	-0.013	0.005
191.9	NaN	1316	NaN	812	0	2	361	0	0	0	407	0	0	-0	0	0	0	-0	0	-0.013	-0.011
192	NaN	1316	NaN	812	0	2	363	0	0	0	408	-0	-0	-0	-0	0	0	-0	-0	-0.013	-0.004
192.1	NaN	1313	NaN	809	0	3	361	0	0	0	407	0	0	-0	0	0	0	0	-0	-0.014	0.003
192.2	NaN	1316	NaN	811	0	3	359	0	0	0	408	-0	-0	-0	-0	-0	-0	-0	0	-0.015	-0.01
192.3	NaN	1313	NaN	810	0	3	361	0	0	0	408	0	-0	-0	-0	0	-0	-0	-0	-0.014	-0.018
192.4	NaN	1319	NaN	811	0	1	362	0	0	0	407	0	-0	0	0	0	-0	-0	0	-0.014	-0.005
192.5	NaN	1312	NaN	810	0	2	361	0	0	0	406	0	0	0	-0	-0	-0	-0	-0	-0.015	-0.007
192.6	NaN	1314	NaN	810	0	2	361	0	0	0	407	0	0	-0	0	0	-0	-0	-0	-0.015	-0.013
192.7	NaN	1316	NaN	809	0	0	357	0	0	0	408	-0	0	-0	-0	0	-0	-0	-0	-0.015	0.015
192.8	NaN	1306	NaN	811	0	2	358	0	0	0	408	0	-0	0	0	0	0	0	-0	-0.015	-0.011
192.9	NaN	1305	NaN	810	0	1	358	0	0	0	408	0	0	-0	-0	-0	0	0	-0	-0.017	0
193	NaN	1301	NaN	811	0	3	362	0	0	0	407	0	0	0	0	0	0	0	0	-0.017	0.002
193.1	NaN	1308	NaN	810	0	2	359	0	0	0	408	0	0	-0	-0	0	0	0	-0	-0.018	-0.003
193.2	NaN	1306	NaN	811	0	0	357	0	0	0	407	0	0	-0	0	-0	0	-0	-0	-0.02	-0.01
193.3	NaN	1315	NaN	809	0	2	360	0	0	0	407	-0	-0	-0	0	0	-0	0	-0	-0.022	-0.003
193.4	NaN	1311	NaN	811	0	2	357	0	0	0	407	0	0	-0	0	0	-0	-0	0	-0.019	0.008
193.5	NaN	1318	NaN	810	0	1	361	0	0	0	408	-0	0	-0	0	0	-0	-0	-0	-0.018	0.012
193.6	NaN	1306	NaN	810	0	3	361	0	0	0	406	0	0	0	0	-0	-0	0	0	-0.019	-0.029
193.7	NaN	1314	NaN	809	0	0	358	0	0	0	408	0	0	-0	0	0	0	0	0	-0.021	0.008
193.8	NaN	1308	NaN	809	0	1	362	0	0	0	407	0	0	-0	-0	0	0	-0	0	-0.018	-0.012
193.9	NaN	1302	NaN	806	0	2	362	0	0	0	407	0	-0	0	-0	0	-0	0	0	-0.015	-0.005
194	NaN	1310	NaN	808	0	0	361	0	0	0	406	0	-0	0	-0	0	-0	0	0	-0.013	-0.001
194.1	NaN	1312	NaN	808	0	0	358	0	0	0	406	-0	0	-0	-0	0	0	-0	-0	-0.012	-0.013
194.2	NaN	1301	NaN	806	0	2	360	0	0	0	406	0	0	0	0	0	-0	0	0	-0.012	0.014
194.3	NaN	1304	NaN	807	0	1	360	0	0	0	406	0	0	0	-0	0	-0	-0	-0	-0.012	-0.009
194.4	NaN	1306	NaN	810	0	2	362	0	0	0	408	0	-0	-0	0	0	-0	0	0	-0.014	-0.008
194.5	NaN	1308	NaN	809	0	2	361	0	0	0	408	0	0	0	0	0	-0	-0	-0	-0.017	-0.007
194.6	NaN	1318	NaN	808	0	-0	357	0	0	0	408	0	-0	-0	0	-0	-0	-0	0	-0.016	0.004
194.7	NaN	1309	NaN	809	0	0	358	0	0	0	406	0	-0	0	-0	0	-0	-0	-0	-0.016	-0
194.8	NaN	1312	NaN	807	0	1	358	0	0	0	405	0	0	-0	-0	-0	-0	0	-0	-0.014	-0.01
194.9	NaN	1311	NaN	807	0	1	359	0	0	0	407	0	-0	-0	-0	0	0	0	-0	-0.014	0.011
195	NaN	1317	NaN	807	0	0	358	0	0	0	405	0	0	-0	0	0	0	0	0	-0.014	0.002
195.1	NaN	1301	NaN	805	0	2	360	0	0	0	406	-0	0	-0	-0	0	-0	-0	0	-0.016	-0.005
195.2	NaN	1306	NaN	805	0	1	358	0	0	0	408	0	-0	-0	0	0	-0	0	0	-0.014	-0.01
195.3	NaN	1315	NaN	806	0	2	362	0	0	0	406	0	0	-0	-0	0	-0	-0	-0	-0.013	0.004
195.4	NaN	1297	NaN	807	0	3	361	0	0	0	405	0	0	-0	0	0	-0	-0	0	-0.012	-0.032
195.5	NaN	1307	NaN	802	0	1	358	0	0	0	407	-0	0	-0	-0	-0	0	-0	-0	-0.015	0.005
195.6	NaN	1298	NaN	806	0	2	361	0	0	0	407	0	-0	-0	-0	0	-0	-0	0	-0.015	-0.009
195.7	NaN	1314	NaN	806	0	0	359	0	0	0	407	0	-0	0	-0	0	-0	-0	0	-0.014	-0.001
195.8	NaN	1304	NaN	806	0	3	361	0	0	0	405	0	-0	-0	0	0	-0	-0	0	-0.013	0.009
195.9	NaN	1299	NaN	806	0	0	357	0	0	0	405	0	-0	0	0	0	0	-0	-0	-0.012	0.007
196	NaN	1298	NaN	806	0	0	356	0	0	0	406	0	0	-0	0	0	-0	0	0	-0.013	-0.009
196.1	NaN	1296	NaN	805	0	3	361	0	0	0	407	0	0	0	-0	0	0	-0	0	-0.014	0.003
196.2	NaN	1303	NaN	805	0	2	359	0	0	0	407	0	-0	-0	0	0	0	0	-0	-0.014	-0.009
196.3	NaN	1297	NaN	805	0	2	360	0	0	0	408	0	0	-0	0	0	-0	-0	-0	-0.015	0.011
196.4	NaN	1295	NaN	803	0	2	362	0	0	0	408	0	0	-0	0	0	0	0	0	-0.009	-0.008
196.5	NaN	1306	NaN	803	0	1	361	0	0	0	407	0	-0	-0	0	0	0	0	0	-0.009	-0.001
196.6	NaN	1310	NaN	803	0	-1	359	0	0	0	407	0	-0	0	0	0	0	-0	0	-0.011	0.005
196.7	NaN	1294	NaN	804	0	3	361	0	0	0	407	0	0	-0	-0	0	-0	0	0	-0.012	-0.019
196.8	NaN	1310	NaN	803	0	0	358	0	0	0	407	0	-0	-0	-0	0	0	-0	-0	-0.011	-0.02
196.9	NaN	1310	NaN	803	0	0	359	0	0	0	407	0	-0	-0	-0	0	-0	0	0	-0.011	0.021
197	NaN	1304	NaN	802	0	3	361	0	0	0	407	0	-0	0	0	0	-0	0	-0	-0.012	-0.008
197.1	NaN	1298	NaN	803	0	0	359	0	0	0	407	0	0	0	0	-0	-0	0	0	-0.011	0.016
197.2	NaN	1296	NaN	802	0	3	362	0	0	0	406	-0	-0	0	0	0	0	-0	-0	-0.012	0.002
197.3	NaN	1307	NaN	803	0	2	359	0	0	0	407	0	-0	0	-0	0	0	-0	-0	-0.012	-0.001
197.4	NaN	1295	NaN	802	0	2	362	0	0	0	407	0	0	0	0	-0	0	-0	0	-0.015	-0.011
197.5	NaN	1296	NaN	802	0	2	362	0	0	0	408	0	-0	0	-0	-0	-0	0	-0	-0.016	0.001
197.6	NaN	1303	NaN	803	0	3	361	0	0	0	406	0	-0	0	0	0	0	-0	0	-0.017	-0.019
197.7	NaN	1299	NaN	802	0	2	361	0	0	0	405	0	0	-0	0	-0	0	-0	0	-0.015	-0.003
197.8	NaN	1303	NaN	803	0	2	363	0	0	0	407	0	-0	-0	-0	-0	-0	-0	-0	-0.014	-0.02
197.9	NaN	1298	NaN	801	0	3	361	0	0	0	407	0	0	0	0	0	0	-0	0	-0.013	0.034
198	NaN	1293	NaN	802	0	0	358	0	0	0	408	0	0	-0	-0	0	-0	-0	-0	-0.016	-0.018
198.1	NaN	1297	NaN	801	0	1	359	0	0	0	407	-0	0	-0	0	0	0	0	0	-0.017	0.031
198.2	NaN	1296	NaN	801	0	0	358	0	0	0	407	0	-0	0	-0	0	-0	0	-0	-0.018	-0.026
198.3	NaN	1297	NaN	800	0	3	361	0	0	0	406	-0	0	-0	-0	-0	-0	-0	-0	-0.02	0.025
198.4	NaN	1294	NaN	800	0	2	360	0	0	0	408	0	-0	0	0	0	-0	-0	0	-0.019	-0.019
198.5	NaN	1292	NaN	800	0	-1	361	0	0	0	408	0	0	0	0	0	-0	-0	0	-0.02	0.026
198.6	NaN	1296	NaN	800	0	0	358	0	0	0	408	0	0	0	0	-0	-0	0	-0	-0.02	-0.007
198.7	NaN	1290	NaN	801	0	2	360	0	0	0	407	0	0	-0	0	0	0	-0	0	-0.019	0.02
198.8	NaN	1298	NaN	801	0	3	363	0	0	0	406	0	0	0	-0	0	-0	0	-0	-0.018	0.01
198.9	NaN	1295	NaN	800	0	3	360	0	0	0	407	0	-0	-0	0	-0	0	-0	0	-0.017	-0.015
199	NaN	1292	NaN	800	0	2	360	0	0	0	406	0	-0	0	-0	0	-0	-0	-0	-0.014	0.026
199.1	NaN	1295	NaN	801	0	2	359	0	0	0	408	-0	-0	-0	-0	0	0	0	0	-0.015	-0.034
199.2	NaN	1294	NaN	801	0	1	359	0	0	0	407	0	0	0	0	0	0	-0	-0	-0.014	0.003
199.3	NaN	1288	NaN	801	0	1	359	0	0	0	408	0	-0	0	0	0	0	-0	0	-0.013	-0.001
199.4	NaN	1299	NaN	801	0	2	359	0	0	0	408	-0	0	-0	-1	0	-0	-0	-1	-0.016	-0.011
199.5	NaN	1295	NaN	799	0	2	359	0	0	0	408	0	-0	0	-0	0	-0	-0	-0	-0.014	-0.023
199.6	NaN	1301	NaN	800	0	2	361	0	0	0	406	-0	-0	0	0	0	-0	-0	-0	-0.012	0.022
199.7	NaN	1286	NaN	800	0	3	360	0	0	0	408	0	0	0	-0	0	-0	0	-0	-0.013	0
199.8	NaN	1296	NaN	797	0	1	360	0	0	0	409	0	-0	0	0	0	-0	0	-0	-0.008	-0.012
199.9	NaN	1287	NaN	799	0	1	358	0	0	0	407	0	0	-0	-0	-0	0	0	0	-0.008	-0.026
200	NaN	1290	NaN	799	0	2	363	0	0	0	408	0	-0	0	-0	0	-0	-0	0	-0.012	-0.005
200.1	NaN	1300	NaN	799	0	2	360	0	0	0	407	-0	0	0	-0	0	0	-0	0	-0.012	-0.011
200.2	NaN	1301	NaN	798	0	-0	358	0	0	0	408	0	-0	-0	0	0	-0	-0	0	-0.013	0.001
200.3	NaN	1295	NaN	798	0	0	358	0	0	0	408	0	0	0	0	0	-0	-0	0	-0.013	-0.015
200.4	NaN	1291	NaN	798	0	1	359	0	0	0	407	0	0	-0	0	0	-0	0	-0	-0.014	0.003
200.5	NaN	1290	NaN	796	0	3	361	0	0	0	407	0	0	0	0	0	-0	0	0	-0.014	-0.002
200.6	NaN	1297	NaN	796	0	1	359	0	0	0	409	-0	-0	-0	-0	0	-0	-0	-0	-0.014	-0.008
200.7	NaN	1284	NaN	798	0	3	364	0	0	0	407	0	0	-0	0	-0	0	-0	-0	-0.014	-0.009
200.8	NaN	1302	NaN	797	0	0	358	0	0	0	406	0	0	0	0	0	-0	0	-0	-0.016	0.003
200.9	NaN	1283	NaN	797	0	3	363	0	0	0	408	-0	0	0	0	0	-0	0	0	-0.016	-0.011
201	NaN	1297	NaN	798	0	0	360	0	0	0	408	0	0	-0	0	0	0	0	-0	-0.018	0.011
201.1	NaN	1285	NaN	796	0	0	359	0	0	0	406	0	-0	0	0	-0	-0	-0	0	-0.018	-0.013
201.2	NaN	1284	NaN	796	0	2	361	0	0	0	407	0	-0	-0	-0	0	0	0	-0	-0.021	-0.014
201.3	NaN	1289	NaN	795	0	2	361	0	0	0	407	0	0	-0	-0	0	0	0	0	-0.021	-0.024
201.4	NaN	1299	NaN	796	0	-1	358	0	0	0	406	0	-0	-0	-0	0	-0	0	0	-0.022	0.002
201.5	NaN	1282	NaN	796	0	2	362	0	0	0	406	0	-0	0	0	0	-0	0	-0	-0.022	-0.018
201.6	NaN	1295	NaN	796	0	2	359	0	0	0	407	0	-0	0	0	0	-0	-0	0	-0.02	0.002
201.7	NaN	1286	NaN	795	0	4	363	0	0	0	408	0	-0	0	0	-0	-0	0	0	-0.021	-0.017
201.8	NaN	1280	NaN	795	0	1	359	0	0	0	408	0	0	-0	-0	0	0	-0	0	-0.022	-0.007
201.9	NaN	1287	NaN	794	0	3	360	0	0	0	407	0	-0	0	0	-0	-0	-0	0	-0.023	0.006
202	NaN	1291	NaN	794	0	3	359	0	0	0	405	-0	-0	0	0	-0	-0	-0	-0	-0.02	-0.012
202.1	NaN	1288	NaN	794	0	4	363	0	0	0	406	0	-0	-0	-0	0	0	-0	0	-0.021	-0.01
202.2	NaN	1291	NaN	793	0	2	359	0	0	0	408	0	-0	0	-0	0	0	0	-0	-0.021	-0.006
202.3	NaN	1289	NaN	793	0	2	360	0	0	0	406	0	-0	0	0	0	0	-0	0	-0.021	-0.001
202.4	NaN	1281	NaN	794	0	0	357	0	0	0	407	0	0	-0	0	-0	-0	-0	0	-0.022	0.022
202.5	NaN	1297	NaN	793	0	1	361	0	0	0	407	0	0	0	0	0	0	0	0	-0.024	-0.01
202.6	NaN	1282	NaN	793	0	1	359	0	0	0	408	0	0	-0	0	0	-0	-0	-0	-0.024	0.004
202.7	NaN	1283	NaN	793	0	3	359	0	0	0	406	0	-0	0	-0	0	-0	-0	-0	-0.025	-0.031
202.8	NaN	1282	NaN	793	0	3	360	0	0	0	408	0	0	-0	0	-0	0	0	-0	-0.02	-0.011
202.9	NaN	1292	NaN	793	0	1	358	0	0	0	406	0	0	-0	-0	0	0	0	0	-0.02	0.002
203	NaN	1277	NaN	795	0	4	363	0	0	0	407	-0	-0	0	0	0	-0	0	-0	-0.018	-0.003
203.1	NaN	1285	NaN	794	0	4	364	0	0	0	407	0	0	0	-0	0	-0	-0	0	-0.018	-0.005
203.2	NaN	1292	NaN	795	0	1	360	0	0	0	405	0	0	-0	-0	0	-0	0	0	-0.019	0.001
203.3	NaN	1291	NaN	793	0	1	359	0	0	0	407	0	-0	0	-0	-0	0	-0	-0	-0.02	0.007
203.4	NaN	1278	NaN	793	0	4	362	0	0	0	408	0	0	-0	0	0	0	-0	-0	-0.021	-0.008
203.5	NaN	1287	NaN	792	0	3	360	0	0	0	407	0	0	-0	-0	0	0	0	0	-0.022	0.005
203.6	NaN	1294	NaN	792	0	4	356	0	0	0	408	0	0	0	-0	0	-0	0	0	-0.022	0.004
203.7	NaN	1287	NaN	792	0	1	360	0	0	0	407	0	-0	-0	-0	-0	-0	0	-0	-0.023	0.003
203.8	NaN	1276	NaN	791	0	3	363	0	0	0	408	0	-0	0	-0	-0	-0	-0	0	-0.021	0.001
203.9	NaN	1288	NaN	792	0	1	360	0	0	0	407	-0	0	-0	0	0	-0	-0	-0	-0.021	-0.002
204	NaN	1287	NaN	791	0	1	359	0	0	0	407	0	0	0	0	0	0	-0	0	-0.018	0.006
204.1	NaN	1283	NaN	791	0	3	362	0	0	0	407	-0	0	0	0	0	0	0	-0	-0.019	-0.02
204.2	NaN	1279	NaN	791	0	4	361	0	0	0	408	0	0	0	-0	0	-0	-0	0	-0.019	-0.002
204.3	NaN	1285	NaN	789	0	3	360	0	0	0	407	0	0	-0	0	0	-0	0	-0	-0.021	0.001
204.4	NaN	1277	NaN	790	0	2	364	0	0	0	407	-0	0	-0	0	-0	0	0	0	-0.021	0.011
204.5	NaN	1281	NaN	790	0	2	359	0	0	0	407	0	-0	0	-0	0	-0	-0	-0	-0.022	0.002
204.6	NaN	1285	NaN	790	0	2	357	0	0	0	408	0	0	0	0	0	0	-0	0	-0.024	0.004
204.7	NaN	1282	NaN	790	0	2	363	0	0	0	407	-0	0	0	-0	0	-0	-0	0	-0.025	-0.013
204.8	NaN	1286	NaN	789	0	3	360	0	0	0	408	0	-0	-0	-0	0	0	0	0	-0.027	0.002
204.9	NaN	1274	NaN	790	0	1	357	0	0	0	406	-0	0	0	0	-0	0	-0	0	-0.028	-0.01
205	NaN	1283	NaN	789	0	4	358	0	0	0	408	0	-0	-0	0	0	-0	-0	-0	-0.027	-0.004
205.1	NaN	1279	NaN	789	0	2	360	0	0	0	405	0	0	-0	0	0	0	-0	0	-0.027	0.009
205.2	NaN	1282	NaN	788	0	2	361	0	0	0	407	0	-0	-0	0	-0	0	-0	-0	-0.025	0.001
205.3	NaN	1275	NaN	788	0	1	358	0	0	0	407	0	0	0	-0	0	0	0	-0	-0.024	-0.013
205.4	NaN	1281	NaN	787	0	3	360	0	0	0	408	0	0	-0	-0	0	-0	-0	0	-0.027	-0.007
205.5	NaN	1286	NaN	789	0	3	360	0	0	0	407	0	-0	0	-0	0	-0	-0	0	-0.028	-0.012
205.6	NaN	1272	NaN	789	0	3	362	0	0	0	407	0	-0	-0	0	0	-0	-0	-0	-0.026	-0.011
205.7	NaN	1272	NaN	788	0	3	362	0	0	0	407	0	0	-0	-0	0	0	0	-0	-0.027	-0.003
205.8	NaN	1274	NaN	788	0	4	361	0	0	0	408	0	0	0	0	0	0	-0	0	-0.028	0.009
205.9	NaN	1281	NaN	788	0	2	359	0	0	0	407	0	-0	-0	0	0	0	-0	-0	-0.029	-0.004
206	NaN	1271	NaN	786	0	4	362	0	0	0	408	-0	0	-0	0	0	0	-0	0	-0.03	-0.022
206.1	NaN	1276	NaN	788	0	1	361	0	0	0	407	-0	-0	0	-0	0	-0	0	-0	-0.032	-0.018
206.2	NaN	1286	NaN	787	0	1	359	0	0	0	407	-0	0	-0	-0	0	0	0	0	-0.032	-0.005
206.3	NaN	1278	NaN	787	0	3	359	0	0	0	407	-0	-0	-0	-0	0	-0	-0	0	-0.032	-0.014
206.4	NaN	1271	NaN	786	0	4	362	0	0	0	407	0	-0	0	0	-0	-0	-0	-0	-0.031	0.001
206.5	NaN	1274	NaN	784	0	4	361	0	0	0	407	0	0	0	0	-0	-0	-0	-0	-0.032	-0.012
206.6	NaN	1274	NaN	785	0	3	362	0	0	0	407	0	0	-0	0	0	-0	-0	0	-0.032	0.002
206.7	NaN	1280	NaN	786	0	4	362	0	0	0	407	0	0	0	-0	0	0	0	0	-0.031	-0.011
206.8	NaN	1276	NaN	787	0	2	362	0	0	0	406	0	0	-0	0	0	0	0	0	-0.031	-0.011
206.9	NaN	1275	NaN	786	0	3	363	0	0	0	405	0	0	-0	0	-0	0	-0	-0	-0.031	-0.005
207	NaN	1279	NaN	786	0	4	361	0	0	0	406	0	-0	-0	0	0	0	-0	0	-0.027	-0.012
207.1	NaN	1276	NaN	785	0	2	360	0	0	0	406	0	0	-0	-0	0	-0	-0	-0	-0.028	-0.002
207.2	NaN	1280	NaN	785	0	1	359	0	0	0	408	0	-0	-0	0	0	-0	-0	-0	-0.027	0
207.3	NaN	1273	NaN	787	0	1	360	0	0	0	408	0	0	-0	-0	0	-0	0	0	-0.027	0.003
207.4	NaN	1275	NaN	788	0	3	360	0	0	0	408	0	-0	0	-0	0	-0	-0	-0	-0.027	-0.025
207.5	NaN	1280	NaN	785	0	1	360	0	0	0	407	0	0	0	-0	0	-0	-0	0	-0.028	-0.014
207.6	NaN	1277	NaN	787	0	2	358	0	0	0	406	-0	-0	-0	-0	0	0	0	0	-0.029	0.005
207.7	NaN	1279	NaN	787	0	2	358	0	0	0	407	0	-0	0	-0	-0	-0	-0	-0	-0.03	0.004
207.8	NaN	1274	NaN	786	0	1	360	0	0	0	408	-0	-0	-0	-0	-0	0	0	0	-0.028	-0.014
207.9	NaN	1268	NaN	786	0	2	359	0	0	0	407	0	0	-0	0	0	0	-0	0	-0.028	-0.009
208	NaN	1277	NaN	786	0	3	358	0	0	0	408	0	-0	-0	0	0	-0	-0	0	-0.027	-0.015
208.1	NaN	1266	NaN	786	0	3	361	0	0	0	408	0	0	-0	-0	0	-0	-0	-0	-0.028	-0.022
208.2	NaN	1268	NaN	786	0	3	361	0	0	0	408	0	0	0	0	0	0	0	0	-0.03	-0.008
208.3	NaN	1266	NaN	785	0	2	362	0	0	0	408	0	0	-0	0	0	0	0	-0	-0.032	-0.005
208.4	NaN	1284	NaN	785	0	1	358	0	0	0	407	0	-0	-0	0	0	-0	-0	0	-0.029	-0.01
208.5	NaN	1268	NaN	786	0	2	362	0	0	0	408	0	-0	0	-0	0	0	-0	0	-0.03	-0
208.6	NaN	1278	NaN	787	0	1	359	0	0	0	407	0	0	0	0	0	0	-0	-0	-0.03	0
208.7	NaN	1280	NaN	784	0	1	358	0	0	0	407	-0	0	0	-0	0	0	-0	0	-0.03	-0.011
208.8	NaN	1281	NaN	783	0	1	360	0	0	0	407	0	0	0	0	0	-0	-0	-0	-0.03	0
208.9	NaN	1271	NaN	784	0	1	358	0	0	0	407	-0	0	-0	0	0	0	-0	-0	-0.031	-0.019
209	NaN	1268	NaN	784	0	2	359	0	0	0	408	0	-0	-0	0	0	0	-0	0	-0.03	-0.019
209.1	NaN	1269	NaN	784	0	4	364	0	0	0	408	0	-0	0	-0	0	-0	-0	-0	-0.03	-0.016
209.2	NaN	1271	NaN	785	0	2	361	0	0	0	407	0	-0	-0	-0	-0	0	0	0	-0.032	-0.014
209.3	NaN	1275	NaN	784	0	1	360	0	0	0	408	0	0	-0	0	0	0	-0	-0	-0.034	-0.023
209.4	NaN	1272	NaN	786	0	1	361	0	0	0	409	0	-0	0	0	0	0	-0	0	-0.033	0.007
209.5	NaN	1271	NaN	787	0	1	361	0	0	0	408	-0	0	0	0	0	0	-0	-0	-0.034	0.011
209.6	NaN	1274	NaN	785	0	2	361	0	0	0	405	-0	0	0	-0	0	0	0	-0	-0.033	-0.006
209.7	NaN	1270	NaN	786	0	2	362	0	0	0	406	-0	-0	0	0	0	-0	-0	0	-0.033	0.007
209.8	NaN	1268	NaN	784	0	4	361	0	0	0	406	0	0	-0	-0	-0	-0	0	-0	-0.032	0.01
209.9	NaN	1279	NaN	784	0	1	359	0	0	0	407	0	0	-0	0	0	-0	0	-0	-0.033	-0.009
210	NaN	1264	NaN	784	0	3	359	0	0	0	407	-0	-0	-0	0	-0	0	-0	0	-0.03	-0.008
210.1	NaN	1262	NaN	783	0	1	360	0	0	0	407	0	-0	-0	-0	0	-0	0	-0	-0.032	0.001
210.2	NaN	1268	NaN	783	0	0	357	0	0	0	406	-0	-0	0	0	0	0	-0	0	-0.033	-0.014
210.3	NaN	1263	NaN	782	0	1	358	0	0	0	406	0	-0	0	-0	0	-0	-0	-0	-0.033	-0.003
210.4	NaN	1267	NaN	782	0	3	360	0	0	0	407	0	-0	-0	0	0	0	-0	-0	-0.031	0.009
210.5	NaN	1264	NaN	781	0	4	361	0	0	0	407	0	0	0	0	0	0	0	0	-0.031	0.004
210.6	NaN	1278	NaN	782	0	1	360	0	0	0	408	0	-0	0	-0	0	0	-0	0	-0.029	-0.01
210.7	NaN	1263	NaN	780	0	1	359	0	0	0	408	-0	0	0	-0	0	-0	0	0	-0.03	0.002
210.8	NaN	1272	NaN	781	0	4	359	0	0	0	407	0	-0	0	0	0	0	0	0	-0.03	-0.005
210.9	NaN	1263	NaN	781	0	3	363	0	0	0	407	0	-0	0	-0	0	-0	0	0	-0.031	0.007
211	NaN	1276	NaN	781	0	4	363	0	0	0	406	0	0	-0	0	0	-0	0	-0	-0.031	0.005
211.1	NaN	1267	NaN	777	0	1	360	0	0	0	407	-0	-0	-0	-0	0	-0	0	-0	-0.031	-0.013
211.2	NaN	1271	NaN	779	0	3	358	0	0	0	407	-0	-0	-0	0	0	0	-0	0	-0.032	0.01
211.3	NaN	1258	NaN	779	0	1	361	0	0	0	408	0	-0	0	0	0	-0	-0	-0	-0.033	-0.004
211.4	NaN	1273	NaN	780	0	3	359	0	0	0	407	0	-0	0	0	-0	0	0	-0	-0.034	-0.001
211.5	NaN	1263	NaN	780	0	1	361	0	0	0	408	0	0	-0	0	0	0	-0	-0	-0.036	0.008
211.6	NaN	1266	NaN	780	0	2	359	0	0	0	408	-0	0	-0	-0	0	0	0	0	-0.036	-0.017
211.7	NaN	1258	NaN	783	0	1	357	0	0	0	408	0	0	-0	-0	0	0	-0	-0	-0.037	-0.015
211.8	NaN	1259	NaN	783	0	1	363	0	0	0	407	0	-0	-0	-0	0	-0	0	-0	-0.035	0.008
211.9	NaN	1262	NaN	780	0	2	360	0	0	0	406	-0	0	-0	0	0	-0	0	0	-0.036	0.006
212	NaN	1274	NaN	779	0	1	359	0	0	0	407	0	-0	0	-0	0	-0	0	0	-0.037	0.009
212.1	NaN	1259	NaN	779	0	2	360	0	0	0	408	0	0	-0	-0	0	0	0	-0	-0.039	-0.009
212.2	NaN	1257	NaN	779	0	3	362	0	0	0	406	-0	0	0	0	-0	0	0	0	-0.039	-0.009
212.3	NaN	1258	NaN	778	0	4	362	0	0	0	408	0	-0	0	0	0	-0	0	0	-0.038	0.002
212.4	NaN	1257	NaN	777	0	2	362	0	0	0	408	0	-0	0	0	0	-0	0	-0	-0.039	-0.015
212.5	NaN	1259	NaN	776	0	3	362	0	0	0	406	0	0	-0	0	0	-0	-0	-0	-0.04	-0.009
212.6	NaN	1267	NaN	777	0	1	359	0	0	0	406	0	0	-0	0	0	-0	-0	0	-0.038	-0.002
212.7	NaN	1263	NaN	777	0	1	359	0	0	0	405	-0	0	-0	0	0	-0	-0	0	-0.039	-0.017
212.8	NaN	1262	NaN	777	0	3	361	0	0	0	407	0	-0	0	0	-0	-0	-0	-0	-0.038	-0.014
212.9	NaN	1261	NaN	776	0	3	361	0	0	0	407	0	-0	0	0	0	0	0	-0	-0.039	-0.017
213	NaN	1258	NaN	776	0	3	363	0	0	0	408	0	0	-0	-0	0	0	0	-0	-0.037	0.012
213.1	NaN	1269	NaN	777	0	3	362	0	0	0	405	0	0	0	-0	-0	-0	-0	-0	-0.038	-0.007
213.2	NaN	1268	NaN	776	0	1	359	0	0	0	407	0	0	-0	0	0	0	-0	0	-0.039	0.018
213.3	NaN	1259	NaN	776	0	3	362	0	0	0	408	-0	-0	-0	-0	0	-0	0	-0	-0.04	-0.002
213.4	NaN	1255	NaN	777	0	4	362	0	0	0	408	0	0	0	-0	0	-0	0	0	-0.035	0.009
213.5	NaN	1257	NaN	778	0	2	361	0	0	0	406	0	0	-0	0	-0	-0	-0	0	-0.036	-0.008
213.6	NaN	1264	NaN	778	0	1	360	0	0	0	407	0	-0	-0	-0	0	0	-0	0	-0.037	0.004
213.7	NaN	1252	NaN	778	0	3	362	0	0	0	406	-0	0	-0	0	0	-0	0	-0	-0.038	-0.003
213.8	NaN	1254	NaN	778	0	2	358	0	0	0	408	0	-0	-0	0	0	-0	-0	-0	-0.038	-0.004
213.9	NaN	1265	NaN	776	0	1	361	0	0	0	406	-0	0	0	-0	0	-0	0	-0	-0.039	-0.018
214	NaN	1254	NaN	777	0	4	363	0	0	0	406	0	-0	0	0	0	0	0	-0	-0.04	-0.005
214.1	NaN	1264	NaN	777	0	1	359	0	0	0	408	0	0	-0	0	0	-0	0	-0	-0.041	0
214.2	NaN	1253	NaN	775	0	3	363	0	0	0	406	0	0	0	-0	0	0	0	0	-0.041	0.002
214.3	NaN	1254	NaN	775	0	3	362	0	0	0	407	-0	-0	0	-0	0	-0	0	0	-0.037	-0.011
214.4	NaN	1256	NaN	775	0	3	361	0	0	0	406	0	0	-0	0	0	0	-0	-0	-0.04	0.024
214.5	NaN	1261	NaN	774	0	1	357	0	0	0	408	0	-0	0	-0	0	0	0	-0	-0.041	-0.012
214.6	NaN	1266	NaN	774	0	1	356	0	0	0	406	-0	-0	-0	0	0	-0	-0	0	-0.041	-0.008
214.7	NaN	1252	NaN	774	0	4	362	0	0	0	407	0	-0	0	0	0	-0	-0	-0	-0.042	-0.012
214.8	NaN	1257	NaN	775	0	3	360	0	0	0	407	0	0	0	-0	0	-0	-0	-0	-0.039	0.014
214.9	NaN	1253	NaN	773	0	3	364	0	0	0	408	0	0	0	-0	0	-0	0	-0	-0.04	-0.012
215	NaN	1256	NaN	775	0	2	361	0	0	0	408	0	0	0	0	0	0	0	-0	-0.036	-0.004
215.1	NaN	1256	NaN	774	0	3	361	0	0	0	407	-0	0	0	-0	0	-0	0	-0	-0.033	0.007
215.2	NaN	1249	NaN	774	0	3	362	0	0	0	408	0	0	0	-0	0	0	0	-0	-0.035	-0.001
215.3	NaN	1251	NaN	774	0	3	360	0	0	0	407	-0	0	0	0	0	-0	0	-0	-0.037	-0.005
215.4	NaN	1248	NaN	772	0	4	361	0	0	0	405	0	0	0	0	-0	0	-0	-0	-0.035	0.016
215.5	NaN	1259	NaN	773	0	1	360	0	0	0	406	0	-0	-0	0	0	0	0	-0	-0.035	-0.023
215.6	NaN	1256	NaN	774	0	0	358	0	0	0	407	0	0	0	-0	0	0	-0	0	-0.031	0.009
215.7	NaN	1262	NaN	772	0	2	359	0	0	0	408	0	0	0	0	-0	-0	-0	-0	-0.032	0.009
215.8	NaN	1254	NaN	773	0	3	361	0	0	0	407	0	0	-0	0	-0	0	0	-0	-0.029	-0.014
215.9	NaN	1249	NaN	773	0	3	360	0	0	0	408	0	0	-0	-0	0	-0	0	-0	-0.03	-0.022
216	NaN	1253	NaN	773	0	1	363	0	0	0	406	-0	0	0	0	0	0	-0	0	-0.033	-0.001
216.1	NaN	1265	NaN	773	0	2	361	0	0	0	406	-0	0	0	0	0	-0	-0	-0	-0.033	-0.055
216.2	NaN	1256	NaN	772	0	3	359	0	0	0	405	-0	0	0	0	0	0	-0	0	-0.033	0.006
216.3	NaN	1251	NaN	771	0	3	361	0	0	0	406	-0	-0	0	-0	0	-0	-0	-0	-0.031	-0.008
216.4	NaN	1265	NaN	770	0	0	357	0	0	0	406	0	0	0	-0	0	-0	-0	0	-0.028	-0.016
216.5	NaN	1257	NaN	771	0	4	360	0	0	0	407	0	-0	0	0	0	-0	0	-0	-0.03	-0.029
216.6	NaN	1251	NaN	770	0	4	360	0	0	0	407	-0	0	-0	-0	0	0	-0	0	-0.027	-0.007
216.7	NaN	1245	NaN	770	0	3	359	0	0	0	407	-0	0	-0	0	0	0	0	-0	-0.027	-0.009
216.8	NaN	1251	NaN	770	0	1	361	0	0	0	407	-0	-0	-0	-0	0	0	-0	0	-0.029	0.005
216.9	NaN	1252	NaN	769	0	3	361	0	0	0	406	0	0	0	-0	0	-0	-0	-0	-0.031	0.012
217	NaN	1253	NaN	769	0	4	361	0	0	0	405	0	-0	-0	0	0	-0	-0	0	-0.028	-0.039
217.1	NaN	1251	NaN	769	0	1	362	0	0	0	405	-0	0	-0	-0	0	0	-0	0	-0.028	-0.001
217.2	NaN	1248	NaN	770	0	1	359	0	0	0	406	0	0	0	0	0	-0	-0	-0	-0.024	0.013
217.3	NaN	1257	NaN	769	0	3	360	0	0	0	406	0	-0	0	-0	0	-0	0	-0	-0.021	-0.018
217.4	NaN	1255	NaN	767	0	2	360	0	0	0	406	-0	-0	-0	-0	-0	-0	-0	-0	-0.026	0.025
217.5	NaN	1262	NaN	768	0	2	362	0	0	0	406	-0	-0	-0	0	0	0	-0	-0	-0.026	-0.003
217.6	NaN	1254	NaN	768	0	1	357	0	0	0	407	0	0	-0	0	0	0	0	-0	-0.027	0.008
217.7	NaN	1253	NaN	768	0	2	361	0	0	0	405	0	-0	0	-0	0	-0	-0	0	-0.028	-0.034
217.8	NaN	1252	NaN	768	0	2	358	0	0	0	407	0	0	-0	0	0	0	0	0	-0.024	-0.016
217.9	NaN	1254	NaN	769	0	1	358	0	0	0	405	0	-0	-0	0	0	-0	-0	-0	-0.026	0.014
218	NaN	1245	NaN	770	0	4	362	0	0	0	406	-0	-0	-0	-0	0	-0	-0	-0	-0.026	-0.016
218.1	NaN	1247	NaN	772	0	3	361	0	0	0	408	0	-0	0	0	-0	-0	-0	-0	-0.026	-0.005
218.2	NaN	1255	NaN	772	0	2	359	0	0	0	405	-0	-0	-0	-0	0	-0	-0	-0	-0.027	0.004
218.3	NaN	1253	NaN	770	0	0	358	0	0	0	406	-0	0	0	0	0	0	0	0	-0.029	-0.003
218.4	NaN	1251	NaN	771	0	3	359	0	0	0	407	-0	0	0	-0	0	0	0	0	-0.028	-0.014
218.5	NaN	1248	NaN	770	0	2	359	0	0	0	406	-0	-0	-0	0	0	-0	0	-0	-0.029	0.001
218.6	NaN	1257	NaN	771	0	2	358	0	0	0	407	0	0	0	-0	-0	0	0	-0	-0.026	-0.014
218.7	NaN	1257	NaN	767	0	3	361	0	0	0	408	0	0	0	0	0	-0	-0	-0	-0.027	-0.013
218.8	NaN	1252	NaN	768	0	1	358	0	0	0	406	0	-0	-0	-0	-0	0	0	0	-0.022	-0.006
218.9	NaN	1241	NaN	769	0	2	360	0	0	0	406	0	-0	0	0	0	-0	-0	-0	-0.023	-0.017
219	NaN	1247	NaN	768	0	2	361	0	0	0	406	0	0	-0	0	-0	-0	0	0	-0.026	0.006
219.1	NaN	1248	NaN	769	0	3	360	0	0	0	406	-0	-0	-0	-0	0	0	0	-0	-0.026	-0.012
219.2	NaN	1254	NaN	770	0	1	360	0	0	0	406	0	0	-0	0	0	-0	0	0	-0.029	-0.013
219.3	NaN	1242	NaN	769	0	3	361	0	0	0	408	0	-0	0	0	-0	-0	0	0	-0.029	0.003
219.4	NaN	1252	NaN	896	0	2	360	0	0	0	406	0	-0	0	0	0	-0	0	-0	-0.028	-0.052
219.5	NaN	1252	NaN	999	0	2	360	0	0	0	406	0	0	0	-0	0	-0	0	-0	-0.028	-0.014
219.6	NaN	1252	NaN	999	0	2	360	0	0	0	406	0	0	0	-0	0	-0	0	-0	-0.03	0.002
219.7	NaN	1252	NaN	999	0	2	360	0	0	0	406	0	0	0	-0	0	-0	0	-0	-0.029	0.002
219.8	NaN	1252	NaN	999	0	2	360	0	0	0	406	0	0	0	-0	0	-0	0	-0	-0.028	-0.001
219.9	NaN	1252	NaN	999	0	2	360	0	0	0	406	0	0	0	-0	0	-0	0	-0	-0.029	-0.011
220	NaN	1252	NaN	999	0	2	360	0	0	0	406	0	0	0	-0	0	-0	0	-0	-0.028	0.011
220.1	NaN	1252	NaN	999	0	2	360	0	0	0	406	0	0	0	-0	0	-0	0	-0	-0.028	-0.013
220.2	NaN	1252	NaN	999	0	2	360	0	0	0	406	0	0	0	-0	0	-0	0	-0	-0.027	-0.021
220.3	NaN	1252	NaN	999	0	2	360	0	0	0	406	0	0	0	-0	0	-0	0	-0	-0.028	0.088
220.4	NaN	1252	NaN	999	0	2	360	0	0	0	406	0	0	0	-0	0	-0	0	-0	-0.026	-0.007
220.5	NaN	1252	NaN	999	0	2	360	0	0	0	406	0	0	0	-0	0	-0	0	-0	-0.026	-0.041
220.6	NaN	1252	NaN	999	0	2	360	0	0	0	406	0	0	0	-0	0	-0	0	-0	-0.025	-0.004
220.7	NaN	1252	NaN	999	0	2	360	0	0	0	406	0	0	0	-0	0	-0	0	-0	-0.028	-0.041
220.8	NaN	1252	NaN	999	0	2	360	0	0	0	406	0	0	0	-0	0	-0	0	-0	-0.022	-0.071
220.9	NaN	1252	NaN	999	0	2	360	0	0	0	406	0	0	0	-0	0	-0	0	-0	-0.024	0.097
221	NaN	1252	NaN	999	0	2	360	0	0	0	406	0	0	0	-0	0	-0	0	-0	-0.024	-0.021
221.1	NaN	1252	NaN	999	0	2	360	0	0	0	406	0	0	0	-0	0	-0	0	-0	-0.027	-0.091
221.2	NaN	1252	NaN	999	0	2	360	0	0	0	406	0	0	0	-0	0	-0	0	-0	-0.022	-0.01
221.3	NaN	1252	NaN	999	0	2	360	0	0	0	406	0	0	0	-0	0	-0	0	-0	-0.025	-0.022
221.4	NaN	1252	NaN	999	0	2	360	0	0	0	406	0	0	0	-0	0	-0	0	-0	-0.018	-0.012
221.5	NaN	1252	NaN	999	0	2	360	0	0	0	406	0	0	0	-0	0	-0	0	-0	-0.021	-0.036
221.6	NaN	1252	NaN	999	0	2	360	0	0	0	406	0	0	0	-0	0	-0	0	-0	-0.021	0.073
221.7	NaN	1252	NaN	999	0	2	360	0	0	0	406	0	0	0	-0	0	-0	0	-0	-0.025	-0.123
221.8	NaN	1252	NaN	999	0	2	360	0	0	0	406	0	0	0	-0	0	-0	0	-0	-0.023	0.039
221.9	NaN	1252	NaN	999	0	2	360	0	0	0	406	0	0	0	-0	0	-0	0	-0	-0.021	-0.05
222	NaN	1252	NaN	999	0	2	360	0	0	0	406	0	0	0	-0	0	-0	0	-0	-0.024	0.016
222.1	NaN	1252	NaN	999	0	2	360	0	0	0	406	0	0	0	-0	0	-0	0	-0	-0.025	-0.052
222.2	NaN	1252	NaN	999	0	2	360	0	0	0	406	0	0	0	-0	0	-0	0	-0	-0.024	-0.033
222.3	NaN	1252	NaN	999	0	2	360	0	0	0	406	0	0	0	-0	0	-0	0	-0	-0.024	-0.005
222.4	NaN	1252	NaN	999	0	2	360	0	0	0	406	0	0	0	-0	0	-0	0	-0	-0.022	0.012
222.5	NaN	1252	NaN	999	0	2	360	0	0	0	406	0	0	0	-0	0	-0	0	-0	-0.022	-0.016
222.6	NaN	1252	NaN	999	0	2	360	0	0	0	406	0	0	0	-0	0	-0	0	-0	-0.021	0.013
222.7	NaN	1252	NaN	999	0	2	360	0	0	0	406	0	0	0	-0	0	-0	0	-0	-0.017	0.016
222.8	NaN	1252	NaN	999	0	2	360	0	0	0	406	0	0	0	-0	0	-0	0	-0	-0.014	0.032
222.9	NaN	1252	NaN	999	0	2	360	0	0	0	406	0	0	0	-0	0	-0	0	-0	-0.008	0.077
223	NaN	1252	NaN	999	0	2	360	0	0	0	406	0	0	0	-0	0	-0	0	-0	0.003	0.063
223.1	NaN	1252	NaN	999	0	2	360	0	0	0	406	0	0	0	-0	0	-0	0	-0	0.009	0.05
223.2	NaN	1252	NaN	999	0	2	360	0	0	0	406	0	0	0	-0	0	-0	0	-0	0.016	0.081
223.3	NaN	1252	NaN	999	0	2	360	0	0	0	406	0	0	0	-0	0	-0	0	-0	0.027	0.098
223.4	NaN	1252	NaN	999	0	2	360	0	0	0	406	0	0	0	-0	0	-0	0	-0	0.043	0.173
223.5	NaN	1252	NaN	999	0	2	360	0	0	0	406	0	0	0	-0	0	-0	0	-0	0.07	0.31
223.6	NaN	1252	NaN	999	0	2	360	0	0	0	406	0	0	0	-0	0	-0	0	-0	0.105	0.344
223.7	NaN	1252	NaN	999	0	2	360	0	0	0	406	0	0	0	-0	0	-0	0	-0	0.148	0.44
223.8	NaN	1252	NaN	999	0	2	360	0	0	0	406	0	0	0	-0	0	-0	0	-0	0.203	0.541
223.9	NaN	1252	NaN	999	0	2	360	0	0	0	406	0	0	0	-0	0	-0	0	-0	0.258	0.513
224	NaN	1252	NaN	999	0	2	360	0	0	0	406	0	0	0	-0	0	-0	0	-0	0.312	0.489
224.1	NaN	1252	NaN	999	0	2	360	0	0	0	406	0	0	0	-0	0	-0	0	-0	0.366	0.506
224.2	NaN	1252	NaN	999	0	2	360	0	0	0	406	0	0	0	-0	0	-0	0	-0	0.422	0.57
224.3	NaN	1252	NaN	999	0	2	360	0	0	0	406	0	0	0	-0	0	-0	0	-0	0.482	0.553
224.4	NaN	1252	NaN	999	0	2	360	0	0	0	406	0	0	0	-0	0	-0	0	-0	0.541	0.489
224.5	NaN	1252	NaN	999	0	2	360	0	0	0	406	0	0	0	-0	0	-0	0	-0	0.595	0.486
224.6	NaN	1252	NaN	999	0	2	360	0	0	0	406	0	0	0	-0	0	-0	0	-0	0.634	0.234
224.7	NaN	1252	NaN	999	0	2	360	0	0	0	406	0	0	0	-0	0	-0	0	-0	0.665	0.26
224.8	NaN	1252	NaN	999	0	2	360	0	0	0	406	0	0	0	-0	0	-0	0	-0	0.695	0.286
224.9	NaN	1252	NaN	999	0	2	360	0	0	0	406	0	0	0	-0	0	-0	0	-0	0.734	0.365
225	NaN	1252	NaN	999	0	2	360	0	0	0	406	0	0	0	-0	0	-0	0	-0	0.77	0.369
225.1	NaN	1252	NaN	999	0	2	360	0	0	0	406	0	0	0	-0	0	-0	0	-0	0.813	0.457
225.2	NaN	1252	NaN	999	0	2	360	0	0	0	406	0	0	0	-0	0	-0	0	-0	0.863	0.582
225.3	NaN	1252	NaN	999	0	2	360	0	0	0	406	0	0	0	-0	0	-0	0	-0	0.9	0.13
225.4	NaN	1252	NaN	999	0	2	360	0	0	0	406	0	0	0	-0	0	-0	0	-0	0.93	0.341
225.5	NaN	1252	NaN	999	0	2	360	0	0	0	406	0	0	0	-0	0	-0	0	-0	0.96	0.198
225.6	NaN	1252	NaN	999	0	2	360	0	0	0	406	0	0	0	-0	0	-0	0	-0	0.994	0.36
225.7	NaN	1252	NaN	999	0	2	360	0	0	0	406	0	0	0	-0	0	-0	0	-0	1.026	0.356
225.8	NaN	1252	NaN	999	0	2	360	0	0	0	406	0	0	0	-0	0	-0	0	-0	1.066	0.324
225.9	NaN	1252	NaN	999	0	2	360	0	0	0	406	0	0	0	-0	0	-0	0	-0	1.117	0.538
226	NaN	1252	NaN	999	0	2	360	0	0	0	406	0	0	0	-0	0	-0	0	-0	1.16	0.336
226.1	NaN	1252	NaN	999	0	2	360	0	0	0	406	0	0	0	-0	0	-0	0	-0	1.181	0.211
226.2	NaN	1252	NaN	999	0	2	360	0	0	0	406	0	0	0	-0	0	-0	0	-0	1.199	0.075
226.3	NaN	1252	NaN	999	0	2	360	0	0	0	406	0	0	0	-0	0	-0	0	-0	1.216	0.204
226.4	NaN	1252	NaN	999	0	2	360	0	0	0	406	0	0	0	-0	0	-0	0	-0	1.234	0.048
226.5	NaN	1252	NaN	999	0	2	360	0	0	0	406	0	0	0	-0	0	-0	0	-0	1.252	0.13
226.6	NaN	1252	NaN	999	0	2	360	0	0	0	406	0	0	0	-0	0	-0	0	-0	1.278	-0.023
226.7	NaN	1252	NaN	999	0	2	360	0	0	0	406	0	0	0	-0	0	-0	0	-0	1.293	0.187
226.8	NaN	1252	NaN	999	0	2	360	0	0	0	406	0	0	0	-0	0	-0	0	-0	1.296	-0.016
226.9	NaN	1252	NaN	999	0	2	360	0	0	0	406	0	0	0	-0	0	-0	0	-0	1.317	0.342
227	NaN	1252	NaN	999	0	2	360	0	0	0	406	0	0	0	-0	0	-0	0	-0	1.344	0.339
227.1	NaN	1252	NaN	999	0	2	360	0	0	0	406	0	0	0	-0	0	-0	0	-0	1.361	0.188
227.2	NaN	1252	NaN	999	0	2	360	0	0	0	406	0	0	0	-0	0	-0	0	-0	1.382	0.047
227.3	NaN	1252	NaN	999	0	2	360	0	0	0	406	0	0	0	-0	0	-0	0	-0	1.408	0.329
227.4	NaN	1252	NaN	999	0	2	360	0	0	0	406	0	0	0	-0	0	-0	0	-0	1.432	0.394
227.5	NaN	1252	NaN	999	0	2	360	0	0	0	406	0	0	0	-0	0	-0	0	-0	1.439	0.053
227.6	NaN	1252	NaN	999	0	2	360	0	0	0	406	0	0	0	-0	0	-0	0	-0	1.445	-0.013
227.7	NaN	1252	NaN	999	0	2	360	0	0	0	406	0	0	0	-0	0	-0	0	-0	1.449	0.144
227.8	NaN	1252	NaN	999	0	2	360	0	0	0	406	0	0	0	-0	0	-0	0	-0	1.449	-0.099
227.9	NaN	1252	NaN	999	0	2	360	0	0	0	406	0	0	0	-0	0	-0	0	-0	1.453	0.072
228	NaN	1252	NaN	999	0	2	360	0	0	0	406	0	0	0	-0	0	-0	0	-0	1.457	0.096
228.1	NaN	1252	NaN	999	0	2	360	0	0	0	406	0	0	0	-0	0	-0	0	-0	1.463	0.077
228.2	NaN	1252	NaN	999	0	2	360	0	0	0	406	0	0	0	-0	0	-0	0	-0	1.471	0.007
228.3	NaN	1252	NaN	999	0	2	360	0	0	0	406	0	0	0	-0	0	-0	0	-0	1.478	0.076
228.4	NaN	1252	NaN	999	0	2	360	0	0	0	406	0	0	0	-0	0	-0	0	-0	1.471	-0.004
228.5	NaN	1252	NaN	999	0	2	360	0	0	0	406	0	0	0	-0	0	-0	0	-0	1.462	-0.119
228.6	NaN	1252	NaN	999	0	2	360	0	0	0	406	0	0	0	-0	0	-0	0	-0	1.447	-0.214
228.7	NaN	1252	NaN	999	0	2	360	0	0	0	406	0	0	0	-0	0	-0	0	-0	1.45	-0.032
228.8	NaN	1252	NaN	999	0	2	360	0	0	0	406	0	0	0	-0	0	-0	0	-0	1.436	-0.123
228.9	NaN	1252	NaN	999	0	2	360	0	0	0	406	0	0	0	-0	0	-0	0	-0	1.441	-0.115
229	NaN	1252	NaN	999	0	2	360	0	0	0	406	0	0	0	-0	0	-0	0	-0	1.453	0.162
229.1	NaN	1252	NaN	999	0	2	360	0	0	0	406	0	0	0	-0	0	-0	0	-0	1.458	0.042
229.2	NaN	1252	NaN	999	0	2	360	0	0	0	406	0	0	0	-0	0	-0	0	-0	1.467	0.076
229.3	NaN	1252	NaN	999	0	2	360	0	0	0	406	0	0	0	-0	0	-0	0	-0	1.48	0.286
229.4	NaN	1252	NaN	999	0	2	360	0	0	0	406	0	0	0	-0	0	-0	0	-0	1.491	0.278
229.5	NaN	1252	NaN	999	0	2	360	0	0	0	406	0	0	0	-0	0	-0	0	-0	1.499	-0.033
229.6	NaN	1252	NaN	999	0	2	360	0	0	0	406	0	0	0	-0	0	-0	0	-0	1.515	0.258
229.7	NaN	1252	NaN	999	0	2	360	0	0	0	406	0	0	0	-0	0	-0	0	-0	1.51	0.145
229.8	NaN	1252	NaN	999	0	2	360	0	0	0	406	0	0	0	-0	0	-0	0	-0	1.516	0.026
229.9	NaN	1252	NaN	999	0	2	360	0	0	0	406	0	0	0	-0	0	-0	0	-0	1.523	0.058
230	NaN	1252	NaN	999	0	2	360	0	0	0	406	0	0	0	-0	0	-0	0	-0	1.535	0.105
230.1	NaN	1252	NaN	999	0	2	360	0	0	0	406	0	0	0	-0	0	-0	0	-0	1.542	0.198
230.2	NaN	1252	NaN	999	0	2	360	0	0	0	406	0	0	0	-0	0	-0	0	-0	1.542	0.106
230.3	NaN	1252	NaN	999	0	2	360	0	0	0	406	0	0	0	-0	0	-0	0	-0	1.534	0.02
230.4	NaN	1252	NaN	999	0	2	360	0	0	0	406	0	0	0	-0	0	-0	0	-0	1.551	0.154
230.5	NaN	1252	NaN	999	0	2	360	0	0	0	406	0	0	0	-0	0	-0	0	-0	1.565	0.286
230.6	NaN	1252	NaN	999	0	2	360	0	0	0	406	0	0	0	-0	0	-0	0	-0	1.572	-0.145
230.7	NaN	1252	NaN	999	0	2	360	0	0	0	406	0	0	0	-0	0	-0	0	-0	1.573	0.17
230.8	NaN	1252	NaN	999	0	2	360	0	0	0	406	0	0	0	-0	0	-0	0	-0	1.567	0.021
230.9	NaN	1252	NaN	999	0	2	360	0	0	0	406	0	0	0	-0	0	-0	0	-0	1.556	-0.148
231	NaN	1252	NaN	999	0	2	360	0	0	0	406	0	0	0	-0	0	-0	0	-0	1.547	-0.037
231.1	NaN	1252	NaN	999	0	2	360	0	0	0	406	0	0	0	-0	0	-0	0	-0	1.542	-0.192
231.2	NaN	1252	NaN	999	0	2	360	0	0	0	406	0	0	0	-0	0	-0	0	-0	1.539	-0.153
231.3	NaN	1252	NaN	999	0	2	360	0	0	0	406	0	0	0	-0	0	-0	0	-0	1.547	-0.196
231.4	NaN	1252	NaN	999	0	2	360	0	0	0	406	0	0	0	-0	0	-0	0	-0	1.55	0.223
231.5	NaN	1252	NaN	999	0	2	360	0	0	0	406	0	0	0	-0	0	-0	0	-0	1.561	-0.059
231.6	NaN	1252	NaN	999	0	2	360	0	0	0	406	0	0	0	-0	0	-0	0	-0	1.581	0.115
231.7	NaN	1252	NaN	999	0	2	360	0	0	0	406	0	0	0	-0	0	-0	0	-0	1.572	-0.044
231.8	NaN	1252	NaN	999	0	2	360	0	0	0	406	0	0	0	-0	0	-0	0	-0	1.56	-0.144
231.9	NaN	1252	NaN	999	0	2	360	0	0	0	406	0	0	0	-0	0	-0	0	-0	1.541	-0.056
232	NaN	1252	NaN	999	0	2	360	0	0	0	406	0	0	0	-0	0	-0	0	-0	1.538	-0.181
232.1	NaN	1252	NaN	999	0	2	360	0	0	0	406	0	0	0	-0	0	-0	0	-0	1.528	-0.157
232.2	NaN	1252	NaN	999	0	2	360	0	0	0	406	0	0	0	-0	0	-0	0	-0	1.527	0.014
232.3	NaN	1252	NaN	999	0	2	360	0	0	0	406	0	0	0	-0	0	-0	0	-0	1.523	-0.051
232.4	NaN	1252	NaN	999	0	2	360	0	0	0	406	0	0	0	-0	0	-0	0	-0	1.523	-0.005
232.5	NaN	1252	NaN	999	0	2	360	0	0	0	406	0	0	0	-0	0	-0	0	-0	1.53	0.247
232.6	NaN	1252	NaN	999	0	2	360	0	0	0	406	0	0	0	-0	0	-0	0	-0	1.538	0.02
232.7	NaN	1252	NaN	999	0	2	360	0	0	0	406	0	0	0	-0	0	-0	0	-0	1.544	-0.088
232.8	NaN	1252	NaN	999	0	2	360	0	0	0	406	0	0	0	-0	0	-0	0	-0	1.54	0.05
232.9	NaN	1252	NaN	999	0	2	360	0	0	0	406	0	0	0	-0	0	-0	0	-0	1.533	-0.159
233	NaN	1252	NaN	999	0	2	360	0	0	0	406	0	0	0	-0	0	-0	0	-0	1.522	-0.039
233.1	NaN	1252	NaN	999	0	2	360	0	0	0	406	0	0	0	-0	0	-0	0	-0	1.532	-0.066
233.2	NaN	1252	NaN	999	0	2	360	0	0	0	406	0	0	0	-0	0	-0	0	-0	1.518	0.181
233.3	NaN	1252	NaN	999	0	2	360	0	0	0	406	0	0	0	-0	0	-0	0	-0	1.504	-0.335
233.4	NaN	1252	NaN	999	0	2	360	0	0	0	406	0	0	0	-0	0	-0	0	-0	1.509	0.067
233.5	NaN	1252	NaN	999	0	2	360	0	0	0	406	0	0	0	-0	0	-0	0	-0	1.507	0.026
233.6	NaN	1252	NaN	999	0	2	360	0	0	0	406	0	0	0	-0	0	-0	0	-0	1.508	-0.014
233.7	NaN	1252	NaN	999	0	2	360	0	0	0	406	0	0	0	-0	0	-0	0	-0	1.512	-0.03
233.8	NaN	1252	NaN	999	0	2	360	0	0	0	406	0	0	0	-0	0	-0	0	-0	1.518	0.155
233.9	NaN	1252	NaN	999	0	2	360	0	0	0	406	0	0	0	-0	0	-0	0	-0	1.518	0.163
234	NaN	1252	NaN	999	0	2	360	0	0	0	406	0	0	0	-0	0	-0	0	-0	1.515	-0.01
234.1	NaN	1252	NaN	999	0	2	360	0	0	0	406	0	0	0	-0	0	-0	0	-0	1.51	-0.045
234.2	NaN	1252	NaN	999	0	2	360	0	0	0	406	0	0	0	-0	0	-0	0	-0	1.503	-0.002
234.3	NaN	1252	NaN	999	0	2	360	0	0	0	406	0	0	0	-0	0	-0	0	-0	1.49	-0.089
234.4	NaN	1252	NaN	999	0	2	360	0	0	0	406	0	0	0	-0	0	-0	0	-0	1.488	0.047
234.5	NaN	1252	NaN	999	0	2	360	0	0	0	406	0	0	0	-0	0	-0	0	-0	1.504	0.053
234.6	NaN	1252	NaN	999	0	2	360	0	0	0	406	0	0	0	-0	0	-0	0	-0	1.508	0.055
234.7	NaN	1252	NaN	999	0	2	360	0	0	0	406	0	0	0	-0	0	-0	0	-0	1.506	-0.1
234.8	NaN	1252	NaN	999	0	2	360	0	0	0	406	0	0	0	-0	0	-0	0	-0	1.506	-0.118
234.9	NaN	1252	NaN	999	0	2	360	0	0	0	406	0	0	0	-0	0	-0	0	-0	1.531	0.341
235	NaN	1252	NaN	999	0	2	360	0	0	0	406	0	0	0	-0	0	-0	0	-0	1.518	0.042
235.1	NaN	1252	NaN	999	0	2	360	0	0	0	406	0	0	0	-0	0	-0	0	-0	1.528	-0.256
235.2	NaN	1252	NaN	999	0	2	360	0	0	0	406	0	0	0	-0	0	-0	0	-0	1.522	0.031
235.3	NaN	1252	NaN	999	0	2	360	0	0	0	406	0	0	0	-0	0	-0	0	-0	1.52	-0.06
235.4	NaN	1252	NaN	999	0	2	360	0	0	0	406	0	0	0	-0	0	-0	0	-0	1.515	-0.045
235.5	NaN	1252	NaN	999	0	2	360	0	0	0	406	0	0	0	-0	0	-0	0	-0	1.512	0.077
235.6	NaN	1252	NaN	999	0	2	360	0	0	0	406	0	0	0	-0	0	-0	0	-0	1.517	0.029
235.7	NaN	1252	NaN	999	0	2	360	0	0	0	406	0	0	0	-0	0	-0	0	-0	1.514	0.022
235.8	NaN	1252	NaN	999	0	2	360	0	0	0	406	0	0	0	-0	0	-0	0	-0	1.507	0.049
235.9	NaN	1252	NaN	999	0	2	360	0	0	0	406	0	0	0	-0	0	-0	0	-0	1.513	-0.122
236	NaN	1252	NaN	999	0	2	360	0	0	0	406	0	0	0	-0	0	-0	0	-0	1.531	0.093
236.1	NaN	1252	NaN	999	0	2	360	0	0	0	406	0	0	0	-0	0	-0	0	-0	1.527	-0.002
236.2	NaN	1252	NaN	999	0	2	360	0	0	0	406	0	0	0	-0	0	-0	0	-0	1.522	-0.377
236.3	NaN	1252	NaN	999	0	2	360	0	0	0	406	0	0	0	-0	0	-0	0	-0	1.515	0.037
236.4	NaN	1252	NaN	999	0	2	360	0	0	0	406	0	0	0	-0	0	-0	0	-0	1.507	0.014
236.5	NaN	1252	NaN	999	0	2	360	0	0	0	406	0	0	0	-0	0	-0	0	-0	1.502	-0.268
236.6	NaN	1252	NaN	999	0	2	360	0	0	0	406	0	0	0	-0	0	-0	0	-0	1.49	-0.308
236.7	NaN	1252	NaN	999	0	2	360	0	0	0	406	0	0	0	-0	0	-0	0	-0	1.492	0.212
236.8	NaN	1252	NaN	999	0	2	360	0	0	0	406	0	0	0	-0	0	-0	0	-0	1.492	-0.27
236.9	NaN	1252	NaN	999	0	2	360	0	0	0	406	0	0	0	-0	0	-0	0	-0	1.501	0.293
237	NaN	1252	NaN	999	0	2	360	0	0	0	406	0	0	0	-0	0	-0	0	-0	1.506	0.055
237.1	NaN	1252	NaN	999	0	2	360	0	0	0	406	0	0	0	-0	0	-0	0	-0	1.524	0.139
237.2	NaN	1252	NaN	999	0	2	360	0	0	0	406	0	0	0	-0	0	-0	0	-0	1.529	-0.147
237.3	NaN	1252	NaN	999	0	2	360	0	0	0	406	0	0	0	-0	0	-0	0	-0	1.521	-0.225
237.4	NaN	1252	NaN	999	0	2	360	0	0	0	406	0	0	0	-0	0	-0	0	-0	1.514	-0.138
237.5	NaN	1252	NaN	999	0	2	360	0	0	0	406	0	0	0	-0	0	-0	0	-0	1.501	0.105
237.6	NaN	1252	NaN	999	0	2	360	0	0	0	406	0	0	0	-0	0	-0	0	-0	1.481	-0.12
237.7	NaN	1252	NaN	999	0	2	360	0	0	0	406	0	0	0	-0	0	-0	0	-0	1.474	-0.112
237.8	NaN	1252	NaN	999	0	2	360	0	0	0	406	0	0	0	-0	0	-0	0	-0	1.472	-0.057
237.9	NaN	1252	NaN	999	0	2	360	0	0	0	406	0	0	0	-0	0	-0	0	-0	1.454	-0.139
238	NaN	1252	NaN	999	0	2	360	0	0	0	406	0	0	0	-0	0	-0	0	-0	1.462	0.017
238.1	NaN	1252	NaN	999	0	2	360	0	0	0	406	0	0	0	-0	0	-0	0	-0	1.463	0.229
238.2	NaN	1252	NaN	999	0	2	360	0	0	0	406	0	0	0	-0	0	-0	0	-0	1.484	0.144
238.3	NaN	1252	NaN	999	0	2	360	0	0	0	406	0	0	0	-0	0	-0	0	-0	1.492	-0.056
238.4	NaN	1252	NaN	999	0	2	360	0	0	0	406	0	0	0	-0	0	-0	0	-0	1.486	-0.236
238.5	NaN	1252	NaN	999	0	2	360	0	0	0	406	0	0	0	-0	0	-0	0	-0	1.471	-0.258
238.6	NaN	1252	NaN	999	0	2	360	0	0	0	406	0	0	0	-0	0	-0	0	-0	1.47	0.393
238.7	NaN	1252	NaN	999	0	2	360	0	0	0	406	0	0	0	-0	0	-0	0	-0	1.455	-0.228
238.8	NaN	1252	NaN	999	0	2	360	0	0	0	406	0	0	0	-0	0	-0	0	-0	1.473	-0.012
238.9	NaN	1252	NaN	999	0	2	360	0	0	0	406	0	0	0	-0	0	-0	0	-0	1.474	0.105
239	NaN	1252	NaN	999	0	2	360	0	0	0	406	0	0	0	-0	0	-0	0	-0	1.486	0.018
239.1	NaN	1252	NaN	999	0	2	360	0	0	0	406	0	0	0	-0	0	-0	0	-0	1.482	-0.13
239.2	NaN	1252	NaN	999	0	2	360	0	0	0	406	0	0	0	-0	0	-0	0	-0	1.484	0.263
239.3	NaN	1252	NaN	999	0	2	360	0	0	0	406	0	0	0	-0	0	-0	0	-0	1.492	-0.031
239.4	NaN	1252	NaN	999	0	2	360	0	0	0	406	0	0	0	-0	0	-0	0	-0	1.502	-0.097
239.5	NaN	1252	NaN	999	0	2	360	0	0	0	406	0	0	0	-0	0	-0	0	-0	1.505	-0.011
239.6	NaN	1252	NaN	999	0	2	360	0	0	0	406	0	0	0	-0	0	-0	0	-0	1.49	-0.094
239.7	NaN	1252	NaN	999	0	2	360	0	0	0	406	0	0	0	-0	0	-0	0	-0	1.484	-0.192
239.8	NaN	1252	NaN	999	0	2	360	0	0	0	406	0	0	0	-0	0	-0	0	-0	1.479	-0.109
239.9	NaN	1252	NaN	999	0	2	360	0	0	0	406	0	0	0	-0	0	-0	0	-0	1.481	-0.101
240	NaN	1252	NaN	999	0	2	360	0	0	0	406	0	0	0	-0	0	-0	0	-0	1.48	0.257
240.1	NaN	1252	NaN	999	0	2	360	0	0	0	406	0	0	0	-0	0	-0	0	-0	1.472	-0.246
240.2	NaN	1252	NaN	999	0	2	360	0	0	0	406	0	0	0	-0	0	-0	0	-0	1.468	0.063
240.3	NaN	1252	NaN	999	0	2	360	0	0	0	406	0	0	0	-0	0	-0	0	-0	1.471	0.127
240.4	NaN	1252	NaN	999	0	2	360	0	0	0	406	0	0	0	-0	0	-0	0	-0	1.469	0.098
240.5	NaN	1252	NaN	999	0	2	360	0	0	0	406	0	0	0	-0	0	-0	0	-0	1.498	-0.031
240.6	NaN	1252	NaN	999	0	2	360	0	0	0	406	0	0	0	-0	0	-0	0	-0	1.498	0.348
240.7	NaN	1252	NaN	999	0	2	360	0	0	0	406	0	0	0	-0	0	-0	0	-0	1.495	-0.269
240.8	NaN	1252	NaN	999	0	2	360	0	0	0	406	0	0	0	-0	0	-0	0	-0	1.495	0.178
240.9	NaN	1252	NaN	999	0	2	360	0	0	0	406	0	0	0	-0	0	-0	0	-0	1.486	-0.069
241	NaN	1252	NaN	999	0	2	360	0	0	0	406	0	0	0	-0	0	-0	0	-0	1.486	-0.005
241.1	NaN	1252	NaN	999	0	2	360	0	0	0	406	0	0	0	-0	0	-0	0	-0	1.481	0.05
241.2	NaN	1252	NaN	999	0	2	360	0	0	0	406	0	0	0	-0	0	-0	0	-0	1.482	-0.029
241.3	NaN	1252	NaN	999	0	2	360	0	0	0	406	0	0	0	-0	0	-0	0	-0	1.484	0.006
241.4	NaN	1252	NaN	999	0	2	360	0	0	0	406	0	0	0	-0	0	-0	0	-0	1.488	0.082
241.5	NaN	1252	NaN	999	0	2	360	0	0	0	406	0	0	0	-0	0	-0	0	-0	1.497	-0.003
241.6	NaN	1252	NaN	999	0	2	360	0	0	0	406	0	0	0	-0	0	-0	0	-0	1.512	0.126
241.7	NaN	1252	NaN	999	0	2	360	0	0	0	406	0	0	0	-0	0	-0	0	-0	1.508	0.008
241.8	NaN	1252	NaN	999	0	2	360	0	0	0	406	0	0	0	-0	0	-0	0	-0	1.497	-0.116
241.9	NaN	1252	NaN	999	0	2	360	0	0	0	406	0	0	0	-0	0	-0	0	-0	1.486	-0.173
242	NaN	1252	NaN	999	0	2	360	0	0	0	406	0	0	0	-0	0	-0	0	-0	1.484	0.002
242.1	NaN	1252	NaN	999	0	2	360	0	0	0	406	0	0	0	-0	0	-0	0	-0	1.47	0.025
242.2	NaN	1252	NaN	999	0	2	360	0	0	0	406	0	0	0	-0	0	-0	0	-0	1.468	-0.06
242.3	NaN	1252	NaN	999	0	2	360	0	0	0	406	0	0	0	-0	0	-0	0	-0	1.472	0.455
242.4	NaN	1252	NaN	999	0	2	360	0	0	0	406	0	0	0	-0	0	-0	0	-0	1.48	-0.101
242.5	NaN	1252	NaN	999	0	2	360	0	0	0	406	0	0	0	-0	0	-0	0	-0	1.488	0.2
242.6	NaN	1252	NaN	999	0	2	360	0	0	0	406	0	0	0	-0	0	-0	0	-0	1.485	0.079
242.7	NaN	1252	NaN	999	0	2	360	0	0	0	406	0	0	0	-0	0	-0	0	-0	1.496	0.028
242.8	NaN	1252	NaN	999	0	2	360	0	0	0	406	0	0	0	-0	0	-0	0	-0	1.497	0.175
242.9	NaN	1252	NaN	999	0	2	360	0	0	0	406	0	0	0	-0	0	-0	0	-0	1.498	-0.228
243	NaN	1252	NaN	999	0	2	360	0	0	0	406	0	0	0	-0	0	-0	0	-0	1.477	-0.05
243.1	NaN	1252	NaN	999	0	2	360	0	0	0	406	0	0	0	-0	0	-0	0	-0	1.468	-0.239
243.2	NaN	1252	NaN	999	0	2	360	0	0	0	406	0	0	0	-0	0	-0	0	-0	1.468	-0.044
243.3	NaN	1252	NaN	999	0	2	360	0	0	0	406	0	0	0	-0	0	-0	0	-0	1.463	0.218
243.4	NaN	1252	NaN	999	0	2	360	0	0	0	406	0	0	0	-0	0	-0	0	-0	1.465	-0.096
243.5	NaN	1252	NaN	999	0	2	360	0	0	0	406	0	0	0	-0	0	-0	0	-0	1.471	0.168
243.6	NaN	1252	NaN	999	0	2	360	0	0	0	406	0	0	0	-0	0	-0	0	-0	1.472	-0.055
243.7	NaN	1252	NaN	999	0	2	360	0	0	0	406	0	0	0	-0	0	-0	0	-0	1.487	0.232
243.8	NaN	1252	NaN	999	0	2	360	0	0	0	406	0	0	0	-0	0	-0	0	-0	1.493	0.208
243.9	NaN	1252	NaN	999	0	2	360	0	0	0	406	0	0	0	-0	0	-0	0	-0	1.507	0.153
244	NaN	1252	NaN	999	0	2	360	0	0	0	406	0	0	0	-0	0	-0	0	-0	1.499	-0.01
244.1	NaN	1252	NaN	999	0	2	360	0	0	0	406	0	0	0	-0	0	-0	0	-0	1.49	-0.49
244.2	NaN	1252	NaN	999	0	2	360	0	0	0	406	0	0	0	-0	0	-0	0	-0	1.479	0.479
244.3	NaN	1252	NaN	999	0	2	360	0	0	0	406	0	0	0	-0	0	-0	0	-0	1.467	-0.262
244.4	NaN	1252	NaN	999	0	2	360	0	0	0	406	0	0	0	-0	0	-0	0	-0	1.475	0.153
244.5	NaN	1252	NaN	999	0	2	360	0	0	0	406	0	0	0	-0	0	-0	0	-0	1.457	0.184
244.6	NaN	1252	NaN	999	0	2	360	0	0	0	406	0	0	0	-0	0	-0	0	-0	1.468	-0.142
244.7	NaN	1252	NaN	999	0	2	360	0	0	0	406	0	0	0	-0	0	-0	0	-0	1.462	0.027
244.8	NaN	1252	NaN	999	0	2	360	0	0	0	406	0	0	0	-0	0	-0	0	-0	1.461	0.13
244.9	NaN	1252	NaN	999	0	2	360	0	0	0	406	0	0	0	-0	0	-0	0	-0	1.47	0.125
245	NaN	1252	NaN	999	0	2	360	0	0	0	406	0	0	0	-0	0	-0	0	-0	1.475	0.066
245.1	NaN	1252	NaN	999	0	2	360	0	0	0	406	0	0	0	-0	0	-0	0	-0	1.471	-0.113
245.2	NaN	1252	NaN	999	0	2	360	0	0	0	406	0	0	0	-0	0	-0	0	-0	1.466	-0.021
245.3	NaN	1252	NaN	999	0	2	360	0	0	0	406	0	0	0	-0	0	-0	0	-0	1.461	0.196
245.4	NaN	1252	NaN	999	0	2	360	0	0	0	406	0	0	0	-0	0	-0	0	-0	1.471	-0.178
245.5	NaN	1252	NaN	999	0	2	360	0	0	0	406	0	0	0	-0	0	-0	0	-0	1.471	0.18
245.6	NaN	1252	NaN	999	0	2	360	0	0	0	406	0	0	0	-0	0	-0	0	-0	1.474	-0.012
245.7	NaN	1252	NaN	999	0	2	360	0	0	0	406	0	0	0	-0	0	-0	0	-0	1.488	0.009
245.8	NaN	1252	NaN	999	0	2	360	0	0	0	406	0	0	0	-0	0	-0	0	-0	1.495	-0.076
245.9	NaN	1252	NaN	999	0	2	360	0	0	0	406	0	0	0	-0	0	-0	0	-0	1.496	0.146
246	NaN	1252	NaN	999	0	2	360	0	0	0	406	0	0	0	-0	0	-0	0	-0	1.497	-0.151
246.1	NaN	1252	NaN	999	0	2	360	0	0	0	406	0	0	0	-0	0	-0	0	-0	1.513	0.089
246.2	NaN	1252	NaN	999	0	2	360	0	0	0	406	0	0	0	-0	0	-0	0	-0	1.499	0.004
246.3	NaN	1252	NaN	999	0	2	360	0	0	0	406	0	0	0	-0	0	-0	0	-0	1.505	-0.441
246.4	NaN	1252	NaN	999	0	2	360	0	0	0	406	0	0	0	-0	0	-0	0	-0	1.488	0.013
246.5	NaN	1252	NaN	999	0	2	360	0	0	0	406	0	0	0	-0	0	-0	0	-0	1.483	-0.028
246.6	NaN	1252	NaN	999	0	2	360	0	0	0	406	0	0	0	-0	0	-0	0	-0	1.489	0.024
246.7	NaN	1252	NaN	999	0	2	360	0	0	0	406	0	0	0	-0	0	-0	0	-0	1.48	-0.02
246.8	NaN	1252	NaN	999	0	2	360	0	0	0	406	0	0	0	-0	0	-0	0	-0	1.491	0.034
246.9	NaN	1252	NaN	999	0	2	360	0	0	0	406	0	0	0	-0	0	-0	0	-0	1.492	0.025
247	NaN	1252	NaN	999	0	2	360	0	0	0	406	0	0	0	-0	0	-0	0	-0	1.489	-0.065
247.1	NaN	1252	NaN	999	0	2	360	0	0	0	406	0	0	0	-0	0	-0	0	-0	1.493	0.126
247.2	NaN	1252	NaN	999	0	2	360	0	0	0	406	0	0	0	-0	0	-0	0	-0	1.506	0.192
247.3	NaN	1252	NaN	999	0	2	360	0	0	0	406	0	0	0	-0	0	-0	0	-0	1.506	0.128
247.4	NaN	1252	NaN	999	0	2	360	0	0	0	406	0	0	0	-0	0	-0	0	-0	1.517	-0.315
247.5	NaN	1252	NaN	999	0	2	360	0	0	0	406	0	0	0	-0	0	-0	0	-0	1.499	-0.322
247.6	NaN	1252	NaN	999	0	2	360	0	0	0	406	0	0	0	-0	0	-0	0	-0	1.481	-0.027
247.7	NaN	1252	NaN	999	0	2	360	0	0	0	406	0	0	0	-0	0	-0	0	-0	1.465	-0.224
247.8	NaN	1252	NaN	999	0	2	360	0	0	0	406	0	0	0	-0	0	-0	0	-0	1.459	-0.136
247.9	NaN	1252	NaN	999	0	2	360	0	0	0	406	0	0	0	-0	0	-0	0	-0	1.462	0.342
248	NaN	1252	NaN	999	0	2	360	0	0	0	406	0	0	0	-0	0	-0	0	-0	1.468	-0.238
248.1	NaN	1252	NaN	999	0	2	360	0	0	0	406	0	0	0	-0	0	-0	0	-0	1.479	0.038
248.2	NaN	1252	NaN	999	0	2	360	0	0	0	406	0	0	0	-0	0	-0	0	-0	1.476	0.042
248.3	NaN	1252	NaN	999	0	2	360	0	0	0	406	0	0	0	-0	0	-0	0	-0	1.483	0.103
248.4	NaN	1252	NaN	999	0	2	360	0	0	0	406	0	0	0	-0	0	-0	0	-0	1.496	0.044
248.5	NaN	1252	NaN	999	0	2	360	0	0	0	406	0	0	0	-0	0	-0	0	-0	1.496	0.027
248.6	NaN	1252	NaN	999	0	2	360	0	0	0	406	0	0	0	-0	0	-0	0	-0	1.488	-0.097
248.7	NaN	1252	NaN	999	0	2	360	0	0	0	406	0	0	0	-0	0	-0	0	-0	1.488	0.016
248.8	NaN	1252	NaN	999	0	2	360	0	0	0	406	0	0	0	-0	0	-0	0	-0	1.491	0.151
248.9	NaN	1252	NaN	999	0	2	360	0	0	0	406	0	0	0	-0	0	-0	0	-0	1.492	-0.063
249	NaN	1252	NaN	999	0	2	360	0	0	0	406	0	0	0	-0	0	-0	0	-0	1.502	0.305
249.1	NaN	1252	NaN	999	0	2	360	0	0	0	406	0	0	0	-0	0	-0	0	-0	1.51	0.106
249.2	NaN	1252	NaN	999	0	2	360	0	0	0	406	0	0	0	-0	0	-0	0	-0	1.509	0.115
249.3	NaN	1252	NaN	999	0	2	360	0	0	0	406	0	0	0	-0	0	-0	0	-0	1.512	0.09
249.4	NaN	1252	NaN	999	0	2	360	0	0	0	406	0	0	0	-0	0	-0	0	-0	1.515	-0.08
249.5	NaN	1252	NaN	999	0	2	360	0	0	0	406	0	0	0	-0	0	-0	0	-0	1.519	-0.12
249.6	NaN	1252	NaN	999	0	2	360	0	0	0	406	0	0	0	-0	0	-0	0	-0	1.518	-0.106
249.7	NaN	1252	NaN	999	0	2	360	0	0	0	406	0	0	0	-0	0	-0	0	-0	1.5	-0.049
249.8	NaN	1252	NaN	999	0	2	360	0	0	0	406	0	0	0	-0	0	-0	0	-0	1.505	-0.045
249.9	NaN	1252	NaN	999	0	2	360	0	0	0	406	0	0	0	-0	0	-0	0	-0	1.504	0.171
250	NaN	1252	NaN	999	0	2	360	0	0	0	406	0	0	0	-0	0	-0	0	-0	1.503	-0.118
250.1	NaN	1252	NaN	999	0	2	360	0	0	0	406	0	0	0	-0	0	-0	0	-0	1.51	-0.083
250.2	NaN	1252	NaN	999	0	2	360	0	0	0	406	0	0	0	-0	0	-0	0	-0	1.509	0.108
250.3	NaN	1252	NaN	999	0	2	360	0	0	0	406	0	0	0	-0	0	-0	0	-0	1.516	0.112
250.4	NaN	1252	NaN	999	0	2	360	0	0	0	406	0	0	0	-0	0	-0	0	-0	1.524	0.033
250.5	NaN	1252	NaN	999	0	2	360	0	0	0	406	0	0	0	-0	0	-0	0	-0	1.524	0.068
250.6	NaN	1252	NaN	999	0	2	360	0	0	0	406	0	0	0	-0	0	-0	0	-0	1.531	-0.061
250.7	NaN	1252	NaN	999	0	2	360	0	0	0	406	0	0	0	-0	0	-0	0	-0	1.514	-0.18
250.8	NaN	1252	NaN	999	0	2	360	0	0	0	406	0	0	0	-0	0	-0	0	-0	1.494	-0.008
250.9	NaN	1252	NaN	999	0	2	360	0	0	0	406	0	0	0	-0	0	-0	0	-0	1.494	0.063
251	NaN	1252	NaN	999	0	2	360	0	0	0	406	0	0	0	-0	0	-0	0	-0	1.492	-0.196
251.1	NaN	1252	NaN	999	0	2	360	0	0	0	406	0	0	0	-0	0	-0	0	-0	1.49	0.079
251.2	NaN	1252	NaN	999	0	2	360	0	0	0	406	0	0	0	-0	0	-0	0	-0	1.502	0.13
251.3	NaN	1252	NaN	999	0	2	360	0	0	0	406	0	0	0	-0	0	-0	0	-0	1.517	0.138
251.4	NaN	1252	NaN	999	0	2	360	0	0	0	406	0	0	0	-0	0	-0	0	-0	1.521	0.057
251.5	NaN	1252	NaN	999	0	2	360	0	0	0	406	0	0	0	-0	0	-0	0	-0	1.514	0.062
251.6	NaN	1252	NaN	999	0	2	360	0	0	0	406	0	0	0	-0	0	-0	0	-0	1.523	0.119
251.7	NaN	1252	NaN	999	0	2	360	0	0	0	406	0	0	0	-0	0	-0	0	-0	1.524	0.205
251.8	NaN	1252	NaN	999	0	2	360	0	0	0	406	0	0	0	-0	0	-0	0	-0	1.521	-0.183
251.9	NaN	1252	NaN	999	0	2	360	0	0	0	406	0	0	0	-0	0	-0	0	-0	1.5	0.015
252	NaN	1252	NaN	999	0	2	360	0	0	0	406	0	0	0	-0	0	-0	0	-0	1.49	-0.161
252.1	NaN	1252	NaN	999	0	2	360	0	0	0	406	0	0	0	-0	0	-0	0	-0	1.487	-0.012
252.2	NaN	1252	NaN	999	0	2	360	0	0	0	406	0	0	0	-0	0	-0	0	-0	1.484	0.223
252.3	NaN	1252	NaN	999	0	2	360	0	0	0	406	0	0	0	-0	0	-0	0	-0	1.494	0.151
252.4	NaN	1252	NaN	999	0	2	360	0	0	0	406	0	0	0	-0	0	-0	0	-0	1.494	0.015
252.5	NaN	1252	NaN	999	0	2	360	0	0	0	406	0	0	0	-0	0	-0	0	-0	1.482	-0.228
252.6	NaN	1252	NaN	999	0	2	360	0	0	0	406	0	0	0	-0	0	-0	0	-0	1.472	-0.243
252.7	NaN	1252	NaN	999	0	2	360	0	0	0	406	0	0	0	-0	0	-0	0	-0	1.465	0.04
252.8	NaN	1252	NaN	999	0	2	360	0	0	0	406	0	0	0	-0	0	-0	0	-0	1.473	-0.183
252.9	NaN	1252	NaN	999	0	2	360	0	0	0	406	0	0	0	-0	0	-0	0	-0	1.466	0.097
253	NaN	1252	NaN	999	0	2	360	0	0	0	406	0	0	0	-0	0	-0	0	-0	1.459	-0.295
253.1	NaN	1252	NaN	999	0	2	360	0	0	0	406	0	0	0	-0	0	-0	0	-0	1.461	0.073
253.2	NaN	1252	NaN	999	0	2	360	0	0	0	406	0	0	0	-0	0	-0	0	-0	1.464	0.036
253.3	NaN	1252	NaN	999	0	2	360	0	0	0	406	0	0	0	-0	0	-0	0	-0	1.469	0.032
253.4	NaN	1252	NaN	999	0	2	360	0	0	0	406	0	0	0	-0	0	-0	0	-0	1.47	0.243
253.5	NaN	1252	NaN	999	0	2	360	0	0	0	406	0	0	0	-0	0	-0	0	-0	1.476	-0.118
253.6	NaN	1252	NaN	999	0	2	360	0	0	0	406	0	0	0	-0	0	-0	0	-0	1.485	0.148
253.7	NaN	1252	NaN	999	0	2	360	0	0	0	406	0	0	0	-0	0	-0	0	-0	1.485	0.045
253.8	NaN	1252	NaN	999	0	2	360	0	0	0	406	0	0	0	-0	0	-0	0	-0	1.492	0.095
253.9	NaN	1252	NaN	999	0	2	360	0	0	0	406	0	0	0	-0	0	-0	0	-0	1.487	-0.079
254	NaN	1252	NaN	999	0	2	360	0	0	0	406	0	0	0	-0	0	-0	0	-0	1.485	-0.264
254.1	NaN	1252	NaN	999	0	2	360	0	0	0	406	0	0	0	-0	0	-0	0	-0	1.483	0.168
254.2	NaN	1252	NaN	999	0	2	360	0	0	0	406	0	0	0	-0	0	-0	0	-0	1.474	0.118
254.3	NaN	1252	NaN	999	0	2	360	0	0	0	406	0	0	0	-0	0	-0	0	-0	1.475	-0.191
254.4	NaN	1252	NaN	999	0	2	360	0	0	0	406	0	0	0	-0	0	-0	0	-0	1.474	-0.189
254.5	NaN	1252	NaN	999	0	2	360	0	0	0	406	0	0	0	-0	0	-0	0	-0	1.474	0.067
254.6	NaN	1252	NaN	999	0	2	360	0	0	0	406	0	0	0	-0	0	-0	0	-0	1.471	-0.04
254.7	NaN	1252	NaN	999	0	2	360	0	0	0	406	0	0	0	-0	0	-0	0	-0	1.48	0.046
254.8	NaN	1252	NaN	999	0	2	360	0	0	0	406	0	0	0	-0	0	-0	0	-0	1.487	0.041
254.9	NaN	1252	NaN	999	0	2	360	0	0	0	406	0	0	0	-0	0	-0	0	-0	1.491	0.174
255	NaN	1252	NaN	999	0	2	360	0	0	0	406	0	0	0	-0	0	-0	0	-0	1.49	0.065
255.1	NaN	1252	NaN	999	0	2	360	0	0	0	406	0	0	0	-0	0	-0	0	-0	1.491	0.195
255.2	NaN	1252	NaN	999	0	2	360	0	0	0	406	0	0	0	-0	0	-0	0	-0	1.489	0.096
255.3	NaN	1252	NaN	999	0	2	360	0	0	0	406	0	0	0	-0	0	-0	0	-0	1.49	-0.052
255.4	NaN	1252	NaN	999	0	2	360	0	0	0	406	0	0	0	-0	0	-0	0	-0	1.488	-0.166
255.5	NaN	1252	NaN	999	0	2	360	0	0	0	406	0	0	0	-0	0	-0	0	-0	1.491	0.053
255.6	NaN	1252	NaN	999	0	2	360	0	0	0	406	0	0	0	-0	0	-0	0	-0	1.511	0.055
255.7	NaN	1252	NaN	999	0	2	360	0	0	0	406	0	0	0	-0	0	-0	0	-0	1.528	0.22
255.8	NaN	1252	NaN	999	0	2	360	0	0	0	406	0	0	0	-0	0	-0	0	-0	1.535	-0.092
255.9	NaN	1252	NaN	999	0	2	360	0	0	0	406	0	0	0	-0	0	-0	0	-0	1.532	-0.087
256	NaN	1252	NaN	999	0	2	360	0	0	0	406	0	0	0	-0	0	-0	0	-0	1.536	0.097
256.1	NaN	1252	NaN	999	0	2	360	0	0	0	406	0	0	0	-0	0	-0	0	-0	1.535	0.023
256.2	NaN	1252	NaN	999	0	2	360	0	0	0	406	0	0	0	-0	0	-0	0	-0	1.529	-0.275
256.3	NaN	1252	NaN	999	0	2	360	0	0	0	406	0	0	0	-0	0	-0	0	-0	1.527	-0.01
256.4	NaN	1252	NaN	999	0	2	360	0	0	0	406	0	0	0	-0	0	-0	0	-0	1.523	-0.088
256.5	NaN	1252	NaN	999	0	2	360	0	0	0	406	0	0	0	-0	0	-0	0	-0	1.509	-0.133
256.6	NaN	1252	NaN	999	0	2	360	0	0	0	406	0	0	0	-0	0	-0	0	-0	1.504	0.176
256.7	NaN	1252	NaN	999	0	2	360	0	0	0	406	0	0	0	-0	0	-0	0	-0	1.504	0.174
256.8	NaN	1252	NaN	999	0	2	360	0	0	0	406	0	0	0	-0	0	-0	0	-0	1.507	-0.012
256.9	NaN	1252	NaN	999	0	2	360	0	0	0	406	0	0	0	-0	0	-0	0	-0	1.502	0.035
257	NaN	1252	NaN	999	0	2	360	0	0	0	406	0	0	0	-0	0	-0	0	-0	1.504	-0.048
257.1	NaN	1252	NaN	999	0	2	360	0	0	0	406	0	0	0	-0	0	-0	0	-0	1.516	0.258
257.2	NaN	1252	NaN	999	0	2	360	0	0	0	406	0	0	0	-0	0	-0	0	-0	1.531	0.166
257.3	NaN	1252	NaN	999	0	2	360	0	0	0	406	0	0	0	-0	0	-0	0	-0	1.531	-0.073
257.4	NaN	1252	NaN	999	0	2	360	0	0	0	406	0	0	0	-0	0	-0	0	-0	1.535	0.021
257.5	NaN	1252	NaN	999	0	2	360	0	0	0	406	0	0	0	-0	0	-0	0	-0	1.528	-0.079
257.6	NaN	1252	NaN	999	0	2	360	0	0	0	406	0	0	0	-0	0	-0	0	-0	1.533	-0.022
257.7	NaN	1252	NaN	999	0	2	360	0	0	0	406	0	0	0	-0	0	-0	0	-0	1.538	-0.006
257.8	NaN	1252	NaN	999	0	2	360	0	0	0	406	0	0	0	-0	0	-0	0	-0	1.544	0.202
257.9	NaN	1252	NaN	999	0	2	360	0	0	0	406	0	0	0	-0	0	-0	0	-0	1.547	0.065
258	NaN	1252	NaN	999	0	2	360	0	0	0	406	0	0	0	-0	0	-0	0	-0	1.557	0.049
258.1	NaN	1252	NaN	999	0	2	360	0	0	0	406	0	0	0	-0	0	-0	0	-0	1.562	0.255
258.2	NaN	1252	NaN	999	0	2	360	0	0	0	406	0	0	0	-0	0	-0	0	-0	1.575	0.132
258.3	NaN	1252	NaN	999	0	2	360	0	0	0	406	0	0	0	-0	0	-0	0	-0	1.575	0.019
258.4	NaN	1252	NaN	999	0	2	360	0	0	0	406	0	0	0	-0	0	-0	0	-0	1.568	0.09
258.5	NaN	1252	NaN	999	0	2	360	0	0	0	406	0	0	0	-0	0	-0	0	-0	1.564	-0.109
258.6	NaN	1252	NaN	999	0	2	360	0	0	0	406	0	0	0	-0	0	-0	0	-0	1.568	-0.002
258.7	NaN	1252	NaN	999	0	2	360	0	0	0	406	0	0	0	-0	0	-0	0	-0	1.57	0.109
258.8	NaN	1252	NaN	999	0	2	360	0	0	0	406	0	0	0	-0	0	-0	0	-0	1.583	0.02
258.9	NaN	1252	NaN	999	0	2	360	0	0	0	406	0	0	0	-0	0	-0	0	-0	1.586	0.128
259	NaN	1252	NaN	999	0	2	360	0	0	0	406	0	0	0	-0	0	-0	0	-0	1.587	0.033
259.1	NaN	1252	NaN	999	0	2	360	0	0	0	406	0	0	0	-0	0	-0	0	-0	1.579	-0.007
259.2	NaN	1252	NaN	999	0	2	360	0	0	0	406	0	0	0	-0	0	-0	0	-0	1.579	-0.065
259.3	NaN	1252	NaN	999	0	2	360	0	0	0	406	0	0	0	-0	0	-0	0	-0	1.575	-0.227
259.4	NaN	1252	NaN	999	0	2	360	0	0	0	406	0	0	0	-0	0	-0	0	-0	1.566	-0.182
259.5	NaN	1252	NaN	999	0	2	360	0	0	0	406	0	0	0	-0	0	-0	0	-0	1.555	0.064
259.6	NaN	1252	NaN	999	0	2	360	0	0	0	406	0	0	0	-0	0	-0	0	-0	1.561	-0.042
259.7	NaN	1252	NaN	999	0	2	360	0	0	0	406	0	0	0	-0	0	-0	0	-0	1.558	0.035
259.8	NaN	1252	NaN	999	0	2	360	0	0	0	406	0	0	0	-0	0	-0	0	-0	1.545	0.098
259.9	NaN	1252	NaN	999	0	2	360	0	0	0	406	0	0	0	-0	0	-0	0	-0	1.549	0.084
260	NaN	1252	NaN	999	0	2	360	0	0	0	406	0	0	0	-0	0	-0	0	-0	1.545	0.118
260.1	NaN	1252	NaN	999	0	2	360	0	0	0	406	0	0	0	-0	0	-0	0	-0	1.545	-0.069
260.2	NaN	1252	NaN	999	0	2	360	0	0	0	406	0	0	0	-0	0	-0	0	-0	1.55	0.024
260.3	NaN	1252	NaN	999	0	2	360	0	0	0	406	0	0	0	-0	0	-0	0	-0	1.545	0.101
260.4	NaN	1252	NaN	999	0	2	360	0	0	0	406	0	0	0	-0	0	-0	0	-0	1.548	-0.069
260.5	NaN	1252	NaN	999	0	2	360	0	0	0	406	0	0	0	-0	0	-0	0	-0	1.543	0.126
260.6	NaN	1252	NaN	999	0	2	360	0	0	0	406	0	0	0	-0	0	-0	0	-0	1.536	0.112
260.7	NaN	1252	NaN	999	0	2	360	0	0	0	406	0	0	0	-0	0	-0	0	-0	1.529	0.087
260.8	NaN	1252	NaN	999	0	2	360	0	0	0	406	0	0	0	-0	0	-0	0	-0	1.524	-0.232
260.9	NaN	1252	NaN	999	0	2	360	0	0	0	406	0	0	0	-0	0	-0	0	-0	1.521	0.037
261	NaN	1252	NaN	999	0	2	360	0	0	0	406	0	0	0	-0	0	-0	0	-0	1.526	0.043
261.1	NaN	1252	NaN	999	0	2	360	0	0	0	406	0	0	0	-0	0	-0	0	-0	1.539	0.333
261.2	NaN	1252	NaN	999	0	2	360	0	0	0	406	0	0	0	-0	0	-0	0	-0	1.54	-0.047
261.3	NaN	1252	NaN	999	0	2	360	0	0	0	406	0	0	0	-0	0	-0	0	-0	1.543	0.07
261.4	NaN	1252	NaN	999	0	2	360	0	0	0	406	0	0	0	-0	0	-0	0	-0	1.554	0.092
261.5	NaN	1252	NaN	999	0	2	360	0	0	0	406	0	0	0	-0	0	-0	0	-0	1.564	-0.009
261.6	NaN	1252	NaN	999	0	2	360	0	0	0	406	0	0	0	-0	0	-0	0	-0	1.559	-0.054
261.7	NaN	1252	NaN	999	0	2	360	0	0	0	406	0	0	0	-0	0	-0	0	-0	1.558	0.098
261.8	NaN	1252	NaN	999	0	2	360	0	0	0	406	0	0	0	-0	0	-0	0	-0	1.558	-0.048
261.9	NaN	1252	NaN	999	0	2	360	0	0	0	406	0	0	0	-0	0	-0	0	-0	1.553	0.033
262	NaN	1252	NaN	999	0	2	360	0	0	0	406	0	0	0	-0	0	-0	0	-0	1.566	0.018
262.1	NaN	1252	NaN	999	0	2	360	0	0	0	406	0	0	0	-0	0	-0	0	-0	1.574	0.103
262.2	NaN	1252	NaN	999	0	2	360	0	0	0	406	0	0	0	-0	0	-0	0	-0	1.572	0.042
262.3	NaN	1252	NaN	999	0	2	360	0	0	0	406	0	0	0	-0	0	-0	0	-0	1.571	0.12
262.4	NaN	1252	NaN	999	0	2	360	0	0	0	406	0	0	0	-0	0	-0	0	-0	1.576	-0.053
262.5	NaN	1252	NaN	999	0	2	360	0	0	0	406	0	0	0	-0	0	-0	0	-0	1.589	0.098
262.6	NaN	1252	NaN	999	0	2	360	0	0	0	406	0	0	0	-0	0	-0	0	-0	1.594	0.041
262.7	NaN	1252	NaN	999	0	2	360	0	0	0	406	0	0	0	-0	0	-0	0	-0	1.585	-0.073
262.8	NaN	1252	NaN	999	0	2	360	0	0	0	406	0	0	0	-0	0	-0	0	-0	1.587	-0.071
262.9	NaN	1252	NaN	999	0	2	360	0	0	0	406	0	0	0	-0	0	-0	0	-0	1.568	-0.07
263	NaN	1252	NaN	999	0	2	360	0	0	0	406	0	0	0	-0	0	-0	0	-0	1.563	-0.025
263.1	NaN	1252	NaN	999	0	2	360	0	0	0	406	0	0	0	-0	0	-0	0	-0	1.562	0.141
263.2	NaN	1252	NaN	999	0	2	360	0	0	0	406	0	0	0	-0	0	-0	0	-0	1.558	-0.094
263.3	NaN	1252	NaN	999	0	2	360	0	0	0	406	0	0	0	-0	0	-0	0	-0	1.556	-0.047
263.4	NaN	1252	NaN	999	0	2	360	0	0	0	406	0	0	0	-0	0	-0	0	-0	1.55	-0.008
263.5	NaN	1252	NaN	999	0	2	360	0	0	0	406	0	0	0	-0	0	-0	0	-0	1.55	0.074
263.6	NaN	1252	NaN	999	0	2	360	0	0	0	406	0	0	0	-0	0	-0	0	-0	1.57	0.036
263.7	NaN	1252	NaN	999	0	2	360	0	0	0	406	0	0	0	-0	0	-0	0	-0	1.571	-0.027
263.8	NaN	1252	NaN	999	0	2	360	0	0	0	406	0	0	0	-0	0	-0	0	-0	1.577	0.079
263.9	NaN	1252	NaN	999	0	2	360	0	0	0	406	0	0	0	-0	0	-0	0	-0	1.574	-0.001
264	NaN	1252	NaN	999	0	2	360	0	0	0	406	0	0	0	-0	0	-0	0	-0	1.57	-0.151
264.1	NaN	1252	NaN	999	0	2	360	0	0	0	406	0	0	0	-0	0	-0	0	-0	1.576	-0.08
264.2	NaN	1252	NaN	999	0	2	360	0	0	0	406	0	0	0	-0	0	-0	0	-0	1.58	0.186
264.3	NaN	1252	NaN	999	0	2	360	0	0	0	406	0	0	0	-0	0	-0	0	-0	1.578	0.038
264.4	NaN	1252	NaN	999	0	2	360	0	0	0	406	0	0	0	-0	0	-0	0	-0	1.597	0.068
264.5	NaN	1252	NaN	999	0	2	360	0	0	0	406	0	0	0	-0	0	-0	0	-0	1.597	0.03
264.6	NaN	1252	NaN	999	0	2	360	0	0	0	406	0	0	0	-0	0	-0	0	-0	1.6	0.047
264.7	NaN	1252	NaN	999	0	2	360	0	0	0	406	0	0	0	-0	0	-0	0	-0	1.602	0.164
264.8	NaN	1252	NaN	999	0	2	360	0	0	0	406	0	0	0	-0	0	-0	0	-0	1.603	0.025
264.9	NaN	1252	NaN	999	0	2	360	0	0	0	406	0	0	0	-0	0	-0	0	-0	1.606	0.031
265	NaN	1252	NaN	999	0	2	360	0	0	0	406	0	0	0	-0	0	-0	0	-0	1.599	0.026
265.1	NaN	1252	NaN	999	0	2	360	0	0	0	406	0	0	0	-0	0	-0	0	-0	1.596	-0.097
265.2	NaN	1252	NaN	999	0	2	360	0	0	0	406	0	0	0	-0	0	-0	0	-0	1.604	-0.099
265.3	NaN	1252	NaN	999	0	2	360	0	0	0	406	0	0	0	-0	0	-0	0	-0	1.599	0.023
265.4	NaN	1252	NaN	999	0	2	360	0	0	0	406	0	0	0	-0	0	-0	0	-0	1.597	-0.091
265.5	NaN	1252	NaN	999	0	2	360	0	0	0	406	0	0	0	-0	0	-0	0	-0	1.603	0.136
265.6	NaN	1252	NaN	999	0	2	360	0	0	0	406	0	0	0	-0	0	-0	0	-0	1.604	0.18
265.7	NaN	1252	NaN	999	0	2	360	0	0	0	406	0	0	0	-0	0	-0	0	-0	1.609	-0.004
265.8	NaN	1252	NaN	999	0	2	360	0	0	0	406	0	0	0	-0	0	-0	0	-0	1.609	-0.004
265.9	NaN	1252	NaN	999	0	2	360	0	0	0	406	0	0	0	-0	0	-0	0	-0	1.617	0.067
266	NaN	1252	NaN	999	0	2	360	0	0	0	406	0	0	0	-0	0	-0	0	-0	1.617	-0.194
266.1	NaN	1252	NaN	999	0	2	360	0	0	0	406	0	0	0	-0	0	-0	0	-0	1.616	0.147
266.2	NaN	1252	NaN	999	0	2	360	0	0	0	406	0	0	0	-0	0	-0	0	-0	1.613	-0.007
266.3	NaN	1252	NaN	999	0	2	360	0	0	0	406	0	0	0	-0	0	-0	0	-0	1.619	0.091
266.4	NaN	1252	NaN	999	0	2	360	0	0	0	406	0	0	0	-0	0	-0	0	-0	1.625	-0.083
266.5	NaN	1252	NaN	999	0	2	360	0	0	0	406	0	0	0	-0	0	-0	0	-0	1.639	-0.055
266.6	NaN	1252	NaN	999	0	2	360	0	0	0	406	0	0	0	-0	0	-0	0	-0	1.641	0.165
266.7	NaN	1252	NaN	999	0	2	360	0	0	0	406	0	0	0	-0	0	-0	0	-0	1.641	0.16
266.8	NaN	1252	NaN	999	0	2	360	0	0	0	406	0	0	0	-0	0	-0	0	-0	1.639	-0.184
266.9	NaN	1252	NaN	999	0	2	360	0	0	0	406	0	0	0	-0	0	-0	0	-0	1.642	0.041
267	NaN	1252	NaN	999	0	2	360	0	0	0	406	0	0	0	-0	0	-0	0	-0	1.633	0.043
267.1	NaN	1252	NaN	999	0	2	360	0	0	0	406	0	0	0	-0	0	-0	0	-0	1.622	-0.384
267.2	NaN	1252	NaN	999	0	2	360	0	0	0	406	0	0	0	-0	0	-0	0	-0	1.609	0.061
267.3	NaN	1252	NaN	999	0	2	360	0	0	0	406	0	0	0	-0	0	-0	0	-0	1.599	-0.096
267.4	NaN	1252	NaN	999	0	2	360	0	0	0	406	0	0	0	-0	0	-0	0	-0	1.603	0.059
267.5	NaN	1252	NaN	999	0	2	360	0	0	0	406	0	0	0	-0	0	-0	0	-0	1.612	0.096
267.6	NaN	1252	NaN	999	0	2	360	0	0	0	406	0	0	0	-0	0	-0	0	-0	1.61	-0.068
267.7	NaN	1252	NaN	999	0	2	360	0	0	0	406	0	0	0	-0	0	-0	0	-0	1.609	-0.139
267.8	NaN	1252	NaN	999	0	2	360	0	0	0	406	0	0	0	-0	0	-0	0	-0	1.6	-0.087
267.9	NaN	1252	NaN	999	0	2	360	0	0	0	406	0	0	0	-0	0	-0	0	-0	1.597	-0.064
268	NaN	1252	NaN	999	0	2	360	0	0	0	406	0	0	0	-0	0	-0	0	-0	1.603	-0.01
268.1	NaN	1252	NaN	999	0	2	360	0	0	0	406	0	0	0	-0	0	-0	0	-0	1.604	-0.083
268.2	NaN	1252	NaN	999	0	2	360	0	0	0	406	0	0	0	-0	0	-0	0	-0	1.588	-0.229
268.3	NaN	1252	NaN	999	0	2	360	0	0	0	406	0	0	0	-0	0	-0	0	-0	1.589	-0.043
268.4	NaN	1252	NaN	999	0	2	360	0	0	0	406	0	0	0	-0	0	-0	0	-0	1.599	0.18
268.5	NaN	1252	NaN	999	0	2	360	0	0	0	406	0	0	0	-0	0	-0	0	-0	1.605	-0.033
268.6	NaN	1252	NaN	999	0	2	360	0	0	0	406	0	0	0	-0	0	-0	0	-0	1.608	-0.066
268.7	NaN	1252	NaN	999	0	2	360	0	0	0	406	0	0	0	-0	0	-0	0	-0	1.602	-0.268
268.8	NaN	1252	NaN	999	0	2	360	0	0	0	406	0	0	0	-0	0	-0	0	-0	1.608	-0.069
268.9	NaN	1252	NaN	999	0	2	360	0	0	0	406	0	0	0	-0	0	-0	0	-0	1.612	0.091
269	NaN	1252	NaN	999	0	2	360	0	0	0	406	0	0	0	-0	0	-0	0	-0	1.614	-0.066
269.1	NaN	1252	NaN	999	0	2	360	0	0	0	406	0	0	0	-0	0	-0	0	-0	1.632	-0.007
269.2	NaN	1252	NaN	999	0	2	360	0	0	0	406	0	0	0	-0	0	-0	0	-0	1.627	-0.088
269.3	NaN	1252	NaN	999	0	2	360	0	0	0	406	0	0	0	-0	0	-0	0	-0	1.611	-0.255
269.4	NaN	1252	NaN	999	0	2	360	0	0	0	406	0	0	0	-0	0	-0	0	-0	1.612	0
269.5	NaN	1252	NaN	999	0	2	360	0	0	0	406	0	0	0	-0	0	-0	0	-0	1.604	0.081
269.6	NaN	1252	NaN	999	0	2	360	0	0	0	406	0	0	0	-0	0	-0	0	-0	1.605	-0.096
269.7	NaN	1252	NaN	999	0	2	360	0	0	0	406	0	0	0	-0	0	-0	0	-0	1.6	-0.098
269.8	NaN	1252	NaN	999	0	2	360	0	0	0	406	0	0	0	-0	0	-0	0	-0	1.604	0.15
269.9	NaN	1252	NaN	999	0	2	360	0	0	0	406	0	0	0	-0	0	-0	0	-0	1.612	-0.052
270	NaN	1252	NaN	999	0	2	360	0	0	0	406	0	0	0	-0	0	-0	0	-0	1.605	-0.04
270.1	NaN	1252	NaN	999	0	2	360	0	0	0	406	0	0	0	-0	0	-0	0	-0	1.597	0.024
270.2	NaN	1252	NaN	999	0	2	360	0	0	0	406	0	0	0	-0	0	-0	0	-0	1.603	-0.018
270.3	NaN	1252	NaN	999	0	2	360	0	0	0	406	0	0	0	-0	0	-0	0	-0	1.593	0.022
270.4	NaN	1252	NaN	999	0	2	360	0	0	0	406	0	0	0	-0	0	-0	0	-0	1.588	-0.091
270.5	NaN	1252	NaN	999	0	2	360	0	0	0	406	0	0	0	-0	0	-0	0	-0	1.592	-0.11
270.6	NaN	1252	NaN	999	0	2	360	0	0	0	406	0	0	0	-0	0	-0	0	-0	1.588	0.058
270.7	NaN	1252	NaN	999	0	2	360	0	0	0	406	0	0	0	-0	0	-0	0	-0	1.585	-0.15
270.8	NaN	1252	NaN	999	0	2	360	0	0	0	406	0	0	0	-0	0	-0	0	-0	1.585	-0.065
270.9	NaN	1252	NaN	999	0	2	360	0	0	0	406	0	0	0	-0	0	-0	0	-0	1.585	-0.058
271	NaN	1252	NaN	999	0	2	360	0	0	0	406	0	0	0	-0	0	-0	0	-0	1.576	-0.171
271.1	NaN	1252	NaN	999	0	2	360	0	0	0	406	0	0	0	-0	0	-0	0	-0	1.565	-0.04
271.2	NaN	1252	NaN	999	0	2	360	0	0	0	406	0	0	0	-0	0	-0	0	-0	1.561	-0.115
271.3	NaN	1252	NaN	999	0	2	360	0	0	0	406	0	0	0	-0	0	-0	0	-0	1.564	0.021
271.4	NaN	1252	NaN	999	0	2	360	0	0	0	406	0	0	0	-0	0	-0	0	-0	1.573	0.312
271.5	NaN	1252	NaN	999	0	2	360	0	0	0	406	0	0	0	-0	0	-0	0	-0	1.573	-0.135
271.6	NaN	1252	NaN	999	0	2	360	0	0	0	406	0	0	0	-0	0	-0	0	-0	1.575	0.022
271.7	NaN	1252	NaN	999	0	2	360	0	0	0	406	0	0	0	-0	0	-0	0	-0	1.57	-0.037
271.8	NaN	1252	NaN	999	0	2	360	0	0	0	406	0	0	0	-0	0	-0	0	-0	1.567	0.029
271.9	NaN	1252	NaN	999	0	2	360	0	0	0	406	0	0	0	-0	0	-0	0	-0	1.573	0.101
272	NaN	1252	NaN	999	0	2	360	0	0	0	406	0	0	0	-0	0	-0	0	-0	1.583	-0.054
272.1	NaN	1252	NaN	999	0	2	360	0	0	0	406	0	0	0	-0	0	-0	0	-0	1.586	-0.014
272.2	NaN	1252	NaN	999	0	2	360	0	0	0	406	0	0	0	-0	0	-0	0	-0	1.584	0.239
272.3	NaN	1252	NaN	999	0	2	360	0	0	0	406	0	0	0	-0	0	-0	0	-0	1.603	0.065
272.4	NaN	1252	NaN	999	0	2	360	0	0	0	406	0	0	0	-0	0	-0	0	-0	1.605	-0.036
272.5	NaN	1252	NaN	999	0	2	360	0	0	0	406	0	0	0	-0	0	-0	0	-0	1.592	-0.18
272.6	NaN	1252	NaN	999	0	2	360	0	0	0	406	0	0	0	-0	0	-0	0	-0	1.579	-0.155
272.7	NaN	1252	NaN	999	0	2	360	0	0	0	406	0	0	0	-0	0	-0	0	-0	1.572	0.051
272.8	NaN	1252	NaN	999	0	2	360	0	0	0	406	0	0	0	-0	0	-0	0	-0	1.571	-0.024
272.9	NaN	1252	NaN	999	0	2	360	0	0	0	406	0	0	0	-0	0	-0	0	-0	1.573	-0.063
273	NaN	1252	NaN	999	0	2	360	0	0	0	406	0	0	0	-0	0	-0	0	-0	1.583	0.137
273.1	NaN	1252	NaN	999	0	2	360	0	0	0	406	0	0	0	-0	0	-0	0	-0	1.583	-0.157
273.2	NaN	1252	NaN	999	0	2	360	0	0	0	406	0	0	0	-0	0	-0	0	-0	1.573	-0.083
273.3	NaN	1252	NaN	999	0	2	360	0	0	0	406	0	0	0	-0	0	-0	0	-0	1.576	0.123
273.4	NaN	1252	NaN	999	0	2	360	0	0	0	406	0	0	0	-0	0	-0	0	-0	1.587	-0.019
273.5	NaN	1252	NaN	999	0	2	360	0	0	0	406	0	0	0	-0	0	-0	0	-0	1.581	-0.054
273.6	NaN	1252	NaN	999	0	2	360	0	0	0	406	0	0	0	-0	0	-0	0	-0	1.573	-0.212
273.7	NaN	1252	NaN	999	0	2	360	0	0	0	406	0	0	0	-0	0	-0	0	-0	1.572	-0.008
273.8	NaN	1252	NaN	999	0	2	360	0	0	0	406	0	0	0	-0	0	-0	0	-0	1.573	0.179
273.9	NaN	1252	NaN	999	0	2	360	0	0	0	406	0	0	0	-0	0	-0	0	-0	1.577	-0.249
274	NaN	1252	NaN	999	0	2	360	0	0	0	406	0	0	0	-0	0	-0	0	-0	1.572	0.027
274.1	NaN	1252	NaN	999	0	2	360	0	0	0	406	0	0	0	-0	0	-0	0	-0	1.573	0.011
274.2	NaN	1252	NaN	999	0	2	360	0	0	0	406	0	0	0	-0	0	-0	0	-0	1.58	0.131
274.3	NaN	1252	NaN	999	0	2	360	0	0	0	406	0	0	0	-0	0	-0	0	-0	1.589	0.302
274.4	NaN	1252	NaN	999	0	2	360	0	0	0	406	0	0	0	-0	0	-0	0	-0	1.596	0.123
274.5	NaN	1252	NaN	999	0	2	360	0	0	0	406	0	0	0	-0	0	-0	0	-0	1.603	0.039
274.6	NaN	1252	NaN	999	0	2	360	0	0	0	406	0	0	0	-0	0	-0	0	-0	1.603	-0.053
274.7	NaN	1252	NaN	999	0	2	360	0	0	0	406	0	0	0	-0	0	-0	0	-0	1.602	-0.068
274.8	NaN	1252	NaN	999	0	2	360	0	0	0	406	0	0	0	-0	0	-0	0	-0	1.611	0.094
274.9	NaN	1252	NaN	999	0	2	360	0	0	0	406	0	0	0	-0	0	-0	0	-0	1.608	-0.049
275	NaN	1252	NaN	999	0	2	360	0	0	0	406	0	0	0	-0	0	-0	0	-0	1.603	-0.189
275.1	NaN	1252	NaN	999	0	2	360	0	0	0	406	0	0	0	-0	0	-0	0	-0	1.612	-0.067
275.2	NaN	1252	NaN	999	0	2	360	0	0	0	406	0	0	0	-0	0	-0	0	-0	1.614	0.023
275.3	NaN	1252	NaN	999	0	2	360	0	0	0	406	0	0	0	-0	0	-0	0	-0	1.625	-0.045
275.4	NaN	1252	NaN	999	0	2	360	0	0	0	406	0	0	0	-0	0	-0	0	-0	1.638	0.241
275.5	NaN	1252	NaN	999	0	2	360	0	0	0	406	0	0	0	-0	0	-0	0	-0	1.644	0.257
275.6	NaN	1252	NaN	999	0	2	360	0	0	0	406	0	0	0	-0	0	-0	0	-0	1.652	-0.034
275.7	NaN	1252	NaN	999	0	2	360	0	0	0	406	0	0	0	-0	0	-0	0	-0	1.658	0.055
275.8	NaN	1252	NaN	999	0	2	360	0	0	0	406	0	0	0	-0	0	-0	0	-0	1.666	-0.019
275.9	NaN	1252	NaN	999	0	2	360	0	0	0	406	0	0	0	-0	0	-0	0	-0	1.673	-0.245
276	NaN	1252	NaN	999	0	2	360	0	0	0	406	0	0	0	-0	0	-0	0	-0	1.676	-0.121
276.1	NaN	1252	NaN	999	0	2	360	0	0	0	406	0	0	0	-0	0	-0	0	-0	1.667	-0.157
276.2	NaN	1252	NaN	999	0	2	360	0	0	0	406	0	0	0	-0	0	-0	0	-0	1.675	-0.264
276.3	NaN	1252	NaN	999	0	2	360	0	0	0	406	0	0	0	-0	0	-0	0	-0	1.682	0.042
276.4	NaN	1252	NaN	999	0	2	360	0	0	0	406	0	0	0	-0	0	-0	0	-0	1.675	-0.04
276.5	NaN	1252	NaN	999	0	2	360	0	0	0	406	0	0	0	-0	0	-0	0	-0	1.686	-0.162
276.6	NaN	1252	NaN	999	0	2	360	0	0	0	406	0	0	0	-0	0	-0	0	-0	1.683	0.073
276.7	NaN	1252	NaN	999	0	2	360	0	0	0	406	0	0	0	-0	0	-0	0	-0	1.677	-0.218
276.8	NaN	1252	NaN	999	0	2	360	0	0	0	406	0	0	0	-0	0	-0	0	-0	1.678	-0.183
276.9	NaN	1252	NaN	999	0	2	360	0	0	0	406	0	0	0	-0	0	-0	0	-0	1.685	0.107
277	NaN	1252	NaN	999	0	2	360	0	0	0	406	0	0	0	-0	0	-0	0	-0	1.684	-0.147
277.1	NaN	1252	NaN	999	0	2	360	0	0	0	406	0	0	0	-0	0	-0	0	-0	1.681	0.014
277.2	NaN	1252	NaN	999	0	2	360	0	0	0	406	0	0	0	-0	0	-0	0	-0	1.688	0.065
277.3	NaN	1252	NaN	999	0	2	360	0	0	0	406	0	0	0	-0	0	-0	0	-0	1.691	-0.038
277.4	NaN	1252	NaN	999	0	2	360	0	0	0	406	0	0	0	-0	0	-0	0	-0	1.679	-0.246
277.5	NaN	1252	NaN	999	0	2	360	0	0	0	406	0	0	0	-0	0	-0	0	-0	1.669	-0.158
277.6	NaN	1252	NaN	999	0	2	360	0	0	0	406	0	0	0	-0	0	-0	0	-0	1.658	-0.212
277.7	NaN	1252	NaN	999	0	2	360	0	0	0	406	0	0	0	-0	0	-0	0	-0	1.656	-0.354
277.8	NaN	1252	NaN	999	0	2	360	0	0	0	406	0	0	0	-0	0	-0	0	-0	1.644	-0.006
277.9	NaN	1252	NaN	999	0	2	360	0	0	0	406	0	0	0	-0	0	-0	0	-0	1.634	-0.052
278	NaN	1252	NaN	999	0	2	360	0	0	0	406	0	0	0	-0	0	-0	0	-0	1.63	-0.112
278.1	NaN	1252	NaN	999	0	2	360	0	0	0	406	0	0	0	-0	0	-0	0	-0	1.62	-0.072
278.2	NaN	1252	NaN	999	0	2	360	0	0	0	406	0	0	0	-0	0	-0	0	-0	1.63	0.129
278.3	NaN	1252	NaN	999	0	2	360	0	0	0	406	0	0	0	-0	0	-0	0	-0	1.643	-0.026
278.4	NaN	1252	NaN	999	0	2	360	0	0	0	406	0	0	0	-0	0	-0	0	-0	1.647	-0.024
278.5	NaN	1252	NaN	999	0	2	360	0	0	0	406	0	0	0	-0	0	-0	0	-0	1.64	-0.196
278.6	NaN	1252	NaN	999	0	2	360	0	0	0	406	0	0	0	-0	0	-0	0	-0	1.642	-0.208
278.7	NaN	1252	NaN	999	0	2	360	0	0	0	406	0	0	0	-0	0	-0	0	-0	1.636	0.133
278.8	NaN	1252	NaN	999	0	2	360	0	0	0	406	0	0	0	-0	0	-0	0	-0	1.627	-0.124
278.9	NaN	1252	NaN	999	0	2	360	0	0	0	406	0	0	0	-0	0	-0	0	-0	1.62	-0.135
279	NaN	1252	NaN	999	0	2	360	0	0	0	406	0	0	0	-0	0	-0	0	-0	1.612	0.124
279.1	NaN	1252	NaN	999	0	2	360	0	0	0	406	0	0	0	-0	0	-0	0	-0	1.618	0.01
279.2	NaN	1252	NaN	999	0	2	360	0	0	0	406	0	0	0	-0	0	-0	0	-0	1.633	0.167
279.3	NaN	1252	NaN	999	0	2	360	0	0	0	406	0	0	0	-0	0	-0	0	-0	1.646	0.137
279.4	NaN	1252	NaN	999	0	2	360	0	0	0	406	0	0	0	-0	0	-0	0	-0	1.652	0.078
279.5	NaN	1252	NaN	999	0	2	360	0	0	0	406	0	0	0	-0	0	-0	0	-0	1.662	0.141
279.6	NaN	1252	NaN	999	0	2	360	0	0	0	406	0	0	0	-0	0	-0	0	-0	1.675	0.119
279.7	NaN	1252	NaN	999	0	2	360	0	0	0	406	0	0	0	-0	0	-0	0	-0	1.683	-0.005
279.8	NaN	1252	NaN	999	0	2	360	0	0	0	406	0	0	0	-0	0	-0	0	-0	1.692	-0.007
279.9	NaN	1252	NaN	999	0	2	360	0	0	0	406	0	0	0	-0	0	-0	0	-0	1.685	-0.227
280	NaN	1252	NaN	999	0	2	360	0	0	0	406	0	0	0	-0	0	-0	0	-0	1.675	-0.251
280.1	NaN	1252	NaN	999	0	2	360	0	0	0	406	0	0	0	-0	0	-0	0	-0	1.676	-0.182
280.2	NaN	1252	NaN	999	0	2	360	0	0	0	406	0	0	0	-0	0	-0	0	-0	1.657	-0.155
280.3	NaN	1252	NaN	999	0	2	360	0	0	0	406	0	0	0	-0	0	-0	0	-0	1.641	-0.224
280.4	NaN	1252	NaN	999	0	2	360	0	0	0	406	0	0	0	-0	0	-0	0	-0	1.635	-0.069
280.5	NaN	1252	NaN	999	0	2	360	0	0	0	406	0	0	0	-0	0	-0	0	-0	1.632	-0.092
280.6	NaN	1252	NaN	999	0	2	360	0	0	0	406	0	0	0	-0	0	-0	0	-0	1.638	-0.202
280.7	NaN	1252	NaN	999	0	2	360	0	0	0	406	0	0	0	-0	0	-0	0	-0	1.634	-0.018
280.8	NaN	1252	NaN	999	0	2	360	0	0	0	406	0	0	0	-0	0	-0	0	-0	1.622	-0.188
280.9	NaN	1252	NaN	999	0	2	360	0	0	0	406	0	0	0	-0	0	-0	0	-0	1.611	-0.199
281	NaN	1252	NaN	999	0	2	360	0	0	0	406	0	0	0	-0	0	-0	0	-0	1.611	0.097
281.1	NaN	1252	NaN	999	0	2	360	0	0	0	406	0	0	0	-0	0	-0	0	-0	1.61	-0.119
281.2	NaN	1252	NaN	999	0	2	360	0	0	0	406	0	0	0	-0	0	-0	0	-0	1.614	-0.071
281.3	NaN	1252	NaN	999	0	2	360	0	0	0	406	0	0	0	-0	0	-0	0	-0	1.611	-0.11
281.4	NaN	1252	NaN	999	0	2	360	0	0	0	406	0	0	0	-0	0	-0	0	-0	1.603	0.184
281.5	NaN	1252	NaN	999	0	2	360	0	0	0	406	0	0	0	-0	0	-0	0	-0	1.611	-0.003
281.6	NaN	1252	NaN	999	0	2	360	0	0	0	406	0	0	0	-0	0	-0	0	-0	1.622	-0.063
281.7	NaN	1252	NaN	999	0	2	360	0	0	0	406	0	0	0	-0	0	-0	0	-0	1.615	0.046
281.8	NaN	1252	NaN	999	0	2	360	0	0	0	406	0	0	0	-0	0	-0	0	-0	1.606	-0.175
281.9	NaN	1252	NaN	999	0	2	360	0	0	0	406	0	0	0	-0	0	-0	0	-0	1.604	0.005
282	NaN	1252	NaN	999	0	2	360	0	0	0	406	0	0	0	-0	0	-0	0	-0	1.61	-0.022
282.1	NaN	1252	NaN	999	0	2	360	0	0	0	406	0	0	0	-0	0	-0	0	-0	1.608	-0.124
282.2	NaN	1252	NaN	999	0	2	360	0	0	0	406	0	0	0	-0	0	-0	0	-0	1.609	-0.07
282.3	NaN	1252	NaN	999	0	2	360	0	0	0	406	0	0	0	-0	0	-0	0	-0	1.602	-0.048
282.4	NaN	1252	NaN	999	0	2	360	0	0	0	406	0	0	0	-0	0	-0	0	-0	1.609	-0.041
282.5	NaN	1252	NaN	999	0	2	360	0	0	0	406	0	0	0	-0	0	-0	0	-0	1.617	0.065
282.6	NaN	1252	NaN	999	0	2	360	0	0	0	406	0	0	0	-0	0	-0	0	-0	1.621	-0.073
282.7	NaN	1252	NaN	999	0	2	360	0	0	0	406	0	0	0	-0	0	-0	0	-0	1.623	-0.033
282.8	NaN	1252	NaN	999	0	2	360	0	0	0	406	0	0	0	-0	0	-0	0	-0	1.628	-0.109
282.9	NaN	1252	NaN	999	0	2	360	0	0	0	406	0	0	0	-0	0	-0	0	-0	1.63	0.177
283	NaN	1252	NaN	999	0	2	360	0	0	0	406	0	0	0	-0	0	-0	0	-0	1.634	-0.124
283.1	NaN	1252	NaN	999	0	2	360	0	0	0	406	0	0	0	-0	0	-0	0	-0	1.636	-0.106
283.2	NaN	1252	NaN	999	0	2	360	0	0	0	406	0	0	0	-0	0	-0	0	-0	1.634	-0.069
283.3	NaN	1252	NaN	999	0	2	360	0	0	0	406	0	0	0	-0	0	-0	0	-0	1.634	0.019
283.4	NaN	1252	NaN	999	0	2	360	0	0	0	406	0	0	0	-0	0	-0	0	-0	1.627	0.088
283.5	NaN	1252	NaN	999	0	2	360	0	0	0	406	0	0	0	-0	0	-0	0	-0	1.632	-0.163
283.6	NaN	1252	NaN	999	0	2	360	0	0	0	406	0	0	0	-0	0	-0	0	-0	1.635	-0.086
283.7	NaN	1252	NaN	999	0	2	360	0	0	0	406	0	0	0	-0	0	-0	0	-0	1.623	-0.038
283.8	NaN	1252	NaN	999	0	2	360	0	0	0	406	0	0	0	-0	0	-0	0	-0	1.616	-0.03
283.9	NaN	1252	NaN	999	0	2	360	0	0	0	406	0	0	0	-0	0	-0	0	-0	1.619	-0.045
284	NaN	1252	NaN	999	0	2	360	0	0	0	406	0	0	0	-0	0	-0	0	-0	1.617	0.004
284.1	NaN	1252	NaN	999	0	2	360	0	0	0	406	0	0	0	-0	0	-0	0	-0	1.614	-0.15
284.2	NaN	1252	NaN	999	0	2	360	0	0	0	406	0	0	0	-0	0	-0	0	-0	1.607	-0.05
284.3	NaN	1252	NaN	999	0	2	360	0	0	0	406	0	0	0	-0	0	-0	0	-0	1.598	0.11
284.4	NaN	1252	NaN	999	0	2	360	0	0	0	406	0	0	0	-0	0	-0	0	-0	1.594	-0.047
284.5	NaN	1252	NaN	999	0	2	360	0	0	0	406	0	0	0	-0	0	-0	0	-0	1.592	-0.005
284.6	NaN	1252	NaN	999	0	2	360	0	0	0	406	0	0	0	-0	0	-0	0	-0	1.594	-0.015
284.7	NaN	1252	NaN	999	0	2	360	0	0	0	406	0	0	0	-0	0	-0	0	-0	1.592	-0.138
284.8	NaN	1252	NaN	999	0	2	360	0	0	0	406	0	0	0	-0	0	-0	0	-0	1.591	0.068
284.9	NaN	1252	NaN	999	0	2	360	0	0	0	406	0	0	0	-0	0	-0	0	-0	1.601	-0.183
285	NaN	1252	NaN	999	0	2	360	0	0	0	406	0	0	0	-0	0	-0	0	-0	1.613	0.19
285.1	NaN	1252	NaN	999	0	2	360	0	0	0	406	0	0	0	-0	0	-0	0	-0	1.621	0.121
285.2	NaN	1252	NaN	999	0	2	360	0	0	0	406	0	0	0	-0	0	-0	0	-0	1.629	0.07
285.3	NaN	1252	NaN	999	0	2	360	0	0	0	406	0	0	0	-0	0	-0	0	-0	1.636	-0.002
285.4	NaN	1252	NaN	999	0	2	360	0	0	0	406	0	0	0	-0	0	-0	0	-0	1.629	-0.112
285.5	NaN	1252	NaN	999	0	2	360	0	0	0	406	0	0	0	-0	0	-0	0	-0	1.623	-0.126
285.6	NaN	1252	NaN	999	0	2	360	0	0	0	406	0	0	0	-0	0	-0	0	-0	1.621	-0.019
285.7	NaN	1252	NaN	999	0	2	360	0	0	0	406	0	0	0	-0	0	-0	0	-0	1.623	0.036
285.8	NaN	1252	NaN	999	0	2	360	0	0	0	406	0	0	0	-0	0	-0	0	-0	1.622	-0.027
285.9	NaN	1252	NaN	999	0	2	360	0	0	0	406	0	0	0	-0	0	-0	0	-0	1.641	0.173
286	NaN	1252	NaN	999	0	2	360	0	0	0	406	0	0	0	-0	0	-0	0	-0	1.634	-0.138
286.1	NaN	1252	NaN	999	0	2	360	0	0	0	406	0	0	0	-0	0	-0	0	-0	1.634	-0.333
286.2	NaN	1252	NaN	999	0	2	360	0	0	0	406	0	0	0	-0	0	-0	0	-0	1.623	-0.15
286.3	NaN	1252	NaN	999	0	2	360	0	0	0	406	0	0	0	-0	0	-0	0	-0	1.619	0.045
286.4	NaN	1252	NaN	999	0	2	360	0	0	0	406	0	0	0	-0	0	-0	0	-0	1.63	-0.229
286.5	NaN	1252	NaN	999	0	2	360	0	0	0	406	0	0	0	-0	0	-0	0	-0	1.626	-0.172
286.6	NaN	1252	NaN	999	0	2	360	0	0	0	406	0	0	0	-0	0	-0	0	-0	1.608	0.043
286.7	NaN	1252	NaN	999	0	2	360	0	0	0	406	0	0	0	-0	0	-0	0	-0	1.609	-0.006
286.8	NaN	1252	NaN	999	0	2	360	0	0	0	406	0	0	0	-0	0	-0	0	-0	1.618	-0.187
286.9	NaN	1252	NaN	999	0	2	360	0	0	0	406	0	0	0	-0	0	-0	0	-0	1.619	-0.178
287	NaN	1252	NaN	999	0	2	360	0	0	0	406	0	0	0	-0	0	-0	0	-0	1.607	-0.1
287.1	NaN	1252	NaN	999	0	2	360	0	0	0	406	0	0	0	-0	0	-0	0	-0	1.594	-0.132
287.2	NaN	1252	NaN	999	0	2	360	0	0	0	406	0	0	0	-0	0	-0	0	-0	1.599	-0.049
287.3	NaN	1252	NaN	999	0	2	360	0	0	0	406	0	0	0	-0	0	-0	0	-0	1.599	0.107
287.4	NaN	1252	NaN	999	0	2	360	0	0	0	406	0	0	0	-0	0	-0	0	-0	1.603	-0.095
287.5	NaN	1252	NaN	999	0	2	360	0	0	0	406	0	0	0	-0	0	-0	0	-0	1.594	-0.109
287.6	NaN	1252	NaN	999	0	2	360	0	0	0	406	0	0	0	-0	0	-0	0	-0	1.581	-0.049
287.7	NaN	1252	NaN	999	0	2	360	0	0	0	406	0	0	0	-0	0	-0	0	-0	1.582	-0.232
287.8	NaN	1252	NaN	999	0	2	360	0	0	0	406	0	0	0	-0	0	-0	0	-0	1.591	0.082
287.9	NaN	1252	NaN	999	0	2	360	0	0	0	406	0	0	0	-0	0	-0	0	-0	1.593	-0.078
288	NaN	1252	NaN	999	0	2	360	0	0	0	406	0	0	0	-0	0	-0	0	-0	1.595	-0.058
288.1	NaN	1252	NaN	999	0	2	360	0	0	0	406	0	0	0	-0	0	-0	0	-0	1.596	0.002
288.2	NaN	1252	NaN	999	0	2	360	0	0	0	406	0	0	0	-0	0	-0	0	-0	1.602	0.071
288.3	NaN	1252	NaN	999	0	2	360	0	0	0	406	0	0	0	-0	0	-0	0	-0	1.609	0.006
288.4	NaN	1252	NaN	999	0	2	360	0	0	0	406	0	0	0	-0	0	-0	0	-0	1.613	0.03
288.5	NaN	1252	NaN	999	0	2	360	0	0	0	406	0	0	0	-0	0	-0	0	-0	1.601	-0.143
288.6	NaN	1252	NaN	999	0	2	360	0	0	0	406	0	0	0	-0	0	-0	0	-0	1.59	-0.038
288.7	NaN	1252	NaN	999	0	2	360	0	0	0	406	0	0	0	-0	0	-0	0	-0	1.586	-0.002
288.8	NaN	1252	NaN	999	0	2	360	0	0	0	406	0	0	0	-0	0	-0	0	-0	1.592	-0.173
288.9	NaN	1252	NaN	999	0	2	360	0	0	0	406	0	0	0	-0	0	-0	0	-0	1.589	-0.052
289	NaN	1252	NaN	999	0	2	360	0	0	0	406	0	0	0	-0	0	-0	0	-0	1.575	-0.302
289.1	NaN	1252	NaN	999	0	2	360	0	0	0	406	0	0	0	-0	0	-0	0	-0	1.575	0.068
289.2	NaN	1252	NaN	999	0	2	360	0	0	0	406	0	0	0	-0	0	-0	0	-0	1.587	0.112
289.3	NaN	1252	NaN	999	0	2	360	0	0	0	406	0	0	0	-0	0	-0	0	-0	1.583	-0.101
289.4	NaN	1252	NaN	999	0	2	360	0	0	0	406	0	0	0	-0	0	-0	0	-0	1.599	-0.033
289.5	NaN	1252	NaN	999	0	2	360	0	0	0	406	0	0	0	-0	0	-0	0	-0	1.59	-0.02
289.6	NaN	1252	NaN	999	0	2	360	0	0	0	406	0	0	0	-0	0	-0	0	-0	1.574	-0.11
289.7	NaN	1252	NaN	999	0	2	360	0	0	0	406	0	0	0	-0	0	-0	0	-0	1.579	-0.02
289.8	NaN	1252	NaN	999	0	2	360	0	0	0	406	0	0	0	-0	0	-0	0	-0	1.577	-0.176
289.9	NaN	1252	NaN	999	0	2	360	0	0	0	406	0	0	0	-0	0	-0	0	-0	1.581	-0.057
290	NaN	1252	NaN	999	0	2	360	0	0	0	406	0	0	0	-0	0	-0	0	-0	1.582	0.118
290.1	NaN	1252	NaN	999	0	2	360	0	0	0	406	0	0	0	-0	0	-0	0	-0	1.573	-0.04
290.2	NaN	1252	NaN	999	0	2	360	0	0	0	406	0	0	0	-0	0	-0	0	-0	1.588	-0.051
290.3	NaN	1252	NaN	999	0	2	360	0	0	0	406	0	0	0	-0	0	-0	0	-0	1.589	0.067
290.4	NaN	1252	NaN	999	0	2	360	0	0	0	406	0	0	0	-0	0	-0	0	-0	1.598	-0.107
290.5	NaN	1252	NaN	999	0	2	360	0	0	0	406	0	0	0	-0	0	-0	0	-0	1.597	-0.173
290.6	NaN	1252	NaN	999	0	2	360	0	0	0	406	0	0	0	-0	0	-0	0	-0	1.59	-0.359
290.7	NaN	1252	NaN	999	0	2	360	0	0	0	406	0	0	0	-0	0	-0	0	-0	1.593	0.015
290.8	NaN	1252	NaN	999	0	2	360	0	0	0	406	0	0	0	-0	0	-0	0	-0	1.587	-0.158
290.9	NaN	1252	NaN	999	0	2	360	0	0	0	406	0	0	0	-0	0	-0	0	-0	1.571	-0.209
291	NaN	1252	NaN	999	0	2	360	0	0	0	406	0	0	0	-0	0	-0	0	-0	1.575	-0.072
291.1	NaN	1252	NaN	999	0	2	360	0	0	0	406	0	0	0	-0	0	-0	0	-0	1.569	-0.091
291.2	NaN	1252	NaN	999	0	2	360	0	0	0	406	0	0	0	-0	0	-0	0	-0	1.57	0.022
291.3	NaN	1252	NaN	999	0	2	360	0	0	0	406	0	0	0	-0	0	-0	0	-0	1.567	-0.201
291.4	NaN	1252	NaN	999	0	2	360	0	0	0	406	0	0	0	-0	0	-0	0	-0	1.564	-0.201
291.5	NaN	1252	NaN	999	0	2	360	0	0	0	406	0	0	0	-0	0	-0	0	-0	1.564	0.043
291.6	NaN	1252	NaN	999	0	2	360	0	0	0	406	0	0	0	-0	0	-0	0	-0	1.554	-0.138
291.7	NaN	1252	NaN	999	0	2	360	0	0	0	406	0	0	0	-0	0	-0	0	-0	1.554	-0.01
291.8	NaN	1252	NaN	999	0	2	360	0	0	0	406	0	0	0	-0	0	-0	0	-0	1.559	-0.04
291.9	NaN	1252	NaN	999	0	2	360	0	0	0	406	0	0	0	-0	0	-0	0	-0	1.559	-0.127
292	NaN	1252	NaN	999	0	2	360	0	0	0	406	0	0	0	-0	0	-0	0	-0	1.562	-0.267
292.1	NaN	1252	NaN	999	0	2	360	0	0	0	406	0	0	0	-0	0	-0	0	-0	1.564	0.056
292.2	NaN	1252	NaN	999	0	2	360	0	0	0	406	0	0	0	-0	0	-0	0	-0	1.56	-0.184
292.3	NaN	1252	NaN	999	0	2	360	0	0	0	406	0	0	0	-0	0	-0	0	-0	1.562	-0.013
292.4	NaN	1252	NaN	999	0	2	360	0	0	0	406	0	0	0	-0	0	-0	0	-0	1.551	-0.087
292.5	NaN	1252	NaN	999	0	2	360	0	0	0	406	0	0	0	-0	0	-0	0	-0	1.547	-0.31
292.6	NaN	1252	NaN	999	0	2	360	0	0	0	406	0	0	0	-0	0	-0	0	-0	1.556	0.089
292.7	NaN	1252	NaN	999	0	2	360	0	0	0	406	0	0	0	-0	0	-0	0	-0	1.552	0.261
292.8	NaN	1252	NaN	999	0	2	360	0	0	0	406	0	0	0	-0	0	-0	0	-0	1.561	-0.027
292.9	NaN	1252	NaN	999	0	2	360	0	0	0	406	0	0	0	-0	0	-0	0	-0	1.555	-0.214
293	NaN	1252	NaN	999	0	2	360	0	0	0	406	0	0	0	-0	0	-0	0	-0	1.564	-0.195
293.1	NaN	1252	NaN	999	0	2	360	0	0	0	406	0	0	0	-0	0	-0	0	-0	1.563	0.079
293.2	NaN	1252	NaN	999	0	2	360	0	0	0	406	0	0	0	-0	0	-0	0	-0	1.579	0.063
293.3	NaN	1252	NaN	999	0	2	360	0	0	0	406	0	0	0	-0	0	-0	0	-0	1.578	-0.143
293.4	NaN	1252	NaN	999	0	2	360	0	0	0	406	0	0	0	-0	0	-0	0	-0	1.581	0.066
293.5	NaN	1252	NaN	999	0	2	360	0	0	0	406	0	0	0	-0	0	-0	0	-0	1.581	0.2
293.6	NaN	1252	NaN	999	0	2	360	0	0	0	406	0	0	0	-0	0	-0	0	-0	1.596	-0.031
293.7	NaN	1252	NaN	999	0	2	360	0	0	0	406	0	0	0	-0	0	-0	0	-0	1.606	-0.03
293.8	NaN	1252	NaN	999	0	2	360	0	0	0	406	0	0	0	-0	0	-0	0	-0	1.613	-0.089
293.9	NaN	1252	NaN	999	0	2	360	0	0	0	406	0	0	0	-0	0	-0	0	-0	1.612	-0.068
294	NaN	1252	NaN	999	0	2	360	0	0	0	406	0	0	0	-0	0	-0	0	-0	1.622	0.08
294.1	NaN	1252	NaN	999	0	2	360	0	0	0	406	0	0	0	-0	0	-0	0	-0	1.624	-0.152
294.2	NaN	1252	NaN	999	0	2	360	0	0	0	406	0	0	0	-0	0	-0	0	-0	1.631	-0.025
294.3	NaN	1252	NaN	999	0	2	360	0	0	0	406	0	0	0	-0	0	-0	0	-0	1.63	-0.063
294.4	NaN	1252	NaN	999	0	2	360	0	0	0	406	0	0	0	-0	0	-0	0	-0	1.62	-0.272
294.5	NaN	1252	NaN	999	0	2	360	0	0	0	406	0	0	0	-0	0	-0	0	-0	1.617	-0.276
294.6	NaN	1252	NaN	999	0	2	360	0	0	0	406	0	0	0	-0	0	-0	0	-0	1.616	-0.15
294.7	NaN	1252	NaN	999	0	2	360	0	0	0	406	0	0	0	-0	0	-0	0	-0	1.63	-0.032
294.8	NaN	1252	NaN	999	0	2	360	0	0	0	406	0	0	0	-0	0	-0	0	-0	1.626	0.074
294.9	NaN	1252	NaN	999	0	2	360	0	0	0	406	0	0	0	-0	0	-0	0	-0	1.622	-0.13
295	NaN	1252	NaN	999	0	2	360	0	0	0	406	0	0	0	-0	0	-0	0	-0	1.624	-0.116
295.1	NaN	1252	NaN	999	0	2	360	0	0	0	406	0	0	0	-0	0	-0	0	-0	1.627	-0.074
295.2	NaN	1252	NaN	999	0	2	360	0	0	0	406	0	0	0	-0	0	-0	0	-0	1.628	-0.04
295.3	NaN	1252	NaN	999	0	2	360	0	0	0	406	0	0	0	-0	0	-0	0	-0	1.632	0.064
295.4	NaN	1252	NaN	999	0	2	360	0	0	0	406	0	0	0	-0	0	-0	0	-0	1.627	-0.133
295.5	NaN	1252	NaN	999	0	2	360	0	0	0	406	0	0	0	-0	0	-0	0	-0	1.62	-0.11
295.6	NaN	1252	NaN	999	0	2	360	0	0	0	406	0	0	0	-0	0	-0	0	-0	1.633	-0.183
295.7	NaN	1252	NaN	999	0	2	360	0	0	0	406	0	0	0	-0	0	-0	0	-0	1.639	0.247
295.8	NaN	1252	NaN	999	0	2	360	0	0	0	406	0	0	0	-0	0	-0	0	-0	1.646	-0.173
295.9	NaN	1252	NaN	999	0	2	360	0	0	0	406	0	0	0	-0	0	-0	0	-0	1.648	-0.041
296	NaN	1252	NaN	999	0	2	360	0	0	0	406	0	0	0	-0	0	-0	0	-0	1.657	0.035
296.1	NaN	1252	NaN	999	0	2	360	0	0	0	406	0	0	0	-0	0	-0	0	-0	1.663	-0.074
296.2	NaN	1252	NaN	999	0	2	360	0	0	0	406	0	0	0	-0	0	-0	0	-0	1.662	-0.144
296.3	NaN	1252	NaN	999	0	2	360	0	0	0	406	0	0	0	-0	0	-0	0	-0	1.652	-0.102
296.4	NaN	1252	NaN	999	0	2	360	0	0	0	406	0	0	0	-0	0	-0	0	-0	1.662	-0.457
296.5	NaN	1252	NaN	999	0	2	360	0	0	0	406	0	0	0	-0	0	-0	0	-0	1.674	0.16
296.6	NaN	1252	NaN	999	0	2	360	0	0	0	406	0	0	0	-0	0	-0	0	-0	1.676	0.018
296.7	NaN	1252	NaN	999	0	2	360	0	0	0	406	0	0	0	-0	0	-0	0	-0	1.681	-0.101
296.8	NaN	1252	NaN	999	0	2	360	0	0	0	406	0	0	0	-0	0	-0	0	-0	1.681	-0.23
296.9	NaN	1252	NaN	999	0	2	360	0	0	0	406	0	0	0	-0	0	-0	0	-0	1.679	-0.243
297	NaN	1252	NaN	999	0	2	360	0	0	0	406	0	0	0	-0	0	-0	0	-0	1.679	-0.013
297.1	NaN	1252	NaN	999	0	2	360	0	0	0	406	0	0	0	-0	0	-0	0	-0	1.682	-0.164
297.2	NaN	1252	NaN	999	0	2	360	0	0	0	406	0	0	0	-0	0	-0	0	-0	1.672	-0.209
297.3	NaN	1252	NaN	999	0	2	360	0	0	0	406	0	0	0	-0	0	-0	0	-0	1.657	-0.427
297.4	NaN	1252	NaN	999	0	2	360	0	0	0	406	0	0	0	-0	0	-0	0	-0	1.66	-0.244
297.5	NaN	1252	NaN	999	0	2	360	0	0	0	406	0	0	0	-0	0	-0	0	-0	1.661	0.061
297.6	NaN	1252	NaN	999	0	2	360	0	0	0	406	0	0	0	-0	0	-0	0	-0	1.659	-0.171
297.7	NaN	1252	NaN	999	0	2	360	0	0	0	406	0	0	0	-0	0	-0	0	-0	1.661	-0.276
297.8	NaN	1252	NaN	999	0	2	360	0	0	0	406	0	0	0	-0	0	-0	0	-0	1.651	-0.133
297.9	NaN	1252	NaN	999	0	2	360	0	0	0	406	0	0	0	-0	0	-0	0	-0	1.651	-0.17
298	NaN	1252	NaN	999	0	2	360	0	0	0	406	0	0	0	-0	0	-0	0	-0	1.659	0.281
298.1	NaN	1252	NaN	999	0	2	360	0	0	0	406	0	0	0	-0	0	-0	0	-0	1.65	-0.205
298.2	NaN	1252	NaN	999	0	2	360	0	0	0	406	0	0	0	-0	0	-0	0	-0	1.645	-0.177
298.3	NaN	1252	NaN	999	0	2	360	0	0	0	406	0	0	0	-0	0	-0	0	-0	1.632	-0.318
298.4	NaN	1252	NaN	999	0	2	360	0	0	0	406	0	0	0	-0	0	-0	0	-0	1.631	0.087
298.5	NaN	1252	NaN	999	0	2	360	0	0	0	406	0	0	0	-0	0	-0	0	-0	1.633	-0.118
298.6	NaN	1252	NaN	999	0	2	360	0	0	0	406	0	0	0	-0	0	-0	0	-0	1.638	0.079
298.7	NaN	1252	NaN	999	0	2	360	0	0	0	406	0	0	0	-0	0	-0	0	-0	1.628	-0.288
298.8	NaN	1252	NaN	999	0	2	360	0	0	0	406	0	0	0	-0	0	-0	0	-0	1.627	0.009
298.9	NaN	1252	NaN	999	0	2	360	0	0	0	406	0	0	0	-0	0	-0	0	-0	1.621	-0.038
299	NaN	1252	NaN	999	0	2	360	0	0	0	406	0	0	0	-0	0	-0	0	-0	1.619	-0.154
299.1	NaN	1252	NaN	999	0	2	360	0	0	0	406	0	0	0	-0	0	-0	0	-0	1.62	-0.336
299.2	NaN	1252	NaN	999	0	2	360	0	0	0	406	0	0	0	-0	0	-0	0	-0	1.623	-0.208
299.3	NaN	1252	NaN	999	0	2	360	0	0	0	406	0	0	0	-0	0	-0	0	-0	1.611	-0.247
299.4	NaN	1252	NaN	999	0	2	360	0	0	0	406	0	0	0	-0	0	-0	0	-0	1.601	-0.053
299.5	NaN	1252	NaN	999	0	2	360	0	0	0	406	0	0	0	-0	0	-0	0	-0	1.601	0.027
299.6	NaN	1252	NaN	999	0	2	360	0	0	0	406	0	0	0	-0	0	-0	0	-0	1.597	0.032
299.7	NaN	1252	NaN	999	0	2	360	0	0	0	406	0	0	0	-0	0	-0	0	-0	1.593	-0.067
299.8	NaN	1252	NaN	999	0	2	360	0	0	0	406	0	0	0	-0	0	-0	0	-0	1.592	0.085
299.9	NaN	1252	NaN	999	0	2	360	0	0	0	406	0	0	0	-0	0	-0	0	-0	1.594	-0.03
300	NaN	1252	NaN	999	0	2	360	0	0	0	406	0	0	0	-0	0	-0	0	-0	1.602	-0.137
300.1	NaN	1252	NaN	999	0	2	360	0	0	0	406	0	0	0	-0	0	-0	0	-0	1.594	-0.171
300.2	NaN	1252	NaN	999	0	2	360	0	0	0	406	0	0	0	-0	0	-0	0	-0	1.588	-0.21
300.3	NaN	1252	NaN	999	0	2	360	0	0	0	406	0	0	0	-0	0	-0	0	-0	1.579	-0.072
300.4	NaN	1252	NaN	999	0	2	360	0	0	0	406	0	0	0	-0	0	-0	0	-0	1.572	-0.153
300.5	NaN	1252	NaN	999	0	2	360	0	0	0	406	0	0	0	-0	0	-0	0	-0	1.575	0.104
300.6	NaN	1252	NaN	999	0	2	360	0	0	0	406	0	0	0	-0	0	-0	0	-0	1.565	-0.269
300.7	NaN	1252	NaN	999	0	2	360	0	0	0	406	0	0	0	-0	0	-0	0	-0	1.554	-0.272
300.8	NaN	1252	NaN	999	0	2	360	0	0	0	406	0	0	0	-0	0	-0	0	-0	1.549	0.092
300.9	NaN	1252	NaN	999	0	2	360	0	0	0	406	0	0	0	-0	0	-0	0	-0	1.549	-0.06
301	NaN	1252	NaN	999	0	2	360	0	0	0	406	0	0	0	-0	0	-0	0	-0	1.557	-0.028
301.1	NaN	1252	NaN	999	0	2	360	0	0	0	406	0	0	0	-0	0	-0	0	-0	1.545	-0.004
301.2	NaN	1252	NaN	999	0	2	360	0	0	0	406	0	0	0	-0	0	-0	0	-0	1.543	-0.185
301.3	NaN	1252	NaN	999	0	2	360	0	0	0	406	0	0	0	-0	0	-0	0	-0	1.538	0.207
301.4	NaN	1252	NaN	999	0	2	360	0	0	0	406	0	0	0	-0	0	-0	0	-0	1.533	0.045
301.5	NaN	1252	NaN	999	0	2	360	0	0	0	406	0	0	0	-0	0	-0	0	-0	1.532	-0.204
301.6	NaN	1252	NaN	999	0	2	360	0	0	0	406	0	0	0	-0	0	-0	0	-0	1.532	-0.084
301.7	NaN	1252	NaN	999	0	2	360	0	0	0	406	0	0	0	-0	0	-0	0	-0	1.517	-0.125
301.8	NaN	1252	NaN	999	0	2	360	0	0	0	406	0	0	0	-0	0	-0	0	-0	1.513	-0.031
301.9	NaN	1252	NaN	999	0	2	360	0	0	0	406	0	0	0	-0	0	-0	0	-0	1.515	0.224
302	NaN	1252	NaN	999	0	2	360	0	0	0	406	0	0	0	-0	0	-0	0	-0	1.524	0.056
302.1	NaN	1252	NaN	999	0	2	360	0	0	0	406	0	0	0	-0	0	-0	0	-0	1.518	0.019
302.2	NaN	1252	NaN	999	0	2	360	0	0	0	406	0	0	0	-0	0	-0	0	-0	1.513	-0.306
302.3	NaN	1252	NaN	999	0	2	360	0	0	0	406	0	0	0	-0	0	-0	0	-0	1.513	0.223
302.4	NaN	1252	NaN	999	0	2	360	0	0	0	406	0	0	0	-0	0	-0	0	-0	1.512	-0.006
302.5	NaN	1252	NaN	999	0	2	360	0	0	0	406	0	0	0	-0	0	-0	0	-0	1.51	0.155
302.6	NaN	1252	NaN	999	0	2	360	0	0	0	406	0	0	0	-0	0	-0	0	-0	1.507	0.008
302.7	NaN	1252	NaN	999	0	2	360	0	0	0	406	0	0	0	-0	0	-0	0	-0	1.51	-0.075
302.8	NaN	1252	NaN	999	0	2	360	0	0	0	406	0	0	0	-0	0	-0	0	-0	1.516	-0.119
302.9	NaN	1252	NaN	999	0	2	360	0	0	0	406	0	0	0	-0	0	-0	0	-0	1.511	-0.065
303	NaN	1252	NaN	999	0	2	360	0	0	0	406	0	0	0	-0	0	-0	0	-0	1.515	-0.111
303.1	NaN	1252	NaN	999	0	2	360	0	0	0	406	0	0	0	-0	0	-0	0	-0	1.507	0.094
303.2	NaN	1252	NaN	999	0	2	360	0	0	0	406	0	0	0	-0	0	-0	0	-0	1.51	0.098
303.3	NaN	1252	NaN	999	0	2	360	0	0	0	406	0	0	0	-0	0	-0	0	-0	1.512	-0.115
303.4	NaN	1252	NaN	999	0	2	360	0	0	0	406	0	0	0	-0	0	-0	0	-0	1.525	0.071
303.5	NaN	1252	NaN	999	0	2	360	0	0	0	406	0	0	0	-0	0	-0	0	-0	1.53	-0.088
303.6	NaN	1252	NaN	999	0	2	360	0	0	0	406	0	0	0	-0	0	-0	0	-0	1.521	0.017
303.7	NaN	1252	NaN	999	0	2	360	0	0	0	406	0	0	0	-0	0	-0	0	-0	1.519	0.04
303.8	NaN	1252	NaN	999	0	2	360	0	0	0	406	0	0	0	-0	0	-0	0	-0	1.526	0.072
303.9	NaN	1252	NaN	999	0	2	360	0	0	0	406	0	0	0	-0	0	-0	0	-0	1.548	-0.003
304	NaN	1252	NaN	999	0	2	360	0	0	0	406	0	0	0	-0	0	-0	0	-0	1.544	-0.112
304.1	NaN	1252	NaN	999	0	2	360	0	0	0	406	0	0	0	-0	0	-0	0	-0	1.541	-0.096
304.2	NaN	1252	NaN	999	0	2	360	0	0	0	406	0	0	0	-0	0	-0	0	-0	1.537	-0.061
304.3	NaN	1252	NaN	999	0	2	360	0	0	0	406	0	0	0	-0	0	-0	0	-0	1.538	-0.081
304.4	NaN	1252	NaN	999	0	2	360	0	0	0	406	0	0	0	-0	0	-0	0	-0	1.542	-0.111
304.5	NaN	1252	NaN	999	0	2	360	0	0	0	406	0	0	0	-0	0	-0	0	-0	1.547	-0.121
304.6	NaN	1252	NaN	999	0	2	360	0	0	0	406	0	0	0	-0	0	-0	0	-0	1.542	-0.113
304.7	NaN	1252	NaN	999	0	2	360	0	0	0	406	0	0	0	-0	0	-0	0	-0	1.532	-0.239
304.8	NaN	1252	NaN	999	0	2	360	0	0	0	406	0	0	0	-0	0	-0	0	-0	1.527	-0.302
304.9	NaN	1252	NaN	999	0	2	360	0	0	0	406	0	0	0	-0	0	-0	0	-0	1.531	0.298
305	NaN	1252	NaN	999	0	2	360	0	0	0	406	0	0	0	-0	0	-0	0	-0	1.529	-0.109
305.1	NaN	1252	NaN	999	0	2	360	0	0	0	406	0	0	0	-0	0	-0	0	-0	1.542	-0.25
305.2	NaN	1252	NaN	999	0	2	360	0	0	0	406	0	0	0	-0	0	-0	0	-0	1.538	0.023
305.3	NaN	1252	NaN	999	0	2	360	0	0	0	406	0	0	0	-0	0	-0	0	-0	1.547	-0.053
305.4	NaN	1252	NaN	999	0	2	360	0	0	0	406	0	0	0	-0	0	-0	0	-0	1.554	0.104
305.5	NaN	1252	NaN	999	0	2	360	0	0	0	406	0	0	0	-0	0	-0	0	-0	1.546	-0.259
305.6	NaN	1252	NaN	999	0	2	360	0	0	0	406	0	0	0	-0	0	-0	0	-0	1.539	-0.126
305.7	NaN	1252	NaN	999	0	2	360	0	0	0	406	0	0	0	-0	0	-0	0	-0	1.526	0.022
305.8	NaN	1252	NaN	999	0	2	360	0	0	0	406	0	0	0	-0	0	-0	0	-0	1.518	-0.275
305.9	NaN	1252	NaN	999	0	2	360	0	0	0	406	0	0	0	-0	0	-0	0	-0	1.517	0.102
306	NaN	1252	NaN	999	0	2	360	0	0	0	406	0	0	0	-0	0	-0	0	-0	1.516	-0.178
306.1	NaN	1252	NaN	999	0	2	360	0	0	0	406	0	0	0	-0	0	-0	0	-0	1.506	-0.248
306.2	NaN	1252	NaN	999	0	2	360	0	0	0	406	0	0	0	-0	0	-0	0	-0	1.505	0.055
306.3	NaN	1252	NaN	999	0	2	360	0	0	0	406	0	0	0	-0	0	-0	0	-0	1.513	-0.177
306.4	NaN	1252	NaN	999	0	2	360	0	0	0	406	0	0	0	-0	0	-0	0	-0	1.52	-0.205
306.5	NaN	1252	NaN	999	0	2	360	0	0	0	406	0	0	0	-0	0	-0	0	-0	1.503	-0.152
306.6	NaN	1252	NaN	999	0	2	360	0	0	0	406	0	0	0	-0	0	-0	0	-0	1.488	-0.247
306.7	NaN	1252	NaN	999	0	2	360	0	0	0	406	0	0	0	-0	0	-0	0	-0	1.473	0.334
306.8	NaN	1252	NaN	999	0	2	360	0	0	0	406	0	0	0	-0	0	-0	0	-0	1.472	-0.216
306.9	NaN	1252	NaN	999	0	2	360	0	0	0	406	0	0	0	-0	0	-0	0	-0	1.475	0.024
307	NaN	1252	NaN	999	0	2	360	0	0	0	406	0	0	0	-0	0	-0	0	-0	1.476	-0.022
307.1	NaN	1252	NaN	999	0	2	360	0	0	0	406	0	0	0	-0	0	-0	0	-0	1.477	-0.057
307.2	NaN	1252	NaN	999	0	2	360	0	0	0	406	0	0	0	-0	0	-0	0	-0	1.471	-0.087
307.3	NaN	1252	NaN	999	0	2	360	0	0	0	406	0	0	0	-0	0	-0	0	-0	1.468	0.087
307.4	NaN	1252	NaN	999	0	2	360	0	0	0	406	0	0	0	-0	0	-0	0	-0	1.473	0.058
307.5	NaN	1252	NaN	999	0	2	360	0	0	0	406	0	0	0	-0	0	-0	0	-0	1.47	-0.067
307.6	NaN	1252	NaN	999	0	2	360	0	0	0	406	0	0	0	-0	0	-0	0	-0	1.458	-0.21
307.7	NaN	1252	NaN	999	0	2	360	0	0	0	406	0	0	0	-0	0	-0	0	-0	1.458	0.229
307.8	NaN	1252	NaN	999	0	2	360	0	0	0	406	0	0	0	-0	0	-0	0	-0	1.462	0.246
307.9	NaN	1252	NaN	999	0	2	360	0	0	0	406	0	0	0	-0	0	-0	0	-0	1.473	-0.414
308	NaN	1252	NaN	999	0	2	360	0	0	0	406	0	0	0	-0	0	-0	0	-0	1.464	0.139
308.1	NaN	1252	NaN	999	0	2	360	0	0	0	406	0	0	0	-0	0	-0	0	-0	1.452	-0.03
308.2	NaN	1252	NaN	999	0	2	360	0	0	0	406	0	0	0	-0	0	-0	0	-0	1.459	-0.179
308.3	NaN	1252	NaN	999	0	2	360	0	0	0	406	0	0	0	-0	0	-0	0	-0	1.448	0.231
308.4	NaN	1252	NaN	999	0	2	360	0	0	0	406	0	0	0	-0	0	-0	0	-0	1.453	-0.066
308.5	NaN	1252	NaN	999	0	2	360	0	0	0	406	0	0	0	-0	0	-0	0	-0	1.46	0.087
308.6	NaN	1252	NaN	999	0	2	360	0	0	0	406	0	0	0	-0	0	-0	0	-0	1.454	-0.282
308.7	NaN	1252	NaN	999	0	2	360	0	0	0	406	0	0	0	-0	0	-0	0	-0	1.458	-0.167
308.8	NaN	1252	NaN	999	0	2	360	0	0	0	406	0	0	0	-0	0	-0	0	-0	1.448	-0.024
308.9	NaN	1252	NaN	999	0	2	360	0	0	0	406	0	0	0	-0	0	-0	0	-0	1.458	-0.006
309	NaN	1252	NaN	999	0	2	360	0	0	0	406	0	0	0	-0	0	-0	0	-0	1.455	-0.211
309.1	NaN	1252	NaN	999	0	2	360	0	0	0	406	0	0	0	-0	0	-0	0	-0	1.451	-0.068
309.2	NaN	1252	NaN	999	0	2	360	0	0	0	406	0	0	0	-0	0	-0	0	-0	1.444	0.171
309.3	NaN	1252	NaN	999	0	2	360	0	0	0	406	0	0	0	-0	0	-0	0	-0	1.438	0.211
309.4	NaN	1252	NaN	999	0	2	360	0	0	0	406	0	0	0	-0	0	-0	0	-0	1.446	-0.048
309.5	NaN	1252	NaN	999	0	2	360	0	0	0	406	0	0	0	-0	0	-0	0	-0	1.439	-0.195
309.6	NaN	1252	NaN	999	0	2	360	0	0	0	406	0	0	0	-0	0	-0	0	-0	1.455	-0.013
309.7	NaN	1252	NaN	999	0	2	360	0	0	0	406	0	0	0	-0	0	-0	0	-0	1.445	-0.068
309.8	NaN	1252	NaN	999	0	2	360	0	0	0	406	0	0	0	-0	0	-0	0	-0	1.427	-0.396
309.9	NaN	1252	NaN	999	0	2	360	0	0	0	406	0	0	0	-0	0	-0	0	-0	1.417	-0.205
310	NaN	1252	NaN	999	0	2	360	0	0	0	406	0	0	0	-0	0	-0	0	-0	1.415	-0.146
310.1	NaN	1252	NaN	999	0	2	360	0	0	0	406	0	0	0	-0	0	-0	0	-0	1.404	-0.001
310.2	NaN	1252	NaN	999	0	2	360	0	0	0	406	0	0	0	-0	0	-0	0	-0	1.396	0.123
310.3	NaN	1252	NaN	999	0	2	360	0	0	0	406	0	0	0	-0	0	-0	0	-0	1.406	0.089
310.4	NaN	1252	NaN	999	0	2	360	0	0	0	406	0	0	0	-0	0	-0	0	-0	1.414	0.098
310.5	NaN	1252	NaN	999	0	2	360	0	0	0	406	0	0	0	-0	0	-0	0	-0	1.414	0.004
310.6	NaN	1252	NaN	999	0	2	360	0	0	0	406	0	0	0	-0	0	-0	0	-0	1.415	-0.043
310.7	NaN	1252	NaN	999	0	2	360	0	0	0	406	0	0	0	-0	0	-0	0	-0	1.412	-0.059
310.8	NaN	1252	NaN	999	0	2	360	0	0	0	406	0	0	0	-0	0	-0	0	-0	1.417	0.017
310.9	NaN	1252	NaN	999	0	2	360	0	0	0	406	0	0	0	-0	0	-0	0	-0	1.419	0.188
311	NaN	1252	NaN	999	0	2	360	0	0	0	406	0	0	0	-0	0	-0	0	-0	1.411	0.216
311.1	NaN	1252	NaN	999	0	2	360	0	0	0	406	0	0	0	-0	0	-0	0	-0	1.418	-0.14
311.2	NaN	1252	NaN	999	0	2	360	0	0	0	406	0	0	0	-0	0	-0	0	-0	1.411	0.161
311.3	NaN	1252	NaN	999	0	2	360	0	0	0	406	0	0	0	-0	0	-0	0	-0	1.417	0.175
311.4	NaN	1252	NaN	999	0	2	360	0	0	0	406	0	0	0	-0	0	-0	0	-0	1.418	-0.128
311.5	NaN	1252	NaN	999	0	2	360	0	0	0	406	0	0	0	-0	0	-0	0	-0	1.407	-0.2
311.6	NaN	1252	NaN	999	0	2	360	0	0	0	406	0	0	0	-0	0	-0	0	-0	1.39	-0.041
311.7	NaN	1252	NaN	999	0	2	360	0	0	0	406	0	0	0	-0	0	-0	0	-0	1.387	0.161
311.8	NaN	1252	NaN	999	0	2	360	0	0	0	406	0	0	0	-0	0	-0	0	-0	1.397	-0.192
311.9	NaN	1252	NaN	999	0	2	360	0	0	0	406	0	0	0	-0	0	-0	0	-0	1.398	-0.113
312	NaN	1252	NaN	999	0	2	360	0	0	0	406	0	0	0	-0	0	-0	0	-0	1.394	0.189
312.1	NaN	1252	NaN	999	0	2	360	0	0	0	406	0	0	0	-0	0	-0	0	-0	1.381	-0.002
312.2	NaN	1252	NaN	999	0	2	360	0	0	0	406	0	0	0	-0	0	-0	0	-0	1.379	0.406
312.3	NaN	1252	NaN	999	0	2	360	0	0	0	406	0	0	0	-0	0	-0	0	-0	1.385	0.246
312.4	NaN	1252	NaN	999	0	2	360	0	0	0	406	0	0	0	-0	0	-0	0	-0	1.389	-0.026
312.5	NaN	1252	NaN	999	0	2	360	0	0	0	406	0	0	0	-0	0	-0	0	-0	1.384	0.097
312.6	NaN	1252	NaN	999	0	2	360	0	0	0	406	0	0	0	-0	0	-0	0	-0	1.368	-0.026
312.7	NaN	1252	NaN	999	0	2	360	0	0	0	406	0	0	0	-0	0	-0	0	-0	1.367	0.124
312.8	NaN	1252	NaN	999	0	2	360	0	0	0	406	0	0	0	-0	0	-0	0	-0	1.363	0.051
312.9	NaN	1252	NaN	999	0	2	360	0	0	0	406	0	0	0	-0	0	-0	0	-0	1.366	0.106
313	NaN	1252	NaN	999	0	2	360	0	0	0	406	0	0	0	-0	0	-0	0	-0	1.374	0.044
313.1	NaN	1252	NaN	999	0	2	360	0	0	0	406	0	0	0	-0	0	-0	0	-0	1.364	0.065
313.2	NaN	1252	NaN	999	0	2	360	0	0	0	406	0	0	0	-0	0	-0	0	-0	1.342	0.127
313.3	NaN	1252	NaN	999	0	2	360	0	0	0	406	0	0	0	-0	0	-0	0	-0	1.32	0.117
313.4	NaN	1252	NaN	999	0	2	360	0	0	0	406	0	0	0	-0	0	-0	0	-0	1.314	0.24
313.5	NaN	1252	NaN	999	0	2	360	0	0	0	406	0	0	0	-0	0	-0	0	-0	1.31	-0.003
313.6	NaN	1252	NaN	999	0	2	360	0	0	0	406	0	0	0	-0	0	-0	0	-0	1.308	0.201
313.7	NaN	1252	NaN	999	0	2	360	0	0	0	406	0	0	0	-0	0	-0	0	-0	1.293	0.149
313.8	NaN	1252	NaN	999	0	2	360	0	0	0	406	0	0	0	-0	0	-0	0	-0	1.298	0.188
313.9	NaN	1252	NaN	999	0	2	360	0	0	0	406	0	0	0	-0	0	-0	0	-0	1.302	0.167
314	NaN	1252	NaN	999	0	2	360	0	0	0	406	0	0	0	-0	0	-0	0	-0	1.312	0.174
314.1	NaN	1252	NaN	999	0	2	360	0	0	0	406	0	0	0	-0	0	-0	0	-0	1.31	0.193
314.2	NaN	1252	NaN	999	0	2	360	0	0	0	406	0	0	0	-0	0	-0	0	-0	1.305	0.065
314.3	NaN	1252	NaN	999	0	2	360	0	0	0	406	0	0	0	-0	0	-0	0	-0	1.296	0.068
314.4	NaN	1252	NaN	999	0	2	360	0	0	0	406	0	0	0	-0	0	-0	0	-0	1.28	-0.078
314.5	NaN	1252	NaN	999	0	2	360	0	0	0	406	0	0	0	-0	0	-0	0	-0	1.267	0.015
314.6	NaN	1252	NaN	999	0	2	360	0	0	0	406	0	0	0	-0	0	-0	0	-0	1.254	0.398
314.7	NaN	1252	NaN	999	0	2	360	0	0	0	406	0	0	0	-0	0	-0	0	-0	1.233	0.065
314.8	NaN	1252	NaN	999	0	2	360	0	0	0	406	0	0	0	-0	0	-0	0	-0	1.229	-0.022
314.9	NaN	1252	NaN	999	0	2	360	0	0	0	406	0	0	0	-0	0	-0	0	-0	1.228	0.307
315	NaN	1252	NaN	999	0	2	360	0	0	0	406	0	0	0	-0	0	-0	0	-0	1.244	0.054
315.1	NaN	1252	NaN	999	0	2	360	0	0	0	406	0	0	0	-0	0	-0	0	-0	1.249	0.158
315.2	NaN	1252	NaN	999	0	2	360	0	0	0	406	0	0	0	-0	0	-0	0	-0	1.24	0.013
315.3	NaN	1252	NaN	999	0	2	360	0	0	0	406	0	0	0	-0	0	-0	0	-0	1.237	0.073
315.4	NaN	1252	NaN	999	0	2	360	0	0	0	406	0	0	0	-0	0	-0	0	-0	1.236	0.34
315.5	NaN	1252	NaN	999	0	2	360	0	0	0	406	0	0	0	-0	0	-0	0	-0	1.244	0.211
315.6	NaN	1252	NaN	999	0	2	360	0	0	0	406	0	0	0	-0	0	-0	0	-0	1.248	0.005
315.7	NaN	1252	NaN	999	0	2	360	0	0	0	406	0	0	0	-0	0	-0	0	-0	1.242	-0.064
315.8	NaN	1252	NaN	999	0	2	360	0	0	0	406	0	0	0	-0	0	-0	0	-0	1.235	0.243
315.9	NaN	1252	NaN	999	0	2	360	0	0	0	406	0	0	0	-0	0	-0	0	-0	1.224	-0.042
316	NaN	1252	NaN	999	0	2	360	0	0	0	406	0	0	0	-0	0	-0	0	-0	1.218	0.04
316.1	NaN	1252	NaN	999	0	2	360	0	0	0	406	0	0	0	-0	0	-0	0	-0	1.214	0
316.2	NaN	1252	NaN	999	0	2	360	0	0	0	406	0	0	0	-0	0	-0	0	-0	1.204	0.053
316.3	NaN	1252	NaN	999	0	2	360	0	0	0	406	0	0	0	-0	0	-0	0	-0	1.191	0.02
316.4	NaN	1252	NaN	999	0	2	360	0	0	0	406	0	0	0	-0	0	-0	0	-0	1.2	0.019
316.5	NaN	1252	NaN	999	0	2	360	0	0	0	406	0	0	0	-0	0	-0	0	-0	1.195	0.18
316.6	NaN	1252	NaN	999	0	2	360	0	0	0	406	0	0	0	-0	0	-0	0	-0	1.192	0.097
316.7	NaN	1252	NaN	999	0	2	360	0	0	0	406	0	0	0	-0	0	-0	0	-0	1.184	-0.124
316.8	NaN	1252	NaN	999	0	2	360	0	0	0	406	0	0	0	-0	0	-0	0	-0	1.163	0.083
316.9	NaN	1252	NaN	999	0	2	360	0	0	0	406	0	0	0	-0	0	-0	0	-0	1.152	0.037
317	NaN	1252	NaN	999	0	2	360	0	0	0	406	0	0	0	-0	0	-0	0	-0	1.143	0.123
317.1	NaN	1252	NaN	999	0	2	360	0	0	0	406	0	0	0	-0	0	-0	0	-0	1.137	-0.028
317.2	NaN	1252	NaN	999	0	2	360	0	0	0	406	0	0	0	-0	0	-0	0	-0	1.134	-0.165
317.3	NaN	1252	NaN	999	0	2	360	0	0	0	406	0	0	0	-0	0	-0	0	-0	1.119	-0.067
317.4	NaN	1252	NaN	999	0	2	360	0	0	0	406	0	0	0	-0	0	-0	0	-0	1.108	0.193
317.5	NaN	1252	NaN	999	0	2	360	0	0	0	406	0	0	0	-0	0	-0	0	-0	1.102	0.239
317.6	NaN	1252	NaN	999	0	2	360	0	0	0	406	0	0	0	-0	0	-0	0	-0	1.09	0.217
317.7	NaN	1252	NaN	999	0	2	360	0	0	0	406	0	0	0	-0	0	-0	0	-0	1.085	0.112
317.8	NaN	1252	NaN	999	0	2	360	0	0	0	406	0	0	0	-0	0	-0	0	-0	1.082	0.217
317.9	NaN	1252	NaN	999	0	2	360	0	0	0	406	0	0	0	-0	0	-0	0	-0	1.067	0.127
318	NaN	1252	NaN	999	0	2	360	0	0	0	406	0	0	0	-0	0	-0	0	-0	1.075	0.251
318.1	NaN	1252	NaN	999	0	2	360	0	0	0	406	0	0	0	-0	0	-0	0	-0	1.07	0.249
318.2	NaN	1252	NaN	999	0	2	360	0	0	0	406	0	0	0	-0	0	-0	0	-0	1.057	0.141
318.3	NaN	1252	NaN	999	0	2	360	0	0	0	406	0	0	0	-0	0	-0	0	-0	1.037	-0.03
318.4	NaN	1252	NaN	999	0	2	360	0	0	0	406	0	0	0	-0	0	-0	0	-0	1.019	0.035
318.5	NaN	1252	NaN	999	0	2	360	0	0	0	406	0	0	0	-0	0	-0	0	-0	1.005	0.072
318.6	NaN	1252	NaN	999	0	2	360	0	0	0	406	0	0	0	-0	0	-0	0	-0	0.99	0.096
318.7	NaN	1252	NaN	999	0	2	360	0	0	0	406	0	0	0	-0	0	-0	0	-0	0.976	0.123
318.8	NaN	1252	NaN	999	0	2	360	0	0	0	406	0	0	0	-0	0	-0	0	-0	0.945	0.072
318.9	NaN	1252	NaN	999	0	2	360	0	0	0	406	0	0	0	-0	0	-0	0	-0	0.915	-0.108
319	NaN	1252	NaN	999	0	2	360	0	0	0	406	0	0	0	-0	0	-0	0	-0	0.883	-0.08
319.1	NaN	1252	NaN	999	0	2	360	0	0	0	406	0	0	0	-0	0	-0	0	-0	0.847	-0.093
319.2	NaN	1252	NaN	999	0	2	360	0	0	0	406	0	0	0	-0	0	-0	0	-0	0.825	-0.066
319.3	NaN	1252	NaN	999	0	2	360	0	0	0	406	0	0	0	-0	0	-0	0	-0	0.799	-0.07
319.4	NaN	1252	NaN	999	0	2	360	0	0	0	406	0	0	0	-0	0	-0	0	-0	0.753	-0.131
319.5	NaN	1252	NaN	999	0	2	360	0	0	0	406	0	0	0	-0	0	-0	0	-0	0.694	-0.293
319.6	NaN	1252	NaN	999	0	2	360	0	0	0	406	0	0	0	-0	0	-0	0	-0	0.635	-0.282
319.7	NaN	1252	NaN	999	0	2	360	0	0	0	406	0	0	0	-0	0	-0	0	-0	0.582	-0.541
319.8	NaN	1252	NaN	999	0	2	360	0	0	0	406	0	0	0	-0	0	-0	0	-0	0.525	-0.338
319.9	NaN	1252	NaN	999	0	2	360	0	0	0	406	0	0	0	-0	0	-0	0	-0	0.465	-0.419
320	NaN	1252	NaN	999	0	2	360	0	0	0	406	0	0	0	-0	0	-0	0	-0	0.413	-0.301
320.1	NaN	1252	NaN	999	0	2	360	0	0	0	406	0	0	0	-0	0	-0	0	-0	0.359	-0.376
320.2	NaN	1252	NaN	999	0	2	360	0	0	0	406	0	0	0	-0	0	-0	0	-0	0.304	-0.425
320.3	NaN	1252	NaN	999	0	2	360	0	0	0	406	0	0	0	-0	0	-0	0	-0	0.247	-0.416
320.4	NaN	1252	NaN	999	0	2	360	0	0	0	406	0	0	0	-0	0	-0	0	-0	0.2	-0.335
320.5	NaN	1252	NaN	999	0	2	360	0	0	0	406	0	0	0	-0	0	-0	0	-0	0.145	-0.381
320.6	NaN	1252	NaN	999	0	2	360	0	0	0	406	0	0	0	-0	0	-0	0	-0	0.082	-0.404
320.7	NaN	1252	NaN	999	0	2	360	0	0	0	406	0	0	0	-0	0	-0	0	-0	0.02	-0.436
320.8	NaN	1252	NaN	999	0	2	360	0	0	0	406	0	0	0	-0	0	-0	0	-0	-0.025	0.058
320.9	NaN	1252	NaN	999	0	2	360	0	0	0	406	0	0	0	-0	0	-0	0	-0	-0.027	0.171
321	NaN	1252	NaN	999	0	2	360	0	0	0	406	0	0	0	-0	0	-0	0	-0	-0.027	0.21
321.1	NaN	1252	NaN	999	0	2	360	0	0	0	406	0	0	0	-0	0	-0	0	-0	-0.026	0.228
321.2	NaN	1252	NaN	999	0	2	360	0	0	0	406	0	0	0	-0	0	-0	0	-0	-0.027	0.208
321.3	NaN	1252	NaN	999	0	2	360	0	0	0	406	0	0	0	-0	0	-0	0	-0	-0.023	0.219
321.4	NaN	1252	NaN	999	0	2	360	0	0	0	406	0	0	0	-0	0	-0	0	-0	-0.019	0.246
321.5	NaN	1252	NaN	999	0	2	360	0	0	0	406	0	0	0	-0	0	-0	0	-0	-0.016	0.221
321.6	NaN	1252	NaN	999	0	2	360	0	0	0	406	0	0	0	-0	0	-0	0	-0	-0.019	0.209
321.7	NaN	1252	NaN	999	0	2	360	0	0	0	406	0	0	0	-0	0	-0	0	-0	-0.02	0.189
321.8	NaN	1252	NaN	999	0	2	360	0	0	0	406	0	0	0	-0	0	-0	0	-0	-0.016	0.191
321.9	NaN	1252	NaN	999	0	2	360	0	0	0	406	0	0	0	-0	0	-0	0	-0	-0.017	0.196
322	NaN	1252	NaN	999	0	2	360	0	0	0	406	0	0	0	-0	0	-0	0	-0	-0.018	0.19
322.1	NaN	1252	NaN	999	0	2	360	0	0	0	406	0	0	0	-0	0	-0	0	-0	-0.02	0.169
322.2	NaN	1252	NaN	999	0	2	360	0	0	0	406	0	0	0	-0	0	-0	0	-0	-0.022	0.178
322.3	NaN	1252	NaN	999	0	2	360	0	0	0	406	0	0	0	-0	0	-0	0	-0	-0.022	0.166
322.4	NaN	1252	NaN	999	0	2	360	0	0	0	406	0	0	0	-0	0	-0	0	-0	-0.024	0.162
322.5	NaN	1252	NaN	999	0	2	360	0	0	0	406	0	0	0	-0	0	-0	0	-0	-0.025	0.2
322.6	NaN	1252	NaN	999	0	2	360	0	0	0	406	0	0	0	-0	0	-0	0	-0	-0.017	0.19
322.7	NaN	1252	NaN	999	0	2	360	0	0	0	406	0	0	0	-0	0	-0	0	-0	-0.018	0.17
322.8	NaN	1252	NaN	999	0	2	360	0	0	0	406	0	0	0	-0	0	-0	0	-0	-0.019	0.181
322.9	NaN	1252	NaN	999	0	2	360	0	0	0	406	0	0	0	-0	0	-0	0	-0	-0.02	0.209
323	NaN	1252	NaN	999	0	2	360	0	0	0	406	0	0	0	-0	0	-0	0	-0	-0.024	0.171
323.1	NaN	1252	NaN	999	0	2	360	0	0	0	406	0	0	0	-0	0	-0	0	-0	-0.025	0.179
323.2	NaN	1252	NaN	999	0	2	360	0	0	0	406	0	0	0	-0	0	-0	0	-0	-0.019	0.19
323.3	NaN	1252	NaN	999	0	2	360	0	0	0	406	0	0	0	-0	0	-0	0	-0	-0.02	0.177
323.4	NaN	1252	NaN	999	0	2	360	0	0	0	406	0	0	0	-0	0	-0	0	-0	-0.024	0.187
323.5	NaN	1252	NaN	999	0	2	360	0	0	0	406	0	0	0	-0	0	-0	0	-0	-0.025	0.189
323.6	NaN	1252	NaN	999	0	2	360	0	0	0	406	0	0	0	-0	0	-0	0	-0	-0.024	0.191
323.7	NaN	1252	NaN	999	0	2	360	0	0	0	406	0	0	0	-0	0	-0	0	-0	-0.025	0.185
323.8	NaN	1252	NaN	999	0	2	360	0	0	0	406	0	0	0	-0	0	-0	0	-0	-0.02	0.194
323.9	NaN	1252	NaN	999	0	2	360	0	0	0	406	0	0	0	-0	0	-0	0	-0	-0.021	0.18
324	NaN	1252	NaN	999	0	2	360	0	0	0	406	0	0	0	-0	0	-0	0	-0	-0.023	0.189
324.1	NaN	1252	NaN	999	0	2	360	0	0	0	406	0	0	0	-0	0	-0	0	-0	-0.024	0.205
324.2	NaN	1252	NaN	999	0	2	360	0	0	0	406	0	0	0	-0	0	-0	0	-0	-0.021	0.157
324.3	NaN	1252	NaN	999	0	2	360	0	0	0	406	0	0	0	-0	0	-0	0	-0	-0.022	0.185
324.4	NaN	1252	NaN	999	0	2	360	0	0	0	406	0	0	0	-0	0	-0	0	-0	-0.021	0.188
324.5	NaN	1252	NaN	999	0	2	360	0	0	0	406	0	0	0	-0	0	-0	0	-0	-0.022	0.215
324.6	NaN	1252	NaN	999	0	2	360	0	0	0	406	0	0	0	-0	0	-0	0	-0	-0.021	0.118
324.7	NaN	1252	NaN	999	0	2	360	0	0	0	406	0	0	0	-0	0	-0	0	-0	-0.021	0.19
324.8	NaN	1252	NaN	999	0	2	360	0	0	0	406	0	0	0	-0	0	-0	0	-0	-0.027	0.119
324.9	NaN	1252	NaN	999	0	2	360	0	0	0	406	0	0	0	-0	0	-0	0	-0	-0.032	0.217
325	NaN	1252	NaN	999	0	2	360	0	0	0	406	0	0	0	-0	0	-0	0	-0	-0.026	0.245
325.1	NaN	1252	NaN	999	0	2	360	0	0	0	406	0	0	0	-0	0	-0	0	-0	-0.02	0.223
325.2	NaN	1252	NaN	999	0	2	360	0	0	0	406	0	0	0	-0	0	-0	0	-0	-0.024	0.236
325.3	NaN	1252	NaN	999	0	2	360	0	0	0	406	0	0	0	-0	0	-0	0	-0	-0.019	0.153
325.4	NaN	1252	NaN	999	0	2	360	0	0	0	406	0	0	0	-0	0	-0	0	-0	-0.019	0.228
325.5	NaN	1252	NaN	999	0	2	360	0	0	0	406	0	0	0	-0	0	-0	0	-0	-0.02	0.191
325.6	NaN	1252	NaN	999	0	2	360	0	0	0	406	0	0	0	-0	0	-0	0	-0	-0.015	0.153
325.7	NaN	1252	NaN	999	0	2	360	0	0	0	406	0	0	0	-0	0	-0	0	-0	-0.015	0.2
325.8	NaN	1252	NaN	999	0	2	360	0	0	0	406	0	0	0	-0	0	-0	0	-0	-0.016	0.186
325.9	NaN	1252	NaN	999	0	2	360	0	0	0	406	0	0	0	-0	0	-0	0	-0	-0.017	0.188
326	NaN	1252	NaN	999	0	2	360	0	0	0	406	0	0	0	-0	0	-0	0	-0	-0.016	0.16
326.1	NaN	1252	NaN	999	0	2	360	0	0	0	406	0	0	0	-0	0	-0	0	-0	-0.017	0.21
326.2	NaN	1252	NaN	999	0	2	360	0	0	0	406	0	0	0	-0	0	-0	0	-0	-0.016	0.155
326.3	NaN	1252	NaN	999	0	2	360	0	0	0	406	0	0	0	-0	0	-0	0	-0	-0.015	0.196
326.4	NaN	1252	NaN	999	0	2	360	0	0	0	406	0	0	0	-0	0	-0	0	-0	-0.014	0.197
326.5	NaN	1252	NaN	999	0	2	360	0	0	0	406	0	0	0	-0	0	-0	0	-0	-0.015	0.165
326.6	NaN	1252	NaN	999	0	2	360	0	0	0	406	0	0	0	-0	0	-0	0	-0	-0.014	0.191
326.7	NaN	1252	NaN	999	0	2	360	0	0	0	406	0	0	0	-0	0	-0	0	-0	-0.016	0.215
326.8	NaN	1252	NaN	999	0	2	360	0	0	0	406	0	0	0	-0	0	-0	0	-0	-0.016	0.147
326.9	NaN	1252	NaN	999	0	2	360	0	0	0	406	0	0	0	-0	0	-0	0	-0	-0.016	0.203
327	NaN	1252	NaN	999	0	2	360	0	0	0	406	0	0	0	-0	0	-0	0	-0	-0.014	0.211
327.1	NaN	1252	NaN	999	0	2	360	0	0	0	406	0	0	0	-0	0	-0	0	-0	-0.016	0.181
327.2	NaN	1252	NaN	999	0	2	360	0	0	0	406	0	0	0	-0	0	-0	0	-0	-0.015	0.118
327.3	NaN	1252	NaN	999	0	2	360	0	0	0	406	0	0	0	-0	0	-0	0	-0	-0.02	0.151
327.4	NaN	1252	NaN	999	0	2	360	0	0	0	406	0	0	0	-0	0	-0	0	-0	-0.02	0.202
327.5	NaN	1252	NaN	999	0	2	360	0	0	0	406	0	0	0	-0	0	-0	0	-0	-0.011	0.218
327.6	NaN	1252	NaN	999	0	2	360	0	0	0	406	0	0	0	-0	0	-0	0	-0	-0.01	0.231
327.7	NaN	1252	NaN	999	0	2	360	0	0	0	406	0	0	0	-0	0	-0	0	-0	-0.01	0.184
327.8	NaN	1252	NaN	999	0	2	360	0	0	0	406	0	0	0	-0	0	-0	0	-0	-0.008	0.186
327.9	NaN	1252	NaN	999	0	2	360	0	0	0	406	0	0	0	-0	0	-0	0	-0	-0.008	0.2
328	NaN	1252	NaN	999	0	2	360	0	0	0	406	0	0	0	-0	0	-0	0	-0	-0.008	0.2
328.1	NaN	1252	NaN	999	0	2	360	0	0	0	406	0	0	0	-0	0	-0	0	-0	-0.008	0.184
328.2	NaN	1252	NaN	999	0	2	360	0	0	0	406	0	0	0	-0	0	-0	0	-0	-0.007	0.181
328.3	NaN	1252	NaN	999	0	2	360	0	0	0	406	0	0	0	-0	0	-0	0	-0	-0.007	0.185
328.4	NaN	1252	NaN	999	0	2	360	0	0	0	406	0	0	0	-0	0	-0	0	-0	-0.008	0.192
328.5	NaN	1252	NaN	999	0	2	360	0	0	0	406	0	0	0	-0	0	-0	0	-0	-0.008	0.194
328.6	NaN	1252	NaN	999	0	0	360	0	0	0	0	0	0	0	-0	0	-0	0	-0	-0.004	0.203
328.7	NaN	1058	NaN	330	0	0	363	0	0	0	0	0	0	0	-0	0	-0	0	-0	-0.005	0.193
328.8	NaN	892	NaN	330	0	0	363	0	0	0	0	0	0	0	-0	0	-0	0	-0	-0.008	0.201
328.9	NaN	892	NaN	330	0	0	363	0	0	0	0	0	0	0	-0	0	-0	0	-0	-0.008	0.187
329	NaN	892	NaN	330	0	0	363	0	0	0	0	0	0	0	-0	0	-0	0	-0	-0.007	0.205
329.1	NaN	892	NaN	330	0	0	363	0	0	0	0	0	0	0	-0	0	-0	0	-0	-0.007	0.183
329.2	NaN	892	NaN	330	0	0	363	0	0	0	0	0	0	0	-0	0	-0	0	-0	-0.006	0.199
329.3	NaN	892	NaN	330	0	0	363	0	0	0	0	0	0	0	-0	0	-0	0	-0	-0.007	0.185
329.4	NaN	892	NaN	330	0	0	363	0	0	0	0	0	0	0	-0	0	-0	0	-0	-0.006	0.21
329.5	NaN	892	NaN	330	0	0	363	0	0	0	0	0	0	0	-0	0	-0	0	-0	-0.007	0.181
329.6	NaN	892	NaN	330	0	0	363	0	0	0	0	0	0	0	-0	0	-0	0	-0	-0.007	0.177
329.7	NaN	892	NaN	330	0	0	363	0	0	0	0	0	0	0	-0	0	-0	0	-0	-0.008	0.192
329.8	NaN	892	NaN	330	0	0	363	0	0	0	0	0	0	0	-0	0	-0	0	-0	-0.008	0.185
329.9	NaN	892	NaN	330	0	0	363	0	0	0	0	0	0	0	-0	0	-0	0	-0	-0.008	0.186
330	NaN	892	NaN	330	0	0	363	0	0	0	0	0	0	0	-0	0	-0	0	-0	-0.013	0.19
330.1	NaN	892	NaN	330	0	0	363	0	0	0	0	0	0	0	-0	0	-0	0	-0	-0.011	0.182
330.2	NaN	892	NaN	330	0	0	363	0	0	0	0	0	0	0	-0	0	-0	0	-0	-0.009	0.193
330.3	NaN	892	NaN	330	0	0	363	0	0	0	0	0	0	0	-0	0	-0	0	-0	-0.012	0.197
330.4	NaN	892	NaN	330	0	0	363	0	0	0	0	0	0	0	-0	0	-0	0	-0	-0.01	0.206
330.5	NaN	892	NaN	330	0	0	363	0	0	0	0	0	0	0	-0	0	-0	0	-0	-0.011	0.182
330.6	NaN	892	NaN	330	0	0	363	0	0	0	0	0	0	0	-0	0	-0	0	-0	-0.008	0.165
330.7	NaN	892	NaN	330	0	0	363	0	0	0	0	0	0	0	-0	0	-0	0	-0	-0.01	0.197
330.8	NaN	892	NaN	330	0	0	363	0	0	0	0	0	0	0	-0	0	-0	0	-0	-0.01	0.159
330.9	NaN	892	NaN	330	0	0	363	0	0	0	0	0	0	0	-0	0	-0	0	-0	-0.012	0.161
331	NaN	892	NaN	330	0	0	363	0	0	0	0	0	0	0	-0	0	-0	0	-0	-0.01	0.245
331.1	NaN	892	NaN	330	0	0	363	0	0	0	0	0	0	0	-0	0	-0	0	-0	-0.011	0.162
331.2	NaN	892	NaN	330	0	0	363	0	0	0	0	0	0	0	-0	0	-0	0	-0	-0.002	0.197
331.3	NaN	892	NaN	330	0	0	363	0	0	0	0	0	0	0	-0	0	-0	0	-0	-0.003	0.189
331.4	NaN	892	NaN	330	0	0	363	0	0	0	0	0	0	0	-0	0	-0	0	-0	-0.004	0.221
331.5	NaN	892	NaN	330	0	0	363	0	0	0	0	0	0	0	-0	0	-0	0	-0	-0.004	0.181
331.6	NaN	892	NaN	330	0	0	363	0	0	0	0	0	0	0	-0	0	-0	0	-0	-0.006	0.136
331.7	NaN	892	NaN	330	0	0	363	0	0	0	0	0	0	0	-0	0	-0	0	-0	-0.006	0.248
331.8	NaN	892	NaN	330	0	0	363	0	0	0	0	0	0	0	-0	0	-0	0	-0	-0.005	0.175
331.9	NaN	892	NaN	330	0	0	363	0	0	0	0	0	0	0	-0	0	-0	0	-0	-0.002	0.205
332	NaN	892	NaN	330	0	0	363	0	0	0	0	0	0	0	-0	0	-0	0	-0	-0.001	0.205
332.1	NaN	892	NaN	330	0	0	363	0	0	0	0	0	0	0	-0	0	-0	0	-0	-0.001	0.194
332.2	NaN	892	NaN	330	0	0	363	0	0	0	0	0	0	0	-0	0	-0	0	-0	-0.002	0.182
332.3	NaN	892	NaN	330	0	0	363	0	0	0	0	0	0	0	-0	0	0	0	-0	-0.002	0.213
332.4	NaN	892	NaN	330	0	0	363	0	0	0	0	-0	-616	-1	-671	-0	939	0	-0	-0.006	0.185
332.5	NaN	892	NaN	330	0	0	363	0	0	0	0	-0	-616	-1	-671	-0	939	0	-0	-0.007	0.204
332.6	NaN	892	NaN	330	0	0	363	0	0	0	0	-0	-616	-1	-671	-0	939	0	-0	-0.003	0.175
332.7	NaN	892	NaN	330	0	0	363	0	0	0	0	-0	-616	-1	-671	-0	939	0	-0	-0.003	0.2
332.8	NaN	892	NaN	330	0	0	363	0	0	0	0	-0	-616	-1	-671	-0	939	0	0	0.002	0.171
332.9	NaN	892	NaN	330	0	0	363	0	0	0	0	-0	-616	-1	-671	-0	939	-0	361	0.002	0.202
333	NaN	892	NaN	330	0	0	363	0	0	0	0	-0	-616	-1	-671	-0	939	-0	361	-0.005	0.2
333.1	NaN	892	NaN	330	0	0	363	0	0	0	0	-0	-616	-1	-671	-0	939	-0	361	-0.006	0.217
333.2	NaN	892	NaN	330	0	0	363	0	0	0	0	-0	-616	-1	-671	-0	939	-0	361	-0.004	0.191
333.3	NaN	892	NaN	330	0	0	363	0	0	0	0	-0	-616	-1	-671	-0	939	-0	361	-0.005	0.187
333.4	NaN	892	NaN	330	0	0	363	0	0	0	0	-0	-616	-1	-671	-0	939	-0	361	-0.005	0.192
333.5	NaN	892	NaN	330	0	0	363	0	0	0	0	-0	-616	-1	-671	-0	939	-0	361	-0.005	0.186
333.6	NaN	892	NaN	330	0	0	363	0	0	0	0	-0	-616	-1	-671	-0	939	-0	361	-0.006	0.195
333.7	NaN	892	NaN	330	0	0	363	0	0	0	0	-0	-616	-1	-671	-0	939	-0	361	-0.006	0.207
333.8	NaN	892	NaN	330	0	0	363	0	0	0	0	-0	-616	-1	-671	-0	939	-0	361	-0.005	0.189
333.9	NaN	892	NaN	330	0	0	363	0	0	0	0	-0	-616	-1	-671	-0	939	-0	361	-0.005	0.191
334	NaN	892	NaN	330	0	0	363	0	0	0	0	-0	-616	-1	-671	-0	939	-0	361	-0.007	0.19
334.1	NaN	892	NaN	330	0	0	363	0	0	0	0	-0	-616	-1	-671	-0	939	-0	361	-0.007	0.189
334.2	NaN	892	NaN	330	0	0	363	0	0	0	0	-0	-616	-1	-671	-0	939	-0	361	-0.009	0.18
334.3	NaN	892	NaN	330	0	0	363	0	0	0	0	-0	-616	-1	-671	-0	939	-0	361	-0.009	0.19
334.4	NaN	892	NaN	330	0	0	363	0	0	0	0	-0	-616	-1	-671	-0	939	-0	361	-0.007	0.166
334.5	NaN	892	NaN	330	0	0	363	0	0	0	0	-0	-616	-1	-671	-0	939	-0	361	-0.007	0.18
334.6	NaN	892	NaN	330	0	0	363	0	0	0	0	-0	-616	-1	-671	-0	939	-0	361	-0.011	0.188
334.7	NaN	892	NaN	330	0	0	363	0	0	0	0	-0	-616	-1	-671	-0	939	-0	361	-0.011	0.184
334.8	NaN	892	NaN	330	0	0	363	0	0	0	0	-0	-616	-1	-671	-0	939	-0	361	-0.006	0.184
334.9	NaN	892	NaN	330	0	0	363	0	0	0	0	-0	-616	-1	-671	-0	939	-0	361	-0.008	0.181
335	NaN	892	NaN	330	0	0	363	0	0	0	0	-0	-616	-1	-671	-0	939	-0	361	-0.009	0.181
335.1	NaN	892	NaN	330	0	0	363	0	0	0	0	-0	-616	-1	-671	-0	939	-0	361	-0.01	0.194
335.2	NaN	892	NaN	330	0	0	363	0	0	0	0	-0	-616	-1	-671	-0	939	-0	361	-0.007	0.196
335.3	NaN	892	NaN	330	0	0	363	0	0	0	0	-0	-616	-1	-671	-0	939	-0	361	-0.008	0.189
335.4	NaN	892	NaN	330	0	0	363	0	0	0	0	-0	-616	-1	-671	-0	939	-0	361	-0.01	0.182
335.5	NaN	892	NaN	330	0	0	363	0	0	0	0	-0	-616	-1	-671	-0	939	-0	361	-0.01	0.201
335.6	NaN	892	NaN	330	0	0	363	0	0	0	0	-0	-616	-1	-671	-0	939	-0	361	-0.009	0.195
335.7	NaN	892	NaN	330	0	0	363	0	0	0	0	-0	-616	-1	-671	-0	939	-0	361	-0.01	0.178
335.8	NaN	892	NaN	330	0	0	363	0	0	0	0	-0	-616	-1	-671	-0	939	-0	361	-0.01	0.194
335.9	NaN	892	NaN	330	0	0	363	0	0	0	0	-0	-616	-1	-671	-0	939	-0	361	-0.011	0.198
336	NaN	892	NaN	330	0	0	363	0	0	0	0	-0	-616	-1	-671	-0	939	-0	361	-0.009	0.196
336.1	NaN	892	NaN	330	0	0	363	0	0	0	0	-0	-616	-1	-671	-0	939	-0	361	-0.01	0.199
336.2	NaN	892	NaN	330	0	0	363	0	0	0	0	-0	-616	-1	-671	-0	939	-0	361	-0.005	0.15
336.3	NaN	892	NaN	330	0	0	363	0	0	0	0	-0	-616	-1	-671	-0	939	-0	361	-0.006	0.198
336.4	NaN	892	NaN	330	0	0	363	0	0	0	0	-0	-616	-1	-671	-0	939	-0	361	-0.005	0.222
336.5	NaN	892	NaN	330	0	0	363	0	0	0	0	-0	-616	-1	-671	-0	939	-0	361	-0.005	0.188
336.6	NaN	892	NaN	330	0	0	363	0	0	0	0	-0	-616	-1	-671	-0	939	-0	361	-0.007	0.169
336.7	NaN	892	NaN	330	0	0	363	0	0	0	0	-0	-616	-1	-671	-0	939	-0	361	-0.008	0.188
336.8	NaN	892	NaN	330	0	0	363	0	0	0	0	-0	-616	-1	-671	-0	939	-0	361	-0.008	0.177
336.9	NaN	892	NaN	330	0	0	363	0	0	0	0	-0	-616	-1	-671	-0	939	-0	361	-0.009	0.184
337	NaN	892	NaN	330	0	0	363	0	0	0	0	-0	-616	-1	-671	-0	939	-0	361	-0.01	0.19
337.1	NaN	892	NaN	330	0	0	363	0	0	0	0	-0	-616	-1	-671	-0	939	-0	361	-0.011	0.184
337.2	NaN	892	NaN	330	0	0	363	0	0	0	0	-0	-616	-1	-671	-0	939	-0	361	-0.009	0.182
337.3	NaN	892	NaN	330	0	0	363	0	0	0	0	-0	-616	-1	-671	-0	939	-0	361	-0.009	0.201
337.4	NaN	892	NaN	330	0	0	363	0	0	0	0	-0	-616	-1	-671	-0	939	-0	361	-0.006	0.186
337.5	NaN	892	NaN	330	0	0	363	0	0	0	0	-0	-616	-1	-671	-0	939	-0	361	-0.006	0.187
337.6	NaN	892	NaN	330	0	0	363	0	0	0	0	-0	-616	-1	-671	-0	939	-0	361	-0.011	0.184
337.7	NaN	892	NaN	330	0	0	363	0	0	0	0	-0	-616	-1	-671	-0	939	-0	361	-0.011	0.182
337.8	NaN	892	NaN	330	0	0	363	0	0	0	0	-0	-616	-1	-671	-0	939	-0	361	-0.004	0.205
337.9	NaN	892	NaN	330	0	0	363	0	0	0	0	-0	-616	-1	-671	-0	939	-0	361	-0.005	0.19
338	NaN	892	NaN	330	0	0	363	0	0	0	0	-0	-616	-1	-671	-0	939	-0	361	-0.003	0.198
338.1	NaN	892	NaN	330	0	0	363	0	0	0	0	-0	-616	-1	-671	-0	939	-0	361	-0.003	0.165
338.2	NaN	892	NaN	330	0	0	363	0	0	0	0	-0	-616	-1	-671	-0	939	-0	361	-0.005	0.217
338.3	NaN	892	NaN	330	0	0	363	0	0	0	0	-0	-616	-1	-671	-0	939	-0	361	-0.006	0.163
338.4	NaN	892	NaN	330	0	0	363	0	0	0	0	-0	-616	-1	-671	-0	939	-0	361	-0.003	0.208
338.5	NaN	892	NaN	330	0	0	363	0	0	0	0	-0	-616	-1	-671	-0	939	-0	361	-0.004	0.181
338.6	NaN	892	NaN	330	0	0	363	0	0	0	0	-0	-616	-1	-671	-0	939	-0	361	-0.006	0.158
338.7	NaN	892	NaN	330	0	0	363	0	0	0	0	-0	-616	-1	-671	-0	939	-0	361	-0.006	0.201
338.8	NaN	892	NaN	330	0	0	363	0	0	0	0	-0	-616	-1	-671	-0	939	-0	361	-0.005	0.199
338.9	NaN	892	NaN	330	0	0	363	0	0	0	0	-0	-616	-1	-671	-0	939	-0	361	-0.008	0.141
339	NaN	892	NaN	330	0	0	363	0	0	0	0	-0	-616	-1	-671	-0	939	-0	361	-0.01	0.175
339.1	NaN	892	NaN	330	0	0	363	0	0	0	0	-0	-616	-1	-671	-0	939	-0	361	-0.008	0.19
339.2	NaN	892	NaN	330	0	0	363	0	0	0	0	-0	-616	-1	-671	-0	939	-0	361	-0.012	0.192
339.3	NaN	892	NaN	330	0	0	363	0	0	0	0	-0	-616	-1	-671	-0	939	-0	361	-0.011	0.184
339.4	NaN	892	NaN	330	0	0	363	0	0	0	0	-0	-616	-1	-671	-0	939	-0	361	-0.011	0.189
339.5	NaN	892	NaN	330	0	0	363	0	0	0	0	-0	-616	-1	-671	-0	939	-0	361	-0.012	0.214
339.6	NaN	892	NaN	330	0	0	363	0	0	0	0	-0	-616	-1	-671	-0	939	-0	361	-0.007	0.172
339.7	NaN	892	NaN	330	0	0	363	0	0	0	0	-0	-616	-1	-671	-0	939	-0	361	-0.006	0.178
339.8	NaN	892	NaN	330	0	0	363	0	0	0	0	-0	-616	-1	-671	-0	939	-0	361	-0.027	0.196
339.9	NaN	892	NaN	330	0	0	363	0	0	0	0	-0	-616	-1	-671	-0	939	-0	361	-0.028	0.215
340	NaN	892	NaN	330	0	0	363	0	0	0	0	-0	-616	-1	-671	-0	939	-0	361	-0.029	0.183
340.1	NaN	892	NaN	330	0	0	363	0	0	0	0	-0	-616	-1	-671	-0	939	-0	361	-0.029	0.149
340.2	NaN	892	NaN	330	0	0	363	0	0	0	0	-0	-616	-1	-671	-0	939	-0	361	-0.027	0.184
340.3	NaN	892	NaN	330	0	0	363	0	0	0	0	-0	-616	-1	-671	-0	939	-0	361	-0.031	0.132
340.4	NaN	892	NaN	330	0	0	363	0	0	0	0	-0	-616	-1	-671	-0	939	-0	361	-0.029	0.251
340.5	NaN	892	NaN	330	0	0	363	0	0	0	0	-0	-616	-1	-671	-0	939	-0	361	-0.03	0.177
340.6	NaN	892	NaN	330	0	0	363	0	0	0	0	-0	-616	-1	-671	-0	939	-0	361	-0.03	0.17
340.7	NaN	892	NaN	330	0	0	363	0	0	0	0	-0	-616	-1	-671	-0	939	-0	361	-0.031	0.208
340.8	NaN	892	NaN	330	0	0	363	0	0	0	0	-0	-616	-1	-671	-0	939	-0	361	-0.028	0.197
340.9	NaN	892	NaN	330	0	0	363	0	0	0	0	-0	-616	-1	-671	-0	939	-0	361	-0.03	0.2
341	NaN	892	NaN	330	0	0	363	0	0	0	0	-0	-616	-1	-671	-0	939	-0	361	-0.027	0.197
341.1	NaN	892	NaN	330	0	0	363	0	0	0	0	-0	-616	-1	-671	-0	939	-0	361	-0.029	0.171
341.2	NaN	892	NaN	330	0	0	363	0	0	0	0	-0	-616	-1	-671	-0	939	-0	361	-0.025	0.225
341.3	NaN	892	NaN	330	0	0	363	0	0	0	0	-0	-616	-1	-671	-0	939	-0	361	-0.027	0.186
341.4	NaN	892	NaN	330	0	0	363	0	0	0	0	-0	-616	-1	-671	-0	939	-0	361	-0.038	0.162
341.5	NaN	892	NaN	330	0	0	363	0	0	0	0	-0	-616	-1	-671	-0	939	-0	361	-0.038	0.19
341.6	NaN	892	NaN	330	0	0	363	0	0	0	0	-0	-616	-1	-671	-0	939	-0	361	-0.032	0.168
341.7	NaN	892	NaN	330	0	0	363	0	0	0	0	-0	-616	-1	-671	-0	939	-0	361	-0.033	0.179
341.8	NaN	892	NaN	330	0	0	363	0	0	0	0	-0	-616	-1	-671	-0	939	-0	361	-0.028	0.207
341.9	NaN	892	NaN	330	0	0	363	0	0	0	0	-0	-616	-1	-671	-0	939	-0	361	-0.029	0.181
342	NaN	892	NaN	330	0	0	363	0	0	0	0	-0	-616	-1	-671	-0	939	-0	361	-0.025	0.205
342.1	NaN	892	NaN	330	0	0	363	0	0	0	0	-0	-616	-1	-671	-0	939	-0	361	-0.026	0.197
342.2	NaN	892	NaN	330	0	0	363	0	0	0	0	-0	-616	-1	-671	-0	939	-0	361	-0.024	0.151
342.3	NaN	892	NaN	330	0	0	363	0	0	0	0	-0	-616	-1	-671	-0	939	-0	361	-0.021	0.168
342.4	NaN	892	NaN	330	0	0	363	0	0	0	0	-0	-616	-1	-671	-0	939	-0	361	-0.021	0.229
342.5	NaN	892	NaN	330	0	0	363	0	0	0	0	-0	-616	-1	-671	-0	939	-0	361	-0.021	0.201
342.6	NaN	892	NaN	330	0	0	363	0	0	0	0	-0	-616	-1	-671	-0	939	-0	361	-0.022	0.192
342.7	NaN	892	NaN	330	0	0	363	0	0	0	0	-0	-616	-1	-671	-0	939	-0	361	-0.02	0.183
342.8	NaN	892	NaN	330	0	0	363	0	0	0	0	-0	-616	-1	-671	-0	939	-0	361	-0.019	0.207
342.9	NaN	892	NaN	330	0	0	363	0	0	0	0	-0	-616	-1	-671	-0	939	-0	361	-0.02	0.191
343	NaN	892	NaN	330	0	0	363	0	0	0	0	-0	-616	-1	-671	-0	939	-0	361	-0.023	0.174
343.1	NaN	892	NaN	330	0	0	363	0	0	0	0	-0	-616	-1	-671	-0	939	-0	361	-0.024	0.183
343.2	NaN	892	NaN	330	0	0	363	0	0	0	0	-0	-616	-1	-671	-0	939	-0	361	-0.022	0.187
343.3	NaN	892	NaN	330	0	0	363	0	0	0	0	-0	-616	-1	-671	-0	939	-0	361	-0.022	0.194
343.4	NaN	892	NaN	330	0	0	363	0	0	0	0	-0	-616	-1	-671	-0	939	-0	361	-0.024	0.201
343.5	NaN	892	NaN	330	0	0	363	0	0	0	0	-0	-616	-1	-671	-0	939	-0	361	-0.025	0.163
343.6	NaN	892	NaN	330	0	0	363	0	0	0	0	-0	-616	-1	-671	-0	939	-0	361	-0.027	0.194
343.7	NaN	892	NaN	330	0	0	363	0	0	0	0	-0	-616	-1	-671	-0	939	-0	361	-0.028	0.18
343.8	NaN	892	NaN	330	0	0	363	0	0	0	0	-0	-616	-1	-671	-0	939	-0	361	-0.031	0.167
343.9	NaN	892	NaN	330	0	0	363	0	0	0	0	-0	-616	-1	-671	-0	939	-0	361	-0.033	0.173
344	NaN	892	NaN	330	0	0	363	0	0	0	0	-0	-616	-1	-671	-0	939	-0	361	-0.022	0.194
344.1	NaN	892	NaN	330	0	0	363	0	0	0	0	-0	-616	-1	-671	-0	939	-0	361	-0.023	0.181
344.2	NaN	892	NaN	330	0	0	363	0	0	0	0	-0	-616	-1	-671	-0	939	-0	361	-0.026	0.198
344.3	NaN	892	NaN	330	0	0	363	0	0	0	0	-0	-616	-1	-671	-0	939	-0	361	-0.027	0.199
344.4	NaN	892	NaN	330	0	0	363	0	0	0	0	-0	-616	-1	-671	-0	939	-0	361	-0.028	0.177
344.5	NaN	892	NaN	330	0	0	363	0	0	0	0	-0	-616	-1	-671	-0	939	-0	361	-0.029	0.182
344.6	NaN	892	NaN	330	0	0	363	0	0	0	0	-0	-616	-1	-671	-0	939	-0	361	-0.028	0.186
344.7	NaN	892	NaN	330	0	0	363	0	0	0	0	-0	-616	-1	-671	-0	939	-0	361	-0.029	0.18
344.8	NaN	892	NaN	330	0	0	363	0	0	0	0	-0	-616	-1	-671	-0	939	-0	361	-0.022	0.189
344.9	NaN	892	NaN	330	0	0	363	0	0	0	0	-0	-616	-1	-671	-0	939	-0	361	-0.022	0.182
345	NaN	892	NaN	330	0	0	363	0	0	0	0	-0	-616	-1	-671	-0	939	-0	361	-0.022	0.192
345.1	NaN	892	NaN	330	0	0	363	0	0	0	0	-0	-616	-1	-671	-0	939	-0	361	-0.023	0.189
345.2	NaN	892	NaN	330	0	0	363	0	0	0	0	-0	-616	-1	-671	-0	939	-0	361	-0.026	0.191
345.3	NaN	892	NaN	330	0	0	363	0	0	0	0	-0	-616	-1	-671	-0	939	-0	361	-0.026	0.174
345.4	NaN	892	NaN	330	0	0	363	0	0	0	0	-0	-616	-1	-671	-0	939	-0	361	-0.021	0.188
345.5	NaN	892	NaN	330	0	0	363	0	0	0	0	-0	-616	-1	-671	-0	939	-0	361	-0.022	0.192
345.6	NaN	892	NaN	330	0	0	363	0	0	0	0	-0	-616	-1	-671	-0	939	-0	361	-0.019	0.186
345.7	NaN	892	NaN	330	0	0	363	0	0	0	0	-0	-616	-1	-671	-0	939	-0	361	-0.02	0.188
345.8	NaN	892	NaN	330	0	0	363	0	0	0	0	-0	-616	-1	-671	-0	939	-0	361	-0.013	0.192
345.9	NaN	892	NaN	330	0	0	363	0	0	0	0	-0	-616	-1	-671	-0	939	-0	361	-0.013	0.189
346	NaN	892	NaN	330	0	0	363	0	0	0	0	-0	-616	-1	-671	-0	939	-0	361	-0.01	0.195
346.1	NaN	892	NaN	330	0	0	363	0	0	0	0	-0	-616	-1	-671	-0	939	-0	361	-0.009	0.193
346.2	NaN	892	NaN	330	0	0	363	0	0	0	0	-0	-616	-1	-671	-0	939	-0	361	-0.01	0.192
346.3	NaN	892	NaN	330	0	0	363	0	0	0	0	-0	-616	-1	-671	-0	939	-0	361	-0.011	0.181
346.4	NaN	892	NaN	330	0	0	363	0	0	0	0	-0	-616	-1	-671	-0	939	-0	361	-0.008	0.186
346.5	NaN	892	NaN	330	0	0	363	0	0	0	0	-0	-616	-1	-671	-0	939	-0	361	-0.009	0.192
346.6	NaN	892	NaN	330	0	0	363	0	0	0	0	-0	-616	-1	-671	-0	939	-0	361	-0.007	0.197
346.7	NaN	892	NaN	330	0	0	363	0	0	0	0	-0	-616	-1	-671	-0	939	-0	361	-0.007	0.173
346.8	NaN	892	NaN	330	0	0	363	0	0	0	0	-0	-616	-1	-671	-0	939	-0	361	-0.011	0.185
346.9	NaN	892	NaN	330	0	0	363	0	0	0	0	-0	-616	-1	-671	-0	939	-0	361	-0.011	0.199
347	NaN	892	NaN	330	0	0	363	0	0	0	0	-0	-616	-1	-671	-0	939	-0	361	-0.012	0.196
347.1	NaN	892	NaN	330	0	0	363	0	0	0	0	-0	-616	-1	-671	-0	939	-0	361	-0.012	0.173
347.2	NaN	892	NaN	330	0	0	363	0	0	0	0	-0	-616	-1	-671	-0	939	-0	361	-0.012	0.195
347.3	NaN	892	NaN	330	0	0	363	0	0	0	0	-0	-616	-1	-671	-0	939	-0	361	-0.013	0.188
347.4	NaN	892	NaN	330	0	0	363	0	0	0	0	-0	-616	-1	-671	-0	939	-0	361	-0.017	0.192
347.5	NaN	892	NaN	330	0	0	363	0	0	0	0	-0	-616	-1	-671	-0	939	-0	361	-0.016	0.192
347.6	NaN	892	NaN	330	0	0	363	0	0	0	0	-0	-616	-1	-671	-0	939	-0	361	-0.014	0.187
347.7	NaN	892	NaN	330	0	0	363	0	0	0	0	-0	-616	-1	-671	-0	939	-0	361	-0.015	0.167
347.8	NaN	892	NaN	330	0	0	363	0	0	0	0	-0	-616	-1	-671	-0	939	-0	361	-0.013	0.19
347.9	NaN	892	NaN	330	0	0	363	0	0	0	0	-0	-616	-1	-671	-0	939	-0	361	-0.014	0.196
348	NaN	892	NaN	330	0	0	363	0	0	0	0	-0	-616	-1	-671	-0	939	-0	361	-0.016	0.175
348.1	NaN	892	NaN	330	0	0	363	0	0	0	0	-0	-616	-1	-671	-0	939	-0	361	-0.016	0.192
348.2	NaN	892	NaN	330	0	0	363	0	0	0	0	-0	-616	-1	-671	-0	939	-0	361	-0.015	0.192
348.3	NaN	892	NaN	330	0	0	363	0	0	0	0	-0	-616	-1	-671	-0	939	-0	361	-0.015	0.178
348.4	NaN	892	NaN	330	0	0	363	0	0	0	0	-0	-616	-1	-671	-0	939	-0	361	-0.014	0.191
348.5	NaN	892	NaN	330	0	0	363	0	0	0	0	-0	-616	-1	-671	-0	939	-0	361	-0.014	0.178
348.6	NaN	892	NaN	330	0	0	363	0	0	0	0	-0	-616	-1	-671	-0	939	-0	361	-0.014	0.193
348.7	NaN	892	NaN	330	0	0	363	0	0	0	0	-0	-616	-1	-671	-0	939	-0	361	-0.015	0.171
348.8	NaN	892	NaN	330	0	0	363	0	0	0	0	-0	-616	-1	-671	-0	939	-0	361	-0.015	0.187
348.9	NaN	892	NaN	330	0	0	363	0	0	0	0	-0	-616	-1	-671	-0	939	-0	361	-0.015	0.191
349	NaN	892	NaN	330	0	0	363	0	0	0	0	-0	-616	-1	-671	-0	939	-0	361	-0.012	0.183
349.1	NaN	892	NaN	330	0	0	363	0	0	0	0	-0	-616	-1	-671	-0	939	-0	361	-0.013	0.189
349.2	NaN	892	NaN	330	0	0	363	0	0	0	0	-0	-616	-1	-671	-0	939	-0	361	-0.014	0.163
349.3	NaN	892	NaN	330	0	0	363	0	0	0	0	-0	-616	-1	-671	-0	939	-0	361	-0.014	0.185
349.4	NaN	892	NaN	330	0	0	363	0	0	0	0	-0	-616	-1	-671	-0	939	-0	361	-0.014	0.186
349.5	NaN	892	NaN	330	0	0	363	0	0	0	0	-0	-616	-1	-671	-0	939	-0	361	-0.014	0.188
349.6	NaN	892	NaN	330	0	0	363	0	0	0	0	-0	-616	-1	-671	-0	939	-0	361	-0.015	0.192
349.7	NaN	892	NaN	330	0	0	363	0	0	0	0	-0	-616	-1	-671	-0	939	-0	361	-0.015	0.189
349.8	NaN	892	NaN	330	0	0	363	0	0	0	0	-0	-616	-1	-671	-0	939	-0	361	-0.015	0.193
349.9	NaN	892	NaN	330	0	0	363	0	0	0	0	-0	-616	-1	-671	-0	939	-0	361	-0.015	0.196
350	NaN	892	NaN	330	0	0	363	0	0	0	0	-0	-616	-1	-671	-0	939	-0	361	-0.017	0.179
350.1	NaN	892	NaN	330	0	0	363	0	0	0	0	-0	-616	-1	-671	-0	939	-0	361	-0.017	0.172
350.2	NaN	892	NaN	330	0	0	363	0	0	0	0	-0	-616	-1	-671	-0	939	-0	361	-0.019	0.183
350.3	NaN	892	NaN	330	0	0	363	0	0	0	0	-0	-616	-1	-671	-0	939	-0	361	-0.019	0.205
350.4	NaN	892	NaN	330	0	0	363	0	0	0	0	-0	-616	-1	-671	-0	939	-0	361	-0.019	0.211
350.5	NaN	892	NaN	330	0	0	363	0	0	0	0	-0	-616	-1	-671	-0	939	-0	361	-0.02	0.187
350.6	NaN	892	NaN	330	0	0	363	0	0	0	0	-0	-616	-1	-671	-0	939	-0	361	-0.02	0.196
350.7	NaN	892	NaN	330	0	0	363	0	0	0	0	-0	-616	-1	-671	-0	939	-0	361	-0.017	0.196
350.8	NaN	892	NaN	330	0	0	363	0	0	0	0	-0	-616	-1	-671	-0	939	-0	361	-0.015	0.197
350.9	NaN	892	NaN	330	0	0	363	0	0	0	0	-0	-616	-1	-671	-0	939	-0	361	-0.015	0.203
351	NaN	892	NaN	330	0	0	363	0	0	0	0	-0	-616	-1	-671	-0	939	-0	361	-0.016	0.184
351.1	NaN	892	NaN	330	0	0	363	0	0	0	0	-0	-616	-1	-671	-0	939	-0	361	-0.016	0.169
351.2	NaN	892	NaN	330	0	0	363	0	0	0	0	-0	-616	-1	-671	-0	939	-0	361	-0.016	0.167
351.3	NaN	892	NaN	330	0	0	363	0	0	0	0	-0	-616	-1	-671	-0	939	-0	361	-0.016	0.165
351.4	NaN	892	NaN	330	0	0	363	0	0	0	0	-0	-616	-1	-671	-0	939	-0	361	-0.016	0.174
351.5	NaN	892	NaN	330	0	0	363	0	0	0	0	-0	-616	-1	-671	-0	939	-0	361	-0.016	0.197
351.6	NaN	892	NaN	330	0	0	363	0	0	0	0	-0	-616	-1	-671	-0	939	-0	361	-0.015	0.192
351.7	NaN	892	NaN	330	0	0	363	0	0	0	0	-0	-616	-1	-671	-0	939	-0	361	-0.016	0.187
351.8	NaN	892	NaN	330	0	0	363	0	0	0	0	-0	-616	-1	-671	-0	939	-0	361	-0.016	0.192
351.9	NaN	892	NaN	330	0	0	363	0	0	0	0	-0	-616	-1	-671	-0	939	-0	361	-0.016	0.179
352	NaN	892	NaN	330	0	0	363	0	0	0	0	-0	-616	-1	-671	-0	939	-0	361	-0.016	0.182
352.1	NaN	892	NaN	330	0	0	363	0	0	0	0	-0	-616	-1	-671	-0	939	-0	361	-0.017	0.19
352.2	NaN	892	NaN	330	0	0	363	0	0	0	0	-0	-616	-1	-671	-0	939	-0	361	-0.016	0.188
352.3	NaN	892	NaN	330	0	0	363	0	0	0	0	-0	-616	-1	-671	-0	939	-0	361	-0.018	0.169
352.4	NaN	892	NaN	330	0	0	363	0	0	0	0	-0	-616	-1	-671	-0	939	-0	361	-0.019	0.197
352.5	NaN	892	NaN	330	0	0	363	0	0	0	0	-0	-616	-1	-671	-0	939	-0	361	-0.02	0.185
352.6	NaN	892	NaN	330	0	0	363	0	0	0	0	-0	-616	-1	-671	-0	939	-0	361	-0.013	0.192
352.7	NaN	892	NaN	330	0	0	363	0	0	0	0	-0	-616	-1	-671	-0	939	-0	361	-0.013	0.186
352.8	NaN	892	NaN	330	0	0	363	0	0	0	0	-0	-616	-1	-671	-0	939	-0	361	-0.011	0.192
352.9	NaN	892	NaN	330	0	0	363	0	0	0	0	-0	-616	-1	-671	-0	939	-0	361	-0.011	0.194
353	NaN	892	NaN	330	0	0	363	0	0	0	0	-0	-616	-1	-671	-0	939	-0	361	-0.01	0.193
353.1	NaN	892	NaN	330	0	0	363	0	0	0	0	-0	-616	-1	-671	-0	939	-0	361	-0.01	0.207
353.2	NaN	892	NaN	330	0	0	363	0	0	0	0	-0	-616	-1	-671	-0	939	-0	361	-0.011	0.174
353.3	NaN	892	NaN	330	0	0	363	0	0	0	0	-0	-616	-1	-671	-0	939	-0	361	-0.012	0.198
353.4	NaN	892	NaN	330	0	0	363	0	0	0	0	-0	-616	-1	-671	-0	939	-0	361	-0.012	0.198
353.5	NaN	892	NaN	330	0	0	363	0	0	0	0	-0	-616	-1	-671	-0	939	-0	361	-0.01	0.233
353.6	NaN	892	NaN	330	0	0	363	0	0	0	0	-0	-616	-1	-671	-0	939	-0	361	-0.009	0.158
353.7	NaN	892	NaN	330	0	0	363	0	0	0	0	-0	-616	-1	-671	-0	939	-0	361	-0.009	0.2
353.8	NaN	892	NaN	330	0	0	363	0	0	0	0	-0	-616	-1	-671	-0	939	-0	361	-0.009	0.2
353.9	NaN	892	NaN	330	0	0	363	0	0	0	0	-0	-616	-1	-671	-0	939	-0	361	-0.006	0.194
354	NaN	892	NaN	330	0	0	363	0	0	0	0	-0	-616	-1	-671	-0	939	-0	361	-0.005	0.202
354.1	NaN	892	NaN	330	0	0	363	0	0	0	0	-0	-616	-1	-671	-0	939	-0	361	-0.004	0.211
354.2	NaN	892	NaN	330	0	0	363	0	0	0	0	-0	-616	-1	-671	-0	939	-0	361	0	0.187
354.3	NaN	892	NaN	330	0	0	363	0	0	0	0	-0	-616	-1	-671	-0	939	-0	361	0.001	0.166
354.4	NaN	892	NaN	330	0	0	363	0	0	0	0	-0	-616	-1	-671	-0	939	-0	361	0.001	0.197
354.5	NaN	892	NaN	330	0	0	363	0	0	0	0	-0	-616	-1	-671	-0	939	-0	361	0.001	0.141
354.6	NaN	892	NaN	330	0	0	363	0	0	0	0	-0	-616	-1	-671	-0	939	-0	361	0.001	0.183
354.7	NaN	892	NaN	330	0	0	363	0	0	0	0	-0	-616	-1	-671	-0	939	-0	361	0.002	0.199
354.8	NaN	892	NaN	330	0	0	363	0	0	0	0	-0	-616	-1	-671	-0	939	-0	361	0.001	0.177
354.9	NaN	892	NaN	330	0	0	363	0	0	0	0	-0	-616	-1	-671	-0	939	-0	361	0.002	0.191
355	NaN	892	NaN	330	0	0	363	0	0	0	0	-0	-616	-1	-671	-0	939	-0	361	0.002	0.187
355.1	NaN	892	NaN	330	0	0	363	0	0	0	0	-0	-616	-1	-671	-0	939	-0	361	0.002	0.173
355.2	NaN	892	NaN	330	0	0	363	0	0	0	0	-0	-616	-1	-671	-0	939	-0	361	0.004	0.187
355.3	NaN	892	NaN	330	0	0	363	0	0	0	0	-0	-616	-1	-671	-0	939	-0	361	0.004	0.195
355.4	NaN	892	NaN	330	0	0	363	0	0	0	0	-0	-616	-1	-671	-0	939	-0	361	0.003	0.178
355.5	NaN	892	NaN	330	0	0	363	0	0	0	0	-0	-616	-1	-671	-0	939	-0	361	0.004	0.206
355.6	NaN	892	NaN	330	0	0	363	0	0	0	0	-0	-616	-1	-671	-0	939	-0	361	-0.001	0.182
355.7	NaN	892	NaN	330	0	0	363	0	0	0	0	-0	-616	-1	-671	-0	939	-0	361	-0.001	0.183
355.8	NaN	892	NaN	330	0	0	363	0	0	0	0	-0	-616	-1	-671	-0	939	-0	361	-0	0.197
355.9	NaN	892	NaN	330	0	0	363	0	0	0	0	-0	-616	-1	-671	-0	939	-0	361	-0.001	0.174
356	NaN	892	NaN	330	0	0	363	0	0	0	0	-0	-616	-1	-671	-0	939	-0	361	-0.002	0.188
356.1	NaN	892	NaN	330	0	0	363	0	0	0	0	-0	-616	-1	-671	-0	939	-0	361	-0.002	0.197
356.2	NaN	892	NaN	330	0	0	363	0	0	0	0	-0	-616	-1	-671	-0	939	-0	361	-0.002	0.179
356.3	NaN	892	NaN	330	0	0	363	0	0	0	0	-0	-616	-1	-671	-0	939	-0	361	-0.003	0.178
356.4	NaN	892	NaN	330	0	0	363	0	0	0	0	-0	-616	-1	-671	-0	939	-0	361	-0.004	0.184
356.5	NaN	892	NaN	330	0	0	363	0	0	0	0	-0	-616	-1	-671	-0	939	-0	361	-0.002	0.199
356.6	NaN	892	NaN	330	0	0	363	0	0	0	0	-0	-616	-1	-671	-0	939	-0	361	-0.002	0.186
356.7	NaN	892	NaN	330	0	0	363	0	0	0	0	-0	-616	-1	-671	-0	939	-0	361	-0.002	0.194
356.8	NaN	892	NaN	330	0	0	363	0	0	0	0	-0	-616	-1	-671	-0	939	-0	361	-0.003	0.209
356.9	NaN	892	NaN	330	0	0	363	0	0	0	0	-0	-616	-1	-671	-0	939	-0	361	-0.003	0.187
357	NaN	892	NaN	330	0	0	363	0	0	0	0	-0	-616	-1	-671	-0	939	-0	361	-0.003	0.195
357.1	NaN	892	NaN	330	0	0	363	0	0	0	0	-0	-616	-1	-671	-0	939	-0	361	-0.003	0.179
357.2	NaN	892	NaN	330	0	0	363	0	0	0	0	-0	-616	-1	-671	-0	939	-0	361	-0.002	0.2
357.3	NaN	892	NaN	330	0	0	363	0	0	0	0	-0	-616	-1	-671	-0	939	-0	361	-0.002	0.192
357.4	NaN	892	NaN	330	0	0	363	0	0	0	0	-0	-616	-1	-671	-0	939	-0	361	-0.001	0.192
357.5	NaN	892	NaN	330	0	0	363	0	0	0	0	-0	-616	-1	-671	-0	939	-0	361	-0.001	0.189
357.6	NaN	892	NaN	330	0	0	363	0	0	0	0	-0	-616	-1	-671	-0	939	-0	361	0.003	0.201
357.7	NaN	892	NaN	330	0	0	363	0	0	0	0	-0	-616	-1	-671	-0	939	-0	361	0.003	0.184
357.8	NaN	892	NaN	330	0	0	363	0	0	0	0	-0	-616	-1	-671	-0	939	-0	361	0.002	0.208
357.9	NaN	892	NaN	330	0	0	363	0	0	0	0	-0	-616	-1	-671	-0	939	-0	361	0.002	0.186
358	NaN	892	NaN	330	0	0	363	0	0	0	0	-0	-616	-1	-671	-0	939	-0	361	0.008	0.203
358.1	NaN	892	NaN	330	0	0	363	0	0	0	0	-0	-616	-1	-671	-0	939	-0	361	0.009	0.202
358.2	NaN	892	NaN	330	0	0	363	0	0	0	0	-0	-616	-1	-671	-0	939	-0	361	0.005	0.186
358.3	NaN	892	NaN	330	0	0	363	0	0	0	0	-0	-616	-1	-671	-0	939	-0	361	0.005	0.184
358.4	NaN	892	NaN	330	0	0	363	0	0	0	0	-0	-616	-1	-671	-0	939	-0	361	0.003	0.193
358.5	NaN	892	NaN	330	0	0	363	0	0	0	0	-0	-616	-1	-671	-0	939	-0	361	0.003	0.195
358.6	NaN	892	NaN	330	0	0	363	0	0	0	0	-0	-616	-1	-671	-0	939	-0	361	-0.005	0.175
358.7	NaN	892	NaN	330	0	0	363	0	0	0	0	-0	-616	-1	-671	-0	939	-0	361	-0.005	0.196
358.8	NaN	892	NaN	330	0	0	363	0	0	0	0	-0	-616	-1	-671	-0	939	-0	361	-0.006	0.191
358.9	NaN	892	NaN	330	0	0	363	0	0	0	0	-0	-616	-1	-671	-0	939	-0	361	-0.006	0.181
359	NaN	892	NaN	330	0	0	363	0	0	0	0	-0	-616	-1	-671	-0	939	-0	361	-0.005	0.201
359.1	NaN	892	NaN	330	0	0	363	0	0	0	0	-0	-616	-1	-671	-0	939	-0	361	-0.006	0.191
359.2	NaN	892	NaN	330	0	0	363	0	0	0	0	-0	-616	-1	-671	-0	939	-0	361	-0.011	0.196
359.3	NaN	892	NaN	330	0	0	363	0	0	0	0	-0	-616	-1	-671	-0	939	-0	361	-0.011	0.185
359.4	NaN	892	NaN	330	0	0	363	0	0	0	0	-0	-616	-1	-671	-0	939	-0	361	-0.004	0.187
359.5	NaN	892	NaN	330	0	0	363	0	0	0	0	-0	-616	-1	-671	-0	939	-0	361	-0.006	0.205
359.6	NaN	892	NaN	330	0	0	363	0	0	0	0	-0	-616	-1	-671	-0	939	-0	361	-0.007	0.197
359.7	NaN	892	NaN	330	0	0	363	0	0	0	0	-0	-616	-1	-671	-0	939	-0	361	-0.008	0.178
359.8	NaN	892	NaN	330	0	0	363	0	0	0	0	-0	-616	-1	-671	-0	939	-0	361	-0.009	0.193
359.9	NaN	892	NaN	330	0	0	363	0	0	0	0	-0	-616	-1	-671	-0	939	-0	361	-0.007	0.19
360	NaN	892	NaN	330	0	0	363	0	0	0	0	-0	-616	-1	-671	-0	939	-0	361	-0.005	0.181
360.1	NaN	892	NaN	330	0	0	363	0	0	0	0	-0	-616	-1	-671	-0	939	-0	361	-0.006	0.178
360.2	NaN	892	NaN	330	0	0	363	0	0	0	0	-0	-616	-1	-671	-0	939	-0	361	-0.004	0.181
360.3	NaN	892	NaN	330	0	0	363	0	0	0	0	-0	-616	-1	-671	-0	939	-0	361	-0.004	0.193
360.4	NaN	892	NaN	330	0	0	363	0	0	0	0	-0	-616	-1	-671	-0	939	-0	361	-0.006	0.185
360.5	NaN	892	NaN	330	0	0	363	0	0	0	0	-0	-616	-1	-671	-0	939	-0	361	-0.005	0.189
360.6	NaN	892	NaN	330	0	0	363	0	0	0	0	-0	-616	-1	-671	-0	939	-0	361	-0.004	0.193
360.7	NaN	892	NaN	330	0	0	363	0	0	0	0	-0	-616	-1	-671	-0	939	-0	361	-0.003	0.189
360.8	NaN	892	NaN	330	0	0	363	0	0	0	0	-0	-616	-1	-671	-0	939	-0	361	-0.002	0.198
360.9	NaN	892	NaN	330	0	0	363	0	0	0	0	-0	-616	-1	-671	-0	939	-0	361	-0.002	0.192
361	NaN	892	NaN	330	0	0	363	0	0	0	0	-0	-616	-1	-671	-0	939	-0	361	-0.002	0.181
361.1	NaN	892	NaN	330	0	0	363	0	0	0	0	-0	-616	-1	-671	-0	939	-0	361	-0.002	0.184
361.2	NaN	892	NaN	330	0	0	363	0	0	0	0	-0	-616	-1	-671	-0	939	-0	361	-0.003	0.199
361.3	NaN	892	NaN	330	0	0	363	0	0	0	0	-0	-616	-1	-671	-0	939	-0	361	-0.003	0.19
361.4	NaN	892	NaN	330	0	0	363	0	0	0	0	-0	-616	-1	-671	-0	939	-0	361	-0.002	0.188
361.5	NaN	892	NaN	330	0	0	363	0	0	0	0	-0	-616	-1	-671	-0	939	-0	361	-0.002	0.21
361.6	NaN	892	NaN	330	0	0	363	0	0	0	0	-0	-616	-1	-671	-0	939	-0	361	-0.002	0.192
361.7	NaN	892	NaN	330	0	0	363	0	0	0	0	-0	-616	-1	-671	-0	939	-0	361	-0.001	0.188
361.8	NaN	892	NaN	330	0	0	363	0	0	0	0	-0	-616	-1	-671	-0	939	-0	361	-0	0.179
361.9	NaN	892	NaN	330	0	0	363	0	0	0	0	-0	-616	-1	-671	-0	939	-0	361	-0.003	0.19
362	NaN	892	NaN	330	0	0	363	0	0	0	0	-0	-616	-1	-671	-0	939	-0	361	-0.002	0.206
362.1	NaN	892	NaN	330	0	0	363	0	0	0	0	-0	-616	-1	-671	-0	939	-0	361	-0.002	0.209
362.2	NaN	892	NaN	330	0	0	363	0	0	0	0	-0	-616	-1	-671	-0	939	-0	361	0.001	0.197
362.3	NaN	892	NaN	330	0	0	363	0	0	0	0	-0	-616	-1	-671	-0	939	-0	361	0	0.184
362.4	NaN	892	NaN	330	0	0	363	0	0	0	0	-0	-616	-1	-671	-0	939	-0	361	-0.001	0.193
362.5	NaN	892	NaN	330	0	0	363	0	0	0	0	-0	-616	-1	-671	-0	939	-0	361	-0.001	0.19
362.6	NaN	892	NaN	330	0	0	363	0	0	0	0	-0	-616	-1	-671	-0	939	-0	361	-0.001	0.187
362.7	NaN	892	NaN	330	0	0	363	0	0	0	0	-0	-616	-1	-671	-0	939	-0	361	0.001	0.182
362.8	NaN	892	NaN	330	0	0	363	0	0	0	0	-0	-616	-1	-671	-0	939	-0	361	0.002	0.199
362.9	NaN	892	NaN	330	0	0	363	0	0	0	0	-0	-616	-1	-671	-0	939	-0	361	0.003	0.183
363	NaN	892	NaN	330	0	0	363	0	0	0	0	-0	-616	-1	-671	-0	939	-0	361	0.002	0.175
363.1	NaN	892	NaN	330	0	0	363	0	0	0	0	-0	-616	-1	-671	-0	939	-0	361	0.002	0.174
363.2	NaN	892	NaN	330	0	0	363	0	0	0	0	-0	-616	-1	-671	-0	939	-0	361	0.003	0.181
363.3	NaN	892	NaN	330	0	0	363	0	0	0	0	-0	-616	-1	-671	-0	939	-0	361	-0.001	0.202
363.4	NaN	892	NaN	330	0	0	363	0	0	0	0	-0	-616	-1	-671	-0	939	-0	361	-0.006	0.171
363.5	NaN	892	NaN	330	0	0	363	0	0	0	0	-0	-616	-1	-671	-0	939	-0	361	-0.006	0.188
363.6	NaN	892	NaN	330	0	0	363	0	0	0	0	-0	-616	-1	-671	-0	939	-0	361	-0.007	0.181
363.7	NaN	892	NaN	330	0	0	363	0	0	0	0	-0	-616	-1	-671	-0	939	-0	361	-0.007	0.195
363.8	NaN	892	NaN	330	0	0	363	0	0	0	0	-0	-616	-1	-671	-0	939	-0	361	-0.006	0.207
363.9	NaN	892	NaN	330	0	0	363	0	0	0	0	-0	-616	-1	-671	-0	939	-0	361	-0.002	0.183
364	NaN	892	NaN	330	0	0	363	0	0	0	0	-0	-616	-1	-671	-0	939	-0	361	0.001	0.17
364.1	NaN	892	NaN	330	0	0	363	0	0	0	0	-0	-616	-1	-671	-0	939	-0	361	0.001	0.201
364.2	NaN	892	NaN	330	0	0	363	0	0	0	0	-0	-616	-1	-671	-0	939	-0	361	0	0.186
364.3	NaN	892	NaN	330	0	0	363	0	0	0	0	-0	-616	-1	-671	-0	939	-0	361	0.002	0.182
364.4	NaN	892	NaN	330	0	0	363	0	0	0	0	-0	-616	-1	-671	-0	939	-0	361	0.002	0.191
364.5	NaN	892	NaN	330	0	0	363	0	0	0	0	-0	-616	-1	-671	-0	939	-0	361	-0.001	0.194
364.6	NaN	892	NaN	330	0	0	363	0	0	0	0	-0	-616	-1	-671	-0	939	-0	361	-0.001	0.19
364.7	NaN	892	NaN	330	0	0	363	0	0	0	0	-0	-616	-1	-671	-0	939	-0	361	-0.006	0.196
364.8	NaN	892	NaN	330	0	0	363	0	0	0	0	-0	-616	-1	-671	-0	939	-0	361	-0.007	0.198
364.9	NaN	892	NaN	330	0	0	363	0	0	0	0	-0	-616	-1	-671	-0	939	-0	361	-0.007	0.195
365	NaN	892	NaN	330	0	0	363	0	0	0	0	-0	-616	-1	-671	-0	939	-0	361	-0.007	0.182
365.1	NaN	892	NaN	330	0	0	363	0	0	0	0	-0	-616	-1	-671	-0	939	-0	361	-0.008	0.193
365.2	NaN	892	NaN	330	0	0	363	0	0	0	0	-0	-616	-1	-671	-0	939	-0	361	-0.008	0.222
365.3	NaN	892	NaN	330	0	0	363	0	0	0	0	-0	-616	-1	-671	-0	939	-0	361	-0.009	0.194
365.4	NaN	892	NaN	330	0	0	363	0	0	0	0	-0	-616	-1	-671	-0	939	-0	361	-0.009	0.202
365.5	NaN	892	NaN	330	0	0	363	0	0	0	0	-0	-616	-1	-671	-0	939	-0	361	-0.011	0.19
365.6	NaN	892	NaN	330	0	0	363	0	0	0	0	-0	-616	-1	-671	-0	939	-0	361	-0.011	0.193
365.7	NaN	892	NaN	330	0	0	363	0	0	0	0	-0	-616	-1	-671	-0	939	-0	361	-0.011	0.202
365.8	NaN	892	NaN	330	0	0	363	0	0	0	0	-0	-616	-1	-671	-0	939	-0	361	-0.012	0.181
365.9	NaN	892	NaN	330	0	0	363	0	0	0	0	-0	-616	-1	-671	-0	939	-0	361	-0.012	0.196
366	NaN	892	NaN	330	0	0	363	0	0	0	0	-0	-616	-1	-671	-0	939	-0	361	-0.012	0.182
366.1	NaN	892	NaN	330	0	0	363	0	0	0	0	-0	-616	-1	-671	-0	939	-0	361	-0.012	0.192
366.2	NaN	892	NaN	330	0	0	363	0	0	0	0	-0	-616	-1	-671	-0	939	-0	361	-0.014	0.201
366.3	NaN	892	NaN	330	0	0	363	0	0	0	0	-0	-616	-1	-671	-0	939	-0	361	-0.014	0.178
366.4	NaN	892	NaN	330	0	0	363	0	0	0	0	-0	-616	-1	-671	-0	939	-0	361	-0.014	0.191
366.5	NaN	892	NaN	330	0	0	363	0	0	0	0	-0	-616	-1	-671	-0	939	-0	361	-0.014	0.189
366.6	NaN	892	NaN	330	0	0	363	0	0	0	0	-0	-616	-1	-671	-0	939	-0	361	-0.013	0.189
366.7	NaN	892	NaN	330	0	0	363	0	0	0	0	-0	-616	-1	-671	-0	939	-0	361	-0.012	0.178
366.8	NaN	892	NaN	330	0	0	363	0	0	0	0	-0	-616	-1	-671	-0	939	-0	361	-0.011	0.196
366.9	NaN	892	NaN	330	0	0	363	0	0	0	0	-0	-616	-1	-671	-0	939	-0	361	-0.012	0.178
367	NaN	892	NaN	330	0	0	363	0	0	0	0	-0	-616	-1	-671	-0	939	-0	361	-0.012	0.185
367.1	NaN	892	NaN	330	0	0	363	0	0	0	0	-0	-616	-1	-671	-0	939	-0	361	-0.011	0.171
367.2	NaN	892	NaN	330	0	0	363	0	0	0	0	-0	-616	-1	-671	-0	939	-0	361	-0.011	0.194
367.3	NaN	892	NaN	330	0	0	363	0	0	0	0	-0	-616	-1	-671	-0	939	-0	361	-0.011	0.187
367.4	NaN	892	NaN	330	0	0	363	0	0	0	0	-0	-616	-1	-671	-0	939	-0	361	-0.011	0.186
367.5	NaN	892	NaN	330	0	0	363	0	0	0	0	-0	-616	-1	-671	-0	939	-0	361	-0.013	0.194
367.6	NaN	892	NaN	330	0	0	363	0	0	0	0	-0	-616	-1	-671	-0	939	-0	361	-0.014	0.189
367.7	NaN	892	NaN	330	0	0	363	0	0	0	0	-0	-616	-1	-671	-0	939	-0	361	-0.007	0.188
367.8	NaN	892	NaN	330	0	0	363	0	0	0	0	-0	-616	-1	-671	-0	939	-0	361	-0.008	0.185
367.9	NaN	892	NaN	330	0	0	363	0	0	0	0	-0	-616	-1	-671	-0	939	-0	361	-0.012	0.196
368	NaN	892	NaN	330	0	0	363	0	0	0	0	-0	-616	-1	-671	-0	939	-0	361	-0.012	0.191
368.1	NaN	892	NaN	330	0	0	363	0	0	0	0	-0	-616	-1	-671	-0	939	-0	361	-0.012	0.195
368.2	NaN	892	NaN	330	0	0	363	0	0	0	0	-0	-616	-1	-671	-0	939	-0	361	-0.008	0.185
368.3	NaN	892	NaN	330	0	0	363	0	0	0	0	-0	-616	-1	-671	-0	939	-0	361	-0.01	0.198
368.4	NaN	892	NaN	330	0	0	363	0	0	0	0	-0	-616	-1	-671	-0	939	-0	361	-0.011	0.196
368.5	NaN	892	NaN	330	0	0	363	0	0	0	0	-0	-616	-1	-671	-0	939	-0	361	-0.014	0.183
368.6	NaN	892	NaN	330	0	0	363	0	0	0	0	-0	-616	-1	-671	-0	939	-0	361	-0.014	0.22
368.7	NaN	892	NaN	330	0	0	363	0	0	0	0	-0	-616	-1	-671	-0	939	-0	361	-0.014	0.186
368.8	NaN	892	NaN	330	0	0	363	0	0	0	0	-0	-616	-1	-671	-0	939	-0	361	-0.014	0.184
368.9	NaN	892	NaN	330	0	0	363	0	0	0	0	-0	-616	-1	-671	-0	939	-0	361	-0.017	0.168
369	NaN	892	NaN	330	0	0	363	0	0	0	0	-0	-616	-1	-671	-0	939	-0	361	-0.017	0.19
369.1	NaN	892	NaN	330	0	0	363	0	0	0	0	-0	-616	-1	-671	-0	939	-0	361	-0.017	0.202
369.2	NaN	892	NaN	330	0	0	363	0	0	0	0	-0	-616	-1	-671	-0	939	-0	361	-0.02	0.187
369.3	NaN	892	NaN	330	0	0	363	0	0	0	0	-0	-616	-1	-671	-0	939	-0	361	-0.02	0.218
369.4	NaN	892	NaN	330	0	0	363	0	0	0	0	-0	-616	-1	-671	-0	939	-0	361	-0.021	0.175
369.5	NaN	892	NaN	330	0	0	363	0	0	0	0	-0	-616	-1	-671	-0	939	-0	361	-0.022	0.174
369.6	NaN	892	NaN	330	0	0	363	0	0	0	0	-0	-616	-1	-671	-0	939	-0	361	-0.026	0.186
369.7	NaN	892	NaN	330	0	0	363	0	0	0	0	-0	-616	-1	-671	-0	939	-0	361	-0.016	0.21
369.8	NaN	892	NaN	330	0	0	363	0	0	0	0	-0	-616	-1	-671	-0	939	-0	361	-0.017	0.204
369.9	NaN	892	NaN	330	0	0	363	0	0	0	0	-0	-616	-1	-671	-0	939	-0	361	-0.036	0.17
370	NaN	892	NaN	330	0	0	363	0	0	0	0	-0	-616	-1	-671	-0	939	-0	361	-0.035	0.204
370.1	NaN	892	NaN	330	0	0	363	0	0	0	0	-0	-616	-1	-671	-0	939	-0	361	-0.036	0.201
370.2	NaN	892	NaN	330	0	0	363	0	0	0	0	-0	-616	-1	-671	-0	939	-0	361	-0.029	0.188
370.3	NaN	892	NaN	330	0	0	363	0	0	0	0	-0	-616	-1	-671	-0	939	-0	361	-0.029	0.183
370.4	NaN	892	NaN	330	0	0	363	0	0	0	0	-0	-616	-1	-671	-0	939	-0	361	-0.029	0.158
370.5	NaN	892	NaN	330	0	0	363	0	0	0	0	-0	-616	-1	-671	-0	939	-0	361	-0.03	0.182
370.6	NaN	892	NaN	330	0	0	363	0	0	0	0	-0	-616	-1	-671	-0	939	-0	361	-0.03	0.197
370.7	NaN	892	NaN	330	0	0	363	0	0	0	0	-0	-616	-1	-671	-0	939	-0	361	-0.027	0.193
370.8	NaN	892	NaN	330	0	0	363	0	0	0	0	-0	-616	-1	-671	-0	939	-0	361	-0.027	0.182
370.9	NaN	892	NaN	330	0	0	363	0	0	0	0	-0	-616	-1	-671	-0	939	-0	361	-0.021	0.202
371	NaN	892	NaN	330	0	0	363	0	0	0	0	-0	-616	-1	-671	-0	939	-0	361	-0.021	0.177
371.1	NaN	892	NaN	330	0	0	363	0	0	0	0	-0	-616	-1	-671	-0	939	-0	361	-0.021	0.191
371.2	NaN	892	NaN	330	0	0	363	0	0	0	0	-0	-616	-1	-671	-0	939	-0	361	-0.02	0.196
371.3	NaN	892	NaN	330	0	0	363	0	0	0	0	-0	-616	-1	-671	-0	939	-0	361	-0.018	0.175
371.4	NaN	892	NaN	330	0	0	363	0	0	0	0	-0	-616	-1	-671	-0	939	-0	361	-0.019	0.181
371.5	NaN	892	NaN	330	0	0	363	0	0	0	0	-0	-616	-1	-671	-0	939	-0	361	-0.016	0.205
371.6	NaN	892	NaN	330	0	0	363	0	0	0	0	-0	-616	-1	-671	-0	939	-0	361	-0.016	0.191
371.7	NaN	892	NaN	330	0	0	363	0	0	0	0	-0	-616	-1	-671	-0	939	-0	361	-0.016	0.178
371.8	NaN	892	NaN	330	0	0	363	0	0	0	0	-0	-616	-1	-671	-0	939	-0	361	-0.016	0.188
371.9	NaN	892	NaN	330	0	0	363	0	0	0	0	-0	-616	-1	-671	-0	939	-0	361	-0.02	0.182
372	NaN	892	NaN	330	0	0	363	0	0	0	0	-0	-616	-1	-671	-0	939	-0	361	-0.02	0.179
372.1	NaN	892	NaN	330	0	0	363	0	0	0	0	-0	-616	-1	-671	-0	939	-0	361	-0.021	0.187
372.2	NaN	892	NaN	330	0	0	363	0	0	0	0	-0	-616	-1	-671	-0	939	-0	361	-0.019	0.196
372.3	NaN	892	NaN	330	0	0	363	0	0	0	0	-0	-616	-1	-671	-0	939	-0	361	-0.019	0.181
372.4	NaN	892	NaN	330	0	0	363	0	0	0	0	-0	-616	-1	-671	-0	939	-0	361	-0.019	0.184
372.5	NaN	892	NaN	330	0	0	363	0	0	0	0	-0	-616	-1	-671	-0	939	-0	361	-0.023	0.179
372.6	NaN	892	NaN	330	0	0	363	0	0	0	0	-0	-616	-1	-671	-0	939	-0	361	-0.023	0.204
372.7	NaN	892	NaN	330	0	0	363	0	0	0	0	-0	-616	-1	-671	-0	939	-0	361	-0.02	0.201
372.8	NaN	892	NaN	330	0	0	363	0	0	0	0	-0	-616	-1	-671	-0	939	-0	361	-0.02	0.207
372.9	NaN	892	NaN	330	0	0	363	0	0	0	0	-0	-616	-1	-671	-0	939	-0	361	-0.018	0.198
373	NaN	892	NaN	330	0	0	363	0	0	0	0	-0	-616	-1	-671	-0	939	-0	361	-0.018	0.191
373.1	NaN	892	NaN	330	0	0	363	0	0	0	0	-0	-616	-1	-671	-0	939	-0	361	-0.018	0.185
373.2	NaN	892	NaN	330	0	0	363	0	0	0	0	-0	-616	-1	-671	-0	939	-0	361	-0.018	0.186
373.3	NaN	892	NaN	330	0	0	363	0	0	0	0	-0	-616	-1	-671	-0	939	-0	361	-0.017	0.181
373.4	NaN	892	NaN	330	0	0	363	0	0	0	0	-0	-616	-1	-671	-0	939	-0	361	-0.018	0.156
373.5	NaN	892	NaN	330	0	0	363	0	0	0	0	-0	-616	-1	-671	-0	939	-0	361	-0.021	0.19
373.6	NaN	892	NaN	330	0	0	363	0	0	0	0	-0	-616	-1	-671	-0	939	-0	361	-0.021	0.174
373.7	NaN	892	NaN	330	0	0	363	0	0	0	0	-0	-616	-1	-671	-0	939	-0	361	-0.019	0.192
373.8	NaN	892	NaN	330	0	0	363	0	0	0	0	-0	-616	-1	-671	-0	939	-0	361	-0.02	0.196
373.9	NaN	892	NaN	330	0	0	363	0	0	0	0	-0	-616	-1	-671	-0	939	-0	361	-0.021	0.195
374	NaN	892	NaN	330	0	0	363	0	0	0	0	-0	-616	-1	-671	-0	939	-0	361	-0.021	0.181
374.1	NaN	892	NaN	330	0	0	363	0	0	0	0	-0	-616	-1	-671	-0	939	-0	361	-0.021	0.182
374.2	NaN	892	NaN	330	0	0	363	0	0	0	0	-0	-616	-1	-671	-0	939	-0	361	-0.019	0.173
374.3	NaN	892	NaN	330	0	0	363	0	0	0	0	-0	-616	-1	-671	-0	939	-0	361	-0.022	0.186
374.4	NaN	892	NaN	330	0	0	363	0	0	0	0	-0	-616	-1	-671	-0	939	-0	361	-0.022	0.181
374.5	NaN	892	NaN	330	0	0	363	0	0	0	0	-0	-616	-1	-671	-0	939	-0	361	-0.019	0.177
374.6	NaN	892	NaN	330	0	0	363	0	0	0	0	-0	-616	-1	-671	-0	939	-0	361	-0.019	0.189
374.7	NaN	892	NaN	330	0	0	363	0	0	0	0	-0	-616	-1	-671	-0	939	-0	361	-0.018	0.193
374.8	NaN	892	NaN	330	0	0	363	0	0	0	0	-0	-616	-1	-671	-0	939	-0	361	-0.019	0.184
374.9	NaN	892	NaN	330	0	0	363	0	0	0	0	-0	-616	-1	-671	-0	939	-0	361	-0.017	0.2
375	NaN	892	NaN	330	0	0	363	0	0	0	0	-0	-616	-1	-671	-0	939	-0	361	-0.017	0.186
375.1	NaN	892	NaN	330	0	0	363	0	0	0	0	-0	-616	-1	-671	-0	939	-0	361	-0.017	0.189
375.2	NaN	892	NaN	330	0	0	363	0	0	0	0	-0	-616	-1	-671	-0	939	-0	361	-0.016	0.196
375.3	NaN	892	NaN	330	0	0	363	0	0	0	0	-0	-616	-1	-671	-0	939	-0	361	-0.015	0.178
375.4	NaN	892	NaN	330	0	0	363	0	0	0	0	-0	-616	-1	-671	-0	939	-0	361	-0.015	0.178
375.5	NaN	892	NaN	330	0	0	363	0	0	0	0	-0	-616	-1	-671	-0	939	-0	361	-0.017	0.183
375.6	NaN	892	NaN	330	0	0	363	0	0	0	0	-0	-616	-1	-671	-0	939	-0	361	-0.017	0.19
375.7	NaN	892	NaN	330	0	0	363	0	0	0	0	-0	-616	-1	-671	-0	939	-0	361	-0.02	0.169
375.8	NaN	892	NaN	330	0	0	363	0	0	0	0	-0	-616	-1	-671	-0	939	-0	361	-0.02	0.198
375.9	NaN	892	NaN	330	0	0	363	0	0	0	0	-0	-616	-1	-671	-0	939	-0	361	-0.018	0.174
376	NaN	892	NaN	330	0	0	363	0	0	0	0	-0	-616	-1	-671	-0	939	-0	361	-0.018	0.181
376.1	NaN	892	NaN	330	0	0	363	0	0	0	0	-0	-616	-1	-671	-0	939	-0	361	-0.018	0.18
376.2	NaN	892	NaN	330	0	0	363	0	0	0	0	-0	-616	-1	-671	-0	939	-0	361	-0.017	0.213
376.3	NaN	892	NaN	330	0	0	363	0	0	0	0	-0	-616	-1	-671	-0	939	-0	361	-0.015	0.196
376.4	NaN	892	NaN	330	0	0	363	0	0	0	0	-0	-616	-1	-671	-0	939	-0	361	-0.015	0.192
376.5	NaN	892	NaN	330	0	0	363	0	0	0	0	-0	-616	-1	-671	-0	939	-0	361	-0.017	0.192
376.6	NaN	892	NaN	330	0	0	363	0	0	0	0	-0	-616	-1	-671	-0	939	-0	361	-0.017	0.187
376.7	NaN	892	NaN	330	0	0	363	0	0	0	0	-0	-616	-1	-671	-0	939	-0	361	-0.017	0.196
376.8	NaN	892	NaN	330	0	0	363	0	0	0	0	-0	-616	-1	-671	-0	939	-0	361	-0.017	0.173
376.9	NaN	892	NaN	330	0	0	363	0	0	0	0	-0	-616	-1	-671	-0	939	-0	361	-0.016	0.193
377	NaN	892	NaN	330	0	0	363	0	0	0	0	-0	-616	-1	-671	-0	939	-0	361	-0.016	0.18
377.1	NaN	892	NaN	330	0	0	363	0	0	0	0	-0	-616	-1	-671	-0	939	-0	361	-0.016	0.183
377.2	NaN	892	NaN	330	0	0	363	0	0	0	0	-0	-616	-1	-671	-0	939	-0	361	-0.016	0.183
377.3	NaN	892	NaN	330	0	0	363	0	0	0	0	-0	-616	-1	-671	-0	939	-0	361	-0.015	0.193
377.4	NaN	892	NaN	330	0	0	363	0	0	0	0	-0	-616	-1	-671	-0	939	-0	361	-0.015	0.174
377.5	NaN	892	NaN	330	0	0	363	0	0	0	0	-0	-616	-1	-671	-0	939	-0	361	-0.015	0.198
377.6	NaN	892	NaN	330	0	0	363	0	0	0	0	-0	-616	-1	-671	-0	939	-0	361	-0.015	0.18
377.7	NaN	892	NaN	330	0	0	363	0	0	0	0	-0	-616	-1	-671	-0	939	-0	361	-0.013	0.179
377.8	NaN	892	NaN	330	0	0	363	0	0	0	0	-0	-616	-1	-671	-0	939	-0	361	-0.013	0.185
377.9	NaN	892	NaN	330	0	0	363	0	0	0	0	-0	-616	-1	-671	-0	939	-0	361	-0.013	0.184
378	NaN	892	NaN	330	0	0	363	0	0	0	0	-0	-616	-1	-671	-0	939	-0	361	-0.013	0.185
378.1	NaN	892	NaN	330	0	0	363	0	0	0	0	-0	-616	-1	-671	-0	939	-0	361	-0.012	0.192
378.2	NaN	892	NaN	330	0	0	363	0	0	0	0	-0	-616	-1	-671	-0	939	-0	361	-0.012	0.194
378.3	NaN	892	NaN	330	0	0	363	0	0	0	0	-0	-616	-1	-671	-0	939	-0	361	-0.008	0.171
378.4	NaN	892	NaN	330	0	0	363	0	0	0	0	-0	-616	-1	-671	-0	939	-0	361	-0.008	0.179
378.5	NaN	892	NaN	330	0	0	363	0	0	0	0	-0	-616	-1	-671	-0	939	-0	361	-0.007	0.182
378.6	NaN	892	NaN	330	0	0	363	0	0	0	0	-0	-616	-1	-671	-0	939	-0	361	-0.006	0.202
378.7	NaN	892	NaN	330	0	0	363	0	0	0	0	-0	-616	-1	-671	-0	939	-0	361	-0.005	0.161
378.8	NaN	892	NaN	330	0	0	363	0	0	0	0	-0	-616	-1	-671	-0	939	-0	361	-0.005	0.19
378.9	NaN	892	NaN	330	0	0	363	0	0	0	0	-0	-616	-1	-671	-0	939	-0	361	-0.006	0.201
379	NaN	892	NaN	330	0	0	363	0	0	0	0	-0	-616	-1	-671	-0	939	-0	361	-0.005	0.186
379.1	NaN	892	NaN	330	0	0	363	0	0	0	0	-0	-616	-1	-671	-0	939	-0	361	-0.006	0.199
379.2	NaN	892	NaN	330	0	0	363	0	0	0	0	-0	-616	-1	-671	-0	939	-0	361	-0.008	0.148
379.3	NaN	892	NaN	330	0	0	363	0	0	0	0	-0	-616	-1	-671	-0	939	-0	361	-0.008	0.192
379.4	NaN	892	NaN	330	0	0	363	0	0	0	0	-0	-616	-1	-671	-0	939	-0	361	-0.006	0.19
379.5	NaN	892	NaN	330	0	0	363	0	0	0	0	-0	-616	-1	-671	-0	939	-0	361	-0.005	0.191
379.6	NaN	892	NaN	330	0	0	363	0	0	0	0	-0	-616	-1	-671	-0	939	-0	361	-0.005	0.185
379.7	NaN	892	NaN	330	0	0	363	0	0	0	0	-0	-616	-1	-671	-0	939	-0	361	-0.002	0.198
379.8	NaN	892	NaN	330	0	0	363	0	0	0	0	-0	-616	-1	-671	-0	939	-0	361	-0.004	0.178
379.9	NaN	892	NaN	330	0	0	363	0	0	0	0	-0	-616	-1	-671	-0	939	-0	361	0.001	0.233
380	NaN	892	NaN	330	0	0	363	0	0	0	0	-0	-616	-1	-671	-0	939	-0	361	0.001	0.158
380.1	NaN	892	NaN	330	0	0	363	0	0	0	0	-0	-616	-1	-671	-0	939	-0	361	0.001	0.168
380.2	NaN	892	NaN	330	0	0	363	0	0	0	0	-0	-616	-1	-671	-0	939	-0	361	0.003	0.223
380.3	NaN	892	NaN	330	0	0	363	0	0	0	0	-0	-616	-1	-671	-0	939	-0	361	0.009	0.203
380.4	NaN	892	NaN	330	0	0	363	0	0	0	0	-0	-616	-1	-671	-0	939	-0	361	0.009	0.194
380.5	NaN	892	NaN	330	0	0	363	0	0	0	0	-0	-616	-1	-671	-0	939	-0	361	0.007	0.194
380.6	NaN	892	NaN	330	0	0	363	0	0	0	0	-0	-616	-1	-671	-0	939	-0	361	0.007	0.161
380.7	NaN	892	NaN	330	0	0	363	0	0	0	0	-0	-616	-1	-671	-0	939	-0	361	0.003	0.21
380.8	NaN	892	NaN	330	0	0	363	0	0	0	0	-0	-616	-1	-671	-0	939	-0	361	0.002	0.178
380.9	NaN	892	NaN	330	0	0	363	0	0	0	0	-0	-616	-1	-671	-0	939	-0	361	0.003	0.201
381	NaN	892	NaN	330	0	0	363	0	0	0	0	-0	-616	-1	-671	-0	939	-0	361	0.004	0.181
381.1	NaN	892	NaN	330	0	0	363	0	0	0	0	-0	-616	-1	-671	-0	939	-0	361	0.005	0.179
381.2	NaN	892	NaN	330	0	0	363	0	0	0	0	-0	-616	-1	-671	-0	939	-0	361	0.005	0.204
381.3	NaN	892	NaN	330	0	0	363	0	0	0	0	-0	-616	-1	-671	-0	939	-0	361	0.004	0.184
381.4	NaN	892	NaN	330	0	0	363	0	0	0	0	-0	-616	-1	-671	-0	939	-0	361	0.004	0.183
381.5	NaN	892	NaN	330	0	0	363	0	0	0	0	-0	-616	-1	-671	-0	939	-0	361	0.005	0.183
381.6	NaN	892	NaN	330	0	0	363	0	0	0	0	-0	-616	-1	-671	-0	939	-0	361	0.005	0.174
381.7	NaN	892	NaN	330	0	0	363	0	0	0	0	-0	-616	-1	-671	-0	939	-0	361	0.005	0.188
381.8	NaN	892	NaN	330	0	0	363	0	0	0	0	-0	-616	-1	-671	-0	939	-0	361	0.005	0.194
381.9	NaN	892	NaN	330	0	0	363	0	0	0	0	-0	-616	-1	-671	-0	939	-0	361	0.005	0.179
382	NaN	892	NaN	330	0	0	363	0	0	0	0	-0	-616	-1	-671	-0	939	-0	361	0.006	0.184
382.1	NaN	892	NaN	330	0	0	363	0	0	0	0	-0	-616	-1	-671	-0	939	-0	361	0.005	0.182
382.2	NaN	892	NaN	330	0	0	363	0	0	0	0	-0	-616	-1	-671	-0	939	-0	361	0.007	0.18
382.3	NaN	892	NaN	330	0	0	363	0	0	0	0	-0	-616	-1	-671	-0	939	-0	361	0.006	0.197
382.4	NaN	892	NaN	330	0	0	363	0	0	0	0	-0	-616	-1	-671	-0	939	-0	361	0.006	0.198
382.5	NaN	892	NaN	330	0	0	363	0	0	0	0	-0	-616	-1	-671	-0	939	-0	361	0.01	0.178
382.6	NaN	892	NaN	330	0	0	363	0	0	0	0	-0	-616	-1	-671	-0	939	-0	361	0.009	0.171
382.7	NaN	892	NaN	330	0	0	363	0	0	0	0	-0	-616	-1	-671	-0	939	-0	361	0.008	0.175
382.8	NaN	892	NaN	330	0	0	363	0	0	0	0	-0	-616	-1	-671	-0	939	-0	361	0.007	0.204
382.9	NaN	892	NaN	330	0	0	363	0	0	0	0	-0	-616	-1	-671	-0	939	-0	361	0.007	0.169
383	NaN	892	NaN	330	0	0	363	0	0	0	0	-0	-616	-1	-671	-0	939	-0	361	0.007	0.194
383.1	NaN	892	NaN	330	0	0	363	0	0	0	0	-0	-616	-1	-671	-0	939	-0	361	0.007	0.183
383.2	NaN	892	NaN	330	0	0	363	0	0	0	0	-0	-616	-1	-671	-0	939	-0	361	0.008	0.17
383.3	NaN	892	NaN	330	0	0	363	0	0	0	0	-0	-616	-1	-671	-0	939	-0	361	0.002	0.19
383.4	NaN	892	NaN	330	0	0	363	0	0	0	0	-0	-616	-1	-671	-0	939	-0	361	0.003	0.174
383.5	NaN	892	NaN	330	0	0	363	0	0	0	0	-0	-616	-1	-671	-0	939	-0	361	0.006	0.193
383.6	NaN	892	NaN	330	0	0	363	0	0	0	0	-0	-616	-1	-671	-0	939	-0	361	0.006	0.179
383.7	NaN	892	NaN	330	0	0	363	0	0	0	0	-0	-616	-1	-671	-0	939	-0	361	0.001	0.187
383.8	NaN	892	NaN	330	0	0	363	0	0	0	0	-0	-616	-1	-671	-0	939	-0	361	0.002	0.202
383.9	NaN	892	NaN	330	0	0	363	0	0	0	0	-0	-616	-1	-671	-0	939	-0	361	0.003	0.187
384	NaN	892	NaN	330	0	0	363	0	0	0	0	-0	-616	-1	-671	-0	939	-0	361	0.004	0.196
384.1	NaN	892	NaN	330	0	0	363	0	0	0	0	-0	-616	-1	-671	-0	939	-0	361	0.004	0.178
384.2	NaN	892	NaN	330	0	0	363	0	0	0	0	-0	-616	-1	-671	-0	939	-0	361	0.006	0.179
384.3	NaN	892	NaN	330	0	0	363	0	0	0	0	-0	-616	-1	-671	-0	939	-0	361	0.005	0.178
384.4	NaN	892	NaN	330	0	0	363	0	0	0	0	-0	-616	-1	-671	-0	939	-0	361	0.006	0.196
384.5	NaN	892	NaN	330	0	0	363	0	0	0	0	-0	-616	-1	-671	-0	939	-0	361	0.005	0.19
384.6	NaN	892	NaN	330	0	0	363	0	0	0	0	-0	-616	-1	-671	-0	939	-0	361	0.006	0.177
384.7	NaN	892	NaN	330	0	0	363	0	0	0	0	-0	-616	-1	-671	-0	939	-0	361	0.007	0.183
384.8	NaN	892	NaN	330	0	0	363	0	0	0	0	-0	-616	-1	-671	-0	939	-0	361	0.007	0.177
384.9	NaN	892	NaN	330	0	0	363	0	0	0	0	-0	-616	-1	-671	-0	939	-0	361	0.005	0.184
385	NaN	892	NaN	330	0	0	363	0	0	0	0	-0	-616	-1	-671	-0	939	-0	361	0.006	0.174
385.1	NaN	892	NaN	330	0	0	363	0	0	0	0	-0	-616	-1	-671	-0	939	-0	361	0.008	0.178
385.2	NaN	892	NaN	330	0	0	363	0	0	0	0	-0	-616	-1	-671	-0	939	-0	361	0.009	0.192
385.3	NaN	892	NaN	330	0	0	363	0	0	0	0	-0	-616	-1	-671	-0	939	-0	361	0.003	0.183
385.4	NaN	892	NaN	330	0	0	363	0	0	0	0	-0	-616	-1	-671	-0	939	-0	361	0.003	0.199
385.5	NaN	892	NaN	330	0	0	363	0	0	0	0	-0	-616	-1	-671	-0	939	-0	361	0.008	0.184
385.6	NaN	892	NaN	330	0	0	363	0	0	0	0	-0	-616	-1	-671	-0	939	-0	361	0.01	0.203
385.7	NaN	892	NaN	330	0	0	363	0	0	0	0	-0	-616	-1	-671	-0	939	-0	361	0.012	0.196
385.8	NaN	892	NaN	330	0	0	363	0	0	0	0	-0	-616	-1	-671	-0	939	-0	361	0.013	0.194
385.9	NaN	892	NaN	330	0	0	363	0	0	0	0	-0	-616	-1	-671	-0	939	-0	361	0.014	0.199
386	NaN	892	NaN	330	0	0	363	0	0	0	0	-0	-616	-1	-671	-0	939	-0	361	0.014	0.2
386.1	NaN	892	NaN	330	0	0	363	0	0	0	0	-0	-616	-1	-671	-0	939	-0	361	0.015	0.177
386.2	NaN	892	NaN	330	0	0	363	0	0	0	0	-0	-616	-1	-671	-0	939	-0	361	0.015	0.187
386.3	NaN	892	NaN	330	0	0	363	0	0	0	0	-0	-616	-1	-671	-0	939	-0	361	0.016	0.186
386.4	NaN	892	NaN	330	0	0	363	0	0	0	0	-0	-616	-1	-671	-0	939	-0	361	0.016	0.183
386.5	NaN	892	NaN	330	0	0	363	0	0	0	0	-0	-616	-1	-671	-0	939	-0	361	0.016	0.186
386.6	NaN	892	NaN	330	0	0	363	0	0	0	0	-0	-616	-1	-671	-0	939	-0	361	0.016	0.187
386.7	NaN	892	NaN	330	0	0	363	0	0	0	0	-0	-616	-1	-671	-0	939	-0	361	0.013	0.191
386.8	NaN	892	NaN	330	0	0	363	0	0	0	0	-0	-616	-1	-671	-0	939	-0	361	0.014	0.187
386.9	NaN	892	NaN	330	0	0	363	0	0	0	0	-0	-616	-1	-671	-0	939	-0	361	0.017	0.187
387	NaN	892	NaN	330	0	0	363	0	0	0	0	-0	-616	-1	-671	-0	939	-0	361	0.017	0.194
387.1	NaN	892	NaN	330	0	0	363	0	0	0	0	-0	-616	-1	-671	-0	939	-0	361	0.019	0.198
387.2	NaN	892	NaN	330	0	0	363	0	0	0	0	-0	-616	-1	-671	-0	939	-0	361	0.02	0.207
387.3	NaN	892	NaN	330	0	0	363	0	0	0	0	-0	-616	-1	-671	-0	939	-0	361	0.019	0.186
387.4	NaN	892	NaN	330	0	0	363	0	0	0	0	-0	-616	-1	-671	-0	939	-0	361	0.019	0.189
387.5	NaN	892	NaN	330	0	0	363	0	0	0	0	-0	-616	-1	-671	-0	939	-0	361	0.018	0.193
387.6	NaN	892	NaN	330	0	0	363	0	0	0	0	-0	-616	-1	-671	-0	939	-0	361	0.018	0.183
387.7	NaN	892	NaN	330	0	0	363	0	0	0	0	-0	-616	-1	-671	-0	939	-0	361	0.019	0.181
387.8	NaN	892	NaN	330	0	0	363	0	0	0	0	-0	-616	-1	-671	-0	939	-0	361	0.02	0.19
387.9	NaN	892	NaN	330	0	0	363	0	0	0	0	-0	-616	-1	-671	-0	939	-0	361	0.015	0.189
388	NaN	892	NaN	330	0	0	363	0	0	0	0	-0	-616	-1	-671	-0	939	-0	361	0.015	0.178
388.1	NaN	892	NaN	330	0	0	363	0	0	0	0	-0	-616	-1	-671	-0	939	-0	361	0.011	0.198
388.2	NaN	892	NaN	330	0	0	363	0	0	0	0	-0	-616	-1	-671	-0	939	-0	361	0.008	0.174
388.3	NaN	892	NaN	330	0	0	363	0	0	0	0	-0	-616	-1	-671	-0	939	-0	361	0.009	0.193
388.4	NaN	892	NaN	330	0	0	363	0	0	0	0	-0	-616	-1	-671	-0	939	-0	361	0.009	0.17
388.5	NaN	892	NaN	330	0	0	363	0	0	0	0	-0	-616	-1	-671	-0	939	-0	361	0.006	0.182
388.6	NaN	892	NaN	330	0	0	363	0	0	0	0	-0	-616	-1	-671	-0	939	-0	361	0.007	0.192
388.7	NaN	892	NaN	330	0	0	363	0	0	0	0	-0	-616	-1	-671	-0	939	-0	361	0.001	0.186
388.8	NaN	892	NaN	330	0	0	363	0	0	0	0	-0	-616	-1	-671	-0	939	-0	361	0.002	0.211
388.9	NaN	892	NaN	330	0	0	363	0	0	0	0	-0	-616	-1	-671	-0	939	-0	361	0.004	0.194
389	NaN	892	NaN	330	0	0	363	0	0	0	0	-0	-616	-1	-671	-0	939	-0	361	0.005	0.185
389.1	NaN	892	NaN	330	0	0	363	0	0	0	0	-0	-616	-1	-671	-0	939	-0	361	0.004	0.182
389.2	NaN	892	NaN	330	0	0	363	0	0	0	0	-0	-616	-1	-671	-0	939	-0	361	0.004	0.18
389.3	NaN	892	NaN	330	0	0	363	0	0	0	0	-0	-616	-1	-671	-0	939	-0	361	0.004	0.184
389.4	NaN	892	NaN	330	0	0	363	0	0	0	0	-0	-616	-1	-671	-0	939	-0	361	0.003	0.187
389.5	NaN	892	NaN	330	0	0	363	0	0	0	0	-0	-616	-1	-671	-0	939	-0	361	0.005	0.186
389.6	NaN	892	NaN	330	0	0	363	0	0	0	0	-0	-616	-1	-671	-0	939	-0	361	0.005	0.186
389.7	NaN	892	NaN	330	0	0	363	0	0	0	0	-0	-616	-1	-671	-0	939	-0	361	0.007	0.19
389.8	NaN	892	NaN	330	0	0	363	0	0	0	0	-0	-616	-1	-671	-0	939	-0	361	0.007	0.199
389.9	NaN	892	NaN	330	0	0	363	0	0	0	0	-0	-616	-1	-671	-0	939	-0	361	0.008	0.176
390	NaN	892	NaN	330	0	0	363	0	0	0	0	-0	-616	-1	-671	-0	939	-0	361	0.009	0.19
390.1	NaN	892	NaN	330	0	0	363	0	0	0	0	-0	-616	-1	-671	-0	939	-0	361	0.01	0.188
390.2	NaN	892	NaN	330	0	0	363	0	0	0	0	-0	-616	-1	-671	-0	939	-0	361	0.011	0.198
390.3	NaN	892	NaN	330	0	0	363	0	0	0	0	-0	-616	-1	-671	-0	939	-0	361	0.01	0.178
390.4	NaN	892	NaN	330	0	0	363	0	0	0	0	-0	-616	-1	-671	-0	939	-0	361	0.01	0.186
390.5	NaN	892	NaN	330	0	0	363	0	0	0	0	-0	-616	-1	-671	-0	939	-0	361	0.009	0.186
390.6	NaN	892	NaN	330	0	0	363	0	0	0	0	-0	-616	-1	-671	-0	939	-0	361	0.009	0.185
390.7	NaN	892	NaN	330	0	0	363	0	0	0	0	-0	-616	-1	-671	-0	939	-0	361	0.004	0.193
390.8	NaN	892	NaN	330	0	0	363	0	0	0	0	-0	-616	-1	-671	-0	939	-0	361	0.005	0.203
390.9	NaN	892	NaN	330	0	0	363	0	0	0	0	-0	-616	-1	-671	-0	939	-0	361	0.005	0.192
391	NaN	892	NaN	330	0	0	363	0	0	0	0	-0	-616	-1	-671	-0	939	-0	361	0.005	0.176
391.1	NaN	892	NaN	330	0	0	363	0	0	0	0	-0	-616	-1	-671	-0	939	-0	361	0.003	0.189
391.2	NaN	892	NaN	330	0	0	363	0	0	0	0	-0	-616	-1	-671	-0	939	-0	361	0.003	0.178
391.3	NaN	892	NaN	330	0	0	363	0	0	0	0	-0	-616	-1	-671	-0	939	-0	361	0.003	0.19
391.4	NaN	892	NaN	330	0	0	363	0	0	0	0	-0	-616	-1	-671	-0	939	-0	361	0.004	0.189
391.5	NaN	892	NaN	330	0	0	363	0	0	0	0	-0	-616	-1	-671	-0	939	-0	361	0.003	0.185
391.6	NaN	892	NaN	330	0	0	363	0	0	0	0	-0	-616	-1	-671	-0	939	-0	361	0.003	0.175
391.7	NaN	892	NaN	330	0	0	363	0	0	0	0	-0	-616	-1	-671	-0	939	-0	361	0.005	0.173
391.8	NaN	892	NaN	330	0	0	363	0	0	0	0	-0	-616	-1	-671	-0	939	-0	361	0.005	0.197
391.9	NaN	892	NaN	330	0	0	363	0	0	0	0	-0	-616	-1	-671	-0	939	-0	361	0.002	0.182
392	NaN	892	NaN	330	0	0	363	0	0	0	0	-0	-616	-1	-671	-0	939	-0	361	0.002	0.191
392.1	NaN	892	NaN	330	0	0	363	0	0	0	0	-0	-616	-1	-671	-0	939	-0	361	0.002	0.2
392.2	NaN	892	NaN	330	0	0	363	0	0	0	0	-0	-616	-1	-671	-0	939	-0	361	0.003	0.202
392.3	NaN	892	NaN	330	0	0	363	0	0	0	0	-0	-616	-1	-671	-0	939	-0	361	0.003	0.2
392.4	NaN	892	NaN	330	0	0	363	0	0	0	0	-0	-616	-1	-671	-0	939	-0	361	0.003	0.202
392.5	NaN	892	NaN	330	0	0	363	0	0	0	0	-0	-616	-1	-671	-0	939	-0	361	0.001	0.182
392.6	NaN	892	NaN	330	0	0	363	0	0	0	0	-0	-616	-1	-671	-0	939	-0	361	0.001	0.182
392.7	NaN	892	NaN	330	0	0	363	0	0	0	0	-0	-616	-1	-671	-0	939	-0	361	0.005	0.185
392.8	NaN	892	NaN	330	0	0	363	0	0	0	0	-0	-616	-1	-671	-0	939	-0	361	0.006	0.187
392.9	NaN	892	NaN	330	0	0	363	0	0	0	0	-0	-616	-1	-671	-0	939	-0	361	0.004	0.19
393	NaN	892	NaN	330	0	0	363	0	0	0	0	-0	-616	-1	-671	-0	939	-0	361	0.004	0.186
393.1	NaN	892	NaN	330	0	0	363	0	0	0	0	-0	-616	-1	-671	-0	939	-0	361	0.005	0.185
393.2	NaN	892	NaN	330	0	0	363	0	0	0	0	-0	-616	-1	-671	-0	939	-0	361	0.006	0.202
393.3	NaN	892	NaN	330	0	0	363	0	0	0	0	-0	-616	-1	-671	-0	939	-0	361	0.006	0.187
393.4	NaN	892	NaN	330	0	0	363	0	0	0	0	-0	-616	-1	-671	-0	939	-0	361	0.006	0.196
393.5	NaN	892	NaN	330	0	0	363	0	0	0	0	-0	-616	-1	-671	-0	939	-0	361	0.008	0.177
393.6	NaN	892	NaN	330	0	0	363	0	0	0	0	-0	-616	-1	-671	-0	939	-0	361	0.007	0.184
393.7	NaN	892	NaN	330	0	0	363	0	0	0	0	-0	-616	-1	-671	-0	939	-0	361	0.009	0.187
393.8	NaN	892	NaN	330	0	0	363	0	0	0	0	-0	-616	-1	-671	-0	939	-0	361	0.009	0.186
393.9	NaN	892	NaN	330	0	0	363	0	0	0	0	-0	-616	-1	-671	-0	939	-0	361	0.006	0.188
394	NaN	892	NaN	330	0	0	363	0	0	0	0	-0	-616	-1	-671	-0	939	-0	361	0.006	0.174
394.1	NaN	892	NaN	330	0	0	363	0	0	0	0	-0	-616	-1	-671	-0	939	-0	361	0.007	0.167
394.2	NaN	892	NaN	330	0	0	363	0	0	0	0	-0	-616	-1	-671	-0	939	-0	361	0.008	0.181
394.3	NaN	892	NaN	330	0	0	363	0	0	0	0	-0	-616	-1	-671	-0	939	-0	361	0.008	0.188
394.4	NaN	892	NaN	330	0	0	363	0	0	0	0	-0	-616	-1	-671	-0	939	-0	361	0.008	0.191
394.5	NaN	892	NaN	330	0	0	363	0	0	0	0	-0	-616	-1	-671	-0	939	-0	361	0.005	0.174
394.6	NaN	892	NaN	330	0	0	363	0	0	0	0	-0	-616	-1	-671	-0	939	-0	361	0.005	0.199
394.7	NaN	892	NaN	330	0	0	363	0	0	0	0	-0	-616	-1	-671	-0	939	-0	361	0.005	0.201
394.8	NaN	892	NaN	330	0	0	363	0	0	0	0	-0	-616	-1	-671	-0	939	-0	361	0.005	0.189
394.9	NaN	892	NaN	330	0	0	363	0	0	0	0	-0	-616	-1	-671	-0	939	-0	361	0.003	0.2
395	NaN	892	NaN	330	0	0	363	0	0	0	0	-0	-616	-1	-671	-0	939	-0	361	0.003	0.196
395.1	NaN	892	NaN	330	0	0	363	0	0	0	0	-0	-616	-1	-671	-0	939	-0	361	0.001	0.165
395.2	NaN	892	NaN	330	0	0	363	0	0	0	0	-0	-616	-1	-671	-0	939	-0	361	0.001	0.19
395.3	NaN	892	NaN	330	0	0	363	0	0	0	0	-0	-616	-1	-671	-0	939	-0	361	0.002	0.185
395.4	NaN	892	NaN	330	0	0	363	0	0	0	0	-0	-616	-1	-671	-0	939	-0	361	0.002	0.19
395.5	NaN	892	NaN	330	0	0	363	0	0	0	0	-0	-616	-1	-671	-0	939	-0	361	0.003	0.177
395.6	NaN	892	NaN	330	0	0	363	0	0	0	0	-0	-616	-1	-671	-0	939	-0	361	0.003	0.194
395.7	NaN	892	NaN	330	0	0	363	0	0	0	0	-0	-616	-1	-671	-0	939	-0	361	0	0.174
395.8	NaN	892	NaN	330	0	0	363	0	0	0	0	-0	-616	-1	-671	-0	939	-0	361	0	0.188
395.9	NaN	892	NaN	330	0	0	363	0	0	0	0	-0	-616	-1	-671	-0	939	-0	361	0.001	0.18
396	NaN	892	NaN	330	0	0	363	0	0	0	0	-0	-616	-1	-671	-0	939	-0	361	0	0.199
396.1	NaN	892	NaN	330	0	0	363	0	0	0	0	-0	-616	-1	-671	-0	939	-0	361	0.002	0.184
396.2	NaN	892	NaN	330	0	0	363	0	0	0	0	-0	-616	-1	-671	-0	939	-0	361	0.001	0.195
396.3	NaN	892	NaN	330	0	0	363	0	0	0	0	-0	-616	-1	-671	-0	939	-0	361	0.002	0.187
396.4	NaN	892	NaN	330	0	0	363	0	0	0	0	-0	-616	-1	-671	-0	939	-0	361	0.002	0.191
396.5	NaN	892	NaN	330	0	0	363	0	0	0	0	-0	-616	-1	-671	-0	939	-0	361	0.001	0.187
396.6	NaN	892	NaN	330	0	0	363	0	0	0	0	-0	-616	-1	-671	-0	939	-0	361	0	0.179
396.7	NaN	892	NaN	330	0	0	363	0	0	0	0	-0	-616	-1	-671	-0	939	-0	361	-0	0.199
396.8	NaN	892	NaN	330	0	0	363	0	0	0	0	-0	-616	-1	-671	-0	939	-0	361	-0	0.189
396.9	NaN	892	NaN	330	0	0	363	0	0	0	0	-0	-616	-1	-671	-0	939	-0	361	-0.005	0.179
397	NaN	892	NaN	330	0	0	363	0	0	0	0	-0	-616	-1	-671	-0	939	-0	361	-0.005	0.197
397.1	NaN	892	NaN	330	0	0	363	0	0	0	0	-0	-616	-1	-671	-0	939	-0	361	-0.006	0.169
397.2	NaN	892	NaN	330	0	0	363	0	0	0	0	-0	-616	-1	-671	-0	939	-0	361	-0.006	0.188
397.3	NaN	892	NaN	330	0	0	363	0	0	0	0	-0	-616	-1	-671	-0	939	-0	361	-0.005	0.186
397.4	NaN	892	NaN	330	0	0	363	0	0	0	0	-0	-616	-1	-671	-0	939	-0	361	-0.005	0.187
397.5	NaN	892	NaN	330	0	0	363	0	0	0	0	-0	-616	-1	-671	-0	939	-0	361	-0.005	0.196
397.6	NaN	892	NaN	330	0	0	363	0	0	0	0	-0	-616	-1	-671	-0	939	-0	361	-0.005	0.176
397.7	NaN	892	NaN	330	0	0	363	0	0	0	0	-0	-616	-1	-671	-0	939	-0	361	-0.006	0.195
397.8	NaN	892	NaN	330	0	0	363	0	0	0	0	-0	-616	-1	-671	-0	939	-0	361	-0.006	0.199
397.9	NaN	892	NaN	330	0	0	363	0	0	0	0	-0	-616	-1	-671	-0	939	-0	361	-0.007	0.201
398	NaN	892	NaN	330	0	0	363	0	0	0	0	-0	-616	-1	-671	-0	939	-0	361	-0.007	0.175
398.1	NaN	892	NaN	330	0	0	363	0	0	0	0	-0	-616	-1	-671	-0	939	-0	361	-0.007	0.186
398.2	NaN	892	NaN	330	0	0	363	0	0	0	0	-0	-616	-1	-671	-0	939	-0	361	-0.007	0.194
398.3	NaN	892	NaN	330	0	0	363	0	0	0	0	-0	-616	-1	-671	-0	939	-0	361	-0.004	0.192
398.4	NaN	892	NaN	330	0	0	363	0	0	0	0	-0	-616	-1	-671	-0	939	-0	361	-0.004	0.198
398.5	NaN	892	NaN	330	0	0	363	0	0	0	0	-0	-616	-1	-671	-0	939	-0	361	-0.002	0.183
398.6	NaN	892	NaN	330	0	0	363	0	0	0	0	-0	-616	-1	-671	-0	939	-0	361	-0.003	0.189
398.7	NaN	892	NaN	330	0	0	363	0	0	0	0	-0	-616	-1	-671	-0	939	-0	361	-0.003	0.192
398.8	NaN	892	NaN	330	0	0	363	0	0	0	0	-0	-616	-1	-671	-0	939	-0	361	-0.003	0.208
398.9	NaN	892	NaN	330	0	0	363	0	0	0	0	-0	-616	-1	-671	-0	939	-0	361	-0.007	0.181
399	NaN	892	NaN	330	0	0	363	0	0	0	0	-0	-616	-1	-671	-0	939	-0	361	-0.008	0.188
399.1	NaN	892	NaN	330	0	0	363	0	0	0	0	-0	-616	-1	-671	-0	939	-0	361	-0.003	0.183
399.2	NaN	892	NaN	330	0	0	363	0	0	0	0	-0	-616	-1	-671	-0	939	-0	361	-0.003	0.18
399.3	NaN	892	NaN	330	0	0	363	0	0	0	0	-0	-616	-1	-671	-0	939	-0	361	-0.005	0.193
399.4	NaN	892	NaN	330	0	0	363	0	0	0	0	-0	-616	-1	-671	-0	939	-0	361	-0.005	0.181
399.5	NaN	892	NaN	330	0	0	363	0	0	0	0	-0	-616	-1	-671	-0	939	-0	361	-0.006	0.195
399.6	NaN	892	NaN	330	0	0	363	0	0	0	0	-0	-616	-1	-671	-0	939	-0	361	-0.006	0.196
399.7	NaN	892	NaN	330	0	0	363	0	0	0	0	-0	-616	-1	-671	-0	939	-0	361	-0.005	0.192
399.8	NaN	892	NaN	330	0	0	363	0	0	0	0	-0	-616	-1	-671	-0	939	-0	361	-0.005	0.176
399.9	NaN	892	NaN	330	0	0	363	0	0	0	0	-0	-616	-1	-671	-0	939	-0	361	-0.004	0.186
400	NaN	892	NaN	330	0	0	363	0	0	0	0	-0	-616	-1	-671	-0	939	-0	361	-0.004	0.205
400.1	NaN	892	NaN	330	0	0	363	0	0	0	0	-0	-616	-1	-671	-0	939	-0	361	-0.005	0.18
400.2	NaN	892	NaN	330	0	0	363	0	0	0	0	-0	-616	-1	-671	-0	939	-0	361	-0.005	0.195
400.3	NaN	892	NaN	330	0	0	363	0	0	0	0	-0	-616	-1	-671	-0	939	-0	361	-0.003	0.185
400.4	NaN	892	NaN	330	0	0	363	0	0	0	0	-0	-616	-1	-671	-0	939	-0	361	-0.003	0.191
400.5	NaN	892	NaN	330	0	0	363	0	0	0	0	-0	-616	-1	-671	-0	939	-0	361	-0.003	0.171
400.6	NaN	892	NaN	330	0	0	363	0	0	0	0	-0	-616	-1	-671	-0	939	-0	361	-0.003	0.183
400.7	NaN	892	NaN	330	0	0	363	0	0	0	0	-0	-616	-1	-671	-0	939	-0	361	-0.004	0.205
400.8	NaN	892	NaN	330	0	0	363	0	0	0	0	-0	-616	-1	-671	-0	939	-0	361	-0.004	0.195
400.9	NaN	892	NaN	330	0	0	363	0	0	0	0	-0	-616	-1	-671	-0	939	-0	361	-0.001	0.183
401	NaN	892	NaN	330	0	0	363	0	0	0	0	-0	-616	-1	-671	-0	939	-0	361	-0.002	0.184
401.1	NaN	892	NaN	330	0	0	363	0	0	0	0	-0	-616	-1	-671	-0	939	-0	361	-0.001	0.182
401.2	NaN	892	NaN	330	0	0	363	0	0	0	0	-0	-616	-1	-671	-0	939	-0	361	-0.001	0.172
401.3	NaN	892	NaN	330	0	0	363	0	0	0	0	-0	-616	-1	-671	-0	939	-0	361	-0	0.179
401.4	NaN	892	NaN	330	0	0	363	0	0	0	0	-0	-616	-1	-671	-0	939	-0	361	-0	0.201
401.5	NaN	892	NaN	330	0	0	363	0	0	0	0	-0	-616	-1	-671	-0	939	-0	361	-0.001	0.18
401.6	NaN	892	NaN	330	0	0	363	0	0	0	0	-0	-616	-1	-671	-0	939	-0	361	-0.002	0.18
401.7	NaN	892	NaN	330	0	0	363	0	0	0	0	-0	-616	-1	-671	-0	939	-0	361	-0.002	0.199
401.8	NaN	892	NaN	330	0	0	363	0	0	0	0	-0	-616	-1	-671	-0	939	-0	361	-0.003	0.181
401.9	NaN	892	NaN	330	0	0	363	0	0	0	0	-0	-616	-1	-671	-0	939	-0	361	-0.004	0.2
402	NaN	892	NaN	330	0	0	363	0	0	0	0	-0	-616	-1	-671	-0	939	-0	361	-0.003	0.214
402.1	NaN	892	NaN	330	0	0	363	0	0	0	0	-0	-616	-1	-671	-0	939	-0	361	-0.004	0.19
402.2	NaN	892	NaN	330	0	0	363	0	0	0	0	-0	-616	-1	-671	-0	939	-0	361	-0.005	0.189
402.3	NaN	892	NaN	330	0	0	363	0	0	0	0	-0	-616	-1	-671	-0	939	-0	361	-0.006	0.18
402.4	NaN	892	NaN	330	0	0	363	0	0	0	0	-0	-616	-1	-671	-0	939	-0	361	-0.006	0.182
402.5	NaN	892	NaN	330	0	0	363	0	0	0	0	-0	-616	-1	-671	-0	939	-0	361	-0.006	0.188
402.6	NaN	892	NaN	330	0	0	363	0	0	0	0	-0	-616	-1	-671	-0	939	-0	361	-0.006	0.176
402.7	NaN	892	NaN	330	0	0	363	0	0	0	0	-0	-616	-1	-671	-0	939	-0	361	-0.003	0.19
402.8	NaN	892	NaN	330	0	0	363	0	0	0	0	-0	-616	-1	-671	-0	939	-0	361	-0.004	0.186
402.9	NaN	892	NaN	330	0	0	363	0	0	0	0	-0	-616	-1	-671	-0	939	-0	361	-0	0.199
403	NaN	892	NaN	330	0	0	363	0	0	0	0	-0	-616	-1	-671	-0	939	-0	361	-0.001	0.181
403.1	NaN	892	NaN	330	0	0	363	0	0	0	0	-0	-616	-1	-671	-0	939	-0	361	-0.003	0.188
403.2	NaN	892	NaN	330	0	0	363	0	0	0	0	-0	-616	-1	-671	-0	939	-0	361	-0.003	0.19
403.3	NaN	892	NaN	330	0	0	363	0	0	0	0	-0	-616	-1	-671	-0	939	-0	361	-0.001	0.185
403.4	NaN	892	NaN	330	0	0	363	0	0	0	0	-0	-616	-1	-671	-0	939	-0	361	-0.002	0.192
403.5	NaN	892	NaN	330	0	0	363	0	0	0	0	-0	-616	-1	-671	-0	939	-0	361	-0.004	0.184
403.6	NaN	892	NaN	330	0	0	363	0	0	0	0	-0	-616	-1	-671	-0	939	-0	361	-0.004	0.186
403.7	NaN	892	NaN	330	0	0	363	0	0	0	0	-0	-616	-1	-671	-0	939	-0	361	-0.005	0.193
403.8	NaN	892	NaN	330	0	0	363	0	0	0	0	-0	-616	-1	-671	-0	939	-0	361	-0.005	0.182
403.9	NaN	892	NaN	330	0	0	363	0	0	0	0	-0	-616	-1	-671	-0	939	-0	361	-0.002	0.183
404	NaN	892	NaN	330	0	0	363	0	0	0	0	-0	-616	-1	-671	-0	939	-0	361	-0.002	0.188
404.1	NaN	892	NaN	330	0	0	363	0	0	0	0	-0	-616	-1	-671	-0	939	-0	361	-0.002	0.184
404.2	NaN	892	NaN	330	0	0	363	0	0	0	0	-0	-616	-1	-671	-0	939	-0	361	-0.003	0.198
404.3	NaN	892	NaN	330	0	0	363	0	0	0	0	-0	-616	-1	-671	-0	939	-0	361	-0.001	0.193
404.4	NaN	892	NaN	330	0	0	363	0	0	0	0	-0	-616	-1	-671	-0	939	-0	361	-0.001	0.189
404.5	NaN	892	NaN	330	0	0	363	0	0	0	0	-0	-616	-1	-671	-0	939	-0	361	-0.001	0.187
404.6	NaN	892	NaN	330	0	0	363	0	0	0	0	-0	-616	-1	-671	-0	939	-0	361	-0.001	0.187
404.7	NaN	892	NaN	330	0	0	363	0	0	0	0	-0	-616	-1	-671	-0	939	-0	361	-0.003	0.173
404.8	NaN	892	NaN	330	0	0	363	0	0	0	0	-0	-616	-1	-671	-0	939	-0	361	-0.003	0.191
404.9	NaN	892	NaN	330	0	0	363	0	0	0	0	-0	-616	-1	-671	-0	939	-0	361	-0.005	0.176
405	NaN	892	NaN	330	0	0	363	0	0	0	0	-0	-616	-1	-671	-0	939	-0	361	-0.005	0.185
405.1	NaN	892	NaN	330	0	0	363	0	0	0	0	-0	-616	-1	-671	-0	939	-0	361	-0.006	0.202
405.2	NaN	892	NaN	330	0	0	363	0	0	0	0	-0	-616	-1	-671	-0	939	-0	361	-0.006	0.178
405.3	NaN	892	NaN	330	0	0	363	0	0	0	0	-0	-616	-1	-671	-0	939	-0	361	-0.008	0.196
405.4	NaN	892	NaN	330	0	0	363	0	0	0	0	-0	-616	-1	-671	-0	939	-0	361	-0.008	0.167
405.5	NaN	892	NaN	330	0	0	363	0	0	0	0	-0	-616	-1	-671	-0	939	-0	361	-0.01	0.18
405.6	NaN	892	NaN	330	0	0	363	0	0	0	0	-0	-616	-1	-671	-0	939	-0	361	-0.01	0.178
405.7	NaN	892	NaN	330	0	0	363	0	0	0	0	-0	-616	-1	-671	-0	939	-0	361	-0.012	0.194
405.8	NaN	892	NaN	330	0	0	363	0	0	0	0	-0	-616	-1	-671	-0	939	-0	361	-0.012	0.191
405.9	NaN	892	NaN	330	0	0	363	0	0	0	0	-0	-616	-1	-671	-0	939	-0	361	-0.01	0.184
406	NaN	892	NaN	330	0	0	363	0	0	0	0	-0	-616	-1	-671	-0	939	-0	361	-0.011	0.169
406.1	NaN	892	NaN	330	0	0	363	0	0	0	0	-0	-616	-1	-671	-0	939	-0	361	-0.01	0.189
406.2	NaN	892	NaN	330	0	0	363	0	0	0	0	-0	-616	-1	-671	-0	939	-0	361	-0.01	0.189
406.3	NaN	892	NaN	330	0	0	363	0	0	0	0	-0	-616	-1	-671	-0	939	-0	361	-0.01	0.173
406.4	NaN	892	NaN	330	0	0	363	0	0	0	0	-0	-616	-1	-671	-0	939	-0	361	-0.01	0.191
406.5	NaN	892	NaN	330	0	0	363	0	0	0	0	-0	-616	-1	-671	-0	939	-0	361	-0.009	0.171
406.6	NaN	892	NaN	330	0	0	363	0	0	0	0	-0	-616	-1	-671	-0	939	-0	361	-0.009	0.201
406.7	NaN	892	NaN	330	0	0	363	0	0	0	0	-0	-616	-1	-671	-0	939	-0	361	-0.009	0.178
406.8	NaN	892	NaN	330	0	0	363	0	0	0	0	-0	-616	-1	-671	-0	939	-0	361	-0.009	0.188
406.9	NaN	892	NaN	330	0	0	363	0	0	0	0	-0	-616	-1	-671	-0	939	-0	361	-0.007	0.18
407	NaN	892	NaN	330	0	0	363	0	0	0	0	-0	-616	-1	-671	-0	939	-0	361	-0.006	0.194
407.1	NaN	892	NaN	330	0	0	363	0	0	0	0	-0	-616	-1	-671	-0	939	-0	361	-0.008	0.19
407.2	NaN	892	NaN	330	0	0	363	0	0	0	0	-0	-616	-1	-671	-0	939	-0	361	-0.008	0.199
407.3	NaN	892	NaN	330	0	0	363	0	0	0	0	-0	-616	-1	-671	-0	939	-0	361	-0.009	0.172
407.4	NaN	892	NaN	330	0	0	363	0	0	0	0	-0	-616	-1	-671	-0	939	-0	361	-0.01	0.186
407.5	NaN	892	NaN	330	0	0	363	0	0	0	0	-0	-616	-1	-671	-0	939	-0	361	-0.008	0.18
407.6	NaN	892	NaN	330	0	0	363	0	0	0	0	-0	-616	-1	-671	-0	939	-0	361	-0.007	0.19
407.7	NaN	892	NaN	330	0	0	363	0	0	0	0	-0	-616	-1	-671	-0	939	-0	361	-0.005	0.186
407.8	NaN	892	NaN	330	0	0	363	0	0	0	0	-0	-616	-1	-671	-0	939	-0	361	-0.005	0.182
407.9	NaN	892	NaN	330	0	0	363	0	0	0	0	-0	-616	-1	-671	-0	939	-0	361	-0.004	0.196
408	NaN	892	NaN	330	0	0	363	0	0	0	0	-0	-616	-1	-671	-0	939	-0	361	-0.003	0.18
408.1	NaN	892	NaN	330	0	0	363	0	0	0	0	-0	-616	-1	-671	-0	939	-0	361	-0.002	0.188
408.2	NaN	892	NaN	330	0	0	363	0	0	0	0	-0	-616	-1	-671	-0	939	-0	361	-0.002	0.197
408.3	NaN	892	NaN	330	0	0	363	0	0	0	0	-0	-616	-1	-671	-0	939	-0	361	-0.004	0.191
408.4	NaN	892	NaN	330	0	0	363	0	0	0	0	-0	-616	-1	-671	-0	939	-0	361	-0.003	0.177
408.5	NaN	892	NaN	330	0	0	363	0	0	0	0	-0	-616	-1	-671	-0	939	-0	361	-0.002	0.177
408.6	NaN	892	NaN	330	0	0	363	0	0	0	0	-0	-616	-1	-671	-0	939	-0	361	-0.001	0.187
408.7	NaN	892	NaN	330	0	0	363	0	0	0	0	-0	-616	-1	-671	-0	939	-0	361	-0.001	0.196
408.8	NaN	892	NaN	330	0	0	363	0	0	0	0	-0	-616	-1	-671	-0	939	-0	361	-0.001	0.183
408.9	NaN	892	NaN	330	0	0	363	0	0	0	0	-0	-616	-1	-671	-0	939	-0	361	-0.003	0.196
409	NaN	892	NaN	330	0	0	363	0	0	0	0	-0	-616	-1	-671	-0	939	-0	361	-0.003	0.192
409.1	NaN	892	NaN	330	0	0	363	0	0	0	0	-0	-616	-1	-671	-0	939	-0	361	-0.003	0.192
409.2	NaN	892	NaN	330	0	0	363	0	0	0	0	-0	-616	-1	-671	-0	939	-0	361	-0.003	0.195
409.3	NaN	892	NaN	330	0	0	363	0	0	0	0	-0	-616	-1	-671	-0	939	-0	361	-0.005	0.187
409.4	NaN	892	NaN	330	0	0	363	0	0	0	0	-0	-616	-1	-671	-0	939	-0	361	-0.004	0.185
409.5	NaN	892	NaN	330	0	0	363	0	0	0	0	-0	-616	-1	-671	-0	939	-0	361	-0.003	0.186
409.6	NaN	892	NaN	330	0	0	363	0	0	0	0	-0	-616	-1	-671	-0	939	-0	361	-0.003	0.186
409.7	NaN	892	NaN	330	0	0	363	0	0	0	0	-0	-616	-1	-671	-0	939	-0	361	0	0.193
409.8	NaN	892	NaN	330	0	0	363	0	0	0	0	-0	-616	-1	-671	-0	939	-0	361	0	0.186
409.9	NaN	892	NaN	330	0	0	363	0	0	0	0	-0	-616	-1	-671	-0	939	-0	361	-0.002	0.196
410	NaN	892	NaN	330	0	0	363	0	0	0	0	-0	-616	-1	-671	-0	939	-0	361	-0.002	0.191
410.1	NaN	892	NaN	330	0	0	363	0	0	0	0	-0	-616	-1	-671	-0	939	-0	361	-0.001	0.196
410.2	NaN	892	NaN	330	0	0	363	0	0	0	0	-0	-616	-1	-671	-0	939	-0	361	-0.001	0.182
410.3	NaN	892	NaN	330	0	0	363	0	0	0	0	-0	-616	-1	-671	-0	939	-0	361	0.001	0.189
410.4	NaN	892	NaN	330	0	0	363	0	0	0	0	-0	-616	-1	-671	-0	939	-0	361	0.001	0.18
410.5	NaN	892	NaN	330	0	0	363	0	0	0	0	-0	-616	-1	-671	-0	939	-0	361	0.004	0.183
410.6	NaN	892	NaN	330	0	0	363	0	0	0	0	-0	-616	-1	-671	-0	939	-0	361	0.004	0.196
410.7	NaN	892	NaN	330	0	0	363	0	0	0	0	-0	-616	-1	-671	-0	939	-0	361	0.002	0.192
410.8	NaN	892	NaN	330	0	0	363	0	0	0	0	-0	-616	-1	-671	-0	939	-0	361	0.002	0.189
410.9	NaN	892	NaN	330	0	0	363	0	0	0	0	-0	-616	-1	-671	-0	939	-0	361	0.001	0.174
411	NaN	892	NaN	330	0	0	363	0	0	0	0	-0	-616	-1	-671	-0	939	-0	361	0.001	0.185
411.1	NaN	892	NaN	330	0	0	363	0	0	0	0	-0	-616	-1	-671	-0	939	-0	361	0.001	0.195
411.2	NaN	892	NaN	330	0	0	363	0	0	0	0	-0	-616	-1	-671	-0	939	-0	361	0.002	0.208
411.3	NaN	892	NaN	330	0	0	363	0	0	0	0	-0	-616	-1	-671	-0	939	-0	361	-0	0.189
411.4	NaN	892	NaN	330	0	0	363	0	0	0	0	-0	-616	-1	-671	-0	939	-0	361	0	0.194
411.5	NaN	892	NaN	330	0	0	363	0	0	0	0	-0	-616	-1	-671	-0	939	-0	361	-0	0.177
411.6	NaN	892	NaN	330	0	0	363	0	0	0	0	-0	-616	-1	-671	-0	939	-0	361	0	0.183
411.7	NaN	892	NaN	330	0	0	363	0	0	0	0	-0	-616	-1	-671	-0	939	-0	361	-0.004	0.201
411.8	NaN	892	NaN	330	0	0	363	0	0	0	0	-0	-616	-1	-671	-0	939	-0	361	-0.004	0.196
411.9	NaN	892	NaN	330	0	0	363	0	0	0	0	-0	-616	-1	-671	-0	939	-0	361	-0.007	0.185
412	NaN	892	NaN	330	0	0	363	0	0	0	0	-0	-616	-1	-671	-0	939	-0	361	-0.007	0.186
412.1	NaN	892	NaN	330	0	0	363	0	0	0	0	-0	-616	-1	-671	-0	939	-0	361	-0.011	0.176
412.2	NaN	892	NaN	330	0	0	363	0	0	0	0	-0	-616	-1	-671	-0	939	-0	361	-0.01	0.188
412.3	NaN	892	NaN	330	0	0	363	0	0	0	0	-0	-616	-1	-671	-0	939	-0	361	-0.011	0.193
412.4	NaN	892	NaN	330	0	0	363	0	0	0	0	-0	-616	-1	-671	-0	939	-0	361	-0.01	0.189
412.5	NaN	892	NaN	330	0	0	363	0	0	0	0	-0	-616	-1	-671	-0	939	-0	361	-0.009	0.181
412.6	NaN	892	NaN	330	0	0	363	0	0	0	0	-0	-616	-1	-671	-0	939	-0	361	-0.008	0.2
412.7	NaN	892	NaN	330	0	0	363	0	0	0	0	-0	-616	-1	-671	-0	939	-0	361	-0.008	0.18
412.8	NaN	892	NaN	330	0	0	363	0	0	0	0	-0	-616	-1	-671	-0	939	-0	361	-0.008	0.188
412.9	NaN	892	NaN	330	0	0	363	0	0	0	0	-0	-616	-1	-671	-0	939	-0	361	-0.008	0.177
413	NaN	892	NaN	330	0	0	363	0	0	0	0	-0	-616	-1	-671	-0	939	-0	361	-0.009	0.198
413.1	NaN	892	NaN	330	0	0	363	0	0	0	0	-0	-616	-1	-671	-0	939	-0	361	-0.01	0.196
413.2	NaN	892	NaN	330	0	0	363	0	0	0	0	-0	-616	-1	-671	-0	939	-0	361	-0.009	0.199
413.3	NaN	892	NaN	330	0	0	363	0	0	0	0	-0	-616	-1	-671	-0	939	-0	361	-0.009	0.221
413.4	NaN	892	NaN	330	0	0	363	0	0	0	0	-0	-616	-1	-671	-0	939	-0	361	-0.01	0.179
413.5	NaN	892	NaN	330	0	0	363	0	0	0	0	-0	-616	-1	-671	-0	939	-0	361	-0.01	0.195
413.6	NaN	892	NaN	330	0	0	363	0	0	0	0	-0	-616	-1	-671	-0	939	-0	361	-0.01	0.195
413.7	NaN	892	NaN	330	0	0	363	0	0	0	0	-0	-616	-1	-671	-0	939	-0	361	-0.007	0.196
413.8	NaN	892	NaN	330	0	0	363	0	0	0	0	-0	-616	-1	-671	-0	939	-0	361	-0.008	0.18
413.9	NaN	892	NaN	330	0	0	363	0	0	0	0	-0	-616	-1	-671	-0	939	-0	361	-0.011	0.19
414	NaN	892	NaN	330	0	0	363	0	0	0	0	-0	-616	-1	-671	-0	939	-0	361	-0.011	0.181
414.1	NaN	892	NaN	330	0	0	363	0	0	0	0	-0	-616	-1	-671	-0	939	-0	361	-0.007	0.208
414.2	NaN	892	NaN	330	0	0	363	0	0	0	0	-0	-616	-1	-671	-0	939	-0	361	-0.006	0.198
414.3	NaN	892	NaN	330	0	0	363	0	0	0	0	-0	-616	-1	-671	-0	939	-0	361	-0.005	0.195
414.4	NaN	892	NaN	330	0	0	363	0	0	0	0	-0	-616	-1	-671	-0	939	-0	361	-0.005	0.189
414.5	NaN	892	NaN	330	0	0	363	0	0	0	0	-0	-616	-1	-671	-0	939	-0	361	-0.007	0.192
414.6	NaN	892	NaN	330	0	0	363	0	0	0	0	-0	-616	-1	-671	-0	939	-0	361	-0.007	0.2
414.7	NaN	892	NaN	330	0	0	363	0	0	0	0	-0	-616	-1	-671	-0	939	-0	361	-0.005	0.205
414.8	NaN	892	NaN	330	0	0	363	0	0	0	0	-0	-616	-1	-671	-0	939	-0	361	-0.005	0.176
414.9	NaN	892	NaN	330	0	0	363	0	0	0	0	-0	-616	-1	-671	-0	939	-0	361	-0.007	0.173
415	NaN	892	NaN	330	0	0	363	0	0	0	0	-0	-616	-1	-671	-0	939	-0	361	-0.007	0.194
415.1	NaN	892	NaN	330	0	0	363	0	0	0	0	-0	-616	-1	-671	-0	939	-0	361	-0.004	0.182
415.2	NaN	892	NaN	330	0	0	363	0	0	0	0	-0	-616	-1	-671	-0	939	-0	361	-0.005	0.187
415.3	NaN	892	NaN	330	0	0	363	0	0	0	0	-0	-616	-1	-671	-0	939	-0	361	-0.001	0.193
415.4	NaN	892	NaN	330	0	0	363	0	0	0	0	-0	-616	-1	-671	-0	939	-0	361	-0.001	0.181
415.5	NaN	892	NaN	330	0	0	363	0	0	0	0	-0	-616	-1	-671	-0	939	-0	361	-0.001	0.181
415.6	NaN	892	NaN	330	0	0	363	0	0	0	0	-0	-616	-1	-671	-0	939	-0	361	-0.001	0.19
415.7	NaN	892	NaN	330	0	0	363	0	0	0	0	-0	-616	-1	-671	-0	939	-0	361	-0	0.189
415.8	NaN	892	NaN	330	0	0	363	0	0	0	0	-0	-616	-1	-671	-0	939	-0	361	0	0.19
415.9	NaN	892	NaN	330	0	0	363	0	0	0	0	-0	-616	-1	-671	-0	939	-0	361	-0.003	0.19
416	NaN	892	NaN	330	0	0	363	0	0	0	0	-0	-616	-1	-671	-0	939	-0	361	-0.003	0.184
416.1	NaN	892	NaN	330	0	0	363	0	0	0	0	-0	-616	-1	-671	-0	939	-0	361	-0.006	0.176
416.2	NaN	892	NaN	330	0	0	363	0	0	0	0	-0	-616	-1	-671	-0	939	-0	361	-0.006	0.194
416.3	NaN	892	NaN	330	0	0	363	0	0	0	0	-0	-616	-1	-671	-0	939	-0	361	-0.007	0.186
416.4	NaN	892	NaN	330	0	0	363	0	0	0	0	-0	-616	-1	-671	-0	939	-0	361	-0.006	0.186
416.5	NaN	892	NaN	330	0	0	363	0	0	0	0	-0	-616	-1	-671	-0	939	-0	361	-0.005	0.204
416.6	NaN	892	NaN	330	0	0	363	0	0	0	0	-0	-616	-1	-671	-0	939	-0	361	-0.005	0.167
416.7	NaN	892	NaN	330	0	0	363	0	0	0	0	-0	-616	-1	-671	-0	939	-0	361	-0.009	0.179
416.8	NaN	892	NaN	330	0	0	363	0	0	0	0	-0	-616	-1	-671	-0	939	-0	361	-0.009	0.193
416.9	NaN	892	NaN	330	0	0	363	0	0	0	0	-0	-616	-1	-671	-0	939	-0	361	-0.009	0.179
417	NaN	892	NaN	330	0	0	363	0	0	0	0	-0	-616	-1	-671	-0	939	-0	361	-0.01	0.204
417.1	NaN	892	NaN	330	0	0	363	0	0	0	0	-0	-616	-1	-671	-0	939	-0	361	-0.007	0.194
417.2	NaN	892	NaN	330	0	0	363	0	0	0	0	-0	-616	-1	-671	-0	939	-0	361	-0.008	0.17
417.3	NaN	892	NaN	330	0	0	363	0	0	0	0	-0	-616	-1	-671	-0	939	-0	361	-0.006	0.179
417.4	NaN	892	NaN	330	0	0	363	0	0	0	0	-0	-616	-1	-671	-0	939	-0	361	-0.007	0.178
417.5	NaN	892	NaN	330	0	0	363	0	0	0	0	-0	-616	-1	-671	-0	939	-0	361	-0.007	0.187
417.6	NaN	892	NaN	330	0	0	363	0	0	0	0	-0	-616	-1	-671	-0	939	-0	361	-0.007	0.202
417.7	NaN	892	NaN	330	0	0	363	0	0	0	0	-0	-616	-1	-671	-0	939	-0	361	-0.006	0.176
417.8	NaN	892	NaN	330	0	0	363	0	0	0	0	-0	-616	-1	-671	-0	939	-0	361	-0.006	0.194
417.9	NaN	892	NaN	330	0	0	363	0	0	0	0	-0	-616	-1	-671	-0	939	-0	361	-0.007	0.183
418	NaN	892	NaN	330	0	0	363	0	0	0	0	-0	-616	-1	-671	-0	939	-0	361	-0.007	0.187
418.1	NaN	892	NaN	330	0	0	363	0	0	0	0	-0	-616	-1	-671	-0	939	-0	361	-0.006	0.196
418.2	NaN	892	NaN	330	0	0	363	0	0	0	0	-0	-616	-1	-671	-0	939	-0	361	-0.006	0.168
418.3	NaN	892	NaN	330	0	0	363	0	0	0	0	-0	-616	-1	-671	-0	939	-0	361	-0.003	0.173
418.4	NaN	892	NaN	330	0	0	363	0	0	0	0	-0	-616	-1	-671	-0	939	-0	361	-0.003	0.194
418.5	NaN	892	NaN	330	0	0	363	0	0	0	0	-0	-616	-1	-671	-0	939	-0	361	-0.003	0.179
418.6	NaN	892	NaN	330	0	0	363	0	0	0	0	-0	-616	-1	-671	-0	939	-0	361	-0.003	0.196
418.7	NaN	892	NaN	330	0	0	363	0	0	0	0	-0	-616	-1	-671	-0	939	-0	361	-0.001	0.191
418.8	NaN	892	NaN	330	0	0	363	0	0	0	0	-0	-616	-1	-671	-0	939	-0	361	-0.002	0.183
418.9	NaN	892	NaN	330	0	0	363	0	0	0	0	-0	-616	-1	-671	-0	939	-0	361	-0.001	0.183
419	NaN	892	NaN	330	0	0	363	0	0	0	0	-0	-616	-1	-671	-0	939	-0	361	-0.002	0.186
419.1	NaN	892	NaN	330	0	0	363	0	0	0	0	-0	-616	-1	-671	-0	939	-0	361	-0.001	0.176
419.2	NaN	892	NaN	330	0	0	363	0	0	0	0	-0	-616	-1	-671	-0	939	-0	361	-0.001	0.201
419.3	NaN	892	NaN	330	0	0	363	0	0	0	0	-0	-616	-1	-671	-0	939	-0	361	0.001	0.196
419.4	NaN	892	NaN	330	0	0	363	0	0	0	0	-0	-616	-1	-671	-0	939	-0	361	0.001	0.206
419.5	NaN	892	NaN	330	0	0	363	0	0	0	0	-0	-616	-1	-671	-0	939	-0	361	0.004	0.18
419.6	NaN	892	NaN	330	0	0	363	0	0	0	0	-0	-616	-1	-671	-0	939	-0	361	0.003	0.169
419.7	NaN	892	NaN	330	0	0	363	0	0	0	0	-0	-616	-1	-671	-0	939	-0	361	0.004	0.185
419.8	NaN	892	NaN	330	0	0	363	0	0	0	0	-0	-616	-1	-671	-0	939	-0	361	0.004	0.186
419.9	NaN	892	NaN	330	0	0	363	0	0	0	0	-0	-616	-1	-671	-0	939	-0	361	0.001	0.173
420	NaN	892	NaN	330	0	0	363	0	0	0	0	-0	-616	-1	-671	-0	939	-0	361	0.001	0.183
420.1	NaN	892	NaN	330	0	0	363	0	0	0	0	-0	-616	-1	-671	-0	939	-0	361	-0	0.192
420.2	NaN	892	NaN	330	0	0	363	0	0	0	0	-0	-616	-1	-671	-0	939	-0	361	0	0.195
420.3	NaN	892	NaN	330	0	0	363	0	0	0	0	-0	-616	-1	-671	-0	939	-0	361	0.004	0.178
420.4	NaN	892	NaN	330	0	0	363	0	0	0	0	-0	-616	-1	-671	-0	939	-0	361	0.004	0.196
420.5	NaN	892	NaN	330	0	0	363	0	0	0	0	-0	-616	-1	-671	-0	939	-0	361	0.002	0.185
420.6	NaN	892	NaN	330	0	0	363	0	0	0	0	-0	-616	-1	-671	-0	939	-0	361	0.002	0.184
420.7	NaN	892	NaN	330	0	0	363	0	0	0	0	-0	-616	-1	-671	-0	939	-0	361	0.001	0.178
420.8	NaN	892	NaN	330	0	0	363	0	0	0	0	-0	-616	-1	-671	-0	939	-0	361	0.001	0.201
420.9	NaN	892	NaN	330	0	0	363	0	0	0	0	-0	-616	-1	-671	-0	939	-0	361	0.001	0.204
421	NaN	892	NaN	330	0	0	363	0	0	0	0	-0	-616	-1	-671	-0	939	-0	361	0.002	0.199
421.1	NaN	892	NaN	330	0	0	363	0	0	0	0	-0	-616	-1	-671	-0	939	-0	361	0.005	0.19
421.2	NaN	892	NaN	330	0	0	363	0	0	0	0	-0	-616	-1	-671	-0	939	-0	361	0.006	0.19
421.3	NaN	892	NaN	330	0	0	363	0	0	0	0	-0	-616	-1	-671	-0	939	-0	361	0.006	0.187
421.4	NaN	892	NaN	330	0	0	363	0	0	0	0	-0	-616	-1	-671	-0	939	-0	361	0.006	0.182
421.5	NaN	892	NaN	330	0	0	363	0	0	0	0	-0	-616	-1	-671	-0	939	-0	361	0.003	0.189
421.6	NaN	892	NaN	330	0	0	363	0	0	0	0	-0	-616	-1	-671	-0	939	-0	361	0.003	0.179
421.7	NaN	892	NaN	330	0	0	363	0	0	0	0	-0	-616	-1	-671	-0	939	-0	361	0	0.183
421.8	NaN	892	NaN	330	0	0	363	0	0	0	0	-0	-616	-1	-671	-0	939	-0	361	0	0.196
421.9	NaN	892	NaN	330	0	0	363	0	0	0	0	-0	-616	-1	-671	-0	939	-0	361	-0.003	0.2
422	NaN	892	NaN	330	0	0	363	0	0	0	0	-0	-616	-1	-671	-0	939	-0	361	-0.003	0.179
422.1	NaN	892	NaN	330	0	0	363	0	0	0	0	-0	-616	-1	-671	-0	939	-0	361	-0.005	0.199
422.2	NaN	892	NaN	330	0	0	363	0	0	0	0	-0	-616	-1	-671	-0	939	-0	361	-0.006	0.189
422.3	NaN	892	NaN	330	0	0	363	0	0	0	0	-0	-616	-1	-671	-0	939	-0	361	-0.005	0.179
422.4	NaN	892	NaN	330	0	0	363	0	0	0	0	-0	-616	-1	-671	-0	939	-0	361	-0.005	0.188
422.5	NaN	892	NaN	330	0	0	363	0	0	0	0	-0	-616	-1	-671	-0	939	-0	361	-0.004	0.173
422.6	NaN	892	NaN	330	0	0	363	0	0	0	0	-0	-616	-1	-671	-0	939	-0	361	-0.004	0.143
422.7	NaN	892	NaN	330	0	0	363	0	0	0	0	-0	-616	-1	-671	-0	939	-0	361	-0	0.181
422.8	NaN	892	NaN	330	0	0	363	0	0	0	0	-0	-616	-1	-671	-0	939	-0	361	-0	0.219
422.9	NaN	892	NaN	330	0	0	363	0	0	0	0	-0	-616	-1	-671	-0	939	-0	361	-0.003	0.21
423	NaN	892	NaN	330	0	0	363	0	0	0	0	-0	-616	-1	-671	-0	939	-0	361	-0.002	0.18
423.1	NaN	892	NaN	330	0	0	363	0	0	0	0	-0	-616	-1	-671	-0	939	-0	361	-0.001	0.201
423.2	NaN	892	NaN	330	0	0	363	0	0	0	0	-0	-616	-1	-671	-0	939	-0	361	-0.001	0.203
423.3	NaN	892	NaN	330	0	0	363	0	0	0	0	-0	-616	-1	-671	-0	939	-0	361	-0	0.198
423.4	NaN	892	NaN	330	0	0	363	0	0	0	0	-0	-616	-1	-671	-0	939	-0	361	-0.001	0.183
423.5	NaN	892	NaN	330	0	0	363	0	0	0	0	-0	-616	-1	-671	-0	939	-0	361	-0.001	0.168
423.6	NaN	892	NaN	330	0	0	363	0	0	0	0	-0	-616	-1	-671	-0	939	-0	361	-0.002	0.179
423.7	NaN	892	NaN	330	0	0	363	0	0	0	0	-0	-616	-1	-671	-0	939	-0	361	-0.002	0.206
423.8	NaN	892	NaN	330	0	0	363	0	0	0	0	-0	-616	-1	-671	-0	939	-0	361	-0.003	0.196
423.9	NaN	892	NaN	330	0	0	363	0	0	0	0	-0	-616	-1	-671	-0	939	-0	361	-0.006	0.194
424	NaN	892	NaN	330	0	0	363	0	0	0	0	-0	-616	-1	-671	-0	939	-0	361	-0.008	0.196
424.1	NaN	892	NaN	330	0	0	363	0	0	0	0	-0	-616	-1	-671	-0	939	-0	361	-0.005	0.181
424.2	NaN	892	NaN	330	0	0	363	0	0	0	0	-0	-616	-1	-671	-0	939	-0	361	-0.006	0.206
424.3	NaN	892	NaN	330	0	0	363	0	0	0	0	-0	-616	-1	-671	-0	939	-0	361	-0.002	0.187
424.4	NaN	892	NaN	330	0	0	363	0	0	0	0	-0	-616	-1	-671	-0	939	-0	361	-0.002	0.167
424.5	NaN	892	NaN	330	0	0	363	0	0	0	0	-0	-616	-1	-671	-0	939	-0	361	0.004	0.212
424.6	NaN	892	NaN	330	0	0	363	0	0	0	0	-0	-616	-1	-671	-0	939	-0	361	0.004	0.204
424.7	NaN	892	NaN	330	0	0	363	0	0	0	0	-0	-616	-1	-671	-0	939	-0	361	0.003	0.204
424.8	NaN	892	NaN	330	0	0	363	0	0	0	0	-0	-616	-1	-671	-0	939	-0	361	0.002	0.2
424.9	NaN	892	NaN	330	0	0	363	0	0	0	0	-0	-616	-1	-671	-0	939	-0	361	0.004	0.183
425	NaN	892	NaN	330	0	0	363	0	0	0	0	-0	-616	-1	-671	-0	939	-0	361	0.005	0.192
425.1	NaN	892	NaN	330	0	0	363	0	0	0	0	-0	-616	-1	-671	-0	939	-0	361	0.006	0.168
425.2	NaN	892	NaN	330	0	0	363	0	0	0	0	-0	-616	-1	-671	-0	939	-0	361	0.005	0.181
425.3	NaN	892	NaN	330	0	0	363	0	0	0	0	-0	-616	-1	-671	-0	939	-0	361	0.008	0.189
425.4	NaN	892	NaN	330	0	0	363	0	0	0	0	-0	-616	-1	-671	-0	939	-0	361	0.008	0.173
425.5	NaN	892	NaN	330	0	0	363	0	0	0	0	-0	-616	-1	-671	-0	939	-0	361	0.005	0.197
425.6	NaN	892	NaN	330	0	0	363	0	0	0	0	-0	-616	-1	-671	-0	939	-0	361	0.005	0.19
425.7	NaN	892	NaN	330	0	0	363	0	0	0	0	-0	-616	-1	-671	-0	939	-0	361	0.005	0.203
425.8	NaN	892	NaN	330	0	0	363	0	0	0	0	-0	-616	-1	-671	-0	939	-0	361	0.004	0.184
425.9	NaN	892	NaN	330	0	0	363	0	0	0	0	-0	-616	-1	-671	-0	939	-0	361	0.005	0.191
426	NaN	892	NaN	330	0	0	363	0	0	0	0	-0	-616	-1	-671	-0	939	-0	361	0.005	0.209
426.1	NaN	892	NaN	330	0	0	363	0	0	0	0	-0	-616	-1	-671	-0	939	-0	361	0.003	0.186
426.2	NaN	892	NaN	330	0	0	363	0	0	0	0	-0	-616	-1	-671	-0	939	-0	361	0.002	0.202
426.3	NaN	892	NaN	330	0	0	363	0	0	0	0	-0	-616	-1	-671	-0	939	-0	361	0.001	0.142
426.4	NaN	892	NaN	330	0	0	363	0	0	0	0	-0	-616	-1	-671	-0	939	-0	361	0.002	0.178
426.5	NaN	892	NaN	330	0	0	363	0	0	0	0	-0	-616	-1	-671	-0	939	-0	361	0.002	0.194
426.6	NaN	892	NaN	330	0	0	363	0	0	0	0	-0	-616	-1	-671	-0	939	-0	361	0.001	0.201
426.7	NaN	892	NaN	330	0	0	363	0	0	0	0	-0	-616	-1	-671	-0	939	-0	361	0.003	0.199
426.8	NaN	892	NaN	330	0	0	363	0	0	0	0	-0	-616	-1	-671	-0	939	-0	361	0.003	0.19
426.9	NaN	892	NaN	330	0	0	363	0	0	0	0	-0	-616	-1	-671	-0	939	-0	361	0.004	0.19
427	NaN	892	NaN	330	0	0	363	0	0	0	0	-0	-616	-1	-671	-0	939	-0	361	0.004	0.187
427.1	NaN	892	NaN	330	0	0	363	0	0	0	0	-0	-616	-1	-671	-0	939	-0	361	0.007	0.198
427.2	NaN	892	NaN	330	0	0	363	0	0	0	0	-0	-616	-1	-671	-0	939	-0	361	0.007	0.188
427.3	NaN	892	NaN	330	0	0	363	0	0	0	0	-0	-616	-1	-671	-0	939	-0	361	0.008	0.195
427.4	NaN	892	NaN	330	0	0	363	0	0	0	0	-0	-616	-1	-671	-0	939	-0	361	0.008	0.192
427.5	NaN	892	NaN	330	0	0	363	0	0	0	0	-0	-616	-1	-671	-0	939	-0	361	0.01	0.19
427.6	NaN	892	NaN	330	0	0	363	0	0	0	0	-0	-616	-1	-671	-0	939	-0	361	0.01	0.189
427.7	NaN	892	NaN	330	0	0	363	0	0	0	0	-0	-616	-1	-671	-0	939	-0	361	0.009	0.187
427.8	NaN	892	NaN	330	0	0	363	0	0	0	0	-0	-616	-1	-671	-0	939	-0	361	0.01	0.191
427.9	NaN	892	NaN	330	0	0	363	0	0	0	0	-0	-616	-1	-671	-0	939	-0	361	0.01	0.198
428	NaN	892	NaN	330	0	0	363	0	0	0	0	-0	-616	-1	-671	-0	939	-0	361	0.01	0.18
428.1	NaN	892	NaN	330	0	0	363	0	0	0	0	-0	-616	-1	-671	-0	939	-0	361	0.01	0.176
428.2	NaN	892	NaN	330	0	0	363	0	0	0	0	-0	-616	-1	-671	-0	939	-0	361	0.01	0.157
428.3	NaN	892	NaN	330	0	0	363	0	0	0	0	-0	-616	-1	-671	-0	939	-0	361	0.006	0.18
428.4	NaN	892	NaN	330	0	0	363	0	0	0	0	-0	-616	-1	-671	-0	939	-0	361	0.006	0.166
428.5	NaN	892	NaN	330	0	0	363	0	0	0	0	-0	-616	-1	-671	-0	939	-0	361	0.002	0.196
428.6	NaN	892	NaN	330	0	0	363	0	0	0	0	-0	-616	-1	-671	-0	939	-0	361	0.003	0.194
428.7	NaN	892	NaN	330	0	0	363	0	0	0	0	-0	-616	-1	-671	-0	939	-0	361	0.002	0.177
428.8	NaN	892	NaN	330	0	0	363	0	0	0	0	-0	-616	-1	-671	-0	939	-0	361	0.002	0.189
428.9	NaN	892	NaN	330	0	0	363	0	0	0	0	-0	-616	-1	-671	-0	939	-0	361	0.002	0.19
429	NaN	892	NaN	330	0	0	363	0	0	0	0	-0	-616	-1	-671	-0	939	-0	361	0.001	0.199
429.1	NaN	892	NaN	330	0	0	363	0	0	0	0	-0	-616	-1	-671	-0	939	-0	361	0.003	0.175
429.2	NaN	892	NaN	330	0	0	363	0	0	0	0	-0	-616	-1	-671	-0	939	-0	361	0.003	0.177
429.3	NaN	892	NaN	330	0	0	363	0	0	0	0	-0	-616	-1	-671	-0	939	-0	361	0.003	0.189
429.4	NaN	892	NaN	330	0	0	363	0	0	0	0	-0	-616	-1	-671	-0	939	-0	361	0.003	0.18
429.5	NaN	892	NaN	330	0	0	363	0	0	0	0	-0	-616	-1	-671	-0	939	-0	361	0.001	0.163
429.6	NaN	892	NaN	330	0	0	363	0	0	0	0	-0	-616	-1	-671	-0	939	-0	361	0.001	0.174
429.7	NaN	892	NaN	330	0	0	363	0	0	0	0	-0	-616	-1	-671	-0	939	-0	361	0	0.189
429.8	NaN	892	NaN	330	0	0	363	0	0	0	0	-0	-616	-1	-671	-0	939	-0	361	0	0.186
429.9	NaN	892	NaN	330	0	0	363	0	0	0	0	-0	-616	-1	-671	-0	939	-0	361	-0.001	0.186
430	NaN	892	NaN	330	0	0	363	0	0	0	0	-0	-616	-1	-671	-0	939	-0	361	-0	0.201
430.1	NaN	892	NaN	330	0	0	363	0	0	0	0	-0	-616	-1	-671	-0	939	-0	361	-0.001	0.19
430.2	NaN	892	NaN	330	0	0	363	0	0	0	0	-0	-616	-1	-671	-0	939	-0	361	-0.001	0.176
430.3	NaN	892	NaN	330	0	0	363	0	0	0	0	-0	-616	-1	-671	-0	939	-0	361	-0.003	0.175
430.4	NaN	892	NaN	330	0	0	363	0	0	0	0	-0	-616	-1	-671	-0	939	-0	361	-0.004	0.175
430.5	NaN	892	NaN	330	0	0	363	0	0	0	0	-0	-616	-1	-671	-0	939	-0	361	-0.007	0.192
430.6	NaN	892	NaN	330	0	0	363	0	0	0	0	-0	-616	-1	-671	-0	939	-0	361	-0.006	0.187
430.7	NaN	892	NaN	330	0	0	363	0	0	0	0	-0	-616	-1	-671	-0	939	-0	361	-0.007	0.167
430.8	NaN	892	NaN	330	0	0	363	0	0	0	0	-0	-616	-1	-671	-0	939	-0	361	-0.007	0.193
430.9	NaN	892	NaN	330	0	0	363	0	0	0	0	-0	-616	-1	-671	-0	939	-0	361	-0.003	0.169
431	NaN	892	NaN	330	0	0	363	0	0	0	0	-0	-616	-1	-671	-0	939	-0	361	-0.004	0.201
431.1	NaN	892	NaN	330	0	0	363	0	0	0	0	-0	-616	-1	-671	-0	939	-0	361	-0.004	0.175
431.2	NaN	892	NaN	330	0	0	363	0	0	0	0	-0	-616	-1	-671	-0	939	-0	361	-0.004	0.206
431.3	NaN	892	NaN	330	0	0	363	0	0	0	0	-0	-616	-1	-671	-0	939	-0	361	-0.005	0.16
431.4	NaN	892	NaN	330	0	0	363	0	0	0	0	-0	-616	-1	-671	-0	939	-0	361	-0.005	0.202
431.5	NaN	892	NaN	330	0	0	363	0	0	0	0	-0	-616	-1	-671	-0	939	-0	361	-0.006	0.161
431.6	NaN	892	NaN	330	0	0	363	0	0	0	0	-0	-616	-1	-671	-0	939	-0	361	-0.005	0.178
431.7	NaN	892	NaN	330	0	0	363	0	0	0	0	-0	-616	-1	-671	-0	939	-0	361	-0.004	0.189
431.8	NaN	892	NaN	330	0	0	363	0	0	0	0	-0	-616	-1	-671	-0	939	-0	361	-0.004	0.21
431.9	NaN	892	NaN	330	0	0	363	0	0	0	0	-0	-616	-1	-671	-0	939	-0	361	-0.003	0.214
432	NaN	892	NaN	330	0	0	363	0	0	0	0	-0	-616	-1	-671	-0	939	-0	361	-0.004	0.159
432.1	NaN	892	NaN	330	0	0	363	0	0	0	0	-0	-616	-1	-671	-0	939	-0	361	-0.004	0.206
432.2	NaN	892	NaN	330	0	0	363	0	0	0	0	-0	-616	-1	-671	-0	939	-0	361	-0.006	0.195
432.3	NaN	892	NaN	330	0	0	363	0	0	0	0	-0	-616	-1	-671	-0	939	-0	361	-0.005	0.213
432.4	NaN	892	NaN	330	0	0	363	0	0	0	0	-0	-616	-1	-671	-0	939	-0	361	-0.009	0.161
432.5	NaN	892	NaN	330	0	0	363	0	0	0	0	-0	-616	-1	-671	-0	939	-0	361	-0.009	0.206
432.6	NaN	892	NaN	330	0	0	363	0	0	0	0	-0	-616	-1	-671	-0	939	-0	361	-0.007	0.128
432.7	NaN	892	NaN	330	0	0	363	0	0	0	0	-0	-616	-1	-671	-0	939	-0	361	-0.011	0.198
432.8	NaN	892	NaN	330	0	0	363	0	0	0	0	-0	-616	-1	-671	-0	939	-0	361	-0.011	0.267
432.9	NaN	892	NaN	330	0	0	363	0	0	0	0	-0	-616	-1	-671	-0	939	-0	361	-0.012	0.173
433	NaN	892	NaN	330	0	0	363	0	0	0	0	-0	-616	-1	-671	-0	939	-0	361	-0.009	0.253
433.1	NaN	892	NaN	330	0	0	363	0	0	0	0	-0	-616	-1	-671	-0	939	-0	361	-0.014	0.198
433.2	NaN	892	NaN	330	0	0	363	0	0	0	0	-0	-616	-1	-671	-0	939	-0	361	-0.013	0.175
433.3	NaN	892	NaN	330	0	0	363	0	0	0	0	-0	-616	-1	-671	-0	939	-0	361	-0.012	0.211
433.4	NaN	892	NaN	330	0	0	363	0	0	0	0	-0	-616	-1	-671	-0	939	-0	361	-0.016	0.077
433.5	NaN	892	NaN	330	0	0	363	0	0	0	0	-0	-616	-1	-671	-0	939	-0	361	-0.013	0.234
433.6	NaN	892	NaN	330	0	0	363	0	0	0	0	-0	-616	-1	-671	-0	939	-0	361	-0.012	0.102
433.7	NaN	892	NaN	330	0	0	363	0	0	0	0	-0	-616	-1	-671	-0	939	-0	361	-0.013	0.237
433.8	NaN	892	NaN	330	0	0	363	0	0	0	0	-0	-616	-1	-671	-0	939	-0	361	-0.015	0.172
433.9	NaN	892	NaN	330	0	0	363	0	0	0	0	-0	-616	-1	-671	-0	939	-0	361	-0.015	0.192
434	NaN	892	NaN	330	0	0	363	0	0	0	0	-0	-616	-1	-671	-0	939	-0	361	-0.015	0.19
434.1	NaN	892	NaN	330	0	0	363	0	0	0	0	-0	-616	-1	-671	-0	939	-0	361	-0.016	0.198
434.2	NaN	892	NaN	330	0	0	363	0	0	0	0	-0	-616	-1	-671	-0	939	-0	361	-0.015	0.218
434.3	NaN	892	NaN	330	0	0	363	0	0	0	0	-0	-616	-1	-671	-0	939	-0	361	-0.015	0.145
434.4	NaN	892	NaN	330	0	0	363	0	0	0	0	-0	-616	-1	-671	-0	939	-0	361	-0.014	0.196
434.5	NaN	892	NaN	330	0	0	363	0	0	0	0	-0	-616	-1	-671	-0	939	-0	361	-0.013	0.194
434.6	NaN	892	NaN	330	0	0	363	0	0	0	0	-0	-616	-1	-671	-0	939	-0	361	-0.013	0.17
434.7	NaN	892	NaN	330	0	0	363	0	0	0	0	-0	-616	-1	-671	-0	939	-0	361	-0.011	0.196
434.8	NaN	892	NaN	330	0	0	363	0	0	0	0	-0	-616	-1	-671	-0	939	-0	361	-0.011	0.207
434.9	NaN	892	NaN	330	0	0	363	0	0	0	0	-0	-616	-1	-671	-0	939	-0	361	-0.011	0.178
435	NaN	892	NaN	330	0	0	363	0	0	0	0	-0	-616	-1	-671	-0	939	-0	361	-0.011	0.166
435.1	NaN	892	NaN	330	0	0	363	0	0	0	0	-0	-616	-1	-671	-0	939	-0	361	-0.01	0.164
435.2	NaN	892	NaN	330	0	0	363	0	0	0	0	-0	-616	-1	-671	-0	939	-0	361	-0.011	0.205
435.3	NaN	892	NaN	330	0	0	363	0	0	0	0	-0	-616	-1	-671	-0	939	-0	361	-0.01	0.183
435.4	NaN	892	NaN	330	0	0	363	0	0	0	0	-0	-616	-1	-671	-0	939	-0	361	-0.01	0.182
435.5	NaN	892	NaN	330	0	0	363	0	0	0	0	-0	-616	-1	-671	-0	939	-0	361	-0.008	0.197
435.6	NaN	892	NaN	330	0	0	363	0	0	0	0	-0	-616	-1	-671	-0	939	-0	361	-0.009	0.203
435.7	NaN	892	NaN	330	0	0	363	0	0	0	0	-0	-616	-1	-671	-0	939	-0	361	-0.016	0.214
435.8	NaN	892	NaN	330	0	0	363	0	0	0	0	-0	-616	-1	-671	-0	939	-0	361	-0.017	0.188
435.9	NaN	892	NaN	330	0	0	363	0	0	0	0	-0	-616	-1	-671	-0	939	-0	361	-0.014	0.194
436	NaN	892	NaN	330	0	0	363	0	0	0	0	-0	-616	-1	-671	-0	939	-0	361	-0.015	0.178
436.1	NaN	892	NaN	330	0	0	363	0	0	0	0	-0	-616	-1	-671	-0	939	-0	361	-0.009	0.197
436.2	NaN	892	NaN	330	0	0	363	0	0	0	0	-0	-616	-1	-671	-0	939	-0	361	-0.011	0.166
436.3	NaN	892	NaN	330	0	0	363	0	0	0	0	-0	-616	-1	-671	-0	939	-0	361	-0.01	0.211
436.4	NaN	892	NaN	330	0	0	363	0	0	0	0	-0	-616	-1	-671	-0	939	-0	361	-0.011	0.207
436.5	NaN	892	NaN	330	0	0	363	0	0	0	0	-0	-616	-1	-671	-0	939	-0	361	-0.008	0.204
436.6	NaN	892	NaN	330	0	0	363	0	0	0	0	-0	-616	-1	-671	-0	939	-0	361	-0.008	0.185
436.7	NaN	892	NaN	330	0	0	363	0	0	0	0	-0	-616	-1	-671	-0	939	-0	361	-0.01	0.188
436.8	NaN	892	NaN	330	0	0	363	0	0	0	0	-0	-616	-1	-671	-0	939	-0	361	-0.01	0.193
436.9	NaN	892	NaN	330	0	0	363	0	0	0	0	-0	-616	-1	-671	-0	939	-0	361	0.002	0.198
437	NaN	892	NaN	330	0	0	363	0	0	0	0	-0	-616	-1	-671	-0	939	-0	361	0.001	0.195
437.1	NaN	892	NaN	330	0	0	363	0	0	0	0	-0	-616	-1	-671	-0	939	-0	361	0.009	0.174
437.2	NaN	892	NaN	330	0	0	363	0	0	0	0	-0	-616	-1	-671	-0	939	-0	361	0.009	0.199
437.3	NaN	892	NaN	330	0	0	363	0	0	0	0	-0	-616	-1	-671	-0	939	-0	361	0.005	0.191
437.4	NaN	892	NaN	330	0	0	363	0	0	0	0	-0	-616	-1	-671	-0	939	-0	361	0.004	0.218
437.5	NaN	892	NaN	330	0	0	363	0	0	0	0	-0	-616	-1	-671	-0	939	-0	361	0	0.208
437.6	NaN	892	NaN	330	0	0	363	0	0	0	0	-0	-616	-1	-671	-0	939	-0	361	0	0.178
437.7	NaN	892	NaN	330	0	0	363	0	0	0	0	-0	-616	-1	-671	-0	939	-0	361	0.002	0.18
437.8	NaN	892	NaN	330	0	0	363	0	0	0	101	-0	-616	-1	-671	-0	939	-0	361	0.003	0.111
437.9	NaN	892	NaN	330	0	0	363	0	0	0	194	-0	-616	-1	-671	-0	939	-0	361	0	0.208
438	NaN	896	NaN	632	0	10	362	0	0	0	197	-0	-616	-1	-671	-0	939	-0	361	0.002	0.225
438.1	NaN	899	NaN	645	0	9	361	0	0	0	197	-0	-616	-1	-671	-0	939	-0	361	0.002	0.177
438.2	NaN	899	NaN	646	0	10	362	0	0	0	197	-0	-616	-1	-671	-0	939	-0	361	0.002	0.151
438.3	NaN	900	NaN	647	0	9	360	0	0	0	197	-0	-616	-1	-671	-0	939	-0	361	0.003	0.198
438.4	NaN	892	NaN	647	0	10	364	0	0	0	198	-0	-616	-1	-671	-0	939	-0	361	0.003	0.177
438.5	NaN	897	NaN	646	0	8	361	0	0	0	197	-0	-616	-1	-671	-0	939	-0	361	-0.007	0.167
