# F34 BrakeDataPreprocessor optimizer-compatible export
# Source session: endurance519
# Segment type: endurance_stint | source time 11585.000 to 12186.900 s
# Source files: Endurance 5-19.txt
# Format: no_drs_21_column | estimated: none | missing-as-NaN: tempFLRaw, tempRLRaw | startup-cleaning: trimmed 0.00 s, start 22.0 C, spikes 1425
Time_s	FL_RotorTemp_RAW	FR_RotorTemp_RAW	RL_RotorTemp_RAW	RR_RotorTemp_RAW	Steering_pct	FrontBrakePressure_RAW	AccelPedalA_pct	AccelPedalB_pct	Reserved	RearBrakePressure_RAW	FL_FeedbackTorque_pctMn	FL_FeedbackVelocity_rpm	FR_FeedbackTorque_pctMn	FR_FeedbackVelocity_rpm	RL_FeedbackTorque_pctMn	RL_FeedbackVelocity_rpm	RR_FeedbackTorque_pctMn	RR_FeedbackVelocity_rpm	Velocity_mps	AccelX_mps2
0	NaN	745	NaN	647	1	357	0	0	0	406	-0	-0	0	0	-0	0	-0	-0	-0.003	0.011
0.1	NaN	745	NaN	647	1	357	0	0	0	406	-0	-0	0	0	-0	0	-0	-0	-0.004	0.017
0.2	NaN	745	NaN	647	1	357	0	0	0	406	-0	-0	0	0	-0	0	-0	-0	-0.003	-0.019
0.3	NaN	745	NaN	647	1	357	0	0	0	406	-0	-0	0	0	-0	0	-0	-0	-0.004	-0.025
0.4	NaN	745	NaN	647	1	357	0	0	0	406	-0	-0	0	0	-0	0	-0	-0	-0.005	-0.012
0.5	NaN	745	NaN	647	1	357	0	0	0	406	-0	-0	0	0	-0	0	-0	-0	-0.006	-0.026
0.6	NaN	745	NaN	647	1	357	0	0	0	406	-0	-0	0	0	-0	0	-0	-0	-0.005	-0.003
0.7	NaN	745	NaN	647	1	357	0	0	0	406	-0	-0	0	0	-0	0	-0	-0	-0.004	-0.012
0.8	NaN	745	NaN	647	1	357	0	0	0	406	-0	-0	0	0	-0	0	-0	-0	-0.003	0.039
0.9	NaN	745	NaN	647	1	357	0	0	0	406	-0	-0	0	0	-0	0	-0	-0	-0.002	0.062
1	NaN	745	NaN	647	1	357	0	0	0	406	-0	-0	0	0	-0	0	-0	-0	-0.005	0.01
1.1	NaN	745	NaN	647	1	357	0	0	0	406	-0	-0	0	0	-0	0	-0	-0	-0.004	0.018
1.2	NaN	745	NaN	647	1	357	0	0	0	406	-0	-0	0	0	-0	0	-0	-0	0.002	-0.013
1.3	NaN	745	NaN	647	1	357	0	0	0	406	-0	-0	0	0	-0	0	-0	-0	0	0
1.4	NaN	745	NaN	647	1	357	0	0	0	406	-0	-0	0	0	-0	0	-0	-0	0.001	0.011
1.5	NaN	745	NaN	647	1	357	0	0	0	406	-0	-0	0	0	-0	0	-0	-0	0.001	-0.022
1.6	NaN	745	NaN	647	1	357	0	0	0	406	-0	-0	0	0	-0	0	-0	-0	0	0.02
1.7	NaN	745	NaN	647	1	357	0	0	0	406	-0	-0	0	0	-0	0	-0	-0	0	-0.016
1.8	NaN	745	NaN	647	1	357	0	0	0	406	-0	-0	0	0	-0	0	-0	-0	0.001	-0.029
1.9	NaN	745	NaN	647	1	357	0	0	0	406	-0	-0	0	0	-0	0	-0	-0	-0	-0.02
2	NaN	745	NaN	647	1	357	0	0	0	406	-0	-0	0	0	-0	0	-0	-0	0	-0.005
2.1	NaN	745	NaN	647	1	357	0	0	0	406	-0	-0	0	0	-0	0	-0	-0	0	-0.003
2.2	NaN	745	NaN	647	1	357	0	0	0	406	-0	-0	0	0	-0	0	-0	-0	0.001	-0.007
2.3	NaN	745	NaN	647	1	357	0	0	0	406	-0	-0	0	0	-0	0	-0	-0	-0	-0.004
2.4	NaN	745	NaN	647	1	357	0	0	0	406	-0	-0	0	0	-0	0	-0	-0	-0.001	-0.008
2.5	NaN	745	NaN	647	1	357	0	0	0	406	-0	-0	0	0	-0	0	-0	-0	-0.001	-0.006
2.6	NaN	745	NaN	647	1	357	0	0	0	406	-0	-0	0	0	-0	0	-0	-0	-0.001	-0.016
2.7	NaN	745	NaN	647	1	357	0	0	0	406	-0	-0	0	0	-0	0	-0	-0	-0.001	-0.021
2.8	NaN	745	NaN	647	1	357	0	0	0	406	-0	-0	0	0	-0	0	-0	-0	-0.002	0.011
2.9	NaN	745	NaN	647	1	357	0	0	0	406	-0	-0	0	0	-0	0	-0	-0	-0.002	0.016
3	NaN	745	NaN	647	1	357	0	0	0	406	-0	-0	0	0	-0	0	-0	-0	-0.001	-0.007
3.1	NaN	745	NaN	647	1	357	0	0	0	406	-0	-0	0	0	-0	0	-0	-0	0.001	-0.002
3.2	NaN	745	NaN	647	1	357	0	0	0	406	-0	-0	0	0	-0	0	-0	-0	0.003	-0
3.3	NaN	745	NaN	647	1	357	0	0	0	406	-0	-0	0	0	-0	0	-0	-0	0.003	-0.014
3.4	NaN	745	NaN	647	1	357	0	0	0	406	-0	-0	0	0	-0	0	-0	-0	0.002	-0.014
3.5	NaN	745	NaN	647	1	357	0	0	0	406	-0	-0	0	0	-0	0	-0	-0	0.001	-0.029
3.6	NaN	745	NaN	647	1	357	0	0	0	406	-0	-0	0	0	-0	0	-0	-0	-0.001	-0.003
3.7	NaN	745	NaN	647	1	357	0	0	0	406	-0	-0	0	0	-0	0	-0	-0	-0.001	0.022
3.8	NaN	745	NaN	647	1	357	0	0	0	406	-0	-0	0	0	-0	0	-0	-0	-0.001	-0.036
3.9	NaN	745	NaN	647	1	357	0	0	0	406	-0	-0	0	0	-0	0	-0	-0	-0.002	0.007
4	NaN	745	NaN	647	1	357	0	0	0	406	-0	-0	0	0	-0	0	-0	-0	-0.002	0.043
4.1	NaN	745	NaN	647	1	357	0	0	0	406	-0	-0	0	0	-0	0	-0	-0	-0.006	-0.009
4.2	NaN	745	NaN	647	1	357	0	0	0	406	-0	-0	0	0	-0	0	-0	-0	-0.004	0.002
4.3	NaN	745	NaN	647	1	357	0	0	0	406	-0	-0	0	0	-0	0	-0	-0	-0.003	0.007
4.4	NaN	745	NaN	647	1	357	0	0	0	406	-0	-0	0	0	-0	0	-0	-0	-0.003	0.005
4.5	NaN	745	NaN	647	1	357	0	0	0	406	-0	-0	0	0	-0	0	-0	-0	-0.003	-0.003
4.6	NaN	745	NaN	647	1	357	0	0	0	406	-0	-0	0	0	-0	0	-0	-0	-0.002	-0.001
4.7	NaN	745	NaN	647	1	357	0	0	0	406	-0	-0	0	0	-0	0	-0	-0	-0.001	0.002
4.8	NaN	745	NaN	647	1	357	0	0	0	406	-0	-0	0	0	-0	0	-0	-0	-0.001	-0.006
4.9	NaN	745	NaN	647	1	357	0	0	0	406	-0	-0	0	0	-0	0	-0	-0	0	-0.018
5	NaN	745	NaN	647	1	357	0	0	0	406	-0	-0	0	0	-0	0	-0	-0	0.001	-0.029
5.1	NaN	745	NaN	647	1	357	0	0	0	406	-0	-0	0	0	-0	0	-0	-0	-0	0.004
5.2	NaN	745	NaN	647	1	357	0	0	0	406	-0	-0	0	0	-0	0	-0	-0	-0.003	-0.01
5.3	NaN	745	NaN	647	1	357	0	0	0	406	-0	-0	0	0	-0	0	-0	-0	-0.003	-0.029
5.4	NaN	745	NaN	647	1	357	0	0	0	406	-0	-0	0	0	-0	0	-0	-0	-0.006	-0.006
5.5	NaN	745	NaN	647	1	357	0	0	0	406	-0	-0	0	0	-0	0	-0	-0	-0.006	-0.02
5.6	NaN	745	NaN	647	1	357	0	0	0	406	-0	-0	0	0	-0	0	-0	-0	-0.006	-0.036
5.7	NaN	745	NaN	647	1	357	0	0	0	406	-0	-0	0	0	-0	0	-0	-0	-0.006	-0.025
5.8	NaN	745	NaN	647	1	357	0	0	0	406	-0	-0	0	0	-0	0	-0	-0	-0.007	-0.002
5.9	NaN	745	NaN	647	1	357	0	0	0	406	-0	-0	0	0	-0	0	-0	-0	-0.005	0.002
6	NaN	745	NaN	647	1	357	0	0	0	406	-0	-0	0	0	-0	0	-0	-0	-0.003	0.004
6.1	NaN	745	NaN	647	1	357	0	0	0	406	-0	-0	0	0	-0	0	-0	-0	-0.002	0.006
6.2	NaN	745	NaN	647	1	357	0	0	0	406	-0	-0	0	0	-0	0	-0	-0	-0.002	0.008
6.3	NaN	745	NaN	647	1	357	0	0	0	406	-0	-0	0	0	-0	0	-0	-0	0	0.006
6.4	NaN	745	NaN	647	1	357	0	0	0	406	-0	-0	0	0	-0	0	-0	-0	0.001	0.005
6.5	NaN	745	NaN	647	1	357	0	0	0	406	-0	-0	0	0	-0	0	-0	-0	0.002	0.003
6.6	NaN	745	NaN	647	1	357	0	0	0	406	-0	-0	0	0	-0	0	-0	-0	0.001	0.011
6.7	NaN	745	NaN	647	1	357	0	0	0	406	-0	-0	0	0	-0	0	-0	-0	-0.001	-0.007
6.8	NaN	745	NaN	647	1	357	0	0	0	406	-0	-0	0	0	-0	0	-0	-0	-0.005	-0.011
6.9	NaN	745	NaN	647	1	357	0	0	0	406	-0	-0	0	0	-0	0	-0	-0	-0.005	-0.014
7	NaN	745	NaN	647	1	357	0	0	0	406	-0	-0	0	0	-0	0	-0	-0	-0.004	0.001
7.1	NaN	745	NaN	647	1	357	0	0	0	406	-0	-0	0	0	-0	0	-0	-0	-0.004	-0.013
7.2	NaN	745	NaN	647	1	357	0	0	0	406	-0	-0	0	0	-0	0	-0	-0	-0.002	-0.01
7.3	NaN	745	NaN	647	1	357	0	0	0	406	-0	-0	0	0	-0	0	-0	-0	-0.003	0.01
7.4	NaN	745	NaN	647	1	357	0	0	0	406	-0	-0	0	0	-0	0	-0	-0	-0.003	-0.003
7.5	NaN	745	NaN	647	1	357	0	0	0	406	-0	-0	0	0	-0	0	-0	-0	-0.002	-0.018
7.6	NaN	745	NaN	647	1	357	0	0	0	406	-0	-0	0	0	-0	0	-0	-0	-0.001	-0.019
7.7	NaN	745	NaN	647	1	357	0	0	0	406	-0	-0	0	0	-0	0	-0	-0	-0.001	-0.007
7.8	NaN	745	NaN	647	1	357	0	0	0	406	-0	-0	0	0	-0	0	-0	-0	-0.001	-0.007
7.9	NaN	745	NaN	647	1	357	0	0	0	406	-0	-0	0	0	-0	0	-0	-0	-0.002	-0.021
8	NaN	745	NaN	647	1	357	0	0	0	406	-0	-0	0	0	-0	0	-0	-0	-0.004	-0.025
8.1	NaN	745	NaN	647	1	357	0	0	0	406	-0	-0	0	0	-0	0	-0	-0	-0.007	-0.013
8.2	NaN	745	NaN	647	1	357	0	0	0	406	-0	-0	0	0	-0	0	-0	-0	-0.007	-0.008
8.3	NaN	745	NaN	647	1	357	0	0	0	406	-0	-0	0	0	-0	0	-0	-0	-0.007	-0.023
8.4	NaN	745	NaN	647	1	357	0	0	0	406	-0	-0	0	0	-0	0	-0	-0	-0.006	-0.018
8.5	NaN	745	NaN	647	1	357	0	0	0	406	-0	-0	0	0	-0	0	-0	-0	-0.006	-0.008
8.6	NaN	745	NaN	647	1	357	0	0	0	406	-0	-0	0	0	-0	0	-0	-0	-0.006	-0.03
8.7	NaN	745	NaN	647	1	357	0	0	0	406	-0	-0	0	0	-0	0	-0	-0	-0.005	-0.019
8.8	NaN	745	NaN	647	1	357	0	0	0	406	-0	-0	0	0	-0	0	-0	-0	-0.005	-0.012
8.9	NaN	745	NaN	647	1	357	0	0	0	406	-0	-0	0	0	-0	0	-0	-0	-0.006	-0.019
9	NaN	745	NaN	647	1	357	0	0	0	406	-0	-0	0	0	-0	0	-0	-0	-0.008	-0
9.1	NaN	745	NaN	647	1	357	0	0	0	406	-0	-0	0	0	-0	0	-0	-0	-0.008	-0.011
9.2	NaN	745	NaN	647	1	357	0	0	0	406	-0	-0	0	0	-0	0	-0	-0	-0.007	-0.007
9.3	NaN	745	NaN	647	1	357	0	0	0	406	-0	-0	0	0	-0	0	-0	-0	-0.006	0.009
9.4	NaN	745	NaN	647	1	357	0	0	0	406	-0	-0	0	0	-0	0	-0	-0	-0.007	-0.003
9.5	NaN	745	NaN	647	1	357	0	0	0	406	-0	-0	0	0	-0	0	-0	-0	-0.007	-0.017
9.6	NaN	745	NaN	647	1	357	0	0	0	406	-0	-0	0	0	-0	0	-0	-0	-0.007	-0.002
9.7	NaN	745	NaN	647	1	357	0	0	0	406	-0	-0	0	0	-0	0	-0	-0	-0.005	0.013
9.8	NaN	745	NaN	647	1	357	0	0	0	406	-0	-0	0	0	-0	0	-0	-0	-0.002	0.011
9.9	NaN	745	NaN	647	1	357	0	0	0	406	-0	-0	0	0	-0	0	-0	-0	-0.002	0.01
10	NaN	745	NaN	647	1	357	0	0	0	406	-0	-0	0	0	-0	0	-0	-0	-0.002	-0.012
10.1	NaN	745	NaN	647	1	357	0	0	0	406	-0	-0	0	0	-0	0	-0	-0	-0.003	-0.011
10.2	NaN	745	NaN	647	1	357	0	0	0	406	-0	-0	0	0	-0	0	-0	-0	-0.003	0.002
10.3	NaN	745	NaN	647	1	357	0	0	0	406	-0	-0	0	0	-0	0	-0	-0	-0.004	0.006
10.4	NaN	745	NaN	647	1	357	0	0	0	406	-0	-0	0	0	-0	0	-0	-0	-0.006	-0.008
10.5	NaN	745	NaN	647	1	357	0	0	0	406	-0	-0	0	0	-0	0	-0	-0	-0.006	-0.008
10.6	NaN	745	NaN	647	1	357	0	0	0	406	-0	-0	0	0	-0	0	-0	-0	-0.005	-0.013
10.7	NaN	745	NaN	647	1	357	0	0	0	406	-0	-0	0	0	-0	0	-0	-0	-0.005	-0
10.8	NaN	745	NaN	647	1	357	0	0	0	406	-0	-0	0	0	-0	0	-0	-0	-0.005	-0.006
10.9	NaN	745	NaN	647	1	357	0	0	0	406	-0	-0	0	0	-0	0	-0	-0	-0.005	0.005
11	NaN	745	NaN	647	1	357	0	0	0	406	-0	-0	0	0	-0	0	-0	-0	-0.005	0.002
11.1	NaN	745	NaN	647	1	357	0	0	0	406	-0	-0	0	0	-0	0	-0	-0	-0.004	0.002
11.2	NaN	745	NaN	647	1	357	0	0	0	406	-0	-0	0	0	-0	0	-0	-0	-0.004	0.026
11.3	NaN	745	NaN	647	1	357	0	0	0	406	-0	-0	0	0	-0	0	-0	-0	-0.004	-0.002
11.4	NaN	745	NaN	647	1	357	0	0	0	406	-0	-0	0	0	-0	0	-0	-0	-0.003	-0.026
11.5	NaN	745	NaN	647	1	357	0	0	0	406	-0	-0	0	0	-0	0	-0	-0	-0.003	-0.015
11.6	NaN	745	NaN	647	1	357	0	0	0	406	-0	-0	0	0	-0	0	-0	-0	-0.003	0.011
11.7	NaN	745	NaN	647	1	357	0	0	0	406	-0	-0	0	0	-0	0	-0	-0	-0.003	0.003
11.8	NaN	745	NaN	647	1	357	0	0	0	406	-0	-0	0	0	-0	0	-0	-0	-0.003	-0.007
11.9	NaN	745	NaN	647	1	357	0	0	0	406	-0	-0	0	0	-0	0	-0	-0	-0.003	-0.016
12	NaN	745	NaN	647	1	357	0	0	0	406	-0	-0	0	0	-0	0	-0	-0	-0.004	-0.016
12.1	NaN	745	NaN	647	1	357	0	0	0	406	-0	-0	0	0	-0	0	-0	-0	-0.004	-0.011
12.2	NaN	745	NaN	647	1	357	0	0	0	406	-0	-0	0	0	-0	0	-0	-0	-0.003	-0.016
12.3	NaN	745	NaN	647	1	357	0	0	0	406	-0	-0	0	0	-0	0	-0	-0	-0.002	-0.002
12.4	NaN	745	NaN	647	1	357	0	0	0	406	-0	-0	0	0	-0	0	-0	-0	-0.003	-0.007
12.5	NaN	745	NaN	647	1	357	0	0	0	406	-0	-0	0	0	-0	0	-0	-0	-0.004	-0.012
12.6	NaN	745	NaN	647	1	357	0	0	0	406	-0	-0	0	0	-0	0	-0	-0	-0.003	-0.011
12.7	NaN	745	NaN	647	1	357	0	0	0	406	-0	-0	0	0	-0	0	-0	-0	-0.002	-0.006
12.8	NaN	745	NaN	647	1	357	0	0	0	406	-0	-0	0	0	-0	0	-0	-0	-0.003	0.004
12.9	NaN	745	NaN	647	1	357	0	0	0	406	-0	-0	0	0	-0	0	-0	-0	-0.004	-0.001
13	NaN	745	NaN	647	1	357	0	0	0	406	-0	-0	0	0	-0	0	-0	-0	-0.004	-0.001
13.1	NaN	745	NaN	647	1	357	0	0	0	406	-0	-0	0	0	-0	0	-0	-0	-0.005	-0.007
13.2	NaN	745	NaN	647	1	357	0	0	0	406	-0	-0	0	0	-0	0	-0	-0	-0.004	-0.017
13.3	NaN	745	NaN	647	1	357	0	0	0	406	-0	-0	0	0	-0	0	-0	-0	-0.002	-0.007
13.4	NaN	745	NaN	647	1	357	0	0	0	406	-0	-0	0	0	-0	0	-0	-0	0.002	-0.012
13.5	NaN	745	NaN	647	1	357	0	0	0	406	-0	-0	0	0	-0	0	-0	-0	0.001	-0.003
13.6	NaN	745	NaN	647	1	357	0	0	0	406	-0	-0	0	0	-0	0	-0	-0	0.001	0.003
13.7	NaN	745	NaN	647	1	357	0	0	0	406	-0	-0	0	0	-0	0	-0	-0	-0	-0.018
13.8	NaN	745	NaN	647	1	357	0	0	0	406	-0	-0	0	0	-0	0	-0	-0	-0.002	-0.005
13.9	NaN	745	NaN	647	1	357	0	0	0	406	-0	-0	0	0	-0	0	-0	-0	-0.002	0.002
14	NaN	745	NaN	647	1	357	0	0	0	406	-0	-0	0	0	-0	0	-0	-0	-0.002	-0.012
14.1	NaN	745	NaN	647	1	357	0	0	0	406	-0	-0	0	0	-0	0	-0	-0	-0.002	-0.012
14.2	NaN	745	NaN	647	1	357	0	0	0	406	-0	-0	0	0	-0	0	-0	-0	-0.001	0.004
14.3	NaN	745	NaN	647	1	357	0	0	0	406	-0	-0	0	0	-0	0	-0	-0	0	-0.006
14.4	NaN	745	NaN	647	1	357	0	0	0	406	-0	-0	0	0	-0	0	-0	-0	0.001	-0.011
14.5	NaN	745	NaN	647	1	357	0	0	0	406	-0	-0	0	0	-0	0	-0	-0	0	-0.024
14.6	NaN	745	NaN	647	1	357	0	0	0	406	-0	-0	0	0	-0	0	-0	-0	-0	-0.019
14.7	NaN	745	NaN	647	1	357	0	0	0	406	-0	-0	0	0	-0	0	-0	-0	-0	0.008
14.8	NaN	745	NaN	647	1	357	0	0	0	406	-0	-0	0	0	-0	0	-0	-0	-0	0.007
14.9	NaN	745	NaN	647	1	357	0	0	0	406	-0	-0	0	0	-0	0	-0	-0	0	0.001
15	NaN	745	NaN	647	1	357	0	0	0	406	-0	-0	0	0	-0	0	-0	-0	0.001	-0.008
15.1	NaN	745	NaN	647	1	357	0	0	0	406	-0	-0	0	0	-0	0	-0	-0	-0	-0.017
15.2	NaN	745	NaN	647	1	357	0	0	0	406	-0	-0	0	0	-0	0	-0	-0	-0.002	-0.018
15.3	NaN	745	NaN	647	1	357	0	0	0	406	-0	-0	0	0	-0	0	-0	-0	-0.002	-0.018
15.4	NaN	745	NaN	647	1	357	0	0	0	406	-0	-0	0	0	-0	0	-0	-0	-0.003	-0.024
15.5	NaN	745	NaN	647	1	357	0	0	0	406	-0	-0	0	0	-0	0	-0	-0	-0.003	-0.007
15.6	NaN	745	NaN	647	1	357	0	0	0	406	-0	-0	0	0	-0	0	-0	-0	-0.004	0.008
15.7	NaN	745	NaN	647	1	357	0	0	0	406	-0	-0	0	0	-0	0	-0	-0	-0.004	0.003
15.8	NaN	745	NaN	647	1	357	0	0	0	406	-0	-0	0	0	-0	0	-0	-0	-0.004	-0.012
15.9	NaN	745	NaN	647	1	357	0	0	0	406	-0	-0	0	0	-0	0	-0	-0	-0.004	-0.014
16	NaN	745	NaN	647	1	357	0	0	0	406	-0	-0	0	0	-0	0	-0	-0	-0.004	-0.009
16.1	NaN	745	NaN	647	1	357	0	0	0	406	-0	-0	0	0	-0	0	-0	-0	-0.004	-0.007
16.2	NaN	745	NaN	647	1	357	0	0	0	406	-0	-0	0	0	-0	0	-0	-0	-0.004	-0.004
16.3	NaN	745	NaN	647	1	357	0	0	0	406	-0	-0	0	0	-0	0	-0	-0	-0.005	-0.008
16.4	NaN	745	NaN	647	1	357	0	0	0	406	-0	-0	0	0	-0	0	-0	-0	-0.005	0.009
16.5	NaN	745	NaN	647	1	357	0	0	0	406	-0	-0	0	0	-0	0	-0	-0	-0.004	0.015
16.6	NaN	745	NaN	647	1	357	0	0	0	406	-0	-0	0	0	-0	0	-0	-0	-0.005	0.004
16.7	NaN	745	NaN	647	1	357	0	0	0	406	-0	-0	0	0	-0	0	-0	-0	-0.006	0.005
16.8	NaN	745	NaN	647	1	357	0	0	0	406	-0	-0	0	0	-0	0	-0	-0	-0.006	-0.004
16.9	NaN	745	NaN	647	1	357	0	0	0	406	-0	-0	0	0	-0	0	-0	-0	-0.006	-0.013
17	NaN	745	NaN	647	1	357	0	0	0	406	-0	-0	0	0	-0	0	-0	-0	-0.005	-0.011
17.1	NaN	745	NaN	647	1	357	0	0	0	406	-0	-0	0	0	-0	0	-0	-0	-0.003	0.001
17.2	NaN	745	NaN	647	1	357	0	0	0	406	-0	-0	0	0	-0	0	-0	-0	-0.003	0.006
17.3	NaN	745	NaN	647	1	357	0	0	0	406	-0	-0	0	0	-0	0	-0	-0	-0.001	-0.006
17.4	NaN	745	NaN	647	1	357	0	0	0	406	-0	-0	0	0	-0	0	-0	-0	0	-0.002
17.5	NaN	745	NaN	647	1	357	0	0	0	406	-0	-0	0	0	-0	0	-0	-0	0	0.005
17.6	NaN	745	NaN	647	1	357	0	0	0	406	-0	-0	0	0	-0	0	-0	-0	0.001	-0.014
17.7	NaN	745	NaN	647	1	357	0	0	0	406	-0	-0	0	0	-0	0	-0	-0	0.001	-0.017
17.8	NaN	745	NaN	647	1	357	0	0	0	406	-0	-0	0	0	-0	0	-0	-0	0.001	-0.006
17.9	NaN	745	NaN	647	1	357	0	0	0	406	-0	-0	0	0	-0	0	-0	-0	-0	-0.02
18	NaN	745	NaN	647	1	357	0	0	0	406	-0	-0	0	0	-0	0	-0	-0	-0.001	-0.017
18.1	NaN	745	NaN	647	1	357	0	0	0	406	-0	-0	0	0	-0	0	-0	-0	0	-0.007
18.2	NaN	745	NaN	647	1	357	0	0	0	406	-0	-0	0	0	-0	0	-0	-0	0.001	0.009
18.3	NaN	745	NaN	647	1	357	0	0	0	406	-0	-0	0	0	-0	0	-0	-0	0.002	0.01
18.4	NaN	745	NaN	647	1	357	0	0	0	406	-0	-0	0	0	-0	0	-0	-0	0.002	-0.014
18.5	NaN	745	NaN	647	1	357	0	0	0	406	-0	-0	0	0	-0	0	-0	-0	0.003	-0.022
18.6	NaN	745	NaN	647	1	357	0	0	0	406	-0	-0	0	0	-0	0	-0	-0	0.003	0.005
18.7	NaN	745	NaN	647	1	357	0	0	0	406	-0	-0	0	0	-0	0	-0	-0	0.002	0.004
18.8	NaN	745	NaN	647	1	357	0	0	0	406	-0	-0	0	0	-0	0	-0	-0	0	-0.005
18.9	NaN	745	NaN	647	1	357	0	0	0	406	-0	-0	0	0	-0	0	-0	-0	0	-0.002
19	NaN	745	NaN	647	1	357	0	0	0	406	-0	-0	0	0	-0	0	-0	-0	0.001	-0.01
19.1	NaN	745	NaN	647	1	357	0	0	0	406	-0	-0	0	0	-0	0	-0	-0	0.002	-0.014
19.2	NaN	745	NaN	647	1	357	0	0	0	406	-0	-0	0	0	-0	0	-0	-0	0.002	-0.016
19.3	NaN	745	NaN	647	1	357	0	0	0	406	-0	-0	0	0	-0	0	-0	-0	0.003	-0.015
19.4	NaN	745	NaN	647	1	357	0	0	0	406	-0	-0	0	0	-0	0	-0	-0	0.004	-0.011
19.5	NaN	745	NaN	647	1	357	0	0	0	406	-0	-0	0	0	-0	0	-0	-0	0.003	-0.018
19.6	NaN	745	NaN	647	1	357	0	0	0	406	-0	-0	0	0	-0	0	-0	-0	0.003	-0.014
19.7	NaN	745	NaN	647	1	357	0	0	0	406	-0	-0	0	0	-0	0	-0	-0	0.004	-0.01
19.8	NaN	745	NaN	647	1	357	0	0	0	406	-0	-0	0	0	-0	0	-0	-0	0.005	-0.001
19.9	NaN	745	NaN	647	1	357	0	0	0	406	-0	-0	0	0	-0	0	-0	-0	0.005	-0.017
20	NaN	745	NaN	647	1	357	0	0	0	406	-0	-0	0	0	-0	0	-0	-0	0.006	-0.025
20.1	NaN	745	NaN	647	1	357	0	0	0	406	-0	-0	0	0	-0	0	-0	-0	0.006	-0.002
20.2	NaN	745	NaN	647	1	357	0	0	0	406	-0	-0	0	0	-0	0	-0	-0	0.007	0.001
20.3	NaN	745	NaN	647	1	357	0	0	0	406	-0	-0	0	0	-0	0	-0	-0	0.007	-0.016
20.4	NaN	745	NaN	647	1	357	0	0	0	406	-0	-0	0	0	-0	0	-0	-0	0.006	-0.024
20.5	NaN	745	NaN	647	1	357	0	0	0	406	-0	-0	0	0	-0	0	-0	-0	0.004	-0.02
20.6	NaN	745	NaN	647	1	357	0	0	0	406	-0	-0	0	0	-0	0	-0	-0	0.004	0.001
20.7	NaN	745	NaN	647	1	357	0	0	0	406	-0	-0	0	0	-0	0	-0	-0	0.004	0.003
20.8	NaN	745	NaN	647	1	357	0	0	0	406	-0	-0	0	0	-0	0	-0	-0	0.003	0.005
20.9	NaN	745	NaN	647	1	357	0	0	0	406	-0	-0	0	0	-0	0	-0	-0	0.002	-0.002
21	NaN	745	NaN	647	1	357	0	0	0	406	-0	-0	0	0	-0	0	-0	-0	0.001	-0.009
21.1	NaN	745	NaN	647	1	357	0	0	0	406	-0	-0	0	0	-0	0	-0	-0	-0	-0.012
21.2	NaN	745	NaN	647	1	357	0	0	0	406	-0	-0	0	0	-0	0	-0	-0	-0.001	-0.005
21.3	NaN	745	NaN	647	1	357	0	0	0	406	-0	-0	0	0	-0	0	-0	-0	-0.002	-0.003
21.4	NaN	745	NaN	647	1	357	0	0	0	406	-0	-0	0	0	-0	0	-0	-0	0.001	0.005
21.5	NaN	745	NaN	647	1	357	0	0	0	406	-0	-0	0	0	-0	0	-0	-0	0.006	0.015
21.6	NaN	745	NaN	647	1	357	0	0	0	406	-0	-0	0	0	-0	0	-0	-0	0.006	-0.012
21.7	NaN	745	NaN	647	1	357	0	0	0	406	-0	-0	0	0	-0	0	-0	-0	0.003	-0.005
21.8	NaN	745	NaN	647	1	357	0	0	0	406	-0	-0	0	0	-0	0	-0	-0	0	-0.004
21.9	NaN	745	NaN	647	1	357	0	0	0	406	-0	-0	0	0	-0	0	-0	-0	0.001	-0.006
22	NaN	745	NaN	647	1	357	0	0	0	406	-0	-0	0	0	-0	0	-0	-0	0.002	-0.005
22.1	NaN	745	NaN	647	1	357	0	0	0	406	-0	-0	0	0	-0	0	-0	-0	0.002	-0.008
22.2	NaN	745	NaN	647	1	357	0	0	0	406	-0	-0	0	0	-0	0	-0	-0	0.001	-0.01
22.3	NaN	745	NaN	647	1	357	0	0	0	406	-0	-0	0	0	-0	0	-0	-0	-0.001	-0.018
22.4	NaN	745	NaN	647	1	357	0	0	0	406	-0	-0	0	0	-0	0	-0	-0	-0.003	-0.011
22.5	NaN	745	NaN	647	1	357	0	0	0	406	-0	-0	0	0	-0	0	-0	-0	-0.004	0.006
22.6	NaN	745	NaN	647	1	357	0	0	0	406	-0	-0	0	0	-0	0	-0	-0	-0.004	-0.003
22.7	NaN	745	NaN	647	1	357	0	0	0	406	-0	-0	0	0	-0	0	-0	-0	-0.004	-0.007
22.8	NaN	745	NaN	647	1	357	0	0	0	406	-0	-0	0	0	-0	0	-0	-0	-0.004	-0.001
22.9	NaN	745	NaN	647	1	357	0	0	0	406	-0	-0	0	0	-0	0	-0	-0	-0.004	-0.013
23	NaN	745	NaN	647	1	357	0	0	0	406	-0	-0	0	0	-0	0	-0	-0	-0.005	-0.009
23.1	NaN	745	NaN	647	1	357	0	0	0	406	-0	-0	0	0	-0	0	-0	-0	-0.005	0.004
23.2	NaN	745	NaN	647	1	357	0	0	0	406	-0	-0	0	0	-0	0	-0	-0	-0.006	-0.018
23.3	NaN	745	NaN	647	1	357	0	0	0	406	-0	-0	0	0	-0	0	-0	-0	-0.005	-0.02
23.4	NaN	745	NaN	647	1	357	0	0	0	406	-0	-0	0	0	-0	0	-0	-0	-0.005	-0.01
23.5	NaN	745	NaN	647	1	357	0	0	0	406	-0	-0	0	0	-0	0	-0	-0	-0.003	-0.008
23.6	NaN	745	NaN	647	1	357	0	0	0	406	-0	-0	0	0	-0	0	-0	-0	0	-0.005
23.7	NaN	745	NaN	647	1	357	0	0	0	406	-0	-0	0	0	-0	0	-0	-0	0.001	-0.01
23.8	NaN	745	NaN	647	1	357	0	0	0	406	-0	-0	0	0	-0	0	-0	-0	0.003	-0.008
23.9	NaN	745	NaN	647	1	357	0	0	0	406	-0	-0	0	0	-0	0	-0	-0	0.003	-0.064
24	NaN	745	NaN	647	1	357	0	0	0	406	-0	-0	0	0	-0	0	-0	-0	0.002	-0.075
24.1	NaN	745	NaN	647	1	357	0	0	0	406	-0	-0	0	0	-0	0	-0	-0	0.002	0.012
24.2	NaN	745	NaN	647	1	357	0	0	0	406	-0	-0	0	0	-0	0	-0	-0	0.003	-0.018
24.3	NaN	745	NaN	647	1	357	0	0	0	406	-0	-0	0	0	-0	0	-0	-0	0.006	0.029
24.4	NaN	745	NaN	647	1	357	0	0	0	406	-0	-0	0	0	-0	0	-0	-0	0.003	0.008
24.5	NaN	745	NaN	647	1	357	0	0	0	406	-0	-0	0	0	-0	0	-0	-0	-0.002	0.004
24.6	NaN	745	NaN	647	1	357	0	0	0	406	-0	-0	0	0	-0	0	-0	-0	-0.001	0.003
24.7	NaN	745	NaN	647	1	357	0	0	0	406	-0	-0	0	0	-0	0	-0	-0	-0.001	-0.022
24.8	NaN	745	NaN	647	1	357	0	0	0	406	-0	-0	0	0	-0	0	-0	-0	0	-0.014
24.9	NaN	745	NaN	647	1	357	0	0	0	406	-0	-0	0	0	-0	0	-0	-0	0.001	-0.023
25	NaN	745	NaN	647	1	357	0	0	0	406	-0	-0	0	0	-0	0	-0	-0	0.002	-0.013
25.1	NaN	745	NaN	647	1	357	0	0	0	406	-0	-0	0	0	-0	0	-0	-0	0.004	-0.013
25.2	NaN	745	NaN	647	1	357	0	0	0	406	-0	-0	0	0	-0	0	-0	-0	0.004	-0.009
25.3	NaN	745	NaN	647	1	357	0	0	0	406	-0	-0	0	0	-0	0	-0	-0	0.006	0.024
25.4	NaN	745	NaN	647	1	357	0	0	0	406	-0	-0	0	0	-0	0	-0	-0	0.008	0.009
25.5	NaN	745	NaN	647	1	357	0	0	0	406	-0	-0	0	0	-0	0	-0	-0	0.01	0.022
25.6	NaN	745	NaN	647	1	357	0	0	0	406	-0	-0	0	0	-0	0	-0	-0	0.013	0.04
25.7	NaN	745	NaN	647	1	357	0	0	0	406	-0	-0	0	0	-0	0	-0	-0	0.017	-0.004
25.8	NaN	745	NaN	647	1	357	0	0	0	406	-0	-0	0	0	-0	0	-0	-0	0.015	-0.06
25.9	NaN	745	NaN	647	1	357	0	0	0	406	-0	-0	0	0	-0	0	-0	-0	0.008	-0.088
26	NaN	745	NaN	647	1	357	0	0	0	406	-0	-0	0	0	-0	0	-0	-0	0.004	-0.043
26.1	NaN	745	NaN	647	1	357	0	0	0	406	-0	-0	0	0	-0	0	-0	-0	0.001	-0.001
26.2	NaN	745	NaN	647	1	357	0	0	0	406	-0	-0	0	0	-0	0	-0	-0	0	-0.03
26.3	NaN	745	NaN	647	1	357	0	0	0	406	-0	-0	0	0	-0	0	-0	-0	0.004	-0.004
26.4	NaN	745	NaN	647	1	357	0	0	0	406	-0	-0	0	0	-0	0	-0	-0	0.01	0.038
26.5	NaN	745	NaN	647	1	357	0	0	0	406	-0	-0	0	0	-0	0	-0	-0	0.016	0.081
26.6	NaN	745	NaN	647	1	357	0	0	0	406	-0	-0	0	0	-0	0	-0	-0	0.024	0.141
26.7	NaN	745	NaN	647	1	357	0	0	0	406	-0	-0	0	0	-0	0	-0	-0	0.047	0.333
26.8	NaN	745	NaN	647	1	357	0	0	0	406	-0	-0	0	0	-0	0	-0	-0	0.081	0.446
26.9	NaN	745	NaN	647	1	357	0	0	0	406	-0	-0	0	0	-0	0	-0	-0	0.111	0.331
27	NaN	745	NaN	647	1	357	0	0	0	406	-0	-0	0	0	-0	0	-0	-0	0.151	0.415
27.1	NaN	745	NaN	647	1	357	0	0	0	406	-0	-0	0	0	-0	0	-0	-0	0.186	0.386
27.2	NaN	745	NaN	647	1	357	0	0	0	406	-0	-0	0	0	-0	0	-0	-0	0.237	0.425
27.3	NaN	745	NaN	647	1	357	0	0	0	406	-0	-0	0	0	-0	0	-0	-0	0.291	0.455
27.4	NaN	745	NaN	647	1	357	0	0	0	406	-0	-0	0	0	-0	0	-0	-0	0.344	0.307
27.5	NaN	745	NaN	647	1	357	0	0	0	406	-0	-0	0	0	-0	0	-0	-0	0.379	0.262
27.6	NaN	745	NaN	647	1	357	0	0	0	406	-0	-0	0	0	-0	0	-0	-0	0.426	0.313
27.7	NaN	745	NaN	647	1	357	0	0	0	406	-0	-0	0	0	-0	0	-0	-0	0.46	0.254
27.8	NaN	745	NaN	647	1	357	0	0	0	406	-0	-0	0	0	-0	0	-0	-0	0.494	0.303
27.9	NaN	745	NaN	647	1	357	0	0	0	406	-0	-0	0	0	-0	0	-0	-0	0.53	0.441
28	NaN	745	NaN	647	1	357	0	0	0	406	-0	-0	0	0	-0	0	-0	-0	0.568	0.369
28.1	NaN	745	NaN	647	1	357	0	0	0	406	-0	-0	0	0	-0	0	-0	-0	0.604	0.329
28.2	NaN	745	NaN	647	1	357	0	0	0	406	-0	-0	0	0	-0	0	-0	-0	0.635	0.278
28.3	NaN	745	NaN	647	1	357	0	0	0	406	-0	-0	0	0	-0	0	-0	-0	0.653	0.224
28.4	NaN	745	NaN	647	1	357	0	0	0	406	-0	-0	0	0	-0	0	-0	-0	0.672	0.266
28.5	NaN	745	NaN	647	1	357	0	0	0	406	-0	-0	0	0	-0	0	-0	-0	0.694	0.143
28.6	NaN	745	NaN	647	1	357	0	0	0	406	-0	-0	0	0	-0	0	-0	-0	0.712	0.064
28.7	NaN	745	NaN	647	1	357	0	0	0	406	-0	-0	0	0	-0	0	-0	-0	0.733	0.242
28.8	NaN	745	NaN	647	1	357	0	0	0	406	-0	-0	0	0	-0	0	-0	-0	0.748	0.193
28.9	NaN	745	NaN	647	1	357	0	0	0	406	-0	-0	0	0	-0	0	-0	-0	0.767	0.162
29	NaN	745	NaN	647	1	357	0	0	0	406	-0	-0	0	0	-0	0	-0	-0	0.792	0.294
29.1	NaN	745	NaN	647	1	357	0	0	0	406	-0	-0	0	0	-0	0	-0	-0	0.821	0.306
29.2	NaN	745	NaN	647	1	357	0	0	0	406	-0	-0	0	0	-0	0	-0	-0	0.843	0.228
29.3	NaN	745	NaN	647	1	357	0	0	0	406	-0	-0	0	0	-0	0	-0	-0	0.868	0.229
29.4	NaN	745	NaN	647	1	357	0	0	0	406	-0	-0	0	0	-0	0	-0	-0	0.896	0.268
29.5	NaN	745	NaN	647	1	357	0	0	0	406	-0	-0	0	0	-0	0	-0	-0	0.933	0.265
29.6	NaN	745	NaN	647	1	357	0	0	0	406	-0	-0	0	0	-0	0	-0	-0	0.948	0.231
29.7	NaN	745	NaN	647	1	357	0	0	0	406	-0	-0	0	0	-0	0	-0	-0	0.961	0.159
29.8	NaN	745	NaN	647	1	357	0	0	0	406	-0	-0	0	0	-0	0	-0	-0	0.972	0.094
29.9	NaN	745	NaN	647	1	357	0	0	0	406	-0	-0	0	0	-0	0	-0	-0	0.987	0.069
30	NaN	745	NaN	647	1	357	0	0	0	406	-0	-0	0	0	-0	0	-0	-0	1.001	0.187
30.1	NaN	745	NaN	647	1	357	0	0	0	406	-0	-0	0	0	-0	0	-0	-0	1.016	0.199
30.2	NaN	745	NaN	647	1	357	0	0	0	406	-0	-0	0	0	-0	0	-0	-0	1.029	0.13
30.3	NaN	745	NaN	647	1	357	0	0	0	406	-0	-0	0	0	-0	0	-0	-0	1.038	0.102
30.4	NaN	745	NaN	647	1	357	0	0	0	406	-0	-0	0	0	-0	0	-0	-0	1.049	0.271
30.5	NaN	745	NaN	647	1	357	0	0	0	406	-0	-0	0	0	-0	0	-0	-0	1.058	0.201
30.6	NaN	745	NaN	647	1	357	0	0	0	406	-0	-0	0	0	-0	0	-0	-0	1.069	0.081
30.7	NaN	745	NaN	647	1	357	0	0	0	406	-0	-0	0	0	-0	0	-0	-0	1.081	0.06
30.8	NaN	745	NaN	647	1	357	0	0	0	406	-0	-0	0	0	-0	0	-0	-0	1.09	-0.009
30.9	NaN	745	NaN	647	1	357	0	0	0	406	-0	-0	0	0	-0	0	-0	-0	1.094	-0.019
31	NaN	745	NaN	647	1	357	0	0	0	406	-0	-0	0	0	-0	0	-0	-0	1.1	-0.101
31.1	NaN	745	NaN	647	1	357	0	0	0	406	-0	-0	0	0	-0	0	-0	-0	1.109	-0.107
31.2	NaN	745	NaN	647	1	357	0	0	0	406	-0	-0	0	0	-0	0	-0	-0	1.12	0.14
31.3	NaN	745	NaN	647	1	357	0	0	0	406	-0	-0	0	0	-0	0	-0	-0	1.133	0.176
31.4	NaN	745	NaN	647	1	357	0	0	0	406	-0	-0	0	0	-0	0	-0	-0	1.144	-0.035
31.5	NaN	745	NaN	647	1	357	0	0	0	406	-0	-0	0	0	-0	0	-0	-0	1.143	0.019
31.6	NaN	745	NaN	647	1	357	0	0	0	406	-0	-0	0	0	-0	0	-0	-0	1.149	0.046
31.7	NaN	745	NaN	647	1	357	0	0	0	406	-0	-0	0	0	-0	0	-0	-0	1.157	-0.042
31.8	NaN	745	NaN	647	1	357	0	0	0	406	-0	-0	0	0	-0	0	-0	-0	1.157	0.063
31.9	NaN	745	NaN	647	1	357	0	0	0	406	-0	-0	0	0	-0	0	-0	-0	1.161	0.061
32	NaN	745	NaN	647	1	357	0	0	0	406	-0	-0	0	0	-0	0	-0	-0	1.164	0.015
32.1	NaN	745	NaN	647	1	357	0	0	0	406	-0	-0	0	0	-0	0	-0	-0	1.171	0.017
32.2	NaN	745	NaN	647	1	357	0	0	0	406	-0	-0	0	0	-0	0	-0	-0	1.183	-0.053
32.3	NaN	745	NaN	647	1	357	0	0	0	406	-0	-0	0	0	-0	0	-0	-0	1.194	0.084
32.4	NaN	745	NaN	647	1	357	0	0	0	406	-0	-0	0	0	-0	0	-0	-0	1.207	0.297
32.5	NaN	745	NaN	647	1	357	0	0	0	406	-0	-0	0	0	-0	0	-0	-0	1.216	0.127
32.6	NaN	745	NaN	647	1	357	0	0	0	406	-0	-0	0	0	-0	0	-0	-0	1.213	0.075
32.7	NaN	745	NaN	647	1	357	0	0	0	406	-0	-0	0	0	-0	0	-0	-0	1.205	-0.018
32.8	NaN	745	NaN	647	1	357	0	0	0	406	-0	-0	0	0	-0	0	-0	-0	1.198	-0.134
32.9	NaN	745	NaN	647	1	357	0	0	0	406	-0	-0	0	0	-0	0	-0	-0	1.196	0.025
33	NaN	745	NaN	647	1	357	0	0	0	406	-0	-0	0	0	-0	0	-0	-0	1.201	0.081
33.1	NaN	745	NaN	647	1	357	0	0	0	406	-0	-0	0	0	-0	0	-0	-0	1.205	-0.011
33.2	NaN	745	NaN	647	1	357	0	0	0	406	-0	-0	0	0	-0	0	-0	-0	1.206	0.069
33.3	NaN	745	NaN	647	1	357	0	0	0	406	-0	-0	0	0	-0	0	-0	-0	1.208	0.079
33.4	NaN	745	NaN	647	1	357	0	0	0	406	-0	-0	0	0	-0	0	-0	-0	1.218	0.07
33.5	NaN	745	NaN	647	1	357	0	0	0	406	-0	-0	0	0	-0	0	-0	-0	1.233	0.157
33.6	NaN	745	NaN	647	1	357	0	0	0	406	-0	-0	0	0	-0	0	-0	-0	1.244	0.173
33.7	NaN	745	NaN	647	1	357	0	0	0	406	-0	-0	0	0	-0	0	-0	-0	1.249	-0.053
33.8	NaN	745	NaN	647	1	357	0	0	0	406	-0	-0	0	0	-0	0	-0	-0	1.241	-0.125
33.9	NaN	745	NaN	647	1	357	0	0	0	406	-0	-0	0	0	-0	0	-0	-0	1.232	0.002
34	NaN	745	NaN	647	1	357	0	0	0	406	-0	-0	0	0	-0	0	-0	-0	1.227	-0.022
34.1	NaN	745	NaN	647	1	357	0	0	0	406	-0	-0	0	0	-0	0	-0	-0	1.225	0.093
34.2	NaN	745	NaN	647	1	357	0	0	0	406	-0	-0	0	0	-0	0	-0	-0	1.225	-0.044
34.3	NaN	745	NaN	647	1	357	0	0	0	406	-0	-0	0	0	-0	0	-0	-0	1.218	-0.132
34.4	NaN	745	NaN	647	1	357	0	0	0	406	-0	-0	0	0	-0	0	-0	-0	1.21	0.054
34.5	NaN	745	NaN	647	1	357	0	0	0	406	-0	-0	0	0	-0	0	-0	-0	1.216	0.225
34.6	NaN	745	NaN	647	1	357	0	0	0	406	-0	-0	0	0	-0	0	-0	-0	1.231	0.266
34.7	NaN	745	NaN	647	1	357	0	0	0	406	-0	-0	0	0	-0	0	-0	-0	1.249	0.152
34.8	NaN	745	NaN	647	1	357	0	0	0	406	-0	-0	0	0	-0	0	-0	-0	1.265	0.012
34.9	NaN	745	NaN	647	1	357	0	0	0	406	-0	-0	0	0	-0	0	-0	-0	1.268	-0.041
35	NaN	745	NaN	647	1	357	0	0	0	406	-0	-0	0	0	-0	0	-0	-0	1.269	-0.167
35.1	NaN	745	NaN	647	1	357	0	0	0	406	-0	-0	0	0	-0	0	-0	-0	1.268	-0.079
35.2	NaN	745	NaN	647	1	357	0	0	0	406	-0	-0	0	0	-0	0	-0	-0	1.269	0.067
35.3	NaN	745	NaN	647	1	357	0	0	0	406	-0	-0	0	0	-0	0	-0	-0	1.27	-0.041
35.4	NaN	745	NaN	647	1	357	0	0	0	406	-0	-0	0	0	-0	0	-0	-0	1.268	-0.03
35.5	NaN	745	NaN	647	1	357	0	0	0	406	-0	-0	0	0	-0	0	-0	-0	1.267	0.043
35.6	NaN	745	NaN	647	1	357	0	0	0	406	-0	-0	0	0	-0	0	-0	-0	1.269	0.019
35.7	NaN	745	NaN	647	1	357	0	0	0	406	-0	-0	0	0	-0	0	-0	-0	1.285	0.056
35.8	NaN	745	NaN	647	1	357	0	0	0	406	-0	-0	0	0	-0	0	-0	-0	1.311	0.034
35.9	NaN	745	NaN	647	1	357	0	0	0	406	-0	-0	0	0	-0	0	-0	-0	1.324	0.062
36	NaN	745	NaN	647	1	357	0	0	0	406	-0	-0	0	0	-0	0	-0	-0	1.336	0.059
36.1	NaN	745	NaN	647	1	357	0	0	0	406	-0	-0	0	0	-0	0	-0	-0	1.341	0.061
36.2	NaN	745	NaN	647	1	357	0	0	0	406	-0	-0	0	0	-0	0	-0	-0	1.338	0.011
36.3	NaN	745	NaN	647	1	357	0	0	0	406	-0	-0	0	0	-0	0	-0	-0	1.339	-0.026
36.4	NaN	745	NaN	647	1	357	0	0	0	406	-0	-0	0	0	-0	0	-0	-0	1.352	0.178
36.5	NaN	745	NaN	647	1	357	0	0	0	406	-0	-0	0	0	-0	0	-0	-0	1.367	0.179
36.6	NaN	745	NaN	647	1	357	0	0	0	406	-0	-0	0	0	-0	0	-0	-0	1.383	0.061
36.7	NaN	745	NaN	647	1	357	0	0	0	406	-0	-0	0	0	-0	0	-0	-0	1.396	0.033
36.8	NaN	745	NaN	647	1	357	0	0	0	406	-0	-0	0	0	-0	0	-0	-0	1.415	0.168
36.9	NaN	745	NaN	647	1	357	0	0	0	406	-0	-0	0	0	-0	0	-0	-0	1.445	0.321
37	NaN	745	NaN	647	1	357	0	0	0	406	-0	-0	0	0	-0	0	-0	-0	1.468	0.426
37.1	NaN	745	NaN	647	1	357	0	0	0	406	-0	-0	0	0	-0	0	-0	-0	1.49	0.179
37.2	NaN	745	NaN	647	1	357	0	0	0	406	-0	-0	0	0	-0	0	-0	-0	1.488	0.007
37.3	NaN	745	NaN	647	1	357	0	0	0	406	-0	-0	0	0	-0	0	-0	-0	1.482	-0.123
37.4	NaN	745	NaN	647	1	357	0	0	0	406	-0	-0	0	0	-0	0	-0	-0	1.479	-0.123
37.5	NaN	745	NaN	647	1	357	0	0	0	406	-0	-0	0	0	-0	0	-0	-0	1.479	-0.018
37.6	NaN	745	NaN	647	1	357	0	0	0	406	-0	-0	0	0	-0	0	-0	-0	1.474	-0.018
37.7	NaN	745	NaN	647	1	357	0	0	0	406	-0	-0	0	0	-0	0	-0	-0	1.465	-0.136
37.8	NaN	745	NaN	647	1	357	0	0	0	406	-0	-0	0	0	-0	0	-0	-0	1.46	-0.167
37.9	NaN	745	NaN	647	1	357	0	0	0	406	-0	-0	0	0	-0	0	-0	-0	1.457	-0.032
38	NaN	745	NaN	647	1	357	0	0	0	406	-0	-0	0	0	-0	0	-0	-0	1.461	0.189
38.1	NaN	745	NaN	647	1	357	0	0	0	406	-0	-0	0	0	-0	0	-0	-0	1.469	0.049
38.2	NaN	745	NaN	647	1	357	0	0	0	406	-0	-0	0	0	-0	0	-0	-0	1.478	-0.06
38.3	NaN	745	NaN	647	1	357	0	0	0	406	-0	-0	0	0	-0	0	-0	-0	1.48	-0.073
38.4	NaN	745	NaN	647	1	357	0	0	0	406	-0	-0	0	0	-0	0	-0	-0	1.48	-0.063
38.5	NaN	745	NaN	647	1	357	0	0	0	406	-0	-0	0	0	-0	0	-0	-0	1.478	-0.109
38.6	NaN	745	NaN	647	1	357	0	0	0	406	-0	-0	0	0	-0	0	-0	-0	1.477	-0.135
38.7	NaN	745	NaN	647	1	357	0	0	0	406	-0	-0	0	0	-0	0	-0	-0	1.475	-0.076
38.8	NaN	745	NaN	647	1	357	0	0	0	406	-0	-0	0	0	-0	0	-0	-0	1.471	0.019
38.9	NaN	745	NaN	647	1	357	0	0	0	406	-0	-0	0	0	-0	0	-0	-0	1.478	0.066
39	NaN	745	NaN	647	1	357	0	0	0	406	-0	-0	0	0	-0	0	-0	-0	1.489	0.096
39.1	NaN	745	NaN	647	1	357	0	0	0	406	-0	-0	0	0	-0	0	-0	-0	1.501	0.08
39.2	NaN	745	NaN	647	1	357	0	0	0	406	-0	-0	0	0	-0	0	-0	-0	1.514	-0.061
39.3	NaN	745	NaN	647	1	357	0	0	0	406	-0	-0	0	0	-0	0	-0	-0	1.512	-0.052
39.4	NaN	745	NaN	647	1	357	0	0	0	406	-0	-0	0	0	-0	0	-0	-0	1.502	-0.044
39.5	NaN	745	NaN	647	1	357	0	0	0	406	-0	-0	0	0	-0	0	-0	-0	1.497	-0.044
39.6	NaN	745	NaN	647	1	357	0	0	0	406	-0	-0	0	0	-0	0	-0	-0	1.493	-0.127
39.7	NaN	745	NaN	647	1	357	0	0	0	406	-0	-0	0	0	-0	0	-0	-0	1.486	-0.109
39.8	NaN	745	NaN	647	1	357	0	0	0	406	-0	-0	0	0	-0	0	-0	-0	1.48	-0.134
39.9	NaN	745	NaN	647	1	357	0	0	0	406	-0	-0	0	0	-0	0	-0	-0	1.488	-0.08
40	NaN	745	NaN	647	1	357	0	0	0	406	-0	-0	0	0	-0	0	-0	-0	1.496	-0.035
40.1	NaN	745	NaN	647	1	357	0	0	0	406	-0	-0	0	0	-0	0	-0	-0	1.501	-0.074
40.2	NaN	745	NaN	647	1	357	0	0	0	406	-0	-0	0	0	-0	0	-0	-0	1.506	-0.06
40.3	NaN	745	NaN	647	1	357	0	0	0	406	-0	-0	0	0	-0	0	-0	-0	1.501	-0.17
40.4	NaN	745	NaN	647	1	357	0	0	0	406	-0	-0	0	0	-0	0	-0	-0	1.489	-0.162
40.5	NaN	745	NaN	647	1	357	0	0	0	406	-0	-0	0	0	-0	0	-0	-0	1.484	0.034
40.6	NaN	745	NaN	647	1	357	0	0	0	406	-0	-0	0	0	-0	0	-0	-0	1.483	0.103
40.7	NaN	745	NaN	647	1	357	0	0	0	406	-0	-0	0	0	-0	0	-0	-0	1.484	0.196
40.8	NaN	745	NaN	647	1	357	0	0	0	406	-0	-0	0	0	-0	0	-0	-0	1.478	0.137
40.9	NaN	745	NaN	647	1	357	0	0	0	406	-0	-0	0	0	-0	0	-0	-0	1.469	0.084
41	NaN	745	NaN	647	1	357	0	0	0	406	-0	-0	0	0	-0	0	-0	-0	1.471	-0.051
41.1	NaN	745	NaN	647	1	357	0	0	0	406	-0	-0	0	0	-0	0	-0	-0	1.476	0.024
41.2	NaN	745	NaN	647	1	357	0	0	0	406	-0	-0	0	0	-0	0	-0	-0	1.485	0.028
41.3	NaN	745	NaN	647	1	357	0	0	0	406	-0	-0	0	0	-0	0	-0	-0	1.499	0.168
41.4	NaN	745	NaN	647	1	357	0	0	0	406	-0	-0	0	0	-0	0	-0	-0	1.498	0.067
41.5	NaN	745	NaN	647	1	357	0	0	0	406	-0	-0	0	0	-0	0	-0	-0	1.492	-0.15
41.6	NaN	745	NaN	647	1	357	0	0	0	406	-0	-0	0	0	-0	0	-0	-0	1.489	-0.055
41.7	NaN	745	NaN	647	1	357	0	0	0	406	-0	-0	0	0	-0	0	-0	-0	1.487	0.013
41.8	NaN	745	NaN	647	1	357	0	0	0	406	-0	-0	0	0	-0	0	-0	-0	1.482	-0.068
41.9	NaN	745	NaN	647	1	357	0	0	0	406	-0	-0	0	0	-0	0	-0	-0	1.472	-0.138
42	NaN	745	NaN	647	1	357	0	0	0	406	-0	-0	0	0	-0	0	-0	-0	1.473	-0.107
42.1	NaN	745	NaN	647	1	357	0	0	0	406	-0	-0	0	0	-0	0	-0	-0	1.48	-0.041
42.2	NaN	745	NaN	647	1	357	0	0	0	406	-0	-0	0	0	-0	0	-0	-0	1.484	0.105
42.3	NaN	745	NaN	647	1	357	0	0	0	406	-0	-0	0	0	-0	0	-0	-0	1.489	0.114
42.4	NaN	745	NaN	647	1	357	0	0	0	406	-0	-0	0	0	-0	0	-0	-0	1.5	0.092
42.5	NaN	745	NaN	647	1	357	0	0	0	406	-0	-0	0	0	-0	0	-0	-0	1.511	0.171
42.6	NaN	745	NaN	647	1	357	0	0	0	406	-0	-0	0	0	-0	0	-0	-0	1.515	0.116
42.7	NaN	745	NaN	647	1	357	0	0	0	406	-0	-0	0	0	-0	0	-0	-0	1.514	0.031
42.8	NaN	745	NaN	647	1	357	0	0	0	406	-0	-0	0	0	-0	0	-0	-0	1.51	-0.016
42.9	NaN	745	NaN	647	1	357	0	0	0	406	-0	-0	0	0	-0	0	-0	-0	1.504	-0.11
43	NaN	745	NaN	647	1	357	0	0	0	406	-0	-0	0	0	-0	0	-0	-0	1.492	-0.054
43.1	NaN	745	NaN	647	1	357	0	0	0	406	-0	-0	0	0	-0	0	-0	-0	1.497	0.12
43.2	NaN	745	NaN	647	1	357	0	0	0	406	-0	-0	0	0	-0	0	-0	-0	1.509	0.135
43.3	NaN	745	NaN	647	1	357	0	0	0	406	-0	-0	0	0	-0	0	-0	-0	1.513	0.096
43.4	NaN	745	NaN	647	1	357	0	0	0	406	-0	-0	0	0	-0	0	-0	-0	1.514	0.075
43.5	NaN	745	NaN	647	1	357	0	0	0	406	-0	-0	0	0	-0	0	-0	-0	1.514	-0.098
43.6	NaN	745	NaN	647	1	357	0	0	0	406	-0	-0	0	0	-0	0	-0	-0	1.515	0.022
43.7	NaN	745	NaN	647	1	357	0	0	0	406	-0	-0	0	0	-0	0	-0	-0	1.516	0.073
43.8	NaN	745	NaN	647	1	357	0	0	0	406	-0	-0	0	0	-0	0	-0	-0	1.508	-0.128
43.9	NaN	745	NaN	647	1	357	0	0	0	406	-0	-0	0	0	-0	0	-0	-0	1.484	-0.271
44	NaN	745	NaN	647	1	357	0	0	0	406	-0	-0	0	0	-0	0	-0	-0	1.458	-0.39
44.1	NaN	745	NaN	647	1	357	0	0	0	406	-0	-0	0	0	-0	0	-0	-0	1.45	-0.195
44.2	NaN	745	NaN	647	1	357	0	0	0	406	-0	-0	0	0	-0	0	-0	-0	1.45	0.05
44.3	NaN	745	NaN	647	1	357	0	0	0	406	-0	-0	0	0	-0	0	-0	-0	1.451	0.058
44.4	NaN	745	NaN	647	1	357	0	0	0	406	-0	-0	0	0	-0	0	-0	-0	1.446	-0.05
44.5	NaN	745	NaN	647	1	357	0	0	0	406	-0	-0	0	0	-0	0	-0	-0	1.439	-0.197
44.6	NaN	745	NaN	647	1	357	0	0	0	406	-0	-0	0	0	-0	0	-0	-0	1.436	-0.177
44.7	NaN	745	NaN	647	1	357	0	0	0	406	-0	-0	0	0	-0	0	-0	-0	1.438	-0.014
44.8	NaN	745	NaN	647	1	357	0	0	0	406	-0	-0	0	0	-0	0	-0	-0	1.434	-0.056
44.9	NaN	745	NaN	647	1	357	0	0	0	406	-0	-0	0	0	-0	0	-0	-0	1.428	0.024
45	NaN	745	NaN	647	1	357	0	0	0	406	-0	-0	0	0	-0	0	-0	-0	1.425	0.01
45.1	NaN	745	NaN	647	1	357	0	0	0	406	-0	-0	0	0	-0	0	-0	-0	1.423	0.075
45.2	NaN	745	NaN	647	1	357	0	0	0	406	-0	-0	0	0	-0	0	-0	-0	1.421	0.029
45.3	NaN	745	NaN	647	1	357	0	0	0	406	-0	-0	0	0	-0	0	-0	-0	1.423	0.13
45.4	NaN	745	NaN	647	1	357	0	0	0	406	-0	-0	0	0	-0	0	-0	-0	1.428	0.035
45.5	NaN	745	NaN	647	1	357	0	0	0	406	-0	-0	0	0	-0	0	-0	-0	1.434	0.093
45.6	NaN	745	NaN	647	1	357	0	0	0	406	-0	-0	0	0	-0	0	-0	-0	1.433	0.206
45.7	NaN	745	NaN	647	1	357	0	0	0	406	-0	-0	0	0	-0	0	-0	-0	1.431	0.147
45.8	NaN	745	NaN	647	1	357	0	0	0	406	-0	-0	0	0	-0	0	-0	-0	1.439	0.035
45.9	NaN	745	NaN	647	1	357	0	0	0	406	-0	-0	0	0	-0	0	-0	-0	1.45	0.092
46	NaN	745	NaN	647	1	357	0	0	0	406	-0	-0	0	0	-0	0	-0	-0	1.447	0.048
46.1	NaN	745	NaN	647	1	357	0	0	0	406	-0	-0	0	0	-0	0	-0	-0	1.441	-0.05
46.2	NaN	745	NaN	647	1	357	0	0	0	406	-0	-0	0	0	-0	0	-0	-0	1.44	0.14
46.3	NaN	745	NaN	647	1	357	0	0	0	406	-0	-0	0	0	-0	0	-0	-0	1.449	0.151
46.4	NaN	745	NaN	647	1	357	0	0	0	406	-0	-0	0	0	-0	0	-0	-0	1.46	0.041
46.5	NaN	745	NaN	647	1	357	0	0	0	406	-0	-0	0	0	-0	0	-0	-0	1.465	0.187
46.6	NaN	745	NaN	647	1	357	0	0	0	406	-0	-0	0	0	-0	0	-0	-0	1.464	0.082
46.7	NaN	745	NaN	647	1	357	0	0	0	406	-0	-0	0	0	-0	0	-0	-0	1.462	0.014
46.8	NaN	745	NaN	647	1	357	0	0	0	406	-0	-0	0	0	-0	0	-0	-0	1.46	-0.011
46.9	NaN	745	NaN	647	1	357	0	0	0	406	-0	-0	0	0	-0	0	-0	-0	1.471	0.014
47	NaN	745	NaN	647	1	357	0	0	0	406	-0	-0	0	0	-0	0	-0	-0	1.484	0.017
47.1	NaN	745	NaN	647	1	357	0	0	0	406	-0	-0	0	0	-0	0	-0	-0	1.478	-0.154
47.2	NaN	745	NaN	647	1	357	0	0	0	406	-0	-0	0	0	-0	0	-0	-0	1.469	-0.162
47.3	NaN	745	NaN	647	1	357	0	0	0	406	-0	-0	0	0	-0	0	-0	-0	1.477	-0.092
47.4	NaN	745	NaN	647	1	357	0	0	0	406	-0	-0	0	0	-0	0	-0	-0	1.495	0.084
47.5	NaN	745	NaN	647	1	357	0	0	0	406	-0	-0	0	0	-0	0	-0	-0	1.503	0.191
47.6	NaN	745	NaN	647	1	357	0	0	0	406	-0	-0	0	0	-0	0	-0	-0	1.507	0.129
47.7	NaN	745	NaN	647	1	357	0	0	0	406	-0	-0	0	0	-0	0	-0	-0	1.511	0.034
47.8	NaN	745	NaN	647	1	357	0	0	0	406	-0	-0	0	0	-0	0	-0	-0	1.51	0.009
47.9	NaN	745	NaN	647	1	357	0	0	0	406	-0	-0	0	0	-0	0	-0	-0	1.515	-0.019
48	NaN	745	NaN	647	1	357	0	0	0	406	-0	-0	0	0	-0	0	-0	-0	1.526	0.159
48.1	NaN	745	NaN	647	1	357	0	0	0	406	-0	-0	0	0	-0	0	-0	-0	1.531	0.044
48.2	NaN	745	NaN	647	1	357	0	0	0	406	-0	-0	0	0	-0	0	-0	-0	1.53	-0.103
48.3	NaN	745	NaN	647	1	357	0	0	0	406	-0	-0	0	0	-0	0	-0	-0	1.526	0.113
48.4	NaN	745	NaN	647	1	357	0	0	0	406	-0	-0	0	0	-0	0	-0	-0	1.528	0.193
48.5	NaN	745	NaN	647	1	357	0	0	0	406	-0	-0	0	0	-0	0	-0	-0	1.536	0.23
48.6	NaN	745	NaN	647	1	357	0	0	0	406	-0	-0	0	0	-0	0	-0	-0	1.537	0.018
48.7	NaN	745	NaN	647	1	357	0	0	0	406	-0	-0	0	0	-0	0	-0	-0	1.533	-0.179
48.8	NaN	745	NaN	647	1	357	0	0	0	406	-0	-0	0	0	-0	0	-0	-0	1.535	-0.037
48.9	NaN	745	NaN	647	1	357	0	0	0	406	-0	-0	0	0	-0	0	-0	-0	1.536	-0.116
49	NaN	745	NaN	647	1	357	0	0	0	406	-0	-0	0	0	-0	0	-0	-0	1.54	0.031
49.1	NaN	745	NaN	647	1	357	0	0	0	406	-0	-0	0	0	-0	0	-0	-0	1.548	0.15
49.2	NaN	745	NaN	647	1	357	0	0	0	406	-0	-0	0	0	-0	0	-0	-0	1.556	0.094
49.3	NaN	745	NaN	647	1	357	0	0	0	406	-0	-0	0	0	-0	0	-0	-0	1.569	0.151
49.4	NaN	745	NaN	647	1	357	0	0	0	406	-0	-0	0	0	-0	0	-0	-0	1.571	0.041
49.5	NaN	745	NaN	647	1	357	0	0	0	406	-0	-0	0	0	-0	0	-0	-0	1.572	-0.11
49.6	NaN	745	NaN	647	1	357	0	0	0	406	-0	-0	0	0	-0	0	-0	-0	1.571	-0.175
49.7	NaN	745	NaN	647	1	357	0	0	0	406	-0	-0	0	0	-0	0	-0	-0	1.566	-0.095
49.8	NaN	745	NaN	647	1	357	0	0	0	406	-0	-0	0	0	-0	0	-0	-0	1.564	-0.024
49.9	NaN	745	NaN	647	1	357	0	0	0	406	-0	-0	0	0	-0	0	-0	-0	1.563	0.019
50	NaN	745	NaN	647	1	357	0	0	0	406	-0	-0	0	0	-0	0	-0	-0	1.561	0.029
50.1	NaN	745	NaN	647	1	357	0	0	0	406	-0	-0	0	0	-0	0	-0	-0	1.56	0.102
50.2	NaN	745	NaN	647	1	357	0	0	0	406	-0	-0	0	0	-0	0	-0	-0	1.565	0.117
50.3	NaN	745	NaN	647	1	357	0	0	0	406	-0	-0	0	0	-0	0	-0	-0	1.575	0.21
50.4	NaN	745	NaN	647	1	357	0	0	0	406	-0	-0	0	0	-0	0	-0	-0	1.58	0.239
50.5	NaN	745	NaN	647	1	357	0	0	0	406	-0	-0	0	0	-0	0	-0	-0	1.585	0.076
50.6	NaN	745	NaN	647	1	357	0	0	0	406	-0	-0	0	0	-0	0	-0	-0	1.585	0.054
50.7	NaN	745	NaN	647	1	357	0	0	0	406	-0	-0	0	0	-0	0	-0	-0	1.58	-0.049
50.8	NaN	745	NaN	647	1	357	0	0	0	406	-0	-0	0	0	-0	0	-0	-0	1.581	-0.042
50.9	NaN	745	NaN	647	1	357	0	0	0	406	-0	-0	0	0	-0	0	-0	-0	1.584	-0.051
51	NaN	745	NaN	647	1	357	0	0	0	406	-0	-0	0	0	-0	0	-0	-0	1.589	-0.013
51.1	NaN	745	NaN	647	1	357	0	0	0	406	-0	-0	0	0	-0	0	-0	-0	1.586	-0.093
51.2	NaN	745	NaN	647	1	357	0	0	0	406	-0	-0	0	0	-0	0	-0	-0	1.582	-0.031
51.3	NaN	745	NaN	647	1	357	0	0	0	406	-0	-0	0	0	-0	0	-0	-0	1.59	0.009
51.4	NaN	745	NaN	647	1	357	0	0	0	406	-0	-0	0	0	-0	0	-0	-0	1.6	-0.013
51.5	NaN	745	NaN	647	1	357	0	0	0	406	-0	-0	0	0	-0	0	-0	-0	1.599	-0.028
51.6	NaN	745	NaN	647	1	357	0	0	0	406	-0	-0	0	0	-0	0	-0	-0	1.593	-0.089
51.7	NaN	745	NaN	647	1	357	0	0	0	406	-0	-0	0	0	-0	0	-0	-0	1.578	-0.171
51.8	NaN	745	NaN	647	1	357	0	0	0	406	-0	-0	0	0	-0	0	-0	-0	1.567	-0.113
51.9	NaN	745	NaN	647	1	357	0	0	0	406	-0	-0	0	0	-0	0	-0	-0	1.558	0.036
52	NaN	745	NaN	647	1	357	0	0	0	406	-0	-0	0	0	-0	0	-0	-0	1.554	0.013
52.1	NaN	745	NaN	647	1	357	0	0	0	406	-0	-0	0	0	-0	0	-0	-0	1.554	-0.103
52.2	NaN	745	NaN	647	1	357	0	0	0	406	-0	-0	0	0	-0	0	-0	-0	1.55	0.034
52.3	NaN	745	NaN	647	1	357	0	0	0	406	-0	-0	0	0	-0	0	-0	-0	1.553	0.227
52.4	NaN	745	NaN	647	1	357	0	0	0	406	-0	-0	0	0	-0	0	-0	-0	1.564	0.28
52.5	NaN	745	NaN	647	1	357	0	0	0	406	-0	-0	0	0	-0	0	-0	-0	1.575	0.221
52.6	NaN	745	NaN	647	1	357	0	0	0	406	-0	-0	0	0	-0	0	-0	-0	1.582	0.13
52.7	NaN	745	NaN	647	1	357	0	0	0	406	-0	-0	0	0	-0	0	-0	-0	1.58	0.062
52.8	NaN	745	NaN	647	1	357	0	0	0	406	-0	-0	0	0	-0	0	-0	-0	1.575	-0.04
52.9	NaN	745	NaN	647	1	357	0	0	0	406	-0	-0	0	0	-0	0	-0	-0	1.571	-0.106
53	NaN	745	NaN	647	1	357	0	0	0	406	-0	-0	0	0	-0	0	-0	-0	1.571	0.058
53.1	NaN	745	NaN	647	1	357	0	0	0	406	-0	-0	0	0	-0	0	-0	-0	1.574	0.101
53.2	NaN	745	NaN	647	1	357	0	0	0	406	-0	-0	0	0	-0	0	-0	-0	1.575	0.072
53.3	NaN	745	NaN	647	1	357	0	0	0	406	-0	-0	0	0	-0	0	-0	-0	1.577	0.143
53.4	NaN	745	NaN	647	1	357	0	0	0	406	-0	-0	0	0	-0	0	-0	-0	1.584	0.099
53.5	NaN	745	NaN	647	1	357	0	0	0	406	-0	-0	0	0	-0	0	-0	-0	1.596	0.099
53.6	NaN	745	NaN	647	1	357	0	0	0	406	-0	-0	0	0	-0	0	-0	-0	1.593	0.089
53.7	NaN	745	NaN	647	1	357	0	0	0	406	-0	-0	0	0	-0	0	-0	-0	1.582	0.017
53.8	NaN	745	NaN	647	1	357	0	0	0	406	-0	-0	0	0	-0	0	-0	-0	1.572	0.074
53.9	NaN	745	NaN	647	1	357	0	0	0	406	-0	-0	0	0	-0	0	-0	-0	1.569	0.08
54	NaN	745	NaN	647	1	357	0	0	0	406	-0	-0	0	0	-0	0	-0	-0	1.564	-0.137
54.1	NaN	745	NaN	647	1	357	0	0	0	406	-0	-0	0	0	-0	0	-0	-0	1.558	-0.147
54.2	NaN	745	NaN	647	1	357	0	0	0	406	-0	-0	0	0	-0	0	-0	-0	1.553	-0.088
54.3	NaN	745	NaN	647	1	357	0	0	0	406	-0	-0	0	0	-0	0	-0	-0	1.545	-0.063
54.4	NaN	745	NaN	647	1	357	0	0	0	406	-0	-0	0	0	-0	0	-0	-0	1.545	-0.055
54.5	NaN	745	NaN	647	1	357	0	0	0	406	-0	-0	0	0	-0	0	-0	-0	1.546	0.07
54.6	NaN	745	NaN	647	1	357	0	0	0	406	-0	-0	0	0	-0	0	-0	-0	1.552	0.096
54.7	NaN	745	NaN	647	1	357	0	0	0	406	-0	-0	0	0	-0	0	-0	-0	1.559	-0.147
54.8	NaN	745	NaN	647	1	357	0	0	0	406	-0	-0	0	0	-0	0	-0	-0	1.559	-0.024
54.9	NaN	745	NaN	647	1	357	0	0	0	406	-0	-0	0	0	-0	0	-0	-0	1.563	0.025
55	NaN	745	NaN	647	1	357	0	0	0	406	-0	-0	0	0	-0	0	-0	-0	1.57	-0.079
55.1	NaN	745	NaN	647	1	357	0	0	0	406	-0	-0	0	0	-0	0	-0	-0	1.57	0.04
55.2	NaN	745	NaN	647	1	357	0	0	0	406	-0	-0	0	0	-0	0	-0	-0	1.57	0.043
55.3	NaN	745	NaN	647	1	357	0	0	0	406	-0	-0	0	0	-0	0	-0	-0	1.576	0.064
55.4	NaN	745	NaN	647	1	357	0	0	0	406	-0	-0	0	0	-0	0	-0	-0	1.584	0.039
55.5	NaN	745	NaN	647	1	357	0	0	0	406	-0	-0	0	0	-0	0	-0	-0	1.588	0.003
55.6	NaN	745	NaN	647	1	357	0	0	0	406	-0	-0	0	0	-0	0	-0	-0	1.596	-0.065
55.7	NaN	745	NaN	647	1	357	0	0	0	406	-0	-0	0	0	-0	0	-0	-0	1.596	0.033
55.8	NaN	745	NaN	647	1	357	0	0	0	406	-0	-0	0	0	-0	0	-0	-0	1.594	0.108
55.9	NaN	745	NaN	647	1	357	0	0	0	406	-0	-0	0	0	-0	0	-0	-0	1.587	0.083
56	NaN	745	NaN	647	1	357	0	0	0	406	-0	-0	0	0	-0	0	-0	-0	1.578	-0.026
56.1	NaN	745	NaN	647	1	357	0	0	0	406	-0	-0	0	0	-0	0	-0	-0	1.575	-0.028
56.2	NaN	745	NaN	647	1	357	0	0	0	406	-0	-0	0	0	-0	0	-0	-0	1.573	0.017
56.3	NaN	745	NaN	647	1	357	0	0	0	406	-0	-0	0	0	-0	0	-0	-0	1.579	0.027
56.4	NaN	745	NaN	647	1	357	0	0	0	406	-0	-0	0	0	-0	0	-0	-0	1.588	0.102
56.5	NaN	745	NaN	647	1	357	0	0	0	406	-0	-0	0	0	-0	0	-0	-0	1.6	0.222
56.6	NaN	745	NaN	647	1	357	0	0	0	406	-0	-0	0	0	-0	0	-0	-0	1.606	0.187
56.7	NaN	745	NaN	647	1	357	0	0	0	406	-0	-0	0	0	-0	0	-0	-0	1.607	-0.075
56.8	NaN	745	NaN	647	1	357	0	0	0	406	-0	-0	0	0	-0	0	-0	-0	1.609	-0.103
56.9	NaN	745	NaN	647	1	357	0	0	0	406	-0	-0	0	0	-0	0	-0	-0	1.606	-0.073
57	NaN	745	NaN	647	1	357	0	0	0	406	-0	-0	0	0	-0	0	-0	-0	1.602	-0.123
57.1	NaN	745	NaN	647	1	357	0	0	0	406	-0	-0	0	0	-0	0	-0	-0	1.599	0.022
57.2	NaN	745	NaN	647	1	357	0	0	0	406	-0	-0	0	0	-0	0	-0	-0	1.6	0.118
57.3	NaN	745	NaN	647	1	357	0	0	0	406	-0	-0	0	0	-0	0	-0	-0	1.607	0.177
57.4	NaN	745	NaN	647	1	357	0	0	0	406	-0	-0	0	0	-0	0	-0	-0	1.622	0.239
57.5	NaN	745	NaN	647	1	357	0	0	0	406	-0	-0	0	0	-0	0	-0	-0	1.635	0.033
57.6	NaN	745	NaN	647	1	357	0	0	0	406	-0	-0	0	0	-0	0	-0	-0	1.63	-0.089
57.7	NaN	745	NaN	647	1	357	0	0	0	406	-0	-0	0	0	-0	0	-0	-0	1.624	0.069
57.8	NaN	745	NaN	647	1	357	0	0	0	406	-0	-0	0	0	-0	0	-0	-0	1.628	0.064
57.9	NaN	745	NaN	647	1	357	0	0	0	406	-0	-0	0	0	-0	0	-0	-0	1.638	0.006
58	NaN	745	NaN	647	1	357	0	0	0	406	-0	-0	0	0	-0	0	-0	-0	1.645	0.123
58.1	NaN	745	NaN	647	1	357	0	0	0	406	-0	-0	0	0	-0	0	-0	-0	1.648	0.084
58.2	NaN	745	NaN	647	1	357	0	0	0	406	-0	-0	0	0	-0	0	-0	-0	1.647	0.078
58.3	NaN	745	NaN	647	1	357	0	0	0	406	-0	-0	0	0	-0	0	-0	-0	1.645	0.116
58.4	NaN	745	NaN	647	1	357	0	0	0	406	-0	-0	0	0	-0	0	-0	-0	1.645	0.032
58.5	NaN	745	NaN	647	1	357	0	0	0	406	-0	-0	0	0	-0	0	-0	-0	1.65	-0.037
58.6	NaN	745	NaN	647	1	357	0	0	0	406	-0	-0	0	0	-0	0	-0	-0	1.64	-0.267
58.7	NaN	745	NaN	647	1	357	0	0	0	406	-0	-0	0	0	-0	0	-0	-0	1.627	-0.139
58.8	NaN	745	NaN	647	1	357	0	0	0	406	-0	-0	0	0	-0	0	-0	-0	1.625	0.049
58.9	NaN	745	NaN	647	1	357	0	0	0	406	-0	-0	0	0	-0	0	-0	-0	1.628	0.049
59	NaN	745	NaN	647	1	357	0	0	0	406	-0	-0	0	0	-0	0	-0	-0	1.631	-0.029
59.1	NaN	745	NaN	647	1	357	0	0	0	406	-0	-0	0	0	-0	0	-0	-0	1.63	-0.008
59.2	NaN	745	NaN	647	1	357	0	0	0	406	-0	-0	0	0	-0	0	-0	-0	1.627	0.013
59.3	NaN	745	NaN	647	1	357	0	0	0	406	-0	-0	0	0	-0	0	-0	-0	1.627	0.049
59.4	NaN	745	NaN	647	1	357	0	0	0	406	-0	-0	0	0	-0	0	-0	-0	1.628	0.115
59.5	NaN	745	NaN	647	1	357	0	0	0	406	-0	-0	0	0	-0	0	-0	-0	1.633	-0.006
59.6	NaN	745	NaN	647	1	357	0	0	0	406	-0	-0	0	0	-0	0	-0	-0	1.632	-0.095
59.7	NaN	745	NaN	647	1	357	0	0	0	406	-0	-0	0	0	-0	0	-0	-0	1.621	-0.052
59.8	NaN	745	NaN	647	1	357	0	0	0	406	-0	-0	0	0	-0	0	-0	-0	1.618	-0.074
59.9	NaN	745	NaN	647	1	357	0	0	0	406	-0	-0	0	0	-0	0	-0	-0	1.626	-0.024
60	NaN	745	NaN	647	1	357	0	0	0	406	-0	-0	0	0	-0	0	-0	-0	1.635	-0.003
60.1	NaN	745	NaN	647	1	357	0	0	0	406	-0	-0	0	0	-0	0	-0	-0	1.644	-0.055
60.2	NaN	745	NaN	647	1	357	0	0	0	406	-0	-0	0	0	-0	0	-0	-0	1.65	-0.025
60.3	NaN	745	NaN	647	1	357	0	0	0	406	-0	-0	0	0	-0	0	-0	-0	1.652	0.082
60.4	NaN	745	NaN	647	1	357	0	0	0	406	-0	-0	0	0	-0	0	-0	-0	1.653	0.186
60.5	NaN	745	NaN	647	1	357	0	0	0	406	-0	-0	0	0	-0	0	-0	-0	1.659	0.08
60.6	NaN	745	NaN	647	1	357	0	0	0	406	-0	-0	0	0	-0	0	-0	-0	1.665	-0.065
60.7	NaN	745	NaN	647	1	357	0	0	0	406	-0	-0	0	0	-0	0	-0	-0	1.662	-0.043
60.8	NaN	745	NaN	647	1	357	0	0	0	406	-0	-0	0	0	-0	0	-0	-0	1.661	0.033
60.9	NaN	745	NaN	647	1	357	0	0	0	406	-0	-0	0	0	-0	0	-0	-0	1.672	0.046
61	NaN	745	NaN	647	1	357	0	0	0	406	-0	-0	0	0	-0	0	-0	-0	1.68	0.023
61.1	NaN	745	NaN	647	1	357	0	0	0	406	-0	-0	0	0	-0	0	-0	-0	1.677	-0.013
61.2	NaN	745	NaN	647	1	357	0	0	0	406	-0	-0	0	0	-0	0	-0	-0	1.667	-0.002
61.3	NaN	745	NaN	647	1	357	0	0	0	406	-0	-0	0	0	-0	0	-0	-0	1.666	0.017
61.4	NaN	745	NaN	647	1	357	0	0	0	406	-0	-0	0	0	-0	0	-0	-0	1.671	0.036
61.5	NaN	745	NaN	647	1	357	0	0	0	406	-0	-0	0	0	-0	0	-0	-0	1.665	-0.105
61.6	NaN	745	NaN	647	1	357	0	0	0	406	-0	-0	0	0	-0	0	-0	-0	1.662	-0.183
61.7	NaN	745	NaN	647	1	357	0	0	0	406	-0	-0	0	0	-0	0	-0	-0	1.655	-0.011
61.8	NaN	745	NaN	647	1	357	0	0	0	406	-0	-0	0	0	-0	0	-0	-0	1.649	0.002
61.9	NaN	745	NaN	647	1	357	0	0	0	406	-0	-0	0	0	-0	0	-0	-0	1.648	0.059
62	NaN	745	NaN	647	1	357	0	0	0	406	-0	-0	0	0	-0	0	-0	-0	1.643	0.174
62.1	NaN	745	NaN	647	1	357	0	0	0	406	-0	-0	0	0	-0	0	-0	-0	1.637	-0.055
62.2	NaN	745	NaN	647	1	357	0	0	0	406	-0	-0	0	0	-0	0	-0	-0	1.626	-0.309
62.3	NaN	745	NaN	647	1	357	0	0	0	406	-0	-0	0	0	-0	0	-0	-0	1.611	-0.237
62.4	NaN	745	NaN	647	1	357	0	0	0	406	-0	-0	0	0	-0	0	-0	-0	1.608	-0.004
62.5	NaN	745	NaN	647	1	357	0	0	0	406	-0	-0	0	0	-0	0	-0	-0	1.607	-0.036
62.6	NaN	745	NaN	647	1	357	0	0	0	406	-0	-0	0	0	-0	0	-0	-0	1.602	-0.058
62.7	NaN	745	NaN	647	1	357	0	0	0	406	-0	-0	0	0	-0	0	-0	-0	1.601	-0.12
62.8	NaN	745	NaN	647	1	357	0	0	0	406	-0	-0	0	0	-0	0	-0	-0	1.607	-0.158
62.9	NaN	745	NaN	647	1	357	0	0	0	406	-0	-0	0	0	-0	0	-0	-0	1.609	-0.059
63	NaN	745	NaN	647	1	357	0	0	0	406	-0	-0	0	0	-0	0	-0	-0	1.608	-0.128
63.1	NaN	745	NaN	647	1	357	0	0	0	406	-0	-0	0	0	-0	0	-0	-0	1.608	-0.075
63.2	NaN	745	NaN	647	1	357	0	0	0	406	-0	-0	0	0	-0	0	-0	-0	1.606	-0.075
63.3	NaN	745	NaN	647	1	357	0	0	0	406	-0	-0	0	0	-0	0	-0	-0	1.604	-0.086
63.4	NaN	745	NaN	647	1	357	0	0	0	406	-0	-0	0	0	-0	0	-0	-0	1.601	-0.076
63.5	NaN	745	NaN	647	1	357	0	0	0	406	-0	-0	0	0	-0	0	-0	-0	1.602	-0.083
63.6	NaN	745	NaN	647	1	357	0	0	0	406	-0	-0	0	0	-0	0	-0	-0	1.602	-0.095
63.7	NaN	745	NaN	647	1	357	0	0	0	406	-0	-0	0	0	-0	0	-0	-0	1.601	-0.003
63.8	NaN	745	NaN	647	1	357	0	0	0	406	-0	-0	0	0	-0	0	-0	-0	1.604	0.059
63.9	NaN	745	NaN	647	1	357	0	0	0	406	-0	-0	0	0	-0	0	-0	-0	1.607	0.012
64	NaN	745	NaN	647	1	357	0	0	0	406	-0	-0	0	0	-0	0	-0	-0	1.606	-0.067
64.1	NaN	745	NaN	647	1	357	0	0	0	406	-0	-0	0	0	-0	0	-0	-0	1.599	-0.002
64.2	NaN	745	NaN	647	1	357	0	0	0	406	-0	-0	0	0	-0	0	-0	-0	1.595	0.058
64.3	NaN	745	NaN	647	1	357	0	0	0	406	-0	-0	0	0	-0	0	-0	-0	1.592	0.036
64.4	NaN	745	NaN	647	1	357	0	0	0	406	-0	-0	0	0	-0	0	-0	-0	1.584	-0.114
64.5	NaN	745	NaN	647	1	357	0	0	0	406	-0	-0	0	0	-0	0	-0	-0	1.574	-0.017
64.6	NaN	745	NaN	647	1	357	0	0	0	406	-0	-0	0	0	-0	0	-0	-0	1.567	-0.036
64.7	NaN	745	NaN	647	1	357	0	0	0	406	-0	-0	0	0	-0	0	-0	-0	1.565	0.021
64.8	NaN	745	NaN	647	1	357	0	0	0	406	-0	-0	0	0	-0	0	-0	-0	1.566	0.052
64.9	NaN	745	NaN	647	1	357	0	0	0	406	-0	-0	0	0	-0	0	-0	-0	1.575	0.057
65	NaN	745	NaN	647	1	357	0	0	0	406	-0	-0	0	0	-0	0	-0	-0	1.587	0.029
65.1	NaN	745	NaN	647	1	357	0	0	0	406	-0	-0	0	0	-0	0	-0	-0	1.584	-0.042
65.2	NaN	745	NaN	647	1	357	0	0	0	406	-0	-0	0	0	-0	0	-0	-0	1.577	-0.095
65.3	NaN	745	NaN	647	1	357	0	0	0	406	-0	-0	0	0	-0	0	-0	-0	1.579	-0.009
65.4	NaN	745	NaN	647	1	357	0	0	0	406	-0	-0	0	0	-0	0	-0	-0	1.583	0.017
65.5	NaN	745	NaN	647	1	357	0	0	0	406	-0	-0	0	0	-0	0	-0	-0	1.577	-0.14
65.6	NaN	745	NaN	647	1	357	0	0	0	406	-0	-0	0	0	-0	0	-0	-0	1.568	-0.147
65.7	NaN	745	NaN	647	1	357	0	0	0	406	-0	-0	0	0	-0	0	-0	-0	1.56	-0.19
65.8	NaN	745	NaN	647	1	357	0	0	0	406	-0	-0	0	0	-0	0	-0	-0	1.553	-0.124
65.9	NaN	745	NaN	647	1	357	0	0	0	406	-0	-0	0	0	-0	0	-0	-0	1.554	0.049
66	NaN	745	NaN	647	1	357	0	0	0	406	-0	-0	0	0	-0	0	-0	-0	1.563	0.025
66.1	NaN	745	NaN	647	1	357	0	0	0	406	-0	-0	0	0	-0	0	-0	-0	1.567	-0.084
66.2	NaN	745	NaN	647	1	357	0	0	0	406	-0	-0	0	0	-0	0	-0	-0	1.562	-0.146
66.3	NaN	745	NaN	647	1	357	0	0	0	406	-0	-0	0	0	-0	0	-0	-0	1.55	-0.017
66.4	NaN	745	NaN	647	1	357	0	0	0	406	-0	-0	0	0	-0	0	-0	-0	1.552	0.32
66.5	NaN	745	NaN	647	1	357	0	0	0	406	-0	-0	0	0	-0	0	-0	-0	1.562	0.284
66.6	NaN	745	NaN	647	1	357	0	0	0	406	-0	-0	0	0	-0	0	-0	-0	1.567	0.14
66.7	NaN	745	NaN	647	1	357	0	0	0	406	-0	-0	0	0	-0	0	-0	-0	1.573	0.184
66.8	NaN	745	NaN	647	1	357	0	0	0	406	-0	-0	0	0	-0	0	-0	-0	1.579	0.134
66.9	NaN	745	NaN	647	1	357	0	0	0	406	-0	-0	0	0	-0	0	-0	-0	1.583	0.036
67	NaN	745	NaN	647	1	357	0	0	0	406	-0	-0	0	0	-0	0	-0	-0	1.581	-0.026
67.1	NaN	745	NaN	647	1	357	0	0	0	406	-0	-0	0	0	-0	0	-0	-0	1.575	-0.165
67.2	NaN	745	NaN	647	1	357	0	0	0	406	-0	-0	0	0	-0	0	-0	-0	1.559	-0.137
67.3	NaN	745	NaN	647	1	357	0	0	0	406	-0	-0	0	0	-0	0	-0	-0	1.544	-0.016
67.4	NaN	745	NaN	647	1	357	0	0	0	406	-0	-0	0	0	-0	0	-0	-0	1.545	0.132
67.5	NaN	745	NaN	647	1	357	0	0	0	406	-0	-0	0	0	-0	0	-0	-0	1.56	0.327
67.6	NaN	745	NaN	647	1	357	0	0	0	406	-0	-0	0	0	-0	0	-0	-0	1.576	0.336
67.7	NaN	745	NaN	647	1	357	0	0	0	406	-0	-0	0	0	-0	0	-0	-0	1.585	0.174
67.8	NaN	745	NaN	647	1	357	0	0	0	406	-0	-0	0	0	-0	0	-0	-0	1.583	-0.046
67.9	NaN	745	NaN	647	1	357	0	0	0	406	-0	-0	0	0	-0	0	-0	-0	1.574	-0.211
68	NaN	745	NaN	647	1	357	0	0	0	406	-0	-0	0	0	-0	0	-0	-0	1.562	-0.155
68.1	NaN	745	NaN	647	1	357	0	0	0	406	-0	-0	0	0	-0	0	-0	-0	1.552	-0.169
68.2	NaN	745	NaN	647	1	357	0	0	0	406	-0	-0	0	0	-0	0	-0	-0	1.546	-0.017
68.3	NaN	745	NaN	647	1	357	0	0	0	406	-0	-0	0	0	-0	0	-0	-0	1.544	0.104
68.4	NaN	745	NaN	647	1	357	0	0	0	406	-0	-0	0	0	-0	0	-0	-0	1.545	-0.021
68.5	NaN	745	NaN	647	1	357	0	0	0	406	-0	-0	0	0	-0	0	-0	-0	1.563	0.035
68.6	NaN	745	NaN	647	1	357	0	0	0	406	-0	-0	0	0	-0	0	-0	-0	1.584	0.035
68.7	NaN	745	NaN	647	1	357	0	0	0	406	-0	-0	0	0	-0	0	-0	-0	1.587	-0.012
68.8	NaN	745	NaN	647	1	357	0	0	0	406	-0	-0	0	0	-0	0	-0	-0	1.588	-0.093
68.9	NaN	745	NaN	647	1	357	0	0	0	406	-0	-0	0	0	-0	0	-0	-0	1.586	-0.097
69	NaN	745	NaN	647	1	357	0	0	0	406	-0	-0	0	0	-0	0	-0	-0	1.584	0.034
69.1	NaN	745	NaN	647	1	357	0	0	0	406	-0	-0	0	0	-0	0	-0	-0	1.592	0.046
69.2	NaN	745	NaN	647	1	357	0	0	0	406	-0	-0	0	0	-0	0	-0	-0	1.598	-0.045
69.3	NaN	745	NaN	647	1	357	0	0	0	406	-0	-0	0	0	-0	0	-0	-0	1.596	-0.036
69.4	NaN	745	NaN	647	1	357	0	0	0	406	-0	-0	0	0	-0	0	-0	-0	1.598	-0.003
69.5	NaN	745	NaN	647	1	357	0	0	0	406	-0	-0	0	0	-0	0	-0	-0	1.61	-0.007
69.6	NaN	745	NaN	647	1	357	0	0	0	406	-0	-0	0	0	-0	0	-0	-0	1.619	-0.083
69.7	NaN	745	NaN	647	1	357	0	0	0	406	-0	-0	0	0	-0	0	-0	-0	1.61	-0.378
69.8	NaN	745	NaN	647	1	357	0	0	0	406	-0	-0	0	0	-0	0	-0	-0	1.593	-0.401
69.9	NaN	745	NaN	647	1	357	0	0	0	406	-0	-0	0	0	-0	0	-0	-0	1.575	-0.25
70	NaN	745	NaN	647	1	357	0	0	0	406	-0	-0	0	0	-0	0	-0	-0	1.564	-0.071
70.1	NaN	745	NaN	647	1	357	0	0	0	406	-0	-0	0	0	-0	0	-0	-0	1.564	0.071
70.2	NaN	745	NaN	647	1	357	0	0	0	406	-0	-0	0	0	-0	0	-0	-0	1.566	-0.035
70.3	NaN	745	NaN	647	1	357	0	0	0	406	-0	-0	0	0	-0	0	-0	-0	1.56	-0.113
70.4	NaN	745	NaN	647	1	357	0	0	0	406	-0	-0	0	0	-0	0	-0	-0	1.561	-0.036
70.5	NaN	745	NaN	647	1	357	0	0	0	406	-0	-0	0	0	-0	0	-0	-0	1.564	0.036
70.6	NaN	745	NaN	647	1	357	0	0	0	406	-0	-0	0	0	-0	0	-0	-0	1.57	0.049
70.7	NaN	745	NaN	647	1	357	0	0	0	406	-0	-0	0	0	-0	0	-0	-0	1.574	-0.059
70.8	NaN	745	NaN	647	1	357	0	0	0	406	-0	-0	0	0	-0	0	-0	-0	1.579	-0.037
70.9	NaN	745	NaN	647	1	357	0	0	0	406	-0	-0	0	0	-0	0	-0	-0	1.578	-0.089
71	NaN	745	NaN	647	1	357	0	0	0	406	-0	-0	0	0	-0	0	-0	-0	1.57	-0.079
71.1	NaN	745	NaN	647	1	357	0	0	0	406	-0	-0	0	0	-0	0	-0	-0	1.569	-0.001
71.2	NaN	745	NaN	647	1	357	0	0	0	406	-0	-0	0	0	-0	0	-0	-0	1.565	0.074
71.3	NaN	745	NaN	647	1	357	0	0	0	406	-0	-0	0	0	-0	0	-0	-0	1.559	0.015
71.4	NaN	745	NaN	647	1	357	0	0	0	406	-0	-0	0	0	-0	0	-0	-0	1.55	0.061
71.5	NaN	745	NaN	647	1	357	0	0	0	406	-0	-0	0	0	-0	0	-0	-0	1.537	-0.058
71.6	NaN	745	NaN	647	1	357	0	0	0	406	-0	-0	0	0	-0	0	-0	-0	1.535	-0.041
71.7	NaN	745	NaN	647	1	357	0	0	0	406	-0	-0	0	0	-0	0	-0	-0	1.535	0.015
71.8	NaN	745	NaN	647	1	357	0	0	0	406	-0	-0	0	0	-0	0	-0	-0	1.531	0.077
71.9	NaN	745	NaN	647	1	357	0	0	0	406	-0	-0	0	0	-0	0	-0	-0	1.523	-0.065
72	NaN	745	NaN	647	1	357	0	0	0	406	-0	-0	0	0	-0	0	-0	-0	1.513	-0.02
72.1	NaN	745	NaN	647	1	357	0	0	0	406	-0	-0	0	0	-0	0	-0	-0	1.498	-0.069
72.2	NaN	745	NaN	647	1	357	0	0	0	406	-0	-0	0	0	-0	0	-0	-0	1.489	-0.287
72.3	NaN	745	NaN	647	1	357	0	0	0	406	-0	-0	0	0	-0	0	-0	-0	1.481	-0.229
72.4	NaN	745	NaN	647	1	357	0	0	0	406	-0	-0	0	0	-0	0	-0	-0	1.47	0.07
72.5	NaN	745	NaN	647	1	357	0	0	0	406	-0	-0	0	0	-0	0	-0	-0	1.467	0.177
72.6	NaN	745	NaN	647	1	357	0	0	0	406	-0	-0	0	0	-0	0	-0	-0	1.461	-0.047
72.7	NaN	745	NaN	647	1	357	0	0	0	406	-0	-0	0	0	-0	0	-0	-0	1.448	-0.13
72.8	NaN	745	NaN	647	1	357	0	0	0	406	-0	-0	0	0	-0	0	-0	-0	1.426	-0.208
72.9	NaN	745	NaN	647	1	357	0	0	0	406	-0	-0	0	0	-0	0	-0	-0	1.408	-0.267
73	NaN	745	NaN	647	1	357	0	0	0	406	-0	-0	0	0	-0	0	-0	-0	1.386	-0.073
73.1	NaN	745	NaN	647	1	357	0	0	0	406	-0	-0	0	0	-0	0	-0	-0	1.376	-0.122
73.2	NaN	745	NaN	647	1	357	0	0	0	406	-0	-0	0	0	-0	0	-0	-0	1.371	-0.022
73.3	NaN	745	NaN	647	1	357	0	0	0	406	-0	-0	0	0	-0	0	-0	-0	1.356	-0.153
73.4	NaN	745	NaN	647	1	357	0	0	0	406	-0	-0	0	0	-0	0	-0	-0	1.334	-0.192
73.5	NaN	745	NaN	647	1	357	0	0	0	406	-0	-0	0	0	-0	0	-0	-0	1.319	-0.059
73.6	NaN	745	NaN	647	1	357	0	0	0	406	-0	-0	0	0	-0	0	-0	-0	1.296	0.009
73.7	NaN	745	NaN	647	1	357	0	0	0	406	-0	-0	0	0	-0	0	-0	-0	1.277	-0.06
73.8	NaN	745	NaN	647	1	357	0	0	0	406	-0	-0	0	0	-0	0	-0	-0	1.26	-0.099
73.9	NaN	745	NaN	647	1	357	0	0	0	406	-0	-0	0	0	-0	0	-0	-0	1.247	-0.182
74	NaN	745	NaN	647	1	357	0	0	0	406	-0	-0	0	0	-0	0	-0	-0	1.239	-0.158
74.1	NaN	745	NaN	647	1	357	0	0	0	406	-0	-0	0	0	-0	0	-0	-0	1.235	-0.038
74.2	NaN	745	NaN	647	1	357	0	0	0	406	-0	-0	0	0	-0	0	-0	-0	1.222	-0.159
74.3	NaN	745	NaN	647	1	357	0	0	0	406	-0	-0	0	0	-0	0	-0	-0	1.207	-0.266
74.4	NaN	745	NaN	647	1	357	0	0	0	406	-0	-0	0	0	-0	0	-0	-0	1.189	-0.13
74.5	NaN	745	NaN	647	1	357	0	0	0	406	-0	-0	0	0	-0	0	-0	-0	1.168	-0.214
74.6	NaN	745	NaN	647	1	357	0	0	0	406	-0	-0	0	0	-0	0	-0	-0	1.144	-0.337
74.7	NaN	745	NaN	647	1	357	0	0	0	406	-0	-0	0	0	-0	0	-0	-0	1.113	-0.299
74.8	NaN	745	NaN	647	1	357	0	0	0	406	-0	-0	0	0	-0	0	-0	-0	1.089	-0.232
74.9	NaN	745	NaN	647	1	357	0	0	0	406	-0	-0	0	0	-0	0	-0	-0	1.059	-0.239
75	NaN	745	NaN	647	1	357	0	0	0	406	-0	-0	0	0	-0	0	-0	-0	1.032	-0.295
75.1	NaN	745	NaN	647	1	357	0	0	0	406	-0	-0	0	0	-0	0	-0	-0	1.004	-0.367
75.2	NaN	745	NaN	647	1	357	0	0	0	406	-0	-0	0	0	-0	0	-0	-0	0.984	-0.335
75.3	NaN	745	NaN	647	1	357	0	0	0	406	-0	-0	0	0	-0	0	-0	-0	0.953	-0.244
75.4	NaN	745	NaN	647	1	357	0	0	0	406	-0	-0	0	0	-0	0	-0	-0	0.927	-0.306
75.5	NaN	745	NaN	647	1	357	0	0	0	406	-0	-0	0	0	-0	0	-0	-0	0.894	-0.327
75.6	NaN	745	NaN	647	1	357	0	0	0	406	-0	-0	0	0	-0	0	-0	-0	0.865	-0.351
75.7	NaN	745	NaN	647	1	357	0	0	0	406	-0	-0	0	0	-0	0	-0	-0	0.824	-0.257
75.8	NaN	745	NaN	647	1	357	0	0	0	406	-0	-0	0	0	-0	0	-0	-0	0.791	-0.305
75.9	NaN	745	NaN	647	1	357	0	0	0	406	-0	-0	0	0	-0	0	-0	-0	0.757	-0.393
76	NaN	745	NaN	647	1	357	0	0	0	406	-0	-0	0	0	-0	0	-0	-0	0.72	-0.343
76.1	NaN	745	NaN	647	1	357	0	0	0	406	-0	-0	0	0	-0	0	-0	-0	0.692	-0.263
76.2	NaN	745	NaN	647	1	357	0	0	0	406	-0	-0	0	0	-0	0	-0	-0	0.662	-0.347
76.3	NaN	745	NaN	647	1	357	0	0	0	406	-0	-0	0	0	-0	0	-0	-0	0.61	-0.42
76.4	NaN	745	NaN	647	1	357	0	0	0	406	-0	-0	0	0	-0	0	-0	-0	0.579	-0.395
76.5	NaN	745	NaN	647	1	357	0	0	0	406	-0	-0	0	0	-0	0	-0	-0	0.549	-0.33
76.6	NaN	745	NaN	647	1	357	0	0	0	406	-0	-0	0	0	-0	0	-0	-0	0.515	-0.358
76.7	NaN	745	NaN	647	1	357	0	0	0	406	-0	-0	0	0	-0	0	-0	-0	0.478	-0.329
76.8	NaN	745	NaN	647	1	357	0	0	0	406	-0	-0	0	0	-0	0	-0	-0	0.433	-0.412
76.9	NaN	745	NaN	647	1	357	0	0	0	406	-0	-0	0	0	-0	0	-0	-0	0.398	-0.5
77	NaN	745	NaN	647	1	357	0	0	0	406	-0	-0	0	0	-0	0	-0	-0	0.355	-0.544
77.1	NaN	745	NaN	647	1	357	0	0	0	406	-0	-0	0	0	-0	0	-0	-0	0.322	-0.492
77.2	NaN	745	NaN	647	1	357	0	0	0	406	-0	-0	0	0	-0	0	-0	-0	0.283	-0.457
77.3	NaN	745	NaN	647	1	357	0	0	0	406	-0	-0	0	0	-0	0	-0	-0	0.244	-0.463
77.4	NaN	745	NaN	647	1	357	0	0	0	406	-0	-0	0	0	-0	0	-0	-0	0.195	-0.509
77.5	NaN	745	NaN	647	1	357	0	0	0	406	-0	-0	0	0	-0	0	-0	-0	0.16	-0.426
77.6	NaN	745	NaN	647	1	357	0	0	0	406	-0	-0	0	0	-0	0	-0	-0	0.119	-0.316
77.7	NaN	745	NaN	647	1	357	0	0	0	406	-0	-0	0	0	-0	0	-0	-0	0.096	-0.305
77.8	NaN	745	NaN	647	1	357	0	0	0	406	-0	-0	0	0	-0	0	-0	-0	0.065	-0.313
77.9	NaN	745	NaN	647	1	357	0	0	0	406	-0	-0	0	0	-0	0	-0	-0	0.035	-0.301
78	NaN	745	NaN	647	1	357	0	0	0	406	-0	-0	0	0	-0	0	-0	-0	0.005	-0.232
78.1	NaN	745	NaN	647	1	357	0	0	0	406	-0	-0	0	0	-0	0	-0	-0	-0.006	-0.012
78.2	NaN	745	NaN	647	1	357	0	0	0	406	-0	-0	0	0	-0	0	-0	-0	-0.002	0.02
78.3	NaN	745	NaN	647	1	357	0	0	0	406	-0	-0	0	0	-0	0	-0	-0	0	-0.045
78.4	NaN	745	NaN	647	1	357	0	0	0	406	-0	-0	0	0	-0	0	-0	-0	0.001	-0.02
78.5	NaN	745	NaN	647	1	357	0	0	0	406	-0	-0	0	0	-0	0	-0	-0	0.001	-0.039
78.6	NaN	745	NaN	647	1	357	0	0	0	406	-0	-0	0	0	-0	0	-0	-0	-0	-0.039
78.7	NaN	745	NaN	647	1	357	0	0	0	406	-0	-0	0	0	-0	0	-0	-0	0	-0.029
78.8	NaN	745	NaN	647	1	357	0	0	0	406	-0	-0	0	0	-0	0	-0	-0	0.001	-0.041
78.9	NaN	745	NaN	647	1	357	0	0	0	406	-0	-0	0	0	-0	0	-0	-0	0.002	-0.042
79	NaN	745	NaN	647	1	357	0	0	0	406	-0	-0	0	0	-0	0	-0	-0	0.003	-0.032
79.1	NaN	745	NaN	647	1	357	0	0	0	406	-0	-0	0	0	-0	0	-0	-0	0.002	-0.027
79.2	NaN	745	NaN	647	1	357	0	0	0	406	-0	-0	0	0	-0	0	-0	-0	0.001	-0.027
79.3	NaN	745	NaN	647	1	357	0	0	0	406	-0	-0	0	0	-0	0	-0	-0	0	-0.034
79.4	NaN	745	NaN	647	1	357	0	0	0	406	-0	-0	0	0	-0	0	-0	-0	0	-0.025
79.5	NaN	745	NaN	647	1	357	0	0	0	406	-0	-0	0	0	-0	0	-0	-0	0.001	-0.024
79.6	NaN	745	NaN	647	1	357	0	0	0	406	-0	-0	0	0	-0	0	-0	-0	0.003	-0.041
79.7	NaN	745	NaN	647	1	357	0	0	0	406	-0	-0	0	0	-0	0	-0	-0	0.003	-0.033
79.8	NaN	745	NaN	647	1	357	0	0	0	406	-0	-0	0	0	-0	0	-0	-0	0.004	-0.024
79.9	NaN	745	NaN	647	1	357	0	0	0	406	-0	-0	0	0	-0	0	-0	-0	0.004	-0.029
80	NaN	745	NaN	647	1	357	0	0	0	406	-0	-0	0	0	-0	0	-0	-0	0.003	-0.038
80.1	NaN	745	NaN	647	1	357	0	0	0	406	-0	-0	0	0	-0	0	-0	-0	0.002	-0.049
80.2	NaN	745	NaN	647	1	357	0	0	0	406	-0	-0	0	0	-0	0	-0	-0	0.002	-0.033
80.3	NaN	745	NaN	647	1	357	0	0	0	406	-0	-0	0	0	-0	0	-0	-0	0.001	-0.025
80.4	NaN	745	NaN	647	1	357	0	0	0	406	-0	-0	0	0	-0	0	-0	-0	-0.001	-0.019
80.5	NaN	745	NaN	647	1	357	0	0	0	406	-0	-0	0	0	-0	0	-0	-0	0	-0.024
80.6	NaN	745	NaN	647	1	357	0	0	0	406	-0	-0	0	0	-0	0	-0	-0	0.001	-0.036
80.7	NaN	745	NaN	647	1	357	0	0	0	406	-0	-0	0	0	-0	0	-0	-0	0.001	-0.045
80.8	NaN	745	NaN	647	1	357	0	0	0	406	-0	-0	0	0	-0	0	-0	-0	-0.001	-0.049
80.9	NaN	745	NaN	647	1	357	0	0	0	406	-0	-0	0	0	-0	0	-0	-0	-0.001	-0.046
81	NaN	745	NaN	647	1	357	0	0	0	406	-0	-0	0	0	-0	0	-0	-0	-0.001	-0.04
81.1	NaN	745	NaN	647	1	357	0	0	0	406	-0	-0	0	0	-0	0	-0	-0	-0.001	-0.033
81.2	NaN	745	NaN	647	1	357	0	0	0	406	-0	-0	0	0	-0	0	-0	-0	0	-0.025
81.3	NaN	745	NaN	647	1	357	0	0	0	406	-0	-0	0	0	-0	0	-0	-0	0.001	-0.022
81.4	NaN	745	NaN	647	1	357	0	0	0	406	-0	-0	0	0	-0	0	-0	-0	0.002	-0.015
81.5	NaN	745	NaN	647	1	357	0	0	0	406	-0	-0	0	0	-0	0	-0	-0	0.001	-0.037
81.6	NaN	745	NaN	647	1	357	0	0	0	406	-0	-0	0	0	-0	0	-0	-0	-0.001	-0.048
81.7	NaN	745	NaN	647	1	357	0	0	0	406	-0	-0	0	0	-0	0	-0	-0	-0.001	-0.044
81.8	NaN	745	NaN	647	1	357	0	0	0	406	-0	-0	0	0	-0	0	-0	-0	-0	-0.041
81.9	NaN	745	NaN	647	1	357	0	0	0	406	-0	-0	0	0	-0	0	-0	-0	0	-0.039
82	NaN	745	NaN	647	1	357	0	0	0	406	-0	-0	0	0	-0	0	-0	-0	0.001	-0.032
82.1	NaN	745	NaN	647	1	357	0	0	0	406	-0	-0	0	0	-0	0	-0	-0	0.002	-0.02
82.2	NaN	745	NaN	647	1	357	0	0	0	406	-0	-0	0	0	-0	0	-0	-0	0.004	-0.022
82.3	NaN	745	NaN	647	1	357	0	0	0	406	-0	-0	0	0	-0	0	-0	-0	0.004	-0.041
82.4	NaN	745	NaN	647	1	357	0	0	0	406	-0	-0	0	0	-0	0	-0	-0	0.005	-0.044
82.5	NaN	745	NaN	647	1	357	0	0	0	406	-0	-0	0	0	-0	0	-0	-0	0.006	-0.044
82.6	NaN	745	NaN	647	1	357	0	0	0	406	-0	-0	0	0	-0	0	-0	-0	0.006	-0.03
82.7	NaN	745	NaN	647	1	357	0	0	0	406	-0	-0	0	0	-0	0	-0	-0	0.007	-0.014
82.8	NaN	745	NaN	647	1	357	0	0	0	406	-0	-0	0	0	-0	0	-0	-0	0.008	-0.024
82.9	NaN	745	NaN	647	1	357	0	0	0	406	-0	-0	0	0	-0	0	-0	-0	0.008	-0.034
83	NaN	745	NaN	647	1	357	0	0	0	406	-0	-0	0	0	-0	0	-0	-0	0.008	-0.033
83.1	NaN	745	NaN	647	1	357	0	0	0	406	-0	-0	0	0	-0	0	-0	-0	0.008	-0.036
83.2	NaN	745	NaN	647	1	357	0	0	0	406	-0	-0	0	0	-0	0	-0	-0	0.006	-0.035
83.3	NaN	745	NaN	647	1	357	0	0	0	406	-0	-0	0	0	-0	0	-0	-0	0.007	-0.038
83.4	NaN	745	NaN	647	1	357	0	0	0	406	-0	-0	0	0	-0	0	-0	-0	0.007	-0.042
83.5	NaN	745	NaN	647	1	357	0	0	0	406	-0	-0	0	0	-0	0	-0	-0	0.007	-0.043
83.6	NaN	745	NaN	647	1	357	0	0	0	406	-0	-0	0	0	-0	0	-0	-0	0.006	-0.039
83.7	NaN	745	NaN	647	1	357	0	0	0	406	-0	-0	0	0	-0	0	-0	-0	0.006	-0.043
83.8	NaN	745	NaN	647	1	357	0	0	0	406	-0	-0	0	0	-0	0	-0	-0	0.006	-0.03
83.9	NaN	745	NaN	647	1	357	0	0	0	406	-0	-0	0	0	-0	0	-0	-0	0.006	-0.036
84	NaN	745	NaN	647	1	357	0	0	0	406	-0	-0	0	0	-0	0	-0	-0	0.008	-0.03
84.1	NaN	745	NaN	647	1	357	0	0	0	406	-0	-0	0	0	-0	0	-0	-0	0.008	-0.021
84.2	NaN	745	NaN	647	1	357	0	0	0	406	-0	-0	0	0	-0	0	-0	-0	0.008	-0.031
84.3	NaN	745	NaN	647	1	357	0	0	0	406	-0	-0	0	0	-0	0	-0	-0	0.009	-0.032
84.4	NaN	745	NaN	647	1	357	0	0	0	406	-0	-0	0	0	-0	0	-0	-0	0.01	-0.043
84.5	NaN	745	NaN	647	1	357	0	0	0	406	-0	-0	0	0	-0	0	-0	-0	0.01	-0.039
84.6	NaN	745	NaN	647	1	357	0	0	0	406	-0	-0	0	0	-0	0	-0	-0	0.01	-0.023
84.7	NaN	745	NaN	647	1	357	0	0	0	406	-0	-0	0	0	-0	0	-0	-0	0.009	-0.01
84.8	NaN	745	NaN	647	1	357	0	0	0	406	-0	-0	0	0	-0	0	-0	-0	0.008	-0.017
84.9	NaN	745	NaN	647	1	357	0	0	0	406	-0	-0	0	0	-0	0	-0	-0	0.009	-0.023
85	NaN	745	NaN	647	1	357	0	0	0	406	-0	-0	0	0	-0	0	-0	-0	0.01	-0.025
85.1	NaN	745	NaN	647	1	357	0	0	0	406	-0	-0	0	0	-0	0	-0	-0	0.009	-0.017
85.2	NaN	745	NaN	647	1	357	0	0	0	406	-0	-0	0	0	-0	0	-0	-0	0.009	-0.011
85.3	NaN	745	NaN	647	1	357	0	0	0	406	-0	-0	0	0	-0	0	-0	-0	0.009	-0.007
85.4	NaN	745	NaN	647	1	357	0	0	0	406	-0	-0	0	0	-0	0	-0	-0	0.009	-0.026
85.5	NaN	745	NaN	647	1	357	0	0	0	406	-0	-0	0	0	-0	0	-0	-0	0.008	-0.025
85.6	NaN	745	NaN	647	1	357	0	0	0	406	-0	-0	0	0	-0	0	-0	-0	0.006	-0.024
85.7	NaN	745	NaN	647	1	357	0	0	0	406	-0	-0	0	0	-0	0	-0	-0	0.005	-0.036
85.8	NaN	745	NaN	647	1	357	0	0	0	406	-0	-0	0	0	-0	0	-0	-0	0.004	-0.029
85.9	NaN	745	NaN	647	1	357	0	0	0	406	-0	-0	0	0	-0	0	-0	-0	0.004	-0.033
86	NaN	745	NaN	647	1	357	0	0	0	406	-0	-0	0	0	-0	0	-0	-0	0.004	-0.027
86.1	NaN	745	NaN	647	1	357	0	0	0	406	-0	-0	0	0	-0	0	-0	-0	0.004	-0.018
86.2	NaN	745	NaN	647	1	357	0	0	0	406	-0	-0	0	0	-0	0	-0	-0	0.004	-0.032
86.3	NaN	745	NaN	647	1	357	0	0	0	406	-0	-0	0	0	-0	0	-0	-0	0.004	-0.033
86.4	NaN	745	NaN	647	1	357	0	0	0	406	-0	-0	0	0	-0	0	-0	-0	0.003	-0.036
86.5	NaN	745	NaN	647	1	357	0	0	0	406	-0	-0	0	0	-0	0	-0	-0	0.003	-0.041
86.6	NaN	745	NaN	647	1	357	0	0	0	406	-0	-0	0	0	-0	0	-0	-0	0.003	-0.047
86.7	NaN	745	NaN	647	1	357	0	0	0	406	-0	-0	0	0	-0	0	-0	-0	0.004	-0.036
86.8	NaN	745	NaN	647	1	357	0	0	0	406	-0	-0	0	0	-0	0	-0	-0	0.005	-0.046
86.9	NaN	745	NaN	647	1	357	0	0	0	406	-0	-0	0	0	-0	0	-0	-0	0.004	-0.039
87	NaN	745	NaN	647	1	357	0	0	0	406	-0	-0	0	0	-0	0	-0	-0	0.003	-0.038
87.1	NaN	745	NaN	647	1	357	0	0	0	406	-0	-0	0	0	-0	0	-0	-0	0.004	-0.038
87.2	NaN	745	NaN	647	1	357	0	0	0	406	-0	-0	0	0	-0	0	-0	-0	0.006	-0.019
87.3	NaN	745	NaN	647	1	357	0	0	0	406	-0	-0	0	0	-0	0	-0	-0	0.005	-0.033
87.4	NaN	745	NaN	647	1	357	0	0	0	406	-0	-0	0	0	-0	0	-0	-0	0.003	-0.038
87.5	NaN	745	NaN	647	1	357	0	0	0	406	-0	-0	0	0	-0	0	-0	-0	0.003	-0.031
87.6	NaN	745	NaN	647	1	357	0	0	0	406	-0	-0	0	0	-0	0	-0	-0	0.004	-0.031
87.7	NaN	745	NaN	647	1	357	0	0	0	406	-0	-0	0	0	-0	0	-0	-0	0.003	-0.046
87.8	NaN	745	NaN	647	1	357	0	0	0	406	-0	-0	0	0	-0	0	-0	-0	0.003	-0.034
87.9	NaN	745	NaN	647	1	357	0	0	0	406	-0	-0	0	0	-0	0	-0	-0	0.004	-0.037
88	NaN	745	NaN	647	1	357	0	0	0	406	-0	-0	0	0	-0	0	-0	-0	0.004	-0.041
88.1	NaN	745	NaN	647	1	357	0	0	0	406	-0	-0	0	0	-0	0	-0	-0	0.002	-0.04
88.2	NaN	745	NaN	647	1	357	0	0	0	406	-0	-0	0	0	-0	0	-0	-0	-0.001	-0.026
88.3	NaN	745	NaN	647	1	357	0	0	0	406	-0	-0	0	0	-0	0	-0	-0	-0	-0.025
88.4	NaN	745	NaN	647	1	357	0	0	0	406	-0	-0	0	0	-0	0	-0	-0	-0	-0.048
88.5	NaN	745	NaN	647	1	357	0	0	0	406	-0	-0	0	0	-0	0	-0	-0	-0.001	-0.047
88.6	NaN	745	NaN	647	1	357	0	0	0	406	-0	-0	0	0	-0	0	-0	-0	-0.001	-0.019
88.7	NaN	745	NaN	647	1	357	0	0	0	406	-0	-0	0	0	-0	0	-0	-0	0.001	-0.017
88.8	NaN	745	NaN	647	1	357	0	0	0	406	-0	-0	0	0	-0	0	-0	-0	0.003	-0.023
88.9	NaN	745	NaN	647	1	357	0	0	0	406	-0	-0	0	0	-0	0	-0	-0	0.002	-0.038
89	NaN	745	NaN	647	1	357	0	0	0	406	-0	-0	0	0	-0	0	-0	-0	0	-0.038
89.1	NaN	745	NaN	647	1	357	0	0	0	406	-0	-0	0	0	-0	0	-0	-0	0.001	-0.026
89.2	NaN	745	NaN	647	1	357	0	0	0	406	-0	-0	0	0	-0	0	-0	-0	0.001	-0.022
89.3	NaN	745	NaN	647	1	357	0	0	0	406	-0	-0	0	0	-0	0	-0	-0	0	-0.029
89.4	NaN	745	NaN	647	1	357	0	0	0	406	-0	-0	0	0	-0	0	-0	-0	-0.001	-0.024
89.5	NaN	745	NaN	647	1	357	0	0	0	406	-0	-0	0	0	-0	0	-0	-0	-0.001	-0.02
89.6	NaN	745	NaN	647	1	357	0	0	0	406	-0	-0	0	0	-0	0	-0	-0	-0.001	-0.044
89.7	NaN	745	NaN	647	1	357	0	0	0	406	-0	-0	0	0	-0	0	-0	-0	-0.001	-0.045
89.8	NaN	745	NaN	647	1	357	0	0	0	406	-0	-0	0	0	-0	0	-0	-0	-0.001	-0.029
89.9	NaN	745	NaN	647	1	357	0	0	0	406	-0	-0	0	0	-0	0	-0	-0	-0.001	-0.051
90	NaN	745	NaN	647	1	357	0	0	0	406	-0	-0	0	0	-0	0	-0	-0	-0.001	-0.034
90.1	NaN	745	NaN	647	1	357	0	0	0	406	-0	-0	0	0	-0	0	-0	-0	-0.001	-0.012
90.2	NaN	745	NaN	647	1	357	0	0	0	406	-0	-0	0	0	-0	0	-0	-0	-0.001	-0.034
90.3	NaN	745	NaN	647	1	357	0	0	0	406	-0	-0	0	0	-0	0	-0	-0	-0.001	-0.03
90.4	NaN	745	NaN	647	1	357	0	0	0	406	-0	-0	0	0	-0	0	-0	-0	-0.002	-0.018
90.5	NaN	745	NaN	647	1	357	0	0	0	406	-0	-0	0	0	-0	0	-0	-0	-0.002	-0.024
90.6	NaN	745	NaN	647	1	357	0	0	0	406	-0	-0	0	0	-0	0	-0	-0	-0.003	-0.027
90.7	NaN	745	NaN	647	1	357	0	0	0	406	-0	-0	0	0	-0	0	-0	-0	-0.003	-0.03
90.8	NaN	745	NaN	647	1	357	0	0	0	406	-0	-0	0	0	-0	0	-0	-0	-0.004	-0.04
90.9	NaN	745	NaN	647	1	357	0	0	0	406	-0	-0	0	0	-0	0	-0	-0	-0.004	-0.04
91	NaN	745	NaN	647	1	357	0	0	0	406	-0	-0	0	0	-0	0	-0	-0	-0.003	-0.029
91.1	NaN	745	NaN	647	1	357	0	0	0	406	-0	-0	0	0	-0	0	-0	-0	-0.003	-0.033
91.2	NaN	745	NaN	647	1	357	0	0	0	406	-0	-0	0	0	-0	0	-0	-0	-0.001	-0.035
91.3	NaN	745	NaN	647	1	357	0	0	0	406	-0	-0	0	0	-0	0	-0	-0	-0.002	-0.025
91.4	NaN	745	NaN	647	1	357	0	0	0	406	-0	-0	0	0	-0	0	-0	-0	-0.002	-0.02
91.5	NaN	745	NaN	647	1	357	0	0	0	406	-0	-0	0	0	-0	0	-0	-0	-0.003	-0.02
91.6	NaN	745	NaN	647	1	357	0	0	0	406	-0	-0	0	0	-0	0	-0	-0	-0.004	-0.023
91.7	NaN	745	NaN	647	1	357	0	0	0	406	-0	-0	0	0	-0	0	-0	-0	-0.004	-0.038
91.8	NaN	745	NaN	647	1	357	0	0	0	406	-0	-0	0	0	-0	0	-0	-0	-0.005	-0.041
91.9	NaN	745	NaN	647	1	357	0	0	0	406	-0	-0	0	0	-0	0	-0	-0	-0.005	-0.037
92	NaN	745	NaN	647	1	357	0	0	0	406	-0	-0	0	0	-0	0	-0	-0	-0.006	-0.041
92.1	NaN	745	NaN	647	1	357	0	0	0	406	-0	-0	0	0	-0	0	-0	-0	-0.007	-0.047
92.2	NaN	745	NaN	647	1	357	0	0	0	406	-0	-0	0	0	-0	0	-0	-0	-0.006	-0.042
92.3	NaN	745	NaN	647	1	357	0	0	0	406	-0	-0	0	0	-0	0	-0	-0	-0.007	-0.049
92.4	NaN	745	NaN	647	1	357	0	0	0	406	-0	-0	0	0	-0	0	-0	-0	-0.007	-0.048
92.5	NaN	745	NaN	647	1	357	0	0	0	406	-0	-0	0	0	-0	0	-0	-0	-0.007	-0.02
92.6	NaN	745	NaN	647	1	357	0	0	0	406	-0	-0	0	0	-0	0	-0	-0	-0.006	-0.026
92.7	NaN	745	NaN	647	1	357	0	0	0	406	-0	-0	0	0	-0	0	-0	-0	-0.006	-0.036
92.8	NaN	745	NaN	647	1	357	0	0	0	406	-0	-0	0	0	-0	0	-0	-0	-0.005	-0.023
92.9	NaN	745	NaN	647	1	357	0	0	0	406	-0	-0	0	0	-0	0	-0	-0	-0.005	-0.019
93	NaN	745	NaN	647	1	357	0	0	0	406	-0	-0	0	0	-0	0	-0	-0	-0.005	-0.025
93.1	NaN	745	NaN	647	1	357	0	0	0	406	-0	-0	0	0	-0	0	-0	-0	-0.004	-0.032
93.2	NaN	745	NaN	647	1	357	0	0	0	406	-0	-0	0	0	-0	0	-0	-0	-0.002	-0.045
93.3	NaN	745	NaN	647	1	357	0	0	0	406	-0	-0	0	0	-0	0	-0	-0	-0.002	-0.042
93.4	NaN	745	NaN	647	1	357	0	0	0	406	-0	-0	0	0	-0	0	-0	-0	-0.002	-0.036
93.5	NaN	745	NaN	647	1	357	0	0	0	406	-0	-0	0	0	-0	0	-0	-0	-0.001	-0.041
93.6	NaN	745	NaN	647	1	357	0	0	0	406	-0	-0	0	0	-0	0	-0	-0	-0.001	-0.033
93.7	NaN	745	NaN	647	1	357	0	0	0	406	-0	-0	0	0	-0	0	-0	-0	-0.001	-0.022
93.8	NaN	745	NaN	647	1	357	0	0	0	406	-0	-0	0	0	-0	0	-0	-0	-0.002	-0.02
93.9	NaN	745	NaN	647	1	357	0	0	0	406	-0	-0	0	0	-0	0	-0	-0	-0.002	-0.029
94	NaN	745	NaN	647	1	357	0	0	0	406	-0	-0	0	0	-0	0	-0	-0	-0.003	-0.036
94.1	NaN	745	NaN	647	1	357	0	0	0	406	-0	-0	0	0	-0	0	-0	-0	-0.004	-0.04
94.2	NaN	745	NaN	647	1	357	0	0	0	406	-0	-0	0	0	-0	0	-0	-0	-0.005	-0.028
94.3	NaN	745	NaN	647	1	357	0	0	0	406	-0	-0	0	0	-0	0	-0	-0	-0.003	-0.026
94.4	NaN	745	NaN	647	1	357	0	0	0	406	-0	-0	0	0	-0	0	-0	-0	0	-0.036
94.5	NaN	745	NaN	647	1	357	0	0	0	406	-0	-0	0	0	-0	0	-0	-0	0	-0.033
94.6	NaN	745	NaN	647	1	357	0	0	0	406	-0	-0	0	0	-0	0	-0	-0	0	-0.024
94.7	NaN	745	NaN	647	1	357	0	0	0	406	-0	-0	0	0	-0	0	-0	-0	-0.003	-0.035
94.8	NaN	745	NaN	647	1	357	0	0	0	406	-0	-0	0	0	-0	0	-0	-0	-0.007	-0.026
94.9	NaN	745	NaN	647	1	357	0	0	0	406	-0	-0	0	0	-0	0	-0	-0	-0.007	-0.026
95	NaN	745	NaN	647	1	357	0	0	0	406	-0	-0	0	0	-0	0	-0	-0	-0.005	-0.03
95.1	NaN	745	NaN	647	1	357	0	0	0	406	-0	-0	0	0	-0	0	-0	-0	-0.005	-0.027
95.2	NaN	745	NaN	647	1	357	0	0	0	406	-0	-0	0	0	-0	0	-0	-0	-0.005	-0.033
95.3	NaN	745	NaN	647	1	357	0	0	0	406	-0	-0	0	0	-0	0	-0	-0	-0.004	-0.027
95.4	NaN	745	NaN	647	1	357	0	0	0	406	-0	-0	0	0	-0	0	-0	-0	-0.004	-0.025
95.5	NaN	745	NaN	647	1	357	0	0	0	406	-0	-0	0	0	-0	0	-0	-0	-0.004	-0.042
95.6	NaN	745	NaN	647	1	357	0	0	0	406	-0	-0	0	0	-0	0	-0	-0	-0.005	-0.049
95.7	NaN	745	NaN	647	1	357	0	0	0	406	-0	-0	0	0	-0	0	-0	-0	-0.004	-0.029
95.8	NaN	745	NaN	647	1	357	0	0	0	406	-0	-0	0	0	-0	0	-0	-0	-0.003	-0.029
95.9	NaN	745	NaN	647	1	357	0	0	0	406	-0	-0	0	0	-0	0	-0	-0	-0.004	-0.023
96	NaN	745	NaN	647	1	357	0	0	0	406	-0	-0	0	0	-0	0	-0	-0	-0.007	-0.023
96.1	NaN	745	NaN	647	1	357	0	0	0	406	-0	-0	0	0	-0	0	-0	-0	-0.007	-0.028
96.2	NaN	745	NaN	647	1	357	0	0	0	406	-0	-0	0	0	-0	0	-0	-0	-0.01	-0.042
96.3	NaN	745	NaN	647	1	357	0	0	0	406	-0	-0	0	0	-0	0	-0	-0	-0.013	-0.036
96.4	NaN	745	NaN	647	1	357	0	0	0	406	-0	-0	0	0	-0	0	-0	-0	-0.013	-0.031
96.5	NaN	745	NaN	647	1	357	0	0	0	406	-0	-0	0	0	-0	0	-0	-0	-0.011	-0.032
96.6	NaN	745	NaN	647	1	357	0	0	0	406	-0	-0	0	0	-0	0	-0	-0	-0.007	-0.027
96.7	NaN	745	NaN	647	1	357	0	0	0	406	-0	-0	0	0	-0	0	-0	-0	-0.007	-0.024
96.8	NaN	745	NaN	647	1	357	0	0	0	406	-0	-0	0	0	-0	0	-0	-0	-0.008	-0.031
96.9	NaN	745	NaN	647	1	357	0	0	0	406	-0	-0	0	0	-0	0	-0	-0	-0.006	-0.029
97	NaN	745	NaN	647	1	357	0	0	0	406	-0	-0	0	0	-0	0	-0	-0	-0.004	-0.04
97.1	NaN	745	NaN	647	1	357	0	0	0	406	-0	-0	0	0	-0	0	-0	-0	-0.006	-0.04
97.2	NaN	745	NaN	647	1	357	0	0	0	406	-0	-0	0	0	-0	0	-0	-0	-0.007	-0.022
97.3	NaN	745	NaN	647	1	357	0	0	0	406	-0	-0	0	0	-0	0	-0	-0	-0.006	-0.026
97.4	NaN	745	NaN	647	1	357	0	0	0	406	-0	-0	0	0	-0	0	-0	-0	-0.005	-0.035
97.5	NaN	745	NaN	647	1	357	0	0	0	406	-0	-0	0	0	-0	0	-0	-0	-0.002	-0.034
97.6	NaN	745	NaN	647	1	357	0	0	0	406	-0	-0	0	0	-0	0	-0	-0	0.002	-0.019
97.7	NaN	745	NaN	647	1	357	0	0	0	406	-0	-0	0	0	-0	0	-0	-0	0.006	-0.032
97.8	NaN	745	NaN	647	1	357	0	0	0	406	-0	-0	0	0	-0	0	-0	-0	0.009	-0.044
97.9	NaN	745	NaN	647	1	357	0	0	0	406	-0	-0	0	0	-0	0	-0	-0	0.007	-0.033
98	NaN	745	NaN	647	1	357	0	0	0	406	-0	-0	0	0	-0	0	-0	-0	0.008	-0.013
98.1	NaN	745	NaN	647	1	357	0	0	0	406	-0	-0	0	0	-0	0	-0	-0	0.009	-0.021
98.2	NaN	745	NaN	647	1	357	0	0	0	406	-0	-0	0	0	-0	0	-0	-0	0.011	-0.033
98.3	NaN	745	NaN	647	1	357	0	0	0	406	-0	-0	0	0	-0	0	-0	-0	0.011	-0.026
98.4	NaN	745	NaN	647	1	357	0	0	0	406	-0	-0	0	0	-0	0	-0	-0	0.012	-0.039
98.5	NaN	745	NaN	647	1	357	0	0	0	406	-0	-0	0	0	-0	0	-0	-0	0.014	-0.026
98.6	NaN	745	NaN	647	1	357	0	0	0	406	-0	-0	0	0	-0	0	-0	-0	0.016	-0.037
98.7	NaN	745	NaN	647	1	357	0	0	0	406	-0	-0	0	0	-0	0	-0	-0	0.014	-0.047
98.8	NaN	745	NaN	647	1	357	0	0	0	406	-0	-0	0	0	-0	0	-0	-0	0.011	-0.027
98.9	NaN	745	NaN	647	1	357	0	0	0	406	-0	-0	0	0	-0	0	-0	-0	0.011	-0.022
99	NaN	745	NaN	647	1	357	0	0	0	406	-0	-0	0	0	-0	0	-0	-0	0.01	-0.038
99.1	NaN	745	NaN	647	1	357	0	0	0	406	-0	-0	0	0	-0	0	-0	-0	0.011	-0.03
99.2	NaN	745	NaN	647	1	357	0	0	0	406	-0	-0	0	0	-0	0	-0	-0	0.011	-0.031
99.3	NaN	745	NaN	647	1	357	0	0	0	406	-0	-0	0	0	-0	0	-0	-0	0.011	-0.018
99.4	NaN	745	NaN	647	1	357	0	0	0	406	-0	-0	0	0	-0	0	-0	-0	0.011	-0.024
99.5	NaN	745	NaN	647	1	357	0	0	0	406	-0	-0	0	0	-0	0	-0	-0	0.011	-0.037
99.6	NaN	745	NaN	647	1	357	0	0	0	406	-0	-0	0	0	-0	0	-0	-0	0.01	-0.042
99.7	NaN	745	NaN	647	1	357	0	0	0	406	-0	-0	0	0	-0	0	-0	-0	0.01	-0.048
99.8	NaN	745	NaN	647	1	357	0	0	0	406	-0	-0	0	0	-0	0	-0	-0	0.01	-0.041
99.9	NaN	745	NaN	647	1	357	0	0	0	406	-0	-0	0	0	-0	0	-0	-0	0.009	-0.026
100	NaN	745	NaN	647	1	357	0	0	0	406	-0	-0	0	0	-0	0	-0	-0	0.008	-0.038
100.1	NaN	745	NaN	647	1	357	0	0	0	406	-0	-0	0	0	-0	0	-0	-0	0.008	-0.031
100.2	NaN	745	NaN	647	1	357	0	0	0	406	-0	-0	0	0	-0	0	-0	-0	0.008	-0.021
100.3	NaN	745	NaN	647	1	357	0	0	0	406	-0	-0	0	0	-0	0	-0	-0	0.008	-0.033
100.4	NaN	745	NaN	647	1	357	0	0	0	406	-0	-0	0	0	-0	0	-0	-0	0.008	0.01
100.5	NaN	745	NaN	647	1	357	0	0	0	406	-0	-0	0	0	-0	0	-0	-0	0.008	-0.016
100.6	NaN	745	NaN	647	1	357	0	0	0	406	-0	-0	0	0	-0	0	-0	-0	0.007	-0.017
100.7	NaN	745	NaN	647	1	357	0	0	0	406	-0	-0	0	0	-0	0	-0	-0	0.005	-0.033
100.8	NaN	745	NaN	647	1	357	0	0	0	406	-0	-0	0	0	-0	0	-0	-0	0.006	-0.014
100.9	NaN	745	NaN	647	1	357	0	0	0	406	-0	-0	0	0	-0	0	-0	-0	0.005	-0.02
101	NaN	745	NaN	647	1	357	0	0	0	406	-0	-0	0	0	-0	0	-0	-0	0.004	-0.028
101.1	NaN	745	NaN	647	1	357	0	0	0	406	-0	-0	0	0	-0	0	-0	-0	0.004	0.002
101.2	NaN	745	NaN	647	1	357	0	0	0	406	-0	-0	0	0	-0	0	-0	-0	0.005	-0.012
101.3	NaN	745	NaN	647	1	357	0	0	0	406	-0	-0	0	0	-0	0	-0	-0	0.006	-0.007
101.4	NaN	745	NaN	647	1	357	0	0	0	406	-0	-0	0	0	-0	0	-0	-0	0.006	-0.031
101.5	NaN	745	NaN	647	1	357	0	0	0	406	-0	-0	0	0	-0	0	-0	-0	0.007	-0.039
101.6	NaN	745	NaN	647	1	357	0	0	0	406	-0	-0	0	0	-0	0	-0	-0	0.009	-0.024
101.7	NaN	745	NaN	647	1	357	0	0	0	406	-0	-0	0	0	-0	0	-0	-0	0.01	-0.003
101.8	NaN	745	NaN	647	1	357	0	0	0	406	-0	-0	0	0	-0	0	-0	-0	0.01	-0.017
101.9	NaN	745	NaN	647	1	357	0	0	0	406	-0	-0	0	0	-0	0	-0	-0	0.009	-0.03
102	NaN	745	NaN	647	1	357	0	0	0	406	-0	-0	0	0	-0	0	-0	-0	0.009	-0.039
102.1	NaN	745	NaN	647	1	357	0	0	0	406	-0	-0	0	0	-0	0	-0	-0	0.009	-0.041
102.2	NaN	745	NaN	647	1	357	0	0	0	406	-0	-0	0	0	-0	0	-0	-0	0.011	-0.05
102.3	NaN	745	NaN	647	1	357	0	0	0	406	-0	-0	0	0	-0	0	-0	-0	0.011	-0.045
102.4	NaN	745	NaN	647	1	357	0	0	0	406	-0	-0	0	0	-0	0	-0	-0	0.012	-0.034
102.5	NaN	745	NaN	647	1	357	0	0	0	406	-0	-0	0	0	-0	0	-0	-0	0.013	-0.027
102.6	NaN	745	NaN	647	1	357	0	0	0	406	-0	-0	0	0	-0	0	-0	-0	0.013	-0.027
102.7	NaN	745	NaN	647	1	357	0	0	0	406	-0	-0	0	0	-0	0	-0	-0	0.014	-0.019
102.8	NaN	745	NaN	647	1	357	0	0	0	406	-0	-0	0	0	-0	0	-0	-0	0.014	-0.034
102.9	NaN	745	NaN	647	1	357	0	0	0	406	-0	-0	0	0	-0	0	-0	-0	0.014	-0.037
103	NaN	745	NaN	647	1	357	0	0	0	406	-0	-0	0	0	-0	0	-0	-0	0.014	-0.028
103.1	NaN	745	NaN	647	1	357	0	0	0	406	-0	-0	0	0	-0	0	-0	-0	0.014	-0.046
103.2	NaN	745	NaN	647	1	357	0	0	0	406	-0	-0	0	0	-0	0	-0	-0	0.014	-0.03
103.3	NaN	745	NaN	647	1	357	0	0	0	406	-0	-0	0	0	-0	0	-0	-0	0.014	-0.029
103.4	NaN	745	NaN	647	1	357	0	0	0	406	-0	-0	0	0	-0	0	-0	-0	0.014	-0.027
103.5	NaN	745	NaN	647	1	357	0	0	0	406	-0	-0	0	0	-0	0	-0	-0	0.013	-0.016
103.6	NaN	745	NaN	647	1	357	0	0	0	406	-0	-0	0	0	-0	0	-0	-0	0.013	-0.022
103.7	NaN	745	NaN	647	1	357	0	0	0	406	-0	-0	0	0	-0	0	-0	-0	0.013	-0.033
103.8	NaN	745	NaN	647	1	357	0	0	0	406	-0	-0	0	0	-0	0	-0	-0	0.012	-0.032
103.9	NaN	745	NaN	647	1	357	0	0	0	406	-0	-0	0	0	-0	0	-0	-0	0.012	-0.035
104	NaN	745	NaN	647	1	357	0	0	0	406	-0	-0	0	0	-0	0	-0	-0	0.011	-0.039
104.1	NaN	745	NaN	647	1	357	0	0	0	406	-0	-0	0	0	-0	0	-0	-0	0.009	-0.029
104.2	NaN	745	NaN	647	1	357	0	0	0	406	-0	-0	0	0	-0	0	-0	-0	0.008	-0.016
104.3	NaN	745	NaN	647	1	357	0	0	0	406	-0	-0	0	0	-0	0	-0	-0	0.007	-0.033
104.4	NaN	745	NaN	647	1	357	0	0	0	406	-0	-0	0	0	-0	0	-0	-0	0.007	-0.026
104.5	NaN	745	NaN	647	1	357	0	0	0	406	-0	-0	0	0	-0	0	-0	-0	0.006	-0.036
104.6	NaN	745	NaN	647	1	357	0	0	0	406	-0	-0	0	0	-0	0	-0	-0	0.005	-0.042
104.7	NaN	745	NaN	647	1	357	0	0	0	406	-0	-0	0	0	-0	0	-0	-0	0.005	-0.035
104.8	NaN	745	NaN	647	1	357	0	0	0	406	-0	-0	0	0	-0	0	-0	-0	0.004	-0.026
104.9	NaN	745	NaN	647	1	357	0	0	0	406	-0	-0	0	0	-0	0	-0	-0	0.003	-0.046
105	NaN	745	NaN	647	1	357	0	0	0	406	-0	-0	0	0	-0	0	-0	-0	0.001	-0.038
105.1	NaN	745	NaN	647	1	357	0	0	0	406	-0	-0	0	0	-0	0	-0	-0	-0.001	-0.024
105.2	NaN	745	NaN	647	1	357	0	0	0	406	-0	-0	0	0	-0	0	-0	-0	-0	-0.031
105.3	NaN	745	NaN	647	1	357	0	0	0	406	-0	-0	0	0	-0	0	-0	-0	-0	-0.038
105.4	NaN	745	NaN	647	1	357	0	0	0	406	-0	-0	0	0	-0	0	-0	-0	-0	-0.024
105.5	NaN	745	NaN	647	1	357	0	0	0	406	-0	-0	0	0	-0	0	-0	-0	-0.001	-0.002
105.6	NaN	745	NaN	647	1	357	0	0	0	406	-0	-0	0	0	-0	0	-0	-0	-0.002	-0.018
105.7	NaN	745	NaN	647	1	357	0	0	0	406	-0	-0	0	0	-0	0	-0	-0	-0.003	-0.018
105.8	NaN	745	NaN	647	1	357	0	0	0	406	-0	-0	0	0	-0	0	-0	-0	-0.003	-0.03
105.9	NaN	745	NaN	647	1	357	0	0	0	406	-0	-0	0	0	-0	0	-0	-0	-0.003	-0.049
106	NaN	745	NaN	647	1	357	0	0	0	406	-0	-0	0	0	-0	0	-0	-0	-0.003	-0.061
106.1	NaN	745	NaN	647	1	357	0	0	0	406	-0	-0	0	0	-0	0	-0	-0	-0.002	-0.075
106.2	NaN	745	NaN	647	1	357	0	0	0	406	-0	-0	0	0	-0	0	-0	-0	-0.002	-0.06
106.3	NaN	745	NaN	647	1	357	0	0	0	406	-0	-0	0	0	-0	0	-0	-0	-0.003	-0.042
106.4	NaN	745	NaN	647	1	357	0	0	0	406	-0	-0	0	0	-0	0	-0	-0	-0.004	-0.039
106.5	NaN	745	NaN	647	1	357	0	0	0	406	-0	-0	0	0	-0	0	-0	-0	-0.004	-0.042
106.6	NaN	745	NaN	647	1	357	0	0	0	406	-0	-0	0	0	-0	0	-0	-0	-0.003	-0.038
106.7	NaN	745	NaN	647	1	357	0	0	0	406	-0	-0	0	0	-0	0	-0	-0	-0.002	-0.034
106.8	NaN	745	NaN	647	1	357	0	0	0	406	-0	-0	0	0	-0	0	-0	-0	-0.001	-0.022
106.9	NaN	745	NaN	647	1	357	0	0	0	406	-0	-0	0	0	-0	0	-0	-0	-0.001	-0.037
107	NaN	745	NaN	647	1	357	0	0	0	406	-0	-0	0	0	-0	0	-0	-0	-0.001	-0.029
107.1	NaN	745	NaN	647	1	357	0	0	0	406	-0	-0	0	0	-0	0	-0	-0	-0.001	-0.02
107.2	NaN	745	NaN	647	1	357	0	0	0	406	-0	-0	0	0	-0	0	-0	-0	-0	-0.031
107.3	NaN	745	NaN	647	1	357	0	0	0	406	-0	-0	0	0	-0	0	-0	-0	-0	-0.023
107.4	NaN	745	NaN	647	1	357	0	0	0	406	-0	-0	0	0	-0	0	-0	-0	-0.001	-0.031
107.5	NaN	745	NaN	647	1	357	0	0	0	406	-0	-0	0	0	-0	0	-0	-0	-0.001	-0.054
107.6	NaN	745	NaN	647	1	357	0	0	0	406	-0	-0	0	0	-0	0	-0	-0	0.001	-0.037
107.7	NaN	745	NaN	647	1	357	0	0	0	406	-0	-0	0	0	-0	0	-0	-0	0.001	-0.049
107.8	NaN	745	NaN	647	1	357	0	0	0	406	-0	-0	0	0	-0	0	-0	-0	0.002	-0.052
107.9	NaN	745	NaN	647	1	357	0	0	0	406	-0	-0	0	0	-0	0	-0	-0	0.002	-0.03
108	NaN	745	NaN	647	1	357	0	0	0	406	-0	-0	0	0	-0	0	-0	-0	-0.001	-0.031
108.1	NaN	745	NaN	647	1	357	0	0	0	406	-0	-0	0	0	-0	0	-0	-0	-0.004	-0.038
108.2	NaN	745	NaN	647	1	357	0	0	0	406	-0	-0	0	0	-0	0	-0	-0	-0.004	-0.037
108.3	NaN	745	NaN	647	1	357	0	0	0	406	-0	-0	0	0	-0	0	-0	-0	-0.004	-0.021
108.4	NaN	745	NaN	647	1	357	0	0	0	406	-0	-0	0	0	-0	0	-0	-0	-0.005	-0.025
108.5	NaN	745	NaN	647	1	357	0	0	0	406	-0	-0	0	0	-0	0	-0	-0	-0.005	-0.034
108.6	NaN	745	NaN	647	1	357	0	0	0	406	-0	-0	0	0	-0	0	-0	-0	-0.005	-0.031
108.7	NaN	745	NaN	647	1	357	0	0	0	406	-0	-0	0	0	-0	0	-0	-0	-0.005	-0.031
108.8	NaN	745	NaN	647	1	357	0	0	0	406	-0	-0	0	0	-0	0	-0	-0	-0.005	-0.039
108.9	NaN	745	NaN	647	1	357	0	0	0	406	-0	-0	0	0	-0	0	-0	-0	-0.005	-0.053
109	NaN	745	NaN	647	1	357	0	0	0	406	-0	-0	0	0	-0	0	-0	-0	-0.003	-0.036
109.1	NaN	745	NaN	647	1	357	0	0	0	406	-0	-0	0	0	-0	0	-0	-0	-0.001	-0.039
109.2	NaN	745	NaN	647	1	357	0	0	0	406	-0	-0	0	0	-0	0	-0	-0	-0.002	-0.026
109.3	NaN	745	NaN	647	1	357	0	0	0	406	-0	-0	0	0	-0	0	-0	-0	-0.003	-0.022
109.4	NaN	745	NaN	647	1	357	0	0	0	406	-0	-0	0	0	-0	0	-0	-0	-0.003	-0.03
109.5	NaN	745	NaN	647	1	357	0	0	0	406	-0	-0	0	0	-0	0	-0	-0	-0.005	-0.024
109.6	NaN	745	NaN	647	1	357	0	0	0	406	-0	-0	0	0	-0	0	-0	-0	-0.007	-0.034
109.7	NaN	745	NaN	647	1	357	0	0	0	406	-0	-0	0	0	-0	0	-0	-0	-0.007	-0.038
109.8	NaN	745	NaN	647	1	357	0	0	0	406	-0	-0	0	0	-0	0	-0	-0	-0.007	-0.04
109.9	NaN	745	NaN	647	1	357	0	0	0	406	-0	-0	0	0	-0	0	-0	-0	-0.008	-0.043
110	NaN	745	NaN	647	1	357	0	0	0	406	-0	-0	0	0	-0	0	-0	-0	-0.008	-0.04
110.1	NaN	745	NaN	647	1	357	0	0	0	406	-0	-0	0	0	-0	0	-0	-0	-0.008	-0.041
110.2	NaN	745	NaN	647	1	357	0	0	0	406	-0	-0	0	0	-0	0	-0	-0	-0.008	-0.04
110.3	NaN	745	NaN	647	1	357	0	0	0	406	-0	-0	0	0	-0	0	-0	-0	-0.008	-0.031
110.4	NaN	745	NaN	647	1	357	0	0	0	406	-0	-0	0	0	-0	0	-0	-0	-0.008	-0.034
110.5	NaN	745	NaN	647	1	357	0	0	0	406	-0	-0	0	0	-0	0	-0	-0	-0.008	-0.045
110.6	NaN	745	NaN	647	1	357	0	0	0	406	-0	-0	0	0	-0	0	-0	-0	-0.006	-0.038
110.7	NaN	745	NaN	647	1	357	0	0	0	406	-0	-0	0	0	-0	0	-0	-0	-0.007	-0.023
110.8	NaN	745	NaN	647	1	357	0	0	0	406	-0	-0	0	0	-0	0	-0	-0	-0.007	-0.027
110.9	NaN	745	NaN	647	1	357	0	0	0	406	-0	-0	0	0	-0	0	-0	-0	-0.007	-0.038
111	NaN	745	NaN	647	1	357	0	0	0	406	-0	-0	0	0	-0	0	-0	-0	-0.007	-0.031
111.1	NaN	745	NaN	647	1	357	0	0	0	406	-0	-0	0	0	-0	0	-0	-0	-0.006	-0.026
111.2	NaN	745	NaN	647	1	357	0	0	0	406	-0	-0	0	0	-0	0	-0	-0	-0.003	-0.038
111.3	NaN	745	NaN	647	1	357	0	0	0	406	-0	-0	0	0	-0	0	-0	-0	-0.004	-0.04
111.4	NaN	745	NaN	647	1	357	0	0	0	406	-0	-0	0	0	-0	0	-0	-0	-0.005	-0.033
111.5	NaN	745	NaN	647	1	357	0	0	0	406	-0	-0	0	0	-0	0	-0	-0	-0.005	-0.036
111.6	NaN	745	NaN	647	1	357	0	0	0	406	-0	-0	0	0	-0	0	-0	-0	-0.005	-0.038
111.7	NaN	745	NaN	647	1	357	0	0	0	406	-0	-0	0	0	-0	0	-0	-0	-0.003	-0.036
111.8	NaN	745	NaN	647	1	357	0	0	0	406	-0	-0	0	0	-0	0	-0	-0	-0.003	-0.021
111.9	NaN	745	NaN	647	1	357	0	0	0	406	-0	-0	0	0	-0	0	-0	-0	-0.002	-0.031
112	NaN	745	NaN	647	1	357	0	0	0	406	-0	-0	0	0	-0	0	-0	-0	-0.003	-0.046
112.1	NaN	745	NaN	647	1	357	0	0	0	406	-0	-0	0	0	-0	0	-0	-0	-0.003	-0.034
112.2	NaN	745	NaN	647	1	357	0	0	0	406	-0	-0	0	0	-0	0	-0	-0	-0.002	-0.016
112.3	NaN	745	NaN	647	1	357	0	0	0	406	-0	-0	0	0	-0	0	-0	-0	-0.002	-0.026
112.4	NaN	745	NaN	647	1	357	0	0	0	406	-0	-0	0	0	-0	0	-0	-0	-0.002	-0.039
112.5	NaN	745	NaN	647	1	357	0	0	0	406	-0	-0	0	0	-0	0	-0	-0	-0.003	-0.036
112.6	NaN	745	NaN	647	1	357	0	0	0	406	-0	-0	0	0	-0	0	-0	-0	-0.002	-0.025
112.7	NaN	745	NaN	647	1	357	0	0	0	406	-0	-0	0	0	-0	0	-0	-0	-0.002	-0.037
112.8	NaN	745	NaN	647	1	357	0	0	0	406	-0	-0	0	0	-0	0	-0	-0	-0.002	-0.038
112.9	NaN	745	NaN	647	1	357	0	0	0	406	-0	-0	0	0	-0	0	-0	-0	-0.002	-0.027
113	NaN	745	NaN	647	1	357	0	0	0	406	-0	-0	0	0	-0	0	-0	-0	-0.002	-0.023
113.1	NaN	745	NaN	647	1	357	0	0	0	406	-0	-0	0	0	-0	0	-0	-0	-0.002	-0.015
113.2	NaN	745	NaN	647	1	357	0	0	0	406	-0	-0	0	0	-0	0	-0	-0	-0.001	-0.016
113.3	NaN	745	NaN	647	1	357	0	0	0	406	-0	-0	0	0	-0	0	-0	-0	-0.001	-0.025
113.4	NaN	745	NaN	647	1	357	0	0	0	406	-0	-0	0	0	-0	0	-0	-0	-0	-0.033
113.5	NaN	745	NaN	647	1	357	0	0	0	406	-0	-0	0	0	-0	0	-0	-0	-0	-0.046
113.6	NaN	745	NaN	647	1	357	0	0	0	406	-0	-0	0	0	-0	0	-0	-0	-0.001	-0.023
113.7	NaN	745	NaN	647	1	357	0	0	0	406	-0	-0	0	0	-0	0	-0	-0	-0.001	-0.023
113.8	NaN	745	NaN	647	1	357	0	0	0	406	-0	-0	0	0	-0	0	-0	-0	-0.001	-0.019
113.9	NaN	745	NaN	647	1	357	0	0	0	406	-0	-0	0	0	-0	0	-0	-0	-0.001	-0.025
114	NaN	745	NaN	647	1	357	0	0	0	406	-0	-0	0	0	-0	0	-0	-0	-0.001	-0.037
114.1	NaN	745	NaN	647	1	357	0	0	0	406	-0	-0	0	0	-0	0	-0	-0	-0.002	-0.038
114.2	NaN	745	NaN	647	1	357	0	0	0	406	-0	-0	0	0	-0	0	-0	-0	-0.003	-0.033
114.3	NaN	745	NaN	647	1	357	0	0	0	406	-0	-0	0	0	-0	0	-0	-0	-0.003	-0.03
114.4	NaN	745	NaN	647	1	357	0	0	0	406	-0	-0	0	0	-0	0	-0	-0	-0.003	-0.032
114.5	NaN	745	NaN	647	1	357	0	0	0	406	-0	-0	0	0	-0	0	-0	-0	-0.003	-0.046
114.6	NaN	745	NaN	647	1	357	0	0	0	406	-0	-0	0	0	-0	0	-0	-0	-0.002	-0.038
114.7	NaN	745	NaN	647	1	357	0	0	0	406	-0	-0	0	0	-0	0	-0	-0	-0.002	-0.022
114.8	NaN	745	NaN	647	1	357	0	0	0	406	-0	-0	0	0	-0	0	-0	-0	-0.003	-0.026
114.9	NaN	745	NaN	647	1	357	0	0	0	406	-0	-0	0	0	-0	0	-0	-0	-0.002	-0.027
115	NaN	745	NaN	647	1	357	0	0	0	406	-0	-0	0	0	-0	0	-0	-0	-0.001	-0.054
115.1	NaN	745	NaN	647	1	357	0	0	0	406	-0	-0	0	0	-0	0	-0	-0	-0.002	-0.049
115.2	NaN	745	NaN	647	1	357	0	0	0	406	-0	-0	0	0	-0	0	-0	-0	-0.003	-0.038
115.3	NaN	745	NaN	647	1	357	0	0	0	406	-0	-0	0	0	-0	0	-0	-0	-0.003	-0.022
115.4	NaN	745	NaN	647	1	357	0	0	0	406	-0	-0	0	0	-0	0	-0	-0	-0.002	-0.024
115.5	NaN	745	NaN	647	1	357	0	0	0	406	-0	-0	0	0	-0	0	-0	-0	-0.002	-0.027
115.6	NaN	745	NaN	647	1	357	0	0	0	406	-0	-0	0	0	-0	0	-0	-0	-0.002	-0.024
115.7	NaN	745	NaN	647	1	357	0	0	0	406	-0	-0	0	0	-0	0	-0	-0	-0.003	-0.044
115.8	NaN	745	NaN	647	1	357	0	0	0	406	-0	-0	0	0	-0	0	-0	-0	-0.004	-0.058
115.9	NaN	745	NaN	647	1	357	0	0	0	406	-0	-0	0	0	-0	0	-0	-0	-0.005	-0.031
116	NaN	745	NaN	647	1	357	0	0	0	406	-0	-0	0	0	-0	0	-0	-0	-0.004	-0.027
116.1	NaN	745	NaN	647	1	357	0	0	0	406	-0	-0	0	0	-0	0	-0	-0	-0.004	-0.043
116.2	NaN	745	NaN	647	1	357	0	0	0	406	-0	-0	0	0	-0	0	-0	-0	-0.004	-0.044
116.3	NaN	745	NaN	647	1	357	0	0	0	406	-0	-0	0	0	-0	0	-0	-0	-0.003	-0.031
116.4	NaN	745	NaN	647	1	357	0	0	0	406	-0	-0	0	0	-0	0	-0	-0	-0.004	-0.028
116.5	NaN	745	NaN	647	1	357	0	0	0	406	-0	-0	0	0	-0	0	-0	-0	-0.004	-0.041
116.6	NaN	745	NaN	647	1	357	0	0	0	406	-0	-0	0	0	-0	0	-0	-0	-0.005	-0.025
116.7	NaN	745	NaN	647	1	357	0	0	0	406	-0	-0	0	0	-0	0	-0	-0	-0.006	-0.027
116.8	NaN	745	NaN	647	1	357	0	0	0	406	-0	-0	0	0	-0	0	-0	-0	-0.006	-0.041
116.9	NaN	745	NaN	647	1	357	0	0	0	406	-0	-0	0	0	-0	0	-0	-0	-0.007	-0.029
117	NaN	745	NaN	647	1	357	0	0	0	406	-0	-0	0	0	-0	0	-0	-0	-0.006	-0.023
117.1	NaN	745	NaN	647	1	357	0	0	0	406	-0	-0	0	0	-0	0	-0	-0	-0.005	-0.022
117.2	NaN	745	NaN	647	1	357	0	0	0	406	-0	-0	0	0	-0	0	-0	-0	-0.006	-0.033
117.3	NaN	745	NaN	647	1	357	0	0	0	406	-0	-0	0	0	-0	0	-0	-0	-0.008	-0.044
117.4	NaN	745	NaN	647	1	357	0	0	0	406	-0	-0	0	0	-0	0	-0	-0	-0.007	-0.038
117.5	NaN	745	NaN	647	1	357	0	0	0	406	-0	-0	0	0	-0	0	-0	-0	-0.005	-0.03
117.6	NaN	745	NaN	647	1	357	0	0	0	406	-0	-0	0	0	-0	0	-0	-0	-0.004	-0.034
117.7	NaN	745	NaN	647	1	357	0	0	0	406	-0	-0	0	0	-0	0	-0	-0	-0.002	-0.041
117.8	NaN	745	NaN	647	1	357	0	0	0	406	-0	-0	0	0	-0	0	-0	-0	-0.002	-0.024
117.9	NaN	745	NaN	647	1	357	0	0	0	406	-0	-0	0	0	-0	0	-0	-0	-0.002	-0.043
118	NaN	745	NaN	647	1	357	0	0	0	406	-0	-0	0	0	-0	0	-0	-0	-0.002	-0.045
118.1	NaN	745	NaN	647	1	357	0	0	0	406	-0	-0	0	0	-0	0	-0	-0	-0.001	-0.028
118.2	NaN	745	NaN	647	1	357	0	0	0	406	-0	-0	0	0	-0	0	-0	-0	-0.001	-0.032
118.3	NaN	745	NaN	647	1	357	0	0	0	406	-0	-0	0	0	-0	0	-0	-0	0.001	-0.027
118.4	NaN	745	NaN	647	1	357	0	0	0	406	-0	-0	0	0	-0	0	-0	-0	0.001	-0.024
118.5	NaN	745	NaN	647	1	357	0	0	0	406	-0	-0	0	0	-0	0	-0	-0	0	-0.038
118.6	NaN	745	NaN	647	1	357	0	0	0	406	-0	-0	0	0	-0	0	-0	-0	0	-0.031
118.7	NaN	745	NaN	647	1	357	0	0	0	406	-0	-0	0	0	-0	0	-0	-0	0.001	-0.023
118.8	NaN	745	NaN	647	1	357	0	0	0	406	-0	-0	0	0	-0	0	-0	-0	0.003	-0.029
118.9	NaN	745	NaN	647	1	357	0	0	0	406	-0	-0	0	0	-0	0	-0	-0	0.002	-0.038
119	NaN	745	NaN	647	1	357	0	0	0	406	-0	-0	0	0	-0	0	-0	-0	0.002	-0.037
119.1	NaN	745	NaN	647	1	357	0	0	0	406	-0	-0	0	0	-0	0	-0	-0	0.002	-0.031
119.2	NaN	745	NaN	647	1	357	0	0	0	406	-0	-0	0	0	-0	0	-0	-0	0.001	-0.031
119.3	NaN	745	NaN	647	1	357	0	0	0	406	-0	-0	0	0	-0	0	-0	-0	0.002	-0.043
119.4	NaN	745	NaN	647	1	357	0	0	0	406	-0	-0	0	0	-0	0	-0	-0	0.002	-0.039
119.5	NaN	745	NaN	647	1	357	0	0	0	406	-0	-0	0	0	-0	0	-0	-0	0.002	-0.027
119.6	NaN	745	NaN	647	1	357	0	0	0	406	-0	-0	0	0	-0	0	-0	-0	0.002	-0.047
119.7	NaN	745	NaN	647	1	357	0	0	0	406	-0	-0	0	0	-0	0	-0	-0	0.003	-0.029
119.8	NaN	745	NaN	647	1	357	0	0	0	406	-0	-0	0	0	-0	0	-0	-0	0.004	-0.024
119.9	NaN	745	NaN	647	1	357	0	0	0	406	-0	-0	0	0	-0	0	-0	-0	0.003	-0.02
120	NaN	745	NaN	647	1	357	0	0	0	406	-0	-0	0	0	-0	0	-0	-0	0.001	-0.023
120.1	NaN	745	NaN	647	1	357	0	0	0	406	-0	-0	0	0	-0	0	-0	-0	0	-0.033
120.2	NaN	745	NaN	647	1	357	0	0	0	406	-0	-0	0	0	-0	0	-0	-0	0.001	-0.037
120.3	NaN	745	NaN	647	1	357	0	0	0	406	-0	-0	0	0	-0	0	-0	-0	0.002	-0.032
120.4	NaN	745	NaN	647	1	357	0	0	0	406	-0	-0	0	0	-0	0	-0	-0	0.001	-0.049
120.5	NaN	745	NaN	647	1	357	0	0	0	406	-0	-0	0	0	-0	0	-0	-0	0.001	-0.037
120.6	NaN	745	NaN	647	1	357	0	0	0	406	-0	-0	0	0	-0	0	-0	-0	0.001	-0.017
120.7	NaN	745	NaN	647	1	357	0	0	0	406	-0	-0	0	0	-0	0	-0	-0	0.002	-0.026
120.8	NaN	745	NaN	647	1	357	0	0	0	406	-0	-0	0	0	-0	0	-0	-0	0.002	-0.04
120.9	NaN	745	NaN	647	1	357	0	0	0	406	-0	-0	0	0	-0	0	-0	-0	0.001	-0.049
121	NaN	745	NaN	647	1	357	0	0	0	406	-0	-0	0	0	-0	0	-0	-0	-0	-0.039
121.1	NaN	745	NaN	647	1	357	0	0	0	406	-0	-0	0	0	-0	0	-0	-0	-0.001	-0.031
121.2	NaN	745	NaN	647	1	357	0	0	0	406	-0	-0	0	0	-0	0	-0	-0	-0.002	-0.034
121.3	NaN	745	NaN	647	1	357	0	0	0	406	-0	-0	0	0	-0	0	-0	-0	-0.003	-0.022
121.4	NaN	745	NaN	647	1	357	0	0	0	406	-0	-0	0	0	-0	0	-0	-0	-0.004	-0.021
121.5	NaN	745	NaN	647	1	357	0	0	0	406	-0	-0	0	0	-0	0	-0	-0	-0.004	-0.034
121.6	NaN	745	NaN	647	1	357	0	0	0	406	-0	-0	0	0	-0	0	-0	-0	-0.003	-0.038
121.7	NaN	745	NaN	647	1	357	0	0	0	406	-0	-0	0	0	-0	0	-0	-0	-0.003	-0.048
121.8	NaN	745	NaN	647	1	357	0	0	0	406	-0	-0	0	0	-0	0	-0	-0	-0.003	-0.036
121.9	NaN	745	NaN	647	1	357	0	0	0	406	-0	-0	0	0	-0	0	-0	-0	-0.003	-0.02
122	NaN	745	NaN	647	1	357	0	0	0	406	-0	-0	0	0	-0	0	-0	-0	-0.002	-0.04
122.1	NaN	745	NaN	647	1	357	0	0	0	406	-0	-0	0	0	-0	0	-0	-0	-0.001	-0.039
122.2	NaN	745	NaN	647	1	357	0	0	0	406	-0	-0	0	0	-0	0	-0	-0	-0.001	-0.035
122.3	NaN	745	NaN	647	1	357	0	0	0	406	-0	-0	0	0	-0	0	-0	-0	-0.001	-0.032
122.4	NaN	745	NaN	647	1	357	0	0	0	406	-0	-0	0	0	-0	0	-0	-0	-0.001	-0.028
122.5	NaN	745	NaN	647	1	357	0	0	0	406	-0	-0	0	0	-0	0	-0	-0	0	-0.018
122.6	NaN	745	NaN	647	1	357	0	0	0	406	-0	-0	0	0	-0	0	-0	-0	0.001	-0.022
122.7	NaN	745	NaN	647	1	357	0	0	0	406	-0	-0	0	0	-0	0	-0	-0	0.002	-0.046
122.8	NaN	745	NaN	647	1	357	0	0	0	406	-0	-0	0	0	-0	0	-0	-0	0.005	-0.046
122.9	NaN	745	NaN	647	1	357	0	0	0	406	-0	-0	0	0	-0	0	-0	-0	0.005	-0.046
123	NaN	745	NaN	647	1	357	0	0	0	406	-0	-0	0	0	-0	0	-0	-0	0.004	-0.039
123.1	NaN	745	NaN	647	1	357	0	0	0	406	-0	-0	0	0	-0	0	-0	-0	0.005	-0.053
123.2	NaN	745	NaN	647	1	357	0	0	0	406	-0	-0	0	0	-0	0	-0	-0	0.005	-0.031
123.3	NaN	745	NaN	647	1	357	0	0	0	406	-0	-0	0	0	-0	0	-0	-0	0.005	-0.041
123.4	NaN	745	NaN	647	1	357	0	0	0	406	-0	-0	0	0	-0	0	-0	-0	0.005	-0.048
123.5	NaN	745	NaN	647	1	357	0	0	0	406	-0	-0	0	0	-0	0	-0	-0	0.005	-0.026
123.6	NaN	745	NaN	647	1	357	0	0	0	406	-0	-0	0	0	-0	0	-0	-0	0.005	-0.036
123.7	NaN	745	NaN	647	1	357	0	0	0	406	-0	-0	0	0	-0	0	-0	-0	0.006	-0.028
123.8	NaN	745	NaN	647	1	357	0	0	0	406	-0	-0	0	0	-0	0	-0	-0	0.006	-0.032
123.9	NaN	745	NaN	647	1	357	0	0	0	406	-0	-0	0	0	-0	0	-0	-0	0.004	-0.035
124	NaN	745	NaN	647	1	357	0	0	0	406	-0	-0	0	0	-0	0	-0	-0	0.002	-0.026
124.1	NaN	745	NaN	647	1	357	0	0	0	406	-0	-0	0	0	-0	0	-0	-0	0.003	-0.044
124.2	NaN	745	NaN	647	1	357	0	0	0	406	-0	-0	0	0	-0	0	-0	-0	0.003	-0.034
124.3	NaN	745	NaN	647	1	357	0	0	0	406	-0	-0	0	0	-0	0	-0	-0	0.003	-0.013
124.4	NaN	745	NaN	647	1	357	0	0	0	406	-0	-0	0	0	-0	0	-0	-0	0.003	-0.021
124.5	NaN	745	NaN	647	1	357	0	0	0	406	-0	-0	0	0	-0	0	-0	-0	0.004	-0.026
124.6	NaN	745	NaN	647	1	357	0	0	0	406	-0	-0	0	0	-0	0	-0	-0	0.002	-0.023
124.7	NaN	745	NaN	647	1	357	0	0	0	406	-0	-0	0	0	-0	0	-0	-0	-0.001	-0.021
124.8	NaN	745	NaN	647	1	357	0	0	0	406	-0	-0	0	0	-0	0	-0	-0	-0.001	-0.037
124.9	NaN	745	NaN	647	1	357	0	0	0	406	-0	-0	0	0	-0	0	-0	-0	0.001	-0.049
125	NaN	745	NaN	647	1	357	0	0	0	406	-0	-0	0	0	-0	0	-0	-0	0.001	-0.048
125.1	NaN	745	NaN	647	1	357	0	0	0	406	-0	-0	0	0	-0	0	-0	-0	0.003	-0.052
125.2	NaN	745	NaN	647	1	357	0	0	0	406	-0	-0	0	0	-0	0	-0	-0	0.003	-0.034
125.3	NaN	745	NaN	647	1	357	0	0	0	406	-0	-0	0	0	-0	0	-0	-0	0.005	-0.032
125.4	NaN	745	NaN	647	1	357	0	0	0	406	-0	-0	0	0	-0	0	-0	-0	0.006	-0.019
125.5	NaN	745	NaN	647	1	357	0	0	0	406	-0	-0	0	0	-0	0	-0	-0	0.008	-0.028
125.6	NaN	745	NaN	647	1	357	0	0	0	406	-0	-0	0	0	-0	0	-0	-0	0.006	-0.028
125.7	NaN	745	NaN	647	1	357	0	0	0	406	-0	-0	0	0	-0	0	-0	-0	0.004	-0.039
125.8	NaN	745	NaN	647	1	357	0	0	0	406	-0	-0	0	0	-0	0	-0	-0	0.004	-0.041
125.9	NaN	745	NaN	647	1	357	0	0	0	406	-0	-0	0	0	-0	0	-0	-0	0.004	-0.03
126	NaN	745	NaN	647	1	357	0	0	0	406	-0	-0	0	0	-0	0	-0	-0	0.004	-0.035
126.1	NaN	745	NaN	647	1	357	0	0	0	406	-0	-0	0	0	-0	0	-0	-0	0.004	-0.055
126.2	NaN	745	NaN	647	1	357	0	0	0	406	-0	-0	0	0	-0	0	-0	-0	0.004	-0.045
126.3	NaN	745	NaN	647	1	357	0	0	0	406	-0	-0	0	0	-0	0	-0	-0	0.005	-0.033
126.4	NaN	745	NaN	647	1	357	0	0	0	406	-0	-0	0	0	-0	0	-0	-0	0.004	-0.018
126.5	NaN	745	NaN	647	1	357	0	0	0	406	-0	-0	0	0	-0	0	-0	-0	0.003	-0.02
126.6	NaN	745	NaN	647	1	357	0	0	0	406	-0	-0	0	0	-0	0	-0	-0	0.004	-0.02
126.7	NaN	745	NaN	647	1	357	0	0	0	406	-0	-0	0	0	-0	0	-0	-0	0.003	-0.019
126.8	NaN	745	NaN	647	1	357	0	0	0	406	-0	-0	0	0	-0	0	-0	-0	0.004	-0.014
126.9	NaN	745	NaN	647	1	357	0	0	0	406	-0	-0	0	0	-0	0	-0	-0	0.004	-0.015
127	NaN	745	NaN	647	1	357	0	0	0	406	-0	-0	0	0	-0	0	-0	-0	0.003	-0.015
127.1	NaN	745	NaN	647	1	357	0	0	0	406	-0	-0	0	0	-0	0	-0	-0	0.003	-0.018
127.2	NaN	745	NaN	647	1	357	0	0	0	406	-0	-0	0	0	-0	0	-0	-0	0.002	-0.037
127.3	NaN	745	NaN	647	1	357	0	0	0	406	-0	-0	0	0	-0	0	-0	-0	0.001	-0.047
127.4	NaN	745	NaN	647	1	357	0	0	0	406	-0	-0	0	0	-0	0	-0	-0	-0.001	-0.042
127.5	NaN	745	NaN	647	1	357	0	0	0	406	-0	-0	0	0	-0	0	-0	-0	-0.001	-0.037
127.6	NaN	745	NaN	647	1	357	0	0	0	406	-0	-0	0	0	-0	0	-0	-0	-0.001	-0.035
127.7	NaN	745	NaN	647	1	357	0	0	0	406	-0	-0	0	0	-0	0	-0	-0	0	-0.035
127.8	NaN	745	NaN	647	1	357	0	0	0	406	-0	-0	0	0	-0	0	-0	-0	0.002	-0.021
127.9	NaN	745	NaN	647	1	357	0	0	0	406	-0	-0	0	0	-0	0	-0	-0	0.001	-0.027
128	NaN	745	NaN	647	1	357	0	0	0	406	-0	-0	0	0	-0	0	-0	-0	-0.001	-0.047
128.1	NaN	745	NaN	647	1	357	0	0	0	406	-0	-0	0	0	-0	0	-0	-0	-0.003	-0.05
128.2	NaN	745	NaN	647	1	357	0	0	0	406	-0	-0	0	0	-0	0	-0	-0	-0.002	-0.05
128.3	NaN	745	NaN	647	1	357	0	0	0	406	-0	-0	0	0	-0	0	-0	-0	-0	-0.032
128.4	NaN	745	NaN	647	1	357	0	0	0	406	-0	-0	0	0	-0	0	-0	-0	-0	-0.022
128.5	NaN	745	NaN	647	1	357	0	0	0	406	-0	-0	0	0	-0	0	-0	-0	0	-0.04
128.6	NaN	745	NaN	647	1	357	0	0	0	406	-0	-0	0	0	-0	0	-0	-0	0.001	-0.039
128.7	NaN	745	NaN	647	1	357	0	0	0	406	-0	-0	0	0	-0	0	-0	-0	0.001	-0.033
128.8	NaN	745	NaN	647	1	357	0	0	0	406	-0	-0	0	0	-0	0	-0	-0	0.002	-0.025
128.9	NaN	745	NaN	647	1	357	0	0	0	406	-0	-0	0	0	-0	0	-0	-0	0.002	-0.021
129	NaN	745	NaN	647	1	357	0	0	0	406	-0	-0	0	0	-0	0	-0	-0	0.001	-0.029
129.1	NaN	745	NaN	647	1	357	0	0	0	406	-0	-0	0	0	-0	0	-0	-0	-0	-0.033
129.2	NaN	745	NaN	647	1	357	0	0	0	406	-0	-0	0	0	-0	0	-0	-0	-0	-0.029
129.3	NaN	745	NaN	647	1	357	0	0	0	406	-0	-0	0	0	-0	0	-0	-0	-0	-0.038
129.4	NaN	745	NaN	647	1	357	0	0	0	406	-0	-0	0	0	-0	0	-0	-0	-0.001	-0.03
129.5	NaN	745	NaN	647	1	357	0	0	0	406	-0	-0	0	0	-0	0	-0	-0	-0.001	-0.023
129.6	NaN	745	NaN	647	1	357	0	0	0	406	-0	-0	0	0	-0	0	-0	-0	-0.001	-0.02
129.7	NaN	745	NaN	647	1	357	0	0	0	406	-0	-0	0	0	-0	0	-0	-0	-0.001	-0.024
129.8	NaN	745	NaN	647	1	357	0	0	0	406	-0	-0	0	0	-0	0	-0	-0	-0.001	-0.038
129.9	NaN	745	NaN	647	1	357	0	0	0	406	-0	-0	0	0	-0	0	-0	-0	-0.001	-0.031
130	NaN	745	NaN	647	1	357	0	0	0	406	-0	-0	0	0	-0	0	-0	-0	-0.002	-0.033
130.1	NaN	745	NaN	647	1	357	0	0	0	406	-0	-0	0	0	-0	0	-0	-0	-0.004	-0.034
130.2	NaN	745	NaN	647	1	357	0	0	0	406	-0	-0	0	0	-0	0	-0	-0	-0.004	-0.048
130.3	NaN	745	NaN	647	1	357	0	0	0	406	-0	-0	0	0	-0	0	-0	-0	-0.004	-0.026
130.4	NaN	745	NaN	647	1	357	0	0	0	406	-0	-0	0	0	-0	0	-0	-0	-0.004	-0.013
130.5	NaN	745	NaN	647	1	357	0	0	0	406	-0	-0	0	0	-0	0	-0	-0	-0.004	-0.025
130.6	NaN	745	NaN	647	1	357	0	0	0	406	-0	-0	0	0	-0	0	-0	-0	-0.003	-0.036
130.7	NaN	745	NaN	647	1	357	0	0	0	406	-0	-0	0	0	-0	0	-0	-0	-0.002	-0.038
130.8	NaN	745	NaN	647	1	357	0	0	0	406	-0	-0	0	0	-0	0	-0	-0	-0.003	-0.026
130.9	NaN	745	NaN	647	1	357	0	0	0	406	-0	-0	0	0	-0	0	-0	-0	-0.003	-0.033
131	NaN	745	NaN	647	1	357	0	0	0	406	-0	-0	0	0	-0	0	-0	-0	-0.004	-0.04
131.1	NaN	745	NaN	647	1	357	0	0	0	406	-0	-0	0	0	-0	0	-0	-0	-0.004	-0.033
131.2	NaN	745	NaN	647	1	357	0	0	0	406	-0	-0	0	0	-0	0	-0	-0	-0.003	-0.021
131.3	NaN	745	NaN	647	1	357	0	0	0	406	-0	-0	0	0	-0	0	-0	-0	-0.003	-0.024
131.4	NaN	745	NaN	647	1	357	0	0	0	406	-0	-0	0	0	-0	0	-0	-0	-0.003	-0.029
131.5	NaN	745	NaN	647	1	357	0	0	0	406	-0	-0	0	0	-0	0	-0	-0	-0.003	-0.03
131.6	NaN	745	NaN	647	1	357	0	0	0	406	-0	-0	0	0	-0	0	-0	-0	-0.002	-0.035
131.7	NaN	745	NaN	647	1	357	0	0	0	406	-0	-0	0	0	-0	0	-0	-0	-0.003	-0.03
131.8	NaN	745	NaN	647	1	357	0	0	0	406	-0	-0	0	0	-0	0	-0	-0	-0.004	-0.031
131.9	NaN	745	NaN	647	1	357	0	0	0	406	-0	-0	0	0	-0	0	-0	-0	-0.004	-0.036
132	NaN	745	NaN	647	1	357	0	0	0	406	-0	-0	0	0	-0	0	-0	-0	-0.003	-0.036
132.1	NaN	745	NaN	647	1	357	0	0	0	406	-0	-0	0	0	-0	0	-0	-0	-0.003	-0.055
132.2	NaN	745	NaN	647	1	357	0	0	0	406	-0	-0	0	0	-0	0	-0	-0	-0.002	-0.052
132.3	NaN	745	NaN	647	1	357	0	0	0	406	-0	-0	0	0	-0	0	-0	-0	-0.001	-0.028
132.4	NaN	745	NaN	647	1	357	0	0	0	406	-0	-0	0	0	-0	0	-0	-0	0	-0.035
132.5	NaN	745	NaN	647	1	357	0	0	0	406	-0	-0	0	0	-0	0	-0	-0	0.001	-0.05
132.6	NaN	745	NaN	647	1	357	0	0	0	406	-0	-0	0	0	-0	0	-0	-0	0.001	-0.037
132.7	NaN	745	NaN	647	1	357	0	0	0	406	-0	-0	0	0	-0	0	-0	-0	0	-0.025
132.8	NaN	745	NaN	647	1	357	0	0	0	406	-0	-0	0	0	-0	0	-0	-0	0	-0.025
132.9	NaN	745	NaN	647	1	357	0	0	0	406	-0	-0	0	0	-0	0	-0	-0	-0	-0.014
133	NaN	745	NaN	647	1	357	0	0	0	406	-0	-0	0	0	-0	0	-0	-0	-0.001	-0.017
133.1	NaN	745	NaN	647	1	357	0	0	0	406	-0	-0	0	0	-0	0	-0	-0	-0.001	-0.02
133.2	NaN	745	NaN	647	1	357	0	0	0	406	-0	-0	0	0	-0	0	-0	-0	-0	-0.036
133.3	NaN	745	NaN	647	1	357	0	0	0	406	-0	-0	0	0	-0	0	-0	-0	0	-0.039
133.4	NaN	745	NaN	647	1	357	0	0	0	406	-0	-0	0	0	-0	0	-0	-0	-0	-0.044
133.5	NaN	745	NaN	647	1	357	0	0	0	406	-0	-0	0	0	-0	0	-0	-0	-0	-0.04
133.6	NaN	745	NaN	647	1	357	0	0	0	406	-0	-0	0	0	-0	0	-0	-0	-0	-0.025
133.7	NaN	745	NaN	647	1	357	0	0	0	406	-0	-0	0	0	-0	0	-0	-0	-0.001	-0.021
133.8	NaN	745	NaN	647	1	357	0	0	0	406	-0	-0	0	0	-0	0	-0	-0	-0.003	-0.02
133.9	NaN	745	NaN	647	1	357	0	0	0	406	-0	-0	0	0	-0	0	-0	-0	-0.006	-0.02
134	NaN	745	NaN	647	1	357	0	0	0	406	-0	-0	0	0	-0	0	-0	-0	-0.006	-0.014
134.1	NaN	745	NaN	647	1	357	0	0	0	406	-0	-0	0	0	-0	0	-0	-0	-0.005	-0.022
134.2	NaN	745	NaN	647	1	357	0	0	0	406	-0	-0	0	0	-0	0	-0	-0	-0.006	-0.036
134.3	NaN	745	NaN	647	1	357	0	0	0	406	-0	-0	0	0	-0	0	-0	-0	-0.007	-0.022
134.4	NaN	745	NaN	647	1	357	0	0	0	406	-0	-0	0	0	-0	0	-0	-0	-0.006	-0.021
134.5	NaN	745	NaN	647	1	357	0	0	0	406	-0	-0	0	0	-0	0	-0	-0	-0.005	-0.019
134.6	NaN	745	NaN	647	1	357	0	0	0	406	-0	-0	0	0	-0	0	-0	-0	-0.006	-0.029
134.7	NaN	745	NaN	647	1	357	0	0	0	406	-0	-0	0	0	-0	0	-0	-0	-0.007	-0.041
134.8	NaN	745	NaN	647	1	357	0	0	0	406	-0	-0	0	0	-0	0	-0	-0	-0.007	-0.032
134.9	NaN	745	NaN	647	1	357	0	0	0	406	-0	-0	0	0	-0	0	-0	-0	-0.007	-0.05
135	NaN	745	NaN	647	1	357	0	0	0	406	-0	-0	0	0	-0	0	-0	-0	-0.007	-0.043
135.1	NaN	745	NaN	647	1	357	0	0	0	406	-0	-0	0	0	-0	0	-0	-0	-0.007	-0.035
135.2	NaN	745	NaN	647	1	357	0	0	0	406	-0	-0	0	0	-0	0	-0	-0	-0.006	-0.033
135.3	NaN	745	NaN	647	1	357	0	0	0	406	-0	-0	0	0	-0	0	-0	-0	-0.007	-0.041
135.4	NaN	745	NaN	647	1	357	0	0	0	406	-0	-0	0	0	-0	0	-0	-0	-0.009	-0.042
135.5	NaN	745	NaN	647	1	357	0	0	0	406	-0	-0	0	0	-0	0	-0	-0	-0.008	-0.054
135.6	NaN	745	NaN	647	1	357	0	0	0	406	-0	-0	0	0	-0	0	-0	-0	-0.006	-0.037
135.7	NaN	745	NaN	647	1	357	0	0	0	406	-0	-0	0	0	-0	0	-0	-0	-0.007	-0.037
135.8	NaN	745	NaN	647	1	357	0	0	0	406	-0	-0	0	0	-0	0	-0	-0	-0.008	-0.044
135.9	NaN	745	NaN	647	1	357	0	0	0	406	-0	-0	0	0	-0	0	-0	-0	-0.008	-0.038
136	NaN	745	NaN	647	1	357	0	0	0	406	-0	-0	0	0	-0	0	-0	-0	-0.008	-0.04
136.1	NaN	745	NaN	647	1	357	0	0	0	406	-0	-0	0	0	-0	0	-0	-0	-0.008	-0.035
136.2	NaN	745	NaN	647	1	357	0	0	0	406	-0	-0	0	0	-0	0	-0	-0	-0.008	-0.04
136.3	NaN	745	NaN	647	1	357	0	0	0	406	-0	-0	0	0	-0	0	-0	-0	-0.008	-0.052
136.4	NaN	745	NaN	647	1	357	0	0	0	406	-0	-0	0	0	-0	0	-0	-0	-0.008	-0.044
136.5	NaN	745	NaN	647	1	357	0	0	0	406	-0	-0	0	0	-0	0	-0	-0	-0.009	-0.028
136.6	NaN	745	NaN	647	1	357	0	0	0	406	-0	-0	0	0	-0	0	-0	-0	-0.008	-0.015
136.7	NaN	745	NaN	647	1	357	0	0	0	406	-0	-0	0	0	-0	0	-0	-0	-0.007	-0.027
136.8	NaN	745	NaN	647	1	357	0	0	0	406	-0	-0	0	0	-0	0	-0	-0	-0.008	-0.034
136.9	NaN	745	NaN	647	1	357	0	0	0	406	-0	-0	0	0	-0	0	-0	-0	-0.009	-0.021
137	NaN	745	NaN	647	1	357	0	0	0	406	-0	-0	0	0	-0	0	-0	-0	-0.008	-0.026
137.1	NaN	745	NaN	647	1	357	0	0	0	406	-0	-0	0	0	-0	0	-0	-0	-0.007	-0.042
137.2	NaN	745	NaN	647	1	357	0	0	0	406	-0	-0	0	0	-0	0	-0	-0	-0.008	-0.039
137.3	NaN	745	NaN	647	1	357	0	0	0	406	-0	-0	0	0	-0	0	-0	-0	-0.008	-0.022
137.4	NaN	745	NaN	647	1	357	0	0	0	406	-0	-0	0	0	-0	0	-0	-0	-0.007	-0.031
137.5	NaN	745	NaN	647	1	357	0	0	0	406	-0	-0	0	0	-0	0	-0	-0	-0.006	-0.04
137.6	NaN	745	NaN	647	1	357	0	0	0	406	-0	-0	0	0	-0	0	-0	-0	-0.006	-0.049
137.7	NaN	745	NaN	647	1	357	0	0	0	406	-0	-0	0	0	-0	0	-0	-0	-0.006	-0.047
137.8	NaN	745	NaN	647	1	357	0	0	0	406	-0	-0	0	0	-0	0	-0	-0	-0.006	-0.042
137.9	NaN	745	NaN	647	1	357	0	0	0	406	-0	-0	0	0	-0	0	-0	-0	-0.007	-0.032
138	NaN	745	NaN	647	1	357	0	0	0	406	-0	-0	0	0	-0	0	-0	-0	-0.007	-0.042
138.1	NaN	745	NaN	647	1	357	0	0	0	406	-0	-0	0	0	-0	0	-0	-0	-0.006	-0.051
138.2	NaN	745	NaN	647	1	357	0	0	0	406	-0	-0	0	0	-0	0	-0	-0	-0.006	-0.034
138.3	NaN	745	NaN	647	1	357	0	0	0	406	-0	-0	0	0	-0	0	-0	-0	-0.005	-0.032
138.4	NaN	745	NaN	647	1	357	0	0	0	406	-0	-0	0	0	-0	0	-0	-0	-0.007	-0.022
138.5	NaN	745	NaN	647	1	357	0	0	0	406	-0	-0	0	0	-0	0	-0	-0	-0.008	-0.031
138.6	NaN	745	NaN	647	1	357	0	0	0	406	-0	-0	0	0	-0	0	-0	-0	-0.008	-0.037
138.7	NaN	745	NaN	647	1	357	0	0	0	406	-0	-0	0	0	-0	0	-0	-0	-0.008	-0.016
138.8	NaN	745	NaN	647	1	357	0	0	0	406	-0	-0	0	0	-0	0	-0	-0	-0.009	-0.016
138.9	NaN	745	NaN	647	1	357	0	0	0	406	-0	-0	0	0	-0	0	-0	-0	-0.01	-0.038
139	NaN	745	NaN	647	1	357	0	0	0	406	-0	-0	0	0	-0	0	-0	-0	-0.01	-0.033
139.1	NaN	745	NaN	647	1	357	0	0	0	406	-0	-0	0	0	-0	0	-0	-0	-0.011	-0.02
139.2	NaN	745	NaN	647	1	357	0	0	0	406	-0	-0	0	0	-0	0	-0	-0	-0.012	-0.031
139.3	NaN	745	NaN	647	1	357	0	0	0	406	-0	-0	0	0	-0	0	-0	-0	-0.012	-0.041
139.4	NaN	745	NaN	647	1	357	0	0	0	406	-0	-0	0	0	-0	0	-0	-0	-0.013	-0.037
139.5	NaN	745	NaN	647	1	357	0	0	0	406	-0	-0	0	0	-0	0	-0	-0	-0.012	-0.038
139.6	NaN	745	NaN	647	1	357	0	0	0	406	-0	-0	0	0	-0	0	-0	-0	-0.011	-0.006
139.7	NaN	745	NaN	647	1	357	0	0	0	406	-0	-0	0	0	-0	0	-0	-0	-0.011	-0.01
139.8	NaN	745	NaN	647	1	357	0	0	0	406	-0	-0	0	0	-0	0	-0	-0	-0.01	-0.034
139.9	NaN	745	NaN	647	1	357	0	0	0	406	-0	-0	0	0	-0	0	-0	-0	-0.008	-0.033
140	NaN	745	NaN	647	1	357	0	0	0	406	-0	-0	0	0	-0	0	-0	-0	-0.006	-0.024
140.1	NaN	745	NaN	647	1	357	0	0	0	406	-0	-0	0	0	-0	0	-0	-0	-0.007	-0.03
140.2	NaN	745	NaN	647	1	357	0	0	0	406	-0	-0	0	0	-0	0	-0	-0	-0.008	-0.028
140.3	NaN	745	NaN	647	1	357	0	0	0	406	-0	-0	0	0	-0	0	-0	-0	-0.009	-0.029
140.4	NaN	745	NaN	647	1	357	0	0	0	406	-0	-0	0	0	-0	0	-0	-0	-0.01	-0.023
140.5	NaN	745	NaN	647	1	357	0	0	0	406	-0	-0	0	0	-0	0	-0	-0	-0.009	-0.031
140.6	NaN	745	NaN	647	1	357	0	0	0	406	-0	-0	0	0	-0	0	-0	-0	-0.007	-0.039
140.7	NaN	745	NaN	647	1	357	0	0	0	406	-0	-0	0	0	-0	0	-0	-0	-0.007	-0.03
140.8	NaN	745	NaN	647	1	357	0	0	0	406	-0	-0	0	0	-0	0	-0	-0	-0.006	-0.024
140.9	NaN	745	NaN	647	1	357	0	0	0	406	-0	-0	0	0	-0	0	-0	-0	-0.004	-0.022
141	NaN	745	NaN	647	1	357	0	0	0	406	-0	-0	0	0	-0	0	-0	-0	-0.004	-0.026
141.1	NaN	745	NaN	647	1	357	0	0	0	406	-0	-0	0	0	-0	0	-0	-0	-0.005	-0.042
141.2	NaN	745	NaN	647	1	357	0	0	0	406	-0	-0	0	0	-0	0	-0	-0	-0.005	-0.042
141.3	NaN	745	NaN	647	1	357	0	0	0	406	-0	-0	0	0	-0	0	-0	-0	-0.006	-0.043
141.4	NaN	745	NaN	647	1	357	0	0	0	406	-0	-0	0	0	-0	0	-0	-0	-0.007	-0.04
141.5	NaN	745	NaN	647	1	357	0	0	0	406	-0	-0	0	0	-0	0	-0	-0	-0.008	-0.04
141.6	NaN	745	NaN	647	1	357	0	0	0	406	-0	-0	0	0	-0	0	-0	-0	-0.008	-0.041
141.7	NaN	745	NaN	647	1	357	0	0	0	406	-0	-0	0	0	-0	0	-0	-0	-0.008	-0.03
141.8	NaN	745	NaN	647	1	357	0	0	0	406	-0	-0	0	0	-0	0	-0	-0	-0.008	-0.029
141.9	NaN	745	NaN	647	1	357	0	0	0	406	-0	-0	0	0	-0	0	-0	-0	-0.007	-0.017
142	NaN	745	NaN	647	1	357	0	0	0	406	-0	-0	0	0	-0	0	-0	-0	-0.007	-0.024
142.1	NaN	745	NaN	647	1	357	0	0	0	406	-0	-0	0	0	-0	0	-0	-0	-0.007	-0.013
142.2	NaN	745	NaN	647	1	357	0	0	0	406	-0	-0	0	0	-0	0	-0	-0	-0.007	-0.015
142.3	NaN	745	NaN	647	1	357	0	0	0	406	-0	-0	0	0	-0	0	-0	-0	-0.007	-0.039
142.4	NaN	745	NaN	647	1	357	0	0	0	406	-0	-0	0	0	-0	0	-0	-0	-0.007	-0.039
142.5	NaN	745	NaN	647	1	357	0	0	0	406	-0	-0	0	0	-0	0	-0	-0	-0.008	-0.027
142.6	NaN	745	NaN	647	1	357	0	0	0	406	-0	-0	0	0	-0	0	-0	-0	-0.008	-0.035
142.7	NaN	745	NaN	647	1	357	0	0	0	406	-0	-0	0	0	-0	0	-0	-0	-0.008	-0.034
142.8	NaN	745	NaN	647	1	357	0	0	0	406	-0	-0	0	0	-0	0	-0	-0	-0.007	-0.036
142.9	NaN	745	NaN	647	1	357	0	0	0	406	-0	-0	0	0	-0	0	-0	-0	-0.004	-0.032
143	NaN	745	NaN	647	1	357	0	0	0	406	-0	-0	0	0	-0	0	-0	-0	-0.005	-0.017
143.1	NaN	745	NaN	647	1	357	0	0	0	406	-0	-0	0	0	-0	0	-0	-0	-0.006	-0.024
143.2	NaN	745	NaN	647	1	357	0	0	0	406	-0	-0	0	0	-0	0	-0	-0	-0.006	-0.027
143.3	NaN	745	NaN	647	1	357	0	0	0	406	-0	-0	0	0	-0	0	-0	-0	-0.005	-0.04
143.4	NaN	745	NaN	647	1	357	0	0	0	406	-0	-0	0	0	-0	0	-0	-0	-0.003	-0.03
143.5	NaN	745	NaN	647	1	357	0	0	0	406	-0	-0	0	0	-0	0	-0	-0	-0.005	-0.024
143.6	NaN	745	NaN	647	1	357	0	0	0	406	-0	-0	0	0	-0	0	-0	-0	-0.006	-0.021
143.7	NaN	745	NaN	647	1	357	0	0	0	406	-0	-0	0	0	-0	0	-0	-0	-0.007	-0.021
143.8	NaN	745	NaN	647	1	357	0	0	0	406	-0	-0	0	0	-0	0	-0	-0	-0.008	-0.024
143.9	NaN	745	NaN	647	1	357	0	0	0	406	-0	-0	0	0	-0	0	-0	-0	-0.008	-0.033
144	NaN	745	NaN	647	1	357	0	0	0	406	-0	-0	0	0	-0	0	-0	-0	-0.007	-0.034
144.1	NaN	745	NaN	647	1	357	0	0	0	406	-0	-0	0	0	-0	0	-0	-0	-0.007	-0.029
144.2	NaN	745	NaN	647	1	357	0	0	0	406	-0	-0	0	0	-0	0	-0	-0	-0.007	-0.034
144.3	NaN	745	NaN	647	1	357	0	0	0	406	-0	-0	0	0	-0	0	-0	-0	-0.007	-0.026
144.4	NaN	745	NaN	647	1	357	0	0	0	406	-0	-0	0	0	-0	0	-0	-0	-0.007	-0.028
144.5	NaN	745	NaN	647	1	357	0	0	0	406	-0	-0	0	0	-0	0	-0	-0	-0.006	-0.027
144.6	NaN	745	NaN	647	1	357	0	0	0	406	-0	-0	0	0	-0	0	-0	-0	-0.006	-0.04
144.7	NaN	745	NaN	647	1	357	0	0	0	406	-0	-0	0	0	-0	0	-0	-0	-0.007	-0.042
144.8	NaN	745	NaN	647	1	357	0	0	0	406	-0	-0	0	0	-0	0	-0	-0	-0.008	-0.034
144.9	NaN	745	NaN	647	1	357	0	0	0	406	-0	-0	0	0	-0	0	-0	-0	-0.008	-0.039
145	NaN	745	NaN	647	1	357	0	0	0	406	-0	-0	0	0	-0	0	-0	-0	-0.009	-0.032
145.1	NaN	745	NaN	647	1	357	0	0	0	406	-0	-0	0	0	-0	0	-0	-0	-0.01	-0.034
145.2	NaN	745	NaN	647	1	357	0	0	0	406	-0	-0	0	0	-0	0	-0	-0	-0.01	-0.032
145.3	NaN	745	NaN	647	1	357	0	0	0	406	-0	-0	0	0	-0	0	-0	-0	-0.009	-0.044
145.4	NaN	745	NaN	647	1	357	0	0	0	406	-0	-0	0	0	-0	0	-0	-0	-0.01	-0.033
145.5	NaN	745	NaN	647	1	357	0	0	0	406	-0	-0	0	0	-0	0	-0	-0	-0.011	-0.023
145.6	NaN	745	NaN	647	1	357	0	0	0	406	-0	-0	0	0	-0	0	-0	-0	-0.011	-0.039
145.7	NaN	745	NaN	647	1	357	0	0	0	406	-0	-0	0	0	-0	0	-0	-0	-0.011	-0.034
145.8	NaN	745	NaN	647	1	357	0	0	0	406	-0	-0	0	0	-0	0	-0	-0	-0.011	-0.03
145.9	NaN	745	NaN	647	1	357	0	0	0	406	-0	-0	0	0	-0	0	-0	-0	-0.009	-0.028
146	NaN	745	NaN	647	1	357	0	0	0	406	-0	-0	0	0	-0	0	-0	-0	-0.009	-0.021
146.1	NaN	745	NaN	647	1	357	0	0	0	406	-0	-0	0	0	-0	0	-0	-0	-0.009	-0.024
146.2	NaN	745	NaN	647	1	357	0	0	0	406	-0	-0	0	0	-0	0	-0	-0	-0.008	-0.031
146.3	NaN	745	NaN	647	1	357	0	0	0	406	-0	-0	0	0	-0	0	-0	-0	-0.008	-0.029
146.4	NaN	745	NaN	647	1	357	0	0	0	406	-0	-0	0	0	-0	0	-0	-0	-0.007	-0.026
146.5	NaN	745	NaN	647	1	357	0	0	0	406	-0	-0	0	0	-0	0	-0	-0	-0.005	-0.018
146.6	NaN	745	NaN	647	1	357	0	0	0	406	-0	-0	0	0	-0	0	-0	-0	-0.005	-0.009
146.7	NaN	745	NaN	647	1	357	0	0	0	406	-0	-0	0	0	-0	0	-0	-0	-0.006	-0.026
146.8	NaN	745	NaN	647	1	357	0	0	0	406	-0	-0	0	0	-0	0	-0	-0	-0.006	-0.034
146.9	NaN	745	NaN	647	1	357	0	0	0	406	-0	-0	0	0	-0	0	-0	-0	-0.006	-0.038
147	NaN	745	NaN	647	1	357	0	0	0	406	-0	-0	0	0	-0	0	-0	-0	-0.006	-0.033
147.1	NaN	745	NaN	647	1	357	0	0	0	406	-0	-0	0	0	-0	0	-0	-0	-0.006	-0.033
147.2	NaN	745	NaN	647	1	357	0	0	0	406	-0	-0	0	0	-0	0	-0	-0	-0.008	-0.028
147.3	NaN	745	NaN	647	1	357	0	0	0	406	-0	-0	0	0	-0	0	-0	-0	-0.01	-0.024
147.4	NaN	745	NaN	647	1	357	0	0	0	406	-0	-0	0	0	-0	0	-0	-0	-0.01	-0.033
147.5	NaN	745	NaN	647	1	357	0	0	0	406	-0	-0	0	0	-0	0	-0	-0	-0.01	-0.034
147.6	NaN	745	NaN	647	1	357	0	0	0	406	-0	-0	0	0	-0	0	-0	-0	-0.01	-0.035
147.7	NaN	745	NaN	647	1	357	0	0	0	406	-0	-0	0	0	-0	0	-0	-0	-0.01	-0.021
147.8	NaN	745	NaN	647	1	357	0	0	0	406	-0	-0	0	0	-0	0	-0	-0	-0.011	-0.025
147.9	NaN	745	NaN	647	1	357	0	0	0	406	-0	-0	0	0	-0	0	-0	-0	-0.011	-0.042
148	NaN	745	NaN	647	1	357	0	0	0	406	-0	-0	0	0	-0	0	-0	-0	-0.011	-0.031
148.1	NaN	745	NaN	647	1	357	0	0	0	406	-0	-0	0	0	-0	0	-0	-0	-0.011	-0.04
148.2	NaN	745	NaN	647	1	357	0	0	0	406	-0	-0	0	0	-0	0	-0	-0	-0.01	-0.044
148.3	NaN	745	NaN	647	1	357	0	0	0	406	-0	-0	0	0	-0	0	-0	-0	-0.01	-0.023
148.4	NaN	745	NaN	647	1	357	0	0	0	406	-0	-0	0	0	-0	0	-0	-0	-0.01	-0.019
148.5	NaN	745	NaN	647	1	357	0	0	0	406	-0	-0	0	0	-0	0	-0	-0	-0.01	-0.034
148.6	NaN	745	NaN	647	1	357	0	0	0	406	-0	-0	0	0	-0	0	-0	-0	-0.01	-0.036
148.7	NaN	745	NaN	647	1	357	0	0	0	406	-0	-0	0	0	-0	0	-0	-0	-0.01	-0.031
148.8	NaN	745	NaN	647	1	357	0	0	0	406	-0	-0	0	0	-0	0	-0	-0	-0.01	-0.04
148.9	NaN	745	NaN	647	1	357	0	0	0	406	-0	-0	0	0	-0	0	-0	-0	-0.009	-0.036
149	NaN	745	NaN	647	1	357	0	0	0	406	-0	-0	0	0	-0	0	-0	-0	-0.008	-0.026
149.1	NaN	745	NaN	647	1	357	0	0	0	406	-0	-0	0	0	-0	0	-0	-0	-0.007	-0.033
149.2	NaN	745	NaN	647	1	357	0	0	0	406	-0	-0	0	0	-0	0	-0	-0	-0.007	-0.029
149.3	NaN	745	NaN	647	1	357	0	0	0	406	-0	-0	0	0	-0	0	-0	-0	-0.007	-0.032
149.4	NaN	745	NaN	647	1	357	0	0	0	406	-0	-0	0	0	-0	0	-0	-0	-0.006	-0.035
149.5	NaN	745	NaN	647	1	357	0	0	0	406	-0	-0	0	0	-0	0	-0	-0	-0.006	-0.024
149.6	NaN	745	NaN	647	1	357	0	0	0	406	-0	-0	0	0	-0	0	-0	-0	-0.006	-0.028
149.7	NaN	745	NaN	647	1	357	0	0	0	406	-0	-0	0	0	-0	0	-0	-0	-0.005	-0.027
149.8	NaN	745	NaN	647	1	357	0	0	0	406	-0	-0	0	0	-0	0	-0	-0	-0.005	-0.036
149.9	NaN	745	NaN	647	1	357	0	0	0	406	-0	-0	0	0	-0	0	-0	-0	-0.006	-0.04
150	NaN	745	NaN	647	1	357	0	0	0	406	-0	-0	0	0	-0	0	-0	-0	-0.007	-0.039
150.1	NaN	745	NaN	647	1	357	0	0	0	406	-0	-0	0	0	-0	0	-0	-0	-0.008	-0.026
150.2	NaN	745	NaN	647	1	357	0	0	0	406	-0	-0	0	0	-0	0	-0	-0	-0.008	-0.021
150.3	NaN	745	NaN	647	1	357	0	0	0	406	-0	-0	0	0	-0	0	-0	-0	-0.008	-0.044
150.4	NaN	745	NaN	647	1	357	0	0	0	406	-0	-0	0	0	-0	0	-0	-0	-0.009	-0.04
150.5	NaN	745	NaN	647	1	357	0	0	0	406	-0	-0	0	0	-0	0	-0	-0	-0.009	-0.039
150.6	NaN	745	NaN	647	1	357	0	0	0	406	-0	-0	0	0	-0	0	-0	-0	-0.009	-0.031
150.7	NaN	745	NaN	647	1	357	0	0	0	406	-0	-0	0	0	-0	0	-0	-0	-0.009	-0.031
150.8	NaN	745	NaN	647	1	357	0	0	0	406	-0	-0	0	0	-0	0	-0	-0	-0.009	-0.049
150.9	NaN	745	NaN	647	1	357	0	0	0	406	-0	-0	0	0	-0	0	-0	-0	-0.009	-0.05
151	NaN	745	NaN	647	1	357	0	0	0	406	-0	-0	0	0	-0	0	-0	-0	-0.008	-0.039
151.1	NaN	745	NaN	647	1	357	0	0	0	406	-0	-0	0	0	-0	0	-0	-0	-0.007	-0.03
151.2	NaN	745	NaN	647	1	357	0	0	0	406	-0	-0	0	0	-0	0	-0	-0	-0.006	-0.035
151.3	NaN	745	NaN	647	1	357	0	0	0	406	-0	-0	0	0	-0	0	-0	-0	-0.003	-0.027
151.4	NaN	745	NaN	647	1	357	0	0	0	406	-0	-0	0	0	-0	0	-0	-0	-0.003	-0.034
151.5	NaN	745	NaN	647	1	357	0	0	0	406	-0	-0	0	0	-0	0	-0	-0	-0.002	-0.036
151.6	NaN	745	NaN	647	1	357	0	0	0	406	-0	-0	0	0	-0	0	-0	-0	-0.002	-0.037
151.7	NaN	745	NaN	647	1	357	0	0	0	406	-0	-0	0	0	-0	0	-0	-0	-0.001	-0.046
151.8	NaN	745	NaN	647	1	357	0	0	0	406	-0	-0	0	0	-0	0	-0	-0	-0.001	-0.047
151.9	NaN	745	NaN	647	1	357	0	0	0	406	-0	-0	0	0	-0	0	-0	-0	-0.001	-0.052
152	NaN	745	NaN	647	1	357	0	0	0	406	-0	-0	0	0	-0	0	-0	-0	-0.002	-0.033
152.1	NaN	745	NaN	647	1	357	0	0	0	406	-0	-0	0	0	-0	0	-0	-0	-0.003	-0.033
152.2	NaN	745	NaN	647	1	357	0	0	0	406	-0	-0	0	0	-0	0	-0	-0	-0.003	-0.045
152.3	NaN	745	NaN	647	1	357	0	0	0	406	-0	-0	0	0	-0	0	-0	-0	-0.004	-0.061
152.4	NaN	745	NaN	647	1	357	0	0	0	406	-0	-0	0	0	-0	0	-0	-0	-0.004	-0.054
152.5	NaN	745	NaN	647	1	357	0	0	0	406	-0	-0	0	0	-0	0	-0	-0	-0.003	-0.024
152.6	NaN	745	NaN	647	1	357	0	0	0	406	-0	-0	0	0	-0	0	-0	-0	-0.002	-0.032
152.7	NaN	745	NaN	647	1	357	0	0	0	406	-0	-0	0	0	-0	0	-0	-0	-0.002	-0.046
152.8	NaN	745	NaN	647	1	357	0	0	0	406	-0	-0	0	0	-0	0	-0	-0	-0.002	-0.034
152.9	NaN	745	NaN	647	1	357	0	0	0	406	-0	-0	0	0	-0	0	-0	-0	-0.003	-0.028
153	NaN	745	NaN	647	1	357	0	0	0	406	-0	-0	0	0	-0	0	-0	-0	-0.003	-0.03
153.1	NaN	745	NaN	647	1	357	0	0	0	406	-0	-0	0	0	-0	0	-0	-0	-0.002	-0.025
153.2	NaN	745	NaN	647	1	357	0	0	0	406	-0	-0	0	0	-0	0	-0	-0	-0.002	-0.032
153.3	NaN	745	NaN	647	1	357	0	0	0	406	-0	-0	0	0	-0	0	-0	-0	-0.003	-0.046
153.4	NaN	745	NaN	647	1	357	0	0	0	406	-0	-0	0	0	-0	0	-0	-0	-0.003	-0.05
153.5	NaN	745	NaN	647	1	357	0	0	0	406	-0	-0	0	0	-0	0	-0	-0	-0.004	-0.036
153.6	NaN	745	NaN	647	1	357	0	0	0	406	-0	-0	0	0	-0	0	-0	-0	-0.003	-0.036
153.7	NaN	745	NaN	647	1	357	0	0	0	406	-0	-0	0	0	-0	0	-0	-0	-0.002	-0.025
153.8	NaN	745	NaN	647	1	357	0	0	0	406	-0	-0	0	0	-0	0	-0	-0	-0.003	-0.034
153.9	NaN	745	NaN	647	1	357	0	0	0	406	-0	-0	0	0	-0	0	-0	-0	-0.003	-0.048
154	NaN	745	NaN	647	1	357	0	0	0	406	-0	-0	0	0	-0	0	-0	-0	-0.004	-0.032
154.1	NaN	745	NaN	647	1	357	0	0	0	406	-0	-0	0	0	-0	0	-0	-0	-0.004	-0.035
154.2	NaN	745	NaN	647	1	357	0	0	0	406	-0	-0	0	0	-0	0	-0	-0	-0.003	-0.036
154.3	NaN	745	NaN	647	1	357	0	0	0	406	-0	-0	0	0	-0	0	-0	-0	-0.002	-0.051
154.4	NaN	745	NaN	647	1	357	0	0	0	406	-0	-0	0	0	-0	0	-0	-0	-0.001	-0.033
154.5	NaN	745	NaN	647	1	357	0	0	0	406	-0	-0	0	0	-0	0	-0	-0	0.002	-0.024
154.6	NaN	745	NaN	647	1	357	0	0	0	406	-0	-0	0	0	-0	0	-0	-0	0.001	-0.032
154.7	NaN	745	NaN	647	1	357	0	0	0	406	-0	-0	0	0	-0	0	-0	-0	0	-0.018
154.8	NaN	745	NaN	647	1	357	0	0	0	406	-0	-0	0	0	-0	0	-0	-0	0	-0.026
154.9	NaN	745	NaN	647	1	357	0	0	0	406	-0	-0	0	0	-0	0	-0	-0	0.001	-0.039
155	NaN	745	NaN	647	1	357	0	0	0	406	-0	-0	0	0	-0	0	-0	-0	0	-0.035
155.1	NaN	745	NaN	647	1	357	0	0	0	406	-0	-0	0	0	-0	0	-0	-0	-0.001	-0.025
155.2	NaN	745	NaN	647	1	357	0	0	0	406	-0	-0	0	0	-0	0	-0	-0	-0.001	-0.044
155.3	NaN	745	NaN	647	1	357	0	0	0	406	-0	-0	0	0	-0	0	-0	-0	-0.001	-0.063
155.4	NaN	745	NaN	647	1	357	0	0	0	406	-0	-0	0	0	-0	0	-0	-0	-0.001	-0.055
155.5	NaN	745	NaN	647	1	357	0	0	0	406	-0	-0	0	0	-0	0	-0	-0	-0.001	-0.035
155.6	NaN	745	NaN	647	1	357	0	0	0	406	-0	-0	0	0	-0	0	-0	-0	-0.001	-0.029
155.7	NaN	745	NaN	647	1	357	0	0	0	406	-0	-0	0	0	-0	0	-0	-0	-0.001	-0.019
155.8	NaN	745	NaN	647	1	357	0	0	0	406	-0	-0	0	0	-0	0	-0	-0	-0.001	-0.021
155.9	NaN	745	NaN	647	1	357	0	0	0	406	-0	-0	0	0	-0	0	-0	-0	-0	-0.022
156	NaN	745	NaN	647	1	357	0	0	0	406	-0	-0	0	0	-0	0	-0	-0	-0	-0.025
156.1	NaN	745	NaN	647	1	357	0	0	0	406	-0	-0	0	0	-0	0	-0	-0	-0	-0.031
156.2	NaN	745	NaN	647	1	357	0	0	0	406	-0	-0	0	0	-0	0	-0	-0	-0.001	-0.036
156.3	NaN	745	NaN	647	1	357	0	0	0	406	-0	-0	0	0	-0	0	-0	-0	-0.001	-0.034
156.4	NaN	745	NaN	647	1	357	0	0	0	406	-0	-0	0	0	-0	0	-0	-0	-0.001	-0.018
156.5	NaN	745	NaN	647	1	357	0	0	0	406	-0	-0	0	0	-0	0	-0	-0	-0.002	-0.024
156.6	NaN	745	NaN	647	1	357	0	0	0	406	-0	-0	0	0	-0	0	-0	-0	-0.003	-0.051
156.7	NaN	745	NaN	647	1	357	0	0	0	406	-0	-0	0	0	-0	0	-0	-0	-0.006	-0.053
156.8	NaN	745	NaN	647	1	357	0	0	0	406	-0	-0	0	0	-0	0	-0	-0	-0.006	-0.041
156.9	NaN	745	NaN	647	1	357	0	0	0	406	-0	-0	0	0	-0	0	-0	-0	-0.005	-0.043
157	NaN	745	NaN	647	1	357	0	0	0	406	-0	-0	0	0	-0	0	-0	-0	-0.004	-0.041
157.1	NaN	745	NaN	647	1	357	0	0	0	406	-0	-0	0	0	-0	0	-0	-0	-0.003	-0.042
157.2	NaN	745	NaN	647	1	357	0	0	0	406	-0	-0	0	0	-0	0	-0	-0	-0.003	-0.045
157.3	NaN	745	NaN	647	1	357	0	0	0	406	-0	-0	0	0	-0	0	-0	-0	-0.003	-0.036
157.4	NaN	745	NaN	647	1	357	0	0	0	406	-0	-0	0	0	-0	0	-0	-0	-0.002	-0.013
157.5	NaN	745	NaN	647	1	357	0	0	0	406	-0	-0	0	0	-0	0	-0	-0	-0.003	-0.01
157.6	NaN	745	NaN	647	1	357	0	0	0	406	-0	-0	0	0	-0	0	-0	-0	-0.003	-0.02
157.7	NaN	745	NaN	647	1	357	0	0	0	406	-0	-0	0	0	-0	0	-0	-0	-0.002	-0.04
157.8	NaN	745	NaN	647	1	357	0	0	0	406	-0	-0	0	0	-0	0	-0	-0	-0.002	-0.054
157.9	NaN	745	NaN	647	1	357	0	0	0	406	-0	-0	0	0	-0	0	-0	-0	-0.001	-0.042
158	NaN	745	NaN	647	1	357	0	0	0	406	-0	-0	0	0	-0	0	-0	-0	0.001	-0.015
158.1	NaN	745	NaN	647	1	357	0	0	0	406	-0	-0	0	0	-0	0	-0	-0	0.003	-0.024
158.2	NaN	745	NaN	647	1	357	0	0	0	406	-0	-0	0	0	-0	0	-0	-0	0.003	-0.032
158.3	NaN	745	NaN	647	1	357	0	0	0	406	-0	-0	0	0	-0	0	-0	-0	0.003	-0.033
158.4	NaN	745	NaN	647	1	357	0	0	0	406	-0	-0	0	0	-0	0	-0	-0	0.003	-0.029
158.5	NaN	745	NaN	647	1	357	0	0	0	406	-0	-0	0	0	-0	0	-0	-0	0.003	-0.025
158.6	NaN	745	NaN	647	1	357	0	0	0	406	-0	-0	0	0	-0	0	-0	-0	0.003	-0.023
158.7	NaN	745	NaN	647	1	357	0	0	0	406	-0	-0	0	0	-0	0	-0	-0	0.005	-0.04
158.8	NaN	745	NaN	647	1	357	0	0	0	406	-0	-0	0	0	-0	0	-0	-0	0.005	-0.054
158.9	NaN	745	NaN	647	1	357	0	0	0	406	-0	-0	0	0	-0	0	-0	-0	0.006	-0.045
159	NaN	745	NaN	647	1	357	0	0	0	406	-0	-0	0	0	-0	0	-0	-0	0.005	-0.038
159.1	NaN	745	NaN	647	1	357	0	0	0	406	-0	-0	0	0	-0	0	-0	-0	0.005	-0.027
159.2	NaN	745	NaN	647	1	357	0	0	0	406	-0	-0	0	0	-0	0	-0	-0	0.005	-0.015
159.3	NaN	745	NaN	647	1	357	0	0	0	406	-0	-0	0	0	-0	0	-0	-0	0.004	-0.024
159.4	NaN	745	NaN	647	1	357	0	0	0	406	-0	-0	0	0	-0	0	-0	-0	0.005	-0.018
159.5	NaN	745	NaN	647	1	357	0	0	0	406	-0	-0	0	0	-0	0	-0	-0	0.006	-0.011
159.6	NaN	745	NaN	647	1	357	0	0	0	406	-0	-0	0	0	-0	0	-0	-0	0.006	-0.023
159.7	NaN	745	NaN	647	1	357	0	0	0	406	-0	-0	0	0	-0	0	-0	-0	0.006	-0.038
159.8	NaN	745	NaN	647	1	357	0	0	0	406	-0	-0	0	0	-0	0	-0	-0	0.006	-0.055
159.9	NaN	745	NaN	647	1	357	0	0	0	406	-0	-0	0	0	-0	0	-0	-0	0.006	-0.03
160	NaN	745	NaN	647	1	357	0	0	0	406	-0	-0	0	0	-0	0	-0	-0	0.006	-0.02
160.1	NaN	745	NaN	647	1	357	0	0	0	406	-0	-0	0	0	-0	0	-0	-0	0.006	-0.032
160.2	NaN	745	NaN	647	1	357	0	0	0	406	-0	-0	0	0	-0	0	-0	-0	0.005	-0.034
160.3	NaN	745	NaN	647	1	357	0	0	0	406	-0	-0	0	0	-0	0	-0	-0	0.005	-0.017
160.4	NaN	745	NaN	647	1	357	0	0	0	406	-0	-0	0	0	-0	0	-0	-0	0.006	-0.022
160.5	NaN	745	NaN	647	1	357	0	0	0	406	-0	-0	0	0	-0	0	-0	-0	0.007	-0.04
160.6	NaN	745	NaN	647	1	357	0	0	0	406	-0	-0	0	0	-0	0	-0	-0	0.007	-0.023
160.7	NaN	745	NaN	647	1	357	0	0	0	406	-0	-0	0	0	-0	0	-0	-0	0.006	-0.02
160.8	NaN	745	NaN	647	1	357	0	0	0	406	-0	-0	0	0	-0	0	-0	-0	0.007	-0.038
160.9	NaN	745	NaN	647	1	357	0	0	0	406	-0	-0	0	0	-0	0	-0	-0	0.007	-0.032
161	NaN	745	NaN	647	1	357	0	0	0	406	-0	-0	0	0	-0	0	-0	-0	0.007	-0.023
161.1	NaN	745	NaN	647	1	357	0	0	0	406	-0	-0	0	0	-0	0	-0	-0	0.007	-0.025
161.2	NaN	745	NaN	647	1	357	0	0	0	406	-0	-0	0	0	-0	0	-0	-0	0.007	-0.021
161.3	NaN	745	NaN	647	1	357	0	0	0	406	-0	-0	0	0	-0	0	-0	-0	0.008	-0.031
161.4	NaN	745	NaN	647	1	357	0	0	0	406	-0	-0	0	0	-0	0	-0	-0	0.008	-0.025
161.5	NaN	745	NaN	647	1	357	0	0	0	406	-0	-0	0	0	-0	0	-0	-0	0.008	-0.017
161.6	NaN	745	NaN	647	1	357	0	0	0	406	-0	-0	0	0	-0	0	-0	-0	0.009	-0.024
161.7	NaN	745	NaN	647	1	357	0	0	0	406	-0	-0	0	0	-0	0	-0	-0	0.009	-0.035
161.8	NaN	745	NaN	647	1	357	0	0	0	406	-0	-0	0	0	-0	0	-0	-0	0.009	-0.056
161.9	NaN	745	NaN	647	1	357	0	0	0	406	-0	-0	0	0	-0	0	-0	-0	0.008	-0.041
162	NaN	745	NaN	647	1	357	0	0	0	406	-0	-0	0	0	-0	0	-0	-0	0.007	-0.029
162.1	NaN	745	NaN	647	1	357	0	0	0	406	-0	-0	0	0	-0	0	-0	-0	0.005	-0.037
162.2	NaN	745	NaN	647	1	357	0	0	0	406	-0	-0	0	0	-0	0	-0	-0	0.005	-0.044
162.3	NaN	745	NaN	647	1	357	0	0	0	406	-0	-0	0	0	-0	0	-0	-0	0.004	-0.031
162.4	NaN	745	NaN	647	1	357	0	0	0	406	-0	-0	0	0	-0	0	-0	-0	0.004	-0.032
162.5	NaN	745	NaN	647	1	357	0	0	0	406	-0	-0	0	0	-0	0	-0	-0	0.006	-0.035
162.6	NaN	745	NaN	647	1	357	0	0	0	406	-0	-0	0	0	-0	0	-0	-0	0.006	-0.037
162.7	NaN	745	NaN	647	1	357	0	0	0	406	-0	-0	0	0	-0	0	-0	-0	0.006	-0.035
162.8	NaN	745	NaN	647	1	357	0	0	0	406	-0	-0	0	0	-0	0	-0	-0	0.007	-0.046
162.9	NaN	745	NaN	647	1	357	0	0	0	406	-0	-0	0	0	-0	0	-0	-0	0.007	-0.037
163	NaN	745	NaN	647	1	357	0	0	0	406	-0	-0	0	0	-0	0	-0	-0	0.006	-0.028
163.1	NaN	745	NaN	647	1	357	0	0	0	406	-0	-0	0	0	-0	0	-0	-0	0.006	-0.03
163.2	NaN	745	NaN	647	1	357	0	0	0	406	-0	-0	0	0	-0	0	-0	-0	0.005	-0.028
163.3	NaN	745	NaN	647	1	357	0	0	0	406	-0	-0	0	0	-0	0	-0	-0	0.003	-0.037
163.4	NaN	745	NaN	647	1	357	0	0	0	406	-0	-0	0	0	-0	0	-0	-0	0.003	-0.04
163.5	NaN	745	NaN	647	1	357	0	0	0	406	-0	-0	0	0	-0	0	-0	-0	0.002	-0.028
163.6	NaN	745	NaN	647	1	357	0	0	0	406	-0	-0	0	0	-0	0	-0	-0	0.003	-0.02
163.7	NaN	745	NaN	647	1	357	0	0	0	406	-0	-0	0	0	-0	0	-0	-0	0.003	-0.032
163.8	NaN	745	NaN	647	1	357	0	0	0	406	-0	-0	0	0	-0	0	-0	-0	0.002	-0.033
163.9	NaN	745	NaN	647	1	357	0	0	0	406	-0	-0	0	0	-0	0	-0	-0	0.001	-0.034
164	NaN	745	NaN	647	1	357	0	0	0	406	-0	-0	0	0	-0	0	-0	-0	0.001	-0.035
164.1	NaN	745	NaN	647	1	357	0	0	0	406	-0	-0	0	0	-0	0	-0	-0	-0.001	-0.03
164.2	NaN	745	NaN	647	1	357	0	0	0	406	-0	-0	0	0	-0	0	-0	-0	-0.002	-0.027
164.3	NaN	745	NaN	647	1	357	0	0	0	406	-0	-0	0	0	-0	0	-0	-0	-0.003	-0.021
164.4	NaN	745	NaN	647	1	357	0	0	0	406	-0	-0	0	0	-0	0	-0	-0	-0.002	-0.024
164.5	NaN	745	NaN	647	1	357	0	0	0	406	-0	-0	0	0	-0	0	-0	-0	-0	-0.025
164.6	NaN	745	NaN	647	1	357	0	0	0	406	-0	-0	0	0	-0	0	-0	-0	-0.001	-0.035
164.7	NaN	745	NaN	647	1	357	0	0	0	406	-0	-0	0	0	-0	0	-0	-0	-0.001	-0.018
164.8	NaN	745	NaN	647	1	357	0	0	0	406	-0	-0	0	0	-0	0	-0	-0	-0.001	-0.011
164.9	NaN	745	NaN	647	1	357	0	0	0	406	-0	-0	0	0	-0	0	-0	-0	-0.002	-0.03
165	NaN	745	NaN	647	1	357	0	0	0	406	-0	-0	0	0	-0	0	-0	-0	-0.002	-0.028
165.1	NaN	745	NaN	647	1	357	0	0	0	406	-0	-0	0	0	-0	0	-0	-0	-0.001	-0.032
165.2	NaN	745	NaN	647	1	357	0	0	0	406	-0	-0	0	0	-0	0	-0	-0	-0.001	-0.04
165.3	NaN	745	NaN	647	1	357	0	0	0	406	-0	-0	0	0	-0	0	-0	-0	-0	-0.04
165.4	NaN	745	NaN	647	1	357	0	0	0	406	-0	-0	0	0	-0	0	-0	-0	0	-0.027
165.5	NaN	745	NaN	647	1	357	0	0	0	406	-0	-0	0	0	-0	0	-0	-0	0.001	-0.019
165.6	NaN	745	NaN	647	1	357	0	0	0	406	-0	-0	0	0	-0	0	-0	-0	0.002	-0.034
165.7	NaN	745	NaN	647	1	357	0	0	0	406	-0	-0	0	0	-0	0	-0	-0	0.003	-0.035
165.8	NaN	745	NaN	647	1	357	0	0	0	406	-0	-0	0	0	-0	0	-0	-0	0.004	-0.024
165.9	NaN	745	NaN	647	1	357	0	0	0	406	-0	-0	0	0	-0	0	-0	-0	0.005	-0.04
166	NaN	745	NaN	647	1	357	0	0	0	406	-0	-0	0	0	-0	0	-0	-0	0.006	-0.04
166.1	NaN	745	NaN	647	1	357	0	0	0	406	-0	-0	0	0	-0	0	-0	-0	0.006	-0.038
166.2	NaN	745	NaN	647	1	357	0	0	0	406	-0	-0	0	0	-0	0	-0	-0	0.006	-0.039
166.3	NaN	745	NaN	647	1	357	0	0	0	406	-0	-0	0	0	-0	0	-0	-0	0.005	-0.03
166.4	NaN	745	NaN	647	1	357	0	0	0	406	-0	-0	0	0	-0	0	-0	-0	0.005	-0.04
166.5	NaN	745	NaN	647	1	357	0	0	0	406	-0	-0	0	0	-0	0	-0	-0	0.005	-0.026
166.6	NaN	745	NaN	647	1	357	0	0	0	406	-0	-0	0	0	-0	0	-0	-0	0.005	-0.02
166.7	NaN	745	NaN	647	1	357	0	0	0	406	-0	-0	0	0	-0	0	-0	-0	0.005	-0.015
166.8	NaN	745	NaN	647	1	357	0	0	0	406	-0	-0	0	0	-0	0	-0	-0	0.004	-0.013
166.9	NaN	745	NaN	647	1	357	0	0	0	406	-0	-0	0	0	-0	0	-0	-0	0.004	-0.008
167	NaN	745	NaN	647	1	357	0	0	0	406	-0	-0	0	0	-0	0	-0	-0	0.003	-0.019
167.1	NaN	745	NaN	647	1	357	0	0	0	406	-0	-0	0	0	-0	0	-0	-0	0.002	-0.026
167.2	NaN	745	NaN	647	1	357	0	0	0	406	-0	-0	0	0	-0	0	-0	-0	0.002	-0.042
167.3	NaN	745	NaN	647	1	357	0	0	0	406	-0	-0	0	0	-0	0	-0	-0	0	-0.039
167.4	NaN	745	NaN	647	1	357	0	0	0	406	-0	-0	0	0	-0	0	-0	-0	-0	-0.031
167.5	NaN	745	NaN	647	1	357	0	0	0	406	-0	-0	0	0	-0	0	-0	-0	-0.001	-0.023
167.6	NaN	745	NaN	647	1	357	0	0	0	406	-0	-0	0	0	-0	0	-0	-0	-0.001	-0.034
167.7	NaN	745	NaN	647	1	357	0	0	0	406	-0	-0	0	0	-0	0	-0	-0	-0.001	-0.045
167.8	NaN	745	NaN	647	1	357	0	0	0	406	-0	-0	0	0	-0	0	-0	-0	-0	-0.042
167.9	NaN	745	NaN	647	1	357	0	0	0	406	-0	-0	0	0	-0	0	-0	-0	0	-0.042
168	NaN	745	NaN	647	1	357	0	0	0	406	-0	-0	0	0	-0	0	-0	-0	0.002	-0.024
168.1	NaN	745	NaN	647	1	357	0	0	0	406	-0	-0	0	0	-0	0	-0	-0	0.005	-0.015
168.2	NaN	745	NaN	647	1	357	0	0	0	406	-0	-0	0	0	-0	0	-0	-0	0.005	-0.028
168.3	NaN	745	NaN	647	1	357	0	0	0	406	-0	-0	0	0	-0	0	-0	-0	0.005	-0.049
168.4	NaN	745	NaN	647	1	357	0	0	0	406	-0	-0	0	0	-0	0	-0	-0	0.005	-0.062
168.5	NaN	745	NaN	647	1	357	0	0	0	406	-0	-0	0	0	-0	0	-0	-0	0.006	-0.031
168.6	NaN	745	NaN	647	1	357	0	0	0	406	-0	-0	0	0	-0	0	-0	-0	0.005	-0.029
168.7	NaN	745	NaN	647	1	357	0	0	0	406	-0	-0	0	0	-0	0	-0	-0	0.003	-0.045
168.8	NaN	745	NaN	647	1	357	0	0	0	406	-0	-0	0	0	-0	0	-0	-0	0.003	-0.03
168.9	NaN	745	NaN	647	1	357	0	0	0	406	-0	-0	0	0	-0	0	-0	-0	0.003	-0.035
169	NaN	745	NaN	647	1	357	0	0	0	406	-0	-0	0	0	-0	0	-0	-0	0.003	-0.027
169.1	NaN	745	NaN	647	1	357	0	0	0	406	-0	-0	0	0	-0	0	-0	-0	0.004	-0.018
169.2	NaN	745	NaN	647	1	357	0	0	0	406	-0	-0	0	0	-0	0	-0	-0	0.002	-0.034
169.3	NaN	745	NaN	647	1	357	0	0	0	406	-0	-0	0	0	-0	0	-0	-0	0	-0.04
169.4	NaN	745	NaN	647	1	357	0	0	0	406	-0	-0	0	0	-0	0	-0	-0	0	-0.049
169.5	NaN	745	NaN	647	1	357	0	0	0	406	-0	-0	0	0	-0	0	-0	-0	0	-0.037
169.6	NaN	745	NaN	647	1	357	0	0	0	406	-0	-0	0	0	-0	0	-0	-0	0.001	-0.014
169.7	NaN	745	NaN	647	1	357	0	0	0	406	-0	-0	0	0	-0	0	-0	-0	0.001	-0.025
169.8	NaN	745	NaN	647	1	357	0	0	0	406	-0	-0	0	0	-0	0	-0	-0	0.002	-0.049
169.9	NaN	745	NaN	647	1	357	0	0	0	406	-0	-0	0	0	-0	0	-0	-0	0.004	-0.031
170	NaN	745	NaN	647	1	357	0	0	0	406	-0	-0	0	0	-0	0	-0	-0	0.005	-0.024
170.1	NaN	745	NaN	647	1	357	0	0	0	406	-0	-0	0	0	-0	0	-0	-0	0.006	-0.023
170.2	NaN	745	NaN	647	1	357	0	0	0	406	-0	-0	0	0	-0	0	-0	-0	0.006	-0.03
170.3	NaN	745	NaN	647	1	357	0	0	0	406	-0	-0	0	0	-0	0	-0	-0	0.007	-0.042
170.4	NaN	745	NaN	647	1	357	0	0	0	406	-0	-0	0	0	-0	0	-0	-0	0.007	-0.034
170.5	NaN	745	NaN	647	1	357	0	0	0	406	-0	-0	0	0	-0	0	-0	-0	0.007	-0.033
170.6	NaN	745	NaN	647	1	357	0	0	0	406	-0	-0	0	0	-0	0	-0	-0	0.007	-0.025
170.7	NaN	745	NaN	647	1	357	0	0	0	406	-0	-0	0	0	-0	0	-0	-0	0.007	-0.022
170.8	NaN	745	NaN	647	1	357	0	0	0	406	-0	-0	0	0	-0	0	-0	-0	0.006	-0.035
170.9	NaN	745	NaN	647	1	357	0	0	0	406	-0	-0	0	0	-0	0	-0	-0	0.005	-0.038
171	NaN	745	NaN	647	1	357	0	0	0	406	-0	-0	0	0	-0	0	-0	-0	0.005	-0.037
171.1	NaN	745	NaN	647	1	357	0	0	0	406	-0	-0	0	0	-0	0	-0	-0	0.005	-0.036
171.2	NaN	745	NaN	647	1	357	0	0	0	406	-0	-0	0	0	-0	0	-0	-0	0.005	-0.036
171.3	NaN	745	NaN	647	1	357	0	0	0	406	-0	-0	0	0	-0	0	-0	-0	0.006	-0.024
171.4	NaN	745	NaN	647	1	357	0	0	0	406	-0	-0	0	0	-0	0	-0	-0	0.005	-0.028
171.5	NaN	745	NaN	647	1	357	0	0	0	406	-0	-0	0	0	-0	0	-0	-0	0.004	-0.038
171.6	NaN	745	NaN	647	1	357	0	0	0	406	-0	-0	0	0	-0	0	-0	-0	0.004	-0.012
171.7	NaN	745	NaN	647	1	357	0	0	0	406	-0	-0	0	0	-0	0	-0	-0	0.005	-0.028
171.8	NaN	745	NaN	647	1	357	0	0	0	406	-0	-0	0	0	-0	0	-0	-0	0.005	-0.021
171.9	NaN	745	NaN	647	1	357	0	0	0	406	-0	-0	0	0	-0	0	-0	-0	0.006	-0.01
172	NaN	745	NaN	647	1	357	0	0	0	406	-0	-0	0	0	-0	0	-0	-0	0.006	-0.018
172.1	NaN	745	NaN	647	1	357	0	0	0	406	-0	-0	0	0	-0	0	-0	-0	0.005	-0.026
172.2	NaN	745	NaN	647	1	357	0	0	0	406	-0	-0	0	0	-0	0	-0	-0	0.005	-0.035
172.3	NaN	745	NaN	647	1	357	0	0	0	406	-0	-0	0	0	-0	0	-0	-0	0.005	-0.04
172.4	NaN	745	NaN	647	1	357	0	0	0	406	-0	-0	0	0	-0	0	-0	-0	0.004	-0.032
172.5	NaN	745	NaN	647	1	357	0	0	0	406	-0	-0	0	0	-0	0	-0	-0	0.002	-0.032
172.6	NaN	745	NaN	647	1	357	0	0	0	406	-0	-0	0	0	-0	0	-0	-0	0.002	-0.035
172.7	NaN	745	NaN	647	1	357	0	0	0	406	-0	-0	0	0	-0	0	-0	-0	0	-0.042
172.8	NaN	745	NaN	647	1	357	0	0	0	406	-0	-0	0	0	-0	0	-0	-0	0.001	-0.033
172.9	NaN	745	NaN	647	1	357	0	0	0	406	-0	-0	0	0	-0	0	-0	-0	0.002	-0.038
173	NaN	745	NaN	647	1	357	0	0	0	406	-0	-0	0	0	-0	0	-0	-0	0.002	-0.057
173.1	NaN	745	NaN	647	1	357	0	0	0	406	-0	-0	0	0	-0	0	-0	-0	0.002	-0.043
173.2	NaN	745	NaN	647	1	357	0	0	0	406	-0	-0	0	0	-0	0	-0	-0	0.001	-0.031
173.3	NaN	745	NaN	647	1	357	0	0	0	406	-0	-0	0	0	-0	0	-0	-0	0.002	-0.03
173.4	NaN	745	NaN	647	1	357	0	0	0	406	-0	-0	0	0	-0	0	-0	-0	0	-0.035
173.5	NaN	745	NaN	647	1	357	0	0	0	406	-0	-0	0	0	-0	0	-0	-0	-0.002	-0.03
173.6	NaN	745	NaN	647	1	357	0	0	0	406	-0	-0	0	0	-0	0	-0	-0	-0.002	-0.024
173.7	NaN	745	NaN	647	1	357	0	0	0	406	-0	-0	0	0	-0	0	-0	-0	-0.002	-0.027
173.8	NaN	745	NaN	647	1	357	0	0	0	406	-0	-0	0	0	-0	0	-0	-0	-0.002	-0.031
173.9	NaN	745	NaN	647	1	357	0	0	0	406	-0	-0	0	0	-0	0	-0	-0	-0.002	-0.043
174	NaN	745	NaN	647	1	357	0	0	0	406	-0	-0	0	0	-0	0	-0	-0	-0.003	-0.039
174.1	NaN	745	NaN	647	1	357	0	0	0	406	-0	-0	0	0	-0	0	-0	-0	-0.003	-0.024
174.2	NaN	745	NaN	647	1	357	0	0	0	406	-0	-0	0	0	-0	0	-0	-0	-0.002	-0.021
174.3	NaN	745	NaN	647	1	357	0	0	0	406	-0	-0	0	0	-0	0	-0	-0	-0.003	-0.023
174.4	NaN	745	NaN	647	1	357	0	0	0	406	-0	-0	0	0	-0	0	-0	-0	-0.003	-0.033
174.5	NaN	745	NaN	647	1	357	0	0	0	406	-0	-0	0	0	-0	0	-0	-0	-0.003	-0.021
174.6	NaN	745	NaN	647	1	357	0	0	0	406	-0	-0	0	0	-0	0	-0	-0	-0.003	-0.031
174.7	NaN	745	NaN	647	1	357	0	0	0	406	-0	-0	0	0	-0	0	-0	-0	-0.002	-0.031
174.8	NaN	745	NaN	647	1	357	0	0	0	406	-0	-0	0	0	-0	0	-0	-0	-0.002	-0.014
174.9	NaN	745	NaN	647	1	357	0	0	0	406	-0	-0	0	0	-0	0	-0	-0	-0.002	-0.029
175	NaN	745	NaN	647	1	357	0	0	0	406	-0	-0	0	0	-0	0	-0	-0	-0.003	-0.038
175.1	NaN	745	NaN	647	1	357	0	0	0	406	-0	-0	0	0	-0	0	-0	-0	-0.004	-0.025
175.2	NaN	745	NaN	647	1	357	0	0	0	406	-0	-0	0	0	-0	0	-0	-0	-0.004	-0.022
175.3	NaN	745	NaN	647	1	357	0	0	0	406	-0	-0	0	0	-0	0	-0	-0	-0.004	-0.036
175.4	NaN	745	NaN	647	1	357	0	0	0	406	-0	-0	0	0	-0	0	-0	-0	-0.004	-0.048
175.5	NaN	745	NaN	647	1	357	0	0	0	406	-0	-0	0	0	-0	0	-0	-0	-0.005	-0.042
175.6	NaN	745	NaN	647	1	357	0	0	0	406	-0	-0	0	0	-0	0	-0	-0	-0.004	-0.022
175.7	NaN	745	NaN	647	1	357	0	0	0	406	-0	-0	0	0	-0	0	-0	-0	-0.002	-0.021
175.8	NaN	745	NaN	647	1	357	0	0	0	406	-0	-0	0	0	-0	0	-0	-0	-0.002	-0.028
175.9	NaN	745	NaN	647	1	357	0	0	0	406	-0	-0	0	0	-0	0	-0	-0	-0.001	-0.014
176	NaN	745	NaN	647	1	357	0	0	0	406	-0	-0	0	0	-0	0	-0	-0	-0.002	-0.02
176.1	NaN	745	NaN	647	1	357	0	0	0	406	-0	-0	0	0	-0	0	-0	-0	-0.004	-0.035
176.2	NaN	745	NaN	647	1	357	0	0	0	406	-0	-0	0	0	-0	0	-0	-0	-0.004	-0.034
176.3	NaN	745	NaN	647	1	357	0	0	0	406	-0	-0	0	0	-0	0	-0	-0	-0.003	-0.035
176.4	NaN	745	NaN	647	1	357	0	0	0	406	-0	-0	0	0	-0	0	-0	-0	-0.004	-0.026
176.5	NaN	745	NaN	647	1	357	0	0	0	406	-0	-0	0	0	-0	0	-0	-0	-0.006	-0.029
176.6	NaN	745	NaN	647	1	357	0	0	0	406	-0	-0	0	0	-0	0	-0	-0	-0.006	-0.03
176.7	NaN	745	NaN	647	1	357	0	0	0	406	-0	-0	0	0	-0	0	-0	-0	-0.007	-0.023
176.8	NaN	745	NaN	647	1	357	0	0	0	406	-0	-0	0	0	-0	0	-0	-0	-0.007	-0.021
176.9	NaN	745	NaN	647	1	357	0	0	0	406	-0	-0	0	0	-0	0	-0	-0	-0.007	-0.016
177	NaN	745	NaN	647	1	357	0	0	0	406	-0	-0	0	0	-0	0	-0	-0	-0.008	-0.028
177.1	NaN	745	NaN	647	1	357	0	0	0	406	-0	-0	0	0	-0	0	-0	-0	-0.008	-0.054
177.2	NaN	745	NaN	647	1	357	0	0	0	406	-0	-0	0	0	-0	0	-0	-0	-0.007	-0.044
177.3	NaN	745	NaN	647	1	357	0	0	0	406	-0	-0	0	0	-0	0	-0	-0	-0.006	-0.039
177.4	NaN	745	NaN	647	1	357	0	0	0	406	-0	-0	0	0	-0	0	-0	-0	-0.006	-0.03
177.5	NaN	745	NaN	647	1	357	0	0	0	406	-0	-0	0	0	-0	0	-0	-0	-0.005	-0.05
177.6	NaN	745	NaN	647	1	357	0	0	0	406	-0	-0	0	0	-0	0	-0	-0	-0.007	-0.036
177.7	NaN	745	NaN	647	1	357	0	0	0	406	-0	-0	0	0	-0	0	-0	-0	-0.008	-0.011
177.8	NaN	745	NaN	647	1	357	0	0	0	406	-0	-0	0	0	-0	0	-0	-0	-0.007	-0.023
177.9	NaN	745	NaN	647	1	357	0	0	0	406	-0	-0	0	0	-0	0	-0	-0	-0.006	-0.021
178	NaN	745	NaN	647	1	357	0	0	0	406	-0	-0	0	0	-0	0	-0	-0	-0.005	-0.006
178.1	NaN	745	NaN	647	1	357	0	0	0	406	-0	-0	0	0	-0	0	-0	-0	-0.004	-0.021
178.2	NaN	745	NaN	647	1	357	0	0	0	406	-0	-0	0	0	-0	0	-0	-0	-0.005	-0.021
178.3	NaN	745	NaN	647	1	357	0	0	0	406	-0	-0	0	0	-0	0	-0	-0	-0.006	-0.023
178.4	NaN	745	NaN	647	1	357	0	0	0	406	-0	-0	0	0	-0	0	-0	-0	-0.006	-0.038
178.5	NaN	745	NaN	647	1	357	0	0	0	406	-0	-0	0	0	-0	0	-0	-0	-0.006	-0.041
178.6	NaN	745	NaN	647	1	357	0	0	0	406	-0	-0	0	0	-0	0	-0	-0	-0.006	-0.034
178.7	NaN	745	NaN	647	1	357	0	0	0	406	-0	-0	0	0	-0	0	-0	-0	-0.006	-0.04
178.8	NaN	745	NaN	647	1	357	0	0	0	406	-0	-0	0	0	-0	0	-0	-0	-0.006	-0.044
178.9	NaN	745	NaN	647	1	357	0	0	0	406	-0	-0	0	0	-0	0	-0	-0	-0.005	-0.056
179	NaN	745	NaN	647	1	357	0	0	0	406	-0	-0	0	0	-0	0	-0	-0	-0.005	-0.034
179.1	NaN	745	NaN	647	1	357	0	0	0	406	-0	-0	0	0	-0	0	-0	-0	-0.004	-0.038
179.2	NaN	745	NaN	647	1	357	0	0	0	406	-0	-0	0	0	-0	0	-0	-0	-0.005	-0.043
179.3	NaN	745	NaN	647	1	357	0	0	0	406	-0	-0	0	0	-0	0	-0	-0	-0.005	-0.029
179.4	NaN	745	NaN	647	1	357	0	0	0	406	-0	-0	0	0	-0	0	-0	-0	-0.005	-0.035
179.5	NaN	745	NaN	647	1	357	0	0	0	406	-0	-0	0	0	-0	0	-0	-0	-0.006	-0.043
179.6	NaN	745	NaN	647	1	357	0	0	0	406	-0	-0	0	0	-0	0	-0	-0	-0.006	-0.043
179.7	NaN	745	NaN	647	1	357	0	0	0	406	-0	-0	0	0	-0	0	-0	-0	-0.005	-0.024
179.8	NaN	745	NaN	647	1	357	0	0	0	406	-0	-0	0	0	-0	0	-0	-0	-0.006	-0.023
179.9	NaN	745	NaN	647	1	357	0	0	0	406	-0	-0	0	0	-0	0	-0	-0	-0.007	-0.032
180	NaN	745	NaN	647	1	357	0	0	0	406	-0	-0	0	0	-0	0	-0	-0	-0.006	-0.035
180.1	NaN	745	NaN	647	1	357	0	0	0	406	-0	-0	0	0	-0	0	-0	-0	-0.004	-0.032
180.2	NaN	745	NaN	647	1	357	0	0	0	406	-0	-0	0	0	-0	0	-0	-0	-0.004	-0.023
180.3	NaN	745	NaN	647	1	357	0	0	0	406	-0	-0	0	0	-0	0	-0	-0	-0.003	-0.026
180.4	NaN	745	NaN	647	1	357	0	0	0	406	-0	-0	0	0	-0	0	-0	-0	-0.003	-0.047
180.5	NaN	745	NaN	647	1	357	0	0	0	406	-0	-0	0	0	-0	0	-0	-0	-0.003	-0.034
180.6	NaN	745	NaN	647	1	357	0	0	0	406	-0	-0	0	0	-0	0	-0	-0	-0.002	-0.017
180.7	NaN	745	NaN	647	1	357	0	0	0	406	-0	-0	0	0	-0	0	-0	-0	-0.001	-0.014
180.8	NaN	745	NaN	647	1	357	0	0	0	406	-0	-0	0	0	-0	0	-0	-0	-0.001	-0.025
180.9	NaN	745	NaN	647	1	357	0	0	0	406	-0	-0	0	0	-0	0	-0	-0	-0.001	-0.039
181	NaN	745	NaN	647	1	357	0	0	0	406	-0	-0	0	0	-0	0	-0	-0	-0.002	-0.028
181.1	NaN	745	NaN	647	1	357	0	0	0	406	-0	-0	0	0	-0	0	-0	-0	-0.002	-0.024
181.2	NaN	745	NaN	647	1	357	0	0	0	406	-0	-0	0	0	-0	0	-0	-0	-0.003	-0.025
181.3	NaN	745	NaN	647	1	357	0	0	0	406	-0	-0	0	0	-0	0	-0	-0	-0.005	-0.023
181.4	NaN	745	NaN	647	1	357	0	0	0	406	-0	-0	0	0	-0	0	-0	-0	-0.005	-0.027
181.5	NaN	745	NaN	647	1	357	0	0	0	406	-0	-0	0	0	-0	0	-0	-0	-0.006	-0.027
181.6	NaN	745	NaN	647	1	357	0	0	0	406	-0	-0	0	0	-0	0	-0	-0	-0.004	-0.037
181.7	NaN	745	NaN	647	1	357	0	0	0	406	-0	-0	0	0	-0	0	-0	-0	-0.002	-0.033
181.8	NaN	745	NaN	647	1	357	0	0	0	406	-0	-0	0	0	-0	0	-0	-0	-0.002	-0.015
181.9	NaN	745	NaN	647	1	357	0	0	0	406	-0	-0	0	0	-0	0	-0	-0	-0.001	-0.017
182	NaN	745	NaN	647	1	357	0	0	0	406	-0	-0	0	0	-0	0	-0	-0	-0.004	-0.02
182.1	NaN	745	NaN	647	1	357	0	0	0	406	-0	-0	0	0	-0	0	-0	-0	-0.009	-0.009
182.2	NaN	745	NaN	647	1	357	0	0	0	406	-0	-0	0	0	-0	0	-0	-0	-0.008	-0.026
182.3	NaN	745	NaN	647	1	357	0	0	0	406	-0	-0	0	0	-0	0	-0	-0	-0.007	-0.026
182.4	NaN	745	NaN	647	1	357	0	0	0	406	-0	-0	0	0	-0	0	-0	-0	-0.008	-0.03
182.5	NaN	745	NaN	647	1	357	0	0	0	406	-0	-0	0	0	-0	0	-0	-0	-0.011	-0.033
182.6	NaN	745	NaN	647	1	357	0	0	0	406	-0	-0	0	0	-0	0	-0	-0	-0.009	-0.033
182.7	NaN	745	NaN	647	1	357	0	0	0	406	-0	-0	0	0	-0	0	-0	-0	-0.005	-0.033
182.8	NaN	745	NaN	647	1	357	0	0	0	406	-0	-0	0	0	-0	0	-0	-0	-0.004	-0.028
182.9	NaN	745	NaN	647	1	357	0	0	0	406	-0	-0	0	0	-0	0	-0	-0	-0.002	-0.044
183	NaN	745	NaN	647	1	357	0	0	0	406	-0	-0	0	0	-0	0	-0	-0	-0.004	-0.029
183.1	NaN	745	NaN	647	1	357	0	0	0	406	-0	-0	0	0	-0	0	-0	-0	-0.007	-0.019
183.2	NaN	745	NaN	647	1	357	0	0	0	406	-0	-0	0	0	-0	0	-0	-0	-0.006	-0.03
183.3	NaN	745	NaN	647	1	357	0	0	0	406	-0	-0	0	0	-0	0	-0	-0	-0.006	-0.035
183.4	NaN	745	NaN	647	1	357	0	0	0	406	-0	-0	0	0	-0	0	-0	-0	-0.007	-0.043
183.5	NaN	745	NaN	647	1	357	0	0	0	406	-0	-0	0	0	-0	0	-0	-0	-0.008	-0.027
183.6	NaN	745	NaN	647	1	357	0	0	0	406	-0	-0	0	0	-0	0	-0	-0	-0.008	-0.022
183.7	NaN	745	NaN	647	1	357	0	0	0	406	-0	-0	0	0	-0	0	-0	-0	-0.009	-0.038
183.8	NaN	745	NaN	647	1	357	0	0	0	406	-0	-0	0	0	-0	0	-0	-0	-0.008	-0.031
183.9	NaN	745	NaN	647	1	357	0	0	0	406	-0	-0	0	0	-0	0	-0	-0	-0.008	-0.035
184	NaN	745	NaN	647	1	357	0	0	0	406	-0	-0	0	0	-0	0	-0	-0	-0.008	-0.043
184.1	NaN	745	NaN	647	1	357	0	0	0	406	-0	-0	0	0	-0	0	-0	-0	-0.007	-0.039
184.2	NaN	745	NaN	647	1	357	0	0	0	406	-0	-0	0	0	-0	0	-0	-0	-0.007	-0.02
184.3	NaN	745	NaN	647	1	357	0	0	0	406	-0	-0	0	0	-0	0	-0	-0	-0.006	-0.02
184.4	NaN	745	NaN	647	1	357	0	0	0	406	-0	-0	0	0	-0	0	-0	-0	-0.005	-0.027
184.5	NaN	745	NaN	647	1	357	0	0	0	406	-0	-0	0	0	-0	0	-0	-0	-0.003	-0.031
184.6	NaN	745	NaN	647	1	357	0	0	0	406	-0	-0	0	0	-0	0	-0	-0	-0.003	-0.026
184.7	NaN	745	NaN	647	1	357	0	0	0	406	-0	-0	0	0	-0	0	-0	-0	-0.003	-0.03
184.8	NaN	745	NaN	647	1	357	0	0	0	406	-0	-0	0	0	-0	0	-0	-0	-0.004	-0.022
184.9	NaN	745	NaN	647	1	357	0	0	0	406	-0	-0	0	0	-0	0	-0	-0	-0.005	-0.018
185	NaN	745	NaN	647	1	357	0	0	0	406	-0	-0	0	0	-0	0	-0	-0	-0.004	-0.032
185.1	NaN	745	NaN	647	1	357	0	0	0	406	-0	-0	0	0	-0	0	-0	-0	-0.003	-0.027
185.2	NaN	745	NaN	647	1	357	0	0	0	406	-0	-0	0	0	-0	0	-0	-0	-0.003	-0.041
185.3	NaN	745	NaN	647	1	357	0	0	0	406	-0	-0	0	0	-0	0	-0	-0	-0.003	-0.037
185.4	NaN	745	NaN	647	1	357	0	0	0	406	-0	-0	0	0	-0	0	-0	-0	-0.004	-0.034
185.5	NaN	745	NaN	647	1	357	0	0	0	406	-0	-0	0	0	-0	0	-0	-0	-0.005	-0.036
185.6	NaN	745	NaN	647	1	357	0	0	0	406	-0	-0	0	0	-0	0	-0	-0	-0.006	-0.026
185.7	NaN	745	NaN	647	1	357	0	0	0	406	-0	-0	0	0	-0	0	-0	-0	-0.007	-0.034
185.8	NaN	745	NaN	647	1	357	0	0	0	406	-0	-0	0	0	-0	0	-0	-0	-0.007	-0.039
185.9	NaN	745	NaN	647	1	357	0	0	0	406	-0	-0	0	0	-0	0	-0	-0	-0.007	-0.036
186	NaN	745	NaN	647	1	357	0	0	0	406	-0	-0	0	0	-0	0	-0	-0	-0.007	-0.042
186.1	NaN	745	NaN	647	1	357	0	0	0	406	-0	-0	0	0	-0	0	-0	-0	-0.007	-0.031
186.2	NaN	745	NaN	647	1	357	0	0	0	406	-0	-0	0	0	-0	0	-0	-0	-0.007	-0.034
186.3	NaN	745	NaN	647	1	357	0	0	0	406	-0	-0	0	0	-0	0	-0	-0	-0.006	-0.03
186.4	NaN	745	NaN	647	1	357	0	0	0	406	-0	-0	0	0	-0	0	-0	-0	-0.006	-0.019
186.5	NaN	745	NaN	647	1	357	0	0	0	406	-0	-0	0	0	-0	0	-0	-0	-0.007	-0.041
186.6	NaN	745	NaN	647	1	357	0	0	0	406	-0	-0	0	0	-0	0	-0	-0	-0.008	-0.044
186.7	NaN	745	NaN	647	1	357	0	0	0	406	-0	-0	0	0	-0	0	-0	-0	-0.008	-0.024
186.8	NaN	745	NaN	647	1	357	0	0	0	406	-0	-0	0	0	-0	0	-0	-0	-0.007	-0.028
186.9	NaN	745	NaN	647	1	357	0	0	0	406	-0	-0	0	0	-0	0	-0	-0	-0.006	-0.023
187	NaN	745	NaN	647	1	357	0	0	0	406	-0	-0	0	0	-0	0	-0	-0	-0.006	-0.026
187.1	NaN	745	NaN	647	1	357	0	0	0	406	-0	-0	0	0	-0	0	-0	-0	-0.005	-0.027
187.2	NaN	745	NaN	647	1	357	0	0	0	406	-0	-0	0	0	-0	0	-0	-0	-0.005	-0.032
187.3	NaN	745	NaN	647	1	357	0	0	0	406	-0	-0	0	0	-0	0	-0	-0	-0.007	-0.042
187.4	NaN	745	NaN	647	1	357	0	0	0	406	-0	-0	0	0	-0	0	-0	-0	-0.007	-0.054
187.5	NaN	745	NaN	647	1	357	0	0	0	406	-0	-0	0	0	-0	0	-0	-0	-0.005	-0.039
187.6	NaN	745	NaN	647	1	357	0	0	0	406	-0	-0	0	0	-0	0	-0	-0	-0.005	-0.025
187.7	NaN	745	NaN	647	1	357	0	0	0	406	-0	-0	0	0	-0	0	-0	-0	-0.005	-0.019
187.8	NaN	745	NaN	647	1	357	0	0	0	406	-0	-0	0	0	-0	0	-0	-0	-0.005	-0.029
187.9	NaN	745	NaN	647	1	357	0	0	0	406	-0	-0	0	0	-0	0	-0	-0	-0.005	-0.023
188	NaN	745	NaN	647	1	357	0	0	0	406	-0	-0	0	0	-0	0	-0	-0	-0.005	-0.029
188.1	NaN	745	NaN	647	1	357	0	0	0	406	-0	-0	0	0	-0	0	-0	-0	-0.004	-0.024
188.2	NaN	745	NaN	647	1	357	0	0	0	406	-0	-0	0	0	-0	0	-0	-0	-0.004	-0.031
188.3	NaN	745	NaN	647	1	357	0	0	0	406	-0	-0	0	0	-0	0	-0	-0	-0.004	-0.047
188.4	NaN	745	NaN	647	1	357	0	0	0	406	-0	-0	0	0	-0	0	-0	-0	-0.004	-0.045
188.5	NaN	745	NaN	647	1	357	0	0	0	406	-0	-0	0	0	-0	0	-0	-0	-0.004	-0.046
188.6	NaN	745	NaN	647	1	357	0	0	0	406	-0	-0	0	0	-0	0	-0	-0	-0.004	-0.037
188.7	NaN	745	NaN	647	1	357	0	0	0	406	-0	-0	0	0	-0	0	-0	-0	-0.004	-0.036
188.8	NaN	745	NaN	647	1	357	0	0	0	406	-0	-0	0	0	-0	0	-0	-0	-0.004	-0.014
188.9	NaN	745	NaN	647	1	357	0	0	0	406	-0	-0	0	0	-0	0	-0	-0	-0.003	-0.026
189	NaN	745	NaN	647	1	357	0	0	0	406	-0	-0	0	0	-0	0	-0	-0	-0.003	-0.045
189.1	NaN	745	NaN	647	1	357	0	0	0	406	-0	-0	0	0	-0	0	-0	-0	-0.002	-0.042
189.2	NaN	745	NaN	647	1	357	0	0	0	406	-0	-0	0	0	-0	0	-0	-0	-0.002	-0.045
189.3	NaN	745	NaN	647	1	357	0	0	0	406	-0	-0	0	0	-0	0	-0	-0	-0.001	-0.046
189.4	NaN	745	NaN	647	1	357	0	0	0	406	-0	-0	0	0	-0	0	-0	-0	-0.001	-0.033
189.5	NaN	745	NaN	647	1	357	0	0	0	406	-0	-0	0	0	-0	0	-0	-0	-0.002	-0.021
189.6	NaN	745	NaN	647	1	357	0	0	0	406	-0	-0	0	0	-0	0	-0	-0	-0.001	-0.009
189.7	NaN	745	NaN	647	1	357	0	0	0	406	-0	-0	0	0	-0	0	-0	-0	0.001	-0.019
189.8	NaN	745	NaN	647	1	357	0	0	0	406	-0	-0	0	0	-0	0	-0	-0	0.002	-0.035
189.9	NaN	745	NaN	647	1	357	0	0	0	406	-0	-0	0	0	-0	0	-0	-0	0.003	-0.041
190	NaN	745	NaN	647	1	357	0	0	0	406	-0	-0	0	0	-0	0	-0	-0	0.003	-0.038
190.1	NaN	745	NaN	647	1	357	0	0	0	406	-0	-0	0	0	-0	0	-0	-0	0.004	-0.016
190.2	NaN	745	NaN	647	1	357	0	0	0	406	-0	-0	0	0	-0	0	-0	-0	0.004	-0.022
190.3	NaN	745	NaN	647	1	357	0	0	0	406	-0	-0	0	0	-0	0	-0	-0	0.004	-0.029
190.4	NaN	745	NaN	647	1	357	0	0	0	406	-0	-0	0	0	-0	0	-0	-0	0.004	-0.031
190.5	NaN	745	NaN	647	1	357	0	0	0	406	-0	-0	0	0	-0	0	-0	-0	0.004	-0.033
190.6	NaN	745	NaN	647	1	357	0	0	0	406	-0	-0	0	0	-0	0	-0	-0	0.004	-0.039
190.7	NaN	745	NaN	647	1	357	0	0	0	406	-0	-0	0	0	-0	0	-0	-0	0.004	-0.043
190.8	NaN	745	NaN	647	1	357	0	0	0	406	-0	-0	0	0	-0	0	-0	-0	0.004	-0.037
190.9	NaN	745	NaN	647	1	357	0	0	0	406	-0	-0	0	0	-0	0	-0	-0	0.004	-0.026
191	NaN	745	NaN	647	1	357	0	0	0	406	-0	-0	0	0	-0	0	-0	-0	0.004	-0.036
191.1	NaN	745	NaN	647	1	357	0	0	0	406	-0	-0	0	0	-0	0	-0	-0	0.004	-0.026
191.2	NaN	745	NaN	647	1	357	0	0	0	406	-0	-0	0	0	-0	0	-0	-0	0.004	-0.021
191.3	NaN	745	NaN	647	1	357	0	0	0	406	-0	-0	0	0	-0	0	-0	-0	0.004	-0.034
191.4	NaN	745	NaN	647	1	357	0	0	0	406	-0	-0	0	0	-0	0	-0	-0	0.004	-0.034
191.5	NaN	745	NaN	647	1	357	0	0	0	406	-0	-0	0	0	-0	0	-0	-0	0.004	-0.028
191.6	NaN	745	NaN	647	1	357	0	0	0	406	-0	-0	0	0	-0	0	-0	-0	0.004	-0.027
191.7	NaN	745	NaN	647	1	357	0	0	0	406	-0	-0	0	0	-0	0	-0	-0	0.003	-0.025
191.8	NaN	745	NaN	647	1	357	0	0	0	406	-0	-0	0	0	-0	0	-0	-0	0.003	-0.032
191.9	NaN	745	NaN	647	1	357	0	0	0	406	-0	-0	0	0	-0	0	-0	-0	0.003	-0.038
192	NaN	745	NaN	647	1	357	0	0	0	406	-0	-0	0	0	-0	0	-0	-0	0.002	-0.026
192.1	NaN	745	NaN	647	1	357	0	0	0	406	-0	-0	0	0	-0	0	-0	-0	0.001	-0.035
192.2	NaN	745	NaN	647	1	357	0	0	0	406	-0	-0	0	0	-0	0	-0	-0	0.001	-0.046
192.3	NaN	745	NaN	647	1	357	0	0	0	406	-0	-0	0	0	-0	0	-0	-0	0.002	-0.053
192.4	NaN	745	NaN	647	1	357	0	0	0	406	-0	-0	0	0	-0	0	-0	-0	0.001	-0.023
192.5	NaN	745	NaN	647	1	357	0	0	0	406	-0	-0	0	0	-0	0	-0	-0	0	-0.024
192.6	NaN	745	NaN	647	1	357	0	0	0	406	-0	-0	0	0	-0	0	-0	-0	-0	-0.049
192.7	NaN	745	NaN	647	1	357	0	0	0	406	-0	-0	0	0	-0	0	-0	-0	0	-0.045
192.8	NaN	745	NaN	647	1	357	0	0	0	406	-0	-0	0	0	-0	0	-0	-0	0.001	-0.011
192.9	NaN	745	NaN	647	1	357	0	0	0	406	-0	-0	0	0	-0	0	-0	-0	0.003	-0.025
193	NaN	745	NaN	647	1	357	0	0	0	406	-0	-0	0	0	-0	0	-0	-0	0.004	-0.032
193.1	NaN	745	NaN	647	1	357	0	0	0	406	-0	-0	0	0	-0	0	-0	-0	0.004	-0.029
193.2	NaN	745	NaN	647	1	357	0	0	0	406	-0	-0	0	0	-0	0	-0	-0	0.005	-0.034
193.3	NaN	745	NaN	647	1	357	0	0	0	406	-0	-0	0	0	-0	0	-0	-0	0.006	-0.027
193.4	NaN	745	NaN	647	1	357	0	0	0	406	-0	-0	0	0	-0	0	-0	-0	0.005	-0.023
193.5	NaN	745	NaN	647	1	357	0	0	0	406	-0	-0	0	0	-0	0	-0	-0	0.005	-0.031
193.6	NaN	745	NaN	647	1	357	0	0	0	406	-0	-0	0	0	-0	0	-0	-0	0.005	-0.038
193.7	NaN	745	NaN	647	1	357	0	0	0	406	-0	-0	0	0	-0	0	-0	-0	0.004	-0.023
193.8	NaN	745	NaN	647	1	357	0	0	0	406	-0	-0	0	0	-0	0	-0	-0	0.006	-0.028
193.9	NaN	745	NaN	647	1	357	0	0	0	406	-0	-0	0	0	-0	0	-0	-0	0.009	-0.055
194	NaN	745	NaN	647	1	357	0	0	0	406	-0	-0	0	0	-0	0	-0	-0	0.007	-0.046
194.1	NaN	745	NaN	647	1	357	0	0	0	406	-0	-0	0	0	-0	0	-0	-0	0.005	-0.024
194.2	NaN	745	NaN	647	1	357	0	0	0	406	-0	-0	0	0	-0	0	-0	-0	0.005	-0.014
194.3	NaN	745	NaN	647	1	357	0	0	0	406	-0	-0	0	0	-0	0	-0	-0	0.004	-0.015
194.4	NaN	745	NaN	647	1	357	0	0	0	406	-0	-0	0	0	-0	0	-0	-0	0.005	-0.028
194.5	NaN	745	NaN	647	1	357	0	0	0	406	-0	-0	0	0	-0	0	-0	-0	0.006	-0.023
194.6	NaN	745	NaN	647	1	357	0	0	0	406	-0	-0	0	0	-0	0	-0	-0	0.007	-0.03
194.7	NaN	745	NaN	647	1	357	0	0	0	406	-0	-0	0	0	-0	0	-0	-0	0.008	-0.03
194.8	NaN	745	NaN	647	1	357	0	0	0	406	-0	-0	0	0	-0	0	-0	-0	0.007	-0.03
194.9	NaN	745	NaN	647	1	357	0	0	0	406	-0	-0	0	0	-0	0	-0	-0	0.005	-0.039
195	NaN	745	NaN	647	1	357	0	0	0	406	-0	-0	0	0	-0	0	-0	-0	0.004	-0.045
195.1	NaN	745	NaN	647	1	357	0	0	0	406	-0	-0	0	0	-0	0	-0	-0	0.004	-0.042
195.2	NaN	745	NaN	647	1	357	0	0	0	406	-0	-0	0	0	-0	0	-0	-0	0.004	-0.018
195.3	NaN	745	NaN	647	1	357	0	0	0	406	-0	-0	0	0	-0	0	-0	-0	0.005	-0.029
195.4	NaN	745	NaN	647	1	357	0	0	0	406	-0	-0	0	0	-0	0	-0	-0	0.006	-0.036
195.5	NaN	745	NaN	647	1	357	0	0	0	406	-0	-0	0	0	-0	0	-0	-0	0.006	-0.03
195.6	NaN	745	NaN	647	1	357	0	0	0	406	-0	-0	0	0	-0	0	-0	-0	0.005	-0.033
195.7	NaN	745	NaN	647	1	357	0	0	0	406	-0	-0	0	0	-0	0	-0	-0	0.004	-0.028
195.8	NaN	745	NaN	647	1	357	0	0	0	406	-0	-0	0	0	-0	0	-0	-0	0.004	-0.018
195.9	NaN	745	NaN	647	1	357	0	0	0	406	-0	-0	0	0	-0	0	-0	-0	0.003	-0.026
196	NaN	745	NaN	647	1	357	0	0	0	406	-0	-0	0	0	-0	0	-0	-0	0.002	-0.034
196.1	NaN	745	NaN	647	1	357	0	0	0	406	-0	-0	0	0	-0	0	-0	-0	0.002	-0.048
196.2	NaN	745	NaN	647	1	357	0	0	0	406	-0	-0	0	0	-0	0	-0	-0	0.001	-0.047
196.3	NaN	745	NaN	647	1	357	0	0	0	406	-0	-0	0	0	-0	0	-0	-0	0.002	-0.039
196.4	NaN	745	NaN	647	1	357	0	0	0	406	-0	-0	0	0	-0	0	-0	-0	0.002	-0.036
196.5	NaN	745	NaN	647	1	357	0	0	0	406	-0	-0	0	0	-0	0	-0	-0	0.002	-0.049
196.6	NaN	745	NaN	647	1	357	0	0	0	406	-0	-0	0	0	-0	0	-0	-0	0.002	-0.047
196.7	NaN	745	NaN	647	1	357	0	0	0	406	-0	-0	0	0	-0	0	-0	-0	0.002	-0.03
196.8	NaN	745	NaN	647	1	357	0	0	0	406	-0	-0	0	0	-0	0	-0	-0	0	-0.021
196.9	NaN	745	NaN	647	1	357	0	0	0	406	-0	-0	0	0	-0	0	-0	-0	-0.002	-0.022
197	NaN	745	NaN	647	1	357	0	0	0	406	-0	-0	0	0	-0	0	-0	-0	-0.002	-0.033
197.1	NaN	745	NaN	647	1	357	0	0	0	406	-0	-0	0	0	-0	0	-0	-0	-0.002	-0.025
197.2	NaN	745	NaN	647	1	357	0	0	0	406	-0	-0	0	0	-0	0	-0	-0	-0.002	-0.023
197.3	NaN	745	NaN	647	1	357	0	0	0	406	-0	-0	0	0	-0	0	-0	-0	-0.003	-0.038
197.4	NaN	745	NaN	647	1	357	0	0	0	406	-0	-0	0	0	-0	0	-0	-0	-0.003	-0.032
197.5	NaN	745	NaN	647	1	357	0	0	0	406	-0	-0	0	0	-0	0	-0	-0	-0.003	-0.017
197.6	NaN	745	NaN	647	1	357	0	0	0	406	-0	-0	0	0	-0	0	-0	-0	-0.004	-0.024
197.7	NaN	745	NaN	647	1	357	0	0	0	406	-0	-0	0	0	-0	0	-0	-0	-0.005	-0.045
197.8	NaN	745	NaN	647	1	357	0	0	0	406	-0	-0	0	0	-0	0	-0	-0	-0.006	-0.046
197.9	NaN	745	NaN	647	1	357	0	0	0	406	-0	-0	0	0	-0	0	-0	-0	-0.008	-0.026
198	NaN	745	NaN	647	1	357	0	0	0	406	-0	-0	0	0	-0	0	-0	-0	-0.009	-0.02
198.1	NaN	745	NaN	647	1	357	0	0	0	406	-0	-0	0	0	-0	0	-0	-0	-0.01	-0.013
198.2	NaN	745	NaN	647	1	357	0	0	0	406	-0	-0	0	0	-0	0	-0	-0	-0.012	-0.021
198.3	NaN	745	NaN	647	1	357	0	0	0	406	-0	-0	0	0	-0	0	-0	-0	-0.01	-0.016
198.4	NaN	745	NaN	647	1	357	0	0	0	406	-0	-0	0	0	-0	0	-0	-0	-0.009	-0.031
198.5	NaN	745	NaN	647	1	357	0	0	0	406	-0	-0	0	0	-0	0	-0	-0	-0.009	-0.047
198.6	NaN	745	NaN	647	1	357	0	0	0	406	-0	-0	0	0	-0	0	-0	-0	-0.009	-0.045
198.7	NaN	745	NaN	647	1	357	0	0	0	406	-0	-0	0	0	-0	0	-0	-0	-0.009	-0.053
198.8	NaN	745	NaN	647	1	357	0	0	0	406	-0	-0	0	0	-0	0	-0	-0	-0.009	-0.042
198.9	NaN	745	NaN	647	1	357	0	0	0	406	-0	-0	0	0	-0	0	-0	-0	-0.008	-0.016
199	NaN	745	NaN	647	1	357	0	0	0	406	-0	-0	0	0	-0	0	-0	-0	-0.007	-0.034
199.1	NaN	745	NaN	647	1	357	0	0	0	406	-0	-0	0	0	-0	0	-0	-0	-0.007	-0.041
199.2	NaN	745	NaN	647	1	357	0	0	0	406	-0	-0	0	0	-0	0	-0	-0	-0.006	-0.034
199.3	NaN	745	NaN	647	1	357	0	0	0	406	-0	-0	0	0	-0	0	-0	-0	-0.006	-0.05
199.4	NaN	745	NaN	647	1	357	0	0	0	406	-0	-0	0	0	-0	0	-0	-0	-0.007	-0.047
199.5	NaN	745	NaN	647	1	357	0	0	0	406	-0	-0	0	0	-0	0	-0	-0	-0.007	-0.051
199.6	NaN	745	NaN	647	1	357	0	0	0	406	-0	-0	0	0	-0	0	-0	-0	-0.006	-0.054
199.7	NaN	745	NaN	647	1	357	0	0	0	406	-0	-0	0	0	-0	0	-0	-0	-0.006	-0.035
199.8	NaN	745	NaN	647	1	357	0	0	0	406	-0	-0	0	0	-0	0	-0	-0	-0.006	-0.016
199.9	NaN	745	NaN	647	1	357	0	0	0	406	-0	-0	0	0	-0	0	-0	-0	-0.008	-0.039
200	NaN	745	NaN	647	1	357	0	0	0	406	-0	-0	0	0	-0	0	-0	-0	-0.008	-0.058
200.1	NaN	745	NaN	647	1	357	0	0	0	406	-0	-0	0	0	-0	0	-0	-0	-0.008	-0.047
200.2	NaN	745	NaN	647	1	357	0	0	0	406	-0	-0	0	0	-0	0	-0	-0	-0.009	-0.037
200.3	NaN	745	NaN	647	1	357	0	0	0	406	-0	-0	0	0	-0	0	-0	-0	-0.011	-0.028
200.4	NaN	745	NaN	647	1	357	0	0	0	406	-0	-0	0	0	-0	0	-0	-0	-0.011	-0.028
200.5	NaN	745	NaN	647	1	357	0	0	0	406	-0	-0	0	0	-0	0	-0	-0	-0.008	-0.049
200.6	NaN	745	NaN	647	1	357	0	0	0	406	-0	-0	0	0	-0	0	-0	-0	-0.006	-0.042
200.7	NaN	745	NaN	647	1	357	0	0	0	406	-0	-0	0	0	-0	0	-0	-0	-0.006	-0.046
200.8	NaN	745	NaN	647	1	357	0	0	0	406	-0	-0	0	0	-0	0	-0	-0	-0.006	-0.039
200.9	NaN	745	NaN	647	1	357	0	0	0	406	-0	-0	0	0	-0	0	-0	-0	-0.005	-0.031
201	NaN	745	NaN	647	1	357	0	0	0	406	-0	-0	0	0	-0	0	-0	-0	-0.005	-0.039
201.1	NaN	745	NaN	647	1	357	0	0	0	406	-0	-0	0	0	-0	0	-0	-0	-0.005	-0.034
201.2	NaN	745	NaN	647	1	357	0	0	0	406	-0	-0	0	0	-0	0	-0	-0	-0.005	-0.043
201.3	NaN	745	NaN	647	1	357	0	0	0	406	-0	-0	0	0	-0	0	-0	-0	-0.005	-0.058
201.4	NaN	745	NaN	647	1	357	0	0	0	406	-0	-0	0	0	-0	0	-0	-0	-0.006	-0.045
201.5	NaN	745	NaN	647	1	357	0	0	0	406	-0	-0	0	0	-0	0	-0	-0	-0.006	-0.017
201.6	NaN	745	NaN	647	1	357	0	0	0	406	-0	-0	0	0	-0	0	-0	-0	-0.006	-0.025
201.7	NaN	745	NaN	647	1	357	0	0	0	406	-0	-0	0	0	-0	0	-0	-0	-0.006	-0.036
201.8	NaN	745	NaN	647	1	357	0	0	0	406	-0	-0	0	0	-0	0	-0	-0	-0.005	-0.03
201.9	NaN	745	NaN	647	1	357	0	0	0	406	-0	-0	0	0	-0	0	-0	-0	-0.004	-0.027
202	NaN	745	NaN	647	1	357	0	0	0	406	-0	-0	0	0	-0	0	-0	-0	-0.004	-0.028
202.1	NaN	745	NaN	647	1	357	0	0	0	406	-0	-0	0	0	-0	0	-0	-0	-0.003	-0.018
202.2	NaN	745	NaN	647	1	357	0	0	0	406	-0	-0	0	0	-0	0	-0	-0	-0.003	-0.034
202.3	NaN	745	NaN	647	1	357	0	0	0	406	-0	-0	0	0	-0	0	-0	-0	-0.004	-0.034
202.4	NaN	745	NaN	647	1	357	0	0	0	406	-0	-0	0	0	-0	0	-0	-0	-0.004	-0.039
202.5	NaN	745	NaN	647	1	357	0	0	0	406	-0	-0	0	0	-0	0	-0	-0	-0.004	-0.039
202.6	NaN	745	NaN	647	1	357	0	0	0	406	-0	-0	0	0	-0	0	-0	-0	-0.005	-0.032
202.7	NaN	745	NaN	647	1	357	0	0	0	406	-0	-0	0	0	-0	0	-0	-0	-0.005	-0.035
202.8	NaN	745	NaN	647	1	357	0	0	0	406	-0	-0	0	0	-0	0	-0	-0	-0.004	-0.033
202.9	NaN	745	NaN	647	1	357	0	0	0	406	-0	-0	0	0	-0	0	-0	-0	-0.003	-0.026
203	NaN	745	NaN	647	1	357	0	0	0	406	-0	-0	0	0	-0	0	-0	-0	-0.001	-0.024
203.1	NaN	745	NaN	647	1	357	0	0	0	406	-0	-0	0	0	-0	0	-0	-0	-0.001	-0.022
203.2	NaN	745	NaN	647	1	357	0	0	0	406	-0	-0	0	0	-0	0	-0	-0	-0.002	-0.03
203.3	NaN	745	NaN	647	1	357	0	0	0	406	-0	-0	0	0	-0	0	-0	-0	-0.002	-0.035
203.4	NaN	745	NaN	647	1	357	0	0	0	406	-0	-0	0	0	-0	0	-0	-0	-0.002	-0.033
203.5	NaN	745	NaN	647	1	357	0	0	0	406	-0	-0	0	0	-0	0	-0	-0	-0.001	-0.04
203.6	NaN	745	NaN	647	1	357	0	0	0	406	-0	-0	0	0	-0	0	-0	-0	-0.001	-0.031
203.7	NaN	745	NaN	647	1	357	0	0	0	406	-0	-0	0	0	-0	0	-0	-0	-0.001	-0.019
203.8	NaN	745	NaN	647	1	357	0	0	0	406	-0	-0	0	0	-0	0	-0	-0	-0	-0.026
203.9	NaN	745	NaN	647	1	357	0	0	0	406	-0	-0	0	0	-0	0	-0	-0	-0	-0.051
204	NaN	745	NaN	647	1	357	0	0	0	406	-0	-0	0	0	-0	0	-0	-0	0	-0.044
204.1	NaN	745	NaN	647	1	357	0	0	0	406	-0	-0	0	0	-0	0	-0	-0	0.001	-0.027
204.2	NaN	745	NaN	647	1	357	0	0	0	406	-0	-0	0	0	-0	0	-0	-0	0.001	-0.023
204.3	NaN	745	NaN	647	1	357	0	0	0	406	-0	-0	0	0	-0	0	-0	-0	0.002	-0.018
204.4	NaN	745	NaN	647	1	357	0	0	0	406	-0	-0	0	0	-0	0	-0	-0	0.003	-0.037
204.5	NaN	745	NaN	647	1	357	0	0	0	406	-0	-0	0	0	-0	0	-0	-0	0.003	-0.053
204.6	NaN	745	NaN	647	1	357	0	0	0	406	-0	-0	0	0	-0	0	-0	-0	0.002	-0.027
204.7	NaN	745	NaN	647	1	357	0	0	0	406	-0	-0	0	0	-0	0	-0	-0	0.002	-0.015
204.8	NaN	745	NaN	647	1	357	0	0	0	406	-0	-0	0	0	-0	0	-0	-0	0.002	-0.031
204.9	NaN	745	NaN	647	1	357	0	0	0	406	-0	-0	0	0	-0	0	-0	-0	0.002	-0.03
205	NaN	745	NaN	647	1	357	0	0	0	406	-0	-0	0	0	-0	0	-0	-0	0.002	-0.026
205.1	NaN	745	NaN	647	1	357	0	0	0	406	-0	-0	0	0	-0	0	-0	-0	0.002	-0.007
205.2	NaN	745	NaN	647	1	357	0	0	0	406	-0	-0	0	0	-0	0	-0	-0	0.002	-0.015
205.3	NaN	745	NaN	647	1	357	0	0	0	406	-0	-0	0	0	-0	0	-0	-0	0.002	-0.031
205.4	NaN	745	NaN	647	1	357	0	0	0	406	-0	-0	0	0	-0	0	-0	-0	-0	-0.021
205.5	NaN	745	NaN	647	1	357	0	0	0	406	-0	-0	0	0	-0	0	-0	-0	-0.002	-0.023
205.6	NaN	745	NaN	647	1	357	0	0	0	406	-0	-0	0	0	-0	0	-0	-0	-0.002	-0.03
205.7	NaN	745	NaN	647	1	357	0	0	0	406	-0	-0	0	0	-0	0	-0	-0	-0.001	-0.027
205.8	NaN	745	NaN	647	1	357	0	0	0	406	-0	-0	0	0	-0	0	-0	-0	0	-0.026
205.9	NaN	745	NaN	647	1	357	0	0	0	406	-0	-0	0	0	-0	0	-0	-0	0.002	-0.035
206	NaN	745	NaN	647	1	357	0	0	0	406	-0	-0	0	0	-0	0	-0	-0	0.001	-0.037
206.1	NaN	745	NaN	647	1	357	0	0	0	406	-0	-0	0	0	-0	0	-0	-0	-0	-0.039
206.2	NaN	745	NaN	647	1	357	0	0	0	406	-0	-0	0	0	-0	0	-0	-0	-0	-0.049
206.3	NaN	745	NaN	647	1	357	0	0	0	406	-0	-0	0	0	-0	0	-0	-0	-0.001	-0.041
206.4	NaN	745	NaN	647	1	357	0	0	0	406	-0	-0	0	0	-0	0	-0	-0	-0.001	-0.024
206.5	NaN	745	NaN	647	1	357	0	0	0	406	-0	-0	0	0	-0	0	-0	-0	-0.001	-0.033
206.6	NaN	745	NaN	647	1	357	0	0	0	406	-0	-0	0	0	-0	0	-0	-0	-0.002	-0.036
206.7	NaN	745	NaN	647	1	357	0	0	0	406	-0	-0	0	0	-0	0	-0	-0	-0.001	-0.026
206.8	NaN	745	NaN	647	1	357	0	0	0	406	-0	-0	0	0	-0	0	-0	-0	-0.001	-0.024
206.9	NaN	745	NaN	647	1	357	0	0	0	406	-0	-0	0	0	-0	0	-0	-0	-0.002	-0.023
207	NaN	745	NaN	647	1	357	0	0	0	406	-0	-0	0	0	-0	0	-0	-0	-0.003	-0.038
207.1	NaN	745	NaN	647	1	357	0	0	0	406	-0	-0	0	0	-0	0	-0	-0	-0.002	-0.023
207.2	NaN	745	NaN	647	1	357	0	0	0	406	-0	-0	0	0	-0	0	-0	-0	-0.002	-0.018
207.3	NaN	745	NaN	647	1	357	0	0	0	406	-0	-0	0	0	-0	0	-0	-0	-0.002	-0.033
207.4	NaN	745	NaN	647	1	357	0	0	0	406	-0	-0	0	0	-0	0	-0	-0	-0.002	-0.024
207.5	NaN	745	NaN	647	1	357	0	0	0	406	-0	-0	0	0	-0	0	-0	-0	-0.002	-0.041
207.6	NaN	745	NaN	647	1	357	0	0	0	406	-0	-0	0	0	-0	0	-0	-0	-0.002	-0.044
207.7	NaN	745	NaN	647	1	357	0	0	0	406	-0	-0	0	0	-0	0	-0	-0	-0.002	-0.033
207.8	NaN	745	NaN	647	1	357	0	0	0	406	-0	-0	0	0	-0	0	-0	-0	-0.002	-0.028
207.9	NaN	745	NaN	647	1	357	0	0	0	406	-0	-0	0	0	-0	0	-0	-0	-0.002	-0.028
208	NaN	745	NaN	647	1	357	0	0	0	406	-0	-0	0	0	-0	0	-0	-0	0	-0.045
208.1	NaN	745	NaN	647	1	357	0	0	0	406	-0	-0	0	0	-0	0	-0	-0	0.003	-0.039
208.2	NaN	745	NaN	647	1	357	0	0	0	406	-0	-0	0	0	-0	0	-0	-0	0.003	-0.031
208.3	NaN	745	NaN	647	1	357	0	0	0	406	-0	-0	0	0	-0	0	-0	-0	0.004	-0.038
208.4	NaN	745	NaN	647	1	357	0	0	0	406	-0	-0	0	0	-0	0	-0	-0	0.002	-0.036
208.5	NaN	745	NaN	647	1	357	0	0	0	406	-0	-0	0	0	-0	0	-0	-0	-0	-0.034
208.6	NaN	745	NaN	647	1	357	0	0	0	406	-0	-0	0	0	-0	0	-0	-0	0	-0.03
208.7	NaN	745	NaN	647	1	357	0	0	0	406	-0	-0	0	0	-0	0	-0	-0	-0	-0.035
208.8	NaN	745	NaN	647	1	357	0	0	0	406	-0	-0	0	0	-0	0	-0	-0	-0.001	-0.025
208.9	NaN	745	NaN	647	1	357	0	0	0	406	-0	-0	0	0	-0	0	-0	-0	-0.001	-0.025
209	NaN	745	NaN	647	1	357	0	0	0	406	-0	-0	0	0	-0	0	-0	-0	-0.002	-0.026
209.1	NaN	745	NaN	647	1	357	0	0	0	406	-0	-0	0	0	-0	0	-0	-0	-0.001	-0.02
209.2	NaN	745	NaN	647	1	357	0	0	0	406	-0	-0	0	0	-0	0	-0	-0	-0.001	-0.028
209.3	NaN	745	NaN	647	1	357	0	0	0	406	-0	-0	0	0	-0	0	-0	-0	-0.002	-0.018
209.4	NaN	745	NaN	647	1	357	0	0	0	406	-0	-0	0	0	-0	0	-0	-0	-0.002	-0.009
209.5	NaN	745	NaN	647	1	357	0	0	0	406	-0	-0	0	0	-0	0	-0	-0	-0.003	-0.028
209.6	NaN	745	NaN	647	1	357	0	0	0	406	-0	-0	0	0	-0	0	-0	-0	-0.003	-0.036
209.7	NaN	745	NaN	647	1	357	0	0	0	406	-0	-0	0	0	-0	0	-0	-0	-0.003	-0.035
209.8	NaN	745	NaN	647	1	357	0	0	0	406	-0	-0	0	0	-0	0	-0	-0	-0.003	-0.046
209.9	NaN	745	NaN	647	1	357	0	0	0	406	-0	-0	0	0	-0	0	-0	-0	-0.004	-0.043
210	NaN	745	NaN	647	1	357	0	0	0	406	-0	-0	0	0	-0	0	-0	-0	-0.004	-0.032
210.1	NaN	745	NaN	647	1	357	0	0	0	406	-0	-0	0	0	-0	0	-0	-0	-0.004	-0.025
210.2	NaN	745	NaN	647	1	357	0	0	0	406	-0	-0	0	0	-0	0	-0	-0	-0.003	-0.03
210.3	NaN	745	NaN	647	1	357	0	0	0	406	-0	-0	0	0	-0	0	-0	-0	-0.003	-0.045
210.4	NaN	745	NaN	647	1	357	0	0	0	406	-0	-0	0	0	-0	0	-0	-0	-0.004	-0.038
210.5	NaN	745	NaN	647	1	357	0	0	0	406	-0	-0	0	0	-0	0	-0	-0	-0.004	-0.024
210.6	NaN	745	NaN	647	1	357	0	0	0	406	-0	-0	0	0	-0	0	-0	-0	-0.004	-0.014
210.7	NaN	745	NaN	647	1	357	0	0	0	406	-0	-0	0	0	-0	0	-0	-0	-0.005	-0.037
210.8	NaN	745	NaN	647	1	357	0	0	0	406	-0	-0	0	0	-0	0	-0	-0	-0.006	-0.04
210.9	NaN	745	NaN	647	1	357	0	0	0	406	-0	-0	0	0	-0	0	-0	-0	-0.006	-0.025
211	NaN	745	NaN	647	1	357	0	0	0	406	-0	-0	0	0	-0	0	-0	-0	-0.007	-0.03
211.1	NaN	745	NaN	647	1	357	0	0	0	406	-0	-0	0	0	-0	0	-0	-0	-0.008	-0.047
211.2	NaN	745	NaN	647	1	357	0	0	0	406	-0	-0	0	0	-0	0	-0	-0	-0.01	-0.039
211.3	NaN	745	NaN	647	1	357	0	0	0	406	-0	-0	0	0	-0	0	-0	-0	-0.01	-0.038
211.4	NaN	745	NaN	647	1	357	0	0	0	406	-0	-0	0	0	-0	0	-0	-0	-0.01	-0.042
211.5	NaN	745	NaN	647	1	357	0	0	0	406	-0	-0	0	0	-0	0	-0	-0	-0.011	-0.047
211.6	NaN	745	NaN	647	1	357	0	0	0	406	-0	-0	0	0	-0	0	-0	-0	-0.013	-0.048
211.7	NaN	745	NaN	647	1	357	0	0	0	406	-0	-0	0	0	-0	0	-0	-0	-0.013	-0.039
211.8	NaN	745	NaN	647	1	357	0	0	0	406	-0	-0	0	0	-0	0	-0	-0	-0.013	-0.041
211.9	NaN	745	NaN	647	1	357	0	0	0	406	-0	-0	0	0	-0	0	-0	-0	-0.014	-0.033
212	NaN	745	NaN	647	1	357	0	0	0	406	-0	-0	0	0	-0	0	-0	-0	-0.015	-0.035
212.1	NaN	745	NaN	647	1	357	0	0	0	406	-0	-0	0	0	-0	0	-0	-0	-0.014	-0.022
212.2	NaN	745	NaN	647	1	357	0	0	0	406	-0	-0	0	0	-0	0	-0	-0	-0.013	-0.014
212.3	NaN	745	NaN	647	1	357	0	0	0	406	-0	-0	0	0	-0	0	-0	-0	-0.012	-0.025
212.4	NaN	745	NaN	647	1	357	0	0	0	406	-0	-0	0	0	-0	0	-0	-0	-0.013	-0.041
212.5	NaN	745	NaN	647	1	357	0	0	0	406	-0	-0	0	0	-0	0	-0	-0	-0.013	-0.042
212.6	NaN	745	NaN	647	1	357	0	0	0	406	-0	-0	0	0	-0	0	-0	-0	-0.012	-0.029
212.7	NaN	745	NaN	647	1	357	0	0	0	406	-0	-0	0	0	-0	0	-0	-0	-0.012	-0.018
212.8	NaN	745	NaN	647	1	357	0	0	0	406	-0	-0	0	0	-0	0	-0	-0	-0.012	-0.02
212.9	NaN	745	NaN	647	1	357	0	0	0	406	-0	-0	0	0	-0	0	-0	-0	-0.011	-0.043
213	NaN	745	NaN	647	1	357	0	0	0	406	-0	-0	0	0	-0	0	-0	-0	-0.01	-0.039
213.1	NaN	745	NaN	647	1	357	0	0	0	406	-0	-0	0	0	-0	0	-0	-0	-0.01	-0.053
213.2	NaN	745	NaN	647	1	357	0	0	0	406	-0	-0	0	0	-0	0	-0	-0	-0.011	-0.035
213.3	NaN	745	NaN	647	1	357	0	0	0	406	-0	-0	0	0	-0	0	-0	-0	-0.011	-0.026
213.4	NaN	745	NaN	647	1	357	0	0	0	406	-0	-0	0	0	-0	0	-0	-0	-0.011	-0.037
213.5	NaN	745	NaN	647	1	357	0	0	0	406	-0	-0	0	0	-0	0	-0	-0	-0.012	-0.031
213.6	NaN	745	NaN	647	1	357	0	0	0	406	-0	-0	0	0	-0	0	-0	-0	-0.012	-0.032
213.7	NaN	745	NaN	647	1	357	0	0	0	406	-0	-0	0	0	-0	0	-0	-0	-0.012	-0.021
213.8	NaN	745	NaN	647	1	357	0	0	0	406	-0	-0	0	0	-0	0	-0	-0	-0.012	-0.02
213.9	NaN	745	NaN	647	1	357	0	0	0	406	-0	-0	0	0	-0	0	-0	-0	-0.011	-0.023
214	NaN	745	NaN	647	1	357	0	0	0	406	-0	-0	0	0	-0	0	-0	-0	-0.01	-0.028
214.1	NaN	745	NaN	647	1	357	0	0	0	406	-0	-0	0	0	-0	0	-0	-0	-0.01	-0.033
214.2	NaN	745	NaN	647	1	357	0	0	0	406	-0	-0	0	0	-0	0	-0	-0	-0.01	-0.031
214.3	NaN	745	NaN	647	1	357	0	0	0	406	-0	-0	0	0	-0	0	-0	-0	-0.01	-0.027
214.4	NaN	745	NaN	647	1	357	0	0	0	406	-0	-0	0	0	-0	0	-0	-0	-0.009	-0.029
214.5	NaN	745	NaN	647	1	357	0	0	0	406	-0	-0	0	0	-0	0	-0	-0	-0.009	-0.033
214.6	NaN	745	NaN	647	1	357	0	0	0	406	-0	-0	0	0	-0	0	-0	-0	-0.01	-0.045
214.7	NaN	745	NaN	647	1	357	0	0	0	406	-0	-0	0	0	-0	0	-0	-0	-0.009	-0.048
214.8	NaN	745	NaN	647	1	357	0	0	0	406	-0	-0	0	0	-0	0	-0	-0	-0.008	-0.032
214.9	NaN	745	NaN	647	1	357	0	0	0	406	-0	-0	0	0	-0	0	-0	-0	-0.008	-0.032
215	NaN	745	NaN	647	1	357	0	0	0	406	-0	-0	0	0	-0	0	-0	-0	-0.007	-0.041
215.1	NaN	745	NaN	647	1	357	0	0	0	406	-0	-0	0	0	-0	0	-0	-0	-0.006	-0.028
215.2	NaN	745	NaN	647	1	357	0	0	0	406	-0	-0	0	0	-0	0	-0	-0	-0.006	-0.035
215.3	NaN	745	NaN	647	1	357	0	0	0	406	-0	-0	0	0	-0	0	-0	-0	-0.005	-0.026
215.4	NaN	745	NaN	647	1	357	0	0	0	406	-0	-0	0	0	-0	0	-0	-0	-0.004	-0.026
215.5	NaN	745	NaN	647	1	357	0	0	0	406	-0	-0	0	0	-0	0	-0	-0	-0.004	-0.022
215.6	NaN	745	NaN	647	1	357	0	0	0	406	-0	-0	0	0	-0	0	-0	-0	-0.003	-0.019
215.7	NaN	745	NaN	647	1	357	0	0	0	406	-0	-0	0	0	-0	0	-0	-0	-0.003	-0.019
215.8	NaN	745	NaN	647	1	357	0	0	0	406	-0	-0	0	0	-0	0	-0	-0	-0.002	-0.03
215.9	NaN	745	NaN	647	1	357	0	0	0	406	-0	-0	0	0	-0	0	-0	-0	-0.002	-0.041
216	NaN	745	NaN	647	1	357	0	0	0	406	-0	-0	0	0	-0	0	-0	-0	-0.001	-0.048
216.1	NaN	745	NaN	647	1	357	0	0	0	406	-0	-0	0	0	-0	0	-0	-0	-0.001	-0.06
216.2	NaN	745	NaN	647	1	357	0	0	0	406	-0	-0	0	0	-0	0	-0	-0	-0.001	-0.05
216.3	NaN	745	NaN	647	1	357	0	0	0	406	-0	-0	0	0	-0	0	-0	-0	-0.001	-0.035
216.4	NaN	745	NaN	647	1	357	0	0	0	406	-0	-0	0	0	-0	0	-0	-0	0	-0.027
216.5	NaN	745	NaN	647	1	357	0	0	0	406	-0	-0	0	0	-0	0	-0	-0	-0	-0.032
216.6	NaN	745	NaN	647	1	357	0	0	0	406	-0	-0	0	0	-0	0	-0	-0	-0.001	-0.046
216.7	NaN	745	NaN	647	1	357	0	0	0	406	-0	-0	0	0	-0	0	-0	-0	0	-0.041
216.8	NaN	745	NaN	647	1	357	0	0	0	406	-0	-0	0	0	-0	0	-0	-0	0.002	-0.031
216.9	NaN	745	NaN	647	1	357	0	0	0	406	-0	-0	0	0	-0	0	-0	-0	0.002	-0.04
217	NaN	745	NaN	647	1	357	0	0	0	406	-0	-0	0	0	-0	0	-0	-0	0.002	-0.034
217.1	NaN	745	NaN	647	1	357	0	0	0	406	-0	-0	0	0	-0	0	-0	-0	0.003	-0.03
217.2	NaN	745	NaN	647	1	357	0	0	0	406	-0	-0	0	0	-0	0	-0	-0	0.005	-0.041
217.3	NaN	745	NaN	647	1	357	0	0	0	406	-0	-0	0	0	-0	0	-0	-0	0.005	-0.03
217.4	NaN	745	NaN	647	1	357	0	0	0	406	-0	-0	0	0	-0	0	-0	-0	0.006	-0.014
217.5	NaN	745	NaN	647	1	357	0	0	0	406	-0	-0	0	0	-0	0	-0	-0	0.007	-0.015
217.6	NaN	745	NaN	647	1	357	0	0	0	406	-0	-0	0	0	-0	0	-0	-0	0.007	-0.019
217.7	NaN	745	NaN	647	1	357	0	0	0	406	-0	-0	0	0	-0	0	-0	-0	0.006	-0.033
217.8	NaN	745	NaN	647	1	357	0	0	0	406	-0	-0	0	0	-0	0	-0	-0	0.005	-0.028
217.9	NaN	745	NaN	647	1	357	0	0	0	406	-0	-0	0	0	-0	0	-0	-0	0.004	-0.025
218	NaN	745	NaN	647	1	357	0	0	0	406	-0	-0	0	0	-0	0	-0	-0	0.004	-0.02
218.1	NaN	745	NaN	647	1	357	0	0	0	406	-0	-0	0	0	-0	0	-0	-0	0.002	-0.008
218.2	NaN	745	NaN	647	1	357	0	0	0	406	-0	-0	0	0	-0	0	-0	-0	0.003	-0.01
218.3	NaN	745	NaN	647	1	357	0	0	0	406	-0	-0	0	0	-0	0	-0	-0	0.005	-0.031
218.4	NaN	745	NaN	647	1	357	0	0	0	406	-0	-0	0	0	-0	0	-0	-0	0.004	-0.041
218.5	NaN	745	NaN	647	1	357	0	0	0	406	-0	-0	0	0	-0	0	-0	-0	0.003	-0.035
218.6	NaN	745	NaN	647	1	357	0	0	0	406	-0	-0	0	0	-0	0	-0	-0	0.004	-0.04
218.7	NaN	745	NaN	647	1	357	0	0	0	406	-0	-0	0	0	-0	0	-0	-0	0.004	-0.045
218.8	NaN	745	NaN	647	1	357	0	0	0	406	-0	-0	0	0	-0	0	-0	-0	0.002	-0.04
218.9	NaN	745	NaN	647	1	357	0	0	0	406	-0	-0	0	0	-0	0	-0	-0	0.003	-0.039
219	NaN	745	NaN	647	1	357	0	0	0	406	-0	-0	0	0	-0	0	-0	-0	0.005	-0.037
219.1	NaN	745	NaN	647	1	357	0	0	0	406	-0	-0	0	0	-0	0	-0	-0	0.005	-0.026
219.2	NaN	745	NaN	647	1	357	0	0	0	406	-0	-0	0	0	-0	0	-0	-0	0.005	-0.025
219.3	NaN	745	NaN	647	1	357	0	0	0	406	-0	-0	0	0	-0	0	-0	-0	0.005	-0.042
219.4	NaN	745	NaN	647	1	357	0	0	0	406	-0	-0	0	0	-0	0	-0	-0	0.005	-0.035
219.5	NaN	745	NaN	647	1	357	0	0	0	406	-0	-0	0	0	-0	0	-0	-0	0.005	-0.023
219.6	NaN	745	NaN	647	1	357	0	0	0	406	-0	-0	0	0	-0	0	-0	-0	0.004	-0.029
219.7	NaN	745	NaN	647	1	357	0	0	0	406	-0	-0	0	0	-0	0	-0	-0	0.004	-0.032
219.8	NaN	745	NaN	647	1	357	0	0	0	406	-0	-0	0	0	-0	0	-0	-0	0.004	-0.046
219.9	NaN	745	NaN	647	1	357	0	0	0	406	-0	-0	0	0	-0	0	-0	-0	0.005	-0.032
220	NaN	745	NaN	647	1	357	0	0	0	406	-0	-0	0	0	-0	0	-0	-0	0.006	-0.025
220.1	NaN	745	NaN	647	1	357	0	0	0	406	-0	-0	0	0	-0	0	-0	-0	0.005	-0.022
220.2	NaN	745	NaN	647	1	357	0	0	0	406	-0	-0	0	0	-0	0	-0	-0	0.004	-0.011
220.3	NaN	745	NaN	647	1	357	0	0	0	406	-0	-0	0	0	-0	0	-0	-0	0.004	-0.036
220.4	NaN	745	NaN	647	1	357	0	0	0	406	-0	-0	0	0	-0	0	-0	-0	0.005	-0.026
220.5	NaN	745	NaN	647	1	357	0	0	0	406	-0	-0	0	0	-0	0	-0	-0	0.005	-0.027
220.6	NaN	745	NaN	647	1	357	0	0	0	406	-0	-0	0	0	-0	0	-0	-0	0.005	-0.029
220.7	NaN	745	NaN	647	1	357	0	0	0	406	-0	-0	0	0	-0	0	-0	-0	0.004	-0.042
220.8	NaN	745	NaN	647	1	357	0	0	0	406	-0	-0	0	0	-0	0	-0	-0	0.004	-0.044
220.9	NaN	745	NaN	647	1	357	0	0	0	406	-0	-0	0	0	-0	0	-0	-0	0.004	-0.037
221	NaN	745	NaN	647	1	357	0	0	0	406	-0	-0	0	0	-0	0	-0	-0	0.003	-0.046
221.1	NaN	745	NaN	647	1	357	0	0	0	406	-0	-0	0	0	-0	0	-0	-0	0.003	-0.038
221.2	NaN	745	NaN	647	1	357	0	0	0	406	-0	-0	0	0	-0	0	-0	-0	0.003	-0.026
221.3	NaN	745	NaN	647	1	357	0	0	0	406	-0	-0	0	0	-0	0	-0	-0	0.003	-0.032
221.4	NaN	745	NaN	647	1	357	0	0	0	406	-0	-0	0	0	-0	0	-0	-0	0.003	-0.035
221.5	NaN	745	NaN	647	1	357	0	0	0	406	-0	-0	0	0	-0	0	-0	-0	0.003	-0.026
221.6	NaN	745	NaN	647	1	357	0	0	0	406	-0	-0	0	0	-0	0	-0	-0	0.006	-0.023
221.7	NaN	745	NaN	647	1	357	0	0	0	406	-0	-0	0	0	-0	0	-0	-0	0.008	-0.035
221.8	NaN	745	NaN	647	1	357	0	0	0	406	-0	-0	0	0	-0	0	-0	-0	0.009	-0.027
221.9	NaN	745	NaN	647	1	357	0	0	0	406	-0	-0	0	0	-0	0	-0	-0	0.01	-0.019
222	NaN	745	NaN	647	1	357	0	0	0	406	-0	-0	0	0	-0	0	-0	-0	0.009	-0.047
222.1	NaN	745	NaN	647	1	357	0	0	0	406	-0	-0	0	0	-0	0	-0	-0	0.008	-0.045
222.2	NaN	745	NaN	647	1	357	0	0	0	406	-0	-0	0	0	-0	0	-0	-0	0.008	-0.036
222.3	NaN	745	NaN	647	1	357	0	0	0	406	-0	-0	0	0	-0	0	-0	-0	0.008	-0.051
222.4	NaN	745	NaN	647	1	357	0	0	0	406	-0	-0	0	0	-0	0	-0	-0	0.008	-0.044
222.5	NaN	745	NaN	647	1	357	0	0	0	406	-0	-0	0	0	-0	0	-0	-0	0.007	-0.044
222.6	NaN	745	NaN	647	1	357	0	0	0	406	-0	-0	0	0	-0	0	-0	-0	0.006	-0.029
222.7	NaN	745	NaN	647	1	357	0	0	0	406	-0	-0	0	0	-0	0	-0	-0	0.005	-0.035
222.8	NaN	745	NaN	647	1	357	0	0	0	406	-0	-0	0	0	-0	0	-0	-0	0.004	-0.049
222.9	NaN	745	NaN	647	1	357	0	0	0	406	-0	-0	0	0	-0	0	-0	-0	0.004	-0.048
223	NaN	745	NaN	647	1	357	0	0	0	406	-0	-0	0	0	-0	0	-0	-0	0.005	-0.05
223.1	NaN	745	NaN	647	1	357	0	0	0	406	-0	-0	0	0	-0	0	-0	-0	0.004	-0.029
223.2	NaN	745	NaN	647	1	357	0	0	0	406	-0	-0	0	0	-0	0	-0	-0	0.002	-0.033
223.3	NaN	745	NaN	647	1	357	0	0	0	406	-0	-0	0	0	-0	0	-0	-0	0.002	-0.028
223.4	NaN	745	NaN	647	1	357	0	0	0	406	-0	-0	0	0	-0	0	-0	-0	0	-0.028
223.5	NaN	745	NaN	647	1	357	0	0	0	406	-0	-0	0	0	-0	0	-0	-0	0.001	-0.045
223.6	NaN	745	NaN	647	1	357	0	0	0	406	-0	-0	0	0	-0	0	-0	-0	0.002	-0.038
223.7	NaN	745	NaN	647	1	357	0	0	0	406	-0	-0	0	0	-0	0	-0	-0	0.003	-0.034
223.8	NaN	745	NaN	647	1	357	0	0	0	406	-0	-0	0	0	-0	0	-0	-0	0.004	-0.038
223.9	NaN	745	NaN	647	1	357	0	0	0	406	-0	-0	0	0	-0	0	-0	-0	0.003	-0.038
224	NaN	745	NaN	647	1	357	0	0	0	406	-0	-0	0	0	-0	0	-0	-0	0.002	-0.029
224.1	NaN	745	NaN	647	1	357	0	0	0	406	-0	-0	0	0	-0	0	-0	-0	0.002	-0.02
224.2	NaN	745	NaN	647	1	357	0	0	0	406	-0	-0	0	0	-0	0	-0	-0	0.001	-0.02
224.3	NaN	745	NaN	647	1	357	0	0	0	406	-0	-0	0	0	-0	0	-0	-0	0.001	-0.026
224.4	NaN	745	NaN	647	1	357	0	0	0	406	-0	-0	0	0	-0	0	-0	-0	0.001	-0.035
224.5	NaN	745	NaN	647	1	357	0	0	0	406	-0	-0	0	0	-0	0	-0	-0	0.001	-0.045
224.6	NaN	745	NaN	647	1	357	0	0	0	406	-0	-0	0	0	-0	0	-0	-0	0.001	-0.031
224.7	NaN	745	NaN	647	1	357	0	0	0	406	-0	-0	0	0	-0	0	-0	-0	0.001	-0.029
224.8	NaN	745	NaN	647	1	357	0	0	0	406	-0	-0	0	0	-0	0	-0	-0	0	-0.032
224.9	NaN	745	NaN	647	1	357	0	0	0	406	-0	-0	0	0	-0	0	-0	-0	0	-0.019
225	NaN	745	NaN	647	1	357	0	0	0	406	-0	-0	0	0	-0	0	-0	-0	0	-0.021
225.1	NaN	745	NaN	647	1	357	0	0	0	406	-0	-0	0	0	-0	0	-0	-0	0	-0.039
225.2	NaN	745	NaN	647	1	357	0	0	0	406	-0	-0	0	0	-0	0	-0	-0	-0	-0.04
225.3	NaN	745	NaN	647	1	357	0	0	0	406	-0	-0	0	0	-0	0	-0	-0	0	-0.035
225.4	NaN	745	NaN	647	1	357	0	0	0	406	-0	-0	0	0	-0	0	-0	-0	0.001	-0.027
225.5	NaN	745	NaN	647	1	357	0	0	0	406	-0	-0	0	0	-0	0	-0	-0	0	-0.024
225.6	NaN	745	NaN	647	1	357	0	0	0	406	-0	-0	0	0	-0	0	-0	-0	-0.001	-0.039
225.7	NaN	745	NaN	647	1	357	0	0	0	406	-0	-0	0	0	-0	0	-0	-0	-0.001	-0.034
225.8	NaN	745	NaN	647	1	357	0	0	0	406	-0	-0	0	0	-0	0	-0	-0	-0.002	-0.034
225.9	NaN	745	NaN	647	1	357	0	0	0	406	-0	-0	0	0	-0	0	-0	-0	-0.002	-0.039
226	NaN	745	NaN	647	1	357	0	0	0	406	-0	-0	0	0	-0	0	-0	-0	-0.001	-0.031
226.1	NaN	745	NaN	647	1	357	0	0	0	406	-0	-0	0	0	-0	0	-0	-0	-0.002	-0.026
226.2	NaN	745	NaN	647	1	357	0	0	0	406	-0	-0	0	0	-0	0	-0	-0	-0.003	-0.018
226.3	NaN	745	NaN	647	1	357	0	0	0	406	-0	-0	0	0	-0	0	-0	-0	-0.004	-0.026
226.4	NaN	745	NaN	647	1	357	0	0	0	406	-0	-0	0	0	-0	0	-0	-0	-0.004	-0.027
226.5	NaN	745	NaN	647	1	357	0	0	0	406	-0	-0	0	0	-0	0	-0	-0	-0.006	-0.036
226.6	NaN	745	NaN	647	1	357	0	0	0	406	-0	-0	0	0	-0	0	-0	-0	-0.006	-0.032
226.7	NaN	745	NaN	647	1	357	0	0	0	406	-0	-0	0	0	-0	0	-0	-0	-0.006	-0.018
226.8	NaN	745	NaN	647	1	357	0	0	0	406	-0	-0	0	0	-0	0	-0	-0	-0.007	-0.019
226.9	NaN	745	NaN	647	1	357	0	0	0	406	-0	-0	0	0	-0	0	-0	-0	-0.007	-0.034
227	NaN	745	NaN	647	1	357	0	0	0	406	-0	-0	0	0	-0	0	-0	-0	-0.007	-0.036
227.1	NaN	745	NaN	647	1	357	0	0	0	406	-0	-0	0	0	-0	0	-0	-0	-0.006	-0.028
227.2	NaN	745	NaN	647	1	357	0	0	0	406	-0	-0	0	0	-0	0	-0	-0	-0.005	-0.032
227.3	NaN	745	NaN	647	1	357	0	0	0	406	-0	-0	0	0	-0	0	-0	-0	-0.006	-0.041
227.4	NaN	745	NaN	647	1	357	0	0	0	406	-0	-0	0	0	-0	0	-0	-0	-0.007	-0.04
227.5	NaN	745	NaN	647	1	357	0	0	0	406	-0	-0	0	0	-0	0	-0	-0	-0.005	-0.033
227.6	NaN	745	NaN	647	1	357	0	0	0	406	-0	-0	0	0	-0	0	-0	-0	-0.003	-0.02
227.7	NaN	745	NaN	647	1	357	0	0	0	406	-0	-0	0	0	-0	0	-0	-0	-0.003	-0.025
227.8	NaN	745	NaN	647	1	357	0	0	0	406	-0	-0	0	0	-0	0	-0	-0	-0.002	-0.027
227.9	NaN	745	NaN	647	1	357	0	0	0	406	-0	-0	0	0	-0	0	-0	-0	-0.002	-0.024
228	NaN	745	NaN	647	1	357	0	0	0	406	-0	-0	0	0	-0	0	-0	-0	-0	-0.021
228.1	NaN	745	NaN	647	1	357	0	0	0	406	-0	-0	0	0	-0	0	-0	-0	-0	-0.032
228.2	NaN	745	NaN	647	1	357	0	0	0	406	-0	-0	0	0	-0	0	-0	-0	0	-0.025
228.3	NaN	745	NaN	647	1	357	0	0	0	406	-0	-0	0	0	-0	0	-0	-0	-0	-0.028
228.4	NaN	745	NaN	647	1	357	0	0	0	406	-0	-0	0	0	-0	0	-0	-0	-0	-0.03
228.5	NaN	745	NaN	647	1	357	0	0	0	406	-0	-0	0	0	-0	0	-0	-0	-0	-0.028
228.6	NaN	745	NaN	647	1	357	0	0	0	406	-0	-0	0	0	-0	0	-0	-0	-0.001	-0.036
228.7	NaN	745	NaN	647	1	357	0	0	0	406	-0	-0	0	0	-0	0	-0	-0	-0	-0.04
228.8	NaN	745	NaN	647	1	357	0	0	0	406	-0	-0	0	0	-0	0	-0	-0	-0	-0.045
228.9	NaN	745	NaN	647	1	357	0	0	0	406	-0	-0	0	0	-0	0	-0	-0	-0	-0.035
229	NaN	745	NaN	647	1	357	0	0	0	406	-0	-0	0	0	-0	0	-0	-0	-0	-0.018
229.1	NaN	745	NaN	647	1	357	0	0	0	406	-0	-0	0	0	-0	0	-0	-0	-0.001	-0.036
229.2	NaN	745	NaN	647	1	357	0	0	0	406	-0	-0	0	0	-0	0	-0	-0	-0.001	-0.038
229.3	NaN	745	NaN	647	1	357	0	0	0	406	-0	-0	0	0	-0	0	-0	-0	-0.001	-0.026
229.4	NaN	745	NaN	647	1	357	0	0	0	406	-0	-0	0	0	-0	0	-0	-0	-0.001	-0.031
229.5	NaN	745	NaN	647	1	357	0	0	0	406	-0	-0	0	0	-0	0	-0	-0	-0.001	-0.029
229.6	NaN	745	NaN	647	1	357	0	0	0	406	-0	-0	0	0	-0	0	-0	-0	-0.001	-0.023
229.7	NaN	745	NaN	647	1	357	0	0	0	406	-0	-0	0	0	-0	0	-0	-0	-0.003	-0.034
229.8	NaN	745	NaN	647	1	357	0	0	0	406	-0	-0	0	0	-0	0	-0	-0	-0.007	-0.035
229.9	NaN	745	NaN	647	1	357	0	0	0	406	-0	-0	0	0	-0	0	-0	-0	-0.007	-0.027
230	NaN	745	NaN	647	1	357	0	0	0	406	-0	-0	0	0	-0	0	-0	-0	-0.006	-0.035
230.1	NaN	745	NaN	647	1	357	0	0	0	406	-0	-0	0	0	-0	0	-0	-0	-0.005	-0.046
230.2	NaN	745	NaN	647	1	357	0	0	0	406	-0	-0	0	0	-0	0	-0	-0	-0.005	-0.033
230.3	NaN	745	NaN	647	1	357	0	0	0	406	-0	-0	0	0	-0	0	-0	-0	-0.004	-0.03
230.4	NaN	745	NaN	647	1	357	0	0	0	406	-0	-0	0	0	-0	0	-0	-0	-0.003	-0.039
230.5	NaN	745	NaN	647	1	357	0	0	0	406	-0	-0	0	0	-0	0	-0	-0	-0.003	-0.032
230.6	NaN	745	NaN	647	1	357	0	0	0	406	-0	-0	0	0	-0	0	-0	-0	-0.002	-0.027
230.7	NaN	745	NaN	647	1	357	0	0	0	406	-0	-0	0	0	-0	0	-0	-0	-0.002	-0.034
230.8	NaN	745	NaN	647	1	357	0	0	0	406	-0	-0	0	0	-0	0	-0	-0	-0.002	-0.02
230.9	NaN	745	NaN	647	1	357	0	0	0	406	-0	-0	0	0	-0	0	-0	-0	-0.002	-0.025
231	NaN	745	NaN	647	1	357	0	0	0	406	-0	-0	0	0	-0	0	-0	-0	-0.002	-0.033
231.1	NaN	745	NaN	647	1	357	0	0	0	406	-0	-0	0	0	-0	0	-0	-0	-0.001	-0.022
231.2	NaN	745	NaN	647	1	357	0	0	0	406	-0	-0	0	0	-0	0	-0	-0	-0.001	-0.034
231.3	NaN	745	NaN	647	1	357	0	0	0	406	-0	-0	0	0	-0	0	-0	-0	-0.001	-0.028
231.4	NaN	745	NaN	647	1	357	0	0	0	406	-0	-0	0	0	-0	0	-0	-0	-0.002	-0.026
231.5	NaN	745	NaN	647	1	357	0	0	0	406	-0	-0	0	0	-0	0	-0	-0	-0.002	-0.039
231.6	NaN	745	NaN	647	1	357	0	0	0	406	-0	-0	0	0	-0	0	-0	-0	-0.002	-0.031
231.7	NaN	745	NaN	647	1	357	0	0	0	406	-0	-0	0	0	-0	0	-0	-0	-0.002	-0.025
231.8	NaN	745	NaN	647	1	357	0	0	0	406	-0	-0	0	0	-0	0	-0	-0	-0.002	-0.043
231.9	NaN	745	NaN	647	1	357	0	0	0	406	-0	-0	0	0	-0	0	-0	-0	-0.003	-0.024
232	NaN	745	NaN	647	1	357	0	0	0	406	-0	-0	0	0	-0	0	-0	-0	-0.005	-0.031
232.1	NaN	745	NaN	647	1	357	0	0	0	406	-0	-0	0	0	-0	0	-0	-0	-0.006	-0.041
232.2	NaN	745	NaN	647	1	357	0	0	0	406	-0	-0	0	0	-0	0	-0	-0	-0.007	-0.03
232.3	NaN	745	NaN	647	1	357	0	0	0	406	-0	-0	0	0	-0	0	-0	-0	-0.007	-0.027
232.4	NaN	745	NaN	647	1	357	0	0	0	406	-0	-0	0	0	-0	0	-0	-0	-0.007	-0.006
232.5	NaN	745	NaN	647	1	357	0	0	0	406	-0	-0	0	0	-0	0	-0	-0	-0.007	-0.027
232.6	NaN	745	NaN	647	1	357	0	0	0	406	-0	-0	0	0	-0	0	-0	-0	-0.006	-0.027
232.7	NaN	745	NaN	647	1	357	0	0	0	406	-0	-0	0	0	-0	0	-0	-0	-0.006	-0.03
232.8	NaN	745	NaN	647	1	357	0	0	0	406	-0	-0	0	0	-0	0	-0	-0	-0.006	-0.031
232.9	NaN	745	NaN	647	1	357	0	0	0	406	-0	-0	0	0	-0	0	-0	-0	-0.006	-0.032
233	NaN	745	NaN	647	1	357	0	0	0	406	-0	-0	0	0	-0	0	-0	-0	-0.005	-0.028
233.1	NaN	745	NaN	647	1	357	0	0	0	406	-0	-0	0	0	-0	0	-0	-0	-0.005	-0.033
233.2	NaN	745	NaN	647	1	357	0	0	0	406	-0	-0	0	0	-0	0	-0	-0	-0.005	-0.04
233.3	NaN	745	NaN	647	1	357	0	0	0	406	-0	-0	0	0	-0	0	-0	-0	-0.005	-0.026
233.4	NaN	745	NaN	647	1	357	0	0	0	406	-0	-0	0	0	-0	0	-0	-0	-0.005	-0.027
233.5	NaN	745	NaN	647	1	357	0	0	0	406	-0	-0	0	0	-0	0	-0	-0	-0.004	-0.024
233.6	NaN	745	NaN	647	1	357	0	0	0	406	-0	-0	0	0	-0	0	-0	-0	-0.003	-0.04
233.7	NaN	745	NaN	647	1	357	0	0	0	406	-0	-0	0	0	-0	0	-0	-0	-0.002	-0.063
233.8	NaN	745	NaN	647	1	357	0	0	0	406	-0	-0	0	0	-0	0	-0	-0	0	-0.046
233.9	NaN	745	NaN	647	1	357	0	0	0	406	-0	-0	0	0	-0	0	-0	-0	-0.001	-0.025
234	NaN	745	NaN	647	1	357	0	0	0	406	-0	-0	0	0	-0	0	-0	-0	-0.001	-0.022
234.1	NaN	745	NaN	647	1	357	0	0	0	406	-0	-0	0	0	-0	0	-0	-0	-0.001	-0.026
234.2	NaN	745	NaN	647	1	357	0	0	0	406	-0	-0	0	0	-0	0	-0	-0	-0	-0.029
234.3	NaN	745	NaN	647	1	357	0	0	0	406	-0	-0	0	0	-0	0	-0	-0	0	-0.041
234.4	NaN	745	NaN	647	1	357	0	0	0	406	-0	-0	0	0	-0	0	-0	-0	-0	-0.038
234.5	NaN	745	NaN	647	1	357	0	0	0	406	-0	-0	0	0	-0	0	-0	-0	-0.001	-0.035
234.6	NaN	745	NaN	647	1	357	0	0	0	406	-0	-0	0	0	-0	0	-0	-0	0	-0.03
234.7	NaN	745	NaN	647	1	357	0	0	0	406	-0	-0	0	0	-0	0	-0	-0	0.002	-0.014
234.8	NaN	745	NaN	647	1	357	0	0	0	406	-0	-0	0	0	-0	0	-0	-0	0.002	-0.035
234.9	NaN	745	NaN	647	1	357	0	0	0	406	-0	-0	0	0	-0	0	-0	-0	0.003	-0.043
235	NaN	745	NaN	647	1	357	0	0	0	406	-0	-0	0	0	-0	0	-0	-0	0.004	-0.044
235.1	NaN	745	NaN	647	1	357	0	0	0	406	-0	-0	0	0	-0	0	-0	-0	0.004	-0.024
235.2	NaN	745	NaN	647	1	357	0	0	0	406	-0	-0	0	0	-0	0	-0	-0	0.004	-0.02
235.3	NaN	745	NaN	647	1	357	0	0	0	406	-0	-0	0	0	-0	0	-0	-0	0.005	-0.023
235.4	NaN	745	NaN	647	1	357	0	0	0	406	-0	-0	0	0	-0	0	-0	-0	0.006	-0.034
235.5	NaN	745	NaN	647	1	357	0	0	0	406	-0	-0	0	0	-0	0	-0	-0	0.006	-0.033
235.6	NaN	745	NaN	647	1	357	0	0	0	406	-0	-0	0	0	-0	0	-0	-0	0.006	-0.027
235.7	NaN	745	NaN	647	1	357	0	0	0	406	-0	-0	0	0	-0	0	-0	-0	0.006	-0.033
235.8	NaN	745	NaN	647	1	357	0	0	0	406	-0	-0	0	0	-0	0	-0	-0	0.006	-0.029
235.9	NaN	745	NaN	647	1	357	0	0	0	406	-0	-0	0	0	-0	0	-0	-0	0.007	-0.016
236	NaN	745	NaN	647	1	357	0	0	0	406	-0	-0	0	0	-0	0	-0	-0	0.008	-0.031
236.1	NaN	745	NaN	647	1	357	0	0	0	406	-0	-0	0	0	-0	0	-0	-0	0.008	-0.042
236.2	NaN	745	NaN	647	1	357	0	0	0	406	-0	-0	0	0	-0	0	-0	-0	0.009	-0.034
236.3	NaN	745	NaN	647	1	357	0	0	0	406	-0	-0	0	0	-0	0	-0	-0	0.009	-0.033
236.4	NaN	745	NaN	647	1	357	0	0	0	406	-0	-0	0	0	-0	0	-0	-0	0.007	-0.04
236.5	NaN	745	NaN	647	1	357	0	0	0	406	-0	-0	0	0	-0	0	-0	-0	0.008	-0.029
236.6	NaN	745	NaN	647	1	357	0	0	0	406	-0	-0	0	0	-0	0	-0	-0	0.008	-0.026
236.7	NaN	745	NaN	647	1	357	0	0	0	406	-0	-0	0	0	-0	0	-0	-0	0.008	-0.048
236.8	NaN	745	NaN	647	1	357	0	0	0	406	-0	-0	0	0	-0	0	-0	-0	0.009	-0.043
236.9	NaN	745	NaN	647	1	357	0	0	0	406	-0	-0	0	0	-0	0	-0	-0	0.009	-0.025
237	NaN	745	NaN	647	1	357	0	0	0	406	-0	-0	0	0	-0	0	-0	-0	0.008	-0.035
237.1	NaN	745	NaN	647	1	357	0	0	0	406	-0	-0	0	0	-0	0	-0	-0	0.008	-0.036
237.2	NaN	745	NaN	647	1	357	0	0	0	406	-0	-0	0	0	-0	0	-0	-0	0.007	-0.037
237.3	NaN	745	NaN	647	1	357	0	0	0	406	-0	-0	0	0	-0	0	-0	-0	0.006	-0.045
237.4	NaN	745	NaN	647	1	357	0	0	0	406	-0	-0	0	0	-0	0	-0	-0	0.005	-0.037
237.5	NaN	745	NaN	647	1	357	0	0	0	406	-0	-0	0	0	-0	0	-0	-0	0.005	-0.021
237.6	NaN	745	NaN	647	1	357	0	0	0	406	-0	-0	0	0	-0	0	-0	-0	0.005	-0.038
237.7	NaN	745	NaN	647	1	357	0	0	0	406	-0	-0	0	0	-0	0	-0	-0	0.005	-0.041
237.8	NaN	745	NaN	647	1	357	0	0	0	406	-0	-0	0	0	-0	0	-0	-0	0.006	-0.032
237.9	NaN	745	NaN	647	1	357	0	0	0	406	-0	-0	0	0	-0	0	-0	-0	0.006	-0.022
238	NaN	745	NaN	647	1	357	0	0	0	406	-0	-0	0	0	-0	0	-0	-0	0.005	-0.033
238.1	NaN	745	NaN	647	1	357	0	0	0	406	-0	-0	0	0	-0	0	-0	-0	0.004	-0.035
238.2	NaN	745	NaN	647	1	357	0	0	0	406	-0	-0	0	0	-0	0	-0	-0	0.003	-0.039
238.3	NaN	745	NaN	647	1	357	0	0	0	406	-0	-0	0	0	-0	0	-0	-0	0.003	-0.047
238.4	NaN	745	NaN	647	1	357	0	0	0	406	-0	-0	0	0	-0	0	-0	-0	0.003	-0.031
238.5	NaN	745	NaN	647	1	357	0	0	0	406	-0	-0	0	0	-0	0	-0	-0	0.003	-0.023
238.6	NaN	745	NaN	647	1	357	0	0	0	406	-0	-0	0	0	-0	0	-0	-0	0.004	-0.032
238.7	NaN	745	NaN	647	1	357	0	0	0	406	-0	-0	0	0	-0	0	-0	-0	0.005	-0.039
238.8	NaN	745	NaN	647	1	357	0	0	0	406	-0	-0	0	0	-0	0	-0	-0	0.006	-0.033
238.9	NaN	745	NaN	647	1	357	0	0	0	406	-0	-0	0	0	-0	0	-0	-0	0.007	-0.017
239	NaN	745	NaN	647	1	357	0	0	0	406	-0	-0	0	0	-0	0	-0	-0	0.007	-0.018
239.1	NaN	745	NaN	647	1	357	0	0	0	406	-0	-0	0	0	-0	0	-0	-0	0.009	-0.025
239.2	NaN	745	NaN	647	1	357	0	0	0	406	-0	-0	0	0	-0	0	-0	-0	0.01	-0.026
239.3	NaN	745	NaN	647	1	357	0	0	0	406	-0	-0	0	0	-0	0	-0	-0	0.011	-0.02
239.4	NaN	745	NaN	647	1	357	0	0	0	406	-0	-0	0	0	-0	0	-0	-0	0.012	-0.036
239.5	NaN	745	NaN	647	1	357	0	0	0	406	-0	-0	0	0	-0	0	-0	-0	0.012	-0.042
239.6	NaN	745	NaN	647	1	357	0	0	0	406	-0	-0	0	0	-0	0	-0	-0	0.011	-0.039
239.7	NaN	745	NaN	647	1	357	0	0	0	406	-0	-0	0	0	-0	0	-0	-0	0.011	-0.025
239.8	NaN	745	NaN	647	1	357	0	0	0	406	-0	-0	0	0	-0	0	-0	-0	0.01	-0.014
239.9	NaN	745	NaN	647	1	357	0	0	0	406	-0	-0	0	0	-0	0	-0	-0	0.01	-0.034
240	NaN	745	NaN	647	1	357	0	0	0	406	-0	-0	0	0	-0	0	-0	-0	0.008	-0.025
240.1	NaN	745	NaN	647	1	357	0	0	0	406	-0	-0	0	0	-0	0	-0	-0	0.008	-0.022
240.2	NaN	745	NaN	647	1	357	0	0	0	406	-0	-0	0	0	-0	0	-0	-0	0.007	-0.025
240.3	NaN	745	NaN	647	1	357	0	0	0	406	-0	-0	0	0	-0	0	-0	-0	0.006	-0.031
240.4	NaN	745	NaN	647	1	357	0	0	0	406	-0	-0	0	0	-0	0	-0	-0	0.004	-0.027
240.5	NaN	745	NaN	647	1	357	0	0	0	406	-0	-0	0	0	-0	0	-0	-0	0.004	-0.029
240.6	NaN	745	NaN	647	1	357	0	0	0	406	-0	-0	0	0	-0	0	-0	-0	0.004	-0.057
240.7	NaN	745	NaN	647	1	357	0	0	0	406	-0	-0	0	0	-0	0	-0	-0	0.003	-0.058
240.8	NaN	745	NaN	647	1	357	0	0	0	406	-0	-0	0	0	-0	0	-0	-0	0.002	-0.047
240.9	NaN	745	NaN	647	1	357	0	0	0	406	-0	-0	0	0	-0	0	-0	-0	0.002	-0.038
241	NaN	745	NaN	647	1	357	0	0	0	406	-0	-0	0	0	-0	0	-0	-0	0.002	-0.043
241.1	NaN	745	NaN	647	1	357	0	0	0	406	-0	-0	0	0	-0	0	-0	-0	0.001	-0.034
241.2	NaN	745	NaN	647	1	357	0	0	0	406	-0	-0	0	0	-0	0	-0	-0	-0	-0.017
241.3	NaN	745	NaN	647	1	357	0	0	0	406	-0	-0	0	0	-0	0	-0	-0	-0.001	-0.027
241.4	NaN	745	NaN	647	1	357	0	0	0	406	-0	-0	0	0	-0	0	-0	-0	-0.001	-0.033
241.5	NaN	745	NaN	647	1	357	0	0	0	406	-0	-0	0	0	-0	0	-0	-0	-0.001	-0.031
241.6	NaN	745	NaN	647	1	357	0	0	0	406	-0	-0	0	0	-0	0	-0	-0	0	-0.033
241.7	NaN	745	NaN	647	1	357	0	0	0	406	-0	-0	0	0	-0	0	-0	-0	0.001	-0.022
241.8	NaN	745	NaN	647	1	357	0	0	0	406	-0	-0	0	0	-0	0	-0	-0	0.003	-0.023
241.9	NaN	745	NaN	647	1	357	0	0	0	406	-0	-0	0	0	-0	0	-0	-0	0.003	-0.022
242	NaN	745	NaN	647	1	357	0	0	0	406	-0	-0	0	0	-0	0	-0	-0	0.003	-0.016
242.1	NaN	745	NaN	647	1	357	0	0	0	406	-0	-0	0	0	-0	0	-0	-0	0.004	-0.026
242.2	NaN	745	NaN	647	1	357	0	0	0	406	-0	-0	0	0	-0	0	-0	-0	0.004	-0.034
242.3	NaN	745	NaN	647	1	357	0	0	0	406	-0	-0	0	0	-0	0	-0	-0	0.004	-0.034
242.4	NaN	745	NaN	647	1	357	0	0	0	406	-0	-0	0	0	-0	0	-0	-0	0.005	-0.042
242.5	NaN	745	NaN	647	1	357	0	0	0	406	-0	-0	0	0	-0	0	-0	-0	0.005	-0.035
242.6	NaN	745	NaN	647	1	357	0	0	0	406	-0	-0	0	0	-0	0	-0	-0	0.006	-0.034
242.7	NaN	745	NaN	647	1	357	0	0	0	406	-0	-0	0	0	-0	0	-0	-0	0.006	-0.035
242.8	NaN	745	NaN	647	1	357	0	0	0	406	-0	-0	0	0	-0	0	-0	-0	0.006	-0.022
242.9	NaN	745	NaN	647	1	357	0	0	0	406	-0	-0	0	0	-0	0	-0	-0	0.006	-0.036
243	NaN	745	NaN	647	1	357	0	0	0	406	-0	-0	0	0	-0	0	-0	-0	0.006	-0.059
243.1	NaN	745	NaN	647	1	357	0	0	0	406	-0	-0	0	0	-0	0	-0	-0	0.007	-0.041
243.2	NaN	745	NaN	647	1	357	0	0	0	406	-0	-0	0	0	-0	0	-0	-0	0.008	-0.031
243.3	NaN	745	NaN	647	1	357	0	0	0	406	-0	-0	0	0	-0	0	-0	-0	0.008	-0.023
243.4	NaN	745	NaN	647	1	357	0	0	0	406	-0	-0	0	0	-0	0	-0	-0	0.008	-0.029
243.5	NaN	745	NaN	647	1	357	0	0	0	406	-0	-0	0	0	-0	0	-0	-0	0.007	-0.055
243.6	NaN	745	NaN	647	1	357	0	0	0	406	-0	-0	0	0	-0	0	-0	-0	0.007	-0.049
243.7	NaN	745	NaN	647	1	357	0	0	0	406	-0	-0	0	0	-0	0	-0	-0	0.007	-0.026
243.8	NaN	745	NaN	647	1	357	0	0	0	406	-0	-0	0	0	-0	0	-0	-0	0.007	-0.033
243.9	NaN	745	NaN	647	1	357	0	0	0	406	-0	-0	0	0	-0	0	-0	-0	0.007	-0.047
244	NaN	745	NaN	647	1	357	0	0	0	406	-0	-0	0	0	-0	0	-0	-0	0.007	-0.033
244.1	NaN	745	NaN	647	1	357	0	0	0	406	-0	-0	0	0	-0	0	-0	-0	0.007	-0.022
244.2	NaN	745	NaN	647	1	357	0	0	0	406	-0	-0	0	0	-0	0	-0	-0	0.006	-0.028
244.3	NaN	745	NaN	647	1	357	0	0	0	406	-0	-0	0	0	-0	0	-0	-0	0.007	-0.027
244.4	NaN	745	NaN	647	1	357	0	0	0	406	-0	-0	0	0	-0	0	-0	-0	0.007	-0.026
244.5	NaN	745	NaN	647	1	357	0	0	0	406	-0	-0	0	0	-0	0	-0	-0	0.007	-0.033
244.6	NaN	745	NaN	647	1	357	0	0	0	406	-0	-0	0	0	-0	0	-0	-0	0.007	-0.033
244.7	NaN	745	NaN	647	1	357	0	0	0	406	-0	-0	0	0	-0	0	-0	-0	0.008	-0.033
244.8	NaN	745	NaN	647	1	357	0	0	0	406	-0	-0	0	0	-0	0	-0	-0	0.008	-0.041
244.9	NaN	745	NaN	647	1	357	0	0	0	406	-0	-0	0	0	-0	0	-0	-0	0.008	-0.033
245	NaN	745	NaN	647	1	357	0	0	0	406	-0	-0	0	0	-0	0	-0	-0	0.009	-0.036
245.1	NaN	745	NaN	647	1	357	0	0	0	406	-0	-0	0	0	-0	0	-0	-0	0.008	-0.049
245.2	NaN	745	NaN	647	1	357	0	0	0	406	-0	-0	0	0	-0	0	-0	-0	0.008	-0.042
245.3	NaN	745	NaN	647	1	357	0	0	0	406	-0	-0	0	0	-0	0	-0	-0	0.009	-0.034
245.4	NaN	745	NaN	647	1	357	0	0	0	406	-0	-0	0	0	-0	0	-0	-0	0.009	-0.029
245.5	NaN	745	NaN	647	1	357	0	0	0	406	-0	-0	0	0	-0	0	-0	-0	0.01	-0.03
245.6	NaN	745	NaN	647	1	357	0	0	0	406	-0	-0	0	0	-0	0	-0	-0	0.011	-0.035
245.7	NaN	745	NaN	647	1	357	0	0	0	406	-0	-0	0	0	-0	0	-0	-0	0.011	-0.04
245.8	NaN	745	NaN	647	1	357	0	0	0	406	-0	-0	0	0	-0	0	-0	-0	0.012	-0.026
245.9	NaN	745	NaN	647	1	357	0	0	0	406	-0	-0	0	0	-0	0	-0	-0	0.012	-0.013
246	NaN	745	NaN	647	1	357	0	0	0	406	-0	-0	0	0	-0	0	-0	-0	0.011	-0.015
246.1	NaN	745	NaN	647	1	357	0	0	0	406	-0	-0	0	0	-0	0	-0	-0	0.012	-0.016
246.2	NaN	745	NaN	647	1	357	0	0	0	406	-0	-0	0	0	-0	0	-0	-0	0.012	-0.017
246.3	NaN	745	NaN	647	1	357	0	0	0	406	-0	-0	0	0	-0	0	-0	-0	0.011	-0.036
246.4	NaN	745	NaN	647	1	357	0	0	0	406	-0	-0	0	0	-0	0	-0	-0	0.01	-0.035
246.5	NaN	745	NaN	647	1	357	0	0	0	406	-0	-0	0	0	-0	0	-0	-0	0.011	-0.034
246.6	NaN	745	NaN	647	1	357	0	0	0	406	-0	-0	0	0	-0	0	-0	-0	0.012	-0.045
246.7	NaN	745	NaN	647	1	357	0	0	0	406	-0	-0	0	0	-0	0	-0	-0	0.012	-0.046
246.8	NaN	745	NaN	647	1	357	0	0	0	406	-0	-0	0	0	-0	0	-0	-0	0.011	-0.044
246.9	NaN	745	NaN	647	1	357	0	0	0	406	-0	-0	0	0	-0	0	-0	-0	0.011	-0.036
247	NaN	745	NaN	647	1	357	0	0	0	406	-0	-0	0	0	-0	0	-0	-0	0.011	-0.022
247.1	NaN	745	NaN	647	1	357	0	0	0	406	-0	-0	0	0	-0	0	-0	-0	0.012	-0.018
247.2	NaN	745	NaN	647	1	357	0	0	0	406	-0	-0	0	0	-0	0	-0	-0	0.012	-0.024
247.3	NaN	745	NaN	647	1	357	0	0	0	406	-0	-0	0	0	-0	0	-0	-0	0.012	-0.037
247.4	NaN	745	NaN	647	1	357	0	0	0	406	-0	-0	0	0	-0	0	-0	-0	0.012	-0.029
247.5	NaN	745	NaN	647	1	357	0	0	0	406	-0	-0	0	0	-0	0	-0	-0	0.012	-0.037
247.6	NaN	745	NaN	647	1	357	0	0	0	406	-0	-0	0	0	-0	0	-0	-0	0.012	-0.033
247.7	NaN	745	NaN	647	1	357	0	0	0	406	-0	-0	0	0	-0	0	-0	-0	0.012	-0.017
247.8	NaN	745	NaN	647	1	357	0	0	0	406	-0	-0	0	0	-0	0	-0	-0	0.012	-0.009
247.9	NaN	745	NaN	647	1	357	0	0	0	406	-0	-0	0	0	-0	0	-0	-0	0.013	-0.017
248	NaN	745	NaN	647	1	357	0	0	0	406	-0	-0	0	0	-0	0	-0	-0	0.013	-0.031
248.1	NaN	745	NaN	647	1	357	0	0	0	406	-0	-0	0	0	-0	0	-0	-0	0.014	-0.037
248.2	NaN	745	NaN	647	1	357	0	0	0	406	-0	-0	0	0	-0	0	-0	-0	0.014	-0.028
248.3	NaN	745	NaN	647	1	357	0	0	0	406	-0	-0	0	0	-0	0	-0	-0	0.015	-0.03
248.4	NaN	745	NaN	647	1	357	0	0	0	406	-0	-0	0	0	-0	0	-0	-0	0.015	-0.035
248.5	NaN	745	NaN	647	1	357	0	0	0	406	-0	-0	0	0	-0	0	-0	-0	0.015	-0.032
248.6	NaN	745	NaN	647	1	357	0	0	0	406	-0	-0	0	0	-0	0	-0	-0	0.015	-0.023
248.7	NaN	745	NaN	647	1	357	0	0	0	406	-0	-0	0	0	-0	0	-0	-0	0.014	-0.015
248.8	NaN	745	NaN	647	1	357	0	0	0	406	-0	-0	0	0	-0	0	-0	-0	0.014	-0.039
248.9	NaN	745	NaN	647	1	357	0	0	0	406	-0	-0	0	0	-0	0	-0	-0	0.013	-0.049
249	NaN	745	NaN	647	1	357	0	0	0	406	-0	-0	0	0	-0	0	-0	-0	0.012	-0.037
249.1	NaN	745	NaN	647	1	357	0	0	0	406	-0	-0	0	0	-0	0	-0	-0	0.011	-0.035
249.2	NaN	745	NaN	647	1	357	0	0	0	406	-0	-0	0	0	-0	0	-0	-0	0.009	-0.014
249.3	NaN	745	NaN	647	1	357	0	0	0	406	-0	-0	0	0	-0	0	-0	-0	0.009	-0.033
249.4	NaN	745	NaN	647	1	357	0	0	0	406	-0	-0	0	0	-0	0	-0	-0	0.009	-0.032
249.5	NaN	745	NaN	647	1	357	0	0	0	406	-0	-0	0	0	-0	0	-0	-0	0.009	-0.021
249.6	NaN	745	NaN	647	1	357	0	0	0	406	-0	-0	0	0	-0	0	-0	-0	0.009	-0.026
249.7	NaN	745	NaN	647	1	357	0	0	0	406	-0	-0	0	0	-0	0	-0	-0	0.009	-0.031
249.8	NaN	745	NaN	647	1	357	0	0	0	406	-0	-0	0	0	-0	0	-0	-0	0.009	-0.039
249.9	NaN	745	NaN	647	1	357	0	0	0	406	-0	-0	0	0	-0	0	-0	-0	0.009	-0.039
250	NaN	745	NaN	647	1	357	0	0	0	406	-0	-0	0	0	-0	0	-0	-0	0.01	-0.018
250.1	NaN	745	NaN	647	1	357	0	0	0	406	-0	-0	0	0	-0	0	-0	-0	0.012	-0.027
250.2	NaN	745	NaN	647	1	357	0	0	0	406	-0	-0	0	0	-0	0	-0	-0	0.016	-0.036
250.3	NaN	745	NaN	647	1	357	0	0	0	406	-0	-0	0	0	-0	0	-0	-0	0.016	-0.048
250.4	NaN	745	NaN	647	1	357	0	0	0	406	-0	-0	0	0	-0	0	-0	-0	0.016	-0.048
250.5	NaN	745	NaN	647	1	357	0	0	0	406	-0	-0	0	0	-0	0	-0	-0	0.015	-0.044
250.6	NaN	745	NaN	647	1	357	0	0	0	406	-0	-0	0	0	-0	0	-0	-0	0.012	-0.038
250.7	NaN	745	NaN	647	1	357	0	0	0	406	-0	-0	0	0	-0	0	-0	-0	0.012	-0.04
250.8	NaN	745	NaN	647	1	357	0	0	0	406	-0	-0	0	0	-0	0	-0	-0	0.012	-0.031
250.9	NaN	745	NaN	647	1	357	0	0	0	406	-0	-0	0	0	-0	0	-0	-0	0.011	-0.03
251	NaN	745	NaN	647	1	357	0	0	0	406	-0	-0	0	0	-0	0	-0	-0	0.009	-0.031
251.1	NaN	745	NaN	647	1	357	0	0	0	406	-0	-0	0	0	-0	0	-0	-0	0.008	-0.038
251.2	NaN	745	NaN	647	1	357	0	0	0	406	-0	-0	0	0	-0	0	-0	-0	0.006	-0.018
251.3	NaN	745	NaN	647	1	357	0	0	0	406	-0	-0	0	0	-0	0	-0	-0	0.005	-0.023
251.4	NaN	745	NaN	647	1	357	0	0	0	406	-0	-0	0	0	-0	0	-0	-0	0.005	-0.033
251.5	NaN	745	NaN	647	1	357	0	0	0	406	-0	-0	0	0	-0	0	-0	-0	0.005	-0.041
251.6	NaN	745	NaN	647	1	357	0	0	0	406	-0	-0	0	0	-0	0	-0	-0	0.004	-0.041
251.7	NaN	745	NaN	647	1	357	0	0	0	406	-0	-0	0	0	-0	0	-0	-0	0.004	-0.023
251.8	NaN	745	NaN	647	1	357	0	0	0	406	-0	-0	0	0	-0	0	-0	-0	0.004	-0.022
251.9	NaN	745	NaN	647	1	357	0	0	0	406	-0	-0	0	0	-0	0	-0	-0	0.004	-0.011
252	NaN	745	NaN	647	1	357	0	0	0	406	-0	-0	0	0	-0	0	-0	-0	0.004	-0.02
252.1	NaN	745	NaN	647	1	357	0	0	0	406	-0	-0	0	0	-0	0	-0	-0	0.003	-0.039
252.2	NaN	745	NaN	647	1	357	0	0	0	406	-0	-0	0	0	-0	0	-0	-0	0.001	-0.035
252.3	NaN	745	NaN	647	1	357	0	0	0	406	-0	-0	0	0	-0	0	-0	-0	0.001	-0.03
252.4	NaN	745	NaN	647	1	357	0	0	0	406	-0	-0	0	0	-0	0	-0	-0	0.001	-0.029
252.5	NaN	745	NaN	647	1	357	0	0	0	406	-0	-0	0	0	-0	0	-0	-0	0.001	-0.028
252.6	NaN	745	NaN	647	1	357	0	0	0	406	-0	-0	0	0	-0	0	-0	-0	-0	-0.037
252.7	NaN	745	NaN	647	1	357	0	0	0	406	-0	-0	0	0	-0	0	-0	-0	-0.001	-0.04
252.8	NaN	745	NaN	647	1	357	0	0	0	406	-0	-0	0	0	-0	0	-0	-0	-0.001	-0.04
252.9	NaN	745	NaN	647	1	357	0	0	0	406	-0	-0	0	0	-0	0	-0	-0	-0.002	-0.033
253	NaN	745	NaN	647	1	357	0	0	0	406	-0	-0	0	0	-0	0	-0	-0	-0.003	-0.035
253.1	NaN	745	NaN	647	1	357	0	0	0	406	-0	-0	0	0	-0	0	-0	-0	-0.003	-0.042
253.2	NaN	745	NaN	647	1	357	0	0	0	406	-0	-0	0	0	-0	0	-0	-0	-0.003	-0.03
253.3	NaN	745	NaN	647	1	357	0	0	0	406	-0	-0	0	0	-0	0	-0	-0	-0.004	-0.024
253.4	NaN	745	NaN	647	1	357	0	0	0	406	-0	-0	0	0	-0	0	-0	-0	-0.004	-0.033
253.5	NaN	745	NaN	647	1	357	0	0	0	406	-0	-0	0	0	-0	0	-0	-0	-0.004	-0.038
253.6	NaN	745	NaN	647	1	357	0	0	0	406	-0	-0	0	0	-0	0	-0	-0	-0.005	-0.035
253.7	NaN	745	NaN	647	1	357	0	0	0	406	-0	-0	0	0	-0	0	-0	-0	-0.004	-0.035
253.8	NaN	745	NaN	647	1	357	0	0	0	406	-0	-0	0	0	-0	0	-0	-0	-0.003	-0.028
253.9	NaN	745	NaN	647	1	357	0	0	0	406	-0	-0	0	0	-0	0	-0	-0	-0.003	-0.022
254	NaN	745	NaN	647	1	357	0	0	0	406	-0	-0	0	0	-0	0	-0	-0	-0.002	-0.036
254.1	NaN	745	NaN	647	1	357	0	0	0	406	-0	-0	0	0	-0	0	-0	-0	-0.002	-0.046
254.2	NaN	745	NaN	647	1	357	0	0	0	406	-0	-0	0	0	-0	0	-0	-0	-0.002	-0.019
254.3	NaN	745	NaN	647	1	357	0	0	0	406	-0	-0	0	0	-0	0	-0	-0	-0.002	-0.019
254.4	NaN	745	NaN	647	1	357	0	0	0	406	-0	-0	0	0	-0	0	-0	-0	-0.002	-0.019
254.5	NaN	745	NaN	647	1	357	0	0	0	406	-0	-0	0	0	-0	0	-0	-0	-0.002	-0.019
254.6	NaN	745	NaN	647	1	357	0	0	0	406	-0	-0	0	0	-0	0	-0	-0	-0.002	-0.019
254.7	NaN	745	NaN	647	1	357	0	0	0	406	-0	-0	0	0	-0	0	-0	-0	-0.002	-0.019
254.8	NaN	745	NaN	647	1	357	0	0	0	406	-0	-0	0	0	-0	0	-0	-0	-0.002	-0.019
254.9	NaN	745	NaN	647	1	357	0	0	0	406	-0	-0	0	0	-0	0	-0	-0	-0.002	-0.019
255	NaN	744	NaN	647	1	357	0	0	0	406	-0	-0	0	0	-0	0	-0	-0	-0.002	-0.019
255.1	NaN	742	NaN	646	1	357	0	0	0	406	-0	-0	0	0	-0	0	-0	-0	-0.002	-0.019
255.2	NaN	740	NaN	645	1	357	0	0	0	406	-0	-0	0	0	-0	0	-0	-0	-0.002	-0.019
255.3	NaN	739	NaN	644	1	357	0	0	0	406	-0	-0	0	0	-0	0	-0	-0	-0.002	-0.019
255.4	NaN	737	NaN	644	1	357	0	0	0	406	-0	-0	0	0	-0	0	-0	-0	-0.002	-0.019
255.5	NaN	735	NaN	643	1	357	0	0	0	406	-0	-0	0	0	-0	0	-0	-0	-0.002	-0.019
255.6	NaN	733	NaN	642	1	357	0	0	0	406	-0	-0	0	0	-0	0	-0	-0	-0.002	-0.02
255.7	NaN	731	NaN	641	1	357	0	0	0	406	-0	-0	0	0	-0	0	-0	-0	-0.002	-0.02
255.8	NaN	729	NaN	641	1	357	0	0	0	406	-0	-0	0	0	-0	0	-0	-0	-0.002	-0.02
255.9	NaN	728	NaN	640	1	357	0	0	0	406	-0	-0	0	0	-0	0	-0	-0	-0.002	-0.02
256	NaN	726	NaN	639	1	357	0	0	0	406	-0	-0	0	0	-0	0	-0	-0	-0.002	-0.02
256.1	NaN	724	NaN	638	1	357	0	0	0	406	-0	-0	0	0	-0	0	-0	-0	-0.002	-0.02
256.2	NaN	722	NaN	638	1	357	0	0	0	406	-0	-0	0	0	-0	0	-0	-0	-0.002	-0.02
256.3	NaN	720	NaN	637	1	357	0	0	0	406	-0	-0	0	0	-0	0	-0	-0	-0.002	-0.021
256.4	NaN	718	NaN	636	1	357	0	0	0	406	-0	-0	0	0	-0	0	-0	-0	-0.002	-0.021
256.5	NaN	717	NaN	635	1	357	0	0	0	406	-0	-0	0	0	-0	0	-0	-0	-0.002	-0.021
256.6	NaN	715	NaN	635	1	357	0	0	0	406	-0	-0	0	0	-0	0	-0	-0	-0.002	-0.021
256.7	NaN	713	NaN	634	1	358	0	0	0	406	-0	-0	0	0	-0	0	-0	-0	-0.002	-0.021
256.8	NaN	711	NaN	633	1	358	0	0	0	406	-0	-0	0	0	-0	0	-0	-0	-0.002	-0.021
256.9	NaN	709	NaN	632	1	358	0	0	0	406	-0	-0	0	0	-0	0	-0	-0	-0.002	-0.021
257	NaN	707	NaN	632	1	358	0	0	0	406	-0	-0	0	0	-0	0	-0	-0	-0.002	-0.021
257.1	NaN	705	NaN	631	1	358	0	0	0	406	-0	-0	0	0	-0	0	-0	-0	-0.002	-0.022
257.2	NaN	704	NaN	630	1	358	0	0	0	406	-0	-0	0	0	-0	0	-0	-0	-0.002	-0.022
257.3	NaN	702	NaN	629	1	358	0	0	0	406	-0	-0	0	0	-0	0	-0	-0	-0.002	-0.022
257.4	NaN	700	NaN	629	1	358	0	0	0	406	-0	-0	0	0	-0	0	-0	-0	-0.002	-0.022
257.5	NaN	698	NaN	628	1	358	0	0	0	407	-0	-0	0	0	-0	0	-0	-0	-0.002	-0.022
257.6	NaN	696	NaN	627	1	358	0	0	0	407	-0	-0	0	0	-0	0	-0	-0	-0.002	-0.022
257.7	NaN	694	NaN	626	1	358	0	0	0	407	-0	-0	0	0	-0	0	-0	-0	-0.002	-0.022
257.8	NaN	693	NaN	626	1	358	0	0	0	407	-0	-0	0	0	-0	0	-0	-0	-0.002	-0.023
257.9	NaN	691	NaN	625	1	358	0	0	0	407	-0	-0	0	0	-0	0	-0	-0	-0.002	-0.023
258	NaN	689	NaN	624	1	358	0	0	0	407	-0	-0	0	0	-0	0	-0	-0	-0.002	-0.023
258.1	NaN	687	NaN	623	1	358	0	0	0	407	-0	-0	0	0	-0	0	-0	-0	-0.002	-0.023
258.2	NaN	685	NaN	623	1	358	0	0	0	407	-0	-0	0	0	-0	0	-0	-0	-0.001	-0.023
258.3	NaN	683	NaN	622	1	358	0	0	0	407	-0	-0	0	0	-0	0	-0	0	-0.001	-0.023
258.4	NaN	682	NaN	621	1	358	0	0	0	407	-0	-0	0	0	-0	0	-0	0	-0.001	-0.023
258.5	NaN	680	NaN	620	1	358	0	0	0	407	-0	-0	0	0	-0	0	-0	0	-0.001	-0.023
258.6	NaN	678	NaN	620	1	358	0	0	0	407	-0	-0	0	0	-0	0	-0	0	-0.001	-0.024
258.7	NaN	676	NaN	619	1	358	0	0	0	407	-0	-0	0	0	-0	0	-0	0	-0.001	-0.024
258.8	NaN	674	NaN	618	1	358	0	0	0	407	-0	-0	0	0	-0	0	-0	0	-0.001	-0.024
258.9	NaN	672	NaN	617	1	358	0	0	0	407	-0	-0	0	0	-0	0	-0	0	-0.001	-0.024
259	NaN	671	NaN	617	1	358	0	0	0	407	-0	-0	0	0	-0	0	-0	0	-0.001	-0.024
259.1	NaN	669	NaN	616	1	358	0	0	0	407	-0	-0	0	0	-0	0	-0	0	-0.001	-0.024
259.2	NaN	667	NaN	615	1	358	0	0	0	407	-0	-0	0	0	-0	0	-0	0	-0.001	-0.024
259.3	NaN	665	NaN	614	1	358	0	0	0	407	-0	-0	0	0	-0	0	-0	0	-0.001	-0.025
259.4	NaN	663	NaN	614	1	358	0	0	0	407	-0	-0	0	0	-0	0	-0	0	-0.001	-0.025
259.5	NaN	661	NaN	613	1	358	0	0	0	407	-0	-0	0	0	-0	0	-0	0	-0.001	-0.025
259.6	NaN	660	NaN	612	1	358	0	0	0	407	-0	-0	0	0	-0	0	-0	0	-0.001	-0.025
259.7	NaN	658	NaN	611	1	358	0	0	0	407	-0	-0	0	0	-0	0	-0	0	-0.001	-0.025
259.8	NaN	656	NaN	611	1	358	0	0	0	407	-0	-0	0	0	-0	0	-0	0	-0.001	-0.025
259.9	NaN	654	NaN	610	1	358	0	0	0	407	-0	-0	0	0	-0	0	-0	0	-0.001	-0.025
260	NaN	652	NaN	609	1	359	0	0	0	407	-0	-0	0	0	-0	0	-0	0	-0.001	-0.025
260.1	NaN	650	NaN	608	1	359	0	0	0	407	-0	-0	0	0	-0	0	-0	0	-0.001	-0.026
260.2	NaN	648	NaN	608	1	359	0	0	0	407	-0	-0	0	0	-0	0	-0	0	-0.001	-0.026
260.3	NaN	647	NaN	607	1	359	0	0	0	407	-0	-0	0	0	-0	0	-0	0	-0.001	-0.026
260.4	NaN	645	NaN	606	1	359	0	0	0	407	-0	-0	0	0	-0	0	-0	0	-0.001	-0.026
260.5	NaN	643	NaN	605	1	359	0	0	0	407	-0	-0	0	0	-0	0	-0	0	-0.001	-0.026
260.6	NaN	641	NaN	605	1	359	0	0	0	407	-0	-0	0	0	-0	0	-0	0	-0.001	-0.026
260.7	NaN	639	NaN	604	1	359	0	0	0	407	-0	-0	0	0	-0	0	-0	0	-0.001	-0.026
260.8	NaN	637	NaN	603	1	359	0	0	0	407	-0	-0	0	0	-0	0	-0	0	-0.001	-0.026
260.9	NaN	636	NaN	602	1	359	0	0	0	407	-0	-0	0	0	-0	0	-0	0	-0.001	-0.027
261	NaN	634	NaN	602	1	359	0	0	0	407	-0	-0	0	0	-0	0	-0	0	-0.001	-0.027
261.1	NaN	632	NaN	601	1	359	0	0	0	407	-0	-0	0	0	-0	0	-0	0	-0.001	-0.027
261.2	NaN	630	NaN	600	2	359	0	0	0	407	-0	-0	0	0	-0	0	-0	0	-0.001	-0.027
261.3	NaN	628	NaN	599	2	359	0	0	0	407	-0	-0	0	0	-0	0	-0	0	-0.001	-0.027
261.4	NaN	626	NaN	599	2	359	0	0	0	407	-0	-0	0	0	-0	0	-0	0	-0.001	-0.027
261.5	NaN	625	NaN	598	2	359	0	0	0	407	-0	-0	0	0	-0	0	-0	0	-0.001	-0.027
261.6	NaN	623	NaN	597	2	359	0	0	0	407	-0	-0	0	0	-0	0	-0	0	-0.001	-0.028
261.7	NaN	621	NaN	596	2	359	0	0	0	407	-0	-0	0	0	-0	0	-0	0	-0.001	-0.028
261.8	NaN	619	NaN	596	2	359	0	0	0	407	-0	-0	0	0	-0	0	-0	0	-0.001	-0.028
261.9	NaN	617	NaN	595	2	359	0	0	0	407	-0	-0	0	0	-0	0	-0	0	-0.001	-0.028
262	NaN	615	NaN	594	2	359	0	0	0	407	-0	-0	0	0	-0	0	-0	0	-0.001	-0.028
262.1	NaN	614	NaN	593	2	359	0	0	0	407	-0	-0	0	0	-0	0	-0	0	-0.001	-0.028
262.2	NaN	612	NaN	593	2	359	0	0	0	407	-0	-0	0	0	-0	0	-0	0	-0.001	-0.028
262.3	NaN	610	NaN	592	2	359	0	0	0	407	-0	-0	0	0	-0	0	-0	0	-0.001	-0.028
262.4	NaN	608	NaN	591	2	359	0	0	0	407	-0	-0	0	0	-0	0	-0	0	-0.001	-0.029
262.5	NaN	606	NaN	590	2	359	0	0	0	408	-0	-0	0	0	-0	0	-0	0	-0.001	-0.029
262.6	NaN	604	NaN	590	2	359	0	0	0	408	-0	-0	0	0	-0	0	-0	0	-0.001	-0.029
262.7	NaN	603	NaN	589	2	359	0	0	0	408	-0	-0	0	0	-0	0	-0	0	-0	-0.029
262.8	NaN	601	NaN	588	2	359	0	0	0	408	-0	-0	0	0	-0	0	-0	0	-0	-0.029
262.9	NaN	599	NaN	587	2	359	0	0	0	408	-0	-0	0	0	-0	0	-0	0	-0	-0.029
263	NaN	597	NaN	587	2	359	0	0	0	408	-0	-0	0	0	-0	0	-0	0	-0	-0.029
263.1	NaN	595	NaN	586	2	359	0	0	0	408	-0	-0	0	0	-0	0	-0	0	-0	-0.03
263.2	NaN	593	NaN	585	2	359	0	0	0	408	-0	-0	0	0	-0	0	-0	0	-0	-0.03
263.3	NaN	591	NaN	584	2	360	0	0	0	408	-0	-0	0	0	-0	0	-0	0	-0	-0.03
263.4	NaN	590	NaN	584	2	360	0	0	0	408	-0	-0	0	0	-0	0	-0	0	-0	-0.03
263.5	NaN	588	NaN	583	2	360	0	0	0	408	-0	-0	0	0	-0	0	-0	0	-0	-0.03
263.6	NaN	586	NaN	582	2	360	0	0	0	408	-0	-0	0	0	-0	0	-0	0	-0	-0.03
263.7	NaN	584	NaN	581	2	360	0	0	0	408	-0	-0	0	0	-0	0	-0	0	-0	-0.03
263.8	NaN	582	NaN	581	2	360	0	0	0	408	-0	-0	0	0	-0	0	-0	0	-0	-0.03
263.9	NaN	580	NaN	580	2	360	0	0	0	408	-0	-0	0	0	-0	0	-0	0	-0	-0.031
264	NaN	579	NaN	579	2	360	0	0	0	408	-0	-0	0	0	-0	0	-0	0	-0	-0.031
264.1	NaN	577	NaN	578	2	360	0	0	0	408	-0	-0	0	0	-0	0	-0	0	-0	-0.031
264.2	NaN	575	NaN	578	2	360	0	0	0	408	-0	-0	0	0	-0	0	-0	0	-0	-0.031
264.3	NaN	573	NaN	577	2	360	0	0	0	408	-0	-0	0	0	-0	0	-0	0	-0	-0.031
264.4	NaN	571	NaN	576	2	360	0	0	0	408	-0	-0	0	0	-0	0	-0	0	-0	-0.031
264.5	NaN	569	NaN	575	2	360	0	0	0	408	-0	-0	0	0	-0	0	-0	0	-0	-0.031
264.6	NaN	568	NaN	575	2	360	0	0	0	408	-0	-0	0	0	-0	0	-0	0	-0	-0.032
264.7	NaN	566	NaN	574	2	360	0	0	0	408	-0	-0	0	0	-0	0	-0	0	-0	-0.032
264.8	NaN	564	NaN	573	2	360	0	0	0	408	-0	-0	0	0	-0	0	-0	0	-0	-0.032
264.9	NaN	562	NaN	572	2	360	0	0	0	408	-0	-0	0	0	-0	0	-0	0	-0	-0.032
265	NaN	561	NaN	572	2	360	0	0	0	408	-0	-0	0	0	0	-0	0	0	0	-0.032
265.1	NaN	561	NaN	572	2	360	0	0	0	408	-0	-0	0	0	0	-0	0	0	0	-0.032
265.2	NaN	561	NaN	572	2	360	0	0	0	408	-0	-0	0	0	0	-0	0	0	0	-0.032
265.3	NaN	561	NaN	572	2	360	0	0	0	408	-0	-0	0	0	0	-0	0	0	0	-0.032
265.4	NaN	561	NaN	572	2	360	0	0	0	408	-0	-0	0	0	0	-0	0	0	0	-0.032
265.5	NaN	561	NaN	572	2	360	0	0	0	408	-0	-0	0	0	0	-0	0	0	0	-0.032
265.6	NaN	561	NaN	572	2	360	0	0	0	408	-0	-0	0	0	0	-0	0	0	0	-0.032
265.7	NaN	561	NaN	572	2	360	0	0	0	408	0	0	0	0	0	-0	0	0	0	-0.032
265.8	NaN	561	NaN	572	2	360	0	0	0	408	-0	0	0	0	0	-0	0	0	0	-0.032
265.9	NaN	561	NaN	572	2	360	0	0	0	407	0	0	0	-0	0	-0	0	0	0	-0.032
266	NaN	561	NaN	571	0	358	0	0	0	407	0	-0	0	0	0	-0	0	0	0	-0.047
266.1	NaN	565	NaN	571	1	358	0	0	0	407	0	0	0	-0	0	-0	-0	0	0	-0.049
266.2	NaN	559	NaN	571	3	361	0	0	0	410	0	0	0	0	0	-0	0	0	0	-0.024
266.3	NaN	565	NaN	571	0	359	0	0	0	408	0	0	0	-0	0	0	0	0	0	-0.045
266.4	NaN	564	NaN	572	3	361	0	0	0	408	0	0	-0	0	0	-0	-0	-0	0	-0.073
266.5	NaN	565	NaN	573	2	357	0	0	0	408	-0	0	0	-0	0	-0	-0	0	0	-0.068
266.6	NaN	564	NaN	571	1	358	0	0	0	408	0	-0	-0	-0	0	-0	0	0	0	-0.066
266.7	NaN	562	NaN	571	1	359	0	0	0	408	-0	0	0	-0	0	0	0	-0	0	-0.05
266.8	NaN	560	NaN	571	3	364	0	0	0	408	-0	0	0	-0	0	-0	-0	0	0	-0.072
266.9	NaN	565	NaN	572	3	361	0	0	0	408	0	-0	-0	-0	0	0	-0	-0	0	-0.049
267	NaN	559	NaN	572	2	360	0	0	0	407	0	-0	0	-0	0	-0	0	0	0	-0.032
267.1	NaN	559	NaN	573	2	362	0	0	0	408	-0	-0	0	-0	0	-0	-0	0	0	-0.051
267.2	NaN	562	NaN	572	1	360	0	0	0	409	-0	-0	0	0	0	-0	-0	-0	0	-0.042
267.3	NaN	558	NaN	571	2	364	0	0	0	409	-0	0	0	-0	0	-0	0	0	0	-0.052
267.4	NaN	562	NaN	572	3	362	0	0	0	408	0	-0	-0	0	-0	0	0	0	0	-0.047
267.5	NaN	567	NaN	572	4	358	0	0	0	407	0	-0	-0	0	0	0	-0	0	0	-0.038
267.6	NaN	561	NaN	571	1	361	0	0	0	407	0	-0	0	0	0	-0	0	0	0	-0.065
267.7	NaN	561	NaN	572	1	363	0	0	0	406	0	0	0	0	0	0	0	-0	0	-0.028
267.8	NaN	559	NaN	572	3	363	0	0	0	408	0	0	0	-0	0	0	-0	-0	0	-0.051
267.9	NaN	558	NaN	572	1	361	0	0	0	408	-0	0	0	-0	0	-0	0	-0	0	-0.025
268	NaN	559	NaN	572	1	361	0	0	0	407	0	0	0	-0	0	-0	0	-0	0	-0.04
268.1	NaN	557	NaN	571	4	362	0	0	0	408	0	-0	0	0	0	-0	0	0	0	-0.027
268.2	NaN	563	NaN	572	3	359	0	0	0	407	0	0	0	0	0	-0	0	0	0	-0.018
268.3	NaN	559	NaN	572	4	364	0	0	0	408	0	-0	0	0	0	-0	0	0	0	-0.05
268.4	NaN	557	NaN	572	4	362	0	0	0	406	0	0	0	-0	0	0	0	-0	0	-0.064
268.5	NaN	558	NaN	573	3	361	0	0	0	406	-0	-0	0	-0	0	-0	0	-0	0	-0.048
268.6	NaN	556	NaN	572	2	363	0	0	0	407	-0	-0	0	-0	0	0	0	-0	0	-0.035
268.7	NaN	562	NaN	572	2	359	0	0	0	407	-0	-0	0	0	0	-0	-0	0	0	-0.039
268.8	NaN	559	NaN	573	3	364	0	0	0	408	-0	-0	0	-0	0	-0	0	0	0	-0.027
268.9	NaN	558	NaN	572	3	362	0	0	0	406	-0	-0	-0	0	0	-0	-0	-0	0	-0.017
269	NaN	565	NaN	573	3	361	0	0	0	406	0	-0	0	0	-0	-0	0	-0	0	-0.066
269.1	NaN	562	NaN	574	3	363	0	0	0	408	-0	0	-0	0	0	-0	0	0	0	-0.036
269.2	NaN	559	NaN	572	4	363	0	0	0	407	0	0	0	0	0	0	0	0	0	-0.059
269.3	NaN	562	NaN	572	2	361	0	0	0	405	-0	-0	0	-0	0	-0	0	-0	0	-0.034
269.4	NaN	558	NaN	573	2	362	0	0	0	407	0	-0	-0	-0	0	0	-0	-0	0	-0.055
269.5	NaN	559	NaN	573	1	362	0	0	0	408	-0	-0	0	0	0	-0	-0	0	0	-0.061
269.6	NaN	559	NaN	572	3	362	0	0	0	407	0	-0	0	0	0	0	0	-0	0	-0.038
269.7	NaN	562	NaN	574	2	361	0	0	0	407	0	-0	-0	-0	0	0	0	-0	0	-0.031
269.8	NaN	560	NaN	572	1	360	0	0	0	410	0	0	-0	-0	0	-0	0	-0	0	-0.042
269.9	NaN	558	NaN	572	1	360	0	0	0	408	-0	0	-0	0	0	-0	-0	0	0	-0.059
270	NaN	561	NaN	572	1	359	0	0	0	408	0	-0	0	-0	0	-0	0	-0	0	-0.075
270.1	NaN	558	NaN	572	3	362	0	0	0	407	0	-0	-0	-0	0	0	0	0	0	-0.042
270.2	NaN	559	NaN	572	2	360	0	0	0	408	-0	-0	0	0	0	0	0	0	0	-0.058
270.3	NaN	562	NaN	572	2	360	0	0	0	409	0	-0	0	-0	0	0	0	-0	0	-0.078
270.4	NaN	557	NaN	572	1	359	0	0	0	407	0	0	0	-0	0	-0	0	-0	0	-0.08
270.5	NaN	557	NaN	572	1	359	0	0	0	407	0	0	0	-0	0	-0	0	-0	0	-0.05
270.6	NaN	557	NaN	572	1	359	0	0	0	407	0	0	0	-0	0	-0	0	-0	0	-0.058
270.7	NaN	557	NaN	572	1	359	0	0	0	407	0	0	0	-0	0	-0	0	-0	0	-0.026
270.8	NaN	557	NaN	572	1	359	0	0	0	407	0	0	0	-0	0	-0	0	-0	0	-0.052
270.9	NaN	557	NaN	572	1	359	0	0	0	407	0	0	0	-0	0	-0	0	-0	0	-0.032
271	NaN	557	NaN	572	1	359	0	0	0	407	0	0	0	-0	0	-0	0	-0	0	-0.05
271.1	NaN	557	NaN	572	1	359	0	0	0	407	0	0	0	-0	0	-0	0	-0	0	-0.024
271.2	NaN	557	NaN	572	1	359	0	0	0	407	0	0	0	-0	0	-0	0	-0	0	-0.042
271.3	NaN	557	NaN	572	1	359	0	0	0	407	0	0	0	-0	0	-0	0	-0	0	-0.056
271.4	NaN	557	NaN	572	1	359	0	0	0	407	0	0	0	-0	0	-0	0	-0	0	-0.053
271.5	NaN	557	NaN	572	1	359	0	0	0	407	0	0	0	-0	0	-0	0	-0	0	-0.033
271.6	NaN	557	NaN	572	1	359	0	0	0	407	0	0	0	-0	0	-0	0	-0	0	-0.046
271.7	NaN	557	NaN	572	1	359	0	0	0	407	0	0	0	-0	0	-0	0	-0	0	-0.035
271.8	NaN	557	NaN	572	1	359	0	0	0	407	0	0	0	-0	0	-0	0	-0	0	-0.031
271.9	NaN	557	NaN	572	1	359	0	0	0	407	0	0	0	-0	0	-0	0	-0	0	-0.029
272	NaN	557	NaN	572	1	359	0	0	0	407	0	0	0	-0	0	-0	0	-0	0	-0.064
272.1	NaN	557	NaN	572	1	359	0	0	0	407	0	0	0	-0	0	-0	0	-0	0	-0.035
272.2	NaN	557	NaN	572	1	359	0	0	0	407	0	0	0	-0	0	-0	0	-0	0	-0.06
272.3	NaN	557	NaN	572	1	359	0	0	0	407	0	0	0	-0	0	-0	0	-0	0	-0.04
272.4	NaN	557	NaN	572	1	359	0	0	0	407	0	0	0	-0	0	-0	0	-0	0	-0.023
272.5	NaN	557	NaN	572	1	359	0	0	0	407	0	0	0	-0	0	-0	0	-0	0	-0.074
272.6	NaN	557	NaN	572	1	359	0	0	0	407	0	0	0	-0	0	-0	0	-0	0	-0.024
272.7	NaN	557	NaN	572	1	359	0	0	0	407	0	0	0	-0	0	-0	0	-0	0	-0.065
272.8	NaN	557	NaN	572	1	359	0	0	0	407	0	0	0	-0	0	-0	0	-0	0	-0.046
272.9	NaN	557	NaN	572	1	359	0	0	0	407	0	0	0	-0	0	-0	0	-0	0	-0.052
273	NaN	557	NaN	572	1	359	0	0	0	407	0	0	0	-0	0	-0	0	-0	0	-0.054
273.1	NaN	557	NaN	572	1	359	0	0	0	407	0	0	0	-0	0	-0	0	-0	0	-0.032
273.2	NaN	557	NaN	572	1	359	0	0	0	407	0	0	0	-0	0	-0	0	-0	0	-0.061
273.3	NaN	557	NaN	572	1	359	0	0	0	407	0	0	0	-0	0	-0	0	-0	0	-0.062
273.4	NaN	557	NaN	572	1	359	0	0	0	407	0	0	0	-0	0	-0	0	-0	0	-0.046
273.5	NaN	557	NaN	572	1	359	0	0	0	407	0	0	0	-0	0	-0	0	-0	0	-0.035
273.6	NaN	557	NaN	572	1	359	0	0	0	407	0	0	0	-0	0	-0	0	-0	0	-0.029
273.7	NaN	557	NaN	572	1	359	0	0	0	407	0	0	0	-0	0	-0	0	-0	0	-0.049
273.8	NaN	557	NaN	572	1	359	0	0	0	407	0	0	0	-0	0	-0	0	-0	0	-0.023
273.9	NaN	557	NaN	572	1	359	0	0	0	407	0	0	0	-0	0	-0	0	-0	0	-0.047
274	NaN	557	NaN	572	1	359	0	0	0	407	0	0	0	-0	0	-0	0	-0	0	-0.034
274.1	NaN	557	NaN	572	1	359	0	0	0	407	0	0	0	-0	0	-0	0	-0	0	-0.039
274.2	NaN	557	NaN	572	1	359	0	0	0	407	0	0	0	-0	0	-0	0	-0	0	-0.049
274.3	NaN	557	NaN	572	1	359	0	0	0	407	0	0	0	-0	0	-0	0	-0	0	-0.059
274.4	NaN	557	NaN	572	1	359	0	0	0	407	0	0	0	-0	0	-0	0	-0	0	-0.043
274.5	NaN	557	NaN	572	1	359	0	0	0	407	0	0	0	-0	0	-0	0	-0	0	-0.068
274.6	NaN	557	NaN	572	1	359	0	0	0	407	0	0	0	-0	0	-0	0	-0	0	-0.043
274.7	NaN	557	NaN	572	1	359	0	0	0	407	0	0	0	-0	0	-0	0	-0	0	-0.045
274.8	NaN	557	NaN	572	1	359	0	0	0	407	0	0	0	-0	0	-0	0	-0	0	-0.069
274.9	NaN	557	NaN	572	1	359	0	0	0	407	0	0	0	-0	0	-0	0	-0	0	-0.035
275	NaN	557	NaN	572	1	359	0	0	0	407	0	0	0	-0	0	-0	0	-0	0	-0.055
275.1	NaN	557	NaN	572	1	359	0	0	0	407	0	0	0	-0	0	-0	0	-0	0	-0.059
275.2	NaN	557	NaN	572	1	359	0	0	0	407	0	0	0	-0	0	-0	0	-0	0	-0.05
275.3	NaN	557	NaN	572	1	359	0	0	0	407	0	0	0	-0	0	-0	0	-0	0	-0.05
275.4	NaN	557	NaN	572	1	359	0	0	0	407	0	0	0	-0	0	-0	0	-0	0	-0.065
275.5	NaN	557	NaN	572	1	359	0	0	0	407	0	0	0	-0	0	-0	0	-0	0	-0.068
275.6	NaN	557	NaN	572	1	359	0	0	0	407	0	0	0	-0	0	-0	0	-0	0	-0.059
275.7	NaN	557	NaN	572	1	359	0	0	0	407	0	0	0	-0	0	-0	0	-0	0	-0.072
275.8	NaN	557	NaN	572	1	359	0	0	0	407	0	0	0	-0	0	-0	0	-0	0	-0.037
275.9	NaN	557	NaN	572	1	359	0	0	0	407	0	0	0	-0	0	-0	0	-0	0	-0.053
276	NaN	557	NaN	572	1	359	0	0	0	407	0	0	0	-0	0	-0	0	-0	0	-0.06
276.1	NaN	557	NaN	572	1	359	0	0	0	407	0	0	0	-0	0	-0	0	-0	0	-0.043
276.2	NaN	557	NaN	572	1	359	0	0	0	407	0	0	0	-0	0	-0	0	-0	0	-0.054
276.3	NaN	557	NaN	572	1	359	0	0	0	407	0	0	0	-0	0	-0	0	-0	0	-0.042
276.4	NaN	557	NaN	572	1	359	0	0	0	407	0	0	0	-0	0	-0	0	-0	0	-0.065
276.5	NaN	557	NaN	572	1	359	0	0	0	407	0	0	0	-0	0	-0	0	-0	0	-0.05
276.6	NaN	557	NaN	572	1	359	0	0	0	407	0	0	0	-0	0	-0	0	-0	0	-0.036
276.7	NaN	557	NaN	572	1	359	0	0	0	407	0	0	0	-0	0	-0	0	-0	0	-0.066
276.8	NaN	557	NaN	572	1	359	0	0	0	407	0	0	0	-0	0	-0	0	-0	0	-0.061
276.9	NaN	557	NaN	572	1	359	0	0	0	407	0	0	0	-0	0	-0	0	-0	0	-0.014
277	NaN	557	NaN	572	1	359	0	0	0	407	0	0	0	-0	0	-0	0	-0	0	-0.064
277.1	NaN	557	NaN	572	1	359	0	0	0	407	0	0	0	-0	0	-0	0	-0	0	-0.029
277.2	NaN	557	NaN	572	1	359	0	0	0	407	0	0	0	-0	0	-0	0	-0	0	-0.052
277.3	NaN	557	NaN	572	1	359	0	0	0	407	0	0	0	-0	0	-0	0	-0	0	-0.063
277.4	NaN	557	NaN	572	1	359	0	0	0	407	0	0	0	-0	0	-0	0	-0	0	-0.058
277.5	NaN	557	NaN	572	1	359	0	0	0	407	0	0	0	-0	0	-0	0	-0	0	-0.043
277.6	NaN	557	NaN	572	1	359	0	0	0	407	0	0	0	-0	0	-0	0	-0	0	-0.028
277.7	NaN	557	NaN	572	1	359	0	0	0	407	0	0	0	-0	0	-0	0	-0	0	-0.046
277.8	NaN	557	NaN	572	1	359	0	0	0	407	0	0	0	-0	0	-0	0	-0	0	-0.046
277.9	NaN	557	NaN	572	1	359	0	0	0	407	0	0	0	-0	0	-0	0	-0	0	-0.044
278	NaN	557	NaN	572	1	359	0	0	0	407	0	0	0	-0	0	-0	0	-0	0	-0.059
278.1	NaN	557	NaN	572	1	359	0	0	0	407	0	0	0	-0	0	-0	0	-0	0	-0.045
278.2	NaN	557	NaN	572	1	359	0	0	0	407	0	0	0	-0	0	-0	0	-0	0	-0.029
278.3	NaN	557	NaN	572	1	359	0	0	0	407	0	0	0	-0	0	-0	0	-0	0	-0.034
278.4	NaN	557	NaN	572	1	359	0	0	0	407	0	0	0	-0	0	-0	0	-0	0	-0.09
278.5	NaN	557	NaN	572	1	359	0	0	0	407	0	0	0	-0	0	-0	0	-0	0	-0.059
278.6	NaN	557	NaN	572	1	359	0	0	0	407	0	0	0	-0	0	-0	0	-0	0	-0.053
278.7	NaN	557	NaN	572	1	359	0	0	0	407	0	0	0	-0	0	-0	0	-0	0	-0.042
278.8	NaN	557	NaN	572	1	359	0	0	0	407	0	0	0	-0	0	-0	0	-0	0	-0.044
278.9	NaN	557	NaN	572	1	359	0	0	0	407	0	0	0	-0	0	-0	0	-0	0	-0.044
279	NaN	557	NaN	572	1	359	0	0	0	407	0	0	0	-0	0	-0	0	-0	0	-0.067
279.1	NaN	557	NaN	572	1	359	0	0	0	407	0	0	0	-0	0	-0	0	-0	0	-0.061
279.2	NaN	557	NaN	572	1	359	0	0	0	407	0	0	0	-0	0	-0	0	-0	0	-0.028
279.3	NaN	557	NaN	572	1	359	0	0	0	407	0	0	0	-0	0	-0	0	-0	0	-0.042
279.4	NaN	557	NaN	572	1	359	0	0	0	407	0	0	0	-0	0	-0	0	-0	0	-0.046
279.5	NaN	557	NaN	572	1	359	0	0	0	407	0	0	0	-0	0	-0	0	-0	0	-0.048
279.6	NaN	557	NaN	572	1	359	0	0	0	407	0	0	0	-0	0	-0	0	-0	0	-0.016
279.7	NaN	557	NaN	572	1	359	0	0	0	407	0	0	0	-0	0	-0	0	-0	0	-0.043
279.8	NaN	557	NaN	572	1	359	0	0	0	407	0	0	0	-0	0	-0	0	-0	0	-0.04
279.9	NaN	557	NaN	572	1	359	0	0	0	407	0	0	0	-0	0	-0	0	-0	0	-0.04
280	NaN	557	NaN	572	1	359	0	0	0	407	0	0	0	-0	0	-0	0	-0	0	0.005
280.1	NaN	557	NaN	572	1	359	0	0	0	407	0	0	0	-0	0	-0	0	-0	0	-0.033
280.2	NaN	557	NaN	572	1	359	0	0	0	407	0	0	0	-0	0	-0	0	-0	0	-0.02
280.3	NaN	557	NaN	572	1	359	0	0	0	407	0	0	0	-0	0	-0	0	-0	0	-0.029
280.4	NaN	557	NaN	572	1	359	0	0	0	407	0	0	0	-0	0	-0	0	-0	0	-0.039
280.5	NaN	557	NaN	572	1	359	0	0	0	407	0	0	0	-0	0	-0	0	-0	0	-0.033
280.6	NaN	557	NaN	572	1	359	0	0	0	407	0	0	0	-0	0	-0	0	-0	0	-0.045
280.7	NaN	557	NaN	572	1	359	0	0	0	407	0	0	0	-0	0	-0	0	-0	0	-0.032
280.8	NaN	557	NaN	572	1	359	0	0	0	407	0	0	0	-0	0	-0	0	-0	0	-0.035
280.9	NaN	557	NaN	572	1	359	0	0	0	407	0	0	0	-0	0	-0	0	-0	0	-0.065
281	NaN	557	NaN	572	1	359	0	0	0	407	0	0	0	-0	0	-0	0	-0	0	-0.033
281.1	NaN	557	NaN	572	1	359	0	0	0	407	0	0	0	-0	0	-0	0	-0	0	-0.057
281.2	NaN	557	NaN	572	1	359	0	0	0	407	0	0	0	-0	0	-0	0	-0	0	-0.047
281.3	NaN	557	NaN	572	1	359	0	0	0	407	0	0	0	-0	0	-0	0	-0	0	-0.052
281.4	NaN	557	NaN	572	1	359	0	0	0	407	0	0	0	-0	0	-0	0	-0	0	-0.016
281.5	NaN	557	NaN	572	1	359	0	0	0	407	0	0	0	-0	0	-0	0	-0	0	-0.03
281.6	NaN	557	NaN	572	1	359	0	0	0	407	0	0	0	-0	0	-0	0	-0	0	-0.066
281.7	NaN	557	NaN	572	1	359	0	0	0	407	0	0	0	-0	0	-0	0	-0	0	-0.005
281.8	NaN	557	NaN	572	1	359	0	0	0	407	0	0	0	-0	0	-0	0	-0	0	-0.045
281.9	NaN	557	NaN	572	1	359	0	0	0	407	0	0	0	-0	0	-0	0	-0	0	-0.034
282	NaN	557	NaN	572	0	359	0	0	0	0	0	0	0	-0	0	-0	0	-0	0	-0.029
282.1	NaN	508	NaN	350	0	364	0	0	0	0	0	0	0	-0	0	-0	0	-0	0	-0.037
282.2	NaN	508	NaN	350	0	364	0	0	0	0	0	0	0	-0	0	-0	0	-0	0	-0.01
282.3	NaN	508	NaN	350	0	364	0	0	0	0	0	0	0	-0	0	-0	0	-0	0	-0.04
282.4	NaN	508	NaN	350	0	364	0	0	0	0	0	0	0	-0	0	-0	0	-0	0	-0.037
282.5	NaN	508	NaN	350	0	364	0	0	0	0	0	0	0	-0	0	-0	0	-0	0	-0.041
282.6	NaN	508	NaN	350	0	364	0	0	0	0	0	0	0	-0	0	-0	0	-0	0	-0.048
282.7	NaN	508	NaN	350	0	364	0	0	0	0	0	0	0	-0	0	-0	0	-0	0	-0.047
282.8	NaN	508	NaN	350	0	364	0	0	0	0	0	0	0	-0	0	-0	0	-0	0	-0.061
282.9	NaN	508	NaN	350	0	364	0	0	0	0	0	0	0	-0	0	-0	0	-0	0	-0.038
283	NaN	508	NaN	350	0	364	0	0	0	0	0	0	0	-0	0	-0	0	-0	0	-0.026
283.1	NaN	508	NaN	350	0	364	0	0	0	0	0	0	0	-0	0	-0	0	-0	0	-0.044
283.2	NaN	508	NaN	350	0	364	0	0	0	0	0	0	0	-0	0	-0	0	-0	0	-0.018
283.3	NaN	508	NaN	350	0	364	0	0	0	0	0	0	0	-0	0	-0	0	-0	0	-0.04
283.4	NaN	508	NaN	350	0	364	0	0	0	0	0	0	0	-0	0	-0	0	-0	0	-0.038
283.5	NaN	508	NaN	350	0	364	0	0	0	0	0	0	0	-0	0	-0	0	-0	0	-0.03
283.6	NaN	508	NaN	350	0	364	0	0	0	0	0	0	0	-0	0	-0	0	-0	0	-0.046
283.7	NaN	508	NaN	350	0	364	0	0	0	0	0	0	0	-0	0	-0	0	-0	0	-0.037
283.8	NaN	508	NaN	350	0	364	0	0	0	0	0	0	0	-0	0	-0	0	-0	0	-0.053
283.9	NaN	508	NaN	350	0	364	0	0	0	0	0	0	0	-0	0	-0	0	-0	0	-0.047
284	NaN	508	NaN	350	0	364	0	0	0	0	0	0	0	-0	0	-0	0	-0	0	-0.027
284.1	NaN	508	NaN	350	0	364	0	0	0	0	0	0	0	-0	0	-0	0	-0	0	-0.034
284.2	NaN	508	NaN	350	0	364	0	0	0	0	0	0	0	-0	0	-0	0	-0	0	-0.038
284.3	NaN	508	NaN	350	0	364	0	0	0	0	0	0	0	-0	0	-0	0	-0	0	-0.035
284.4	NaN	508	NaN	350	0	364	0	0	0	0	0	0	0	-0	0	-0	0	-0	0	-0.072
284.5	NaN	508	NaN	350	0	364	0	0	0	0	0	0	0	-0	0	-0	0	-0	0	-0.031
284.6	NaN	508	NaN	350	0	364	0	0	0	0	0	0	0	-0	0	-0	0	-0	0	-0.062
284.7	NaN	508	NaN	350	0	364	0	0	0	0	0	0	0	-0	0	-0	0	-0	0	-0.04
284.8	NaN	508	NaN	350	0	364	0	0	0	0	0	0	0	-0	0	-0	0	-0	0	-0.031
284.9	NaN	508	NaN	350	0	364	0	0	0	0	0	0	0	-0	0	-0	0	-0	0	-0.023
285	NaN	508	NaN	350	0	364	0	0	0	0	0	0	0	-0	0	-0	0	-0	0	-0.054
285.1	NaN	508	NaN	350	0	364	0	0	0	0	0	0	0	-0	0	-0	0	-0	0	-0.055
285.2	NaN	508	NaN	350	0	364	0	0	0	0	0	0	0	-0	0	-0	0	-0	0	-0.038
285.3	NaN	508	NaN	350	0	364	0	0	0	0	0	0	0	-0	0	-0	0	-0	0	-0.056
285.4	NaN	508	NaN	350	0	364	0	0	0	0	0	0	0	-0	0	-0	0	-0	0	-0.042
285.5	NaN	508	NaN	350	0	364	0	0	0	0	0	0	0	-0	0	-0	0	-0	0	-0.041
285.6	NaN	508	NaN	350	0	364	0	0	0	0	0	0	0	-0	0	-0	0	-0	0	-0.02
285.7	NaN	508	NaN	350	0	364	0	0	0	0	0	0	0	0	0	-0	0	-0	0	-0.077
285.8	NaN	508	NaN	350	0	364	0	0	0	0	0	-905	0	272	-0	-221	0	-0	0	-0.038
285.9	NaN	508	NaN	350	0	364	0	0	0	0	0	-905	0	272	-0	-221	0	-0	0	-0.043
286	NaN	508	NaN	350	0	364	0	0	0	0	0	-905	0	272	-0	-221	0	-0	0	-0.054
286.1	NaN	508	NaN	350	0	364	0	0	0	0	0	-905	0	272	-0	-221	0	-0	0	-0.041
286.2	NaN	508	NaN	350	0	364	0	0	0	0	0	-905	0	272	-0	-221	0	0	0	-0.05
286.3	NaN	508	NaN	350	0	364	0	0	0	0	0	-905	0	272	-0	-221	0	405	0	-0.057
286.4	NaN	508	NaN	350	0	364	0	0	0	0	0	-905	0	272	-0	-221	0	405	0	-0.041
286.5	NaN	508	NaN	350	0	364	0	0	0	0	0	-905	0	272	-0	-221	0	405	0	-0.037
286.6	NaN	508	NaN	350	0	364	0	0	0	0	0	-905	0	272	-0	-221	0	405	0	-0.044
286.7	NaN	508	NaN	350	0	364	0	0	0	0	0	-905	0	272	-0	-221	0	405	0	-0.037
286.8	NaN	508	NaN	350	0	364	0	0	0	0	0	-905	0	272	-0	-221	0	405	0	-0.024
286.9	NaN	508	NaN	350	0	364	0	0	0	0	0	-905	0	272	-0	-221	0	405	0	-0.038
287	NaN	508	NaN	350	0	364	0	0	0	0	0	-905	0	272	-0	-221	0	405	0	-0.043
287.1	NaN	508	NaN	350	0	364	0	0	0	0	0	-905	0	272	-0	-221	0	405	0	-0.018
287.2	NaN	508	NaN	350	0	364	0	0	0	0	0	-905	0	272	-0	-221	0	405	0	-0.057
287.3	NaN	508	NaN	350	0	364	0	0	0	0	0	-905	0	272	-0	-221	0	405	0	-0.036
287.4	NaN	508	NaN	350	0	364	0	0	0	0	0	-905	0	272	-0	-221	0	405	0	-0.033
287.5	NaN	508	NaN	350	0	364	0	0	0	0	0	-905	0	272	-0	-221	0	405	0	-0.061
287.6	NaN	508	NaN	350	0	364	0	0	0	0	0	-905	0	272	-0	-221	0	405	0	-0.052
287.7	NaN	508	NaN	350	0	364	0	0	0	0	0	-905	0	272	-0	-221	0	405	0	-0.057
287.8	NaN	508	NaN	350	0	364	0	0	0	0	0	-905	0	272	-0	-221	0	405	0	-0.018
287.9	NaN	508	NaN	350	0	364	0	0	0	0	0	-905	0	272	-0	-221	0	405	0	-0.039
288	NaN	508	NaN	350	0	364	0	0	0	0	0	-905	0	272	-0	-221	0	405	0	-0.037
288.1	NaN	508	NaN	350	0	364	0	0	0	0	0	-905	0	272	-0	-221	0	405	0	-0.048
288.2	NaN	508	NaN	350	0	364	0	0	0	0	0	-905	0	272	-0	-221	0	405	0	-0.039
288.3	NaN	508	NaN	350	0	364	0	0	0	0	0	-905	0	272	-0	-221	0	405	0	-0.036
288.4	NaN	508	NaN	350	0	364	0	0	0	0	0	-905	0	272	-0	-221	0	405	0	-0.051
288.5	NaN	508	NaN	350	0	364	0	0	0	0	0	-905	0	272	-0	-221	0	405	0	-0.024
288.6	NaN	508	NaN	350	0	364	0	0	0	0	0	-905	0	272	-0	-221	0	405	0	-0.053
288.7	NaN	508	NaN	350	0	364	0	0	0	0	0	-905	0	272	-0	-221	0	405	0	-0.045
288.8	NaN	508	NaN	350	0	364	0	0	0	0	0	-905	0	272	-0	-221	0	405	0	-0.05
288.9	NaN	508	NaN	350	0	364	0	0	0	0	0	-905	0	272	-0	-221	0	405	0	-0.023
289	NaN	508	NaN	350	0	364	0	0	0	0	0	-905	0	272	-0	-221	0	405	0	-0.027
289.1	NaN	508	NaN	350	0	364	0	0	0	0	0	-905	0	272	-0	-221	0	405	0	-0.047
289.2	NaN	508	NaN	350	0	364	0	0	0	0	0	-905	0	272	-0	-221	0	405	0	-0.037
289.3	NaN	508	NaN	350	0	364	0	0	0	0	0	-905	0	272	-0	-221	0	405	0	-0.031
289.4	NaN	508	NaN	350	0	364	0	0	0	0	0	-905	0	272	-0	-221	0	405	0	-0.061
289.5	NaN	508	NaN	350	0	364	0	0	0	0	0	-905	0	272	-0	-221	0	405	0	-0.034
289.6	NaN	508	NaN	350	0	364	0	0	0	0	0	-905	0	272	-0	-221	0	405	0	-0.06
289.7	NaN	508	NaN	350	0	364	0	0	0	0	0	-905	0	272	-0	-221	0	405	0	-0.05
289.8	NaN	508	NaN	350	0	364	0	0	0	0	0	-905	0	272	-0	-221	0	405	0	-0.065
289.9	NaN	508	NaN	350	0	364	0	0	0	0	0	-905	0	272	-0	-221	0	405	0	-0.064
290	NaN	508	NaN	350	0	364	0	0	0	0	0	-905	0	272	-0	-221	0	405	0	-0.027
290.1	NaN	508	NaN	350	0	364	0	0	0	0	0	-905	0	272	-0	-221	0	405	0	-0.032
290.2	NaN	508	NaN	350	0	364	0	0	0	0	0	-905	0	272	-0	-221	0	405	0	-0.027
290.3	NaN	508	NaN	350	0	364	0	0	0	0	0	-905	0	272	-0	-221	0	405	0	-0.067
290.4	NaN	508	NaN	350	0	364	0	0	0	0	0	-905	0	272	-0	-221	0	405	0	-0.049
290.5	NaN	508	NaN	350	0	364	0	0	0	0	0	-905	0	272	-0	-221	0	405	0	-0.046
290.6	NaN	508	NaN	350	0	364	0	0	0	0	0	-905	0	272	-0	-221	0	405	0	-0.032
290.7	NaN	508	NaN	350	0	364	0	0	0	0	0	-905	0	272	-0	-221	0	405	0	-0.031
290.8	NaN	508	NaN	350	0	364	0	0	0	0	0	-905	0	272	-0	-221	0	405	0	-0.041
290.9	NaN	508	NaN	350	0	364	0	0	0	0	0	-905	0	272	-0	-221	0	405	0	-0.043
291	NaN	508	NaN	350	0	364	0	0	0	0	0	-905	0	272	-0	-221	0	405	0.001	-0.038
291.1	NaN	508	NaN	350	0	364	0	0	0	0	0	-905	0	272	-0	-221	0	405	0.005	-0.04
291.2	NaN	508	NaN	350	0	364	0	0	0	0	0	-905	0	272	-0	-221	0	405	0.005	-0.064
291.3	NaN	508	NaN	350	0	364	0	0	0	0	0	-905	0	272	-0	-221	0	405	-0.007	-0.053
291.4	NaN	508	NaN	350	0	364	0	0	0	0	0	-905	0	272	-0	-221	0	405	0.002	-0.022
291.5	NaN	508	NaN	350	0	364	0	0	0	0	0	-905	0	272	-0	-221	0	405	0.003	-0.044
291.6	NaN	508	NaN	350	0	364	0	0	0	0	0	-905	0	272	-0	-221	0	405	0.004	-0.052
291.7	NaN	508	NaN	350	0	364	0	0	0	0	0	-905	0	272	-0	-221	0	405	0.001	-0.029
291.8	NaN	508	NaN	350	0	364	0	0	0	0	0	-905	0	272	-0	-221	0	405	0.03	-0.05
291.9	NaN	508	NaN	350	0	364	0	0	0	0	0	-905	0	272	-0	-221	0	405	0.035	-0.043
292	NaN	508	NaN	350	0	364	0	0	0	0	0	-905	0	272	-0	-221	0	405	0.038	-0.049
292.1	NaN	508	NaN	350	0	364	0	0	0	0	0	-905	0	272	-0	-221	0	405	0.027	-0.041
292.2	NaN	508	NaN	350	0	364	0	0	0	0	0	-905	0	272	-0	-221	0	405	0.005	-0.047
292.3	NaN	508	NaN	350	0	364	0	0	0	0	0	-905	0	272	-0	-221	0	405	0.006	-0.045
292.4	NaN	508	NaN	350	0	364	0	0	0	0	0	-905	0	272	-0	-221	0	405	0.005	-0.046
292.5	NaN	508	NaN	350	0	364	0	0	0	0	0	-905	0	272	-0	-221	0	405	-0.01	-0.059
292.6	NaN	508	NaN	350	0	364	0	0	0	0	0	-905	0	272	-0	-221	0	405	-0.011	-0.026
292.7	NaN	508	NaN	350	0	364	0	0	0	0	0	-905	0	272	-0	-221	0	405	-0.011	-0.027
292.8	NaN	508	NaN	350	0	364	0	0	0	0	0	-905	0	272	-0	-221	0	405	-0.011	-0.039
292.9	NaN	508	NaN	350	0	364	0	0	0	0	0	-905	0	272	-0	-221	0	405	-0.028	-0.03
293	NaN	508	NaN	350	0	364	0	0	0	0	0	-905	0	272	-0	-221	0	405	-0.026	-0.056
293.1	NaN	508	NaN	350	0	364	0	0	0	0	0	-905	0	272	-0	-221	0	405	-0.002	-0.019
293.2	NaN	508	NaN	350	0	364	0	0	0	0	0	-905	0	272	-0	-221	0	405	-0.001	-0.048
293.3	NaN	508	NaN	350	0	364	0	0	0	0	0	-905	0	272	-0	-221	0	405	0.016	-0.042
293.4	NaN	508	NaN	350	0	364	0	0	0	0	0	-905	0	272	-0	-221	0	405	0.017	-0.027
293.5	NaN	508	NaN	350	0	364	0	0	0	0	0	-905	0	272	-0	-221	0	405	-0.004	-0.049
293.6	NaN	508	NaN	350	0	364	0	0	0	0	0	-905	0	272	-0	-221	0	405	-0.004	-0.04
293.7	NaN	508	NaN	350	0	364	0	0	0	187	0	-905	0	272	-0	-221	0	405	-0.02	-0.041
293.8	NaN	508	NaN	350	0	364	0	0	0	192	0	-905	0	272	-0	-221	0	405	-0.023	-0.057
293.9	NaN	566	NaN	572	1	359	0	0	0	194	0	-905	0	272	-0	-221	0	405	-0.021	-0.059
294	NaN	562	NaN	574	2	362	0	0	0	195	0	-905	0	272	-0	-221	0	405	-0.022	-0.035
294.1	NaN	571	NaN	576	2	358	0	0	0	194	0	-905	0	272	-0	-221	0	405	-0.033	-0.064
294.2	NaN	566	NaN	576	3	361	0	0	0	195	0	-905	0	272	-0	-221	0	405	-0.035	-0.045
294.3	NaN	570	NaN	575	1	358	0	0	0	194	0	-905	0	272	-0	-221	0	405	-0.022	-0.052
294.4	NaN	569	NaN	574	3	359	0	0	0	195	0	-905	0	272	-0	-221	0	405	-0.023	-0.05
294.5	NaN	567	NaN	576	1	360	0	0	0	195	0	-905	0	272	-0	-221	0	405	0.002	0.007
294.6	NaN	570	NaN	575	1	357	0	0	0	194	0	-905	0	272	-0	-221	0	405	-0.016	-0.001
294.7	NaN	564	NaN	574	2	358	0	0	0	194	0	-905	0	272	-0	-221	0	405	-0.016	-0.038
294.8	NaN	566	NaN	574	1	361	0	0	0	195	0	-905	0	272	-0	-221	0	405	0.005	-0.045
294.9	NaN	565	NaN	574	2	362	0	0	0	195	0	-905	0	272	-0	-221	0	405	0.007	-0.03
295	NaN	565	NaN	574	3	360	0	0	0	195	0	-905	0	272	-0	-221	0	405	0.004	-0.038
295.1	NaN	566	NaN	574	1	359	0	0	0	195	0	-905	0	272	-0	-221	0	405	0.006	-0.05
295.2	NaN	567	NaN	575	2	359	0	0	0	195	0	-905	0	272	-0	-221	0	405	0.005	-0.031
295.3	NaN	568	NaN	574	1	359	0	0	0	195	0	-905	0	272	-0	-221	0	405	0.006	-0.049
295.4	NaN	570	NaN	573	1	358	0	0	0	195	0	-905	0	272	-0	-221	0	405	0.003	-0.046
295.5	NaN	563	NaN	573	1	363	0	0	0	195	0	-905	0	272	-0	-221	0	405	0.003	-0.029
295.6	NaN	564	NaN	574	3	361	0	0	0	195	0	-905	0	272	-0	-221	0	405	-0	-0.063
295.7	NaN	562	NaN	573	2	362	0	0	0	194	0	-905	0	272	-0	-221	0	405	-0.001	-0.072
295.8	NaN	566	NaN	573	2	360	0	0	0	194	0	-905	0	272	-0	-221	0	405	-0	-0.036
295.9	NaN	569	NaN	573	3	358	0	0	0	195	0	-905	0	272	-0	-221	0	405	-0.004	-0.048
296	NaN	568	NaN	571	1	360	0	0	0	195	0	-905	0	272	-0	-221	0	405	-0.002	-0.042
296.1	NaN	563	NaN	573	1	361	0	0	0	194	0	-905	0	272	-0	-221	0	405	0.002	-0.033
296.2	NaN	564	NaN	571	2	360	0	0	0	195	0	-905	0	272	-0	-221	0	405	0.003	-0.026
296.3	NaN	566	NaN	571	3	360	0	0	0	195	0	-905	0	272	-0	-221	0	405	0.001	-0.046
296.4	NaN	569	NaN	571	1	358	0	0	0	195	0	-905	0	272	-0	-221	0	405	0.001	-0.058
296.5	NaN	567	NaN	571	0	358	0	0	0	194	0	-905	0	272	-0	-221	0	405	0.005	-0.047
296.6	NaN	566	NaN	572	2	362	0	0	0	195	0	-905	0	272	-0	-221	0	405	0.006	-0.033
296.7	NaN	561	NaN	573	1	362	0	0	0	195	0	-905	0	272	-0	-221	0	405	0.009	-0.038
296.8	NaN	568	NaN	573	2	360	0	0	0	195	0	-905	0	272	-0	-221	0	405	0.011	-0.053
296.9	NaN	566	NaN	572	1	364	0	0	0	195	0	-905	0	272	-0	-221	0	405	0.022	-0.046
297	NaN	562	NaN	571	2	362	0	0	0	195	0	-905	0	272	-0	-221	0	405	0.024	-0.054
297.1	NaN	564	NaN	571	1	359	0	0	0	195	0	-905	0	272	-0	-221	0	405	0.027	-0.065
297.2	NaN	562	NaN	572	3	362	0	0	0	195	0	-905	0	272	-0	-221	0	405	0.029	-0.059
297.3	NaN	565	NaN	573	1	359	0	0	0	195	0	-905	0	272	-0	-221	0	405	0.025	-0.049
297.4	NaN	567	NaN	573	0	359	0	0	0	195	0	-905	0	272	-0	-221	0	405	0.027	-0.03
297.5	NaN	561	NaN	571	3	363	0	0	0	195	0	-905	0	272	-0	-221	0	405	0.038	-0.029
297.6	NaN	566	NaN	572	1	360	0	0	0	194	0	-905	0	272	-0	-221	0	405	0.041	-0.037
297.7	NaN	569	NaN	571	3	364	0	0	0	195	0	-905	0	272	-0	-221	0	405	0.031	-0.045
297.8	NaN	563	NaN	571	3	363	0	0	0	195	0	-905	0	272	-0	-221	0	405	0.034	-0.055
297.9	NaN	562	NaN	571	3	360	0	0	0	195	0	-905	0	272	-0	-221	0	405	0.044	-0.031
298	NaN	568	NaN	571	1	359	0	0	0	195	0	-905	0	272	-0	-221	0	405	0.046	-0.059
298.1	NaN	562	NaN	571	3	362	0	0	0	194	0	-905	0	272	-0	-221	0	405	0.021	-0.061
298.2	NaN	565	NaN	571	2	360	0	0	0	195	0	-905	0	272	-0	-221	0	405	0.021	-0.036
298.3	NaN	566	NaN	571	1	358	0	0	0	194	0	-905	0	272	-0	-221	0	405	0.013	-0.052
298.4	NaN	562	NaN	569	2	360	0	0	0	194	0	-905	0	272	-0	-221	0	405	0.014	-0.023
298.5	NaN	561	NaN	570	3	359	0	0	0	61	0	-905	0	272	-0	-221	0	405	0.012	-0.042
298.6	NaN	566	NaN	571	4	360	0	0	0	269	0	-905	0	272	-0	-221	0	405	0.015	-0.025
298.7	NaN	567	NaN	570	2	360	0	0	0	269	0	-905	0	272	-0	-221	0	405	0.023	-0.05
298.8	NaN	559	NaN	571	4	364	0	0	0	269	0	-905	0	272	-0	-221	0	405	0.025	-0.013
298.9	NaN	559	NaN	571	1	363	0	0	0	269	0	-905	0	272	-0	-221	0	405	0.022	-0.071
299	NaN	563	NaN	571	2	362	0	0	0	270	0	-905	0	272	-0	-221	0	405	0.024	-0.023
299.1	NaN	564	NaN	570	1	361	0	0	0	270	0	-905	0	272	-0	-221	0	405	0.019	-0.075
299.2	NaN	564	NaN	570	1	359	0	0	0	271	0	-905	0	272	-0	-221	0	405	0.023	-0.029
299.3	NaN	561	NaN	571	2	361	0	0	0	270	0	-905	0	272	-0	-221	0	405	0.021	-0.087
299.4	NaN	560	NaN	572	1	358	0	0	0	270	0	-905	0	272	-0	-221	0	405	0.021	-0.024
299.5	NaN	559	NaN	570	4	362	0	0	0	271	0	-905	0	272	-0	-221	0	405	0.016	-0.075
299.6	NaN	559	NaN	570	3	359	0	0	0	287	0	-905	0	272	-0	-221	0	405	0.016	-0.022
299.7	NaN	566	NaN	570	2	358	0	0	0	424	0	-905	0	272	-0	-221	0	405	0.009	-0.058
299.8	NaN	566	NaN	571	2	360	0	0	0	407	0	-905	0	272	-0	-221	0	405	0.008	-0.04
299.9	NaN	568	NaN	570	0	359	0	0	0	408	0	-905	0	272	-0	-221	0	405	0.006	-0.036
300	NaN	561	NaN	570	3	360	0	0	0	407	0	-905	0	272	-0	-221	0	405	0.007	-0.045
300.1	NaN	560	NaN	571	2	363	0	0	0	408	0	-905	0	272	-0	-221	0	405	0.013	-0.046
300.2	NaN	560	NaN	569	1	363	0	0	0	408	0	-905	0	272	-0	-221	0	405	0.014	-0.057
300.3	NaN	560	NaN	570	2	361	0	0	0	409	0	-905	0	272	-0	-221	0	405	0.011	-0.058
300.4	NaN	560	NaN	570	2	358	0	0	0	407	0	-905	0	272	-0	-221	0	405	0.012	-0.031
300.5	NaN	563	NaN	569	3	360	0	0	0	407	0	-905	0	272	-0	-221	0	405	0.01	-0.023
300.6	NaN	559	NaN	569	2	362	0	0	0	407	0	-905	0	272	-0	-221	0	405	0.011	-0.033
300.7	NaN	561	NaN	569	3	362	0	0	0	408	0	-905	0	272	-0	-221	0	405	0.007	-0.039
300.8	NaN	561	NaN	570	4	362	0	0	0	405	0	-905	0	272	-0	-221	0	405	0.007	-0.047
300.9	NaN	560	NaN	568	3	359	0	0	0	406	0	-905	0	272	-0	-221	0	405	0.006	-0.072
301	NaN	562	NaN	569	0	362	0	0	0	407	0	-905	0	272	-0	-221	0	405	0.006	-0.043
301.1	NaN	561	NaN	569	1	359	0	0	0	407	0	-905	0	272	-0	-221	0	405	0.007	-0.053
301.2	NaN	560	NaN	569	3	364	0	0	0	407	0	0	0	-0	0	-0	0	405	0.018	-0.015
301.3	NaN	560	NaN	568	2	360	0	0	0	406	-0	-0	-0	-0	0	-0	0	405	0.018	-0.034
301.4	NaN	558	NaN	568	3	359	0	0	0	408	0	0	0	-0	0	0	0	405	0.019	-0.051
301.5	NaN	562	NaN	569	2	360	0	0	0	405	-0	0	0	-0	-0	-0	0	405	0.019	-0.035
301.6	NaN	557	NaN	570	0	361	0	0	0	405	0	-0	0	0	0	0	0	405	0.019	-0.044
301.7	NaN	564	NaN	568	1	358	0	0	0	407	-0	0	-0	-0	0	0	0	405	0.02	-0.062
301.8	NaN	564	NaN	570	2	359	0	0	0	408	-0	0	0	0	0	-0	0	405	0.019	-0.046
301.9	NaN	558	NaN	567	2	363	0	0	0	407	0	0	0	-0	0	0	0	405	0.021	-0.032
302	NaN	563	NaN	567	1	358	0	0	0	407	0	0	0	0	-0	-0	0	405	0.022	-0.009
302.1	NaN	558	NaN	570	3	363	0	0	0	407	0	-0	0	-0	0	0	0	405	0.023	-0.023
302.2	NaN	559	NaN	569	2	361	0	0	0	407	0	-0	0	-0	0	-0	0	405	0.022	-0.031
302.3	NaN	562	NaN	569	1	360	0	0	0	407	-0	0	0	-0	0	-0	-0	0	0.02	-0.068
302.4	NaN	559	NaN	569	2	361	0	0	0	407	-0	0	-0	0	-0	-0	0	0	0.02	-0.058
302.5	NaN	563	NaN	568	1	360	0	0	0	407	0	0	-0	-0	-0	-0	-0	-0	0.021	-0.04
302.6	NaN	563	NaN	568	2	358	0	0	0	407	-0	-0	0	-0	0	-0	0	0	0.022	-0.036
302.7	NaN	557	NaN	569	3	362	0	0	0	406	0	-0	0	0	0	-0	0	0	0.022	-0.029
302.8	NaN	559	NaN	569	3	358	0	0	0	407	-0	-0	-0	-0	0	-0	-0	0	0.018	-0.05
302.9	NaN	563	NaN	567	3	365	0	0	0	409	0	-0	0	0	0	0	0	0	0.018	-0.042
303	NaN	559	NaN	568	3	363	0	0	0	407	0	0	0	0	0	-0	-0	0	0.022	-0.046
303.1	NaN	558	NaN	567	1	362	0	0	0	409	0	-0	-0	0	0	0	0	-0	0.023	-0.043
303.2	NaN	557	NaN	568	2	361	0	0	0	410	-0	-0	0	-0	-0	0	0	-0	0.018	-0.043
303.3	NaN	556	NaN	570	3	362	0	0	0	409	-0	0	0	-0	0	0	0	-0	0.018	-0.027
303.4	NaN	557	NaN	569	2	360	0	0	0	406	-0	0	-0	0	0	-0	-0	0	0.024	-0.03
303.5	NaN	559	NaN	569	1	363	0	0	0	407	-0	-0	-0	-0	0	0	-0	0	0.023	-0.052
303.6	NaN	559	NaN	569	1	359	0	0	0	408	0	-0	0	0	0	0	-0	0	0.023	-0.066
303.7	NaN	559	NaN	568	3	359	0	0	0	407	-0	0	0	-0	0	0	0	-0	0.024	-0.033
303.8	NaN	558	NaN	568	1	361	0	0	0	407	0	-0	-0	0	0	0	-0	0	0.019	-0.033
303.9	NaN	556	NaN	568	2	360	0	0	0	407	0	-0	-0	-0	0	-0	0	-0	0.02	-0.049
304	NaN	556	NaN	569	3	362	0	0	0	408	-0	0	-0	-0	0	-0	-0	-0	0.021	-0.063
304.1	NaN	556	NaN	570	1	362	0	0	0	406	-0	-0	-0	-0	0	0	0	0	0.018	-0.059
304.2	NaN	563	NaN	568	4	362	0	0	0	407	0	-0	-0	0	0	-0	-0	0	0.02	-0.02
304.3	NaN	559	NaN	570	1	360	0	0	0	408	-0	-0	-0	0	-0	0	0	-0	0.02	-0.054
304.4	NaN	561	NaN	569	1	358	0	0	0	409	0	0	-0	0	0	0	-0	-0	0.021	-0.031
304.5	NaN	563	NaN	568	3	359	0	0	0	408	0	-0	0	-0	-0	0	-0	-0	0.02	-0.041
304.6	NaN	555	NaN	568	3	357	0	0	0	407	-0	0	-0	0	0	-0	-0	-0	0.021	-0.084
304.7	NaN	563	NaN	569	1	358	0	0	0	408	-0	-0	0	0	0	0	0	-0	0.022	-0.043
304.8	NaN	562	NaN	568	1	358	0	0	0	407	0	0	-0	0	0	-0	0	-0	0.021	-0.046
304.9	NaN	556	NaN	567	1	361	0	0	0	408	-0	0	-0	0	0	0	0	0	0.02	-0.037
305	NaN	562	NaN	567	1	359	0	0	0	407	-0	-0	-0	0	0	0	0	0	0.02	-0.05
305.1	NaN	557	NaN	568	2	361	0	0	0	408	0	-0	0	-0	0	-0	-0	-0	0.017	-0.038
305.2	NaN	558	NaN	569	1	359	0	0	0	409	-0	0	-0	-0	0	-0	-0	-0	0.02	-0.044
305.3	NaN	559	NaN	568	1	361	0	0	0	407	-0	0	-0	-0	0	-0	0	-0	0.02	-0.049
305.4	NaN	558	NaN	567	3	360	0	0	0	410	-0	-0	0	-0	0	0	0	-0	0.021	-0.011
305.5	NaN	560	NaN	566	2	361	0	0	0	408	-0	0	0	0	-0	0	-0	-0	0.02	-0.058
305.6	NaN	564	NaN	569	2	362	0	0	0	408	0	0	-0	-0	0	-0	0	-0	0.02	-0.035
305.7	NaN	560	NaN	568	3	364	0	0	0	407	0	0	0	0	0	-0	0	-0	0.027	-0.025
305.8	NaN	556	NaN	569	3	360	0	0	0	407	0	0	-0	-0	0	-0	0	-0	0.027	-0.058
305.9	NaN	563	NaN	567	4	361	0	0	0	408	-0	0	-0	0	0	-0	0	0	0.02	-0.039
306	NaN	560	NaN	567	3	358	0	0	0	410	0	-0	-0	-0	0	0	0	-0	0.02	-0.049
306.1	NaN	563	NaN	567	2	363	0	0	0	408	0	-0	-0	0	-0	0	-0	0	0.018	-0.067
306.2	NaN	558	NaN	567	3	362	0	0	0	406	0	-0	0	-0	0	-0	-0	-0	0.017	-0.053
306.3	NaN	556	NaN	567	4	364	0	0	0	409	0	0	0	-0	0	0	0	0	0.02	-0.035
306.4	NaN	556	NaN	568	2	362	0	0	0	409	0	0	-0	-0	0	0	0	-0	0.02	-0.072
306.5	NaN	559	NaN	567	2	362	0	0	0	407	0	-0	-0	0	-0	-0	0	0	0.019	-0.047
306.6	NaN	560	NaN	568	3	360	0	0	0	407	-0	0	-0	-0	0	-0	-0	0	0.019	-0.055
306.7	NaN	564	NaN	565	2	362	0	0	0	407	0	0	-0	0	0	-0	-0	0	0.018	-0.049
306.8	NaN	561	NaN	567	2	361	0	0	0	407	0	-0	-0	-0	0	0	0	0	0.014	-0.073
306.9	NaN	562	NaN	567	1	360	0	0	0	406	0	-0	0	-0	0	0	0	-0	0.014	-0.052
307	NaN	562	NaN	567	3	362	0	0	0	408	-0	-0	-0	-0	0	0	0	0	0.014	-0.047
307.1	NaN	561	NaN	566	2	361	0	0	0	409	-0	-0	-0	-0	0	0	0	0	0.014	-0.028
307.2	NaN	555	NaN	566	4	363	0	0	0	408	-0	0	-0	0	-0	0	0	0	0.016	-0.044
307.3	NaN	560	NaN	567	2	360	0	0	0	407	0	0	-0	0	-0	0	0	-0	0.017	-0.043
307.4	NaN	559	NaN	566	3	361	0	0	0	408	-0	0	-0	0	0	-0	-0	-0	0.016	-0.047
307.5	NaN	556	NaN	566	3	358	0	0	0	410	0	-0	0	-0	0	-0	-0	0	0.016	-0.061
307.6	NaN	562	NaN	565	1	361	0	0	0	407	-0	-0	0	0	0	-0	0	0	0.014	-0.046
307.7	NaN	555	NaN	566	1	360	0	0	0	410	-0	0	-0	-0	0	0	-0	-0	0.015	-0.054
307.8	NaN	562	NaN	565	2	359	0	0	0	409	0	0	-0	0	-0	-0	-0	0	0.021	-0.055
307.9	NaN	556	NaN	567	2	358	0	0	0	411	0	-0	-0	0	0	0	0	-0	0.02	-0.062
308	NaN	564	NaN	566	2	360	0	0	0	407	0	-0	-0	0	0	-0	0	0	0.021	-0.069
308.1	NaN	564	NaN	566	3	360	0	0	0	408	0	-0	-0	-0	0	0	-0	-0	0.018	-0.045
308.2	NaN	556	NaN	565	2	361	0	0	0	410	0	0	-0	0	0	-0	-0	-0	0.01	-0.058
308.3	NaN	560	NaN	567	2	359	0	0	0	409	0	0	0	0	0	0	-0	0	0.011	-0.023
308.4	NaN	560	NaN	565	1	358	0	0	0	410	0	0	-0	0	0	0	0	-0	0.008	-0.063
308.5	NaN	562	NaN	565	2	357	0	0	0	407	0	0	0	0	0	-0	0	0	0.009	-0.039
308.6	NaN	558	NaN	563	2	361	0	0	0	406	0	-0	-0	-0	0	-0	0	-0	0.01	-0.034
308.7	NaN	560	NaN	566	2	360	0	0	0	408	-0	-0	0	-0	0	-0	-0	-0	0.01	-0.045
308.8	NaN	558	NaN	566	2	362	0	0	0	409	0	-0	0	-0	0	0	-0	-0	0.011	-0.055
308.9	NaN	559	NaN	567	3	361	0	0	0	408	0	0	-0	0	0	-0	-0	0	0.012	-0.002
309	NaN	559	NaN	566	2	360	0	0	0	408	-0	-0	-0	0	0	0	-0	0	0.012	-0.049
309.1	NaN	560	NaN	566	2	360	0	0	0	407	0	0	-0	-0	0	0	-0	-0	0.011	-0.025
309.2	NaN	559	NaN	564	3	361	0	0	0	409	0	0	-0	-0	0	0	-0	-0	0.01	-0.063
309.3	NaN	563	NaN	566	2	361	0	0	0	407	-0	-0	0	0	0	-0	-0	0	0.011	-0.062
309.4	NaN	560	NaN	568	2	360	0	0	0	410	-0	0	0	0	0	-0	0	-0	0.01	-0.087
309.5	NaN	561	NaN	567	2	378	0	0	0	420	0	-0	-0	0	0	0	-0	-0	0.006	-0.02
309.6	NaN	558	NaN	566	3	431	0	0	0	463	0	0	0	0	0	-0	-0	0	0.006	-0.105
309.7	NaN	559	NaN	565	1	557	0	0	0	558	-0	0	0	-0	0	0	-0	0	0.006	-0.068
309.8	NaN	560	NaN	566	2	591	0	0	0	590	0	-0	0	0	0	0	0	-0	0.005	0.03
309.9	NaN	561	NaN	567	3	631	0	0	0	617	-0	-0	-0	0	0	0	0	-0	0.005	-0.122
310	NaN	565	NaN	567	1	631	0	0	0	616	0	0	-0	0	0	0	-0	0	0.005	-0.056
310.1	NaN	562	NaN	566	2	626	0	0	0	611	0	-0	-0	0	0	0	0	0	0.006	-0.112
310.2	NaN	563	NaN	568	3	626	0	0	0	608	-0	0	0	0	0	0	0	-0	0.006	0.016
310.3	NaN	563	NaN	567	3	617	0	0	0	603	-0	0	0	-0	-0	0	-0	-0	0.007	0.006
310.4	NaN	563	NaN	567	1	608	0	0	0	591	0	-0	-0	-0	0	-0	0	0	0.007	-0.042
310.5	NaN	566	NaN	567	1	602	0	0	0	591	-0	-0	-0	0	0	0	0	0	0.009	-0.066
310.6	NaN	565	NaN	567	3	602	0	0	0	591	0	0	0	0	0	-0	0	0	0.01	-0.051
310.7	NaN	564	NaN	567	1	602	0	0	0	591	-0	-0	-0	0	0	0	0	-0	0.007	0.012
310.8	NaN	564	NaN	566	1	604	0	0	0	591	0	-0	-0	0	0	-0	-0	0	0.009	-0.168
310.9	NaN	562	NaN	567	2	605	0	0	0	591	-0	0	-0	-0	-0	-0	0	0	0.009	-0.136
311	NaN	560	NaN	567	1	608	0	0	0	590	-0	-0	0	0	0	0	0	-0	0.009	0.032
311.1	NaN	560	NaN	568	3	608	0	0	0	589	0	0	0	0	0	-0	0	-0	0.009	0.096
311.2	NaN	1332	NaN	1440	3	603	0	0	0	587	-0	-0	0	-0	-0	0	0	-0	0.013	0.018
311.3	NaN	1339	NaN	1357	1	604	0	0	0	586	0	-0	0	0	0	-0	-0	0	0.013	-0.158
311.4	NaN	1392	NaN	1317	2	599	0	0	0	586	0	0	0	-0	-0	0	0	-0	0.013	-0.201
311.5	NaN	1401	NaN	1330	1	595	0	0	0	583	0	-0	0	-0	-0	-0	0	-0	0.014	0.106
311.6	NaN	1538	NaN	1517	3	576	0	0	0	567	0	0	0	-0	-0	-0	0	-0	0.012	0.11
311.7	NaN	1428	NaN	1489	3	572	0	0	0	561	0	0	0	0	0	-0	-0	0	0.012	-0.172
311.8	NaN	1392	NaN	1569	2	559	0	0	0	550	0	0	0	-0	-0	0	0	-0	0.012	0.062
311.9	NaN	1392	NaN	1509	3	555	0	0	0	543	0	0	0	0	0	-0	0	-0	0.011	-0.165
312	NaN	1392	NaN	1456	2	542	0	0	0	536	-0	-0	0	0	0	-0	0	0	0.011	-0.208
312.1	NaN	1380	NaN	1394	3	535	0	0	0	527	0	-0	0	-0	-0	0	-0	0	0.007	-0.141
312.2	NaN	1378	NaN	1470	2	506	0	0	0	506	0	0	0	0	0	-0	-0	-0	0.007	-0.108
312.3	NaN	1334	NaN	1465	3	494	0	0	0	493	0	0	-0	0	0	0	0	-0	0.006	-0.209
312.4	NaN	1341	NaN	1484	1	427	0	0	0	455	-0	0	0	0	-0	0	0	-0	0.009	0.046
312.5	NaN	1320	NaN	1486	2	420	0	0	0	446	-0	-0	0	0	0	-0	0	0	0.009	-0.181
312.6	NaN	1300	NaN	1512	3	424	0	0	0	445	-0	-0	0	-0	0	-0	-0	-0	0.008	-0.215
312.7	NaN	1296	NaN	1450	1	419	0	0	0	447	0	-0	-0	0	-0	-0	0	0	0.008	0.087
312.8	NaN	1288	NaN	1502	1	425	0	0	0	447	-0	-0	0	-0	-0	0	0	0	0.008	0.051
312.9	NaN	1310	NaN	1486	2	427	0	0	0	448	-0	0	0	-0	0	-0	0	0	0.008	0.146
313	NaN	1326	NaN	1492	1	425	0	0	0	449	0	-0	0	-0	0	0	0	-0	0.005	0.007
313.1	NaN	1311	NaN	1490	1	427	0	0	0	448	-0	0	0	0	-0	-0	0	-0	0.007	0.105
313.2	NaN	1317	NaN	1444	3	429	0	0	0	448	0	-0	-0	0	-0	0	-0	-0	0.007	0.14
313.3	NaN	1328	NaN	1495	1	427	0	0	0	448	0	-0	-0	-0	-0	0	0	-0	0.004	-0.119
313.4	NaN	1312	NaN	1484	1	425	0	0	0	450	0	0	0	0	-0	-0	0	0	0.006	0.107
313.5	NaN	1281	NaN	1469	3	426	0	0	0	450	0	0	0	-0	-0	0	0	-0	0.006	0.135
313.6	NaN	1291	NaN	1491	3	429	0	0	0	449	0	0	0	0	0	-0	0	0	0.006	-0.101
313.7	NaN	1299	NaN	1499	2	426	0	0	0	450	-0	0	0	0	-0	0	0	0	0.004	-0.087
313.8	NaN	1330	NaN	1519	1	425	0	0	0	449	0	0	0	0	0	0	0	0	0.005	-0.2
313.9	NaN	1336	NaN	1452	1	427	0	0	0	453	0	-0	-0	0	0	0	0	-0	0.006	-0.192
314	NaN	1288	NaN	1503	4	427	0	0	0	448	0	-0	0	0	0	-0	0	-0	0.005	-0.168
314.1	NaN	1325	NaN	1516	2	426	0	0	0	451	0	0	-0	-0	0	0	0	0	0.003	0.138
314.2	NaN	1258	NaN	1480	1	429	0	0	0	450	-0	0	0	-0	-0	0	0	0	0.006	0.148
314.3	NaN	1306	NaN	1378	1	427	0	0	0	453	0	0	-0	-1	-0	-0	-0	-0	0.004	-0.078
314.4	NaN	1297	NaN	1387	1	431	0	0	0	452	0	0	-0	1	0	-0	0	0	0.005	-0.041
314.5	NaN	1328	NaN	1344	2	426	0	0	0	450	-0	-0	-0	0	0	0	0	-0	0.001	-0.188
314.6	NaN	1263	NaN	1326	3	431	0	0	0	450	-0	-0	0	0	0	0	0	0	0.002	0.13
314.7	NaN	1294	NaN	1420	3	428	0	0	0	450	0	0	0	0	0	0	0	-0	0.003	0.088
314.8	NaN	1271	NaN	1462	3	426	0	0	0	449	0	0	0	0	0	-0	0	0	0.001	-0.244
314.9	NaN	1319	NaN	1477	3	427	0	0	0	449	0	0	-0	1	0	-0	0	0	0.002	-0.24
315	NaN	1301	NaN	1383	3	430	0	0	0	452	0	0	0	-1	0	0	0	-0	0.004	-0.205
315.1	NaN	1322	NaN	1459	3	427	0	0	0	452	0	-0	0	0	0	-0	0	0	0.005	-0.081
315.2	NaN	1290	NaN	1471	1	426	0	0	0	451	0	-0	-0	0	-0	-0	0	0	0.007	0.14
315.3	NaN	1295	NaN	1398	3	429	0	0	0	449	0	-0	0	1	0	0	0	0	0.007	0.072
315.4	NaN	1298	NaN	1367	4	396	0	0	0	435	0	0	-0	-0	0	-0	-0	0	0.009	0.191
315.5	NaN	1259	NaN	1429	1	358	0	0	0	402	0	0	0	0	0	-0	0	0	0.008	0.041
315.6	NaN	1314	NaN	1434	1	355	0	0	0	404	0	-0	-0	1	-0	0	0	-0	0.011	-0.135
315.7	NaN	1300	NaN	1429	2	356	0	0	0	404	0	-0	0	-0	-0	0	0	0	0.013	0.044
315.8	NaN	1286	NaN	1457	3	355	0	0	0	408	0	0	0	0	-0	0	-0	-0	0.008	-0.13
315.9	NaN	1291	NaN	1408	4	358	0	0	0	405	0	-0	-0	0	0	0	-0	-0	0.009	0.098
316	NaN	1308	NaN	1381	2	358	0	0	0	405	-0	-0	-0	-0	-0	-0	-0	0	0.009	0.05
316.1	NaN	1323	NaN	1371	1	356	0	0	0	407	0	0	0	-1	0	0	0	0	0.009	-0.238
316.2	NaN	1285	NaN	1411	1	357	0	0	0	406	-0	-0	0	-0	-0	0	-0	0	0.008	-0.063
316.3	NaN	1323	NaN	1431	3	357	0	0	0	407	0	0	0	-1	0	0	0	0	0.009	-0.042
316.4	NaN	1342	NaN	1484	1	356	0	0	0	405	0	0	-0	0	0	0	-0	-0	0.006	-0.219
316.5	NaN	1345	NaN	1452	1	360	0	0	0	405	0	-0	0	1	0	0	0	-0	0.006	0.136
316.6	NaN	1362	NaN	1638	2	361	0	0	0	407	0	-0	0	0	0	-0	0	0	0.008	0.12
316.7	NaN	1312	NaN	1602	3	360	0	0	0	405	0	0	0	-1	0	0	-0	-0	0.007	-0.219
316.8	NaN	1336	NaN	1574	1	355	0	0	0	407	0	-0	0	1	0	-0	0	0	0.01	-0.228
316.9	NaN	1466	NaN	1409	1	357	0	0	0	408	0	0	0	0	-0	0	0	-0	0.008	-0.195
317	NaN	1439	NaN	1796	3	361	0	0	0	407	0	-0	0	-0	0	0	-0	0	0.01	-0.185
317.1	NaN	1310	NaN	1508	2	358	0	0	0	406	0	-0	0	0	0	-0	-0	-0	0.007	-0.094
317.2	NaN	1302	NaN	1464	1	355	0	0	0	407	0	-0	0	1	-0	0	-0	0	0.016	0.071
317.3	NaN	1324	NaN	1503	3	359	0	0	0	405	0	-0	0	-0	0	-0	0	-0	0.014	-0.025
317.4	NaN	1287	NaN	1507	2	359	0	0	0	406	-0	-0	0	0	0	-0	0	0	0.015	0.034
317.5	NaN	1342	NaN	1447	1	358	0	0	0	405	0	0	-0	0	-0	0	0	-0	0.014	-0.263
317.6	NaN	1295	NaN	1504	0	355	0	0	0	406	0	0	0	1	0	-0	0	0	0.016	0.03
317.7	NaN	1299	NaN	1509	2	361	0	0	0	407	0	0	-0	0	0	0	-0	-0	0.014	-0.141
317.8	NaN	1301	NaN	1511	3	356	0	0	0	405	0	0	0	0	0	0	0	-0	0.016	0.136
317.9	NaN	1300	NaN	1495	1	359	0	0	0	406	-0	0	-0	-1	-0	-0	0	0	0.016	0.018
318	NaN	1307	NaN	1517	0	359	0	0	0	406	-0	0	0	-0	0	-0	0	-0	0.015	-0.23
318.1	NaN	1302	NaN	1491	3	359	0	0	0	405	0	0	-0	-1	0	-0	0	0	0.014	-0.197
318.2	NaN	1290	NaN	1524	3	360	0	0	0	404	0	-0	-0	0	-0	0	0	0	0.015	-0.003
318.3	NaN	1325	NaN	1416	1	356	0	0	0	409	-0	0	0	-0	0	0	0	0	0.018	0.058
318.4	NaN	1323	NaN	1495	2	357	0	0	0	408	0	-0	0	-0	0	-0	0	-0	0.015	-0.208
318.5	NaN	1288	NaN	1473	1	354	0	0	0	406	0	-0	-0	0	-0	-0	-0	-0	0.016	0.062
318.6	NaN	1332	NaN	1487	0	355	0	0	0	406	0	0	-0	0	0	-0	0	-0	0.013	-0.141
318.7	NaN	1281	NaN	1444	2	358	0	0	0	405	0	0	0	1	0	0	-0	0	0.015	-0.251
318.8	NaN	1298	NaN	1454	2	360	0	0	0	406	0	-0	0	-0	0	-0	0	0	0.014	-0.213
318.9	NaN	1294	NaN	1500	2	359	0	0	0	407	0	0	0	-0	0	-0	-0	-0	0.014	0.03
319	NaN	1302	NaN	1503	3	358	0	0	0	407	0	-0	-0	0	0	-0	-0	-0	0.014	-0.118
319.1	NaN	1312	NaN	1444	1	355	0	0	0	406	0	-0	0	0	0	0	-0	-0	0.014	0.136
319.2	NaN	1303	NaN	1439	3	357	0	0	0	406	-0	-0	0	0	-0	0	0	0	0.013	-0.038
319.3	NaN	1306	NaN	1492	3	360	0	0	0	405	0	0	0	0	-0	0	0	0	0.017	-0.24
319.4	NaN	1307	NaN	1409	2	356	0	0	0	406	0	0	0	0	0	0	0	-0	0.013	-0.144
319.5	NaN	1307	NaN	1339	1	357	0	0	0	406	0	0	-0	-0	0	0	0	-0	0.014	-0.046
319.6	NaN	1300	NaN	1337	1	362	0	0	0	407	0	-0	0	0	0	0	0	-0	0.011	0.082
319.7	NaN	1301	NaN	1346	3	359	0	0	0	406	0	-0	0	0	0	0	-0	-0	0.01	0.063
319.8	NaN	1300	NaN	1437	1	359	0	0	0	404	-0	-0	0	-0	0	0	0	-0	0.01	0.005
319.9	NaN	1314	NaN	1445	2	358	0	0	0	404	0	0	-0	-0	0	-0	0	-0	0.012	-0.01
320	NaN	1271	NaN	1504	1	360	0	0	0	405	0	0	0	0	0	0	-0	0	0.009	-0.253
320.1	NaN	1275	NaN	1507	3	358	0	0	0	406	0	-0	0	0	0	-0	-0	-0	0.01	0.212
320.2	NaN	1280	NaN	1447	1	358	0	0	0	407	0	0	0	0	-0	0	0	0	0.008	-0.161
320.3	NaN	1293	NaN	1667	1	359	0	0	0	408	0	-0	0	0	0	0	0	0	0.008	0.086
320.4	NaN	1291	NaN	1683	3	361	0	0	0	405	0	-0	0	0	-0	-0	0	-0	0.006	0.013
320.5	NaN	1302	NaN	1479	3	362	0	0	0	406	0	0	0	0	0	0	0	0	0.006	-0.262
320.6	NaN	1310	NaN	1541	3	357	14	14	0	406	0	-0	0	-0	-0	-0	-0	-0	0.005	-0.113
320.7	NaN	1310	NaN	1532	2	357	15	15	0	406	0	0	0	0	-0	0	-0	-0	0.005	0.021
320.8	NaN	1310	NaN	1506	2	358	16	16	0	406	0	-0	0	0	-0	0	0	0	0.007	0.056
320.9	NaN	1038	NaN	814	1	359	27	28	0	408	0	0	0	0	0	0	0	0	0.011	0.56
321	NaN	1074	NaN	657	1	357	33	33	0	406	9	49	10	53	23	46	26	53	0.077	1.832
321.1	NaN	879	NaN	686	2	361	34	34	0	406	11	156	12	162	29	150	32	172	0.253	0.849
321.2	NaN	862	NaN	629	1	359	34	34	0	407	12	258	12	261	31	264	31	258	0.422	1.355
321.3	NaN	862	NaN	570	1	359	35	34	0	406	11	312	12	304	30	293	31	303	0.491	1.364
321.4	NaN	764	NaN	746	1	361	34	34	0	408	12	499	12	485	30	486	32	490	0.829	1.931
321.5	NaN	733	NaN	789	3	357	34	33	0	405	12	532	12	526	30	530	31	526	0.898	1.789
321.6	NaN	742	NaN	800	3	355	34	30	0	406	8	664	9	653	22	664	23	664	1.107	1.214
321.7	NaN	778	NaN	715	1	357	34	30	0	407	8	732	9	729	23	738	23	730	1.227	1.696
321.8	NaN	729	NaN	694	1	357	34	30	0	406	8	788	9	784	21	770	23	784	1.297	0.98
321.9	NaN	711	NaN	709	3	361	34	30	0	407	8	884	9	884	21	881	23	884	1.459	1.034
322	NaN	853	NaN	695	2	357	34	30	0	403	8	927	9	928	21	923	23	927	1.531	1.378
322.1	NaN	704	NaN	656	2	357	34	30	0	407	8	1030	9	1031	22	1020	23	1037	1.702	1.29
322.2	NaN	725	NaN	660	4	362	34	30	0	407	8	1076	9	1081	22	1067	23	1080	1.772	0.986
322.3	NaN	694	NaN	699	2	357	34	32	0	406	10	1192	10	1186	25	1184	26	1189	1.949	1.388
322.4	NaN	707	NaN	788	5	360	34	32	0	406	9	1256	10	1231	24	1234	26	1245	2.031	1.425
322.5	NaN	684	NaN	672	7	361	34	29	0	406	7	1364	9	1360	20	1346	23	1360	2.208	0.831
322.6	NaN	802	NaN	729	6	359	33	28	0	406	6	1389	7	1396	17	1377	19	1395	2.26	0.755
322.7	NaN	634	NaN	694	6	358	33	28	0	405	6	1452	7	1464	16	1440	19	1473	2.371	0.636
322.8	NaN	717	NaN	646	6	362	33	28	0	404	6	1485	7	1495	16	1465	19	1503	2.421	1.076
322.9	NaN	698	NaN	717	6	359	33	28	0	406	6	1568	7	1567	16	1546	19	1573	2.516	0.662
323	NaN	675	NaN	729	6	358	32	28	0	405	6	1612	7	1618	16	1567	19	1590	2.618	-0.213
323.1	NaN	681	NaN	714	8	361	32	28	0	404	6	1641	7	1652	15	1625	19	1660	2.642	1.067
323.2	NaN	726	NaN	730	7	360	31	26	0	407	5	1654	5	1678	11	1643	13	1679	2.702	-0.117
323.3	NaN	634	NaN	715	7	359	31	26	0	406	4	1704	5	1675	11	1671	14	1723	2.729	-0.173
323.4	NaN	723	NaN	695	6	357	31	26	0	406	4	1701	5	1708	11	1696	14	1728	2.78	0.684
323.5	NaN	664	NaN	706	7	358	31	30	0	406	7	1750	8	1759	18	1730	21	1773	2.813	1.093
323.6	NaN	718	NaN	721	8	360	31	31	0	404	7	1755	8	1822	18	1742	22	1816	2.899	1.428
323.7	NaN	681	NaN	719	8	357	32	32	0	405	7	1805	9	1820	19	1787	24	1837	2.935	0.1
323.8	NaN	687	NaN	672	14	360	32	32	0	405	8	1885	11	1936	19	1853	28	1973	3.092	0.171
323.9	NaN	635	NaN	709	11	356	32	32	0	407	8	1912	11	1987	19	1902	27	2009	3.157	1.757
324	NaN	708	NaN	667	12	359	32	28	0	405	5	1973	7	2065	13	1963	17	2071	3.278	0.738
324.1	NaN	647	NaN	720	9	359	32	28	0	404	5	2005	6	2061	13	1975	17	2082	3.298	0.502
324.2	NaN	675	NaN	701	1	359	32	27	0	405	5	2065	5	2084	14	2041	14	2082	3.351	-0.078
324.3	NaN	709	NaN	660	-3	359	32	27	0	404	5	2104	5	2112	15	2094	14	2108	3.36	0.137
324.4	NaN	701	NaN	682	-14	361	32	27	0	407	6	2194	5	2057	16	2164	12	2071	3.43	0.242
324.5	NaN	726	NaN	656	-21	357	32	27	0	406	7	2207	4	2034	17	2188	11	2050	3.458	0.707
324.6	NaN	661	NaN	697	-25	359	32	27	0	406	7	2297	4	2071	18	2254	10	2073	3.506	0.665
324.7	NaN	676	NaN	698	-26	357	32	27	0	405	7	2325	4	2094	18	2271	10	2084	3.532	0.158
324.8	NaN	669	NaN	700	-18	358	31	26	0	404	6	2322	4	2128	17	2295	11	2113	3.57	0.392
324.9	NaN	709	NaN	720	-13	363	30	25	0	407	4	2314	2	2117	10	2297	7	2130	3.584	0.236
325	NaN	584	NaN	716	1	360	30	25	0	407	3	2253	3	2184	8	2241	8	2198	3.602	0.644
325.1	NaN	564	NaN	716	18	363	30	25	0	406	2	2155	3	2271	7	2185	9	2228	3.6	-0.108
325.2	NaN	609	NaN	732	32	359	30	25	0	407	2	2142	4	2297	6	2111	12	2319	3.59	-0.413
325.3	NaN	722	NaN	716	39	361	30	25	0	405	2	2105	4	2348	4	2061	12	2346	3.582	-0.043
325.4	NaN	637	NaN	726	43	362	30	25	0	405	1	2095	4	2381	4	2049	12	2356	3.579	0.056
325.5	NaN	638	NaN	700	43	362	30	25	0	407	1	2108	5	2389	4	2041	12	2365	3.572	-0.942
325.6	NaN	631	NaN	710	44	362	30	25	0	406	1	2106	5	2361	4	2044	12	2365	3.585	-0.168
325.7	NaN	657	NaN	713	46	363	30	25	0	405	1	2086	5	2402	4	2035	12	2363	3.631	-0.07
325.8	NaN	623	NaN	687	46	361	30	25	0	406	1	2112	4	2344	4	2057	12	2348	3.646	-3.238
325.9	NaN	704	NaN	660	47	359	30	27	0	406	2	2113	7	2435	5	2018	18	2415	3.483	0.394
326	NaN	693	NaN	679	47	360	30	28	0	405	2	2040	7	2412	5	1993	19	2405	3.53	0.752
326.1	NaN	669	NaN	680	48	363	30	29	0	405	2	2099	9	2507	6	2029	25	2467	3.537	0.197
326.2	NaN	647	NaN	661	50	359	30	29	0	407	2	2071	9	2544	6	2033	24	2694	3.568	-0.168
326.3	NaN	695	NaN	687	49	362	30	29	0	406	2	2225	9	2464	6	2154	24	2491	3.699	0.217
326.4	NaN	714	NaN	739	50	357	30	29	0	404	2	2250	10	2567	6	2100	24	2490	3.715	0.246
326.5	NaN	653	NaN	676	50	360	31	30	0	406	2	2222	11	2604	7	2159	27	2559	3.745	0.237
326.6	NaN	645	NaN	662	51	359	31	30	0	404	2	2234	10	2518	7	2156	27	2531	3.815	0.028
326.7	NaN	649	NaN	681	49	359	31	30	0	406	3	2240	12	2666	7	2163	31	2634	3.856	0.154
326.8	NaN	662	NaN	683	49	360	31	30	0	406	3	2268	11	2662	8	2175	30	2634	3.897	0.848
326.9	NaN	673	NaN	693	47	359	31	30	0	407	3	2313	11	2707	8	2265	29	2686	3.991	0.664
327	NaN	669	NaN	671	42	359	31	29	0	406	3	2339	10	2749	7	2271	25	2700	4.016	-0.056
327.1	NaN	634	NaN	672	40	361	31	28	0	407	3	2382	8	2729	8	2310	22	2713	4.1	0.645
327.2	NaN	703	NaN	654	39	363	31	27	0	407	3	2437	8	2744	8	2355	20	2693	4.148	0.033
327.3	NaN	629	NaN	692	35	362	31	27	0	407	3	2493	8	2693	8	2425	19	2694	4.185	0.27
327.4	NaN	660	NaN	698	30	359	31	27	0	405	3	2526	8	2679	9	2461	19	2698	4.229	0.632
327.5	NaN	642	NaN	717	29	361	31	27	0	407	3	2577	7	2697	9	2536	19	2723	4.265	0.227
327.6	NaN	644	NaN	648	30	363	31	27	0	406	3	2597	7	2717	9	2545	18	2717	4.297	1.302
327.7	NaN	605	NaN	667	31	364	31	27	0	408	3	2601	7	2759	9	2552	19	2768	4.328	0.785
327.8	NaN	631	NaN	701	31	359	31	27	0	406	3	2589	7	2839	9	2562	19	2809	4.366	0.21
327.9	NaN	634	NaN	662	32	358	31	27	0	404	4	2621	8	2833	9	2571	19	2836	4.362	0.743
328	NaN	656	NaN	696	36	363	31	27	0	407	3	2603	8	2922	8	2554	19	2912	4.407	0.078
328.1	NaN	628	NaN	658	36	360	31	27	0	405	3	2598	8	2936	8	2556	20	2905	4.435	0.111
328.2	NaN	649	NaN	747	32	362	31	27	0	406	3	2653	7	2936	8	2594	19	2951	4.514	0.755
328.3	NaN	607	NaN	661	31	361	31	27	0	406	3	2679	7	2949	8	2611	18	2942	4.53	0.282
328.4	NaN	639	NaN	685	30	362	31	27	0	406	3	2712	7	2981	9	2668	18	2967	4.576	0.345
328.5	NaN	623	NaN	712	29	361	31	27	0	407	4	2751	7	2977	9	2695	19	3007	4.596	0.563
328.6	NaN	619	NaN	704	25	359	31	27	0	405	4	2789	7	3034	10	2734	18	2995	4.682	1.036
328.7	NaN	681	NaN	672	23	359	31	27	0	406	4	2789	7	3020	10	2723	17	3000	4.697	-0.609
328.8	NaN	674	NaN	674	18	358	31	27	0	406	4	2844	6	3032	11	2807	16	3020	4.758	-0.196
328.9	NaN	646	NaN	737	17	360	31	27	0	407	4	2879	6	3060	11	2822	16	3046	4.762	0.359
329	NaN	525	NaN	665	8	359	29	24	0	405	2	2902	2	2987	4	2878	5	3008	4.802	0.333
329.1	NaN	538	NaN	578	8	361	28	24	0	407	1	2905	1	2971	2	2853	3	2970	4.789	-0.862
329.2	NaN	528	NaN	571	3	363	28	23	0	408	1	2891	1	2902	2	2818	2	2912	4.714	-0.432
329.3	NaN	534	NaN	541	-0	359	28	23	0	407	1	2860	1	2866	2	2829	2	2873	4.671	-0.317
329.4	NaN	543	NaN	598	-1	359	28	24	0	405	1	2844	1	2839	2	2794	3	2832	4.598	-0.202
329.5	NaN	534	NaN	651	-2	362	28	25	0	406	2	2824	2	2806	5	2787	4	2812	4.564	-0.263
329.6	NaN	557	NaN	668	-3	357	29	28	0	407	4	2841	4	2801	11	2788	10	2800	4.545	-0.059
329.7	NaN	575	NaN	677	-0	357	29	27	0	406	4	2837	4	2785	11	2794	10	2804	4.553	-0.054
329.8	NaN	605	NaN	676	0	361	29	28	0	407	4	2822	4	2794	10	2794	11	2819	4.561	0.354
329.9	NaN	564	NaN	649	-0	358	29	28	0	407	4	2868	4	2828	10	2817	10	2830	4.58	-0.231
330	NaN	563	NaN	713	-3	364	29	28	0	406	4	2849	4	2819	11	2809	10	2823	4.586	-0.088
330.1	NaN	560	NaN	695	-0	362	29	28	0	407	4	2846	4	2821	10	2835	10	2843	4.594	-0.129
330.2	NaN	598	NaN	676	-1	360	29	28	0	408	4	2878	4	2847	11	2838	11	2849	4.603	0.318
330.3	NaN	578	NaN	644	-3	358	29	28	0	407	4	2879	4	2848	11	2842	11	2861	4.621	0.256
330.4	NaN	583	NaN	669	-0	359	29	28	0	405	4	2885	4	2837	10	2840	10	2870	4.636	0.532
330.5	NaN	583	NaN	674	-1	363	29	28	0	407	4	2899	4	2865	11	2859	11	2852	4.647	-0.109
330.6	NaN	580	NaN	710	-3	358	29	28	0	406	4	2901	4	2854	11	2863	11	2867	4.647	-0.312
330.7	NaN	528	NaN	627	-2	363	29	24	0	408	2	2889	2	2868	5	2855	5	2873	4.674	-0.506
330.8	NaN	543	NaN	572	-1	364	28	24	0	407	1	2882	1	2881	4	2855	4	2857	4.647	-0.159
330.9	NaN	527	NaN	605	-2	358	29	24	0	407	1	2836	1	2811	4	2802	4	2819	4.579	-0.493
331	NaN	533	NaN	578	-3	360	29	24	0	407	1	2840	1	2795	4	2806	4	2788	4.567	-0.207
331.1	NaN	528	NaN	685	0	361	29	26	0	406	3	2816	2	2759	7	2767	7	2770	4.503	-0.555
331.2	NaN	535	NaN	660	0	358	29	26	0	405	3	2781	3	2757	7	2767	7	2768	4.494	0.231
331.3	NaN	575	NaN	646	0	361	29	27	0	406	3	2783	3	2771	9	2756	9	2778	4.495	0.266
331.4	NaN	552	NaN	652	1	359	29	27	0	406	3	2772	3	2765	9	2753	9	2751	4.494	-0.181
331.5	NaN	592	NaN	656	-1	359	29	27	0	407	4	2783	4	2750	10	2755	10	2757	4.498	0.134
331.6	NaN	572	NaN	688	-1	360	29	27	0	407	4	2784	4	2796	10	2767	10	2760	4.495	0.021
331.7	NaN	612	NaN	665	-1	358	29	27	0	404	4	2796	4	2753	10	2775	10	2776	4.497	0.246
331.8	NaN	542	NaN	750	-1	358	27	27	0	407	3	2806	3	2771	10	2800	9	2766	4.502	-0.085
331.9	NaN	559	NaN	693	2	361	29	27	0	407	4	2817	4	2797	9	2777	10	2769	4.489	-0.307
332	NaN	558	NaN	655	2	361	29	27	0	407	4	2757	4	2764	10	2760	11	2787	4.484	-1.688
332.1	NaN	646	NaN	660	3	360	32	31	0	407	8	2844	8	2801	20	2821	22	2823	4.469	1.236
332.2	NaN	628	NaN	675	0	360	31	29	0	407	6	2897	7	2846	16	2831	17	2856	4.583	0.006
332.3	NaN	659	NaN	680	2	359	32	29	0	406	7	2888	7	2846	17	2861	17	2876	4.599	0.819
332.4	NaN	626	NaN	683	1	358	32	29	0	407	7	2897	7	2885	17	2858	17	2903	4.704	0.238
332.5	NaN	623	NaN	674	3	361	32	29	0	406	7	2978	8	2940	19	2946	20	2939	4.686	-0.63
332.6	NaN	559	NaN	724	1	357	31	26	0	406	4	2965	4	2916	11	2902	11	2930	4.74	-0.522
332.7	NaN	553	NaN	651	4	363	31	26	0	407	4	2966	4	2942	11	2929	12	2962	4.73	0.111
332.8	NaN	542	NaN	695	0	357	31	26	0	407	4	2951	4	2902	10	2910	10	2931	4.744	0.245
332.9	NaN	559	NaN	665	3	361	31	26	0	404	4	2953	4	2897	11	2917	10	2902	4.749	0.101
333	NaN	567	NaN	678	1	359	31	26	0	406	4	2953	4	2922	11	2911	11	2922	4.752	-0.65
333.1	NaN	562	NaN	609	-0	357	31	26	0	407	4	2943	4	2928	10	2913	10	2941	4.746	-0.059
333.2	NaN	544	NaN	569	0	357	28	23	0	406	1	2909	1	2887	2	2866	2	2889	4.688	0.028
333.3	NaN	537	NaN	589	2	357	28	23	0	406	1	2866	1	2844	3	2835	3	2857	4.632	-0.956
333.4	NaN	561	NaN	648	-1	358	29	28	0	405	4	2862	4	2820	11	2827	11	2821	4.608	0.197
333.5	NaN	638	NaN	751	2	359	30	29	0	406	6	2864	6	2875	15	2843	15	2863	4.621	0.669
333.6	NaN	618	NaN	719	-0	357	30	29	0	408	6	2918	6	2853	15	2884	16	2895	4.65	0.017
333.7	NaN	678	NaN	730	-1	357	30	29	0	406	6	2941	6	2904	16	2908	16	2904	4.708	-0.015
333.8	NaN	725	NaN	682	1	362	30	29	0	406	6	2944	6	2923	16	2912	16	2918	4.749	0.85
333.9	NaN	660	NaN	683	1	361	30	29	0	406	6	2977	6	2940	16	2961	15	2945	4.778	0.683
334	NaN	623	NaN	730	-1	359	30	29	0	406	6	2985	6	2938	15	2954	16	2967	4.817	0.352
334.1	NaN	598	NaN	713	-2	357	30	29	0	404	7	3043	7	2997	18	3010	18	2994	4.87	0.466
334.2	NaN	597	NaN	666	0	362	30	29	0	407	6	3062	6	3010	15	3026	15	3030	4.893	0.795
334.3	NaN	597	NaN	660	-1	362	30	29	0	406	6	3116	6	3079	16	3074	15	3079	4.934	0.558
334.4	NaN	649	NaN	715	-1	357	30	29	0	406	6	3097	6	3067	16	3065	16	3075	4.972	1.374
334.5	NaN	604	NaN	664	-2	359	30	29	0	406	6	3144	6	3109	15	3115	15	3125	5.054	0.494
334.6	NaN	615	NaN	687	1	356	30	29	0	406	6	3151	6	3121	15	3109	15	3095	5.067	0.572
334.7	NaN	587	NaN	690	-0	360	30	29	0	405	6	3205	6	3152	15	3174	15	3174	5.113	0.171
334.8	NaN	615	NaN	640	-1	362	30	29	0	406	6	3210	6	3175	15	3186	15	3209	5.136	0.772
334.9	NaN	584	NaN	700	1	361	30	29	0	407	6	3237	6	3174	15	3222	14	3212	5.198	1.101
335	NaN	571	NaN	711	1	361	30	29	0	406	6	3256	6	3193	15	3210	15	3208	5.217	0.125
335.1	NaN	569	NaN	678	1	358	30	29	0	406	6	3282	5	3240	15	3239	14	3251	5.253	0.211
335.2	NaN	588	NaN	687	-2	356	30	29	0	407	6	3282	6	3227	15	3266	15	3269	5.269	0.849
335.3	NaN	585	NaN	659	-1	358	30	28	0	404	6	3308	6	3257	15	3266	15	3270	5.319	0.358
335.4	NaN	646	NaN	647	-1	358	30	29	0	405	6	3347	6	3267	15	3278	15	3273	5.333	0.223
335.5	NaN	608	NaN	667	1	359	30	29	0	406	6	3369	6	3307	15	3338	15	3314	5.371	0.288
335.6	NaN	568	NaN	700	-0	361	30	29	0	407	6	3358	6	3297	14	3327	14	3329	5.397	0.532
335.7	NaN	579	NaN	705	0	359	30	29	0	407	6	3391	6	3341	15	3356	15	3364	5.442	0.355
335.8	NaN	559	NaN	654	1	362	30	29	0	407	6	3374	6	3364	15	3356	15	3364	5.458	-0.336
335.9	NaN	600	NaN	655	-0	357	30	29	0	407	6	3427	6	3367	14	3387	15	3393	5.491	0.458
336	NaN	579	NaN	724	0	358	30	29	0	405	6	3428	6	3407	14	3396	15	3408	5.514	0.323
336.1	NaN	612	NaN	702	1	361	30	29	0	406	5	3447	6	3403	14	3397	15	3416	5.522	0.45
336.2	NaN	615	NaN	684	1	360	30	29	0	406	6	3460	6	3425	15	3447	15	3444	5.585	-0.005
336.3	NaN	623	NaN	686	0	360	30	29	0	406	6	3459	6	3436	14	3432	15	3444	5.592	-0.48
336.4	NaN	597	NaN	679	2	361	30	29	0	407	6	3519	6	3501	15	3474	15	3470	5.639	-0.62
336.5	NaN	631	NaN	675	0	354	30	29	0	408	6	3524	6	3493	15	3493	15	3478	5.642	-0.256
336.6	NaN	572	NaN	721	1	360	30	29	0	407	6	3546	6	3520	15	3504	15	3508	5.709	0.772
336.7	NaN	661	NaN	666	1	358	30	29	0	405	6	3559	6	3535	15	3530	15	3510	5.718	-0.151
336.8	NaN	576	NaN	626	2	356	30	29	0	406	6	3589	6	3529	15	3559	15	3556	5.755	-0.078
336.9	NaN	571	NaN	674	1	359	30	29	0	405	6	3608	6	3571	15	3551	15	3561	5.768	0.261
337	NaN	635	NaN	630	2	361	30	28	0	407	5	3618	5	3535	14	3587	14	3538	5.856	0.55
337.1	NaN	544	NaN	737	4	362	30	27	0	408	5	3651	5	3607	12	3558	13	3601	5.83	-2.084
337.2	NaN	524	NaN	655	3	360	30	25	0	407	3	3626	4	3586	7	3568	10	3577	5.823	-0.518
337.3	NaN	530	NaN	653	2	361	30	25	0	407	2	3635	3	3614	6	3578	6	3612	5.785	-1.806
337.4	NaN	540	NaN	669	4	361	29	28	0	406	4	3586	5	3506	11	3549	11	3540	5.769	-0.765
337.5	NaN	619	NaN	644	4	358	29	28	0	407	4	3572	5	3552	11	3548	11	3566	5.775	0.989
337.6	NaN	586	NaN	660	2	361	32	31	0	407	8	3612	9	3575	21	3578	22	3607	5.777	1.524
337.7	NaN	659	NaN	647	1	357	32	31	0	407	8	3615	9	3577	21	3586	22	3615	5.833	0.925
337.8	NaN	624	NaN	656	3	358	32	31	0	406	8	3707	9	3642	21	3670	22	3686	5.932	0.785
337.9	NaN	604	NaN	649	2	358	32	31	0	407	8	3723	9	3701	22	3717	22	3729	5.971	1.192
338	NaN	584	NaN	675	2	362	32	31	0	406	8	3812	8	3763	20	3758	21	3771	6.078	0.997
338.1	NaN	633	NaN	663	3	358	32	29	0	406	7	3742	7	3744	17	3781	18	3795	6.167	1.557
338.2	NaN	615	NaN	643	4	358	32	28	0	406	6	3853	6	3824	14	3798	16	3818	6.123	-0.49
338.3	NaN	591	NaN	656	4	362	32	28	0	407	6	3853	7	3802	15	3829	17	3822	6.168	0.327
338.4	NaN	606	NaN	653	3	357	32	28	0	407	6	3876	7	3827	15	3789	16	3811	6.198	0.66
338.5	NaN	595	NaN	684	2	361	32	28	0	406	6	3869	7	3824	16	3862	17	3875	6.192	1.428
338.6	NaN	640	NaN	666	1	356	32	28	0	404	6	3831	7	3823	16	3812	16	3822	6.234	1.183
338.7	NaN	580	NaN	674	2	356	32	28	0	406	6	3865	6	3850	15	3839	17	3870	6.266	-0.014
338.8	NaN	573	NaN	662	4	357	32	28	0	405	6	3863	7	3878	15	3833	17	3856	6.25	0.218
338.9	NaN	530	NaN	669	1	358	31	25	0	407	3	3877	4	3847	8	3846	9	3861	6.232	0.602
339	NaN	512	NaN	657	0	363	31	26	0	406	4	3833	4	3849	9	3812	10	3831	6.236	0.419
339.1	NaN	524	NaN	636	3	361	30	25	0	405	3	3808	3	3749	8	3782	8	3784	6.238	0.521
339.2	NaN	513	NaN	689	3	363	30	25	0	406	3	3804	3	3761	8	3751	8	3763	6.231	-0.266
339.3	NaN	520	NaN	671	3	362	30	26	0	404	4	3807	4	3758	10	3771	11	3786	6.191	-0.717
339.4	NaN	550	NaN	692	3	362	30	26	0	406	4	3822	4	3812	10	3780	10	3806	6.2	-0.375
339.5	NaN	610	NaN	678	0	359	31	30	0	406	7	3890	7	3830	18	3856	19	3878	6.175	0.659
339.6	NaN	546	NaN	661	2	362	31	25	0	403	4	3862	4	3849	11	3823	11	3852	6.288	0.664
339.7	NaN	535	NaN	685	2	359	31	27	0	406	4	3910	4	3868	11	3857	11	3877	6.3	-0.108
339.8	NaN	602	NaN	640	2	363	31	30	0	406	7	3913	7	3926	18	3892	19	3918	6.301	-0.076
339.9	NaN	515	NaN	646	3	359	30	25	0	407	3	3950	3	3899	8	3914	9	3930	6.362	0.33
340	NaN	571	NaN	689	0	359	31	30	0	407	7	3939	7	4018	17	3888	18	3889	6.419	-1.488
340.1	NaN	589	NaN	709	1	356	31	25	0	405	5	3989	5	3916	12	3966	12	3958	6.408	0.725
340.2	NaN	522	NaN	627	2	360	30	25	0	406	3	3997	3	3928	6	3919	6	3917	6.365	-1.009
340.3	NaN	557	NaN	668	1	362	30	29	0	406	6	4003	6	3913	15	3963	15	3963	6.375	2.128
340.4	NaN	600	NaN	643	-1	358	30	29	0	406	6	3989	6	3962	16	3937	16	3961	6.452	0.783
340.5	NaN	637	NaN	713	1	358	30	29	0	408	6	3994	6	3961	16	3939	15	3984	6.469	-0.181
340.6	NaN	645	NaN	646	0	359	31	30	0	405	7	4048	8	4023	18	3998	19	4027	6.534	0.056
340.7	NaN	593	NaN	647	2	362	31	30	0	406	8	4078	7	4032	19	4037	19	4064	6.546	0.698
340.8	NaN	615	NaN	715	-0	360	31	30	0	408	8	4126	7	4084	19	4092	19	4109	6.656	0.578
340.9	NaN	634	NaN	688	-0	360	31	30	0	407	8	4175	8	4088	20	4126	20	4132	6.7	0.916
341	NaN	637	NaN	671	-1	357	32	32	0	404	9	4244	9	4170	23	4177	23	4207	6.722	0.757
341.1	NaN	622	NaN	673	0	359	32	31	0	404	9	4242	9	4155	21	4227	21	4198	6.766	1.203
341.2	NaN	573	NaN	696	-2	357	32	29	0	406	7	4252	7	4182	18	4229	18	4216	6.838	1.299
341.3	NaN	563	NaN	717	1	360	32	29	0	407	7	4271	7	4192	18	4233	18	4228	6.853	0.241
341.4	NaN	601	NaN	724	2	361	32	29	0	407	7	4316	8	4255	19	4290	19	4282	6.862	1.167
341.5	NaN	595	NaN	638	2	363	32	29	0	405	7	4358	7	4305	19	4327	19	4322	6.945	1.687
341.6	NaN	727	NaN	741	0	357	33	32	0	408	10	4365	10	4332	24	4353	25	4372	6.968	1.077
341.7	NaN	673	NaN	706	3	362	33	27	0	406	7	4439	7	4397	17	4379	18	4383	7.021	0.143
341.8	NaN	548	NaN	692	0	358	32	31	0	407	7	4438	7	4355	17	4395	17	4385	7.043	0.226
341.9	NaN	601	NaN	667	-1	358	31	30	0	406	8	4455	8	4383	20	4409	19	4383	7.075	0.983
342	NaN	519	NaN	662	1	361	30	26	0	407	3	4415	3	4367	8	4373	9	4379	7.061	0.724
342.1	NaN	508	NaN	669	1	358	30	26	0	407	4	4399	4	4380	11	4335	11	4375	7.061	-2.047
342.2	NaN	515	NaN	633	0	358	30	26	0	408	4	4405	5	4366	11	4380	11	4394	7.014	1.006
342.3	NaN	521	NaN	681	1	358	30	27	0	406	4	4439	4	4362	11	4375	11	4382	6.967	0.104
342.4	NaN	514	NaN	701	1	363	30	26	0	405	4	4361	4	4294	11	4329	11	4329	7.016	0.498
342.5	NaN	523	NaN	640	0	357	30	28	0	407	5	4370	6	4291	13	4345	14	4340	7.011	0.095
342.6	NaN	528	NaN	648	2	358	30	28	0	405	5	4367	6	4312	14	4310	14	4318	7	-0.406
342.7	NaN	570	NaN	660	3	361	30	29	0	407	6	4379	6	4321	14	4334	15	4342	7.011	-0.437
342.8	NaN	532	NaN	672	2	362	30	29	0	407	6	4378	6	4355	15	4322	16	4338	7.011	0.443
342.9	NaN	553	NaN	653	2	357	30	29	0	406	6	4384	6	4349	15	4345	15	4357	7.035	0.128
343	NaN	543	NaN	623	2	358	30	29	0	406	6	4392	6	4385	15	4336	15	4370	7.033	-0.357
343.1	NaN	533	NaN	659	3	362	30	29	0	406	6	4393	6	4373	15	4353	15	4361	7.057	-0.144
343.2	NaN	543	NaN	748	3	357	30	29	0	405	6	4407	6	4369	14	4358	15	4375	7.057	0.106
343.3	NaN	560	NaN	669	4	361	30	29	0	406	6	4428	6	4409	15	4365	15	4372	7.076	0.194
343.4	NaN	547	NaN	633	3	359	30	29	0	407	6	4432	6	4371	14	4360	15	4395	7.073	0.315
343.5	NaN	532	NaN	661	2	360	30	29	0	407	6	4420	6	4394	14	4355	15	4384	7.091	-0.179
343.6	NaN	529	NaN	682	4	359	30	29	0	406	6	4421	6	4349	15	4384	15	4392	7.088	0.83
343.7	NaN	539	NaN	643	1	360	30	29	0	407	6	4415	6	4382	15	4373	15	4415	7.086	0.45
343.8	NaN	541	NaN	666	4	359	30	29	0	406	6	4426	6	4382	14	4365	16	4397	7.113	-0.375
343.9	NaN	533	NaN	682	2	363	30	29	0	404	6	4420	6	4398	14	4378	16	4407	7.109	-0.01
344	NaN	529	NaN	666	1	362	30	29	0	406	6	4435	6	4389	15	4396	16	4375	7.126	0.896
344.1	NaN	534	NaN	674	1	359	30	29	0	407	6	4430	6	4372	15	4388	16	4422	7.122	0.12
344.2	NaN	559	NaN	638	4	363	30	29	0	404	6	4427	6	4423	15	4367	16	4419	7.129	-0.781
344.3	NaN	518	NaN	658	4	361	30	29	0	407	6	4449	6	4412	15	4400	16	4453	7.113	-0.147
344.4	NaN	521	NaN	664	4	359	30	29	0	405	6	4441	6	4432	15	4387	16	4425	7.14	0.547
344.5	NaN	545	NaN	640	4	360	30	29	0	407	6	4439	6	4396	15	4398	16	4425	7.141	0.165
344.6	NaN	519	NaN	662	3	362	30	29	0	408	6	4456	6	4420	15	4392	16	4428	7.137	-0.305
344.7	NaN	549	NaN	651	1	359	30	29	0	406	6	4463	6	4397	15	4412	15	4451	7.13	-0.086
344.8	NaN	547	NaN	687	0	358	30	29	0	407	6	4459	6	4389	15	4399	16	4432	7.146	0.629
344.9	NaN	578	NaN	712	0	358	30	29	0	406	6	4449	6	4387	15	4411	15	4405	7.154	0.328
345	NaN	578	NaN	680	4	359	30	29	0	405	6	4454	6	4403	15	4420	16	4444	7.128	-0.189
345.1	NaN	551	NaN	661	1	359	30	30	0	407	6	4435	7	4428	16	4407	17	4424	7.149	0.568
345.2	NaN	560	NaN	691	1	358	31	30	0	404	6	4442	7	4406	17	4396	18	4422	7.176	0.73
345.3	NaN	568	NaN	709	3	358	31	30	0	407	7	4447	7	4439	17	4383	18	4438	7.167	-0.658
345.4	NaN	541	NaN	675	3	361	31	30	0	407	6	4457	7	4468	16	4400	18	4452	7.179	-0.501
345.5	NaN	566	NaN	646	1	359	31	30	0	406	7	4464	7	4479	17	4436	17	4484	7.171	0.251
345.6	NaN	549	NaN	666	2	361	31	30	0	406	7	4480	7	4500	17	4436	18	4496	7.202	0.185
345.7	NaN	546	NaN	651	1	359	31	30	0	408	7	4483	7	4459	17	4444	17	4488	7.22	0.056
345.8	NaN	589	NaN	648	2	362	31	30	0	405	7	4489	7	4482	16	4451	17	4504	7.25	0.177
345.9	NaN	570	NaN	639	-1	358	31	30	0	405	7	4528	7	4470	17	4497	17	4514	7.249	0.477
346	NaN	540	NaN	635	1	361	31	30	0	407	7	4539	7	4504	17	4502	17	4528	7.268	0.574
346.1	NaN	544	NaN	629	-2	356	31	30	0	407	7	4546	6	4512	17	4507	17	4494	7.291	0.202
346.2	NaN	551	NaN	673	-1	363	31	30	0	406	7	4570	7	4488	17	4536	17	4542	7.284	-0.445
346.3	NaN	590	NaN	648	-2	358	31	30	0	406	7	4586	7	4526	17	4539	16	4529	7.303	0.036
346.4	NaN	554	NaN	640	-3	358	31	29	0	407	7	4589	7	4522	17	4531	17	4538	7.306	0.251
346.5	NaN	498	NaN	638	0	361	31	29	0	406	6	4612	7	4537	17	4550	17	4564	7.313	-0.174
346.6	NaN	577	NaN	663	-1	357	31	29	0	407	7	4612	7	4507	17	4577	17	4563	7.328	0.354
346.7	NaN	502	NaN	642	-0	361	31	26	0	405	4	4581	4	4493	11	4522	11	4538	7.324	0.514
346.8	NaN	508	NaN	645	0	361	31	26	0	406	4	4594	4	4483	11	4534	11	4510	7.324	-0.607
346.9	NaN	509	NaN	645	2	362	31	27	0	406	5	4531	5	4483	12	4477	12	4519	7.283	-0.157
347	NaN	505	NaN	672	1	362	31	27	0	406	5	4558	5	4504	13	4489	13	4495	7.263	0.121
347.1	NaN	542	NaN	701	-1	357	32	29	0	407	7	4551	7	4489	18	4508	18	4510	7.251	1.28
347.2	NaN	571	NaN	667	2	359	31	29	0	406	6	4528	7	4484	15	4483	16	4485	7.283	0.269
347.3	NaN	605	NaN	638	-0	359	31	30	0	406	7	4569	7	4509	17	4492	17	4505	7.291	0.079
347.4	NaN	531	NaN	734	0	358	31	30	0	406	7	4584	7	4532	17	4527	17	4547	7.278	-0.362
347.5	NaN	534	NaN	654	1	360	31	30	0	407	7	4595	7	4524	17	4520	17	4535	7.318	0.04
347.6	NaN	546	NaN	632	2	361	31	30	0	406	7	4597	7	4494	17	4539	17	4581	7.326	1.191
347.7	NaN	527	NaN	657	2	360	31	30	0	406	6	4610	7	4555	16	4546	17	4581	7.329	0.412
347.8	NaN	545	NaN	661	1	358	31	30	0	407	7	4597	7	4525	17	4563	17	4553	7.361	0.598
347.9	NaN	562	NaN	663	1	362	31	30	0	406	7	4624	7	4530	17	4579	17	4575	7.378	0.552
348	NaN	519	NaN	715	2	358	31	30	0	407	7	4645	7	4572	16	4592	17	4558	7.381	0.054
348.1	NaN	619	NaN	667	0	358	31	30	0	407	7	4640	7	4541	17	4583	18	4595	7.405	0.047
348.2	NaN	562	NaN	646	2	359	31	28	0	407	6	4631	6	4593	15	4573	15	4587	7.416	-0.093
348.3	NaN	518	NaN	734	2	361	31	29	0	406	6	4636	6	4544	15	4581	15	4570	7.407	-0.35
348.4	NaN	494	NaN	652	0	359	31	28	0	404	6	4632	6	4579	14	4550	14	4580	7.406	-0.533
348.5	NaN	525	NaN	645	2	361	31	28	0	407	5	4617	6	4543	14	4566	15	4587	7.39	0.665
348.6	NaN	515	NaN	718	1	358	31	28	0	407	5	4587	5	4500	13	4559	14	4573	7.366	0.727
348.7	NaN	506	NaN	676	2	362	31	28	0	406	5	4580	5	4502	13	4541	13	4524	7.376	0.063
348.8	NaN	508	NaN	654	2	361	31	28	0	406	6	4569	6	4511	14	4522	15	4534	7.34	-0.263
348.9	NaN	515	NaN	651	2	362	31	28	0	408	5	4573	5	4541	13	4515	13	4517	7.331	0.007
349	NaN	531	NaN	680	1	357	31	28	0	405	5	4553	5	4519	13	4505	13	4513	7.321	0.439
349.1	NaN	549	NaN	727	1	360	31	28	0	406	5	4536	6	4533	13	4482	14	4506	7.319	0.418
349.2	NaN	553	NaN	674	2	360	31	28	0	405	5	4518	6	4504	13	4465	14	4505	7.3	0.25
349.3	NaN	511	NaN	668	0	358	31	28	0	407	5	4546	6	4492	14	4468	14	4509	7.282	-0.1
349.4	NaN	509	NaN	667	2	361	31	28	0	407	5	4525	6	4514	13	4454	14	4497	7.265	-0.451
349.5	NaN	515	NaN	649	3	360	31	28	0	405	5	4519	6	4464	13	4473	14	4508	7.241	0.11
349.6	NaN	534	NaN	696	1	361	31	28	0	405	5	4522	6	4480	13	4457	14	4490	7.23	-0.164
349.7	NaN	510	NaN	685	1	361	31	28	0	405	5	4476	5	4457	13	4450	13	4452	7.226	-0.029
349.8	NaN	506	NaN	719	0	359	31	28	0	405	5	4479	5	4435	13	4447	14	4476	7.197	0.6
349.9	NaN	521	NaN	688	1	358	31	28	0	405	5	4457	5	4488	13	4414	14	4466	7.189	-0.08
350	NaN	528	NaN	714	0	359	31	28	0	405	5	4460	5	4408	13	4412	13	4445	7.159	0.103
350.1	NaN	524	NaN	720	2	360	31	28	0	405	6	4441	6	4453	13	4383	14	4432	7.157	-0.226
350.2	NaN	540	NaN	655	-1	361	31	28	0	406	5	4423	5	4370	14	4392	13	4391	7.14	1.143
350.3	NaN	516	NaN	656	-1	358	31	28	0	406	5	4438	5	4410	14	4382	13	4416	7.1	-0.561
350.4	NaN	511	NaN	648	1	362	31	28	0	407	5	4412	5	4366	13	4376	14	4401	7.096	0.845
350.5	NaN	523	NaN	629	-1	359	31	28	0	407	5	4408	6	4364	14	4357	14	4385	7.078	-0.068
350.6	NaN	522	NaN	657	-2	359	31	29	0	407	6	4400	6	4325	16	4349	15	4360	7.073	0.363
350.7	NaN	546	NaN	662	1	357	31	29	0	407	6	4382	6	4314	16	4362	16	4365	7.089	0.542
350.8	NaN	539	NaN	637	-0	358	31	29	0	407	6	4372	6	4333	16	4340	16	4350	7.087	0.231
350.9	NaN	532	NaN	650	-1	357	31	29	0	407	6	4412	6	4324	16	4375	16	4349	7.081	0.074
351	NaN	549	NaN	691	-1	356	31	29	0	407	6	4416	6	4353	16	4351	15	4359	7.088	0.041
351.1	NaN	527	NaN	643	1	362	31	29	0	407	6	4394	6	4351	16	4350	16	4357	7.091	0.83
351.2	NaN	543	NaN	695	1	360	31	29	0	406	6	4362	6	4349	15	4315	15	4346	7.083	0.023
351.3	NaN	545	NaN	666	-0	359	31	29	0	406	6	4372	6	4352	15	4320	16	4330	7.088	-0.079
351.4	NaN	510	NaN	648	-1	356	30	29	0	407	6	4379	6	4318	15	4324	15	4357	7.067	0.528
351.5	NaN	548	NaN	717	1	362	31	28	0	406	6	4358	6	4343	15	4322	14	4340	7.066	0.021
351.6	NaN	548	NaN	708	1	357	31	28	0	407	6	4352	6	4296	15	4325	15	4334	7.055	-0.059
351.7	NaN	553	NaN	652	1	362	31	29	0	404	6	4358	6	4335	15	4284	15	4326	7.049	-0.208
351.8	NaN	544	NaN	678	0	360	31	29	0	407	6	4374	6	4281	15	4319	15	4329	7.029	0.231
351.9	NaN	529	NaN	675	-1	358	30	28	0	407	6	4340	6	4293	15	4288	15	4305	7.014	0.115
352	NaN	539	NaN	659	0	361	31	29	0	407	6	4317	6	4262	15	4295	15	4296	7.009	0.843
352.1	NaN	533	NaN	676	1	362	31	28	0	406	6	4344	6	4271	15	4282	15	4296	6.985	0.189
352.2	NaN	544	NaN	686	1	362	31	29	0	406	6	4334	6	4274	15	4288	15	4280	6.985	0.341
352.3	NaN	579	NaN	646	-1	357	31	28	0	405	6	4311	6	4314	15	4253	15	4288	6.972	-0.143
352.4	NaN	548	NaN	680	1	361	31	28	0	407	6	4302	6	4243	14	4262	15	4258	6.953	0.622
352.5	NaN	558	NaN	682	1	359	31	29	0	407	6	4313	6	4257	15	4247	15	4262	6.94	0.421
352.6	NaN	545	NaN	682	1	357	31	29	0	405	6	4274	6	4274	15	4217	15	4246	6.889	-0.279
352.7	NaN	564	NaN	676	0	359	31	28	0	408	6	4265	6	4247	15	4220	15	4260	6.875	0.064
352.8	NaN	568	NaN	677	0	359	31	28	0	407	6	4259	6	4229	15	4203	15	4236	6.84	0.366
352.9	NaN	530	NaN	662	-0	358	31	28	0	406	6	4240	6	4206	14	4214	14	4225	6.821	0.042
353	NaN	548	NaN	669	-0	358	31	28	0	404	6	4255	6	4192	14	4183	14	4203	6.76	-0.02
353.1	NaN	516	NaN	663	0	359	31	28	0	406	5	4247	6	4162	14	4205	14	4207	6.729	0.149
353.2	NaN	517	NaN	675	-1	360	31	28	0	406	6	4210	5	4148	14	4165	14	4172	6.707	0.11
353.3	NaN	534	NaN	650	0	360	31	28	0	404	5	4186	6	4143	14	4152	14	4156	6.696	0.209
353.4	NaN	535	NaN	673	2	358	31	28	0	408	5	4166	5	4129	14	4142	14	4163	6.674	0.534
353.5	NaN	535	NaN	703	2	361	31	28	0	407	5	4166	6	4115	13	4137	14	4130	6.65	0.428
353.6	NaN	525	NaN	687	-0	357	31	28	0	407	5	4147	6	4097	14	4107	14	4135	6.635	0
353.7	NaN	520	NaN	708	-1	360	31	28	0	406	6	4138	5	4090	14	4098	13	4105	6.639	0.32
353.8	NaN	531	NaN	647	-1	358	31	28	0	407	5	4111	5	4064	14	4079	13	4089	6.612	0.66
353.9	NaN	542	NaN	696	0	359	31	28	0	407	5	4096	5	4074	14	4058	14	4055	6.611	0.316
354	NaN	524	NaN	656	-2	358	31	28	0	407	6	4091	5	4014	14	4050	13	4059	6.574	0.127
354.1	NaN	534	NaN	668	1	361	31	28	0	407	5	4098	6	4035	14	4029	14	4043	6.572	0.507
354.2	NaN	515	NaN	655	0	362	31	28	0	407	6	4067	5	3987	14	4019	13	4012	6.539	0.392
354.3	NaN	588	NaN	660	1	356	31	28	0	406	5	4038	5	4008	13	3993	14	4001	6.537	-0.211
354.4	NaN	582	NaN	692	-1	357	31	28	0	407	5	4030	5	3989	14	3990	14	4006	6.51	-0.168
354.5	NaN	531	NaN	681	0	359	31	28	0	406	5	4023	5	3992	13	3972	14	3982	6.503	0.307
354.6	NaN	555	NaN	645	1	358	31	28	0	408	5	4024	5	3949	13	3961	14	3972	6.488	0.31
354.7	NaN	549	NaN	658	-0	358	31	28	0	405	6	3998	6	3968	14	3948	14	3959	6.467	0.067
354.8	NaN	534	NaN	698	0	360	31	28	0	403	5	3983	5	3937	14	3940	14	3956	6.452	0.212
354.9	NaN	530	NaN	647	1	361	31	28	0	406	5	3981	5	3936	14	3919	14	3944	6.427	0.52
355	NaN	533	NaN	676	1	360	31	28	0	406	5	3951	6	3904	14	3923	14	3925	6.396	-0.193
355.1	NaN	537	NaN	680	1	358	31	28	0	407	5	3953	6	3897	14	3885	13	3906	6.397	0.607
355.2	NaN	534	NaN	673	0	359	31	28	0	409	5	3947	5	3871	14	3896	14	3886	6.366	0.303
355.3	NaN	528	NaN	682	2	358	31	28	0	407	5	3916	6	3894	13	3867	14	3890	6.358	-0.242
355.4	NaN	537	NaN	693	2	358	31	28	0	408	5	3913	6	3842	13	3879	14	3883	6.338	0.706
355.5	NaN	585	NaN	713	2	357	31	28	0	407	5	3896	5	3868	13	3851	14	3860	6.326	0.328
355.6	NaN	562	NaN	652	1	358	31	28	0	407	6	3907	6	3813	14	3848	14	3854	6.311	0.18
355.7	NaN	574	NaN	686	1	363	31	28	0	406	6	3874	6	3839	14	3823	14	3848	6.304	0.427
355.8	NaN	601	NaN	650	2	358	31	29	0	407	6	3886	7	3815	15	3842	16	3854	6.294	0.396
355.9	NaN	573	NaN	653	-1	360	31	29	0	407	6	3877	6	3831	16	3823	16	3855	6.299	-0.197
356	NaN	623	NaN	648	0	359	31	29	0	408	6	3877	7	3829	17	3839	16	3850	6.3	0.57
356.1	NaN	570	NaN	701	3	361	31	29	0	406	6	3856	7	3843	15	3800	16	3845	6.3	0.305
356.2	NaN	608	NaN	675	0	362	31	29	0	406	6	3856	6	3812	16	3815	16	3857	6.291	0.533
356.3	NaN	562	NaN	651	2	358	31	29	0	407	6	3869	7	3852	16	3802	16	3838	6.283	0.311
356.4	NaN	557	NaN	709	2	364	31	29	0	409	6	3859	7	3806	16	3819	17	3840	6.283	0.637
356.5	NaN	578	NaN	686	2	360	31	29	0	405	6	3844	6	3807	16	3820	17	3828	6.285	0.527
356.6	NaN	609	NaN	738	0	357	31	29	0	407	6	3847	7	3817	16	3818	16	3837	6.275	0.533
356.7	NaN	640	NaN	653	2	359	30	29	0	406	6	3838	7	3809	16	3813	16	3824	6.276	1.016
356.8	NaN	605	NaN	670	2	359	31	29	0	406	6	3801	7	3797	16	3805	16	3831	6.272	0.745
356.9	NaN	623	NaN	646	2	359	31	29	0	404	6	3832	6	3804	16	3792	16	3812	6.27	-0.155
357	NaN	611	NaN	737	3	362	31	29	0	407	6	3832	6	3798	16	3809	16	3827	6.251	0.149
357.1	NaN	561	NaN	680	1	358	31	29	0	405	6	3846	6	3803	16	3808	17	3823	6.265	-0.046
357.2	NaN	643	NaN	674	0	359	31	29	0	406	6	3831	6	3780	15	3797	17	3817	6.25	0.839
357.3	NaN	584	NaN	709	2	361	31	29	0	408	6	3841	6	3801	16	3794	16	3795	6.256	0.356
357.4	NaN	566	NaN	700	2	359	31	29	0	406	6	3835	6	3781	16	3792	16	3818	6.248	0.558
357.5	NaN	569	NaN	710	0	356	30	29	0	407	6	3825	6	3793	16	3791	17	3803	6.256	0.319
357.6	NaN	595	NaN	689	2	362	31	29	0	409	6	3839	6	3792	16	3798	16	3826	6.233	0.93
357.7	NaN	629	NaN	667	-1	359	31	29	0	406	6	3799	6	3797	16	3782	16	3802	6.261	0.986
357.8	NaN	659	NaN	738	2	361	31	29	0	409	7	3836	7	3771	17	3797	19	3821	6.231	0.688
357.9	NaN	610	NaN	697	3	361	31	29	0	407	6	3821	6	3784	16	3801	16	3809	6.234	0.841
358	NaN	566	NaN	701	2	360	31	29	0	408	6	3812	6	3781	16	3764	16	3818	6.22	0.406
358.1	NaN	556	NaN	667	2	359	31	29	0	407	6	3824	6	3795	15	3786	16	3808	6.216	0.486
358.2	NaN	561	NaN	703	2	362	31	29	0	407	6	3803	7	3794	16	3768	17	3838	6.206	0.428
358.3	NaN	592	NaN	664	2	362	31	29	0	407	6	3761	6	3799	15	3764	16	3794	6.236	0.393
358.4	NaN	558	NaN	675	2	359	31	29	0	407	6	3800	6	3814	16	3770	16	3812	6.203	0.253
358.5	NaN	566	NaN	656	0	358	31	29	0	406	6	3832	6	3771	16	3788	16	3794	6.203	0.513
358.6	NaN	568	NaN	660	2	359	31	29	0	406	6	3839	6	3781	16	3785	16	3799	6.198	0.537
358.7	NaN	573	NaN	693	-1	357	31	29	0	407	6	3825	6	3772	15	3779	16	3803	6.201	0.84
358.8	NaN	575	NaN	657	2	358	31	29	0	407	6	3809	6	3780	15	3749	16	3797	6.196	0.2
358.9	NaN	592	NaN	660	1	360	31	29	0	406	6	3800	7	3770	15	3768	16	3767	6.192	0.441
359	NaN	595	NaN	640	1	357	31	29	0	407	7	3805	6	3789	18	3753	18	3791	6.193	0.955
359.1	NaN	629	NaN	653	1	359	31	29	0	406	6	3787	6	3774	16	3762	16	3786	6.188	0.5
359.2	NaN	606	NaN	667	1	360	30	29	0	407	6	3809	6	3771	16	3752	16	3790	6.166	0.329
359.3	NaN	584	NaN	654	2	360	31	29	0	409	6	3804	6	3747	16	3779	16	3776	6.183	0.521
359.4	NaN	609	NaN	643	0	358	31	29	0	407	6	3802	7	3810	16	3758	17	3789	6.174	0.359
359.5	NaN	602	NaN	673	1	357	31	29	0	406	6	3797	6	3750	16	3762	16	3766	6.166	0.738
359.6	NaN	597	NaN	677	-0	358	31	29	0	405	6	3798	6	3776	16	3757	16	3772	6.169	0.555
359.7	NaN	669	NaN	686	0	362	31	29	0	407	6	3811	6	3733	16	3761	17	3774	6.163	0.831
359.8	NaN	557	NaN	735	-1	358	31	29	0	406	6	3797	6	3774	16	3757	15	3773	6.155	0.233
359.9	NaN	580	NaN	674	-1	357	31	29	0	406	6	3821	6	3705	16	3766	15	3748	6.152	0.301
360	NaN	554	NaN	653	-1	358	31	29	0	406	6	3800	6	3762	16	3752	16	3764	6.161	0.094
360.1	NaN	609	NaN	651	1	360	31	29	0	405	7	3785	6	3732	16	3751	16	3746	6.142	0.755
360.2	NaN	590	NaN	657	-1	361	31	29	0	407	6	3776	6	3765	16	3752	16	3751	6.13	0.368
360.3	NaN	567	NaN	692	-1	361	31	29	0	405	6	3800	6	3695	15	3751	15	3733	6.113	0.851
360.4	NaN	551	NaN	687	-2	363	31	28	0	407	6	3783	6	3714	15	3733	15	3718	6.115	0.58
360.5	NaN	545	NaN	688	-2	361	31	28	0	407	6	3764	6	3701	16	3721	15	3721	6.096	0.448
360.6	NaN	532	NaN	673	-1	356	31	28	0	407	6	3760	6	3698	15	3718	15	3707	6.076	0.431
360.7	NaN	561	NaN	689	0	361	31	28	0	408	6	3760	6	3697	15	3712	15	3699	6.058	0.149
360.8	NaN	546	NaN	686	-2	358	31	28	0	407	6	3727	6	3683	15	3705	15	3669	6.038	-0.128
360.9	NaN	544	NaN	662	-2	360	31	28	0	405	6	3728	5	3678	14	3677	14	3657	6.027	0.136
361	NaN	520	NaN	676	-2	360	29	26	0	408	4	3687	3	3638	9	3642	9	3630	5.97	-0.121
361.1	NaN	501	NaN	708	-2	364	30	26	0	407	4	3686	4	3608	10	3604	9	3596	5.941	-0.13
361.2	NaN	538	NaN	667	-1	359	30	26	0	407	4	3622	4	3547	10	3558	10	3559	5.85	-0.203
361.3	NaN	516	NaN	728	-1	358	30	26	0	406	4	3619	3	3513	10	3555	9	3531	5.782	-0.258
361.4	NaN	522	NaN	665	-3	359	30	27	0	407	4	3547	4	3461	10	3513	10	3476	5.738	0.075
361.5	NaN	520	NaN	652	-2	362	30	27	0	407	4	3544	4	3470	11	3510	10	3465	5.708	-0.247
361.6	NaN	549	NaN	712	-4	356	30	27	0	406	4	3502	4	3387	11	3479	10	3406	5.64	0.398
361.7	NaN	526	NaN	707	-3	360	30	27	0	407	4	3489	4	3395	11	3460	10	3398	5.607	-0.216
361.8	NaN	519	NaN	677	-3	358	30	27	0	407	4	3440	4	3336	11	3416	10	3357	5.535	0.182
361.9	NaN	534	NaN	704	-3	358	29	27	0	405	4	3420	4	3301	11	3411	10	3351	5.521	0.196
362	NaN	536	NaN	683	-5	356	30	27	0	407	4	3375	4	3285	12	3356	11	3312	5.453	0.179
362.1	NaN	517	NaN	686	-4	355	30	27	0	407	4	3358	4	3254	11	3334	10	3275	5.438	0.408
362.2	NaN	571	NaN	713	-5	361	30	29	0	408	6	3356	5	3250	15	3317	14	3272	5.385	0.954
362.3	NaN	572	NaN	703	-5	357	30	29	0	407	6	3336	6	3251	16	3298	15	3267	5.4	-0.033
362.4	NaN	619	NaN	698	-8	357	30	30	0	406	7	3362	6	3231	17	3316	14	3243	5.408	0.474
362.5	NaN	556	NaN	678	-7	360	30	29	0	406	7	3371	6	3252	17	3330	14	3264	5.386	0.65
362.6	NaN	548	NaN	681	-7	356	30	29	0	406	6	3384	5	3195	16	3335	14	3225	5.393	0.622
362.7	NaN	562	NaN	669	-10	358	30	29	0	407	7	3407	5	3271	18	3334	13	3252	5.387	0.617
362.8	NaN	577	NaN	673	-11	359	30	29	0	405	7	3411	5	3207	17	3361	13	3227	5.392	0.407
362.9	NaN	551	NaN	662	-15	355	30	29	0	406	7	3419	5	3211	17	3356	13	3221	5.396	0.099
363	NaN	589	NaN	666	-18	360	30	29	0	404	7	3435	4	3182	18	3378	12	3189	5.388	0.94
363.1	NaN	601	NaN	687	-18	360	30	29	0	406	7	3443	5	3190	18	3373	12	3186	5.396	0.065
363.2	NaN	584	NaN	660	-20	361	30	29	0	407	7	3433	5	3168	19	3407	11	3176	5.375	0.44
363.3	NaN	606	NaN	671	-20	363	30	29	0	407	7	3475	5	3148	19	3398	12	3162	5.381	0.464
363.4	NaN	573	NaN	684	-21	358	30	29	0	406	7	3480	4	3166	19	3418	11	3135	5.357	0.321
363.5	NaN	559	NaN	663	-20	360	30	29	0	406	7	3475	4	3159	19	3426	12	3148	5.369	0.017
363.6	NaN	560	NaN	674	-24	356	30	29	0	406	7	3489	4	3162	19	3422	11	3147	5.373	0.282
363.7	NaN	542	NaN	663	-21	357	30	29	0	407	8	3485	4	3154	19	3433	11	3166	5.376	0.374
363.8	NaN	533	NaN	704	-21	359	30	29	0	405	8	3482	4	3145	20	3412	11	3174	5.387	-0.16
363.9	NaN	533	NaN	711	-23	358	30	29	0	407	8	3527	4	3178	19	3463	11	3160	5.353	0.614
364	NaN	545	NaN	656	-24	360	30	29	0	406	8	3501	4	3175	19	3450	11	3175	5.374	0.392
364.1	NaN	545	NaN	680	-24	359	30	29	0	406	7	3480	4	3248	19	3443	10	3193	5.438	0.256
364.2	NaN	559	NaN	670	-24	358	30	29	0	405	7	3478	4	3219	18	3446	10	3199	5.444	0.142
364.3	NaN	551	NaN	683	-26	360	30	29	0	406	7	3545	4	3187	19	3500	10	3175	5.443	1.013
364.4	NaN	514	NaN	688	-27	362	30	27	0	405	6	3582	3	3189	16	3524	8	3158	5.443	-0.072
364.5	NaN	513	NaN	649	-25	356	30	27	0	407	6	3581	3	3165	16	3489	8	3170	5.442	-0.804
364.6	NaN	544	NaN	637	-27	358	30	27	0	407	5	3530	3	3199	15	3477	8	3181	5.42	0.689
364.7	NaN	523	NaN	649	-25	356	30	28	0	406	7	3561	3	3195	17	3479	9	3160	5.414	0.701
364.8	NaN	543	NaN	692	-26	359	31	31	0	405	10	3600	5	3203	26	3529	13	3179	5.483	0.492
364.9	NaN	558	NaN	685	-26	356	31	31	0	405	10	3614	5	3255	25	3550	13	3231	5.524	0.845
365	NaN	586	NaN	682	-25	360	31	30	0	405	10	3638	5	3272	25	3598	13	3265	5.596	0.853
365.1	NaN	585	NaN	699	-25	359	31	30	0	406	10	3680	5	3328	25	3622	13	3298	5.662	0.265
365.2	NaN	563	NaN	666	-24	359	31	30	0	405	10	3707	5	3354	24	3651	13	3355	5.708	1.223
365.3	NaN	588	NaN	661	-26	357	31	30	0	406	9	3746	5	3426	23	3670	12	3381	5.767	0.253
365.4	NaN	567	NaN	722	-26	356	31	30	0	407	9	3789	5	3403	23	3753	12	3404	5.798	-0.028
365.5	NaN	526	NaN	658	-24	361	31	30	0	407	9	3831	5	3425	23	3792	12	3429	5.818	1.29
365.6	NaN	519	NaN	690	-21	362	31	28	0	408	7	3834	4	3470	17	3766	10	3477	5.871	0.256
365.7	NaN	526	NaN	705	-19	357	31	27	0	406	7	3844	4	3475	17	3782	10	3471	5.891	0.202
365.8	NaN	545	NaN	706	-20	358	31	27	0	405	7	3862	4	3522	17	3792	10	3509	5.943	0.57
365.9	NaN	515	NaN	723	-17	359	31	27	0	404	7	3872	4	3507	17	3798	11	3530	5.95	0.026
366	NaN	582	NaN	689	-13	363	31	27	0	406	6	3844	4	3534	16	3791	11	3539	6.012	0.871
366.1	NaN	530	NaN	694	-15	362	31	27	0	407	6	3820	4	3582	15	3779	11	3585	6.036	-0.033
366.2	NaN	521	NaN	751	-14	358	31	27	0	405	6	3771	4	3650	14	3760	10	3622	6.063	0.622
366.3	NaN	553	NaN	675	-11	363	31	27	0	404	6	3829	4	3671	14	3806	11	3702	6.051	-0.291
366.4	NaN	532	NaN	713	-11	361	31	27	0	404	6	3867	4	3650	15	3818	10	3631	6.122	0.701
366.5	NaN	517	NaN	657	-12	360	31	26	0	404	5	3915	4	3687	14	3868	11	3705	6.132	0.658
366.6	NaN	517	NaN	635	-10	360	31	27	0	405	5	3913	4	3658	14	3842	10	3668	6.182	0.18
366.7	NaN	532	NaN	657	-10	356	31	26	0	406	5	3940	4	3717	14	3886	10	3706	6.222	0.637
366.8	NaN	519	NaN	668	-9	357	31	27	0	405	5	3934	4	3748	14	3897	11	3742	6.258	0.318
366.9	NaN	522	NaN	650	-9	364	31	26	0	406	5	3991	4	3768	13	3934	11	3770	6.291	0.11
367	NaN	541	NaN	633	-10	361	31	27	0	406	6	3993	4	3808	14	3932	11	3813	6.334	0.133
367.1	NaN	511	NaN	637	-5	360	31	26	0	407	5	4002	5	3842	13	3954	12	3863	6.353	-0.297
367.2	NaN	532	NaN	664	-3	361	31	27	0	404	5	4000	5	3873	12	3964	12	3890	6.399	0.068
367.3	NaN	513	NaN	680	-0	360	31	26	0	407	5	4033	5	3902	12	3976	11	3934	6.423	0.425
367.4	NaN	536	NaN	682	-2	358	31	27	0	405	5	4030	5	3938	13	3986	12	3958	6.463	0.311
367.5	NaN	530	NaN	667	0	359	31	27	0	407	5	4057	5	3952	12	4012	12	3982	6.489	0.09
367.6	NaN	524	NaN	636	2	363	31	26	0	407	5	4055	5	3944	12	4003	12	3972	6.505	-0.046
367.7	NaN	516	NaN	693	3	361	31	27	0	406	5	4064	5	3990	12	4021	13	4019	6.527	-0.474
367.8	NaN	508	NaN	661	4	359	31	26	0	407	4	4054	5	3997	11	4018	12	4032	6.549	-0.661
367.9	NaN	528	NaN	705	6	363	31	27	0	405	4	4035	5	4029	11	4007	13	4045	6.579	0.176
368	NaN	510	NaN	668	5	361	31	26	0	407	4	4069	5	4052	11	4001	13	4076	6.554	-0.205
368.1	NaN	530	NaN	639	3	362	31	26	0	407	5	4074	5	4044	12	4018	12	4076	6.541	-0.771
368.2	NaN	530	NaN	706	4	361	31	27	0	407	5	4043	5	4064	12	4010	12	4052	6.561	0.976
368.3	NaN	521	NaN	665	2	360	31	27	0	407	5	4053	5	4034	12	4015	12	4067	6.551	0.336
368.4	NaN	509	NaN	652	0	357	31	27	0	404	5	4056	5	4042	12	4000	12	4048	6.562	-0.36
368.5	NaN	525	NaN	669	1	360	31	27	0	404	5	4066	5	4016	12	4021	12	4044	6.56	-0.141
368.6	NaN	513	NaN	640	-1	357	31	27	0	407	5	4067	5	4045	12	4010	12	4029	6.576	0.117
368.7	NaN	521	NaN	706	-0	361	31	26	0	404	5	4086	5	4000	12	4031	11	4038	6.567	0.261
368.8	NaN	526	NaN	653	-1	357	31	26	0	404	5	4086	5	4042	13	4031	12	4037	6.568	-0.112
368.9	NaN	504	NaN	656	-0	359	31	26	0	404	5	4069	5	4009	12	4013	12	4036	6.564	0.003
369	NaN	510	NaN	657	-2	361	31	26	0	407	5	4091	5	4052	12	4041	12	4034	6.563	-0.159
369.1	NaN	518	NaN	658	0	357	31	26	0	405	5	4079	5	4009	12	4032	12	4043	6.546	-0.475
369.2	NaN	514	NaN	661	-1	362	31	26	0	407	5	4066	5	4036	12	4015	12	4019	6.576	0.15
369.3	NaN	514	NaN	690	0	359	31	26	0	404	5	4088	4	4011	12	4028	12	4029	6.555	-0.661
369.4	NaN	530	NaN	655	0	360	31	27	0	404	5	4087	5	4012	12	4037	12	4014	6.544	-0.257
369.5	NaN	515	NaN	667	1	359	31	27	0	404	5	4109	5	4042	12	4049	12	4048	6.483	-0.526
369.6	NaN	515	NaN	656	-1	360	31	27	0	407	5	4102	5	4005	12	4041	13	4011	6.533	-0.156
369.7	NaN	504	NaN	650	1	359	31	27	0	406	5	4045	5	3985	12	4015	12	4004	6.55	1.015
369.8	NaN	515	NaN	687	-1	359	31	27	0	405	5	4067	5	3960	12	4035	12	3986	6.565	1.591
369.9	NaN	518	NaN	704	1	362	31	27	0	407	5	4080	5	3967	12	3985	11	3986	6.57	-1.066
370	NaN	509	NaN	662	1	359	31	26	0	407	4	4098	4	4022	10	4057	11	4031	6.563	-0.592
370.1	NaN	514	NaN	658	1	357	31	26	0	407	4	4073	5	4013	11	4028	11	4045	6.563	0.478
370.2	NaN	509	NaN	655	2	358	31	26	0	407	4	4114	4	4051	11	4070	11	4048	6.568	-0.437
370.3	NaN	520	NaN	640	2	357	31	26	0	407	4	4093	4	3976	11	4029	11	4010	6.59	-0.013
370.4	NaN	510	NaN	654	2	359	31	26	0	407	4	4079	4	4015	11	4058	11	4051	6.582	0.218
370.5	NaN	523	NaN	699	2	360	31	26	0	406	4	4065	4	4013	10	4019	10	4041	6.577	0.357
370.6	NaN	516	NaN	696	1	361	30	25	0	405	3	4083	3	4027	9	4032	9	4032	6.55	-0.56
370.7	NaN	516	NaN	635	2	359	30	25	0	406	3	4059	4	3969	9	4002	9	4018	6.547	-0.071
370.8	NaN	513	NaN	728	4	361	30	25	0	407	3	4044	4	3977	8	3986	9	4001	6.518	0.031
370.9	NaN	512	NaN	629	3	360	30	25	0	405	3	4037	3	4002	8	3960	9	3995	6.487	0.229
371	NaN	512	NaN	776	5	358	30	25	0	406	3	4016	3	3969	8	3972	8	3990	6.449	-0.537
371.1	NaN	520	NaN	677	4	357	30	25	0	407	3	3995	3	3972	8	3932	9	3986	6.451	-0.044
371.2	NaN	520	NaN	644	3	356	30	25	0	406	4	3985	4	3938	9	3931	10	3959	6.407	-0.099
371.3	NaN	524	NaN	655	4	357	30	26	0	406	3	3949	4	3954	9	3911	10	3951	6.413	0.266
371.4	NaN	505	NaN	737	4	358	30	26	0	405	3	3945	4	3912	9	3906	10	3939	6.39	-0.072
371.5	NaN	520	NaN	644	2	358	30	26	0	405	4	3952	4	3943	9	3908	10	3930	6.383	0.064
371.6	NaN	522	NaN	643	4	360	30	26	0	407	3	3946	4	3908	9	3890	10	3930	6.372	-0.11
371.7	NaN	524	NaN	636	5	362	30	26	0	405	4	3935	4	3939	9	3890	10	3919	6.358	0.583
371.8	NaN	516	NaN	622	4	361	30	26	0	407	4	3932	4	3922	9	3895	10	3930	6.333	-0.947
371.9	NaN	556	NaN	655	3	361	30	26	0	405	4	3927	4	3901	10	3880	10	3890	6.336	0.321
372	NaN	507	NaN	660	2	357	30	26	0	405	4	3913	4	3886	10	3870	10	3914	6.31	-0.286
372.1	NaN	509	NaN	717	2	357	30	26	0	405	4	3910	4	3892	10	3865	10	3882	6.307	0.101
372.2	NaN	505	NaN	675	3	358	30	26	0	407	4	3912	4	3869	10	3872	10	3896	6.281	-0.606
372.3	NaN	512	NaN	667	1	358	30	26	0	405	4	3893	4	3873	10	3855	10	3873	6.272	0.16
372.4	NaN	510	NaN	669	3	358	30	26	0	405	4	3892	4	3848	10	3854	10	3868	6.253	-0.493
372.5	NaN	510	NaN	687	3	360	30	26	0	407	4	3877	4	3855	9	3831	10	3850	6.245	-0.069
372.6	NaN	501	NaN	666	2	358	30	26	0	407	4	3882	4	3835	10	3846	10	3852	6.227	-0.723
372.7	NaN	512	NaN	666	0	358	30	26	0	406	4	3875	4	3805	10	3820	10	3827	6.231	0.143
372.8	NaN	503	NaN	647	-1	357	30	26	0	407	4	3863	4	3814	9	3831	10	3838	6.215	-0.248
372.9	NaN	516	NaN	665	1	361	30	26	0	406	4	3861	4	3820	9	3812	10	3822	6.212	-0.037
373	NaN	509	NaN	678	1	362	30	26	0	406	4	3852	4	3796	9	3815	10	3815	6.203	-0.311
373.1	NaN	511	NaN	703	0	359	30	26	0	405	4	3858	4	3829	10	3814	10	3824	6.206	0.344
373.2	NaN	509	NaN	684	1	360	30	26	0	403	4	3864	4	3802	10	3820	10	3819	6.191	-0.124
373.3	NaN	515	NaN	655	2	360	30	26	0	407	4	3847	4	3831	10	3808	10	3824	6.208	0.121
373.4	NaN	500	NaN	701	0	360	30	26	0	408	4	3860	4	3798	9	3807	9	3808	6.202	-0.289
373.5	NaN	508	NaN	662	2	362	30	26	0	406	4	3848	4	3826	10	3807	10	3821	6.21	0.152
373.6	NaN	509	NaN	663	3	363	30	26	0	406	4	3876	4	3791	10	3816	10	3815	6.198	0.018
373.7	NaN	503	NaN	696	2	361	30	26	0	405	4	3839	4	3781	10	3801	10	3826	6.21	0.169
373.8	NaN	515	NaN	754	3	362	30	26	0	405	4	3860	4	3797	9	3820	9	3819	6.201	-0.661
373.9	NaN	525	NaN	690	1	361	30	26	0	406	4	3842	3	3779	9	3790	9	3796	6.2	-0.182
374	NaN	507	NaN	665	0	359	30	25	0	406	3	3852	3	3792	8	3805	8	3812	6.181	-0.055
374.1	NaN	526	NaN	719	3	360	30	25	0	404	3	3844	3	3768	8	3795	9	3785	6.189	0.033
374.2	NaN	505	NaN	650	3	362	30	24	0	408	3	3831	3	3758	7	3790	7	3780	6.151	-0.652
374.3	NaN	510	NaN	658	1	360	30	25	0	407	3	3812	3	3740	7	3786	7	3780	6.129	-0.563
374.4	NaN	533	NaN	612	2	360	29	24	0	406	2	3800	2	3746	5	3751	5	3756	6.093	-1.248
374.5	NaN	519	NaN	602	2	358	29	24	0	405	2	3777	2	3694	5	3725	5	3720	6.07	0.373
374.6	NaN	520	NaN	652	1	359	29	24	0	406	2	3772	2	3730	6	3723	6	3717	5.999	-0.856
374.7	NaN	524	NaN	684	3	362	29	25	0	404	2	3699	2	3659	6	3667	6	3665	6.02	0.108
374.8	NaN	529	NaN	650	1	358	29	25	0	406	2	3682	2	3667	6	3660	6	3649	5.965	-0.921
374.9	NaN	514	NaN	636	2	361	29	26	0	404	4	3651	4	3621	9	3632	9	3653	5.933	0.38
375	NaN	528	NaN	639	1	357	29	26	0	405	3	3687	4	3661	9	3645	9	3641	5.931	-0.541
375.1	NaN	535	NaN	673	3	359	29	27	0	406	4	3654	4	3584	9	3605	10	3629	5.934	0.042
375.2	NaN	531	NaN	656	3	360	29	27	0	406	4	3672	4	3640	9	3636	10	3634	5.926	-0.361
375.3	NaN	518	NaN	695	1	357	29	27	0	404	4	3660	4	3609	9	3609	10	3624	5.908	0.242
375.4	NaN	520	NaN	652	4	361	29	27	0	404	4	3654	4	3651	9	3611	10	3653	5.921	0.346
375.5	NaN	506	NaN	683	4	358	29	27	0	405	3	3655	4	3594	9	3609	10	3630	5.906	0.036
375.6	NaN	520	NaN	668	5	359	29	27	0	406	4	3658	4	3635	10	3621	10	3645	5.895	-0.266
375.7	NaN	499	NaN	667	3	362	29	27	0	406	3	3665	4	3600	9	3614	10	3629	5.89	0.011
375.8	NaN	502	NaN	701	4	356	29	27	0	405	4	3652	4	3623	9	3592	10	3631	5.891	0.131
375.9	NaN	510	NaN	635	3	359	29	27	0	405	3	3622	4	3624	9	3608	10	3635	5.884	-0.282
376	NaN	512	NaN	667	4	359	29	27	0	403	3	3628	4	3593	9	3568	10	3640	5.879	-0.301
376.1	NaN	523	NaN	682	7	361	29	27	0	406	3	3635	4	3648	9	3591	10	3656	5.874	-0.511
376.2	NaN	546	NaN	647	5	359	29	27	0	405	3	3608	4	3615	9	3583	11	3616	5.879	0
376.3	NaN	538	NaN	636	6	359	29	27	0	404	3	3610	4	3642	10	3580	11	3645	5.874	0.448
376.4	NaN	534	NaN	656	9	356	29	27	0	405	3	3609	4	3615	9	3574	11	3635	5.868	-0.158
376.5	NaN	523	NaN	696	10	362	29	27	0	405	3	3595	4	3674	8	3544	10	3664	5.859	-0.884
376.6	NaN	527	NaN	677	13	358	29	27	0	406	3	3579	4	3631	8	3540	10	3649	5.86	-0.101
376.7	NaN	526	NaN	679	14	362	29	27	0	407	3	3574	4	3671	8	3526	11	3659	5.848	0.074
376.8	NaN	519	NaN	633	13	361	29	27	0	404	3	3550	4	3640	8	3515	10	3658	5.836	0.103
376.9	NaN	546	NaN	667	12	361	29	27	0	404	3	3562	4	3649	8	3502	11	3655	5.829	-0.105
377	NaN	517	NaN	694	13	360	29	27	0	403	3	3548	4	3625	8	3504	11	3646	5.807	-0.033
377.1	NaN	525	NaN	656	15	361	29	27	0	407	3	3529	4	3651	7	3467	11	3630	5.797	-0.032
377.2	NaN	509	NaN	641	15	358	29	27	0	404	3	3509	4	3613	8	3495	11	3645	5.795	-0.033
377.3	NaN	538	NaN	660	14	360	29	27	0	406	3	3509	4	3632	8	3460	11	3651	5.794	-0.037
377.4	NaN	531	NaN	662	14	362	29	27	0	407	3	3518	4	3628	8	3477	11	3633	5.759	-0.947
377.5	NaN	545	NaN	702	15	358	29	27	0	407	3	3501	5	3608	8	3429	11	3624	5.775	-0.163
377.6	NaN	512	NaN	646	17	361	29	27	0	408	3	3501	4	3623	8	3455	12	3625	5.745	-0.099
377.7	NaN	530	NaN	657	15	362	29	27	0	407	3	3504	5	3580	8	3445	11	3593	5.748	0.127
377.8	NaN	540	NaN	660	18	361	29	27	0	406	3	3451	4	3612	8	3431	12	3622	5.732	-0.657
377.9	NaN	505	NaN	673	17	359	29	27	0	405	3	3462	4	3584	8	3434	12	3613	5.716	0.123
378	NaN	539	NaN	687	17	359	29	27	0	407	3	3475	4	3636	7	3415	11	3600	5.707	-0.95
378.1	NaN	558	NaN	728	17	362	29	27	0	406	3	3468	5	3580	7	3417	12	3605	5.696	0.063
378.2	NaN	518	NaN	657	17	360	29	27	0	407	3	3439	5	3606	8	3401	12	3593	5.704	0.127
378.3	NaN	543	NaN	705	18	361	29	27	0	407	3	3475	5	3586	8	3405	12	3615	5.688	-0.296
378.4	NaN	518	NaN	654	16	356	29	27	0	407	3	3451	4	3592	8	3392	11	3590	5.681	-0.292
378.5	NaN	512	NaN	677	16	358	29	27	0	409	3	3449	5	3590	8	3391	12	3588	5.674	0.319
378.6	NaN	521	NaN	658	16	361	29	27	0	406	3	3405	4	3578	8	3383	12	3568	5.673	0.86
378.7	NaN	568	NaN	659	17	360	29	27	0	405	3	3410	5	3587	7	3363	11	3570	5.67	-0.474
378.8	NaN	580	NaN	675	16	357	29	27	0	406	3	3408	5	3536	8	3375	12	3556	5.652	0.032
378.9	NaN	546	NaN	619	15	356	29	27	0	405	3	3397	4	3565	7	3364	11	3554	5.645	-0.124
379	NaN	517	NaN	675	16	356	29	27	0	406	3	3396	4	3499	8	3375	11	3534	5.618	0.761
379.1	NaN	575	NaN	651	16	356	29	27	0	407	3	3399	5	3562	7	3342	12	3535	5.592	-0.143
379.2	NaN	551	NaN	680	19	362	29	27	0	407	3	3444	5	3522	8	3355	12	3524	5.568	-0.434
379.3	NaN	516	NaN	649	17	357	29	27	0	407	3	3390	5	3542	7	3318	12	3517	5.569	-0.693
379.4	NaN	552	NaN	657	18	357	29	27	0	407	3	3349	5	3509	8	3301	12	3516	5.561	-0.29
379.5	NaN	525	NaN	679	17	357	29	27	0	406	3	3351	5	3524	8	3308	12	3498	5.536	-0.346
379.6	NaN	555	NaN	643	19	357	29	27	0	407	3	3350	5	3478	8	3287	12	3496	5.528	0.197
379.7	NaN	527	NaN	683	16	356	29	27	0	407	3	3347	5	3472	7	3309	12	3481	5.515	0.258
379.8	NaN	543	NaN	657	18	358	29	27	0	407	3	3348	5	3495	7	3278	12	3457	5.505	-1.18
379.9	NaN	560	NaN	648	19	361	29	27	0	406	3	3318	4	3434	7	3278	12	3453	5.461	0.206
380	NaN	522	NaN	661	19	361	29	27	0	406	3	3318	5	3462	8	3276	12	3456	5.448	-0.291
380.1	NaN	553	NaN	649	19	361	29	27	0	407	3	3309	5	3405	7	3240	12	3425	5.424	-0.443
380.2	NaN	533	NaN	688	19	361	29	27	0	406	3	3278	4	3414	8	3245	12	3398	5.419	0.333
380.3	NaN	536	NaN	655	17	361	29	27	0	406	3	3248	5	3354	8	3220	12	3383	5.386	0.339
380.4	NaN	530	NaN	671	19	361	29	27	0	405	3	3244	5	3368	8	3187	12	3377	5.397	0.336
380.5	NaN	574	NaN	674	18	361	29	27	0	405	3	3225	5	3388	8	3182	12	3393	5.339	-0.198
380.6	NaN	520	NaN	685	17	358	29	27	0	406	3	3193	5	3412	8	3163	12	3399	5.328	-0.203
380.7	NaN	558	NaN	741	17	359	29	27	0	406	3	3227	5	3359	8	3190	12	3360	5.311	-0.04
380.8	NaN	546	NaN	680	15	363	29	28	0	406	3	3235	5	3358	9	3178	13	3355	5.291	-0.223
380.9	NaN	533	NaN	678	10	357	29	27	0	407	4	3246	5	3353	10	3185	12	3308	5.278	-0.396
381	NaN	556	NaN	678	11	362	29	28	0	408	4	3234	5	3320	10	3194	13	3335	5.248	0.054
381.1	NaN	550	NaN	711	12	361	29	28	0	406	4	3208	5	3310	9	3180	13	3289	5.247	0.136
381.2	NaN	550	NaN	687	8	359	30	27	0	406	4	3227	5	3260	11	3189	13	3308	5.22	-0.167
381.3	NaN	544	NaN	711	7	360	29	28	0	406	4	3199	5	3238	11	3154	12	3238	5.206	-0.489
381.4	NaN	550	NaN	693	5	357	29	28	0	406	4	3205	5	3213	11	3159	13	3221	5.194	-0.179
381.5	NaN	593	NaN	689	9	359	30	29	0	406	5	3165	6	3229	13	3134	16	3238	5.175	0.154
381.6	NaN	589	NaN	703	10	360	30	29	0	406	5	3183	7	3238	13	3142	17	3244	5.188	0.336
381.7	NaN	606	NaN	721	8	357	31	29	0	407	5	3198	7	3227	14	3160	18	3247	5.199	0.859
381.8	NaN	617	NaN	750	11	362	31	29	0	407	6	3230	7	3233	14	3174	18	3247	5.219	0.712
381.9	NaN	614	NaN	737	11	361	31	29	0	407	5	3236	7	3297	14	3195	18	3283	5.202	-0.203
382	NaN	573	NaN	676	10	361	31	29	0	404	6	3235	7	3277	14	3177	18	3301	5.227	0.749
382.1	NaN	657	NaN	659	11	362	31	29	0	407	6	3258	8	3272	16	3198	21	3274	5.251	0.618
382.2	NaN	629	NaN	677	11	359	31	29	0	405	5	3238	7	3271	14	3200	18	3289	5.224	0.833
382.3	NaN	678	NaN	671	9	359	30	28	0	405	5	3248	6	3282	13	3206	18	3316	5.245	0.875
382.4	NaN	584	NaN	702	10	360	31	28	0	404	5	3240	6	3244	13	3196	16	3262	5.198	0.704
382.5	NaN	615	NaN	676	9	357	31	28	0	404	5	3232	7	3232	13	3165	16	3242	5.201	0.744
382.6	NaN	595	NaN	643	8	356	31	28	0	406	5	3168	6	3235	14	3145	16	3261	5.15	0.632
382.7	NaN	604	NaN	696	7	356	31	28	0	405	5	3170	6	3222	13	3146	16	3243	5.141	0.393
382.8	NaN	656	NaN	676	6	357	31	29	0	406	6	3159	6	3191	14	3124	16	3189	5.114	0.722
382.9	NaN	654	NaN	675	5	360	31	28	0	404	5	3166	6	3182	14	3115	16	3176	5.096	0.043
383	NaN	531	NaN	698	4	358	31	26	0	404	4	3125	4	3127	10	3088	11	3154	5.067	-0.068
383.1	NaN	526	NaN	703	2	359	31	26	0	405	4	3121	4	3133	11	3083	11	3133	5	0.019
383.2	NaN	543	NaN	687	5	360	30	26	0	407	4	3084	4	3045	10	3052	11	3092	4.972	-0.341
383.3	NaN	572	NaN	667	3	357	31	26	0	404	4	3057	4	3043	10	3006	11	3054	4.909	0.222
383.4	NaN	529	NaN	705	4	358	30	26	0	405	4	3024	4	3002	10	2987	11	3033	4.853	0.017
383.5	NaN	538	NaN	720	5	356	31	26	0	408	4	2986	4	2990	10	2931	12	3010	4.807	0.452
383.6	NaN	566	NaN	684	4	361	31	26	0	406	4	2963	4	2943	10	2927	11	2958	4.751	0.417
383.7	NaN	535	NaN	686	3	356	31	26	0	405	4	2934	4	2907	10	2887	12	2930	4.705	-0.121
383.8	NaN	571	NaN	758	3	362	31	26	0	406	4	2889	5	2924	12	2859	12	2918	4.682	0.203
383.9	NaN	565	NaN	708	4	361	31	27	0	407	4	2837	5	2847	12	2807	13	2857	4.619	0.819
384	NaN	579	NaN	657	3	358	31	27	0	406	5	2825	5	2839	12	2793	13	2854	4.603	0.532
384.1	NaN	662	NaN	707	4	359	31	27	0	407	4	2797	5	2808	12	2760	13	2818	4.55	0.477
384.2	NaN	640	NaN	646	5	360	31	27	0	405	4	2782	5	2794	11	2761	13	2803	4.52	0.172
384.3	NaN	606	NaN	636	3	359	30	27	0	406	4	2747	5	2754	11	2727	12	2758	4.473	0.433
384.4	NaN	652	NaN	654	1	357	30	27	0	406	5	2739	5	2748	12	2704	13	2745	4.47	0.582
384.5	NaN	647	NaN	654	3	360	30	27	0	404	4	2696	5	2728	12	2696	13	2738	4.424	0.089
384.6	NaN	625	NaN	642	1	356	31	27	0	405	4	2694	5	2723	12	2681	12	2725	4.425	0.242
384.7	NaN	607	NaN	660	2	361	31	27	0	407	5	2682	5	2728	12	2667	12	2729	4.388	0.042
384.8	NaN	685	NaN	636	2	361	31	27	0	407	5	2692	6	2723	14	2687	15	2709	4.38	0.457
384.9	NaN	639	NaN	660	-1	358	31	27	0	408	5	2708	4	2693	12	2671	12	2676	4.365	0.688
385	NaN	607	NaN	779	-2	359	31	27	0	407	5	2715	4	2688	12	2677	12	2689	4.346	-0.137
385.1	NaN	591	NaN	686	0	357	31	27	0	406	5	2707	5	2628	12	2674	12	2656	4.312	-0.184
385.2	NaN	596	NaN	649	1	357	31	27	0	407	4	2682	5	2631	12	2646	12	2642	4.307	0.304
385.3	NaN	596	NaN	666	1	357	31	27	0	407	5	2678	5	2635	12	2643	13	2641	4.272	0.201
385.4	NaN	622	NaN	712	1	358	31	27	0	405	5	2662	5	2602	13	2645	13	2627	4.248	0.366
385.5	NaN	632	NaN	670	4	360	31	27	0	404	4	2641	5	2603	12	2590	13	2611	4.232	-0.024
385.6	NaN	647	NaN	684	7	358	31	27	0	407	5	2604	5	2612	12	2575	14	2619	4.212	0.754
385.7	NaN	637	NaN	680	5	357	31	29	0	407	5	2607	6	2597	14	2587	17	2625	4.211	0.719
385.8	NaN	620	NaN	727	7	358	31	29	0	407	6	2603	6	2599	14	2562	16	2625	4.203	0.481
385.9	NaN	619	NaN	659	6	357	30	29	0	407	5	2605	7	2623	15	2571	17	2612	4.203	0.45
386	NaN	614	NaN	683	7	358	31	29	0	407	5	2606	7	2608	14	2580	17	2634	4.21	0.133
386.1	NaN	653	NaN	699	8	357	31	29	0	407	5	2585	6	2623	14	2558	17	2623	4.213	0.854
386.2	NaN	636	NaN	676	8	358	31	29	0	407	5	2596	6	2631	14	2567	17	2632	4.218	0.795
386.3	NaN	601	NaN	719	9	362	31	29	0	406	5	2607	6	2620	14	2574	17	2618	4.221	0.861
386.4	NaN	616	NaN	680	10	363	31	29	0	407	5	2600	6	2628	13	2577	17	2637	4.232	0.643
386.5	NaN	613	NaN	734	9	360	31	29	0	408	5	2611	7	2632	14	2583	18	2637	4.235	-0.445
386.6	NaN	644	NaN	688	8	357	31	29	0	406	5	2602	7	2625	14	2575	17	2643	4.27	0.732
386.7	NaN	623	NaN	660	11	362	31	29	0	406	5	2615	7	2675	14	2581	17	2663	4.28	0.689
386.8	NaN	628	NaN	663	9	359	31	29	0	406	5	2615	7	2669	13	2605	17	2690	4.294	0.669
386.9	NaN	604	NaN	659	12	360	31	29	0	406	5	2621	7	2640	13	2598	18	2673	4.308	0.018
387	NaN	624	NaN	696	11	361	31	29	0	407	5	2635	7	2706	13	2599	18	2701	4.34	0.315
387.1	NaN	618	NaN	674	12	356	31	29	0	405	5	2660	7	2712	14	2618	18	2702	4.336	0.502
387.2	NaN	602	NaN	695	11	362	31	29	0	404	5	2661	7	2723	13	2642	18	2742	4.358	0.791
387.3	NaN	625	NaN	675	9	361	31	29	0	406	5	2677	7	2750	14	2640	17	2754	4.382	0.316
387.4	NaN	614	NaN	662	10	357	31	29	0	405	5	2685	7	2747	14	2659	18	2763	4.375	0.069
387.5	NaN	641	NaN	705	9	360	31	29	0	404	5	2695	7	2754	14	2698	18	2781	4.393	0.674
387.6	NaN	623	NaN	728	9	357	31	29	0	406	5	2734	7	2775	14	2696	18	2785	4.393	0.529
387.7	NaN	609	NaN	660	11	356	31	29	0	406	5	2728	7	2730	14	2691	18	2755	4.444	1.34
387.8	NaN	608	NaN	686	9	357	30	29	0	404	5	2723	7	2759	14	2687	17	2788	4.459	0.7
387.9	NaN	613	NaN	690	9	361	31	29	0	407	5	2738	7	2785	14	2695	18	2790	4.464	0.235
388	NaN	675	NaN	694	11	363	31	29	0	407	6	2703	7	2764	14	2671	17	2779	4.475	0.611
388.1	NaN	674	NaN	732	11	359	31	29	0	406	5	2713	7	2836	14	2697	18	2820	4.48	0.649
388.2	NaN	712	NaN	731	11	359	31	29	0	406	5	2726	7	2842	13	2697	17	2828	4.479	0.303
388.3	NaN	631	NaN	726	8	358	31	29	0	406	5	2790	7	2816	14	2751	17	2819	4.491	0.154
388.4	NaN	663	NaN	666	9	359	31	29	0	407	5	2774	7	2827	14	2768	17	2832	4.522	0.911
388.5	NaN	625	NaN	726	7	359	31	29	0	407	5	2792	7	2861	14	2757	17	2851	4.539	1.117
388.6	NaN	680	NaN	744	5	357	31	29	0	406	5	2784	6	2858	14	2747	16	2832	4.581	0.745
388.7	NaN	654	NaN	685	4	358	31	28	0	407	5	2797	6	2904	13	2768	16	2895	4.579	-0.042
388.8	NaN	657	NaN	669	4	361	31	28	0	406	5	2822	6	2880	14	2791	16	2879	4.582	-0.191
388.9	NaN	613	NaN	704	5	360	30	28	0	404	5	2857	6	2881	14	2838	15	2889	4.583	1.572
389	NaN	591	NaN	680	5	360	31	28	0	407	5	2835	6	2856	14	2824	15	2868	4.598	0.162
389.1	NaN	594	NaN	703	4	361	31	25	0	407	4	2844	4	2823	9	2806	10	2855	4.59	-0.304
389.2	NaN	560	NaN	728	0	356	31	25	0	405	4	2848	4	2838	10	2801	10	2831	4.557	0.147
389.3	NaN	544	NaN	670	1	358	30	25	0	406	4	2802	4	2780	10	2766	10	2789	4.512	0.137
389.4	NaN	604	NaN	697	2	363	31	25	0	406	4	2783	4	2757	10	2749	10	2768	4.469	0.517
389.5	NaN	606	NaN	721	0	360	31	26	0	406	4	2748	4	2728	10	2723	11	2739	4.448	0.06
389.6	NaN	584	NaN	680	1	363	31	26	0	405	4	2733	5	2700	11	2696	12	2719	4.413	0.705
389.7	NaN	603	NaN	724	1	361	31	27	0	404	4	2710	4	2711	11	2688	11	2725	4.388	0.413
389.8	NaN	611	NaN	721	-1	359	31	27	0	407	5	2708	5	2703	12	2685	12	2699	4.37	0.051
389.9	NaN	637	NaN	724	-1	358	32	27	0	404	5	2692	5	2680	12	2655	13	2688	4.344	0.463
390	NaN	650	NaN	727	1	361	31	28	0	405	5	2688	5	2691	14	2659	14	2690	4.347	0.121
390.1	NaN	687	NaN	737	1	361	31	28	0	406	5	2691	6	2691	13	2670	14	2688	4.349	0.929
390.2	NaN	659	NaN	697	-2	359	31	27	0	406	5	2690	5	2645	14	2655	13	2662	4.353	0.714
390.3	NaN	638	NaN	689	-0	358	30	28	0	407	5	2703	5	2638	14	2660	14	2635	4.387	0.462
390.4	NaN	621	NaN	685	-2	357	31	29	0	404	6	2720	6	2651	15	2680	15	2677	4.341	0.698
390.5	NaN	612	NaN	698	-1	361	31	29	0	405	6	2738	6	2667	15	2681	15	2686	4.334	0.022
390.6	NaN	650	NaN	659	-3	360	31	28	0	406	6	2739	6	2730	16	2752	15	2739	4.311	0.592
390.7	NaN	612	NaN	708	-1	362	31	29	0	405	6	2734	6	2690	15	2718	15	2702	4.348	1.314
390.8	NaN	612	NaN	686	-2	360	31	29	0	407	7	2739	6	2676	17	2714	16	2698	4.339	1.131
390.9	NaN	624	NaN	657	-3	359	31	29	0	406	6	2737	6	2671	16	2698	16	2695	4.345	0.512
391	NaN	623	NaN	676	-0	362	31	29	0	407	6	2727	6	2705	16	2684	16	2711	4.334	0.658
391.1	NaN	649	NaN	695	-2	356	31	29	0	405	6	2722	6	2677	16	2659	16	2682	4.343	0.873
391.2	NaN	623	NaN	675	-0	357	31	29	0	407	6	2712	6	2685	17	2697	16	2689	4.345	1.136
391.3	NaN	604	NaN	697	-0	357	31	29	0	407	6	2755	6	2702	17	2703	16	2696	4.325	0.563
391.4	NaN	607	NaN	688	-3	358	31	29	0	406	6	2724	6	2664	16	2688	16	2691	4.318	0.222
391.5	NaN	630	NaN	675	-2	361	30	29	0	405	6	2730	6	2682	16	2707	16	2681	4.328	0.529
391.6	NaN	632	NaN	716	-1	357	31	29	0	404	7	2714	6	2669	17	2696	16	2686	4.31	0.739
391.7	NaN	587	NaN	675	-0	362	31	29	0	407	6	2724	6	2673	17	2708	17	2686	4.292	0.985
391.8	NaN	642	NaN	680	-1	358	31	29	0	407	6	2717	6	2698	17	2700	16	2688	4.309	0.638
391.9	NaN	695	NaN	617	-1	358	30	29	0	404	6	2712	6	2694	17	2699	16	2696	4.317	-0.183
392	NaN	695	NaN	678	-3	359	31	29	0	405	6	2725	6	2684	17	2684	17	2709	4.298	0.561
392.1	NaN	701	NaN	679	-2	362	30	29	0	403	7	2729	6	2711	17	2703	16	2716	4.317	0.665
392.2	NaN	656	NaN	671	-1	358	31	30	0	405	6	2711	6	2710	16	2700	16	2706	4.306	0.619
392.3	NaN	672	NaN	646	-3	356	31	29	0	406	7	2737	6	2687	17	2719	16	2714	4.32	0.604
392.4	NaN	646	NaN	718	-1	359	31	29	0	406	6	2736	6	2708	17	2727	16	2702	4.328	0.283
392.5	NaN	642	NaN	681	-3	362	30	29	0	407	6	2753	6	2712	17	2734	16	2724	4.336	0.858
392.6	NaN	617	NaN	680	-2	362	31	29	0	406	6	2786	6	2731	17	2743	17	2752	4.327	0.419
392.7	NaN	652	NaN	672	-2	358	31	29	0	407	6	2795	6	2766	16	2757	16	2766	4.347	0.073
392.8	NaN	706	NaN	707	-4	357	31	29	0	406	7	2791	6	2745	17	2756	16	2752	4.355	0.467
392.9	NaN	639	NaN	691	-1	361	31	29	0	404	7	2817	6	2750	17	2791	16	2766	4.387	0.722
393	NaN	592	NaN	677	-3	356	31	30	0	406	7	2847	6	2769	18	2805	16	2789	4.393	0.296
393.1	NaN	621	NaN	706	-0	359	31	29	0	404	6	2843	6	2758	16	2810	16	2799	4.396	0.187
393.2	NaN	595	NaN	679	-1	359	31	29	0	404	6	2852	6	2773	16	2813	16	2803	4.419	1.006
393.3	NaN	591	NaN	702	-2	362	31	29	0	406	6	2852	6	2793	16	2800	15	2798	4.44	0.448
393.4	NaN	580	NaN	673	-1	361	31	29	0	409	6	2836	6	2806	15	2811	15	2824	4.445	0.574
393.5	NaN	650	NaN	688	-1	356	31	28	0	407	6	2845	6	2827	16	2829	15	2831	4.456	0.918
393.6	NaN	630	NaN	666	-2	359	31	28	0	406	6	2861	6	2849	15	2814	15	2844	4.466	-0.231
393.7	NaN	653	NaN	669	-3	357	30	28	0	405	6	2872	5	2809	15	2845	14	2849	4.488	0.571
393.8	NaN	603	NaN	730	-2	358	31	29	0	406	6	2888	6	2839	16	2858	15	2819	4.518	0.829
393.9	NaN	599	NaN	676	-0	359	31	28	0	407	6	2909	6	2825	15	2850	15	2844	4.519	0.716
394	NaN	592	NaN	675	-1	357	31	28	0	407	6	2905	6	2839	15	2867	15	2871	4.531	0.267
394.1	NaN	621	NaN	743	-1	359	31	28	0	405	6	2891	6	2846	15	2863	15	2859	4.553	0.702
394.2	NaN	665	NaN	696	-2	359	31	28	0	406	6	2879	6	2853	15	2860	15	2880	4.56	1.047
394.3	NaN	648	NaN	693	1	362	31	28	0	404	6	2898	6	2868	14	2872	14	2896	4.565	0.169
394.4	NaN	634	NaN	666	0	356	31	28	0	405	6	2916	6	2901	14	2877	14	2878	4.601	1.365
394.5	NaN	582	NaN	695	2	363	31	28	0	406	5	2927	6	2882	14	2879	15	2885	4.605	-0.186
394.6	NaN	585	NaN	700	-0	357	31	27	0	405	5	2928	5	2868	12	2885	12	2880	4.634	-0.045
394.7	NaN	555	NaN	693	0	358	31	27	0	404	5	2933	5	2893	12	2878	12	2914	4.61	-0.505
394.8	NaN	560	NaN	675	1	358	31	27	0	406	5	2927	5	2867	12	2893	12	2893	4.606	0.078
394.9	NaN	581	NaN	685	-1	358	31	26	0	405	4	2900	5	2880	11	2863	12	2866	4.61	0
395	NaN	552	NaN	712	0	360	31	26	0	406	4	2892	4	2841	11	2848	12	2877	4.605	0.266
395.1	NaN	534	NaN	704	2	362	31	26	0	406	4	2901	4	2880	11	2872	11	2901	4.584	-0.304
395.2	NaN	571	NaN	730	0	359	31	26	0	406	4	2910	5	2881	12	2860	12	2873	4.584	-0.298
395.3	NaN	563	NaN	659	2	363	31	26	0	407	5	2916	5	2862	13	2858	13	2896	4.581	0.693
395.4	NaN	549	NaN	689	1	359	31	26	0	407	4	2904	4	2861	11	2860	12	2873	4.601	0.377
395.5	NaN	555	NaN	699	0	357	31	27	0	407	5	2918	5	2859	12	2862	12	2868	4.579	-0.01
395.6	NaN	599	NaN	703	2	361	31	27	0	407	5	2888	5	2851	12	2847	12	2868	4.592	0.017
395.7	NaN	565	NaN	687	1	362	31	26	0	406	4	2879	4	2879	11	2861	12	2881	4.581	-0.002
395.8	NaN	595	NaN	679	0	355	31	26	0	406	4	2881	4	2865	11	2845	11	2872	4.581	0.082
395.9	NaN	570	NaN	735	4	356	31	26	0	405	4	2881	5	2852	11	2847	12	2851	4.581	0.419
396	NaN	571	NaN	715	2	357	32	27	0	409	4	2887	5	2848	11	2836	12	2853	4.589	0.381
396.1	NaN	576	NaN	647	3	360	31	27	0	409	4	2883	5	2840	11	2836	12	2857	4.574	0.504
396.2	NaN	576	NaN	675	4	361	31	27	0	406	4	2871	5	2820	11	2833	12	2844	4.587	0.604
396.3	NaN	572	NaN	728	4	360	31	26	0	406	4	2863	5	2860	11	2831	13	2852	4.573	0.374
396.4	NaN	567	NaN	717	4	360	31	26	0	405	4	2856	5	2873	11	2823	12	2858	4.574	-0.55
396.5	NaN	575	NaN	693	8	361	31	26	0	407	4	2859	5	2864	11	2822	12	2870	4.563	0.985
396.6	NaN	587	NaN	658	8	357	31	26	0	407	4	2839	5	2867	11	2799	13	2857	4.568	0.353
396.7	NaN	582	NaN	699	11	359	31	26	0	407	4	2819	5	2845	10	2774	14	2887	4.56	0.041
396.8	NaN	589	NaN	691	11	358	31	26	0	407	4	2823	5	2867	10	2786	13	2865	4.561	-0.502
396.9	NaN	589	NaN	701	13	359	31	26	0	407	4	2803	5	2847	10	2756	14	2879	4.533	0.514
397	NaN	609	NaN	758	14	358	31	26	0	406	4	2779	5	2859	10	2759	14	2890	4.533	0.696
397.1	NaN	635	NaN	680	15	359	31	26	0	407	4	2769	5	2880	9	2741	14	2882	4.517	0.14
397.2	NaN	566	NaN	675	16	361	31	26	0	406	4	2782	5	2855	9	2715	13	2847	4.527	0.27
397.3	NaN	585	NaN	748	17	357	31	26	0	405	4	2753	6	2874	9	2719	14	2873	4.506	0.102
397.4	NaN	590	NaN	685	17	356	31	26	0	406	3	2755	5	2860	9	2698	14	2837	4.505	0.175
397.5	NaN	597	NaN	690	19	359	31	27	0	407	3	2716	6	2836	9	2693	14	2843	4.466	0.246
397.6	NaN	626	NaN	741	22	358	31	27	0	405	3	2688	6	2855	9	2666	15	2851	4.468	0.79
397.7	NaN	726	NaN	803	20	360	31	27	0	407	4	2672	6	2815	10	2632	16	2840	4.445	0.041
397.8	NaN	737	NaN	702	20	358	31	27	0	407	4	2638	6	2834	10	2598	16	2824	4.444	0.455
397.9	NaN	672	NaN	657	21	356	31	28	0	406	4	2647	6	2834	10	2629	17	2834	4.422	-0.189
398	NaN	644	NaN	742	21	357	31	28	0	406	4	2648	6	2828	10	2598	16	2841	4.433	0.006
398.1	NaN	623	NaN	716	22	361	32	28	0	407	4	2664	8	2818	12	2626	20	2835	4.426	0.386
398.2	NaN	633	NaN	674	21	360	31	28	0	406	4	2665	7	2824	10	2624	18	2829	4.447	0.639
398.3	NaN	641	NaN	690	20	358	31	28	0	407	4	2660	7	2801	10	2622	17	2810	4.456	0.2
398.4	NaN	628	NaN	672	20	359	31	29	0	406	5	2698	8	2834	12	2663	21	2836	4.505	0.108
398.5	NaN	642	NaN	658	20	361	31	29	0	406	5	2715	8	2848	13	2687	21	2862	4.506	0.3
398.6	NaN	639	NaN	656	21	361	31	29	0	407	5	2738	8	2859	13	2705	20	2882	4.553	0.559
398.7	NaN	603	NaN	660	19	359	31	29	0	406	5	2763	8	2890	12	2701	20	2901	4.572	0.444
398.8	NaN	570	NaN	660	21	360	31	29	0	407	5	2763	8	2911	12	2727	20	2950	4.589	0.081
398.9	NaN	633	NaN	742	22	361	31	29	0	407	5	2774	8	2939	12	2742	20	2939	4.615	0.777
399	NaN	704	NaN	689	23	362	31	29	0	406	5	2786	8	2984	13	2768	21	2991	4.649	0.109
399.1	NaN	658	NaN	697	23	360	31	29	0	406	4	2785	8	2980	12	2764	20	2955	4.684	0.742
399.2	NaN	670	NaN	689	23	361	31	29	0	405	5	2813	8	3014	12	2770	20	3008	4.697	1.271
399.3	NaN	753	NaN	646	21	356	31	29	0	406	5	2830	8	3044	12	2788	20	3030	4.727	-0.025
399.4	NaN	699	NaN	633	20	357	31	29	0	406	5	2858	9	3053	14	2840	23	3086	4.751	0.14
399.5	NaN	698	NaN	670	21	359	31	29	0	406	4	2865	8	3068	12	2830	20	3080	4.835	0.822
399.6	NaN	610	NaN	666	22	358	31	29	0	406	5	2946	8	3097	12	2921	20	3112	4.817	0.137
399.7	NaN	620	NaN	724	23	359	31	29	0	406	5	2948	8	3118	12	2891	21	3125	4.865	0.545
399.8	NaN	623	NaN	676	24	358	31	29	0	407	4	2977	8	3161	11	2914	20	3170	4.876	0.904
399.9	NaN	647	NaN	665	23	361	31	29	0	405	5	2975	8	3171	12	2934	20	3179	4.923	1.232
400	NaN	632	NaN	712	23	360	31	29	0	404	4	3020	8	3201	11	2961	20	3191	4.976	0.577
400.1	NaN	628	NaN	708	21	357	30	29	0	406	5	3039	8	3187	12	3003	20	3210	4.986	0.128
400.2	NaN	604	NaN	659	23	360	31	29	0	404	5	3046	8	3210	12	3008	21	3201	5.006	0.366
400.3	NaN	617	NaN	656	22	360	31	29	0	406	5	3071	8	3257	12	3010	20	3251	5.046	0.145
400.4	NaN	615	NaN	696	22	357	31	29	0	408	4	3091	8	3241	12	3048	21	3256	5.059	0.555
400.5	NaN	639	NaN	667	23	356	31	29	0	406	5	3103	8	3303	12	3046	21	3299	5.108	0.328
400.6	NaN	634	NaN	630	21	362	31	29	0	406	5	3087	8	3267	12	3059	20	3289	5.099	0.356
400.7	NaN	612	NaN	692	23	358	31	29	0	406	4	3145	8	3319	11	3081	20	3305	5.138	0.402
400.8	NaN	602	NaN	667	22	362	31	29	0	406	5	3147	8	3314	12	3092	21	3310	5.149	0.417
400.9	NaN	630	NaN	671	22	359	31	29	0	407	5	3169	8	3336	12	3133	20	3349	5.192	0.207
401	NaN	621	NaN	704	23	360	31	29	0	406	4	3164	8	3343	12	3124	20	3347	5.201	0.298
401.1	NaN	612	NaN	700	21	358	31	29	0	404	5	3193	8	3337	12	3146	20	3361	5.237	0.673
401.2	NaN	629	NaN	698	21	357	31	29	0	405	5	3201	8	3388	12	3159	20	3383	5.239	0.504
401.3	NaN	673	NaN	690	22	358	31	29	0	406	4	3205	8	3406	11	3162	20	3416	5.279	0.735
401.4	NaN	638	NaN	670	21	361	31	29	0	405	5	3211	8	3422	12	3194	21	3427	5.303	0.245
401.5	NaN	735	NaN	669	21	361	31	29	0	404	5	3249	8	3428	12	3196	20	3457	5.35	0.398
401.6	NaN	641	NaN	681	20	357	31	29	0	405	5	3298	8	3472	13	3241	20	3473	5.382	-0.288
401.7	NaN	610	NaN	666	19	356	31	29	0	404	5	3310	8	3475	13	3276	20	3488	5.397	-0.006
401.8	NaN	621	NaN	672	16	359	30	29	0	405	5	3323	7	3475	12	3270	18	3484	5.444	0.615
401.9	NaN	592	NaN	645	16	361	31	29	0	405	5	3353	8	3483	13	3310	20	3496	5.469	0.745
402	NaN	588	NaN	676	13	356	31	29	0	406	5	3388	7	3461	14	3334	18	3497	5.511	0.482
402.1	NaN	585	NaN	648	13	362	31	29	0	407	5	3421	7	3509	14	3375	19	3510	5.544	0.446
402.2	NaN	600	NaN	664	14	358	31	29	0	406	5	3422	7	3510	14	3363	19	3548	5.569	0.112
402.3	NaN	686	NaN	655	12	358	31	29	0	406	5	3408	7	3549	13	3384	18	3553	5.594	0.714
402.4	NaN	582	NaN	741	10	358	31	29	0	407	6	3462	7	3537	15	3415	19	3574	5.623	0.968
402.5	NaN	668	NaN	683	9	360	31	29	0	404	6	3463	7	3553	14	3415	18	3582	5.656	0.831
402.6	NaN	612	NaN	658	9	358	31	29	0	405	6	3507	7	3579	14	3472	18	3599	5.701	0.494
402.7	NaN	669	NaN	666	8	357	31	29	0	405	6	3512	7	3588	15	3458	18	3613	5.718	0.397
402.8	NaN	584	NaN	661	8	360	31	29	0	407	6	3555	7	3623	15	3514	18	3637	5.766	0.192
402.9	NaN	602	NaN	635	8	360	31	29	0	406	6	3559	7	3621	15	3530	18	3649	5.781	0.519
403	NaN	619	NaN	644	5	360	31	29	0	405	6	3602	7	3637	15	3574	17	3661	5.83	0.163
403.1	NaN	632	NaN	664	3	359	30	29	0	406	6	3628	7	3645	15	3577	16	3675	5.853	0.499
403.2	NaN	579	NaN	668	1	358	31	29	0	406	6	3674	7	3673	16	3627	17	3667	5.9	0.26
403.3	NaN	582	NaN	662	0	357	31	29	0	406	6	3681	6	3671	16	3642	16	3689	5.914	0.618
403.4	NaN	568	NaN	667	2	357	31	29	0	404	6	3727	6	3699	16	3694	16	3709	5.958	0.776
403.5	NaN	559	NaN	703	0	362	30	29	0	407	6	3742	6	3701	16	3704	15	3709	5.964	0.343
403.6	NaN	575	NaN	657	0	361	31	29	0	406	6	3777	6	3734	16	3734	16	3740	5.992	0.004
403.7	NaN	559	NaN	715	1	358	31	29	0	409	7	3781	7	3722	16	3749	17	3744	6.018	0.406
403.8	NaN	586	NaN	668	-2	359	31	29	0	407	6	3816	6	3778	16	3767	16	3761	6.041	0.134
403.9	NaN	576	NaN	667	-2	364	31	29	0	406	6	3804	6	3760	16	3772	16	3774	6.058	1.012
404	NaN	524	NaN	649	0	357	31	29	0	407	6	3838	6	3794	16	3801	15	3790	6.069	0.522
404.1	NaN	546	NaN	663	0	357	31	29	0	406	6	3838	6	3790	16	3801	16	3805	6.09	0.826
404.2	NaN	584	NaN	694	-2	358	31	29	0	406	6	3866	6	3850	16	3828	15	3832	6.123	-0.114
404.3	NaN	584	NaN	738	-2	359	31	29	0	404	6	3886	6	3836	17	3850	16	3845	6.137	0.271
404.4	NaN	628	NaN	694	-1	358	31	29	0	404	6	3887	6	3868	17	3851	16	3860	6.159	0.276
404.5	NaN	594	NaN	659	-4	357	31	29	0	405	7	3940	6	3851	18	3908	16	3892	6.198	0.447
404.6	NaN	578	NaN	650	-4	358	31	29	0	404	7	3940	6	3876	17	3904	16	3905	6.226	0.32
404.7	NaN	551	NaN	662	-3	359	32	29	0	408	7	3995	6	3898	16	3937	16	3938	6.275	0.541
404.8	NaN	570	NaN	668	-1	358	31	29	0	407	7	3994	7	3917	16	3950	16	3933	6.311	0.82
404.9	NaN	526	NaN	671	0	358	31	28	0	406	6	4018	6	3930	15	3974	15	3963	6.345	0.13
405	NaN	519	NaN	643	-0	358	31	28	0	404	6	4036	6	3954	15	3988	15	3968	6.358	0.47
405.1	NaN	540	NaN	693	0	357	31	28	0	409	6	4041	6	3966	14	4003	15	3990	6.386	0.61
405.2	NaN	569	NaN	690	3	359	31	28	0	409	6	4051	6	3993	14	3993	15	4014	6.388	0.093
405.3	NaN	524	NaN	715	2	357	31	28	0	407	5	4051	6	3981	14	4008	15	4023	6.419	0.669
405.4	NaN	528	NaN	663	3	358	31	27	0	405	5	4073	5	4015	13	4000	15	4030	6.471	0.396
405.5	NaN	506	NaN	682	3	359	31	27	0	406	5	4059	5	4012	11	3998	12	4043	6.475	0.305
405.6	NaN	516	NaN	677	5	363	31	27	0	405	5	4073	5	4078	12	4035	13	4049	6.488	-0.023
405.7	NaN	541	NaN	672	5	360	31	27	0	406	5	4070	5	4038	12	4015	13	4055	6.495	0.474
405.8	NaN	548	NaN	648	3	357	31	27	0	406	5	4090	5	4058	12	4057	13	4048	6.516	0.457
405.9	NaN	549	NaN	633	4	362	31	27	0	405	5	4072	5	4045	12	4029	13	4067	6.527	0.423
406	NaN	526	NaN	666	5	361	31	27	0	404	5	4094	5	4086	12	4050	14	4089	6.526	-0.397
406.1	NaN	523	NaN	666	2	358	31	27	0	406	5	4109	5	4080	13	4043	14	4100	6.53	0.132
406.2	NaN	539	NaN	677	4	360	31	27	0	405	5	4106	5	4081	12	4072	13	4087	6.532	-0.13
406.3	NaN	530	NaN	649	1	359	31	27	0	405	5	4097	5	4115	12	4057	13	4117	6.546	0.214
406.4	NaN	494	NaN	669	3	360	31	26	0	407	4	4120	4	4073	10	4057	11	4076	6.541	-0.104
406.5	NaN	497	NaN	680	3	359	31	26	0	405	4	4117	4	4068	11	4071	11	4099	6.522	-0.36
406.6	NaN	517	NaN	637	2	361	30	25	0	406	4	4116	4	4043	9	4072	10	4073	6.502	-0.392
406.7	NaN	500	NaN	662	1	358	30	25	0	407	4	4085	4	4039	9	4032	9	4063	6.498	0.607
406.8	NaN	498	NaN	647	2	362	30	25	0	408	3	4067	4	4025	9	4019	10	4059	6.445	-0.699
406.9	NaN	501	NaN	630	3	361	30	25	0	406	3	4059	4	4025	9	4020	10	4045	6.435	-0.299
407	NaN	504	NaN	648	2	362	30	25	0	407	4	4045	4	4012	9	4003	10	4021	6.404	-0.591
407.1	NaN	512	NaN	702	1	359	30	25	0	407	4	4040	4	4019	9	3997	9	4029	6.399	-0.343
407.2	NaN	505	NaN	652	1	359	30	25	0	407	4	4030	4	3980	9	3990	9	4005	6.369	-0.122
407.3	NaN	506	NaN	644	1	362	30	25	0	406	4	4011	4	3989	9	3955	9	4001	6.353	-0.602
407.4	NaN	520	NaN	652	0	359	30	25	0	407	3	3994	4	3941	9	3951	9	3983	6.347	0.169
407.5	NaN	500	NaN	652	1	361	31	25	0	407	4	4013	4	3982	10	3964	10	3991	6.323	0.135
407.6	NaN	507	NaN	661	2	361	30	25	0	408	4	3976	4	3949	9	3936	9	3967	6.309	-0.47
407.7	NaN	510	NaN	637	1	360	30	25	0	406	4	3978	4	3962	9	3921	9	3947	6.302	-0.198
407.8	NaN	501	NaN	641	2	361	30	26	0	409	3	3960	4	3897	9	3899	10	3929	6.28	0.212
407.9	NaN	501	NaN	717	0	359	31	26	0	407	4	3952	4	3929	10	3897	9	3927	6.272	-0.597
408	NaN	507	NaN	651	1	359	30	25	0	406	4	3927	4	3870	9	3875	9	3894	6.243	0.009
408.1	NaN	501	NaN	652	-2	359	30	25	0	405	4	3934	4	3907	9	3873	9	3884	6.24	-0.522
408.2	NaN	494	NaN	643	-0	359	30	26	0	409	4	3891	4	3845	9	3855	10	3867	6.228	0.35
408.3	NaN	514	NaN	623	-0	361	31	26	0	405	4	3903	4	3891	10	3857	10	3907	6.219	-0.418
408.4	NaN	518	NaN	657	-1	357	30	25	0	407	4	3903	4	3859	10	3869	10	3857	6.218	0.043
408.5	NaN	516	NaN	648	-0	359	30	25	0	404	4	3890	3	3868	9	3852	9	3863	6.204	0.115
408.6	NaN	511	NaN	658	-1	358	30	26	0	406	4	3913	4	3849	10	3863	10	3845	6.193	-0.274
408.7	NaN	505	NaN	682	-3	360	30	25	0	406	4	3922	4	3836	9	3863	9	3819	6.182	-0.72
408.8	NaN	496	NaN	653	-2	357	30	25	0	406	4	3915	4	3843	9	3870	10	3851	6.16	-0.101
408.9	NaN	505	NaN	692	0	362	30	25	0	407	4	3892	3	3848	9	3858	9	3831	6.155	-0.424
409	NaN	506	NaN	708	-1	360	30	26	0	406	4	3889	4	3818	10	3841	10	3838	6.159	1.39
409.1	NaN	515	NaN	676	1	358	30	25	0	407	4	3881	4	3816	10	3831	9	3811	6.152	-0.176
409.2	NaN	492	NaN	684	0	359	30	25	0	407	4	3870	4	3817	9	3825	10	3816	6.141	-0.074
409.3	NaN	508	NaN	699	0	360	30	25	0	407	3	3866	4	3846	9	3825	9	3820	6.135	-0.466
409.4	NaN	500	NaN	659	1	359	30	25	0	405	3	3862	3	3798	9	3816	9	3808	6.119	0.216
409.5	NaN	515	NaN	642	3	359	29	24	0	405	2	3836	2	3787	5	3787	5	3787	6.112	-0.244
409.6	NaN	514	NaN	604	3	362	29	24	0	407	2	3818	2	3756	5	3776	6	3776	6.084	-0.358
409.7	NaN	526	NaN	547	2	359	29	24	0	405	1	3774	2	3758	4	3737	4	3734	6.042	-0.722
409.8	NaN	526	NaN	559	1	358	29	24	0	407	1	3766	2	3706	4	3729	4	3710	5.988	-0.087
409.9	NaN	528	NaN	594	1	358	29	24	0	407	2	3728	2	3703	4	3669	4	3703	5.939	-0.779
410	NaN	525	NaN	548	2	359	29	24	0	406	1	3718	1	3672	4	3659	4	3669	5.89	-1.187
410.1	NaN	534	NaN	544	1	356	29	24	0	407	1	3656	1	3644	4	3605	4	3645	5.846	-0.263
410.2	NaN	529	NaN	543	2	360	29	24	0	407	1	3667	2	3616	4	3605	4	3616	5.811	-0.712
410.3	NaN	536	NaN	538	-1	357	29	24	0	407	1	3610	1	3571	4	3563	4	3586	5.771	-0.334
410.4	NaN	524	NaN	548	1	363	30	24	0	408	1	3614	1	3546	4	3558	4	3555	5.719	-0.296
410.5	NaN	527	NaN	545	-1	358	29	24	0	406	1	3579	1	3528	4	3550	4	3548	5.686	-0.628
410.6	NaN	528	NaN	548	-1	359	29	24	0	406	1	3546	1	3517	4	3503	3	3488	5.637	-0.733
410.7	NaN	519	NaN	562	-1	357	29	24	0	407	1	3519	2	3461	4	3488	4	3480	5.603	-0.056
410.8	NaN	522	NaN	546	-6	361	29	24	0	407	1	3520	1	3432	4	3476	3	3398	5.537	-0.464
410.9	NaN	522	NaN	556	-9	364	29	24	0	407	1	3524	1	3381	4	3464	4	3382	5.513	-0.837
411	NaN	531	NaN	538	-9	362	27	24	0	406	1	3488	1	3340	3	3433	3	3333	5.435	-0.755
411.1	NaN	521	NaN	561	-10	363	29	24	0	406	1	3474	1	3339	4	3492	3	3307	5.407	-1.106
411.2	NaN	525	NaN	574	-14	359	29	24	0	406	2	3450	1	3254	5	3397	4	3261	5.329	-0.383
411.3	NaN	518	NaN	572	-17	360	29	24	0	407	2	3458	1	3245	6	3404	4	3204	5.283	-0.28
411.4	NaN	511	NaN	581	-19	361	29	25	0	406	3	3430	2	3166	7	3372	4	3166	5.246	0.079
411.5	NaN	521	NaN	578	-21	362	29	25	0	407	3	3455	1	3178	7	3393	4	3158	5.225	-0.696
411.6	NaN	510	NaN	611	-21	362	29	25	0	406	3	3416	1	3128	7	3363	4	3129	5.174	-0.273
411.7	NaN	511	NaN	563	-21	361	29	25	0	405	3	3420	2	3119	7	3358	4	3114	5.148	-0.188
411.8	NaN	506	NaN	586	-23	358	29	25	0	407	3	3420	2	3082	7	3336	4	3073	5.084	-1.118
411.9	NaN	511	NaN	653	-24	358	29	25	0	407	3	3383	2	3096	8	3326	4	3068	5.053	-0.382
412	NaN	507	NaN	584	-27	358	29	25	0	404	3	3407	1	3031	8	3328	4	3007	5.009	-0.697
412.1	NaN	512	NaN	606	-27	360	29	25	0	405	3	3370	2	3039	8	3292	4	2987	4.963	-0.379
412.2	NaN	507	NaN	626	-27	358	29	25	0	406	3	3349	1	2965	8	3286	4	2949	4.916	-0.379
412.3	NaN	513	NaN	595	-28	359	29	25	0	404	3	3336	2	2972	9	3270	5	2940	4.887	-0.695
412.4	NaN	511	NaN	623	-26	360	29	25	0	405	3	3270	2	2933	9	3208	4	2920	4.848	0.19
412.5	NaN	512	NaN	630	-29	360	29	26	0	404	4	3291	2	2923	10	3233	5	2873	4.849	-1.134
412.6	NaN	527	NaN	665	-25	361	30	29	0	406	7	3269	4	2937	18	3224	10	2906	4.825	0.292
412.7	NaN	570	NaN	691	-25	359	30	29	0	407	8	3250	4	2942	19	3189	10	2943	4.869	0.585
412.8	NaN	553	NaN	680	-22	360	30	29	0	407	7	3299	4	3018	19	3192	11	3168	4.869	-0.816
412.9	NaN	535	NaN	676	-24	359	30	29	0	407	7	3283	4	2988	18	3227	10	3022	4.903	0.353
413	NaN	536	NaN	680	-24	358	30	29	0	406	7	3291	4	2989	18	3251	10	3006	4.933	0.429
413.1	NaN	510	NaN	659	-22	356	30	27	0	406	6	3264	3	2999	14	3201	8	2981	4.909	-0.617
413.2	NaN	529	NaN	663	-23	362	30	26	0	404	6	3280	3	2962	15	3232	8	2981	4.919	0.08
413.3	NaN	510	NaN	672	-21	362	30	28	0	406	6	3272	3	2985	14	3202	9	2952	4.898	-0.052
413.4	NaN	528	NaN	741	-21	356	30	28	0	407	6	3251	3	2940	15	3186	9	2952	4.925	-0.54
413.5	NaN	537	NaN	746	-23	357	30	28	0	407	6	3232	3	2918	15	3173	9	2917	4.941	0.806
413.6	NaN	528	NaN	709	-21	361	30	28	0	405	6	3227	3	2974	15	3178	9	2939	4.932	-0.712
413.7	NaN	539	NaN	658	-21	358	30	28	0	406	6	3172	3	2960	15	3145	9	2951	4.939	-0.489
413.8	NaN	530	NaN	640	-20	360	30	28	0	406	6	3204	3	2957	15	3171	9	2952	4.94	0.172
413.9	NaN	542	NaN	676	-20	358	30	28	0	406	6	3193	3	2928	15	3161	9	2927	4.947	0.45
414	NaN	537	NaN	670	-19	359	30	27	0	406	6	3265	3	2909	14	3188	9	2929	4.944	0.196
414.1	NaN	544	NaN	672	-17	359	30	27	0	405	6	3185	3	2939	14	3126	9	2923	4.949	0.57
414.2	NaN	531	NaN	675	-18	362	30	28	0	405	6	3230	3	2879	14	3180	9	2897	4.948	0.687
414.3	NaN	544	NaN	644	-19	358	30	28	0	405	6	3225	4	2897	15	3214	9	2927	4.905	0.089
414.4	NaN	531	NaN	653	-20	357	30	28	0	406	6	3214	3	2937	15	3162	9	2902	4.909	1.021
414.5	NaN	542	NaN	649	-18	362	30	27	0	407	5	3213	3	2944	15	3154	9	2942	4.892	1.065
414.6	NaN	533	NaN	684	-17	359	30	27	0	404	6	3171	4	2933	15	3125	9	2949	4.913	0.272
414.7	NaN	518	NaN	698	-18	361	29	28	0	406	6	3202	4	2949	14	3154	9	2930	4.907	0.604
414.8	NaN	513	NaN	745	-19	360	30	27	0	404	6	3179	3	2932	14	3130	9	2940	4.889	1.294
414.9	NaN	531	NaN	730	-17	363	30	28	0	407	5	3171	4	2951	14	3121	9	2928	4.905	0.158
415	NaN	545	NaN	667	-19	358	30	28	0	406	5	3160	3	2950	14	3122	9	2954	4.861	0.408
415.1	NaN	526	NaN	654	-17	359	30	27	0	406	5	3184	3	2950	14	3112	9	2955	4.871	0.386
415.2	NaN	583	NaN	693	-17	358	30	28	0	406	6	3173	4	2950	15	3132	10	2939	4.896	-0.059
415.3	NaN	537	NaN	683	-14	360	30	28	0	404	5	3170	4	2947	14	3113	10	2967	4.889	-0.011
415.4	NaN	541	NaN	651	-12	359	30	28	0	404	5	3176	4	2984	13	3131	10	2960	4.906	-0.049
415.5	NaN	566	NaN	691	-11	358	30	28	0	407	5	3161	4	2986	13	3115	10	2983	4.913	0.102
415.6	NaN	540	NaN	665	-7	362	30	27	0	407	5	3144	4	3006	13	3105	10	3003	4.952	0.139
415.7	NaN	563	NaN	623	-4	359	30	27	0	407	5	3147	4	3077	12	3112	10	3056	4.942	-0.725
415.8	NaN	610	NaN	639	4	359	30	28	0	404	4	3109	5	3098	11	3065	12	3116	4.975	0.178
415.9	NaN	619	NaN	647	7	359	30	27	0	406	4	3126	5	3119	11	3090	13	3148	4.983	0.324
416	NaN	586	NaN	676	9	360	30	27	0	405	4	3103	5	3148	10	3072	13	3152	5.034	0.459
416.1	NaN	573	NaN	682	13	358	30	28	0	406	4	3094	5	3200	10	3052	14	3210	5.04	-0.099
416.2	NaN	633	NaN	662	20	359	30	27	0	407	3	3042	5	3282	8	3021	13	3232	5.052	-0.517
416.3	NaN	598	NaN	682	21	358	30	26	0	407	3	3060	5	3278	8	3025	13	3280	5.033	-0.222
416.4	NaN	587	NaN	645	22	359	30	27	0	405	3	3063	5	3297	7	3031	13	3283	5.063	0.365
416.5	NaN	567	NaN	692	24	361	30	26	0	404	3	3084	5	3301	7	3021	12	3247	5.063	-0.657
416.6	NaN	589	NaN	692	25	360	30	27	0	406	3	3078	5	3271	7	3008	13	3283	5.073	-0.2
416.7	NaN	583	NaN	683	24	360	30	27	0	407	3	3095	5	3274	7	3020	14	3260	5.076	-0.086
416.8	NaN	609	NaN	741	26	358	29	26	0	407	2	3089	5	3269	7	3020	13	3260	5.093	0.107
416.9	NaN	580	NaN	682	26	359	30	27	0	406	3	3097	5	3293	7	3009	13	3270	5.1	0.479
417	NaN	583	NaN	674	29	358	30	27	0	407	2	3041	5	3295	7	2998	13	3263	5.062	0.127
417.1	NaN	560	NaN	658	30	359	30	26	0	407	2	3076	5	3310	6	3028	14	3300	5.097	0.114
417.2	NaN	562	NaN	689	29	360	30	27	0	406	2	3017	5	3297	6	2968	14	3275	5.092	-1.045
417.3	NaN	563	NaN	668	28	359	30	26	0	405	2	3011	5	3260	6	2977	13	3283	5.093	0.104
417.4	NaN	555	NaN	708	28	361	30	26	0	406	2	3055	5	3290	7	3001	13	3257	5.08	-0.291
417.5	NaN	597	NaN	669	25	360	30	27	0	405	3	3065	6	3227	8	3007	15	3270	5.083	0.565
417.6	NaN	584	NaN	671	26	362	30	27	0	406	3	3038	6	3252	8	2986	15	3249	5.111	0.957
417.7	NaN	638	NaN	658	23	359	30	28	0	404	3	3042	6	3237	8	3015	14	3256	5.089	1.669
417.8	NaN	620	NaN	655	23	358	30	28	0	404	3	3053	6	3267	9	3009	15	3274	5.102	-0.01
417.9	NaN	643	NaN	654	23	361	30	28	0	406	3	3069	6	3277	8	3015	15	3272	5.106	0.673
418	NaN	590	NaN	674	23	359	30	28	0	406	3	3056	6	3240	8	3009	15	3245	5.137	0.728
418.1	NaN	616	NaN	680	23	359	30	28	0	405	3	3111	6	3253	8	3048	15	3248	5.143	0.354
418.2	NaN	574	NaN	642	25	362	30	28	0	406	3	3106	6	3272	9	3048	16	3296	5.126	0.026
418.3	NaN	575	NaN	655	24	361	30	28	0	407	3	3116	6	3325	9	3051	15	3304	5.164	0.195
418.4	NaN	567	NaN	663	23	359	30	28	0	403	3	3095	6	3305	9	3042	16	3311	5.158	-0.393
418.5	NaN	601	NaN	654	24	362	30	28	0	406	3	3105	6	3311	8	3066	15	3304	5.176	0.003
418.6	NaN	581	NaN	662	24	361	30	28	0	406	3	3111	6	3348	9	3057	15	3316	5.182	0.615
418.7	NaN	613	NaN	688	22	361	30	28	0	407	3	3097	6	3319	9	3046	15	3334	5.216	0.391
418.8	NaN	650	NaN	677	23	361	30	28	0	406	4	3116	6	3342	9	3073	16	3320	5.229	-0.101
418.9	NaN	597	NaN	711	20	360	30	28	0	405	3	3136	6	3288	9	3094	15	3337	5.248	0.357
419	NaN	579	NaN	702	19	361	30	28	0	407	4	3180	6	3343	9	3130	16	3346	5.241	0.762
419.1	NaN	578	NaN	663	20	361	30	28	0	406	4	3153	6	3309	9	3119	15	3311	5.281	0.145
419.2	NaN	582	NaN	668	19	360	30	28	0	407	4	3175	6	3330	9	3138	15	3341	5.278	0.268
419.3	NaN	565	NaN	687	18	358	30	28	0	408	4	3194	6	3334	10	3141	15	3343	5.291	-0.402
419.4	NaN	569	NaN	675	18	358	30	28	0	406	4	3207	6	3325	10	3152	15	3353	5.29	0.283
419.5	NaN	581	NaN	648	18	361	30	28	0	407	4	3194	6	3337	10	3169	15	3328	5.317	0.156
419.6	NaN	581	NaN	666	17	361	30	28	0	404	4	3227	6	3318	9	3165	15	3354	5.324	1.21
419.7	NaN	567	NaN	704	18	363	30	28	0	404	4	3215	6	3352	10	3171	15	3352	5.33	-0.429
419.8	NaN	550	NaN	660	17	363	30	28	0	406	4	3218	6	3368	9	3185	15	3387	5.332	-0.393
419.9	NaN	597	NaN	682	16	357	30	28	0	406	4	3204	6	3370	10	3165	15	3390	5.354	0.851
420	NaN	631	NaN	713	18	361	30	28	0	407	4	3229	6	3384	9	3198	15	3378	5.37	0.686
420.1	NaN	646	NaN	668	15	359	30	28	0	407	4	3238	6	3355	10	3202	16	3390	5.396	-0.144
420.2	NaN	637	NaN	651	18	360	30	28	0	406	4	3252	6	3401	10	3198	14	3405	5.398	-0.96
420.3	NaN	571	NaN	686	16	357	30	28	0	406	4	3262	6	3354	10	3218	15	3404	5.41	-0.002
420.4	NaN	572	NaN	723	16	362	30	28	0	406	4	3268	6	3401	10	3229	15	3413	5.444	-0.044
420.5	NaN	561	NaN	677	15	358	30	28	0	407	4	3283	6	3436	9	3260	15	3437	5.432	0.004
420.6	NaN	574	NaN	648	17	358	30	28	0	406	4	3270	6	3426	10	3237	14	3434	5.478	0.416
420.7	NaN	596	NaN	717	15	359	30	28	0	406	4	3316	6	3443	10	3268	15	3435	5.476	-0.445
420.8	NaN	575	NaN	697	15	362	30	28	0	406	4	3316	6	3428	10	3286	15	3451	5.501	-0.032
420.9	NaN	593	NaN	721	15	360	30	28	0	406	4	3325	6	3455	10	3290	14	3460	5.513	0.383
421	NaN	579	NaN	679	12	359	30	28	0	406	4	3340	5	3452	11	3300	14	3467	5.538	0.536
421.1	NaN	562	NaN	719	12	361	30	28	0	406	4	3357	6	3503	11	3302	15	3475	5.559	0.111
421.2	NaN	573	NaN	720	14	360	30	28	0	403	4	3365	5	3465	10	3333	15	3503	5.576	0.362
421.3	NaN	648	NaN	667	13	360	30	28	0	405	4	3391	6	3516	10	3337	14	3497	5.607	-0.088
421.4	NaN	619	NaN	722	13	361	30	28	0	406	4	3387	6	3501	10	3355	14	3535	5.621	0.258
421.5	NaN	589	NaN	736	13	364	30	28	0	407	4	3413	6	3496	11	3376	15	3529	5.638	0.478
421.6	NaN	591	NaN	747	10	359	30	28	0	406	4	3448	5	3528	11	3401	13	3549	5.679	0.146
421.7	NaN	576	NaN	685	10	359	30	28	0	408	4	3461	5	3552	11	3401	14	3564	5.719	0.586
421.8	NaN	587	NaN	696	9	360	31	28	0	407	4	3482	5	3595	11	3419	14	3573	5.71	0.114
421.9	NaN	604	NaN	679	10	361	31	27	0	407	4	3507	5	3577	11	3460	14	3598	5.749	0.156
422	NaN	509	NaN	636	10	358	30	26	0	405	3	3527	4	3606	8	3432	11	3609	5.768	-0.433
422.1	NaN	530	NaN	706	8	357	30	26	0	406	3	3513	4	3561	8	3459	10	3588	5.773	0.2
422.2	NaN	517	NaN	645	9	359	30	26	0	404	3	3531	4	3587	8	3456	11	3593	5.772	-0.47
422.3	NaN	529	NaN	657	6	360	30	26	0	406	3	3530	4	3551	8	3496	10	3564	5.777	0.13
422.4	NaN	537	NaN	700	9	358	30	26	0	406	3	3550	4	3576	8	3486	10	3579	5.78	0.139
422.5	NaN	527	NaN	651	6	361	30	26	0	404	3	3531	4	3544	8	3488	10	3571	5.776	0.097
422.6	NaN	504	NaN	680	6	360	30	25	0	405	3	3561	3	3548	7	3512	8	3567	5.763	0.183
422.7	NaN	520	NaN	671	5	358	29	24	0	407	2	3537	3	3516	6	3486	7	3531	5.732	-0.153
422.8	NaN	507	NaN	706	6	363	29	24	0	406	2	3531	2	3504	6	3496	6	3505	5.716	-0.363
422.9	NaN	507	NaN	629	4	359	29	24	0	406	2	3494	2	3520	6	3459	6	3511	5.672	0.298
423	NaN	516	NaN	641	5	361	29	25	0	407	2	3469	3	3492	6	3435	7	3497	5.664	0.176
423.1	NaN	516	NaN	645	6	361	29	24	0	405	2	3478	2	3501	6	3435	7	3463	5.632	-0.597
423.2	NaN	515	NaN	629	3	359	30	25	0	404	2	3443	3	3458	6	3411	7	3455	5.627	-0.42
423.3	NaN	508	NaN	637	4	360	29	25	0	405	2	3426	2	3461	6	3392	7	3450	5.61	-0.262
423.4	NaN	512	NaN	659	3	357	29	24	0	407	2	3430	2	3408	6	3389	6	3443	5.604	-0.185
423.5	NaN	507	NaN	728	2	362	29	25	0	407	2	3413	3	3416	6	3390	7	3417	5.577	0.707
423.6	NaN	512	NaN	691	2	359	29	25	0	406	3	3408	3	3415	7	3398	7	3430	5.536	0.246
423.7	NaN	519	NaN	653	0	359	29	26	0	407	3	3467	3	3409	8	3409	8	3417	5.552	-0.502
423.8	NaN	498	NaN	673	0	359	29	27	0	406	4	3453	4	3396	9	3407	10	3409	5.543	-0.155
423.9	NaN	515	NaN	664	2	356	29	26	0	406	4	3448	4	3389	9	3402	10	3411	5.567	0.006
424	NaN	507	NaN	662	-0	357	27	26	0	406	3	3434	3	3409	9	3374	9	3408	5.584	0.448
424.1	NaN	522	NaN	630	-2	359	29	26	0	407	2	3422	2	3404	5	3383	5	3415	5.571	-0.581
424.2	NaN	512	NaN	664	-1	359	29	26	0	405	3	3465	3	3418	9	3396	8	3420	5.573	-0.756
424.3	NaN	495	NaN	669	-2	358	29	26	0	407	3	3459	3	3415	9	3412	8	3429	5.562	0.042
424.4	NaN	510	NaN	650	-3	357	29	26	0	405	3	3477	3	3382	8	3439	8	3395	5.579	0.269
424.5	NaN	515	NaN	662	-4	360	29	26	0	408	3	3487	3	3396	8	3430	7	3383	5.568	-0.595
424.6	NaN	501	NaN	645	-11	357	29	25	0	407	3	3524	3	3342	9	3450	7	3359	5.577	-0.147
424.7	NaN	505	NaN	676	-10	359	30	25	0	404	4	3519	3	3352	9	3478	7	3330	5.568	-0.291
424.8	NaN	517	NaN	585	-17	359	29	24	0	405	2	3512	1	3271	5	3492	4	3297	5.533	-0.063
424.9	NaN	537	NaN	540	-20	360	28	23	0	407	1	3548	1	3275	2	3473	2	3256	5.514	-0.864
425	NaN	540	NaN	537	-20	361	28	23	0	405	1	3491	0	3219	3	3439	1	3226	5.409	-0.575
425.1	NaN	534	NaN	542	-24	359	28	23	0	405	1	3507	1	3186	3	3453	2	3174	5.379	-0.745
425.2	NaN	533	NaN	546	-26	358	28	23	0	407	1	3465	0	3149	3	3395	1	3107	5.284	-0.732
425.3	NaN	535	NaN	538	-28	358	28	23	0	407	1	3431	0	3084	2	3360	1	3073	5.241	0.154
425.4	NaN	530	NaN	540	-31	361	28	24	0	405	1	3435	0	3060	3	3356	1	3007	5.172	-1.258
425.5	NaN	532	NaN	555	-33	359	28	24	0	405	1	3385	0	2999	4	3346	2	2986	5.128	0.017
425.6	NaN	527	NaN	548	-37	358	28	24	0	404	2	3397	0	2972	5	3313	2	2926	5.077	-0.923
425.7	NaN	530	NaN	531	-37	360	28	24	0	404	2	3348	1	2939	4	3293	2	2893	5.006	-0.474
425.8	NaN	519	NaN	545	-39	359	28	25	0	406	2	3329	1	2895	5	3248	2	2864	4.951	-0.405
425.9	NaN	515	NaN	532	-39	360	28	25	0	404	2	3337	1	2895	6	3256	2	2826	4.891	-0.772
426	NaN	517	NaN	573	-38	359	28	25	0	405	3	3338	1	2868	7	3238	2	2800	4.882	-0.255
426.1	NaN	520	NaN	524	-40	358	28	25	0	406	2	3268	1	2809	6	3173	2	2763	4.826	-0.599
426.2	NaN	530	NaN	560	-39	359	28	25	0	407	2	3243	1	2809	6	3175	2	2750	4.797	-0.19
426.3	NaN	514	NaN	554	-38	359	28	25	0	407	2	3218	1	2737	6	3116	2	2697	4.717	-0.482
426.4	NaN	522	NaN	595	-38	358	28	25	0	405	2	3184	1	2697	6	3092	2	2675	4.699	-0.384
426.5	NaN	513	NaN	556	-39	360	28	25	0	405	2	3134	1	2705	5	3045	2	2647	4.611	-1.31
426.6	NaN	519	NaN	544	-39	360	28	25	0	405	2	3068	1	2678	6	2990	2	2641	4.587	0.37
426.7	NaN	516	NaN	590	-34	358	28	26	0	404	3	3052	1	2635	8	2983	3	2611	4.536	-0.231
426.8	NaN	515	NaN	616	-36	358	28	25	0	404	3	3031	1	2633	8	2955	3	2585	4.514	-0.277
426.9	NaN	497	NaN	578	-33	362	28	26	0	407	3	3022	1	2572	7	2924	3	2601	4.452	-0.638
427	NaN	517	NaN	592	-32	359	28	26	0	405	3	2982	1	2599	8	2922	3	2569	4.429	0.025
427.1	NaN	528	NaN	593	-31	357	28	26	0	406	3	2947	1	2599	8	2878	3	2565	4.396	-0.339
427.2	NaN	510	NaN	565	-34	360	28	26	0	406	3	2945	1	2576	8	2849	3	2538	4.367	-0.236
427.3	NaN	525	NaN	639	-31	359	28	26	0	405	3	2908	1	2543	8	2847	4	2507	4.347	-0.479
427.4	NaN	509	NaN	574	-29	362	28	26	0	407	3	2865	1	2527	7	2807	4	2508	4.309	-0.556
427.5	NaN	513	NaN	588	-27	359	28	25	0	405	2	2841	1	2511	6	2777	3	2494	4.272	-0.183
427.6	NaN	513	NaN	586	-28	361	28	25	0	406	2	2802	1	2546	6	2745	3	2483	4.2	-0.913
427.7	NaN	520	NaN	551	-27	357	28	24	0	404	1	2714	1	2506	3	2679	2	2450	4.185	-0.181
427.8	NaN	520	NaN	542	-25	360	28	24	0	404	1	2704	1	2419	4	2659	2	2424	4.114	-0.484
427.9	NaN	537	NaN	544	-25	361	28	24	0	404	1	2634	1	2380	3	2596	2	2365	4.062	-0.013
428	NaN	530	NaN	545	-23	360	28	24	0	404	1	2617	1	2326	3	2540	2	2316	3.995	-0.641
428.1	NaN	517	NaN	560	-26	359	28	24	0	406	1	2588	0	2319	3	2537	2	2293	3.942	-0.759
428.2	NaN	539	NaN	568	-22	359	28	24	0	407	1	2496	1	2254	3	2456	2	2251	3.869	-0.247
428.3	NaN	536	NaN	571	-23	358	28	24	0	407	2	2486	1	2213	4	2414	2	2226	3.86	0.233
428.4	NaN	522	NaN	584	-20	358	28	24	0	406	2	2508	1	2216	4	2352	2	2203	3.736	-1.927
428.5	NaN	527	NaN	557	-21	360	28	24	0	404	1	2397	1	2174	3	2336	2	2173	3.693	-0.234
428.6	NaN	538	NaN	585	-20	360	28	24	0	405	1	2325	1	2127	3	2276	2	2123	3.614	-0.139
428.7	NaN	522	NaN	574	-20	361	28	24	0	404	1	2319	1	2118	4	2263	2	2091	3.586	-0.712
428.8	NaN	540	NaN	646	-18	360	28	24	0	405	1	2276	1	2039	3	2163	2	2026	3.502	-0.205
428.9	NaN	544	NaN	615	-17	358	28	24	0	407	1	2224	1	2045	3	2156	2	2044	3.464	-1.214
429	NaN	514	NaN	656	-10	361	28	24	0	407	1	2127	1	2001	4	2104	3	1984	3.386	-0.717
429.1	NaN	514	NaN	622	-8	359	28	24	0	406	1	2137	1	2013	3	2106	3	2003	3.342	0.132
429.2	NaN	523	NaN	725	-4	358	28	24	0	407	1	2032	1	1975	3	2014	3	1986	3.25	-0.291
429.3	NaN	548	NaN	627	-1	357	28	24	0	405	1	2008	1	1938	3	1969	3	1943	3.2	-0.196
429.4	NaN	547	NaN	647	4	356	28	24	0	407	1	1941	1	1936	3	1914	3	1938	3.14	-0.722
429.5	NaN	544	NaN	630	7	357	28	24	0	404	1	1895	1	1921	3	1863	3	1918	3.091	-0.664
429.6	NaN	514	NaN	709	8	361	28	24	0	407	1	1856	1	1881	3	1839	4	1889	3.031	-0.187
429.7	NaN	543	NaN	668	8	359	28	24	0	407	1	1824	1	1837	3	1792	3	1846	2.978	0.274
429.8	NaN	584	NaN	714	9	359	28	24	0	407	1	1784	1	1805	3	1778	3	1831	2.904	-2.58
429.9	NaN	526	NaN	645	10	358	28	24	0	405	1	1743	1	1774	3	1723	4	1784	2.786	0.331
430	NaN	558	NaN	659	9	358	28	24	0	404	1	1730	1	1738	3	1709	3	1735	2.771	-0.169
430.1	NaN	562	NaN	598	11	357	28	23	0	407	0	1658	1	1666	2	1647	2	1668	2.641	-0.079
430.2	NaN	537	NaN	625	10	356	28	24	0	405	1	1631	1	1654	2	1608	2	1659	2.599	-0.165
430.3	NaN	576	NaN	688	10	361	28	23	0	406	1	1560	1	1628	2	1558	2	1612	2.505	-0.068
430.4	NaN	573	NaN	773	12	360	28	24	0	404	1	1562	1	1564	2	1575	4	1570	2.481	0.406
430.5	NaN	629	NaN	694	11	360	28	26	0	404	2	1448	3	1510	6	1423	7	1516	2.441	-0.004
430.6	NaN	629	NaN	693	13	358	28	26	0	404	2	1465	3	1492	6	1459	8	1505	2.381	-0.63
430.7	NaN	640	NaN	710	11	360	29	27	0	406	3	1424	4	1472	8	1401	11	1475	2.319	0.057
430.8	NaN	649	NaN	655	13	356	29	27	0	404	3	1409	4	1457	8	1390	11	1464	2.317	0.423
430.9	NaN	642	NaN	717	11	358	28	27	0	404	3	1387	4	1434	8	1386	11	1433	2.294	0.63
431	NaN	637	NaN	737	13	357	29	27	0	406	3	1392	4	1439	8	1372	11	1423	2.269	-0.222
431.1	NaN	624	NaN	706	12	360	29	27	0	404	3	1380	4	1421	8	1371	11	1423	2.247	0.039
431.2	NaN	733	NaN	645	10	359	29	27	0	405	3	1372	4	1418	8	1366	11	1438	2.241	0.267
431.3	NaN	701	NaN	611	11	360	29	27	0	406	3	1357	4	1403	8	1343	10	1403	2.23	0.48
431.4	NaN	708	NaN	772	11	361	29	27	0	405	3	1350	4	1416	8	1342	10	1388	2.205	0.425
431.5	NaN	741	NaN	619	9	360	29	27	0	406	3	1365	4	1406	8	1340	11	1394	2.189	-0.179
431.6	NaN	790	NaN	719	7	361	29	27	0	405	3	1355	4	1381	9	1340	11	1390	2.176	-0.026
431.7	NaN	698	NaN	702	2	357	28	27	0	405	3	1363	4	1388	9	1346	10	1367	2.152	0.283
431.8	NaN	723	NaN	651	0	359	29	27	0	406	4	1349	4	1341	10	1350	10	1347	2.154	0.339
431.9	NaN	779	NaN	668	-3	358	29	27	0	404	4	1373	3	1347	10	1329	9	1348	2.14	0.506
432	NaN	782	NaN	685	-2	361	29	28	0	404	4	1355	4	1346	11	1346	10	1335	2.116	0.29
432.1	NaN	733	NaN	693	-3	361	29	28	0	405	4	1343	4	1336	11	1335	11	1346	2.119	0.254
432.2	NaN	737	NaN	641	-6	362	30	28	0	407	5	1360	5	1335	14	1352	12	1331	2.147	0.997
432.3	NaN	764	NaN	638	-9	358	30	28	0	406	6	1384	5	1323	15	1367	12	1330	2.157	0.656
432.4	NaN	827	NaN	789	-14	356	30	28	0	406	6	1383	5	1322	16	1372	12	1329	2.168	0.345
432.5	NaN	807	NaN	631	-14	360	30	29	0	406	6	1378	4	1338	16	1367	11	1355	2.174	0.307
432.6	NaN	794	NaN	806	-16	357	30	28	0	406	6	1408	4	1343	16	1396	11	1329	2.197	0.515
432.7	NaN	749	NaN	708	-17	356	30	28	0	408	6	1390	4	1348	17	1399	11	1342	2.212	0.584
432.8	NaN	739	NaN	743	-17	360	30	29	0	406	6	1417	4	1343	17	1414	11	1334	2.249	0.707
432.9	NaN	898	NaN	734	-18	363	30	29	0	405	6	1440	4	1341	17	1423	11	1340	2.259	0.473
433	NaN	751	NaN	709	-19	360	30	28	0	406	6	1457	4	1363	17	1436	10	1357	2.303	0.49
433.1	NaN	793	NaN	710	-20	360	30	28	0	406	4	1455	2	1359	15	1454	9	1352	2.314	-0.418
433.2	NaN	717	NaN	704	-18	360	30	28	0	404	6	1480	4	1373	16	1470	10	1377	2.308	0.102
433.3	NaN	695	NaN	676	-19	356	30	28	0	406	6	1471	4	1364	16	1464	10	1375	2.312	0.301
433.4	NaN	609	NaN	687	-15	360	28	24	0	407	1	1436	1	1338	4	1411	3	1320	2.269	-0.059
433.5	NaN	654	NaN	789	-13	357	29	24	0	406	2	1417	1	1334	4	1392	3	1310	2.204	-0.24
433.6	NaN	585	NaN	728	-14	359	28	25	0	406	1	1400	1	1283	4	1369	3	1284	2.16	-0.609
433.7	NaN	689	NaN	702	-10	357	29	27	0	406	4	1379	3	1293	11	1361	9	1290	2.152	0.504
433.8	NaN	709	NaN	760	-10	359	29	28	0	404	5	1377	4	1293	12	1362	9	1290	2.16	0.482
433.9	NaN	666	NaN	709	-9	364	29	27	0	406	4	1388	3	1294	12	1372	9	1301	2.162	0.254
434	NaN	690	NaN	671	-9	361	29	28	0	404	4	1377	3	1292	11	1358	9	1294	2.179	0.227
434.1	NaN	733	NaN	819	-8	358	29	28	0	407	5	1387	4	1295	13	1365	10	1315	2.149	0.932
434.2	NaN	679	NaN	657	-7	359	29	28	0	405	5	1400	4	1314	12	1368	10	1322	2.163	0.078
434.3	NaN	654	NaN	677	-5	360	30	28	0	406	6	1423	5	1355	14	1403	13	1352	2.194	0.018
434.4	NaN	647	NaN	778	-2	360	29	28	0	404	5	1409	5	1368	13	1401	13	1368	2.215	0.407
434.5	NaN	754	NaN	675	0	361	30	28	0	407	5	1444	5	1391	13	1423	13	1393	2.268	0.627
434.6	NaN	665	NaN	741	0	362	29	28	0	406	5	1450	5	1397	13	1426	13	1414	2.286	0.753
434.7	NaN	647	NaN	728	0	358	30	28	0	405	5	1493	5	1447	13	1470	13	1451	2.337	0.615
434.8	NaN	631	NaN	634	2	361	30	28	0	404	5	1498	5	1436	13	1471	13	1454	2.376	0.551
434.9	NaN	615	NaN	695	0	358	30	28	0	404	5	1522	5	1498	13	1509	13	1485	2.43	0.297
435	NaN	643	NaN	719	-0	355	30	27	0	407	4	1547	5	1501	11	1528	11	1500	2.446	0.614
435.1	NaN	633	NaN	686	-1	357	30	27	0	407	4	1568	4	1519	10	1535	10	1528	2.482	0.125
435.2	NaN	660	NaN	686	-0	358	30	27	0	404	4	1576	4	1526	11	1541	11	1534	2.489	-0.052
435.3	NaN	657	NaN	718	-0	360	30	27	0	407	4	1594	4	1567	11	1574	11	1562	2.544	0.498
435.4	NaN	677	NaN	674	0	356	30	27	0	408	4	1612	4	1572	11	1586	11	1574	2.55	-0.001
435.5	NaN	709	NaN	646	1	357	30	27	0	407	4	1630	4	1587	10	1611	10	1587	2.577	0.116
435.6	NaN	594	NaN	667	1	359	30	27	0	406	4	1646	4	1593	11	1625	11	1604	2.599	0.249
435.7	NaN	659	NaN	726	0	358	29	27	0	406	4	1668	4	1613	11	1631	11	1627	2.593	0.348
435.8	NaN	595	NaN	753	-1	355	29	25	0	407	3	1656	3	1623	7	1634	6	1607	2.614	-0.119
435.9	NaN	575	NaN	716	-0	359	29	25	0	403	2	1667	2	1615	6	1628	6	1607	2.587	0.071
436	NaN	578	NaN	654	-1	356	29	25	0	406	2	1654	2	1593	7	1626	6	1604	2.583	0.264
436.1	NaN	568	NaN	741	1	357	29	25	0	406	2	1641	2	1583	6	1607	6	1592	2.575	-0.067
436.2	NaN	619	NaN	728	2	361	29	25	0	407	3	1633	3	1570	8	1613	8	1588	2.562	0.158
436.3	NaN	662	NaN	806	2	361	31	25	0	406	3	1621	3	1589	7	1602	8	1591	2.565	-0.018
436.4	NaN	599	NaN	716	3	361	29	25	0	405	3	1652	3	1600	7	1622	8	1599	2.554	0.168
436.5	NaN	595	NaN	737	3	359	29	25	0	405	3	1627	3	1602	7	1619	8	1607	2.55	0.257
436.6	NaN	605	NaN	680	2	357	29	25	0	406	3	1632	3	1585	7	1601	8	1609	2.534	0.577
436.7	NaN	619	NaN	700	5	362	29	25	0	404	3	1622	3	1574	7	1596	8	1589	2.538	-0.631
436.8	NaN	623	NaN	716	6	358	29	25	0	406	2	1627	3	1607	6	1599	7	1610	2.509	-0.038
436.9	NaN	544	NaN	702	5	359	28	23	0	407	1	1580	1	1604	2	1591	3	1608	2.496	-0.728
437	NaN	580	NaN	725	6	360	28	23	0	407	1	1565	1	1570	2	1554	3	1567	2.388	-0.551
437.1	NaN	547	NaN	730	6	362	28	24	0	405	1	1533	1	1548	3	1527	3	1549	2.373	-0.275
437.2	NaN	689	NaN	788	13	359	28	27	0	404	2	1500	3	1527	7	1468	10	1535	2.343	0.058
437.3	NaN	740	NaN	789	16	360	29	27	0	407	3	1499	4	1565	8	1480	11	1566	2.337	0.071
437.4	NaN	667	NaN	661	18	357	29	27	0	407	3	1487	4	1564	7	1473	12	1564	2.354	-0.185
437.5	NaN	647	NaN	757	25	362	29	27	0	404	3	1480	5	1594	7	1441	13	1585	2.373	0.14
437.6	NaN	615	NaN	720	29	359	29	27	0	406	2	1463	5	1566	6	1432	13	1578	2.387	0.346
437.7	NaN	649	NaN	687	32	357	29	27	0	407	2	1477	5	1580	6	1434	13	1586	2.406	0.296
437.8	NaN	737	NaN	649	37	355	29	27	0	407	2	1481	5	1615	5	1440	13	1607	2.407	0.282
437.9	NaN	641	NaN	681	39	360	29	26	0	407	1	1485	4	1630	4	1429	11	1621	2.411	-0.174
438	NaN	614	NaN	745	38	363	29	26	0	405	1	1460	4	1619	4	1424	10	1610	2.406	-0.269
438.1	NaN	664	NaN	688	40	361	29	26	0	405	1	1473	4	1586	3	1418	10	1609	2.41	0.271
438.2	NaN	678	NaN	718	38	358	29	25	0	404	1	1468	4	1593	4	1430	10	1615	2.401	-0.126
438.3	NaN	643	NaN	760	42	359	29	25	0	404	1	1467	4	1616	3	1415	9	1615	2.384	-0.13
438.4	NaN	643	NaN	701	44	357	29	25	0	404	1	1450	3	1632	2	1396	8	1615	2.382	-0.205
438.5	NaN	650	NaN	677	49	359	30	25	0	405	1	1414	3	1636	3	1376	12	1623	2.336	-0.113
438.6	NaN	673	NaN	714	54	360	29	25	0	404	1	1416	3	1611	2	1360	10	1606	2.332	-0.468
438.7	NaN	636	NaN	753	63	362	29	25	0	405	0	1374	4	1661	1	1298	10	1630	2.271	-0.832
438.8	NaN	643	NaN	722	63	361	29	25	0	404	0	1365	4	1658	1	1291	10	1618	2.262	-0.558
438.9	NaN	732	NaN	714	59	358	29	25	0	405	0	1344	4	1623	1	1272	10	1587	2.209	0.117
439	NaN	663	NaN	674	55	362	29	25	0	404	0	1331	4	1627	2	1265	9	1580	2.193	-0.282
439.1	NaN	651	NaN	764	47	357	29	25	0	407	1	1349	3	1559	2	1303	9	1535	2.14	-0.402
439.2	NaN	660	NaN	818	50	361	29	25	0	407	1	1328	3	1557	2	1285	9	1513	2.141	0.049
439.3	NaN	621	NaN	746	47	360	29	25	0	404	1	1317	3	1557	2	1264	9	1517	2.057	-0.66
439.4	NaN	612	NaN	691	49	362	29	25	0	406	1	1316	3	1547	2	1273	9	1518	2.035	-0.141
439.5	NaN	699	NaN	745	49	358	29	25	0	406	1	1306	3	1493	2	1280	9	1497	1.954	-0.569
439.6	NaN	673	NaN	688	52	360	29	25	0	406	1	1317	4	1486	2	1263	9	1483	1.936	-0.497
439.7	NaN	639	NaN	699	55	360	29	25	0	407	1	1287	3	1483	2	1246	9	1480	1.862	-0.07
439.8	NaN	647	NaN	686	57	359	29	25	0	405	0	1277	3	1487	2	1238	9	1471	1.855	0.225
439.9	NaN	634	NaN	763	60	361	29	25	0	405	0	1287	4	1478	1	1214	10	1482	1.774	-0.684
440	NaN	656	NaN	663	59	361	29	25	0	406	1	1292	5	1458	2	1229	11	1430	1.785	0.315
440.1	NaN	654	NaN	702	56	361	29	27	0	406	1	1280	5	1479	3	1210	14	1464	1.713	0.398
440.2	NaN	636	NaN	812	55	357	29	27	0	406	1	1262	5	1474	3	1212	14	1475	1.736	0.001
440.3	NaN	640	NaN	704	56	362	29	27	0	405	1	1286	5	1497	3	1203	14	1486	1.729	-0.428
440.4	NaN	672	NaN	703	58	358	29	28	0	405	1	1257	7	1522	3	1219	19	1500	1.687	-0.073
440.5	NaN	620	NaN	674	61	358	29	28	0	406	1	1250	7	1528	3	1202	20	1509	1.684	-0.026
440.6	NaN	668	NaN	721	64	358	29	28	0	407	1	1255	8	1553	2	1170	20	1557	1.65	0.395
440.7	NaN	651	NaN	720	64	361	29	28	0	405	1	1255	8	1573	2	1150	20	1507	1.654	0.569
440.8	NaN	655	NaN	680	64	357	29	28	0	405	1	1251	8	1560	3	1171	22	1511	1.621	0.073
440.9	NaN	654	NaN	717	64	357	29	28	0	405	1	1275	8	1543	3	1181	21	1511	1.609	-0.204
441	NaN	677	NaN	751	64	358	29	28	0	407	1	1262	8	1546	3	1185	21	1504	1.589	0.274
441.1	NaN	663	NaN	656	64	362	29	28	0	407	1	1274	8	1519	3	1196	22	1488	1.593	0.477
441.2	NaN	625	NaN	730	61	360	29	28	0	406	1	1269	9	1550	3	1205	22	1516	1.609	0.301
441.3	NaN	752	NaN	720	61	359	29	28	0	407	1	1228	8	1565	3	1170	21	1518	1.621	0.187
441.4	NaN	666	NaN	668	55	359	29	28	0	405	1	1314	8	1496	3	1256	20	1488	1.663	0.969
441.5	NaN	725	NaN	649	51	362	29	28	0	406	2	1310	8	1528	4	1244	20	1535	1.632	-1.051
441.6	NaN	690	NaN	746	49	359	30	28	0	406	2	1351	8	1513	5	1286	20	1513	1.68	0.182
441.7	NaN	689	NaN	703	47	357	30	28	0	406	2	1358	7	1516	5	1295	20	1526	1.689	-0.161
441.8	NaN	672	NaN	716	43	357	29	28	0	406	2	1361	7	1548	6	1314	19	1531	1.698	0.426
441.9	NaN	646	NaN	669	39	358	30	28	0	406	2	1392	7	1555	6	1338	18	1548	1.7	0.409
442	NaN	667	NaN	725	31	360	29	25	0	405	2	1389	4	1537	5	1348	11	1534	1.716	0.103
442.1	NaN	657	NaN	689	23	357	29	25	0	406	2	1378	3	1491	5	1359	8	1481	1.712	-0.361
442.2	NaN	546	NaN	533	20	359	28	23	0	404	-0	1373	-0	1447	-0	1344	-0	1446	1.656	0.051
442.3	NaN	567	NaN	543	17	359	28	23	0	405	-0	1354	0	1426	0	1322	0	1419	1.611	-0.622
442.4	NaN	618	NaN	551	13	363	28	23	0	406	0	1322	0	1374	0	1298	0	1387	1.586	0.069
442.5	NaN	607	NaN	633	6	358	27	24	0	403	1	1286	1	1286	2	1255	2	1297	1.446	-0.633
442.6	NaN	622	NaN	751	5	361	27	24	0	406	1	1271	1	1275	2	1237	3	1280	1.396	-0.245
442.7	NaN	622	NaN	676	2	357	27	25	0	406	1	1224	2	1226	4	1194	4	1216	1.331	0.225
442.8	NaN	675	NaN	679	4	359	27	26	0	404	2	1223	2	1196	8	1204	8	1215	1.312	-0.088
442.9	NaN	709	NaN	757	2	358	27	26	0	406	2	1175	2	1160	5	1159	5	1160	1.249	0.102
443	NaN	651	NaN	674	0	356	28	26	0	406	2	1158	2	1155	4	1147	5	1161	1.226	0.099
443.1	NaN	732	NaN	760	1	359	28	26	0	406	2	1147	2	1120	6	1117	6	1124	1.168	-0.391
443.2	NaN	727	NaN	730	4	359	28	26	0	404	2	1139	3	1122	6	1120	7	1121	1.154	0.432
443.3	NaN	675	NaN	757	6	359	28	26	0	404	2	1094	3	1090	6	1070	7	1082	1.109	0.119
443.4	NaN	664	NaN	774	8	362	28	26	0	403	2	1058	3	1068	6	1057	7	1084	1.091	0.19
443.5	NaN	689	NaN	771	15	358	28	26	0	406	2	1026	3	1063	5	1015	8	1069	1.057	0.185
443.6	NaN	668	NaN	710	19	361	28	24	0	407	1	1015	2	1053	3	1004	5	1049	1.029	0.108
443.7	NaN	653	NaN	698	19	357	28	24	0	407	0	974	1	1015	2	939	3	1013	0.973	-0.22
443.8	NaN	674	NaN	698	20	358	28	24	0	407	1	934	1	987	2	916	3	977	0.916	-0.693
443.9	NaN	655	NaN	694	16	360	28	24	0	406	1	896	1	939	2	881	3	940	0.859	0.077
444	NaN	608	NaN	759	16	361	28	24	0	407	1	872	1	915	2	865	3	921	0.841	-1.064
444.1	NaN	709	NaN	731	10	358	28	25	0	406	1	835	2	875	3	814	5	870	0.705	0.018
444.2	NaN	775	NaN	655	8	362	28	25	0	407	1	810	2	813	3	783	4	814	0.675	-0.492
444.3	NaN	713	NaN	665	4	360	28	27	0	406	3	782	3	787	8	779	8	784	0.642	0.559
444.4	NaN	696	NaN	846	1	360	28	27	0	406	3	788	3	766	7	770	7	775	0.632	-0.122
444.5	NaN	719	NaN	698	3	361	28	27	0	406	3	788	3	767	8	771	9	780	0.619	0.326
444.6	NaN	728	NaN	721	4	358	28	27	0	406	3	761	3	776	8	759	9	781	0.617	0.265
444.7	NaN	680	NaN	739	5	355	28	27	0	406	3	771	3	777	8	765	9	774	0.612	0.335
444.8	NaN	748	NaN	728	5	357	28	27	0	406	3	775	3	779	8	767	9	776	0.589	0.483
444.9	NaN	783	NaN	840	5	357	28	27	0	407	3	771	3	773	8	762	9	780	0.601	0.337
445	NaN	758	NaN	821	7	356	28	27	0	404	3	767	3	776	7	754	9	781	0.585	0.791
445.1	NaN	783	NaN	770	9	358	28	27	0	406	3	767	3	772	7	760	9	787	0.582	0.414
445.2	NaN	747	NaN	820	11	361	28	26	0	406	2	775	3	773	6	775	8	765	0.581	0.306
445.3	NaN	701	NaN	658	13	357	28	26	0	406	2	768	3	750	6	746	8	770	0.58	0.057
445.4	NaN	686	NaN	695	15	360	28	26	0	405	2	719	3	729	5	705	7	742	0.511	-0.448
445.5	NaN	707	NaN	763	14	360	28	26	0	407	2	728	3	736	6	707	9	732	0.497	0.222
445.6	NaN	764	NaN	745	16	361	28	26	0	406	2	710	3	743	5	702	8	733	0.478	0.233
445.7	NaN	682	NaN	738	18	357	28	26	0	404	2	696	3	736	5	681	8	733	0.477	0.149
445.8	NaN	724	NaN	652	18	359	28	24	0	405	1	672	2	715	3	673	5	711	0.45	-0.289
445.9	NaN	669	NaN	656	19	363	28	23	0	405	0	666	0	705	1	656	2	693	0.408	-0.393
446	NaN	723	NaN	735	16	360	28	23	0	406	0	642	0	665	0	618	1	665	0.343	-0.41
446.1	NaN	704	NaN	796	15	363	28	23	0	405	0	612	0	638	1	596	1	650	0.296	-0.442
446.2	NaN	708	NaN	727	19	361	28	23	0	404	0	579	0	605	0	564	1	608	0.237	-0.419
446.3	NaN	748	NaN	698	17	357	28	23	0	406	0	563	0	588	1	546	1	582	0.196	-0.483
446.4	NaN	680	NaN	790	18	358	28	23	0	406	0	545	1	577	1	536	2	575	0.167	-0.486
446.5	NaN	714	NaN	666	15	362	29	24	0	406	1	512	1	534	2	503	3	541	0.092	-0.091
446.6	NaN	799	NaN	691	13	361	28	24	0	407	2	516	2	536	5	519	7	546	0.072	-0.299
446.7	NaN	770	NaN	795	15	359	28	24	0	404	1	484	1	513	2	476	3	504	0.024	0.023
446.8	NaN	726	NaN	788	18	361	28	24	0	404	1	477	1	507	2	473	4	500	0.013	-0.313
446.9	NaN	713	NaN	879	18	360	28	26	0	406	1	472	2	490	4	463	7	484	-0.015	-0.194
447	NaN	736	NaN	910	18	358	28	26	0	406	2	472	2	493	4	461	7	489	-0.019	-0.035
447.1	NaN	724	NaN	698	12	358	28	26	0	404	2	466	3	487	5	457	7	491	-0.034	0.101
447.2	NaN	715	NaN	735	8	360	28	26	0	404	2	467	2	479	5	459	7	478	-0.033	0.02
447.3	NaN	783	NaN	709	-9	359	28	26	0	406	2	488	2	467	7	481	6	474	-0.039	0.008
447.4	NaN	872	NaN	878	-12	360	28	26	0	404	2	492	2	465	7	489	5	462	-0.04	0.266
447.5	NaN	789	NaN	657	-17	361	28	26	0	404	3	513	2	468	7	502	5	469	-0.033	-0.007
447.6	NaN	839	NaN	718	-20	360	28	26	0	406	3	509	2	476	7	497	5	471	-0.035	0.043
447.7	NaN	821	NaN	720	-24	358	28	26	0	406	3	517	1	466	8	505	4	472	-0.034	0.034
447.8	NaN	798	NaN	881	-28	360	28	26	0	406	3	523	1	468	7	511	4	477	-0.042	0.11
447.9	NaN	847	NaN	802	-27	357	28	26	0	403	3	529	1	474	8	517	4	477	-0.04	-0.267
448	NaN	808	NaN	738	-26	360	28	26	0	406	3	530	2	475	8	516	4	480	-0.04	0.14
448.1	NaN	844	NaN	662	-21	362	29	27	0	406	4	538	2	492	11	532	6	485	-0.035	0.167
448.2	NaN	769	NaN	677	-17	357	30	28	0	406	5	553	3	502	15	544	9	511	-0.011	0.56
448.3	NaN	880	NaN	789	-15	359	30	28	0	403	6	589	4	542	15	581	11	538	0.053	0.642
448.4	NaN	773	NaN	850	-12	359	30	28	0	406	6	618	4	575	15	608	11	566	0.087	0.503
448.5	NaN	790	NaN	709	-10	362	30	28	0	407	5	622	4	597	14	618	11	593	0.114	0.525
448.6	NaN	835	NaN	712	-7	361	30	28	0	406	5	657	4	630	13	650	11	632	0.18	0.711
448.7	NaN	976	NaN	665	-10	357	30	28	0	406	5	676	4	651	13	665	11	650	0.195	0.661
448.8	NaN	885	NaN	770	-9	360	30	28	0	406	5	716	4	692	13	710	11	688	0.249	0.215
448.9	NaN	894	NaN	754	-8	362	30	27	0	406	5	730	4	696	13	720	11	709	0.266	0.399
449	NaN	751	NaN	686	-14	359	28	23	0	406	1	736	1	719	4	742	3	717	0.297	-0.231
449.1	NaN	721	NaN	785	-14	361	28	23	0	405	1	744	0	711	2	726	1	709	0.281	-0.153
449.2	NaN	740	NaN	664	-15	361	28	23	0	406	0	721	0	677	1	710	1	678	0.227	-0.154
449.3	NaN	704	NaN	729	-17	357	28	23	0	407	1	718	0	672	1	696	1	667	0.213	-0.014
449.4	NaN	738	NaN	668	-17	359	28	25	0	406	2	702	1	661	5	688	3	654	0.198	0.047
449.5	NaN	744	NaN	744	-17	359	28	25	0	407	2	706	2	662	6	698	4	660	0.194	0.362
449.6	NaN	758	NaN	683	-14	357	28	25	0	407	2	703	2	662	6	695	4	665	0.175	-0.144
449.7	NaN	730	NaN	644	-14	359	28	26	0	406	2	707	1	654	6	695	4	655	0.172	-0.205
449.8	NaN	779	NaN	778	-16	362	28	26	0	406	3	696	2	655	7	684	5	651	0.162	0.317
449.9	NaN	789	NaN	795	-21	360	28	27	0	405	3	707	2	646	10	687	6	656	0.161	-0.018
450	NaN	807	NaN	657	-24	360	28	27	0	404	4	728	2	659	11	714	6	661	0.181	0.222
450.1	NaN	738	NaN	848	-28	358	28	27	0	404	4	754	2	669	12	737	5	663	0.211	0.149
450.2	NaN	774	NaN	823	-31	359	29	27	0	406	4	770	2	678	12	758	5	687	0.229	0.04
450.3	NaN	759	NaN	630	-34	359	29	27	0	407	5	793	2	681	12	781	5	676	0.227	0.232
450.4	NaN	775	NaN	770	-37	361	28	27	0	404	5	815	2	700	12	795	4	691	0.254	0.061
450.5	NaN	824	NaN	832	-35	359	29	27	0	404	5	838	2	699	13	817	5	703	0.26	0.151
450.6	NaN	727	NaN	654	-30	362	28	27	0	406	4	846	2	726	12	827	5	708	0.269	0.16
450.7	NaN	794	NaN	648	-19	355	28	27	0	406	4	837	2	761	11	829	7	753	0.3	0.114
450.8	NaN	733	NaN	689	-17	358	28	27	0	407	4	833	3	776	11	823	7	770	0.306	0.066
450.9	NaN	759	NaN	645	-9	357	28	27	0	406	3	846	3	798	9	838	8	807	0.326	-0.034
451	NaN	766	NaN	646	-8	360	28	27	0	406	3	847	3	808	9	834	8	806	0.333	0.074
451.1	NaN	792	NaN	701	1	358	28	25	0	405	2	839	2	828	6	831	6	824	0.343	0.123
451.2	NaN	750	NaN	666	5	359	28	25	0	405	2	839	2	836	6	835	6	834	0.334	-0.088
451.3	NaN	722	NaN	755	15	358	28	25	0	407	2	818	2	858	4	807	6	853	0.324	0.28
451.4	NaN	638	NaN	806	17	359	28	25	0	406	1	808	2	866	4	810	6	860	0.323	-0.021
451.5	NaN	675	NaN	692	24	361	28	25	0	405	1	818	2	869	4	801	7	869	0.278	0.181
451.6	NaN	678	NaN	759	24	359	29	25	0	405	1	814	2	873	4	802	6	866	0.275	0.305
451.7	NaN	635	NaN	619	22	357	27	22	0	406	-0	784	-0	836	-0	772	-0	834	0.189	-0.52
451.8	NaN	675	NaN	623	22	361	25	20	0	405	-0	778	-0	834	0	765	-0	824	0.166	-0.511
451.9	NaN	681	NaN	593	21	356	25	20	0	404	-0	731	-0	787	-0	713	-0	782	0.054	-0.143
452	NaN	675	NaN	776	22	360	25	20	0	404	-0	714	-0	757	0	696	-0	758	0.019	-0.261
452.1	NaN	645	NaN	752	21	359	25	20	0	405	-0	687	0	727	-0	673	-0	723	-0.035	-0.429
452.2	NaN	675	NaN	614	16	357	25	20	0	406	-0	667	0	710	-0	649	0	715	-0.078	-0.611
452.3	NaN	683	NaN	759	-3	356	22	17	0	404	-0	662	-0	653	-0	653	-0	654	-0.135	-0.144
452.4	NaN	766	NaN	783	-7	361	22	17	0	403	-1	649	-1	618	-1	642	-1	622	-0.176	-0.537
452.5	NaN	842	NaN	856	-7	360	22	17	0	406	-1	632	-1	615	-1	622	-1	611	-0.21	-0.68
452.6	NaN	855	NaN	762	-2	361	16	11	0	404	-11	519	-11	513	-11	520	-11	509	-0.381	-1.607
452.7	NaN	849	NaN	904	-2	360	13	8	0	404	-17	455	-17	447	-17	448	-17	434	-0.5	-2.416
452.8	NaN	942	NaN	1231	-2	361	12	7	0	406	-18	239	-18	239	-18	238	-19	230	-0.895	-2.614
452.9	NaN	1318	NaN	1522	-3	354	11	5	0	407	-0	161	-0	189	-0	173	-0	181	-0.945	0.403
453	NaN	1187	NaN	1134	-4	359	9	3	0	405	0	149	0	150	-0	149	0	145	-1.006	-0.324
453.1	NaN	1310	NaN	1229	-3	355	8	4	0	405	-0	139	0	140	-0	136	0	135	-1.019	-0.393
453.2	NaN	1085	NaN	952	-6	357	0	0	0	404	0	97	-0	94	0	94	-0	96	-1.069	-0.518
453.3	NaN	822	NaN	1215	-4	359	0	0	0	403	0	88	0	88	0	88	-0	89	-1.087	-0.521
453.4	NaN	1234	NaN	1593	-4	360	0	0	0	406	-0	47	0	47	0	46	0	47	-1.132	-0.345
453.5	NaN	1122	NaN	1417	-3	362	0	0	0	405	-0	38	-0	39	0	38	-0	39	-1.148	-0.412
453.6	NaN	1302	NaN	1510	-4	401	0	0	0	436	0	-1	0	-2	0	-0	0	-5	-1.205	-0.177
453.7	NaN	1295	NaN	1490	-5	403	0	0	0	441	0	-0	0	-3	0	-0	0	0	-1.205	-0.177
453.8	NaN	1304	NaN	1528	-4	413	0	0	0	449	0	0	0	0	0	-0	-0	0	-1.141	-0.143
453.9	NaN	1274	NaN	1585	-4	415	0	0	0	447	-0	-0	0	0	0	-0	-0	-0	-1.141	-0.143
454	NaN	1209	NaN	1462	-4	414	0	0	0	448	-0	-0	-0	-0	0	-0	0	-0	-1.141	-0.143
454.1	NaN	550	NaN	570	-3	421	0	0	0	450	-0	0	0	0	0	-0	0	0	-1.11	0.188
454.2	NaN	552	NaN	571	-5	418	0	0	0	448	-0	0	0	-0	0	0	0	-0	-1.121	-0.037
454.3	NaN	551	NaN	570	-6	417	0	0	0	446	-0	0	-0	-0	0	-0	-0	0	-1.083	-0.103
454.4	NaN	550	NaN	570	-2	414	0	0	0	445	0	0	0	0	-0	0	-0	0	-1.087	-0.008
454.5	NaN	556	NaN	571	-5	412	0	0	0	445	-0	0	0	-0	0	-0	0	-0	-1.06	0.086
454.6	NaN	550	NaN	570	-2	418	0	0	0	446	-0	-0	0	-0	-0	-0	-0	-0	-1.064	-0.003
454.7	NaN	554	NaN	569	-5	415	0	0	0	446	-0	0	-0	-0	0	-0	0	-0	-1.049	-0.132
454.8	NaN	549	NaN	569	-2	411	0	0	0	444	-0	0	0	0	0	-0	0	-0	-1.05	0.066
454.9	NaN	553	NaN	569	-4	412	0	0	0	444	0	-0	0	-0	0	-0	0	-1	-1.03	-0.116
455	NaN	549	NaN	567	-5	415	0	0	0	443	-0	0	0	-0	-0	-0	0	0	-1.024	0.249
455.1	NaN	554	NaN	569	-5	390	0	0	0	423	0	-0	0	0	0	-0	-0	0	-0.986	0.002
455.2	NaN	550	NaN	569	-4	377	0	0	0	415	-0	-0	0	-0	-0	-0	0	-0	-0.99	-0.064
455.3	NaN	554	NaN	568	-5	354	0	0	0	405	-0	0	0	0	0	0	0	0	-0.967	-0.047
455.4	NaN	554	NaN	569	-3	357	0	0	0	406	-0	0	0	-0	0	-0	0	-0	-0.971	-0.067
455.5	NaN	549	NaN	568	-2	362	0	0	0	407	-0	0	0	0	0	0	-0	0	-0.944	0.012
455.6	NaN	548	NaN	567	-4	363	0	0	0	406	-0	0	-0	-0	0	0	0	0	-0.946	-0.147
455.7	NaN	548	NaN	567	-2	362	0	0	0	407	-0	-0	0	0	0	-0	-0	-0	-0.915	0.069
455.8	NaN	552	NaN	567	-3	360	0	0	0	405	0	-0	-0	-0	0	-0	0	-0	-0.917	0.129
455.9	NaN	550	NaN	566	-3	360	0	0	0	404	0	-0	0	-0	0	0	0	-0	-0.876	-0.026
456	NaN	554	NaN	567	-3	360	0	0	0	404	0	-0	0	0	0	0	-0	0	-0.876	-0.116
456.1	NaN	548	NaN	567	-3	358	0	0	0	405	-0	0	0	-0	-0	0	0	-0	-0.86	0.13
456.2	NaN	548	NaN	567	-5	361	0	0	0	405	0	0	0	-0	0	-0	0	-0	-0.863	-0.048
456.3	NaN	552	NaN	568	-3	360	0	0	0	403	-0	-0	0	-0	0	0	0	-0	-0.83	0.018
456.4	NaN	554	NaN	566	-3	358	0	0	0	403	-0	0	0	0	0	0	0	0	-0.828	-0.098
456.5	NaN	550	NaN	567	-4	361	0	0	0	404	-0	-0	0	-0	0	-0	-0	-0	-0.821	0.071
456.6	NaN	550	NaN	565	-2	364	0	0	0	404	-0	0	0	0	0	0	0	0	-0.821	0.061
456.7	NaN	550	NaN	567	-5	361	0	0	0	405	-0	0	0	0	0	-0	-0	0	-0.819	0.068
456.8	NaN	550	NaN	565	-4	358	0	0	0	406	0	0	0	0	0	0	0	0	-0.807	-0.007
456.9	NaN	553	NaN	567	-2	359	0	0	0	407	-0	0	-0	0	0	0	0	1	-0.805	-0.117
457	NaN	549	NaN	566	-2	360	0	0	0	407	0	-0	-0	-0	0	0	0	0	-0.791	0.024
457.1	NaN	551	NaN	567	-2	362	0	0	0	405	0	0	0	0	0	0	0	0	-0.788	0.052
457.2	NaN	551	NaN	566	-3	363	0	0	0	406	-0	-0	-0	-0	0	-0	-0	-0	-0.765	0.04
457.3	NaN	548	NaN	567	-2	357	0	0	0	406	0	0	0	0	0	-0	0	0	-0.762	-0.046
457.4	NaN	554	NaN	566	-4	360	0	0	0	404	-0	0	-0	1	0	0	0	1	-0.746	-0.036
457.5	NaN	548	NaN	566	-2	359	0	0	0	405	-0	0	-0	0	0	-0	-0	-0	-0.73	0.047
457.6	NaN	554	NaN	565	-3	363	0	0	0	405	-0	-1	0	-0	0	-0	-0	-0	-0.731	-0.061
457.7	NaN	551	NaN	566	-2	362	0	0	0	407	-0	1	0	0	0	-0	0	-0	-0.702	-0.094
457.8	NaN	549	NaN	565	-3	363	0	0	0	404	-0	0	-0	0	-0	-0	0	-0	-0.703	0.061
457.9	NaN	551	NaN	565	-5	359	0	0	0	404	-0	-0	0	0	0	0	-0	-0	-0.683	0.12
458	NaN	550	NaN	565	-2	362	0	0	0	407	-0	-0	0	-0	0	0	-0	-0	-0.683	-0.011
458.1	NaN	553	NaN	565	-2	360	0	0	0	407	-0	0	-0	0	0	0	-0	0	-0.659	-0.123
458.2	NaN	552	NaN	566	-3	360	0	0	0	406	-0	-1	-0	-0	0	0	-0	0	-0.658	-0.122
458.3	NaN	554	NaN	565	-3	363	0	0	0	406	-0	1	-0	0	0	0	0	1	-0.627	0.222
458.4	NaN	548	NaN	564	-3	361	0	0	0	407	0	-1	-0	-0	0	-1	0	-1	-0.631	-0.054
458.5	NaN	553	NaN	564	-3	360	0	0	0	407	-0	0	0	0	-0	0	-0	0	-0.598	-0.045
458.6	NaN	553	NaN	565	-3	362	0	0	0	404	-0	-0	0	-0	0	-0	-0	-0	-0.598	0.034
458.7	NaN	555	NaN	564	-3	357	0	0	0	407	-0	0	0	0	0	0	0	0	-0.577	0.112
458.8	NaN	550	NaN	565	-2	363	0	0	0	407	-0	0	0	0	0	-0	-0	0	-0.576	0.028
458.9	NaN	552	NaN	565	-4	360	0	0	0	407	0	0	0	0	-0	0	0	0	-0.557	-0.065
459	NaN	553	NaN	566	-4	359	0	0	0	406	0	-0	-0	0	0	-0	0	-0	-0.557	-0.07
459.1	NaN	548	NaN	565	-3	360	0	0	0	405	-0	0	0	-0	0	0	-0	0	-0.537	0.04
459.2	NaN	551	NaN	564	-3	361	0	0	0	407	0	0	0	0	0	0	0	0	-0.536	0.071
459.3	NaN	551	NaN	565	-3	360	0	0	0	406	0	-0	-0	-0	0	-0	0	-0	-0.519	0.001
459.4	NaN	554	NaN	564	-5	360	0	0	0	405	-0	-0	0	-0	0	-0	0	-0	-0.519	-0.08
459.5	NaN	548	NaN	565	-3	363	0	0	0	404	0	-1	-0	-0	-0	-0	-0	-0	-0.5	-0.095
459.6	NaN	552	NaN	564	-3	358	0	0	0	406	0	0	0	-0	-0	-0	-0	0	-0.496	-0.024
459.7	NaN	551	NaN	566	-3	362	0	0	0	407	-0	0	-0	0	-0	-0	0	0	-0.477	0.05
459.8	NaN	555	NaN	565	-3	358	0	0	0	406	0	-0	0	-0	0	-0	0	-0	-0.477	-0.077
459.9	NaN	550	NaN	565	-4	362	0	0	0	406	-0	0	0	0	0	0	-0	-0	-0.451	-0.182
460	NaN	550	NaN	566	-3	360	0	0	0	406	-0	-0	-0	-0	0	-0	0	0	-0.449	0.168
460.1	NaN	552	NaN	563	-5	362	0	0	0	406	0	0	-0	0	0	0	-0	-0	-0.43	0.145
460.2	NaN	553	NaN	565	-3	361	0	0	0	407	0	0	0	0	0	-0	-0	0	-0.427	-0.099
460.3	NaN	549	NaN	565	-3	361	0	0	0	407	-0	0	-0	-0	0	-0	0	-1	-0.408	-0.073
460.4	NaN	554	NaN	564	-2	359	0	0	0	404	0	0	0	-0	0	0	0	-0	-0.405	0.046
460.5	NaN	547	NaN	563	-2	362	0	0	0	407	0	0	-0	0	0	0	-0	0	-0.385	0.046
460.6	NaN	552	NaN	564	-4	358	0	0	0	406	0	-1	0	-0	-0	-0	-0	-0	-0.387	-0.029
460.7	NaN	548	NaN	565	-2	363	0	0	0	407	0	-0	0	-1	0	0	0	-1	-0.376	-0.071
460.8	NaN	552	NaN	564	-2	360	0	0	0	407	-0	0	0	-0	0	1	0	0	-0.371	0.05
460.9	NaN	553	NaN	565	-4	359	0	0	0	406	-0	0	-0	0	-0	0	-0	1	-0.366	0.025
461	NaN	547	NaN	564	-2	360	0	0	0	403	-0	0	-0	-0	0	-0	0	0	-0.355	0.067
461.1	NaN	552	NaN	565	-4	358	0	0	0	405	-0	0	0	0	0	-0	-0	-0	-0.352	-0.061
461.2	NaN	554	NaN	564	-3	358	0	0	0	406	-0	1	-0	-0	0	0	0	0	-0.336	-0.065
461.3	NaN	552	NaN	564	-2	360	0	0	0	407	0	0	0	0	0	0	-0	0	-0.333	0.031
461.4	NaN	549	NaN	564	-3	363	0	0	0	404	0	0	0	0	0	0	-0	0	-0.321	0.125
461.5	NaN	553	NaN	565	-5	358	0	0	0	407	-0	0	-0	-0	0	-0	-0	0	-0.317	-0.069
461.6	NaN	550	NaN	565	-2	362	0	0	0	406	0	0	0	0	-0	0	0	0	-0.31	-0.052
461.7	NaN	548	NaN	565	-3	363	0	0	0	406	-0	-0	0	0	0	-0	0	0	-0.304	0.005
461.8	NaN	548	NaN	565	-4	360	0	0	0	407	0	-0	-0	0	0	0	0	0	-0.3	0.041
461.9	NaN	552	NaN	565	-3	359	0	0	0	406	-0	0	-0	0	0	0	-0	-0	-0.283	-0.008
462	NaN	550	NaN	564	-3	363	0	0	0	405	-0	0	0	-0	0	-0	0	0	-0.276	-0.107
462.1	NaN	553	NaN	564	-2	358	0	0	0	407	-0	0	0	-0	0	-0	-0	-0	-0.269	-0.002
462.2	NaN	550	NaN	564	-3	360	0	0	0	406	-0	0	-0	0	0	-0	0	0	-0.263	0.051
462.3	NaN	548	NaN	564	-2	361	0	0	0	407	-0	-0	0	-0	0	-0	-0	-0	-0.252	0.066
462.4	NaN	548	NaN	563	-3	360	0	0	0	407	-0	-0	0	-0	0	-0	0	-0	-0.245	-0.016
462.5	NaN	550	NaN	563	-4	362	0	0	0	407	-0	0	-0	0	0	0	0	0	-0.227	-0.047
462.6	NaN	554	NaN	562	-2	361	0	0	0	406	-0	-0	-0	0	0	-0	0	-0	-0.222	0.061
462.7	NaN	554	NaN	563	-5	358	0	0	0	407	-0	0	0	0	0	-0	-0	0	-0.213	-0.002
462.8	NaN	551	NaN	564	-4	359	0	0	0	406	-0	1	-0	0	-0	0	-0	0	-0.205	0.007
462.9	NaN	547	NaN	564	-2	365	0	0	0	404	-0	-0	0	-0	0	0	0	-0	-0.188	-0.077
463	NaN	553	NaN	564	-4	361	0	0	0	405	-0	-0	-0	-0	0	0	-0	-0	-0.185	-0.001
463.1	NaN	554	NaN	564	-5	359	0	0	0	406	-0	0	0	0	0	1	0	0	-0.163	0.079
463.2	NaN	549	NaN	564	-2	364	0	0	0	405	-0	0	0	0	0	-0	-0	0	-0.161	-0.044
463.3	NaN	554	NaN	564	-5	359	0	0	0	407	0	-0	0	-1	0	-0	0	0	-0.138	0.023
463.4	NaN	552	NaN	564	-2	361	0	0	0	405	-0	-1	-0	0	0	0	0	0	-0.135	0.014
463.5	NaN	551	NaN	563	-3	360	0	0	0	404	-0	1	0	1	0	1	-0	1	-0.111	0.084
463.6	NaN	550	NaN	563	-5	360	0	0	0	404	-0	-1	0	-1	0	-1	0	-1	-0.111	-0.093
463.7	NaN	548	NaN	563	-3	357	0	0	0	405	-0	-0	-0	-0	0	0	0	-0	-0.1	-0.084
463.8	NaN	555	NaN	563	-2	358	0	0	0	406	-0	0	0	0	0	0	0	0	-0.093	-0.005
463.9	NaN	550	NaN	564	-4	359	0	0	0	407	0	-0	-0	-0	-0	-0	0	-0	-0.082	0.149
464	NaN	551	NaN	563	-4	359	0	0	0	404	-0	0	-0	-0	0	0	0	0	-0.077	-0.044
464.1	NaN	552	NaN	563	-2	361	0	0	0	407	-0	0	-0	0	0	0	-0	0	-0.063	-0.07
464.2	NaN	547	NaN	563	-5	359	0	0	0	407	-0	-0	-0	0	0	0	-0	-0	-0.06	-0.005
464.3	NaN	551	NaN	564	-5	358	0	0	0	405	-0	0	0	0	0	0	0	0	-0.054	0.065
464.4	NaN	549	NaN	563	-5	362	0	0	0	405	-0	-0	0	0	-0	0	0	1	-0.048	-0.099
464.5	NaN	551	NaN	564	-3	361	0	0	0	406	-0	-0	0	2	0	0	-0	2	-0.046	-0.066
464.6	NaN	549	NaN	564	-2	364	0	0	0	406	0	0	-0	-3	-0	0	0	-3	-0.051	-0.19
464.7	NaN	550	NaN	562	-4	360	0	0	0	406	-0	-9	-0	-9	0	-9	0	-10	-0.062	0.247
464.8	NaN	551	NaN	566	-4	359	0	0	0	407	-0	-1	0	-2	-0	-1	0	-2	-0.044	0.178
464.9	NaN	550	NaN	562	-5	357	0	0	0	406	-0	0	-0	2	-0	-0	0	1	-0.046	-0.143
465	NaN	555	NaN	564	-5	357	0	0	0	405	-0	0	0	0	0	0	-0	0	-0.044	-0.018
465.1	NaN	554	NaN	564	-5	357	0	0	0	406	-0	-2	-0	-2	0	-1	0	-3	-0.031	0.198
465.2	NaN	553	NaN	565	-4	359	0	0	0	407	-0	0	-0	3	0	-0	-0	3	-0.027	-0.013
465.3	NaN	553	NaN	564	-4	361	0	0	0	406	-0	0	-0	1	0	0	-0	1	-0.025	0.045
465.4	NaN	553	NaN	564	-4	360	0	0	0	406	-0	1	0	4	0	0	0	2	-0.019	-0.148
465.5	NaN	549	NaN	563	-3	362	0	0	0	405	-0	-0	0	-3	0	-0	0	-3	-0.023	0.164
465.6	NaN	552	NaN	563	-4	358	0	0	0	406	-0	-0	0	2	0	0	-0	3	-0.007	0.243
465.7	NaN	551	NaN	564	-4	360	0	0	0	404	-0	-2	0	-1	0	-0	0	-2	-0.024	-0.125
465.8	NaN	554	NaN	564	-4	359	0	0	0	406	-0	0	-0	-1	0	0	0	-1	-0.015	0.046
465.9	NaN	553	NaN	565	-2	359	0	0	0	404	0	-13	-0	-13	0	-13	0	-14	-0.041	0.109
466	NaN	550	NaN	563	-2	363	0	0	0	404	-0	-14	-0	-14	0	-13	0	-14	-0.033	0.291
466.1	NaN	547	NaN	563	-2	364	0	0	0	405	0	-16	-0	-12	-0	-12	-0	-11	-0.036	-0.283
466.2	NaN	554	NaN	562	-4	360	0	0	0	407	-0	-3	0	-2	-0	-3	-0	-1	-0.015	0.233
466.3	NaN	553	NaN	563	-5	359	0	0	0	404	0	0	0	2	-0	0	-0	2	-0.009	-0.015
466.4	NaN	552	NaN	562	-5	358	0	0	0	404	0	0	-0	-1	-0	0	-0	-1	-0.011	0.128
466.5	NaN	549	NaN	562	-3	362	0	0	0	405	-0	-4	0	-2	-0	-5	0	-2	-0.009	-0.153
466.6	NaN	551	NaN	563	-4	362	0	0	0	406	0	1	0	1	0	0	-0	1	0.011	0.04
466.7	NaN	556	NaN	563	-4	357	0	0	0	403	0	0	0	1	0	0	0	1	0.014	0.054
466.8	NaN	551	NaN	562	-3	362	0	0	0	404	0	-1	0	-1	0	-0	-0	-1	0.015	0.075
466.9	NaN	549	NaN	562	-4	363	0	0	0	407	0	0	0	0	0	0	0	0	0.023	0.03
467	NaN	549	NaN	562	-3	362	0	0	0	403	0	1	0	1	0	0	-0	1	0.028	-0.142
467.1	NaN	556	NaN	561	-4	359	0	0	0	407	-0	0	-0	0	0	0	0	-0	0.035	0.215
467.2	NaN	555	NaN	562	-3	362	0	0	0	405	0	0	-0	1	0	-0	-0	-0	0.039	0.015
467.3	NaN	552	NaN	561	-4	361	0	0	0	404	0	0	0	-0	0	0	0	-0	0.047	-0.012
467.4	NaN	553	NaN	562	-5	358	0	0	0	404	0	-1	0	-1	-0	-0	-0	-1	0.049	-0.104
467.5	NaN	550	NaN	562	-5	360	0	0	0	407	0	1	0	1	0	0	-0	0	0.054	0.067
467.6	NaN	553	NaN	562	-5	360	0	0	0	406	-0	0	0	1	-0	-0	-0	1	0.06	0.072
467.7	NaN	551	NaN	562	-4	362	0	0	0	405	-0	-0	0	-0	-0	0	-0	0	0.058	0.015
467.8	NaN	549	NaN	562	-5	363	0	0	0	405	-0	0	-0	-0	-0	0	0	0	0.066	-0.204
467.9	NaN	549	NaN	562	-5	358	0	0	0	407	0	0	0	0	0	-0	0	0	0.075	0.106
468	NaN	549	NaN	561	-3	358	0	0	0	406	0	0	-0	-0	0	-0	-0	-0	0.074	-0.069
468.1	NaN	550	NaN	562	-3	363	0	0	0	406	-0	-0	0	-0	0	-0	-0	-0	0.081	-0.02
468.2	NaN	554	NaN	562	-5	362	0	0	0	406	0	0	0	-1	-0	0	0	-1	0.084	0.06
468.3	NaN	552	NaN	562	-4	362	0	0	0	406	0	-0	0	0	0	0	0	0	0.085	0.046
468.4	NaN	556	NaN	562	-4	362	0	0	0	406	0	-0	0	0	0	0	0	0	0.088	-0.101
468.5	NaN	548	NaN	562	-4	361	0	0	0	407	0	-0	-0	1	0	-0	0	2	0.086	-0.105
468.6	NaN	549	NaN	561	-4	361	0	0	0	405	0	-3	0	-1	0	-0	-0	-0	0.088	0.148
468.7	NaN	554	NaN	562	-5	359	0	0	0	406	-0	-0	0	-0	0	0	-0	-0	0.093	0.065
468.8	NaN	552	NaN	562	-5	362	0	0	0	406	0	0	0	-0	-0	0	0	-0	0.097	-0.008
468.9	NaN	551	NaN	561	-3	362	0	0	0	406	0	-0	0	-0	0	-0	-0	0	0.094	0.017
469	NaN	556	NaN	562	-4	362	0	0	0	405	0	-0	0	-0	0	0	-0	0	0.099	0.105
469.1	NaN	555	NaN	561	-4	358	0	0	0	404	0	-0	0	0	-0	0	0	0	0.111	0.056
469.2	NaN	536	NaN	534	-5	371	0	0	0	380	0	-0	0	-0	0	-0	0	0	0.115	-0.069
469.3	NaN	627	NaN	520	-5	320	0	0	0	402	0	-0	0	-0	0	0	-0	-0	0.13	-0.002
469.4	NaN	627	NaN	520	-5	320	0	0	0	402	0	-0	0	-0	0	0	-0	-0	0.136	0.023
469.5	NaN	627	NaN	520	-5	320	0	0	0	402	0	-0	0	-0	0	0	-0	-0	0.137	-0.012
469.6	NaN	627	NaN	520	-5	320	0	0	0	402	0	-0	0	-0	0	0	-0	-0	0.145	-0.01
469.7	NaN	627	NaN	520	-5	320	0	0	0	402	0	-0	0	-0	0	0	-0	-0	0.149	0.018
469.8	NaN	627	NaN	520	-5	320	0	0	0	402	0	-0	0	-0	0	0	-0	-0	0.155	0.068
469.9	NaN	627	NaN	520	-5	320	0	0	0	402	0	-0	0	-0	0	0	-0	-0	0.148	0.021
470	NaN	627	NaN	520	-5	320	0	0	0	402	0	-0	0	-0	0	0	-0	-0	0.155	0.022
470.1	NaN	627	NaN	520	-5	320	0	0	0	402	0	-0	0	-0	0	0	-0	-0	0.15	0.052
470.2	NaN	627	NaN	520	-5	320	0	0	0	402	0	-0	0	-0	0	0	-0	-0	0.159	0.016
470.3	NaN	627	NaN	520	-5	320	0	0	0	402	0	-0	0	-0	0	0	-0	-0	0.173	0.033
470.4	NaN	627	NaN	520	-5	320	0	0	0	402	0	-0	0	-0	0	0	-0	-0	0.185	0.029
470.5	NaN	627	NaN	520	-5	320	0	0	0	402	0	-0	0	-0	0	0	-0	-0	0.193	0.044
470.6	NaN	627	NaN	520	-5	320	0	0	0	402	0	-0	0	-0	0	0	-0	-0	0.2	0.029
470.7	NaN	627	NaN	520	-5	320	0	0	0	402	0	-0	0	-0	0	0	-0	-0	0.233	0.003
470.8	NaN	627	NaN	520	-5	320	0	0	0	402	0	-0	0	-0	0	0	-0	-0	0.243	0.013
470.9	NaN	627	NaN	520	-5	320	0	0	0	402	0	-0	0	-0	0	0	-0	-0	0.28	0.037
471	NaN	627	NaN	520	-5	320	0	0	0	402	0	-0	0	-0	0	0	-0	-0	0.289	-0.007
471.1	NaN	627	NaN	520	-5	320	0	0	0	402	0	-0	0	-0	0	0	-0	-0	0.302	0.052
471.2	NaN	627	NaN	520	-5	320	0	0	0	402	0	-0	0	-0	0	0	-0	-0	0.312	0.04
471.3	NaN	627	NaN	520	-5	320	0	0	0	402	0	-0	0	-0	0	0	-0	-0	0.302	0.009
471.4	NaN	627	NaN	520	-5	320	0	0	0	402	0	-0	0	-0	0	0	-0	-0	0.312	0.023
471.5	NaN	627	NaN	520	-5	320	0	0	0	402	0	-0	0	-0	0	0	-0	-0	0.312	0.03
471.6	NaN	627	NaN	520	-5	320	0	0	0	402	0	-0	0	-0	0	0	-0	-0	0.319	0.04
471.7	NaN	627	NaN	520	-5	320	0	0	0	402	0	-0	0	-0	0	0	-0	-0	0.328	0.026
471.8	NaN	627	NaN	520	-5	320	0	0	0	402	0	-0	0	-0	0	0	-0	-0	0.336	0.034
471.9	NaN	627	NaN	520	-5	320	0	0	0	402	0	-0	0	-0	0	0	-0	-0	0.332	0.027
472	NaN	627	NaN	520	-5	320	0	0	0	402	0	-0	0	-0	0	0	-0	-0	0.339	0.017
472.1	NaN	627	NaN	520	-5	320	0	0	0	402	0	-0	0	-0	0	0	-0	-0	0.338	0.034
472.2	NaN	627	NaN	520	-5	320	0	0	0	402	0	-0	0	-0	0	0	-0	-0	0.343	0.035
472.3	NaN	627	NaN	520	-5	320	0	0	0	402	0	-0	0	-0	0	0	-0	-0	0.358	0.023
472.4	NaN	627	NaN	520	-5	320	0	0	0	402	0	-0	0	-0	0	0	-0	-0	0.363	0.015
472.5	NaN	627	NaN	520	-5	320	0	0	0	402	0	-0	0	-0	0	0	-0	-0	0.364	0.037
472.6	NaN	627	NaN	520	-5	320	0	0	0	402	0	-0	0	-0	0	0	-0	-0	0.369	0.026
472.7	NaN	627	NaN	520	-5	320	0	0	0	402	0	-0	0	-0	0	0	-0	-0	0.358	0.035
472.8	NaN	627	NaN	520	-5	320	0	0	0	402	0	-0	0	-0	0	0	-0	-0	0.362	0.028
472.9	NaN	627	NaN	520	-5	320	0	0	0	402	0	-0	0	-0	0	0	-0	-0	0.354	0.028
473	NaN	627	NaN	520	-5	320	0	0	0	402	0	-0	0	-0	0	0	-0	-0	0.358	0.041
473.1	NaN	627	NaN	520	-5	320	0	0	0	402	0	-0	0	-0	0	0	-0	-0	0.355	0.038
473.2	NaN	627	NaN	520	-5	320	0	0	0	402	0	-0	0	-0	0	0	-0	-0	0.361	0.037
473.3	NaN	627	NaN	520	-5	320	0	0	0	402	0	-0	0	-0	0	0	-0	-0	0.363	0.036
473.4	NaN	627	NaN	520	-5	320	0	0	0	402	0	-0	0	-0	0	0	-0	-0	0.368	0.034
473.5	NaN	627	NaN	520	-5	320	0	0	0	402	0	-0	0	-0	0	0	-0	-0	0.375	0.043
473.6	NaN	627	NaN	520	-5	320	0	0	0	402	0	-0	0	-0	0	0	-0	-0	0.383	0.02
473.7	NaN	627	NaN	520	-5	320	0	0	0	402	0	-0	0	-0	0	0	-0	-0	0.403	0.023
473.8	NaN	627	NaN	520	-5	320	0	0	0	402	0	-0	0	-0	0	0	-0	-0	0.411	0.025
473.9	NaN	627	NaN	520	-5	320	0	0	0	402	0	-0	0	-0	0	0	-0	-0	0.423	0.018
474	NaN	627	NaN	520	-5	320	0	0	0	402	0	-0	0	-0	0	0	-0	-0	0.43	0.016
474.1	NaN	627	NaN	520	-5	320	0	0	0	402	0	-0	0	-0	0	0	-0	-0	0.423	0.033
474.2	NaN	627	NaN	520	-5	320	0	0	0	402	0	-0	0	-0	0	0	-0	-0	0.43	0.031
474.3	NaN	627	NaN	520	-5	320	0	0	0	402	0	-0	0	-0	0	0	-0	-0	0.424	0.012
474.4	NaN	627	NaN	520	-5	320	0	0	0	402	0	-0	0	-0	0	0	-0	-0	0.434	0.044
474.5	NaN	627	NaN	520	-5	320	0	0	0	402	0	-0	0	-0	0	0	-0	-0	0.41	0.037
474.6	NaN	627	NaN	520	-5	320	0	0	0	402	0	-0	0	-0	0	0	-0	-0	0.42	0.031
474.7	NaN	627	NaN	520	-5	320	0	0	0	402	0	-0	0	-0	0	0	-0	-0	0.401	0.071
474.8	NaN	627	NaN	520	-5	320	0	0	0	402	0	-0	0	-0	0	0	-0	-0	0.411	0.025
474.9	NaN	627	NaN	520	-5	320	0	0	0	402	0	-0	0	-0	0	0	-0	-0	0.417	0.032
475	NaN	627	NaN	520	-5	320	0	0	0	402	0	-0	0	-0	0	0	-0	-0	0.427	0.02
475.1	NaN	627	NaN	520	-5	320	0	0	0	402	0	-0	0	-0	0	0	-0	-0	0.425	0.029
475.2	NaN	627	NaN	520	-5	320	0	0	0	402	0	-0	0	-0	0	0	-0	-0	0.436	0.028
475.3	NaN	627	NaN	520	-5	320	0	0	0	402	0	-0	0	-0	0	0	-0	-0	0.438	0.038
475.4	NaN	627	NaN	520	-5	320	0	0	0	402	0	-0	0	-0	0	0	-0	-0	0.448	0.027
475.5	NaN	627	NaN	520	-5	320	0	0	0	402	0	-0	0	-0	0	0	-0	-0	0.439	0.037
475.6	NaN	627	NaN	520	-5	320	0	0	0	402	0	-0	0	-0	0	0	-0	-0	0.447	0.046
475.7	NaN	627	NaN	520	-5	320	0	0	0	402	0	-0	0	-0	0	0	-0	-0	0.44	0.021
475.8	NaN	627	NaN	520	-5	320	0	0	0	402	0	-0	0	-0	0	0	-0	-0	0.447	0.013
475.9	NaN	627	NaN	520	-5	320	0	0	0	402	0	-0	0	-0	0	0	-0	-0	0.415	0.031
476	NaN	627	NaN	520	-5	320	0	0	0	402	0	-0	0	-0	0	0	-0	-0	0.423	0.049
476.1	NaN	627	NaN	520	-5	320	0	0	0	402	0	-0	0	-0	0	0	-0	-0	0.407	0.048
476.2	NaN	627	NaN	520	-5	320	0	0	0	402	0	-0	0	-0	0	0	-0	-0	0.414	0.035
476.3	NaN	627	NaN	520	-5	320	0	0	0	402	0	-0	0	-0	0	0	-0	-0	0.339	0.048
476.4	NaN	627	NaN	520	-5	320	0	0	0	402	0	-0	0	-0	0	0	-0	-0	0.342	0.014
476.5	NaN	627	NaN	520	-5	320	0	0	0	402	0	-0	0	-0	0	0	-0	-0	0.331	0.03
476.6	NaN	627	NaN	520	-5	320	0	0	0	402	0	-0	0	-0	0	0	-0	-0	0.335	0.018
476.7	NaN	627	NaN	520	-5	320	0	0	0	402	0	-0	0	-0	0	0	-0	-0	0.329	0.033
476.8	NaN	627	NaN	520	-5	320	0	0	0	402	0	-0	0	-0	0	0	-0	-0	0.333	0.031
476.9	NaN	627	NaN	520	-5	320	0	0	0	402	0	-0	0	-0	0	0	-0	-0	0.329	0.042
477	NaN	627	NaN	520	-5	320	0	0	0	402	0	-0	0	-0	0	0	-0	-0	0.332	0.054
477.1	NaN	627	NaN	520	-5	320	0	0	0	402	0	-0	0	-0	0	0	-0	-0	0.336	0.037
477.2	NaN	627	NaN	520	-5	320	0	0	0	402	0	-0	0	-0	0	0	-0	-0	0.339	0.039
477.3	NaN	627	NaN	520	-5	320	0	0	0	402	0	-0	0	-0	0	0	-0	-0	0.349	0.041
477.4	NaN	627	NaN	520	-5	320	0	0	0	402	0	-0	0	-0	0	0	-0	-0	0.352	0.023
477.5	NaN	627	NaN	520	-5	320	0	0	0	402	0	-0	0	-0	0	0	-0	-0	0.357	0.029
477.6	NaN	627	NaN	520	-5	320	0	0	0	402	0	-0	0	-0	0	0	-0	-0	0.363	0.07
477.7	NaN	627	NaN	520	-5	320	0	0	0	402	0	-0	0	-0	0	0	-0	-0	0.359	0.074
477.8	NaN	627	NaN	520	-5	320	0	0	0	402	0	-0	0	-0	0	0	-0	-0	0.365	0.033
477.9	NaN	627	NaN	520	-5	320	0	0	0	402	0	-0	0	-0	0	0	-0	-0	0.363	0.044
478	NaN	627	NaN	520	-5	320	0	0	0	402	0	-0	0	-0	0	0	-0	-0	0.369	0.032
478.1	NaN	627	NaN	520	-5	320	0	0	0	402	0	-0	0	-0	0	0	-0	-0	0.363	0.028
478.2	NaN	627	NaN	520	-5	320	0	0	0	402	0	-0	0	-0	0	0	-0	-0	0.369	0.037
478.3	NaN	627	NaN	520	-5	320	0	0	0	402	0	-0	0	-0	0	0	-0	-0	0.357	0.006
478.4	NaN	627	NaN	520	-5	320	0	0	0	402	0	-0	0	-0	0	0	-0	-0	0.366	0.022
478.5	NaN	627	NaN	520	-5	320	0	0	0	402	0	-0	0	-0	0	0	-0	-0	0.356	-0.003
478.6	NaN	627	NaN	520	-5	320	0	0	0	402	0	-0	0	-0	0	0	-0	-0	0.364	0.058
478.7	NaN	627	NaN	520	-5	320	0	0	0	402	0	-0	0	-0	0	0	-0	-0	0.353	0.012
478.8	NaN	627	NaN	520	-5	320	0	0	0	402	0	-0	0	-0	0	0	-0	-0	0.361	0.042
478.9	NaN	627	NaN	520	-5	320	0	0	0	402	0	-0	0	-0	0	0	-0	-0	0.343	-0.01
479	NaN	627	NaN	520	-5	320	0	0	0	402	0	-0	0	-0	0	0	-0	-0	0.351	0.03
479.1	NaN	627	NaN	520	-5	320	0	0	0	402	0	-0	0	-0	0	0	-0	-0	0.344	0.025
479.2	NaN	627	NaN	520	-5	320	0	0	0	402	0	-0	0	-0	0	0	-0	-0	0.351	0.041
479.3	NaN	627	NaN	520	-5	320	0	0	0	402	0	-0	0	-0	0	0	-0	-0	0.349	0.018
479.4	NaN	627	NaN	520	-5	320	0	0	0	402	0	-0	0	-0	0	0	-0	-0	0.356	0.022
479.5	NaN	627	NaN	520	-5	320	0	0	0	402	0	-0	0	-0	0	0	-0	-0	0.338	0.034
479.6	NaN	627	NaN	520	-5	320	0	0	0	402	0	-0	0	-0	0	0	-0	-0	0.345	0.029
479.7	NaN	627	NaN	520	-5	320	0	0	0	402	0	-0	0	-0	0	0	-0	-0	0.341	0.011
479.8	NaN	627	NaN	520	-5	320	0	0	0	402	0	-0	0	-0	0	0	-0	-0	0.346	0.013
479.9	NaN	627	NaN	520	-5	320	0	0	0	402	0	-0	0	-0	0	0	-0	-0	0.345	0.007
480	NaN	627	NaN	520	-5	320	0	0	0	402	0	-0	0	-0	0	0	-0	-0	0.35	0.032
480.1	NaN	627	NaN	520	-5	320	0	0	0	402	0	-0	0	-0	0	0	-0	-0	0.339	0.027
480.2	NaN	627	NaN	520	-5	320	0	0	0	402	0	-0	0	-0	0	0	-0	-0	0.345	0.012
480.3	NaN	627	NaN	520	-5	320	0	0	0	402	0	-0	0	-0	0	0	-0	-0	0.347	0.012
480.4	NaN	627	NaN	520	-5	320	0	0	0	402	0	-0	0	-0	0	0	-0	-0	0.35	0.017
480.5	NaN	627	NaN	520	-5	320	0	0	0	402	0	-0	0	-0	0	0	-0	-0	0.35	0.023
480.6	NaN	627	NaN	520	-5	320	0	0	0	402	0	-0	0	-0	0	0	-0	-0	0.353	0.031
480.7	NaN	627	NaN	520	-5	320	0	0	0	402	0	-0	0	-0	0	0	-0	-0	0.35	0.023
480.8	NaN	627	NaN	520	-5	320	0	0	0	402	0	-0	0	-0	0	0	-0	-0	0.353	0.043
480.9	NaN	627	NaN	520	-5	320	0	0	0	402	0	-0	0	-0	0	0	-0	-0	0.346	0.031
481	NaN	627	NaN	520	-5	320	0	0	0	402	0	-0	0	-0	0	0	-0	-0	0.349	0.032
481.1	NaN	627	NaN	520	-5	320	0	0	0	402	0	-0	0	-0	0	0	-0	-0	0.349	0.031
481.2	NaN	627	NaN	520	-5	320	0	0	0	402	0	-0	0	-0	0	0	-0	-0	0.352	0.043
481.3	NaN	627	NaN	520	-5	320	0	0	0	402	0	-0	0	-0	0	0	-0	-0	0.347	0.021
481.4	NaN	627	NaN	520	-5	320	0	0	0	402	0	-0	0	-0	0	0	-0	-0	0.35	0.014
481.5	NaN	627	NaN	520	-5	320	0	0	0	402	0	-0	0	-0	0	0	-0	-0	0.356	0.03
481.6	NaN	627	NaN	520	-5	320	0	0	0	402	0	-0	0	-0	0	0	-0	-0	0.359	0.044
481.7	NaN	627	NaN	520	-5	320	0	0	0	402	0	-0	0	-0	0	0	-0	-0	0.363	0.047
481.8	NaN	627	NaN	520	-5	320	0	0	0	402	0	-0	0	-0	0	0	-0	-0	0.368	0.026
481.9	NaN	627	NaN	520	-5	320	0	0	0	402	0	-0	0	-0	0	0	-0	-0	0.361	0.038
482	NaN	627	NaN	520	-5	320	0	0	0	402	0	-0	0	-0	0	0	-0	-0	0.366	0.027
482.1	NaN	627	NaN	520	-5	320	0	0	0	402	0	-0	0	-0	0	0	-0	-0	0.324	0.025
482.2	NaN	627	NaN	520	-5	320	0	0	0	402	0	-0	0	-0	0	0	-0	-0	0.328	0.036
482.3	NaN	627	NaN	520	-5	320	0	0	0	402	0	-0	0	-0	0	0	-0	-0	0.331	0.052
482.4	NaN	627	NaN	520	-5	320	0	0	0	402	0	-0	0	-0	0	0	-0	-0	0.335	0.013
482.5	NaN	627	NaN	520	-5	320	0	0	0	402	0	-0	0	-0	0	0	-0	-0	0.332	0.05
482.6	NaN	627	NaN	520	-5	320	0	0	0	402	0	-0	0	-0	0	0	-0	-0	0.338	0.01
482.7	NaN	627	NaN	520	-5	320	0	0	0	402	0	-0	0	-0	0	0	-0	-0	0.334	0.016
482.8	NaN	627	NaN	520	-5	320	0	0	0	402	0	-0	0	-0	0	0	-0	-0	0.34	0.037
482.9	NaN	627	NaN	520	-5	320	0	0	0	402	0	-0	0	-0	0	0	-0	-0	0.337	0.045
483	NaN	627	NaN	520	-5	320	0	0	0	402	0	-0	0	-0	0	0	-0	-0	0.344	0.049
483.1	NaN	627	NaN	520	-5	320	0	0	0	402	0	-0	0	-0	0	0	-0	-0	0.337	0.038
483.2	NaN	627	NaN	520	-5	320	0	0	0	402	0	-0	0	-0	0	0	-0	-0	0.343	0.027
483.3	NaN	627	NaN	520	-5	320	0	0	0	402	0	-0	0	-0	0	0	-0	-0	0.325	0.043
483.4	NaN	627	NaN	520	-5	320	0	0	0	402	0	-0	0	-0	0	0	-0	-0	0.33	0.027
483.5	NaN	627	NaN	520	-5	320	0	0	0	402	0	-0	0	-0	0	0	-0	-0	0.32	0.039
483.6	NaN	627	NaN	520	-5	320	0	0	0	402	0	-0	0	-0	0	0	-0	-0	0.326	0.045
483.7	NaN	627	NaN	520	-5	320	0	0	0	402	0	-0	0	-0	0	0	-0	-0	0.326	0.038
483.8	NaN	627	NaN	520	-5	320	0	0	0	402	0	-0	0	-0	0	0	-0	-0	0.332	0.048
483.9	NaN	627	NaN	520	-5	320	0	0	0	402	0	-0	0	-0	0	0	-0	-0	0.326	0.05
484	NaN	627	NaN	520	-5	320	0	0	0	402	0	-0	0	-0	0	0	-0	-0	0.331	0.041
484.1	NaN	627	NaN	520	-5	320	0	0	0	402	0	-0	0	-0	0	0	-0	-0	0.321	0.003
484.2	NaN	627	NaN	520	-5	320	0	0	0	402	0	-0	0	-0	0	0	-0	-0	0.325	0.045
484.3	NaN	627	NaN	520	-5	320	0	0	0	402	0	-0	0	-0	0	0	-0	-0	0.319	0.029
484.4	NaN	627	NaN	520	-5	320	0	0	0	402	0	-0	0	-0	0	0	-0	-0	0.321	0.047
484.5	NaN	627	NaN	520	-5	320	0	0	0	402	0	-0	0	-0	0	0	-0	-0	0.316	0.018
484.6	NaN	627	NaN	520	-5	320	0	0	0	402	0	-0	0	-0	0	0	-0	-0	0.319	0.026
484.7	NaN	627	NaN	520	-5	320	0	0	0	402	0	-0	0	-0	0	0	-0	-0	0.311	0.028
484.8	NaN	627	NaN	520	-5	320	0	0	0	402	0	-0	0	-0	0	0	-0	-0	0.313	0.048
484.9	NaN	627	NaN	520	-5	320	0	0	0	402	0	-0	0	-0	0	0	-0	-0	0.311	0.036
485	NaN	627	NaN	520	-5	320	0	0	0	402	0	-0	0	-0	0	0	-0	-0	0.313	0.025
485.1	NaN	627	NaN	520	-5	320	0	0	0	402	0	-0	0	-0	0	0	-0	-0	0.311	0.034
485.2	NaN	627	NaN	520	-5	320	0	0	0	402	0	-0	0	-0	0	0	-0	-0	0.313	0.036
485.3	NaN	627	NaN	520	-5	320	0	0	0	402	0	-0	0	-0	0	0	-0	-0	0.311	0.029
485.4	NaN	627	NaN	520	-5	320	0	0	0	402	0	-0	0	-0	0	0	-0	-0	0.313	0.028
485.5	NaN	627	NaN	520	-5	320	0	0	0	402	0	-0	0	-0	0	0	-0	-0	0.3	0.028
485.6	NaN	627	NaN	520	-5	320	0	0	0	402	0	-0	0	-0	0	0	-0	-0	0.302	0.03
485.7	NaN	627	NaN	520	-5	320	0	0	0	402	0	-0	0	-0	0	0	-0	-0	0.295	0.032
485.8	NaN	627	NaN	520	-5	320	0	0	0	402	0	-0	0	-0	0	0	-0	-0	0.298	0.012
485.9	NaN	627	NaN	520	-5	320	0	0	0	402	0	-0	0	-0	0	0	-0	-0	0.288	0.03
486	NaN	627	NaN	520	-5	320	0	0	0	402	0	-0	0	-0	0	0	-0	-0	0.291	0.041
486.1	NaN	627	NaN	520	-5	320	0	0	0	402	0	-0	0	-0	0	0	-0	-0	0.285	0.037
486.2	NaN	627	NaN	520	-5	320	0	0	0	402	0	-0	0	-0	0	0	-0	-0	0.288	0.027
486.3	NaN	627	NaN	520	-5	320	0	0	0	402	0	-0	0	-0	0	0	-0	-0	0.275	0.021
486.4	NaN	627	NaN	520	-5	320	0	0	0	402	0	-0	0	-0	0	0	-0	-0	0.278	0.039
486.5	NaN	627	NaN	520	-5	320	0	0	0	402	0	-0	0	-0	0	0	-0	-0	0.27	0.024
486.6	NaN	627	NaN	520	-5	320	0	0	0	402	0	-0	0	-0	0	0	-0	-0	0.276	0.046
486.7	NaN	627	NaN	520	-5	320	0	0	0	402	0	-0	0	-0	0	0	-0	-0	0.267	0.026
486.8	NaN	627	NaN	520	-5	320	0	0	0	402	0	-0	0	-0	0	0	-0	-0	0.272	0.015
486.9	NaN	627	NaN	520	-5	320	0	0	0	402	0	-0	0	-0	0	0	-0	-0	0.271	0.028
487	NaN	627	NaN	520	-5	320	0	0	0	402	0	-0	0	-0	0	0	-0	-0	0.275	0.036
487.1	NaN	627	NaN	520	-5	320	0	0	0	402	0	-0	0	-0	0	0	-0	-0	0.27	0.033
487.2	NaN	627	NaN	520	-5	320	0	0	0	402	0	-0	0	-0	0	0	-0	-0	0.275	0.026
487.3	NaN	627	NaN	520	-5	320	0	0	0	402	0	-0	0	-0	0	0	-0	-0	0.273	0.027
487.4	NaN	627	NaN	520	-5	320	0	0	0	402	0	-0	0	-0	0	0	-0	-0	0.277	0.022
487.5	NaN	627	NaN	520	-5	320	0	0	0	402	0	-0	0	-0	0	0	-0	-0	0.27	0.025
487.6	NaN	627	NaN	520	-5	320	0	0	0	402	0	-0	0	-0	0	0	-0	-0	0.274	0.033
487.7	NaN	627	NaN	520	-5	320	0	0	0	402	0	-0	0	-0	0	0	-0	-0	0.267	0.05
487.8	NaN	627	NaN	520	-5	320	0	0	0	402	0	-0	0	-0	0	0	-0	-0	0.271	0.033
487.9	NaN	627	NaN	520	-5	320	0	0	0	402	0	-0	0	-0	0	0	-0	-0	0.271	0.042
488	NaN	627	NaN	520	-5	320	0	0	0	402	0	-0	0	-0	0	0	-0	-0	0.274	0.046
488.1	NaN	627	NaN	520	-5	320	0	0	0	402	0	-0	0	-0	0	0	-0	-0	0.278	0.023
488.2	NaN	627	NaN	520	-5	320	0	0	0	402	0	-0	0	-0	0	0	-0	-0	0.281	0.039
488.3	NaN	627	NaN	520	-5	320	0	0	0	402	0	-0	0	-0	0	0	-0	-0	0.284	0.038
488.4	NaN	627	NaN	520	-5	320	0	0	0	402	0	-0	0	-0	0	0	-0	-0	0.287	0.053
488.5	NaN	627	NaN	520	-5	320	0	0	0	402	0	-0	0	-0	0	0	-0	-0	0.274	0.038
488.6	NaN	627	NaN	520	-5	320	0	0	0	402	0	-0	0	-0	0	0	-0	-0	0.276	0.055
488.7	NaN	627	NaN	520	-5	320	0	0	0	402	0	-0	0	-0	0	0	-0	-0	0.273	0.021
488.8	NaN	627	NaN	520	-5	320	0	0	0	402	0	-0	0	-0	0	0	-0	-0	0.275	0.034
488.9	NaN	627	NaN	520	-5	320	0	0	0	402	0	-0	0	-0	0	0	-0	-0	0.265	0.051
489	NaN	627	NaN	520	-5	320	0	0	0	402	0	-0	0	-0	0	0	-0	-0	0.267	0.017
489.1	NaN	627	NaN	520	-5	320	0	0	0	402	0	-0	0	-0	0	0	-0	-0	0.251	0.042
489.2	NaN	627	NaN	520	-5	320	0	0	0	402	0	-0	0	-0	0	0	-0	-0	0.253	0.039
489.3	NaN	627	NaN	520	-5	320	0	0	0	402	0	-0	0	-0	0	0	-0	-0	0.253	0.015
489.4	NaN	627	NaN	520	-5	320	0	0	0	402	0	-0	0	-0	0	0	-0	-0	0.254	0.034
489.5	NaN	627	NaN	520	-5	320	0	0	0	402	0	-0	0	-0	0	0	-0	-0	0.238	0.027
489.6	NaN	627	NaN	520	-5	320	0	0	0	402	0	-0	0	-0	0	0	-0	-0	0.239	0.024
489.7	NaN	627	NaN	520	-5	320	0	0	0	402	0	-0	0	-0	0	0	-0	-0	0.229	0.016
489.8	NaN	627	NaN	520	-5	320	0	0	0	402	0	-0	0	-0	0	0	-0	-0	0.23	0.03
489.9	NaN	627	NaN	520	-5	320	0	0	0	402	0	-0	0	-0	0	0	-0	-0	0.221	0.05
490	NaN	627	NaN	520	-5	320	0	0	0	402	0	-0	0	-0	0	0	-0	-0	0.222	0.03
490.1	NaN	627	NaN	520	-5	320	0	0	0	402	0	-0	0	-0	0	0	-0	-0	0.215	0.042
490.2	NaN	627	NaN	520	-5	320	0	0	0	402	0	-0	0	-0	0	0	-0	-0	0.217	0.033
490.3	NaN	627	NaN	520	-5	320	0	0	0	402	0	-0	0	-0	0	0	-0	-0	0.209	0.021
490.4	NaN	627	NaN	520	-5	320	0	0	0	402	0	-0	0	-0	0	0	-0	-0	0.211	0.021
490.5	NaN	627	NaN	520	-5	320	0	0	0	402	0	-0	0	-0	0	0	-0	-0	0.199	0.025
490.6	NaN	627	NaN	520	-5	320	0	0	0	402	0	-0	0	-0	0	0	-0	-0	0.2	0.024
490.7	NaN	627	NaN	520	-5	320	0	0	0	402	0	-0	0	-0	0	0	-0	-0	0.194	0.017
490.8	NaN	627	NaN	520	-5	320	0	0	0	402	0	-0	0	-0	0	0	-0	-0	0.197	0.042
490.9	NaN	627	NaN	520	-5	320	0	0	0	402	0	-0	0	-0	0	0	-0	-0	0.19	0.02
491	NaN	627	NaN	520	-5	320	0	0	0	402	0	-0	0	-0	0	0	-0	-0	0.192	0.009
491.1	NaN	627	NaN	520	-5	320	0	0	0	402	0	-0	0	-0	0	0	-0	-0	0.185	0.035
491.2	NaN	627	NaN	520	-5	320	0	0	0	402	0	-0	0	-0	0	0	-0	-0	0.187	0.037
491.3	NaN	627	NaN	520	-5	320	0	0	0	402	0	-0	0	-0	0	0	-0	-0	0.189	0.033
491.4	NaN	627	NaN	520	-5	320	0	0	0	402	0	-0	0	-0	0	0	-0	-0	0.191	0.03
491.5	NaN	627	NaN	520	-5	320	0	0	0	402	0	-0	0	-0	0	0	-0	-0	0.19	0.043
491.6	NaN	627	NaN	520	-5	320	0	0	0	402	0	-0	0	-0	0	0	-0	-0	0.193	0.024
491.7	NaN	627	NaN	520	-5	320	0	0	0	402	0	-0	0	-0	0	0	-0	-0	0.181	0.034
491.8	NaN	627	NaN	520	-5	320	0	0	0	402	0	-0	0	-0	0	0	-0	-0	0.184	0.019
491.9	NaN	627	NaN	520	-5	320	0	0	0	402	0	-0	0	-0	0	0	-0	-0	0.172	0.044
492	NaN	627	NaN	520	-5	320	0	0	0	402	0	-0	0	-0	0	0	-0	-0	0.174	0.028
492.1	NaN	627	NaN	520	-5	320	0	0	0	402	0	-0	0	-0	0	0	-0	-0	0.164	0.038
492.2	NaN	627	NaN	520	-5	320	0	0	0	402	0	-0	0	-0	0	0	-0	-0	0.166	0.028
492.3	NaN	627	NaN	520	-5	320	0	0	0	402	0	-0	0	-0	0	0	-0	-0	0.16	0.019
492.4	NaN	627	NaN	520	-5	320	0	0	0	402	0	-0	0	-0	0	0	-0	-0	0.162	0.044
492.5	NaN	627	NaN	520	-5	320	0	0	0	402	0	-0	0	-0	0	0	-0	-0	0.164	0.012
492.6	NaN	627	NaN	520	-5	320	0	0	0	402	0	-0	0	-0	0	0	-0	-0	0.165	0.046
492.7	NaN	627	NaN	520	-5	320	0	0	0	402	0	-0	0	-0	0	0	-0	-0	0.167	0.024
492.8	NaN	627	NaN	520	-5	320	0	0	0	402	0	-0	0	-0	0	0	-0	-0	0.168	0.037
492.9	NaN	627	NaN	520	-5	320	0	0	0	402	0	-0	0	-0	0	0	-0	-0	0.167	0.039
493	NaN	627	NaN	520	-5	320	0	0	0	402	0	-0	0	-0	0	0	-0	-0	0.168	0.039
493.1	NaN	627	NaN	520	-5	320	0	0	0	402	0	-0	0	-0	0	0	-0	-0	0.169	0.033
493.2	NaN	627	NaN	520	-5	320	0	0	0	402	0	-0	0	-0	0	0	-0	-0	0.17	0.049
493.3	NaN	627	NaN	520	-5	320	0	0	0	402	0	-0	0	-0	0	0	-0	-0	0.166	0.019
493.4	NaN	627	NaN	520	-5	320	0	0	0	402	0	-0	0	-0	0	0	-0	-0	0.167	0.041
493.5	NaN	627	NaN	520	-5	320	0	0	0	402	0	-0	0	-0	0	0	-0	-0	0.197	0.031
493.6	NaN	627	NaN	520	-5	320	0	0	0	402	0	-0	0	-0	0	0	-0	-0	0.198	0.026
493.7	NaN	627	NaN	520	-5	320	0	0	0	402	0	-0	0	-0	0	0	-0	-0	0.244	0.039
493.8	NaN	627	NaN	520	-5	320	0	0	0	402	0	-0	0	-0	0	0	-0	-0	0.245	0.032
493.9	NaN	627	NaN	520	-5	320	0	0	0	402	0	-0	0	-0	0	0	-0	-0	0.256	0.037
494	NaN	627	NaN	520	-5	320	0	0	0	402	0	-0	0	-0	0	0	-0	-0	0.257	0.037
494.1	NaN	627	NaN	520	-5	320	0	0	0	402	0	-0	0	-0	0	0	-0	-0	0.254	0.043
494.2	NaN	627	NaN	520	-5	320	0	0	0	402	0	-0	0	-0	0	0	-0	-0	0.255	0.024
494.3	NaN	627	NaN	520	-5	320	0	0	0	402	0	-0	0	-0	0	0	-0	-0	0.252	0.02
494.4	NaN	627	NaN	520	-5	320	0	0	0	402	0	-0	0	-0	0	0	-0	-0	0.254	0.035
494.5	NaN	627	NaN	520	-5	320	0	0	0	402	0	-0	0	-0	0	0	-0	-0	0.243	0.031
494.6	NaN	627	NaN	520	-5	320	0	0	0	402	0	-0	0	-0	0	0	-0	-0	0.244	0.057
494.7	NaN	627	NaN	520	-5	320	0	0	0	402	0	-0	0	-0	0	0	-0	-0	0.245	0.024
494.8	NaN	627	NaN	520	-5	320	0	0	0	402	0	-0	0	-0	0	0	-0	-0	0.246	0.027
494.9	NaN	627	NaN	520	-5	320	0	0	0	402	0	-0	0	-0	0	0	-0	-0	0.248	0.046
495	NaN	627	NaN	520	-5	320	0	0	0	402	0	-0	0	-0	0	0	-0	-0	0.25	0.01
495.1	NaN	627	NaN	520	-5	320	0	0	0	402	0	-0	0	-0	0	0	-0	-0	0.244	0.032
495.2	NaN	627	NaN	520	-5	320	0	0	0	402	0	-0	0	-0	0	0	-0	-0	0.246	0.005
495.3	NaN	627	NaN	520	-5	320	0	0	0	402	0	-0	0	-0	0	0	-0	-0	0.243	0.031
495.4	NaN	627	NaN	520	-5	320	0	0	0	402	0	-0	0	-0	0	0	-0	-0	0.246	0.025
495.5	NaN	627	NaN	520	-5	320	0	0	0	402	0	-0	0	-0	0	0	-0	-0	0.235	0.035
495.6	NaN	627	NaN	520	-5	320	0	0	0	402	0	-0	0	-0	0	0	-0	-0	0.237	0.046
495.7	NaN	627	NaN	520	-5	320	0	0	0	402	0	-0	0	-0	0	0	-0	-0	0.241	0.043
495.8	NaN	627	NaN	520	-5	320	0	0	0	402	0	-0	0	-0	0	0	-0	-0	0.244	0.015
495.9	NaN	627	NaN	520	-5	320	0	0	0	402	0	-0	0	-0	0	0	-0	-0	0.242	0.007
496	NaN	627	NaN	520	-5	320	0	0	0	402	0	-0	0	-0	0	0	-0	-0	0.244	0.044
496.1	NaN	627	NaN	520	-5	320	0	0	0	402	0	-0	0	-0	0	0	-0	-0	0.249	0.039
496.2	NaN	627	NaN	520	-5	320	0	0	0	402	0	-0	0	-0	0	0	-0	-0	0.251	0.029
496.3	NaN	627	NaN	520	-5	320	0	0	0	402	0	-0	0	-0	0	0	-0	-0	0.244	0.046
496.4	NaN	627	NaN	520	-5	320	0	0	0	402	0	-0	0	-0	0	0	-0	-0	0.246	0.027
496.5	NaN	627	NaN	520	-5	320	0	0	0	402	0	-0	0	-0	0	0	-0	-0	0.239	0.076
496.6	NaN	627	NaN	520	-5	320	0	0	0	402	0	-0	0	-0	0	0	-0	-0	0.241	0.165
496.7	NaN	627	NaN	520	-5	320	0	0	0	402	0	-0	0	-0	0	0	-0	-0	0.227	-0.027
496.8	NaN	627	NaN	520	-5	320	0	0	0	402	0	-0	0	-0	0	0	-0	-0	0.228	0.023
496.9	NaN	627	NaN	520	-5	320	0	0	0	402	0	-0	0	-0	0	0	-0	-0	0.214	0.078
497	NaN	627	NaN	520	-5	320	0	0	0	402	0	-0	0	-0	0	0	-0	-0	0.215	-0.003
497.1	NaN	627	NaN	520	-5	320	0	0	0	402	0	-0	0	-0	0	0	-0	-0	0.19	-0.008
497.2	NaN	627	NaN	520	-5	320	0	0	0	402	0	-0	0	-0	0	0	-0	-0	0.19	0.051
497.3	NaN	627	NaN	520	-5	320	0	0	0	402	0	-0	0	-0	0	0	-0	-0	0.184	0.045
497.4	NaN	627	NaN	520	-5	320	0	0	0	402	0	-0	0	-0	0	0	-0	-0	0.184	0.02
497.5	NaN	627	NaN	520	-5	320	0	0	0	402	0	-0	0	-0	0	0	-0	-0	0.175	0.012
497.6	NaN	627	NaN	520	-5	320	0	0	0	402	0	-0	0	-0	0	0	-0	-0	0.171	0.026
497.7	NaN	627	NaN	520	-5	320	0	0	0	402	0	-0	0	-0	0	0	-0	-0	0.146	0.03
497.8	NaN	627	NaN	520	-5	320	0	0	0	402	0	-0	0	-0	0	0	-0	-0	0.147	0.033
497.9	NaN	627	NaN	520	-5	320	0	0	0	402	0	-0	0	-0	0	0	-0	-0	0.133	0.02
498	NaN	627	NaN	520	-5	320	0	0	0	402	0	-0	0	-0	0	0	-0	-0	0.133	0.028
498.1	NaN	627	NaN	520	-5	320	0	0	0	402	0	-0	0	-0	0	0	-0	-0	0.121	0.032
498.2	NaN	627	NaN	520	-5	320	0	0	0	402	0	-0	0	-0	0	0	-0	-0	0.121	0.004
498.3	NaN	627	NaN	520	-5	320	0	0	0	402	0	-0	0	-0	0	0	-0	-0	0.111	0.044
498.4	NaN	627	NaN	520	-5	320	0	0	0	402	0	-0	0	-0	0	0	-0	-0	0.112	0.059
498.5	NaN	627	NaN	520	-5	320	0	0	0	402	0	-0	0	-0	0	0	-0	-0	0.109	0.038
498.6	NaN	627	NaN	520	-5	320	0	0	0	402	0	-0	0	-0	0	0	-0	-0	0.109	0.018
498.7	NaN	627	NaN	520	-5	320	0	0	0	402	0	-0	0	-0	0	0	-0	-0	0.106	0.015
498.8	NaN	627	NaN	520	-5	320	0	0	0	402	0	-0	0	-0	0	0	-0	-0	0.107	0.051
498.9	NaN	627	NaN	520	-5	320	0	0	0	402	0	-0	0	-0	0	0	-0	-0	0.102	0.027
499	NaN	627	NaN	520	-5	320	0	0	0	402	0	-0	0	-0	0	0	-0	-0	0.103	0.032
499.1	NaN	627	NaN	520	-5	320	0	0	0	402	0	-0	0	-0	0	0	-0	-0	0.095	0.039
499.2	NaN	627	NaN	520	-5	320	0	0	0	402	0	-0	0	-0	0	0	-0	-0	0.093	0.035
499.3	NaN	627	NaN	520	-5	320	0	0	0	402	0	-0	0	-0	0	0	-0	-0	0.084	0.021
499.4	NaN	627	NaN	520	-5	320	0	0	0	402	0	-0	0	-0	0	0	-0	-0	0.082	0.023
499.5	NaN	627	NaN	520	-5	320	0	0	0	402	0	-0	0	-0	0	0	-0	-0	0.073	0.028
499.6	NaN	627	NaN	520	-5	320	0	0	0	402	0	-0	0	-0	0	0	-0	-0	0.061	0.034
499.7	NaN	627	NaN	520	-5	320	0	0	0	402	0	-0	0	-0	0	0	-0	-0	0.061	0.036
499.8	NaN	627	NaN	520	-5	320	0	0	0	402	0	-0	0	-0	0	0	-0	-0	0.048	0.04
499.9	NaN	627	NaN	520	-5	320	0	0	0	402	0	-0	0	-0	0	0	-0	-0	0.048	0.036
500	NaN	627	NaN	520	-5	320	0	0	0	402	0	-0	0	-0	0	0	-0	-0	0.047	0.006
500.1	NaN	627	NaN	520	-5	320	0	0	0	402	0	-0	0	-0	0	0	-0	-0	0.049	0.038
500.2	NaN	627	NaN	520	-5	320	0	0	0	402	0	-0	0	-0	0	0	-0	-0	0.05	0.041
500.3	NaN	627	NaN	520	-5	320	0	0	0	402	0	-0	0	-0	0	0	-0	-0	0.062	0.03
500.4	NaN	627	NaN	520	-5	320	0	0	0	402	0	-0	0	-0	0	0	-0	-0	0.064	0.051
500.5	NaN	627	NaN	520	-5	320	0	0	0	402	0	-0	0	-0	0	0	-0	-0	0.07	0.036
500.6	NaN	627	NaN	520	-5	320	0	0	0	402	0	-0	0	-0	0	0	-0	-0	0.071	0.034
500.7	NaN	627	NaN	520	-5	320	0	0	0	402	0	-0	0	-0	0	0	-0	-0	0.074	0.027
500.8	NaN	627	NaN	520	-5	320	0	0	0	402	0	-0	0	-0	0	0	-0	-0	0.072	0.033
500.9	NaN	627	NaN	520	-5	320	0	0	0	402	0	-0	0	-0	0	0	-0	-0	0.063	0.025
501	NaN	627	NaN	520	-5	320	0	0	0	402	0	-0	0	-0	0	0	-0	-0	0.063	0.031
501.1	NaN	627	NaN	520	-5	320	0	0	0	402	0	-0	0	-0	0	0	-0	-0	0.061	0.038
501.2	NaN	627	NaN	520	-5	320	0	0	0	402	0	-0	0	-0	0	0	-0	-0	0.061	0.028
501.3	NaN	627	NaN	520	-5	320	0	0	0	402	0	-0	0	-0	0	0	-0	-0	0.05	0.033
501.4	NaN	627	NaN	520	-5	320	0	0	0	402	0	-0	0	-0	0	0	-0	-0	0.05	0.006
501.5	NaN	627	NaN	520	-5	320	0	0	0	402	0	-0	0	-0	0	0	-0	-0	0.038	0.01
501.6	NaN	627	NaN	520	-5	320	0	0	0	402	0	-0	0	-0	0	0	-0	-0	0.037	0.015
501.7	NaN	627	NaN	520	-5	320	0	0	0	402	0	-0	0	-0	0	0	-0	-0	0.02	0.027
501.8	NaN	627	NaN	520	-5	320	0	0	0	402	0	-0	0	-0	0	0	-0	-0	0.018	0.036
501.9	NaN	627	NaN	520	-5	320	0	0	0	402	0	-0	0	-0	0	0	-0	-0	0.004	0.02
502	NaN	627	NaN	520	-5	320	0	0	0	402	0	-0	0	-0	0	0	-0	-0	0.004	0.005
502.1	NaN	627	NaN	520	-5	320	0	0	0	402	0	-0	0	-0	0	0	-0	-0	-0.01	0.044
502.2	NaN	627	NaN	520	-5	320	0	0	0	402	0	-0	0	-0	0	0	-0	-0	-0.01	0.031
502.3	NaN	627	NaN	520	-5	320	0	0	0	402	0	-0	0	-0	0	0	-0	-0	-0.01	0.043
502.4	NaN	627	NaN	520	-5	320	0	0	0	402	0	-0	0	-0	0	0	-0	-0	-0.011	0.031
502.5	NaN	627	NaN	520	-5	320	0	0	0	402	0	-0	0	-0	0	0	-0	-0	-0.013	0.028
502.6	NaN	627	NaN	520	-5	320	0	0	0	402	0	-0	0	-0	0	0	-0	-0	-0.014	0.023
502.7	NaN	627	NaN	520	-5	320	0	0	0	402	0	-0	0	-0	0	0	-0	-0	-0.027	0.021
502.8	NaN	627	NaN	520	-5	320	0	0	0	402	0	-0	0	-0	0	0	-0	-0	-0.028	0.042
502.9	NaN	627	NaN	520	-5	320	0	0	0	402	0	-0	0	-0	0	0	-0	-0	-0.039	0.034
503	NaN	627	NaN	520	-5	320	0	0	0	402	0	-0	0	-0	0	0	-0	-0	-0.039	0.04
503.1	NaN	627	NaN	520	-5	320	0	0	0	402	0	-0	0	-0	0	0	-0	-0	-0.041	0.038
503.2	NaN	627	NaN	520	-5	320	0	0	0	402	0	-0	0	-0	0	0	-0	-0	-0.042	0.035
503.3	NaN	627	NaN	520	-5	320	0	0	0	402	0	-0	0	-0	0	0	-0	-0	-0.046	0.047
503.4	NaN	627	NaN	520	-5	320	0	0	0	402	0	-0	0	-0	0	0	-0	-0	-0.044	0.037
503.5	NaN	627	NaN	520	-5	320	0	0	0	402	0	-0	0	-0	0	0	-0	-0	-0.045	0.05
503.6	NaN	627	NaN	520	-5	320	0	0	0	402	0	-0	0	-0	0	0	-0	-0	-0.047	0.032
503.7	NaN	627	NaN	520	-5	320	0	0	0	402	0	-0	0	-0	0	0	-0	-0	-0.051	0.054
503.8	NaN	627	NaN	520	-5	320	0	0	0	402	0	-0	0	-0	0	0	-0	-0	-0.052	0.021
503.9	NaN	627	NaN	520	-5	320	0	0	0	402	0	-0	0	-0	0	0	-0	-0	-0.046	0.034
504	NaN	627	NaN	520	-5	320	0	0	0	402	0	-0	0	-0	0	0	-0	-0	-0.047	0.042
504.1	NaN	627	NaN	520	-5	320	0	0	0	402	0	-0	0	-0	0	0	-0	-0	-0.046	0.027
504.2	NaN	627	NaN	520	-5	320	0	0	0	402	0	-0	0	-0	0	0	-0	-0	-0.047	0.041
504.3	NaN	627	NaN	520	-5	320	0	0	0	402	0	-0	0	-0	0	0	-0	-0	-0.045	0.04
504.4	NaN	627	NaN	520	-5	320	0	0	0	402	0	-0	0	-0	0	0	-0	-0	-0.046	0.029
504.5	NaN	627	NaN	520	-5	320	0	0	0	402	0	-0	0	-0	0	0	-0	-0	-0.042	0.04
504.6	NaN	627	NaN	520	-5	320	0	0	0	402	0	-0	0	-0	0	0	-0	-0	-0.042	0.027
504.7	NaN	627	NaN	520	-5	320	0	0	0	402	0	-0	0	-0	0	0	-0	-0	-0.037	0.043
504.8	NaN	627	NaN	520	-5	320	0	0	0	402	0	-0	0	-0	0	0	-0	-0	-0.036	0.025
504.9	NaN	627	NaN	520	-5	320	0	0	0	402	0	-0	0	-0	0	0	-0	-0	-0.028	0.058
505	NaN	627	NaN	520	-5	320	0	0	0	402	0	-0	0	-0	0	0	-0	-0	-0.029	0.014
505.1	NaN	627	NaN	520	-5	320	0	0	0	402	0	-0	0	-0	0	0	-0	-0	-0.023	0.04
505.2	NaN	627	NaN	520	-5	320	0	0	0	402	0	-0	0	-0	0	0	-0	-0	-0.024	0.03
505.3	NaN	627	NaN	520	-5	320	0	0	0	402	0	-0	0	-0	0	0	-0	-0	-0.027	0.04
505.4	NaN	627	NaN	520	-5	320	0	0	0	402	0	-0	0	-0	0	0	-0	-0	-0.028	0.026
505.5	NaN	627	NaN	520	-5	320	0	0	0	402	0	-0	0	-0	0	0	-0	-0	-0.036	0.032
505.6	NaN	627	NaN	520	-5	320	0	0	0	402	0	-0	0	-0	0	0	-0	-0	-0.038	0.024
505.7	NaN	627	NaN	520	-5	320	0	0	0	402	0	-0	0	-0	0	0	-0	-0	-0.049	0.009
505.8	NaN	627	NaN	520	-5	320	0	0	0	402	0	-0	0	-0	0	0	-0	-0	-0.051	0.03
505.9	NaN	627	NaN	520	-5	320	0	0	0	402	0	-0	0	-0	0	0	-0	-0	-0.063	0.041
506	NaN	627	NaN	520	-5	320	0	0	0	402	0	-0	0	-0	0	0	-0	-0	-0.065	0.027
506.1	NaN	627	NaN	520	-5	320	0	0	0	402	0	-0	0	-0	0	0	-0	-0	-0.066	0.03
506.2	NaN	627	NaN	520	-5	320	0	0	0	402	0	-0	0	-0	0	0	-0	-0	-0.066	0.046
506.3	NaN	627	NaN	520	-5	320	0	0	0	402	0	-0	0	-0	0	0	-0	-0	-0.071	0.041
506.4	NaN	627	NaN	520	-5	320	0	0	0	402	0	-0	0	-0	0	0	-0	-0	-0.072	0.042
506.5	NaN	627	NaN	520	-5	320	0	0	0	402	0	-0	0	-0	0	0	-0	-0	-0.063	0.039
506.6	NaN	627	NaN	520	-5	320	0	0	0	402	0	-0	0	-0	0	0	-0	-0	-0.063	0.021
506.7	NaN	627	NaN	520	-5	320	0	0	0	402	0	-0	0	-0	0	0	-0	-0	-0.065	0.053
506.8	NaN	627	NaN	520	-5	320	0	0	0	402	0	-0	0	-0	0	0	-0	-0	-0.065	0.041
506.9	NaN	627	NaN	520	-5	320	0	0	0	402	0	-0	0	-0	0	0	-0	-0	-0.066	0.035
507	NaN	627	NaN	520	-5	320	0	0	0	402	0	-0	0	-0	0	0	-0	-0	-0.067	0.032
507.1	NaN	627	NaN	520	-5	320	0	0	0	402	0	-0	0	-0	0	0	-0	-0	-0.06	0.007
507.2	NaN	627	NaN	520	-5	320	0	0	0	402	0	-0	0	-0	0	0	-0	-0	-0.061	0.044
507.3	NaN	627	NaN	520	-5	320	0	0	0	402	0	-0	0	-0	0	0	-0	-0	-0.06	0.031
507.4	NaN	627	NaN	520	-5	320	0	0	0	402	0	-0	0	-0	0	0	-0	-0	-0.063	0.008
507.5	NaN	627	NaN	520	-5	320	0	0	0	402	0	-0	0	-0	0	0	-0	-0	-0.063	0.029
507.6	NaN	627	NaN	520	-5	320	0	0	0	402	0	-0	0	-0	0	0	-0	-0	-0.065	0.052
507.7	NaN	627	NaN	520	-5	320	0	0	0	402	0	-0	0	-0	0	0	-0	-0	-0.065	0.019
507.8	NaN	627	NaN	520	-5	320	0	0	0	402	0	-0	0	-0	0	0	-0	-0	-0.069	0.043
507.9	NaN	627	NaN	520	-5	320	0	0	0	402	0	-0	0	-0	0	0	-0	-0	-0.07	0.035
508	NaN	627	NaN	520	-5	320	0	0	0	402	0	-0	0	-0	0	0	-0	-0	-0.083	0.043
508.1	NaN	627	NaN	520	-5	320	0	0	0	402	0	-0	0	-0	0	0	-0	-0	-0.083	0.025
508.2	NaN	627	NaN	520	-5	320	0	0	0	402	0	-0	0	-0	0	0	-0	-0	-0.085	0.058
508.3	NaN	627	NaN	520	-5	320	0	0	0	402	0	-0	0	-0	0	0	-0	-0	-0.086	0.032
508.4	NaN	627	NaN	520	-5	320	0	0	0	402	0	-0	0	-0	0	0	-0	-0	-0.089	0.021
508.5	NaN	627	NaN	520	-5	320	0	0	0	402	0	-0	0	-0	0	0	-0	-0	-0.09	0.022
508.6	NaN	627	NaN	520	-5	320	0	0	0	402	0	-0	0	-0	0	0	-0	-0	-0.096	0.017
508.7	NaN	627	NaN	520	-5	320	0	0	0	402	0	-0	0	-0	0	0	-0	-0	-0.097	0.032
508.8	NaN	627	NaN	520	-5	320	0	0	0	402	0	-0	0	-0	0	0	-0	-0	-0.102	0.037
508.9	NaN	627	NaN	520	-5	320	0	0	0	402	0	-0	0	-0	0	0	-0	-0	-0.103	0.038
509	NaN	627	NaN	520	-5	320	0	0	0	402	0	-0	0	-0	0	0	-0	-0	-0.108	0.05
509.1	NaN	627	NaN	520	-5	320	0	0	0	402	0	-0	0	-0	0	0	-0	-0	-0.109	0.014
509.2	NaN	627	NaN	520	-5	320	0	0	0	402	0	-0	0	-0	0	0	-0	-0	-0.11	0.03
509.3	NaN	627	NaN	520	-5	320	0	0	0	402	0	-0	0	-0	0	0	-0	-0	-0.11	0.046
509.4	NaN	627	NaN	520	-5	320	0	0	0	402	0	-0	0	-0	0	0	-0	-0	-0.109	0.034
509.5	NaN	627	NaN	520	-5	320	0	0	0	402	0	-0	0	-0	0	0	-0	-0	-0.1	0.014
509.6	NaN	627	NaN	520	-5	320	0	0	0	402	0	-0	0	-0	0	0	-0	-0	-0.1	0.028
509.7	NaN	627	NaN	520	-5	320	0	0	0	402	0	-0	0	-0	0	0	-0	-0	-0.105	0.041
509.8	NaN	627	NaN	520	-5	320	0	0	0	402	0	-0	0	-0	0	0	-0	-0	-0.106	0.023
509.9	NaN	627	NaN	520	-5	320	0	0	0	402	0	-0	0	-0	0	0	-0	-0	-0.105	0.04
510	NaN	627	NaN	520	-5	320	0	0	0	402	0	-0	0	-0	0	0	-0	-0	-0.104	0.032
510.1	NaN	627	NaN	520	-5	320	0	0	0	402	0	-0	0	-0	0	0	-0	-0	-0.106	0.046
510.2	NaN	627	NaN	520	-5	320	0	0	0	402	0	-0	0	-0	0	0	-0	-0	-0.107	0.037
510.3	NaN	627	NaN	520	-5	320	0	0	0	402	0	-0	0	-0	0	0	-0	-0	-0.095	0.025
510.4	NaN	627	NaN	520	-5	320	0	0	0	402	0	-0	0	-0	0	0	-0	-0	-0.095	0.019
510.5	NaN	627	NaN	520	-5	320	0	0	0	402	0	-0	0	-0	0	0	-0	-0	-0.085	0.04
510.6	NaN	627	NaN	520	-5	320	0	0	0	402	0	-0	0	-0	0	0	-0	-0	-0.086	0.004
510.7	NaN	627	NaN	520	-5	320	0	0	0	402	0	-0	0	-0	0	0	-0	-0	-0.085	0.035
510.8	NaN	627	NaN	520	-5	320	0	0	0	402	0	-0	0	-0	0	0	-0	-0	-0.084	0.014
510.9	NaN	627	NaN	520	-5	320	0	0	0	402	0	-0	0	-0	0	0	-0	-0	-0.077	0.015
511	NaN	627	NaN	520	-5	320	0	0	0	402	0	-0	0	-0	0	0	-0	-0	-0.079	0.021
511.1	NaN	627	NaN	520	-5	320	0	0	0	402	0	-0	0	-0	0	0	-0	-0	-0.072	0.031
511.2	NaN	627	NaN	520	-5	320	0	0	0	402	0	-0	0	-0	0	0	-0	-0	-0.072	0.034
511.3	NaN	627	NaN	520	-5	320	0	0	0	402	0	-0	0	-0	0	0	-0	-0	-0.073	0.03
511.4	NaN	627	NaN	520	-5	320	0	0	0	402	0	-0	0	-0	0	0	-0	-0	-0.074	0.029
511.5	NaN	627	NaN	520	-5	320	0	0	0	402	0	-0	0	-0	0	0	-0	-0	-0.079	0.044
511.6	NaN	627	NaN	520	-5	320	0	0	0	402	0	-0	0	-0	0	0	-0	-0	-0.084	0.014
511.7	NaN	627	NaN	520	-5	320	0	0	0	402	0	-0	0	-0	0	0	-0	-0	-0.085	0.035
511.8	NaN	627	NaN	520	-5	320	0	0	0	402	0	-0	0	-0	0	0	-0	-0	-0.083	0.028
511.9	NaN	627	NaN	520	-5	320	0	0	0	402	0	-0	0	-0	0	0	-0	-0	-0.083	0.033
512	NaN	627	NaN	520	-5	320	0	0	0	402	0	-0	0	-0	0	0	-0	-0	-0.09	0.027
512.1	NaN	627	NaN	520	-5	320	0	0	0	402	0	-0	0	-0	0	0	-0	-0	-0.091	0.037
512.2	NaN	627	NaN	520	-5	320	0	0	0	402	0	-0	0	-0	0	0	-0	-0	-0.089	0.043
512.3	NaN	627	NaN	520	-5	320	0	0	0	402	0	-0	0	-0	0	0	-0	-0	-0.09	0.05
512.4	NaN	627	NaN	520	-5	320	0	0	0	402	0	-0	0	-0	0	0	-0	-0	-0.092	0.009
512.5	NaN	627	NaN	520	-5	320	0	0	0	402	0	-0	0	-0	0	0	-0	-0	-0.092	0.038
512.6	NaN	627	NaN	520	-5	320	0	0	0	402	0	-0	0	-0	0	0	-0	-0	-0.087	0.041
512.7	NaN	627	NaN	520	-5	320	0	0	0	402	0	-0	0	-0	0	0	-0	-0	-0.088	0.039
512.8	NaN	627	NaN	520	-5	320	0	0	0	402	0	-0	0	-0	0	0	-0	-0	-0.075	0.021
512.9	NaN	627	NaN	520	-5	320	0	0	0	402	0	-0	0	-0	0	0	-0	-0	-0.075	0.026
513	NaN	627	NaN	520	-5	320	0	0	0	402	0	-0	0	-0	0	0	-0	-0	-0.071	0.057
513.1	NaN	627	NaN	520	-5	320	0	0	0	402	0	-0	0	-0	0	0	-0	-0	-0.071	0.035
513.2	NaN	627	NaN	520	-5	320	0	0	0	402	0	-0	0	-0	0	0	-0	-0	-0.07	0.028
513.3	NaN	627	NaN	520	-5	320	0	0	0	402	0	-0	0	-0	0	0	-0	-0	-0.071	0.034
513.4	NaN	627	NaN	520	-5	320	0	0	0	402	0	-0	0	-0	0	0	-0	-0	-0.069	0.033
513.5	NaN	627	NaN	520	-5	320	0	0	0	402	0	-0	0	-0	0	0	-0	-0	-0.069	0.051
513.6	NaN	627	NaN	520	-5	320	0	0	0	402	0	-0	0	-0	0	0	-0	-0	-0.045	0.033
513.7	NaN	627	NaN	520	-5	320	0	0	0	402	0	-0	0	-0	0	0	-0	-0	-0.045	0.051
513.8	NaN	627	NaN	520	-5	320	0	0	0	402	0	-0	0	-0	0	0	-0	-0	-0.042	0.034
513.9	NaN	627	NaN	520	-5	320	0	0	0	402	0	-0	0	-0	0	0	-0	-0	-0.042	0.04
514	NaN	627	NaN	520	-5	320	0	0	0	402	0	-0	0	-0	0	0	-0	-0	-0.047	0.036
514.1	NaN	627	NaN	520	-5	320	0	0	0	402	0	-0	0	-0	0	0	-0	-0	-0.048	0.029
514.2	NaN	627	NaN	520	-5	320	0	0	0	402	0	-0	0	-0	0	0	-0	-0	-0.045	0.022
514.3	NaN	627	NaN	520	-5	320	0	0	0	402	0	-0	0	-0	0	0	-0	-0	-0.045	0.006
514.4	NaN	627	NaN	520	-5	320	0	0	0	402	0	-0	0	-0	0	0	-0	-0	-0.045	0.041
514.5	NaN	627	NaN	520	-5	320	0	0	0	402	0	-0	0	-0	0	0	-0	-0	-0.037	0.033
514.6	NaN	627	NaN	520	-5	320	0	0	0	402	0	-0	0	-0	0	0	-0	-0	-0.038	0.033
514.7	NaN	627	NaN	520	-5	320	0	0	0	402	0	-0	0	-0	0	0	-0	-0	-0.041	0.03
514.8	NaN	627	NaN	520	-5	320	0	0	0	402	0	-0	0	-0	0	0	-0	-0	-0.041	0.041
514.9	NaN	627	NaN	520	-5	320	0	0	0	402	0	-0	0	-0	0	0	-0	-0	-0.05	0.04
515	NaN	627	NaN	520	-5	320	0	0	0	402	0	-0	0	-0	0	0	-0	-0	-0.051	0.051
515.1	NaN	627	NaN	520	-5	320	0	0	0	402	0	-0	0	-0	0	0	-0	-0	-0.054	0.032
515.2	NaN	627	NaN	520	-5	320	0	0	0	402	0	-0	0	-0	0	0	-0	-0	-0.055	0.046
515.3	NaN	627	NaN	520	-5	320	0	0	0	402	0	-0	0	-0	0	0	-0	-0	-0.052	0.084
515.4	NaN	627	NaN	520	-5	320	0	0	0	402	0	-0	0	-0	0	0	-0	-0	-0.054	-0.001
515.5	NaN	627	NaN	520	-5	320	0	0	0	402	0	-0	0	-0	0	0	-0	-0	-0.07	0.003
515.6	NaN	627	NaN	520	-5	320	0	0	0	402	0	-0	0	-0	0	0	-0	-0	-0.063	0.053
515.7	NaN	627	NaN	520	-5	320	0	0	0	402	0	-0	0	-0	0	0	-0	-0	-0.065	0.048
515.8	NaN	627	NaN	520	-5	320	0	0	0	402	0	-0	0	-0	0	0	-0	-0	-0.055	0.052
515.9	NaN	627	NaN	520	-5	320	0	0	0	402	0	-0	0	-0	0	0	-0	-0	-0.055	0.008
516	NaN	627	NaN	520	-5	320	0	0	0	402	0	-0	0	-0	0	0	-0	-0	-0.067	0.045
516.1	NaN	627	NaN	520	-5	320	0	0	0	402	0	-0	0	-0	0	0	-0	-0	-0.069	0.049
516.2	NaN	627	NaN	520	-5	320	0	0	0	402	0	-0	0	-0	0	0	-0	-0	-0.061	0.033
516.3	NaN	627	NaN	520	-5	320	0	0	0	402	0	-0	0	-0	0	0	-0	-0	-0.061	0.046
516.4	NaN	627	NaN	520	-5	320	0	0	0	402	0	-0	0	-0	0	0	-0	-0	-0.057	0.066
516.5	NaN	627	NaN	520	-5	320	0	0	0	402	0	-0	0	-0	0	0	-0	-0	-0.058	-0.002
516.6	NaN	627	NaN	520	-5	320	0	0	0	402	0	-0	0	-0	0	0	-0	-0	-0.051	-0.002
516.7	NaN	627	NaN	520	-5	320	0	0	0	402	0	-0	0	-0	0	0	-0	-0	-0.051	0.027
516.8	NaN	627	NaN	520	-5	320	0	0	0	402	0	-0	0	-0	0	0	-0	-0	-0.053	0.054
516.9	NaN	627	NaN	520	-5	320	0	0	0	402	0	-0	0	-0	0	0	-0	-0	-0.054	0.016
517	NaN	627	NaN	520	-5	320	0	0	0	402	0	-0	0	-0	0	0	-0	-0	-0.055	0.032
517.1	NaN	627	NaN	520	-5	320	0	0	0	402	0	-0	0	-0	0	0	-0	-0	-0.056	0.013
517.2	NaN	627	NaN	520	-5	320	0	0	0	402	0	-0	0	-0	0	0	-0	-0	-0.06	0.035
517.3	NaN	627	NaN	520	-5	320	0	0	0	402	0	-0	0	-0	0	0	-0	-0	-0.06	0.028
517.4	NaN	627	NaN	520	-5	320	0	0	0	402	0	-0	0	-0	0	0	-0	-0	-0.059	0.034
517.5	NaN	627	NaN	520	-5	320	0	0	0	402	0	-0	0	-0	0	0	-0	-0	-0.059	0.022
517.6	NaN	627	NaN	520	-5	320	0	0	0	402	0	-0	0	-0	0	0	-0	-0	-0.057	0.024
517.7	NaN	627	NaN	520	-5	320	0	0	0	402	0	-0	0	-0	0	0	-0	-0	-0.058	0.001
517.8	NaN	627	NaN	520	-5	320	0	0	0	402	0	-0	0	-0	0	0	-0	-0	-0.065	0.045
517.9	NaN	627	NaN	520	-5	320	0	0	0	402	0	-0	0	-0	0	0	-0	-0	-0.066	0.025
518	NaN	627	NaN	520	-5	320	0	0	0	402	0	-0	0	-0	0	0	-0	-0	-0.074	0.036
518.1	NaN	627	NaN	520	-5	320	0	0	0	402	0	-0	0	-0	0	0	-0	-0	-0.074	0.046
518.2	NaN	627	NaN	520	-5	320	0	0	0	402	0	-0	0	-0	0	0	-0	-0	-0.062	0.035
518.3	NaN	627	NaN	520	-5	320	0	0	0	402	0	-0	0	-0	0	0	-0	-0	-0.063	0.038
518.4	NaN	627	NaN	520	-5	320	0	0	0	402	0	-0	0	-0	0	0	-0	-0	-0.063	0.019
518.5	NaN	627	NaN	520	-5	320	0	0	0	402	0	-0	0	-0	0	0	-0	-0	-0.054	0.036
518.6	NaN	627	NaN	520	-5	320	0	0	0	402	0	-0	0	-0	0	0	-0	-0	-0.054	0.04
518.7	NaN	627	NaN	520	-5	320	0	0	0	402	0	-0	0	-0	0	0	-0	-0	-0.055	0.009
518.8	NaN	627	NaN	520	-5	320	0	0	0	402	0	-0	0	-0	0	0	-0	-0	-0.055	0.035
518.9	NaN	627	NaN	520	-5	320	0	0	0	402	0	-0	0	-0	0	0	-0	-0	-0.052	0.031
519	NaN	627	NaN	520	-5	320	0	0	0	402	0	-0	0	-0	0	0	-0	-0	-0.052	0.022
519.1	NaN	627	NaN	520	-5	320	0	0	0	402	0	-0	0	-0	0	0	-0	-0	-0.049	0.01
519.2	NaN	627	NaN	520	-5	320	0	0	0	402	0	-0	0	-0	0	0	-0	-0	-0.049	0.031
519.3	NaN	627	NaN	520	-5	320	0	0	0	402	0	-0	0	-0	0	0	-0	-0	-0.052	0.021
519.4	NaN	627	NaN	520	-5	320	0	0	0	402	0	-0	0	-0	0	0	-0	-0	-0.053	0.017
519.5	NaN	627	NaN	520	-5	320	0	0	0	402	0	-0	0	-0	0	0	-0	-0	-0.055	0.035
519.6	NaN	627	NaN	520	-5	320	0	0	0	402	0	-0	0	-0	0	0	-0	-0	-0.055	0.019
519.7	NaN	627	NaN	520	-5	320	0	0	0	402	0	-0	0	-0	0	0	-0	-0	-0.057	0.063
519.8	NaN	627	NaN	520	-5	320	0	0	0	402	0	-0	0	-0	0	0	-0	-0	-0.057	0.026
519.9	NaN	627	NaN	520	-5	320	0	0	0	402	0	-0	0	-0	0	0	-0	-0	-0.058	0.022
520	NaN	627	NaN	520	-5	320	0	0	0	402	0	-0	0	-0	0	0	-0	-0	-0.053	0.019
520.1	NaN	627	NaN	520	-5	320	0	0	0	402	0	-0	0	-0	0	0	-0	-0	-0.054	0.032
520.2	NaN	627	NaN	520	-5	320	0	0	0	402	0	-0	0	-0	0	0	-0	-0	-0.046	0.03
520.3	NaN	627	NaN	520	-5	320	0	0	0	402	0	-0	0	-0	0	0	-0	-0	-0.047	0.047
520.4	NaN	627	NaN	520	-5	320	0	0	0	402	0	-0	0	-0	0	0	-0	-0	-0.04	0.033
520.5	NaN	627	NaN	520	-5	320	0	0	0	402	0	-0	0	-0	0	0	-0	-0	-0.04	0.038
520.6	NaN	627	NaN	520	-5	320	0	0	0	402	0	-0	0	-0	0	0	-0	-0	-0.034	-0.001
520.7	NaN	627	NaN	520	-5	320	0	0	0	402	0	-0	0	-0	0	0	-0	-0	-0.034	0.072
520.8	NaN	627	NaN	520	-5	320	0	0	0	402	0	-0	0	-0	0	0	-0	-0	-0.03	0.038
520.9	NaN	627	NaN	520	-5	320	0	0	0	402	0	-0	0	-0	0	0	-0	-0	-0.03	0.025
521	NaN	627	NaN	520	-5	320	0	0	0	402	0	-0	0	-0	0	0	-0	-0	-0.029	0.025
521.1	NaN	627	NaN	520	-5	320	0	0	0	402	0	-0	0	-0	0	0	-0	-0	-0.029	0.04
521.2	NaN	627	NaN	520	-5	320	0	0	0	402	0	-0	0	-0	0	0	-0	-0	-0.033	0.034
521.3	NaN	627	NaN	520	-5	320	0	0	0	402	0	-0	0	-0	0	0	-0	-0	-0.033	0.032
521.4	NaN	627	NaN	520	-5	320	0	0	0	402	0	-0	0	-0	0	0	-0	-0	0.011	0.019
521.5	NaN	627	NaN	520	-5	320	0	0	0	402	0	-0	0	-0	0	0	-0	-0	0.012	0.063
521.6	NaN	627	NaN	520	-5	320	0	0	0	402	0	-0	0	-0	0	0	-0	-0	0.108	0.048
521.7	NaN	627	NaN	520	-5	320	0	0	0	402	0	-0	0	-0	0	0	-0	-0	0.109	0.034
521.8	NaN	627	NaN	520	-5	320	0	0	0	402	0	-0	0	-0	0	0	-0	-0	0.13	0.039
521.9	NaN	627	NaN	520	-5	320	0	0	0	402	0	-0	0	-0	0	0	-0	-0	0.131	0.008
522	NaN	627	NaN	520	-5	320	0	0	0	402	0	-0	0	-0	0	0	-0	-0	0.128	0.011
522.1	NaN	627	NaN	520	-5	320	0	0	0	402	0	-0	0	-0	0	0	-0	-0	0.129	0.02
522.2	NaN	627	NaN	520	-5	320	0	0	0	402	0	-0	0	-0	0	0	-0	-0	0.144	0.036
522.3	NaN	627	NaN	520	-5	320	0	0	0	402	0	-0	0	-0	0	0	-0	-0	0.146	0.038
522.4	NaN	627	NaN	520	-5	320	0	0	0	402	0	-0	0	-0	0	0	-0	-0	0.147	0.039
522.5	NaN	627	NaN	520	-5	320	0	0	0	402	0	-0	0	-0	0	0	-0	-0	0.159	0.053
522.6	NaN	627	NaN	520	-5	320	0	0	0	402	0	-0	0	-0	0	0	-0	-0	0.16	0.006
522.7	NaN	627	NaN	520	-5	320	0	0	0	402	0	-0	0	-0	0	0	-0	-0	0.15	0.02
522.8	NaN	627	NaN	520	-5	320	0	0	0	402	0	-0	0	-0	0	0	-0	-0	0.151	0.03
522.9	NaN	627	NaN	520	-5	320	0	0	0	402	0	-0	0	-0	0	0	-0	-0	0.15	0.035
523	NaN	627	NaN	520	-5	320	0	0	0	402	0	-0	0	-0	0	0	-0	-0	0.15	0.012
523.1	NaN	627	NaN	520	-5	320	0	0	0	402	0	-0	0	-0	0	0	-0	-0	0.149	0.041
523.2	NaN	627	NaN	520	-5	320	0	0	0	402	0	-0	0	-0	0	0	-0	-0	0.15	0.026
523.3	NaN	627	NaN	520	-5	320	0	0	0	402	0	-0	0	-0	0	0	-0	-0	0.144	0.01
523.4	NaN	627	NaN	520	-5	320	0	0	0	402	0	-0	0	-0	0	0	-0	-0	0.145	0.031
523.5	NaN	627	NaN	520	-5	320	0	0	0	402	0	-0	0	-0	0	0	-0	-0	0.134	0.033
523.6	NaN	627	NaN	520	-5	320	0	0	0	402	0	-0	0	-0	0	0	-0	-0	0.134	0.019
523.7	NaN	627	NaN	520	-5	320	0	0	0	402	0	-0	0	-0	0	0	-0	-0	0.128	0.023
523.8	NaN	627	NaN	520	-5	320	0	0	0	402	0	-0	0	-0	0	0	-0	-0	0.124	0.015
523.9	NaN	627	NaN	520	-5	320	0	0	0	402	0	-0	0	-0	0	0	-0	-0	0.125	0.021
524	NaN	627	NaN	520	-5	320	0	0	0	402	0	-0	0	-0	0	0	-0	-0	0.121	0.017
524.1	NaN	627	NaN	520	-5	320	0	0	0	402	0	-0	0	-0	0	0	-0	-0	0.123	0.026
524.2	NaN	627	NaN	520	-5	320	0	0	0	402	0	-0	0	-0	0	0	-0	-0	0.11	0.039
524.3	NaN	627	NaN	520	-5	320	0	0	0	402	0	-0	0	-0	0	0	-0	-0	0.111	0.028
524.4	NaN	627	NaN	520	-5	320	0	0	0	402	0	-0	0	-0	0	0	-0	-0	0.104	0.014
524.5	NaN	627	NaN	520	-5	320	0	0	0	402	0	-0	0	-0	0	0	-0	-0	0.105	0.053
524.6	NaN	627	NaN	520	-5	320	0	0	0	402	0	-0	0	-0	0	0	-0	-0	0.097	0.024
524.7	NaN	627	NaN	520	-5	320	0	0	0	402	0	-0	0	-0	0	0	-0	-0	0.098	0.032
524.8	NaN	627	NaN	520	-5	320	0	0	0	402	0	-0	0	-0	0	0	-0	-0	0.091	0.031
524.9	NaN	627	NaN	520	-5	320	0	0	0	402	0	-0	0	-0	0	0	-0	-0	0.091	0.022
525	NaN	627	NaN	520	-5	320	0	0	0	402	0	-0	0	-0	0	0	-0	-0	0.085	0.034
525.1	NaN	627	NaN	520	-5	320	0	0	0	402	0	-0	0	-0	0	0	-0	-0	0.085	0.019
525.2	NaN	627	NaN	520	-5	320	0	0	0	402	0	-0	0	-0	0	0	-0	-0	0.079	0.023
525.3	NaN	627	NaN	520	-5	320	0	0	0	402	0	-0	0	-0	0	0	-0	-0	0.079	0.029
525.4	NaN	627	NaN	520	-5	320	0	0	0	402	0	-0	0	-0	0	0	-0	-0	0.075	0.02
525.5	NaN	627	NaN	520	-5	320	0	0	0	402	0	-0	0	-0	0	0	-0	-0	0.075	0.029
525.6	NaN	627	NaN	520	-5	320	0	0	0	402	0	-0	0	-0	0	0	-0	-0	0.073	0.023
525.7	NaN	627	NaN	520	-5	320	0	0	0	402	0	-0	0	-0	0	0	-0	-0	0.073	0.018
525.8	NaN	627	NaN	520	-5	320	0	0	0	402	0	-0	0	-0	0	0	-0	-0	0.079	0.056
525.9	NaN	627	NaN	520	-5	320	0	0	0	402	0	-0	0	-0	0	0	-0	-0	0.078	0.133
526	NaN	627	NaN	520	-5	320	0	0	0	402	0	-0	0	-0	0	0	-0	-0	0.081	-0.009
526.1	NaN	627	NaN	520	-5	320	0	0	0	402	0	-0	0	-0	0	0	-0	-0	0.084	-0.091
526.2	NaN	627	NaN	520	-5	320	0	0	0	402	0	-0	0	-0	0	0	-0	-0	0.085	0.044
526.3	NaN	627	NaN	520	-5	320	0	0	0	402	0	-0	0	-0	0	0	-0	-0	0.084	0.033
526.4	NaN	627	NaN	520	-5	320	0	0	0	402	0	-0	0	-0	0	0	-0	-0	0.086	0.013
526.5	NaN	627	NaN	520	-5	320	0	0	0	402	0	-0	0	-0	0	0	-0	-0	0.085	0.047
526.6	NaN	627	NaN	520	-5	320	0	0	0	402	0	-0	0	-0	0	0	-0	-0	0.087	0
526.7	NaN	627	NaN	520	-5	320	0	0	0	402	0	-0	0	-0	0	0	-0	-0	0.081	0.012
526.8	NaN	627	NaN	520	-5	320	0	0	0	402	0	-0	0	-0	0	0	-0	-0	0.08	0.006
526.9	NaN	627	NaN	520	-5	320	0	0	0	402	0	-0	0	-0	0	0	-0	-0	0.081	0.033
527	NaN	627	NaN	520	-5	320	0	0	0	402	0	-0	0	-0	0	0	-0	-0	0.081	-0.001
527.1	NaN	627	NaN	520	-5	320	0	0	0	402	0	-0	0	-0	0	0	-0	-0	0.095	0.068
527.2	NaN	627	NaN	520	-5	320	0	0	0	402	0	-0	0	-0	0	0	-0	-0	0.095	0.029
527.3	NaN	627	NaN	520	-5	320	0	0	0	402	0	-0	0	-0	0	0	-0	-0	0.106	0.021
527.4	NaN	627	NaN	520	-5	320	0	0	0	402	0	-0	0	-0	0	0	-0	-0	0.107	0.046
527.5	NaN	627	NaN	520	-5	320	0	0	0	402	0	-0	0	-0	0	0	-0	-0	0.108	0.045
527.6	NaN	627	NaN	520	-5	320	0	0	0	402	0	-0	0	-0	0	0	-0	-0	0.108	0.039
527.7	NaN	627	NaN	520	-5	320	0	0	0	402	0	-0	0	-0	0	0	-0	-0	0.104	0.032
527.8	NaN	627	NaN	520	-5	320	0	0	0	402	0	-0	0	-0	0	0	-0	-0	0.097	0.022
527.9	NaN	627	NaN	520	-5	320	0	0	0	402	0	-0	0	-0	0	0	-0	-0	0.098	0.037
528	NaN	627	NaN	520	-5	320	0	0	0	402	0	-0	0	-0	0	0	-0	-0	0.097	0.003
528.1	NaN	627	NaN	520	-5	320	0	0	0	402	0	-0	0	-0	0	0	-0	-0	0.098	0.026
528.2	NaN	627	NaN	520	-5	320	0	0	0	402	0	-0	0	-0	0	0	-0	-0	0.08	0.012
528.3	NaN	627	NaN	520	-5	320	0	0	0	402	0	-0	0	-0	0	0	-0	-0	0.08	0.034
528.4	NaN	627	NaN	520	-5	320	0	0	0	402	0	-0	0	-0	0	0	-0	-0	0.081	0.062
528.5	NaN	627	NaN	520	-5	320	0	0	0	402	0	-0	0	-0	0	0	-0	-0	0.08	0.048
528.6	NaN	627	NaN	520	-5	320	0	0	0	402	0	-0	0	-0	0	0	-0	-0	0.079	0.032
528.7	NaN	627	NaN	520	-5	320	0	0	0	402	0	-0	0	-0	0	0	-0	-0	0.078	0.009
528.8	NaN	627	NaN	520	-5	320	0	0	0	402	0	-0	0	-0	0	0	-0	-0	0.089	0.038
528.9	NaN	627	NaN	520	-5	320	0	0	0	402	0	-0	0	-0	0	0	-0	-0	0.089	0.066
529	NaN	627	NaN	520	-5	320	0	0	0	402	0	-0	0	-0	0	0	-0	-0	0.083	0.029
529.1	NaN	627	NaN	520	-5	320	0	0	0	402	0	-0	0	-0	0	0	-0	-0	0.084	0.031
529.2	NaN	627	NaN	520	-5	320	0	0	0	402	0	-0	0	-0	0	0	-0	-0	0.079	0.021
529.3	NaN	627	NaN	520	-5	320	0	0	0	402	0	-0	0	-0	0	0	-0	-0	0.08	0.046
529.4	NaN	627	NaN	520	-5	320	0	0	0	402	0	-0	0	-0	0	0	-0	-0	0.075	0.048
529.5	NaN	627	NaN	520	-5	320	0	0	0	402	0	-0	0	-0	0	0	-0	-0	0.076	0.01
529.6	NaN	627	NaN	520	-5	320	0	0	0	402	0	-0	0	-0	0	0	-0	-0	0.077	0.027
529.7	NaN	627	NaN	520	-5	320	0	0	0	402	0	-0	0	-0	0	0	-0	-0	0.077	0.023
529.8	NaN	627	NaN	520	-5	320	0	0	0	402	0	-0	0	-0	0	0	-0	-0	0.068	0.038
529.9	NaN	627	NaN	520	-5	320	0	0	0	402	0	-0	0	-0	0	0	-0	-0	0.068	0.036
530	NaN	627	NaN	520	-5	320	0	0	0	402	0	-0	0	-0	0	0	-0	-0	0.07	0.017
530.1	NaN	627	NaN	520	-5	320	0	0	0	402	0	-0	0	-0	0	0	-0	-0	0.07	0.032
530.2	NaN	627	NaN	520	-5	320	0	0	0	402	0	-0	0	-0	0	0	-0	-0	0.061	0.036
530.3	NaN	627	NaN	520	-5	320	0	0	0	402	0	-0	0	-0	0	0	-0	-0	0.061	0.028
530.4	NaN	627	NaN	520	-5	320	0	0	0	402	0	-0	0	-0	0	0	-0	-0	0.056	0.038
530.5	NaN	627	NaN	520	-5	320	0	0	0	402	0	-0	0	-0	0	0	-0	-0	0.056	0.039
530.6	NaN	627	NaN	520	-5	320	0	0	0	402	0	-0	0	-0	0	0	-0	-0	0.056	0.018
530.7	NaN	627	NaN	520	-5	320	0	0	0	402	0	-0	0	-0	0	0	-0	-0	0.071	0.038
530.8	NaN	627	NaN	520	-5	320	0	0	0	402	0	-0	0	-0	0	0	-0	-0	0.071	0.057
530.9	NaN	627	NaN	520	-5	320	0	0	0	402	0	-0	0	-0	0	0	-0	-0	0.063	0.016
531	NaN	627	NaN	520	-5	320	0	0	0	402	0	-0	0	-0	0	0	-0	-0	0.063	0.045
531.1	NaN	627	NaN	520	-5	320	0	0	0	402	0	-0	0	-0	0	0	-0	-0	0.059	0.031
531.2	NaN	627	NaN	520	-5	320	0	0	0	402	0	-0	0	-0	0	0	-0	-0	0.06	0.064
531.3	NaN	627	NaN	520	-5	320	0	0	0	402	0	-0	0	-0	0	0	-0	-0	0.06	0.035
531.4	NaN	627	NaN	520	-5	320	0	0	0	402	0	-0	0	-0	0	0	-0	-0	0.06	0.011
531.5	NaN	627	NaN	520	-5	320	0	0	0	402	0	-0	0	-0	0	0	-0	-0	0.053	0.076
531.6	NaN	627	NaN	520	-5	320	0	0	0	402	0	-0	0	-0	0	0	-0	-0	0.059	0.077
531.7	NaN	627	NaN	520	-5	320	0	0	0	402	0	-0	0	-0	0	0	-0	-0	0.057	0.075
531.8	NaN	627	NaN	520	-5	320	0	0	0	402	0	-0	0	-0	0	0	-0	-0	0.055	0.013
531.9	NaN	627	NaN	520	-5	320	0	0	0	402	0	-0	0	-0	0	0	-0	-0	0.055	-0.006
532	NaN	627	NaN	520	-5	320	0	0	0	402	0	-0	0	-0	0	0	-0	-0	0.059	0.044
532.1	NaN	627	NaN	520	-5	320	0	0	0	402	0	-0	0	-0	0	0	-0	-0	0.058	0.023
532.2	NaN	627	NaN	520	-5	320	0	0	0	402	0	-0	0	-0	0	0	-0	-0	0.058	0.031
532.3	NaN	627	NaN	520	-5	320	0	0	0	402	0	-0	0	-0	0	0	-0	-0	0.059	0.044
532.4	NaN	627	NaN	520	-5	320	0	0	0	402	0	-0	0	-0	0	0	-0	-0	0.057	0.032
532.5	NaN	627	NaN	520	-5	320	0	0	0	402	0	-0	0	-0	0	0	-0	-0	0.057	0.05
532.6	NaN	627	NaN	520	-5	320	0	0	0	402	0	-0	0	-0	0	0	-0	-0	0.06	0.031
532.7	NaN	627	NaN	520	-5	320	0	0	0	402	0	-0	0	-0	0	0	-0	-0	0.06	0.033
532.8	NaN	627	NaN	520	-5	320	0	0	0	402	0	-0	0	-0	0	0	-0	-0	0.069	0.036
532.9	NaN	627	NaN	520	-5	320	0	0	0	402	0	-0	0	-0	0	0	-0	-0	0.069	0.009
533	NaN	627	NaN	520	-5	320	0	0	0	402	0	-0	0	-0	0	0	-0	-0	0.066	0.027
533.1	NaN	627	NaN	520	-5	320	0	0	0	402	0	-0	0	-0	0	0	-0	-0	0.066	0.039
533.2	NaN	627	NaN	520	-5	320	0	0	0	402	0	-0	0	-0	0	0	-0	-0	0.07	0.006
533.3	NaN	627	NaN	520	-5	320	0	0	0	402	0	-0	0	-0	0	0	-0	-0	0.07	0.053
533.4	NaN	627	NaN	520	-5	320	0	0	0	402	0	-0	0	-0	0	0	-0	-0	0.069	0.033
533.5	NaN	627	NaN	520	-5	320	0	0	0	402	0	-0	0	-0	0	0	-0	-0	0.069	0.036
533.6	NaN	627	NaN	520	-5	320	0	0	0	402	0	-0	0	-0	0	0	-0	-0	0.056	0.023
533.7	NaN	627	NaN	520	-5	320	0	0	0	402	0	-0	0	-0	0	0	-0	-0	0.056	0.052
533.8	NaN	627	NaN	520	-5	320	0	0	0	402	0	-0	0	-0	0	0	-0	-0	0.052	0.04
533.9	NaN	627	NaN	520	-5	320	0	0	0	402	0	-0	0	-0	0	0	-0	-0	0.052	0.02
534	NaN	627	NaN	520	-5	320	0	0	0	402	0	-0	0	-0	0	0	-0	-0	0.048	0.051
534.1	NaN	627	NaN	520	-5	320	0	0	0	402	0	-0	0	-0	0	0	-0	-0	0.048	0.015
534.2	NaN	627	NaN	520	-5	320	0	0	0	402	0	-0	0	-0	0	0	-0	-0	0.044	0.031
534.3	NaN	627	NaN	520	-5	320	0	0	0	402	0	-0	0	-0	0	0	-0	-0	0.044	0.037
534.4	NaN	627	NaN	520	-5	320	0	0	0	402	0	-0	0	-0	0	0	-0	-0	0.042	0.048
534.5	NaN	627	NaN	520	-5	320	0	0	0	402	0	-0	0	-0	0	0	-0	-0	0.042	0.018
534.6	NaN	627	NaN	520	-5	320	0	0	0	402	0	-0	0	-0	0	0	-0	-0	0.035	0.028
534.7	NaN	627	NaN	520	-5	320	0	0	0	402	0	-0	0	-0	0	0	-0	-0	0.034	0.026
534.8	NaN	627	NaN	520	-5	320	0	0	0	402	0	-0	0	-0	0	0	-0	-0	0.034	0.029
534.9	NaN	627	NaN	520	-5	320	0	0	0	402	0	-0	0	-0	0	0	-0	-0	0.036	0.024
535	NaN	627	NaN	520	-5	320	0	0	0	402	0	-0	0	-0	0	0	-0	-0	0.036	0.043
535.1	NaN	627	NaN	520	-5	320	0	0	0	402	0	-0	0	-0	0	0	-0	-0	0.035	0.05
535.2	NaN	627	NaN	520	-5	320	0	0	0	402	0	-0	0	-0	0	0	-0	-0	0.035	0.018
535.3	NaN	627	NaN	520	-5	320	0	0	0	402	0	-0	0	-0	0	0	-0	-0	0.036	0.04
535.4	NaN	627	NaN	520	-5	320	0	0	0	402	0	-0	0	-0	0	0	-0	-0	0.036	0.027
535.5	NaN	627	NaN	520	-5	320	0	0	0	402	0	-0	0	-0	0	0	-0	-0	0.031	0.018
535.6	NaN	627	NaN	520	-5	320	0	0	0	402	0	-0	0	-0	0	0	-0	-0	0.031	0.029
535.7	NaN	627	NaN	520	-5	320	0	0	0	402	0	-0	0	-0	0	0	-0	-0	0.035	0.036
535.8	NaN	627	NaN	520	-5	320	0	0	0	402	0	-0	0	-0	0	0	-0	-0	0.035	0.024
535.9	NaN	627	NaN	520	-5	320	0	0	0	402	0	-0	0	-0	0	0	-0	-0	0.033	0.048
536	NaN	627	NaN	520	-5	320	0	0	0	402	0	-0	0	-0	0	0	-0	-0	0.028	0.034
536.1	NaN	627	NaN	520	-5	320	0	0	0	402	0	-0	0	-0	0	0	-0	-0	0.027	0.035
536.2	NaN	627	NaN	520	-5	320	0	0	0	402	0	-0	0	-0	0	0	-0	-0	0.02	0.046
536.3	NaN	627	NaN	520	-5	320	0	0	0	402	0	-0	0	-0	0	0	-0	-0	0.02	0.035
536.4	NaN	627	NaN	520	-5	320	0	0	0	402	0	-0	0	-0	0	0	-0	-0	0.013	0.008
536.5	NaN	627	NaN	520	-5	320	0	0	0	402	0	-0	0	-0	0	0	-0	-0	0.013	0.015
536.6	NaN	627	NaN	520	-5	320	0	0	0	402	0	-0	0	-0	0	0	-0	-0	0.002	0.009
536.7	NaN	627	NaN	520	-5	320	0	0	0	402	0	-0	0	-0	0	0	-0	-0	0.002	0.041
536.8	NaN	627	NaN	520	-5	320	0	0	0	402	0	-0	0	-0	0	0	-0	-0	0.004	0.042
536.9	NaN	627	NaN	520	-5	320	0	0	0	402	0	-0	0	-0	0	0	-0	-0	0.004	0.054
537	NaN	627	NaN	520	-5	320	0	0	0	402	0	-0	0	-0	0	0	-0	-0	0.003	0.01
537.1	NaN	627	NaN	520	-5	320	0	0	0	402	0	-0	0	-0	0	0	-0	-0	0.003	0.032
537.2	NaN	627	NaN	520	-5	320	0	0	0	402	0	-0	0	-0	0	0	-0	-0	0.004	0.058
537.3	NaN	627	NaN	520	-5	320	0	0	0	402	0	-0	0	-0	0	0	-0	-0	0.004	0.037
537.4	NaN	627	NaN	520	-5	320	0	0	0	402	0	-0	0	-0	0	0	-0	-0	-0.002	0.018
537.5	NaN	627	NaN	520	-5	320	0	0	0	402	0	-0	0	-0	0	0	-0	-0	-0.003	0.04
537.6	NaN	627	NaN	520	-5	320	0	0	0	402	0	-0	0	-0	0	0	-0	-0	0.001	0.026
537.7	NaN	627	NaN	520	-5	320	0	0	0	402	0	-0	0	-0	0	0	-0	-0	0.001	0.043
537.8	NaN	627	NaN	520	-5	320	0	0	0	402	0	-0	0	-0	0	0	-0	-0	0.01	0.039
537.9	NaN	627	NaN	520	-5	320	0	0	0	402	0	-0	0	-0	0	0	-0	-0	0.01	0.028
538	NaN	627	NaN	520	-5	320	0	0	0	402	0	-0	0	-0	0	0	-0	-0	0.007	0.032
538.1	NaN	627	NaN	520	-5	320	0	0	0	402	0	-0	0	-0	0	0	-0	-0	0.006	0.011
538.2	NaN	627	NaN	520	-5	320	0	0	0	402	0	-0	0	-0	0	0	-0	-0	0.008	0.024
538.3	NaN	627	NaN	520	-5	320	0	0	0	402	0	-0	0	-0	0	0	-0	-0	0.008	0.04
538.4	NaN	627	NaN	520	-5	320	0	0	0	402	0	-0	0	-0	0	0	-0	-0	0.017	0.034
538.5	NaN	627	NaN	520	-5	320	0	0	0	402	0	-0	0	-0	0	0	-0	-0	0.016	0.055
538.6	NaN	627	NaN	520	-5	320	0	0	0	402	0	-0	0	-0	0	0	-0	-0	0.022	0.014
538.7	NaN	627	NaN	520	-5	320	0	0	0	402	0	-0	0	-0	0	0	-0	-0	0.021	-0.008
538.8	NaN	627	NaN	520	-5	320	0	0	0	402	0	-0	0	-0	0	0	-0	-0	0.02	0.023
538.9	NaN	627	NaN	520	-5	320	0	0	0	402	0	-0	0	-0	0	0	-0	-0	0.024	0.038
539	NaN	627	NaN	520	-5	320	0	0	0	402	0	-0	0	-0	0	0	-0	-0	0.024	0.018
539.1	NaN	627	NaN	520	-5	320	0	0	0	402	0	-0	0	-0	0	0	-0	-0	0.019	0.017
539.2	NaN	627	NaN	520	-5	320	0	0	0	402	0	-0	0	-0	0	0	-0	-0	0.019	0.02
539.3	NaN	627	NaN	520	-5	320	0	0	0	402	0	-0	0	-0	0	0	-0	-0	0.009	0.022
539.4	NaN	627	NaN	520	-5	320	0	0	0	402	0	-0	0	-0	0	0	-0	-0	0.009	0.026
539.5	NaN	627	NaN	520	-5	320	0	0	0	402	0	-0	0	-0	0	0	-0	-0	0.001	0.028
539.6	NaN	627	NaN	520	-5	320	0	0	0	402	0	-0	0	-0	0	0	-0	-0	0	0.03
539.7	NaN	627	NaN	520	-5	320	0	0	0	402	0	-0	0	-0	0	0	-0	-0	-0.01	0.018
539.8	NaN	627	NaN	520	-5	320	0	0	0	402	0	-0	0	-0	0	0	-0	-0	-0.01	0.026
539.9	NaN	627	NaN	520	-5	320	0	0	0	402	0	-0	0	-0	0	0	-0	-0	-0.007	0.033
540	NaN	627	NaN	520	-5	320	0	0	0	402	0	-0	0	-0	0	0	-0	-0	-0.007	0.044
540.1	NaN	627	NaN	520	-5	320	0	0	0	402	0	-0	0	-0	0	0	-0	-0	0.002	0.042
540.2	NaN	627	NaN	520	-5	320	0	0	0	402	0	-0	0	-0	0	0	-0	-0	-0	0.037
540.3	NaN	627	NaN	520	-5	320	0	0	0	402	0	-0	0	-0	0	0	-0	-0	-0.001	0.023
540.4	NaN	627	NaN	520	-5	320	0	0	0	402	0	-0	0	-0	0	0	-0	-0	-0.008	0.045
540.5	NaN	627	NaN	520	-5	320	0	0	0	402	0	-0	0	-0	0	0	-0	-0	-0.009	0.032
540.6	NaN	627	NaN	520	-5	320	0	0	0	402	0	-0	0	-0	0	0	-0	-0	-0.014	0.038
540.7	NaN	627	NaN	520	-5	320	0	0	0	402	0	-0	0	-0	0	0	-0	-0	-0.015	0.019
540.8	NaN	627	NaN	520	-5	320	0	0	0	402	0	-0	0	-0	0	0	-0	-0	-0.014	0.005
540.9	NaN	627	NaN	520	-5	320	0	0	0	402	0	-0	0	-0	0	0	-0	-0	-0.015	0.026
541	NaN	627	NaN	520	-5	320	0	0	0	402	0	-0	0	-0	0	0	-0	-0	-0.019	0.02
541.1	NaN	627	NaN	520	-5	320	0	0	0	402	0	-0	0	-0	0	0	-0	-0	-0.019	0.017
541.2	NaN	627	NaN	520	-5	320	0	0	0	402	0	-0	0	-0	0	0	-0	-0	-0.031	0.015
541.3	NaN	627	NaN	520	-5	320	0	0	0	402	0	-0	0	-0	0	0	-0	-0	-0.031	0.028
541.4	NaN	627	NaN	520	-5	320	0	0	0	402	0	-0	0	-0	0	0	-0	-0	-0.03	0.048
541.5	NaN	627	NaN	520	-5	320	0	0	0	402	0	-0	0	-0	0	0	-0	-0	-0.031	0.017
541.6	NaN	627	NaN	520	-5	320	0	0	0	402	0	-0	0	-0	0	0	-0	-0	-0.02	0.047
541.7	NaN	627	NaN	520	-5	320	0	0	0	402	0	-0	0	-0	0	0	-0	-0	-0.02	0.03
541.8	NaN	627	NaN	520	-5	320	0	0	0	402	0	-0	0	-0	0	0	-0	-0	-0.018	0.025
541.9	NaN	627	NaN	520	-5	320	0	0	0	402	0	-0	0	-0	0	0	-0	-0	-0.018	0.035
542	NaN	627	NaN	520	-5	320	0	0	0	402	0	-0	0	-0	0	0	-0	-0	-0.021	0.03
542.1	NaN	627	NaN	520	-5	320	0	0	0	402	0	-0	0	-0	0	0	-0	-0	-0.021	0.052
542.2	NaN	627	NaN	520	-5	320	0	0	0	402	0	-0	0	-0	0	0	-0	-0	-0.023	0.01
542.3	NaN	627	NaN	520	-5	320	0	0	0	402	0	-0	0	-0	0	0	-0	-0	-0.023	0.059
542.4	NaN	627	NaN	520	-5	320	0	0	0	402	0	-0	0	-0	0	0	-0	-0	-0.031	0.011
542.5	NaN	627	NaN	520	-5	320	0	0	0	402	0	-0	0	-0	0	0	-0	-0	-0.032	0.045
542.6	NaN	627	NaN	520	-5	320	0	0	0	402	0	-0	0	-0	0	0	-0	-0	-0.045	0.029
542.7	NaN	627	NaN	520	-5	320	0	0	0	402	0	-0	0	-0	0	0	-0	-0	-0.045	0.038
542.8	NaN	627	NaN	520	-5	320	0	0	0	402	0	-0	0	-0	0	0	-0	-0	-0.047	0.031
542.9	NaN	627	NaN	520	-5	320	0	0	0	402	0	-0	0	-0	0	0	-0	-0	-0.049	0.03
543	NaN	627	NaN	520	-5	320	0	0	0	402	0	-0	0	-0	0	0	-0	-0	-0.049	0.045
543.1	NaN	627	NaN	520	-5	320	0	0	0	402	0	-0	0	-0	0	0	-0	-0	-0.05	0.018
543.2	NaN	627	NaN	520	-5	320	0	0	0	402	0	-0	0	-0	0	0	-0	-0	-0.051	0.03
543.3	NaN	627	NaN	520	-5	320	0	0	0	402	0	-0	0	-0	0	0	-0	-0	-0.06	0.018
543.4	NaN	627	NaN	520	-5	320	0	0	0	402	0	-0	0	-0	0	0	-0	-0	-0.061	0.02
543.5	NaN	627	NaN	520	-5	320	0	0	0	402	0	-0	0	-0	0	0	-0	-0	-0.062	0.011
543.6	NaN	627	NaN	520	-5	320	0	0	0	402	0	-0	0	-0	0	0	-0	-0	-0.062	0.026
543.7	NaN	627	NaN	520	-5	320	0	0	0	402	0	-0	0	-0	0	0	-0	-0	-0.067	0.044
543.8	NaN	627	NaN	520	-5	320	0	0	0	402	0	-0	0	-0	0	0	-0	-0	-0.068	0.048
543.9	NaN	627	NaN	520	-5	320	0	0	0	402	0	-0	0	-0	0	0	-0	-0	-0.059	0.024
544	NaN	627	NaN	520	-5	320	0	0	0	402	0	-0	0	-0	0	0	-0	-0	-0.06	0.039
544.1	NaN	627	NaN	520	-5	320	0	0	0	402	0	-0	0	-0	0	0	-0	-0	-0.068	0.03
544.2	NaN	627	NaN	520	-5	320	0	0	0	402	0	-0	0	-0	0	0	-0	-0	-0.076	0.033
544.3	NaN	627	NaN	520	-5	320	0	0	0	402	0	-0	0	-0	0	0	-0	-0	-0.077	0.015
544.4	NaN	627	NaN	520	-5	320	0	0	0	402	0	-0	0	-0	0	0	-0	-0	-0.076	0.014
544.5	NaN	627	NaN	520	-5	320	0	0	0	402	0	-0	0	-0	0	0	-0	-0	-0.078	0.038
544.6	NaN	627	NaN	520	-5	320	0	0	0	402	0	-0	0	-0	0	0	-0	-0	-0.078	0.037
544.7	NaN	627	NaN	520	-5	320	0	0	0	402	0	-0	0	-0	0	0	-0	-0	-0.08	0.023
544.8	NaN	627	NaN	520	-5	320	0	0	0	402	0	-0	0	-0	0	0	-0	-0	-0.074	0.025
544.9	NaN	627	NaN	520	-5	320	0	0	0	402	0	-0	0	-0	0	0	-0	-0	-0.076	0.01
545	NaN	627	NaN	520	-5	320	0	0	0	402	0	-0	0	-0	0	0	-0	-0	-0.075	0.05
545.1	NaN	627	NaN	520	-5	320	0	0	0	402	0	-0	0	-0	0	0	-0	-0	-0.076	0.027
545.2	NaN	627	NaN	520	-5	320	0	0	0	402	0	-0	0	-0	0	0	-0	-0	-0.079	0.031
545.3	NaN	627	NaN	520	-5	320	0	0	0	402	0	-0	0	-0	0	0	-0	-0	-0.08	0.044
545.4	NaN	627	NaN	520	-5	320	0	0	0	402	0	-0	0	-0	0	0	-0	-0	-0.078	0.031
545.5	NaN	627	NaN	520	-5	320	0	0	0	402	0	-0	0	-0	0	0	-0	-0	-0.078	0.056
545.6	NaN	627	NaN	520	-5	320	0	0	0	402	0	-0	0	-0	0	0	-0	-0	-0.073	0.042
545.7	NaN	627	NaN	520	-5	320	0	0	0	402	0	-0	0	-0	0	0	-0	-0	-0.073	0.039
545.8	NaN	627	NaN	520	-5	320	0	0	0	402	0	-0	0	-0	0	0	-0	-0	-0.066	0.018
545.9	NaN	627	NaN	520	-5	320	0	0	0	402	0	-0	0	-0	0	0	-0	-0	-0.066	0.032
546	NaN	627	NaN	520	-5	320	0	0	0	402	0	-0	0	-0	0	0	-0	-0	-0.064	0.016
546.1	NaN	627	NaN	520	-5	320	0	0	0	402	0	-0	0	-0	0	0	-0	-0	-0.065	0.02
546.2	NaN	627	NaN	520	-5	320	0	0	0	402	0	-0	0	-0	0	0	-0	-0	-0.074	0.046
546.3	NaN	627	NaN	520	-5	320	0	0	0	402	0	-0	0	-0	0	0	-0	-0	-0.074	0.032
546.4	NaN	627	NaN	520	-5	320	0	0	0	402	0	-0	0	-0	0	0	-0	-0	-0.074	0.04
546.5	NaN	627	NaN	520	-5	320	0	0	0	402	0	-0	0	-0	0	0	-0	-0	-0.075	0.045
546.6	NaN	627	NaN	520	-5	320	0	0	0	402	0	-0	0	-0	0	0	-0	-0	-0.077	0.024
546.7	NaN	627	NaN	520	-5	320	0	0	0	402	0	-0	0	-0	0	0	-0	-0	-0.078	0.038
546.8	NaN	627	NaN	520	-5	320	0	0	0	402	0	-0	0	-0	0	0	-0	-0	-0.076	0.029
546.9	NaN	627	NaN	520	-5	320	0	0	0	402	0	-0	0	-0	0	0	-0	-0	-0.077	0.02
547	NaN	627	NaN	520	-5	320	0	0	0	402	0	-0	0	-0	0	0	-0	-0	-0.078	0.022
547.1	NaN	627	NaN	520	-5	320	0	0	0	402	0	-0	0	-0	0	0	-0	-0	-0.082	0.012
547.2	NaN	627	NaN	520	-5	320	0	0	0	402	0	-0	0	-0	0	0	-0	-0	-0.083	0.029
547.3	NaN	627	NaN	520	-5	320	0	0	0	402	0	-0	0	-0	0	0	-0	-0	-0.084	0.03
547.4	NaN	627	NaN	520	-5	320	0	0	0	402	0	-0	0	-0	0	0	-0	-0	-0.084	0.03
547.5	NaN	627	NaN	520	-5	320	0	0	0	402	0	-0	0	-0	0	0	-0	-0	-0.073	0.026
547.6	NaN	627	NaN	520	-5	320	0	0	0	402	0	-0	0	-0	0	0	-0	-0	-0.073	0.042
547.7	NaN	627	NaN	520	-5	320	0	0	0	402	0	-0	0	-0	0	0	-0	-0	-0.068	0.027
547.8	NaN	627	NaN	520	-5	320	0	0	0	402	0	-0	0	-0	0	0	-0	-0	-0.067	0.014
547.9	NaN	627	NaN	520	-5	320	0	0	0	402	0	-0	0	-0	0	0	-0	-0	-0.06	0.052
548	NaN	627	NaN	520	-5	320	0	0	0	402	0	-0	0	-0	0	0	-0	-0	-0.059	0.038
548.1	NaN	627	NaN	520	-5	320	0	0	0	402	0	-0	0	-0	0	0	-0	-0	-0.054	0.007
548.2	NaN	627	NaN	520	-5	320	0	0	0	402	0	-0	0	-0	0	0	-0	-0	-0.054	0.037
548.3	NaN	627	NaN	520	-5	320	0	0	0	402	0	-0	0	-0	0	0	-0	-0	-0.057	0.017
548.4	NaN	627	NaN	520	-5	320	0	0	0	402	0	-0	0	-0	0	0	-0	-0	-0.054	0.032
548.5	NaN	627	NaN	520	-5	320	0	0	0	402	0	-0	0	-0	0	0	-0	-0	-0.056	0.036
548.6	NaN	627	NaN	520	-5	320	0	0	0	402	0	-0	0	-0	0	0	-0	-0	-0.062	0.015
548.7	NaN	627	NaN	520	-5	320	0	0	0	402	0	-0	0	-0	0	0	-0	-0	-0.063	0.016
548.8	NaN	627	NaN	520	-5	320	0	0	0	402	0	-0	0	-0	0	0	-0	-0	-0.063	0.049
548.9	NaN	627	NaN	520	-5	320	0	0	0	402	0	-0	0	-0	0	0	-0	-0	-0.065	0.016
549	NaN	627	NaN	520	-5	320	0	0	0	402	0	-0	0	-0	0	0	-0	-0	-0.078	0.036
549.1	NaN	627	NaN	520	-5	320	0	0	0	402	0	-0	0	-0	0	0	-0	-0	-0.079	0.041
549.2	NaN	627	NaN	520	-5	320	0	0	0	402	0	-0	0	-0	0	0	-0	-0	-0.07	0.017
549.3	NaN	627	NaN	520	-5	320	0	0	0	402	0	-0	0	-0	0	0	-0	-0	-0.071	0.048
549.4	NaN	627	NaN	520	-5	320	0	0	0	402	0	-0	0	-0	0	0	-0	-0	-0.074	0.029
549.5	NaN	627	NaN	520	-5	320	0	0	0	402	0	-0	0	-0	0	0	-0	-0	-0.075	0.038
549.6	NaN	627	NaN	520	-5	320	0	0	0	402	0	-0	0	-0	0	0	-0	-0	-0.076	0.033
549.7	NaN	627	NaN	520	-5	320	0	0	0	402	0	-0	0	-0	0	0	-0	-0	-0.076	0.033
549.8	NaN	627	NaN	520	-5	320	0	0	0	402	0	-0	0	-0	0	0	-0	-0	-0.08	0.019
549.9	NaN	627	NaN	520	-5	320	0	0	0	402	0	-0	0	-0	0	0	-0	-0	-0.081	0.041
550	NaN	627	NaN	520	-5	320	0	0	0	402	0	-0	0	-0	0	0	-0	-0	-0.069	0.012
550.1	NaN	627	NaN	520	-5	320	0	0	0	402	0	-0	0	-0	0	0	-0	-0	-0.07	0.023
550.2	NaN	627	NaN	520	-5	320	0	0	0	402	0	-0	0	-0	0	0	-0	-0	-0.069	0.016
550.3	NaN	627	NaN	520	-5	320	0	0	0	402	0	-0	0	-0	0	0	-0	-0	-0.069	0.034
550.4	NaN	627	NaN	520	-5	320	0	0	0	402	0	-0	0	-0	0	0	-0	-0	-0.063	0.023
550.5	NaN	627	NaN	520	-5	320	0	0	0	402	0	-0	0	-0	0	0	-0	-0	-0.065	0.024
550.6	NaN	627	NaN	520	-5	320	0	0	0	402	0	-0	0	-0	0	0	-0	-0	-0.055	0.039
550.7	NaN	627	NaN	520	-5	320	0	0	0	402	0	-0	0	-0	0	0	-0	-0	-0.056	0.039
550.8	NaN	627	NaN	520	-5	320	0	0	0	402	0	-0	0	-0	0	0	-0	-0	-0.06	0.021
550.9	NaN	627	NaN	520	-5	320	0	0	0	402	0	-0	0	-0	0	0	-0	-0	-0.061	0.037
551	NaN	627	NaN	520	-5	320	0	0	0	402	0	-0	0	-0	0	0	-0	-0	-0.05	0.042
551.1	NaN	627	NaN	520	-5	320	0	0	0	402	0	-0	0	-0	0	0	-0	-0	-0.051	0.056
551.2	NaN	627	NaN	520	-5	320	0	0	0	402	0	-0	0	-0	0	0	-0	-0	-0.051	0.027
551.3	NaN	627	NaN	520	-5	320	0	0	0	402	0	-0	0	-0	0	0	-0	-0	-0.052	0.024
551.4	NaN	627	NaN	520	-5	320	0	0	0	402	0	-0	0	-0	0	0	-0	-0	-0.052	0.033
551.5	NaN	627	NaN	520	-5	320	0	0	0	402	0	-0	0	-0	0	0	-0	-0	-0.061	0.033
551.6	NaN	627	NaN	520	-5	320	0	0	0	402	0	-0	0	-0	0	0	-0	-0	-0.06	0.03
551.7	NaN	627	NaN	520	-5	320	0	0	0	402	0	-0	0	-0	0	0	-0	-0	-0.051	0.028
551.8	NaN	627	NaN	520	-5	320	0	0	0	402	0	-0	0	-0	0	0	-0	-0	-0.053	0.032
551.9	NaN	627	NaN	520	-5	320	0	0	0	402	0	-0	0	-0	0	0	-0	-0	-0.062	0.04
552	NaN	627	NaN	520	-5	320	0	0	0	402	0	-0	0	-0	0	0	-0	-0	-0.061	0.026
552.1	NaN	627	NaN	520	-5	320	0	0	0	402	0	-0	0	-0	0	0	-0	-0	-0.058	0.036
552.2	NaN	627	NaN	520	-5	320	0	0	0	402	0	-0	0	-0	0	0	-0	-0	-0.058	0.035
552.3	NaN	627	NaN	520	-5	320	0	0	0	402	0	-0	0	-0	0	0	-0	-0	-0.054	0.04
552.4	NaN	627	NaN	520	-5	320	0	0	0	402	0	-0	0	-0	0	0	-0	-0	-0.054	0.029
552.5	NaN	627	NaN	520	-5	320	0	0	0	402	0	-0	0	-0	0	0	-0	-0	-0.055	0.027
552.6	NaN	627	NaN	520	-5	320	0	0	0	402	0	-0	0	-0	0	0	-0	-0	-0.053	0.036
552.7	NaN	627	NaN	520	-5	320	0	0	0	402	0	-0	0	-0	0	0	-0	-0	-0.054	0.053
552.8	NaN	627	NaN	520	-5	320	0	0	0	402	0	-0	0	-0	0	0	-0	-0	-0.042	0.016
552.9	NaN	627	NaN	520	-5	320	0	0	0	402	0	-0	0	-0	0	0	-0	-0	-0.042	0.043
553	NaN	627	NaN	520	-5	320	0	0	0	402	0	-0	0	-0	0	0	-0	-0	-0.04	0.034
553.1	NaN	627	NaN	520	-5	320	0	0	0	402	0	-0	0	-0	0	0	-0	-0	-0.042	0.035
553.2	NaN	627	NaN	520	-5	320	0	0	0	402	0	-0	0	-0	0	0	-0	-0	-0.028	0.052
553.3	NaN	627	NaN	520	-5	320	0	0	0	402	0	-0	0	-0	0	0	-0	-0	-0.028	0.028
553.4	NaN	627	NaN	520	-5	320	0	0	0	402	0	-0	0	-0	0	0	-0	-0	-0.022	0.036
553.5	NaN	627	NaN	520	-5	320	0	0	0	402	0	-0	0	-0	0	0	-0	-0	-0.022	0.012
553.6	NaN	627	NaN	520	-5	320	0	0	0	402	0	-0	0	-0	0	0	-0	-0	-0.023	0.026
553.7	NaN	627	NaN	520	-5	320	0	0	0	402	0	-0	0	-0	0	0	-0	-0	-0.023	0.058
553.8	NaN	627	NaN	520	-5	320	0	0	0	402	0	-0	0	-0	0	0	-0	-0	-0.014	0.02
553.9	NaN	627	NaN	520	-5	320	0	0	0	402	0	-0	0	-0	0	0	-0	-0	-0.014	0.034
554	NaN	627	NaN	520	-5	320	0	0	0	402	0	-0	0	-0	0	0	-0	-0	-0.012	0.03
554.1	NaN	627	NaN	520	-5	320	0	0	0	402	0	-0	0	-0	0	0	-0	-0	-0.013	0.023
554.2	NaN	627	NaN	520	-5	320	0	0	0	402	0	-0	0	-0	0	0	-0	-0	-0.022	0.021
554.3	NaN	627	NaN	520	-5	320	0	0	0	402	0	-0	0	-0	0	0	-0	-0	-0.022	0.04
554.4	NaN	627	NaN	520	-5	320	0	0	0	402	0	-0	0	-0	0	0	-0	-0	-0.028	0.044
554.5	NaN	627	NaN	520	-5	320	0	0	0	402	0	-0	0	-0	0	0	-0	-0	-0.029	0.032
554.6	NaN	627	NaN	520	-5	320	0	0	0	402	0	-0	0	-0	0	0	-0	-0	-0.04	0.018
554.7	NaN	627	NaN	520	-5	320	0	0	0	402	0	-0	0	-0	0	0	-0	-0	-0.04	0.03
554.8	NaN	627	NaN	520	-5	320	0	0	0	402	0	-0	0	-0	0	0	-0	-0	-0.049	0.018
554.9	NaN	627	NaN	520	-5	320	0	0	0	402	0	-0	0	-0	0	0	-0	-0	-0.049	0.039
555	NaN	627	NaN	520	-5	320	0	0	0	402	0	-0	0	-0	0	0	-0	-0	-0.057	0.041
555.1	NaN	627	NaN	520	-5	320	0	0	0	402	0	-0	0	-0	0	0	-0	-0	-0.058	0.035
555.2	NaN	627	NaN	520	-5	320	0	0	0	402	0	-0	0	-0	0	0	-0	-0	-0.058	0.015
555.3	NaN	627	NaN	520	-5	320	0	0	0	402	0	-0	0	-0	0	0	-0	-0	-0.055	0.023
555.4	NaN	627	NaN	520	-5	320	0	0	0	402	0	-0	0	-0	0	0	-0	-0	-0.055	0.043
555.5	NaN	627	NaN	520	-5	320	0	0	0	402	0	-0	0	-0	0	0	-0	-0	-0.052	0.022
555.6	NaN	627	NaN	520	-5	320	0	0	0	402	0	-0	0	-0	0	0	-0	-0	-0.052	0.029
555.7	NaN	627	NaN	520	-5	320	0	0	0	402	0	-0	0	-0	0	0	-0	-0	-0.052	0.023
555.8	NaN	627	NaN	520	-5	320	0	0	0	402	0	-0	0	-0	0	0	-0	-0	-0.051	0.014
555.9	NaN	627	NaN	520	-5	320	0	0	0	402	0	-0	0	-0	0	0	-0	-0	-0.048	0.04
556	NaN	627	NaN	520	-5	320	0	0	0	402	0	-0	0	-0	0	0	-0	-0	-0.043	0.036
556.1	NaN	627	NaN	520	-5	320	0	0	0	402	0	-0	0	-0	0	0	-0	-0	-0.043	0.02
556.2	NaN	627	NaN	520	-5	320	0	0	0	402	0	-0	0	-0	0	0	-0	-0	-0.029	0.037
556.3	NaN	627	NaN	520	-5	320	0	0	0	402	0	-0	0	-0	0	0	-0	-0	-0.03	0.067
556.4	NaN	627	NaN	520	-5	320	0	0	0	402	0	-0	0	-0	0	0	-0	-0	-0.036	0.063
556.5	NaN	627	NaN	520	-5	320	0	0	0	402	0	-0	0	-0	0	0	-0	-0	-0.037	0.069
556.6	NaN	627	NaN	520	-5	320	0	0	0	402	0	-0	0	-0	0	0	-0	-0	-0.041	0.014
556.7	NaN	627	NaN	520	-5	320	0	0	0	402	0	-0	0	-0	0	0	-0	-0	-0.041	0
556.8	NaN	627	NaN	520	-5	320	0	0	0	402	0	-0	0	-0	0	0	-0	-0	-0.03	0.049
556.9	NaN	627	NaN	520	-5	320	0	0	0	402	0	-0	0	-0	0	0	-0	-0	-0.031	0.054
557	NaN	627	NaN	520	-5	320	0	0	0	402	0	-0	0	-0	0	0	-0	-0	-0.027	0.036
557.1	NaN	627	NaN	520	-5	320	0	0	0	402	0	-0	0	-0	0	0	-0	-0	-0.027	0.042
557.2	NaN	627	NaN	520	-5	320	0	0	0	402	0	-0	0	-0	0	0	-0	-0	-0.027	0.016
557.3	NaN	627	NaN	520	-5	320	0	0	0	402	0	-0	0	-0	0	0	-0	-0	-0.029	-0.009
557.4	NaN	627	NaN	520	-5	320	0	0	0	402	0	-0	0	-0	0	0	-0	-0	-0.036	0.014
557.5	NaN	627	NaN	520	-5	320	0	0	0	402	0	-0	0	-0	0	0	-0	-0	-0.036	0.04
557.6	NaN	627	NaN	520	-5	320	0	0	0	402	0	-0	0	-0	0	0	-0	-0	-0.033	0.033
557.7	NaN	627	NaN	520	-5	320	0	0	0	402	0	-0	0	-0	0	0	-0	-0	-0.033	0.047
557.8	NaN	627	NaN	520	-5	320	0	0	0	402	0	-0	0	-0	0	0	-0	-0	-0.037	0.049
557.9	NaN	627	NaN	520	-5	320	0	0	0	402	0	-0	0	-0	0	0	-0	-0	-0.038	0.03
558	NaN	627	NaN	520	-5	320	0	0	0	402	0	-0	0	-0	0	0	-0	-0	-0.039	0.044
558.1	NaN	627	NaN	520	-5	320	0	0	0	402	0	-0	0	-0	0	0	-0	-0	-0.039	0.025
558.2	NaN	627	NaN	520	-5	320	0	0	0	402	0	-0	0	-0	0	0	-0	-0	-0.053	0.038
558.3	NaN	627	NaN	520	-5	320	0	0	0	402	0	-0	0	-0	0	0	-0	-0	-0.054	0.009
558.4	NaN	627	NaN	520	-5	320	0	0	0	402	0	-0	0	-0	0	0	-0	-0	-0.068	0.011
558.5	NaN	627	NaN	520	-5	320	0	0	0	402	0	-0	0	-0	0	0	-0	-0	-0.068	0.053
558.6	NaN	627	NaN	520	-5	320	0	0	0	402	0	-0	0	-0	0	0	-0	-0	-0.061	0.058
558.7	NaN	627	NaN	520	-5	320	0	0	0	402	0	-0	0	-0	0	0	-0	-0	-0.061	0.036
558.8	NaN	627	NaN	520	-5	320	0	0	0	402	0	-0	0	-0	0	0	-0	-0	-0.054	0.053
558.9	NaN	627	NaN	520	-5	320	0	0	0	402	0	-0	0	-0	0	0	-0	-0	-0.055	0.019
559	NaN	627	NaN	520	-5	320	0	0	0	402	0	-0	0	-0	0	0	-0	-0	-0.049	0.034
559.1	NaN	627	NaN	520	-5	320	0	0	0	402	0	-0	0	-0	0	0	-0	-0	-0.049	0.006
559.2	NaN	627	NaN	520	-5	320	0	0	0	402	0	-0	0	-0	0	0	-0	-0	-0.049	0.025
559.3	NaN	627	NaN	520	-5	320	0	0	0	402	0	-0	0	-0	0	0	-0	-0	-0.046	0.014
559.4	NaN	627	NaN	520	-5	320	0	0	0	402	0	-0	0	-0	0	0	-0	-0	-0.048	0.031
559.5	NaN	627	NaN	520	-5	320	0	0	0	402	0	-0	0	-0	0	0	-0	-0	-0.059	0.048
559.6	NaN	627	NaN	520	-5	320	0	0	0	402	0	-0	0	-0	0	0	-0	-0	-0.061	0.012
559.7	NaN	627	NaN	520	-5	320	0	0	0	402	0	-0	0	-0	0	0	-0	-0	-0.071	0.024
559.8	NaN	627	NaN	520	-5	320	0	0	0	402	0	-0	0	-0	0	0	-0	-0	-0.073	0.005
559.9	NaN	627	NaN	520	-5	320	0	0	0	402	0	-0	0	-0	0	0	-0	-0	-0.083	0.012
560	NaN	627	NaN	520	-5	320	0	0	0	402	0	-0	0	-0	0	0	-0	-0	-0.087	0.025
560.1	NaN	627	NaN	520	-5	320	0	0	0	402	0	-0	0	-0	0	0	-0	-0	-0.088	0.018
560.2	NaN	627	NaN	520	-5	320	0	0	0	402	0	-0	0	-0	0	0	-0	-0	-0.097	0.019
560.3	NaN	627	NaN	520	-5	320	0	0	0	402	0	-0	0	-0	0	0	-0	-0	-0.099	0.04
560.4	NaN	627	NaN	520	-5	320	0	0	0	402	0	-0	0	-0	0	0	-0	-0	-0.094	0.004
560.5	NaN	627	NaN	520	-5	320	0	0	0	402	0	-0	0	-0	0	0	-0	-0	-0.095	0.028
560.6	NaN	627	NaN	520	-5	320	0	0	0	402	0	-0	0	-0	0	0	-0	-0	-0.092	0.035
560.7	NaN	627	NaN	520	-5	320	0	0	0	402	0	-0	0	-0	0	0	-0	-0	-0.093	0.025
560.8	NaN	627	NaN	520	-5	320	0	0	0	402	0	-0	0	-0	0	0	-0	-0	-0.1	0.021
560.9	NaN	627	NaN	520	-5	320	0	0	0	402	0	-0	0	-0	0	0	-0	-0	-0.101	0.05
561	NaN	627	NaN	520	-5	320	0	0	0	402	0	-0	0	-0	0	0	-0	-0	-0.104	0.035
561.1	NaN	627	NaN	520	-5	320	0	0	0	402	0	-0	0	-0	0	0	-0	-0	-0.106	0.027
561.2	NaN	627	NaN	520	-5	320	0	0	0	402	0	-0	0	-0	0	0	-0	-0	-0.104	0.013
561.3	NaN	627	NaN	520	-5	320	0	0	0	402	0	-0	0	-0	0	0	-0	-0	-0.104	0.039
561.4	NaN	627	NaN	520	-5	320	0	0	0	402	0	-0	0	-0	0	0	-0	-0	-0.083	0.035
561.5	NaN	627	NaN	520	-5	320	0	0	0	402	0	-0	0	-0	0	0	-0	-0	-0.084	0.023
561.6	NaN	627	NaN	520	-5	320	0	0	0	402	0	-0	0	-0	0	0	-0	-0	-0.074	0.052
561.7	NaN	627	NaN	520	-5	320	0	0	0	402	0	-0	0	-0	0	0	-0	-0	-0.074	0.026
561.8	NaN	627	NaN	520	-5	320	0	0	0	402	0	-0	0	-0	0	0	-0	-0	-0.061	0.023
561.9	NaN	627	NaN	520	-5	320	0	0	0	402	0	-0	0	-0	0	0	-0	-0	-0.061	0.037
562	NaN	627	NaN	520	-5	320	0	0	0	402	0	-0	0	-0	0	0	-0	-0	-0.047	0.042
562.1	NaN	627	NaN	520	-5	320	0	0	0	402	0	-0	0	-0	0	0	-0	-0	-0.048	0.012
562.2	NaN	627	NaN	520	-5	320	0	0	0	402	0	-0	0	-0	0	0	-0	-0	-0.045	0.011
562.3	NaN	627	NaN	520	-5	320	0	0	0	402	0	-0	0	-0	0	0	-0	-0	-0.045	0.007
562.4	NaN	627	NaN	520	-5	320	0	0	0	402	0	-0	0	-0	0	0	-0	-0	-0.032	0.026
562.5	NaN	627	NaN	520	-5	320	0	0	0	402	0	-0	0	-0	0	0	-0	-0	-0.032	0.04
562.6	NaN	627	NaN	520	-5	320	0	0	0	402	0	-0	0	-0	0	0	-0	-0	-0.023	-0.01
562.7	NaN	627	NaN	520	-5	320	0	0	0	402	0	-0	0	-0	0	0	-0	-0	-0.024	0.014
562.8	NaN	627	NaN	520	-5	320	0	0	0	402	0	-0	0	-0	0	0	-0	-0	-0.018	0.018
562.9	NaN	627	NaN	520	-5	320	0	0	0	402	0	-0	0	-0	0	0	-0	-0	-0.019	-0.007
563	NaN	627	NaN	520	-5	320	0	0	0	402	0	-0	0	-0	0	0	-0	-0	-0.025	0.004
563.1	NaN	627	NaN	520	-5	320	0	0	0	402	0	-0	0	-0	0	0	-0	-0	-0.025	0.036
563.2	NaN	627	NaN	520	-5	320	0	0	0	402	0	-0	0	-0	0	0	-0	-0	-0.025	0.023
563.3	NaN	627	NaN	520	-5	320	0	0	0	402	0	-0	0	-0	0	0	-0	-0	-0.025	0.013
563.4	NaN	627	NaN	520	-5	320	0	0	0	402	0	-0	0	-0	0	0	-0	-0	-0.024	0.02
563.5	NaN	627	NaN	520	-5	320	0	0	0	402	0	-0	0	-0	0	0	-0	-0	-0.016	0.01
563.6	NaN	627	NaN	520	-5	320	0	0	0	402	0	-0	0	-0	0	0	-0	-0	-0.015	0.022
563.7	NaN	627	NaN	520	-5	320	0	0	0	402	0	-0	0	-0	0	0	-0	-0	-0.006	0.008
563.8	NaN	627	NaN	520	-5	320	0	0	0	402	0	-0	0	-0	0	0	-0	-0	-0.006	0.031
563.9	NaN	627	NaN	520	-5	320	0	0	0	402	0	-0	0	-0	0	0	-0	-0	-0.008	0.007
564	NaN	627	NaN	520	-5	320	0	0	0	402	0	-0	0	-0	0	0	-0	-0	-0.008	0.027
564.1	NaN	627	NaN	520	-5	320	0	0	0	402	0	-0	0	-0	0	0	-0	-0	-0.007	0.049
564.2	NaN	627	NaN	520	-5	320	0	0	0	402	0	-0	0	-0	0	0	-0	-0	0.008	0.03
564.3	NaN	627	NaN	520	-5	320	0	0	0	402	0	-0	0	-0	0	0	-0	-0	0.008	0.025
564.4	NaN	627	NaN	520	-5	320	0	0	0	402	0	-0	0	-0	0	0	-0	-0	0.019	0.045
564.5	NaN	627	NaN	520	-5	320	0	0	0	402	0	-0	0	-0	0	0	-0	-0	0.02	0.003
564.6	NaN	627	NaN	520	-5	320	0	0	0	402	0	-0	0	-0	0	0	-0	-0	0.019	0.014
564.7	NaN	627	NaN	520	-5	320	0	0	0	402	0	-0	0	-0	0	0	-0	-0	0.019	0.044
564.8	NaN	627	NaN	520	-5	320	0	0	0	402	0	-0	0	-0	0	0	-0	-0	0.018	0.022
564.9	NaN	627	NaN	520	-5	320	0	0	0	402	0	-0	0	-0	0	0	-0	-0	0.018	0.034
565	NaN	627	NaN	520	-5	320	0	0	0	402	0	-0	0	-0	0	0	-0	-0	0.02	0.033
565.1	NaN	627	NaN	520	-5	320	0	0	0	402	0	-0	0	-0	0	0	-0	-0	0.021	0.064
565.2	NaN	627	NaN	520	-5	320	0	0	0	402	0	-0	0	-0	0	0	-0	-0	0.019	0.026
565.3	NaN	627	NaN	520	-5	320	0	0	0	402	0	-0	0	-0	0	0	-0	-0	0.02	0.026
565.4	NaN	627	NaN	520	-5	320	0	0	0	402	0	-0	0	-0	0	0	-0	-0	0.022	0.007
565.5	NaN	627	NaN	520	-5	320	0	0	0	402	0	-0	0	-0	0	0	-0	-0	0.023	0.014
565.6	NaN	627	NaN	520	-5	320	0	0	0	402	0	-0	0	-0	0	0	-0	-0	0.022	0.02
565.7	NaN	627	NaN	520	-5	320	0	0	0	402	0	-0	0	-0	0	0	-0	-0	0.023	0.042
565.8	NaN	627	NaN	520	-5	320	0	0	0	402	0	-0	0	-0	0	0	-0	-0	0.023	0.035
565.9	NaN	627	NaN	520	-5	320	0	0	0	402	0	-0	0	-0	0	0	-0	-0	0.023	0.013
566	NaN	627	NaN	520	-5	320	0	0	0	402	0	-0	0	-0	0	0	-0	-0	0.016	0.039
566.1	NaN	627	NaN	520	-5	320	0	0	0	402	0	-0	0	-0	0	0	-0	-0	0.017	0.053
566.2	NaN	627	NaN	520	-5	320	0	0	0	402	0	-0	0	-0	0	0	-0	-0	0.024	0
566.3	NaN	627	NaN	520	-5	320	0	0	0	402	0	-0	0	-0	0	0	-0	-0	0.024	0.018
566.4	NaN	627	NaN	520	-5	320	0	0	0	402	0	-0	0	-0	0	0	-0	-0	0.018	0.039
566.5	NaN	627	NaN	520	-5	320	0	0	0	402	0	-0	0	-0	0	0	-0	-0	0.019	0.026
566.6	NaN	627	NaN	520	-5	320	0	0	0	402	0	-0	0	-0	0	0	-0	-0	0.017	0.027
566.7	NaN	627	NaN	520	-5	320	0	0	0	402	0	-0	0	-0	0	0	-0	-0	0.018	0.013
566.8	NaN	627	NaN	520	-5	320	0	0	0	402	0	-0	0	-0	0	0	-0	-0	0.021	0.046
566.9	NaN	627	NaN	520	-5	320	0	0	0	402	0	-0	0	-0	0	0	-0	-0	0.022	0.021
567	NaN	627	NaN	520	-5	320	0	0	0	402	0	-0	0	-0	0	0	-0	-0	0.04	0.026
567.1	NaN	627	NaN	520	-5	320	0	0	0	402	0	-0	0	-0	0	0	-0	-0	0.04	0.045
567.2	NaN	627	NaN	520	-5	320	0	0	0	402	0	-0	0	-0	0	0	-0	-0	0.044	0.037
567.3	NaN	627	NaN	520	-5	320	0	0	0	402	0	-0	0	-0	0	0	-0	-0	0.044	0.027
567.4	NaN	627	NaN	520	-5	320	0	0	0	402	0	-0	0	-0	0	0	-0	-0	0.044	0.053
567.5	NaN	627	NaN	520	-5	320	0	0	0	402	0	-0	0	-0	0	0	-0	-0	0.045	0.02
567.6	NaN	627	NaN	520	-5	320	0	0	0	402	0	-0	0	-0	0	0	-0	-0	0.055	0.025
567.7	NaN	627	NaN	520	-5	320	0	0	0	402	0	-0	0	-0	0	0	-0	-0	0.054	0.019
567.8	NaN	627	NaN	520	-5	320	0	0	0	402	0	-0	0	-0	0	0	-0	-0	0.063	0.041
567.9	NaN	627	NaN	520	-5	320	0	0	0	402	0	-0	0	-0	0	0	-0	-0	0.064	0.018
568	NaN	627	NaN	520	-5	320	0	0	0	402	0	-0	0	-0	0	0	-0	-0	0.068	0.026
568.1	NaN	627	NaN	520	-5	320	0	0	0	402	0	-0	0	-0	0	0	-0	-0	0.069	0.025
568.2	NaN	627	NaN	520	-5	320	0	0	0	402	0	-0	0	-0	0	0	-0	-0	0.072	0.037
568.3	NaN	627	NaN	520	-5	320	0	0	0	402	0	-0	0	-0	0	0	-0	-0	0.073	0.004
568.4	NaN	627	NaN	520	-5	320	0	0	0	402	0	-0	0	-0	0	0	-0	-0	0.075	0.018
568.5	NaN	627	NaN	520	-5	320	0	0	0	402	0	-0	0	-0	0	0	-0	-0	0.076	0.033
568.6	NaN	627	NaN	520	-5	320	0	0	0	402	0	-0	0	-0	0	0	-0	-0	0.065	0.044
568.7	NaN	627	NaN	520	-5	320	0	0	0	402	0	-0	0	-0	0	0	-0	-0	0.065	0.023
568.8	NaN	627	NaN	520	-5	320	0	0	0	402	0	-0	0	-0	0	0	-0	-0	0.061	0.025
568.9	NaN	627	NaN	520	-5	320	0	0	0	402	0	-0	0	-0	0	0	-0	-0	0.061	0.012
569	NaN	627	NaN	520	-5	320	0	0	0	402	0	-0	0	-0	0	0	-0	-0	0.055	0.023
569.1	NaN	627	NaN	520	-5	320	0	0	0	402	0	-0	0	-0	0	0	-0	-0	0.056	0.018
569.2	NaN	627	NaN	520	-5	320	0	0	0	402	0	-0	0	-0	0	0	-0	-0	0.052	0.027
569.3	NaN	627	NaN	520	-5	320	0	0	0	402	0	-0	0	-0	0	0	-0	-0	0.053	0.027
569.4	NaN	627	NaN	520	-5	320	0	0	0	402	0	-0	0	-0	0	0	-0	-0	0.056	0.01
569.5	NaN	627	NaN	520	-5	320	0	0	0	402	0	-0	0	-0	0	0	-0	-0	0.056	0.028
569.6	NaN	627	NaN	520	-5	320	0	0	0	402	0	-0	0	-0	0	0	-0	-0	0.062	0.02
569.7	NaN	627	NaN	520	-5	320	0	0	0	402	0	-0	0	-0	0	0	-0	-0	0.063	0.024
569.8	NaN	627	NaN	520	-5	320	0	0	0	402	0	-0	0	-0	0	0	-0	-0	0.063	0.011
569.9	NaN	627	NaN	520	-5	320	0	0	0	402	0	-0	0	-0	0	0	-0	-0	0.063	0.019
570	NaN	627	NaN	520	-5	320	0	0	0	402	0	-0	0	-0	0	0	-0	-0	0.059	0.012
570.1	NaN	627	NaN	520	-5	320	0	0	0	402	0	-0	0	-0	0	0	-0	-0	0.06	0.029
570.2	NaN	627	NaN	520	-5	320	0	0	0	402	0	-0	0	-0	0	0	-0	-0	0.055	0.031
570.3	NaN	627	NaN	520	-5	320	0	0	0	402	0	-0	0	-0	0	0	-0	-0	0.055	0.002
570.4	NaN	627	NaN	520	-5	320	0	0	0	402	0	-0	0	-0	0	0	-0	-0	0.049	0.001
570.5	NaN	627	NaN	520	-5	320	0	0	0	402	0	-0	0	-0	0	0	-0	-0	0.049	0.037
570.6	NaN	627	NaN	520	-5	320	0	0	0	402	0	-0	0	-0	0	0	-0	-0	0.037	0.018
570.7	NaN	627	NaN	520	-5	320	0	0	0	402	0	-0	0	-0	0	0	-0	-0	0.038	0.046
570.8	NaN	627	NaN	520	-5	320	0	0	0	402	0	-0	0	-0	0	0	-0	-0	0.029	0.038
570.9	NaN	627	NaN	520	-5	320	0	0	0	402	0	-0	0	-0	0	0	-0	-0	0.03	0.038
571	NaN	627	NaN	520	-5	320	0	0	0	402	0	-0	0	-0	0	0	-0	-0	0.03	0.056
571.1	NaN	627	NaN	520	-5	320	0	0	0	402	0	-0	0	-0	0	0	-0	-0	0.03	0.022
571.2	NaN	627	NaN	520	-5	320	0	0	0	402	0	-0	0	-0	0	0	-0	-0	0.037	0.03
571.3	NaN	627	NaN	520	-5	320	0	0	0	402	0	-0	0	-0	0	0	-0	-0	0.037	0.016
571.4	NaN	627	NaN	520	-5	320	0	0	0	402	0	-0	0	-0	0	0	-0	-0	0.031	0.04
571.5	NaN	627	NaN	520	-5	320	0	0	0	402	0	-0	0	-0	0	0	-0	-0	0.032	0.02
571.6	NaN	627	NaN	520	-5	320	0	0	0	402	0	-0	0	-0	0	0	-0	-0	0.02	0.009
571.7	NaN	627	NaN	520	-5	320	0	0	0	402	0	-0	0	-0	0	0	-0	-0	0.02	0.041
571.8	NaN	627	NaN	520	-5	320	0	0	0	402	0	-0	0	-0	0	0	-0	-0	0.033	0.012
571.9	NaN	627	NaN	520	-5	320	0	0	0	402	0	-0	0	-0	0	0	-0	-0	0.033	0.035
572	NaN	627	NaN	520	-5	320	0	0	0	402	0	-0	0	-0	0	0	-0	-0	0.034	0.005
572.1	NaN	627	NaN	520	-5	320	0	0	0	402	0	-0	0	-0	0	0	-0	-0	0.035	0.037
572.2	NaN	627	NaN	520	-5	320	0	0	0	402	0	-0	0	-0	0	0	-0	-0	0.033	0.008
572.3	NaN	627	NaN	520	-5	320	0	0	0	402	0	-0	0	-0	0	0	-0	-0	0.033	0.02
572.4	NaN	627	NaN	520	-5	320	0	0	0	402	0	-0	0	-0	0	0	-0	-0	0.038	0.034
572.5	NaN	627	NaN	520	-5	320	0	0	0	402	0	-0	0	-0	0	0	-0	-0	0.038	0.03
572.6	NaN	627	NaN	520	-5	320	0	0	0	402	0	-0	0	-0	0	0	-0	-0	0.028	0.014
572.7	NaN	627	NaN	520	-5	320	0	0	0	402	0	-0	0	-0	0	0	-0	-0	0.029	0.039
572.8	NaN	627	NaN	520	-5	320	0	0	0	402	0	-0	0	-0	0	0	-0	-0	0.03	0.045
572.9	NaN	627	NaN	520	-5	320	0	0	0	402	0	-0	0	-0	0	0	-0	-0	0.03	0.016
573	NaN	627	NaN	520	-5	320	0	0	0	402	0	-0	0	-0	0	0	-0	-0	0.034	0.032
573.1	NaN	627	NaN	520	-5	320	0	0	0	402	0	-0	0	-0	0	0	-0	-0	0.035	0.055
573.2	NaN	627	NaN	520	-5	320	0	0	0	402	0	-0	0	-0	0	0	-0	-0	0.02	0.009
573.3	NaN	627	NaN	520	-5	320	0	0	0	402	0	-0	0	-0	0	0	-0	-0	0.018	0.053
573.4	NaN	627	NaN	520	-5	320	0	0	0	402	0	-0	0	-0	0	0	-0	-0	0.013	0.018
573.5	NaN	627	NaN	520	-5	320	0	0	0	402	0	-0	0	-0	0	0	-0	-0	0.013	0.019
573.6	NaN	627	NaN	520	-5	320	0	0	0	402	0	-0	0	-0	0	0	-0	-0	0.007	0.015
573.7	NaN	627	NaN	520	-5	320	0	0	0	402	0	-0	0	-0	0	0	-0	-0	0.008	0.031
573.8	NaN	627	NaN	520	-5	320	0	0	0	402	0	-0	0	-0	0	0	-0	-0	0.014	0.039
573.9	NaN	627	NaN	520	-5	320	0	0	0	402	0	-0	0	-0	0	0	-0	-0	0.012	-0.006
574	NaN	627	NaN	520	-5	320	0	0	0	402	0	-0	0	-0	0	0	-0	-0	0.022	0.007
574.1	NaN	627	NaN	520	-5	320	0	0	0	402	0	-0	0	-0	0	0	-0	-0	0.022	0.05
574.2	NaN	627	NaN	520	-5	320	0	0	0	402	0	-0	0	-0	0	0	-0	-0	0.021	0.044
574.3	NaN	627	NaN	520	-5	320	0	0	0	402	0	-0	0	-0	0	0	-0	-0	0.022	0.027
574.4	NaN	627	NaN	520	-5	320	0	0	0	402	0	-0	0	-0	0	0	-0	-0	0.021	0.031
574.5	NaN	627	NaN	520	-5	320	0	0	0	402	0	-0	0	-0	0	0	-0	-0	0.022	0.063
574.6	NaN	627	NaN	520	-5	320	0	0	0	402	0	-0	0	-0	0	0	-0	-0	0.021	0.039
574.7	NaN	627	NaN	520	-5	320	0	0	0	402	0	-0	0	-0	0	0	-0	-0	0.02	0.029
574.8	NaN	627	NaN	520	-5	320	0	0	0	402	0	-0	0	-0	0	0	-0	-0	0.009	0.036
574.9	NaN	627	NaN	520	-5	320	0	0	0	402	0	-0	0	-0	0	0	-0	-0	0.009	-0.005
575	NaN	627	NaN	520	-5	320	0	0	0	402	0	-0	0	-0	0	0	-0	-0	0.003	-0.031
575.1	NaN	627	NaN	520	-5	320	0	0	0	402	0	-0	0	-0	0	0	-0	-0	0.003	0.041
575.2	NaN	627	NaN	520	-5	320	0	0	0	402	0	-0	0	-0	0	0	-0	-0	-0.004	0.041
575.3	NaN	627	NaN	520	-5	320	0	0	0	402	0	-0	0	-0	0	0	-0	-0	-0.005	0.034
575.4	NaN	627	NaN	520	-5	320	0	0	0	402	0	-0	0	-0	0	0	-0	-0	-0.009	0.019
575.5	NaN	627	NaN	520	-5	320	0	0	0	402	0	-0	0	-0	0	0	-0	-0	-0.009	0.029
575.6	NaN	627	NaN	520	-5	320	0	0	0	402	0	-0	0	-0	0	0	-0	-0	-0.021	0.035
575.7	NaN	627	NaN	520	-5	320	0	0	0	402	0	-0	0	-0	0	0	-0	-0	-0.021	0.051
575.8	NaN	627	NaN	520	-5	320	0	0	0	402	0	-0	0	-0	0	0	-0	-0	-0.012	0.003
575.9	NaN	627	NaN	520	-5	320	0	0	0	402	0	-0	0	-0	0	0	-0	-0	-0.012	-0.007
576	NaN	627	NaN	520	-5	320	0	0	0	402	0	-0	0	-0	0	0	-0	-0	-0.009	0.022
576.1	NaN	627	NaN	520	-5	320	0	0	0	402	0	-0	0	-0	0	0	-0	-0	-0.009	0.05
576.2	NaN	627	NaN	520	-5	320	0	0	0	402	0	-0	0	-0	0	0	-0	-0	-0.004	0.017
576.3	NaN	627	NaN	520	-5	320	0	0	0	402	0	-0	0	-0	0	0	-0	-0	-0.004	0.02
576.4	NaN	627	NaN	520	-5	320	0	0	0	402	0	-0	0	-0	0	0	-0	-0	0.002	0.022
576.5	NaN	627	NaN	520	-5	320	0	0	0	402	0	-0	0	-0	0	0	-0	-0	0.002	0.037
576.6	NaN	627	NaN	520	-5	320	0	0	0	402	0	-0	0	-0	0	0	-0	-0	0.001	0.012
576.7	NaN	627	NaN	520	-5	320	0	0	0	402	0	-0	0	-0	0	0	-0	-0	0.002	0.017
576.8	NaN	627	NaN	520	-5	320	0	0	0	402	0	-0	0	-0	0	0	-0	-0	-0.013	0.018
576.9	NaN	627	NaN	520	-5	320	0	0	0	402	0	-0	0	-0	0	0	-0	-0	-0.013	0.021
577	NaN	627	NaN	520	-5	320	0	0	0	402	0	-0	0	-0	0	0	-0	-0	-0.011	-0.003
577.1	NaN	627	NaN	520	-5	320	0	0	0	402	0	-0	0	-0	0	0	-0	-0	-0.012	0.015
577.2	NaN	627	NaN	520	-5	320	0	0	0	402	0	-0	0	-0	0	0	-0	-0	-0.021	0.01
577.3	NaN	627	NaN	520	-5	320	0	0	0	402	0	-0	0	-0	0	0	-0	-0	-0.021	0.046
577.4	NaN	627	NaN	520	-5	320	0	0	0	402	0	-0	0	-0	0	0	-0	-0	-0.023	0.019
577.5	NaN	627	NaN	520	-5	320	0	0	0	402	0	-0	0	-0	0	0	-0	-0	-0.024	0.026
577.6	NaN	627	NaN	520	-5	320	0	0	0	402	0	-0	0	-0	0	0	-0	-0	-0.034	0
577.7	NaN	627	NaN	520	-5	320	0	0	0	402	0	-0	0	-0	0	0	-0	-0	-0.034	0.035
577.8	NaN	627	NaN	520	-5	320	0	0	0	402	0	-0	0	-0	0	0	-0	-0	-0.034	-0.029
577.9	NaN	627	NaN	520	-5	320	0	0	0	402	0	-0	0	-0	0	0	-0	-0	-0.035	0.029
578	NaN	627	NaN	520	-5	320	0	0	0	402	0	-0	0	-0	0	0	-0	-0	-0.032	0.017
578.1	NaN	627	NaN	520	-5	320	0	0	0	402	0	-0	0	-0	0	0	-0	-0	-0.033	-0.006
578.2	NaN	627	NaN	520	-5	320	0	0	0	402	0	-0	0	-0	0	0	-0	-0	-0.025	0.031
578.3	NaN	627	NaN	520	-5	320	0	0	0	402	0	-0	0	-0	0	0	-0	-0	-0.025	0.036
578.4	NaN	627	NaN	520	-5	320	0	0	0	402	0	-0	0	-0	0	0	-0	-0	-0.019	0.037
578.5	NaN	627	NaN	520	-5	320	0	0	0	402	0	-0	0	-0	0	0	-0	-0	-0.02	0.033
578.6	NaN	627	NaN	520	-5	320	0	0	0	402	0	-0	0	-0	0	0	-0	-0	-0.018	0.027
578.7	NaN	627	NaN	520	-5	320	0	0	0	402	0	-0	0	-0	0	0	-0	-0	-0.018	0.032
578.8	NaN	627	NaN	520	-5	320	0	0	0	402	0	-0	0	-0	0	0	-0	-0	-0.022	0.039
578.9	NaN	627	NaN	520	-5	320	0	0	0	402	0	-0	0	-0	0	0	-0	-0	-0.022	0.015
579	NaN	627	NaN	520	-5	320	0	0	0	402	0	-0	0	-0	0	0	-0	-0	-0.018	0.032
579.1	NaN	627	NaN	520	-5	320	0	0	0	402	0	-0	0	-0	0	0	-0	-0	-0.018	0.056
579.2	NaN	627	NaN	520	-5	320	0	0	0	402	0	-0	0	-0	0	0	-0	-0	-0.019	0.019
579.3	NaN	627	NaN	520	-5	320	0	0	0	402	0	-0	0	-0	0	0	-0	-0	-0.019	0.011
579.4	NaN	627	NaN	520	-5	320	0	0	0	402	0	-0	0	-0	0	0	-0	-0	-0.02	0.026
579.5	NaN	627	NaN	520	-5	320	0	0	0	402	0	-0	0	-0	0	0	-0	-0	-0.02	0.024
579.6	NaN	627	NaN	520	-5	320	0	0	0	402	0	-0	0	-0	0	0	-0	-0	-0.013	0.021
579.7	NaN	627	NaN	520	-5	320	0	0	0	402	0	-0	0	-0	0	0	-0	-0	-0.013	0.006
579.8	NaN	627	NaN	520	-5	320	0	0	0	402	0	-0	0	-0	0	0	-0	-0	-0.005	0.027
579.9	NaN	627	NaN	520	-5	320	0	0	0	402	0	-0	0	-0	0	0	-0	-0	-0.005	0.018
580	NaN	627	NaN	520	-5	320	0	0	0	402	0	-0	0	-0	0	0	-0	-0	0.001	0.017
580.1	NaN	627	NaN	520	-5	320	0	0	0	402	0	-0	0	-0	0	0	-0	-0	0.001	0.029
580.2	NaN	627	NaN	520	-5	320	0	0	0	402	0	-0	0	-0	0	0	-0	-0	-0.001	0.038
580.3	NaN	627	NaN	520	-5	320	0	0	0	402	0	-0	0	-0	0	0	-0	-0	-0.001	0.003
580.4	NaN	627	NaN	520	-5	320	0	0	0	402	0	-0	0	-0	0	0	-0	-0	0.006	0.026
580.5	NaN	627	NaN	520	-5	320	0	0	0	402	0	-0	0	-0	0	0	-0	-0	0.007	0.035
580.6	NaN	627	NaN	520	-5	320	0	0	0	402	0	-0	0	-0	0	0	-0	-0	0.001	0.04
580.7	NaN	627	NaN	520	-5	320	0	0	0	402	0	-0	0	-0	0	0	-0	-0	0.001	0.014
580.8	NaN	627	NaN	520	-5	320	0	0	0	402	0	-0	0	-0	0	0	-0	-0	-0.003	0.033
580.9	NaN	627	NaN	520	-5	320	0	0	0	402	0	-0	0	-0	0	0	-0	-0	-0.003	0.023
581	NaN	627	NaN	520	-5	320	0	0	0	402	0	-0	0	-0	0	0	-0	-0	0.002	0.023
581.1	NaN	627	NaN	520	-5	320	0	0	0	402	0	-0	0	-0	0	0	-0	-0	0.002	0.076
581.2	NaN	627	NaN	520	-5	320	0	0	0	402	0	-0	0	-0	0	0	-0	-0	0.002	0.004
581.3	NaN	627	NaN	520	-5	320	0	0	0	402	0	-0	0	-0	0	0	-0	-0	0.002	0.004
581.4	NaN	627	NaN	520	-5	320	0	0	0	402	0	-0	0	-0	0	0	-0	-0	-0.018	0.02
581.5	NaN	627	NaN	520	-5	320	0	0	0	402	0	-0	0	-0	0	0	-0	-0	-0.018	0.015
581.6	NaN	627	NaN	520	-5	320	0	0	0	402	0	-0	0	-0	0	0	-0	-0	-0.019	0.025
581.7	NaN	627	NaN	520	-5	320	0	0	0	402	0	-0	0	-0	0	0	-0	-0	-0.018	0.021
581.8	NaN	627	NaN	520	-5	320	0	0	0	402	0	-0	0	-0	0	0	-0	-0	-0.031	0.044
581.9	NaN	627	NaN	520	-5	320	0	0	0	402	0	-0	0	-0	0	0	-0	-0	-0.03	0.043
582	NaN	627	NaN	520	-5	320	0	0	0	402	0	-0	0	-0	0	0	-0	-0	-0.032	0.006
582.1	NaN	627	NaN	520	-5	320	0	0	0	402	0	-0	0	-0	0	0	-0	-0	-0.031	0.029
582.2	NaN	627	NaN	520	-5	320	0	0	0	402	0	-0	0	-0	0	0	-0	-0	-0.021	0.036
582.3	NaN	627	NaN	520	-5	320	0	0	0	402	0	-0	0	-0	0	0	-0	-0	-0.021	0.021
582.4	NaN	627	NaN	520	-5	320	0	0	0	402	0	-0	0	-0	0	0	-0	-0	-0.015	0.028
582.5	NaN	627	NaN	520	-5	320	0	0	0	402	0	-0	0	-0	0	0	-0	-0	-0.015	0.024
582.6	NaN	627	NaN	520	-5	320	0	0	0	402	0	-0	0	-0	0	0	-0	-0	-0.006	0.009
582.7	NaN	627	NaN	520	-5	320	0	0	0	402	0	-0	0	-0	0	0	-0	-0	-0.007	0.013
582.8	NaN	627	NaN	520	-5	320	0	0	0	402	0	-0	0	-0	0	0	-0	-0	-0.008	0.022
582.9	NaN	627	NaN	520	-5	320	0	0	0	402	0	-0	0	-0	0	0	-0	-0	-0.007	0.038
583	NaN	627	NaN	520	-5	320	0	0	0	402	0	-0	0	-0	0	0	-0	-0	-0.024	0.027
583.1	NaN	627	NaN	520	-5	320	0	0	0	402	0	-0	0	-0	0	0	-0	-0	-0.025	0.006
583.2	NaN	627	NaN	520	-5	320	0	0	0	402	0	-0	0	-0	0	0	-0	-0	-0.026	0.035
583.3	NaN	627	NaN	520	-5	320	0	0	0	402	0	-0	0	-0	0	0	-0	-0	-0.028	-0.023
583.4	NaN	627	NaN	520	-5	320	0	0	0	402	0	-0	0	-0	0	0	-0	-0	-0.039	0.014
583.5	NaN	627	NaN	520	-5	320	0	0	0	402	0	-0	0	-0	0	0	-0	-0	-0.04	-0.021
583.6	NaN	627	NaN	520	-5	320	0	0	0	402	0	-0	0	-0	0	0	-0	-0	-0.051	0.006
583.7	NaN	627	NaN	520	-5	320	0	0	0	402	0	-0	0	-0	0	0	-0	-0	-0.052	0.039
583.8	NaN	627	NaN	520	-5	320	0	0	0	402	0	-0	0	-0	0	0	-0	-0	-0.053	0.017
583.9	NaN	627	NaN	520	-5	320	0	0	0	402	0	-0	0	-0	0	0	-0	-0	-0.054	0.013
584	NaN	627	NaN	520	-5	320	0	0	0	402	0	-0	0	-0	0	0	-0	-0	-0.052	0.022
584.1	NaN	627	NaN	520	-5	320	0	0	0	402	0	-0	0	-0	0	0	-0	-0	-0.051	0.036
584.2	NaN	627	NaN	520	-5	320	0	0	0	402	0	-0	0	-0	0	0	-0	-0	-0.051	0.015
584.3	NaN	627	NaN	520	-5	320	0	0	0	402	0	-0	0	-0	0	0	-0	-0	-0.051	0.055
584.4	NaN	627	NaN	520	-5	320	0	0	0	402	0	-0	0	-0	0	0	-0	-0	-0.05	0.025
584.5	NaN	627	NaN	520	-5	320	0	0	0	402	0	-0	0	-0	0	0	-0	-0	-0.05	0.019
584.6	NaN	627	NaN	520	-5	320	0	0	0	402	0	-0	0	-0	0	0	-0	-0	-0.053	0.027
584.7	NaN	627	NaN	520	-5	320	0	0	0	402	0	-0	0	-0	0	0	-0	-0	-0.053	0.038
584.8	NaN	627	NaN	520	-5	320	0	0	0	402	0	-0	0	-0	0	0	-0	-0	-0.06	0.012
584.9	NaN	627	NaN	520	-5	320	0	0	0	402	0	-0	0	-0	0	0	-0	-0	-0.06	0.02
585	NaN	627	NaN	520	-5	320	0	0	0	402	0	-0	0	-0	0	0	-0	-0	-0.06	0.029
585.1	NaN	627	NaN	520	-5	320	0	0	0	402	0	-0	0	-0	0	0	-0	-0	-0.061	0.03
585.2	NaN	627	NaN	520	-5	320	0	0	0	402	0	-0	0	-0	0	0	-0	-0	-0.06	0.029
585.3	NaN	627	NaN	520	-5	320	0	0	0	402	0	-0	0	-0	0	0	-0	-0	-0.061	0.015
585.4	NaN	627	NaN	520	-5	320	0	0	0	402	0	-0	0	-0	0	0	-0	-0	-0.051	0.04
585.5	NaN	627	NaN	520	-5	320	0	0	0	402	0	-0	0	-0	0	0	-0	-0	-0.052	0.043
585.6	NaN	627	NaN	520	-5	320	0	0	0	402	0	-0	0	-0	0	0	-0	-0	-0.048	0.011
585.7	NaN	627	NaN	520	-5	320	0	0	0	402	0	-0	0	-0	0	0	-0	-0	-0.049	0.023
585.8	NaN	627	NaN	520	-5	320	0	0	0	402	0	-0	0	-0	0	0	-0	-0	-0.04	0.013
585.9	NaN	627	NaN	520	-5	320	0	0	0	402	0	-0	0	-0	0	0	-0	-0	-0.04	0.032
586	NaN	627	NaN	520	-5	320	0	0	0	402	0	-0	0	-0	0	0	-0	-0	-0.041	0.016
586.1	NaN	627	NaN	520	-5	320	0	0	0	402	0	-0	0	-0	0	0	-0	-0	-0.042	0.033
586.2	NaN	627	NaN	520	-5	320	0	0	0	402	0	-0	0	-0	0	0	-0	-0	-0.037	0.03
586.3	NaN	627	NaN	520	-5	320	0	0	0	402	0	-0	0	-0	0	0	-0	-0	-0.037	0.034
586.4	NaN	627	NaN	520	-5	320	0	0	0	402	0	-0	0	-0	0	0	-0	-0	-0.009	0.028
586.5	NaN	627	NaN	520	-5	320	0	0	0	402	0	-0	0	-0	0	0	-0	-0	-0.009	0.029
586.6	NaN	627	NaN	520	-5	320	0	0	0	402	0	-0	0	-0	0	0	-0	-0	-0.006	0.038
586.7	NaN	627	NaN	520	-5	320	0	0	0	402	0	-0	0	-0	0	0	-0	-0	-0.007	0.034
586.8	NaN	627	NaN	520	-5	320	0	0	0	402	0	-0	0	-0	0	0	-0	-0	-0.02	0.001
586.9	NaN	627	NaN	520	-5	320	0	0	0	402	0	-0	0	-0	0	0	-0	-0	-0.02	0.046
587	NaN	627	NaN	520	-5	320	0	0	0	402	0	-0	0	-0	0	0	-0	-0	-0.02	0.039
587.1	NaN	627	NaN	520	-5	320	0	0	0	402	0	-0	0	-0	0	0	-0	-0	-0.02	0.008
587.2	NaN	627	NaN	520	-5	320	0	0	0	402	0	-0	0	-0	0	0	-0	-0	-0.014	0.005
587.3	NaN	627	NaN	520	-5	320	0	0	0	402	0	-0	0	-0	0	0	-0	-0	-0.014	0.038
587.4	NaN	627	NaN	520	-5	320	0	0	0	402	0	-0	0	-0	0	0	-0	-0	-0.015	0.005
587.5	NaN	627	NaN	520	-5	320	0	0	0	402	0	-0	0	-0	0	0	-0	-0	-0.016	0.013
587.6	NaN	627	NaN	520	-5	320	0	0	0	402	0	-0	0	-0	0	0	-0	-0	-0.007	0.02
587.7	NaN	627	NaN	520	-5	320	0	0	0	402	0	-0	0	-0	0	0	-0	-0	-0.007	0.018
587.8	NaN	627	NaN	520	-5	320	0	0	0	402	0	-0	0	-0	0	0	-0	-0	0.004	0.023
587.9	NaN	627	NaN	520	-5	320	0	0	0	402	0	-0	0	-0	0	0	-0	-0	0.004	0.021
588	NaN	627	NaN	520	-5	320	0	0	0	402	0	-0	0	-0	0	0	-0	-0	0.002	0.033
588.1	NaN	627	NaN	520	-5	320	0	0	0	402	0	-0	0	-0	0	0	-0	-0	0.003	0.033
588.2	NaN	627	NaN	520	-5	320	0	0	0	402	0	-0	0	-0	0	0	-0	-0	-0.001	0.028
588.3	NaN	627	NaN	520	-5	320	0	0	0	402	0	-0	0	-0	0	0	-0	-0	-0.001	0.019
588.4	NaN	627	NaN	520	-5	320	0	0	0	402	0	-0	0	-0	0	0	-0	-0	-0.008	0.034
588.5	NaN	627	NaN	520	-5	320	0	0	0	402	0	-0	0	-0	0	0	-0	-0	-0.008	-0.003
588.6	NaN	627	NaN	520	-5	320	0	0	0	402	0	-0	0	-0	0	0	-0	-0	-0.013	0.013
588.7	NaN	627	NaN	520	-5	320	0	0	0	402	0	-0	0	-0	0	0	-0	-0	-0.013	0.008
588.8	NaN	627	NaN	520	-5	320	0	0	0	402	0	-0	0	-0	0	0	-0	-0	-0.026	0.021
588.9	NaN	627	NaN	520	-5	320	0	0	0	402	0	-0	0	-0	0	0	-0	-0	-0.027	0.01
589	NaN	627	NaN	520	-5	320	0	0	0	402	0	-0	0	-0	0	0	-0	-0	-0.03	0.023
589.1	NaN	627	NaN	520	-5	320	0	0	0	402	0	-0	0	-0	0	0	-0	-0	-0.029	0.031
589.2	NaN	627	NaN	520	-5	320	0	0	0	402	0	-0	0	-0	0	0	-0	-0	-0.016	0.008
589.3	NaN	627	NaN	520	-5	320	0	0	0	402	0	-0	0	-0	0	0	-0	-0	-0.016	0.029
589.4	NaN	627	NaN	520	-5	320	0	0	0	402	0	-0	0	-0	0	0	-0	-0	-0.013	0.018
589.5	NaN	627	NaN	520	-5	320	0	0	0	402	0	-0	0	-0	0	0	-0	-0	-0.013	0.039
589.6	NaN	627	NaN	520	-5	320	0	0	0	402	0	-0	0	-0	0	0	-0	-0	0.007	0.035
589.7	NaN	627	NaN	520	-5	320	0	0	0	402	0	-0	0	-0	0	0	-0	-0	0.007	0.028
589.8	NaN	627	NaN	520	-5	320	0	0	0	402	0	-0	0	-0	0	0	-0	-0	-0.002	0.026
589.9	NaN	627	NaN	520	-5	320	0	0	0	402	0	-0	0	-0	0	0	-0	-0	-0.002	0.024
590	NaN	627	NaN	520	-5	320	0	0	0	402	0	-0	0	-0	0	0	-0	-0	-0.003	0.014
590.1	NaN	627	NaN	520	-5	320	0	0	0	402	0	-0	0	-0	0	0	-0	-0	-0.004	0.01
590.2	NaN	627	NaN	520	-5	320	0	0	0	402	0	-0	0	-0	0	0	-0	-0	0.003	0.026
590.3	NaN	627	NaN	520	-5	320	0	0	0	402	0	-0	0	-0	0	0	-0	-0	0.003	-0.004
590.4	NaN	627	NaN	520	-5	320	0	0	0	402	0	-0	0	-0	0	0	-0	-0	0.015	0.027
590.5	NaN	627	NaN	520	-5	320	0	0	0	402	0	-0	0	-0	0	0	-0	-0	0.015	0.016
590.6	NaN	627	NaN	520	-5	320	0	0	0	402	0	-0	0	-0	0	0	-0	-0	0.003	0.022
590.7	NaN	627	NaN	520	-5	320	0	0	0	402	0	-0	0	-0	0	0	-0	-0	0.003	0.032
590.8	NaN	627	NaN	520	-5	320	0	0	0	402	0	-0	0	-0	0	0	-0	-0	-0.001	0.031
590.9	NaN	627	NaN	520	-5	320	0	0	0	402	0	-0	0	-0	0	0	-0	-0	-0.001	0.022
591	NaN	627	NaN	520	-5	320	0	0	0	402	0	-0	0	-0	0	0	-0	-0	0.004	0.058
591.1	NaN	627	NaN	520	-5	320	0	0	0	402	0	-0	0	-0	0	0	-0	-0	0.004	0.021
591.2	NaN	627	NaN	520	-5	320	0	0	0	402	0	-0	0	-0	0	0	-0	-0	0	0.025
591.3	NaN	627	NaN	520	-5	320	0	0	0	402	0	-0	0	-0	0	0	-0	-0	0	0.017
591.4	NaN	627	NaN	520	-5	320	0	0	0	402	0	-0	0	-0	0	0	-0	-0	0.002	0.032
591.5	NaN	627	NaN	520	-5	320	0	0	0	402	0	-0	0	-0	0	0	-0	-0	0.002	0.029
591.6	NaN	627	NaN	520	-5	320	0	0	0	402	0	-0	0	-0	0	0	-0	-0	0.005	0
591.7	NaN	627	NaN	520	-5	320	0	0	0	402	0	-0	0	-0	0	0	-0	-0	0.005	0.017
591.8	NaN	627	NaN	520	-5	320	0	0	0	402	0	-0	0	-0	0	0	-0	-0	0.005	0.017
591.9	NaN	627	NaN	520	-5	320	0	0	0	402	0	-0	0	-0	0	0	-0	-0	0.005	0.038
592	NaN	627	NaN	520	-5	320	0	0	0	402	0	-0	0	-0	0	0	-0	-0	0.003	0.048
592.1	NaN	627	NaN	520	-5	320	0	0	0	402	0	-0	0	-0	0	0	-0	-0	0.003	0.016
592.2	NaN	627	NaN	520	-5	320	0	0	0	402	0	-0	0	-0	0	0	-0	-0	0.002	0.031
592.3	NaN	627	NaN	520	-5	320	0	0	0	402	0	-0	0	-0	0	0	-0	-0	0.001	0.032
592.4	NaN	627	NaN	520	-5	320	0	0	0	402	0	-0	0	-0	0	0	-0	-0	0.008	0.036
592.5	NaN	627	NaN	520	-5	320	0	0	0	402	0	-0	0	-0	0	0	-0	-0	0.008	0.022
592.6	NaN	627	NaN	520	-5	320	0	0	0	402	0	-0	0	-0	0	0	-0	-0	0.004	0.016
592.7	NaN	627	NaN	520	-5	320	0	0	0	402	0	-0	0	-0	0	0	-0	-0	0.004	0.035
592.8	NaN	627	NaN	520	-5	320	0	0	0	402	0	-0	0	-0	0	0	-0	-0	0.008	0.059
592.9	NaN	627	NaN	520	-5	320	0	0	0	402	0	-0	0	-0	0	0	-0	-0	0.004	-0.068
593	NaN	627	NaN	520	-5	320	0	0	0	402	0	-0	0	-0	0	0	-0	-0	0.001	0.124
593.1	NaN	627	NaN	520	-5	320	0	0	0	402	0	-0	0	-0	0	0	-0	-0	0.002	0.086
593.2	NaN	627	NaN	520	-5	320	0	0	0	402	0	-0	0	-0	0	0	-0	-0	0.006	-0.019
593.3	NaN	627	NaN	520	-5	320	0	0	0	402	0	-0	0	-0	0	0	-0	-0	0.006	0.015
593.4	NaN	627	NaN	520	-5	320	0	0	0	402	0	-0	0	-0	0	0	-0	-0	0.014	0.067
593.5	NaN	627	NaN	520	-5	320	0	0	0	402	0	-0	0	-0	0	0	-0	-0	0.012	0.076
593.6	NaN	627	NaN	520	-5	320	0	0	0	402	0	-0	0	-0	0	0	-0	-0	0.022	0.025
593.7	NaN	627	NaN	520	-5	320	0	0	0	402	0	-0	0	-0	0	0	-0	-0	0.022	0.026
593.8	NaN	627	NaN	520	-5	320	0	0	0	402	0	-0	0	-0	0	0	-0	-0	0.022	0.004
593.9	NaN	627	NaN	520	-5	320	0	0	0	402	0	-0	0	-0	0	0	-0	-0	0.024	0.03
594	NaN	627	NaN	520	-5	320	0	0	0	402	0	-0	0	-0	0	0	-0	-0	0.014	0.016
594.1	NaN	627	NaN	520	-5	320	0	0	0	402	0	-0	0	-0	0	0	-0	-0	0.014	0.022
594.2	NaN	627	NaN	520	-5	320	0	0	0	402	0	-0	0	-0	0	0	-0	-0	0.002	0.059
594.3	NaN	627	NaN	520	-5	320	0	0	0	402	0	-0	0	-0	0	0	-0	-0	0.002	0.007
594.4	NaN	627	NaN	520	-5	320	0	0	0	402	0	-0	0	-0	0	0	-0	-0	0.004	0.005
594.5	NaN	627	NaN	520	-5	320	0	0	0	402	0	-0	0	-0	0	0	-0	-0	0.004	0.037
594.6	NaN	627	NaN	520	-5	320	0	0	0	402	0	-0	0	-0	0	0	-0	-0	0.01	0.035
594.7	NaN	627	NaN	520	-5	320	0	0	0	402	0	-0	0	-0	0	0	-0	-0	0.01	0.027
594.8	NaN	627	NaN	520	-5	320	0	0	0	402	0	-0	0	-0	0	0	-0	-0	0.012	0.025
594.9	NaN	627	NaN	520	-5	320	0	0	0	402	0	-0	0	-0	0	0	-0	-0	0.011	0.006
595	NaN	627	NaN	520	-5	320	0	0	0	402	0	-0	0	-0	0	0	-0	-0	0.009	0.033
595.1	NaN	627	NaN	520	-5	320	0	0	0	402	0	-0	0	-0	0	0	-0	-0	0.009	0.025
595.2	NaN	627	NaN	520	-5	320	0	0	0	402	0	-0	0	-0	0	0	-0	-0	0.018	0.013
595.3	NaN	627	NaN	520	-5	320	0	0	0	402	0	-0	0	-0	0	0	-0	-0	0.018	0.037
595.4	NaN	627	NaN	520	-5	320	0	0	0	402	0	-0	0	-0	0	0	-0	-0	0.03	0.037
595.5	NaN	627	NaN	520	-5	320	0	0	0	402	0	-0	0	-0	0	0	-0	-0	0.03	0.03
595.6	NaN	627	NaN	520	-5	320	0	0	0	402	0	-0	0	-0	0	0	-0	-0	0.027	0.04
595.7	NaN	627	NaN	520	-5	320	0	0	0	402	0	-0	0	-0	0	0	-0	-0	0.027	0.024
595.8	NaN	627	NaN	520	-5	320	0	0	0	402	0	-0	0	-0	0	0	-0	-0	0.035	0.027
595.9	NaN	627	NaN	520	-5	320	0	0	0	402	0	-0	0	-0	0	0	-0	-0	0.035	0.008
596	NaN	627	NaN	520	-5	320	0	0	0	402	0	-0	0	-0	0	0	-0	-0	0.029	0.028
596.1	NaN	627	NaN	520	-5	320	0	0	0	402	0	-0	0	-0	0	0	-0	-0	0.029	0.035
596.2	NaN	627	NaN	520	-5	320	0	0	0	402	0	-0	0	-0	0	0	-0	-0	0.03	0.032
596.3	NaN	627	NaN	520	-5	320	0	0	0	402	0	-0	0	-0	0	0	-0	-0	0.031	0.067
596.4	NaN	627	NaN	520	-5	320	0	0	0	402	0	-0	0	-0	0	0	-0	-0	0.032	0.053
596.5	NaN	627	NaN	520	-5	320	0	0	0	402	0	-0	0	-0	0	0	-0	-0	0.032	0.02
596.6	NaN	627	NaN	520	-5	320	0	0	0	402	0	-0	0	-0	0	0	-0	-0	0.023	0.028
596.7	NaN	627	NaN	520	-5	320	0	0	0	402	0	-0	0	-0	0	0	-0	-0	0.023	0.027
596.8	NaN	627	NaN	520	-5	320	0	0	0	402	0	-0	0	-0	0	0	-0	-0	0.022	0.022
596.9	NaN	627	NaN	520	-5	320	0	0	0	402	0	-0	0	-0	0	0	-0	-0	0.022	0.05
597	NaN	627	NaN	520	-5	320	0	0	0	402	0	-0	0	-0	0	0	-0	-0	0.027	0.018
597.1	NaN	627	NaN	520	-5	320	0	0	0	402	0	-0	0	-0	0	0	-0	-0	0.027	0.041
597.2	NaN	627	NaN	520	-5	320	0	0	0	402	0	-0	0	-0	0	0	-0	-0	0.027	0.033
597.3	NaN	627	NaN	520	-5	320	0	0	0	402	0	-0	0	-0	0	0	-0	-0	0.028	0.03
597.4	NaN	627	NaN	520	-5	320	0	0	0	402	0	-0	0	-0	0	0	-0	-0	0.019	0.033
597.5	NaN	627	NaN	520	-5	320	0	0	0	402	0	-0	0	-0	0	0	-0	-0	0.025	0.016
597.6	NaN	627	NaN	520	-5	320	0	0	0	402	0	-0	0	-0	0	0	-0	-0	0.025	0.054
597.7	NaN	627	NaN	520	-5	320	0	0	0	402	0	-0	0	-0	0	0	-0	-0	0.025	0.01
597.8	NaN	627	NaN	520	-5	320	0	0	0	402	0	-0	0	-0	0	0	-0	-0	0.038	0.027
597.9	NaN	627	NaN	520	-5	320	0	0	0	402	0	-0	0	-0	0	0	-0	-0	0.038	0.021
598	NaN	627	NaN	520	-5	320	0	0	0	402	0	-0	0	-0	0	0	-0	-0	0.036	0.019
598.1	NaN	627	NaN	520	-5	320	0	0	0	402	0	-0	0	-0	0	0	-0	-0	0.036	0.025
598.2	NaN	627	NaN	520	-5	320	0	0	0	402	0	-0	0	-0	0	0	-0	-0	0.03	0.024
598.3	NaN	627	NaN	520	-5	320	0	0	0	402	0	-0	0	-0	0	0	-0	-0	0.03	0.041
598.4	NaN	627	NaN	520	-5	320	0	0	0	402	0	-0	0	-0	0	0	-0	-0	0.031	0.043
598.5	NaN	627	NaN	520	-5	320	0	0	0	402	0	-0	0	-0	0	0	-0	-0	0.031	0.022
598.6	NaN	627	NaN	520	-5	320	0	0	0	402	0	-0	0	-0	0	0	-0	-0	0.029	0.023
598.7	NaN	627	NaN	520	-5	320	0	0	0	402	0	-0	0	-0	0	0	-0	-0	0.029	0.025
598.8	NaN	627	NaN	520	-5	320	0	0	0	402	0	-0	0	-0	0	0	-0	-0	0.031	0.046
598.9	NaN	627	NaN	520	-5	320	0	0	0	402	0	-0	0	-0	0	0	-0	-0	0.031	0.042
599	NaN	627	NaN	520	-5	320	0	0	0	402	0	-0	0	-0	0	0	-0	-0	0.039	0.023
599.1	NaN	627	NaN	520	-5	320	0	0	0	402	0	-0	0	-0	0	0	-0	-0	0.04	0.043
599.2	NaN	627	NaN	520	-5	320	0	0	0	402	0	-0	0	-0	0	0	-0	-0	0.039	0.026
599.3	NaN	627	NaN	520	-5	320	0	0	0	402	0	-0	0	-0	0	0	-0	-0	0.039	0.033
599.4	NaN	627	NaN	520	-5	320	0	0	0	402	0	-0	0	-0	0	0	-0	-0	0.036	0.048
599.5	NaN	627	NaN	520	-5	320	0	0	0	402	0	-0	0	-0	0	0	-0	-0	0.036	0.025
599.6	NaN	627	NaN	520	-5	320	0	0	0	402	0	-0	0	-0	0	0	-0	-0	0.03	0.026
599.7	NaN	627	NaN	520	-5	320	0	0	0	402	0	-0	0	-0	0	0	-0	-0	0.03	0.035
599.8	NaN	627	NaN	520	-5	320	0	0	0	402	0	-0	0	-0	0	0	-0	-0	0.038	0.056
599.9	NaN	627	NaN	520	-5	320	0	0	0	402	0	-0	0	-0	0	0	-0	-0	0.038	0.037
600	NaN	627	NaN	520	-5	320	0	0	0	402	0	-0	0	-0	0	0	-0	-0	0.034	0.015
600.1	NaN	627	NaN	520	-5	320	0	0	0	402	0	-0	0	-0	0	0	-0	-0	0.034	0.023
600.2	NaN	627	NaN	520	-5	320	0	0	0	402	0	-0	0	-0	0	0	-0	-0	0.028	0.007
600.3	NaN	627	NaN	520	-5	320	0	0	0	402	0	-0	0	-0	0	0	-0	-0	0.028	0.024
600.4	NaN	627	NaN	520	-5	320	0	0	0	402	0	-0	0	-0	0	0	-0	-0	0.021	0.018
600.5	NaN	627	NaN	520	-5	320	0	0	0	402	0	-0	0	-0	0	0	-0	-0	0.02	0.018
600.6	NaN	627	NaN	520	-5	320	0	0	0	402	0	-0	0	-0	0	0	-0	-0	0.022	0.026
600.7	NaN	627	NaN	520	-5	320	0	0	0	402	0	-0	0	-0	0	0	-0	-0	0.022	0.051
600.8	NaN	627	NaN	520	-5	320	0	0	0	402	0	-0	0	-0	0	0	-0	-0	0.015	-0.013
600.9	NaN	627	NaN	520	-5	320	0	0	0	402	0	-0	0	-0	0	0	-0	-0	0.016	0.068
601	NaN	627	NaN	520	-5	320	0	0	0	402	0	-0	0	-0	0	0	-0	-0	0.02	0.015
601.1	NaN	627	NaN	520	-5	320	0	0	0	402	0	-0	0	-0	0	0	-0	-0	0.02	0.015
601.2	NaN	627	NaN	520	-5	320	0	0	0	402	0	-0	0	-0	0	0	-0	-0	0.02	0.015
601.3	NaN	627	NaN	520	-5	320	0	0	0	402	0	-0	0	-0	0	0	-0	-0	0.02	0.015
601.4	NaN	627	NaN	520	-5	320	0	0	0	402	0	-0	0	-0	0	0	-0	-0	0.02	0.015
601.5	NaN	627	NaN	520	-5	320	0	0	0	402	0	-0	0	-0	0	0	-0	-0	0.02	0.015
601.6	NaN	627	NaN	520	-5	320	0	0	0	402	0	-0	0	-0	0	0	-0	-0	0.02	0.015
601.7	NaN	627	NaN	520	-5	320	0	0	0	402	0	-0	0	-0	0	0	-0	-0	0.02	0.015
601.8	NaN	627	NaN	520	-5	320	0	0	0	402	0	-0	0	-0	0	0	-0	-0	0.02	0.015
601.9	NaN	627	NaN	520	-5	320	0	0	0	402	0	-0	0	-0	0	0	-0	-0	0.02	0.015
